underlying_symbol,quote_date,valuation_timestamp,underlying_price,expiration,vendor_dte,time_to_maturity,strike,option_type,bid,ask,last,volume,open_interest,vendor_iv,vendor_delta,vendor_gamma,vendor_vega,vendor_theta,vendor_rho,source_file,source_row
SPY,2021-04-07,2021-04-07T16:00:00-04:00,406.57,2021-04-14,7.0,0.019178082191780823,275.0,call,131.58,131.71,0.0,,,1.01807,0.99637,0.00014,0.00696,-0.0359,0.06009,spy_options_2021.parquet,6375801
SPY,2021-04-07,2021-04-07T16:00:00-04:00,406.57,2021-04-14,7.0,0.019178082191780823,275.0,put,0.0,0.01,0.02,20,,0.80037,-0.00015,2e-05,0.0013,-0.00348,-0.00037,spy_options_2021.parquet,6375801
SPY,2021-04-07,2021-04-07T16:00:00-04:00,406.57,2021-04-14,7.0,0.019178082191780823,280.0,call,126.52,126.66,0.0,,,0.85585,0.99911,8e-05,0.00214,-0.01049,0.06161,spy_options_2021.parquet,6375802
SPY,2021-04-07,2021-04-07T16:00:00-04:00,406.57,2021-04-14,7.0,0.019178082191780823,280.0,put,0.0,0.01,0.01,100,,0.76548,-0.00032,-1e-05,0.00085,-0.00281,0.0,spy_options_2021.parquet,6375802
SPY,2021-04-07,2021-04-07T16:00:00-04:00,406.57,2021-04-14,7.0,0.019178082191780823,285.0,call,121.46,121.85,0.0,,,0.94559,0.99582,0.00021,0.00771,-0.03906,0.06153,spy_options_2021.parquet,6375803
SPY,2021-04-07,2021-04-07T16:00:00-04:00,406.57,2021-04-14,7.0,0.019178082191780823,285.0,put,0.0,0.01,0.05,309,,0.73128,-0.00063,6e-05,0.00089,-0.00261,-0.00046,spy_options_2021.parquet,6375803
SPY,2021-04-07,2021-04-07T16:00:00-04:00,406.57,2021-04-14,7.0,0.019178082191780823,290.0,call,116.58,116.72,0.0,,,0.89764,0.99513,0.00024,0.00826,-0.03696,0.06356,spy_options_2021.parquet,6375804
SPY,2021-04-07,2021-04-07T16:00:00-04:00,406.57,2021-04-14,7.0,0.019178082191780823,290.0,put,0.0,0.01,0.01,100,,0.69768,-0.00038,1e-05,0.00055,-0.00302,-0.00028,spy_options_2021.parquet,6375804
SPY,2021-04-07,2021-04-07T16:00:00-04:00,406.57,2021-04-14,7.0,0.019178082191780823,295.0,call,111.58,111.71,0.0,,,0.84997,0.99551,0.00026,0.00764,-0.03514,0.06397,spy_options_2021.parquet,6375805
SPY,2021-04-07,2021-04-07T16:00:00-04:00,406.57,2021-04-14,7.0,0.019178082191780823,295.0,put,0.0,0.01,0.03,287,,0.66484,-0.00094,8e-05,0.00055,-0.00275,-0.00016,spy_options_2021.parquet,6375805
SPY,2021-04-07,2021-04-07T16:00:00-04:00,406.57,2021-04-14,7.0,0.019178082191780823,300.0,call,106.56,106.68,94.99,50,,0.77407,0.99635,0.00022,0.00582,-0.02439,0.0651,spy_options_2021.parquet,6375806
SPY,2021-04-07,2021-04-07T16:00:00-04:00,406.57,2021-04-14,7.0,0.019178082191780823,300.0,put,0.0,0.01,0.01,3,,0.63235,-0.00042,7e-05,0.00071,-0.00261,-0.0002,spy_options_2021.parquet,6375806
SPY,2021-04-07,2021-04-07T16:00:00-04:00,406.57,2021-04-14,7.0,0.019178082191780823,305.0,call,101.4,101.68,0.0,,,,1.0,0.0,0.0,0.0,0.06712,spy_options_2021.parquet,6375807
SPY,2021-04-07,2021-04-07T16:00:00-04:00,406.57,2021-04-14,7.0,0.019178082191780823,305.0,put,0.0,0.01,0.01,0,,0.59991,-0.00081,4e-05,0.00125,-0.0028,0.0,spy_options_2021.parquet,6375807
SPY,2021-04-07,2021-04-07T16:00:00-04:00,406.57,2021-04-14,7.0,0.019178082191780823,310.0,call,96.45,96.87,0.0,,,0.74622,0.99349,0.00033,0.01012,-0.0405,0.06767,spy_options_2021.parquet,6375808
SPY,2021-04-07,2021-04-07T16:00:00-04:00,406.57,2021-04-14,7.0,0.019178082191780823,310.0,put,0.0,0.01,0.01,0,,0.56764,-5e-05,1e-05,0.00155,-0.00283,-0.00027,spy_options_2021.parquet,6375808
SPY,2021-04-07,2021-04-07T16:00:00-04:00,406.57,2021-04-14,7.0,0.019178082191780823,315.0,call,91.59,91.73,0.0,,,0.70603,0.9942,0.00047,0.01039,-0.04042,0.06855,spy_options_2021.parquet,6375809
SPY,2021-04-07,2021-04-07T16:00:00-04:00,406.57,2021-04-14,7.0,0.019178082191780823,315.0,put,0.0,0.01,0.01,1,,0.53611,-0.00026,2e-05,0.00093,-0.00256,0.0,spy_options_2021.parquet,6375809
SPY,2021-04-07,2021-04-07T16:00:00-04:00,406.57,2021-04-14,7.0,0.019178082191780823,320.0,call,86.59,86.72,85.27,20,,0.66295,0.99389,0.00042,0.01036,-0.03801,0.06943,spy_options_2021.parquet,6375810
SPY,2021-04-07,2021-04-07T16:00:00-04:00,406.57,2021-04-14,7.0,0.019178082191780823,320.0,put,0.0,0.01,0.02,2,,0.5057,-0.00013,0.00012,0.0015,-0.00298,0.0,spy_options_2021.parquet,6375810
SPY,2021-04-07,2021-04-07T16:00:00-04:00,406.57,2021-04-14,7.0,0.019178082191780823,325.0,call,81.47,81.88,0.0,,,0.64038,0.99207,0.00061,0.01325,-0.04527,0.07013,spy_options_2021.parquet,6375811
SPY,2021-04-07,2021-04-07T16:00:00-04:00,406.57,2021-04-14,7.0,0.019178082191780823,325.0,put,0.0,0.01,0.01,1,,0.47479,-0.00107,0.00011,0.00122,-0.00249,0.0,spy_options_2021.parquet,6375811
SPY,2021-04-07,2021-04-07T16:00:00-04:00,406.57,2021-04-14,7.0,0.019178082191780823,330.0,call,76.47,76.87,64.72,4,,0.59769,0.99213,0.00058,0.01341,-0.04263,0.07183,spy_options_2021.parquet,6375812
SPY,2021-04-07,2021-04-07T16:00:00-04:00,406.57,2021-04-14,7.0,0.019178082191780823,330.0,put,0.0,0.01,0.01,3,,0.44468,-0.00046,6e-05,0.00194,-0.00255,0.0,spy_options_2021.parquet,6375812
SPY,2021-04-07,2021-04-07T16:00:00-04:00,406.57,2021-04-14,7.0,0.019178082191780823,335.0,call,71.54,71.66,71.26,20,,0.48656,0.99711,0.00035,0.00602,-0.01418,0.07278,spy_options_2021.parquet,6375813
SPY,2021-04-07,2021-04-07T16:00:00-04:00,406.57,2021-04-14,7.0,0.019178082191780823,335.0,put,0.01,0.02,0.02,363,,0.45691,-0.00193,0.00021,0.00324,-0.00786,-0.00041,spy_options_2021.parquet,6375813
SPY,2021-04-07,2021-04-07T16:00:00-04:00,406.57,2021-04-14,7.0,0.019178082191780823,340.0,call,66.55,66.67,54.78,4,,0.46706,0.99595,0.00047,0.00778,-0.01905,0.07406,spy_options_2021.parquet,6375814
SPY,2021-04-07,2021-04-07T16:00:00-04:00,406.57,2021-04-14,7.0,0.019178082191780823,340.0,put,0.01,0.02,0.02,238,,0.4241,-0.0017,0.0002,0.00396,-0.00762,-0.00034,spy_options_2021.parquet,6375814
SPY,2021-04-07,2021-04-07T16:00:00-04:00,406.57,2021-04-14,7.0,0.019178082191780823,345.0,call,61.58,61.68,54.7,50,,0.45294,0.99328,0.00066,0.01123,-0.02631,0.07543,spy_options_2021.parquet,6375815
SPY,2021-04-07,2021-04-07T16:00:00-04:00,406.57,2021-04-14,7.0,0.019178082191780823,345.0,put,0.01,0.02,0.03,175,,0.39159,-0.00247,0.00023,0.00351,-0.00731,0.0,spy_options_2021.parquet,6375815
SPY,2021-04-07,2021-04-07T16:00:00-04:00,406.57,2021-04-14,7.0,0.019178082191780823,350.0,call,56.56,56.67,56.08,15,,0.40381,0.9944,0.00065,0.00937,-0.02024,0.0757,spy_options_2021.parquet,6375816
SPY,2021-04-07,2021-04-07T16:00:00-04:00,406.57,2021-04-14,7.0,0.019178082191780823,350.0,put,0.01,0.02,0.02,256,,0.36006,-0.00209,0.00033,0.00424,-0.00807,-0.00047,spy_options_2021.parquet,6375816
SPY,2021-04-07,2021-04-07T16:00:00-04:00,406.57,2021-04-14,7.0,0.019178082191780823,355.0,call,51.56,51.68,42.08,8,,0.37484,0.99356,0.00086,0.01098,-0.0226,0.07689,spy_options_2021.parquet,6375817
SPY,2021-04-07,2021-04-07T16:00:00-04:00,406.57,2021-04-14,7.0,0.019178082191780823,355.0,put,0.02,0.03,0.02,58,,0.34728,-0.00397,0.00053,0.00733,-0.01198,-0.00042,spy_options_2021.parquet,6375817
SPY,2021-04-07,2021-04-07T16:00:00-04:00,406.57,2021-04-14,7.0,0.019178082191780823,360.0,call,46.59,46.7,46.74,48,,0.35757,0.99032,0.00122,0.01576,-0.03073,0.07789,spy_options_2021.parquet,6375818
SPY,2021-04-07,2021-04-07T16:00:00-04:00,406.57,2021-04-14,7.0,0.019178082191780823,360.0,put,0.03,0.04,0.04,51,,0.32626,-0.00564,0.00076,0.00978,-0.01647,-8e-05,spy_options_2021.parquet,6375818
SPY,2021-04-07,2021-04-07T16:00:00-04:00,406.57,2021-04-14,7.0,0.019178082191780823,365.0,call,41.57,41.69,41.34,21,,0.31246,0.99115,0.00127,0.01478,-0.02531,0.07913,spy_options_2021.parquet,6375819
SPY,2021-04-07,2021-04-07T16:00:00-04:00,406.57,2021-04-14,7.0,0.019178082191780823,365.0,put,0.03,0.04,0.04,12,,0.2927,-0.00569,0.001,0.01052,-0.01604,-0.00014,spy_options_2021.parquet,6375819
SPY,2021-04-07,2021-04-07T16:00:00-04:00,406.57,2021-04-14,7.0,0.019178082191780823,370.0,call,36.58,36.7,30.2,60,,0.28343,0.9888,0.00179,0.01838,-0.02855,0.07993,spy_options_2021.parquet,6375820
SPY,2021-04-07,2021-04-07T16:00:00-04:00,406.57,2021-04-14,7.0,0.019178082191780823,370.0,put,0.04,0.05,0.05,155,,0.26847,-0.00854,0.0014,0.0137,-0.0198,-0.0003,spy_options_2021.parquet,6375820
SPY,2021-04-07,2021-04-07T16:00:00-04:00,406.57,2021-04-14,7.0,0.019178082191780823,375.0,call,31.6,31.72,31.52,5,,0.25697,0.98385,0.00259,0.02417,-0.03445,0.08035,spy_options_2021.parquet,6375821
SPY,2021-04-07,2021-04-07T16:00:00-04:00,406.57,2021-04-14,7.0,0.019178082191780823,375.0,put,0.06,0.07,0.06,285,,0.24556,-0.01239,0.0022,0.01949,-0.02605,-0.00075,spy_options_2021.parquet,6375821
SPY,2021-04-07,2021-04-07T16:00:00-04:00,406.57,2021-04-14,7.0,0.019178082191780823,380.0,call,26.63,26.75,26.72,3,,0.22999,0.97687,0.00388,0.03212,-0.04215,0.08088,spy_options_2021.parquet,6375822
SPY,2021-04-07,2021-04-07T16:00:00-04:00,406.57,2021-04-14,7.0,0.019178082191780823,380.0,put,0.08,0.09,0.1,168,,0.21866,-0.01801,0.00336,0.02604,-0.03204,-0.00169,spy_options_2021.parquet,6375822
SPY,2021-04-07,2021-04-07T16:00:00-04:00,406.57,2021-04-14,7.0,0.019178082191780823,382.0,call,24.67,24.77,24.71,2,,0.22354,0.97161,0.00485,0.03908,-0.04991,0.08096,spy_options_2021.parquet,6375823
SPY,2021-04-07,2021-04-07T16:00:00-04:00,406.57,2021-04-14,7.0,0.019178082191780823,382.0,put,0.1,0.11,0.13,76,,0.21121,-0.02233,0.00413,0.03234,-0.03745,-0.00238,spy_options_2021.parquet,6375823
SPY,2021-04-07,2021-04-07T16:00:00-04:00,406.57,2021-04-14,7.0,0.019178082191780823,383.0,call,23.65,23.8,21.53,1,,0.21628,0.96999,0.00522,0.04122,-0.05107,0.08071,spy_options_2021.parquet,6375824
SPY,2021-04-07,2021-04-07T16:00:00-04:00,406.57,2021-04-14,7.0,0.019178082191780823,383.0,put,0.11,0.12,0.14,43,,0.20675,-0.02462,0.00462,0.03516,-0.04065,-0.00197,spy_options_2021.parquet,6375824
SPY,2021-04-07,2021-04-07T16:00:00-04:00,406.57,2021-04-14,7.0,0.019178082191780823,384.0,call,22.71,22.85,22.36,0,,0.22092,0.96089,0.00629,0.05062,-0.06468,0.08087,spy_options_2021.parquet,6375825
SPY,2021-04-07,2021-04-07T16:00:00-04:00,406.57,2021-04-14,7.0,0.019178082191780823,384.0,put,0.12,0.13,0.13,119,,0.20109,-0.02643,0.00509,0.03778,-0.04309,-0.00241,spy_options_2021.parquet,6375825
SPY,2021-04-07,2021-04-07T16:00:00-04:00,406.57,2021-04-14,7.0,0.019178082191780823,385.0,call,21.68,21.8,21.5,1,,0.20419,0.96534,0.00621,0.0455,-0.05477,0.08083,spy_options_2021.parquet,6375826
SPY,2021-04-07,2021-04-07T16:00:00-04:00,406.57,2021-04-14,7.0,0.019178082191780823,385.0,put,0.13,0.14,0.15,41886,,0.19627,-0.02965,0.0057,0.04079,-0.04558,-0.00234,spy_options_2021.parquet,6375826
SPY,2021-04-07,2021-04-07T16:00:00-04:00,406.57,2021-04-14,7.0,0.019178082191780823,386.0,call,20.56,21.0,20.28,30,,0.20387,0.95854,0.00725,0.053,-0.0635,0.08108,spy_options_2021.parquet,6375827
SPY,2021-04-07,2021-04-07T16:00:00-04:00,406.57,2021-04-14,7.0,0.019178082191780823,386.0,put,0.15,0.16,0.15,108,,0.19306,-0.03356,0.00643,0.0455,-0.05003,-0.00339,spy_options_2021.parquet,6375827
SPY,2021-04-07,2021-04-07T16:00:00-04:00,406.57,2021-04-14,7.0,0.019178082191780823,387.0,call,19.71,19.83,19.93,8,,0.19424,0.95836,0.00767,0.05313,-0.06078,0.08058,spy_options_2021.parquet,6375828
SPY,2021-04-07,2021-04-07T16:00:00-04:00,406.57,2021-04-14,7.0,0.019178082191780823,387.0,put,0.16,0.17,0.19,79,,0.18705,-0.0364,0.00707,0.04809,-0.05216,-0.00318,spy_options_2021.parquet,6375828
SPY,2021-04-07,2021-04-07T16:00:00-04:00,406.57,2021-04-14,7.0,0.019178082191780823,388.0,call,18.73,18.85,18.62,21,,0.18934,0.95337,0.00855,0.05784,-0.06529,0.08075,spy_options_2021.parquet,6375829
SPY,2021-04-07,2021-04-07T16:00:00-04:00,406.57,2021-04-14,7.0,0.019178082191780823,388.0,put,0.18,0.19,0.21,220,,0.18355,-0.04117,0.00795,0.05313,-0.05707,-0.00331,spy_options_2021.parquet,6375829
SPY,2021-04-07,2021-04-07T16:00:00-04:00,406.57,2021-04-14,7.0,0.019178082191780823,389.0,call,17.8,17.94,17.96,1,,0.19256,0.94072,0.01014,0.07067,-0.08143,0.07956,spy_options_2021.parquet,6375830
SPY,2021-04-07,2021-04-07T16:00:00-04:00,406.57,2021-04-14,7.0,0.019178082191780823,389.0,put,0.2,0.21,0.24,6815,,0.17805,-0.04625,0.00896,0.0587,-0.06079,-0.00434,spy_options_2021.parquet,6375830
SPY,2021-04-07,2021-04-07T16:00:00-04:00,406.57,2021-04-14,7.0,0.019178082191780823,390.0,call,16.8,16.9,16.88,2,,0.18138,0.94059,0.01076,0.07069,-0.07681,0.07984,spy_options_2021.parquet,6375831
SPY,2021-04-07,2021-04-07T16:00:00-04:00,406.57,2021-04-14,7.0,0.019178082191780823,390.0,put,0.23,0.24,0.27,2106,,0.17504,-0.05259,0.01023,0.06466,-0.06675,-0.00452,spy_options_2021.parquet,6375831
SPY,2021-04-07,2021-04-07T16:00:00-04:00,406.57,2021-04-14,7.0,0.019178082191780823,391.0,call,15.8,15.92,16.05,29,,0.17423,0.93695,0.01185,0.07446,-0.0775,0.08009,spy_options_2021.parquet,6375832
SPY,2021-04-07,2021-04-07T16:00:00-04:00,406.57,2021-04-14,7.0,0.019178082191780823,391.0,put,0.25,0.26,0.25,4351,,0.16939,-0.05806,0.01144,0.06993,-0.06977,-0.00548,spy_options_2021.parquet,6375832
SPY,2021-04-07,2021-04-07T16:00:00-04:00,406.57,2021-04-14,7.0,0.019178082191780823,392.0,call,14.88,15.02,14.67,61,,0.17544,0.92149,0.01383,0.08865,-0.09329,0.07905,spy_options_2021.parquet,6375833
SPY,2021-04-07,2021-04-07T16:00:00-04:00,406.57,2021-04-14,7.0,0.019178082191780823,392.0,put,0.28,0.29,0.31,739,,0.16409,-0.06525,0.01284,0.0775,-0.07544,-0.00633,spy_options_2021.parquet,6375833
SPY,2021-04-07,2021-04-07T16:00:00-04:00,406.57,2021-04-14,7.0,0.019178082191780823,393.0,call,13.87,13.98,13.87,17,,0.16324,0.92099,0.01487,0.08798,-0.08799,0.07899,spy_options_2021.parquet,6375834
SPY,2021-04-07,2021-04-07T16:00:00-04:00,406.57,2021-04-14,7.0,0.019178082191780823,393.0,put,0.32,0.33,0.34,244,,0.16032,-0.07409,0.0146,0.08543,-0.08229,-0.00676,spy_options_2021.parquet,6375834
SPY,2021-04-07,2021-04-07T16:00:00-04:00,406.57,2021-04-14,7.0,0.019178082191780823,394.0,call,12.92,13.03,12.7,101,,0.15925,0.91035,0.01685,0.09741,-0.09447,0.07867,spy_options_2021.parquet,6375835
SPY,2021-04-07,2021-04-07T16:00:00-04:00,406.57,2021-04-14,7.0,0.019178082191780823,394.0,put,0.36,0.37,0.37,286,,0.15534,-0.08452,0.01654,0.09363,-0.08814,-0.00766,spy_options_2021.parquet,6375835
SPY,2021-04-07,2021-04-07T16:00:00-04:00,406.57,2021-04-14,7.0,0.019178082191780823,395.0,call,11.97,12.08,11.86,23,,0.15432,0.89861,0.01909,0.10712,-0.10094,0.07715,spy_options_2021.parquet,6375836
SPY,2021-04-07,2021-04-07T16:00:00-04:00,406.57,2021-04-14,7.0,0.019178082191780823,395.0,put,0.41,0.42,0.42,1213,,0.15078,-0.09616,0.01883,0.10357,-0.09469,-0.0087,spy_options_2021.parquet,6375836
SPY,2021-04-07,2021-04-07T16:00:00-04:00,406.57,2021-04-14,7.0,0.019178082191780823,396.0,call,11.03,11.19,10.97,59,,0.15182,0.88124,0.02169,0.11946,-0.11228,0.07619,spy_options_2021.parquet,6375837
SPY,2021-04-07,2021-04-07T16:00:00-04:00,406.57,2021-04-14,7.0,0.019178082191780823,396.0,put,0.47,0.48,0.49,395,,0.14674,-0.1108,0.02132,0.11394,-0.10213,-0.01034,spy_options_2021.parquet,6375837
SPY,2021-04-07,2021-04-07T16:00:00-04:00,406.57,2021-04-14,7.0,0.019178082191780823,397.0,call,10.1,10.24,10.0,31,,0.1461,0.86691,0.02449,0.12953,-0.11812,0.07539,spy_options_2021.parquet,6375838
SPY,2021-04-07,2021-04-07T16:00:00-04:00,406.57,2021-04-14,7.0,0.019178082191780823,397.0,put,0.54,0.55,0.56,558,,0.14185,-0.12708,0.02432,0.12563,-0.11028,-0.01163,spy_options_2021.parquet,6375838
SPY,2021-04-07,2021-04-07T16:00:00-04:00,406.57,2021-04-14,7.0,0.019178082191780823,398.0,call,9.23,9.34,8.99,82,,0.14368,0.84415,0.0276,0.14411,-0.12986,0.07274,spy_options_2021.parquet,6375839
SPY,2021-04-07,2021-04-07T16:00:00-04:00,406.57,2021-04-14,7.0,0.019178082191780823,398.0,put,0.62,0.64,0.66,374,,0.13768,-0.14629,0.02759,0.13799,-0.118,-0.01288,spy_options_2021.parquet,6375839
SPY,2021-04-07,2021-04-07T16:00:00-04:00,406.57,2021-04-14,7.0,0.019178082191780823,399.0,call,8.36,8.46,8.31,52,,0.1413,0.81913,0.03103,0.15812,-0.14013,0.07116,spy_options_2021.parquet,6375840
SPY,2021-04-07,2021-04-07T16:00:00-04:00,406.57,2021-04-14,7.0,0.019178082191780823,399.0,put,0.72,0.73,0.74,595,,0.13388,-0.16772,0.03125,0.15169,-0.12664,-0.01553,spy_options_2021.parquet,6375840
SPY,2021-04-07,2021-04-07T16:00:00-04:00,406.57,2021-04-14,7.0,0.019178082191780823,400.0,call,7.45,7.56,7.35,105,,0.13452,0.79607,0.035,0.17062,-0.14505,0.06929,spy_options_2021.parquet,6375841
SPY,2021-04-07,2021-04-07T16:00:00-04:00,406.57,2021-04-14,7.0,0.019178082191780823,400.0,put,0.85,0.86,0.86,3811,,0.12952,-0.19513,0.0353,0.1662,-0.13552,-0.01744,spy_options_2021.parquet,6375841
SPY,2021-04-07,2021-04-07T16:00:00-04:00,406.57,2021-04-14,7.0,0.019178082191780823,401.0,call,6.56,6.68,6.42,89,,0.12867,0.76918,0.03938,0.18276,-0.14912,0.0673,spy_options_2021.parquet,6375842
SPY,2021-04-07,2021-04-07T16:00:00-04:00,406.57,2021-04-14,7.0,0.019178082191780823,401.0,put,0.99,1.0,1.0,692,,0.12501,-0.22611,0.03978,0.18139,-0.14407,-0.02014,spy_options_2021.parquet,6375842
SPY,2021-04-07,2021-04-07T16:00:00-04:00,406.57,2021-04-14,7.0,0.019178082191780823,402.0,call,5.78,5.87,5.66,25,,0.12626,0.73109,0.04356,0.19819,-0.15916,0.06377,spy_options_2021.parquet,6375843
SPY,2021-04-07,2021-04-07T16:00:00-04:00,406.57,2021-04-14,7.0,0.019178082191780823,402.0,put,1.17,1.18,1.18,957,,0.12218,-0.26229,0.04449,0.19612,-0.1518,-0.02386,spy_options_2021.parquet,6375843
SPY,2021-04-07,2021-04-07T16:00:00-04:00,406.57,2021-04-14,7.0,0.019178082191780823,403.0,call,4.95,5.03,4.98,852,,0.11996,0.69372,0.04877,0.21101,-0.16198,0.06034,spy_options_2021.parquet,6375844
SPY,2021-04-07,2021-04-07T16:00:00-04:00,406.57,2021-04-14,7.0,0.019178082191780823,403.0,put,1.37,1.39,1.4,4394,,0.11763,-0.30341,0.04932,0.20995,-0.15806,-0.02694,spy_options_2021.parquet,6375844
SPY,2021-04-07,2021-04-07T16:00:00-04:00,406.57,2021-04-14,7.0,0.019178082191780823,404.0,call,4.21,4.28,4.24,850,,0.11581,0.64759,0.05326,0.22349,-0.16607,0.05701,spy_options_2021.parquet,6375845
SPY,2021-04-07,2021-04-07T16:00:00-04:00,406.57,2021-04-14,7.0,0.019178082191780823,404.0,put,1.63,1.65,1.66,2953,,0.11456,-0.35058,0.05386,0.22357,-0.16416,-0.03121,spy_options_2021.parquet,6375845
SPY,2021-04-07,2021-04-07T16:00:00-04:00,406.57,2021-04-14,7.0,0.019178082191780823,405.0,call,3.51,3.57,3.52,1041,,0.11147,0.59522,0.05749,0.23282,-0.16845,0.05186,spy_options_2021.parquet,6375846
SPY,2021-04-07,2021-04-07T16:00:00-04:00,406.57,2021-04-14,7.0,0.019178082191780823,405.0,put,1.94,1.96,2.07,4078,,0.11108,-0.40364,0.05793,0.23297,-0.16721,-0.03575,spy_options_2021.parquet,6375846
SPY,2021-04-07,2021-04-07T16:00:00-04:00,406.57,2021-04-14,7.0,0.019178082191780823,406.0,call,2.91,2.95,2.9,4218,,0.11004,0.53787,0.06013,0.23942,-0.16915,0.0474,spy_options_2021.parquet,6375847
SPY,2021-04-07,2021-04-07T16:00:00-04:00,406.57,2021-04-14,7.0,0.019178082191780823,406.0,put,2.28,2.31,2.31,2868,,0.10702,-0.4614,0.06151,0.23895,-0.16479,-0.04106,spy_options_2021.parquet,6375847
SPY,2021-04-07,2021-04-07T16:00:00-04:00,406.57,2021-04-14,7.0,0.019178082191780823,407.0,call,2.34,2.38,2.34,2583,,0.10694,0.47628,0.06185,0.24008,-0.16543,0.04229,spy_options_2021.parquet,6375848
SPY,2021-04-07,2021-04-07T16:00:00-04:00,406.57,2021-04-14,7.0,0.019178082191780823,407.0,put,2.73,2.75,2.76,1590,,0.10459,-0.52359,0.06296,0.23956,-0.16197,-0.04558,spy_options_2021.parquet,6375848
SPY,2021-04-07,2021-04-07T16:00:00-04:00,406.57,2021-04-14,7.0,0.019178082191780823,408.0,call,1.9,1.92,1.9,3501,,0.10693,0.4153,0.0608,0.23464,-0.16109,0.03667,spy_options_2021.parquet,6375849
SPY,2021-04-07,2021-04-07T16:00:00-04:00,406.57,2021-04-14,7.0,0.019178082191780823,408.0,put,3.24,3.28,3.46,1530,,0.10355,-0.58759,0.06263,0.2346,-0.15603,-0.05043,spy_options_2021.parquet,6375849
SPY,2021-04-07,2021-04-07T16:00:00-04:00,406.57,2021-04-14,7.0,0.019178082191780823,409.0,call,1.49,1.51,1.42,1887,,0.10467,0.35369,0.05874,0.22425,-0.15088,0.03167,spy_options_2021.parquet,6375850
SPY,2021-04-07,2021-04-07T16:00:00-04:00,406.57,2021-04-14,7.0,0.019178082191780823,409.0,put,3.83,3.87,3.83,322,,0.10177,-0.65091,0.06034,0.22283,-0.14551,-0.05532,spy_options_2021.parquet,6375850
SPY,2021-04-07,2021-04-07T16:00:00-04:00,406.57,2021-04-14,7.0,0.019178082191780823,410.0,call,1.16,1.17,1.14,2784,,0.10403,0.29571,0.05498,0.20843,-0.13905,0.02628,spy_options_2021.parquet,6375851
SPY,2021-04-07,2021-04-07T16:00:00-04:00,406.57,2021-04-14,7.0,0.019178082191780823,410.0,put,4.45,4.54,4.62,197,,0.09949,-0.71308,0.05663,0.20541,-0.13036,-0.0597,spy_options_2021.parquet,6375851
SPY,2021-04-07,2021-04-07T16:00:00-04:00,406.57,2021-04-14,7.0,0.019178082191780823,411.0,call,0.87,0.89,0.88,1050,,0.1032,0.24174,0.05016,0.18791,-0.12347,0.02116,spy_options_2021.parquet,6375852
SPY,2021-04-07,2021-04-07T16:00:00-04:00,406.57,2021-04-14,7.0,0.019178082191780823,411.0,put,5.24,5.32,5.47,99,,0.10139,-0.76131,0.05019,0.18737,-0.12075,-0.06194,spy_options_2021.parquet,6375852
SPY,2021-04-07,2021-04-07T16:00:00-04:00,406.57,2021-04-14,7.0,0.019178082191780823,412.0,call,0.67,0.68,0.67,1457,,0.10333,0.1963,0.04431,0.16655,-0.1092,0.01728,spy_options_2021.parquet,6375853
SPY,2021-04-07,2021-04-07T16:00:00-04:00,406.57,2021-04-14,7.0,0.019178082191780823,412.0,put,6.0,6.1,6.43,56,,0.10106,-0.81074,0.04395,0.16329,-0.10323,-0.06321,spy_options_2021.parquet,6375853
SPY,2021-04-07,2021-04-07T16:00:00-04:00,406.57,2021-04-14,7.0,0.019178082191780823,415.0,call,0.26,0.28,0.26,2117,,0.10419,0.0932,0.02648,0.10018,-0.06375,0.00823,spy_options_2021.parquet,6375854
SPY,2021-04-07,2021-04-07T16:00:00-04:00,406.57,2021-04-14,7.0,0.019178082191780823,415.0,put,8.56,8.71,8.87,55,,0.09894,-0.91312,0.02251,0.09488,-0.05634,-0.05497,spy_options_2021.parquet,6375854
SPY,2021-04-07,2021-04-07T16:00:00-04:00,406.57,2021-04-14,7.0,0.019178082191780823,420.0,call,0.05,0.06,0.05,551,,0.10943,0.0225,0.00821,0.03198,-0.01985,0.00182,spy_options_2021.parquet,6375855
SPY,2021-04-07,2021-04-07T16:00:00-04:00,406.57,2021-04-14,7.0,0.019178082191780823,420.0,put,13.33,13.5,13.61,10,,,-1.0,0.0,0.0,0.0,0.0,spy_options_2021.parquet,6375855
SPY,2021-04-07,2021-04-07T16:00:00-04:00,406.57,2021-04-14,7.0,0.019178082191780823,425.0,call,0.01,0.02,0.01,157,,0.1195,0.0065,0.00245,0.01042,-0.00708,0.00018,spy_options_2021.parquet,6375856
SPY,2021-04-07,2021-04-07T16:00:00-04:00,406.57,2021-04-14,7.0,0.019178082191780823,425.0,put,18.34,18.47,18.6,5,,,-1.0,0.0,0.0,0.0,0.0,spy_options_2021.parquet,6375856
SPY,2021-04-07,2021-04-07T16:00:00-04:00,406.57,2021-04-14,7.0,0.019178082191780823,430.0,call,0.0,0.01,0.01,18,,0.1324,0.00195,0.00081,0.00433,-0.00303,-0.00027,spy_options_2021.parquet,6375857
SPY,2021-04-07,2021-04-07T16:00:00-04:00,406.57,2021-04-14,7.0,0.019178082191780823,430.0,put,23.14,23.57,23.9,20,,,-1.0,0.0,0.0,0.0,0.0,spy_options_2021.parquet,6375857
SPY,2021-04-07,2021-04-07T16:00:00-04:00,406.57,2021-04-14,7.0,0.019178082191780823,435.0,call,0.0,0.01,0.01,8961,,0.1563,0.00207,0.00063,0.00396,-0.00292,-0.00029,spy_options_2021.parquet,6375858
SPY,2021-04-07,2021-04-07T16:00:00-04:00,406.57,2021-04-14,7.0,0.019178082191780823,435.0,put,28.29,28.43,0.0,,,,-1.0,0.0,0.0,0.0,0.0,spy_options_2021.parquet,6375858
SPY,2021-04-07,2021-04-07T16:00:00-04:00,406.57,2021-04-14,7.0,0.019178082191780823,440.0,call,0.0,0.01,0.01,0,,0.18045,0.00201,0.00052,0.00324,-0.00298,0.00051,spy_options_2021.parquet,6375859
SPY,2021-04-07,2021-04-07T16:00:00-04:00,406.57,2021-04-14,7.0,0.019178082191780823,440.0,put,33.14,33.57,34.56,7,,,-1.0,0.0,0.0,0.0,0.0,spy_options_2021.parquet,6375859
SPY,2021-04-07,2021-04-07T16:00:00-04:00,406.57,2021-04-14,7.0,0.019178082191780823,445.0,call,0.0,0.01,0.01,0,,0.20376,0.00136,0.00039,0.00237,-0.0028,0.0005,spy_options_2021.parquet,6375860
SPY,2021-04-07,2021-04-07T16:00:00-04:00,406.57,2021-04-14,7.0,0.019178082191780823,445.0,put,38.27,38.42,38.11,4,,,-1.0,0.0,0.0,0.0,0.0,spy_options_2021.parquet,6375860
SPY,2021-04-07,2021-04-07T16:00:00-04:00,406.57,2021-04-14,7.0,0.019178082191780823,450.0,call,0.0,0.01,0.01,190,,0.22695,0.00167,0.00032,0.0027,-0.00298,0.00054,spy_options_2021.parquet,6375861
SPY,2021-04-07,2021-04-07T16:00:00-04:00,406.57,2021-04-14,7.0,0.019178082191780823,450.0,put,43.26,43.41,55.39,4,,,-1.0,0.0,0.0,0.0,0.0,spy_options_2021.parquet,6375861
SPY,2021-04-07,2021-04-07T16:00:00-04:00,406.57,2021-04-14,7.0,0.019178082191780823,455.0,call,0.0,0.01,0.0,,,0.24885,0.0012,0.00032,0.00198,-0.00258,0.00015,spy_options_2021.parquet,6375862
SPY,2021-04-07,2021-04-07T16:00:00-04:00,406.57,2021-04-14,7.0,0.019178082191780823,455.0,put,48.14,48.57,48.11,4,,,-1.0,0.0,0.0,0.0,0.0,spy_options_2021.parquet,6375862
SPY,2021-04-07,2021-04-07T16:00:00-04:00,406.57,2021-04-14,7.0,0.019178082191780823,460.0,call,0.0,0.01,0.01,11,,0.27057,0.00147,0.00023,0.00196,-0.00307,-0.00019,spy_options_2021.parquet,6375863
SPY,2021-04-07,2021-04-07T16:00:00-04:00,406.57,2021-04-14,7.0,0.019178082191780823,460.0,put,53.28,53.45,0.0,,,,-1.0,0.0,0.0,0.0,0.0,spy_options_2021.parquet,6375863
SPY,2021-04-07,2021-04-07T16:00:00-04:00,406.57,2021-04-14,7.0,0.019178082191780823,465.0,call,0.0,0.01,0.0,,,0.29267,0.00148,0.00018,0.00197,-0.00314,0.00053,spy_options_2021.parquet,6375864
SPY,2021-04-07,2021-04-07T16:00:00-04:00,406.57,2021-04-14,7.0,0.019178082191780823,465.0,put,58.15,58.57,0.0,,,,-1.0,0.0,0.0,0.0,0.0,spy_options_2021.parquet,6375864
SPY,2021-04-07,2021-04-07T16:00:00-04:00,406.57,2021-04-14,7.0,0.019178082191780823,470.0,call,0.0,0.01,0.0,,,0.31396,0.00072,0.00015,0.00194,-0.00286,0.00014,spy_options_2021.parquet,6375865
SPY,2021-04-07,2021-04-07T16:00:00-04:00,406.57,2021-04-14,7.0,0.019178082191780823,470.0,put,63.28,63.45,0.0,,,,-1.0,0.0,0.0,0.0,0.0,spy_options_2021.parquet,6375865
SPY,2021-04-07,2021-04-07T16:00:00-04:00,406.57,2021-04-14,7.0,0.019178082191780823,475.0,call,0.0,0.01,0.0,,,0.33488,0.00128,0.00013,0.00204,-0.00309,-0.00011,spy_options_2021.parquet,6375866
SPY,2021-04-07,2021-04-07T16:00:00-04:00,406.57,2021-04-14,7.0,0.019178082191780823,475.0,put,68.28,68.45,0.0,,,,-1.0,0.0,0.0,0.0,0.0,spy_options_2021.parquet,6375866
SPY,2021-04-07,2021-04-07T16:00:00-04:00,406.57,2021-04-14,7.0,0.019178082191780823,480.0,call,0.0,0.01,0.0,,,0.355,0.00068,0.00015,0.00164,-0.00258,0.0001,spy_options_2021.parquet,6375867
SPY,2021-04-07,2021-04-07T16:00:00-04:00,406.57,2021-04-14,7.0,0.019178082191780823,480.0,put,73.32,73.44,0.0,,,,-1.0,0.0,0.0,0.0,0.0,spy_options_2021.parquet,6375867
SPY,2021-04-07,2021-04-07T16:00:00-04:00,406.57,2021-04-14,7.0,0.019178082191780823,485.0,call,0.0,0.01,0.01,100,,0.37584,0.00035,0.0001,0.00192,-0.00285,0.00024,spy_options_2021.parquet,6375868
SPY,2021-04-07,2021-04-07T16:00:00-04:00,406.57,2021-04-14,7.0,0.019178082191780823,485.0,put,78.28,78.45,0.0,,,,-1.0,0.0,0.0,0.0,0.0,spy_options_2021.parquet,6375868
SPY,2021-04-07,2021-04-07T16:00:00-04:00,406.57,2021-04-16,9.0,0.024657534246575342,273.0,call,133.58,133.72,0.0,,,0.93193,0.9961,0.00018,0.00825,-0.03097,0.07414,spy_options_2021.parquet,6375893
SPY,2021-04-07,2021-04-07T16:00:00-04:00,406.57,2021-04-16,9.0,0.024657534246575342,273.0,put,0.0,0.01,0.02,1,,0.72888,-0.00046,3e-05,0.00047,-0.00294,-0.00027,spy_options_2021.parquet,6375893
SPY,2021-04-07,2021-04-07T16:00:00-04:00,406.57,2021-04-16,9.0,0.024657534246575342,274.0,call,132.58,132.74,0.0,,,0.93616,0.99572,0.00023,0.00828,-0.03507,0.07494,spy_options_2021.parquet,6375894
SPY,2021-04-07,2021-04-07T16:00:00-04:00,406.57,2021-04-16,9.0,0.024657534246575342,274.0,put,0.0,0.01,0.02,63,,0.72241,-0.00065,0.0,0.00066,-0.003,0.0,spy_options_2021.parquet,6375894
SPY,2021-04-07,2021-04-07T16:00:00-04:00,406.57,2021-04-16,9.0,0.024657534246575342,275.0,call,131.58,131.72,114.16,12,,0.91693,0.99619,0.00021,0.00789,-0.03176,0.07458,spy_options_2021.parquet,6375895
SPY,2021-04-07,2021-04-07T16:00:00-04:00,406.57,2021-04-16,9.0,0.024657534246575342,275.0,put,0.0,0.01,0.01,4,,0.71636,-0.0004,1e-05,0.00126,-0.0028,0.0,spy_options_2021.parquet,6375895
SPY,2021-04-07,2021-04-07T16:00:00-04:00,406.57,2021-04-16,9.0,0.024657534246575342,276.0,call,130.58,130.72,0.0,,,0.90867,0.99599,0.00014,0.0083,-0.03168,0.07555,spy_options_2021.parquet,6375896
SPY,2021-04-07,2021-04-07T16:00:00-04:00,406.57,2021-04-16,9.0,0.024657534246575342,276.0,put,0.0,0.01,0.01,3,,0.70949,-0.00034,1e-05,0.00114,-0.00272,0.0,spy_options_2021.parquet,6375896
SPY,2021-04-07,2021-04-07T16:00:00-04:00,406.57,2021-04-16,9.0,0.024657534246575342,277.0,call,129.49,129.83,120.69,1,,0.91305,0.99542,0.00023,0.00923,-0.03474,0.07488,spy_options_2021.parquet,6375897
SPY,2021-04-07,2021-04-07T16:00:00-04:00,406.57,2021-04-16,9.0,0.024657534246575342,277.0,put,0.0,0.01,0.01,2,,0.70308,-0.00054,1e-05,0.0005,-0.00214,-9e-05,spy_options_2021.parquet,6375897
SPY,2021-04-07,2021-04-07T16:00:00-04:00,406.57,2021-04-16,9.0,0.024657534246575342,278.0,call,128.58,128.72,93.15,76,,0.89316,0.99629,0.0002,0.00826,-0.03166,0.07612,spy_options_2021.parquet,6375898
SPY,2021-04-07,2021-04-07T16:00:00-04:00,406.57,2021-04-16,9.0,0.024657534246575342,278.0,put,0.0,0.01,0.01,2,,0.69725,-0.00075,4e-05,0.00112,-0.00243,0.0,spy_options_2021.parquet,6375898
SPY,2021-04-07,2021-04-07T16:00:00-04:00,406.57,2021-04-16,9.0,0.024657534246575342,279.0,call,127.55,127.69,97.04,1,,0.84172,0.99679,0.00018,0.00596,-0.02016,0.07638,spy_options_2021.parquet,6375899
SPY,2021-04-07,2021-04-07T16:00:00-04:00,406.57,2021-04-16,9.0,0.024657534246575342,279.0,put,0.0,0.01,0.03,45,,0.69131,0.0,1e-05,0.00147,-0.00243,0.0,spy_options_2021.parquet,6375899
SPY,2021-04-07,2021-04-07T16:00:00-04:00,406.57,2021-04-16,9.0,0.024657534246575342,280.0,call,126.59,126.72,115.84,1,,0.8835,0.99575,0.00021,0.0089,-0.03283,0.07644,spy_options_2021.parquet,6375900
SPY,2021-04-07,2021-04-07T16:00:00-04:00,406.57,2021-04-16,9.0,0.024657534246575342,280.0,put,0.0,0.01,0.01,0,,0.68454,-5e-05,5e-05,0.00051,-0.00288,0.0,spy_options_2021.parquet,6375900
SPY,2021-04-07,2021-04-07T16:00:00-04:00,406.57,2021-04-16,9.0,0.024657534246575342,281.0,call,125.59,125.74,111.91,1,,0.88759,0.99477,0.00024,0.0093,-0.03639,0.07614,spy_options_2021.parquet,6375901
SPY,2021-04-07,2021-04-07T16:00:00-04:00,406.57,2021-04-16,9.0,0.024657534246575342,281.0,put,0.0,0.01,0.01,77,,0.67915,-3e-05,7e-05,0.00146,-0.00244,-0.00051,spy_options_2021.parquet,6375901
SPY,2021-04-07,2021-04-07T16:00:00-04:00,406.57,2021-04-16,9.0,0.024657534246575342,282.0,call,124.6,124.71,78.0,2,,0.86802,0.99573,0.00022,0.00826,-0.03328,0.07652,spy_options_2021.parquet,6375902
SPY,2021-04-07,2021-04-07T16:00:00-04:00,406.57,2021-04-16,9.0,0.024657534246575342,282.0,put,0.0,0.01,0.01,21,,0.67249,-0.00076,1e-05,0.00083,-0.00229,-5e-05,spy_options_2021.parquet,6375902
SPY,2021-04-07,2021-04-07T16:00:00-04:00,406.57,2021-04-16,9.0,0.024657534246575342,283.0,call,123.59,123.75,101.73,1,,0.87672,0.9953,0.00023,0.0098,-0.03832,0.07646,spy_options_2021.parquet,6375903
SPY,2021-04-07,2021-04-07T16:00:00-04:00,406.57,2021-04-16,9.0,0.024657534246575342,283.0,put,0.0,0.01,0.01,135,,0.66636,-0.0009,-1e-05,0.00118,-0.00251,-0.00013,spy_options_2021.parquet,6375903
SPY,2021-04-07,2021-04-07T16:00:00-04:00,406.57,2021-04-16,9.0,0.024657534246575342,284.0,call,122.6,122.71,100.14,1,,0.85333,0.99504,0.00018,0.00865,-0.03264,0.07701,spy_options_2021.parquet,6375904
SPY,2021-04-07,2021-04-07T16:00:00-04:00,406.57,2021-04-16,9.0,0.024657534246575342,284.0,put,0.0,0.01,0.01,20,,0.66,-0.00057,-1e-05,0.00137,-0.00225,-0.00029,spy_options_2021.parquet,6375904
SPY,2021-04-07,2021-04-07T16:00:00-04:00,406.57,2021-04-16,9.0,0.024657534246575342,285.0,call,121.6,121.74,120.87,13,,0.86177,0.99528,0.00023,0.01015,-0.0376,0.07711,spy_options_2021.parquet,6375905
SPY,2021-04-07,2021-04-07T16:00:00-04:00,406.57,2021-04-16,9.0,0.024657534246575342,285.0,put,0.0,0.01,0.01,3,,0.65426,-0.00038,6e-05,0.00083,-0.00255,0.0,spy_options_2021.parquet,6375905
SPY,2021-04-07,2021-04-07T16:00:00-04:00,406.57,2021-04-16,9.0,0.024657534246575342,286.0,call,120.6,120.71,0.0,,,0.83749,0.99574,0.00028,0.00853,-0.0331,0.07806,spy_options_2021.parquet,6375906
SPY,2021-04-07,2021-04-07T16:00:00-04:00,406.57,2021-04-16,9.0,0.024657534246575342,286.0,put,0.0,0.01,0.01,19,,0.64855,-0.00057,8e-05,0.00145,-0.00255,0.0,spy_options_2021.parquet,6375906
SPY,2021-04-07,2021-04-07T16:00:00-04:00,406.57,2021-04-16,9.0,0.024657534246575342,287.0,call,119.59,119.76,107.8,27,,0.85102,0.99468,0.00022,0.01041,-0.03938,0.07766,spy_options_2021.parquet,6375907
SPY,2021-04-07,2021-04-07T16:00:00-04:00,406.57,2021-04-16,9.0,0.024657534246575342,287.0,put,0.0,0.01,0.01,0,,0.64223,-0.00055,8e-05,0.0008,-0.00226,0.0,spy_options_2021.parquet,6375907
SPY,2021-04-07,2021-04-07T16:00:00-04:00,406.57,2021-04-16,9.0,0.024657534246575342,288.0,call,118.6,118.72,88.31,1,,0.82827,0.99518,0.0002,0.00945,-0.03464,0.07821,spy_options_2021.parquet,6375908
SPY,2021-04-07,2021-04-07T16:00:00-04:00,406.57,2021-04-16,9.0,0.024657534246575342,288.0,put,0.0,0.01,0.01,0,,0.63632,-0.00088,6e-05,0.00091,-0.0027,-0.00032,spy_options_2021.parquet,6375908
SPY,2021-04-07,2021-04-07T16:00:00-04:00,406.57,2021-04-16,9.0,0.024657534246575342,289.0,call,117.56,117.66,100.42,5,,0.75254,0.99777,0.00015,0.00518,-0.01641,0.07876,spy_options_2021.parquet,6375909
SPY,2021-04-07,2021-04-07T16:00:00-04:00,406.57,2021-04-16,9.0,0.024657534246575342,289.0,put,0.0,0.01,0.01,2,,0.62993,-0.00028,7e-05,0.00063,-0.00256,0.0,spy_options_2021.parquet,6375909
SPY,2021-04-07,2021-04-07T16:00:00-04:00,406.57,2021-04-16,9.0,0.024657534246575342,290.0,call,116.6,116.76,93.0,5,,0.83205,0.99396,0.00031,0.01074,-0.04122,0.07855,spy_options_2021.parquet,6375910
SPY,2021-04-07,2021-04-07T16:00:00-04:00,406.57,2021-04-16,9.0,0.024657534246575342,290.0,put,0.0,0.01,0.01,0,,0.62435,-0.00091,8e-05,0.00085,-0.00231,0.0,spy_options_2021.parquet,6375910
SPY,2021-04-07,2021-04-07T16:00:00-04:00,406.57,2021-04-16,9.0,0.024657534246575342,291.0,call,115.43,115.69,92.6,1,,,1.0,0.0,0.0,0.0,0.07945,spy_options_2021.parquet,6375911
SPY,2021-04-07,2021-04-07T16:00:00-04:00,406.57,2021-04-16,9.0,0.024657534246575342,291.0,put,0.0,0.01,0.01,0,,0.61792,-0.00063,1e-05,0.00085,-0.00241,0.0,spy_options_2021.parquet,6375911
SPY,2021-04-07,2021-04-07T16:00:00-04:00,406.57,2021-04-16,9.0,0.024657534246575342,292.0,call,114.59,114.73,98.53,21,,0.79829,0.99532,0.00024,0.00971,-0.03451,0.07891,spy_options_2021.parquet,6375912
SPY,2021-04-07,2021-04-07T16:00:00-04:00,406.57,2021-04-16,9.0,0.024657534246575342,292.0,put,0.0,0.01,0.01,1,,0.61183,-0.00065,2e-05,0.00066,-0.00307,-5e-05,spy_options_2021.parquet,6375912
SPY,2021-04-07,2021-04-07T16:00:00-04:00,406.57,2021-04-16,9.0,0.024657534246575342,293.0,call,113.56,113.67,97.55,21,,0.73342,0.99665,0.00021,0.00605,-0.01894,0.0799,spy_options_2021.parquet,6375913
SPY,2021-04-07,2021-04-07T16:00:00-04:00,406.57,2021-04-16,9.0,0.024657534246575342,293.0,put,0.0,0.01,0.01,10,,0.60596,-0.00062,5e-05,0.00146,-0.00237,-0.00019,spy_options_2021.parquet,6375913
SPY,2021-04-07,2021-04-07T16:00:00-04:00,406.57,2021-04-16,9.0,0.024657534246575342,294.0,call,112.56,112.7,96.57,21,,0.74935,0.99583,0.00018,0.00708,-0.02382,0.07992,spy_options_2021.parquet,6375914
SPY,2021-04-07,2021-04-07T16:00:00-04:00,406.57,2021-04-16,9.0,0.024657534246575342,294.0,put,0.0,0.01,0.01,20,,0.60031,-0.00095,7e-05,0.00115,-0.00304,0.0,spy_options_2021.parquet,6375914
SPY,2021-04-07,2021-04-07T16:00:00-04:00,406.57,2021-04-16,9.0,0.024657534246575342,295.0,call,111.43,111.69,93.74,3,,,1.0,0.0,0.0,0.0,0.08033,spy_options_2021.parquet,6375915
SPY,2021-04-07,2021-04-07T16:00:00-04:00,406.57,2021-04-16,9.0,0.024657534246575342,295.0,put,0.0,0.01,0.01,102,,0.59407,-0.0007,5e-05,0.00064,-0.00263,-0.00029,spy_options_2021.parquet,6375915
SPY,2021-04-07,2021-04-07T16:00:00-04:00,406.57,2021-04-16,9.0,0.024657534246575342,296.0,call,110.59,110.73,93.2,4,,0.76848,0.99438,0.00025,0.01005,-0.03438,0.0807,spy_options_2021.parquet,6375916
SPY,2021-04-07,2021-04-07T16:00:00-04:00,406.57,2021-04-16,9.0,0.024657534246575342,296.0,put,0.0,0.01,0.01,0,,0.58898,-0.00069,1e-05,0.00105,-0.00295,-0.00043,spy_options_2021.parquet,6375916
SPY,2021-04-07,2021-04-07T16:00:00-04:00,406.57,2021-04-16,9.0,0.024657534246575342,297.0,call,109.59,109.76,93.35,1,,0.77451,0.99419,0.00034,0.01148,-0.03845,0.0807,spy_options_2021.parquet,6375917
SPY,2021-04-07,2021-04-07T16:00:00-04:00,406.57,2021-04-16,9.0,0.024657534246575342,297.0,put,0.0,0.01,0.06,228,,0.58251,-0.00049,9e-05,0.00078,-0.00296,-0.00046,spy_options_2021.parquet,6375917
SPY,2021-04-07,2021-04-07T16:00:00-04:00,406.57,2021-04-16,9.0,0.024657534246575342,298.0,call,108.43,108.69,91.21,12,,,1.0,0.0,0.0,-0.0005,0.08149,spy_options_2021.parquet,6375918
SPY,2021-04-07,2021-04-07T16:00:00-04:00,406.57,2021-04-16,9.0,0.024657534246575342,298.0,put,0.0,0.01,0.01,18,,0.57721,-0.00021,0.0,0.00128,-0.00234,-0.00051,spy_options_2021.parquet,6375918
SPY,2021-04-07,2021-04-07T16:00:00-04:00,406.57,2021-04-16,9.0,0.024657534246575342,299.0,call,107.56,107.7,89.17,48,,0.71373,0.99616,0.00024,0.00802,-0.02363,0.08123,spy_options_2021.parquet,6375919
SPY,2021-04-07,2021-04-07T16:00:00-04:00,406.57,2021-04-16,9.0,0.024657534246575342,299.0,put,0.0,0.01,0.01,7,,0.57139,-0.00058,1e-05,0.00112,-0.00307,-0.00049,spy_options_2021.parquet,6375919
SPY,2021-04-07,2021-04-07T16:00:00-04:00,406.57,2021-04-16,9.0,0.024657534246575342,300.0,call,106.44,106.69,106.35,1,,,1.0,0.0,0.0,-7e-05,0.08178,spy_options_2021.parquet,6375920
SPY,2021-04-07,2021-04-07T16:00:00-04:00,406.57,2021-04-16,9.0,0.024657534246575342,300.0,put,0.0,0.01,0.01,153,,0.56489,-0.00087,7e-05,0.00131,-0.0026,0.0,spy_options_2021.parquet,6375920
SPY,2021-04-07,2021-04-07T16:00:00-04:00,406.57,2021-04-16,9.0,0.024657534246575342,301.0,call,105.44,105.69,87.71,4,,,1.0,0.0,0.0,-3e-05,0.082,spy_options_2021.parquet,6375921
SPY,2021-04-07,2021-04-07T16:00:00-04:00,406.57,2021-04-16,9.0,0.024657534246575342,301.0,put,0.0,0.01,0.01,96,,0.55987,-0.00057,9e-05,0.00099,-0.00236,-9e-05,spy_options_2021.parquet,6375921
SPY,2021-04-07,2021-04-07T16:00:00-04:00,406.57,2021-04-16,9.0,0.024657534246575342,302.0,call,104.54,104.69,87.19,4,,0.67118,0.99721,0.00021,0.00686,-0.01869,0.08192,spy_options_2021.parquet,6375922
SPY,2021-04-07,2021-04-07T16:00:00-04:00,406.57,2021-04-16,9.0,0.024657534246575342,302.0,put,0.0,0.01,0.04,43,,0.55342,-0.00021,4e-05,0.00092,-0.00258,-0.00032,spy_options_2021.parquet,6375922
SPY,2021-04-07,2021-04-07T16:00:00-04:00,406.57,2021-04-16,9.0,0.024657534246575342,303.0,call,103.54,103.66,85.72,4,,0.63703,0.99728,0.00013,0.00487,-0.01277,0.08316,spy_options_2021.parquet,6375923
SPY,2021-04-07,2021-04-07T16:00:00-04:00,406.57,2021-04-16,9.0,0.024657534246575342,303.0,put,0.0,0.01,0.16,1,,0.54749,-0.00096,6e-05,0.00115,-0.0021,-0.00036,spy_options_2021.parquet,6375923
SPY,2021-04-07,2021-04-07T16:00:00-04:00,406.57,2021-04-16,9.0,0.024657534246575342,304.0,call,102.59,102.73,85.24,4,,0.70973,0.9944,0.00035,0.01077,-0.034,0.08305,spy_options_2021.parquet,6375924
SPY,2021-04-07,2021-04-07T16:00:00-04:00,406.57,2021-04-16,9.0,0.024657534246575342,304.0,put,0.0,0.01,0.01,10,,0.54265,-2e-05,2e-05,0.00151,-0.00254,0.0,spy_options_2021.parquet,6375924
SPY,2021-04-07,2021-04-07T16:00:00-04:00,406.57,2021-04-16,9.0,0.024657534246575342,305.0,call,101.59,101.73,90.18,1,,0.70236,0.99451,0.0003,0.01095,-0.03389,0.08317,spy_options_2021.parquet,6375925
SPY,2021-04-07,2021-04-07T16:00:00-04:00,406.57,2021-04-16,9.0,0.024657534246575342,305.0,put,0.0,0.01,0.01,9,,0.53685,-0.00024,6e-05,0.00131,-0.00249,0.0,spy_options_2021.parquet,6375925
SPY,2021-04-07,2021-04-07T16:00:00-04:00,406.57,2021-04-16,9.0,0.024657534246575342,306.0,call,100.57,100.69,78.34,1,,0.66459,0.99627,0.0003,0.0078,-0.0236,0.08327,spy_options_2021.parquet,6375926
SPY,2021-04-07,2021-04-07T16:00:00-04:00,406.57,2021-04-16,9.0,0.024657534246575342,306.0,put,0.0,0.01,0.01,31,,0.53039,-0.00098,7e-05,0.00139,-0.00265,-0.00025,spy_options_2021.parquet,6375926
SPY,2021-04-07,2021-04-07T16:00:00-04:00,406.57,2021-04-16,9.0,0.024657534246575342,307.0,call,99.48,99.82,81.93,1,,0.67914,0.99503,0.00036,0.01028,-0.03078,0.0837,spy_options_2021.parquet,6375927
SPY,2021-04-07,2021-04-07T16:00:00-04:00,406.57,2021-04-16,9.0,0.024657534246575342,307.0,put,0.0,0.01,0.01,67,,0.52482,-0.00043,9e-05,0.00146,-0.00286,-0.00011,spy_options_2021.parquet,6375927
SPY,2021-04-07,2021-04-07T16:00:00-04:00,406.57,2021-04-16,9.0,0.024657534246575342,308.0,call,98.5,98.85,86.2,16,,0.6939,0.99303,0.00044,0.01226,-0.03791,0.0836,spy_options_2021.parquet,6375928
SPY,2021-04-07,2021-04-07T16:00:00-04:00,406.57,2021-04-16,9.0,0.024657534246575342,308.0,put,0.0,0.01,0.01,61,,0.51918,-0.00081,4e-05,0.00153,-0.00241,0.0,spy_options_2021.parquet,6375928
SPY,2021-04-07,2021-04-07T16:00:00-04:00,406.57,2021-04-16,9.0,0.024657534246575342,309.0,call,97.44,97.69,78.14,4,,,1.0,0.0,0.0,-0.00052,0.0848,spy_options_2021.parquet,6375929
SPY,2021-04-07,2021-04-07T16:00:00-04:00,406.57,2021-04-16,9.0,0.024657534246575342,309.0,put,0.0,0.01,0.01,7,,0.51379,-0.00055,8e-05,0.00102,-0.00281,0.0,spy_options_2021.parquet,6375929
SPY,2021-04-07,2021-04-07T16:00:00-04:00,406.57,2021-04-16,9.0,0.024657534246575342,310.0,call,96.57,96.67,96.24,6,,0.62434,0.99655,0.00029,0.00694,-0.01998,0.08493,spy_options_2021.parquet,6375930
SPY,2021-04-07,2021-04-07T16:00:00-04:00,406.57,2021-04-16,9.0,0.024657534246575342,310.0,put,0.01,0.01,0.02,6,,0.53751,-0.00059,6e-05,0.00235,-0.00522,-0.00013,spy_options_2021.parquet,6375930
SPY,2021-04-07,2021-04-07T16:00:00-04:00,406.57,2021-04-16,9.0,0.024657534246575342,311.0,call,95.57,95.67,77.77,4,,0.61765,0.99589,0.00029,0.00797,-0.02014,0.08435,spy_options_2021.parquet,6375931
SPY,2021-04-07,2021-04-07T16:00:00-04:00,406.57,2021-04-16,9.0,0.024657534246575342,311.0,put,0.0,0.01,0.01,6,,0.50251,-0.00079,3e-05,0.00122,-0.00259,-0.00042,spy_options_2021.parquet,6375931
SPY,2021-04-07,2021-04-07T16:00:00-04:00,406.57,2021-04-16,9.0,0.024657534246575342,312.0,call,94.57,94.67,82.95,2,,0.61086,0.99597,0.00029,0.00783,-0.01962,0.08517,spy_options_2021.parquet,6375932
SPY,2021-04-07,2021-04-07T16:00:00-04:00,406.57,2021-04-16,9.0,0.024657534246575342,312.0,put,0.0,0.01,0.02,2,,0.49645,-0.00083,0.0001,0.00112,-0.00245,0.0,spy_options_2021.parquet,6375932
SPY,2021-04-07,2021-04-07T16:00:00-04:00,406.57,2021-04-16,9.0,0.024657534246575342,313.0,call,93.52,93.7,83.33,2,,0.58943,0.99683,0.00024,0.00697,-0.01614,0.08524,spy_options_2021.parquet,6375933
SPY,2021-04-07,2021-04-07T16:00:00-04:00,406.57,2021-04-16,9.0,0.024657534246575342,313.0,put,0.0,0.01,0.02,10,,0.49141,-0.001,8e-05,0.00166,-0.00251,0.0,spy_options_2021.parquet,6375933
SPY,2021-04-07,2021-04-07T16:00:00-04:00,406.57,2021-04-16,9.0,0.024657534246575342,314.0,call,92.55,92.67,72.56,1,,0.58299,0.99641,0.00024,0.00699,-0.0161,0.08539,spy_options_2021.parquet,6375934
SPY,2021-04-07,2021-04-07T16:00:00-04:00,406.57,2021-04-16,9.0,0.024657534246575342,314.0,put,0.0,0.01,0.03,30,,0.48576,-0.00031,4e-05,0.00181,-0.00292,0.0,spy_options_2021.parquet,6375934
SPY,2021-04-07,2021-04-07T16:00:00-04:00,406.57,2021-04-16,9.0,0.024657534246575342,315.0,call,91.57,91.68,91.54,20,,0.59682,0.99605,0.00034,0.0079,-0.02134,0.08558,spy_options_2021.parquet,6375935
SPY,2021-04-07,2021-04-07T16:00:00-04:00,406.57,2021-04-16,9.0,0.024657534246575342,315.0,put,0.0,0.01,0.01,131,,0.47994,-0.00054,4e-05,0.00094,-0.00238,-0.00038,spy_options_2021.parquet,6375935
SPY,2021-04-07,2021-04-07T16:00:00-04:00,406.57,2021-04-16,9.0,0.024657534246575342,316.0,call,90.57,90.71,80.27,3,,0.60645,0.99443,0.00036,0.00996,-0.02651,0.08583,spy_options_2021.parquet,6375936
SPY,2021-04-07,2021-04-07T16:00:00-04:00,406.57,2021-04-16,9.0,0.024657534246575342,316.0,put,0.01,0.02,0.03,1,,0.5196,-0.00133,0.0001,0.00279,-0.00726,-0.00044,spy_options_2021.parquet,6375936
SPY,2021-04-07,2021-04-07T16:00:00-04:00,406.57,2021-04-16,9.0,0.024657534246575342,317.0,call,89.55,89.67,78.92,1,,0.56378,0.99701,0.00022,0.00639,-0.01649,0.08656,spy_options_2021.parquet,6375937
SPY,2021-04-07,2021-04-07T16:00:00-04:00,406.57,2021-04-16,9.0,0.024657534246575342,317.0,put,0.01,0.02,0.02,4,,0.51378,-0.00193,0.00019,0.00363,-0.00642,-3e-05,spy_options_2021.parquet,6375937
SPY,2021-04-07,2021-04-07T16:00:00-04:00,406.57,2021-04-16,9.0,0.024657534246575342,318.0,call,88.57,88.71,77.61,6,,0.59288,0.99483,0.00035,0.01053,-0.02654,0.08657,spy_options_2021.parquet,6375938
SPY,2021-04-07,2021-04-07T16:00:00-04:00,406.57,2021-04-16,9.0,0.024657534246575342,318.0,put,0.01,0.02,0.02,1,,0.50901,-0.00177,0.00015,0.00374,-0.00752,-0.0006,spy_options_2021.parquet,6375938
SPY,2021-04-07,2021-04-07T16:00:00-04:00,406.57,2021-04-16,9.0,0.024657534246575342,319.0,call,87.55,87.67,74.7,4,,0.55126,0.99674,0.00024,0.00661,-0.01583,0.08711,spy_options_2021.parquet,6375939
SPY,2021-04-07,2021-04-07T16:00:00-04:00,406.57,2021-04-16,9.0,0.024657534246575342,319.0,put,0.01,0.02,0.04,0,,0.50282,-0.00203,0.00014,0.00308,-0.00669,0.0,spy_options_2021.parquet,6375939
SPY,2021-04-07,2021-04-07T16:00:00-04:00,406.57,2021-04-16,9.0,0.024657534246575342,320.0,call,86.56,86.74,86.36,54,,0.58764,0.99441,0.00047,0.01132,-0.0298,0.08653,spy_options_2021.parquet,6375940
SPY,2021-04-07,2021-04-07T16:00:00-04:00,406.57,2021-04-16,9.0,0.024657534246575342,320.0,put,0.01,0.02,0.02,26,,0.49616,-0.00115,0.00012,0.00347,-0.00683,-0.00029,spy_options_2021.parquet,6375940
SPY,2021-04-07,2021-04-07T16:00:00-04:00,406.57,2021-04-16,9.0,0.024657534246575342,321.0,call,85.55,85.67,72.71,4,,0.5377,0.99661,0.00033,0.00727,-0.01595,0.08713,spy_options_2021.parquet,6375941
SPY,2021-04-07,2021-04-07T16:00:00-04:00,406.57,2021-04-16,9.0,0.024657534246575342,321.0,put,0.01,0.02,0.03,0,,0.48969,-0.0019,0.00018,0.0034,-0.007,-0.00016,spy_options_2021.parquet,6375941
SPY,2021-04-07,2021-04-07T16:00:00-04:00,406.57,2021-04-16,9.0,0.024657534246575342,322.0,call,84.58,84.68,74.07,2,,0.55531,0.99495,0.00035,0.00985,-0.02297,0.08792,spy_options_2021.parquet,6375942
SPY,2021-04-07,2021-04-07T16:00:00-04:00,406.57,2021-04-16,9.0,0.024657534246575342,322.0,put,0.01,0.02,0.01,1,,0.48438,-0.00182,0.0002,0.00333,-0.00727,-0.00061,spy_options_2021.parquet,6375942
SPY,2021-04-07,2021-04-07T16:00:00-04:00,406.57,2021-04-16,9.0,0.024657534246575342,323.0,call,83.55,83.67,71.7,30,,0.52456,0.99628,0.00035,0.00704,-0.01588,0.08822,spy_options_2021.parquet,6375943
SPY,2021-04-07,2021-04-07T16:00:00-04:00,406.57,2021-04-16,9.0,0.024657534246575342,323.0,put,0.01,0.02,0.12,20,,0.47919,-0.00181,0.00017,0.00356,-0.00717,0.0,spy_options_2021.parquet,6375943
SPY,2021-04-07,2021-04-07T16:00:00-04:00,406.57,2021-04-16,9.0,0.024657534246575342,324.0,call,82.56,82.74,70.21,4,,0.56027,0.99379,0.00045,0.01236,-0.02976,0.08791,spy_options_2021.parquet,6375944
SPY,2021-04-07,2021-04-07T16:00:00-04:00,406.57,2021-04-16,9.0,0.024657534246575342,324.0,put,0.01,0.02,0.03,3,,0.47238,-0.00184,0.00015,0.00325,-0.00708,0.0,spy_options_2021.parquet,6375944
SPY,2021-04-07,2021-04-07T16:00:00-04:00,406.57,2021-04-16,9.0,0.024657534246575342,325.0,call,81.58,81.68,72.95,5,,0.53604,0.99484,0.0004,0.00998,-0.02312,0.08829,spy_options_2021.parquet,6375945
SPY,2021-04-07,2021-04-07T16:00:00-04:00,406.57,2021-04-16,9.0,0.024657534246575342,325.0,put,0.01,0.02,0.02,394,,0.46671,-0.00178,0.00021,0.00314,-0.0073,0.0,spy_options_2021.parquet,6375945
SPY,2021-04-07,2021-04-07T16:00:00-04:00,406.57,2021-04-16,9.0,0.024657534246575342,326.0,call,80.58,80.68,69.54,1,,0.52906,0.99535,0.0004,0.00995,-0.02248,0.08885,spy_options_2021.parquet,6375946
SPY,2021-04-07,2021-04-07T16:00:00-04:00,406.57,2021-04-16,9.0,0.024657534246575342,326.0,put,0.01,0.02,0.02,207,,0.46053,-0.00122,0.0002,0.00318,-0.00637,-9e-05,spy_options_2021.parquet,6375946
SPY,2021-04-07,2021-04-07T16:00:00-04:00,406.57,2021-04-16,9.0,0.024657534246575342,327.0,call,79.62,79.77,66.19,8,,0.57162,0.99057,0.00065,0.01684,-0.04287,0.08888,spy_options_2021.parquet,6375947
SPY,2021-04-07,2021-04-07T16:00:00-04:00,406.57,2021-04-16,9.0,0.024657534246575342,327.0,put,0.01,0.02,0.04,0,,0.45524,-0.00174,0.00022,0.00389,-0.00699,-9e-05,spy_options_2021.parquet,6375947
SPY,2021-04-07,2021-04-07T16:00:00-04:00,406.57,2021-04-16,9.0,0.024657534246575342,328.0,call,78.58,78.72,64.47,11,,0.53392,0.99361,0.00048,0.01287,-0.02978,0.0891,spy_options_2021.parquet,6375948
SPY,2021-04-07,2021-04-07T16:00:00-04:00,406.57,2021-04-16,9.0,0.024657534246575342,328.0,put,0.01,0.02,0.04,0,,0.44908,-0.00147,0.00017,0.00378,-0.00729,-0.0004,spy_options_2021.parquet,6375948
SPY,2021-04-07,2021-04-07T16:00:00-04:00,406.57,2021-04-16,9.0,0.024657534246575342,329.0,call,77.56,77.68,65.76,4,,0.49857,0.99534,0.0004,0.0091,-0.01928,0.08958,spy_options_2021.parquet,6375949
SPY,2021-04-07,2021-04-07T16:00:00-04:00,406.57,2021-04-16,9.0,0.024657534246575342,329.0,put,0.02,0.03,0.03,40,,0.46455,-0.00249,0.00027,0.0052,-0.01097,-0.0001,spy_options_2021.parquet,6375949
SPY,2021-04-07,2021-04-07T16:00:00-04:00,406.57,2021-04-16,9.0,0.024657534246575342,330.0,call,76.56,76.68,75.85,3,,0.49263,0.99502,0.00037,0.0094,-0.01972,0.08998,spy_options_2021.parquet,6375950
SPY,2021-04-07,2021-04-07T16:00:00-04:00,406.57,2021-04-16,9.0,0.024657534246575342,330.0,put,0.01,0.02,0.03,48,,0.43754,-0.00144,0.00015,0.00426,-0.00711,0.0,spy_options_2021.parquet,6375950
SPY,2021-04-07,2021-04-07T16:00:00-04:00,406.57,2021-04-16,9.0,0.024657534246575342,331.0,call,75.56,75.68,57.96,4,,0.48586,0.99486,0.00037,0.00918,-0.01962,0.09008,spy_options_2021.parquet,6375951
SPY,2021-04-07,2021-04-07T16:00:00-04:00,406.57,2021-04-16,9.0,0.024657534246575342,331.0,put,0.01,0.02,0.03,1,,0.43103,-0.00162,0.00015,0.00347,-0.0066,-0.00033,spy_options_2021.parquet,6375951
SPY,2021-04-07,2021-04-07T16:00:00-04:00,406.57,2021-04-16,9.0,0.024657534246575342,332.0,call,74.57,74.75,55.24,2,,0.51423,0.9925,0.00061,0.01438,-0.03252,0.09007,spy_options_2021.parquet,6375952
SPY,2021-04-07,2021-04-07T16:00:00-04:00,406.57,2021-04-16,9.0,0.024657534246575342,332.0,put,0.01,0.02,0.02,506,,0.42586,-0.00175,0.00024,0.00367,-0.00635,0.0,spy_options_2021.parquet,6375952
SPY,2021-04-07,2021-04-07T16:00:00-04:00,406.57,2021-04-16,9.0,0.024657534246575342,333.0,call,73.56,73.68,62.2,1,,0.47242,0.99472,0.00041,0.00982,-0.01944,0.0909,spy_options_2021.parquet,6375953
SPY,2021-04-07,2021-04-07T16:00:00-04:00,406.57,2021-04-16,9.0,0.024657534246575342,333.0,put,0.02,0.03,0.03,1,,0.44028,-0.00292,0.00031,0.00616,-0.01078,-0.00059,spy_options_2021.parquet,6375953
SPY,2021-04-07,2021-04-07T16:00:00-04:00,406.57,2021-04-16,9.0,0.024657534246575342,334.0,call,72.59,72.69,60.79,6,,0.48545,0.99398,0.00059,0.01191,-0.02603,0.09098,spy_options_2021.parquet,6375954
SPY,2021-04-07,2021-04-07T16:00:00-04:00,406.57,2021-04-16,9.0,0.024657534246575342,334.0,put,0.02,0.03,0.03,3,,0.43439,-0.00238,0.00034,0.00558,-0.0105,-0.00082,spy_options_2021.parquet,6375954
SPY,2021-04-07,2021-04-07T16:00:00-04:00,406.57,2021-04-16,9.0,0.024657534246575342,335.0,call,71.57,71.75,66.0,3,,0.49329,0.9919,0.00064,0.01454,-0.03189,0.09042,spy_options_2021.parquet,6375955
SPY,2021-04-07,2021-04-07T16:00:00-04:00,406.57,2021-04-16,9.0,0.024657534246575342,335.0,put,0.02,0.03,0.03,9,,0.42812,-0.00277,0.00026,0.00601,-0.01092,-0.00028,spy_options_2021.parquet,6375955
SPY,2021-04-07,2021-04-07T16:00:00-04:00,406.57,2021-04-16,9.0,0.024657534246575342,336.0,call,70.57,70.68,59.7,10,,0.45876,0.99483,0.00053,0.00993,-0.02086,0.0911,spy_options_2021.parquet,6375956
SPY,2021-04-07,2021-04-07T16:00:00-04:00,406.57,2021-04-16,9.0,0.024657534246575342,336.0,put,0.02,0.03,0.05,4,,0.42241,-0.00266,0.00027,0.00607,-0.01033,-1e-05,spy_options_2021.parquet,6375956
SPY,2021-04-07,2021-04-07T16:00:00-04:00,406.57,2021-04-16,9.0,0.024657534246575342,337.0,call,69.59,69.73,55.62,1,,0.48019,0.99156,0.0007,0.01524,-0.03161,0.09121,spy_options_2021.parquet,6375957
SPY,2021-04-07,2021-04-07T16:00:00-04:00,406.57,2021-04-16,9.0,0.024657534246575342,337.0,put,0.02,0.03,0.06,9,,0.41641,-0.00294,0.00029,0.00559,-0.01019,-0.00077,spy_options_2021.parquet,6375957
SPY,2021-04-07,2021-04-07T16:00:00-04:00,406.57,2021-04-16,9.0,0.024657534246575342,338.0,call,68.57,68.76,55.82,8,,0.47619,0.9918,0.00071,0.01584,-0.03295,0.09178,spy_options_2021.parquet,6375958
SPY,2021-04-07,2021-04-07T16:00:00-04:00,406.57,2021-04-16,9.0,0.024657534246575342,338.0,put,0.02,0.03,0.03,20,,0.41032,-0.00283,0.00029,0.00596,-0.01081,0.0,spy_options_2021.parquet,6375958
SPY,2021-04-07,2021-04-07T16:00:00-04:00,406.57,2021-04-16,9.0,0.024657534246575342,339.0,call,67.58,67.76,55.83,4,,0.47308,0.9913,0.00077,0.01632,-0.03458,0.09129,spy_options_2021.parquet,6375959
SPY,2021-04-07,2021-04-07T16:00:00-04:00,406.57,2021-04-16,9.0,0.024657534246575342,339.0,put,0.02,0.03,0.03,2,,0.40473,-0.00315,0.00035,0.00649,-0.01009,-0.0005,spy_options_2021.parquet,6375959
SPY,2021-04-07,2021-04-07T16:00:00-04:00,406.57,2021-04-16,9.0,0.024657534246575342,340.0,call,66.57,66.69,59.79,3,,0.43721,0.99412,0.00056,0.0112,-0.02187,0.09254,spy_options_2021.parquet,6375960
SPY,2021-04-07,2021-04-07T16:00:00-04:00,406.57,2021-04-16,9.0,0.024657534246575342,340.0,put,0.02,0.03,0.03,187,,0.39875,-0.00266,0.00036,0.00628,-0.01023,-0.00075,spy_options_2021.parquet,6375960
SPY,2021-04-07,2021-04-07T16:00:00-04:00,406.57,2021-04-16,9.0,0.024657534246575342,341.0,call,65.59,65.73,49.65,1,,0.45363,0.99093,0.00075,0.01554,-0.03163,0.09287,spy_options_2021.parquet,6375961
SPY,2021-04-07,2021-04-07T16:00:00-04:00,406.57,2021-04-16,9.0,0.024657534246575342,341.0,put,0.02,0.03,0.06,0,,0.39264,-0.00287,0.00034,0.00598,-0.01023,-0.00071,spy_options_2021.parquet,6375961
SPY,2021-04-07,2021-04-07T16:00:00-04:00,406.57,2021-04-16,9.0,0.024657534246575342,342.0,call,64.59,64.73,54.08,4,,0.44596,0.99127,0.00074,0.01537,-0.03128,0.09241,spy_options_2021.parquet,6375962
SPY,2021-04-07,2021-04-07T16:00:00-04:00,406.57,2021-04-16,9.0,0.024657534246575342,342.0,put,0.02,0.03,0.03,91,,0.38671,-0.00285,0.00038,0.00656,-0.01043,0.0,spy_options_2021.parquet,6375962
SPY,2021-04-07,2021-04-07T16:00:00-04:00,406.57,2021-04-16,9.0,0.024657534246575342,343.0,call,63.57,63.69,51.36,4,,0.41861,0.99367,0.00068,0.01223,-0.02194,0.09271,spy_options_2021.parquet,6375963
SPY,2021-04-07,2021-04-07T16:00:00-04:00,406.57,2021-04-16,9.0,0.024657534246575342,343.0,put,0.03,0.04,0.04,3,,0.39446,-0.00444,0.00048,0.00858,-0.01369,-0.00077,spy_options_2021.parquet,6375963
SPY,2021-04-07,2021-04-07T16:00:00-04:00,406.57,2021-04-16,9.0,0.024657534246575342,344.0,call,62.58,62.69,52.58,5,,0.41555,0.99287,0.00064,0.01269,-0.02387,0.09325,spy_options_2021.parquet,6375964
SPY,2021-04-07,2021-04-07T16:00:00-04:00,406.57,2021-04-16,9.0,0.024657534246575342,344.0,put,0.03,0.04,0.04,3,,0.3886,-0.004,0.00046,0.00893,-0.01364,-0.00085,spy_options_2021.parquet,6375964
SPY,2021-04-07,2021-04-07T16:00:00-04:00,406.57,2021-04-16,9.0,0.024657534246575342,345.0,call,61.64,61.76,61.52,10,,0.44822,0.98814,0.00105,0.0215,-0.04243,0.09322,spy_options_2021.parquet,6375965
SPY,2021-04-07,2021-04-07T16:00:00-04:00,406.57,2021-04-16,9.0,0.024657534246575342,345.0,put,0.03,0.04,0.05,69,,0.38285,-0.00406,0.00046,0.00851,-0.01361,-0.00085,spy_options_2021.parquet,6375965
SPY,2021-04-07,2021-04-07T16:00:00-04:00,406.57,2021-04-16,9.0,0.024657534246575342,346.0,call,60.6,60.74,48.9,4,,0.42567,0.99015,0.00095,0.01802,-0.03404,0.09332,spy_options_2021.parquet,6375966
SPY,2021-04-07,2021-04-07T16:00:00-04:00,406.57,2021-04-16,9.0,0.024657534246575342,346.0,put,0.03,0.04,0.04,37,,0.3759,-0.00451,0.00047,0.00826,-0.0138,-7e-05,spy_options_2021.parquet,6375966
SPY,2021-04-07,2021-04-07T16:00:00-04:00,406.57,2021-04-16,9.0,0.024657534246575342,347.0,call,59.59,59.77,59.85,0,,0.42441,0.9887,0.001,0.01948,-0.03714,0.09406,spy_options_2021.parquet,6375967
SPY,2021-04-07,2021-04-07T16:00:00-04:00,406.57,2021-04-16,9.0,0.024657534246575342,347.0,put,0.03,0.04,0.05,7,,0.37037,-0.00403,0.00054,0.009,-0.0137,-0.00061,spy_options_2021.parquet,6375967
SPY,2021-04-07,2021-04-07T16:00:00-04:00,406.57,2021-04-16,9.0,0.024657534246575342,348.0,call,58.58,58.7,45.67,46,,0.39342,0.99197,0.00079,0.01429,-0.02477,0.09486,spy_options_2021.parquet,6375968
SPY,2021-04-07,2021-04-07T16:00:00-04:00,406.57,2021-04-16,9.0,0.024657534246575342,348.0,put,0.03,0.04,0.05,32,,0.36409,-0.00414,0.00052,0.00938,-0.01419,-0.00017,spy_options_2021.parquet,6375968
SPY,2021-04-07,2021-04-07T16:00:00-04:00,406.57,2021-04-16,9.0,0.024657534246575342,349.0,call,57.58,57.7,47.28,3,,0.38703,0.99229,0.00078,0.01429,-0.02545,0.0951,spy_options_2021.parquet,6375969
SPY,2021-04-07,2021-04-07T16:00:00-04:00,406.57,2021-04-16,9.0,0.024657534246575342,349.0,put,0.03,0.04,0.04,40,,0.35718,-0.00408,0.00054,0.00906,-0.01322,-0.00073,spy_options_2021.parquet,6375969
SPY,2021-04-07,2021-04-07T16:00:00-04:00,406.57,2021-04-16,9.0,0.024657534246575342,350.0,call,56.6,56.74,56.0,45,,0.39888,0.98983,0.00101,0.01894,-0.03391,0.09429,spy_options_2021.parquet,6375970
SPY,2021-04-07,2021-04-07T16:00:00-04:00,406.57,2021-04-16,9.0,0.024657534246575342,350.0,put,0.04,0.05,0.04,394,,0.36212,-0.00617,0.00067,0.01077,-0.0174,-0.00046,spy_options_2021.parquet,6375970
SPY,2021-04-07,2021-04-07T16:00:00-04:00,406.57,2021-04-16,9.0,0.024657534246575342,351.0,call,55.61,55.74,54.67,1,,0.39448,0.98857,0.0011,0.01947,-0.03553,0.09526,spy_options_2021.parquet,6375971
SPY,2021-04-07,2021-04-07T16:00:00-04:00,406.57,2021-04-16,9.0,0.024657534246575342,351.0,put,0.04,0.05,0.05,63,,0.35547,-0.00563,0.00065,0.0115,-0.01676,-0.00086,spy_options_2021.parquet,6375971
SPY,2021-04-07,2021-04-07T16:00:00-04:00,406.57,2021-04-16,9.0,0.024657534246575342,352.0,call,54.59,54.71,54.45,3,,0.37404,0.99065,0.00094,0.01645,-0.02732,0.09508,spy_options_2021.parquet,6375972
SPY,2021-04-07,2021-04-07T16:00:00-04:00,406.57,2021-04-16,9.0,0.024657534246575342,352.0,put,0.04,0.05,0.04,20,,0.34913,-0.00569,0.00072,0.01116,-0.01711,-0.00031,spy_options_2021.parquet,6375972
SPY,2021-04-07,2021-04-07T16:00:00-04:00,406.57,2021-04-16,9.0,0.024657534246575342,353.0,call,53.62,53.74,36.06,1,,0.38372,0.98796,0.00122,0.02121,-0.03647,0.09526,spy_options_2021.parquet,6375973
SPY,2021-04-07,2021-04-07T16:00:00-04:00,406.57,2021-04-16,9.0,0.024657534246575342,353.0,put,0.04,0.05,0.04,1753,,0.34348,-0.0055,0.00077,0.011,-0.01674,-0.00115,spy_options_2021.parquet,6375973
SPY,2021-04-07,2021-04-07T16:00:00-04:00,406.57,2021-04-16,9.0,0.024657534246575342,354.0,call,52.59,52.71,51.99,1,,0.36084,0.99074,0.00101,0.01729,-0.02707,0.09544,spy_options_2021.parquet,6375974
SPY,2021-04-07,2021-04-07T16:00:00-04:00,406.57,2021-04-16,9.0,0.024657534246575342,354.0,put,0.04,0.05,0.05,28,,0.33775,-0.00582,0.00072,0.01149,-0.0174,-0.00101,spy_options_2021.parquet,6375974
SPY,2021-04-07,2021-04-07T16:00:00-04:00,406.57,2021-04-16,9.0,0.024657534246575342,355.0,call,51.59,51.72,50.9,2,,0.35753,0.99,0.00107,0.01855,-0.02912,0.09607,spy_options_2021.parquet,6375975
SPY,2021-04-07,2021-04-07T16:00:00-04:00,406.57,2021-04-16,9.0,0.024657534246575342,355.0,put,0.05,0.06,0.05,1390,,0.33906,-0.00715,0.00083,0.01398,-0.01997,-0.00069,spy_options_2021.parquet,6375975
SPY,2021-04-07,2021-04-07T16:00:00-04:00,406.57,2021-04-16,9.0,0.024657534246575342,356.0,call,50.6,50.71,44.4,2,,0.35093,0.98973,0.00118,0.0184,-0.02895,0.09656,spy_options_2021.parquet,6375976
SPY,2021-04-07,2021-04-07T16:00:00-04:00,406.57,2021-04-16,9.0,0.024657534246575342,356.0,put,0.05,0.06,0.05,40,,0.33298,-0.00723,0.0009,0.01378,-0.01962,-0.00056,spy_options_2021.parquet,6375976
SPY,2021-04-07,2021-04-07T16:00:00-04:00,406.57,2021-04-16,9.0,0.024657534246575342,357.0,call,49.62,49.76,48.79,0,,0.36068,0.98646,0.00146,0.02353,-0.03849,0.09577,spy_options_2021.parquet,6375977
SPY,2021-04-07,2021-04-07T16:00:00-04:00,406.57,2021-04-16,9.0,0.024657534246575342,357.0,put,0.05,0.06,0.07,22,,0.32646,-0.00748,0.00097,0.01415,-0.02004,-0.00056,spy_options_2021.parquet,6375977
SPY,2021-04-07,2021-04-07T16:00:00-04:00,406.57,2021-04-16,9.0,0.024657534246575342,358.0,call,48.6,48.72,48.68,3,,0.34032,0.9893,0.00125,0.01971,-0.03011,0.097,spy_options_2021.parquet,6375978
SPY,2021-04-07,2021-04-07T16:00:00-04:00,406.57,2021-04-16,9.0,0.024657534246575342,358.0,put,0.05,0.06,0.06,81,,0.31999,-0.00782,0.00093,0.01412,-0.02003,-0.00135,spy_options_2021.parquet,6375978
SPY,2021-04-07,2021-04-07T16:00:00-04:00,406.57,2021-04-16,9.0,0.024657534246575342,359.0,call,47.6,47.72,47.78,2,,0.33348,0.98828,0.00134,0.02004,-0.02956,0.09716,spy_options_2021.parquet,6375979
SPY,2021-04-07,2021-04-07T16:00:00-04:00,406.57,2021-04-16,9.0,0.024657534246575342,359.0,put,0.06,0.07,0.06,49,,0.32071,-0.00869,0.00106,0.01611,-0.02264,-0.00052,spy_options_2021.parquet,6375979
SPY,2021-04-07,2021-04-07T16:00:00-04:00,406.57,2021-04-16,9.0,0.024657534246575342,360.0,call,46.66,46.8,46.75,28,,0.35582,0.98169,0.00181,0.0295,-0.04904,0.09694,spy_options_2021.parquet,6375980
SPY,2021-04-07,2021-04-07T16:00:00-04:00,406.57,2021-04-16,9.0,0.024657534246575342,360.0,put,0.06,0.07,0.06,1799,,0.31409,-0.0091,0.00112,0.01607,-0.0227,-0.00111,spy_options_2021.parquet,6375980
SPY,2021-04-07,2021-04-07T16:00:00-04:00,406.57,2021-04-16,9.0,0.024657534246575342,361.0,call,45.62,45.77,45.5,0,,0.33624,0.98492,0.00171,0.02615,-0.03898,0.0975,spy_options_2021.parquet,6375981
SPY,2021-04-07,2021-04-07T16:00:00-04:00,406.57,2021-04-16,9.0,0.024657534246575342,361.0,put,0.06,0.07,0.06,55,,0.30799,-0.00903,0.00124,0.01694,-0.02313,-0.0011,spy_options_2021.parquet,6375981
SPY,2021-04-07,2021-04-07T16:00:00-04:00,406.57,2021-04-16,9.0,0.024657534246575342,362.0,call,44.64,44.74,44.84,0,,0.32717,0.98484,0.00173,0.02548,-0.03821,0.09729,spy_options_2021.parquet,6375982
SPY,2021-04-07,2021-04-07T16:00:00-04:00,406.57,2021-04-16,9.0,0.024657534246575342,362.0,put,0.06,0.07,0.07,519,,0.30127,-0.00921,0.00128,0.01661,-0.02269,-0.0014,spy_options_2021.parquet,6375982
SPY,2021-04-07,2021-04-07T16:00:00-04:00,406.57,2021-04-16,9.0,0.024657534246575342,363.0,call,43.62,43.73,38.08,2,,0.31464,0.98623,0.00167,0.02335,-0.03334,0.09739,spy_options_2021.parquet,6375983
SPY,2021-04-07,2021-04-07T16:00:00-04:00,406.57,2021-04-16,9.0,0.024657534246575342,363.0,put,0.07,0.08,0.09,106,,0.30129,-0.0103,0.00143,0.01896,-0.02517,-0.00132,spy_options_2021.parquet,6375983
SPY,2021-04-07,2021-04-07T16:00:00-04:00,406.57,2021-04-16,9.0,0.024657534246575342,364.0,call,42.67,42.79,41.98,68,,0.32794,0.9807,0.00214,0.03189,-0.04793,0.09743,spy_options_2021.parquet,6375984
SPY,2021-04-07,2021-04-07T16:00:00-04:00,406.57,2021-04-16,9.0,0.024657534246575342,364.0,put,0.07,0.08,0.08,599,,0.2941,-0.01049,0.00145,0.01945,-0.02598,-0.00118,spy_options_2021.parquet,6375984
SPY,2021-04-07,2021-04-07T16:00:00-04:00,406.57,2021-04-16,9.0,0.024657534246575342,365.0,call,41.66,41.75,41.82,62,,0.31228,0.98273,0.002,0.02839,-0.04172,0.09805,spy_options_2021.parquet,6375985
SPY,2021-04-07,2021-04-07T16:00:00-04:00,406.57,2021-04-16,9.0,0.024657534246575342,365.0,put,0.07,0.08,0.07,2501,,0.28811,-0.0107,0.00153,0.01967,-0.02533,-0.00118,spy_options_2021.parquet,6375985
SPY,2021-04-07,2021-04-07T16:00:00-04:00,406.57,2021-04-16,9.0,0.024657534246575342,366.0,call,40.68,40.82,40.34,1,,0.31965,0.97767,0.0024,0.03511,-0.05265,0.09819,spy_options_2021.parquet,6375986
SPY,2021-04-07,2021-04-07T16:00:00-04:00,406.57,2021-04-16,9.0,0.024657534246575342,366.0,put,0.08,0.09,0.08,530,,0.28608,-0.01256,0.00173,0.02168,-0.02839,-0.00128,spy_options_2021.parquet,6375986
SPY,2021-04-07,2021-04-07T16:00:00-04:00,406.57,2021-04-16,9.0,0.024657534246575342,367.0,call,39.69,39.81,39.5,0,,0.31239,0.97725,0.00253,0.03548,-0.05236,0.0975,spy_options_2021.parquet,6375987
SPY,2021-04-07,2021-04-07T16:00:00-04:00,406.57,2021-04-16,9.0,0.024657534246575342,367.0,put,0.08,0.09,0.1,8,,0.28025,-0.01309,0.00174,0.02275,-0.02791,-0.00176,spy_options_2021.parquet,6375987
SPY,2021-04-07,2021-04-07T16:00:00-04:00,406.57,2021-04-16,9.0,0.024657534246575342,368.0,call,38.65,38.83,32.2,11,,0.30269,0.97844,0.00257,0.0355,-0.04917,0.09844,spy_options_2021.parquet,6375988
SPY,2021-04-07,2021-04-07T16:00:00-04:00,406.57,2021-04-16,9.0,0.024657534246575342,368.0,put,0.09,0.1,0.09,1603,,0.27751,-0.01452,0.00196,0.02494,-0.03036,-0.00189,spy_options_2021.parquet,6375988
SPY,2021-04-07,2021-04-07T16:00:00-04:00,406.57,2021-04-16,9.0,0.024657534246575342,369.0,call,37.65,37.83,37.64,1,,0.29599,0.97792,0.00267,0.03559,-0.04965,0.09883,spy_options_2021.parquet,6375989
SPY,2021-04-07,2021-04-07T16:00:00-04:00,406.57,2021-04-16,9.0,0.024657534246575342,369.0,put,0.1,0.11,0.11,236,,0.27519,-0.01543,0.00216,0.02692,-0.03349,-0.00161,spy_options_2021.parquet,6375989
SPY,2021-04-07,2021-04-07T16:00:00-04:00,406.57,2021-04-16,9.0,0.024657534246575342,370.0,call,36.65,36.76,36.17,18,,0.27874,0.98083,0.00248,0.03141,-0.04048,0.09926,spy_options_2021.parquet,6375990
SPY,2021-04-07,2021-04-07T16:00:00-04:00,406.57,2021-04-16,9.0,0.024657534246575342,370.0,put,0.1,0.11,0.1,6228,,0.26854,-0.01549,0.00218,0.02696,-0.03237,-0.00161,spy_options_2021.parquet,6375990
SPY,2021-04-07,2021-04-07T16:00:00-04:00,406.57,2021-04-16,9.0,0.024657534246575342,371.0,call,35.66,35.79,35.67,1,,0.27794,0.97823,0.00279,0.03562,-0.04484,0.09903,spy_options_2021.parquet,6375991
SPY,2021-04-07,2021-04-07T16:00:00-04:00,406.57,2021-04-16,9.0,0.024657534246575342,371.0,put,0.11,0.12,0.11,2793,,0.26566,-0.01738,0.00244,0.02959,-0.0355,-0.00182,spy_options_2021.parquet,6375991
SPY,2021-04-07,2021-04-07T16:00:00-04:00,406.57,2021-04-16,9.0,0.024657534246575342,372.0,call,34.7,34.79,33.98,0,,0.27568,0.97565,0.00307,0.03874,-0.0493,0.0989,spy_options_2021.parquet,6375992
SPY,2021-04-07,2021-04-07T16:00:00-04:00,406.57,2021-04-16,9.0,0.024657534246575342,372.0,put,0.12,0.13,0.15,39,,0.26178,-0.019,0.00264,0.03144,-0.03728,-0.00211,spy_options_2021.parquet,6375992
SPY,2021-04-07,2021-04-07T16:00:00-04:00,406.57,2021-04-16,9.0,0.024657534246575342,373.0,call,33.67,33.79,33.16,0,,0.26492,0.97642,0.00314,0.03773,-0.04608,0.09939,spy_options_2021.parquet,6375993
SPY,2021-04-07,2021-04-07T16:00:00-04:00,406.57,2021-04-16,9.0,0.024657534246575342,373.0,put,0.12,0.13,0.12,691,,0.25496,-0.01931,0.0028,0.03236,-0.03792,-0.00223,spy_options_2021.parquet,6375993
SPY,2021-04-07,2021-04-07T16:00:00-04:00,406.57,2021-04-16,9.0,0.024657534246575342,374.0,call,32.69,32.87,33.35,0,,0.27012,0.97115,0.00373,0.04508,-0.05672,0.09933,spy_options_2021.parquet,6375994
SPY,2021-04-07,2021-04-07T16:00:00-04:00,406.57,2021-04-16,9.0,0.024657534246575342,374.0,put,0.13,0.14,0.14,811,,0.25132,-0.02081,0.00299,0.03441,-0.04002,-0.00229,spy_options_2021.parquet,6375994
SPY,2021-04-07,2021-04-07T16:00:00-04:00,406.57,2021-04-16,9.0,0.024657534246575342,375.0,call,31.74,31.88,31.82,109,,0.26904,0.96666,0.00409,0.05013,-0.06246,0.09908,spy_options_2021.parquet,6375995
SPY,2021-04-07,2021-04-07T16:00:00-04:00,406.57,2021-04-16,9.0,0.024657534246575342,375.0,put,0.14,0.15,0.15,2801,,0.24738,-0.02311,0.00324,0.03715,-0.04229,-0.00289,spy_options_2021.parquet,6375995
SPY,2021-04-07,2021-04-07T16:00:00-04:00,406.57,2021-04-16,9.0,0.024657534246575342,376.0,call,30.7,30.82,30.58,15,,0.25115,0.97169,0.00383,0.04358,-0.05173,0.09987,spy_options_2021.parquet,6375996
SPY,2021-04-07,2021-04-07T16:00:00-04:00,406.57,2021-04-16,9.0,0.024657534246575342,376.0,put,0.15,0.16,0.16,156,,0.24317,-0.02465,0.00359,0.03902,-0.04429,-0.00256,spy_options_2021.parquet,6375996
SPY,2021-04-07,2021-04-07T16:00:00-04:00,406.57,2021-04-16,9.0,0.024657534246575342,377.0,call,29.73,29.87,29.82,2,,0.25224,0.96579,0.00445,0.05003,-0.05958,0.09904,spy_options_2021.parquet,6375997
SPY,2021-04-07,2021-04-07T16:00:00-04:00,406.57,2021-04-16,9.0,0.024657534246575342,377.0,put,0.16,0.17,0.16,44,,0.23837,-0.02684,0.00388,0.04177,-0.04585,-0.00342,spy_options_2021.parquet,6375997
SPY,2021-04-07,2021-04-07T16:00:00-04:00,406.57,2021-04-16,9.0,0.024657534246575342,378.0,call,28.73,28.9,28.5,7,,0.24843,0.96352,0.00474,0.05317,-0.0622,0.09902,spy_options_2021.parquet,6375998
SPY,2021-04-07,2021-04-07T16:00:00-04:00,406.57,2021-04-16,9.0,0.024657534246575342,378.0,put,0.17,0.18,0.18,114,,0.23428,-0.02859,0.00418,0.04459,-0.04773,-0.00368,spy_options_2021.parquet,6375998
SPY,2021-04-07,2021-04-07T16:00:00-04:00,406.57,2021-04-16,9.0,0.024657534246575342,379.0,call,27.79,27.92,27.54,6,,0.24801,0.95855,0.00532,0.05935,-0.06994,0.09921,spy_options_2021.parquet,6375999
SPY,2021-04-07,2021-04-07T16:00:00-04:00,406.57,2021-04-16,9.0,0.024657534246575342,379.0,put,0.19,0.2,0.2,56,,0.23148,-0.03209,0.00461,0.04872,-0.05149,-0.00362,spy_options_2021.parquet,6375999
SPY,2021-04-07,2021-04-07T16:00:00-04:00,406.57,2021-04-16,9.0,0.024657534246575342,380.0,call,26.76,26.93,26.33,712,,0.23824,0.95827,0.00556,0.05999,-0.06753,0.09897,spy_options_2021.parquet,6376000
SPY,2021-04-07,2021-04-07T16:00:00-04:00,406.57,2021-04-16,9.0,0.024657534246575342,380.0,put,0.2,0.21,0.21,4418,,0.22581,-0.03348,0.00491,0.05111,-0.05381,-0.00391,spy_options_2021.parquet,6376000
SPY,2021-04-07,2021-04-07T16:00:00-04:00,406.57,2021-04-16,9.0,0.024657534246575342,381.0,call,25.83,25.94,25.94,101,,0.23744,0.95331,0.0061,0.06618,-0.07435,0.09904,spy_options_2021.parquet,6376001
SPY,2021-04-07,2021-04-07T16:00:00-04:00,406.57,2021-04-16,9.0,0.024657534246575342,381.0,put,0.22,0.23,0.21,1168,,0.2219,-0.03692,0.00542,0.0555,-0.05761,-0.00375,spy_options_2021.parquet,6376001
SPY,2021-04-07,2021-04-07T16:00:00-04:00,406.57,2021-04-16,9.0,0.024657534246575342,382.0,call,24.79,24.97,24.69,101,,0.22888,0.95218,0.00649,0.06644,-0.07276,0.09945,spy_options_2021.parquet,6376002
SPY,2021-04-07,2021-04-07T16:00:00-04:00,406.57,2021-04-16,9.0,0.024657534246575342,382.0,put,0.23,0.24,0.23,198,,0.21719,-0.03963,0.00586,0.05826,-0.05904,-0.00456,spy_options_2021.parquet,6376002
SPY,2021-04-07,2021-04-07T16:00:00-04:00,406.57,2021-04-16,9.0,0.024657534246575342,383.0,call,23.81,23.98,23.73,102,,0.22295,0.94926,0.00698,0.07008,-0.07479,0.0994,spy_options_2021.parquet,6376003
SPY,2021-04-07,2021-04-07T16:00:00-04:00,406.57,2021-04-16,9.0,0.024657534246575342,383.0,put,0.25,0.26,0.26,149,,0.21252,-0.04353,0.00639,0.0624,-0.06261,-0.00481,spy_options_2021.parquet,6376003
SPY,2021-04-07,2021-04-07T16:00:00-04:00,406.57,2021-04-16,9.0,0.024657534246575342,384.0,call,22.85,22.98,22.74,6,,0.21749,0.94588,0.00757,0.07443,-0.07771,0.09876,spy_options_2021.parquet,6376004
SPY,2021-04-07,2021-04-07T16:00:00-04:00,406.57,2021-04-16,9.0,0.024657534246575342,384.0,put,0.27,0.28,0.29,135,,0.20815,-0.04646,0.00701,0.06621,-0.06587,-0.00515,spy_options_2021.parquet,6376004
SPY,2021-04-07,2021-04-07T16:00:00-04:00,406.57,2021-04-16,9.0,0.024657534246575342,385.0,call,21.85,21.97,21.96,39,,0.20959,0.94408,0.00795,0.07586,-0.076,0.09946,spy_options_2021.parquet,6376005
SPY,2021-04-07,2021-04-07T16:00:00-04:00,406.57,2021-04-16,9.0,0.024657534246575342,385.0,put,0.29,0.3,0.3,1617,,0.20379,-0.0504,0.00768,0.07097,-0.06854,-0.00564,spy_options_2021.parquet,6376005
SPY,2021-04-07,2021-04-07T16:00:00-04:00,406.57,2021-04-16,9.0,0.024657534246575342,386.0,call,20.9,21.03,20.35,103,,0.20805,0.93643,0.00895,0.08403,-0.08506,0.0987,spy_options_2021.parquet,6376006
SPY,2021-04-07,2021-04-07T16:00:00-04:00,406.57,2021-04-16,9.0,0.024657534246575342,386.0,put,0.32,0.33,0.33,232,,0.19919,-0.0562,0.00846,0.07667,-0.07319,-0.00655,spy_options_2021.parquet,6376006
SPY,2021-04-07,2021-04-07T16:00:00-04:00,406.57,2021-04-16,9.0,0.024657534246575342,387.0,call,19.92,20.06,19.95,136,,0.20261,0.93103,0.00965,0.08883,-0.08809,0.09822,spy_options_2021.parquet,6376007
SPY,2021-04-07,2021-04-07T16:00:00-04:00,406.57,2021-04-16,9.0,0.024657534246575342,387.0,put,0.35,0.36,0.38,1640,,0.1954,-0.06114,0.00928,0.0819,-0.07715,-0.00731,spy_options_2021.parquet,6376007
SPY,2021-04-07,2021-04-07T16:00:00-04:00,406.57,2021-04-16,9.0,0.024657534246575342,388.0,call,18.94,19.12,19.21,99,,0.19887,0.92432,0.01059,0.09571,-0.09279,0.09756,spy_options_2021.parquet,6376008
SPY,2021-04-07,2021-04-07T16:00:00-04:00,406.57,2021-04-16,9.0,0.024657534246575342,388.0,put,0.38,0.39,0.39,434,,0.19138,-0.06701,0.01013,0.08833,-0.08056,-0.00804,spy_options_2021.parquet,6376008
SPY,2021-04-07,2021-04-07T16:00:00-04:00,406.57,2021-04-16,9.0,0.024657534246575342,389.0,call,17.97,18.12,18.07,34,,0.19239,0.92052,0.01154,0.09987,-0.09373,0.0978,spy_options_2021.parquet,6376009
SPY,2021-04-07,2021-04-07T16:00:00-04:00,406.57,2021-04-16,9.0,0.024657534246575342,389.0,put,0.41,0.42,0.42,696,,0.18603,-0.07326,0.01111,0.09428,-0.08499,-0.008,spy_options_2021.parquet,6376009
SPY,2021-04-07,2021-04-07T16:00:00-04:00,406.57,2021-04-16,9.0,0.024657534246575342,390.0,call,17.01,17.18,17.12,10892,,0.18792,0.91181,0.01267,0.1077,-0.0999,0.09666,spy_options_2021.parquet,6376010
SPY,2021-04-07,2021-04-07T16:00:00-04:00,406.57,2021-04-16,9.0,0.024657534246575342,390.0,put,0.45,0.46,0.46,14046,,0.18214,-0.08136,0.01227,0.10136,-0.08966,-0.0093,spy_options_2021.parquet,6376010
SPY,2021-04-07,2021-04-07T16:00:00-04:00,406.57,2021-04-16,9.0,0.024657534246575342,391.0,call,16.06,16.23,16.31,127,,0.18404,0.90263,0.01393,0.11529,-0.10455,0.09648,spy_options_2021.parquet,6376011
SPY,2021-04-07,2021-04-07T16:00:00-04:00,406.57,2021-04-16,9.0,0.024657534246575342,391.0,put,0.49,0.5,0.5,2027,,0.17726,-0.08926,0.01347,0.10842,-0.09364,-0.00999,spy_options_2021.parquet,6376011
SPY,2021-04-07,2021-04-07T16:00:00-04:00,406.57,2021-04-16,9.0,0.024657534246575342,392.0,call,15.1,15.21,14.82,29,,0.17647,0.89799,0.01504,0.12053,-0.10382,0.096,spy_options_2021.parquet,6376012
SPY,2021-04-07,2021-04-07T16:00:00-04:00,406.57,2021-04-16,9.0,0.024657534246575342,392.0,put,0.54,0.55,0.55,1343,,0.17253,-0.09828,0.01492,0.11753,-0.0992,-0.01133,spy_options_2021.parquet,6376012
SPY,2021-04-07,2021-04-07T16:00:00-04:00,406.57,2021-04-16,9.0,0.024657534246575342,393.0,call,14.19,14.29,13.95,4372,,0.17388,0.88386,0.01671,0.13129,-0.11243,0.09414,spy_options_2021.parquet,6376013
SPY,2021-04-07,2021-04-07T16:00:00-04:00,406.57,2021-04-16,9.0,0.024657534246575342,393.0,put,0.59,0.6,0.63,717,,0.16804,-0.10806,0.0164,0.12547,-0.10347,-0.01209,spy_options_2021.parquet,6376013
SPY,2021-04-07,2021-04-07T16:00:00-04:00,406.57,2021-04-16,9.0,0.024657534246575342,394.0,call,13.24,13.37,13.22,71,,0.16908,0.87197,0.01842,0.14022,-0.11762,0.09307,spy_options_2021.parquet,6376014
SPY,2021-04-07,2021-04-07T16:00:00-04:00,406.57,2021-04-16,9.0,0.024657534246575342,394.0,put,0.66,0.67,0.69,909,,0.16373,-0.12038,0.01824,0.13555,-0.10944,-0.01397,spy_options_2021.parquet,6376014
SPY,2021-04-07,2021-04-07T16:00:00-04:00,406.57,2021-04-16,9.0,0.024657534246575342,395.0,call,12.3,12.44,12.15,6276,,0.16395,0.85981,0.02027,0.14965,-0.12235,0.09247,spy_options_2021.parquet,6376015
SPY,2021-04-07,2021-04-07T16:00:00-04:00,406.57,2021-04-16,9.0,0.024657534246575342,395.0,put,0.73,0.74,0.74,9839,,0.15939,-0.13422,0.02016,0.14558,-0.11503,-0.01533,spy_options_2021.parquet,6376015
SPY,2021-04-07,2021-04-07T16:00:00-04:00,406.57,2021-04-16,9.0,0.024657534246575342,396.0,call,11.41,11.48,11.35,288,,0.15853,0.84572,0.02226,0.15979,-0.12686,0.09058,spy_options_2021.parquet,6376016
SPY,2021-04-07,2021-04-07T16:00:00-04:00,406.57,2021-04-16,9.0,0.024657534246575342,396.0,put,0.81,0.82,0.82,932,,0.15541,-0.14886,0.02232,0.1568,-0.12077,-0.01694,spy_options_2021.parquet,6376016
SPY,2021-04-07,2021-04-07T16:00:00-04:00,406.57,2021-04-16,9.0,0.024657534246575342,397.0,call,10.51,10.6,10.34,1874,,0.15568,0.8265,0.02456,0.17212,-0.1344,0.08961,spy_options_2021.parquet,6376017
SPY,2021-04-07,2021-04-07T16:00:00-04:00,406.57,2021-04-16,9.0,0.024657534246575342,397.0,put,0.91,0.92,0.96,2779,,0.15122,-0.16713,0.02464,0.1687,-0.12766,-0.01879,spy_options_2021.parquet,6376017
SPY,2021-04-07,2021-04-07T16:00:00-04:00,406.57,2021-04-16,9.0,0.024657534246575342,398.0,call,9.6,9.71,9.43,90,,0.15063,0.80781,0.02701,0.18414,-0.13892,0.08698,spy_options_2021.parquet,6376018
SPY,2021-04-07,2021-04-07T16:00:00-04:00,406.57,2021-04-16,9.0,0.024657534246575342,398.0,put,1.01,1.03,1.05,6499,,0.14702,-0.1871,0.02726,0.18085,-0.13301,-0.02045,spy_options_2021.parquet,6376018
SPY,2021-04-07,2021-04-07T16:00:00-04:00,406.57,2021-04-16,9.0,0.024657534246575342,399.0,call,8.74,8.81,8.71,179,,0.1449,0.7866,0.02981,0.19596,-0.14364,0.08536,spy_options_2021.parquet,6376019
SPY,2021-04-07,2021-04-07T16:00:00-04:00,406.57,2021-04-16,9.0,0.024657534246575342,399.0,put,1.14,1.16,1.2,911,,0.14222,-0.20996,0.02997,0.19446,-0.13935,-0.02319,spy_options_2021.parquet,6376019
SPY,2021-04-07,2021-04-07T16:00:00-04:00,406.57,2021-04-16,9.0,0.024657534246575342,400.0,call,7.92,8.01,7.93,5184,,0.14294,0.75811,0.03241,0.20993,-0.15291,0.08259,spy_options_2021.parquet,6376020
SPY,2021-04-07,2021-04-07T16:00:00-04:00,406.57,2021-04-16,9.0,0.024657534246575342,400.0,put,1.28,1.3,1.29,10883,,0.13797,-0.23422,0.03305,0.20684,-0.14432,-0.02588,spy_options_2021.parquet,6376020
SPY,2021-04-07,2021-04-07T16:00:00-04:00,406.57,2021-04-16,9.0,0.024657534246575342,401.0,call,7.1,7.2,7.05,176,,0.13972,0.72889,0.03535,0.22315,-0.15808,0.07934,spy_options_2021.parquet,6376021
SPY,2021-04-07,2021-04-07T16:00:00-04:00,406.57,2021-04-16,9.0,0.024657534246575342,401.0,put,1.46,1.48,1.5,2623,,0.135,-0.26457,0.03613,0.22012,-0.15004,-0.02911,spy_options_2021.parquet,6376021
SPY,2021-04-07,2021-04-07T16:00:00-04:00,406.57,2021-04-16,9.0,0.024657534246575342,402.0,call,6.3,6.37,6.1,297,,0.13526,0.69754,0.03851,0.23428,-0.16086,0.07577,spy_options_2021.parquet,6376022
SPY,2021-04-07,2021-04-07T16:00:00-04:00,406.57,2021-04-16,9.0,0.024657534246575342,402.0,put,1.66,1.68,1.69,1795,,0.13036,-0.2966,0.03933,0.2327,-0.15543,-0.03362,spy_options_2021.parquet,6376022
SPY,2021-04-07,2021-04-07T16:00:00-04:00,406.57,2021-04-16,9.0,0.024657534246575342,403.0,call,5.53,5.6,5.49,1448,,0.13057,0.66178,0.04154,0.24598,-0.16438,0.0725,spy_options_2021.parquet,6376023
SPY,2021-04-07,2021-04-07T16:00:00-04:00,406.57,2021-04-16,9.0,0.024657534246575342,403.0,put,1.89,1.91,1.91,8417,,0.12657,-0.3332,0.04262,0.24482,-0.15824,-0.03747,spy_options_2021.parquet,6376023
SPY,2021-04-07,2021-04-07T16:00:00-04:00,406.57,2021-04-16,9.0,0.024657534246575342,404.0,call,4.82,4.85,4.64,2648,,0.12717,0.62271,0.04453,0.25604,-0.16657,0.06812,spy_options_2021.parquet,6376024
SPY,2021-04-07,2021-04-07T16:00:00-04:00,406.57,2021-04-16,9.0,0.024657534246575342,404.0,put,2.16,2.17,2.17,5507,,0.1234,-0.37335,0.04576,0.25477,-0.16034,-0.04182,spy_options_2021.parquet,6376024
SPY,2021-04-07,2021-04-07T16:00:00-04:00,406.57,2021-04-16,9.0,0.024657534246575342,405.0,call,4.1,4.14,3.97,7472,,0.12273,0.5795,0.04756,0.26347,-0.16445,0.06364,spy_options_2021.parquet,6376025
SPY,2021-04-07,2021-04-07T16:00:00-04:00,406.57,2021-04-16,9.0,0.024657534246575342,405.0,put,2.48,2.49,2.49,10579,,0.12018,-0.41837,0.04842,0.26255,-0.16084,-0.04654,spy_options_2021.parquet,6376025
SPY,2021-04-07,2021-04-07T16:00:00-04:00,406.57,2021-04-16,9.0,0.024657534246575342,406.0,call,3.5,3.52,3.5,12255,,0.12015,0.53254,0.04925,0.26792,-0.1648,0.05869,spy_options_2021.parquet,6376026
SPY,2021-04-07,2021-04-07T16:00:00-04:00,406.57,2021-04-16,9.0,0.024657534246575342,406.0,put,2.85,2.88,2.86,14563,,0.11686,-0.46755,0.05035,0.2676,-0.1609,-0.05129,spy_options_2021.parquet,6376026
SPY,2021-04-07,2021-04-07T16:00:00-04:00,406.57,2021-04-16,9.0,0.024657534246575342,407.0,call,2.91,2.94,2.95,10142,,0.11692,0.48206,0.05074,0.2681,-0.16102,0.0533,spy_options_2021.parquet,6376027
SPY,2021-04-07,2021-04-07T16:00:00-04:00,406.57,2021-04-16,9.0,0.024657534246575342,407.0,put,3.29,3.29,3.34,10006,,0.11453,-0.51821,0.05175,0.26774,-0.15723,-0.05672,spy_options_2021.parquet,6376027
SPY,2021-04-07,2021-04-07T16:00:00-04:00,406.57,2021-04-16,9.0,0.024657534246575342,408.0,call,2.4,2.43,2.43,3702,,0.11477,0.4298,0.05099,0.26433,-0.15503,0.04696,spy_options_2021.parquet,6376028
SPY,2021-04-07,2021-04-07T16:00:00-04:00,406.57,2021-04-16,9.0,0.024657534246575342,408.0,put,3.78,3.81,3.87,4224,,0.11234,-0.57114,0.05178,0.26449,-0.15194,-0.06257,spy_options_2021.parquet,6376028
SPY,2021-04-07,2021-04-07T16:00:00-04:00,406.57,2021-04-16,9.0,0.024657534246575342,409.0,call,1.97,2.0,2.0,3565,,0.11299,0.37885,0.04992,0.25567,-0.14857,0.04211,spy_options_2021.parquet,6376029
SPY,2021-04-07,2021-04-07T16:00:00-04:00,406.57,2021-04-16,9.0,0.024657534246575342,409.0,put,4.33,4.41,4.45,1700,,0.11137,-0.62277,0.05055,0.25545,-0.14607,-0.06683,spy_options_2021.parquet,6376029
SPY,2021-04-07,2021-04-07T16:00:00-04:00,406.57,2021-04-16,9.0,0.024657534246575342,410.0,call,1.6,1.63,1.62,15746,,0.11276,0.3287,0.04789,0.24329,-0.13938,0.03584,spy_options_2021.parquet,6376030
SPY,2021-04-07,2021-04-07T16:00:00-04:00,406.57,2021-04-16,9.0,0.024657534246575342,410.0,put,4.95,5.03,5.04,2412,,0.11053,-0.67371,0.04856,0.24248,-0.13557,-0.07188,spy_options_2021.parquet,6376030
SPY,2021-04-07,2021-04-07T16:00:00-04:00,406.57,2021-04-16,9.0,0.024657534246575342,411.0,call,1.32,1.33,1.28,3940,,0.11293,0.28377,0.04468,0.22816,-0.13028,0.03135,spy_options_2021.parquet,6376031
SPY,2021-04-07,2021-04-07T16:00:00-04:00,406.57,2021-04-16,9.0,0.024657534246575342,411.0,put,5.6,5.71,5.95,102,,0.10844,-0.72401,0.04565,0.22552,-0.12375,-0.07477,spy_options_2021.parquet,6376031
SPY,2021-04-07,2021-04-07T16:00:00-04:00,406.57,2021-04-16,9.0,0.024657534246575342,412.0,call,1.05,1.06,1.04,3134,,0.1121,0.24034,0.0412,0.20948,-0.11884,0.02678,spy_options_2021.parquet,6376032
SPY,2021-04-07,2021-04-07T16:00:00-04:00,406.57,2021-04-16,9.0,0.024657534246575342,412.0,put,6.37,6.47,6.6,181,,0.10861,-0.76561,0.04145,0.20704,-0.11387,-0.07749,spy_options_2021.parquet,6376032
SPY,2021-04-07,2021-04-07T16:00:00-04:00,406.57,2021-04-16,9.0,0.024657534246575342,413.0,call,0.83,0.85,0.81,675,,0.11224,0.20091,0.03728,0.18897,-0.10624,0.02239,spy_options_2021.parquet,6376033
SPY,2021-04-07,2021-04-07T16:00:00-04:00,406.57,2021-04-16,9.0,0.024657534246575342,413.0,put,7.12,7.23,7.26,74,,0.10754,-0.80886,0.03718,0.18344,-0.0987,-0.07841,spy_options_2021.parquet,6376033
SPY,2021-04-07,2021-04-07T16:00:00-04:00,406.57,2021-04-16,9.0,0.024657534246575342,414.0,call,0.64,0.66,0.63,784,,0.11107,0.16556,0.03317,0.16682,-0.09341,0.01857,spy_options_2021.parquet,6376034
SPY,2021-04-07,2021-04-07T16:00:00-04:00,406.57,2021-04-16,9.0,0.024657534246575342,414.0,put,7.95,8.05,8.41,7,,0.10704,-0.84364,0.03234,0.1618,-0.08534,-0.07792,spy_options_2021.parquet,6376034
SPY,2021-04-07,2021-04-07T16:00:00-04:00,406.57,2021-04-16,9.0,0.024657534246575342,415.0,call,0.5,0.51,0.5,2272,,0.11097,0.13439,0.0289,0.1454,-0.08087,0.01469,spy_options_2021.parquet,6376035
SPY,2021-04-07,2021-04-07T16:00:00-04:00,406.57,2021-04-16,9.0,0.024657534246575342,415.0,put,8.83,8.93,8.8,211,,0.10808,-0.87021,0.02752,0.14232,-0.07615,-0.07634,spy_options_2021.parquet,6376035
SPY,2021-04-07,2021-04-07T16:00:00-04:00,406.57,2021-04-16,9.0,0.024657534246575342,416.0,call,0.39,0.4,0.38,10105,,0.11179,0.11007,0.02492,0.12636,-0.06912,0.01222,spy_options_2021.parquet,6376036
SPY,2021-04-07,2021-04-07T16:00:00-04:00,406.57,2021-04-16,9.0,0.024657534246575342,416.0,put,9.67,9.8,10.0,76,,0.10551,-0.89974,0.02213,0.11804,-0.06026,-0.07182,spy_options_2021.parquet,6376036
SPY,2021-04-07,2021-04-07T16:00:00-04:00,406.57,2021-04-16,9.0,0.024657534246575342,417.0,call,0.29,0.3,0.3,687,,0.11106,0.08652,0.02097,0.10554,-0.05781,0.00989,spy_options_2021.parquet,6376037
SPY,2021-04-07,2021-04-07T16:00:00-04:00,406.57,2021-04-16,9.0,0.024657534246575342,417.0,put,10.61,10.74,10.95,55,,0.10793,-0.91449,0.01808,0.10489,-0.05525,-0.06753,spy_options_2021.parquet,6376037
SPY,2021-04-07,2021-04-07T16:00:00-04:00,406.57,2021-04-16,9.0,0.024657534246575342,418.0,call,0.22,0.23,0.23,223,,0.11161,0.06811,0.0175,0.08864,-0.04797,0.0071,spy_options_2021.parquet,6376038
SPY,2021-04-07,2021-04-07T16:00:00-04:00,406.57,2021-04-16,9.0,0.024657534246575342,418.0,put,11.51,11.64,12.28,7,,0.10512,-0.93413,0.01241,0.08534,-0.04325,-0.0578,spy_options_2021.parquet,6376038
SPY,2021-04-07,2021-04-07T16:00:00-04:00,406.57,2021-04-16,9.0,0.024657534246575342,419.0,call,0.17,0.18,0.18,159,,0.11347,0.05442,0.01458,0.07418,-0.04074,0.00634,spy_options_2021.parquet,6376039
SPY,2021-04-07,2021-04-07T16:00:00-04:00,406.57,2021-04-16,9.0,0.024657534246575342,419.0,put,12.46,12.57,12.23,0,,0.10532,-0.94384,0.0077,0.07312,-0.03784,-0.04745,spy_options_2021.parquet,6376039
SPY,2021-04-07,2021-04-07T16:00:00-04:00,406.57,2021-04-16,9.0,0.024657534246575342,420.0,call,0.13,0.14,0.13,1485,,0.11416,0.04345,0.01202,0.06159,-0.0339,0.00467,spy_options_2021.parquet,6376040
SPY,2021-04-07,2021-04-07T16:00:00-04:00,406.57,2021-04-16,9.0,0.024657534246575342,420.0,put,12.98,13.54,13.6,63,,,-1.0,0.0,0.0,0.0,0.0,spy_options_2021.parquet,6376040
SPY,2021-04-07,2021-04-07T16:00:00-04:00,406.57,2021-04-16,9.0,0.024657534246575342,421.0,call,0.1,0.11,0.1,80,,0.11564,0.03417,0.00986,0.05109,-0.0278,0.00346,spy_options_2021.parquet,6376041
SPY,2021-04-07,2021-04-07T16:00:00-04:00,406.57,2021-04-16,9.0,0.024657534246575342,421.0,put,14.35,14.51,14.66,1,,0.0003,-1.0,0.0,0.0,0.0,0.0,spy_options_2021.parquet,6376041
SPY,2021-04-07,2021-04-07T16:00:00-04:00,406.57,2021-04-16,9.0,0.024657534246575342,422.0,call,0.08,0.09,0.09,106,,0.11738,0.02776,0.00817,0.04374,-0.02394,0.00348,spy_options_2021.parquet,6376042
SPY,2021-04-07,2021-04-07T16:00:00-04:00,406.57,2021-04-16,9.0,0.024657534246575342,422.0,put,15.37,15.49,15.64,50,,0.0,-1.0,0.0,0.0,0.0,0.0,spy_options_2021.parquet,6376042
SPY,2021-04-07,2021-04-07T16:00:00-04:00,406.57,2021-04-16,9.0,0.024657534246575342,423.0,call,0.06,0.07,0.06,85,,0.1186,0.02162,0.00661,0.03569,-0.01919,0.00268,spy_options_2021.parquet,6376043
SPY,2021-04-07,2021-04-07T16:00:00-04:00,406.57,2021-04-16,9.0,0.024657534246575342,423.0,put,16.25,16.47,16.68,60,,,-1.0,0.0,0.0,0.0,0.0,spy_options_2021.parquet,6376043
SPY,2021-04-07,2021-04-07T16:00:00-04:00,406.57,2021-04-16,9.0,0.024657534246575342,424.0,call,0.05,0.06,0.06,37,,0.12093,0.01865,0.00556,0.03047,-0.01674,0.00226,spy_options_2021.parquet,6376044
SPY,2021-04-07,2021-04-07T16:00:00-04:00,406.57,2021-04-16,9.0,0.024657534246575342,424.0,put,17.34,17.47,17.36,0,,,-1.0,0.0,0.0,0.0,0.0,spy_options_2021.parquet,6376044
SPY,2021-04-07,2021-04-07T16:00:00-04:00,406.57,2021-04-16,9.0,0.024657534246575342,425.0,call,0.04,0.05,0.05,176,,0.12374,0.01518,0.00468,0.02634,-0.01446,0.0017,spy_options_2021.parquet,6376045
SPY,2021-04-07,2021-04-07T16:00:00-04:00,406.57,2021-04-16,9.0,0.024657534246575342,425.0,put,18.36,18.48,19.1,32,,,-1.0,0.0,0.0,0.0,0.0,spy_options_2021.parquet,6376045
SPY,2021-04-07,2021-04-07T16:00:00-04:00,406.57,2021-04-16,9.0,0.024657534246575342,426.0,call,0.03,0.04,0.04,25,,0.12437,0.01193,0.00374,0.02122,-0.01178,0.00178,spy_options_2021.parquet,6376046
SPY,2021-04-07,2021-04-07T16:00:00-04:00,406.57,2021-04-16,9.0,0.024657534246575342,426.0,put,19.24,19.45,19.38,0,,,-1.0,0.0,0.0,0.0,0.0,spy_options_2021.parquet,6376046
SPY,2021-04-07,2021-04-07T16:00:00-04:00,406.57,2021-04-16,9.0,0.024657534246575342,427.0,call,0.02,0.03,0.03,17,,0.12478,0.00942,0.00293,0.01643,-0.00932,0.00128,spy_options_2021.parquet,6376047
SPY,2021-04-07,2021-04-07T16:00:00-04:00,406.57,2021-04-16,9.0,0.024657534246575342,427.0,put,20.28,20.45,20.23,50,,,-1.0,0.0,0.0,0.0,0.0,spy_options_2021.parquet,6376047
SPY,2021-04-07,2021-04-07T16:00:00-04:00,406.57,2021-04-16,9.0,0.024657534246575342,428.0,call,0.02,0.03,0.03,1912,,0.12992,0.00881,0.00268,0.01553,-0.0096,0.00127,spy_options_2021.parquet,6376048
SPY,2021-04-07,2021-04-07T16:00:00-04:00,406.57,2021-04-16,9.0,0.024657534246575342,428.0,put,21.31,21.48,22.07,83,,,-1.0,0.0,0.0,0.0,0.0,spy_options_2021.parquet,6376048
SPY,2021-04-07,2021-04-07T16:00:00-04:00,406.57,2021-04-16,9.0,0.024657534246575342,429.0,call,0.02,0.03,0.02,877,,0.13509,0.00861,0.00248,0.0152,-0.00944,0.00114,spy_options_2021.parquet,6376049
SPY,2021-04-07,2021-04-07T16:00:00-04:00,406.57,2021-04-16,9.0,0.024657534246575342,429.0,put,22.34,22.47,23.07,134,,,-1.0,0.0,0.0,0.0,0.0,spy_options_2021.parquet,6376049
SPY,2021-04-07,2021-04-07T16:00:00-04:00,406.57,2021-04-16,9.0,0.024657534246575342,430.0,call,0.02,0.03,0.01,75,,0.13986,0.00781,0.0024,0.01482,-0.00895,0.0006,spy_options_2021.parquet,6376050
SPY,2021-04-07,2021-04-07T16:00:00-04:00,406.57,2021-04-16,9.0,0.024657534246575342,430.0,put,23.34,23.47,23.81,55,,,-1.0,0.0,0.0,0.0,0.0,spy_options_2021.parquet,6376050
SPY,2021-04-07,2021-04-07T16:00:00-04:00,406.57,2021-04-16,9.0,0.024657534246575342,435.0,call,0.01,0.02,0.02,9,,0.15687,0.00457,0.00131,0.00957,-0.00651,0.00084,spy_options_2021.parquet,6376051
SPY,2021-04-07,2021-04-07T16:00:00-04:00,406.57,2021-04-16,9.0,0.024657534246575342,435.0,put,28.3,28.44,28.99,0,,,-1.0,0.0,0.0,0.0,0.0,spy_options_2021.parquet,6376051
SPY,2021-04-07,2021-04-07T16:00:00-04:00,406.57,2021-04-16,9.0,0.024657534246575342,440.0,call,0.0,0.01,0.01,77,,0.16157,0.00142,0.00053,0.00365,-0.00226,0.00028,spy_options_2021.parquet,6376052
SPY,2021-04-07,2021-04-07T16:00:00-04:00,406.57,2021-04-16,9.0,0.024657534246575342,440.0,put,33.31,33.42,33.65,138,,,-1.0,0.0,0.0,0.0,0.0,spy_options_2021.parquet,6376052
SPY,2021-04-07,2021-04-07T16:00:00-04:00,406.57,2021-04-16,9.0,0.024657534246575342,445.0,call,0.0,0.01,0.01,9620,,0.18244,0.00141,0.00034,0.00293,-0.00237,0.00016,spy_options_2021.parquet,6376053
SPY,2021-04-07,2021-04-07T16:00:00-04:00,406.57,2021-04-16,9.0,0.024657534246575342,445.0,put,38.26,38.43,38.36,90,,,-1.0,0.0,0.0,0.0,0.0,spy_options_2021.parquet,6376053
SPY,2021-04-07,2021-04-07T16:00:00-04:00,406.57,2021-04-16,9.0,0.024657534246575342,450.0,call,0.0,0.01,0.01,0,,0.2024,0.0017,0.00035,0.00332,-0.00218,-4e-05,spy_options_2021.parquet,6376054
SPY,2021-04-07,2021-04-07T16:00:00-04:00,406.57,2021-04-16,9.0,0.024657534246575342,450.0,put,43.29,43.43,44.0,1,,,-1.0,0.0,0.0,0.0,0.0,spy_options_2021.parquet,6376054
SPY,2021-04-07,2021-04-07T16:00:00-04:00,406.57,2021-04-16,9.0,0.024657534246575342,455.0,call,0.0,0.01,0.01,420,,0.22309,0.00089,0.00026,0.00248,-0.00269,-1e-05,spy_options_2021.parquet,6376055
SPY,2021-04-07,2021-04-07T16:00:00-04:00,406.57,2021-04-16,9.0,0.024657534246575342,455.0,put,48.29,48.45,64.8,15,,,-1.0,0.0,0.0,0.0,0.0,spy_options_2021.parquet,6376055
SPY,2021-04-07,2021-04-07T16:00:00-04:00,406.57,2021-04-16,9.0,0.024657534246575342,460.0,call,0.0,0.01,0.01,7,,0.24252,0.00157,0.00018,0.00284,-0.00228,0.00043,spy_options_2021.parquet,6376056
SPY,2021-04-07,2021-04-07T16:00:00-04:00,406.57,2021-04-16,9.0,0.024657534246575342,460.0,put,53.27,53.41,54.2,20,,,-1.0,0.0,0.0,0.0,0.0,spy_options_2021.parquet,6376056
SPY,2021-04-07,2021-04-07T16:00:00-04:00,406.57,2021-04-16,9.0,0.024657534246575342,465.0,call,0.0,0.01,0.01,100,,0.26219,0.00133,0.00024,0.00228,-0.00247,0.00011,spy_options_2021.parquet,6376057
SPY,2021-04-07,2021-04-07T16:00:00-04:00,406.57,2021-04-16,9.0,0.024657534246575342,465.0,put,58.33,58.48,58.31,4,,,-1.0,0.0,0.0,0.0,0.0,spy_options_2021.parquet,6376057
SPY,2021-04-07,2021-04-07T16:00:00-04:00,406.57,2021-04-16,9.0,0.024657534246575342,470.0,call,0.0,0.01,0.01,100,,0.28074,0.00076,0.0002,0.0022,-0.00294,0.00011,spy_options_2021.parquet,6376058
SPY,2021-04-07,2021-04-07T16:00:00-04:00,406.57,2021-04-16,9.0,0.024657534246575342,470.0,put,63.16,63.55,63.99,0,,,-1.0,0.0,0.0,0.0,0.0,spy_options_2021.parquet,6376058
SPY,2021-04-07,2021-04-07T16:00:00-04:00,406.57,2021-04-16,9.0,0.024657534246575342,475.0,call,0.0,0.01,0.01,2,,0.29908,0.00102,0.00019,0.00187,-0.00274,-0.0002,spy_options_2021.parquet,6376059
SPY,2021-04-07,2021-04-07T16:00:00-04:00,406.57,2021-04-16,9.0,0.024657534246575342,475.0,put,68.27,68.41,69.2,20,,,-1.0,0.0,0.0,0.0,0.0,spy_options_2021.parquet,6376059
SPY,2021-04-07,2021-04-07T16:00:00-04:00,406.57,2021-04-16,9.0,0.024657534246575342,480.0,call,0.0,0.01,0.01,910,,0.31801,0.00083,0.0001,0.00189,-0.00212,-0.00029,spy_options_2021.parquet,6376060
SPY,2021-04-07,2021-04-07T16:00:00-04:00,406.57,2021-04-16,9.0,0.024657534246575342,480.0,put,73.33,73.48,74.2,0,,,-1.0,0.0,0.0,0.0,0.0,spy_options_2021.parquet,6376060
SPY,2021-04-07,2021-04-07T16:00:00-04:00,406.57,2021-04-16,9.0,0.024657534246575342,485.0,call,0.0,0.01,0.01,696,,0.3357,0.00095,0.00013,0.00182,-0.00245,0.00032,spy_options_2021.parquet,6376061
SPY,2021-04-07,2021-04-07T16:00:00-04:00,406.57,2021-04-16,9.0,0.024657534246575342,485.0,put,78.29,78.42,92.26,1,,,-1.0,0.0,0.0,0.0,0.0,spy_options_2021.parquet,6376061
SPY,2021-04-07,2021-04-07T16:00:00-04:00,406.57,2021-04-16,9.0,0.024657534246575342,490.0,call,0.0,0.01,0.01,1,,0.35379,0.00055,0.00011,0.002,-0.00209,8e-05,spy_options_2021.parquet,6376062
SPY,2021-04-07,2021-04-07T16:00:00-04:00,406.57,2021-04-16,9.0,0.024657534246575342,490.0,put,83.28,83.42,99.16,4,,,-1.0,0.0,0.0,0.0,0.0,spy_options_2021.parquet,6376062
SPY,2021-04-07,2021-04-07T16:00:00-04:00,406.57,2021-04-16,9.0,0.024657534246575342,495.0,call,0.0,0.01,0.01,2,,0.37069,0.00104,9e-05,0.00193,-0.00285,0.0001,spy_options_2021.parquet,6376063
SPY,2021-04-07,2021-04-07T16:00:00-04:00,406.57,2021-04-16,9.0,0.024657534246575342,495.0,put,88.29,88.41,104.52,2,,,-1.0,0.0,0.0,0.0,0.0,spy_options_2021.parquet,6376063
SPY,2021-04-07,2021-04-07T16:00:00-04:00,406.57,2021-04-16,9.0,0.024657534246575342,500.0,call,0.0,0.01,0.01,1,,0.38856,0.00091,0.00013,0.0012,-0.0028,-0.00012,spy_options_2021.parquet,6376064
SPY,2021-04-07,2021-04-07T16:00:00-04:00,406.57,2021-04-16,9.0,0.024657534246575342,500.0,put,93.32,93.44,101.0,1,,,-1.0,0.0,0.0,0.0,0.0,spy_options_2021.parquet,6376064
SPY,2021-04-07,2021-04-07T16:00:00-04:00,406.57,2021-04-16,9.0,0.024657534246575342,505.0,call,0.0,0.01,0.01,18,,0.40591,0.00053,9e-05,0.00153,-0.00223,0.00032,spy_options_2021.parquet,6376065
SPY,2021-04-07,2021-04-07T16:00:00-04:00,406.57,2021-04-16,9.0,0.024657534246575342,505.0,put,98.29,98.45,0.0,,,,-1.0,0.0,0.0,0.0,0.0,spy_options_2021.parquet,6376065
SPY,2021-04-07,2021-04-07T16:00:00-04:00,406.57,2021-04-16,9.0,0.024657534246575342,510.0,call,0.0,0.01,0.01,1,,0.42255,0.00029,5e-05,0.00112,-0.00301,-0.00024,spy_options_2021.parquet,6376066
SPY,2021-04-07,2021-04-07T16:00:00-04:00,406.57,2021-04-16,9.0,0.024657534246575342,510.0,put,103.29,103.45,0.0,,,,-1.0,0.0,0.0,0.0,0.0,spy_options_2021.parquet,6376066
SPY,2021-04-07,2021-04-07T16:00:00-04:00,406.57,2021-04-16,9.0,0.024657534246575342,515.0,call,0.0,0.01,0.01,25,,0.43921,0.0007,0.00012,0.00159,-0.00238,0.0003,spy_options_2021.parquet,6376067
SPY,2021-04-07,2021-04-07T16:00:00-04:00,406.57,2021-04-16,9.0,0.024657534246575342,515.0,put,108.32,108.44,126.33,2,,,-1.0,0.0,0.0,0.0,0.0,spy_options_2021.parquet,6376067
SPY,2021-04-07,2021-04-07T16:00:00-04:00,406.57,2021-04-19,12.0,0.03287671232876712,275.0,call,131.42,131.89,0.0,,,0.80958,0.99557,0.00021,0.0097,-0.02677,0.09686,spy_options_2021.parquet,6376073
SPY,2021-04-07,2021-04-07T16:00:00-04:00,406.57,2021-04-19,12.0,0.03287671232876712,275.0,put,0.0,0.01,0.01,75,,0.62794,0.0,3e-05,0.00093,-0.00192,0.0,spy_options_2021.parquet,6376073
SPY,2021-04-07,2021-04-07T16:00:00-04:00,406.57,2021-04-19,12.0,0.03287671232876712,280.0,call,126.4,126.84,0.0,,,0.73133,0.99722,0.0001,0.00672,-0.01609,0.0997,spy_options_2021.parquet,6376074
SPY,2021-04-07,2021-04-07T16:00:00-04:00,406.57,2021-04-19,12.0,0.03287671232876712,280.0,put,0.0,0.01,0.12,5,,0.60031,-0.00078,4e-05,0.00124,-0.0019,0.0,spy_options_2021.parquet,6376074
SPY,2021-04-07,2021-04-07T16:00:00-04:00,406.57,2021-04-19,12.0,0.03287671232876712,285.0,call,121.45,121.89,0.0,,,0.75489,0.995,0.00031,0.01118,-0.0297,0.10064,spy_options_2021.parquet,6376075
SPY,2021-04-07,2021-04-07T16:00:00-04:00,406.57,2021-04-19,12.0,0.03287671232876712,285.0,put,0.0,0.01,0.01,10,,0.57422,0.0,0.0,0.00099,-0.00201,0.0,spy_options_2021.parquet,6376075
SPY,2021-04-07,2021-04-07T16:00:00-04:00,406.57,2021-04-19,12.0,0.03287671232876712,290.0,call,116.41,116.84,0.0,,,0.67503,0.99645,0.0002,0.00764,-0.01764,0.10317,spy_options_2021.parquet,6376076
SPY,2021-04-07,2021-04-07T16:00:00-04:00,406.57,2021-04-19,12.0,0.03287671232876712,290.0,put,0.0,0.01,0.01,22,,0.54759,-0.00018,3e-05,0.00087,-0.00226,0.0,spy_options_2021.parquet,6376076
SPY,2021-04-07,2021-04-07T16:00:00-04:00,406.57,2021-04-19,12.0,0.03287671232876712,295.0,call,111.43,111.89,0.0,,,0.68069,0.99498,0.00028,0.01143,-0.02655,0.10384,spy_options_2021.parquet,6376077
SPY,2021-04-07,2021-04-07T16:00:00-04:00,406.57,2021-04-19,12.0,0.03287671232876712,295.0,put,0.0,0.01,0.01,55,,0.52142,-0.00051,3e-05,0.00161,-0.00185,0.0,spy_options_2021.parquet,6376077
SPY,2021-04-07,2021-04-07T16:00:00-04:00,406.57,2021-04-19,12.0,0.03287671232876712,300.0,call,106.41,106.85,0.0,,,0.61858,0.99602,0.00027,0.00858,-0.01908,0.10604,spy_options_2021.parquet,6376078
SPY,2021-04-07,2021-04-07T16:00:00-04:00,406.57,2021-04-19,12.0,0.03287671232876712,300.0,put,0.01,0.02,0.02,10,,0.54247,-0.0017,9e-05,0.00281,-0.00533,0.0,spy_options_2021.parquet,6376078
SPY,2021-04-07,2021-04-07T16:00:00-04:00,406.57,2021-04-19,12.0,0.03287671232876712,305.0,call,101.6,101.76,0.0,,,0.63139,0.99371,0.00036,0.01448,-0.03136,0.10797,spy_options_2021.parquet,6376079
SPY,2021-04-07,2021-04-07T16:00:00-04:00,406.57,2021-04-19,12.0,0.03287671232876712,305.0,put,0.01,0.02,0.01,1,,0.5153,-0.00088,0.0001,0.00346,-0.00558,0.0,spy_options_2021.parquet,6376079
SPY,2021-04-07,2021-04-07T16:00:00-04:00,406.57,2021-04-19,12.0,0.03287671232876712,310.0,call,96.44,96.89,0.0,,,0.58886,0.99366,0.00036,0.01392,-0.02757,0.10975,spy_options_2021.parquet,6376080
SPY,2021-04-07,2021-04-07T16:00:00-04:00,406.57,2021-04-19,12.0,0.03287671232876712,310.0,put,0.01,0.02,0.02,0,,0.48825,-0.00137,0.00017,0.00372,-0.00592,-0.00013,spy_options_2021.parquet,6376080
SPY,2021-04-07,2021-04-07T16:00:00-04:00,406.57,2021-04-19,12.0,0.03287671232876712,315.0,call,91.54,91.7,0.0,,,0.51782,0.99644,0.00027,0.00929,-0.0155,0.1111,spy_options_2021.parquet,6376081
SPY,2021-04-07,2021-04-07T16:00:00-04:00,406.57,2021-04-19,12.0,0.03287671232876712,315.0,put,0.01,0.02,0.03,2,,0.46225,-0.00197,9e-05,0.00416,-0.00556,-0.0007,spy_options_2021.parquet,6376081
SPY,2021-04-07,2021-04-07T16:00:00-04:00,406.57,2021-04-19,12.0,0.03287671232876712,320.0,call,86.53,86.72,69.9,6,,0.49338,0.99528,0.00032,0.00983,-0.01718,0.11326,spy_options_2021.parquet,6376082
SPY,2021-04-07,2021-04-07T16:00:00-04:00,406.57,2021-04-19,12.0,0.03287671232876712,320.0,put,0.02,0.03,0.02,25,,0.45615,-0.00258,0.00019,0.00538,-0.009,-0.0004,spy_options_2021.parquet,6376082
SPY,2021-04-07,2021-04-07T16:00:00-04:00,406.57,2021-04-19,12.0,0.03287671232876712,325.0,call,81.57,81.75,0.0,,,0.49284,0.9929,0.00055,0.01466,-0.02609,0.11448,spy_options_2021.parquet,6376083
SPY,2021-04-07,2021-04-07T16:00:00-04:00,406.57,2021-04-19,12.0,0.03287671232876712,325.0,put,0.02,0.03,0.05,0,,0.4293,-0.00294,0.00027,0.00575,-0.00888,-0.00064,spy_options_2021.parquet,6376083
SPY,2021-04-07,2021-04-07T16:00:00-04:00,406.57,2021-04-19,12.0,0.03287671232876712,330.0,call,76.55,76.73,66.4,1,,0.44875,0.99409,0.00052,0.01291,-0.02057,0.11657,spy_options_2021.parquet,6376084
SPY,2021-04-07,2021-04-07T16:00:00-04:00,406.57,2021-04-19,12.0,0.03287671232876712,330.0,put,0.02,0.03,0.03,25,,0.40245,-0.00306,0.00032,0.00649,-0.0087,-0.00024,spy_options_2021.parquet,6376084
SPY,2021-04-07,2021-04-07T16:00:00-04:00,406.57,2021-04-19,12.0,0.03287671232876712,335.0,call,71.58,71.77,0.0,,,0.44125,0.99075,0.00068,0.01826,-0.02868,0.11808,spy_options_2021.parquet,6376085
SPY,2021-04-07,2021-04-07T16:00:00-04:00,406.57,2021-04-19,12.0,0.03287671232876712,335.0,put,0.03,0.04,0.04,30,,0.38936,-0.00355,0.0004,0.00854,-0.01177,-0.00036,spy_options_2021.parquet,6376085
SPY,2021-04-07,2021-04-07T16:00:00-04:00,406.57,2021-04-19,12.0,0.03287671232876712,340.0,call,66.59,66.77,0.0,,,0.41342,0.99024,0.00083,0.0205,-0.02949,0.11986,spy_options_2021.parquet,6376086
SPY,2021-04-07,2021-04-07T16:00:00-04:00,406.57,2021-04-19,12.0,0.03287671232876712,340.0,put,0.04,0.05,0.05,11,,0.37162,-0.00469,0.00052,0.01085,-0.01435,-0.00038,spy_options_2021.parquet,6376086
SPY,2021-04-07,2021-04-07T16:00:00-04:00,406.57,2021-04-19,12.0,0.03287671232876712,345.0,call,61.6,61.78,0.0,,,0.38875,0.98879,0.00097,0.02288,-0.03125,0.12081,spy_options_2021.parquet,6376087
SPY,2021-04-07,2021-04-07T16:00:00-04:00,406.57,2021-04-19,12.0,0.03287671232876712,345.0,put,0.04,0.05,0.07,20,,0.34514,-0.00494,0.0006,0.01172,-0.01413,-0.00045,spy_options_2021.parquet,6376087
SPY,2021-04-07,2021-04-07T16:00:00-04:00,406.57,2021-04-19,12.0,0.03287671232876712,350.0,call,56.49,56.94,47.01,1,,0.36806,0.98548,0.0013,0.02734,-0.03697,0.12202,spy_options_2021.parquet,6376088
SPY,2021-04-07,2021-04-07T16:00:00-04:00,406.57,2021-04-19,12.0,0.03287671232876712,350.0,put,0.05,0.06,0.07,13,,0.32537,-0.00666,0.00078,0.01452,-0.01655,-0.00052,spy_options_2021.parquet,6376088
SPY,2021-04-07,2021-04-07T16:00:00-04:00,406.57,2021-04-19,12.0,0.03287671232876712,355.0,call,51.5,51.97,0.0,,,0.34389,0.98296,0.00157,0.0322,-0.0397,0.12339,spy_options_2021.parquet,6376089
SPY,2021-04-07,2021-04-07T16:00:00-04:00,406.57,2021-04-19,12.0,0.03287671232876712,355.0,put,0.07,0.08,0.08,7,,0.30864,-0.00944,0.00107,0.0196,-0.02031,-0.00149,spy_options_2021.parquet,6376089
SPY,2021-04-07,2021-04-07T16:00:00-04:00,406.57,2021-04-19,12.0,0.03287671232876712,360.0,call,46.64,46.82,35.33,1,,0.31197,0.98241,0.00182,0.03364,-0.03777,0.12553,spy_options_2021.parquet,6376090
SPY,2021-04-07,2021-04-07T16:00:00-04:00,406.57,2021-04-19,12.0,0.03287671232876712,360.0,put,0.08,0.09,0.1,113,,0.2857,-0.01076,0.00132,0.02267,-0.02251,-0.00135,spy_options_2021.parquet,6376090
SPY,2021-04-07,2021-04-07T16:00:00-04:00,406.57,2021-04-19,12.0,0.03287671232876712,365.0,call,41.65,41.81,33.27,4,,0.2816,0.97982,0.00222,0.03638,-0.0371,0.1266,spy_options_2021.parquet,6376091
SPY,2021-04-07,2021-04-07T16:00:00-04:00,406.57,2021-04-19,12.0,0.03287671232876712,365.0,put,0.11,0.12,0.1,36,,0.26813,-0.01564,0.00185,0.0297,-0.02811,-0.00273,spy_options_2021.parquet,6376091
SPY,2021-04-07,2021-04-07T16:00:00-04:00,406.57,2021-04-19,12.0,0.03287671232876712,370.0,call,36.55,37.0,21.42,1,,0.2615,0.97362,0.00299,0.04656,-0.0446,0.12797,spy_options_2021.parquet,6376092
SPY,2021-04-07,2021-04-07T16:00:00-04:00,406.57,2021-04-19,12.0,0.03287671232876712,370.0,put,0.15,0.16,0.15,78,,0.24981,-0.02101,0.00266,0.03948,-0.03554,-0.00315,spy_options_2021.parquet,6376092
SPY,2021-04-07,2021-04-07T16:00:00-04:00,406.57,2021-04-19,12.0,0.03287671232876712,375.0,call,31.73,31.91,31.39,10,,0.23807,0.96609,0.00411,0.05838,-0.05095,0.12813,spy_options_2021.parquet,6376093
SPY,2021-04-07,2021-04-07T16:00:00-04:00,406.57,2021-04-19,12.0,0.03287671232876712,375.0,put,0.2,0.21,0.2,68,,0.23028,-0.0292,0.00379,0.05158,-0.04303,-0.00484,spy_options_2021.parquet,6376093
SPY,2021-04-07,2021-04-07T16:00:00-04:00,406.57,2021-04-19,12.0,0.03287671232876712,380.0,call,26.69,27.13,26.96,0,,0.2179,0.95176,0.006,0.07631,-0.06261,0.12777,spy_options_2021.parquet,6376094
SPY,2021-04-07,2021-04-07T16:00:00-04:00,406.57,2021-04-19,12.0,0.03287671232876712,380.0,put,0.28,0.29,0.28,283,,0.21046,-0.04243,0.00561,0.06978,-0.05402,-0.00578,spy_options_2021.parquet,6376094
SPY,2021-04-07,2021-04-07T16:00:00-04:00,406.57,2021-04-19,12.0,0.03287671232876712,385.0,call,21.81,22.24,21.23,2,,0.19548,0.93215,0.00866,0.10039,-0.07374,0.12726,spy_options_2021.parquet,6376095
SPY,2021-04-07,2021-04-07T16:00:00-04:00,406.57,2021-04-19,12.0,0.03287671232876712,385.0,put,0.4,0.41,0.41,322,,0.1905,-0.06288,0.00839,0.09525,-0.0674,-0.00919,spy_options_2021.parquet,6376095
SPY,2021-04-07,2021-04-07T16:00:00-04:00,406.57,2021-04-19,12.0,0.03287671232876712,390.0,call,17.17,17.34,17.1,10,,0.17708,0.89636,0.01322,0.13863,-0.09354,0.12345,spy_options_2021.parquet,6376096
SPY,2021-04-07,2021-04-07T16:00:00-04:00,406.57,2021-04-19,12.0,0.03287671232876712,390.0,put,0.59,0.61,0.61,1838,,0.1708,-0.09579,0.01292,0.13166,-0.08454,-0.01369,spy_options_2021.parquet,6376096
SPY,2021-04-07,2021-04-07T16:00:00-04:00,406.57,2021-04-19,12.0,0.03287671232876712,395.0,call,12.51,12.66,12.29,8,,0.15541,0.84037,0.0203,0.1865,-0.11182,0.11751,spy_options_2021.parquet,6376097
SPY,2021-04-07,2021-04-07T16:00:00-04:00,406.57,2021-04-19,12.0,0.03287671232876712,395.0,put,0.93,0.94,0.97,656,,0.15181,-0.15263,0.02029,0.18124,-0.10559,-0.02266,spy_options_2021.parquet,6376097
SPY,2021-04-07,2021-04-07T16:00:00-04:00,406.57,2021-04-19,12.0,0.03287671232876712,400.0,call,8.18,8.29,8.17,575,,0.13631,0.74053,0.03087,0.24856,-0.13238,0.10435,spy_options_2021.parquet,6376098
SPY,2021-04-07,2021-04-07T16:00:00-04:00,406.57,2021-04-19,12.0,0.03287671232876712,400.0,put,1.56,1.59,1.58,1127,,0.13327,-0.25384,0.03142,0.24645,-0.12727,-0.03711,spy_options_2021.parquet,6376098
SPY,2021-04-07,2021-04-07T16:00:00-04:00,406.57,2021-04-19,12.0,0.03287671232876712,405.0,call,4.42,4.46,4.38,451,,0.11756,0.57347,0.04337,0.30107,-0.13875,0.08188,spy_options_2021.parquet,6376099
SPY,2021-04-07,2021-04-07T16:00:00-04:00,406.57,2021-04-19,12.0,0.03287671232876712,405.0,put,2.8,2.81,2.88,3753,,0.11614,-0.42511,0.04415,0.30079,-0.13658,-0.06149,spy_options_2021.parquet,6376099
SPY,2021-04-07,2021-04-07T16:00:00-04:00,406.57,2021-04-19,12.0,0.03287671232876712,410.0,call,1.89,1.93,1.9,1018,,0.10898,0.3453,0.0441,0.28235,-0.12052,0.04937,spy_options_2021.parquet,6376100
SPY,2021-04-07,2021-04-07T16:00:00-04:00,406.57,2021-04-19,12.0,0.03287671232876712,410.0,put,5.22,5.3,5.29,332,,0.10664,-0.65871,0.04491,0.282,-0.11692,-0.09079,spy_options_2021.parquet,6376100
SPY,2021-04-07,2021-04-07T16:00:00-04:00,406.57,2021-04-19,12.0,0.03287671232876712,415.0,call,0.66,0.68,0.66,1141,,0.10685,0.15712,0.02932,0.18415,-0.07571,0.02218,spy_options_2021.parquet,6376101
SPY,2021-04-07,2021-04-07T16:00:00-04:00,406.57,2021-04-19,12.0,0.03287671232876712,415.0,put,8.97,9.11,9.06,46,,0.10405,-0.84747,0.02849,0.18078,-0.07214,-0.10196,spy_options_2021.parquet,6376101
SPY,2021-04-07,2021-04-07T16:00:00-04:00,406.57,2021-04-19,12.0,0.03287671232876712,420.0,call,0.19,0.2,0.19,1104,,0.10784,0.05595,0.0136,0.08643,-0.03497,0.00808,spy_options_2021.parquet,6376102
SPY,2021-04-07,2021-04-07T16:00:00-04:00,406.57,2021-04-19,12.0,0.03287671232876712,420.0,put,13.47,13.65,13.36,0,,0.10375,-0.93901,0.00892,0.09078,-0.03502,-0.06933,spy_options_2021.parquet,6376102
SPY,2021-04-07,2021-04-07T16:00:00-04:00,406.57,2021-04-19,12.0,0.03287671232876712,425.0,call,0.06,0.07,0.06,394,,0.11406,0.0201,0.0056,0.03715,-0.01585,0.00273,spy_options_2021.parquet,6376103
SPY,2021-04-07,2021-04-07T16:00:00-04:00,406.57,2021-04-19,12.0,0.03287671232876712,425.0,put,18.35,18.51,19.07,0,,0.00012,-1.0,0.0,0.0,0.0,0.0,spy_options_2021.parquet,6376103
SPY,2021-04-07,2021-04-07T16:00:00-04:00,406.57,2021-04-19,12.0,0.03287671232876712,430.0,call,0.02,0.03,0.03,460,,0.12346,0.00813,0.00238,0.017,-0.00747,0.00122,spy_options_2021.parquet,6376104
SPY,2021-04-07,2021-04-07T16:00:00-04:00,406.57,2021-04-19,12.0,0.03287671232876712,430.0,put,23.28,23.46,23.64,2,,,-1.0,0.0,0.0,0.0,0.0,spy_options_2021.parquet,6376104
SPY,2021-04-07,2021-04-07T16:00:00-04:00,406.57,2021-04-19,12.0,0.03287671232876712,435.0,call,0.01,0.02,0.01,4,,0.13699,0.00483,0.0013,0.01039,-0.00504,0.00086,spy_options_2021.parquet,6376105
SPY,2021-04-07,2021-04-07T16:00:00-04:00,406.57,2021-04-19,12.0,0.03287671232876712,435.0,put,28.16,28.64,27.89,0,,,-1.0,0.0,0.0,0.0,0.0,spy_options_2021.parquet,6376105
SPY,2021-04-07,2021-04-07T16:00:00-04:00,406.57,2021-04-19,12.0,0.03287671232876712,440.0,call,0.0,0.01,0.02,0,,0.14195,0.00175,0.00049,0.00424,-0.00215,0.00022,spy_options_2021.parquet,6376106
SPY,2021-04-07,2021-04-07T16:00:00-04:00,406.57,2021-04-19,12.0,0.03287671232876712,440.0,put,33.12,33.6,34.16,54,,,-1.0,0.0,0.0,0.0,0.0,spy_options_2021.parquet,6376106
SPY,2021-04-07,2021-04-07T16:00:00-04:00,406.57,2021-04-19,12.0,0.03287671232876712,445.0,call,0.0,0.01,0.01,75,,0.15952,0.00115,0.0004,0.00335,-0.00159,2e-05,spy_options_2021.parquet,6376107
SPY,2021-04-07,2021-04-07T16:00:00-04:00,406.57,2021-04-19,12.0,0.03287671232876712,445.0,put,38.18,38.61,38.64,4,,,-1.0,0.0,0.0,0.0,0.0,spy_options_2021.parquet,6376107
SPY,2021-04-07,2021-04-07T16:00:00-04:00,406.57,2021-04-19,12.0,0.03287671232876712,450.0,call,0.0,0.01,0.02,0,,0.17764,0.00098,0.00028,0.0029,-0.00197,-0.00019,spy_options_2021.parquet,6376108
SPY,2021-04-07,2021-04-07T16:00:00-04:00,406.57,2021-04-19,12.0,0.03287671232876712,450.0,put,43.11,43.59,0.0,,,,-1.0,0.0,0.0,0.0,0.0,spy_options_2021.parquet,6376108
SPY,2021-04-07,2021-04-07T16:00:00-04:00,406.57,2021-04-19,12.0,0.03287671232876712,455.0,call,0.0,0.01,0.01,0,,0.19566,0.00152,0.00022,0.00343,-0.00237,0.00014,spy_options_2021.parquet,6376109
SPY,2021-04-07,2021-04-07T16:00:00-04:00,406.57,2021-04-19,12.0,0.03287671232876712,455.0,put,48.12,48.59,0.0,,,,-1.0,0.0,0.0,0.0,0.0,spy_options_2021.parquet,6376109
SPY,2021-04-07,2021-04-07T16:00:00-04:00,406.57,2021-04-19,12.0,0.03287671232876712,460.0,call,0.0,0.01,0.01,24,,0.21238,0.00124,0.00024,0.00255,-0.00171,0.0006,spy_options_2021.parquet,6376110
SPY,2021-04-07,2021-04-07T16:00:00-04:00,406.57,2021-04-19,12.0,0.03287671232876712,460.0,put,53.17,53.57,0.0,,,,-1.0,0.0,0.0,0.0,0.0,spy_options_2021.parquet,6376110
SPY,2021-04-07,2021-04-07T16:00:00-04:00,406.57,2021-04-19,12.0,0.03287671232876712,465.0,call,0.0,0.01,0.0,,,0.22933,0.00059,0.0002,0.0027,-0.00163,-0.00011,spy_options_2021.parquet,6376111
SPY,2021-04-07,2021-04-07T16:00:00-04:00,406.57,2021-04-19,12.0,0.03287671232876712,465.0,put,58.13,58.58,0.0,,,,-1.0,0.0,0.0,0.0,0.0,spy_options_2021.parquet,6376111
SPY,2021-04-07,2021-04-07T16:00:00-04:00,406.57,2021-04-19,12.0,0.03287671232876712,470.0,call,0.0,0.01,0.03,1,,0.24569,0.00133,0.00013,0.00273,-0.00218,0.00019,spy_options_2021.parquet,6376112
SPY,2021-04-07,2021-04-07T16:00:00-04:00,406.57,2021-04-19,12.0,0.03287671232876712,470.0,put,63.17,63.63,0.0,,,,-1.0,0.0,0.0,0.0,0.0,spy_options_2021.parquet,6376112
SPY,2021-04-07,2021-04-07T16:00:00-04:00,406.57,2021-04-19,12.0,0.03287671232876712,475.0,call,0.0,0.01,0.0,,,0.26237,0.00057,0.00016,0.00286,-0.00228,-6e-05,spy_options_2021.parquet,6376113
SPY,2021-04-07,2021-04-07T16:00:00-04:00,406.57,2021-04-19,12.0,0.03287671232876712,475.0,put,68.12,68.59,0.0,,,,-1.0,0.0,0.0,0.0,0.0,spy_options_2021.parquet,6376113
SPY,2021-04-07,2021-04-07T16:00:00-04:00,406.57,2021-04-19,12.0,0.03287671232876712,480.0,call,0.0,0.01,0.0,,,0.27879,0.00109,0.00011,0.00222,-0.00192,-0.00031,spy_options_2021.parquet,6376114
SPY,2021-04-07,2021-04-07T16:00:00-04:00,406.57,2021-04-19,12.0,0.03287671232876712,480.0,put,73.13,73.59,0.0,,,,-1.0,0.0,0.0,0.0,0.0,spy_options_2021.parquet,6376114
SPY,2021-04-07,2021-04-07T16:00:00-04:00,406.57,2021-04-19,12.0,0.03287671232876712,485.0,call,0.0,0.01,0.0,,,0.29432,0.00121,0.0001,0.00213,-0.00243,0.00047,spy_options_2021.parquet,6376115
SPY,2021-04-07,2021-04-07T16:00:00-04:00,406.57,2021-04-19,12.0,0.03287671232876712,485.0,put,78.18,78.61,0.0,,,,-1.0,0.0,0.0,0.0,0.0,spy_options_2021.parquet,6376115
SPY,2021-04-07,2021-04-07T16:00:00-04:00,406.57,2021-04-21,14.0,0.038356164383561646,275.0,call,131.42,131.83,0.0,,,0.71811,0.99663,0.00018,0.00779,-0.01587,0.11229,spy_options_2021.parquet,6376124
SPY,2021-04-07,2021-04-07T16:00:00-04:00,406.57,2021-04-21,14.0,0.038356164383561646,275.0,put,0.0,0.01,0.01,100,,0.58403,0.0,2e-05,0.0013,-0.00146,0.0,spy_options_2021.parquet,6376124
SPY,2021-04-07,2021-04-07T16:00:00-04:00,406.57,2021-04-21,14.0,0.038356164383561646,280.0,call,126.44,126.88,0.0,,,0.72556,0.99515,0.00018,0.01062,-0.02426,0.11378,spy_options_2021.parquet,6376125
SPY,2021-04-07,2021-04-07T16:00:00-04:00,406.57,2021-04-21,14.0,0.038356164383561646,280.0,put,0.0,0.01,0.03,25,,0.55961,-0.00067,7e-05,0.00127,-0.00226,0.0,spy_options_2021.parquet,6376125
SPY,2021-04-07,2021-04-07T16:00:00-04:00,406.57,2021-04-21,14.0,0.038356164383561646,285.0,call,121.43,121.83,0.0,,,0.66447,0.99708,0.00023,0.00808,-0.01676,0.11649,spy_options_2021.parquet,6376126
SPY,2021-04-07,2021-04-07T16:00:00-04:00,406.57,2021-04-21,14.0,0.038356164383561646,285.0,put,0.01,0.02,0.02,10,,0.5829,-0.00138,6e-05,0.00274,-0.0055,-0.00027,spy_options_2021.parquet,6376126
SPY,2021-04-07,2021-04-07T16:00:00-04:00,406.57,2021-04-21,14.0,0.038356164383561646,290.0,call,116.43,116.88,0.0,,,0.65893,0.99567,0.00021,0.01134,-0.0228,0.11868,spy_options_2021.parquet,6376127
SPY,2021-04-07,2021-04-07T16:00:00-04:00,406.57,2021-04-21,14.0,0.038356164383561646,290.0,put,0.01,0.02,0.03,1,,0.55677,-0.00105,7e-05,0.0036,-0.00492,-0.00062,spy_options_2021.parquet,6376127
SPY,2021-04-07,2021-04-07T16:00:00-04:00,406.57,2021-04-21,14.0,0.038356164383561646,295.0,call,111.54,111.7,0.0,,,0.59332,0.99655,0.00021,0.00796,-0.01459,0.12065,spy_options_2021.parquet,6376128
SPY,2021-04-07,2021-04-07T16:00:00-04:00,406.57,2021-04-21,14.0,0.038356164383561646,295.0,put,0.01,0.02,0.01,0,,0.53087,-0.00081,0.00012,0.00314,-0.00471,0.0,spy_options_2021.parquet,6376128
SPY,2021-04-07,2021-04-07T16:00:00-04:00,406.57,2021-04-21,14.0,0.038356164383561646,300.0,call,106.54,106.7,0.0,,,0.56443,0.9965,0.00019,0.00788,-0.01391,0.12252,spy_options_2021.parquet,6376129
SPY,2021-04-07,2021-04-07T16:00:00-04:00,406.57,2021-04-21,14.0,0.038356164383561646,300.0,put,0.01,0.02,0.02,15,,0.50484,-0.00076,7e-05,0.00371,-0.00493,-0.00067,spy_options_2021.parquet,6376129
SPY,2021-04-07,2021-04-07T16:00:00-04:00,406.57,2021-04-21,14.0,0.038356164383561646,305.0,call,101.54,101.7,0.0,,,0.53671,0.99645,0.0002,0.00835,-0.01413,0.1251,spy_options_2021.parquet,6376130
SPY,2021-04-07,2021-04-07T16:00:00-04:00,406.57,2021-04-21,14.0,0.038356164383561646,305.0,put,0.02,0.03,0.03,0,,0.50251,-0.00201,0.0002,0.005,-0.00833,-0.00039,spy_options_2021.parquet,6376130
SPY,2021-04-07,2021-04-07T16:00:00-04:00,406.57,2021-04-21,14.0,0.038356164383561646,310.0,call,96.55,96.71,0.0,,,0.51874,0.99543,0.00025,0.01006,-0.01625,0.1263,spy_options_2021.parquet,6376131
SPY,2021-04-07,2021-04-07T16:00:00-04:00,406.57,2021-04-21,14.0,0.038356164383561646,310.0,put,0.02,0.03,0.03,25,,0.47638,-0.00232,0.00017,0.00588,-0.00779,-0.00039,spy_options_2021.parquet,6376131
SPY,2021-04-07,2021-04-07T16:00:00-04:00,406.57,2021-04-21,14.0,0.038356164383561646,315.0,call,91.43,91.86,0.0,,,0.50368,0.99463,0.00036,0.01256,-0.01927,0.12874,spy_options_2021.parquet,6376132
SPY,2021-04-07,2021-04-07T16:00:00-04:00,406.57,2021-04-21,14.0,0.038356164383561646,315.0,put,0.02,0.03,0.05,138,,0.45083,-0.00189,0.00018,0.00615,-0.00738,-8e-05,spy_options_2021.parquet,6376132
SPY,2021-04-07,2021-04-07T16:00:00-04:00,406.57,2021-04-21,14.0,0.038356164383561646,320.0,call,86.55,86.73,0.0,,,0.47208,0.99483,0.00044,0.01314,-0.01873,0.1301,spy_options_2021.parquet,6376133
SPY,2021-04-07,2021-04-07T16:00:00-04:00,406.57,2021-04-21,14.0,0.038356164383561646,320.0,put,0.03,0.04,0.05,10,,0.43861,-0.00264,0.00031,0.00808,-0.01038,-0.0008,spy_options_2021.parquet,6376133
SPY,2021-04-07,2021-04-07T16:00:00-04:00,406.57,2021-04-21,14.0,0.038356164383561646,325.0,call,81.56,81.74,0.0,,,0.45179,0.99409,0.00046,0.01467,-0.02018,0.1328,spy_options_2021.parquet,6376134
SPY,2021-04-07,2021-04-07T16:00:00-04:00,406.57,2021-04-21,14.0,0.038356164383561646,325.0,put,0.03,0.04,0.04,25,,0.41388,-0.00318,0.00034,0.00815,-0.01047,-0.00063,spy_options_2021.parquet,6376134
SPY,2021-04-07,2021-04-07T16:00:00-04:00,406.57,2021-04-21,14.0,0.038356164383561646,330.0,call,76.46,76.89,0.0,,,0.4388,0.99179,0.00063,0.01917,-0.02601,0.13408,spy_options_2021.parquet,6376135
SPY,2021-04-07,2021-04-07T16:00:00-04:00,406.57,2021-04-21,14.0,0.038356164383561646,330.0,put,0.04,0.05,0.06,17,,0.39813,-0.00464,0.00043,0.01043,-0.01251,-0.0003,spy_options_2021.parquet,6376135
SPY,2021-04-07,2021-04-07T16:00:00-04:00,406.57,2021-04-21,14.0,0.038356164383561646,335.0,call,71.58,71.74,0.0,,,0.40302,0.99182,0.00064,0.01773,-0.02182,0.13669,spy_options_2021.parquet,6376136
SPY,2021-04-07,2021-04-07T16:00:00-04:00,406.57,2021-04-21,14.0,0.038356164383561646,335.0,put,0.05,0.06,0.08,16,,0.38089,-0.00517,0.00049,0.0132,-0.01457,-0.00069,spy_options_2021.parquet,6376136
SPY,2021-04-07,2021-04-07T16:00:00-04:00,406.57,2021-04-21,14.0,0.038356164383561646,340.0,call,66.61,66.8,57.11,1,,0.39566,0.98866,0.00089,0.02456,-0.03038,0.13726,spy_options_2021.parquet,6376137
SPY,2021-04-07,2021-04-07T16:00:00-04:00,406.57,2021-04-21,14.0,0.038356164383561646,340.0,put,0.06,0.07,0.07,10,,0.36072,-0.00636,0.00064,0.01515,-0.01662,-0.00107,spy_options_2021.parquet,6376137
SPY,2021-04-07,2021-04-07T16:00:00-04:00,406.57,2021-04-21,14.0,0.038356164383561646,345.0,call,61.49,61.91,51.49,2,,0.36526,0.98801,0.00107,0.02582,-0.0298,0.13939,spy_options_2021.parquet,6376138
SPY,2021-04-07,2021-04-07T16:00:00-04:00,406.57,2021-04-21,14.0,0.038356164383561646,345.0,put,0.07,0.08,0.08,9,,0.34082,-0.00815,0.00077,0.01805,-0.01841,-0.00092,spy_options_2021.parquet,6376138
SPY,2021-04-07,2021-04-07T16:00:00-04:00,406.57,2021-04-21,14.0,0.038356164383561646,350.0,call,56.64,56.82,0.0,,,0.34781,0.98448,0.00139,0.03128,-0.03483,0.14064,spy_options_2021.parquet,6376139
SPY,2021-04-07,2021-04-07T16:00:00-04:00,406.57,2021-04-21,14.0,0.038356164383561646,350.0,put,0.09,0.1,0.1,2,,0.3241,-0.01038,0.00106,0.02301,-0.02276,-0.00165,spy_options_2021.parquet,6376139
SPY,2021-04-07,2021-04-07T16:00:00-04:00,406.57,2021-04-21,14.0,0.038356164383561646,355.0,call,51.66,51.85,38.94,1,,0.32581,0.98182,0.00168,0.03692,-0.03859,0.14215,spy_options_2021.parquet,6376140
SPY,2021-04-07,2021-04-07T16:00:00-04:00,406.57,2021-04-21,14.0,0.038356164383561646,355.0,put,0.11,0.12,0.12,5,,0.30453,-0.01296,0.00135,0.02807,-0.02585,-0.00263,spy_options_2021.parquet,6376140
SPY,2021-04-07,2021-04-07T16:00:00-04:00,406.57,2021-04-21,14.0,0.038356164383561646,360.0,call,46.59,47.01,29.54,5,,0.30756,0.97634,0.00215,0.0457,-0.04479,0.14432,spy_options_2021.parquet,6376141
SPY,2021-04-07,2021-04-07T16:00:00-04:00,406.57,2021-04-21,14.0,0.038356164383561646,360.0,put,0.13,0.14,0.13,20,,0.28338,-0.016,0.00174,0.0335,-0.02941,-0.00295,spy_options_2021.parquet,6376141
SPY,2021-04-07,2021-04-07T16:00:00-04:00,406.57,2021-04-21,14.0,0.038356164383561646,365.0,call,41.7,41.88,39.98,1,,0.27582,0.97507,0.0026,0.04772,-0.04241,0.14586,spy_options_2021.parquet,6376142
SPY,2021-04-07,2021-04-07T16:00:00-04:00,406.57,2021-04-21,14.0,0.038356164383561646,365.0,put,0.17,0.18,0.17,64,,0.26618,-0.02158,0.00232,0.04207,-0.03484,-0.00387,spy_options_2021.parquet,6376142
SPY,2021-04-07,2021-04-07T16:00:00-04:00,406.57,2021-04-21,14.0,0.038356164383561646,370.0,call,36.66,37.06,36.69,2,,0.2581,0.966,0.00353,0.06173,-0.05083,0.14593,spy_options_2021.parquet,6376143
SPY,2021-04-07,2021-04-07T16:00:00-04:00,406.57,2021-04-21,14.0,0.038356164383561646,370.0,put,0.22,0.23,0.24,77,,0.24672,-0.02793,0.00318,0.05415,-0.04172,-0.00454,spy_options_2021.parquet,6376143
SPY,2021-04-07,2021-04-07T16:00:00-04:00,406.57,2021-04-21,14.0,0.038356164383561646,375.0,call,31.83,32.01,31.84,1,,0.23585,0.9564,0.00475,0.07545,-0.05718,0.14629,spy_options_2021.parquet,6376144
SPY,2021-04-07,2021-04-07T16:00:00-04:00,406.57,2021-04-21,14.0,0.038356164383561646,375.0,put,0.3,0.31,0.31,35,,0.2299,-0.03884,0.00454,0.07021,-0.05194,-0.00646,spy_options_2021.parquet,6376144
SPY,2021-04-07,2021-04-07T16:00:00-04:00,406.57,2021-04-21,14.0,0.038356164383561646,380.0,call,26.85,27.24,27.58,0,,0.21803,0.93992,0.00665,0.09859,-0.07029,0.1456,spy_options_2021.parquet,6376145
SPY,2021-04-07,2021-04-07T16:00:00-04:00,406.57,2021-04-21,14.0,0.038356164383561646,380.0,put,0.41,0.42,0.43,352,,0.21122,-0.05546,0.00644,0.09206,-0.06265,-0.0098,spy_options_2021.parquet,6376145
SPY,2021-04-07,2021-04-07T16:00:00-04:00,406.57,2021-04-21,14.0,0.038356164383561646,385.0,call,22.0,22.4,22.07,1,,0.19709,0.91628,0.00947,0.12632,-0.08171,0.14356,spy_options_2021.parquet,6376146
SPY,2021-04-07,2021-04-07T16:00:00-04:00,406.57,2021-04-21,14.0,0.038356164383561646,385.0,put,0.57,0.59,0.59,2978,,0.19336,-0.07883,0.00926,0.12183,-0.07681,-0.01346,spy_options_2021.parquet,6376146
SPY,2021-04-07,2021-04-07T16:00:00-04:00,406.57,2021-04-21,14.0,0.038356164383561646,390.0,call,17.4,17.57,17.16,13,,0.17979,0.87669,0.01368,0.16797,-0.09984,0.13905,spy_options_2021.parquet,6376147
SPY,2021-04-07,2021-04-07T16:00:00-04:00,406.57,2021-04-21,14.0,0.038356164383561646,390.0,put,0.82,0.84,0.86,315,,0.17428,-0.11613,0.01357,0.16174,-0.093,-0.01973,spy_options_2021.parquet,6376147
SPY,2021-04-07,2021-04-07T16:00:00-04:00,406.57,2021-04-21,14.0,0.038356164383561646,395.0,call,12.81,12.94,12.86,71,,0.15843,0.81946,0.02007,0.21666,-0.11483,0.13127,spy_options_2021.parquet,6376148
SPY,2021-04-07,2021-04-07T16:00:00-04:00,406.57,2021-04-21,14.0,0.038356164383561646,395.0,put,1.23,1.25,1.25,335,,0.15635,-0.17637,0.0202,0.21435,-0.11155,-0.0302,spy_options_2021.parquet,6376148
SPY,2021-04-07,2021-04-07T16:00:00-04:00,406.57,2021-04-21,14.0,0.038356164383561646,400.0,call,8.55,8.67,8.8,44,,0.14073,0.72023,0.02891,0.27703,-0.132,0.11639,spy_options_2021.parquet,6376149
SPY,2021-04-07,2021-04-07T16:00:00-04:00,406.57,2021-04-21,14.0,0.038356164383561646,400.0,put,1.93,1.95,1.95,1530,,0.13781,-0.27493,0.02942,0.27521,-0.12708,-0.04612,spy_options_2021.parquet,6376149
SPY,2021-04-07,2021-04-07T16:00:00-04:00,406.57,2021-04-21,14.0,0.038356164383561646,405.0,call,4.86,4.89,4.82,855,,0.12295,0.56642,0.03881,0.32455,-0.13564,0.09286,spy_options_2021.parquet,6376150
SPY,2021-04-07,2021-04-07T16:00:00-04:00,406.57,2021-04-21,14.0,0.038356164383561646,405.0,put,3.21,3.26,3.28,1322,,0.12121,-0.43236,0.03941,0.32364,-0.13285,-0.07168,spy_options_2021.parquet,6376150
SPY,2021-04-07,2021-04-07T16:00:00-04:00,406.57,2021-04-21,14.0,0.038356164383561646,410.0,call,2.26,2.29,2.23,1651,,0.11328,0.36169,0.04007,0.30899,-0.11889,0.05958,spy_options_2021.parquet,6376151
SPY,2021-04-07,2021-04-07T16:00:00-04:00,406.57,2021-04-21,14.0,0.038356164383561646,410.0,put,5.58,5.62,5.81,327,,0.11014,-0.64262,0.04109,0.30762,-0.11458,-0.10356,spy_options_2021.parquet,6376151
SPY,2021-04-07,2021-04-07T16:00:00-04:00,406.57,2021-04-21,14.0,0.038356164383561646,415.0,call,0.88,0.9,0.88,388,,0.10989,0.18192,0.02915,0.21742,-0.0806,0.03038,spy_options_2021.parquet,6376152
SPY,2021-04-07,2021-04-07T16:00:00-04:00,406.57,2021-04-21,14.0,0.038356164383561646,415.0,put,9.18,9.32,9.7,19,,0.10724,-0.82307,0.02863,0.2144,-0.07593,-0.11791,spy_options_2021.parquet,6376152
SPY,2021-04-07,2021-04-07T16:00:00-04:00,406.57,2021-04-21,14.0,0.038356164383561646,420.0,call,0.31,0.32,0.31,1464,,0.11111,0.07653,0.01571,0.11917,-0.04317,0.01239,spy_options_2021.parquet,6376153
SPY,2021-04-07,2021-04-07T16:00:00-04:00,406.57,2021-04-21,14.0,0.038356164383561646,420.0,put,13.58,13.75,13.99,10,,0.10698,-0.92409,0.01235,0.11576,-0.04029,-0.09496,spy_options_2021.parquet,6376153
SPY,2021-04-07,2021-04-07T16:00:00-04:00,406.57,2021-04-21,14.0,0.038356164383561646,425.0,call,0.1,0.11,0.11,316,,0.11493,0.02924,0.00702,0.05456,-0.01984,0.00441,spy_options_2021.parquet,6376154
SPY,2021-04-07,2021-04-07T16:00:00-04:00,406.57,2021-04-21,14.0,0.038356164383561646,425.0,put,17.93,19.05,18.79,10,,0.11953,-0.94679,0.00288,0.08502,-0.03336,-0.05752,spy_options_2021.parquet,6376154
SPY,2021-04-07,2021-04-07T16:00:00-04:00,406.57,2021-04-21,14.0,0.038356164383561646,430.0,call,0.04,0.05,0.05,172,,0.12307,0.0125,0.00327,0.02678,-0.01043,0.00182,spy_options_2021.parquet,6376155
SPY,2021-04-07,2021-04-07T16:00:00-04:00,406.57,2021-04-21,14.0,0.038356164383561646,430.0,put,22.89,23.99,23.47,0,,0.14311,-0.94677,0.00037,0.08359,-0.0101,-0.04315,spy_options_2021.parquet,6376155
SPY,2021-04-07,2021-04-07T16:00:00-04:00,406.57,2021-04-21,14.0,0.038356164383561646,435.0,call,0.02,0.03,0.02,86,,0.13531,0.00712,0.00176,0.01565,-0.00683,0.00135,spy_options_2021.parquet,6376156
SPY,2021-04-07,2021-04-07T16:00:00-04:00,406.57,2021-04-21,14.0,0.038356164383561646,435.0,put,28.32,28.45,0.0,,,,-1.0,0.0,0.0,0.0,0.0,spy_options_2021.parquet,6376156
SPY,2021-04-07,2021-04-07T16:00:00-04:00,406.57,2021-04-21,14.0,0.038356164383561646,440.0,call,0.01,0.02,0.02,4,,0.14704,0.00431,0.00096,0.00969,-0.00482,0.0009,spy_options_2021.parquet,6376157
SPY,2021-04-07,2021-04-07T16:00:00-04:00,406.57,2021-04-21,14.0,0.038356164383561646,440.0,put,33.18,33.57,0.0,,,,-1.0,0.0,0.0,0.0,0.0,spy_options_2021.parquet,6376157
SPY,2021-04-07,2021-04-07T16:00:00-04:00,406.57,2021-04-21,14.0,0.038356164383561646,445.0,call,0.0,0.01,0.01,197,,0.1486,0.00142,0.00041,0.00376,-0.00165,0.00072,spy_options_2021.parquet,6376158
SPY,2021-04-07,2021-04-07T16:00:00-04:00,406.57,2021-04-21,14.0,0.038356164383561646,445.0,put,38.19,38.53,38.29,50,,,-1.0,0.0,0.0,0.0,0.0,spy_options_2021.parquet,6376158
SPY,2021-04-07,2021-04-07T16:00:00-04:00,406.57,2021-04-21,14.0,0.038356164383561646,450.0,call,0.0,0.01,0.01,305,,0.16549,0.00161,0.00029,0.0038,-0.00162,-0.00027,spy_options_2021.parquet,6376159
SPY,2021-04-07,2021-04-07T16:00:00-04:00,406.57,2021-04-21,14.0,0.038356164383561646,450.0,put,43.18,43.62,42.77,0,,,-1.0,0.0,0.0,0.0,0.0,spy_options_2021.parquet,6376159
SPY,2021-04-07,2021-04-07T16:00:00-04:00,406.57,2021-04-21,14.0,0.038356164383561646,455.0,call,0.0,0.01,0.01,0,,0.18211,0.00083,0.00027,0.00341,-0.0016,0.00026,spy_options_2021.parquet,6376160
SPY,2021-04-07,2021-04-07T16:00:00-04:00,406.57,2021-04-21,14.0,0.038356164383561646,455.0,put,47.86,48.95,0.0,,,,-1.0,0.0,0.0,0.0,0.0,spy_options_2021.parquet,6376160
SPY,2021-04-07,2021-04-07T16:00:00-04:00,406.57,2021-04-21,14.0,0.038356164383561646,460.0,call,0.0,0.01,0.01,0,,0.1976,0.00067,0.00022,0.00298,-0.00223,7e-05,spy_options_2021.parquet,6376161
SPY,2021-04-07,2021-04-07T16:00:00-04:00,406.57,2021-04-21,14.0,0.038356164383561646,460.0,put,53.18,53.56,60.36,1,,,-1.0,0.0,0.0,0.0,0.0,spy_options_2021.parquet,6376161
SPY,2021-04-07,2021-04-07T16:00:00-04:00,406.57,2021-04-21,14.0,0.038356164383561646,465.0,call,0.0,0.01,0.01,0,,0.21364,0.00082,0.00021,0.00241,-0.00209,0.00029,spy_options_2021.parquet,6376162
SPY,2021-04-07,2021-04-07T16:00:00-04:00,406.57,2021-04-21,14.0,0.038356164383561646,465.0,put,58.15,58.56,58.28,50,,,-1.0,0.0,0.0,0.0,0.0,spy_options_2021.parquet,6376162
SPY,2021-04-07,2021-04-07T16:00:00-04:00,406.57,2021-04-21,14.0,0.038356164383561646,470.0,call,0.0,0.01,0.01,1,,0.2295,0.00091,0.00019,0.00295,-0.00197,0.00016,spy_options_2021.parquet,6376163
SPY,2021-04-07,2021-04-07T16:00:00-04:00,406.57,2021-04-21,14.0,0.038356164383561646,470.0,put,63.13,63.58,0.0,,,,-1.0,0.0,0.0,0.0,0.0,spy_options_2021.parquet,6376163
SPY,2021-04-07,2021-04-07T16:00:00-04:00,406.57,2021-04-21,14.0,0.038356164383561646,475.0,call,0.0,0.01,0.0,,,0.2447,0.00099,0.00017,0.00237,-0.00163,0.0004,spy_options_2021.parquet,6376164
SPY,2021-04-07,2021-04-07T16:00:00-04:00,406.57,2021-04-21,14.0,0.038356164383561646,475.0,put,68.18,68.61,0.0,,,,-1.0,0.0,0.0,0.0,0.0,spy_options_2021.parquet,6376164
SPY,2021-04-07,2021-04-07T16:00:00-04:00,406.57,2021-04-21,14.0,0.038356164383561646,480.0,call,0.0,0.01,0.0,,,0.25933,0.00079,0.00018,0.00266,-0.00197,0.00057,spy_options_2021.parquet,6376165
SPY,2021-04-07,2021-04-07T16:00:00-04:00,406.57,2021-04-21,14.0,0.038356164383561646,480.0,put,73.18,73.61,0.0,,,,-1.0,0.0,0.0,0.0,0.0,spy_options_2021.parquet,6376165
SPY,2021-04-07,2021-04-07T16:00:00-04:00,406.57,2021-04-21,14.0,0.038356164383561646,485.0,call,0.0,0.01,0.01,400,,0.27417,0.00127,0.00015,0.00195,-0.00206,0.00049,spy_options_2021.parquet,6376166
SPY,2021-04-07,2021-04-07T16:00:00-04:00,406.57,2021-04-21,14.0,0.038356164383561646,485.0,put,78.19,78.6,0.0,,,,-1.0,0.0,0.0,0.0,0.0,spy_options_2021.parquet,6376166
SPY,2021-04-07,2021-04-07T16:00:00-04:00,406.57,2021-04-23,16.0,0.043835616438356165,275.0,call,131.46,131.88,0.0,,,0.72012,0.9953,0.00024,0.01188,-0.0238,0.12706,spy_options_2021.parquet,6376184
SPY,2021-04-07,2021-04-07T16:00:00-04:00,406.57,2021-04-23,16.0,0.043835616438356165,275.0,put,0.01,0.02,0.02,0,,0.60016,-0.00117,5e-05,0.0028,-0.00423,0.0,spy_options_2021.parquet,6376184
SPY,2021-04-07,2021-04-07T16:00:00-04:00,406.57,2021-04-23,16.0,0.043835616438356165,280.0,call,126.43,126.86,0.0,,,0.66742,0.9962,0.00016,0.01004,-0.01845,0.12967,spy_options_2021.parquet,6376185
SPY,2021-04-07,2021-04-07T16:00:00-04:00,406.57,2021-04-23,16.0,0.043835616438356165,280.0,put,0.01,0.02,0.02,0,,0.57308,-0.00081,9e-05,0.00325,-0.00428,0.0,spy_options_2021.parquet,6376185
SPY,2021-04-07,2021-04-07T16:00:00-04:00,406.57,2021-04-23,16.0,0.043835616438356165,285.0,call,121.46,121.89,0.0,,,0.66353,0.99465,0.00031,0.01312,-0.02425,0.13158,spy_options_2021.parquet,6376186
SPY,2021-04-07,2021-04-07T16:00:00-04:00,406.57,2021-04-23,16.0,0.043835616438356165,285.0,put,0.01,0.02,0.02,840,,0.54817,-0.00142,0.00013,0.00291,-0.00448,-0.00012,spy_options_2021.parquet,6376186
SPY,2021-04-07,2021-04-07T16:00:00-04:00,406.57,2021-04-23,16.0,0.043835616438356165,290.0,call,116.45,116.84,0.0,,,0.61025,0.9962,0.00024,0.01132,-0.01856,0.13423,spy_options_2021.parquet,6376187
SPY,2021-04-07,2021-04-07T16:00:00-04:00,406.57,2021-04-23,16.0,0.043835616438356165,290.0,put,0.01,0.02,0.03,0,,0.5237,-0.00102,0.0001,0.00351,-0.00478,-0.00049,spy_options_2021.parquet,6376187
SPY,2021-04-07,2021-04-07T16:00:00-04:00,406.57,2021-04-23,16.0,0.043835616438356165,295.0,call,111.47,111.9,0.0,,,0.61228,0.99416,0.00035,0.01596,-0.0264,0.13601,spy_options_2021.parquet,6376188
SPY,2021-04-07,2021-04-07T16:00:00-04:00,406.57,2021-04-23,16.0,0.043835616438356165,295.0,put,0.02,0.03,0.03,310,,0.52178,-0.00168,0.00016,0.00548,-0.00752,-0.00063,spy_options_2021.parquet,6376188
SPY,2021-04-07,2021-04-07T16:00:00-04:00,406.57,2021-04-23,16.0,0.043835616438356165,300.0,call,106.46,106.85,0.0,,,0.56245,0.99531,0.00028,0.01344,-0.01996,0.13893,spy_options_2021.parquet,6376189
SPY,2021-04-07,2021-04-07T16:00:00-04:00,406.57,2021-04-23,16.0,0.043835616438356165,300.0,put,0.02,0.03,0.03,728,,0.496,-0.00178,0.00015,0.00555,-0.00706,-0.00086,spy_options_2021.parquet,6376189
SPY,2021-04-07,2021-04-07T16:00:00-04:00,406.57,2021-04-23,16.0,0.043835616438356165,305.0,call,101.46,101.86,0.0,,,0.53882,0.99407,0.00031,0.01388,-0.0206,0.14133,spy_options_2021.parquet,6376190
SPY,2021-04-07,2021-04-07T16:00:00-04:00,406.57,2021-04-23,16.0,0.043835616438356165,305.0,put,0.03,0.04,0.04,0,,0.48773,-0.00278,0.0002,0.00707,-0.00941,-4e-05,spy_options_2021.parquet,6376190
SPY,2021-04-07,2021-04-07T16:00:00-04:00,406.57,2021-04-23,16.0,0.043835616438356165,310.0,call,96.48,96.88,0.0,,,0.52401,0.9931,0.00044,0.01679,-0.02414,0.14325,spy_options_2021.parquet,6376191
SPY,2021-04-07,2021-04-07T16:00:00-04:00,406.57,2021-04-23,16.0,0.043835616438356165,310.0,put,0.03,0.04,0.04,163,,0.46278,-0.0027,0.00023,0.00737,-0.00902,-0.00075,spy_options_2021.parquet,6376191
SPY,2021-04-07,2021-04-07T16:00:00-04:00,406.57,2021-04-23,16.0,0.043835616438356165,315.0,call,91.48,91.91,82.93,4,,0.50425,0.99176,0.00049,0.01987,-0.02713,0.14547,spy_options_2021.parquet,6376192
SPY,2021-04-07,2021-04-07T16:00:00-04:00,406.57,2021-04-23,16.0,0.043835616438356165,315.0,put,0.04,0.05,0.05,16,,0.44818,-0.00367,0.00024,0.00967,-0.01138,-0.00094,spy_options_2021.parquet,6376192
SPY,2021-04-07,2021-04-07T16:00:00-04:00,406.57,2021-04-23,16.0,0.043835616438356165,320.0,call,86.48,86.93,0.0,,,0.4808,0.99136,0.0006,0.02113,-0.02818,0.14673,spy_options_2021.parquet,6376193
SPY,2021-04-07,2021-04-07T16:00:00-04:00,406.57,2021-04-23,16.0,0.043835616438356165,320.0,put,0.04,0.05,0.05,2,,0.42388,-0.00379,0.00033,0.01046,-0.01159,-0.00058,spy_options_2021.parquet,6376193
SPY,2021-04-07,2021-04-07T16:00:00-04:00,406.57,2021-04-23,16.0,0.043835616438356165,325.0,call,81.49,81.89,74.86,4,,0.44595,0.99132,0.00063,0.02051,-0.02608,0.14939,spy_options_2021.parquet,6376194
SPY,2021-04-07,2021-04-07T16:00:00-04:00,406.57,2021-04-23,16.0,0.043835616438356165,325.0,put,0.05,0.06,0.06,41,,0.40787,-0.00519,0.00035,0.01242,-0.01394,-0.00055,spy_options_2021.parquet,6376194
SPY,2021-04-07,2021-04-07T16:00:00-04:00,406.57,2021-04-23,16.0,0.043835616438356165,330.0,call,76.51,76.9,67.27,1,,0.42556,0.98999,0.00073,0.02342,-0.02777,0.15202,spy_options_2021.parquet,6376195
SPY,2021-04-07,2021-04-07T16:00:00-04:00,406.57,2021-04-23,16.0,0.043835616438356165,330.0,put,0.06,0.07,0.07,28,,0.38987,-0.00591,0.00049,0.01444,-0.01484,-0.00143,spy_options_2021.parquet,6376195
SPY,2021-04-07,2021-04-07T16:00:00-04:00,406.57,2021-04-23,16.0,0.043835616438356165,335.0,call,71.54,71.94,59.92,1,,0.41137,0.98674,0.00093,0.02951,-0.03355,0.15352,spy_options_2021.parquet,6376196
SPY,2021-04-07,2021-04-07T16:00:00-04:00,406.57,2021-04-23,16.0,0.043835616438356165,335.0,put,0.07,0.08,0.09,7,,0.37036,-0.00686,0.0006,0.01715,-0.01698,-0.00128,spy_options_2021.parquet,6376196
SPY,2021-04-07,2021-04-07T16:00:00-04:00,406.57,2021-04-23,16.0,0.043835616438356165,340.0,call,66.52,66.93,66.47,1,,0.37891,0.98719,0.00098,0.02951,-0.03111,0.15579,spy_options_2021.parquet,6376197
SPY,2021-04-07,2021-04-07T16:00:00-04:00,406.57,2021-04-23,16.0,0.043835616438356165,340.0,put,0.08,0.09,0.12,5,,0.35001,-0.00834,0.00071,0.01932,-0.0192,-0.00123,spy_options_2021.parquet,6376197
SPY,2021-04-07,2021-04-07T16:00:00-04:00,406.57,2021-04-23,16.0,0.043835616438356165,345.0,call,61.57,61.98,61.21,0,,0.36643,0.98246,0.00135,0.03768,-0.03791,0.15769,spy_options_2021.parquet,6376198
SPY,2021-04-07,2021-04-07T16:00:00-04:00,406.57,2021-04-23,16.0,0.043835616438356165,345.0,put,0.1,0.11,0.11,13,,0.33365,-0.01007,0.00094,0.02422,-0.02169,-0.00177,spy_options_2021.parquet,6376198
SPY,2021-04-07,2021-04-07T16:00:00-04:00,406.57,2021-04-23,16.0,0.043835616438356165,350.0,call,56.57,57.01,56.73,3,,0.34172,0.98031,0.0016,0.04137,-0.03945,0.15945,spy_options_2021.parquet,6376199
SPY,2021-04-07,2021-04-07T16:00:00-04:00,406.57,2021-04-23,16.0,0.043835616438356165,350.0,put,0.12,0.13,0.13,40,,0.31589,-0.01243,0.00117,0.029,-0.02532,-0.00291,spy_options_2021.parquet,6376199
SPY,2021-04-07,2021-04-07T16:00:00-04:00,406.57,2021-04-23,16.0,0.043835616438356165,355.0,call,51.61,52.01,49.26,1,,0.31871,0.97723,0.00191,0.0466,-0.04236,0.16062,spy_options_2021.parquet,6376200
SPY,2021-04-07,2021-04-07T16:00:00-04:00,406.57,2021-04-23,16.0,0.043835616438356165,355.0,put,0.15,0.16,0.16,26,,0.29803,-0.01579,0.00158,0.03596,-0.02963,-0.00313,spy_options_2021.parquet,6376200
SPY,2021-04-07,2021-04-07T16:00:00-04:00,406.57,2021-04-23,16.0,0.043835616438356165,357.5,call,49.11,49.53,49.42,3,,0.30663,0.97554,0.0021,0.05002,-0.04286,0.16124,spy_options_2021.parquet,6376201
SPY,2021-04-07,2021-04-07T16:00:00-04:00,406.57,2021-04-23,16.0,0.043835616438356165,357.5,put,0.17,0.18,0.18,93,,0.29052,-0.01884,0.00175,0.03974,-0.03249,-0.00327,spy_options_2021.parquet,6376201
SPY,2021-04-07,2021-04-07T16:00:00-04:00,406.57,2021-04-23,16.0,0.043835616438356165,360.0,call,46.63,46.95,46.94,0,,0.28608,0.97678,0.00216,0.04759,-0.03869,0.16272,spy_options_2021.parquet,6376202
SPY,2021-04-07,2021-04-07T16:00:00-04:00,406.57,2021-04-23,16.0,0.043835616438356165,360.0,put,0.19,0.2,0.18,72,,0.28094,-0.02059,0.00206,0.04463,-0.03444,-0.00382,spy_options_2021.parquet,6376202
SPY,2021-04-07,2021-04-07T16:00:00-04:00,406.57,2021-04-23,16.0,0.043835616438356165,362.5,call,44.2,44.53,37.86,50,,0.28623,0.97016,0.00269,0.05876,-0.04783,0.16288,spy_options_2021.parquet,6376203
SPY,2021-04-07,2021-04-07T16:00:00-04:00,406.57,2021-04-23,16.0,0.043835616438356165,362.5,put,0.21,0.22,0.23,4,,0.27212,-0.0232,0.00231,0.04879,-0.03725,-0.00465,spy_options_2021.parquet,6376203
SPY,2021-04-07,2021-04-07T16:00:00-04:00,406.57,2021-04-23,16.0,0.043835616438356165,365.0,call,41.73,42.05,41.9,1,,0.27594,0.96729,0.00303,0.06412,-0.05089,0.16392,spy_options_2021.parquet,6376204
SPY,2021-04-07,2021-04-07T16:00:00-04:00,406.57,2021-04-23,16.0,0.043835616438356165,365.0,put,0.24,0.25,0.24,29,,0.26381,-0.0269,0.00275,0.0557,-0.04096,-0.00496,spy_options_2021.parquet,6376204
SPY,2021-04-07,2021-04-07T16:00:00-04:00,406.57,2021-04-23,16.0,0.043835616438356165,367.5,call,39.3,39.59,33.0,2,,0.26949,0.96123,0.00349,0.07307,-0.05675,0.16348,spy_options_2021.parquet,6376205
SPY,2021-04-07,2021-04-07T16:00:00-04:00,406.57,2021-04-23,16.0,0.043835616438356165,367.5,put,0.27,0.28,0.29,251,,0.2549,-0.03107,0.00309,0.0614,-0.04393,-0.00549,spy_options_2021.parquet,6376205
SPY,2021-04-07,2021-04-07T16:00:00-04:00,406.57,2021-04-23,16.0,0.043835616438356165,370.0,call,36.78,37.14,36.62,7,,0.25634,0.95793,0.00398,0.0786,-0.05706,0.16389,spy_options_2021.parquet,6376206
SPY,2021-04-07,2021-04-07T16:00:00-04:00,406.57,2021-04-23,16.0,0.043835616438356165,370.0,put,0.31,0.32,0.34,207,,0.24649,-0.03588,0.0037,0.06929,-0.04895,-0.00719,spy_options_2021.parquet,6376206
SPY,2021-04-07,2021-04-07T16:00:00-04:00,406.57,2021-04-23,16.0,0.043835616438356165,371.0,call,35.83,36.18,21.14,1,,0.25547,0.95458,0.00428,0.08457,-0.06221,0.16363,spy_options_2021.parquet,6376207
SPY,2021-04-07,2021-04-07T16:00:00-04:00,406.57,2021-04-23,16.0,0.043835616438356165,371.0,put,0.33,0.34,0.35,10,,0.24317,-0.03826,0.00386,0.07359,-0.05054,-0.0077,spy_options_2021.parquet,6376207
SPY,2021-04-07,2021-04-07T16:00:00-04:00,406.57,2021-04-23,16.0,0.043835616438356165,372.0,call,34.87,35.22,29.09,1,,0.25422,0.95034,0.0046,0.09026,-0.06581,0.16357,spy_options_2021.parquet,6376208
SPY,2021-04-07,2021-04-07T16:00:00-04:00,406.57,2021-04-23,16.0,0.043835616438356165,372.0,put,0.35,0.36,0.4,104,,0.24011,-0.04053,0.00417,0.07691,-0.05234,-0.00813,spy_options_2021.parquet,6376208
SPY,2021-04-07,2021-04-07T16:00:00-04:00,406.57,2021-04-23,16.0,0.043835616438356165,372.5,call,34.35,34.73,26.23,1,,0.25028,0.95039,0.00471,0.08992,-0.06474,0.16394,spy_options_2021.parquet,6376209
SPY,2021-04-07,2021-04-07T16:00:00-04:00,406.57,2021-04-23,16.0,0.043835616438356165,372.5,put,0.36,0.37,0.46,0,,0.23818,-0.04175,0.00428,0.07927,-0.05323,-0.00779,spy_options_2021.parquet,6376209
SPY,2021-04-07,2021-04-07T16:00:00-04:00,406.57,2021-04-23,16.0,0.043835616438356165,373.0,call,33.88,34.19,34.09,0,,0.24698,0.95022,0.00479,0.09106,-0.06452,0.16347,spy_options_2021.parquet,6376210
SPY,2021-04-07,2021-04-07T16:00:00-04:00,406.57,2021-04-23,16.0,0.043835616438356165,373.0,put,0.37,0.38,0.44,3,,0.23702,-0.04336,0.0044,0.08122,-0.05459,-0.0085,spy_options_2021.parquet,6376210
SPY,2021-04-07,2021-04-07T16:00:00-04:00,406.57,2021-04-23,16.0,0.043835616438356165,374.0,call,32.86,33.26,32.42,2,,0.24377,0.94679,0.0051,0.09446,-0.0661,0.16383,spy_options_2021.parquet,6376211
SPY,2021-04-07,2021-04-07T16:00:00-04:00,406.57,2021-04-23,16.0,0.043835616438356165,374.0,put,0.39,0.4,0.4,18,,0.23282,-0.04582,0.00469,0.08529,-0.05604,-0.00936,spy_options_2021.parquet,6376211
SPY,2021-04-07,2021-04-07T16:00:00-04:00,406.57,2021-04-23,16.0,0.043835616438356165,375.0,call,31.9,32.22,32.38,0,,0.23685,0.94593,0.00533,0.09689,-0.06577,0.16391,spy_options_2021.parquet,6376212
SPY,2021-04-07,2021-04-07T16:00:00-04:00,406.57,2021-04-23,16.0,0.043835616438356165,375.0,put,0.41,0.42,0.41,65,,0.22929,-0.04825,0.00497,0.08876,-0.05863,-0.00931,spy_options_2021.parquet,6376212
SPY,2021-04-07,2021-04-07T16:00:00-04:00,406.57,2021-04-23,16.0,0.043835616438356165,376.0,call,30.94,31.32,23.04,51,,0.23807,0.93901,0.00576,0.10542,-0.07268,0.16354,spy_options_2021.parquet,6376213
SPY,2021-04-07,2021-04-07T16:00:00-04:00,406.57,2021-04-23,16.0,0.043835616438356165,376.0,put,0.44,0.45,0.47,45,,0.22695,-0.05204,0.0054,0.09431,-0.06046,-0.00972,spy_options_2021.parquet,6376213
SPY,2021-04-07,2021-04-07T16:00:00-04:00,406.57,2021-04-23,16.0,0.043835616438356165,377.0,call,29.96,30.31,22.12,1,,0.23189,0.93712,0.006,0.10773,-0.07235,0.16356,spy_options_2021.parquet,6376214
SPY,2021-04-07,2021-04-07T16:00:00-04:00,406.57,2021-04-23,16.0,0.043835616438356165,377.0,put,0.46,0.48,0.47,27,,0.22257,-0.05546,0.00575,0.0987,-0.06313,-0.01091,spy_options_2021.parquet,6376214
SPY,2021-04-07,2021-04-07T16:00:00-04:00,406.57,2021-04-23,16.0,0.043835616438356165,377.5,call,29.45,29.79,23.37,3,,0.22785,0.93786,0.00614,0.10798,-0.07095,0.16415,spy_options_2021.parquet,6376215
SPY,2021-04-07,2021-04-07T16:00:00-04:00,406.57,2021-04-23,16.0,0.043835616438356165,377.5,put,0.48,0.49,0.66,0,,0.22167,-0.05772,0.00595,0.10151,-0.06446,-0.01068,spy_options_2021.parquet,6376215
SPY,2021-04-07,2021-04-07T16:00:00-04:00,406.57,2021-04-23,16.0,0.043835616438356165,378.0,call,28.97,29.31,19.62,3,,0.2263,0.93521,0.00635,0.11015,-0.0721,0.16338,spy_options_2021.parquet,6376216
SPY,2021-04-07,2021-04-07T16:00:00-04:00,406.57,2021-04-23,16.0,0.043835616438356165,378.0,put,0.49,0.5,0.52,5,,0.21955,-0.05841,0.00612,0.10374,-0.06546,-0.01184,spy_options_2021.parquet,6376216
SPY,2021-04-07,2021-04-07T16:00:00-04:00,406.57,2021-04-23,16.0,0.043835616438356165,379.0,call,27.99,28.34,28.18,1,,0.22186,0.93238,0.00675,0.11563,-0.07353,0.16283,spy_options_2021.parquet,6376217
SPY,2021-04-07,2021-04-07T16:00:00-04:00,406.57,2021-04-23,16.0,0.043835616438356165,379.0,put,0.52,0.54,0.59,5,,0.21586,-0.06366,0.00655,0.10952,-0.06744,-0.01264,spy_options_2021.parquet,6376217
SPY,2021-04-07,2021-04-07T16:00:00-04:00,406.57,2021-04-23,16.0,0.043835616438356165,380.0,call,27.04,27.33,27.1,1322,,0.21748,0.92848,0.00712,0.11949,-0.07469,0.16309,spy_options_2021.parquet,6376218
SPY,2021-04-07,2021-04-07T16:00:00-04:00,406.57,2021-04-23,16.0,0.043835616438356165,380.0,put,0.56,0.57,0.57,801,,0.2134,-0.0671,0.00702,0.11493,-0.07092,-0.0134,spy_options_2021.parquet,6376218
SPY,2021-04-07,2021-04-07T16:00:00-04:00,406.57,2021-04-23,16.0,0.043835616438356165,381.0,call,26.07,26.42,25.99,0,,0.21582,0.92198,0.00764,0.12709,-0.07941,0.16241,spy_options_2021.parquet,6376219
SPY,2021-04-07,2021-04-07T16:00:00-04:00,406.57,2021-04-23,16.0,0.043835616438356165,381.0,put,0.59,0.6,0.6,71,,0.20946,-0.07146,0.00747,0.1211,-0.07213,-0.01401,spy_options_2021.parquet,6376219
SPY,2021-04-07,2021-04-07T16:00:00-04:00,406.57,2021-04-23,16.0,0.043835616438356165,382.0,call,25.19,25.42,25.05,0,,0.21335,0.91633,0.00821,0.13506,-0.08362,0.16169,spy_options_2021.parquet,6376220
SPY,2021-04-07,2021-04-07T16:00:00-04:00,406.57,2021-04-23,16.0,0.043835616438356165,382.0,put,0.63,0.64,0.77,10,,0.20525,-0.077,0.00797,0.12712,-0.07581,-0.01479,spy_options_2021.parquet,6376220
SPY,2021-04-07,2021-04-07T16:00:00-04:00,406.57,2021-04-23,16.0,0.043835616438356165,382.5,call,24.63,25.01,24.36,10,,0.21053,0.91333,0.00848,0.13778,-0.08448,0.16159,spy_options_2021.parquet,6376221
SPY,2021-04-07,2021-04-07T16:00:00-04:00,406.57,2021-04-23,16.0,0.043835616438356165,382.5,put,0.65,0.66,0.66,4,,0.20389,-0.07952,0.00831,0.12999,-0.07689,-0.01514,spy_options_2021.parquet,6376221
SPY,2021-04-07,2021-04-07T16:00:00-04:00,406.57,2021-04-23,16.0,0.043835616438356165,383.0,call,24.15,24.5,23.5,17,,0.20748,0.91184,0.00872,0.13989,-0.08424,0.16115,spy_options_2021.parquet,6376222
SPY,2021-04-07,2021-04-07T16:00:00-04:00,406.57,2021-04-23,16.0,0.043835616438356165,383.0,put,0.67,0.68,0.8,24,,0.20255,-0.08246,0.00855,0.13324,-0.07807,-0.01561,spy_options_2021.parquet,6376222
SPY,2021-04-07,2021-04-07T16:00:00-04:00,406.57,2021-04-23,16.0,0.043835616438356165,384.0,call,23.26,23.57,22.96,10,,0.2067,0.90279,0.00947,0.15062,-0.09095,0.16021,spy_options_2021.parquet,6376223
SPY,2021-04-07,2021-04-07T16:00:00-04:00,406.57,2021-04-23,16.0,0.043835616438356165,384.0,put,0.71,0.72,0.74,25,,0.19869,-0.08714,0.00911,0.14051,-0.08093,-0.0165,spy_options_2021.parquet,6376223
SPY,2021-04-07,2021-04-07T16:00:00-04:00,406.57,2021-04-23,16.0,0.043835616438356165,385.0,call,22.25,22.55,22.04,16,,0.19953,0.90144,0.00993,0.15284,-0.08849,0.16031,spy_options_2021.parquet,6376224
SPY,2021-04-07,2021-04-07T16:00:00-04:00,406.57,2021-04-23,16.0,0.043835616438356165,385.0,put,0.76,0.77,0.79,230,,0.19507,-0.09427,0.00976,0.14809,-0.0835,-0.01852,spy_options_2021.parquet,6376224
SPY,2021-04-07,2021-04-07T16:00:00-04:00,406.57,2021-04-23,16.0,0.043835616438356165,386.0,call,21.33,21.64,21.19,10,,0.19782,0.89234,0.0107,0.16195,-0.09351,0.15838,spy_options_2021.parquet,6376225
SPY,2021-04-07,2021-04-07T16:00:00-04:00,406.57,2021-04-23,16.0,0.043835616438356165,386.0,put,0.81,0.83,0.87,138,,0.19144,-0.10115,0.01046,0.15579,-0.0863,-0.01913,spy_options_2021.parquet,6376225
SPY,2021-04-07,2021-04-07T16:00:00-04:00,406.57,2021-04-23,16.0,0.043835616438356165,387.0,call,20.36,20.67,20.79,1,,0.19278,0.8868,0.01138,0.16788,-0.0946,0.15877,spy_options_2021.parquet,6376226
SPY,2021-04-07,2021-04-07T16:00:00-04:00,406.57,2021-04-23,16.0,0.043835616438356165,387.0,put,0.87,0.88,0.97,28,,0.18815,-0.10801,0.01126,0.16349,-0.08994,-0.02065,spy_options_2021.parquet,6376226
SPY,2021-04-07,2021-04-07T16:00:00-04:00,406.57,2021-04-23,16.0,0.043835616438356165,387.5,call,19.9,20.17,19.41,0,,0.18991,0.88386,0.01173,0.17133,-0.09544,0.15808,spy_options_2021.parquet,6376227
SPY,2021-04-07,2021-04-07T16:00:00-04:00,406.57,2021-04-23,16.0,0.043835616438356165,387.5,put,0.89,0.91,0.99,129,,0.18599,-0.11219,0.01166,0.16792,-0.09087,-0.02155,spy_options_2021.parquet,6376227
SPY,2021-04-07,2021-04-07T16:00:00-04:00,406.57,2021-04-23,16.0,0.043835616438356165,388.0,call,19.4,19.7,18.97,3,,0.18684,0.88124,0.01213,0.17519,-0.09559,0.15779,spy_options_2021.parquet,6376228
SPY,2021-04-07,2021-04-07T16:00:00-04:00,406.57,2021-04-23,16.0,0.043835616438356165,388.0,put,0.92,0.94,1.03,100,,0.18403,-0.11631,0.01207,0.17171,-0.09218,-0.02231,spy_options_2021.parquet,6376228
SPY,2021-04-07,2021-04-07T16:00:00-04:00,406.57,2021-04-23,16.0,0.043835616438356165,389.0,call,18.5,18.76,18.56,10,,0.18363,0.87122,0.01306,0.18488,-0.10004,0.15617,spy_options_2021.parquet,6376229
SPY,2021-04-07,2021-04-07T16:00:00-04:00,406.57,2021-04-23,16.0,0.043835616438356165,389.0,put,0.99,1.01,1.11,52,,0.1813,-0.12452,0.01297,0.18088,-0.09509,-0.02437,spy_options_2021.parquet,6376229
SPY,2021-04-07,2021-04-07T16:00:00-04:00,406.57,2021-04-23,16.0,0.043835616438356165,390.0,call,17.63,17.78,16.96,5,,0.18041,0.86122,0.01391,0.19395,-0.10271,0.15434,spy_options_2021.parquet,6376230
SPY,2021-04-07,2021-04-07T16:00:00-04:00,406.57,2021-04-23,16.0,0.043835616438356165,390.0,put,1.06,1.08,1.09,1327,,0.17746,-0.13418,0.01387,0.19035,-0.09883,-0.02537,spy_options_2021.parquet,6376230
SPY,2021-04-07,2021-04-07T16:00:00-04:00,406.57,2021-04-23,16.0,0.043835616438356165,391.0,call,16.76,16.9,16.6,64,,0.17878,0.84828,0.01493,0.20618,-0.1084,0.15279,spy_options_2021.parquet,6376231
SPY,2021-04-07,2021-04-07T16:00:00-04:00,406.57,2021-04-23,16.0,0.043835616438356165,391.0,put,1.14,1.16,1.23,85,,0.17396,-0.14486,0.01494,0.19967,-0.10214,-0.02736,spy_options_2021.parquet,6376231
SPY,2021-04-07,2021-04-07T16:00:00-04:00,406.57,2021-04-23,16.0,0.043835616438356165,392.0,call,15.8,15.94,15.74,5,,0.1731,0.84046,0.01596,0.21324,-0.10873,0.15134,spy_options_2021.parquet,6376232
SPY,2021-04-07,2021-04-07T16:00:00-04:00,406.57,2021-04-23,16.0,0.043835616438356165,392.0,put,1.22,1.24,1.35,50,,0.16964,-0.15524,0.016,0.20975,-0.10459,-0.03017,spy_options_2021.parquet,6376232
SPY,2021-04-07,2021-04-07T16:00:00-04:00,406.57,2021-04-23,16.0,0.043835616438356165,392.5,call,15.34,15.49,15.3,2,,0.1716,0.83458,0.01656,0.21822,-0.10994,0.15072,spy_options_2021.parquet,6376233
SPY,2021-04-07,2021-04-07T16:00:00-04:00,406.57,2021-04-23,16.0,0.043835616438356165,392.5,put,1.27,1.28,1.32,5,,0.16838,-0.16115,0.01663,0.21561,-0.10628,-0.03146,spy_options_2021.parquet,6376233
SPY,2021-04-07,2021-04-07T16:00:00-04:00,406.57,2021-04-23,16.0,0.043835616438356165,393.0,call,14.89,15.03,14.95,25,,0.16928,0.82818,0.01713,0.22314,-0.11101,0.15013,spy_options_2021.parquet,6376234
SPY,2021-04-07,2021-04-07T16:00:00-04:00,406.57,2021-04-23,16.0,0.043835616438356165,393.0,put,1.31,1.33,1.4,242,,0.16584,-0.16751,0.01714,0.22029,-0.10767,-0.03187,spy_options_2021.parquet,6376234
SPY,2021-04-07,2021-04-07T16:00:00-04:00,406.57,2021-04-23,16.0,0.043835616438356165,394.0,call,14.04,14.17,13.94,26,,0.1671,0.81279,0.01836,0.23635,-0.11661,0.14718,spy_options_2021.parquet,6376235
SPY,2021-04-07,2021-04-07T16:00:00-04:00,406.57,2021-04-23,16.0,0.043835616438356165,394.0,put,1.41,1.43,1.53,209,,0.16216,-0.18075,0.0184,0.23067,-0.11044,-0.03447,spy_options_2021.parquet,6376235
SPY,2021-04-07,2021-04-07T16:00:00-04:00,406.57,2021-04-23,16.0,0.043835616438356165,395.0,call,13.15,13.28,13.01,43,,0.16369,0.79885,0.01961,0.24647,-0.11894,0.14477,spy_options_2021.parquet,6376236
SPY,2021-04-07,2021-04-07T16:00:00-04:00,406.57,2021-04-23,16.0,0.043835616438356165,395.0,put,1.52,1.54,1.52,419,,0.15888,-0.19466,0.01977,0.2423,-0.11365,-0.03769,spy_options_2021.parquet,6376236
SPY,2021-04-07,2021-04-07T16:00:00-04:00,406.57,2021-04-23,16.0,0.043835616438356165,396.0,call,12.27,12.41,11.61,14,,0.15951,0.78301,0.02101,0.25825,-0.12182,0.14252,spy_options_2021.parquet,6376237
SPY,2021-04-07,2021-04-07T16:00:00-04:00,406.57,2021-04-23,16.0,0.043835616438356165,396.0,put,1.64,1.66,1.73,84,,0.15516,-0.2108,0.02117,0.25424,-0.11657,-0.04046,spy_options_2021.parquet,6376237
SPY,2021-04-07,2021-04-07T16:00:00-04:00,406.57,2021-04-23,16.0,0.043835616438356165,397.0,call,11.37,11.5,11.12,6,,0.15447,0.76775,0.0225,0.2674,-0.12232,0.14041,spy_options_2021.parquet,6376238
SPY,2021-04-07,2021-04-07T16:00:00-04:00,406.57,2021-04-23,16.0,0.043835616438356165,397.0,put,1.77,1.8,1.86,172,,0.15122,-0.22802,0.0227,0.26596,-0.11847,-0.04351,spy_options_2021.parquet,6376238
SPY,2021-04-07,2021-04-07T16:00:00-04:00,406.57,2021-04-23,16.0,0.043835616438356165,397.5,call,10.99,11.11,11.02,9,,0.15405,0.75613,0.02315,0.2744,-0.12527,0.13799,spy_options_2021.parquet,6376239
SPY,2021-04-07,2021-04-07T16:00:00-04:00,406.57,2021-04-23,16.0,0.043835616438356165,397.5,put,1.85,1.88,2.04,20,,0.15006,-0.2377,0.02351,0.27189,-0.12022,-0.04565,spy_options_2021.parquet,6376239
SPY,2021-04-07,2021-04-07T16:00:00-04:00,406.57,2021-04-23,16.0,0.043835616438356165,398.0,call,10.54,10.67,10.5,18,,0.15152,0.74783,0.02403,0.28012,-0.12527,0.1368,spy_options_2021.parquet,6376240
SPY,2021-04-07,2021-04-07T16:00:00-04:00,406.57,2021-04-23,16.0,0.043835616438356165,398.0,put,1.93,1.96,2.14,133,,0.14788,-0.24739,0.02433,0.27726,-0.12137,-0.04726,spy_options_2021.parquet,6376240
SPY,2021-04-07,2021-04-07T16:00:00-04:00,406.57,2021-04-23,16.0,0.043835616438356165,399.0,call,9.73,9.86,9.28,57,,0.14878,0.72621,0.02551,0.29172,-0.12869,0.13284,spy_options_2021.parquet,6376241
SPY,2021-04-07,2021-04-07T16:00:00-04:00,406.57,2021-04-23,16.0,0.043835616438356165,399.0,put,2.1,2.12,2.15,153,,0.1444,-0.26805,0.02599,0.28981,-0.12411,-0.05176,spy_options_2021.parquet,6376241
SPY,2021-04-07,2021-04-07T16:00:00-04:00,406.57,2021-04-23,16.0,0.043835616438356165,400.0,call,8.93,9.03,8.83,68,,0.14471,0.70452,0.02718,0.3031,-0.13074,0.1287,spy_options_2021.parquet,6376242
SPY,2021-04-07,2021-04-07T16:00:00-04:00,406.57,2021-04-23,16.0,0.043835616438356165,400.0,put,2.27,2.3,2.3,1432,,0.14081,-0.29007,0.02774,0.30054,-0.1255,-0.05562,spy_options_2021.parquet,6376242
SPY,2021-04-07,2021-04-07T16:00:00-04:00,406.57,2021-04-23,16.0,0.043835616438356165,401.0,call,8.11,8.23,7.95,27,,0.14016,0.68065,0.02893,0.31285,-0.1315,0.12475,spy_options_2021.parquet,6376243
SPY,2021-04-07,2021-04-07T16:00:00-04:00,406.57,2021-04-23,16.0,0.043835616438356165,401.0,put,2.49,2.51,2.55,115,,0.13786,-0.31583,0.02948,0.3125,-0.1275,-0.06067,spy_options_2021.parquet,6376243
SPY,2021-04-07,2021-04-07T16:00:00-04:00,406.57,2021-04-23,16.0,0.043835616438356165,402.0,call,7.34,7.44,7.05,163,,0.13643,0.65467,0.03073,0.32301,-0.13226,0.12049,spy_options_2021.parquet,6376244
SPY,2021-04-07,2021-04-07T16:00:00-04:00,406.57,2021-04-23,16.0,0.043835616438356165,402.0,put,2.72,2.76,3.0,95,,0.13408,-0.34249,0.03123,0.32294,-0.12853,-0.06568,spy_options_2021.parquet,6376244
SPY,2021-04-07,2021-04-07T16:00:00-04:00,406.57,2021-04-23,16.0,0.043835616438356165,402.5,call,7.01,7.06,6.81,222,,0.1359,0.63971,0.03139,0.32786,-0.13255,0.1177,spy_options_2021.parquet,6376245
SPY,2021-04-07,2021-04-07T16:00:00-04:00,406.57,2021-04-23,16.0,0.043835616438356165,402.5,put,2.86,2.89,2.97,15,,0.13306,-0.35721,0.03195,0.32744,-0.1294,-0.0683,spy_options_2021.parquet,6376245
SPY,2021-04-07,2021-04-07T16:00:00-04:00,406.57,2021-04-23,16.0,0.043835616438356165,403.0,call,6.65,6.69,6.62,309,,0.13389,0.62507,0.03226,0.33224,-0.1329,0.11509,spy_options_2021.parquet,6376246
SPY,2021-04-07,2021-04-07T16:00:00-04:00,406.57,2021-04-23,16.0,0.043835616438356165,403.0,put,2.99,3.02,3.02,332,,0.13144,-0.37183,0.03285,0.33161,-0.13014,-0.07067,spy_options_2021.parquet,6376246
SPY,2021-04-07,2021-04-07T16:00:00-04:00,406.57,2021-04-23,16.0,0.043835616438356165,404.0,call,5.95,5.99,5.91,314,,0.13096,0.59431,0.03376,0.33966,-0.13324,0.11011,spy_options_2021.parquet,6376247
SPY,2021-04-07,2021-04-07T16:00:00-04:00,406.57,2021-04-23,16.0,0.043835616438356165,404.0,put,3.28,3.3,3.31,515,,0.12796,-0.40364,0.03454,0.33933,-0.12961,-0.07636,spy_options_2021.parquet,6376247
SPY,2021-04-07,2021-04-07T16:00:00-04:00,406.57,2021-04-23,16.0,0.043835616438356165,405.0,call,5.29,5.33,5.25,531,,0.12811,0.56098,0.03506,0.34534,-0.13263,0.10359,spy_options_2021.parquet,6376248
SPY,2021-04-07,2021-04-07T16:00:00-04:00,406.57,2021-04-23,16.0,0.043835616438356165,405.0,put,3.62,3.64,3.72,878,,0.12488,-0.43796,0.03587,0.34599,-0.12878,-0.08279,spy_options_2021.parquet,6376248
SPY,2021-04-07,2021-04-07T16:00:00-04:00,406.57,2021-04-23,16.0,0.043835616438356165,406.0,call,4.65,4.7,4.64,550,,0.12537,0.52581,0.03618,0.34871,-0.13096,0.09721,spy_options_2021.parquet,6376249
SPY,2021-04-07,2021-04-07T16:00:00-04:00,406.57,2021-04-23,16.0,0.043835616438356165,406.0,put,3.96,4.0,4.02,710,,0.12171,-0.47327,0.03719,0.34962,-0.12706,-0.08883,spy_options_2021.parquet,6376249
SPY,2021-04-07,2021-04-07T16:00:00-04:00,406.57,2021-04-23,16.0,0.043835616438356165,407.0,call,4.06,4.08,4.06,711,,0.12214,0.48899,0.03722,0.35011,-0.12771,0.09048,spy_options_2021.parquet,6376250
SPY,2021-04-07,2021-04-07T16:00:00-04:00,406.57,2021-04-23,16.0,0.043835616438356165,407.0,put,4.39,4.41,4.5,972,,0.11902,-0.51105,0.03799,0.34938,-0.12518,-0.09611,spy_options_2021.parquet,6376250
SPY,2021-04-07,2021-04-07T16:00:00-04:00,406.57,2021-04-23,16.0,0.043835616438356165,407.5,call,3.78,3.82,3.79,58,,0.12106,0.47039,0.03744,0.34888,-0.1261,0.08758,spy_options_2021.parquet,6376251
SPY,2021-04-07,2021-04-07T16:00:00-04:00,406.57,2021-04-23,16.0,0.043835616438356165,407.5,put,4.64,4.67,4.72,196,,0.11892,-0.5301,0.03801,0.34868,-0.12428,-0.09867,spy_options_2021.parquet,6376251
SPY,2021-04-07,2021-04-07T16:00:00-04:00,406.57,2021-04-23,16.0,0.043835616438356165,408.0,call,3.5,3.54,3.45,310,,0.1198,0.45131,0.03775,0.3471,-0.12436,0.08339,spy_options_2021.parquet,6376252
SPY,2021-04-07,2021-04-07T16:00:00-04:00,406.57,2021-04-23,16.0,0.043835616438356165,408.0,put,4.86,4.91,5.15,616,,0.11792,-0.54943,0.03824,0.34738,-0.12208,-0.10212,spy_options_2021.parquet,6376252
SPY,2021-04-07,2021-04-07T16:00:00-04:00,406.57,2021-04-23,16.0,0.043835616438356165,409.0,call,3.04,3.08,3.06,311,,0.11852,0.41312,0.03739,0.34162,-0.12078,0.07692,spy_options_2021.parquet,6376253
SPY,2021-04-07,2021-04-07T16:00:00-04:00,406.57,2021-04-23,16.0,0.043835616438356165,409.0,put,5.38,5.44,5.41,294,,0.11659,-0.589,0.03807,0.34135,-0.11796,-0.10892,spy_options_2021.parquet,6376253
SPY,2021-04-07,2021-04-07T16:00:00-04:00,406.57,2021-04-23,16.0,0.043835616438356165,410.0,call,2.61,2.64,2.58,921,,0.11751,0.37505,0.03692,0.33246,-0.11654,0.06941,spy_options_2021.parquet,6376254
SPY,2021-04-07,2021-04-07T16:00:00-04:00,406.57,2021-04-23,16.0,0.043835616438356165,410.0,put,5.93,5.98,6.1,444,,0.11452,-0.62851,0.03767,0.33134,-0.11269,-0.11519,spy_options_2021.parquet,6376254
SPY,2021-04-07,2021-04-07T16:00:00-04:00,406.57,2021-04-23,16.0,0.043835616438356165,411.0,call,2.22,2.24,2.01,257,,0.11541,0.3361,0.03602,0.32016,-0.10988,0.06217,spy_options_2021.parquet,6376255
SPY,2021-04-07,2021-04-07T16:00:00-04:00,406.57,2021-04-23,16.0,0.043835616438356165,411.0,put,6.53,6.61,6.7,43,,0.11317,-0.66719,0.0366,0.31856,-0.10662,-0.12057,spy_options_2021.parquet,6376255
SPY,2021-04-07,2021-04-07T16:00:00-04:00,406.57,2021-04-23,16.0,0.043835616438356165,412.0,call,1.88,1.91,1.87,802,,0.11512,0.30068,0.03458,0.3054,-0.1039,0.05604,spy_options_2021.parquet,6376256
SPY,2021-04-07,2021-04-07T16:00:00-04:00,406.57,2021-04-23,16.0,0.043835616438356165,412.0,put,7.19,7.3,7.13,6,,0.11226,-0.70343,0.035,0.30373,-0.10152,-0.12554,spy_options_2021.parquet,6376256
SPY,2021-04-07,2021-04-07T16:00:00-04:00,406.57,2021-04-23,16.0,0.043835616438356165,412.5,call,1.74,1.76,1.67,20,,0.11505,0.2829,0.03364,0.29722,-0.10165,0.05288,spy_options_2021.parquet,6376257
SPY,2021-04-07,2021-04-07T16:00:00-04:00,406.57,2021-04-23,16.0,0.043835616438356165,412.5,put,7.53,7.63,8.04,5,,0.11138,-0.72223,0.03419,0.29431,-0.09751,-0.12745,spy_options_2021.parquet,6376257
SPY,2021-04-07,2021-04-07T16:00:00-04:00,406.57,2021-04-23,16.0,0.043835616438356165,413.0,call,1.59,1.62,1.42,34,,0.11425,0.26633,0.03279,0.28773,-0.09742,0.04991,spy_options_2021.parquet,6376258
SPY,2021-04-07,2021-04-07T16:00:00-04:00,406.57,2021-04-23,16.0,0.043835616438356165,413.0,put,7.87,8.0,7.95,0,,0.11073,-0.73934,0.03319,0.28529,-0.09308,-0.12986,spy_options_2021.parquet,6376258
SPY,2021-04-07,2021-04-07T16:00:00-04:00,406.57,2021-04-23,16.0,0.043835616438356165,414.0,call,1.32,1.35,1.31,24,,0.11293,0.23348,0.03076,0.26849,-0.08979,0.04348,spy_options_2021.parquet,6376259
SPY,2021-04-07,2021-04-07T16:00:00-04:00,406.57,2021-04-23,16.0,0.043835616438356165,414.0,put,8.63,8.76,8.85,52,,0.1105,-0.77165,0.03077,0.26565,-0.08642,-0.13248,spy_options_2021.parquet,6376259
SPY,2021-04-07,2021-04-07T16:00:00-04:00,406.57,2021-04-23,16.0,0.043835616438356165,415.0,call,1.1,1.12,1.09,479,,0.11228,0.20254,0.02855,0.24807,-0.08255,0.03763,spy_options_2021.parquet,6376260
SPY,2021-04-07,2021-04-07T16:00:00-04:00,406.57,2021-04-23,16.0,0.043835616438356165,415.0,put,9.37,9.53,9.62,53,,0.10872,-0.80354,0.02835,0.24357,-0.0783,-0.1343,spy_options_2021.parquet,6376260
SPY,2021-04-07,2021-04-07T16:00:00-04:00,406.57,2021-04-23,16.0,0.043835616438356165,416.0,call,0.92,0.94,0.89,336,,0.11236,0.17596,0.0262,0.22723,-0.07539,0.03329,spy_options_2021.parquet,6376261
SPY,2021-04-07,2021-04-07T16:00:00-04:00,406.57,2021-04-23,16.0,0.043835616438356165,416.0,put,10.18,10.32,10.77,50,,0.1086,-0.83206,0.02567,0.22054,-0.06929,-0.13437,spy_options_2021.parquet,6376261
SPY,2021-04-07,2021-04-07T16:00:00-04:00,406.57,2021-04-23,16.0,0.043835616438356165,417.0,call,0.75,0.77,0.77,237,,0.11237,0.15082,0.02372,0.20483,-0.06803,0.0282,spy_options_2021.parquet,6376262
SPY,2021-04-07,2021-04-07T16:00:00-04:00,406.57,2021-04-23,16.0,0.043835616438356165,417.0,put,10.99,11.16,11.44,1,,0.10669,-0.85906,0.02281,0.19687,-0.06083,-0.13144,spy_options_2021.parquet,6376262
SPY,2021-04-07,2021-04-07T16:00:00-04:00,406.57,2021-04-23,16.0,0.043835616438356165,418.0,call,0.62,0.64,0.6,519,,0.11258,0.1292,0.02132,0.1847,-0.06084,0.02386,spy_options_2021.parquet,6376263
SPY,2021-04-07,2021-04-07T16:00:00-04:00,406.57,2021-04-23,16.0,0.043835616438356165,418.0,put,11.9,12.02,12.35,50,,0.10715,-0.87832,0.01998,0.17737,-0.05565,-0.12858,spy_options_2021.parquet,6376263
SPY,2021-04-07,2021-04-07T16:00:00-04:00,406.57,2021-04-23,16.0,0.043835616438356165,419.0,call,0.51,0.53,0.54,27,,0.11297,0.10991,0.019,0.16484,-0.05462,0.02091,spy_options_2021.parquet,6376264
SPY,2021-04-07,2021-04-07T16:00:00-04:00,406.57,2021-04-23,16.0,0.043835616438356165,419.0,put,12.66,13.06,13.56,0,,0.10786,-0.8958,0.0172,0.15835,-0.04906,-0.12348,spy_options_2021.parquet,6376264
SPY,2021-04-07,2021-04-07T16:00:00-04:00,406.57,2021-04-23,16.0,0.043835616438356165,420.0,call,0.42,0.43,0.43,470,,0.11308,0.09323,0.01683,0.14574,-0.04802,0.01758,spy_options_2021.parquet,6376265
SPY,2021-04-07,2021-04-07T16:00:00-04:00,406.57,2021-04-23,16.0,0.043835616438356165,420.0,put,13.55,13.97,13.63,1,,0.10729,-0.91208,0.01424,0.13979,-0.0428,-0.11611,spy_options_2021.parquet,6376265
SPY,2021-04-07,2021-04-07T16:00:00-04:00,406.57,2021-04-23,16.0,0.043835616438356165,421.0,call,0.35,0.36,0.37,811,,0.11377,0.0795,0.01484,0.12999,-0.0427,0.01479,spy_options_2021.parquet,6376266
SPY,2021-04-07,2021-04-07T16:00:00-04:00,406.57,2021-04-23,16.0,0.043835616438356165,421.0,put,14.55,14.86,15.32,0,,0.10894,-0.92139,0.01201,0.12782,-0.04034,-0.11009,spy_options_2021.parquet,6376266
SPY,2021-04-07,2021-04-07T16:00:00-04:00,406.57,2021-04-23,16.0,0.043835616438356165,422.0,call,0.29,0.3,0.28,815,,0.11438,0.06737,0.01295,0.11451,-0.03771,0.01236,spy_options_2021.parquet,6376267
SPY,2021-04-07,2021-04-07T16:00:00-04:00,406.57,2021-04-23,16.0,0.043835616438356165,422.0,put,15.46,15.79,16.44,50,,0.10891,-0.93284,0.00909,0.11214,-0.03527,-0.09835,spy_options_2021.parquet,6376267
SPY,2021-04-07,2021-04-07T16:00:00-04:00,406.57,2021-04-23,16.0,0.043835616438356165,423.0,call,0.24,0.25,0.26,35,,0.11535,0.05697,0.01131,0.10016,-0.03382,0.0105,spy_options_2021.parquet,6376268
SPY,2021-04-07,2021-04-07T16:00:00-04:00,406.57,2021-04-23,16.0,0.043835616438356165,423.0,put,16.43,16.79,0.0,,,0.11269,-0.93526,0.00793,0.10787,-0.03512,-0.09345,spy_options_2021.parquet,6376268
SPY,2021-04-07,2021-04-07T16:00:00-04:00,406.57,2021-04-23,16.0,0.043835616438356165,424.0,call,0.19,0.2,0.2,210,,0.11534,0.0471,0.00967,0.08617,-0.02794,0.00903,spy_options_2021.parquet,6376269
SPY,2021-04-07,2021-04-07T16:00:00-04:00,406.57,2021-04-23,16.0,0.043835616438356165,424.0,put,17.31,17.75,17.46,0,,0.11047,-0.94329,0.00483,0.09461,-0.03031,-0.07604,spy_options_2021.parquet,6376269
SPY,2021-04-07,2021-04-07T16:00:00-04:00,406.57,2021-04-23,16.0,0.043835616438356165,425.0,call,0.16,0.17,0.16,200,,0.11672,0.03978,0.00846,0.07568,-0.02548,0.00764,spy_options_2021.parquet,6376270
SPY,2021-04-07,2021-04-07T16:00:00-04:00,406.57,2021-04-23,16.0,0.043835616438356165,425.0,put,18.34,18.66,18.39,1,,0.11359,-0.94588,0.00322,0.09092,-0.03037,-0.06715,spy_options_2021.parquet,6376270
SPY,2021-04-07,2021-04-07T16:00:00-04:00,406.57,2021-04-23,16.0,0.043835616438356165,430.0,call,0.06,0.07,0.08,79,,0.12176,0.01703,0.00393,0.03686,-0.01222,0.00303,spy_options_2021.parquet,6376271
SPY,2021-04-07,2021-04-07T16:00:00-04:00,406.57,2021-04-23,16.0,0.043835616438356165,430.0,put,23.24,23.6,47.0,2,,,-1.0,0.0,0.0,0.0,0.0,spy_options_2021.parquet,6376271
SPY,2021-04-07,2021-04-07T16:00:00-04:00,406.57,2021-04-23,16.0,0.043835616438356165,435.0,call,0.03,0.04,0.03,264,,0.13146,0.00917,0.00207,0.02163,-0.00754,0.00221,spy_options_2021.parquet,6376272
SPY,2021-04-07,2021-04-07T16:00:00-04:00,406.57,2021-04-23,16.0,0.043835616438356165,435.0,put,28.21,28.57,0.0,,,,-1.0,0.0,0.0,0.0,0.0,spy_options_2021.parquet,6376272
SPY,2021-04-07,2021-04-07T16:00:00-04:00,406.57,2021-04-23,16.0,0.043835616438356165,440.0,call,0.01,0.02,0.02,196,,0.13756,0.00369,0.00104,0.01038,-0.0044,0.00087,spy_options_2021.parquet,6376273
SPY,2021-04-07,2021-04-07T16:00:00-04:00,406.57,2021-04-23,16.0,0.043835616438356165,440.0,put,32.88,33.96,33.85,8,,,-1.0,0.0,0.0,0.0,0.0,spy_options_2021.parquet,6376273
SPY,2021-04-07,2021-04-07T16:00:00-04:00,406.57,2021-04-23,16.0,0.043835616438356165,445.0,call,0.01,0.02,0.01,38,,0.15498,0.00394,0.00082,0.00915,-0.0036,0.00058,spy_options_2021.parquet,6376274
SPY,2021-04-07,2021-04-07T16:00:00-04:00,406.57,2021-04-23,16.0,0.043835616438356165,445.0,put,38.14,38.57,0.0,,,,-1.0,0.0,0.0,0.0,0.0,spy_options_2021.parquet,6376274
SPY,2021-04-07,2021-04-07T16:00:00-04:00,406.57,2021-04-23,16.0,0.043835616438356165,450.0,call,0.0,0.01,0.02,5,,0.15538,0.00132,0.00036,0.0033,-0.00137,0.00061,spy_options_2021.parquet,6376275
SPY,2021-04-07,2021-04-07T16:00:00-04:00,406.57,2021-04-23,16.0,0.043835616438356165,450.0,put,43.2,43.56,55.72,8,,,-1.0,0.0,0.0,0.0,0.0,spy_options_2021.parquet,6376275
SPY,2021-04-07,2021-04-07T16:00:00-04:00,406.57,2021-04-23,16.0,0.043835616438356165,455.0,call,0.0,0.01,0.01,100,,0.17039,0.0013,0.00028,0.00379,-0.00133,0.00067,spy_options_2021.parquet,6376276
SPY,2021-04-07,2021-04-07T16:00:00-04:00,406.57,2021-04-23,16.0,0.043835616438356165,455.0,put,48.19,48.55,0.0,,,,-1.0,0.0,0.0,0.0,0.0,spy_options_2021.parquet,6376276
SPY,2021-04-07,2021-04-07T16:00:00-04:00,406.57,2021-04-23,16.0,0.043835616438356165,460.0,call,0.0,0.01,0.01,20,,0.18623,0.00095,0.00026,0.00328,-0.00204,-0.00017,spy_options_2021.parquet,6376277
SPY,2021-04-07,2021-04-07T16:00:00-04:00,406.57,2021-04-23,16.0,0.043835616438356165,460.0,put,53.19,53.55,0.0,,,,-1.0,0.0,0.0,0.0,0.0,spy_options_2021.parquet,6376277
SPY,2021-04-07,2021-04-07T16:00:00-04:00,406.57,2021-04-23,16.0,0.043835616438356165,465.0,call,0.0,0.01,0.01,0,,0.20075,0.00105,0.00021,0.00259,-0.00151,-0.00017,spy_options_2021.parquet,6376278
SPY,2021-04-07,2021-04-07T16:00:00-04:00,406.57,2021-04-23,16.0,0.043835616438356165,465.0,put,58.14,58.57,0.0,,,,-1.0,0.0,0.0,0.0,0.0,spy_options_2021.parquet,6376278
SPY,2021-04-07,2021-04-07T16:00:00-04:00,406.57,2021-04-23,16.0,0.043835616438356165,470.0,call,0.0,0.01,0.02,5,,0.21542,0.00066,0.00021,0.00238,-0.0018,-0.00017,spy_options_2021.parquet,6376279
SPY,2021-04-07,2021-04-07T16:00:00-04:00,406.57,2021-04-23,16.0,0.043835616438356165,470.0,put,63.2,63.59,0.0,,,,-1.0,0.0,0.0,0.0,0.0,spy_options_2021.parquet,6376279
SPY,2021-04-07,2021-04-07T16:00:00-04:00,406.57,2021-04-23,16.0,0.043835616438356165,475.0,call,0.0,0.01,0.0,,,0.22996,0.00049,0.00013,0.0026,-0.00191,-0.00023,spy_options_2021.parquet,6376280
SPY,2021-04-07,2021-04-07T16:00:00-04:00,406.57,2021-04-23,16.0,0.043835616438356165,475.0,put,68.19,68.61,0.0,,,,-1.0,0.0,0.0,0.0,0.0,spy_options_2021.parquet,6376280
SPY,2021-04-07,2021-04-07T16:00:00-04:00,406.57,2021-04-23,16.0,0.043835616438356165,480.0,call,0.0,0.01,0.0,,,0.24343,0.00078,0.00012,0.00211,-0.00176,0.00032,spy_options_2021.parquet,6376281
SPY,2021-04-07,2021-04-07T16:00:00-04:00,406.57,2021-04-23,16.0,0.043835616438356165,480.0,put,73.2,73.59,0.0,,,,-1.0,0.0,0.0,0.0,0.0,spy_options_2021.parquet,6376281
SPY,2021-04-07,2021-04-07T16:00:00-04:00,406.57,2021-04-23,16.0,0.043835616438356165,485.0,call,0.0,0.01,0.0,,,0.2577,0.00114,0.00015,0.00255,-0.00115,0.00038,spy_options_2021.parquet,6376282
SPY,2021-04-07,2021-04-07T16:00:00-04:00,406.57,2021-04-23,16.0,0.043835616438356165,485.0,put,78.2,78.59,0.0,,,,-1.0,0.0,0.0,0.0,0.0,spy_options_2021.parquet,6376282
SPY,2021-04-07,2021-04-07T16:00:00-04:00,406.57,2021-04-26,19.0,0.052054794520547946,275.0,call,131.43,131.85,0.0,,,0.63837,0.99621,0.00022,0.01017,-0.01509,0.15,spy_options_2021.parquet,6376292
SPY,2021-04-07,2021-04-07T16:00:00-04:00,406.57,2021-04-26,19.0,0.052054794520547946,275.0,put,0.01,0.02,0.02,0,,0.55351,-0.00086,9e-05,0.0028,-0.00424,-9e-05,spy_options_2021.parquet,6376292
SPY,2021-04-07,2021-04-07T16:00:00-04:00,406.57,2021-04-26,19.0,0.052054794520547946,280.0,call,126.45,126.88,0.0,,,0.63261,0.99493,0.00027,0.01308,-0.01894,0.15183,spy_options_2021.parquet,6376293
SPY,2021-04-07,2021-04-07T16:00:00-04:00,406.57,2021-04-26,19.0,0.052054794520547946,280.0,put,0.01,0.02,0.03,260,,0.52885,-0.00069,2e-05,0.00324,-0.00436,0.0,spy_options_2021.parquet,6376293
SPY,2021-04-07,2021-04-07T16:00:00-04:00,406.57,2021-04-26,19.0,0.052054794520547946,285.0,call,121.42,121.87,0.0,,,0.58842,0.99581,0.00022,0.0119,-0.01591,0.1553,spy_options_2021.parquet,6376294
SPY,2021-04-07,2021-04-07T16:00:00-04:00,406.57,2021-04-26,19.0,0.052054794520547946,285.0,put,0.02,0.03,0.0,,,0.52803,-0.0016,8e-05,0.00531,-0.00632,-0.00011,spy_options_2021.parquet,6376294
SPY,2021-04-07,2021-04-07T16:00:00-04:00,406.57,2021-04-26,19.0,0.052054794520547946,290.0,call,116.44,116.9,0.0,,,0.5815,0.99416,0.00029,0.01454,-0.01971,0.15782,spy_options_2021.parquet,6376295
SPY,2021-04-07,2021-04-07T16:00:00-04:00,406.57,2021-04-26,19.0,0.052054794520547946,290.0,put,0.02,0.03,0.06,1,,0.50515,-0.00132,8e-05,0.00557,-0.00623,-0.00061,spy_options_2021.parquet,6376295
SPY,2021-04-07,2021-04-07T16:00:00-04:00,406.57,2021-04-26,19.0,0.052054794520547946,295.0,call,111.43,111.89,0.0,,,0.54789,0.99445,0.0003,0.0139,-0.01824,0.16051,spy_options_2021.parquet,6376296
SPY,2021-04-07,2021-04-07T16:00:00-04:00,406.57,2021-04-26,19.0,0.052054794520547946,295.0,put,0.02,0.03,0.03,20,,0.48103,-0.00205,0.00017,0.00589,-0.00617,-0.00073,spy_options_2021.parquet,6376296
SPY,2021-04-07,2021-04-07T16:00:00-04:00,406.57,2021-04-26,19.0,0.052054794520547946,300.0,call,106.46,106.89,0.0,,,0.5319,0.9943,0.00031,0.01642,-0.02039,0.16266,spy_options_2021.parquet,6376297
SPY,2021-04-07,2021-04-07T16:00:00-04:00,406.57,2021-04-26,19.0,0.052054794520547946,300.0,put,0.03,0.04,0.09,11,,0.47274,-0.00226,0.0002,0.008,-0.00801,-0.00062,spy_options_2021.parquet,6376297
SPY,2021-04-07,2021-04-07T16:00:00-04:00,406.57,2021-04-26,19.0,0.052054794520547946,305.0,call,101.45,101.9,0.0,,,0.50536,0.99319,0.00037,0.0172,-0.02048,0.1655,spy_options_2021.parquet,6376298
SPY,2021-04-07,2021-04-07T16:00:00-04:00,406.57,2021-04-26,19.0,0.052054794520547946,305.0,put,0.03,0.04,0.04,110,,0.44897,-0.00265,0.00017,0.00757,-0.00841,-0.00032,spy_options_2021.parquet,6376298
SPY,2021-04-07,2021-04-07T16:00:00-04:00,406.57,2021-04-26,19.0,0.052054794520547946,310.0,call,96.48,96.92,0.0,,,0.49316,0.992,0.00051,0.02126,-0.02467,0.16796,spy_options_2021.parquet,6376299
SPY,2021-04-07,2021-04-07T16:00:00-04:00,406.57,2021-04-26,19.0,0.052054794520547946,310.0,put,0.04,0.05,0.07,30,,0.43729,-0.00365,0.00024,0.01019,-0.00974,-0.00105,spy_options_2021.parquet,6376299
SPY,2021-04-07,2021-04-07T16:00:00-04:00,406.57,2021-04-26,19.0,0.052054794520547946,315.0,call,91.49,91.92,0.0,,,0.46948,0.99095,0.00053,0.02241,-0.02517,0.17024,spy_options_2021.parquet,6376300
SPY,2021-04-07,2021-04-07T16:00:00-04:00,406.57,2021-04-26,19.0,0.052054794520547946,315.0,put,0.05,0.06,0.05,26,,0.42306,-0.00451,0.00034,0.01245,-0.0119,-0.00145,spy_options_2021.parquet,6376300
SPY,2021-04-07,2021-04-07T16:00:00-04:00,406.57,2021-04-26,19.0,0.052054794520547946,320.0,call,86.48,86.94,0.0,,,0.44578,0.99031,0.0006,0.0237,-0.02576,0.17296,spy_options_2021.parquet,6376301
SPY,2021-04-07,2021-04-07T16:00:00-04:00,406.57,2021-04-26,19.0,0.052054794520547946,320.0,put,0.05,0.06,0.08,2,,0.39893,-0.00498,0.00036,0.01236,-0.01125,-0.00079,spy_options_2021.parquet,6376301
SPY,2021-04-07,2021-04-07T16:00:00-04:00,406.57,2021-04-26,19.0,0.052054794520547946,325.0,call,81.49,81.91,0.0,,,0.41531,0.99056,0.00065,0.02384,-0.02395,0.17549,spy_options_2021.parquet,6376302
SPY,2021-04-07,2021-04-07T16:00:00-04:00,406.57,2021-04-26,19.0,0.052054794520547946,325.0,put,0.06,0.07,0.1,1,,0.38292,-0.00553,0.00044,0.01527,-0.01384,-0.00078,spy_options_2021.parquet,6376302
SPY,2021-04-07,2021-04-07T16:00:00-04:00,406.57,2021-04-26,19.0,0.052054794520547946,330.0,call,76.52,76.96,68.0,1,,0.40484,0.98817,0.00082,0.03013,-0.0291,0.17815,spy_options_2021.parquet,6376303
SPY,2021-04-07,2021-04-07T16:00:00-04:00,406.57,2021-04-26,19.0,0.052054794520547946,330.0,put,0.07,0.08,0.1,1,,0.36519,-0.00679,0.00049,0.01796,-0.01526,-0.00155,spy_options_2021.parquet,6376303
SPY,2021-04-07,2021-04-07T16:00:00-04:00,406.57,2021-04-26,19.0,0.052054794520547946,335.0,call,71.52,71.93,0.0,,,0.37402,0.9878,0.00086,0.0298,-0.02679,0.18083,spy_options_2021.parquet,6376304
SPY,2021-04-07,2021-04-07T16:00:00-04:00,406.57,2021-04-26,19.0,0.052054794520547946,335.0,put,0.09,0.1,0.1,1,,0.35202,-0.00826,0.00066,0.02136,-0.01753,-0.00213,spy_options_2021.parquet,6376304
SPY,2021-04-07,2021-04-07T16:00:00-04:00,406.57,2021-04-26,19.0,0.052054794520547946,340.0,call,66.56,67.01,66.6,2,,0.3665,0.98296,0.00117,0.03971,-0.03491,0.18224,spy_options_2021.parquet,6376305
SPY,2021-04-07,2021-04-07T16:00:00-04:00,406.57,2021-04-26,19.0,0.052054794520547946,340.0,put,0.1,0.11,0.16,14,,0.33251,-0.00982,0.00081,0.0244,-0.01879,-0.00171,spy_options_2021.parquet,6376305
SPY,2021-04-07,2021-04-07T16:00:00-04:00,406.57,2021-04-26,19.0,0.052054794520547946,345.0,call,61.56,61.99,0.0,,,0.33797,0.98316,0.00127,0.04048,-0.03293,0.18542,spy_options_2021.parquet,6376306
SPY,2021-04-07,2021-04-07T16:00:00-04:00,406.57,2021-04-26,19.0,0.052054794520547946,345.0,put,0.12,0.13,0.15,5,,0.31497,-0.01209,0.00105,0.02965,-0.02212,-0.00292,spy_options_2021.parquet,6376306
SPY,2021-04-07,2021-04-07T16:00:00-04:00,406.57,2021-04-26,19.0,0.052054794520547946,350.0,call,56.6,57.02,36.51,1,,0.31987,0.97966,0.00168,0.04722,-0.03705,0.18701,spy_options_2021.parquet,6376307
SPY,2021-04-07,2021-04-07T16:00:00-04:00,406.57,2021-04-26,19.0,0.052054794520547946,350.0,put,0.15,0.16,0.17,1,,0.30021,-0.01509,0.00137,0.0358,-0.02622,-0.00293,spy_options_2021.parquet,6376307
SPY,2021-04-07,2021-04-07T16:00:00-04:00,406.57,2021-04-26,19.0,0.052054794520547946,355.0,call,51.61,52.06,41.02,1,,0.29895,0.97638,0.00203,0.05419,-0.03841,0.18912,spy_options_2021.parquet,6376308
SPY,2021-04-07,2021-04-07T16:00:00-04:00,406.57,2021-04-26,19.0,0.052054794520547946,355.0,put,0.18,0.19,0.22,2,,0.28266,-0.01886,0.00173,0.04372,-0.02873,-0.00439,spy_options_2021.parquet,6376308
SPY,2021-04-07,2021-04-07T16:00:00-04:00,406.57,2021-04-26,19.0,0.052054794520547946,360.0,call,46.67,47.1,30.03,1,,0.28029,0.97034,0.0025,0.06405,-0.04336,0.19047,spy_options_2021.parquet,6376309
SPY,2021-04-07,2021-04-07T16:00:00-04:00,406.57,2021-04-26,19.0,0.052054794520547946,360.0,put,0.23,0.24,0.24,10,,0.26687,-0.02366,0.00226,0.05458,-0.03422,-0.00566,spy_options_2021.parquet,6376309
SPY,2021-04-07,2021-04-07T16:00:00-04:00,406.57,2021-04-26,19.0,0.052054794520547946,365.0,call,41.82,42.15,35.03,2,,0.26672,0.96046,0.00336,0.0809,-0.05271,0.19123,spy_options_2021.parquet,6376310
SPY,2021-04-07,2021-04-07T16:00:00-04:00,406.57,2021-04-26,19.0,0.052054794520547946,365.0,put,0.29,0.3,0.31,40,,0.25159,-0.03153,0.00295,0.06723,-0.04086,-0.00688,spy_options_2021.parquet,6376310
SPY,2021-04-07,2021-04-07T16:00:00-04:00,406.57,2021-04-26,19.0,0.052054794520547946,370.0,call,36.87,37.24,36.77,1,,0.24673,0.95155,0.00429,0.0954,-0.05826,0.19199,spy_options_2021.parquet,6376311
SPY,2021-04-07,2021-04-07T16:00:00-04:00,406.57,2021-04-26,19.0,0.052054794520547946,370.0,put,0.38,0.39,0.4,1482,,0.23633,-0.04161,0.00395,0.08509,-0.04852,-0.00976,spy_options_2021.parquet,6376311
SPY,2021-04-07,2021-04-07T16:00:00-04:00,406.57,2021-04-26,19.0,0.052054794520547946,375.0,call,31.96,32.33,25.56,2,,0.22675,0.93913,0.00555,0.11354,-0.06388,0.19116,spy_options_2021.parquet,6376312
SPY,2021-04-07,2021-04-07T16:00:00-04:00,406.57,2021-04-26,19.0,0.052054794520547946,375.0,put,0.5,0.51,0.6,16,,0.22036,-0.05548,0.0054,0.10749,-0.05747,-0.01217,spy_options_2021.parquet,6376312
SPY,2021-04-07,2021-04-07T16:00:00-04:00,406.57,2021-04-26,19.0,0.052054794520547946,380.0,call,27.1,27.52,27.2,20,,0.20918,0.9194,0.0075,0.14188,-0.07286,0.18986,spy_options_2021.parquet,6376313
SPY,2021-04-07,2021-04-07T16:00:00-04:00,406.57,2021-04-26,19.0,0.052054794520547946,380.0,put,0.67,0.68,0.69,213,,0.20483,-0.07595,0.0073,0.13681,-0.06888,-0.01742,spy_options_2021.parquet,6376313
SPY,2021-04-07,2021-04-07T16:00:00-04:00,406.57,2021-04-26,19.0,0.052054794520547946,385.0,call,22.43,22.76,23.17,0,,0.19464,0.88878,0.01024,0.18089,-0.08752,0.18511,spy_options_2021.parquet,6376314
SPY,2021-04-07,2021-04-07T16:00:00-04:00,406.57,2021-04-26,19.0,0.052054794520547946,385.0,put,0.9,0.92,0.92,289,,0.18906,-0.10443,0.01004,0.17238,-0.08076,-0.02338,spy_options_2021.parquet,6376314
SPY,2021-04-07,2021-04-07T16:00:00-04:00,406.57,2021-04-26,19.0,0.052054794520547946,390.0,call,17.7,18.07,17.75,0,,0.17466,0.85061,0.01403,0.22155,-0.09714,0.17942,spy_options_2021.parquet,6376315
SPY,2021-04-07,2021-04-07T16:00:00-04:00,406.57,2021-04-26,19.0,0.052054794520547946,390.0,put,1.23,1.26,1.25,96,,0.17173,-0.14534,0.01403,0.2182,-0.09328,-0.03325,spy_options_2021.parquet,6376315
SPY,2021-04-07,2021-04-07T16:00:00-04:00,406.57,2021-04-26,19.0,0.052054794520547946,395.0,call,13.37,13.5,13.19,50,,0.1584,0.78724,0.01927,0.2765,-0.1104,0.16754,spy_options_2021.parquet,6376316
SPY,2021-04-07,2021-04-07T16:00:00-04:00,406.57,2021-04-26,19.0,0.052054794520547946,395.0,put,1.74,1.76,1.76,214,,0.15486,-0.2068,0.01944,0.27234,-0.10533,-0.04709,spy_options_2021.parquet,6376316
SPY,2021-04-07,2021-04-07T16:00:00-04:00,406.57,2021-04-26,19.0,0.052054794520547946,400.0,call,9.19,9.31,9.2,31,,0.14194,0.69393,0.02605,0.33324,-0.11911,0.14988,spy_options_2021.parquet,6376317
SPY,2021-04-07,2021-04-07T16:00:00-04:00,406.57,2021-04-26,19.0,0.052054794520547946,400.0,put,2.55,2.58,2.55,400,,0.13814,-0.30108,0.02652,0.33144,-0.1153,-0.06766,spy_options_2021.parquet,6376317
SPY,2021-04-07,2021-04-07T16:00:00-04:00,406.57,2021-04-26,19.0,0.052054794520547946,405.0,call,5.56,5.61,5.5,56,,0.12547,0.55817,0.033,0.3753,-0.11909,0.1213,spy_options_2021.parquet,6376318
SPY,2021-04-07,2021-04-07T16:00:00-04:00,406.57,2021-04-26,19.0,0.052054794520547946,405.0,put,3.9,3.93,4.02,1552,,0.12322,-0.44032,0.03374,0.37521,-0.11652,-0.09781,spy_options_2021.parquet,6376318
SPY,2021-04-07,2021-04-07T16:00:00-04:00,406.57,2021-04-26,19.0,0.052054794520547946,410.0,call,2.87,2.9,2.9,582,,0.11503,0.38323,0.03483,0.36266,-0.10539,0.08364,spy_options_2021.parquet,6376319
SPY,2021-04-07,2021-04-07T16:00:00-04:00,406.57,2021-04-26,19.0,0.052054794520547946,410.0,put,6.21,6.26,6.66,373,,0.1132,-0.61978,0.03533,0.36253,-0.10348,-0.13375,spy_options_2021.parquet,6376319
SPY,2021-04-07,2021-04-07T16:00:00-04:00,406.57,2021-04-26,19.0,0.052054794520547946,415.0,call,1.28,1.3,1.27,647,,0.11069,0.21774,0.02797,0.28009,-0.0772,0.0473,spy_options_2021.parquet,6376320
SPY,2021-04-07,2021-04-07T16:00:00-04:00,406.57,2021-04-26,19.0,0.052054794520547946,415.0,put,9.56,9.66,10.02,4,,0.10667,-0.78985,0.02799,0.27455,-0.0731,-0.15657,spy_options_2021.parquet,6376320
SPY,2021-04-07,2021-04-07T16:00:00-04:00,406.57,2021-04-26,19.0,0.052054794520547946,420.0,call,0.52,0.53,0.52,230,,0.10954,0.10607,0.01744,0.17425,-0.04775,0.02276,spy_options_2021.parquet,6376321
SPY,2021-04-07,2021-04-07T16:00:00-04:00,406.57,2021-04-26,19.0,0.052054794520547946,420.0,put,13.63,14.0,13.84,0,,0.10297,-0.90435,0.01508,0.16047,-0.04053,-0.14035,spy_options_2021.parquet,6376321
SPY,2021-04-07,2021-04-07T16:00:00-04:00,406.57,2021-04-26,19.0,0.052054794520547946,425.0,call,0.2,0.21,0.22,206,,0.11177,0.04683,0.00915,0.09366,-0.02516,0.01024,spy_options_2021.parquet,6376322
SPY,2021-04-07,2021-04-07T16:00:00-04:00,406.57,2021-04-26,19.0,0.052054794520547946,425.0,put,18.35,18.75,29.26,2,,0.10911,-0.94189,0.00492,0.10535,-0.02888,-0.09376,spy_options_2021.parquet,6376322
SPY,2021-04-07,2021-04-07T16:00:00-04:00,406.57,2021-04-26,19.0,0.052054794520547946,430.0,call,0.08,0.09,0.08,34,,0.11662,0.02042,0.00447,0.04759,-0.01317,0.00497,spy_options_2021.parquet,6376323
SPY,2021-04-07,2021-04-07T16:00:00-04:00,406.57,2021-04-26,19.0,0.052054794520547946,430.0,put,23.23,23.64,25.5,1,,0.12335,-0.94639,0.00019,0.09569,-0.00512,-0.05306,spy_options_2021.parquet,6376323
SPY,2021-04-07,2021-04-07T16:00:00-04:00,406.57,2021-04-26,19.0,0.052054794520547946,435.0,call,0.04,0.05,0.05,39,,0.12596,0.01137,0.0024,0.02748,-0.00811,0.00232,spy_options_2021.parquet,6376324
SPY,2021-04-07,2021-04-07T16:00:00-04:00,406.57,2021-04-26,19.0,0.052054794520547946,435.0,put,28.2,28.64,44.6,11,,,-1.0,0.0,0.0,0.0,0.0,spy_options_2021.parquet,6376324
SPY,2021-04-07,2021-04-07T16:00:00-04:00,406.57,2021-04-26,19.0,0.052054794520547946,440.0,call,0.02,0.03,0.02,7,,0.13389,0.00596,0.00133,0.01616,-0.00475,0.00099,spy_options_2021.parquet,6376325
SPY,2021-04-07,2021-04-07T16:00:00-04:00,406.57,2021-04-26,19.0,0.052054794520547946,440.0,put,33.12,33.59,0.0,,,,-1.0,0.0,0.0,0.0,0.0,spy_options_2021.parquet,6376325
SPY,2021-04-07,2021-04-07T16:00:00-04:00,406.57,2021-04-26,19.0,0.052054794520547946,445.0,call,0.01,0.02,0.02,5,,0.14271,0.00384,0.00076,0.00989,-0.00321,0.00098,spy_options_2021.parquet,6376326
SPY,2021-04-07,2021-04-07T16:00:00-04:00,406.57,2021-04-26,19.0,0.052054794520547946,445.0,put,38.16,38.58,0.0,,,,-1.0,0.0,0.0,0.0,0.0,spy_options_2021.parquet,6376326
SPY,2021-04-07,2021-04-07T16:00:00-04:00,406.57,2021-04-26,19.0,0.052054794520547946,450.0,call,0.01,0.02,0.02,1,,0.15834,0.00329,0.00061,0.00953,-0.00326,0.00077,spy_options_2021.parquet,6376327
SPY,2021-04-07,2021-04-07T16:00:00-04:00,406.57,2021-04-26,19.0,0.052054794520547946,450.0,put,43.18,43.62,0.0,,,,-1.0,0.0,0.0,0.0,0.0,spy_options_2021.parquet,6376327
SPY,2021-04-07,2021-04-07T16:00:00-04:00,406.57,2021-04-26,19.0,0.052054794520547946,455.0,call,0.0,0.01,0.01,39,,0.15749,0.00081,0.0003,0.00345,-0.0015,0.00041,spy_options_2021.parquet,6376328
SPY,2021-04-07,2021-04-07T16:00:00-04:00,406.57,2021-04-26,19.0,0.052054794520547946,455.0,put,48.15,48.57,0.0,,,,-1.0,0.0,0.0,0.0,0.0,spy_options_2021.parquet,6376328
SPY,2021-04-07,2021-04-07T16:00:00-04:00,406.57,2021-04-26,19.0,0.052054794520547946,460.0,call,0.0,0.01,0.01,19,,0.17159,0.00108,0.00019,0.00387,-0.00148,0.0007,spy_options_2021.parquet,6376329
SPY,2021-04-07,2021-04-07T16:00:00-04:00,406.57,2021-04-26,19.0,0.052054794520547946,460.0,put,53.12,53.59,0.0,,,,-1.0,0.0,0.0,0.0,0.0,spy_options_2021.parquet,6376329
SPY,2021-04-07,2021-04-07T16:00:00-04:00,406.57,2021-04-26,19.0,0.052054794520547946,465.0,call,0.0,0.01,0.01,1,,0.18486,0.00069,0.0002,0.00379,-0.00184,0.00043,spy_options_2021.parquet,6376330
SPY,2021-04-07,2021-04-07T16:00:00-04:00,406.57,2021-04-26,19.0,0.052054794520547946,465.0,put,58.12,58.58,0.0,,,,-1.0,0.0,0.0,0.0,0.0,spy_options_2021.parquet,6376330
SPY,2021-04-07,2021-04-07T16:00:00-04:00,406.57,2021-04-26,19.0,0.052054794520547946,470.0,call,0.0,0.01,0.01,0,,0.19816,0.00097,0.00017,0.00339,-0.00163,-9e-05,spy_options_2021.parquet,6376331
SPY,2021-04-07,2021-04-07T16:00:00-04:00,406.57,2021-04-26,19.0,0.052054794520547946,470.0,put,63.15,63.6,0.0,,,,-1.0,0.0,0.0,0.0,0.0,spy_options_2021.parquet,6376331
SPY,2021-04-07,2021-04-07T16:00:00-04:00,406.57,2021-04-26,19.0,0.052054794520547946,475.0,call,0.0,0.01,0.01,0,,0.21113,0.00042,0.00011,0.00245,-0.00185,6e-05,spy_options_2021.parquet,6376332
SPY,2021-04-07,2021-04-07T16:00:00-04:00,406.57,2021-04-26,19.0,0.052054794520547946,475.0,put,68.11,68.6,0.0,,,,-1.0,0.0,0.0,0.0,0.0,spy_options_2021.parquet,6376332
SPY,2021-04-07,2021-04-07T16:00:00-04:00,406.57,2021-04-26,19.0,0.052054794520547946,480.0,call,0.0,0.01,0.0,,,0.22474,0.00078,0.00015,0.00252,-0.00098,-2e-05,spy_options_2021.parquet,6376333
SPY,2021-04-07,2021-04-07T16:00:00-04:00,406.57,2021-04-26,19.0,0.052054794520547946,480.0,put,73.13,73.59,0.0,,,,-1.0,0.0,0.0,0.0,0.0,spy_options_2021.parquet,6376333
SPY,2021-04-07,2021-04-07T16:00:00-04:00,406.57,2021-04-26,19.0,0.052054794520547946,485.0,call,0.0,0.01,0.0,,,0.23789,0.00131,0.00015,0.00311,-0.00146,-0.00028,spy_options_2021.parquet,6376334
SPY,2021-04-07,2021-04-07T16:00:00-04:00,406.57,2021-04-26,19.0,0.052054794520547946,485.0,put,78.13,78.59,0.0,,,,-1.0,0.0,0.0,0.0,0.0,spy_options_2021.parquet,6376334
SPY,2021-04-07,2021-04-07T16:00:00-04:00,406.57,2021-04-28,21.0,0.057534246575342465,275.0,call,131.44,131.9,0.0,,,0.63294,0.99547,0.00026,0.0133,-0.01816,0.16422,spy_options_2021.parquet,6376348
SPY,2021-04-07,2021-04-07T16:00:00-04:00,406.57,2021-04-28,21.0,0.057534246575342465,275.0,put,0.02,0.03,0.09,2,,0.55079,-0.00112,0.00013,0.00455,-0.00547,-0.00029,spy_options_2021.parquet,6376348
SPY,2021-04-07,2021-04-07T16:00:00-04:00,406.57,2021-04-28,21.0,0.057534246575342465,280.0,call,126.44,126.9,0.0,,,0.60601,0.99513,0.00023,0.0141,-0.01867,0.16726,spy_options_2021.parquet,6376349
SPY,2021-04-07,2021-04-07T16:00:00-04:00,406.57,2021-04-28,21.0,0.057534246575342465,280.0,put,0.02,0.03,0.03,65,,0.5273,-0.00183,0.0001,0.00485,-0.00553,-0.00028,spy_options_2021.parquet,6376349
SPY,2021-04-07,2021-04-07T16:00:00-04:00,406.57,2021-04-28,21.0,0.057534246575342465,285.0,call,121.45,121.9,0.0,,,0.58335,0.99483,0.00021,0.01563,-0.01883,0.17075,spy_options_2021.parquet,6376350
SPY,2021-04-07,2021-04-07T16:00:00-04:00,406.57,2021-04-28,21.0,0.057534246575342465,285.0,put,0.03,0.04,0.1,30,,0.52075,-0.00244,0.0001,0.00672,-0.00738,-0.00022,spy_options_2021.parquet,6376350
SPY,2021-04-07,2021-04-07T16:00:00-04:00,406.57,2021-04-28,21.0,0.057534246575342465,290.0,call,116.45,116.91,0.0,,,0.56061,0.99395,0.00032,0.01678,-0.0194,0.17273,spy_options_2021.parquet,6376351
SPY,2021-04-07,2021-04-07T16:00:00-04:00,406.57,2021-04-28,21.0,0.057534246575342465,290.0,put,0.03,0.04,0.08,1,,0.49681,-0.0022,0.00014,0.00706,-0.00792,-0.00052,spy_options_2021.parquet,6376351
SPY,2021-04-07,2021-04-07T16:00:00-04:00,406.57,2021-04-28,21.0,0.057534246575342465,295.0,call,111.48,111.9,0.0,,,0.54055,0.99307,0.00037,0.01794,-0.02148,0.17598,spy_options_2021.parquet,6376352
SPY,2021-04-07,2021-04-07T16:00:00-04:00,406.57,2021-04-28,21.0,0.057534246575342465,295.0,put,0.04,0.05,0.06,0,,0.48574,-0.00305,0.00019,0.00935,-0.0095,-0.00062,spy_options_2021.parquet,6376352
SPY,2021-04-07,2021-04-07T16:00:00-04:00,406.57,2021-04-28,21.0,0.057534246575342465,300.0,call,106.45,106.91,0.0,,,0.50937,0.99397,0.00037,0.01755,-0.0196,0.17903,spy_options_2021.parquet,6376353
SPY,2021-04-07,2021-04-07T16:00:00-04:00,406.57,2021-04-28,21.0,0.057534246575342465,300.0,put,0.04,0.05,0.04,3,,0.46214,-0.00312,0.00025,0.00987,-0.00964,-0.00073,spy_options_2021.parquet,6376353
SPY,2021-04-07,2021-04-07T16:00:00-04:00,406.57,2021-04-28,21.0,0.057534246575342465,305.0,call,101.48,101.93,0.0,,,0.49725,0.99261,0.00038,0.02193,-0.02312,0.18145,spy_options_2021.parquet,6376354
SPY,2021-04-07,2021-04-07T16:00:00-04:00,406.57,2021-04-28,21.0,0.057534246575342465,305.0,put,0.05,0.06,0.19,21,,0.44869,-0.00355,0.0003,0.01156,-0.01134,-0.00076,spy_options_2021.parquet,6376354
SPY,2021-04-07,2021-04-07T16:00:00-04:00,406.57,2021-04-28,21.0,0.057534246575342465,310.0,call,96.49,96.94,0.0,,,0.4765,0.99179,0.00051,0.02391,-0.02439,0.18465,spy_options_2021.parquet,6376355
SPY,2021-04-07,2021-04-07T16:00:00-04:00,406.57,2021-04-28,21.0,0.057534246575342465,310.0,put,0.05,0.06,0.06,51,,0.42607,-0.00392,0.00025,0.012,-0.01081,-0.00059,spy_options_2021.parquet,6376355
SPY,2021-04-07,2021-04-07T16:00:00-04:00,406.57,2021-04-28,21.0,0.057534246575342465,315.0,call,91.5,91.95,0.0,,,0.4558,0.99029,0.00052,0.02574,-0.02542,0.18709,spy_options_2021.parquet,6376356
SPY,2021-04-07,2021-04-07T16:00:00-04:00,406.57,2021-04-28,21.0,0.057534246575342465,315.0,put,0.06,0.07,0.07,25,,0.4106,-0.00498,0.00036,0.0139,-0.01194,-0.00079,spy_options_2021.parquet,6376356
SPY,2021-04-07,2021-04-07T16:00:00-04:00,406.57,2021-04-28,21.0,0.057534246575342465,320.0,call,86.51,86.96,0.0,,,0.43428,0.98969,0.00063,0.02849,-0.0266,0.18958,spy_options_2021.parquet,6376357
SPY,2021-04-07,2021-04-07T16:00:00-04:00,406.57,2021-04-28,21.0,0.057534246575342465,320.0,put,0.07,0.08,0.11,0,,0.39346,-0.00602,0.00043,0.017,-0.01424,-0.00174,spy_options_2021.parquet,6376357
SPY,2021-04-07,2021-04-07T16:00:00-04:00,406.57,2021-04-28,21.0,0.057534246575342465,325.0,call,81.52,81.97,0.0,,,0.41266,0.98866,0.00074,0.03103,-0.02738,0.19304,spy_options_2021.parquet,6376358
SPY,2021-04-07,2021-04-07T16:00:00-04:00,406.57,2021-04-28,21.0,0.057534246575342465,325.0,put,0.08,0.09,0.1,1,,0.37635,-0.00705,0.00047,0.01881,-0.01561,-0.00137,spy_options_2021.parquet,6376358
SPY,2021-04-07,2021-04-07T16:00:00-04:00,406.57,2021-04-28,21.0,0.057534246575342465,330.0,call,76.54,76.99,76.65,10,,0.39344,0.98658,0.00091,0.03428,-0.03013,0.19535,spy_options_2021.parquet,6376359
SPY,2021-04-07,2021-04-07T16:00:00-04:00,406.57,2021-04-28,21.0,0.057534246575342465,330.0,put,0.1,0.11,0.14,2,,0.3631,-0.00802,0.00063,0.02349,-0.01802,-0.0022,spy_options_2021.parquet,6376359
SPY,2021-04-07,2021-04-07T16:00:00-04:00,406.57,2021-04-28,21.0,0.057534246575342465,335.0,call,71.56,72.01,0.0,,,0.37371,0.9842,0.00102,0.03937,-0.03158,0.198,spy_options_2021.parquet,6376360
SPY,2021-04-07,2021-04-07T16:00:00-04:00,406.57,2021-04-28,21.0,0.057534246575342465,335.0,put,0.12,0.13,0.14,1,,0.34747,-0.01029,0.0008,0.02741,-0.02013,-0.00258,spy_options_2021.parquet,6376360
SPY,2021-04-07,2021-04-07T16:00:00-04:00,406.57,2021-04-28,21.0,0.057534246575342465,340.0,call,66.58,67.03,0.0,,,0.35358,0.98182,0.0012,0.04361,-0.03377,0.20017,spy_options_2021.parquet,6376361
SPY,2021-04-07,2021-04-07T16:00:00-04:00,406.57,2021-04-28,21.0,0.057534246575342465,340.0,put,0.14,0.15,0.19,0,,0.33043,-0.01194,0.001,0.03227,-0.02336,-0.00312,spy_options_2021.parquet,6376361
SPY,2021-04-07,2021-04-07T16:00:00-04:00,406.57,2021-04-28,21.0,0.057534246575342465,345.0,call,61.63,62.06,61.68,10,,0.33743,0.97822,0.00156,0.05133,-0.03818,0.20292,spy_options_2021.parquet,6376362
SPY,2021-04-07,2021-04-07T16:00:00-04:00,406.57,2021-04-28,21.0,0.057534246575342465,345.0,put,0.17,0.18,0.17,16,,0.31467,-0.01571,0.00121,0.03849,-0.02671,-0.00383,spy_options_2021.parquet,6376362
SPY,2021-04-07,2021-04-07T16:00:00-04:00,406.57,2021-04-28,21.0,0.057534246575342465,350.0,call,56.62,57.08,56.91,0,,0.31203,0.97701,0.00174,0.05439,-0.038,0.20476,spy_options_2021.parquet,6376363
SPY,2021-04-07,2021-04-07T16:00:00-04:00,406.57,2021-04-28,21.0,0.057534246575342465,350.0,put,0.2,0.21,0.24,42,,0.29806,-0.01824,0.00148,0.04559,-0.02915,-0.00494,spy_options_2021.parquet,6376363
SPY,2021-04-07,2021-04-07T16:00:00-04:00,406.57,2021-04-28,21.0,0.057534246575342465,355.0,call,51.7,52.14,0.0,,,0.29826,0.97026,0.00227,0.0666,-0.04399,0.20602,spy_options_2021.parquet,6376364
SPY,2021-04-07,2021-04-07T16:00:00-04:00,406.57,2021-04-28,21.0,0.057534246575342465,355.0,put,0.25,0.26,0.27,12,,0.28324,-0.02316,0.00194,0.05556,-0.03444,-0.00603,spy_options_2021.parquet,6376364
SPY,2021-04-07,2021-04-07T16:00:00-04:00,406.57,2021-04-28,21.0,0.057534246575342465,360.0,call,46.79,47.21,46.98,3,,0.28309,0.96325,0.0029,0.08031,-0.051,0.20776,spy_options_2021.parquet,6376365
SPY,2021-04-07,2021-04-07T16:00:00-04:00,406.57,2021-04-28,21.0,0.057534246575342465,360.0,put,0.31,0.32,0.37,36,,0.26827,-0.02939,0.00253,0.06747,-0.04005,-0.00725,spy_options_2021.parquet,6376365
SPY,2021-04-07,2021-04-07T16:00:00-04:00,406.57,2021-04-28,21.0,0.057534246575342465,365.0,call,41.84,42.29,33.18,1,,0.26404,0.95581,0.0036,0.09369,-0.05509,0.20887,spy_options_2021.parquet,6376366
SPY,2021-04-07,2021-04-07T16:00:00-04:00,406.57,2021-04-28,21.0,0.057534246575342465,365.0,put,0.39,0.4,0.42,7,,0.25222,-0.03789,0.00326,0.08317,-0.04688,-0.00997,spy_options_2021.parquet,6376366
SPY,2021-04-07,2021-04-07T16:00:00-04:00,406.57,2021-04-28,21.0,0.057534246575342465,370.0,call,36.97,37.4,37.08,1,,0.24724,0.94363,0.0046,0.11392,-0.06285,0.20832,spy_options_2021.parquet,6376367
SPY,2021-04-07,2021-04-07T16:00:00-04:00,406.57,2021-04-28,21.0,0.057534246575342465,370.0,put,0.5,0.52,0.51,27,,0.238,-0.04981,0.00435,0.10433,-0.05509,-0.01271,spy_options_2021.parquet,6376367
SPY,2021-04-07,2021-04-07T16:00:00-04:00,406.57,2021-04-28,21.0,0.057534246575342465,375.0,call,32.1,32.55,32.23,1,,0.22977,0.92773,0.00598,0.13712,-0.07086,0.20791,spy_options_2021.parquet,6376368
SPY,2021-04-07,2021-04-07T16:00:00-04:00,406.57,2021-04-28,21.0,0.057534246575342465,375.0,put,0.66,0.67,0.67,12,,0.22373,-0.06677,0.00578,0.12949,-0.06468,-0.01667,spy_options_2021.parquet,6376368
SPY,2021-04-07,2021-04-07T16:00:00-04:00,406.57,2021-04-28,21.0,0.057534246575342465,380.0,call,27.31,27.75,27.51,0,,0.21335,0.90618,0.00783,0.16696,-0.08026,0.2054,spy_options_2021.parquet,6376369
SPY,2021-04-07,2021-04-07T16:00:00-04:00,406.57,2021-04-28,21.0,0.057534246575342465,380.0,put,0.86,0.87,0.86,33,,0.2081,-0.08868,0.00773,0.16017,-0.07459,-0.02244,spy_options_2021.parquet,6376369
SPY,2021-04-07,2021-04-07T16:00:00-04:00,406.57,2021-04-28,21.0,0.057534246575342465,385.0,call,22.56,23.01,22.81,0,,0.19548,0.87735,0.0104,0.20313,-0.08996,0.20086,spy_options_2021.parquet,6376370
SPY,2021-04-07,2021-04-07T16:00:00-04:00,406.57,2021-04-28,21.0,0.057534246575342465,385.0,put,1.15,1.16,1.19,271,,0.19293,-0.12009,0.01039,0.19992,-0.08714,-0.03007,spy_options_2021.parquet,6376370
SPY,2021-04-07,2021-04-07T16:00:00-04:00,406.57,2021-04-28,21.0,0.057534246575342465,390.0,call,18.14,18.28,17.46,6,,0.18049,0.83282,0.01394,0.25017,-0.10245,0.19248,spy_options_2021.parquet,6376371
SPY,2021-04-07,2021-04-07T16:00:00-04:00,406.57,2021-04-28,21.0,0.057534246575342465,390.0,put,1.54,1.55,1.57,56,,0.17604,-0.16238,0.01402,0.24646,-0.09845,-0.04069,spy_options_2021.parquet,6376371
SPY,2021-04-07,2021-04-07T16:00:00-04:00,406.57,2021-04-28,21.0,0.057534246575342465,395.0,call,13.72,13.85,13.14,310,,0.16369,0.77033,0.01858,0.30245,-0.11323,0.18011,spy_options_2021.parquet,6376372
SPY,2021-04-07,2021-04-07T16:00:00-04:00,406.57,2021-04-28,21.0,0.057534246575342465,395.0,put,2.1,2.12,2.09,105,,0.16015,-0.22448,0.01885,0.29952,-0.10882,-0.05582,spy_options_2021.parquet,6376372
SPY,2021-04-07,2021-04-07T16:00:00-04:00,406.57,2021-04-28,21.0,0.057534246575342465,400.0,call,9.58,9.72,9.86,205,,0.14643,0.68121,0.02444,0.3561,-0.11975,0.16138,spy_options_2021.parquet,6376373
SPY,2021-04-07,2021-04-07T16:00:00-04:00,406.57,2021-04-28,21.0,0.057534246575342465,400.0,put,2.96,2.99,2.98,47,,0.14379,-0.31572,0.02488,0.35481,-0.11662,-0.07842,spy_options_2021.parquet,6376373
SPY,2021-04-07,2021-04-07T16:00:00-04:00,406.57,2021-04-28,21.0,0.057534246575342465,405.0,call,6.05,6.09,6.05,343,,0.13204,0.55388,0.02998,0.39429,-0.11939,0.13174,spy_options_2021.parquet,6376374
SPY,2021-04-07,2021-04-07T16:00:00-04:00,406.57,2021-04-28,21.0,0.057534246575342465,405.0,put,4.36,4.4,4.46,770,,0.12902,-0.44462,0.0307,0.39398,-0.11641,-0.10933,spy_options_2021.parquet,6376374
SPY,2021-04-07,2021-04-07T16:00:00-04:00,406.57,2021-04-28,21.0,0.057534246575342465,410.0,call,3.27,3.31,3.28,1017,,0.12069,0.39415,0.03207,0.38407,-0.10579,0.09421,spy_options_2021.parquet,6376375
SPY,2021-04-07,2021-04-07T16:00:00-04:00,406.57,2021-04-28,21.0,0.057534246575342465,410.0,put,6.63,6.68,6.8,144,,0.11856,-0.6081,0.03237,0.38345,-0.10418,-0.1451,spy_options_2021.parquet,6376375
SPY,2021-04-07,2021-04-07T16:00:00-04:00,406.57,2021-04-28,21.0,0.057534246575342465,415.0,call,1.57,1.6,1.51,45,,0.11475,0.23816,0.02698,0.30875,-0.08087,0.05689,spy_options_2021.parquet,6376376
SPY,2021-04-07,2021-04-07T16:00:00-04:00,406.57,2021-04-28,21.0,0.057534246575342465,415.0,put,9.8,10.1,10.2,13,,0.11328,-0.76509,0.02696,0.30735,-0.07922,-0.17098,spy_options_2021.parquet,6376376
SPY,2021-04-07,2021-04-07T16:00:00-04:00,406.57,2021-04-28,21.0,0.057534246575342465,420.0,call,0.68,0.7,0.68,159,,0.11374,0.12394,0.01816,0.20502,-0.05296,0.02964,spy_options_2021.parquet,6376377
SPY,2021-04-07,2021-04-07T16:00:00-04:00,406.57,2021-04-28,21.0,0.057534246575342465,420.0,put,13.91,14.08,13.96,1,,0.10741,-0.88373,0.01671,0.19491,-0.04668,-0.16477,spy_options_2021.parquet,6376377
SPY,2021-04-07,2021-04-07T16:00:00-04:00,406.57,2021-04-28,21.0,0.057534246575342465,425.0,call,0.29,0.3,0.32,288,,0.11502,0.06055,0.01041,0.11935,-0.03025,0.01495,spy_options_2021.parquet,6376378
SPY,2021-04-07,2021-04-07T16:00:00-04:00,406.57,2021-04-28,21.0,0.057534246575342465,425.0,put,18.44,19.28,0.0,,,0.12757,-0.91268,0.01022,0.15733,-0.04502,-0.14875,spy_options_2021.parquet,6376378
SPY,2021-04-07,2021-04-07T16:00:00-04:00,406.57,2021-04-28,21.0,0.057534246575342465,430.0,call,0.13,0.14,0.14,208,,0.1197,0.02942,0.00558,0.06716,-0.01739,0.00716,spy_options_2021.parquet,6376379
SPY,2021-04-07,2021-04-07T16:00:00-04:00,406.57,2021-04-28,21.0,0.057534246575342465,430.0,put,23.28,23.63,24.15,3,,0.12016,-0.94638,0.00081,0.101,-0.02515,-0.06851,spy_options_2021.parquet,6376379
SPY,2021-04-07,2021-04-07T16:00:00-04:00,406.57,2021-04-28,21.0,0.057534246575342465,435.0,call,0.06,0.07,0.07,1,,0.12577,0.01485,0.00302,0.03686,-0.01037,0.00365,spy_options_2021.parquet,6376380
SPY,2021-04-07,2021-04-07T16:00:00-04:00,406.57,2021-04-28,21.0,0.057534246575342465,435.0,put,28.17,28.64,28.2,1,,,-1.0,0.0,0.0,0.0,0.0,spy_options_2021.parquet,6376380
SPY,2021-04-07,2021-04-07T16:00:00-04:00,406.57,2021-04-28,21.0,0.057534246575342465,440.0,call,0.03,0.04,0.04,9,,0.13233,0.0077,0.00162,0.02171,-0.0058,0.00184,spy_options_2021.parquet,6376381
SPY,2021-04-07,2021-04-07T16:00:00-04:00,406.57,2021-04-28,21.0,0.057534246575342465,440.0,put,33.14,33.62,33.6,4,,,-1.0,0.0,0.0,0.0,0.0,spy_options_2021.parquet,6376381
SPY,2021-04-07,2021-04-07T16:00:00-04:00,406.57,2021-04-28,21.0,0.057534246575342465,445.0,call,0.02,0.03,0.02,9,,0.1432,0.00537,0.00114,0.01606,-0.00521,0.00163,spy_options_2021.parquet,6376382
SPY,2021-04-07,2021-04-07T16:00:00-04:00,406.57,2021-04-28,21.0,0.057534246575342465,445.0,put,38.12,38.58,0.0,,,,-1.0,0.0,0.0,0.0,0.0,spy_options_2021.parquet,6376382
SPY,2021-04-07,2021-04-07T16:00:00-04:00,406.57,2021-04-28,21.0,0.057534246575342465,450.0,call,0.01,0.02,0.02,0,,0.15108,0.00304,0.00066,0.00954,-0.0035,0.00032,spy_options_2021.parquet,6376383
SPY,2021-04-07,2021-04-07T16:00:00-04:00,406.57,2021-04-28,21.0,0.057534246575342465,450.0,put,43.12,43.6,0.0,,,,-1.0,0.0,0.0,0.0,0.0,spy_options_2021.parquet,6376383
SPY,2021-04-07,2021-04-07T16:00:00-04:00,406.57,2021-04-28,21.0,0.057534246575342465,455.0,call,0.01,0.02,0.04,5,,0.16653,0.00304,0.0006,0.00952,-0.00313,0.00062,spy_options_2021.parquet,6376384
SPY,2021-04-07,2021-04-07T16:00:00-04:00,406.57,2021-04-28,21.0,0.057534246575342465,455.0,put,48.12,48.59,0.0,,,,-1.0,0.0,0.0,0.0,0.0,spy_options_2021.parquet,6376384
SPY,2021-04-07,2021-04-07T16:00:00-04:00,406.57,2021-04-28,21.0,0.057534246575342465,460.0,call,0.0,0.01,0.02,0,,0.16332,0.00091,0.00023,0.00372,-0.0016,0.00076,spy_options_2021.parquet,6376385
SPY,2021-04-07,2021-04-07T16:00:00-04:00,406.57,2021-04-28,21.0,0.057534246575342465,460.0,put,52.86,53.59,0.0,,,,-1.0,0.0,0.0,0.0,0.0,spy_options_2021.parquet,6376385
SPY,2021-04-07,2021-04-07T16:00:00-04:00,406.57,2021-04-28,21.0,0.057534246575342465,465.0,call,0.0,0.01,0.01,19,,0.17603,0.00119,0.00025,0.00369,-0.00119,-0.00018,spy_options_2021.parquet,6376386
SPY,2021-04-07,2021-04-07T16:00:00-04:00,406.57,2021-04-28,21.0,0.057534246575342465,465.0,put,57.86,58.59,0.0,,,,-1.0,0.0,0.0,0.0,0.0,spy_options_2021.parquet,6376386
SPY,2021-04-07,2021-04-07T16:00:00-04:00,406.57,2021-04-28,21.0,0.057534246575342465,470.0,call,0.0,0.01,0.02,0,,0.18891,0.00079,0.00018,0.00334,-0.00124,-0.00015,spy_options_2021.parquet,6376387
SPY,2021-04-07,2021-04-07T16:00:00-04:00,406.57,2021-04-28,21.0,0.057534246575342465,470.0,put,63.12,63.61,0.0,,,,-1.0,0.0,0.0,0.0,0.0,spy_options_2021.parquet,6376387
SPY,2021-04-07,2021-04-07T16:00:00-04:00,406.57,2021-04-28,21.0,0.057534246575342465,475.0,call,0.0,0.01,0.01,0,,0.20205,0.00065,0.00017,0.00314,-0.00142,0.00029,spy_options_2021.parquet,6376388
SPY,2021-04-07,2021-04-07T16:00:00-04:00,406.57,2021-04-28,21.0,0.057534246575342465,475.0,put,68.12,68.61,0.0,,,,-1.0,0.0,0.0,0.0,0.0,spy_options_2021.parquet,6376388
SPY,2021-04-07,2021-04-07T16:00:00-04:00,406.57,2021-04-28,21.0,0.057534246575342465,480.0,call,0.0,0.01,0.0,,,0.21424,0.001,0.00013,0.0033,-0.00126,0.00048,spy_options_2021.parquet,6376389
SPY,2021-04-07,2021-04-07T16:00:00-04:00,406.57,2021-04-28,21.0,0.057534246575342465,480.0,put,73.12,73.58,0.0,,,,-1.0,0.0,0.0,0.0,0.0,spy_options_2021.parquet,6376389
SPY,2021-04-07,2021-04-07T16:00:00-04:00,406.57,2021-04-28,21.0,0.057534246575342465,485.0,call,0.0,0.01,0.0,,,0.22615,0.0009,0.00017,0.00232,-0.00087,0.00029,spy_options_2021.parquet,6376390
SPY,2021-04-07,2021-04-07T16:00:00-04:00,406.57,2021-04-28,21.0,0.057534246575342465,485.0,put,78.12,78.58,0.0,,,,-1.0,0.0,0.0,0.0,0.0,spy_options_2021.parquet,6376390
SPY,2021-04-07,2021-04-07T16:00:00-04:00,406.57,2021-04-30,23.0,0.06301369863013699,275.0,call,131.47,131.89,0.0,,,0.61224,0.99454,0.00019,0.01536,-0.01886,0.17888,spy_options_2021.parquet,6376407
SPY,2021-04-07,2021-04-07T16:00:00-04:00,406.57,2021-04-30,23.0,0.06301369863013699,275.0,put,0.03,0.04,0.04,0,,0.54439,-0.0023,0.00012,0.00693,-0.00718,-0.00103,spy_options_2021.parquet,6376407
SPY,2021-04-07,2021-04-07T16:00:00-04:00,406.57,2021-04-30,23.0,0.06301369863013699,280.0,call,126.49,126.91,0.0,,,0.59887,0.99357,0.00029,0.0176,-0.02109,0.18192,spy_options_2021.parquet,6376408
SPY,2021-04-07,2021-04-07T16:00:00-04:00,406.57,2021-04-30,23.0,0.06301369863013699,280.0,put,0.03,0.04,0.04,95,,0.52152,-0.00208,0.00011,0.00743,-0.00656,-0.00082,spy_options_2021.parquet,6376408
SPY,2021-04-07,2021-04-07T16:00:00-04:00,406.57,2021-04-30,23.0,0.06301369863013699,285.0,call,121.47,121.87,0.0,,,0.55499,0.99451,0.00022,0.01587,-0.01731,0.18573,spy_options_2021.parquet,6376409
SPY,2021-04-07,2021-04-07T16:00:00-04:00,406.57,2021-04-30,23.0,0.06301369863013699,285.0,put,0.04,0.05,0.05,0,,0.51064,-0.00316,0.00021,0.00871,-0.00909,-0.00102,spy_options_2021.parquet,6376409
SPY,2021-04-07,2021-04-07T16:00:00-04:00,406.57,2021-04-30,23.0,0.06301369863013699,290.0,call,116.49,116.87,0.0,,,0.53669,0.99436,0.00024,0.01724,-0.01867,0.1889,spy_options_2021.parquet,6376410
SPY,2021-04-07,2021-04-07T16:00:00-04:00,406.57,2021-04-30,23.0,0.06301369863013699,290.0,put,0.05,0.06,0.05,15,,0.49829,-0.00377,0.00019,0.01101,-0.01066,-0.00078,spy_options_2021.parquet,6376410
SPY,2021-04-07,2021-04-07T16:00:00-04:00,406.57,2021-04-30,23.0,0.06301369863013699,295.0,call,111.52,111.93,0.0,,,0.53416,0.99164,0.00042,0.02301,-0.02403,0.19114,spy_options_2021.parquet,6376411
SPY,2021-04-07,2021-04-07T16:00:00-04:00,406.57,2021-04-30,23.0,0.06301369863013699,295.0,put,0.05,0.06,0.18,46,,0.47497,-0.00348,0.00024,0.01088,-0.01037,-0.00084,spy_options_2021.parquet,6376411
SPY,2021-04-07,2021-04-07T16:00:00-04:00,406.57,2021-04-30,23.0,0.06301369863013699,300.0,call,106.51,106.89,95.73,1,,0.49826,0.99297,0.00037,0.02134,-0.02092,0.19539,spy_options_2021.parquet,6376412
SPY,2021-04-07,2021-04-07T16:00:00-04:00,406.57,2021-04-30,23.0,0.06301369863013699,300.0,put,0.06,0.07,0.07,36,,0.45983,-0.00383,0.00024,0.01258,-0.01184,-0.00163,spy_options_2021.parquet,6376412
SPY,2021-04-07,2021-04-07T16:00:00-04:00,406.57,2021-04-30,23.0,0.06301369863013699,305.0,call,101.54,101.94,0.0,,,0.49044,0.99063,0.00045,0.02583,-0.02575,0.19794,spy_options_2021.parquet,6376413
SPY,2021-04-07,2021-04-07T16:00:00-04:00,406.57,2021-04-30,23.0,0.06301369863013699,305.0,put,0.06,0.07,0.1,44,,0.43774,-0.00432,0.00033,0.01344,-0.01185,-0.00144,spy_options_2021.parquet,6376413
SPY,2021-04-07,2021-04-07T16:00:00-04:00,406.57,2021-04-30,23.0,0.06301369863013699,310.0,call,96.53,96.95,0.0,,,0.46523,0.99037,0.00051,0.02711,-0.02584,0.20142,spy_options_2021.parquet,6376414
SPY,2021-04-07,2021-04-07T16:00:00-04:00,406.57,2021-04-30,23.0,0.06301369863013699,310.0,put,0.07,0.08,0.07,66,,0.42178,-0.00477,0.00037,0.01623,-0.01342,-0.00144,spy_options_2021.parquet,6376414
SPY,2021-04-07,2021-04-07T16:00:00-04:00,406.57,2021-04-30,23.0,0.06301369863013699,315.0,call,91.56,91.96,0.0,,,0.44778,0.98912,0.00059,0.03106,-0.02742,0.20405,spy_options_2021.parquet,6376415
SPY,2021-04-07,2021-04-07T16:00:00-04:00,406.57,2021-04-30,23.0,0.06301369863013699,315.0,put,0.08,0.09,0.09,67,,0.4049,-0.00602,0.00037,0.01792,-0.01455,-0.00166,spy_options_2021.parquet,6376415
SPY,2021-04-07,2021-04-07T16:00:00-04:00,406.57,2021-04-30,23.0,0.06301369863013699,320.0,call,86.58,86.99,73.29,6,,0.43136,0.98645,0.00072,0.03478,-0.0308,0.20678,spy_options_2021.parquet,6376416
SPY,2021-04-07,2021-04-07T16:00:00-04:00,406.57,2021-04-30,23.0,0.06301369863013699,320.0,put,0.09,0.1,0.1,391,,0.38771,-0.00735,0.00044,0.02039,-0.01548,-0.00169,spy_options_2021.parquet,6376416
SPY,2021-04-07,2021-04-07T16:00:00-04:00,406.57,2021-04-30,23.0,0.06301369863013699,325.0,call,81.56,81.96,79.5,1,,0.39909,0.98771,0.00076,0.03424,-0.02696,0.2102,spy_options_2021.parquet,6376417
SPY,2021-04-07,2021-04-07T16:00:00-04:00,406.57,2021-04-30,23.0,0.06301369863013699,325.0,put,0.11,0.12,0.11,164,,0.37368,-0.00859,0.00064,0.02492,-0.01799,-0.00215,spy_options_2021.parquet,6376417
SPY,2021-04-07,2021-04-07T16:00:00-04:00,406.57,2021-04-30,23.0,0.06301369863013699,330.0,call,76.61,76.99,58.09,1,,0.38623,0.98417,0.00091,0.04021,-0.03122,0.21236,spy_options_2021.parquet,6376418
SPY,2021-04-07,2021-04-07T16:00:00-04:00,406.57,2021-04-30,23.0,0.06301369863013699,330.0,put,0.13,0.14,0.13,252,,0.3592,-0.01002,0.00069,0.02906,-0.02003,-0.0024,spy_options_2021.parquet,6376418
SPY,2021-04-07,2021-04-07T16:00:00-04:00,406.57,2021-04-30,23.0,0.06301369863013699,335.0,call,71.61,72.02,71.64,201,,0.36544,0.98272,0.00112,0.04412,-0.03308,0.21563,spy_options_2021.parquet,6376419
SPY,2021-04-07,2021-04-07T16:00:00-04:00,406.57,2021-04-30,23.0,0.06301369863013699,335.0,put,0.15,0.16,0.15,317,,0.34199,-0.01234,0.00085,0.03285,-0.02231,-0.00317,spy_options_2021.parquet,6376419
SPY,2021-04-07,2021-04-07T16:00:00-04:00,406.57,2021-04-30,23.0,0.06301369863013699,340.0,call,66.67,67.05,66.57,1,,0.34946,0.97921,0.00139,0.05238,-0.03641,0.21781,spy_options_2021.parquet,6376420
SPY,2021-04-07,2021-04-07T16:00:00-04:00,406.57,2021-04-30,23.0,0.06301369863013699,340.0,put,0.18,0.19,0.18,44,,0.32779,-0.01475,0.00111,0.03931,-0.02598,-0.00397,spy_options_2021.parquet,6376420
SPY,2021-04-07,2021-04-07T16:00:00-04:00,406.57,2021-04-30,23.0,0.06301369863013699,345.0,call,61.74,62.11,53.24,1,,0.336,0.97376,0.00174,0.0625,-0.04304,0.21913,spy_options_2021.parquet,6376421
SPY,2021-04-07,2021-04-07T16:00:00-04:00,406.57,2021-04-30,23.0,0.06301369863013699,345.0,put,0.22,0.23,0.21,41,,0.31273,-0.01807,0.00143,0.047,-0.02943,-0.00482,spy_options_2021.parquet,6376421
SPY,2021-04-07,2021-04-07T16:00:00-04:00,406.57,2021-04-30,23.0,0.06301369863013699,350.0,call,56.79,57.14,57.0,3,,0.317,0.97018,0.00203,0.07019,-0.04538,0.22199,spy_options_2021.parquet,6376422
SPY,2021-04-07,2021-04-07T16:00:00-04:00,406.57,2021-04-30,23.0,0.06301369863013699,350.0,put,0.26,0.27,0.27,20,,0.29733,-0.0227,0.00172,0.05544,-0.03347,-0.0057,spy_options_2021.parquet,6376422
SPY,2021-04-07,2021-04-07T16:00:00-04:00,406.57,2021-04-30,23.0,0.06301369863013699,355.0,call,51.82,52.18,52.23,0,,0.29651,0.96546,0.00247,0.0791,-0.04734,0.22397,spy_options_2021.parquet,6376423
SPY,2021-04-07,2021-04-07T16:00:00-04:00,406.57,2021-04-30,23.0,0.06301369863013699,355.0,put,0.32,0.33,0.35,276,,0.28213,-0.02819,0.00217,0.06796,-0.03885,-0.008,spy_options_2021.parquet,6376423
SPY,2021-04-07,2021-04-07T16:00:00-04:00,406.57,2021-04-30,23.0,0.06301369863013699,360.0,call,46.89,47.27,47.0,2,,0.28021,0.95823,0.00308,0.09301,-0.0537,0.22514,spy_options_2021.parquet,6376424
SPY,2021-04-07,2021-04-07T16:00:00-04:00,406.57,2021-04-30,23.0,0.06301369863013699,360.0,put,0.39,0.4,0.41,574,,0.26694,-0.03524,0.00278,0.08081,-0.0438,-0.00999,spy_options_2021.parquet,6376424
SPY,2021-04-07,2021-04-07T16:00:00-04:00,406.57,2021-04-30,23.0,0.06301369863013699,365.0,call,41.98,42.27,41.77,1,,0.25851,0.95188,0.00374,0.10435,-0.05552,0.2265,spy_options_2021.parquet,6376425
SPY,2021-04-07,2021-04-07T16:00:00-04:00,406.57,2021-04-30,23.0,0.06301369863013699,365.0,put,0.49,0.51,0.5,935,,0.25359,-0.04536,0.00356,0.09931,-0.05144,-0.01254,spy_options_2021.parquet,6376425
SPY,2021-04-07,2021-04-07T16:00:00-04:00,406.57,2021-04-30,23.0,0.06301369863013699,367.5,call,39.55,39.89,39.11,15,,0.25349,0.94349,0.00425,0.1174,-0.06178,0.22571,spy_options_2021.parquet,6376426
SPY,2021-04-07,2021-04-07T16:00:00-04:00,406.57,2021-04-30,23.0,0.06301369863013699,367.5,put,0.56,0.57,0.57,281,,0.24645,-0.05138,0.00412,0.10992,-0.05531,-0.0144,spy_options_2021.parquet,6376426
SPY,2021-04-07,2021-04-07T16:00:00-04:00,406.57,2021-04-30,23.0,0.06301369863013699,370.0,call,37.19,37.5,37.45,3,,0.24961,0.93354,0.00494,0.13382,-0.06897,0.22459,spy_options_2021.parquet,6376427
SPY,2021-04-07,2021-04-07T16:00:00-04:00,406.57,2021-04-30,23.0,0.06301369863013699,370.0,put,0.63,0.64,0.66,110,,0.23851,-0.05846,0.00472,0.12128,-0.05953,-0.01544,spy_options_2021.parquet,6376427
SPY,2021-04-07,2021-04-07T16:00:00-04:00,406.57,2021-04-30,23.0,0.06301369863013699,372.5,call,34.74,35.06,28.76,2,,0.23926,0.92772,0.0055,0.14388,-0.07161,0.22488,spy_options_2021.parquet,6376428
SPY,2021-04-07,2021-04-07T16:00:00-04:00,406.57,2021-04-30,23.0,0.06301369863013699,372.5,put,0.71,0.73,0.73,49,,0.2315,-0.06649,0.00538,0.1352,-0.0637,-0.01852,spy_options_2021.parquet,6376428
SPY,2021-04-07,2021-04-07T16:00:00-04:00,406.57,2021-04-30,23.0,0.06301369863013699,375.0,call,32.37,32.67,32.61,1,,0.23299,0.9167,0.0063,0.15998,-0.07663,0.22367,spy_options_2021.parquet,6376429
SPY,2021-04-07,2021-04-07T16:00:00-04:00,406.57,2021-04-30,23.0,0.06301369863013699,375.0,put,0.81,0.82,0.8,743,,0.22494,-0.07604,0.00607,0.14934,-0.06869,-0.02101,spy_options_2021.parquet,6376429
SPY,2021-04-07,2021-04-07T16:00:00-04:00,406.57,2021-04-30,23.0,0.06301369863013699,376.0,call,31.43,31.68,31.67,1,,0.22988,0.91327,0.00661,0.16515,-0.07814,0.22317,spy_options_2021.parquet,6376430
SPY,2021-04-07,2021-04-07T16:00:00-04:00,406.57,2021-04-30,23.0,0.06301369863013699,376.0,put,0.85,0.86,0.92,46,,0.22102,-0.07971,0.00641,0.15525,-0.07032,-0.02173,spy_options_2021.parquet,6376430
SPY,2021-04-07,2021-04-07T16:00:00-04:00,406.57,2021-04-30,23.0,0.06301369863013699,377.0,call,30.46,30.76,31.2,0,,0.22698,0.90841,0.00694,0.17223,-0.08078,0.22213,spy_options_2021.parquet,6376431
SPY,2021-04-07,2021-04-07T16:00:00-04:00,406.57,2021-04-30,23.0,0.06301369863013699,377.0,put,0.89,0.91,0.95,44,,0.21873,-0.08395,0.00678,0.16153,-0.07295,-0.02311,spy_options_2021.parquet,6376431
SPY,2021-04-07,2021-04-07T16:00:00-04:00,406.57,2021-04-30,23.0,0.06301369863013699,377.5,call,29.94,30.26,22.59,6,,0.22362,0.90719,0.0071,0.17303,-0.0799,0.22265,spy_options_2021.parquet,6376432
SPY,2021-04-07,2021-04-07T16:00:00-04:00,406.57,2021-04-30,23.0,0.06301369863013699,377.5,put,0.92,0.93,0.96,24,,0.21694,-0.08643,0.00701,0.16547,-0.07389,-0.02387,spy_options_2021.parquet,6376432
SPY,2021-04-07,2021-04-07T16:00:00-04:00,406.57,2021-04-30,23.0,0.06301369863013699,378.0,call,29.43,29.81,23.77,3,,0.22102,0.90499,0.00735,0.17583,-0.081,0.22196,spy_options_2021.parquet,6376433
SPY,2021-04-07,2021-04-07T16:00:00-04:00,406.57,2021-04-30,23.0,0.06301369863013699,378.0,put,0.94,0.95,0.98,22,,0.21576,-0.08869,0.0072,0.16896,-0.07434,-0.02478,spy_options_2021.parquet,6376433
SPY,2021-04-07,2021-04-07T16:00:00-04:00,406.57,2021-04-30,23.0,0.06301369863013699,379.0,call,28.5,28.84,29.18,11,,0.21829,0.90008,0.00774,0.18235,-0.08207,0.22131,spy_options_2021.parquet,6376434
SPY,2021-04-07,2021-04-07T16:00:00-04:00,406.57,2021-04-30,23.0,0.06301369863013699,379.0,put,0.99,1.0,1.04,101,,0.21294,-0.09374,0.00757,0.17499,-0.07698,-0.0253,spy_options_2021.parquet,6376434
SPY,2021-04-07,2021-04-07T16:00:00-04:00,406.57,2021-04-30,23.0,0.06301369863013699,380.0,call,27.57,27.85,27.8,451,,0.21441,0.89542,0.00806,0.18818,-0.08373,0.22097,spy_options_2021.parquet,6376435
SPY,2021-04-07,2021-04-07T16:00:00-04:00,406.57,2021-04-30,23.0,0.06301369863013699,380.0,put,1.05,1.06,1.06,653,,0.20963,-0.09985,0.00803,0.18349,-0.0794,-0.02737,spy_options_2021.parquet,6376435
SPY,2021-04-07,2021-04-07T16:00:00-04:00,406.57,2021-04-30,23.0,0.06301369863013699,381.0,call,26.6,26.89,26.94,0,,0.21025,0.8916,0.00847,0.19433,-0.08457,0.22061,spy_options_2021.parquet,6376436
SPY,2021-04-07,2021-04-07T16:00:00-04:00,406.57,2021-04-30,23.0,0.06301369863013699,381.0,put,1.11,1.12,1.14,34,,0.20749,-0.10567,0.00844,0.19067,-0.08127,-0.02835,spy_options_2021.parquet,6376436
SPY,2021-04-07,2021-04-07T16:00:00-04:00,406.57,2021-04-30,23.0,0.06301369863013699,382.0,call,25.62,26.01,25.89,1,,0.20744,0.88498,0.00902,0.20285,-0.08697,0.21906,spy_options_2021.parquet,6376437
SPY,2021-04-07,2021-04-07T16:00:00-04:00,406.57,2021-04-30,23.0,0.06301369863013699,382.0,put,1.16,1.18,1.22,148,,0.20341,-0.11106,0.00894,0.19844,-0.08363,-0.02993,spy_options_2021.parquet,6376437
SPY,2021-04-07,2021-04-07T16:00:00-04:00,406.57,2021-04-30,23.0,0.06301369863013699,382.5,call,25.19,25.55,25.34,50,,0.20698,0.88069,0.00921,0.20779,-0.08911,0.21893,spy_options_2021.parquet,6376438
SPY,2021-04-07,2021-04-07T16:00:00-04:00,406.57,2021-04-30,23.0,0.06301369863013699,382.5,put,1.2,1.21,1.22,17,,0.20277,-0.11477,0.00916,0.20256,-0.0844,-0.03095,spy_options_2021.parquet,6376438
SPY,2021-04-07,2021-04-07T16:00:00-04:00,406.57,2021-04-30,23.0,0.06301369863013699,383.0,call,24.86,25.0,23.97,19,,0.20622,0.87551,0.00954,0.21341,-0.09203,0.21804,spy_options_2021.parquet,6376439
SPY,2021-04-07,2021-04-07T16:00:00-04:00,406.57,2021-04-30,23.0,0.06301369863013699,383.0,put,1.23,1.24,1.25,311,,0.20106,-0.1181,0.00941,0.20684,-0.08552,-0.03227,spy_options_2021.parquet,6376439
SPY,2021-04-07,2021-04-07T16:00:00-04:00,406.57,2021-04-30,23.0,0.06301369863013699,384.0,call,23.93,24.07,24.1,5,,0.20371,0.86865,0.01003,0.22145,-0.09411,0.21589,spy_options_2021.parquet,6376440
SPY,2021-04-07,2021-04-07T16:00:00-04:00,406.57,2021-04-30,23.0,0.06301369863013699,384.0,put,1.29,1.31,1.38,36,,0.1975,-0.12486,0.00994,0.21474,-0.08808,-0.03353,spy_options_2021.parquet,6376440
SPY,2021-04-07,2021-04-07T16:00:00-04:00,406.57,2021-04-30,23.0,0.06301369863013699,385.0,call,22.96,23.1,22.75,12,,0.19886,0.86352,0.0106,0.22812,-0.09361,0.21546,spy_options_2021.parquet,6376441
SPY,2021-04-07,2021-04-07T16:00:00-04:00,406.57,2021-04-30,23.0,0.06301369863013699,385.0,put,1.36,1.38,1.39,1141,,0.19465,-0.13133,0.01051,0.22263,-0.08954,-0.03623,spy_options_2021.parquet,6376441
SPY,2021-04-07,2021-04-07T16:00:00-04:00,406.57,2021-04-30,23.0,0.06301369863013699,386.0,call,22.03,22.18,22.59,6,,0.19486,0.85671,0.0111,0.23579,-0.09563,0.21442,spy_options_2021.parquet,6376442
SPY,2021-04-07,2021-04-07T16:00:00-04:00,406.57,2021-04-30,23.0,0.06301369863013699,386.0,put,1.44,1.45,1.56,27,,0.1915,-0.1395,0.01108,0.23171,-0.09187,-0.03786,spy_options_2021.parquet,6376442
SPY,2021-04-07,2021-04-07T16:00:00-04:00,406.57,2021-04-30,23.0,0.06301369863013699,387.0,call,21.05,21.37,20.64,58,,0.1925,0.84669,0.01178,0.24654,-0.09876,0.21231,spy_options_2021.parquet,6376443
SPY,2021-04-07,2021-04-07T16:00:00-04:00,406.57,2021-04-30,23.0,0.06301369863013699,387.0,put,1.52,1.54,1.58,766,,0.1882,-0.14815,0.0118,0.24176,-0.09452,-0.0399,spy_options_2021.parquet,6376443
SPY,2021-04-07,2021-04-07T16:00:00-04:00,406.57,2021-04-30,23.0,0.06301369863013699,387.5,call,20.66,20.8,20.54,4,,0.1898,0.84326,0.01211,0.24993,-0.0986,0.21196,spy_options_2021.parquet,6376444
SPY,2021-04-07,2021-04-07T16:00:00-04:00,406.57,2021-04-30,23.0,0.06301369863013699,387.5,put,1.56,1.58,1.59,16,,0.18622,-0.15168,0.01207,0.24575,-0.09506,-0.04138,spy_options_2021.parquet,6376444
SPY,2021-04-07,2021-04-07T16:00:00-04:00,406.57,2021-04-30,23.0,0.06301369863013699,388.0,call,20.2,20.35,19.83,0,,0.18897,0.83875,0.0124,0.25418,-0.10056,0.21076,spy_options_2021.parquet,6376445
SPY,2021-04-07,2021-04-07T16:00:00-04:00,406.57,2021-04-30,23.0,0.06301369863013699,388.0,put,1.61,1.63,1.68,27,,0.18554,-0.15686,0.01248,0.25041,-0.09626,-0.04238,spy_options_2021.parquet,6376445
SPY,2021-04-07,2021-04-07T16:00:00-04:00,406.57,2021-04-30,23.0,0.06301369863013699,389.0,call,19.31,19.45,19.59,12,,0.18566,0.82929,0.01307,0.26431,-0.10266,0.20847,spy_options_2021.parquet,6376446
SPY,2021-04-07,2021-04-07T16:00:00-04:00,406.57,2021-04-30,23.0,0.06301369863013699,389.0,put,1.7,1.72,1.83,9,,0.18174,-0.16607,0.01318,0.26036,-0.09829,-0.04547,spy_options_2021.parquet,6376446
SPY,2021-04-07,2021-04-07T16:00:00-04:00,406.57,2021-04-30,23.0,0.06301369863013699,390.0,call,18.41,18.55,18.34,16,,0.18248,0.81928,0.01387,0.27386,-0.10497,0.20635,spy_options_2021.parquet,6376447
SPY,2021-04-07,2021-04-07T16:00:00-04:00,406.57,2021-04-30,23.0,0.06301369863013699,390.0,put,1.8,1.82,1.84,4271,,0.17874,-0.17592,0.01385,0.2707,-0.10034,-0.0481,spy_options_2021.parquet,6376447
SPY,2021-04-07,2021-04-07T16:00:00-04:00,406.57,2021-04-30,23.0,0.06301369863013699,391.0,call,17.5,17.64,17.73,13,,0.17877,0.80904,0.0146,0.28357,-0.10545,0.2046,spy_options_2021.parquet,6376448
SPY,2021-04-07,2021-04-07T16:00:00-04:00,406.57,2021-04-30,23.0,0.06301369863013699,391.0,put,1.9,1.92,2.04,44,,0.1752,-0.18708,0.01467,0.28033,-0.10227,-0.05044,spy_options_2021.parquet,6376448
SPY,2021-04-07,2021-04-07T16:00:00-04:00,406.57,2021-04-30,23.0,0.06301369863013699,392.0,call,16.62,16.76,16.84,60,,0.1751,0.79738,0.01536,0.29359,-0.10799,0.20197,spy_options_2021.parquet,6376449
SPY,2021-04-07,2021-04-07T16:00:00-04:00,406.57,2021-04-30,23.0,0.06301369863013699,392.0,put,2.01,2.04,2.11,462,,0.17279,-0.19818,0.01547,0.29112,-0.10497,-0.05349,spy_options_2021.parquet,6376449
SPY,2021-04-07,2021-04-07T16:00:00-04:00,406.57,2021-04-30,23.0,0.06301369863013699,392.5,call,16.2,16.34,16.2,3,,0.17479,0.79072,0.01581,0.29916,-0.10908,0.20106,spy_options_2021.parquet,6376450
SPY,2021-04-07,2021-04-07T16:00:00-04:00,406.57,2021-04-30,23.0,0.06301369863013699,392.5,put,2.07,2.1,2.11,425,,0.1703,-0.20398,0.01596,0.29625,-0.10514,-0.05537,spy_options_2021.parquet,6376450
SPY,2021-04-07,2021-04-07T16:00:00-04:00,406.57,2021-04-30,23.0,0.06301369863013699,393.0,call,15.65,15.95,15.92,4,,0.17156,0.78592,0.01626,0.30383,-0.10957,0.19995,spy_options_2021.parquet,6376451
SPY,2021-04-07,2021-04-07T16:00:00-04:00,406.57,2021-04-30,23.0,0.06301369863013699,393.0,put,2.13,2.16,2.25,323,,0.16926,-0.21019,0.01637,0.30113,-0.10622,-0.05682,spy_options_2021.parquet,6376451
SPY,2021-04-07,2021-04-07T16:00:00-04:00,406.57,2021-04-30,23.0,0.06301369863013699,394.0,call,14.9,15.01,15.06,10,,0.1696,0.77158,0.01712,0.31477,-0.11218,0.19637,spy_options_2021.parquet,6376452
SPY,2021-04-07,2021-04-07T16:00:00-04:00,406.57,2021-04-30,23.0,0.06301369863013699,394.0,put,2.26,2.28,2.33,278,,0.16616,-0.2233,0.0173,0.31204,-0.10809,-0.06066,spy_options_2021.parquet,6376452
SPY,2021-04-07,2021-04-07T16:00:00-04:00,406.57,2021-04-30,23.0,0.06301369863013699,395.0,call,14.04,14.17,13.82,52,,0.16612,0.75775,0.018,0.3252,-0.11306,0.19351,spy_options_2021.parquet,6376453
SPY,2021-04-07,2021-04-07T16:00:00-04:00,406.57,2021-04-30,23.0,0.06301369863013699,395.0,put,2.4,2.43,2.45,619,,0.16256,-0.23777,0.01821,0.32292,-0.10945,-0.06496,spy_options_2021.parquet,6376453
SPY,2021-04-07,2021-04-07T16:00:00-04:00,406.57,2021-04-30,23.0,0.06301369863013699,396.0,call,13.18,13.31,13.4,87,,0.1627,0.74317,0.01905,0.3363,-0.11413,0.1898,spy_options_2021.parquet,6376454
SPY,2021-04-07,2021-04-07T16:00:00-04:00,406.57,2021-04-30,23.0,0.06301369863013699,396.0,put,2.55,2.59,2.61,328,,0.15892,-0.25248,0.01925,0.33344,-0.11118,-0.06843,spy_options_2021.parquet,6376454
SPY,2021-04-07,2021-04-07T16:00:00-04:00,406.57,2021-04-30,23.0,0.06301369863013699,397.0,call,12.39,12.51,12.69,32,,0.16052,0.72608,0.01992,0.3472,-0.11729,0.18527,spy_options_2021.parquet,6376455
SPY,2021-04-07,2021-04-07T16:00:00-04:00,406.57,2021-04-30,23.0,0.06301369863013699,397.0,put,2.73,2.75,2.77,64,,0.15656,-0.26958,0.02027,0.3448,-0.11292,-0.07323,spy_options_2021.parquet,6376455
SPY,2021-04-07,2021-04-07T16:00:00-04:00,406.57,2021-04-30,23.0,0.06301369863013699,397.5,call,11.98,12.1,12.36,0,,0.15868,0.71747,0.02042,0.35284,-0.11763,0.18343,spy_options_2021.parquet,6376456
SPY,2021-04-07,2021-04-07T16:00:00-04:00,406.57,2021-04-30,23.0,0.06301369863013699,397.5,put,2.82,2.85,2.85,75,,0.15532,-0.27813,0.02076,0.3497,-0.11382,-0.07525,spy_options_2021.parquet,6376456
SPY,2021-04-07,2021-04-07T16:00:00-04:00,406.57,2021-04-30,23.0,0.06301369863013699,398.0,call,11.57,11.69,11.8,35,,0.1567,0.70848,0.02097,0.35762,-0.11774,0.18206,spy_options_2021.parquet,6376457
SPY,2021-04-07,2021-04-07T16:00:00-04:00,406.57,2021-04-30,23.0,0.06301369863013699,398.0,put,2.9,2.92,2.89,115,,0.15318,-0.28683,0.02136,0.35481,-0.11364,-0.07768,spy_options_2021.parquet,6376457
SPY,2021-04-07,2021-04-07T16:00:00-04:00,406.57,2021-04-30,23.0,0.06301369863013699,399.0,call,10.78,10.9,10.52,20,,0.15387,0.68985,0.02195,0.36812,-0.11948,0.17711,spy_options_2021.parquet,6376458
SPY,2021-04-07,2021-04-07T16:00:00-04:00,406.57,2021-04-30,23.0,0.06301369863013699,399.0,put,3.1,3.14,3.22,372,,0.14977,-0.30611,0.02247,0.36572,-0.11527,-0.08251,spy_options_2021.parquet,6376458
SPY,2021-04-07,2021-04-07T16:00:00-04:00,406.57,2021-04-30,23.0,0.06301369863013699,400.0,call,9.96,10.07,10.05,74,,0.15016,0.6712,0.02311,0.37728,-0.11926,0.17226,spy_options_2021.parquet,6376459
SPY,2021-04-07,2021-04-07T16:00:00-04:00,406.57,2021-04-30,23.0,0.06301369863013699,400.0,put,3.32,3.35,3.33,1819,,0.147,-0.32543,0.02354,0.37579,-0.11589,-0.08815,spy_options_2021.parquet,6376459
SPY,2021-04-07,2021-04-07T16:00:00-04:00,406.57,2021-04-30,23.0,0.06301369863013699,401.0,call,9.19,9.31,8.83,70,,0.1465,0.6499,0.02425,0.38563,-0.11959,0.16784,spy_options_2021.parquet,6376460
SPY,2021-04-07,2021-04-07T16:00:00-04:00,406.57,2021-04-30,23.0,0.06301369863013699,401.0,put,3.54,3.59,3.54,6,,0.14402,-0.34749,0.02465,0.38485,-0.11663,-0.09411,spy_options_2021.parquet,6376460
SPY,2021-04-07,2021-04-07T16:00:00-04:00,406.57,2021-04-30,23.0,0.06301369863013699,402.0,call,8.46,8.5,8.65,348,,0.14349,0.62828,0.02531,0.39461,-0.11849,0.16222,spy_options_2021.parquet,6376461
SPY,2021-04-07,2021-04-07T16:00:00-04:00,406.57,2021-04-30,23.0,0.06301369863013699,402.0,put,3.79,3.82,3.89,2073,,0.14006,-0.36939,0.02578,0.3937,-0.11581,-0.09945,spy_options_2021.parquet,6376461
SPY,2021-04-07,2021-04-07T16:00:00-04:00,406.57,2021-04-30,23.0,0.06301369863013699,402.5,call,8.1,8.14,8.1,66,,0.14179,0.61577,0.02583,0.39846,-0.11869,0.15929,spy_options_2021.parquet,6376462
SPY,2021-04-07,2021-04-07T16:00:00-04:00,406.57,2021-04-30,23.0,0.06301369863013699,402.5,put,3.95,3.98,4.05,81,,0.13959,-0.38239,0.02621,0.39738,-0.11623,-0.10292,spy_options_2021.parquet,6376462
SPY,2021-04-07,2021-04-07T16:00:00-04:00,406.57,2021-04-30,23.0,0.06301369863013699,403.0,call,7.78,7.82,7.89,120,,0.14095,0.60318,0.0262,0.4018,-0.11949,0.15634,spy_options_2021.parquet,6376463
SPY,2021-04-07,2021-04-07T16:00:00-04:00,406.57,2021-04-30,23.0,0.06301369863013699,403.0,put,4.09,4.13,4.1,146,,0.13837,-0.39509,0.02669,0.40176,-0.11655,-0.1063,spy_options_2021.parquet,6376463
SPY,2021-04-07,2021-04-07T16:00:00-04:00,406.57,2021-04-30,23.0,0.06301369863013699,404.0,call,7.05,7.09,7.15,153,,0.13714,0.57838,0.02735,0.40755,-0.11833,0.15016,spy_options_2021.parquet,6376464
SPY,2021-04-07,2021-04-07T16:00:00-04:00,406.57,2021-04-30,23.0,0.06301369863013699,404.0,put,4.37,4.41,4.44,107,,0.13446,-0.42015,0.02785,0.40732,-0.11534,-0.113,spy_options_2021.parquet,6376464
SPY,2021-04-07,2021-04-07T16:00:00-04:00,406.57,2021-04-30,23.0,0.06301369863013699,405.0,call,6.42,6.47,6.4,455,,0.13574,0.55139,0.02801,0.41226,-0.11732,0.14265,spy_options_2021.parquet,6376465
SPY,2021-04-07,2021-04-07T16:00:00-04:00,406.57,2021-04-30,23.0,0.06301369863013699,405.0,put,4.73,4.77,4.78,1681,,0.13254,-0.44791,0.02864,0.41233,-0.11475,-0.11953,spy_options_2021.parquet,6376465
SPY,2021-04-07,2021-04-07T16:00:00-04:00,406.57,2021-04-30,23.0,0.06301369863013699,406.0,call,5.78,5.8,5.81,730,,0.13234,0.52312,0.02887,0.41463,-0.11544,0.136,spy_options_2021.parquet,6376466
SPY,2021-04-07,2021-04-07T16:00:00-04:00,406.57,2021-04-30,23.0,0.06301369863013699,406.0,put,5.07,5.11,5.17,560,,0.12935,-0.47648,0.02949,0.4146,-0.11296,-0.127,spy_options_2021.parquet,6376466
SPY,2021-04-07,2021-04-07T16:00:00-04:00,406.57,2021-04-30,23.0,0.06301369863013699,407.5,call,4.88,4.92,4.88,811,,0.12831,0.47918,0.02975,0.41547,-0.11262,0.12452,spy_options_2021.parquet,6376467
SPY,2021-04-07,2021-04-07T16:00:00-04:00,406.57,2021-04-30,23.0,0.06301369863013699,407.5,put,5.7,5.75,5.88,296,,0.12643,-0.5216,0.03032,0.41557,-0.11038,-0.13891,spy_options_2021.parquet,6376467
SPY,2021-04-07,2021-04-07T16:00:00-04:00,406.57,2021-04-30,23.0,0.06301369863013699,409.0,call,4.1,4.12,4.09,281,,0.12527,0.43293,0.03007,0.41008,-0.10808,0.11256,spy_options_2021.parquet,6376468
SPY,2021-04-07,2021-04-07T16:00:00-04:00,406.57,2021-04-30,23.0,0.06301369863013699,409.0,put,6.39,6.44,6.49,74,,0.12264,-0.56877,0.03074,0.40998,-0.10525,-0.1502,spy_options_2021.parquet,6376468
SPY,2021-04-07,2021-04-07T16:00:00-04:00,406.57,2021-04-30,23.0,0.06301369863013699,410.0,call,3.6,3.65,3.62,7903,,0.12378,0.402,0.03003,0.40281,-0.10487,0.10529,spy_options_2021.parquet,6376469
SPY,2021-04-07,2021-04-07T16:00:00-04:00,406.57,2021-04-30,23.0,0.06301369863013699,410.0,put,6.92,6.97,7.02,448,,0.121,-0.60089,0.03059,0.40294,-0.10268,-0.15705,spy_options_2021.parquet,6376469
SPY,2021-04-07,2021-04-07T16:00:00-04:00,406.57,2021-04-30,23.0,0.06301369863013699,411.0,call,3.16,3.2,3.09,740,,0.12181,0.37038,0.02978,0.39376,-0.10092,0.09635,spy_options_2021.parquet,6376470
SPY,2021-04-07,2021-04-07T16:00:00-04:00,406.57,2021-04-30,23.0,0.06301369863013699,411.0,put,7.51,7.55,7.78,244,,0.11948,-0.63208,0.03007,0.3933,-0.09909,-0.16358,spy_options_2021.parquet,6376470
SPY,2021-04-07,2021-04-07T16:00:00-04:00,406.57,2021-04-30,23.0,0.06301369863013699,412.5,call,2.59,2.61,2.51,491,,0.11936,0.32423,0.02884,0.37438,-0.09442,0.08463,spy_options_2021.parquet,6376471
SPY,2021-04-07,2021-04-07T16:00:00-04:00,406.57,2021-04-30,23.0,0.06301369863013699,412.5,put,8.36,8.49,9.22,5,,0.11709,-0.67965,0.02927,0.37305,-0.0917,-0.17335,spy_options_2021.parquet,6376471
SPY,2021-04-07,2021-04-07T16:00:00-04:00,406.57,2021-04-30,23.0,0.06301369863013699,414.0,call,2.1,2.12,2.08,46,,0.11783,0.27995,0.02727,0.35086,-0.08682,0.07344,spy_options_2021.parquet,6376472
SPY,2021-04-07,2021-04-07T16:00:00-04:00,406.57,2021-04-30,23.0,0.06301369863013699,414.0,put,9.33,9.47,9.92,30,,0.11481,-0.72639,0.02777,0.34786,-0.08311,-0.18193,spy_options_2021.parquet,6376472
SPY,2021-04-07,2021-04-07T16:00:00-04:00,406.57,2021-04-30,23.0,0.06301369863013699,415.0,call,1.8,1.82,1.73,453,,0.11732,0.25168,0.02616,0.33208,-0.08131,0.06624,spy_options_2021.parquet,6376473
SPY,2021-04-07,2021-04-07T16:00:00-04:00,406.57,2021-04-30,23.0,0.06301369863013699,415.0,put,10.04,10.22,10.37,4,,0.11387,-0.75358,0.02636,0.32918,-0.0787,-0.18556,spy_options_2021.parquet,6376473
SPY,2021-04-07,2021-04-07T16:00:00-04:00,406.57,2021-04-30,23.0,0.06301369863013699,417.5,call,1.24,1.26,1.22,891,,0.11635,0.19075,0.0225,0.28362,-0.06829,0.04953,spy_options_2021.parquet,6376474
SPY,2021-04-07,2021-04-07T16:00:00-04:00,406.57,2021-04-30,23.0,0.06301369863013699,417.5,put,11.87,12.25,13.16,0,,0.11219,-0.81673,0.0222,0.27657,-0.06417,-0.19,spy_options_2021.parquet,6376474
SPY,2021-04-07,2021-04-07T16:00:00-04:00,406.57,2021-04-30,23.0,0.06301369863013699,420.0,call,0.83,0.85,0.82,956,,0.11499,0.13918,0.01839,0.23149,-0.05548,0.03686,spy_options_2021.parquet,6376475
SPY,2021-04-07,2021-04-07T16:00:00-04:00,406.57,2021-04-30,23.0,0.06301369863013699,420.0,put,14.0,14.29,14.66,0,,0.11052,-0.86925,0.01744,0.22223,-0.05091,-0.1838,spy_options_2021.parquet,6376475
SPY,2021-04-07,2021-04-07T16:00:00-04:00,406.57,2021-04-30,23.0,0.06301369863013699,422.5,call,0.55,0.57,0.54,55,,0.11589,0.09999,0.01458,0.1826,-0.04387,0.02606,spy_options_2021.parquet,6376476
SPY,2021-04-07,2021-04-07T16:00:00-04:00,406.57,2021-04-30,23.0,0.06301369863013699,422.5,put,16.26,16.55,16.99,0,,0.11208,-0.90215,0.01292,0.1794,-0.04108,-0.17058,spy_options_2021.parquet,6376476
SPY,2021-04-07,2021-04-07T16:00:00-04:00,406.57,2021-04-30,23.0,0.06301369863013699,425.0,call,0.37,0.38,0.38,983,,0.11671,0.07081,0.01113,0.14068,-0.03363,0.01844,spy_options_2021.parquet,6376477
SPY,2021-04-07,2021-04-07T16:00:00-04:00,406.57,2021-04-30,23.0,0.06301369863013699,425.0,put,18.52,18.84,19.19,0,,0.11012,-0.92988,0.00801,0.13646,-0.03126,-0.14145,spy_options_2021.parquet,6376477
SPY,2021-04-07,2021-04-07T16:00:00-04:00,406.57,2021-04-30,23.0,0.06301369863013699,430.0,call,0.17,0.18,0.18,301,,0.11975,0.03566,0.00625,0.08198,-0.0201,0.00911,spy_options_2021.parquet,6376478
SPY,2021-04-07,2021-04-07T16:00:00-04:00,406.57,2021-04-30,23.0,0.06301369863013699,430.0,put,23.29,23.71,23.27,0,,0.11927,-0.94541,0.00212,0.10849,-0.02733,-0.08938,spy_options_2021.parquet,6376478
SPY,2021-04-07,2021-04-07T16:00:00-04:00,406.57,2021-04-30,23.0,0.06301369863013699,435.0,call,0.09,0.1,0.1,157,,0.12726,0.02027,0.00366,0.05041,-0.01229,0.00478,spy_options_2021.parquet,6376479
SPY,2021-04-07,2021-04-07T16:00:00-04:00,406.57,2021-04-30,23.0,0.06301369863013699,435.0,put,28.26,28.62,41.23,8,,0.13697,-0.94493,0.00021,0.1076,-0.00995,-0.06909,spy_options_2021.parquet,6376479
SPY,2021-04-07,2021-04-07T16:00:00-04:00,406.57,2021-04-30,23.0,0.06301369863013699,440.0,call,0.05,0.06,0.06,24,,0.13463,0.01103,0.00212,0.0315,-0.00838,0.00337,spy_options_2021.parquet,6376480
SPY,2021-04-07,2021-04-07T16:00:00-04:00,406.57,2021-04-30,23.0,0.06301369863013699,440.0,put,33.21,33.65,33.78,1,,0.00046,-1.0,0.0,0.0,0.0,0.0,spy_options_2021.parquet,6376480
SPY,2021-04-07,2021-04-07T16:00:00-04:00,406.57,2021-04-30,23.0,0.06301369863013699,445.0,call,0.03,0.04,0.05,100,,0.14339,0.00719,0.00135,0.0207,-0.00592,0.00169,spy_options_2021.parquet,6376481
SPY,2021-04-07,2021-04-07T16:00:00-04:00,406.57,2021-04-30,23.0,0.06301369863013699,445.0,put,38.15,38.58,0.0,,,,-1.0,0.0,0.0,0.0,0.0,spy_options_2021.parquet,6376481
SPY,2021-04-07,2021-04-07T16:00:00-04:00,406.57,2021-04-30,23.0,0.06301369863013699,450.0,call,0.02,0.03,0.03,5,,0.15328,0.0052,0.00095,0.01528,-0.00425,0.00137,spy_options_2021.parquet,6376482
SPY,2021-04-07,2021-04-07T16:00:00-04:00,406.57,2021-04-30,23.0,0.06301369863013699,450.0,put,43.2,43.55,62.48,10,,,-1.0,0.0,0.0,0.0,0.0,spy_options_2021.parquet,6376482
SPY,2021-04-07,2021-04-07T16:00:00-04:00,406.57,2021-04-30,23.0,0.06301369863013699,455.0,call,0.02,0.03,0.03,0,,0.16726,0.0042,0.00073,0.01359,-0.00477,0.00086,spy_options_2021.parquet,6376483
SPY,2021-04-07,2021-04-07T16:00:00-04:00,406.57,2021-04-30,23.0,0.06301369863013699,455.0,put,48.2,48.59,48.51,4,,,-1.0,0.0,0.0,0.0,0.0,spy_options_2021.parquet,6376483
SPY,2021-04-07,2021-04-07T16:00:00-04:00,406.57,2021-04-30,23.0,0.06301369863013699,460.0,call,0.01,0.02,0.02,234,,0.17258,0.00281,0.00047,0.00883,-0.00325,0.00054,spy_options_2021.parquet,6376484
SPY,2021-04-07,2021-04-07T16:00:00-04:00,406.57,2021-04-30,23.0,0.06301369863013699,460.0,put,53.19,53.56,0.0,,,,-1.0,0.0,0.0,0.0,0.0,spy_options_2021.parquet,6376484
SPY,2021-04-07,2021-04-07T16:00:00-04:00,406.57,2021-04-30,23.0,0.06301369863013699,465.0,call,0.0,0.01,0.02,0,,0.16897,0.0006,0.00021,0.00349,-0.00114,-0.00014,spy_options_2021.parquet,6376485
SPY,2021-04-07,2021-04-07T16:00:00-04:00,406.57,2021-04-30,23.0,0.06301369863013699,465.0,put,58.2,58.59,0.0,,,,-1.0,0.0,0.0,0.0,0.0,spy_options_2021.parquet,6376485
SPY,2021-04-07,2021-04-07T16:00:00-04:00,406.57,2021-04-30,23.0,0.06301369863013699,470.0,call,0.0,0.01,0.02,20,,0.18123,0.00093,0.00012,0.00377,-0.00155,-0.00023,spy_options_2021.parquet,6376486
SPY,2021-04-07,2021-04-07T16:00:00-04:00,406.57,2021-04-30,23.0,0.06301369863013699,470.0,put,63.2,63.58,0.0,,,,-1.0,0.0,0.0,0.0,0.0,spy_options_2021.parquet,6376486
SPY,2021-04-07,2021-04-07T16:00:00-04:00,406.57,2021-04-30,23.0,0.06301369863013699,475.0,call,0.0,0.01,0.02,0,,0.19294,0.00116,0.00019,0.00329,-0.00078,0.0007,spy_options_2021.parquet,6376487
SPY,2021-04-07,2021-04-07T16:00:00-04:00,406.57,2021-04-30,23.0,0.06301369863013699,475.0,put,68.2,68.58,69.17,22,,,-1.0,0.0,0.0,0.0,0.0,spy_options_2021.parquet,6376487
SPY,2021-04-07,2021-04-07T16:00:00-04:00,406.57,2021-04-30,23.0,0.06301369863013699,480.0,call,0.0,0.01,0.01,0,,0.20545,0.00131,0.00013,0.00268,-0.00126,0.00053,spy_options_2021.parquet,6376488
SPY,2021-04-07,2021-04-07T16:00:00-04:00,406.57,2021-04-30,23.0,0.06301369863013699,480.0,put,73.19,73.61,0.0,,,,-1.0,0.0,0.0,0.0,0.0,spy_options_2021.parquet,6376488
SPY,2021-04-07,2021-04-07T16:00:00-04:00,406.57,2021-04-30,23.0,0.06301369863013699,485.0,call,0.0,0.01,0.0,,,0.21697,0.00099,0.00013,0.00295,-0.00156,-0.00019,spy_options_2021.parquet,6376489
SPY,2021-04-07,2021-04-07T16:00:00-04:00,406.57,2021-04-30,23.0,0.06301369863013699,485.0,put,78.2,78.58,0.0,,,,-1.0,0.0,0.0,0.0,0.0,spy_options_2021.parquet,6376489
SPY,2021-04-07,2021-04-07T16:00:00-04:00,406.57,2021-05-03,26.0,0.07123287671232877,275.0,call,131.17,131.98,0.0,,,0.42324,1.0,5e-05,0.00122,-0.00058,0.20342,spy_options_2021.parquet,6376497
SPY,2021-04-07,2021-04-07T16:00:00-04:00,406.57,2021-05-03,26.0,0.07123287671232877,275.0,put,0.04,0.05,0.0,,,0.5261,-0.00231,0.0001,0.00819,-0.00823,-0.00094,spy_options_2021.parquet,6376497
SPY,2021-04-07,2021-04-07T16:00:00-04:00,406.57,2021-05-03,26.0,0.07123287671232877,280.0,call,126.18,126.98,0.0,,,0.432,0.99899,1e-05,0.00201,-0.00193,0.20682,spy_options_2021.parquet,6376498
SPY,2021-04-07,2021-04-07T16:00:00-04:00,406.57,2021-05-03,26.0,0.07123287671232877,280.0,put,0.04,0.05,0.0,,,0.50351,-0.00288,0.00018,0.00863,-0.00826,-0.00047,spy_options_2021.parquet,6376498
SPY,2021-04-07,2021-04-07T16:00:00-04:00,406.57,2021-05-03,26.0,0.07123287671232877,285.0,call,121.31,122.02,0.0,,,0.52038,0.9947,0.00027,0.01543,-0.01421,0.20957,spy_options_2021.parquet,6376499
SPY,2021-04-07,2021-04-07T16:00:00-04:00,406.57,2021-05-03,26.0,0.07123287671232877,285.0,put,0.05,0.06,0.09,3,,0.49159,-0.0034,0.00014,0.01035,-0.0091,-0.00084,spy_options_2021.parquet,6376499
SPY,2021-04-07,2021-04-07T16:00:00-04:00,406.57,2021-05-03,26.0,0.07123287671232877,290.0,call,116.32,117.0,0.0,,,0.49362,0.99537,0.0003,0.0155,-0.01379,0.21316,spy_options_2021.parquet,6376500
SPY,2021-04-07,2021-04-07T16:00:00-04:00,406.57,2021-05-03,26.0,0.07123287671232877,290.0,put,0.05,0.06,0.16,10,,0.47,-0.00339,0.00024,0.01145,-0.00924,-0.00113,spy_options_2021.parquet,6376500
SPY,2021-04-07,2021-04-07T16:00:00-04:00,406.57,2021-05-03,26.0,0.07123287671232877,295.0,call,111.33,112.04,0.0,,,0.48577,0.99387,0.00029,0.01913,-0.01697,0.21647,spy_options_2021.parquet,6376501
SPY,2021-04-07,2021-04-07T16:00:00-04:00,406.57,2021-05-03,26.0,0.07123287671232877,295.0,put,0.06,0.07,0.09,0,,0.45553,-0.00397,0.00019,0.01356,-0.01097,-0.00108,spy_options_2021.parquet,6376501
SPY,2021-04-07,2021-04-07T16:00:00-04:00,406.57,2021-05-03,26.0,0.07123287671232877,300.0,call,106.22,107.02,0.0,,,0.42,0.99711,0.00022,0.01088,-0.00856,0.22086,spy_options_2021.parquet,6376502
SPY,2021-04-07,2021-04-07T16:00:00-04:00,406.57,2021-05-03,26.0,0.07123287671232877,300.0,put,0.07,0.08,0.08,15,,0.44111,-0.00452,0.00025,0.01509,-0.0121,-0.00121,spy_options_2021.parquet,6376502
SPY,2021-04-07,2021-04-07T16:00:00-04:00,406.57,2021-05-03,26.0,0.07123287671232877,305.0,call,101.22,102.23,0.0,,,0.45677,0.99138,0.00051,0.02652,-0.02101,0.2224,spy_options_2021.parquet,6376503
SPY,2021-04-07,2021-04-07T16:00:00-04:00,406.57,2021-05-03,26.0,0.07123287671232877,305.0,put,0.08,0.09,0.11,10,,0.42514,-0.00559,0.00035,0.01779,-0.01287,-0.00153,spy_options_2021.parquet,6376503
SPY,2021-04-07,2021-04-07T16:00:00-04:00,406.57,2021-05-03,26.0,0.07123287671232877,310.0,call,96.23,97.24,0.0,,,0.43661,0.9905,0.00056,0.0285,-0.02192,0.22586,spy_options_2021.parquet,6376504
SPY,2021-04-07,2021-04-07T16:00:00-04:00,406.57,2021-05-03,26.0,0.07123287671232877,310.0,put,0.09,0.1,0.19,3,,0.40933,-0.00643,0.00042,0.0193,-0.01408,-0.00183,spy_options_2021.parquet,6376504
SPY,2021-04-07,2021-04-07T16:00:00-04:00,406.57,2021-05-03,26.0,0.07123287671232877,315.0,call,91.24,92.25,0.0,,,0.41762,0.98982,0.00061,0.0311,-0.02316,0.22986,spy_options_2021.parquet,6376505
SPY,2021-04-07,2021-04-07T16:00:00-04:00,406.57,2021-05-03,26.0,0.07123287671232877,315.0,put,0.1,0.11,0.15,1,,0.39196,-0.00724,0.00045,0.02206,-0.01486,-0.00265,spy_options_2021.parquet,6376505
SPY,2021-04-07,2021-04-07T16:00:00-04:00,406.57,2021-05-03,26.0,0.07123287671232877,320.0,call,86.27,87.07,0.0,,,0.36698,0.99306,0.00044,0.0218,-0.01466,0.23447,spy_options_2021.parquet,6376506
SPY,2021-04-07,2021-04-07T16:00:00-04:00,406.57,2021-05-03,26.0,0.07123287671232877,320.0,put,0.12,0.13,0.13,59,,0.37827,-0.00846,0.00059,0.02591,-0.01732,-0.00301,spy_options_2021.parquet,6376506
SPY,2021-04-07,2021-04-07T16:00:00-04:00,406.57,2021-05-03,26.0,0.07123287671232877,325.0,call,81.29,82.11,0.0,,,0.35718,0.99028,0.00061,0.02758,-0.01751,0.23757,spy_options_2021.parquet,6376507
SPY,2021-04-07,2021-04-07T16:00:00-04:00,406.57,2021-05-03,26.0,0.07123287671232877,325.0,put,0.13,0.14,0.17,1,,0.36054,-0.00949,0.00062,0.02914,-0.01798,-0.00318,spy_options_2021.parquet,6376507
SPY,2021-04-07,2021-04-07T16:00:00-04:00,406.57,2021-05-03,26.0,0.07123287671232877,330.0,call,76.31,77.11,0.0,,,0.33954,0.99001,0.00072,0.03038,-0.01872,0.24062,spy_options_2021.parquet,6376508
SPY,2021-04-07,2021-04-07T16:00:00-04:00,406.57,2021-05-03,26.0,0.07123287671232877,330.0,put,0.16,0.17,0.18,37,,0.34803,-0.01224,0.0008,0.0348,-0.02176,-0.00381,spy_options_2021.parquet,6376508
SPY,2021-04-07,2021-04-07T16:00:00-04:00,406.57,2021-05-03,26.0,0.07123287671232877,335.0,call,71.34,72.13,0.0,,,0.32495,0.98767,0.00087,0.03611,-0.02096,0.24383,spy_options_2021.parquet,6376509
SPY,2021-04-07,2021-04-07T16:00:00-04:00,406.57,2021-05-03,26.0,0.07123287671232877,335.0,put,0.18,0.19,0.21,24,,0.33117,-0.01407,0.00097,0.04,-0.02349,-0.00462,spy_options_2021.parquet,6376509
SPY,2021-04-07,2021-04-07T16:00:00-04:00,406.57,2021-05-03,26.0,0.07123287671232877,340.0,call,66.38,67.4,0.0,,,0.33529,0.97786,0.00141,0.05866,-0.03555,0.24409,spy_options_2021.parquet,6376510
SPY,2021-04-07,2021-04-07T16:00:00-04:00,406.57,2021-05-03,26.0,0.07123287671232877,340.0,put,0.21,0.22,0.21,2,,0.31509,-0.01668,0.00119,0.04604,-0.0258,-0.00494,spy_options_2021.parquet,6376510
SPY,2021-04-07,2021-04-07T16:00:00-04:00,406.57,2021-05-03,26.0,0.07123287671232877,345.0,call,61.55,62.22,62.49,0,,0.31102,0.97665,0.00162,0.06152,-0.035,0.24776,spy_options_2021.parquet,6376511
SPY,2021-04-07,2021-04-07T16:00:00-04:00,406.57,2021-05-03,26.0,0.07123287671232877,345.0,put,0.25,0.26,0.33,0,,0.30101,-0.02012,0.00145,0.05405,-0.02952,-0.00665,spy_options_2021.parquet,6376511
SPY,2021-04-07,2021-04-07T16:00:00-04:00,406.57,2021-05-03,26.0,0.07123287671232877,350.0,call,56.48,57.49,0.0,,,0.30196,0.96885,0.00214,0.07748,-0.0422,0.24919,spy_options_2021.parquet,6376512
SPY,2021-04-07,2021-04-07T16:00:00-04:00,406.57,2021-05-03,26.0,0.07123287671232877,350.0,put,0.31,0.32,0.32,11,,0.28789,-0.02505,0.00186,0.06624,-0.0344,-0.00768,spy_options_2021.parquet,6376512
SPY,2021-04-07,2021-04-07T16:00:00-04:00,406.57,2021-05-03,26.0,0.07123287671232877,355.0,call,51.53,52.54,0.0,,,0.28309,0.96395,0.00257,0.08768,-0.04491,0.25086,spy_options_2021.parquet,6376513
SPY,2021-04-07,2021-04-07T16:00:00-04:00,406.57,2021-05-03,26.0,0.07123287671232877,355.0,put,0.37,0.38,0.39,10,,0.27271,-0.03085,0.00237,0.07821,-0.03793,-0.00953,spy_options_2021.parquet,6376513
SPY,2021-04-07,2021-04-07T16:00:00-04:00,406.57,2021-05-03,26.0,0.07123287671232877,360.0,call,46.65,47.64,46.9,4,,0.27003,0.9552,0.00323,0.10495,-0.05177,0.25207,spy_options_2021.parquet,6376514
SPY,2021-04-07,2021-04-07T16:00:00-04:00,406.57,2021-05-03,26.0,0.07123287671232877,360.0,put,0.46,0.47,0.48,66,,0.25943,-0.03905,0.00295,0.09437,-0.04381,-0.01191,spy_options_2021.parquet,6376514
SPY,2021-04-07,2021-04-07T16:00:00-04:00,406.57,2021-05-03,26.0,0.07123287671232877,365.0,call,41.77,42.75,0.0,,,0.25498,0.9442,0.00402,0.12408,-0.05818,0.25252,spy_options_2021.parquet,6376515
SPY,2021-04-07,2021-04-07T16:00:00-04:00,406.57,2021-05-03,26.0,0.07123287671232877,365.0,put,0.57,0.58,0.59,5,,0.24514,-0.04962,0.00373,0.1134,-0.05106,-0.0154,spy_options_2021.parquet,6376515
SPY,2021-04-07,2021-04-07T16:00:00-04:00,406.57,2021-05-03,26.0,0.07123287671232877,370.0,call,36.91,37.89,36.56,1,,0.23907,0.93125,0.005,0.14716,-0.06446,0.25254,spy_options_2021.parquet,6376516
SPY,2021-04-07,2021-04-07T16:00:00-04:00,406.57,2021-05-03,26.0,0.07123287671232877,370.0,put,0.72,0.74,0.74,23,,0.23224,-0.06415,0.00486,0.13873,-0.05908,-0.02003,spy_options_2021.parquet,6376516
SPY,2021-04-07,2021-04-07T16:00:00-04:00,406.57,2021-05-03,26.0,0.07123287671232877,375.0,call,32.58,32.73,26.2,11,,0.22787,0.90969,0.00647,0.17992,-0.07552,0.24964,spy_options_2021.parquet,6376517
SPY,2021-04-07,2021-04-07T16:00:00-04:00,406.57,2021-05-03,26.0,0.07123287671232877,375.0,put,0.92,0.93,0.93,32,,0.21821,-0.08257,0.00624,0.16868,-0.06755,-0.02488,spy_options_2021.parquet,6376517
SPY,2021-04-07,2021-04-07T16:00:00-04:00,406.57,2021-05-03,26.0,0.07123287671232877,380.0,call,27.84,27.99,28.1,1,,0.21207,0.88516,0.00822,0.21394,-0.08346,0.24551,spy_options_2021.parquet,6376518
SPY,2021-04-07,2021-04-07T16:00:00-04:00,406.57,2021-05-03,26.0,0.07123287671232877,380.0,put,1.17,1.19,1.27,70,,0.20467,-0.10623,0.00819,0.2037,-0.0765,-0.03262,spy_options_2021.parquet,6376518
SPY,2021-04-07,2021-04-07T16:00:00-04:00,406.57,2021-05-03,26.0,0.07123287671232877,385.0,call,22.7,23.68,22.93,2,,0.19351,0.85589,0.01062,0.25106,-0.08938,0.24017,spy_options_2021.parquet,6376519
SPY,2021-04-07,2021-04-07T16:00:00-04:00,406.57,2021-05-03,26.0,0.07123287671232877,385.0,put,1.51,1.54,1.63,271,,0.19004,-0.13982,0.01062,0.24595,-0.08607,-0.04301,spy_options_2021.parquet,6376519
SPY,2021-04-07,2021-04-07T16:00:00-04:00,406.57,2021-05-03,26.0,0.07123287671232877,390.0,call,18.17,19.14,18.39,20,,0.17819,0.81131,0.01368,0.29871,-0.09864,0.22987,spy_options_2021.parquet,6376520
SPY,2021-04-07,2021-04-07T16:00:00-04:00,406.57,2021-05-03,26.0,0.07123287671232877,390.0,put,1.96,1.99,2.01,129,,0.17395,-0.18351,0.01374,0.29492,-0.09504,-0.0561,spy_options_2021.parquet,6376520
SPY,2021-04-07,2021-04-07T16:00:00-04:00,406.57,2021-05-03,26.0,0.07123287671232877,395.0,call,14.23,14.4,13.99,5,,0.16257,0.75023,0.01762,0.35116,-0.10695,0.21481,spy_options_2021.parquet,6376521
SPY,2021-04-07,2021-04-07T16:00:00-04:00,406.57,2021-05-03,26.0,0.07123287671232877,395.0,put,2.61,2.64,2.71,482,,0.15918,-0.24604,0.01789,0.34876,-0.10335,-0.0756,spy_options_2021.parquet,6376521
SPY,2021-04-07,2021-04-07T16:00:00-04:00,406.57,2021-05-03,26.0,0.07123287671232877,400.0,call,10.18,10.33,10.14,212,,0.14691,0.66569,0.02234,0.40262,-0.1107,0.19238,spy_options_2021.parquet,6376522
SPY,2021-04-07,2021-04-07T16:00:00-04:00,406.57,2021-05-03,26.0,0.07123287671232877,400.0,put,3.55,3.59,3.58,262,,0.1445,-0.332,0.02274,0.40157,-0.10863,-0.10078,spy_options_2021.parquet,6376522
SPY,2021-04-07,2021-04-07T16:00:00-04:00,406.57,2021-05-03,26.0,0.07123287671232877,405.0,call,6.67,6.74,6.5,125,,0.13413,0.54982,0.02676,0.43778,-0.10909,0.15993,spy_options_2021.parquet,6376523
SPY,2021-04-07,2021-04-07T16:00:00-04:00,406.57,2021-05-03,26.0,0.07123287671232877,405.0,put,4.96,5.03,5.0,789,,0.13056,-0.44942,0.02739,0.43755,-0.10627,-0.13571,spy_options_2021.parquet,6376523
SPY,2021-04-07,2021-04-07T16:00:00-04:00,406.57,2021-05-03,26.0,0.07123287671232877,410.0,call,3.86,3.91,3.84,932,,0.12239,0.40703,0.02861,0.42882,-0.09843,0.11925,spy_options_2021.parquet,6376524
SPY,2021-04-07,2021-04-07T16:00:00-04:00,406.57,2021-05-03,26.0,0.07123287671232877,410.0,put,7.13,7.24,7.35,572,,0.12003,-0.59564,0.02931,0.42854,-0.0951,-0.17592,spy_options_2021.parquet,6376524
SPY,2021-04-07,2021-04-07T16:00:00-04:00,406.57,2021-05-03,26.0,0.07123287671232877,415.0,call,1.97,2.01,1.95,413,,0.11532,0.26146,0.02547,0.35956,-0.07732,0.07756,spy_options_2021.parquet,6376525
SPY,2021-04-07,2021-04-07T16:00:00-04:00,406.57,2021-05-03,26.0,0.07123287671232877,415.0,put,10.23,10.39,11.02,31,,0.11285,-0.74323,0.02566,0.35677,-0.07493,-0.20722,spy_options_2021.parquet,6376525
SPY,2021-04-07,2021-04-07T16:00:00-04:00,406.57,2021-05-03,26.0,0.07123287671232877,420.0,call,0.93,0.96,0.94,618,,0.11316,0.1489,0.01853,0.2559,-0.0536,0.04365,spy_options_2021.parquet,6376526
SPY,2021-04-07,2021-04-07T16:00:00-04:00,406.57,2021-05-03,26.0,0.07123287671232877,420.0,put,13.81,14.76,14.34,0,,0.11008,-0.85605,0.01783,0.25134,-0.0503,-0.21015,spy_options_2021.parquet,6376526
SPY,2021-04-07,2021-04-07T16:00:00-04:00,406.57,2021-05-03,26.0,0.07123287671232877,425.0,call,0.44,0.45,0.47,76,,0.11454,0.07866,0.01169,0.16248,-0.03416,0.02353,spy_options_2021.parquet,6376527
SPY,2021-04-07,2021-04-07T16:00:00-04:00,406.57,2021-05-03,26.0,0.07123287671232877,425.0,put,18.28,19.26,19.19,1,,0.10965,-0.92146,0.00926,0.1604,-0.03222,-0.17224,spy_options_2021.parquet,6376527
SPY,2021-04-07,2021-04-07T16:00:00-04:00,406.57,2021-05-03,26.0,0.07123287671232877,430.0,call,0.21,0.22,0.21,99,,0.11714,0.04106,0.0068,0.09817,-0.02071,0.01237,spy_options_2021.parquet,6376528
SPY,2021-04-07,2021-04-07T16:00:00-04:00,406.57,2021-05-03,26.0,0.07123287671232877,430.0,put,23.44,23.79,0.0,,,0.12184,-0.93791,0.00445,0.12951,-0.02902,-0.13429,spy_options_2021.parquet,6376528
SPY,2021-04-07,2021-04-07T16:00:00-04:00,406.57,2021-05-03,26.0,0.07123287671232877,435.0,call,0.11,0.12,0.17,0,,0.12365,0.02334,0.00394,0.06004,-0.01323,0.00688,spy_options_2021.parquet,6376529
SPY,2021-04-07,2021-04-07T16:00:00-04:00,406.57,2021-05-03,26.0,0.07123287671232877,435.0,put,27.97,28.98,0.0,,,0.13296,-0.94405,0.00096,0.11561,-0.0279,-0.08995,spy_options_2021.parquet,6376529
SPY,2021-04-07,2021-04-07T16:00:00-04:00,406.57,2021-05-03,26.0,0.07123287671232877,440.0,call,0.06,0.07,0.07,49,,0.1296,0.01314,0.00237,0.03719,-0.00878,0.00422,spy_options_2021.parquet,6376530
SPY,2021-04-07,2021-04-07T16:00:00-04:00,406.57,2021-05-03,26.0,0.07123287671232877,440.0,put,32.92,33.94,0.0,,,-5e-05,-1.0,0.0,0.0,0.0,0.0,spy_options_2021.parquet,6376530
SPY,2021-04-07,2021-04-07T16:00:00-04:00,406.57,2021-05-03,26.0,0.07123287671232877,445.0,call,0.03,0.04,0.05,10,,0.13498,0.00681,0.00135,0.02256,-0.00531,0.00216,spy_options_2021.parquet,6376531
SPY,2021-04-07,2021-04-07T16:00:00-04:00,406.57,2021-05-03,26.0,0.07123287671232877,445.0,put,37.9,38.92,0.0,,,,-1.0,0.0,0.0,0.0,0.0,spy_options_2021.parquet,6376531
SPY,2021-04-07,2021-04-07T16:00:00-04:00,406.57,2021-05-03,26.0,0.07123287671232877,450.0,call,0.02,0.03,0.04,4,,0.14437,0.00505,0.00097,0.01576,-0.00361,0.00197,spy_options_2021.parquet,6376532
SPY,2021-04-07,2021-04-07T16:00:00-04:00,406.57,2021-05-03,26.0,0.07123287671232877,450.0,put,42.9,43.91,0.0,,,,-1.0,0.0,0.0,0.0,0.0,spy_options_2021.parquet,6376532
SPY,2021-04-07,2021-04-07T16:00:00-04:00,406.57,2021-05-03,26.0,0.07123287671232877,455.0,call,0.01,0.02,0.03,1,,0.15004,0.00347,0.00052,0.01014,-0.00292,0.00086,spy_options_2021.parquet,6376533
SPY,2021-04-07,2021-04-07T16:00:00-04:00,406.57,2021-05-03,26.0,0.07123287671232877,455.0,put,47.89,48.91,0.0,,,,-1.0,0.0,0.0,0.0,0.0,spy_options_2021.parquet,6376533
SPY,2021-04-07,2021-04-07T16:00:00-04:00,406.57,2021-05-03,26.0,0.07123287671232877,460.0,call,0.01,0.02,0.02,1,,0.16292,0.00232,0.00045,0.00924,-0.00266,0.00121,spy_options_2021.parquet,6376534
SPY,2021-04-07,2021-04-07T16:00:00-04:00,406.57,2021-05-03,26.0,0.07123287671232877,460.0,put,52.89,53.89,0.0,,,,-1.0,0.0,0.0,0.0,0.0,spy_options_2021.parquet,6376534
SPY,2021-04-07,2021-04-07T16:00:00-04:00,406.57,2021-05-03,26.0,0.07123287671232877,465.0,call,0.01,0.02,0.02,0,,0.17551,0.00218,0.0004,0.00865,-0.00271,0.00072,spy_options_2021.parquet,6376535
SPY,2021-04-07,2021-04-07T16:00:00-04:00,406.57,2021-05-03,26.0,0.07123287671232877,465.0,put,57.89,58.9,0.0,,,,-1.0,0.0,0.0,0.0,0.0,spy_options_2021.parquet,6376535
SPY,2021-04-07,2021-04-07T16:00:00-04:00,406.57,2021-05-03,26.0,0.07123287671232877,470.0,call,0.0,0.01,0.01,1,,0.17048,0.00126,0.00017,0.00382,-0.00077,0.00067,spy_options_2021.parquet,6376536
SPY,2021-04-07,2021-04-07T16:00:00-04:00,406.57,2021-05-03,26.0,0.07123287671232877,470.0,put,62.89,63.86,0.0,,,,-1.0,0.0,0.0,0.0,0.0,spy_options_2021.parquet,6376536
SPY,2021-04-07,2021-04-07T16:00:00-04:00,406.57,2021-05-03,26.0,0.07123287671232877,475.0,call,0.0,0.01,0.02,20,,0.18255,0.00061,0.00019,0.00323,-0.00065,4e-05,spy_options_2021.parquet,6376537
SPY,2021-04-07,2021-04-07T16:00:00-04:00,406.57,2021-05-03,26.0,0.07123287671232877,475.0,put,67.89,68.9,0.0,,,,-1.0,0.0,0.0,0.0,0.0,spy_options_2021.parquet,6376537
SPY,2021-04-07,2021-04-07T16:00:00-04:00,406.57,2021-05-03,26.0,0.07123287671232877,480.0,call,0.0,0.01,0.0,,,0.19303,0.00127,0.00011,0.00317,-0.00107,0.00072,spy_options_2021.parquet,6376538
SPY,2021-04-07,2021-04-07T16:00:00-04:00,406.57,2021-05-03,26.0,0.07123287671232877,480.0,put,72.89,73.89,0.0,,,,-1.0,0.0,0.0,0.0,0.0,spy_options_2021.parquet,6376538
SPY,2021-04-07,2021-04-07T16:00:00-04:00,406.57,2021-05-03,26.0,0.07123287671232877,485.0,call,0.0,0.01,0.01,0,,0.20427,0.00039,0.0001,0.00351,-0.00067,0.00061,spy_options_2021.parquet,6376539
SPY,2021-04-07,2021-04-07T16:00:00-04:00,406.57,2021-05-03,26.0,0.07123287671232877,485.0,put,77.89,78.89,0.0,,,,-1.0,0.0,0.0,0.0,0.0,spy_options_2021.parquet,6376539
SPY,2021-04-07,2021-04-07T16:00:00-04:00,406.57,2021-05-05,28.0,0.07671232876712329,275.0,call,131.27,132.1,0.0,,,0.56018,0.99442,0.00025,0.01781,-0.01633,0.21608,spy_options_2021.parquet,6376545
SPY,2021-04-07,2021-04-07T16:00:00-04:00,406.57,2021-05-05,28.0,0.07671232876712329,275.0,put,0.05,0.06,0.0,,,0.51744,-0.00261,0.00017,0.01085,-0.00837,-0.00073,spy_options_2021.parquet,6376545
SPY,2021-04-07,2021-04-07T16:00:00-04:00,406.57,2021-05-05,28.0,0.07671232876712329,280.0,call,126.27,127.11,0.0,,,0.53952,0.99437,0.00022,0.01868,-0.01615,0.22046,spy_options_2021.parquet,6376546
SPY,2021-04-07,2021-04-07T16:00:00-04:00,406.57,2021-05-05,28.0,0.07671232876712329,280.0,put,0.05,0.06,0.0,,,0.4956,-0.00335,0.00019,0.01101,-0.009,-0.00134,spy_options_2021.parquet,6376546
SPY,2021-04-07,2021-04-07T16:00:00-04:00,406.57,2021-05-05,28.0,0.07671232876712329,285.0,call,121.28,122.11,0.0,,,0.51855,0.99381,0.00027,0.02,-0.01708,0.22449,spy_options_2021.parquet,6376547
SPY,2021-04-07,2021-04-07T16:00:00-04:00,406.57,2021-05-05,28.0,0.07671232876712329,285.0,put,0.06,0.07,0.0,,,0.48252,-0.00331,0.0002,0.01222,-0.01005,-0.00081,spy_options_2021.parquet,6376547
SPY,2021-04-07,2021-04-07T16:00:00-04:00,406.57,2021-05-05,28.0,0.07671232876712329,290.0,call,116.29,117.13,0.0,,,0.50294,0.99309,0.00038,0.02208,-0.01838,0.22756,spy_options_2021.parquet,6376548
SPY,2021-04-07,2021-04-07T16:00:00-04:00,406.57,2021-05-05,28.0,0.07671232876712329,290.0,put,0.07,0.08,0.11,2,,0.46829,-0.00406,0.00026,0.01461,-0.01116,-0.00166,spy_options_2021.parquet,6376548
SPY,2021-04-07,2021-04-07T16:00:00-04:00,406.57,2021-05-05,28.0,0.07671232876712329,295.0,call,111.31,112.14,0.0,,,0.48543,0.99197,0.0004,0.02463,-0.02006,0.23135,spy_options_2021.parquet,6376549
SPY,2021-04-07,2021-04-07T16:00:00-04:00,406.57,2021-05-05,28.0,0.07671232876712329,295.0,put,0.08,0.09,0.11,1,,0.45328,-0.00509,0.00024,0.01713,-0.01281,-0.00195,spy_options_2021.parquet,6376549
SPY,2021-04-07,2021-04-07T16:00:00-04:00,406.57,2021-05-05,28.0,0.07671232876712329,300.0,call,106.32,107.15,0.0,,,0.46696,0.99162,0.00041,0.02725,-0.02135,0.23503,spy_options_2021.parquet,6376550
SPY,2021-04-07,2021-04-07T16:00:00-04:00,406.57,2021-05-05,28.0,0.07671232876712329,300.0,put,0.09,0.1,0.12,0,,0.43756,-0.00523,0.00032,0.01925,-0.01322,-0.0015,spy_options_2021.parquet,6376550
SPY,2021-04-07,2021-04-07T16:00:00-04:00,406.57,2021-05-05,28.0,0.07671232876712329,305.0,call,101.35,102.2,0.0,,,0.45705,0.98876,0.00058,0.03243,-0.02549,0.23854,spy_options_2021.parquet,6376551
SPY,2021-04-07,2021-04-07T16:00:00-04:00,406.57,2021-05-05,28.0,0.07671232876712329,305.0,put,0.1,0.11,0.12,20,,0.42096,-0.00606,0.00041,0.02144,-0.01465,-0.0025,spy_options_2021.parquet,6376551
SPY,2021-04-07,2021-04-07T16:00:00-04:00,406.57,2021-05-05,28.0,0.07671232876712329,310.0,call,96.35,97.18,0.0,,,0.43127,0.98857,0.00062,0.03256,-0.024,0.24278,spy_options_2021.parquet,6376552
SPY,2021-04-07,2021-04-07T16:00:00-04:00,406.57,2021-05-05,28.0,0.07671232876712329,310.0,put,0.11,0.12,0.13,46,,0.40329,-0.00706,0.0004,0.02317,-0.0158,-0.00252,spy_options_2021.parquet,6376552
SPY,2021-04-07,2021-04-07T16:00:00-04:00,406.57,2021-05-05,28.0,0.07671232876712329,315.0,call,91.36,92.2,0.0,,,0.41353,0.9876,0.00067,0.0368,-0.02527,0.24578,spy_options_2021.parquet,6376553
SPY,2021-04-07,2021-04-07T16:00:00-04:00,406.57,2021-05-05,28.0,0.07671232876712329,315.0,put,0.13,0.14,0.14,105,,0.39027,-0.00903,0.00058,0.02711,-0.01729,-0.00271,spy_options_2021.parquet,6376553
SPY,2021-04-07,2021-04-07T16:00:00-04:00,406.57,2021-05-05,28.0,0.07671232876712329,320.0,call,86.38,87.25,0.0,,,0.39918,0.98514,0.00075,0.04175,-0.02828,0.24919,spy_options_2021.parquet,6376554
SPY,2021-04-07,2021-04-07T16:00:00-04:00,406.57,2021-05-05,28.0,0.07671232876712329,320.0,put,0.15,0.16,0.2,41,,0.37578,-0.01058,0.00065,0.03122,-0.01916,-0.00378,spy_options_2021.parquet,6376554
SPY,2021-04-07,2021-04-07T16:00:00-04:00,406.57,2021-05-05,28.0,0.07671232876712329,325.0,call,81.42,82.27,0.0,,,0.38323,0.98325,0.00093,0.04761,-0.03046,0.25275,spy_options_2021.parquet,6376555
SPY,2021-04-07,2021-04-07T16:00:00-04:00,406.57,2021-05-05,28.0,0.07671232876712329,325.0,put,0.17,0.18,0.19,28,,0.3596,-0.01171,0.00078,0.03543,-0.02107,-0.00362,spy_options_2021.parquet,6376555
SPY,2021-04-07,2021-04-07T16:00:00-04:00,406.57,2021-05-05,28.0,0.07671232876712329,330.0,call,76.45,77.3,0.0,,,0.36588,0.98064,0.00115,0.05331,-0.03273,0.2557,spy_options_2021.parquet,6376556
SPY,2021-04-07,2021-04-07T16:00:00-04:00,406.57,2021-05-05,28.0,0.07671232876712329,330.0,put,0.19,0.2,0.2,41,,0.34353,-0.01342,0.00092,0.04033,-0.02249,-0.00423,spy_options_2021.parquet,6376556
SPY,2021-04-07,2021-04-07T16:00:00-04:00,406.57,2021-05-05,28.0,0.07671232876712329,335.0,call,71.48,72.33,0.0,,,0.3486,0.97861,0.00127,0.0596,-0.03465,0.25838,spy_options_2021.parquet,6376557
SPY,2021-04-07,2021-04-07T16:00:00-04:00,406.57,2021-05-05,28.0,0.07671232876712329,335.0,put,0.22,0.23,0.25,10,,0.32867,-0.01656,0.0011,0.04655,-0.02594,-0.00507,spy_options_2021.parquet,6376557
SPY,2021-04-07,2021-04-07T16:00:00-04:00,406.57,2021-05-05,28.0,0.07671232876712329,340.0,call,66.52,67.37,0.0,,,0.33215,0.97528,0.00151,0.0675,-0.03767,0.26161,spy_options_2021.parquet,6376558
SPY,2021-04-07,2021-04-07T16:00:00-04:00,406.57,2021-05-05,28.0,0.07671232876712329,340.0,put,0.26,0.27,0.31,0,,0.31415,-0.01934,0.00128,0.05471,-0.02892,-0.00608,spy_options_2021.parquet,6376558
SPY,2021-04-07,2021-04-07T16:00:00-04:00,406.57,2021-05-05,28.0,0.07671232876712329,345.0,call,61.57,62.42,0.0,,,0.31569,0.97079,0.00181,0.07613,-0.04067,0.26366,spy_options_2021.parquet,6376559
SPY,2021-04-07,2021-04-07T16:00:00-04:00,406.57,2021-05-05,28.0,0.07671232876712329,345.0,put,0.31,0.32,0.35,5,,0.29982,-0.02354,0.00166,0.0647,-0.03214,-0.0083,spy_options_2021.parquet,6376559
SPY,2021-04-07,2021-04-07T16:00:00-04:00,406.57,2021-05-05,28.0,0.07671232876712329,350.0,call,56.63,57.47,0.0,,,0.29891,0.96619,0.00218,0.0871,-0.04361,0.26608,spy_options_2021.parquet,6376560
SPY,2021-04-07,2021-04-07T16:00:00-04:00,406.57,2021-05-05,28.0,0.07671232876712329,350.0,put,0.37,0.38,0.38,1007,,0.28624,-0.02894,0.002,0.07602,-0.03636,-0.00938,spy_options_2021.parquet,6376560
SPY,2021-04-07,2021-04-07T16:00:00-04:00,406.57,2021-05-05,28.0,0.07671232876712329,355.0,call,51.71,52.55,0.0,,,0.28399,0.95915,0.00275,0.10101,-0.04894,0.2686,spy_options_2021.parquet,6376561
SPY,2021-04-07,2021-04-07T16:00:00-04:00,406.57,2021-05-05,28.0,0.07671232876712329,355.0,put,0.45,0.46,0.46,4,,0.27274,-0.0358,0.00255,0.09043,-0.04128,-0.01192,spy_options_2021.parquet,6376561
SPY,2021-04-07,2021-04-07T16:00:00-04:00,406.57,2021-05-05,28.0,0.07671232876712329,360.0,call,46.83,47.65,0.0,,,0.26946,0.94988,0.00338,0.11818,-0.05458,0.2694,spy_options_2021.parquet,6376562
SPY,2021-04-07,2021-04-07T16:00:00-04:00,406.57,2021-05-05,28.0,0.07671232876712329,360.0,put,0.54,0.56,0.6,10,,0.25837,-0.04453,0.00319,0.10705,-0.04669,-0.01494,spy_options_2021.parquet,6376562
SPY,2021-04-07,2021-04-07T16:00:00-04:00,406.57,2021-05-05,28.0,0.07671232876712329,365.0,call,41.96,42.78,0.0,,,0.25409,0.93862,0.00413,0.13959,-0.06048,0.26918,spy_options_2021.parquet,6376563
SPY,2021-04-07,2021-04-07T16:00:00-04:00,406.57,2021-05-05,28.0,0.07671232876712329,365.0,put,0.67,0.69,0.73,20,,0.24576,-0.05588,0.00398,0.12935,-0.05347,-0.01825,spy_options_2021.parquet,6376563
SPY,2021-04-07,2021-04-07T16:00:00-04:00,406.57,2021-05-05,28.0,0.07671232876712329,370.0,call,37.13,37.94,0.0,,,0.23964,0.9237,0.00526,0.16436,-0.06668,0.26808,spy_options_2021.parquet,6376564
SPY,2021-04-07,2021-04-07T16:00:00-04:00,406.57,2021-05-05,28.0,0.07671232876712329,370.0,put,0.84,0.86,0.84,36,,0.23244,-0.06999,0.0051,0.15498,-0.06162,-0.02313,spy_options_2021.parquet,6376564
SPY,2021-04-07,2021-04-07T16:00:00-04:00,406.57,2021-05-05,28.0,0.07671232876712329,375.0,call,32.35,33.15,0.0,,,0.2244,0.90465,0.00658,0.19341,-0.07492,0.26598,spy_options_2021.parquet,6376565
SPY,2021-04-07,2021-04-07T16:00:00-04:00,406.57,2021-05-05,28.0,0.07671232876712329,375.0,put,1.06,1.08,1.08,17,,0.21852,-0.08948,0.00644,0.18618,-0.06972,-0.02958,spy_options_2021.parquet,6376565
SPY,2021-04-07,2021-04-07T16:00:00-04:00,406.57,2021-05-05,28.0,0.07671232876712329,380.0,call,27.63,28.43,28.03,2,,0.20948,0.87975,0.00837,0.22977,-0.08281,0.26202,spy_options_2021.parquet,6376566
SPY,2021-04-07,2021-04-07T16:00:00-04:00,406.57,2021-05-05,28.0,0.07671232876712329,380.0,put,1.34,1.37,1.44,1232,,0.20469,-0.11485,0.00826,0.22356,-0.07885,-0.03812,spy_options_2021.parquet,6376566
SPY,2021-04-07,2021-04-07T16:00:00-04:00,406.57,2021-05-05,28.0,0.07671232876712329,385.0,call,23.01,23.79,22.67,0,,0.1945,0.84642,0.01062,0.27138,-0.09103,0.25521,spy_options_2021.parquet,6376567
SPY,2021-04-07,2021-04-07T16:00:00-04:00,406.57,2021-05-05,28.0,0.07671232876712329,385.0,put,1.71,1.73,1.74,130,,0.19093,-0.14918,0.01066,0.26597,-0.08683,-0.0487,spy_options_2021.parquet,6376567
SPY,2021-04-07,2021-04-07T16:00:00-04:00,406.57,2021-05-05,28.0,0.07671232876712329,390.0,call,18.49,19.29,19.12,5,,0.17941,0.80221,0.01356,0.31903,-0.09877,0.24417,spy_options_2021.parquet,6376568
SPY,2021-04-07,2021-04-07T16:00:00-04:00,406.57,2021-05-05,28.0,0.07671232876712329,390.0,put,2.2,2.23,2.25,363,,0.17562,-0.19347,0.01359,0.31582,-0.09579,-0.06347,spy_options_2021.parquet,6376568
SPY,2021-04-07,2021-04-07T16:00:00-04:00,406.57,2021-05-05,28.0,0.07671232876712329,395.0,call,14.55,14.69,14.4,1,,0.16521,0.74035,0.01715,0.37154,-0.10606,0.22759,spy_options_2021.parquet,6376569
SPY,2021-04-07,2021-04-07T16:00:00-04:00,406.57,2021-05-05,28.0,0.07671232876712329,395.0,put,2.87,2.91,2.93,66,,0.16103,-0.25519,0.01738,0.36865,-0.10227,-0.08384,spy_options_2021.parquet,6376569
SPY,2021-04-07,2021-04-07T16:00:00-04:00,406.57,2021-05-05,28.0,0.07671232876712329,400.0,call,10.43,10.69,10.6,18,,0.14949,0.65811,0.0214,0.42032,-0.10927,0.20379,spy_options_2021.parquet,6376570
SPY,2021-04-07,2021-04-07T16:00:00-04:00,406.57,2021-05-05,28.0,0.07671232876712329,400.0,put,3.84,3.88,3.95,118,,0.14686,-0.33859,0.02183,0.41899,-0.10654,-0.11102,spy_options_2021.parquet,6376570
SPY,2021-04-07,2021-04-07T16:00:00-04:00,406.57,2021-05-05,28.0,0.07671232876712329,405.0,call,6.93,7.03,6.85,31,,0.13536,0.54792,0.0256,0.45387,-0.10703,0.17106,spy_options_2021.parquet,6376571
SPY,2021-04-07,2021-04-07T16:00:00-04:00,406.57,2021-05-05,28.0,0.07671232876712329,405.0,put,5.27,5.32,5.38,530,,0.13231,-0.45131,0.02601,0.45408,-0.10406,-0.14595,spy_options_2021.parquet,6376571
SPY,2021-04-07,2021-04-07T16:00:00-04:00,406.57,2021-05-05,28.0,0.07671232876712329,410.0,call,4.15,4.19,3.89,108,,0.12515,0.4124,0.0273,0.44613,-0.09641,0.12974,spy_options_2021.parquet,6376572
SPY,2021-04-07,2021-04-07T16:00:00-04:00,406.57,2021-05-05,28.0,0.07671232876712329,410.0,put,7.4,7.51,8.14,122,,0.12136,-0.59032,0.02794,0.44534,-0.09359,-0.18742,spy_options_2021.parquet,6376572
SPY,2021-04-07,2021-04-07T16:00:00-04:00,406.57,2021-05-05,28.0,0.07671232876712329,415.0,call,2.2,2.23,2.12,210,,0.11779,0.27266,0.02478,0.38075,-0.07745,0.08617,spy_options_2021.parquet,6376573
SPY,2021-04-07,2021-04-07T16:00:00-04:00,406.57,2021-05-05,28.0,0.07671232876712329,415.0,put,10.29,10.69,10.69,19,,0.11379,-0.73411,0.02509,0.37684,-0.07373,-0.22082,spy_options_2021.parquet,6376573
SPY,2021-04-07,2021-04-07T16:00:00-04:00,406.57,2021-05-05,28.0,0.07671232876712329,420.0,call,1.09,1.11,1.11,665,,0.11494,0.16134,0.01857,0.27986,-0.05514,0.05143,spy_options_2021.parquet,6376574
SPY,2021-04-07,2021-04-07T16:00:00-04:00,406.57,2021-05-05,28.0,0.07671232876712329,420.0,put,14.32,14.81,15.21,1,,0.11633,-0.83381,0.01815,0.28636,-0.05758,-0.22862,spy_options_2021.parquet,6376574
SPY,2021-04-07,2021-04-07T16:00:00-04:00,406.57,2021-05-05,28.0,0.07671232876712329,425.0,call,0.52,0.54,0.53,286,,0.11513,0.08851,0.01218,0.18325,-0.0362,0.02849,spy_options_2021.parquet,6376575
SPY,2021-04-07,2021-04-07T16:00:00-04:00,406.57,2021-05-05,28.0,0.07671232876712329,425.0,put,18.44,19.25,21.51,10,,0.11019,-0.91365,0.01007,0.17853,-0.03304,-0.194,spy_options_2021.parquet,6376575
SPY,2021-04-07,2021-04-07T16:00:00-04:00,406.57,2021-05-05,28.0,0.07671232876712329,430.0,call,0.26,0.27,0.31,25,,0.11768,0.04739,0.00734,0.11406,-0.02314,0.01521,spy_options_2021.parquet,6376576
SPY,2021-04-07,2021-04-07T16:00:00-04:00,406.57,2021-05-05,28.0,0.07671232876712329,430.0,put,23.17,24.02,24.46,0,,0.11604,-0.93974,0.00408,0.13076,-0.02565,-0.13923,spy_options_2021.parquet,6376576
SPY,2021-04-07,2021-04-07T16:00:00-04:00,406.57,2021-05-05,28.0,0.07671232876712329,435.0,call,0.14,0.15,0.15,33,,0.12367,0.02685,0.00444,0.07176,-0.01534,0.00844,spy_options_2021.parquet,6376577
SPY,2021-04-07,2021-04-07T16:00:00-04:00,406.57,2021-05-05,28.0,0.07671232876712329,435.0,put,28.08,28.92,29.95,2,,0.12975,-0.94397,0.00141,0.1214,-0.02662,-0.1051,spy_options_2021.parquet,6376577
SPY,2021-04-07,2021-04-07T16:00:00-04:00,406.57,2021-05-05,28.0,0.07671232876712329,440.0,call,0.08,0.09,0.08,14,,0.1302,0.01654,0.00268,0.04603,-0.01012,0.00478,spy_options_2021.parquet,6376578
SPY,2021-04-07,2021-04-07T16:00:00-04:00,406.57,2021-05-05,28.0,0.07671232876712329,440.0,put,33.03,33.86,0.0,,,0.14748,-0.94314,0.00026,0.12086,-0.01458,-0.08677,spy_options_2021.parquet,6376578
SPY,2021-04-07,2021-04-07T16:00:00-04:00,406.57,2021-05-05,28.0,0.07671232876712329,445.0,call,0.04,0.05,0.05,15,,0.13373,0.00923,0.0016,0.02725,-0.00625,0.00257,spy_options_2021.parquet,6376579
SPY,2021-04-07,2021-04-07T16:00:00-04:00,406.57,2021-05-05,28.0,0.07671232876712329,445.0,put,37.97,38.82,0.0,,,,-1.0,0.0,0.0,0.0,0.0,spy_options_2021.parquet,6376579
SPY,2021-04-07,2021-04-07T16:00:00-04:00,406.57,2021-05-05,28.0,0.07671232876712329,450.0,call,0.03,0.04,0.05,0,,0.14415,0.00616,0.00112,0.02165,-0.00542,0.00252,spy_options_2021.parquet,6376580
SPY,2021-04-07,2021-04-07T16:00:00-04:00,406.57,2021-05-05,28.0,0.07671232876712329,450.0,put,42.96,43.81,46.56,1,,,-1.0,0.0,0.0,0.0,0.0,spy_options_2021.parquet,6376580
SPY,2021-04-07,2021-04-07T16:00:00-04:00,406.57,2021-05-05,28.0,0.07671232876712329,455.0,call,0.02,0.03,0.03,4,,0.15198,0.00444,0.00075,0.01572,-0.00385,0.00177,spy_options_2021.parquet,6376581
SPY,2021-04-07,2021-04-07T16:00:00-04:00,406.57,2021-05-05,28.0,0.07671232876712329,455.0,put,47.95,48.81,0.0,,,,-1.0,0.0,0.0,0.0,0.0,spy_options_2021.parquet,6376581
SPY,2021-04-07,2021-04-07T16:00:00-04:00,406.57,2021-05-05,28.0,0.07671232876712329,460.0,call,0.01,0.02,0.03,0,,0.15735,0.00241,0.00052,0.00985,-0.00262,0.00126,spy_options_2021.parquet,6376582
SPY,2021-04-07,2021-04-07T16:00:00-04:00,406.57,2021-05-05,28.0,0.07671232876712329,460.0,put,52.95,53.81,0.0,,,,-1.0,0.0,0.0,0.0,0.0,spy_options_2021.parquet,6376582
SPY,2021-04-07,2021-04-07T16:00:00-04:00,406.57,2021-05-05,28.0,0.07671232876712329,465.0,call,0.01,0.02,0.04,5,,0.16946,0.0028,0.00037,0.0094,-0.00286,0.00042,spy_options_2021.parquet,6376583
SPY,2021-04-07,2021-04-07T16:00:00-04:00,406.57,2021-05-05,28.0,0.07671232876712329,465.0,put,57.98,58.81,0.0,,,,-1.0,0.0,0.0,0.0,0.0,spy_options_2021.parquet,6376583
SPY,2021-04-07,2021-04-07T16:00:00-04:00,406.57,2021-05-05,28.0,0.07671232876712329,470.0,call,0.01,0.02,0.02,0,,0.18092,0.00252,0.00032,0.00856,-0.00228,0.0008,spy_options_2021.parquet,6376584
SPY,2021-04-07,2021-04-07T16:00:00-04:00,406.57,2021-05-05,28.0,0.07671232876712329,470.0,put,62.95,63.8,0.0,,,,-1.0,0.0,0.0,0.0,0.0,spy_options_2021.parquet,6376584
SPY,2021-04-07,2021-04-07T16:00:00-04:00,406.57,2021-05-05,28.0,0.07671232876712329,475.0,call,0.0,0.01,0.02,0,,0.17567,0.00141,0.00016,0.00316,-0.00097,0.00043,spy_options_2021.parquet,6376585
SPY,2021-04-07,2021-04-07T16:00:00-04:00,406.57,2021-05-05,28.0,0.07671232876712329,475.0,put,67.95,68.81,0.0,,,,-1.0,0.0,0.0,0.0,0.0,spy_options_2021.parquet,6376585
SPY,2021-04-07,2021-04-07T16:00:00-04:00,406.57,2021-05-05,28.0,0.07671232876712329,480.0,call,0.0,0.01,0.02,0,,0.18646,0.00048,0.00014,0.0034,-0.00071,0.00077,spy_options_2021.parquet,6376586
SPY,2021-04-07,2021-04-07T16:00:00-04:00,406.57,2021-05-05,28.0,0.07671232876712329,480.0,put,72.95,73.81,0.0,,,,-1.0,0.0,0.0,0.0,0.0,spy_options_2021.parquet,6376586
SPY,2021-04-07,2021-04-07T16:00:00-04:00,406.57,2021-05-05,28.0,0.07671232876712329,485.0,call,0.0,0.01,0.02,0,,0.19716,0.00091,0.00014,0.00319,-0.00082,0.00035,spy_options_2021.parquet,6376587
SPY,2021-04-07,2021-04-07T16:00:00-04:00,406.57,2021-05-05,28.0,0.07671232876712329,485.0,put,77.95,78.81,0.0,,,,-1.0,0.0,0.0,0.0,0.0,spy_options_2021.parquet,6376587
SPY,2021-04-07,2021-04-07T16:00:00-04:00,406.57,2021-05-07,30.0,0.0821917808219178,275.0,call,131.25,132.01,0.0,,,0.50342,0.99743,0.00016,0.01076,-0.0091,0.23198,spy_options_2021.parquet,6376603
SPY,2021-04-07,2021-04-07T16:00:00-04:00,406.57,2021-05-07,30.0,0.0821917808219178,275.0,put,0.06,0.07,0.15,103,,0.5095,-0.00388,0.0002,0.01185,-0.00925,-0.00104,spy_options_2021.parquet,6376603
SPY,2021-04-07,2021-04-07T16:00:00-04:00,406.57,2021-05-07,30.0,0.0821917808219178,280.0,call,126.26,127.02,0.0,,,0.48989,0.99686,0.00017,0.01302,-0.00994,0.23658,spy_options_2021.parquet,6376604
SPY,2021-04-07,2021-04-07T16:00:00-04:00,406.57,2021-05-07,30.0,0.0821917808219178,280.0,put,0.07,0.08,0.09,16,,0.49566,-0.00397,0.00024,0.01351,-0.01081,-0.0018,spy_options_2021.parquet,6376604
SPY,2021-04-07,2021-04-07T16:00:00-04:00,406.57,2021-05-07,30.0,0.0821917808219178,285.0,call,121.26,122.18,0.0,,,0.51335,0.99302,0.00031,0.02361,-0.01912,0.23902,spy_options_2021.parquet,6376605
SPY,2021-04-07,2021-04-07T16:00:00-04:00,406.57,2021-05-07,30.0,0.0821917808219178,285.0,put,0.08,0.09,0.1,0,,0.48066,-0.00461,0.00025,0.01617,-0.01197,-0.0019,spy_options_2021.parquet,6376605
SPY,2021-04-07,2021-04-07T16:00:00-04:00,406.57,2021-05-07,30.0,0.0821917808219178,290.0,call,116.28,117.04,0.0,,,0.46075,0.99511,0.00022,0.01685,-0.0124,0.24435,spy_options_2021.parquet,6376606
SPY,2021-04-07,2021-04-07T16:00:00-04:00,406.57,2021-05-07,30.0,0.0821917808219178,290.0,put,0.09,0.1,0.11,0,,0.46564,-0.00498,0.00026,0.01763,-0.0129,-0.00182,spy_options_2021.parquet,6376606
SPY,2021-04-07,2021-04-07T16:00:00-04:00,406.57,2021-05-07,30.0,0.0821917808219178,295.0,call,111.29,112.21,0.0,,,0.4794,0.99133,0.00039,0.02864,-0.02158,0.24705,spy_options_2021.parquet,6376607
SPY,2021-04-07,2021-04-07T16:00:00-04:00,406.57,2021-05-07,30.0,0.0821917808219178,295.0,put,0.1,0.11,0.11,31,,0.44945,-0.00583,0.0003,0.01995,-0.01344,-0.00243,spy_options_2021.parquet,6376607
SPY,2021-04-07,2021-04-07T16:00:00-04:00,406.57,2021-05-07,30.0,0.0821917808219178,300.0,call,106.3,107.22,0.0,,,0.46004,0.99009,0.00051,0.031,-0.02192,0.25075,spy_options_2021.parquet,6376608
SPY,2021-04-07,2021-04-07T16:00:00-04:00,406.57,2021-05-07,30.0,0.0821917808219178,300.0,put,0.11,0.12,0.12,76,,0.43284,-0.00631,0.00032,0.0223,-0.01463,-0.00204,spy_options_2021.parquet,6376608
SPY,2021-04-07,2021-04-07T16:00:00-04:00,406.57,2021-05-07,30.0,0.0821917808219178,305.0,call,101.32,102.24,0.0,,,0.44326,0.98917,0.00054,0.0344,-0.02408,0.2545,spy_options_2021.parquet,6376609
SPY,2021-04-07,2021-04-07T16:00:00-04:00,406.57,2021-05-07,30.0,0.0821917808219178,305.0,put,0.12,0.13,0.14,25,,0.41537,-0.0072,0.00046,0.02498,-0.01625,-0.00221,spy_options_2021.parquet,6376609
SPY,2021-04-07,2021-04-07T16:00:00-04:00,406.57,2021-05-07,30.0,0.0821917808219178,310.0,call,96.33,97.26,0.0,,,0.42515,0.98732,0.00061,0.03729,-0.02482,0.25914,spy_options_2021.parquet,6376610
SPY,2021-04-07,2021-04-07T16:00:00-04:00,406.57,2021-05-07,30.0,0.0821917808219178,310.0,put,0.14,0.15,0.14,157,,0.40196,-0.00925,0.00049,0.02858,-0.01716,-0.00361,spy_options_2021.parquet,6376610
SPY,2021-04-07,2021-04-07T16:00:00-04:00,406.57,2021-05-07,30.0,0.0821917808219178,315.0,call,91.37,92.19,0.0,,,0.39948,0.98773,0.00066,0.0371,-0.02363,0.26253,spy_options_2021.parquet,6376611
SPY,2021-04-07,2021-04-07T16:00:00-04:00,406.57,2021-05-07,30.0,0.0821917808219178,315.0,put,0.16,0.17,0.18,93,,0.3873,-0.00976,0.00061,0.0325,-0.01961,-0.00389,spy_options_2021.parquet,6376611
SPY,2021-04-07,2021-04-07T16:00:00-04:00,406.57,2021-05-07,30.0,0.0821917808219178,320.0,call,86.37,87.33,78.8,5,,0.39397,0.98444,0.00089,0.04738,-0.02929,0.26623,spy_options_2021.parquet,6376612
SPY,2021-04-07,2021-04-07T16:00:00-04:00,406.57,2021-05-07,30.0,0.0821917808219178,320.0,put,0.18,0.19,0.18,33,,0.37213,-0.0114,0.00068,0.0362,-0.0215,-0.00378,spy_options_2021.parquet,6376612
SPY,2021-04-07,2021-04-07T16:00:00-04:00,406.57,2021-05-07,30.0,0.0821917808219178,325.0,call,81.42,82.35,0.0,,,0.37837,0.98119,0.001,0.05377,-0.03231,0.26956,spy_options_2021.parquet,6376613
SPY,2021-04-07,2021-04-07T16:00:00-04:00,406.57,2021-05-07,30.0,0.0821917808219178,325.0,put,0.2,0.21,0.21,84,,0.35544,-0.01315,0.00078,0.04099,-0.02266,-0.00492,spy_options_2021.parquet,6376613
SPY,2021-04-07,2021-04-07T16:00:00-04:00,406.57,2021-05-07,30.0,0.0821917808219178,330.0,call,76.46,77.38,0.0,,,0.36259,0.97864,0.00122,0.06004,-0.03388,0.27251,spy_options_2021.parquet,6376614
SPY,2021-04-07,2021-04-07T16:00:00-04:00,406.57,2021-05-07,30.0,0.0821917808219178,330.0,put,0.23,0.24,0.24,31,,0.34068,-0.01623,0.001,0.0474,-0.02552,-0.00575,spy_options_2021.parquet,6376614
SPY,2021-04-07,2021-04-07T16:00:00-04:00,406.57,2021-05-07,30.0,0.0821917808219178,335.0,call,71.49,72.42,0.0,,,0.34546,0.97605,0.00141,0.06726,-0.0362,0.27602,spy_options_2021.parquet,6376615
SPY,2021-04-07,2021-04-07T16:00:00-04:00,406.57,2021-05-07,30.0,0.0821917808219178,335.0,put,0.27,0.28,0.27,16,,0.3274,-0.01922,0.00114,0.05531,-0.02762,-0.00714,spy_options_2021.parquet,6376615
SPY,2021-04-07,2021-04-07T16:00:00-04:00,406.57,2021-05-07,30.0,0.0821917808219178,340.0,call,66.52,67.44,0.0,,,0.32557,0.97372,0.00165,0.07286,-0.03799,0.27898,spy_options_2021.parquet,6376616
SPY,2021-04-07,2021-04-07T16:00:00-04:00,406.57,2021-05-07,30.0,0.0821917808219178,340.0,put,0.31,0.33,0.31,9,,0.31326,-0.02249,0.00146,0.06354,-0.03114,-0.0084,spy_options_2021.parquet,6376616
SPY,2021-04-07,2021-04-07T16:00:00-04:00,406.57,2021-05-07,30.0,0.0821917808219178,345.0,call,61.6,62.51,0.0,,,0.31233,0.9676,0.00194,0.08586,-0.04197,0.28174,spy_options_2021.parquet,6376617
SPY,2021-04-07,2021-04-07T16:00:00-04:00,406.57,2021-05-07,30.0,0.0821917808219178,345.0,put,0.37,0.38,0.41,12,,0.2991,-0.02676,0.00176,0.07371,-0.03474,-0.00982,spy_options_2021.parquet,6376617
SPY,2021-04-07,2021-04-07T16:00:00-04:00,406.57,2021-05-07,30.0,0.0821917808219178,350.0,call,56.67,57.58,0.0,,,0.29741,0.96216,0.00236,0.09788,-0.04667,0.28369,spy_options_2021.parquet,6376618
SPY,2021-04-07,2021-04-07T16:00:00-04:00,406.57,2021-05-07,30.0,0.0821917808219178,350.0,put,0.44,0.45,0.45,53,,0.28584,-0.03289,0.00215,0.08692,-0.039,-0.01115,spy_options_2021.parquet,6376618
SPY,2021-04-07,2021-04-07T16:00:00-04:00,406.57,2021-05-07,30.0,0.0821917808219178,355.0,call,51.75,52.49,40.72,4,,0.2733,0.95961,0.00268,0.1036,-0.04463,0.28715,spy_options_2021.parquet,6376619
SPY,2021-04-07,2021-04-07T16:00:00-04:00,406.57,2021-05-07,30.0,0.0821917808219178,355.0,put,0.52,0.54,0.55,34,,0.27157,-0.04011,0.00269,0.1015,-0.04398,-0.0143,spy_options_2021.parquet,6376619
SPY,2021-04-07,2021-04-07T16:00:00-04:00,406.57,2021-05-07,30.0,0.0821917808219178,360.0,call,46.83,47.75,47.6,5,,0.2641,0.94727,0.0034,0.12731,-0.05365,0.28687,spy_options_2021.parquet,6376620
SPY,2021-04-07,2021-04-07T16:00:00-04:00,406.57,2021-05-07,30.0,0.0821917808219178,360.0,put,0.64,0.65,0.64,286,,0.25877,-0.04873,0.00334,0.12069,-0.04985,-0.01775,spy_options_2021.parquet,6376620
SPY,2021-04-07,2021-04-07T16:00:00-04:00,406.57,2021-05-07,30.0,0.0821917808219178,365.0,call,42.02,42.92,42.38,6,,0.25265,0.93385,0.00435,0.15304,-0.0613,0.2858,spy_options_2021.parquet,6376621
SPY,2021-04-07,2021-04-07T16:00:00-04:00,406.57,2021-05-07,30.0,0.0821917808219178,365.0,put,0.78,0.79,0.78,629,,0.24486,-0.06101,0.00417,0.14343,-0.05619,-0.02143,spy_options_2021.parquet,6376621
SPY,2021-04-07,2021-04-07T16:00:00-04:00,406.57,2021-05-07,30.0,0.0821917808219178,367.5,call,39.62,40.51,39.93,8,,0.24569,0.92562,0.00484,0.16635,-0.06565,0.28523,spy_options_2021.parquet,6376622
SPY,2021-04-07,2021-04-07T16:00:00-04:00,406.57,2021-05-07,30.0,0.0821917808219178,367.5,put,0.87,0.88,0.95,192,,0.23898,-0.06797,0.00465,0.15722,-0.05961,-0.02393,spy_options_2021.parquet,6376622
SPY,2021-04-07,2021-04-07T16:00:00-04:00,406.57,2021-05-07,30.0,0.0821917808219178,370.0,call,37.22,38.11,37.75,1,,0.23837,0.91793,0.00532,0.1802,-0.06942,0.28424,spy_options_2021.parquet,6376623
SPY,2021-04-07,2021-04-07T16:00:00-04:00,406.57,2021-05-07,30.0,0.0821917808219178,370.0,put,0.97,0.98,0.99,359,,0.23211,-0.07644,0.00525,0.17103,-0.06294,-0.02748,spy_options_2021.parquet,6376623
SPY,2021-04-07,2021-04-07T16:00:00-04:00,406.57,2021-05-07,30.0,0.0821917808219178,372.5,call,34.83,35.72,35.05,2,,0.23142,0.90808,0.00605,0.1951,-0.07262,0.28384,spy_options_2021.parquet,6376624
SPY,2021-04-07,2021-04-07T16:00:00-04:00,406.57,2021-05-07,30.0,0.0821917808219178,372.5,put,1.08,1.09,1.11,5,,0.22584,-0.08564,0.0059,0.1871,-0.06682,-0.0306,spy_options_2021.parquet,6376624
SPY,2021-04-07,2021-04-07T16:00:00-04:00,406.57,2021-05-07,30.0,0.0821917808219178,375.0,call,32.6,33.25,33.21,0,,0.22546,0.89628,0.00677,0.21235,-0.07726,0.2815,spy_options_2021.parquet,6376625
SPY,2021-04-07,2021-04-07T16:00:00-04:00,406.57,2021-05-07,30.0,0.0821917808219178,375.0,put,1.21,1.22,1.23,312,,0.21887,-0.0965,0.00658,0.20397,-0.0718,-0.03424,spy_options_2021.parquet,6376625
SPY,2021-04-07,2021-04-07T16:00:00-04:00,406.57,2021-05-07,30.0,0.0821917808219178,377.0,call,30.99,31.15,0.0,,,0.22067,0.88555,0.00734,0.22882,-0.08147,0.27902,spy_options_2021.parquet,6376626
SPY,2021-04-07,2021-04-07T16:00:00-04:00,406.57,2021-05-07,30.0,0.0821917808219178,377.0,put,1.32,1.34,1.4,8,,0.21419,-0.10639,0.00728,0.21821,-0.07505,-0.03787,spy_options_2021.parquet,6376626
SPY,2021-04-07,2021-04-07T16:00:00-04:00,406.57,2021-05-07,30.0,0.0821917808219178,377.5,call,30.11,30.98,22.59,2,,0.21705,0.88612,0.00751,0.22899,-0.08034,0.28007,spy_options_2021.parquet,6376627
SPY,2021-04-07,2021-04-07T16:00:00-04:00,406.57,2021-05-07,30.0,0.0821917808219178,377.5,put,1.35,1.37,1.45,2,,0.21237,-0.10876,0.00743,0.2224,-0.07552,-0.03872,spy_options_2021.parquet,6376627
SPY,2021-04-07,2021-04-07T16:00:00-04:00,406.57,2021-05-07,30.0,0.0821917808219178,378.0,call,29.61,30.51,29.75,4,,0.21471,0.884,0.00765,0.23139,-0.08052,0.27983,spy_options_2021.parquet,6376628
SPY,2021-04-07,2021-04-07T16:00:00-04:00,406.57,2021-05-07,30.0,0.0821917808219178,378.0,put,1.38,1.4,1.53,4,,0.21054,-0.11191,0.00766,0.22653,-0.07631,-0.03998,spy_options_2021.parquet,6376628
SPY,2021-04-07,2021-04-07T16:00:00-04:00,406.57,2021-05-07,30.0,0.0821917808219178,379.0,call,29.12,29.27,23.14,1,,0.21474,0.87492,0.00806,0.24376,-0.08486,0.27685,spy_options_2021.parquet,6376629
SPY,2021-04-07,2021-04-07T16:00:00-04:00,406.57,2021-05-07,30.0,0.0821917808219178,379.0,put,1.45,1.46,1.47,13,,0.2086,-0.11714,0.00801,0.23374,-0.07787,-0.04123,spy_options_2021.parquet,6376629
SPY,2021-04-07,2021-04-07T16:00:00-04:00,406.57,2021-05-07,30.0,0.0821917808219178,380.0,call,28.19,28.34,28.88,0,,0.21243,0.86923,0.00839,0.2513,-0.08608,0.2759,spy_options_2021.parquet,6376630
SPY,2021-04-07,2021-04-07T16:00:00-04:00,406.57,2021-05-07,30.0,0.0821917808219178,380.0,put,1.51,1.53,1.56,357,,0.20537,-0.1235,0.00837,0.24224,-0.0796,-0.04394,spy_options_2021.parquet,6376630
SPY,2021-04-07,2021-04-07T16:00:00-04:00,406.57,2021-05-07,30.0,0.0821917808219178,381.0,call,26.84,27.69,27.0,4,,0.20676,0.86629,0.00885,0.2557,-0.08474,0.27626,spy_options_2021.parquet,6376631
SPY,2021-04-07,2021-04-07T16:00:00-04:00,406.57,2021-05-07,30.0,0.0821917808219178,381.0,put,1.58,1.6,1.64,117,,0.20202,-0.12892,0.00874,0.24999,-0.08121,-0.04546,spy_options_2021.parquet,6376631
SPY,2021-04-07,2021-04-07T16:00:00-04:00,406.57,2021-05-07,30.0,0.0821917808219178,382.0,call,25.9,26.79,26.84,5,,0.20418,0.85994,0.00919,0.26377,-0.08711,0.27412,spy_options_2021.parquet,6376632
SPY,2021-04-07,2021-04-07T16:00:00-04:00,406.57,2021-05-07,30.0,0.0821917808219178,382.0,put,1.66,1.68,1.81,101,,0.19961,-0.13547,0.00922,0.25879,-0.08336,-0.04769,spy_options_2021.parquet,6376632
SPY,2021-04-07,2021-04-07T16:00:00-04:00,406.57,2021-05-07,30.0,0.0821917808219178,382.5,call,25.64,26.22,25.55,3,,0.20459,0.85502,0.00943,0.27054,-0.08952,0.2726,spy_options_2021.parquet,6376633
SPY,2021-04-07,2021-04-07T16:00:00-04:00,406.57,2021-05-07,30.0,0.0821917808219178,382.5,put,1.7,1.72,1.78,83,,0.1989,-0.139,0.00939,0.26324,-0.08438,-0.04924,spy_options_2021.parquet,6376633
SPY,2021-04-07,2021-04-07T16:00:00-04:00,406.57,2021-05-07,30.0,0.0821917808219178,383.0,call,25.0,25.87,25.66,1,,0.20118,0.85259,0.00968,0.27272,-0.08861,0.27276,spy_options_2021.parquet,6376634
SPY,2021-04-07,2021-04-07T16:00:00-04:00,406.57,2021-05-07,30.0,0.0821917808219178,383.0,put,1.74,1.76,1.91,112,,0.19697,-0.14283,0.00969,0.2679,-0.08461,-0.0509,spy_options_2021.parquet,6376634
SPY,2021-04-07,2021-04-07T16:00:00-04:00,406.57,2021-05-07,30.0,0.0821917808219178,384.0,call,24.09,24.95,18.54,150,,0.19845,0.84558,0.01014,0.28149,-0.09067,0.27133,spy_options_2021.parquet,6376635
SPY,2021-04-07,2021-04-07T16:00:00-04:00,406.57,2021-05-07,30.0,0.0821917808219178,384.0,put,1.82,1.85,2.04,4,,0.19434,-0.15019,0.01011,0.27662,-0.08617,-0.05284,spy_options_2021.parquet,6376635
SPY,2021-04-07,2021-04-07T16:00:00-04:00,406.57,2021-05-07,30.0,0.0821917808219178,385.0,call,23.18,24.04,23.03,4,,0.19525,0.83783,0.01059,0.291,-0.09182,0.26877,spy_options_2021.parquet,6376636
SPY,2021-04-07,2021-04-07T16:00:00-04:00,406.57,2021-05-07,30.0,0.0821917808219178,385.0,put,1.91,1.94,1.94,355,,0.19164,-0.15784,0.01059,0.28615,-0.0878,-0.05528,spy_options_2021.parquet,6376636
SPY,2021-04-07,2021-04-07T16:00:00-04:00,406.57,2021-05-07,30.0,0.0821917808219178,386.0,call,22.25,23.13,23.21,0,,0.19172,0.83074,0.01108,0.29894,-0.09272,0.26681,spy_options_2021.parquet,6376637
SPY,2021-04-07,2021-04-07T16:00:00-04:00,406.57,2021-05-07,30.0,0.0821917808219178,386.0,put,2.0,2.02,2.09,108,,0.18842,-0.16568,0.01116,0.29537,-0.09004,-0.05816,spy_options_2021.parquet,6376637
SPY,2021-04-07,2021-04-07T16:00:00-04:00,406.57,2021-05-07,30.0,0.0821917808219178,387.0,call,21.41,22.23,21.89,0,,0.19006,0.82095,0.01158,0.30993,-0.09586,0.26488,spy_options_2021.parquet,6376638
SPY,2021-04-07,2021-04-07T16:00:00-04:00,406.57,2021-05-07,30.0,0.0821917808219178,387.0,put,2.11,2.13,2.18,124,,0.18639,-0.17409,0.01163,0.305,-0.09166,-0.06166,spy_options_2021.parquet,6376638
SPY,2021-04-07,2021-04-07T16:00:00-04:00,406.57,2021-05-07,30.0,0.0821917808219178,387.5,call,20.97,21.78,21.07,3,,0.18911,0.81611,0.01191,0.31461,-0.09645,0.26328,spy_options_2021.parquet,6376639
SPY,2021-04-07,2021-04-07T16:00:00-04:00,406.57,2021-05-07,30.0,0.0821917808219178,387.5,put,2.16,2.18,2.25,7,,0.18428,-0.17851,0.0119,0.30986,-0.09237,-0.06265,spy_options_2021.parquet,6376639
SPY,2021-04-07,2021-04-07T16:00:00-04:00,406.57,2021-05-07,30.0,0.0821917808219178,388.0,call,20.46,21.34,21.27,0,,0.18682,0.81273,0.01217,0.31814,-0.09566,0.2627,spy_options_2021.parquet,6376640
SPY,2021-04-07,2021-04-07T16:00:00-04:00,406.57,2021-05-07,30.0,0.0821917808219178,388.0,put,2.21,2.23,2.37,3,,0.18319,-0.1829,0.01225,0.31481,-0.09262,-0.06482,spy_options_2021.parquet,6376640
SPY,2021-04-07,2021-04-07T16:00:00-04:00,406.57,2021-05-07,30.0,0.0821917808219178,389.0,call,19.57,20.45,19.95,1,,0.18305,0.80303,0.01273,0.3287,-0.09734,0.26035,spy_options_2021.parquet,6376641
SPY,2021-04-07,2021-04-07T16:00:00-04:00,406.57,2021-05-07,30.0,0.0821917808219178,389.0,put,2.32,2.34,2.4,137,,0.17999,-0.19318,0.01287,0.32514,-0.09415,-0.06795,spy_options_2021.parquet,6376641
SPY,2021-04-07,2021-04-07T16:00:00-04:00,406.57,2021-05-07,30.0,0.0821917808219178,390.0,call,19.01,19.56,19.14,14,,0.18522,0.78766,0.01323,0.34338,-0.10343,0.25546,spy_options_2021.parquet,6376642
SPY,2021-04-07,2021-04-07T16:00:00-04:00,406.57,2021-05-07,30.0,0.0821917808219178,390.0,put,2.44,2.46,2.5,181,,0.17763,-0.20339,0.01348,0.33541,-0.09548,-0.07136,spy_options_2021.parquet,6376642
SPY,2021-04-07,2021-04-07T16:00:00-04:00,406.57,2021-05-07,30.0,0.0821917808219178,391.0,call,18.14,18.69,17.46,2,,0.1816,0.77752,0.01385,0.35321,-0.10417,0.2529,spy_options_2021.parquet,6376643
SPY,2021-04-07,2021-04-07T16:00:00-04:00,406.57,2021-05-07,30.0,0.0821917808219178,391.0,put,2.56,2.58,2.65,117,,0.17474,-0.21382,0.01406,0.34481,-0.09697,-0.07545,spy_options_2021.parquet,6376643
SPY,2021-04-07,2021-04-07T16:00:00-04:00,406.57,2021-05-07,30.0,0.0821917808219178,392.0,call,17.38,17.52,16.83,3,,0.17623,0.76955,0.01457,0.36064,-0.10281,0.25038,spy_options_2021.parquet,6376644
SPY,2021-04-07,2021-04-07T16:00:00-04:00,406.57,2021-05-07,30.0,0.0821917808219178,392.0,put,2.69,2.71,2.98,2,,0.17109,-0.22513,0.01477,0.35544,-0.09873,-0.07916,spy_options_2021.parquet,6376644
SPY,2021-04-07,2021-04-07T16:00:00-04:00,406.57,2021-05-07,30.0,0.0821917808219178,392.5,call,16.95,17.09,17.14,72,,0.17445,0.76314,0.01495,0.36525,-0.10399,0.24882,spy_options_2021.parquet,6376645
SPY,2021-04-07,2021-04-07T16:00:00-04:00,406.57,2021-05-07,30.0,0.0821917808219178,392.5,put,2.76,2.79,3.04,9,,0.17042,-0.23136,0.01514,0.36078,-0.09954,-0.08159,spy_options_2021.parquet,6376645
SPY,2021-04-07,2021-04-07T16:00:00-04:00,406.57,2021-05-07,30.0,0.0821917808219178,393.0,call,16.42,16.79,16.99,0,,0.17313,0.75674,0.0152,0.37108,-0.10485,0.24729,spy_options_2021.parquet,6376646
SPY,2021-04-07,2021-04-07T16:00:00-04:00,406.57,2021-05-07,30.0,0.0821917808219178,393.0,put,2.83,2.87,2.89,71,,0.16842,-0.2376,0.01547,0.36658,-0.09991,-0.08396,spy_options_2021.parquet,6376646
SPY,2021-04-07,2021-04-07T16:00:00-04:00,406.57,2021-05-07,30.0,0.0821917808219178,394.0,call,15.57,15.94,15.73,1,,0.17108,0.74394,0.01591,0.3806,-0.10499,0.2439,spy_options_2021.parquet,6376647
SPY,2021-04-07,2021-04-07T16:00:00-04:00,406.57,2021-05-07,30.0,0.0821917808219178,394.0,put,2.98,3.01,2.99,127,,0.16543,-0.24994,0.01615,0.37717,-0.10065,-0.08775,spy_options_2021.parquet,6376647
SPY,2021-04-07,2021-04-07T16:00:00-04:00,406.57,2021-05-07,30.0,0.0821917808219178,395.0,call,14.83,14.97,14.87,27,,0.16731,0.73175,0.0167,0.39099,-0.10608,0.23963,spy_options_2021.parquet,6376648
SPY,2021-04-07,2021-04-07T16:00:00-04:00,406.57,2021-05-07,30.0,0.0821917808219178,395.0,put,3.14,3.18,3.2,182,,0.16308,-0.26377,0.01692,0.38696,-0.10214,-0.09313,spy_options_2021.parquet,6376648
SPY,2021-04-07,2021-04-07T16:00:00-04:00,406.57,2021-05-07,30.0,0.0821917808219178,396.0,call,13.76,14.27,13.83,1,,0.16313,0.71926,0.01749,0.39963,-0.10593,0.23623,spy_options_2021.parquet,6376649
SPY,2021-04-07,2021-04-07T16:00:00-04:00,406.57,2021-05-07,30.0,0.0821917808219178,396.0,put,3.31,3.35,3.38,344,,0.15942,-0.27799,0.01776,0.39792,-0.10346,-0.09801,spy_options_2021.parquet,6376649
SPY,2021-04-07,2021-04-07T16:00:00-04:00,406.57,2021-05-07,30.0,0.0821917808219178,397.0,call,13.1,13.42,13.16,60,,0.16099,0.70244,0.0181,0.41046,-0.10789,0.23071,spy_options_2021.parquet,6376650
SPY,2021-04-07,2021-04-07T16:00:00-04:00,406.57,2021-05-07,30.0,0.0821917808219178,397.0,put,3.5,3.54,3.55,292,,0.15689,-0.29314,0.01854,0.40831,-0.10409,-0.10321,spy_options_2021.parquet,6376650
SPY,2021-04-07,2021-04-07T16:00:00-04:00,406.57,2021-05-07,30.0,0.0821917808219178,397.5,call,12.66,12.92,13.15,3,,0.15828,0.69629,0.01867,0.4143,-0.10617,0.22932,spy_options_2021.parquet,6376651
SPY,2021-04-07,2021-04-07T16:00:00-04:00,406.57,2021-05-07,30.0,0.0821917808219178,397.5,put,3.58,3.62,3.65,127,,0.15486,-0.30098,0.01899,0.41298,-0.10337,-0.10538,spy_options_2021.parquet,6376651
SPY,2021-04-07,2021-04-07T16:00:00-04:00,406.57,2021-05-07,30.0,0.0821917808219178,398.0,call,12.27,12.52,12.43,0,,0.15708,0.68777,0.01905,0.41907,-0.10619,0.22637,spy_options_2021.parquet,6376652
SPY,2021-04-07,2021-04-07T16:00:00-04:00,406.57,2021-05-07,30.0,0.0821917808219178,398.0,put,3.69,3.74,3.7,261,,0.15459,-0.30916,0.01933,0.41789,-0.10428,-0.10903,spy_options_2021.parquet,6376652
SPY,2021-04-07,2021-04-07T16:00:00-04:00,406.57,2021-05-07,30.0,0.0821917808219178,399.0,call,11.6,11.73,11.8,2,,0.15537,0.66973,0.01969,0.42892,-0.10826,0.22119,spy_options_2021.parquet,6376653
SPY,2021-04-07,2021-04-07T16:00:00-04:00,406.57,2021-05-07,30.0,0.0821917808219178,399.0,put,3.89,3.93,3.94,217,,0.15043,-0.32627,0.02021,0.42714,-0.10477,-0.11479,spy_options_2021.parquet,6376653
SPY,2021-04-07,2021-04-07T16:00:00-04:00,406.57,2021-05-07,30.0,0.0821917808219178,400.0,call,10.78,10.91,10.63,121,,0.15101,0.65275,0.02067,0.43747,-0.1074,0.21611,spy_options_2021.parquet,6376654
SPY,2021-04-07,2021-04-07T16:00:00-04:00,406.57,2021-05-07,30.0,0.0821917808219178,400.0,put,4.14,4.17,4.16,245,,0.14791,-0.34544,0.02101,0.43676,-0.10507,-0.12076,spy_options_2021.parquet,6376654
SPY,2021-04-07,2021-04-07T16:00:00-04:00,406.57,2021-05-07,30.0,0.0821917808219178,401.0,call,10.05,10.14,9.62,121,,0.14785,0.63357,0.02144,0.44534,-0.10779,0.2097,spy_options_2021.parquet,6376655
SPY,2021-04-07,2021-04-07T16:00:00-04:00,406.57,2021-05-07,30.0,0.0821917808219178,401.0,put,4.36,4.41,4.43,91,,0.14561,-0.36413,0.02188,0.44489,-0.10439,-0.12763,spy_options_2021.parquet,6376655
SPY,2021-04-07,2021-04-07T16:00:00-04:00,406.57,2021-05-07,30.0,0.0821917808219178,402.0,call,9.36,9.42,9.2,21,,0.14646,0.61297,0.02215,0.45345,-0.10744,0.20317,spy_options_2021.parquet,6376656
SPY,2021-04-07,2021-04-07T16:00:00-04:00,406.57,2021-05-07,30.0,0.0821917808219178,402.0,put,4.64,4.69,4.75,146,,0.14258,-0.38476,0.02258,0.45237,-0.10535,-0.13471,spy_options_2021.parquet,6376656
SPY,2021-04-07,2021-04-07T16:00:00-04:00,406.57,2021-05-07,30.0,0.0821917808219178,402.5,call,8.96,9.05,8.78,11,,0.14379,0.60279,0.02258,0.4565,-0.10719,0.20054,spy_options_2021.parquet,6376657
SPY,2021-04-07,2021-04-07T16:00:00-04:00,406.57,2021-05-07,30.0,0.0821917808219178,402.5,put,4.77,4.81,4.95,73,,0.14121,-0.39558,0.02307,0.45633,-0.10454,-0.13732,spy_options_2021.parquet,6376657
SPY,2021-04-07,2021-04-07T16:00:00-04:00,406.57,2021-05-07,30.0,0.0821917808219178,403.0,call,8.65,8.7,8.56,13,,0.14312,0.5922,0.02286,0.46016,-0.10682,0.1967,spy_options_2021.parquet,6376658
SPY,2021-04-07,2021-04-07T16:00:00-04:00,406.57,2021-05-07,30.0,0.0821917808219178,403.0,put,4.94,4.98,4.94,80,,0.13982,-0.40618,0.02339,0.45914,-0.1041,-0.14137,spy_options_2021.parquet,6376658
SPY,2021-04-07,2021-04-07T16:00:00-04:00,406.57,2021-05-07,30.0,0.0821917808219178,404.0,call,7.92,8.0,7.74,94,,0.13974,0.56979,0.02371,0.46563,-0.10599,0.18984,spy_options_2021.parquet,6376659
SPY,2021-04-07,2021-04-07T16:00:00-04:00,406.57,2021-05-07,30.0,0.0821917808219178,404.0,put,5.23,5.27,5.22,144,,0.13675,-0.42942,0.02416,0.46514,-0.10386,-0.14884,spy_options_2021.parquet,6376659
SPY,2021-04-07,2021-04-07T16:00:00-04:00,406.57,2021-05-07,30.0,0.0821917808219178,405.0,call,7.29,7.33,7.27,218,,0.13774,0.54608,0.02433,0.46981,-0.1055,0.18254,spy_options_2021.parquet,6376660
SPY,2021-04-07,2021-04-07T16:00:00-04:00,406.57,2021-05-07,30.0,0.0821917808219178,405.0,put,5.58,5.63,5.55,251,,0.13513,-0.45268,0.02478,0.46964,-0.10256,-0.15746,spy_options_2021.parquet,6376660
SPY,2021-04-07,2021-04-07T16:00:00-04:00,406.57,2021-05-07,30.0,0.0821917808219178,406.0,call,6.67,6.71,6.64,587,,0.13587,0.52211,0.02478,0.4716,-0.10374,0.17464,spy_options_2021.parquet,6376661
SPY,2021-04-07,2021-04-07T16:00:00-04:00,406.57,2021-05-07,30.0,0.0821917808219178,406.0,put,5.93,5.97,5.98,865,,0.13227,-0.47765,0.02541,0.47207,-0.10128,-0.1651,spy_options_2021.parquet,6376661
SPY,2021-04-07,2021-04-07T16:00:00-04:00,406.57,2021-05-07,30.0,0.0821917808219178,407.5,call,5.74,5.79,5.72,258,,0.13132,0.48425,0.02558,0.47194,-0.10077,0.16186,spy_options_2021.parquet,6376662
SPY,2021-04-07,2021-04-07T16:00:00-04:00,406.57,2021-05-07,30.0,0.0821917808219178,407.5,put,6.55,6.59,6.91,708,,0.12923,-0.51711,0.02609,0.47238,-0.09903,-0.17782,spy_options_2021.parquet,6376662
SPY,2021-04-07,2021-04-07T16:00:00-04:00,406.57,2021-05-07,30.0,0.0821917808219178,409.0,call,4.94,4.98,4.71,42,,0.12857,0.44436,0.02593,0.46822,-0.09763,0.14866,spy_options_2021.parquet,6376663
SPY,2021-04-07,2021-04-07T16:00:00-04:00,406.57,2021-05-07,30.0,0.0821917808219178,409.0,put,7.21,7.27,7.42,13,,0.12505,-0.55732,0.02648,0.46812,-0.09581,-0.18993,spy_options_2021.parquet,6376663
SPY,2021-04-07,2021-04-07T16:00:00-04:00,406.57,2021-05-07,30.0,0.0821917808219178,410.0,call,4.45,4.49,4.33,242,,0.12675,0.41757,0.02595,0.46259,-0.09519,0.14072,spy_options_2021.parquet,6376664
SPY,2021-04-07,2021-04-07T16:00:00-04:00,406.57,2021-05-07,30.0,0.0821917808219178,410.0,put,7.71,7.79,8.39,62,,0.12359,-0.58464,0.02656,0.46231,-0.09315,-0.19847,spy_options_2021.parquet,6376664
SPY,2021-04-07,2021-04-07T16:00:00-04:00,406.57,2021-05-07,30.0,0.0821917808219178,411.0,call,3.98,4.02,3.86,28,,0.12562,0.39003,0.0259,0.45497,-0.09284,0.13133,spy_options_2021.parquet,6376665
SPY,2021-04-07,2021-04-07T16:00:00-04:00,406.57,2021-05-07,30.0,0.0821917808219178,411.0,put,8.24,8.29,9.25,0,,0.12172,-0.61285,0.02649,0.45341,-0.08975,-0.20654,spy_options_2021.parquet,6376665
SPY,2021-04-07,2021-04-07T16:00:00-04:00,406.57,2021-05-07,30.0,0.0821917808219178,412.5,call,3.35,3.38,3.35,466,,0.12337,0.34987,0.02539,0.4385,-0.08799,0.11746,spy_options_2021.parquet,6376666
SPY,2021-04-07,2021-04-07T16:00:00-04:00,406.57,2021-05-07,30.0,0.0821917808219178,412.5,put,9.11,9.18,9.44,28,,0.11969,-0.6537,0.02594,0.43687,-0.08483,-0.21847,spy_options_2021.parquet,6376666
SPY,2021-04-07,2021-04-07T16:00:00-04:00,406.57,2021-05-07,30.0,0.0821917808219178,414.0,call,2.79,2.82,2.72,553,,0.12106,0.31022,0.02463,0.41798,-0.0825,0.10478,spy_options_2021.parquet,6376667
SPY,2021-04-07,2021-04-07T16:00:00-04:00,406.57,2021-05-07,30.0,0.0821917808219178,414.0,put,10.02,10.14,10.45,0,,0.11702,-0.69469,0.02503,0.41507,-0.07858,-0.228,spy_options_2021.parquet,6376667
SPY,2021-04-07,2021-04-07T16:00:00-04:00,406.57,2021-05-07,30.0,0.0821917808219178,415.0,call,2.44,2.48,2.42,377,,0.11911,0.28372,0.0239,0.40185,-0.07793,0.09542,spy_options_2021.parquet,6376668
SPY,2021-04-07,2021-04-07T16:00:00-04:00,406.57,2021-05-07,30.0,0.0821917808219178,415.0,put,10.68,11.04,11.06,0,,0.11929,-0.71615,0.02389,0.40166,-0.07728,-0.23331,spy_options_2021.parquet,6376668
SPY,2021-04-07,2021-04-07T16:00:00-04:00,406.57,2021-05-07,30.0,0.0821917808219178,417.5,call,1.78,1.81,1.72,151,,0.11826,0.22594,0.0215,0.35551,-0.06798,0.07601,spy_options_2021.parquet,6376669
SPY,2021-04-07,2021-04-07T16:00:00-04:00,406.57,2021-05-07,30.0,0.0821917808219178,417.5,put,12.14,13.0,13.51,23,,0.11363,-0.78214,0.02148,0.34972,-0.06433,-0.24352,spy_options_2021.parquet,6376669
SPY,2021-04-07,2021-04-07T16:00:00-04:00,406.57,2021-05-07,30.0,0.0821917808219178,420.0,call,1.27,1.29,1.25,598,,0.11712,0.17469,0.01861,0.30512,-0.05782,0.05916,spy_options_2021.parquet,6376670
SPY,2021-04-07,2021-04-07T16:00:00-04:00,406.57,2021-05-07,30.0,0.0821917808219178,420.0,put,14.48,14.66,15.31,0,,0.11234,-0.83277,0.01815,0.29638,-0.05409,-0.24474,spy_options_2021.parquet,6376670
SPY,2021-04-07,2021-04-07T16:00:00-04:00,406.57,2021-05-07,30.0,0.0821917808219178,422.5,call,0.89,0.92,0.86,934,,0.11669,0.13235,0.01552,0.25323,-0.04777,0.04516,spy_options_2021.parquet,6376671
SPY,2021-04-07,2021-04-07T16:00:00-04:00,406.57,2021-05-07,30.0,0.0821917808219178,422.5,put,16.29,17.15,0.0,,,0.11271,-0.87232,0.0146,0.2472,-0.04462,-0.23585,spy_options_2021.parquet,6376671
SPY,2021-04-07,2021-04-07T16:00:00-04:00,406.57,2021-05-07,30.0,0.0821917808219178,425.0,call,0.63,0.65,0.63,467,,0.11676,0.09879,0.0126,0.20696,-0.03877,0.03392,spy_options_2021.parquet,6376672
SPY,2021-04-07,2021-04-07T16:00:00-04:00,406.57,2021-05-07,30.0,0.0821917808219178,425.0,put,18.85,19.39,0.0,,,0.12048,-0.88913,0.01186,0.22272,-0.04311,-0.22863,spy_options_2021.parquet,6376672
SPY,2021-04-07,2021-04-07T16:00:00-04:00,406.57,2021-05-07,30.0,0.0821917808219178,430.0,call,0.32,0.34,0.32,109,,0.11893,0.05552,0.00793,0.13322,-0.02532,0.01858,spy_options_2021.parquet,6376673
SPY,2021-04-07,2021-04-07T16:00:00-04:00,406.57,2021-05-07,30.0,0.0821917808219178,430.0,put,23.19,24.11,25.1,1,,0.11636,-0.93623,0.005,0.14335,-0.02642,-0.16212,spy_options_2021.parquet,6376673
SPY,2021-04-07,2021-04-07T16:00:00-04:00,406.57,2021-05-07,30.0,0.0821917808219178,435.0,call,0.17,0.18,0.19,7,,0.12325,0.03155,0.00476,0.08315,-0.01585,0.01051,spy_options_2021.parquet,6376674
SPY,2021-04-07,2021-04-07T16:00:00-04:00,406.57,2021-05-07,30.0,0.0821917808219178,435.0,put,28.04,28.97,0.0,,,0.12664,-0.94391,0.00152,0.12583,-0.02531,-0.11319,spy_options_2021.parquet,6376674
SPY,2021-04-07,2021-04-07T16:00:00-04:00,406.57,2021-05-07,30.0,0.0821917808219178,440.0,call,0.1,0.11,0.11,87,,0.12932,0.01932,0.00303,0.05469,-0.01085,0.00672,spy_options_2021.parquet,6376675
SPY,2021-04-07,2021-04-07T16:00:00-04:00,406.57,2021-05-07,30.0,0.0821917808219178,440.0,put,32.97,33.91,36.13,2,,0.14185,-0.94332,0.00015,0.12457,-0.00999,-0.09067,spy_options_2021.parquet,6376675
SPY,2021-04-07,2021-04-07T16:00:00-04:00,406.57,2021-05-07,30.0,0.0821917808219178,445.0,call,0.06,0.07,0.07,5,,0.13589,0.01227,0.00195,0.03636,-0.00737,0.00405,spy_options_2021.parquet,6376676
SPY,2021-04-07,2021-04-07T16:00:00-04:00,406.57,2021-05-07,30.0,0.0821917808219178,445.0,put,37.94,38.87,0.0,,,,-1.0,0.0,0.0,0.0,0.0,spy_options_2021.parquet,6376676
SPY,2021-04-07,2021-04-07T16:00:00-04:00,406.57,2021-05-07,30.0,0.0821917808219178,450.0,call,0.04,0.05,0.04,201,,0.14325,0.00804,0.00128,0.02617,-0.0057,0.00305,spy_options_2021.parquet,6376677
SPY,2021-04-07,2021-04-07T16:00:00-04:00,406.57,2021-05-07,30.0,0.0821917808219178,450.0,put,42.95,43.87,0.0,,,,-1.0,0.0,0.0,0.0,0.0,spy_options_2021.parquet,6376677
SPY,2021-04-07,2021-04-07T16:00:00-04:00,406.57,2021-05-07,30.0,0.0821917808219178,455.0,call,0.03,0.04,0.04,23,,0.15279,0.00646,0.00092,0.02025,-0.00507,0.00229,spy_options_2021.parquet,6376678
SPY,2021-04-07,2021-04-07T16:00:00-04:00,406.57,2021-05-07,30.0,0.0821917808219178,455.0,put,47.93,48.83,0.0,,,,-1.0,0.0,0.0,0.0,0.0,spy_options_2021.parquet,6376678
SPY,2021-04-07,2021-04-07T16:00:00-04:00,406.57,2021-05-07,30.0,0.0821917808219178,460.0,call,0.02,0.03,0.03,0,,0.15947,0.00427,0.0007,0.01429,-0.00379,0.00189,spy_options_2021.parquet,6376679
SPY,2021-04-07,2021-04-07T16:00:00-04:00,406.57,2021-05-07,30.0,0.0821917808219178,460.0,put,52.91,53.84,66.26,2,,,-1.0,0.0,0.0,0.0,0.0,spy_options_2021.parquet,6376679
SPY,2021-04-07,2021-04-07T16:00:00-04:00,406.57,2021-05-07,30.0,0.0821917808219178,465.0,call,0.01,0.02,0.01,1,,0.16354,0.0023,0.00043,0.00951,-0.00262,0.00051,spy_options_2021.parquet,6376680
SPY,2021-04-07,2021-04-07T16:00:00-04:00,406.57,2021-05-07,30.0,0.0821917808219178,465.0,put,57.91,58.85,0.0,,,,-1.0,0.0,0.0,0.0,0.0,spy_options_2021.parquet,6376680
SPY,2021-04-07,2021-04-07T16:00:00-04:00,406.57,2021-05-07,30.0,0.0821917808219178,470.0,call,0.01,0.02,0.02,0,,0.17581,0.00298,0.00034,0.00943,-0.00234,0.00072,spy_options_2021.parquet,6376681
SPY,2021-04-07,2021-04-07T16:00:00-04:00,406.57,2021-05-07,30.0,0.0821917808219178,470.0,put,62.91,63.85,0.0,,,,-1.0,0.0,0.0,0.0,0.0,spy_options_2021.parquet,6376681
SPY,2021-04-07,2021-04-07T16:00:00-04:00,406.57,2021-05-07,30.0,0.0821917808219178,475.0,call,0.01,0.01,0.01,250,,0.17986,0.00177,0.00027,0.00677,-0.00147,0.00019,spy_options_2021.parquet,6376682
SPY,2021-04-07,2021-04-07T16:00:00-04:00,406.57,2021-05-07,30.0,0.0821917808219178,475.0,put,67.93,68.86,0.0,,,,-1.0,0.0,0.0,0.0,0.0,spy_options_2021.parquet,6376682
SPY,2021-04-07,2021-04-07T16:00:00-04:00,406.57,2021-05-07,30.0,0.0821917808219178,480.0,call,0.0,0.01,0.0,,,0.17995,0.00106,9e-05,0.00371,-0.00109,0.00056,spy_options_2021.parquet,6376683
SPY,2021-04-07,2021-04-07T16:00:00-04:00,406.57,2021-05-07,30.0,0.0821917808219178,480.0,put,72.91,73.85,0.0,,,,-1.0,0.0,0.0,0.0,0.0,spy_options_2021.parquet,6376683
SPY,2021-04-07,2021-04-07T16:00:00-04:00,406.57,2021-05-07,30.0,0.0821917808219178,485.0,call,0.0,0.01,0.01,10,,0.19031,0.00071,7e-05,0.0035,-0.00053,9e-05,spy_options_2021.parquet,6376684
SPY,2021-04-07,2021-04-07T16:00:00-04:00,406.57,2021-05-07,30.0,0.0821917808219178,485.0,put,77.91,78.85,0.0,,,,-1.0,0.0,0.0,0.0,0.0,spy_options_2021.parquet,6376684
SPY,2021-04-07,2021-04-07T16:00:00-04:00,406.57,2021-05-10,33.0,0.09041095890410959,285.0,call,121.32,122.17,0.0,,,0.49973,0.99244,0.00035,0.02773,-0.01971,0.26172,spy_options_2021.parquet,6376685
SPY,2021-04-07,2021-04-07T16:00:00-04:00,406.57,2021-05-10,33.0,0.09041095890410959,285.0,put,0.08,0.1,0.1,12,,0.46221,-0.00444,0.00021,0.01717,-0.01109,-0.00211,spy_options_2021.parquet,6376685
SPY,2021-04-07,2021-04-07T16:00:00-04:00,406.57,2021-05-10,33.0,0.09041095890410959,290.0,call,116.33,117.22,0.0,,,0.48747,0.99044,0.0004,0.03116,-0.02176,0.26655,spy_options_2021.parquet,6376686
SPY,2021-04-07,2021-04-07T16:00:00-04:00,406.57,2021-05-10,33.0,0.09041095890410959,290.0,put,0.09,0.11,0.12,0,,0.44642,-0.00575,0.00029,0.01978,-0.01181,-0.00174,spy_options_2021.parquet,6376686
SPY,2021-04-07,2021-04-07T16:00:00-04:00,406.57,2021-05-10,33.0,0.09041095890410959,295.0,call,111.35,112.2,0.0,,,0.46587,0.99005,0.00045,0.03257,-0.0223,0.27028,spy_options_2021.parquet,6376687
SPY,2021-04-07,2021-04-07T16:00:00-04:00,406.57,2021-05-10,33.0,0.09041095890410959,295.0,put,0.1,0.12,0.0,,,0.43112,-0.00575,0.00031,0.02199,-0.01285,-0.00269,spy_options_2021.parquet,6376687
SPY,2021-04-07,2021-04-07T16:00:00-04:00,406.57,2021-05-10,33.0,0.09041095890410959,300.0,call,106.36,107.25,0.0,,,0.45245,0.98819,0.00055,0.03694,-0.02394,0.27518,spy_options_2021.parquet,6376688
SPY,2021-04-07,2021-04-07T16:00:00-04:00,406.57,2021-05-10,33.0,0.09041095890410959,300.0,put,0.12,0.14,0.0,,,0.41875,-0.00738,0.00038,0.02543,-0.01506,-0.0027,spy_options_2021.parquet,6376688
SPY,2021-04-07,2021-04-07T16:00:00-04:00,406.57,2021-05-10,33.0,0.09041095890410959,305.0,call,101.38,102.23,0.0,,,0.42982,0.98792,0.0006,0.03857,-0.02373,0.27908,spy_options_2021.parquet,6376689
SPY,2021-04-07,2021-04-07T16:00:00-04:00,406.57,2021-05-10,33.0,0.09041095890410959,305.0,put,0.13,0.15,0.0,,,0.40241,-0.00773,0.00049,0.02781,-0.01622,-0.00363,spy_options_2021.parquet,6376689
SPY,2021-04-07,2021-04-07T16:00:00-04:00,406.57,2021-05-10,33.0,0.09041095890410959,310.0,call,96.4,97.28,0.0,,,0.41655,0.98567,0.00065,0.04435,-0.02629,0.28336,spy_options_2021.parquet,6376690
SPY,2021-04-07,2021-04-07T16:00:00-04:00,406.57,2021-05-10,33.0,0.09041095890410959,310.0,put,0.15,0.17,0.18,0,,0.3886,-0.00945,0.00051,0.03184,-0.01796,-0.0038,spy_options_2021.parquet,6376690
SPY,2021-04-07,2021-04-07T16:00:00-04:00,406.57,2021-05-10,33.0,0.09041095890410959,315.0,call,91.41,92.3,0.0,,,0.3989,0.98493,0.00081,0.04827,-0.0271,0.28735,spy_options_2021.parquet,6376691
SPY,2021-04-07,2021-04-07T16:00:00-04:00,406.57,2021-05-10,33.0,0.09041095890410959,315.0,put,0.17,0.19,0.21,0,,0.37469,-0.01051,0.00063,0.03561,-0.01879,-0.00428,spy_options_2021.parquet,6376691
SPY,2021-04-07,2021-04-07T16:00:00-04:00,406.57,2021-05-10,33.0,0.09041095890410959,320.0,call,86.44,87.33,0.0,,,0.38299,0.98202,0.00088,0.05384,-0.0296,0.29131,spy_options_2021.parquet,6376692
SPY,2021-04-07,2021-04-07T16:00:00-04:00,406.57,2021-05-10,33.0,0.09041095890410959,320.0,put,0.19,0.22,0.23,0,,0.35998,-0.01268,0.00073,0.04084,-0.02095,-0.00517,spy_options_2021.parquet,6376692
SPY,2021-04-07,2021-04-07T16:00:00-04:00,406.57,2021-05-10,33.0,0.09041095890410959,325.0,call,81.47,82.36,0.0,,,0.36627,0.98045,0.0011,0.05937,-0.03145,0.29435,spy_options_2021.parquet,6376693
SPY,2021-04-07,2021-04-07T16:00:00-04:00,406.57,2021-05-10,33.0,0.09041095890410959,325.0,put,0.22,0.24,0.28,0,,0.34486,-0.01459,0.00082,0.04669,-0.02319,-0.00532,spy_options_2021.parquet,6376693
SPY,2021-04-07,2021-04-07T16:00:00-04:00,406.57,2021-05-10,33.0,0.09041095890410959,330.0,call,76.51,77.39,0.0,,,0.3507,0.97743,0.00124,0.06591,-0.0338,0.29843,spy_options_2021.parquet,6376694
SPY,2021-04-07,2021-04-07T16:00:00-04:00,406.57,2021-05-10,33.0,0.09041095890410959,330.0,put,0.26,0.28,0.34,0,,0.33295,-0.01778,0.001,0.05429,-0.02603,-0.00691,spy_options_2021.parquet,6376694
SPY,2021-04-07,2021-04-07T16:00:00-04:00,406.57,2021-05-10,33.0,0.09041095890410959,335.0,call,71.55,72.43,0.0,,,0.33442,0.97429,0.00146,0.07374,-0.03587,0.30132,spy_options_2021.parquet,6376695
SPY,2021-04-07,2021-04-07T16:00:00-04:00,406.57,2021-05-10,33.0,0.09041095890410959,335.0,put,0.3,0.32,0.0,,,0.31832,-0.02028,0.00123,0.06242,-0.02773,-0.00843,spy_options_2021.parquet,6376695
SPY,2021-04-07,2021-04-07T16:00:00-04:00,406.57,2021-05-10,33.0,0.09041095890410959,340.0,call,66.6,67.48,0.0,,,0.31852,0.97066,0.00168,0.08343,-0.03818,0.30537,spy_options_2021.parquet,6376696
SPY,2021-04-07,2021-04-07T16:00:00-04:00,406.57,2021-05-10,33.0,0.09041095890410959,340.0,put,0.34,0.37,0.0,,,0.30392,-0.02418,0.00149,0.07112,-0.0309,-0.00962,spy_options_2021.parquet,6376696
SPY,2021-04-07,2021-04-07T16:00:00-04:00,406.57,2021-05-10,33.0,0.09041095890410959,345.0,call,61.66,62.54,0.0,,,0.30325,0.96532,0.00197,0.09429,-0.04158,0.30789,spy_options_2021.parquet,6376697
SPY,2021-04-07,2021-04-07T16:00:00-04:00,406.57,2021-05-10,33.0,0.09041095890410959,345.0,put,0.4,0.43,0.0,,,0.29018,-0.02931,0.00186,0.08256,-0.03422,-0.0116,spy_options_2021.parquet,6376697
SPY,2021-04-07,2021-04-07T16:00:00-04:00,406.57,2021-05-10,33.0,0.09041095890410959,350.0,call,56.74,57.62,0.0,,,0.28892,0.9591,0.00242,0.10832,-0.04524,0.30976,spy_options_2021.parquet,6376698
SPY,2021-04-07,2021-04-07T16:00:00-04:00,406.57,2021-05-10,33.0,0.09041095890410959,350.0,put,0.48,0.5,0.5,5,,0.27732,-0.03511,0.00226,0.09611,-0.0379,-0.01393,spy_options_2021.parquet,6376698
SPY,2021-04-07,2021-04-07T16:00:00-04:00,406.57,2021-05-10,33.0,0.09041095890410959,355.0,call,51.84,52.71,0.0,,,0.27377,0.952,0.00296,0.12365,-0.0491,0.31179,spy_options_2021.parquet,6376699
SPY,2021-04-07,2021-04-07T16:00:00-04:00,406.57,2021-05-10,33.0,0.09041095890410959,355.0,put,0.57,0.6,0.65,1,,0.26475,-0.04299,0.00273,0.11313,-0.04285,-0.01654,spy_options_2021.parquet,6376699
SPY,2021-04-07,2021-04-07T16:00:00-04:00,406.57,2021-05-10,33.0,0.09041095890410959,360.0,call,46.96,47.83,0.0,,,0.25978,0.942,0.00361,0.14299,-0.05434,0.31238,spy_options_2021.parquet,6376700
SPY,2021-04-07,2021-04-07T16:00:00-04:00,406.57,2021-05-10,33.0,0.09041095890410959,360.0,put,0.69,0.72,0.87,2,,0.25119,-0.05221,0.00342,0.13285,-0.04816,-0.02069,spy_options_2021.parquet,6376700
SPY,2021-04-07,2021-04-07T16:00:00-04:00,406.57,2021-05-10,33.0,0.09041095890410959,365.0,call,42.49,42.7,0.0,,,0.24853,0.9275,0.0045,0.17051,-0.06171,0.31194,spy_options_2021.parquet,6376701
SPY,2021-04-07,2021-04-07T16:00:00-04:00,406.57,2021-05-10,33.0,0.09041095890410959,365.0,put,0.85,0.88,0.87,2,,0.23935,-0.06453,0.00428,0.15827,-0.05492,-0.02481,spy_options_2021.parquet,6376701
SPY,2021-04-07,2021-04-07T16:00:00-04:00,406.57,2021-05-10,33.0,0.09041095890410959,370.0,call,37.69,37.9,0.0,,,0.2347,0.91186,0.00547,0.19839,-0.06792,0.30984,spy_options_2021.parquet,6376702
SPY,2021-04-07,2021-04-07T16:00:00-04:00,406.57,2021-05-10,33.0,0.09041095890410959,370.0,put,1.04,1.08,1.07,24,,0.22674,-0.08102,0.0053,0.18671,-0.06194,-0.03138,spy_options_2021.parquet,6376702
SPY,2021-04-07,2021-04-07T16:00:00-04:00,406.57,2021-05-10,33.0,0.09041095890410959,375.0,call,32.94,33.15,0.0,,,0.22107,0.89186,0.00675,0.23066,-0.07429,0.30652,spy_options_2021.parquet,6376703
SPY,2021-04-07,2021-04-07T16:00:00-04:00,406.57,2021-05-10,33.0,0.09041095890410959,375.0,put,1.28,1.34,1.49,4,,0.21349,-0.10163,0.00671,0.22037,-0.06825,-0.03992,spy_options_2021.parquet,6376703
SPY,2021-04-07,2021-04-07T16:00:00-04:00,406.57,2021-05-10,33.0,0.09041095890410959,380.0,call,28.26,28.47,0.0,,,0.20641,0.86518,0.00844,0.2686,-0.08147,0.30123,spy_options_2021.parquet,6376704
SPY,2021-04-07,2021-04-07T16:00:00-04:00,406.57,2021-05-10,33.0,0.09041095890410959,380.0,put,1.6,1.67,1.67,74,,0.20098,-0.1284,0.00844,0.26088,-0.0761,-0.04938,spy_options_2021.parquet,6376704
SPY,2021-04-07,2021-04-07T16:00:00-04:00,406.57,2021-05-10,33.0,0.09041095890410959,385.0,call,23.67,23.89,24.42,0,,0.19212,0.83107,0.0106,0.31263,-0.08882,0.29283,spy_options_2021.parquet,6376705
SPY,2021-04-07,2021-04-07T16:00:00-04:00,406.57,2021-05-10,33.0,0.09041095890410959,385.0,put,2.02,2.09,2.22,37,,0.1872,-0.16325,0.01056,0.30627,-0.08422,-0.06277,spy_options_2021.parquet,6376705
SPY,2021-04-07,2021-04-07T16:00:00-04:00,406.57,2021-05-10,33.0,0.09041095890410959,390.0,call,19.15,19.41,19.41,2,,0.17645,0.78746,0.01325,0.35958,-0.09418,0.28053,spy_options_2021.parquet,6376706
SPY,2021-04-07,2021-04-07T16:00:00-04:00,406.57,2021-05-10,33.0,0.09041095890410959,390.0,put,2.55,2.63,2.64,20,,0.1732,-0.20799,0.01334,0.35591,-0.09094,-0.08016,spy_options_2021.parquet,6376706
SPY,2021-04-07,2021-04-07T16:00:00-04:00,406.57,2021-05-10,33.0,0.09041095890410959,395.0,call,14.89,15.15,15.29,0,,0.16239,0.72824,0.01643,0.41128,-0.09923,0.26194,spy_options_2021.parquet,6376707
SPY,2021-04-07,2021-04-07T16:00:00-04:00,406.57,2021-05-10,33.0,0.09041095890410959,395.0,put,3.29,3.37,3.33,169,,0.15935,-0.26855,0.01664,0.40981,-0.09607,-0.1033,spy_options_2021.parquet,6376707
SPY,2021-04-07,2021-04-07T16:00:00-04:00,406.57,2021-05-10,33.0,0.09041095890410959,400.0,call,10.98,11.18,10.78,15,,0.14936,0.6487,0.02001,0.46045,-0.10181,0.23529,spy_options_2021.parquet,6376708
SPY,2021-04-07,2021-04-07T16:00:00-04:00,406.57,2021-05-10,33.0,0.09041095890410959,400.0,put,4.3,4.42,4.61,190,,0.14589,-0.3488,0.02038,0.45947,-0.09952,-0.13409,spy_options_2021.parquet,6376708
SPY,2021-04-07,2021-04-07T16:00:00-04:00,406.57,2021-05-10,33.0,0.09041095890410959,405.0,call,7.47,7.58,7.51,40,,0.13585,0.54576,0.02349,0.49206,-0.09874,0.19918,spy_options_2021.parquet,6376709
SPY,2021-04-07,2021-04-07T16:00:00-04:00,406.57,2021-05-10,33.0,0.09041095890410959,405.0,put,5.76,5.9,5.89,19,,0.13316,-0.45436,0.02395,0.49124,-0.09736,-0.17324,spy_options_2021.parquet,6376709
SPY,2021-04-07,2021-04-07T16:00:00-04:00,406.57,2021-05-10,33.0,0.09041095890410959,410.0,call,4.63,4.74,4.51,163,,0.12537,0.42131,0.02511,0.48546,-0.09056,0.15489,spy_options_2021.parquet,6376710
SPY,2021-04-07,2021-04-07T16:00:00-04:00,406.57,2021-05-10,33.0,0.09041095890410959,410.0,put,7.93,8.04,8.37,189,,0.1233,-0.58051,0.02555,0.48491,-0.08824,-0.21644,spy_options_2021.parquet,6376710
SPY,2021-04-07,2021-04-07T16:00:00-04:00,406.57,2021-05-10,33.0,0.09041095890410959,415.0,call,2.61,2.7,2.6,45,,0.11894,0.29189,0.02325,0.42555,-0.07453,0.10853,spy_options_2021.parquet,6376711
SPY,2021-04-07,2021-04-07T16:00:00-04:00,406.57,2021-05-10,33.0,0.09041095890410959,415.0,put,10.76,11.15,11.15,0,,0.11605,-0.713,0.02354,0.42316,-0.0721,-0.25482,spy_options_2021.parquet,6376711
SPY,2021-04-07,2021-04-07T16:00:00-04:00,406.57,2021-05-10,33.0,0.09041095890410959,420.0,call,1.37,1.44,1.3,22,,0.11541,0.18264,0.01846,0.32863,-0.05577,0.06786,spy_options_2021.parquet,6376712
SPY,2021-04-07,2021-04-07T16:00:00-04:00,406.57,2021-05-10,33.0,0.09041095890410959,420.0,put,14.57,14.82,14.64,1,,0.11158,-0.8239,0.01812,0.3216,-0.05282,-0.26841,spy_options_2021.parquet,6376712
SPY,2021-04-07,2021-04-07T16:00:00-04:00,406.57,2021-05-10,33.0,0.09041095890410959,425.0,call,0.71,0.75,0.79,13,,0.11501,0.10769,0.01293,0.22933,-0.03875,0.03994,spy_options_2021.parquet,6376713
SPY,2021-04-07,2021-04-07T16:00:00-04:00,406.57,2021-05-10,33.0,0.09041095890410959,425.0,put,18.81,19.11,19.68,4,,0.1072,-0.90328,0.011,0.21169,-0.03295,-0.23908,spy_options_2021.parquet,6376713
SPY,2021-04-07,2021-04-07T16:00:00-04:00,406.57,2021-05-10,33.0,0.09041095890410959,430.0,call,0.37,0.4,0.39,37,,0.11818,0.06203,0.00831,0.15103,-0.02555,0.02283,spy_options_2021.parquet,6376714
SPY,2021-04-07,2021-04-07T16:00:00-04:00,406.57,2021-05-10,33.0,0.09041095890410959,430.0,put,23.55,23.95,23.49,0,,0.11724,-0.9284,0.00626,0.16521,-0.02856,-0.19945,spy_options_2021.parquet,6376714
SPY,2021-04-07,2021-04-07T16:00:00-04:00,406.57,2021-05-10,33.0,0.09041095890410959,435.0,call,0.2,0.22,0.23,2,,0.12115,0.03566,0.00524,0.0974,-0.01689,0.01329,spy_options_2021.parquet,6376715
SPY,2021-04-07,2021-04-07T16:00:00-04:00,406.57,2021-05-10,33.0,0.09041095890410959,435.0,put,28.4,28.79,28.27,0,,0.12692,-0.94001,0.00298,0.14026,-0.02606,-0.15394,spy_options_2021.parquet,6376715
SPY,2021-04-07,2021-04-07T16:00:00-04:00,406.57,2021-05-10,33.0,0.09041095890410959,440.0,call,0.12,0.13,0.12,6,,0.12703,0.02182,0.00332,0.06469,-0.01185,0.0076,spy_options_2021.parquet,6376716
SPY,2021-04-07,2021-04-07T16:00:00-04:00,406.57,2021-05-10,33.0,0.09041095890410959,440.0,put,33.02,33.9,0.0,,,0.13734,-0.94324,0.00052,0.13118,-0.02692,-0.10578,spy_options_2021.parquet,6376716
SPY,2021-04-07,2021-04-07T16:00:00-04:00,406.57,2021-05-10,33.0,0.09041095890410959,445.0,call,0.06,0.09,0.12,0,,0.13243,0.01323,0.00204,0.04193,-0.0083,0.00544,spy_options_2021.parquet,6376717
SPY,2021-04-07,2021-04-07T16:00:00-04:00,406.57,2021-05-10,33.0,0.09041095890410959,445.0,put,38.01,38.87,0.0,,,0.15585,-0.94183,0.0001,0.13287,-0.01047,-0.09979,spy_options_2021.parquet,6376717
SPY,2021-04-07,2021-04-07T16:00:00-04:00,406.57,2021-05-10,33.0,0.09041095890410959,450.0,call,0.05,0.06,0.06,73,,0.14096,0.0098,0.00145,0.0313,-0.00669,0.00313,spy_options_2021.parquet,6376718
SPY,2021-04-07,2021-04-07T16:00:00-04:00,406.57,2021-05-10,33.0,0.09041095890410959,450.0,put,42.95,43.84,0.0,,,,-1.0,0.0,0.0,0.0,0.0,spy_options_2021.parquet,6376718
SPY,2021-04-07,2021-04-07T16:00:00-04:00,406.57,2021-05-10,33.0,0.09041095890410959,455.0,call,0.02,0.04,0.0,,,0.14289,0.00581,0.00083,0.01918,-0.00385,0.00236,spy_options_2021.parquet,6376719
SPY,2021-04-07,2021-04-07T16:00:00-04:00,406.57,2021-05-10,33.0,0.09041095890410959,455.0,put,47.97,48.84,0.0,,,,-1.0,0.0,0.0,0.0,0.0,spy_options_2021.parquet,6376719
SPY,2021-04-07,2021-04-07T16:00:00-04:00,406.57,2021-05-10,33.0,0.09041095890410959,460.0,call,0.03,0.04,0.04,10,,0.15882,0.00534,0.00085,0.0202,-0.00461,0.00229,spy_options_2021.parquet,6376720
SPY,2021-04-07,2021-04-07T16:00:00-04:00,406.57,2021-05-10,33.0,0.09041095890410959,460.0,put,52.93,53.82,0.0,,,,-1.0,0.0,0.0,0.0,0.0,spy_options_2021.parquet,6376720
SPY,2021-04-07,2021-04-07T16:00:00-04:00,406.57,2021-05-10,33.0,0.09041095890410959,465.0,call,0.01,0.03,0.0,,,0.16122,0.00335,0.00052,0.01304,-0.00288,0.00115,spy_options_2021.parquet,6376721
SPY,2021-04-07,2021-04-07T16:00:00-04:00,406.57,2021-05-10,33.0,0.09041095890410959,465.0,put,57.96,58.83,0.0,,,,-1.0,0.0,0.0,0.0,0.0,spy_options_2021.parquet,6376721
SPY,2021-04-07,2021-04-07T16:00:00-04:00,406.57,2021-05-10,33.0,0.09041095890410959,470.0,call,0.0,0.02,0.03,0,,0.16208,0.00229,0.0003,0.00727,-0.00182,0.00066,spy_options_2021.parquet,6376722
SPY,2021-04-07,2021-04-07T16:00:00-04:00,406.57,2021-05-10,33.0,0.09041095890410959,470.0,put,62.94,63.82,0.0,,,,-1.0,0.0,0.0,0.0,0.0,spy_options_2021.parquet,6376722
SPY,2021-04-07,2021-04-07T16:00:00-04:00,406.57,2021-05-10,33.0,0.09041095890410959,475.0,call,0.0,0.02,0.0,,,0.17163,0.00161,0.00024,0.00705,-0.00141,0.00072,spy_options_2021.parquet,6376723
SPY,2021-04-07,2021-04-07T16:00:00-04:00,406.57,2021-05-10,33.0,0.09041095890410959,475.0,put,67.94,68.82,0.0,,,,-1.0,0.0,0.0,0.0,0.0,spy_options_2021.parquet,6376723
SPY,2021-04-07,2021-04-07T16:00:00-04:00,406.57,2021-05-10,33.0,0.09041095890410959,480.0,call,0.0,0.02,0.02,7,,0.18327,0.00185,0.00027,0.00699,-0.00132,0.0005,spy_options_2021.parquet,6376724
SPY,2021-04-07,2021-04-07T16:00:00-04:00,406.57,2021-05-10,33.0,0.09041095890410959,480.0,put,72.94,73.82,0.0,,,,-1.0,0.0,0.0,0.0,0.0,spy_options_2021.parquet,6376724
SPY,2021-04-07,2021-04-07T16:00:00-04:00,406.57,2021-05-10,33.0,0.09041095890410959,485.0,call,0.0,0.02,0.02,0,,0.19358,0.00144,0.00017,0.00585,-0.00154,0.00088,spy_options_2021.parquet,6376725
SPY,2021-04-07,2021-04-07T16:00:00-04:00,406.57,2021-05-10,33.0,0.09041095890410959,485.0,put,77.93,78.82,0.0,,,,-1.0,0.0,0.0,0.0,0.0,spy_options_2021.parquet,6376725
SPY,2021-04-07,2021-04-07T16:00:00-04:00,406.57,2021-05-12,35.0,0.0958904109589041,315.0,call,91.45,92.32,0.0,,,0.39335,0.98354,0.00082,0.05273,-0.02788,0.30331,spy_options_2021.parquet,6376726
SPY,2021-04-07,2021-04-07T16:00:00-04:00,406.57,2021-05-12,35.0,0.0958904109589041,315.0,put,0.2,0.22,0.21,22,,0.37114,-0.01252,0.00063,0.04087,-0.02054,-0.00533,spy_options_2021.parquet,6376726
SPY,2021-04-07,2021-04-07T16:00:00-04:00,406.57,2021-05-12,35.0,0.0958904109589041,320.0,call,86.49,87.35,0.0,,,0.37773,0.98111,0.00095,0.05856,-0.03012,0.30735,spy_options_2021.parquet,6376727
SPY,2021-04-07,2021-04-07T16:00:00-04:00,406.57,2021-05-12,35.0,0.0958904109589041,320.0,put,0.23,0.24,0.0,,,0.35676,-0.01455,0.00075,0.04598,-0.02233,-0.00555,spy_options_2021.parquet,6376727
SPY,2021-04-07,2021-04-07T16:00:00-04:00,406.57,2021-05-12,35.0,0.0958904109589041,325.0,call,81.52,82.39,0.0,,,0.36235,0.97862,0.00109,0.06509,-0.03283,0.31091,spy_options_2021.parquet,6376728
SPY,2021-04-07,2021-04-07T16:00:00-04:00,406.57,2021-05-12,35.0,0.0958904109589041,325.0,put,0.26,0.28,0.0,,,0.34398,-0.01698,0.00095,0.05269,-0.02435,-0.00711,spy_options_2021.parquet,6376728
SPY,2021-04-07,2021-04-07T16:00:00-04:00,406.57,2021-05-12,35.0,0.0958904109589041,330.0,call,76.55,77.4,0.0,,,0.34435,0.97648,0.00129,0.07131,-0.03379,0.31548,spy_options_2021.parquet,6376729
SPY,2021-04-07,2021-04-07T16:00:00-04:00,406.57,2021-05-12,35.0,0.0958904109589041,330.0,put,0.3,0.32,0.0,,,0.33017,-0.01945,0.0011,0.06034,-0.02728,-0.00829,spy_options_2021.parquet,6376729
SPY,2021-04-07,2021-04-07T16:00:00-04:00,406.57,2021-05-12,35.0,0.0958904109589041,335.0,call,71.61,72.47,0.0,,,0.33077,0.9722,0.00149,0.0816,-0.03644,0.31872,spy_options_2021.parquet,6376730
SPY,2021-04-07,2021-04-07T16:00:00-04:00,406.57,2021-05-12,35.0,0.0958904109589041,335.0,put,0.34,0.36,0.0,,,0.31594,-0.0224,0.00137,0.0686,-0.02953,-0.0093,spy_options_2021.parquet,6376730
SPY,2021-04-07,2021-04-07T16:00:00-04:00,406.57,2021-05-12,35.0,0.0958904109589041,340.0,call,66.67,67.53,0.0,,,0.31635,0.96746,0.00181,0.09252,-0.03967,0.32134,spy_options_2021.parquet,6376731
SPY,2021-04-07,2021-04-07T16:00:00-04:00,406.57,2021-05-12,35.0,0.0958904109589041,340.0,put,0.39,0.42,0.0,,,0.30246,-0.02642,0.00157,0.07904,-0.03209,-0.01144,spy_options_2021.parquet,6376731
SPY,2021-04-07,2021-04-07T16:00:00-04:00,406.57,2021-05-12,35.0,0.0958904109589041,345.0,call,61.74,62.6,0.0,,,0.3018,0.9625,0.00209,0.10425,-0.04301,0.32474,spy_options_2021.parquet,6376732
SPY,2021-04-07,2021-04-07T16:00:00-04:00,406.57,2021-05-12,35.0,0.0958904109589041,345.0,put,0.46,0.48,0.0,,,0.28883,-0.03208,0.00197,0.0915,-0.03572,-0.01321,spy_options_2021.parquet,6376732
SPY,2021-04-07,2021-04-07T16:00:00-04:00,406.57,2021-05-12,35.0,0.0958904109589041,350.0,call,56.82,57.68,0.0,,,0.28701,0.95582,0.00257,0.11782,-0.04666,0.32711,spy_options_2021.parquet,6376733
SPY,2021-04-07,2021-04-07T16:00:00-04:00,406.57,2021-05-12,35.0,0.0958904109589041,350.0,put,0.54,0.57,0.0,,,0.27619,-0.0378,0.00234,0.10621,-0.03963,-0.01529,spy_options_2021.parquet,6376733
SPY,2021-04-07,2021-04-07T16:00:00-04:00,406.57,2021-05-12,35.0,0.0958904109589041,355.0,call,51.93,52.79,0.0,,,0.27245,0.94826,0.00308,0.13566,-0.05053,0.32866,spy_options_2021.parquet,6376734
SPY,2021-04-07,2021-04-07T16:00:00-04:00,406.57,2021-05-12,35.0,0.0958904109589041,355.0,put,0.64,0.67,0.0,,,0.26305,-0.04583,0.00284,0.12329,-0.04457,-0.019,spy_options_2021.parquet,6376734
SPY,2021-04-07,2021-04-07T16:00:00-04:00,406.57,2021-05-12,35.0,0.0958904109589041,360.0,call,47.32,47.92,0.0,,,0.26652,0.93287,0.00383,0.16659,-0.06131,0.32633,spy_options_2021.parquet,6376735
SPY,2021-04-07,2021-04-07T16:00:00-04:00,406.57,2021-05-12,35.0,0.0958904109589041,360.0,put,0.78,0.81,0.0,,,0.2507,-0.05629,0.00356,0.14584,-0.04956,-0.02303,spy_options_2021.parquet,6376735
SPY,2021-04-07,2021-04-07T16:00:00-04:00,406.57,2021-05-12,35.0,0.0958904109589041,365.0,call,42.27,43.09,0.0,,,0.24614,0.92446,0.00459,0.18251,-0.06242,0.3284,spy_options_2021.parquet,6376736
SPY,2021-04-07,2021-04-07T16:00:00-04:00,406.57,2021-05-12,35.0,0.0958904109589041,365.0,put,0.95,0.98,0.96,12,,0.23807,-0.06963,0.00434,0.17168,-0.05563,-0.02842,spy_options_2021.parquet,6376736
SPY,2021-04-07,2021-04-07T16:00:00-04:00,406.57,2021-05-12,35.0,0.0958904109589041,370.0,call,37.82,38.04,0.0,,,0.23431,0.9064,0.00562,0.21362,-0.06925,0.32527,spy_options_2021.parquet,6376737
SPY,2021-04-07,2021-04-07T16:00:00-04:00,406.57,2021-05-12,35.0,0.0958904109589041,370.0,put,1.16,1.2,1.19,25,,0.22585,-0.0865,0.00545,0.2014,-0.06235,-0.03603,spy_options_2021.parquet,6376737
SPY,2021-04-07,2021-04-07T16:00:00-04:00,406.57,2021-05-12,35.0,0.0958904109589041,375.0,call,33.09,33.31,0.0,,,0.22105,0.88551,0.00689,0.24779,-0.07541,0.32207,spy_options_2021.parquet,6376738
SPY,2021-04-07,2021-04-07T16:00:00-04:00,406.57,2021-05-12,35.0,0.0958904109589041,375.0,put,1.43,1.47,1.5,25,,0.21328,-0.10764,0.00677,0.23679,-0.06945,-0.04475,spy_options_2021.parquet,6376738
SPY,2021-04-07,2021-04-07T16:00:00-04:00,406.57,2021-05-12,35.0,0.0958904109589041,380.0,call,28.23,28.81,0.0,,,0.20662,0.85876,0.00844,0.28465,-0.08196,0.31634,spy_options_2021.parquet,6376739
SPY,2021-04-07,2021-04-07T16:00:00-04:00,406.57,2021-05-12,35.0,0.0958904109589041,380.0,put,1.77,1.82,1.85,18,,0.20037,-0.13493,0.00843,0.2776,-0.07755,-0.05592,spy_options_2021.parquet,6376739
SPY,2021-04-07,2021-04-07T16:00:00-04:00,406.57,2021-05-12,35.0,0.0958904109589041,385.0,call,23.87,24.09,0.0,,,0.19254,0.82432,0.01054,0.33013,-0.08853,0.30627,spy_options_2021.parquet,6376740
SPY,2021-04-07,2021-04-07T16:00:00-04:00,406.57,2021-05-12,35.0,0.0958904109589041,385.0,put,2.22,2.27,2.31,25,,0.18775,-0.17045,0.01058,0.32421,-0.08469,-0.0699,spy_options_2021.parquet,6376740
SPY,2021-04-07,2021-04-07T16:00:00-04:00,406.57,2021-05-12,35.0,0.0958904109589041,390.0,call,19.38,19.65,18.91,4,,0.17771,0.7807,0.013,0.37815,-0.09396,0.29362,spy_options_2021.parquet,6376741
SPY,2021-04-07,2021-04-07T16:00:00-04:00,406.57,2021-05-12,35.0,0.0958904109589041,390.0,put,2.79,2.85,2.92,27,,0.17449,-0.21611,0.01309,0.3744,-0.09047,-0.08868,spy_options_2021.parquet,6376741
SPY,2021-04-07,2021-04-07T16:00:00-04:00,406.57,2021-05-12,35.0,0.0958904109589041,395.0,call,15.16,15.42,0.0,,,0.16467,0.72073,0.01607,0.42908,-0.09799,0.27423,spy_options_2021.parquet,6376742
SPY,2021-04-07,2021-04-07T16:00:00-04:00,406.57,2021-05-12,35.0,0.0958904109589041,395.0,put,3.56,3.63,3.63,292,,0.16122,-0.27574,0.01627,0.42675,-0.09646,-0.11305,spy_options_2021.parquet,6376742
SPY,2021-04-07,2021-04-07T16:00:00-04:00,406.57,2021-05-12,35.0,0.0958904109589041,400.0,call,11.31,11.41,11.39,2,,0.15112,0.64357,0.01938,0.4755,-0.10088,0.24662,spy_options_2021.parquet,6376743
SPY,2021-04-07,2021-04-07T16:00:00-04:00,406.57,2021-05-12,35.0,0.0958904109589041,400.0,put,4.59,4.67,4.68,736,,0.14811,-0.35379,0.01973,0.47533,-0.09843,-0.14458,spy_options_2021.parquet,6376743
SPY,2021-04-07,2021-04-07T16:00:00-04:00,406.57,2021-05-12,35.0,0.0958904109589041,405.0,call,7.75,7.85,7.79,26,,0.137,0.54435,0.02257,0.50592,-0.09772,0.21019,spy_options_2021.parquet,6376744
SPY,2021-04-07,2021-04-07T16:00:00-04:00,406.57,2021-05-12,35.0,0.0958904109589041,405.0,put,6.05,6.17,6.47,24,,0.13516,-0.45485,0.023,0.50615,-0.09543,-0.18327,spy_options_2021.parquet,6376744
SPY,2021-04-07,2021-04-07T16:00:00-04:00,406.57,2021-05-12,35.0,0.0958904109589041,410.0,call,4.93,5.01,4.8,203,,0.12812,0.42499,0.02403,0.50023,-0.08962,0.16539,spy_options_2021.parquet,6376745
SPY,2021-04-07,2021-04-07T16:00:00-04:00,406.57,2021-05-12,35.0,0.0958904109589041,410.0,put,8.21,8.3,8.67,48,,0.12524,-0.57727,0.02451,0.50004,-0.08741,-0.22862,spy_options_2021.parquet,6376745
SPY,2021-04-07,2021-04-07T16:00:00-04:00,406.57,2021-05-12,35.0,0.0958904109589041,415.0,call,2.85,2.92,2.83,270,,0.12043,0.30122,0.02256,0.44454,-0.07478,0.11732,spy_options_2021.parquet,6376746
SPY,2021-04-07,2021-04-07T16:00:00-04:00,406.57,2021-05-12,35.0,0.0958904109589041,415.0,put,10.98,11.36,11.35,167,,0.11719,-0.70407,0.02287,0.44175,-0.07207,-0.26808,spy_options_2021.parquet,6376746
SPY,2021-04-07,2021-04-07T16:00:00-04:00,406.57,2021-05-12,35.0,0.0958904109589041,420.0,call,1.56,1.61,1.58,12,,0.1173,0.19398,0.01837,0.35097,-0.05686,0.07652,spy_options_2021.parquet,6376747
SPY,2021-04-07,2021-04-07T16:00:00-04:00,406.57,2021-05-12,35.0,0.0958904109589041,420.0,put,14.75,15.01,0.0,,,0.11417,-0.81232,0.0181,0.34445,-0.05438,-0.28522,spy_options_2021.parquet,6376747
SPY,2021-04-07,2021-04-07T16:00:00-04:00,406.57,2021-05-12,35.0,0.0958904109589041,425.0,call,0.82,0.87,0.81,54,,0.11656,0.11748,0.01321,0.25158,-0.04103,0.04655,spy_options_2021.parquet,6376748
SPY,2021-04-07,2021-04-07T16:00:00-04:00,406.57,2021-05-12,35.0,0.0958904109589041,425.0,put,18.74,19.56,0.0,,,0.11336,-0.8871,0.01206,0.24395,-0.03807,-0.26614,spy_options_2021.parquet,6376748
SPY,2021-04-07,2021-04-07T16:00:00-04:00,406.57,2021-05-12,35.0,0.0958904109589041,430.0,call,0.44,0.47,0.5,11,,0.11863,0.06869,0.00876,0.16979,-0.0276,0.02745,spy_options_2021.parquet,6376749
SPY,2021-04-07,2021-04-07T16:00:00-04:00,406.57,2021-05-12,35.0,0.0958904109589041,430.0,put,23.34,24.2,0.0,,,0.11511,-0.92681,0.00649,0.17356,-0.02732,-0.21482,spy_options_2021.parquet,6376749
SPY,2021-04-07,2021-04-07T16:00:00-04:00,406.57,2021-05-12,35.0,0.0958904109589041,435.0,call,0.24,0.27,0.24,1547,,0.12205,0.04069,0.00557,0.11204,-0.01925,0.01631,spy_options_2021.parquet,6376750
SPY,2021-04-07,2021-04-07T16:00:00-04:00,406.57,2021-05-12,35.0,0.0958904109589041,435.0,put,28.14,29.01,0.0,,,0.12172,-0.94111,0.00269,0.14266,-0.02359,-0.15601,spy_options_2021.parquet,6376750
SPY,2021-04-07,2021-04-07T16:00:00-04:00,406.57,2021-05-12,35.0,0.0958904109589041,440.0,call,0.14,0.16,0.0,,,0.12711,0.02512,0.00359,0.07467,-0.01309,0.00966,spy_options_2021.parquet,6376751
SPY,2021-04-07,2021-04-07T16:00:00-04:00,406.57,2021-05-12,35.0,0.0958904109589041,440.0,put,33.35,33.74,0.0,,,0.13938,-0.94146,0.00166,0.13985,-0.02736,-0.14203,spy_options_2021.parquet,6376751
SPY,2021-04-07,2021-04-07T16:00:00-04:00,406.57,2021-05-12,35.0,0.0958904109589041,445.0,call,0.09,0.1,0.1,2,,0.13278,0.01592,0.0023,0.0506,-0.00916,0.00673,spy_options_2021.parquet,6376752
SPY,2021-04-07,2021-04-07T16:00:00-04:00,406.57,2021-05-12,35.0,0.0958904109589041,445.0,put,38.03,38.87,0.0,,,0.15176,-0.9418,0.00026,0.13685,-0.02037,-0.11009,spy_options_2021.parquet,6376752
SPY,2021-04-07,2021-04-07T16:00:00-04:00,406.57,2021-05-12,35.0,0.0958904109589041,450.0,call,0.05,0.07,0.08,20,,0.13802,0.0097,0.00157,0.03408,-0.00638,0.00421,spy_options_2021.parquet,6376753
SPY,2021-04-07,2021-04-07T16:00:00-04:00,406.57,2021-05-12,35.0,0.0958904109589041,450.0,put,42.97,43.84,0.0,,,,-1.0,0.0,0.0,0.0,0.0,spy_options_2021.parquet,6376753
SPY,2021-04-07,2021-04-07T16:00:00-04:00,406.57,2021-05-12,35.0,0.0958904109589041,455.0,call,0.03,0.05,0.0,,,0.14416,0.00695,0.00106,0.0237,-0.00485,0.0028,spy_options_2021.parquet,6376754
SPY,2021-04-07,2021-04-07T16:00:00-04:00,406.57,2021-05-12,35.0,0.0958904109589041,455.0,put,47.95,48.82,0.0,,,,-1.0,0.0,0.0,0.0,0.0,spy_options_2021.parquet,6376754
SPY,2021-04-07,2021-04-07T16:00:00-04:00,406.57,2021-05-12,35.0,0.0958904109589041,460.0,call,0.02,0.04,0.0,,,0.15125,0.00532,0.00071,0.01805,-0.00346,0.00241,spy_options_2021.parquet,6376755
SPY,2021-04-07,2021-04-07T16:00:00-04:00,406.57,2021-05-12,35.0,0.0958904109589041,460.0,put,52.96,53.78,0.0,,,,-1.0,0.0,0.0,0.0,0.0,spy_options_2021.parquet,6376755
SPY,2021-04-07,2021-04-07T16:00:00-04:00,406.57,2021-05-12,35.0,0.0958904109589041,465.0,call,0.01,0.03,0.0,,,0.15658,0.00341,0.0005,0.01274,-0.00316,0.00101,spy_options_2021.parquet,6376756
SPY,2021-04-07,2021-04-07T16:00:00-04:00,406.57,2021-05-12,35.0,0.0958904109589041,465.0,put,57.95,58.81,0.0,,,,-1.0,0.0,0.0,0.0,0.0,spy_options_2021.parquet,6376756
SPY,2021-04-07,2021-04-07T16:00:00-04:00,406.57,2021-05-12,35.0,0.0958904109589041,470.0,call,0.01,0.03,0.0,,,0.16751,0.00346,0.00048,0.01242,-0.00269,0.00132,spy_options_2021.parquet,6376757
SPY,2021-04-07,2021-04-07T16:00:00-04:00,406.57,2021-05-12,35.0,0.0958904109589041,470.0,put,62.94,63.81,0.0,,,,-1.0,0.0,0.0,0.0,0.0,spy_options_2021.parquet,6376757
SPY,2021-04-07,2021-04-07T16:00:00-04:00,406.57,2021-05-12,35.0,0.0958904109589041,475.0,call,0.0,0.02,0.0,,,0.16743,0.00125,0.00024,0.00699,-0.00181,0.00087,spy_options_2021.parquet,6376758
SPY,2021-04-07,2021-04-07T16:00:00-04:00,406.57,2021-05-12,35.0,0.0958904109589041,475.0,put,67.94,68.81,0.0,,,,-1.0,0.0,0.0,0.0,0.0,spy_options_2021.parquet,6376758
SPY,2021-04-07,2021-04-07T16:00:00-04:00,406.57,2021-05-12,35.0,0.0958904109589041,480.0,call,0.0,0.02,0.0,,,0.17844,0.00118,0.00026,0.00679,-0.0013,0.00061,spy_options_2021.parquet,6376759
SPY,2021-04-07,2021-04-07T16:00:00-04:00,406.57,2021-05-12,35.0,0.0958904109589041,480.0,put,72.94,73.81,0.0,,,,-1.0,0.0,0.0,0.0,0.0,spy_options_2021.parquet,6376759
SPY,2021-04-07,2021-04-07T16:00:00-04:00,406.57,2021-05-12,35.0,0.0958904109589041,485.0,call,0.0,0.02,0.02,20,,0.18756,0.00168,0.00018,0.00619,-0.00179,0.00034,spy_options_2021.parquet,6376760
SPY,2021-04-07,2021-04-07T16:00:00-04:00,406.57,2021-05-12,35.0,0.0958904109589041,485.0,put,77.95,78.81,0.0,,,,-1.0,0.0,0.0,0.0,0.0,spy_options_2021.parquet,6376760
SPY,2021-04-07,2021-04-07T16:00:00-04:00,406.57,2021-05-14,37.0,0.10136986301369863,275.0,call,131.27,132.24,0.0,,,0.51862,0.99238,0.00026,0.02745,-0.01879,0.28281,spy_options_2021.parquet,6376761
SPY,2021-04-07,2021-04-07T16:00:00-04:00,406.57,2021-05-14,37.0,0.10136986301369863,275.0,put,0.09,0.1,0.0,,,0.47971,-0.00443,0.00019,0.01752,-0.01066,-0.00183,spy_options_2021.parquet,6376761
SPY,2021-04-07,2021-04-07T16:00:00-04:00,406.57,2021-05-14,37.0,0.10136986301369863,280.0,call,126.28,127.25,0.0,,,0.50006,0.99125,0.00037,0.03008,-0.0197,0.28779,spy_options_2021.parquet,6376762
SPY,2021-04-07,2021-04-07T16:00:00-04:00,406.57,2021-05-14,37.0,0.10136986301369863,280.0,put,0.1,0.11,0.12,1,,0.46472,-0.00534,0.00022,0.01958,-0.01115,-0.00195,spy_options_2021.parquet,6376762
SPY,2021-04-07,2021-04-07T16:00:00-04:00,406.57,2021-05-14,37.0,0.10136986301369863,285.0,call,121.3,122.26,0.0,,,0.48399,0.99062,0.00035,0.03261,-0.02067,0.2928,spy_options_2021.parquet,6376763
SPY,2021-04-07,2021-04-07T16:00:00-04:00,406.57,2021-05-14,37.0,0.10136986301369863,285.0,put,0.12,0.13,0.13,1140,,0.4538,-0.00652,0.00025,0.02325,-0.01301,-0.00322,spy_options_2021.parquet,6376763
SPY,2021-04-07,2021-04-07T16:00:00-04:00,406.57,2021-05-14,37.0,0.10136986301369863,290.0,call,116.42,117.13,0.0,,,0.46078,0.9902,0.00046,0.03293,-0.01983,0.29735,spy_options_2021.parquet,6376764
SPY,2021-04-07,2021-04-07T16:00:00-04:00,406.57,2021-05-14,37.0,0.10136986301369863,290.0,put,0.13,0.14,0.0,,,0.43794,-0.00706,0.00036,0.02558,-0.01392,-0.00335,spy_options_2021.parquet,6376764
SPY,2021-04-07,2021-04-07T16:00:00-04:00,406.57,2021-05-14,37.0,0.10136986301369863,295.0,call,111.33,112.3,0.0,,,0.45052,0.98854,0.00045,0.03875,-0.02299,0.30176,spy_options_2021.parquet,6376765
SPY,2021-04-07,2021-04-07T16:00:00-04:00,406.57,2021-05-14,37.0,0.10136986301369863,295.0,put,0.14,0.15,0.0,,,0.42197,-0.00782,0.00036,0.02739,-0.01445,-0.00348,spy_options_2021.parquet,6376765
SPY,2021-04-07,2021-04-07T16:00:00-04:00,406.57,2021-05-14,37.0,0.10136986301369863,300.0,call,106.36,107.13,0.0,,,0.41076,0.99132,0.00048,0.03175,-0.01716,0.30807,spy_options_2021.parquet,6376766
SPY,2021-04-07,2021-04-07T16:00:00-04:00,406.57,2021-05-14,37.0,0.10136986301369863,300.0,put,0.16,0.17,0.17,2,,0.40867,-0.00909,0.00048,0.03145,-0.01609,-0.004,spy_options_2021.parquet,6376766
SPY,2021-04-07,2021-04-07T16:00:00-04:00,406.57,2021-05-14,37.0,0.10136986301369863,305.0,call,101.48,102.18,0.0,,,0.41311,0.98685,0.00059,0.04381,-0.02372,0.31131,spy_options_2021.parquet,6376767
SPY,2021-04-07,2021-04-07T16:00:00-04:00,406.57,2021-05-14,37.0,0.10136986301369863,305.0,put,0.18,0.19,0.2,1,,0.39456,-0.01025,0.00051,0.0357,-0.01833,-0.00477,spy_options_2021.parquet,6376767
SPY,2021-04-07,2021-04-07T16:00:00-04:00,406.57,2021-05-14,37.0,0.10136986301369863,310.0,call,96.44,97.25,0.0,,,0.39535,0.9855,0.00075,0.04751,-0.0247,0.31589,spy_options_2021.parquet,6376768
SPY,2021-04-07,2021-04-07T16:00:00-04:00,406.57,2021-05-14,37.0,0.10136986301369863,310.0,put,0.2,0.22,0.22,12,,0.38084,-0.01191,0.00057,0.03992,-0.01955,-0.00525,spy_options_2021.parquet,6376768
SPY,2021-04-07,2021-04-07T16:00:00-04:00,406.57,2021-05-14,37.0,0.10136986301369863,315.0,call,91.5,92.42,0.0,,,0.39568,0.98023,0.00095,0.06206,-0.0317,0.31871,spy_options_2021.parquet,6376769
SPY,2021-04-07,2021-04-07T16:00:00-04:00,406.57,2021-05-14,37.0,0.10136986301369863,315.0,put,0.23,0.24,0.24,24232,,0.36774,-0.01296,0.00067,0.04498,-0.0216,-0.0057,spy_options_2021.parquet,6376769
SPY,2021-04-07,2021-04-07T16:00:00-04:00,406.57,2021-05-14,37.0,0.10136986301369863,320.0,call,86.48,87.44,0.0,,,0.37402,0.97917,0.00104,0.06445,-0.03126,0.32342,spy_options_2021.parquet,6376770
SPY,2021-04-07,2021-04-07T16:00:00-04:00,406.57,2021-05-14,37.0,0.10136986301369863,320.0,put,0.26,0.27,0.27,1703,,0.35364,-0.01569,0.0008,0.05181,-0.02288,-0.00726,spy_options_2021.parquet,6376770
SPY,2021-04-07,2021-04-07T16:00:00-04:00,406.57,2021-05-14,37.0,0.10136986301369863,325.0,call,81.51,82.48,0.0,,,0.35883,0.97694,0.00117,0.07142,-0.03278,0.32756,spy_options_2021.parquet,6376771
SPY,2021-04-07,2021-04-07T16:00:00-04:00,406.57,2021-05-14,37.0,0.10136986301369863,325.0,put,0.3,0.31,0.3,7,,0.34035,-0.01806,0.00101,0.05923,-0.02563,-0.00818,spy_options_2021.parquet,6376771
SPY,2021-04-07,2021-04-07T16:00:00-04:00,406.57,2021-05-14,37.0,0.10136986301369863,330.0,call,76.54,77.5,0.0,,,0.34121,0.97475,0.00131,0.07759,-0.03453,0.33235,spy_options_2021.parquet,6376772
SPY,2021-04-07,2021-04-07T16:00:00-04:00,406.57,2021-05-14,37.0,0.10136986301369863,330.0,put,0.34,0.35,0.38,20,,0.32703,-0.02114,0.00121,0.06664,-0.02801,-0.00921,spy_options_2021.parquet,6376772
SPY,2021-04-07,2021-04-07T16:00:00-04:00,406.57,2021-05-14,37.0,0.10136986301369863,335.0,call,71.61,72.58,0.0,,,0.3286,0.96952,0.00163,0.08897,-0.03797,0.33477,spy_options_2021.parquet,6376773
SPY,2021-04-07,2021-04-07T16:00:00-04:00,406.57,2021-05-14,37.0,0.10136986301369863,335.0,put,0.39,0.4,0.4,48004,,0.31309,-0.02473,0.00143,0.07592,-0.03058,-0.0106,spy_options_2021.parquet,6376773
SPY,2021-04-07,2021-04-07T16:00:00-04:00,406.57,2021-05-14,37.0,0.10136986301369863,340.0,call,66.67,67.64,0.0,,,0.31355,0.9657,0.0019,0.10037,-0.04112,0.33897,spy_options_2021.parquet,6376774
SPY,2021-04-07,2021-04-07T16:00:00-04:00,406.57,2021-05-14,37.0,0.10136986301369863,340.0,put,0.45,0.46,0.45,10,,0.29963,-0.02896,0.00167,0.08685,-0.03325,-0.01319,spy_options_2021.parquet,6376774
SPY,2021-04-07,2021-04-07T16:00:00-04:00,406.57,2021-05-14,37.0,0.10136986301369863,345.0,call,61.74,62.49,0.0,,,0.28836,0.96519,0.00201,0.10084,-0.03837,0.34337,spy_options_2021.parquet,6376775
SPY,2021-04-07,2021-04-07T16:00:00-04:00,406.57,2021-05-14,37.0,0.10136986301369863,345.0,put,0.52,0.54,0.55,54,,0.28739,-0.03401,0.00199,0.10094,-0.03681,-0.01501,spy_options_2021.parquet,6376775
SPY,2021-04-07,2021-04-07T16:00:00-04:00,406.57,2021-05-14,37.0,0.10136986301369863,350.0,call,56.86,57.79,0.0,,,0.28496,0.95319,0.00262,0.1282,-0.04774,0.34304,spy_options_2021.parquet,6376776
SPY,2021-04-07,2021-04-07T16:00:00-04:00,406.57,2021-05-14,37.0,0.10136986301369863,350.0,put,0.62,0.63,0.65,36,,0.27472,-0.04129,0.00249,0.11718,-0.04183,-0.0182,spy_options_2021.parquet,6376776
SPY,2021-04-07,2021-04-07T16:00:00-04:00,406.57,2021-05-14,37.0,0.10136986301369863,355.0,call,52.3,52.71,0.0,,,0.27543,0.9421,0.00318,0.15271,-0.05499,0.34361,spy_options_2021.parquet,6376777
SPY,2021-04-07,2021-04-07T16:00:00-04:00,406.57,2021-05-14,37.0,0.10136986301369863,355.0,put,0.73,0.75,0.75,24088,,0.26201,-0.04991,0.00303,0.13593,-0.04621,-0.02164,spy_options_2021.parquet,6376777
SPY,2021-04-07,2021-04-07T16:00:00-04:00,406.57,2021-05-14,37.0,0.10136986301369863,360.0,call,47.11,47.85,46.63,3,,0.25082,0.93837,0.0037,0.15921,-0.05189,0.34715,spy_options_2021.parquet,6376778
SPY,2021-04-07,2021-04-07T16:00:00-04:00,406.57,2021-05-14,37.0,0.10136986301369863,360.0,put,0.88,0.89,0.91,27,,0.24982,-0.0605,0.00368,0.15872,-0.05155,-0.02684,spy_options_2021.parquet,6376778
SPY,2021-04-07,2021-04-07T16:00:00-04:00,406.57,2021-05-14,37.0,0.10136986301369863,365.0,call,42.32,43.25,0.0,,,0.24484,0.91967,0.00463,0.19581,-0.06337,0.34465,spy_options_2021.parquet,6376779
SPY,2021-04-07,2021-04-07T16:00:00-04:00,406.57,2021-05-14,37.0,0.10136986301369863,365.0,put,1.06,1.08,1.09,29,,0.23747,-0.07476,0.00455,0.18474,-0.05721,-0.03256,spy_options_2021.parquet,6376779
SPY,2021-04-07,2021-04-07T16:00:00-04:00,406.57,2021-05-14,37.0,0.10136986301369863,370.0,call,37.55,38.48,0.0,,,0.23205,0.90242,0.00567,0.2253,-0.06869,0.34234,spy_options_2021.parquet,6376780
SPY,2021-04-07,2021-04-07T16:00:00-04:00,406.57,2021-05-14,37.0,0.10136986301369863,370.0,put,1.3,1.32,1.33,136,,0.22669,-0.09205,0.00555,0.21709,-0.06412,-0.04043,spy_options_2021.parquet,6376780
SPY,2021-04-07,2021-04-07T16:00:00-04:00,406.57,2021-05-14,37.0,0.10136986301369863,372.5,call,35.62,35.78,0.0,,,0.22745,0.89006,0.00625,0.24566,-0.07361,0.33958,spy_options_2021.parquet,6376781
SPY,2021-04-07,2021-04-07T16:00:00-04:00,406.57,2021-05-14,37.0,0.10136986301369863,372.5,put,1.44,1.46,1.56,3,,0.21973,-0.10236,0.00618,0.23476,-0.0673,-0.04485,spy_options_2021.parquet,6376781
SPY,2021-04-07,2021-04-07T16:00:00-04:00,406.57,2021-05-14,37.0,0.10136986301369863,375.0,call,32.85,33.77,0.0,,,0.2196,0.88122,0.00693,0.26135,-0.07485,0.33793,spy_options_2021.parquet,6376782
SPY,2021-04-07,2021-04-07T16:00:00-04:00,406.57,2021-05-14,37.0,0.10136986301369863,375.0,put,1.59,1.61,1.62,304,,0.21374,-0.11346,0.0069,0.25388,-0.07072,-0.04939,spy_options_2021.parquet,6376782
SPY,2021-04-07,2021-04-07T16:00:00-04:00,406.57,2021-05-14,37.0,0.10136986301369863,377.5,call,30.95,31.11,28.87,1,,0.21432,0.86653,0.00763,0.28263,-0.08025,0.33431,spy_options_2021.parquet,6376783
SPY,2021-04-07,2021-04-07T16:00:00-04:00,406.57,2021-05-14,37.0,0.10136986301369863,377.5,put,1.77,1.79,1.84,3,,0.20774,-0.12704,0.00761,0.27372,-0.07439,-0.05561,spy_options_2021.parquet,6376783
SPY,2021-04-07,2021-04-07T16:00:00-04:00,406.57,2021-05-14,37.0,0.10136986301369863,380.0,call,28.22,29.13,29.43,0,,0.20639,0.85348,0.00852,0.30093,-0.08153,0.33138,spy_options_2021.parquet,6376784
SPY,2021-04-07,2021-04-07T16:00:00-04:00,406.57,2021-05-14,37.0,0.10136986301369863,380.0,put,1.95,1.98,2.03,390,,0.20165,-0.14151,0.00853,0.29472,-0.07816,-0.06179,spy_options_2021.parquet,6376784
SPY,2021-04-07,2021-04-07T16:00:00-04:00,406.57,2021-05-14,37.0,0.10136986301369863,382.5,call,25.94,26.85,0.0,,,0.19939,0.83725,0.00944,0.32347,-0.08503,0.3268,spy_options_2021.parquet,6376785
SPY,2021-04-07,2021-04-07T16:00:00-04:00,406.57,2021-05-14,37.0,0.10136986301369863,382.5,put,2.18,2.21,2.2,40,,0.19487,-0.15887,0.00943,0.31748,-0.08144,-0.06858,spy_options_2021.parquet,6376785
SPY,2021-04-07,2021-04-07T16:00:00-04:00,406.57,2021-05-14,37.0,0.10136986301369863,384.0,call,25.01,25.16,0.0,,,0.19665,0.82415,0.01007,0.33892,-0.08822,0.3223,spy_options_2021.parquet,6376786
SPY,2021-04-07,2021-04-07T16:00:00-04:00,406.57,2021-05-14,37.0,0.10136986301369863,384.0,put,2.32,2.35,2.35,9,,0.19168,-0.16949,0.01005,0.33221,-0.08313,-0.07329,spy_options_2021.parquet,6376786
SPY,2021-04-07,2021-04-07T16:00:00-04:00,406.57,2021-05-14,37.0,0.10136986301369863,385.0,call,24.11,24.26,0.0,,,0.1935,0.81707,0.0104,0.34758,-0.08857,0.31998,spy_options_2021.parquet,6376787
SPY,2021-04-07,2021-04-07T16:00:00-04:00,406.57,2021-05-14,37.0,0.10136986301369863,385.0,put,2.42,2.45,2.48,21,,0.18891,-0.17706,0.01049,0.34087,-0.08436,-0.0768,spy_options_2021.parquet,6376787
SPY,2021-04-07,2021-04-07T16:00:00-04:00,406.57,2021-05-14,37.0,0.10136986301369863,386.0,call,23.16,23.33,23.39,10,,0.18998,0.81053,0.01094,0.35494,-0.08914,0.31846,spy_options_2021.parquet,6376788
SPY,2021-04-07,2021-04-07T16:00:00-04:00,406.57,2021-05-14,37.0,0.10136986301369863,386.0,put,2.53,2.56,2.69,2,,0.18575,-0.18508,0.01093,0.35072,-0.08568,-0.08069,spy_options_2021.parquet,6376788
SPY,2021-04-07,2021-04-07T16:00:00-04:00,406.57,2021-05-14,37.0,0.10136986301369863,387.0,call,22.33,22.49,0.0,,,0.18876,0.79975,0.01137,0.36697,-0.09158,0.3148,spy_options_2021.parquet,6376789
SPY,2021-04-07,2021-04-07T16:00:00-04:00,406.57,2021-05-14,37.0,0.10136986301369863,387.0,put,2.65,2.68,2.76,3,,0.18386,-0.19415,0.01138,0.36092,-0.08767,-0.08433,spy_options_2021.parquet,6376789
SPY,2021-04-07,2021-04-07T16:00:00-04:00,406.57,2021-05-14,37.0,0.10136986301369863,387.5,call,21.83,22.0,0.0,,,0.18588,0.79758,0.01162,0.37014,-0.0908,0.31412,spy_options_2021.parquet,6376790
SPY,2021-04-07,2021-04-07T16:00:00-04:00,406.57,2021-05-14,37.0,0.10136986301369863,387.5,put,2.69,2.73,2.75,8,,0.18239,-0.19833,0.0117,0.36607,-0.08772,-0.08608,spy_options_2021.parquet,6376790
SPY,2021-04-07,2021-04-07T16:00:00-04:00,406.57,2021-05-14,37.0,0.10136986301369863,388.0,call,21.39,21.56,19.25,1,,0.184,0.79319,0.01181,0.37482,-0.09071,0.31275,spy_options_2021.parquet,6376791
SPY,2021-04-07,2021-04-07T16:00:00-04:00,406.57,2021-05-14,37.0,0.10136986301369863,388.0,put,2.75,2.79,2.83,2,,0.18043,-0.20313,0.01194,0.37106,-0.08861,-0.08801,spy_options_2021.parquet,6376791
SPY,2021-04-07,2021-04-07T16:00:00-04:00,406.57,2021-05-14,37.0,0.10136986301369863,389.0,call,20.52,20.69,20.26,2,,0.18128,0.78369,0.01232,0.38512,-0.09233,0.31012,spy_options_2021.parquet,6376792
SPY,2021-04-07,2021-04-07T16:00:00-04:00,406.57,2021-05-14,37.0,0.10136986301369863,389.0,put,2.88,2.91,3.11,10,,0.1779,-0.2125,0.01242,0.38061,-0.08963,-0.09213,spy_options_2021.parquet,6376792
SPY,2021-04-07,2021-04-07T16:00:00-04:00,406.57,2021-05-14,37.0,0.10136986301369863,390.0,call,19.72,19.87,19.74,1,,0.18025,0.77209,0.01283,0.39675,-0.09413,0.30539,spy_options_2021.parquet,6376793
SPY,2021-04-07,2021-04-07T16:00:00-04:00,406.57,2021-05-14,37.0,0.10136986301369863,390.0,put,3.02,3.05,3.03,69,,0.17595,-0.2226,0.01296,0.39188,-0.0901,-0.09655,spy_options_2021.parquet,6376793
SPY,2021-04-07,2021-04-07T16:00:00-04:00,406.57,2021-05-14,37.0,0.10136986301369863,391.0,call,18.8,18.97,0.0,,,0.17659,0.76266,0.01339,0.40459,-0.09478,0.30313,spy_options_2021.parquet,6376794
SPY,2021-04-07,2021-04-07T16:00:00-04:00,406.57,2021-05-14,37.0,0.10136986301369863,391.0,put,3.16,3.19,3.19,9,,0.17295,-0.23357,0.01355,0.40236,-0.09199,-0.10121,spy_options_2021.parquet,6376794
SPY,2021-04-07,2021-04-07T16:00:00-04:00,406.57,2021-05-14,37.0,0.10136986301369863,392.0,call,17.95,18.12,16.22,2,,0.17358,0.75181,0.0139,0.41525,-0.09528,0.29942,spy_options_2021.parquet,6376795
SPY,2021-04-07,2021-04-07T16:00:00-04:00,406.57,2021-05-14,37.0,0.10136986301369863,392.0,put,3.3,3.33,3.32,8,,0.17052,-0.24389,0.01407,0.41243,-0.09219,-0.10549,spy_options_2021.parquet,6376795
SPY,2021-04-07,2021-04-07T16:00:00-04:00,406.57,2021-05-14,37.0,0.10136986301369863,392.5,call,17.53,17.69,0.0,,,0.17256,0.74621,0.01414,0.42043,-0.09568,0.29728,spy_options_2021.parquet,6376796
SPY,2021-04-07,2021-04-07T16:00:00-04:00,406.57,2021-05-14,37.0,0.10136986301369863,392.5,put,3.38,3.41,3.42,3,,0.16861,-0.25002,0.01438,0.41686,-0.09292,-0.10801,spy_options_2021.parquet,6376796
SPY,2021-04-07,2021-04-07T16:00:00-04:00,406.57,2021-05-14,37.0,0.10136986301369863,393.0,call,17.17,17.31,17.36,1,,0.17188,0.7388,0.01445,0.42672,-0.09673,0.29447,spy_options_2021.parquet,6376797
SPY,2021-04-07,2021-04-07T16:00:00-04:00,406.57,2021-05-14,37.0,0.10136986301369863,393.0,put,3.47,3.5,3.55,198,,0.16814,-0.25667,0.01461,0.42306,-0.09367,-0.11068,spy_options_2021.parquet,6376797
SPY,2021-04-07,2021-04-07T16:00:00-04:00,406.57,2021-05-14,37.0,0.10136986301369863,394.0,call,16.34,16.48,16.97,0,,0.16932,0.72645,0.015,0.43621,-0.09793,0.28991,spy_options_2021.parquet,6376798
SPY,2021-04-07,2021-04-07T16:00:00-04:00,406.57,2021-05-14,37.0,0.10136986301369863,394.0,put,3.62,3.67,3.7,25,,0.16512,-0.26836,0.01521,0.43337,-0.09373,-0.11594,spy_options_2021.parquet,6376798
SPY,2021-04-07,2021-04-07T16:00:00-04:00,406.57,2021-05-14,37.0,0.10136986301369863,395.0,call,15.51,15.66,16.2,0,,0.1661,0.71416,0.01554,0.44649,-0.09813,0.28578,spy_options_2021.parquet,6376799
SPY,2021-04-07,2021-04-07T16:00:00-04:00,406.57,2021-05-14,37.0,0.10136986301369863,395.0,put,3.79,3.83,3.85,333,,0.16152,-0.28121,0.01583,0.44297,-0.09456,-0.12181,spy_options_2021.parquet,6376799
SPY,2021-04-07,2021-04-07T16:00:00-04:00,406.57,2021-05-14,37.0,0.10136986301369863,396.0,call,14.7,14.84,14.98,10,,0.16354,0.70064,0.01615,0.45575,-0.09898,0.28118,spy_options_2021.parquet,6376800
SPY,2021-04-07,2021-04-07T16:00:00-04:00,406.57,2021-05-14,37.0,0.10136986301369863,396.0,put,3.99,4.04,4.03,44,,0.1595,-0.29592,0.0165,0.45302,-0.09525,-0.12808,spy_options_2021.parquet,6376800
SPY,2021-04-07,2021-04-07T16:00:00-04:00,406.57,2021-05-14,37.0,0.10136986301369863,397.0,call,13.85,14.02,14.14,10,,0.16021,0.6868,0.01685,0.46472,-0.09806,0.27577,spy_options_2021.parquet,6376801
SPY,2021-04-07,2021-04-07T16:00:00-04:00,406.57,2021-05-14,37.0,0.10136986301369863,397.0,put,4.17,4.21,4.44,14,,0.15619,-0.30934,0.01712,0.46294,-0.09608,-0.13366,spy_options_2021.parquet,6376801
SPY,2021-04-07,2021-04-07T16:00:00-04:00,406.57,2021-05-14,37.0,0.10136986301369863,397.5,call,13.51,13.64,0.0,,,0.15972,0.67869,0.01706,0.46952,-0.09888,0.27337,spy_options_2021.parquet,6376802
SPY,2021-04-07,2021-04-07T16:00:00-04:00,406.57,2021-05-14,37.0,0.10136986301369863,397.5,put,4.3,4.34,4.55,0,,0.15579,-0.3172,0.01749,0.46766,-0.09669,-0.137,spy_options_2021.parquet,6376802
SPY,2021-04-07,2021-04-07T16:00:00-04:00,406.57,2021-05-14,37.0,0.10136986301369863,398.0,call,13.03,13.25,12.95,7,,0.15707,0.67178,0.01755,0.47338,-0.09908,0.27094,spy_options_2021.parquet,6376803
SPY,2021-04-07,2021-04-07T16:00:00-04:00,406.57,2021-05-14,37.0,0.10136986301369863,398.0,put,4.4,4.44,4.5,9,,0.1543,-0.32494,0.01777,0.47218,-0.09624,-0.14043,spy_options_2021.parquet,6376803
SPY,2021-04-07,2021-04-07T16:00:00-04:00,406.57,2021-05-14,37.0,0.10136986301369863,399.0,call,12.34,12.48,12.18,18,,0.15571,0.65515,0.01802,0.48327,-0.0995,0.2646,spy_options_2021.parquet,6376804
SPY,2021-04-07,2021-04-07T16:00:00-04:00,406.57,2021-05-14,37.0,0.10136986301369863,399.0,put,4.62,4.65,4.62,25,,0.15174,-0.34134,0.0185,0.48107,-0.09661,-0.14725,spy_options_2021.parquet,6376804
SPY,2021-04-07,2021-04-07T16:00:00-04:00,406.57,2021-05-14,37.0,0.10136986301369863,400.0,call,11.59,11.66,11.83,3,,0.15193,0.63956,0.01874,0.49054,-0.09921,0.25794,spy_options_2021.parquet,6376805
SPY,2021-04-07,2021-04-07T16:00:00-04:00,406.57,2021-05-14,37.0,0.10136986301369863,400.0,put,4.86,4.92,4.92,45,,0.14957,-0.35792,0.0191,0.48997,-0.09658,-0.15392,spy_options_2021.parquet,6376805
SPY,2021-04-07,2021-04-07T16:00:00-04:00,406.57,2021-05-14,37.0,0.10136986301369863,401.0,call,10.8,10.87,10.56,0,,0.14903,0.62248,0.01953,0.49853,-0.09787,0.25149,spy_options_2021.parquet,6376806
SPY,2021-04-07,2021-04-07T16:00:00-04:00,406.57,2021-05-14,37.0,0.10136986301369863,401.0,put,5.12,5.16,5.13,26,,0.14603,-0.37626,0.01978,0.49743,-0.09636,-0.16159,spy_options_2021.parquet,6376806
SPY,2021-04-07,2021-04-07T16:00:00-04:00,406.57,2021-05-14,37.0,0.10136986301369863,402.0,call,10.11,10.2,9.96,2,,0.14708,0.60371,0.02001,0.50535,-0.09852,0.2451,spy_options_2021.parquet,6376807
SPY,2021-04-07,2021-04-07T16:00:00-04:00,406.57,2021-05-14,37.0,0.10136986301369863,402.0,put,5.4,5.45,5.66,19,,0.14371,-0.39498,0.02038,0.50521,-0.09595,-0.16883,spy_options_2021.parquet,6376807
SPY,2021-04-07,2021-04-07T16:00:00-04:00,406.57,2021-05-14,37.0,0.10136986301369863,402.5,call,9.77,9.85,9.67,1,,0.1461,0.59346,0.02027,0.50869,-0.09848,0.24085,spy_options_2021.parquet,6376808
SPY,2021-04-07,2021-04-07T16:00:00-04:00,406.57,2021-05-14,37.0,0.10136986301369863,402.5,put,5.54,5.6,5.92,5,,0.14307,-0.40466,0.02074,0.50843,-0.09552,-0.17364,spy_options_2021.parquet,6376808
SPY,2021-04-07,2021-04-07T16:00:00-04:00,406.57,2021-05-14,37.0,0.10136986301369863,403.0,call,9.43,9.5,9.3,35,,0.14445,0.58376,0.02057,0.51196,-0.0978,0.23673,spy_options_2021.parquet,6376809
SPY,2021-04-07,2021-04-07T16:00:00-04:00,406.57,2021-05-14,37.0,0.10136986301369863,403.0,put,5.69,5.75,5.83,10,,0.14146,-0.4147,0.02102,0.51124,-0.09541,-0.17766,spy_options_2021.parquet,6376809
SPY,2021-04-07,2021-04-07T16:00:00-04:00,406.57,2021-05-14,37.0,0.10136986301369863,404.0,call,8.75,8.81,8.75,9,,0.14204,0.56367,0.02111,0.5164,-0.09733,0.22988,spy_options_2021.parquet,6376810
SPY,2021-04-07,2021-04-07T16:00:00-04:00,406.57,2021-05-14,37.0,0.10136986301369863,404.0,put,6.0,6.05,6.46,107,,0.13912,-0.43519,0.02163,0.51597,-0.09531,-0.18554,spy_options_2021.parquet,6376810
SPY,2021-04-07,2021-04-07T16:00:00-04:00,406.57,2021-05-14,37.0,0.10136986301369863,405.0,call,8.1,8.15,8.0,40,,0.14007,0.54285,0.02165,0.51969,-0.09697,0.22127,spy_options_2021.parquet,6376811
SPY,2021-04-07,2021-04-07T16:00:00-04:00,406.57,2021-05-14,37.0,0.10136986301369863,405.0,put,6.36,6.4,6.43,73,,0.13645,-0.45609,0.0221,0.5197,-0.09454,-0.19425,spy_options_2021.parquet,6376811
SPY,2021-04-07,2021-04-07T16:00:00-04:00,406.57,2021-05-14,37.0,0.10136986301369863,406.0,call,7.46,7.51,7.43,203,,0.13759,0.52134,0.02203,0.52241,-0.09519,0.2125,spy_options_2021.parquet,6376812
SPY,2021-04-07,2021-04-07T16:00:00-04:00,406.57,2021-05-14,37.0,0.10136986301369863,406.0,put,6.72,6.79,6.75,90,,0.13432,-0.47816,0.02253,0.52269,-0.09324,-0.20281,spy_options_2021.parquet,6376812
SPY,2021-04-07,2021-04-07T16:00:00-04:00,406.57,2021-05-14,37.0,0.10136986301369863,407.0,call,6.85,6.9,6.5,180,,0.13564,0.4992,0.02244,0.52268,-0.09408,0.20414,spy_options_2021.parquet,6376813
SPY,2021-04-07,2021-04-07T16:00:00-04:00,406.57,2021-05-14,37.0,0.10136986301369863,407.0,put,7.11,7.16,7.09,73,,0.1321,-0.50171,0.02302,0.5229,-0.09188,-0.2123,spy_options_2021.parquet,6376813
SPY,2021-04-07,2021-04-07T16:00:00-04:00,406.57,2021-05-14,37.0,0.10136986301369863,407.5,call,6.55,6.6,6.54,87,,0.13399,0.4872,0.02262,0.52305,-0.09299,0.1998,spy_options_2021.parquet,6376814
SPY,2021-04-07,2021-04-07T16:00:00-04:00,406.57,2021-05-14,37.0,0.10136986301369863,407.5,put,7.33,7.39,7.29,22,,0.13137,-0.51331,0.02311,0.52314,-0.09068,-0.21695,spy_options_2021.parquet,6376814
SPY,2021-04-07,2021-04-07T16:00:00-04:00,406.57,2021-05-14,37.0,0.10136986301369863,408.0,call,6.28,6.33,6.26,123,,0.13359,0.47587,0.02277,0.52254,-0.09196,0.19496,spy_options_2021.parquet,6376815
SPY,2021-04-07,2021-04-07T16:00:00-04:00,406.57,2021-05-14,37.0,0.10136986301369863,408.0,put,7.53,7.58,7.58,40,,0.12996,-0.52515,0.02326,0.52172,-0.0898,-0.22199,spy_options_2021.parquet,6376815
SPY,2021-04-07,2021-04-07T16:00:00-04:00,406.57,2021-05-14,37.0,0.10136986301369863,409.0,call,5.73,5.78,5.69,14,,0.13106,0.45243,0.02299,0.51977,-0.09034,0.18545,spy_options_2021.parquet,6376816
SPY,2021-04-07,2021-04-07T16:00:00-04:00,406.57,2021-05-14,37.0,0.10136986301369863,409.0,put,8.01,8.05,8.14,4,,0.12845,-0.54872,0.02344,0.51948,-0.08801,-0.23078,spy_options_2021.parquet,6376816
SPY,2021-04-07,2021-04-07T16:00:00-04:00,406.57,2021-05-14,37.0,0.10136986301369863,410.0,call,5.18,5.22,5.08,62,,0.12862,0.42829,0.02321,0.51426,-0.08754,0.17572,spy_options_2021.parquet,6376817
SPY,2021-04-07,2021-04-07T16:00:00-04:00,406.57,2021-05-14,37.0,0.10136986301369863,410.0,put,8.46,8.55,8.48,5,,0.12673,-0.57364,0.02356,0.51434,-0.08659,-0.24024,spy_options_2021.parquet,6376817
SPY,2021-04-07,2021-04-07T16:00:00-04:00,406.57,2021-05-14,37.0,0.10136986301369863,411.0,call,4.73,4.78,4.73,21,,0.12798,0.4051,0.02309,0.50854,-0.0863,0.16582,spy_options_2021.parquet,6376818
SPY,2021-04-07,2021-04-07T16:00:00-04:00,406.57,2021-05-14,37.0,0.10136986301369863,411.0,put,8.97,9.06,9.59,0,,0.12469,-0.59833,0.02359,0.50724,-0.08328,-0.24927,spy_options_2021.parquet,6376818
SPY,2021-04-07,2021-04-07T16:00:00-04:00,406.57,2021-05-14,37.0,0.10136986301369863,412.0,call,4.25,4.29,4.31,13,,0.12593,0.37995,0.02307,0.49887,-0.08319,0.15634,spy_options_2021.parquet,6376819
SPY,2021-04-07,2021-04-07T16:00:00-04:00,406.57,2021-05-14,37.0,0.10136986301369863,412.0,put,9.53,9.58,9.91,3,,0.1234,-0.62282,0.02351,0.49773,-0.08066,-0.25734,spy_options_2021.parquet,6376819
SPY,2021-04-07,2021-04-07T16:00:00-04:00,406.57,2021-05-14,37.0,0.10136986301369863,412.5,call,4.06,4.11,3.77,8,,0.12542,0.36868,0.02284,0.49474,-0.08241,0.15176,spy_options_2021.parquet,6376820
SPY,2021-04-07,2021-04-07T16:00:00-04:00,406.57,2021-05-14,37.0,0.10136986301369863,412.5,put,9.79,9.9,0.0,,,0.1228,-0.6354,0.02332,0.49323,-0.0799,-0.26186,spy_options_2021.parquet,6376820
SPY,2021-04-07,2021-04-07T16:00:00-04:00,406.57,2021-05-14,37.0,0.10136986301369863,414.0,call,3.46,3.51,3.19,7,,0.1242,0.33227,0.02232,0.47683,-0.0785,0.13674,spy_options_2021.parquet,6376821
SPY,2021-04-07,2021-04-07T16:00:00-04:00,406.57,2021-05-14,37.0,0.10136986301369863,414.0,put,10.68,10.85,10.9,2,,0.12104,-0.67132,0.02271,0.47468,-0.07544,-0.2739,spy_options_2021.parquet,6376821
SPY,2021-04-07,2021-04-07T16:00:00-04:00,406.57,2021-05-14,37.0,0.10136986301369863,415.0,call,3.1,3.14,3.08,50,,0.12214,0.30848,0.02192,0.46216,-0.07539,0.12761,spy_options_2021.parquet,6376822
SPY,2021-04-07,2021-04-07T16:00:00-04:00,406.57,2021-05-14,37.0,0.10136986301369863,415.0,put,11.1,11.63,11.64,3,,0.11885,-0.69663,0.02229,0.458,-0.07226,-0.28123,spy_options_2021.parquet,6376822
SPY,2021-04-07,2021-04-07T16:00:00-04:00,406.57,2021-05-14,37.0,0.10136986301369863,417.5,call,2.34,2.38,2.45,1,,0.1205,0.25422,0.02029,0.42047,-0.06669,0.1051,spy_options_2021.parquet,6376823
SPY,2021-04-07,2021-04-07T16:00:00-04:00,406.57,2021-05-14,37.0,0.10136986301369863,417.5,put,13.05,13.19,13.58,4,,0.11698,-0.75239,0.0204,0.41435,-0.06323,-0.2947,spy_options_2021.parquet,6376823
SPY,2021-04-07,2021-04-07T16:00:00-04:00,406.57,2021-05-14,37.0,0.10136986301369863,420.0,call,1.74,1.78,1.76,153,,0.11925,0.20398,0.01816,0.3717,-0.05861,0.08464,spy_options_2021.parquet,6376824
SPY,2021-04-07,2021-04-07T16:00:00-04:00,406.57,2021-05-14,37.0,0.10136986301369863,420.0,put,14.95,15.13,14.99,2,,0.11517,-0.80198,0.01798,0.36492,-0.05528,-0.30026,spy_options_2021.parquet,6376824
SPY,2021-04-07,2021-04-07T16:00:00-04:00,406.57,2021-05-14,37.0,0.10136986301369863,422.5,call,1.28,1.32,1.26,13,,0.11867,0.16168,0.01581,0.32059,-0.04966,0.06714,spy_options_2021.parquet,6376825
SPY,2021-04-07,2021-04-07T16:00:00-04:00,406.57,2021-05-14,37.0,0.10136986301369863,422.5,put,16.99,17.53,17.3,0,,0.11949,-0.83353,0.01533,0.32741,-0.05124,-0.2996,spy_options_2021.parquet,6376825
SPY,2021-04-07,2021-04-07T16:00:00-04:00,406.57,2021-05-14,37.0,0.10136986301369863,425.0,call,0.94,0.97,0.99,42,,0.11769,0.12591,0.01339,0.27201,-0.04186,0.05267,spy_options_2021.parquet,6376826
SPY,2021-04-07,2021-04-07T16:00:00-04:00,406.57,2021-05-14,37.0,0.10136986301369863,425.0,put,18.78,19.71,19.8,2,,0.11382,-0.87962,0.01236,0.26288,-0.0392,-0.28622,spy_options_2021.parquet,6376826
SPY,2021-04-07,2021-04-07T16:00:00-04:00,406.57,2021-05-14,37.0,0.10136986301369863,430.0,call,0.52,0.53,0.49,39,,0.11913,0.07612,0.00912,0.18655,-0.02886,0.03162,spy_options_2021.parquet,6376827
SPY,2021-04-07,2021-04-07T16:00:00-04:00,406.57,2021-05-14,37.0,0.10136986301369863,430.0,put,23.38,24.34,0.0,,,0.11682,-0.92005,0.00725,0.19232,-0.02866,-0.24213,spy_options_2021.parquet,6376827
SPY,2021-04-07,2021-04-07T16:00:00-04:00,406.57,2021-05-14,37.0,0.10136986301369863,435.0,call,0.29,0.3,0.3,63,,0.122,0.04546,0.0059,0.12547,-0.02012,0.01849,spy_options_2021.parquet,6376828
SPY,2021-04-07,2021-04-07T16:00:00-04:00,406.57,2021-05-14,37.0,0.10136986301369863,435.0,put,28.5,28.85,0.0,,,0.12578,-0.93579,0.00391,0.15877,-0.02556,-0.19427,spy_options_2021.parquet,6376828
SPY,2021-04-07,2021-04-07T16:00:00-04:00,406.57,2021-05-14,37.0,0.10136986301369863,440.0,call,0.17,0.19,0.18,7,,0.12714,0.02831,0.00386,0.08534,-0.01438,0.01147,spy_options_2021.parquet,6376829
SPY,2021-04-07,2021-04-07T16:00:00-04:00,406.57,2021-05-14,37.0,0.10136986301369863,440.0,put,33.03,34.0,0.0,,,0.1341,-0.94188,0.00129,0.14192,-0.02457,-0.13924,spy_options_2021.parquet,6376829
SPY,2021-04-07,2021-04-07T16:00:00-04:00,406.57,2021-05-14,37.0,0.10136986301369863,445.0,call,0.11,0.12,0.13,5,,0.13279,0.01825,0.00262,0.05908,-0.01048,0.00808,spy_options_2021.parquet,6376830
SPY,2021-04-07,2021-04-07T16:00:00-04:00,406.57,2021-05-14,37.0,0.10136986301369863,445.0,put,37.95,38.92,0.0,,,0.14651,-0.94145,5e-05,0.14021,-0.00461,-0.05031,spy_options_2021.parquet,6376830
SPY,2021-04-07,2021-04-07T16:00:00-04:00,406.57,2021-05-14,37.0,0.10136986301369863,450.0,call,0.07,0.08,0.08,26,,0.13775,0.01226,0.00178,0.04146,-0.00681,0.00487,spy_options_2021.parquet,6376831
SPY,2021-04-07,2021-04-07T16:00:00-04:00,406.57,2021-05-14,37.0,0.10136986301369863,450.0,put,42.94,43.91,0.0,,,,-1.0,0.0,0.0,0.0,0.0,spy_options_2021.parquet,6376831
SPY,2021-04-07,2021-04-07T16:00:00-04:00,406.57,2021-05-14,37.0,0.10136986301369863,455.0,call,0.05,0.06,0.09,0,,0.14546,0.0084,0.00128,0.03089,-0.00547,0.00332,spy_options_2021.parquet,6376832
SPY,2021-04-07,2021-04-07T16:00:00-04:00,406.57,2021-05-14,37.0,0.10136986301369863,455.0,put,47.9,48.87,0.0,,,,-1.0,0.0,0.0,0.0,0.0,spy_options_2021.parquet,6376832
SPY,2021-04-07,2021-04-07T16:00:00-04:00,406.57,2021-05-14,37.0,0.10136986301369863,460.0,call,0.03,0.04,0.05,1,,0.14963,0.0054,0.00078,0.02124,-0.00387,0.00221,spy_options_2021.parquet,6376833
SPY,2021-04-07,2021-04-07T16:00:00-04:00,406.57,2021-05-14,37.0,0.10136986301369863,460.0,put,52.91,53.89,0.0,,,,-1.0,0.0,0.0,0.0,0.0,spy_options_2021.parquet,6376833
SPY,2021-04-07,2021-04-07T16:00:00-04:00,406.57,2021-05-14,37.0,0.10136986301369863,465.0,call,0.02,0.03,0.04,0,,0.15514,0.00452,0.00057,0.01598,-0.00323,0.0019,spy_options_2021.parquet,6376834
SPY,2021-04-07,2021-04-07T16:00:00-04:00,406.57,2021-05-14,37.0,0.10136986301369863,465.0,put,57.89,58.86,0.0,,,,-1.0,0.0,0.0,0.0,0.0,spy_options_2021.parquet,6376834
SPY,2021-04-07,2021-04-07T16:00:00-04:00,406.57,2021-05-14,37.0,0.10136986301369863,470.0,call,0.02,0.03,0.0,,,0.16617,0.00421,0.00046,0.01441,-0.00267,0.00194,spy_options_2021.parquet,6376835
SPY,2021-04-07,2021-04-07T16:00:00-04:00,406.57,2021-05-14,37.0,0.10136986301369863,470.0,put,62.89,63.87,63.2,1,,,-1.0,0.0,0.0,0.0,0.0,spy_options_2021.parquet,6376835
SPY,2021-04-07,2021-04-07T16:00:00-04:00,406.57,2021-05-14,37.0,0.10136986301369863,475.0,call,0.01,0.02,0.03,0,,0.16868,0.00247,0.00032,0.00921,-0.00159,0.00054,spy_options_2021.parquet,6376836
SPY,2021-04-07,2021-04-07T16:00:00-04:00,406.57,2021-05-14,37.0,0.10136986301369863,475.0,put,67.89,68.87,0.0,,,,-1.0,0.0,0.0,0.0,0.0,spy_options_2021.parquet,6376836
SPY,2021-04-07,2021-04-07T16:00:00-04:00,406.57,2021-05-14,37.0,0.10136986301369863,480.0,call,0.01,0.02,0.03,0,,0.17889,0.00225,0.00033,0.0088,-0.00219,0.00098,spy_options_2021.parquet,6376837
SPY,2021-04-07,2021-04-07T16:00:00-04:00,406.57,2021-05-14,37.0,0.10136986301369863,480.0,put,72.89,73.87,0.0,,,,-1.0,0.0,0.0,0.0,0.0,spy_options_2021.parquet,6376837
SPY,2021-04-07,2021-04-07T16:00:00-04:00,406.57,2021-05-14,37.0,0.10136986301369863,485.0,call,0.01,0.02,0.01,16,,0.18877,0.0025,0.00031,0.00831,-0.00237,0.00069,spy_options_2021.parquet,6376838
SPY,2021-04-07,2021-04-07T16:00:00-04:00,406.57,2021-05-14,37.0,0.10136986301369863,485.0,put,77.89,78.87,78.25,1,,,-1.0,0.0,0.0,0.0,0.0,spy_options_2021.parquet,6376838
SPY,2021-04-07,2021-04-07T16:00:00-04:00,406.57,2021-05-21,44.0,0.12054794520547946,273.0,call,133.47,134.15,0.0,,,0.50125,0.99071,0.00034,0.03594,-0.0194,0.33112,spy_options_2021.parquet,6376863
SPY,2021-04-07,2021-04-07T16:00:00-04:00,406.57,2021-05-21,44.0,0.12054794520547946,273.0,put,0.14,0.15,0.16,42,,0.47125,-0.00593,0.00024,0.02591,-0.01259,-0.00338,spy_options_2021.parquet,6376863
SPY,2021-04-07,2021-04-07T16:00:00-04:00,406.57,2021-05-21,44.0,0.12054794520547946,274.0,call,132.5,133.17,110.88,1,,0.50342,0.98939,0.00037,0.0381,-0.0214,0.33184,spy_options_2021.parquet,6376864
SPY,2021-04-07,2021-04-07T16:00:00-04:00,406.57,2021-05-21,44.0,0.12054794520547946,274.0,put,0.14,0.15,0.16,39,,0.46703,-0.00679,0.00025,0.02568,-0.01248,-0.00295,spy_options_2021.parquet,6376864
SPY,2021-04-07,2021-04-07T16:00:00-04:00,406.57,2021-05-21,44.0,0.12054794520547946,275.0,call,131.48,132.15,119.58,4,,0.49447,0.99029,0.00042,0.03721,-0.01992,0.33338,spy_options_2021.parquet,6376865
SPY,2021-04-07,2021-04-07T16:00:00-04:00,406.57,2021-05-21,44.0,0.12054794520547946,275.0,put,0.15,0.16,0.15,261,,0.4666,-0.00679,0.00026,0.02758,-0.01335,-0.00379,spy_options_2021.parquet,6376865
SPY,2021-04-07,2021-04-07T16:00:00-04:00,406.57,2021-05-21,44.0,0.12054794520547946,276.0,call,130.49,131.15,116.81,5,,0.49122,0.99058,0.00039,0.03703,-0.02039,0.33488,spy_options_2021.parquet,6376866
SPY,2021-04-07,2021-04-07T16:00:00-04:00,406.57,2021-05-21,44.0,0.12054794520547946,276.0,put,0.15,0.16,0.15,243,,0.46295,-0.00692,0.00033,0.02785,-0.01393,-0.00361,spy_options_2021.parquet,6376866
SPY,2021-04-07,2021-04-07T16:00:00-04:00,406.57,2021-05-21,44.0,0.12054794520547946,277.0,call,129.49,130.19,0.0,,,0.49228,0.98953,0.00043,0.03934,-0.02153,0.33588,spy_options_2021.parquet,6376867
SPY,2021-04-07,2021-04-07T16:00:00-04:00,406.57,2021-05-21,44.0,0.12054794520547946,277.0,put,0.15,0.16,0.19,0,,0.45968,-0.00709,0.00029,0.02746,-0.01398,-0.00414,spy_options_2021.parquet,6376867
SPY,2021-04-07,2021-04-07T16:00:00-04:00,406.57,2021-05-21,44.0,0.12054794520547946,278.0,call,128.49,129.16,0.0,,,0.48464,0.9895,0.00038,0.03814,-0.02073,0.33721,spy_options_2021.parquet,6376868
SPY,2021-04-07,2021-04-07T16:00:00-04:00,406.57,2021-05-21,44.0,0.12054794520547946,278.0,put,0.16,0.17,0.17,78,,0.45831,-0.00705,0.00028,0.02929,-0.01455,-0.00421,spy_options_2021.parquet,6376868
SPY,2021-04-07,2021-04-07T16:00:00-04:00,406.57,2021-05-21,44.0,0.12054794520547946,279.0,call,127.52,128.19,0.0,,,0.48794,0.98859,0.0004,0.04137,-0.02206,0.33789,spy_options_2021.parquet,6376869
SPY,2021-04-07,2021-04-07T16:00:00-04:00,406.57,2021-05-21,44.0,0.12054794520547946,279.0,put,0.16,0.17,0.17,147,,0.45473,-0.0072,0.00026,0.02913,-0.01441,-0.0043,spy_options_2021.parquet,6376869
SPY,2021-04-07,2021-04-07T16:00:00-04:00,406.57,2021-05-21,44.0,0.12054794520547946,280.0,call,126.51,127.2,111.77,2,,0.48401,0.9887,0.00039,0.04189,-0.02201,0.33907,spy_options_2021.parquet,6376870
SPY,2021-04-07,2021-04-07T16:00:00-04:00,406.57,2021-05-21,44.0,0.12054794520547946,280.0,put,0.16,0.17,0.17,17,,0.4508,-0.00732,0.00034,0.02901,-0.01413,-0.00385,spy_options_2021.parquet,6376870
SPY,2021-04-07,2021-04-07T16:00:00-04:00,406.57,2021-05-21,44.0,0.12054794520547946,281.0,call,125.52,126.21,113.5,34,,0.48199,0.98794,0.00041,0.04329,-0.02294,0.33992,spy_options_2021.parquet,6376871
SPY,2021-04-07,2021-04-07T16:00:00-04:00,406.57,2021-05-21,44.0,0.12054794520547946,281.0,put,0.16,0.17,0.18,124,,0.44714,-0.00792,0.00037,0.02954,-0.01409,-0.00348,spy_options_2021.parquet,6376871
SPY,2021-04-07,2021-04-07T16:00:00-04:00,406.57,2021-05-21,44.0,0.12054794520547946,282.0,call,124.52,125.21,96.46,5,,0.47765,0.98834,0.00045,0.04416,-0.02322,0.3411,spy_options_2021.parquet,6376872
SPY,2021-04-07,2021-04-07T16:00:00-04:00,406.57,2021-05-21,44.0,0.12054794520547946,282.0,put,0.17,0.18,0.19,145,,0.44621,-0.00838,0.00033,0.03111,-0.01515,-0.00384,spy_options_2021.parquet,6376872
SPY,2021-04-07,2021-04-07T16:00:00-04:00,406.57,2021-05-21,44.0,0.12054794520547946,283.0,call,123.53,124.2,107.63,1,,0.47361,0.98783,0.00041,0.04396,-0.02301,0.34255,spy_options_2021.parquet,6376873
SPY,2021-04-07,2021-04-07T16:00:00-04:00,406.57,2021-05-21,44.0,0.12054794520547946,283.0,put,0.17,0.18,0.2,0,,0.44287,-0.00794,0.00034,0.03163,-0.01456,-0.00465,spy_options_2021.parquet,6376873
SPY,2021-04-07,2021-04-07T16:00:00-04:00,406.57,2021-05-21,44.0,0.12054794520547946,284.0,call,122.52,123.18,101.38,20,,0.46655,0.98859,0.00049,0.04298,-0.02192,0.34389,spy_options_2021.parquet,6376874
SPY,2021-04-07,2021-04-07T16:00:00-04:00,406.57,2021-05-21,44.0,0.12054794520547946,284.0,put,0.17,0.18,0.19,48,,0.43891,-0.00825,0.00036,0.03167,-0.01502,-0.00408,spy_options_2021.parquet,6376874
SPY,2021-04-07,2021-04-07T16:00:00-04:00,406.57,2021-05-21,44.0,0.12054794520547946,285.0,call,121.53,122.22,110.43,1,,0.46743,0.98766,0.00044,0.0454,-0.02369,0.34489,spy_options_2021.parquet,6376875
SPY,2021-04-07,2021-04-07T16:00:00-04:00,406.57,2021-05-21,44.0,0.12054794520547946,285.0,put,0.18,0.19,0.19,381,,0.43768,-0.00878,0.00036,0.0328,-0.01598,-0.00472,spy_options_2021.parquet,6376875
SPY,2021-04-07,2021-04-07T16:00:00-04:00,406.57,2021-05-21,44.0,0.12054794520547946,286.0,call,120.51,121.2,100.3,20,,0.45879,0.98774,0.00046,0.04405,-0.02252,0.34628,spy_options_2021.parquet,6376876
SPY,2021-04-07,2021-04-07T16:00:00-04:00,406.57,2021-05-21,44.0,0.12054794520547946,286.0,put,0.18,0.19,0.2,60,,0.43379,-0.00885,0.00043,0.03381,-0.01593,-0.00414,spy_options_2021.parquet,6376876
SPY,2021-04-07,2021-04-07T16:00:00-04:00,406.57,2021-05-21,44.0,0.12054794520547946,287.0,call,119.53,120.19,107.12,4,,0.45584,0.98811,0.00046,0.04524,-0.02204,0.34724,spy_options_2021.parquet,6376877
SPY,2021-04-07,2021-04-07T16:00:00-04:00,406.57,2021-05-21,44.0,0.12054794520547946,287.0,put,0.18,0.19,0.2,193,,0.43086,-0.00893,0.00038,0.03343,-0.01548,-0.00416,spy_options_2021.parquet,6376877
SPY,2021-04-07,2021-04-07T16:00:00-04:00,406.57,2021-05-21,44.0,0.12054794520547946,288.0,call,118.52,119.21,103.51,4,,0.45327,0.98726,0.00052,0.04604,-0.02258,0.34862,spy_options_2021.parquet,6376878
SPY,2021-04-07,2021-04-07T16:00:00-04:00,406.57,2021-05-21,44.0,0.12054794520547946,288.0,put,0.19,0.2,0.22,0,,0.42938,-0.00869,0.00044,0.03491,-0.01613,-0.00447,spy_options_2021.parquet,6376878
SPY,2021-04-07,2021-04-07T16:00:00-04:00,406.57,2021-05-21,44.0,0.12054794520547946,289.0,call,117.54,118.2,105.14,8,,0.45051,0.98715,0.00053,0.04675,-0.02248,0.34902,spy_options_2021.parquet,6376879
SPY,2021-04-07,2021-04-07T16:00:00-04:00,406.57,2021-05-21,44.0,0.12054794520547946,289.0,put,0.19,0.2,0.21,89,,0.42575,-0.00934,0.00039,0.03553,-0.01665,-0.00431,spy_options_2021.parquet,6376879
SPY,2021-04-07,2021-04-07T16:00:00-04:00,406.57,2021-05-21,44.0,0.12054794520547946,290.0,call,116.53,117.22,101.7,1,,0.44753,0.98714,0.0005,0.04716,-0.02284,0.35003,spy_options_2021.parquet,6376880
SPY,2021-04-07,2021-04-07T16:00:00-04:00,406.57,2021-05-21,44.0,0.12054794520547946,290.0,put,0.2,0.21,0.2,454,,0.42419,-0.00967,0.00039,0.03673,-0.01689,-0.00478,spy_options_2021.parquet,6376880
SPY,2021-04-07,2021-04-07T16:00:00-04:00,406.57,2021-05-21,44.0,0.12054794520547946,291.0,call,115.54,116.23,106.38,4,,0.44567,0.98687,0.00051,0.04881,-0.02335,0.35177,spy_options_2021.parquet,6376881
SPY,2021-04-07,2021-04-07T16:00:00-04:00,406.57,2021-05-21,44.0,0.12054794520547946,291.0,put,0.2,0.21,0.21,99,,0.42045,-0.00925,0.0004,0.03692,-0.0168,-0.00479,spy_options_2021.parquet,6376881
SPY,2021-04-07,2021-04-07T16:00:00-04:00,406.57,2021-05-21,44.0,0.12054794520547946,292.0,call,114.55,115.25,84.73,3,,0.44411,0.98653,0.00061,0.05031,-0.02411,0.35199,spy_options_2021.parquet,6376882
SPY,2021-04-07,2021-04-07T16:00:00-04:00,406.57,2021-05-21,44.0,0.12054794520547946,292.0,put,0.2,0.21,0.21,213,,0.41636,-0.00951,0.00049,0.03739,-0.01708,-0.00523,spy_options_2021.parquet,6376882
SPY,2021-04-07,2021-04-07T16:00:00-04:00,406.57,2021-05-21,44.0,0.12054794520547946,293.0,call,113.57,114.25,113.85,4,,0.44241,0.9852,0.00059,0.05214,-0.02501,0.35299,spy_options_2021.parquet,6376883
SPY,2021-04-07,2021-04-07T16:00:00-04:00,406.57,2021-05-21,44.0,0.12054794520547946,293.0,put,0.21,0.22,0.24,0,,0.41513,-0.01068,0.00046,0.03881,-0.01708,-0.00553,spy_options_2021.parquet,6376883
SPY,2021-04-07,2021-04-07T16:00:00-04:00,406.57,2021-05-21,44.0,0.12054794520547946,294.0,call,112.58,113.22,106.86,1,,0.4361,0.98628,0.00062,0.05109,-0.02426,0.35514,spy_options_2021.parquet,6376884
SPY,2021-04-07,2021-04-07T16:00:00-04:00,406.57,2021-05-21,44.0,0.12054794520547946,294.0,put,0.21,0.22,0.23,116,,0.41167,-0.01001,0.00046,0.03872,-0.01722,-0.0052,spy_options_2021.parquet,6376884
SPY,2021-04-07,2021-04-07T16:00:00-04:00,406.57,2021-05-21,44.0,0.12054794520547946,295.0,call,111.58,112.27,98.08,4,,0.43701,0.9851,0.0006,0.05404,-0.02644,0.35549,spy_options_2021.parquet,6376885
SPY,2021-04-07,2021-04-07T16:00:00-04:00,406.57,2021-05-21,44.0,0.12054794520547946,295.0,put,0.22,0.23,0.25,62,,0.41023,-0.01078,0.00052,0.04089,-0.01808,-0.00572,spy_options_2021.parquet,6376885
SPY,2021-04-07,2021-04-07T16:00:00-04:00,406.57,2021-05-21,44.0,0.12054794520547946,296.0,call,110.6,111.26,0.0,,,0.43408,0.98434,0.00064,0.05494,-0.02601,0.35687,spy_options_2021.parquet,6376886
SPY,2021-04-07,2021-04-07T16:00:00-04:00,406.57,2021-05-21,44.0,0.12054794520547946,296.0,put,0.22,0.23,0.25,173,,0.40673,-0.01073,0.00049,0.0415,-0.01833,-0.00587,spy_options_2021.parquet,6376886
SPY,2021-04-07,2021-04-07T16:00:00-04:00,406.57,2021-05-21,44.0,0.12054794520547946,297.0,call,109.59,110.28,109.28,1,,0.43054,0.98421,0.00062,0.05597,-0.02691,0.35767,spy_options_2021.parquet,6376887
SPY,2021-04-07,2021-04-07T16:00:00-04:00,406.57,2021-05-21,44.0,0.12054794520547946,297.0,put,0.23,0.24,0.25,57,,0.4046,-0.01121,0.00052,0.04275,-0.01879,-0.00592,spy_options_2021.parquet,6376887
SPY,2021-04-07,2021-04-07T16:00:00-04:00,406.57,2021-05-21,44.0,0.12054794520547946,298.0,call,108.6,109.28,97.75,18,,0.42778,0.9842,0.0007,0.05658,-0.0263,0.3583,spy_options_2021.parquet,6376888
SPY,2021-04-07,2021-04-07T16:00:00-04:00,406.57,2021-05-21,44.0,0.12054794520547946,298.0,put,0.23,0.24,0.23,177,,0.40166,-0.01144,0.00057,0.04264,-0.01845,-0.00592,spy_options_2021.parquet,6376888
SPY,2021-04-07,2021-04-07T16:00:00-04:00,406.57,2021-05-21,44.0,0.12054794520547946,299.0,call,107.6,108.29,95.25,4,,0.4241,0.98361,0.00068,0.05784,-0.02725,0.35966,spy_options_2021.parquet,6376889
SPY,2021-04-07,2021-04-07T16:00:00-04:00,406.57,2021-05-21,44.0,0.12054794520547946,299.0,put,0.24,0.25,0.25,58,,0.39988,-0.01196,0.00052,0.04482,-0.0194,-0.00669,spy_options_2021.parquet,6376889
SPY,2021-04-07,2021-04-07T16:00:00-04:00,406.57,2021-05-21,44.0,0.12054794520547946,300.0,call,106.66,107.23,106.35,1,,0.41998,0.98335,0.00063,0.05821,-0.02718,0.36053,spy_options_2021.parquet,6376890
SPY,2021-04-07,2021-04-07T16:00:00-04:00,406.57,2021-05-21,44.0,0.12054794520547946,300.0,put,0.24,0.25,0.25,396,,0.39611,-0.01163,0.00053,0.04435,-0.0188,-0.00609,spy_options_2021.parquet,6376890
SPY,2021-04-07,2021-04-07T16:00:00-04:00,406.57,2021-05-21,44.0,0.12054794520547946,301.0,call,105.65,106.26,91.26,1,,0.41813,0.9834,0.0007,0.05945,-0.02779,0.36156,spy_options_2021.parquet,6376891
SPY,2021-04-07,2021-04-07T16:00:00-04:00,406.57,2021-05-21,44.0,0.12054794520547946,301.0,put,0.25,0.26,0.27,56,,0.3947,-0.01292,0.00052,0.04671,-0.01929,-0.00629,spy_options_2021.parquet,6376891
SPY,2021-04-07,2021-04-07T16:00:00-04:00,406.57,2021-05-21,44.0,0.12054794520547946,302.0,call,104.62,105.3,93.32,2,,0.41518,0.98321,0.00074,0.0612,-0.02752,0.3625,spy_options_2021.parquet,6376892
SPY,2021-04-07,2021-04-07T16:00:00-04:00,406.57,2021-05-21,44.0,0.12054794520547946,302.0,put,0.25,0.26,0.27,168,,0.3899,-0.0126,0.00053,0.04635,-0.01999,-0.00642,spy_options_2021.parquet,6376892
SPY,2021-04-07,2021-04-07T16:00:00-04:00,406.57,2021-05-21,44.0,0.12054794520547946,303.0,call,103.62,104.31,89.47,4,,0.41145,0.98197,0.00072,0.06138,-0.02784,0.36406,spy_options_2021.parquet,6376893
SPY,2021-04-07,2021-04-07T16:00:00-04:00,406.57,2021-05-21,44.0,0.12054794520547946,303.0,put,0.26,0.27,0.28,69,,0.38852,-0.01349,0.00059,0.04794,-0.02021,-0.00674,spy_options_2021.parquet,6376893
SPY,2021-04-07,2021-04-07T16:00:00-04:00,406.57,2021-05-21,44.0,0.12054794520547946,304.0,call,102.64,103.31,91.51,4,,0.40913,0.98202,0.00081,0.0629,-0.02836,0.36489,spy_options_2021.parquet,6376894
SPY,2021-04-07,2021-04-07T16:00:00-04:00,406.57,2021-05-21,44.0,0.12054794520547946,304.0,put,0.26,0.27,0.28,172,,0.38506,-0.01325,0.0006,0.04833,-0.02029,-0.00678,spy_options_2021.parquet,6376894
SPY,2021-04-07,2021-04-07T16:00:00-04:00,406.57,2021-05-21,44.0,0.12054794520547946,305.0,call,101.64,102.31,91.97,4,,0.40493,0.98155,0.00073,0.064,-0.02828,0.36663,spy_options_2021.parquet,6376895
SPY,2021-04-07,2021-04-07T16:00:00-04:00,406.57,2021-05-21,44.0,0.12054794520547946,305.0,put,0.27,0.28,0.28,193,,0.3833,-0.01366,0.00067,0.05032,-0.02094,-0.00749,spy_options_2021.parquet,6376895
SPY,2021-04-07,2021-04-07T16:00:00-04:00,406.57,2021-05-21,44.0,0.12054794520547946,306.0,call,100.65,101.32,87.97,16,,0.40296,0.98145,0.00084,0.0654,-0.0293,0.36737,spy_options_2021.parquet,6376896
SPY,2021-04-07,2021-04-07T16:00:00-04:00,406.57,2021-05-21,44.0,0.12054794520547946,306.0,put,0.27,0.28,0.3,54,,0.37953,-0.0141,0.00062,0.05111,-0.02083,-0.00738,spy_options_2021.parquet,6376896
SPY,2021-04-07,2021-04-07T16:00:00-04:00,406.57,2021-05-21,44.0,0.12054794520547946,307.0,call,99.65,100.33,87.79,4,,0.39969,0.98135,0.0008,0.06606,-0.02862,0.36855,spy_options_2021.parquet,6376897
SPY,2021-04-07,2021-04-07T16:00:00-04:00,406.57,2021-05-21,44.0,0.12054794520547946,307.0,put,0.28,0.29,0.31,146,,0.37748,-0.0143,0.00067,0.05283,-0.02117,-0.00709,spy_options_2021.parquet,6376897
SPY,2021-04-07,2021-04-07T16:00:00-04:00,406.57,2021-05-21,44.0,0.12054794520547946,308.0,call,98.65,99.34,83.41,1,,0.39621,0.98013,0.00085,0.06755,-0.02932,0.36887,spy_options_2021.parquet,6376898
SPY,2021-04-07,2021-04-07T16:00:00-04:00,406.57,2021-05-21,44.0,0.12054794520547946,308.0,put,0.29,0.3,0.28,147,,0.37508,-0.0152,0.00066,0.05413,-0.02171,-0.00814,spy_options_2021.parquet,6376898
SPY,2021-04-07,2021-04-07T16:00:00-04:00,406.57,2021-05-21,44.0,0.12054794520547946,309.0,call,97.67,98.34,90.0,2,,0.39413,0.97978,0.0009,0.06866,-0.0293,0.36972,spy_options_2021.parquet,6376899
SPY,2021-04-07,2021-04-07T16:00:00-04:00,406.57,2021-05-21,44.0,0.12054794520547946,309.0,put,0.29,0.3,0.32,80,,0.37158,-0.01491,0.00068,0.05462,-0.022,-0.00749,spy_options_2021.parquet,6376899
SPY,2021-04-07,2021-04-07T16:00:00-04:00,406.57,2021-05-21,44.0,0.12054794520547946,310.0,call,96.68,97.34,96.79,6,,0.39041,0.97999,0.00088,0.06988,-0.02959,0.37137,spy_options_2021.parquet,6376900
SPY,2021-04-07,2021-04-07T16:00:00-04:00,406.57,2021-05-21,44.0,0.12054794520547946,310.0,put,0.3,0.31,0.29,270,,0.36977,-0.01544,0.00074,0.05619,-0.0221,-0.00844,spy_options_2021.parquet,6376900
SPY,2021-04-07,2021-04-07T16:00:00-04:00,406.57,2021-05-21,44.0,0.12054794520547946,311.0,call,95.71,96.32,80.45,3,,0.3869,0.97976,0.00095,0.07065,-0.03021,0.37182,spy_options_2021.parquet,6376901
SPY,2021-04-07,2021-04-07T16:00:00-04:00,406.57,2021-05-21,44.0,0.12054794520547946,311.0,put,0.3,0.32,0.33,93,,0.36701,-0.01561,0.00078,0.05727,-0.02286,-0.00853,spy_options_2021.parquet,6376901
SPY,2021-04-07,2021-04-07T16:00:00-04:00,406.57,2021-05-21,44.0,0.12054794520547946,312.0,call,94.68,95.37,82.87,4,,0.38424,0.97894,0.00096,0.07254,-0.03109,0.3732,spy_options_2021.parquet,6376902
SPY,2021-04-07,2021-04-07T16:00:00-04:00,406.57,2021-05-21,44.0,0.12054794520547946,312.0,put,0.31,0.32,0.34,51,,0.36383,-0.01644,0.00075,0.05834,-0.02285,-0.00806,spy_options_2021.parquet,6376902
SPY,2021-04-07,2021-04-07T16:00:00-04:00,406.57,2021-05-21,44.0,0.12054794520547946,313.0,call,93.69,94.37,79.2,12,,0.38157,0.97817,0.00092,0.07348,-0.03078,0.3744,spy_options_2021.parquet,6376903
SPY,2021-04-07,2021-04-07T16:00:00-04:00,406.57,2021-05-21,44.0,0.12054794520547946,313.0,put,0.32,0.33,0.35,126,,0.36163,-0.01675,0.00084,0.06008,-0.02353,-0.00838,spy_options_2021.parquet,6376903
SPY,2021-04-07,2021-04-07T16:00:00-04:00,406.57,2021-05-21,44.0,0.12054794520547946,314.0,call,92.74,93.34,93.17,4,,0.37855,0.97827,0.00102,0.07497,-0.03124,0.37469,spy_options_2021.parquet,6376904
SPY,2021-04-07,2021-04-07T16:00:00-04:00,406.57,2021-05-21,44.0,0.12054794520547946,314.0,put,0.33,0.34,0.35,52,,0.35903,-0.017,0.00079,0.06115,-0.02448,-0.00956,spy_options_2021.parquet,6376904
SPY,2021-04-07,2021-04-07T16:00:00-04:00,406.57,2021-05-21,44.0,0.12054794520547946,315.0,call,91.88,92.36,91.96,4,,0.38507,0.97454,0.00102,0.08393,-0.0357,0.37478,spy_options_2021.parquet,6376905
SPY,2021-04-07,2021-04-07T16:00:00-04:00,406.57,2021-05-21,44.0,0.12054794520547946,315.0,put,0.33,0.34,0.35,183,,0.35563,-0.01705,0.00081,0.06238,-0.0236,-0.00918,spy_options_2021.parquet,6376905
SPY,2021-04-07,2021-04-07T16:00:00-04:00,406.57,2021-05-21,44.0,0.12054794520547946,316.0,call,90.89,91.24,78.94,4,,0.37372,0.97665,0.00108,0.07889,-0.03282,0.37653,spy_options_2021.parquet,6376906
SPY,2021-04-07,2021-04-07T16:00:00-04:00,406.57,2021-05-21,44.0,0.12054794520547946,316.0,put,0.34,0.35,0.35,2,,0.35275,-0.018,0.00091,0.06423,-0.02483,-0.00904,spy_options_2021.parquet,6376906
SPY,2021-04-07,2021-04-07T16:00:00-04:00,406.57,2021-05-21,44.0,0.12054794520547946,317.0,call,89.72,90.4,89.44,0,,0.36959,0.97642,0.00106,0.07966,-0.03238,0.37788,spy_options_2021.parquet,6376907
SPY,2021-04-07,2021-04-07T16:00:00-04:00,406.57,2021-05-21,44.0,0.12054794520547946,317.0,put,0.35,0.36,0.37,149,,0.35144,-0.01843,0.00092,0.06589,-0.02516,-0.00945,spy_options_2021.parquet,6376907
SPY,2021-04-07,2021-04-07T16:00:00-04:00,406.57,2021-05-21,44.0,0.12054794520547946,318.0,call,88.73,89.41,74.13,1,,0.36617,0.97633,0.00106,0.0812,-0.03222,0.37869,spy_options_2021.parquet,6376908
SPY,2021-04-07,2021-04-07T16:00:00-04:00,406.57,2021-05-21,44.0,0.12054794520547946,318.0,put,0.36,0.37,0.38,101,,0.34823,-0.01925,0.00095,0.06721,-0.0257,-0.01038,spy_options_2021.parquet,6376908
SPY,2021-04-07,2021-04-07T16:00:00-04:00,406.57,2021-05-21,44.0,0.12054794520547946,319.0,call,87.71,88.4,75.98,2,,0.36021,0.97568,0.0011,0.08017,-0.03212,0.38049,spy_options_2021.parquet,6376909
SPY,2021-04-07,2021-04-07T16:00:00-04:00,406.57,2021-05-21,44.0,0.12054794520547946,319.0,put,0.37,0.38,0.37,51,,0.34669,-0.02003,0.00095,0.0688,-0.02583,-0.01001,spy_options_2021.parquet,6376909
SPY,2021-04-07,2021-04-07T16:00:00-04:00,406.57,2021-05-21,44.0,0.12054794520547946,320.0,call,86.79,87.39,86.14,8,,0.36037,0.97452,0.00111,0.08428,-0.03301,0.38044,spy_options_2021.parquet,6376910
SPY,2021-04-07,2021-04-07T16:00:00-04:00,406.57,2021-05-21,44.0,0.12054794520547946,320.0,put,0.37,0.38,0.38,301,,0.34284,-0.02054,0.00101,0.06959,-0.02636,-0.0103,spy_options_2021.parquet,6376910
SPY,2021-04-07,2021-04-07T16:00:00-04:00,406.57,2021-05-21,44.0,0.12054794520547946,321.0,call,85.76,86.43,72.29,2,,0.35692,0.97471,0.00119,0.08553,-0.03327,0.38181,spy_options_2021.parquet,6376911
SPY,2021-04-07,2021-04-07T16:00:00-04:00,406.57,2021-05-21,44.0,0.12054794520547946,321.0,put,0.38,0.39,0.39,86,,0.34047,-0.02094,0.00107,0.07161,-0.02676,-0.01094,spy_options_2021.parquet,6376911
SPY,2021-04-07,2021-04-07T16:00:00-04:00,406.57,2021-05-21,44.0,0.12054794520547946,322.0,call,84.74,85.43,85.02,4,,0.35205,0.97446,0.00117,0.08522,-0.03321,0.38341,spy_options_2021.parquet,6376912
SPY,2021-04-07,2021-04-07T16:00:00-04:00,406.57,2021-05-21,44.0,0.12054794520547946,322.0,put,0.39,0.4,0.4,145,,0.33734,-0.02085,0.00107,0.07282,-0.02707,-0.01068,spy_options_2021.parquet,6376912
SPY,2021-04-07,2021-04-07T16:00:00-04:00,406.57,2021-05-21,44.0,0.12054794520547946,323.0,call,83.77,84.46,70.71,2,,0.35173,0.97312,0.00121,0.08914,-0.03468,0.38346,spy_options_2021.parquet,6376913
SPY,2021-04-07,2021-04-07T16:00:00-04:00,406.57,2021-05-21,44.0,0.12054794520547946,323.0,put,0.4,0.41,0.4,87,,0.33479,-0.02213,0.00107,0.07521,-0.02767,-0.01128,spy_options_2021.parquet,6376913
SPY,2021-04-07,2021-04-07T16:00:00-04:00,406.57,2021-05-21,44.0,0.12054794520547946,324.0,call,82.78,83.47,72.17,1,,0.34845,0.97218,0.0013,0.09057,-0.0351,0.38429,spy_options_2021.parquet,6376914
SPY,2021-04-07,2021-04-07T16:00:00-04:00,406.57,2021-05-21,44.0,0.12054794520547946,324.0,put,0.41,0.42,0.45,70,,0.33246,-0.02239,0.00117,0.07712,-0.02793,-0.01204,spy_options_2021.parquet,6376914
SPY,2021-04-07,2021-04-07T16:00:00-04:00,406.57,2021-05-21,44.0,0.12054794520547946,325.0,call,81.79,82.48,75.72,4,,0.34588,0.9714,0.00136,0.09233,-0.03531,0.38545,spy_options_2021.parquet,6376915
SPY,2021-04-07,2021-04-07T16:00:00-04:00,406.57,2021-05-21,44.0,0.12054794520547946,325.0,put,0.42,0.43,0.42,329,,0.32945,-0.02328,0.00115,0.07827,-0.02789,-0.01231,spy_options_2021.parquet,6376915
SPY,2021-04-07,2021-04-07T16:00:00-04:00,406.57,2021-05-21,44.0,0.12054794520547946,326.0,call,80.81,81.48,81.09,4,,0.34287,0.97139,0.00139,0.09452,-0.03518,0.38666,spy_options_2021.parquet,6376916
SPY,2021-04-07,2021-04-07T16:00:00-04:00,406.57,2021-05-21,44.0,0.12054794520547946,326.0,put,0.43,0.44,0.46,50,,0.32738,-0.02395,0.00118,0.08107,-0.02894,-0.01276,spy_options_2021.parquet,6376916
SPY,2021-04-07,2021-04-07T16:00:00-04:00,406.57,2021-05-21,44.0,0.12054794520547946,327.0,call,79.83,80.49,80.1,8,,0.34016,0.97052,0.00143,0.09677,-0.03573,0.38688,spy_options_2021.parquet,6376917
SPY,2021-04-07,2021-04-07T16:00:00-04:00,406.57,2021-05-21,44.0,0.12054794520547946,327.0,put,0.44,0.45,0.48,95,,0.32423,-0.0245,0.00126,0.08248,-0.02919,-0.01269,spy_options_2021.parquet,6376917
SPY,2021-04-07,2021-04-07T16:00:00-04:00,406.57,2021-05-21,44.0,0.12054794520547946,328.0,call,78.84,79.5,77.32,3,,0.33723,0.96959,0.0014,0.09824,-0.03702,0.38845,spy_options_2021.parquet,6376918
SPY,2021-04-07,2021-04-07T16:00:00-04:00,406.57,2021-05-21,44.0,0.12054794520547946,328.0,put,0.45,0.46,0.45,151,,0.32236,-0.02505,0.00129,0.08423,-0.0293,-0.01348,spy_options_2021.parquet,6376918
SPY,2021-04-07,2021-04-07T16:00:00-04:00,406.57,2021-05-21,44.0,0.12054794520547946,329.0,call,77.84,78.48,76.05,2,,0.33218,0.96898,0.00143,0.09854,-0.03585,0.38939,spy_options_2021.parquet,6376919
SPY,2021-04-07,2021-04-07T16:00:00-04:00,406.57,2021-05-21,44.0,0.12054794520547946,329.0,put,0.46,0.47,0.46,85,,0.31884,-0.02573,0.00132,0.08603,-0.03043,-0.01373,spy_options_2021.parquet,6376919
SPY,2021-04-07,2021-04-07T16:00:00-04:00,406.57,2021-05-21,44.0,0.12054794520547946,330.0,call,76.84,77.53,70.63,3,,0.33057,0.96806,0.00153,0.1015,-0.03708,0.38953,spy_options_2021.parquet,6376920
SPY,2021-04-07,2021-04-07T16:00:00-04:00,406.57,2021-05-21,44.0,0.12054794520547946,330.0,put,0.48,0.49,0.48,837,,0.31716,-0.02659,0.0014,0.08951,-0.03056,-0.01389,spy_options_2021.parquet,6376920
SPY,2021-04-07,2021-04-07T16:00:00-04:00,406.57,2021-05-21,44.0,0.12054794520547946,331.0,call,75.86,76.54,69.82,8,,0.32805,0.96756,0.00154,0.10458,-0.0374,0.39086,spy_options_2021.parquet,6376921
SPY,2021-04-07,2021-04-07T16:00:00-04:00,406.57,2021-05-21,44.0,0.12054794520547946,331.0,put,0.49,0.5,0.48,97,,0.31438,-0.02772,0.00142,0.09135,-0.03168,-0.01426,spy_options_2021.parquet,6376921
SPY,2021-04-07,2021-04-07T16:00:00-04:00,406.57,2021-05-21,44.0,0.12054794520547946,332.0,call,74.89,75.55,66.2,1,,0.32594,0.96575,0.0016,0.10758,-0.03801,0.39128,spy_options_2021.parquet,6376922
SPY,2021-04-07,2021-04-07T16:00:00-04:00,406.57,2021-05-21,44.0,0.12054794520547946,332.0,put,0.5,0.51,0.51,325,,0.31191,-0.02828,0.0015,0.09358,-0.03128,-0.01497,spy_options_2021.parquet,6376922
SPY,2021-04-07,2021-04-07T16:00:00-04:00,406.57,2021-05-21,44.0,0.12054794520547946,333.0,call,73.87,74.55,74.0,9,,0.3212,0.9661,0.00161,0.10716,-0.03755,0.39247,spy_options_2021.parquet,6376923
SPY,2021-04-07,2021-04-07T16:00:00-04:00,406.57,2021-05-21,44.0,0.12054794520547946,333.0,put,0.51,0.52,0.52,164,,0.30896,-0.02939,0.00153,0.09539,-0.03175,-0.01541,spy_options_2021.parquet,6376923
SPY,2021-04-07,2021-04-07T16:00:00-04:00,406.57,2021-05-21,44.0,0.12054794520547946,334.0,call,72.89,73.56,58.91,1,,0.31813,0.96487,0.00166,0.10953,-0.03814,0.39373,spy_options_2021.parquet,6376924
SPY,2021-04-07,2021-04-07T16:00:00-04:00,406.57,2021-05-21,44.0,0.12054794520547946,334.0,put,0.53,0.54,0.53,259,,0.3069,-0.03055,0.00152,0.09797,-0.03267,-0.01538,spy_options_2021.parquet,6376924
SPY,2021-04-07,2021-04-07T16:00:00-04:00,406.57,2021-05-21,44.0,0.12054794520547946,335.0,call,71.92,72.6,72.06,200,,0.3173,0.96315,0.00175,0.1142,-0.04038,0.39366,spy_options_2021.parquet,6376925
SPY,2021-04-07,2021-04-07T16:00:00-04:00,406.57,2021-05-21,44.0,0.12054794520547946,335.0,put,0.54,0.55,0.55,143,,0.30482,-0.03074,0.00165,0.10037,-0.03304,-0.01596,spy_options_2021.parquet,6376925
SPY,2021-04-07,2021-04-07T16:00:00-04:00,406.57,2021-05-21,44.0,0.12054794520547946,336.0,call,70.94,71.61,70.51,0,,0.31486,0.96225,0.00186,0.11677,-0.04058,0.3946,spy_options_2021.parquet,6376926
SPY,2021-04-07,2021-04-07T16:00:00-04:00,406.57,2021-05-21,44.0,0.12054794520547946,336.0,put,0.56,0.57,0.56,103,,0.30269,-0.03206,0.00163,0.10402,-0.03405,-0.01655,spy_options_2021.parquet,6376926
SPY,2021-04-07,2021-04-07T16:00:00-04:00,406.57,2021-05-21,44.0,0.12054794520547946,337.0,call,69.99,70.59,55.22,2,,0.31183,0.96168,0.00192,0.11939,-0.04138,0.39551,spy_options_2021.parquet,6376927
SPY,2021-04-07,2021-04-07T16:00:00-04:00,406.57,2021-05-21,44.0,0.12054794520547946,337.0,put,0.57,0.58,0.58,81,,0.29916,-0.03319,0.00175,0.10558,-0.03484,-0.01671,spy_options_2021.parquet,6376927
SPY,2021-04-07,2021-04-07T16:00:00-04:00,406.57,2021-05-21,44.0,0.12054794520547946,338.0,call,69.05,69.61,68.84,0,,0.31082,0.95999,0.00197,0.12451,-0.04208,0.39501,spy_options_2021.parquet,6376928
SPY,2021-04-07,2021-04-07T16:00:00-04:00,406.57,2021-05-21,44.0,0.12054794520547946,338.0,put,0.59,0.6,0.59,197,,0.29765,-0.03387,0.00183,0.10912,-0.03507,-0.0179,spy_options_2021.parquet,6376928
SPY,2021-04-07,2021-04-07T16:00:00-04:00,406.57,2021-05-21,44.0,0.12054794520547946,339.0,call,67.96,68.64,54.93,4,,0.30515,0.95974,0.00196,0.12286,-0.04149,0.39681,spy_options_2021.parquet,6376929
SPY,2021-04-07,2021-04-07T16:00:00-04:00,406.57,2021-05-21,44.0,0.12054794520547946,339.0,put,0.6,0.62,0.68,480,,0.29461,-0.03533,0.00189,0.11106,-0.03545,-0.01834,spy_options_2021.parquet,6376929
SPY,2021-04-07,2021-04-07T16:00:00-04:00,406.57,2021-05-21,44.0,0.12054794520547946,340.0,call,67.0,67.68,67.29,4,,0.30389,0.95775,0.00205,0.12744,-0.04269,0.39656,spy_options_2021.parquet,6376930
SPY,2021-04-07,2021-04-07T16:00:00-04:00,406.57,2021-05-21,44.0,0.12054794520547946,340.0,put,0.62,0.63,0.63,308,,0.29235,-0.03645,0.00192,0.11399,-0.03611,-0.01855,spy_options_2021.parquet,6376930
SPY,2021-04-07,2021-04-07T16:00:00-04:00,406.57,2021-05-21,44.0,0.12054794520547946,341.0,call,65.98,66.68,56.92,5,,0.29877,0.95822,0.00214,0.12826,-0.04244,0.39865,spy_options_2021.parquet,6376931
SPY,2021-04-07,2021-04-07T16:00:00-04:00,406.57,2021-05-21,44.0,0.12054794520547946,341.0,put,0.64,0.65,0.66,93,,0.29007,-0.03761,0.00197,0.11775,-0.03742,-0.01993,spy_options_2021.parquet,6376931
SPY,2021-04-07,2021-04-07T16:00:00-04:00,406.57,2021-05-21,44.0,0.12054794520547946,342.0,call,65.0,65.7,64.76,1,,0.29604,0.95698,0.00218,0.13137,-0.0426,0.39918,spy_options_2021.parquet,6376932
SPY,2021-04-07,2021-04-07T16:00:00-04:00,406.57,2021-05-21,44.0,0.12054794520547946,342.0,put,0.66,0.67,0.72,102,,0.28786,-0.03883,0.00202,0.12116,-0.03787,-0.01985,spy_options_2021.parquet,6376932
SPY,2021-04-07,2021-04-07T16:00:00-04:00,406.57,2021-05-21,44.0,0.12054794520547946,343.0,call,64.12,64.7,64.35,2,,0.29695,0.95435,0.00224,0.13824,-0.04521,0.39854,spy_options_2021.parquet,6376933
SPY,2021-04-07,2021-04-07T16:00:00-04:00,406.57,2021-05-21,44.0,0.12054794520547946,343.0,put,0.68,0.69,0.69,119,,0.28541,-0.03994,0.00212,0.12441,-0.03862,-0.02103,spy_options_2021.parquet,6376933
SPY,2021-04-07,2021-04-07T16:00:00-04:00,406.57,2021-05-21,44.0,0.12054794520547946,344.0,call,63.08,63.76,56.95,324,,0.29357,0.95302,0.00239,0.14039,-0.04518,0.39885,spy_options_2021.parquet,6376934
SPY,2021-04-07,2021-04-07T16:00:00-04:00,406.57,2021-05-21,44.0,0.12054794520547946,344.0,put,0.7,0.71,0.72,159,,0.28246,-0.04118,0.00223,0.12721,-0.03936,-0.02194,spy_options_2021.parquet,6376934
SPY,2021-04-07,2021-04-07T16:00:00-04:00,406.57,2021-05-21,44.0,0.12054794520547946,345.0,call,62.2,62.53,62.3,156,,0.2849,0.95477,0.00239,0.13608,-0.04256,0.40133,spy_options_2021.parquet,6376935
SPY,2021-04-07,2021-04-07T16:00:00-04:00,406.57,2021-05-21,44.0,0.12054794520547946,345.0,put,0.72,0.73,0.73,241,,0.27998,-0.04241,0.00223,0.13038,-0.03986,-0.02197,spy_options_2021.parquet,6376935
SPY,2021-04-07,2021-04-07T16:00:00-04:00,406.57,2021-05-21,44.0,0.12054794520547946,346.0,call,61.21,61.75,61.19,100,,0.28877,0.94977,0.00253,0.1488,-0.047,0.39971,spy_options_2021.parquet,6376936
SPY,2021-04-07,2021-04-07T16:00:00-04:00,406.57,2021-05-21,44.0,0.12054794520547946,346.0,put,0.74,0.75,0.77,237,,0.27784,-0.04442,0.00235,0.1344,-0.0412,-0.0226,spy_options_2021.parquet,6376936
SPY,2021-04-07,2021-04-07T16:00:00-04:00,406.57,2021-05-21,44.0,0.12054794520547946,347.0,call,60.18,60.81,59.76,1,,0.28566,0.9487,0.00259,0.15133,-0.04779,0.40029,spy_options_2021.parquet,6376937
SPY,2021-04-07,2021-04-07T16:00:00-04:00,406.57,2021-05-21,44.0,0.12054794520547946,347.0,put,0.76,0.78,0.77,151,,0.27521,-0.04561,0.00249,0.1376,-0.04205,-0.02427,spy_options_2021.parquet,6376937
SPY,2021-04-07,2021-04-07T16:00:00-04:00,406.57,2021-05-21,44.0,0.12054794520547946,348.0,call,59.18,59.85,59.46,4,,0.28267,0.94664,0.00267,0.15469,-0.04792,0.40126,spy_options_2021.parquet,6376938
SPY,2021-04-07,2021-04-07T16:00:00-04:00,406.57,2021-05-21,44.0,0.12054794520547946,348.0,put,0.79,0.8,0.8,121,,0.27354,-0.04731,0.00257,0.14154,-0.04236,-0.02458,spy_options_2021.parquet,6376938
SPY,2021-04-07,2021-04-07T16:00:00-04:00,406.57,2021-05-21,44.0,0.12054794520547946,349.0,call,58.26,58.83,57.52,50,,0.28041,0.94494,0.00274,0.15905,-0.04969,0.40108,spy_options_2021.parquet,6376939
SPY,2021-04-07,2021-04-07T16:00:00-04:00,406.57,2021-05-21,44.0,0.12054794520547946,349.0,put,0.81,0.83,0.82,54,,0.27136,-0.04918,0.00266,0.14531,-0.04354,-0.02589,spy_options_2021.parquet,6376939
SPY,2021-04-07,2021-04-07T16:00:00-04:00,406.57,2021-05-21,44.0,0.12054794520547946,350.0,call,57.29,57.86,57.48,4,,0.27881,0.94356,0.00288,0.16334,-0.05047,0.40192,spy_options_2021.parquet,6376940
SPY,2021-04-07,2021-04-07T16:00:00-04:00,406.57,2021-05-21,44.0,0.12054794520547946,350.0,put,0.84,0.85,0.84,1109,,0.26811,-0.05064,0.00275,0.14973,-0.04448,-0.02649,spy_options_2021.parquet,6376940
SPY,2021-04-07,2021-04-07T16:00:00-04:00,406.57,2021-05-21,44.0,0.12054794520547946,351.0,call,56.43,56.79,43.78,2,,0.27661,0.94059,0.00296,0.16762,-0.05152,0.40166,spy_options_2021.parquet,6376941
SPY,2021-04-07,2021-04-07T16:00:00-04:00,406.57,2021-05-21,44.0,0.12054794520547946,351.0,put,0.87,0.88,0.89,108,,0.26606,-0.05309,0.00283,0.15436,-0.04517,-0.02744,spy_options_2021.parquet,6376941
SPY,2021-04-07,2021-04-07T16:00:00-04:00,406.57,2021-05-21,44.0,0.12054794520547946,352.0,call,55.49,55.82,55.79,0,,0.27478,0.93874,0.00304,0.1736,-0.05254,0.40188,spy_options_2021.parquet,6376942
SPY,2021-04-07,2021-04-07T16:00:00-04:00,406.57,2021-05-21,44.0,0.12054794520547946,352.0,put,0.89,0.91,0.9,59,,0.26369,-0.05425,0.0029,0.15835,-0.04606,-0.02856,spy_options_2021.parquet,6376942
SPY,2021-04-07,2021-04-07T16:00:00-04:00,406.57,2021-05-21,44.0,0.12054794520547946,353.0,call,54.37,54.94,45.92,1,,0.27007,0.93762,0.00318,0.17538,-0.05211,0.40225,spy_options_2021.parquet,6376943
SPY,2021-04-07,2021-04-07T16:00:00-04:00,406.57,2021-05-21,44.0,0.12054794520547946,353.0,put,0.92,0.94,0.95,119,,0.26106,-0.05663,0.00305,0.16314,-0.04692,-0.02911,spy_options_2021.parquet,6376943
SPY,2021-04-07,2021-04-07T16:00:00-04:00,406.57,2021-05-21,44.0,0.12054794520547946,354.0,call,53.39,53.98,53.2,0,,0.26802,0.93595,0.00333,0.17926,-0.05284,0.40276,spy_options_2021.parquet,6376944
SPY,2021-04-07,2021-04-07T16:00:00-04:00,406.57,2021-05-21,44.0,0.12054794520547946,354.0,put,0.96,0.97,0.97,108,,0.2589,-0.05867,0.00318,0.16822,-0.04812,-0.0309,spy_options_2021.parquet,6376944
SPY,2021-04-07,2021-04-07T16:00:00-04:00,406.57,2021-05-21,44.0,0.12054794520547946,355.0,call,52.51,52.87,52.72,2,,0.2634,0.93448,0.00335,0.18217,-0.05268,0.40372,spy_options_2021.parquet,6376945
SPY,2021-04-07,2021-04-07T16:00:00-04:00,406.57,2021-05-21,44.0,0.12054794520547946,355.0,put,0.99,1.0,1.0,2813,,0.25709,-0.06051,0.00326,0.17266,-0.04863,-0.03119,spy_options_2021.parquet,6376945
SPY,2021-04-07,2021-04-07T16:00:00-04:00,406.57,2021-05-21,44.0,0.12054794520547946,356.0,call,51.47,51.9,45.07,1,,0.25928,0.93421,0.00349,0.18365,-0.05295,0.40407,spy_options_2021.parquet,6376946
SPY,2021-04-07,2021-04-07T16:00:00-04:00,406.57,2021-05-21,44.0,0.12054794520547946,356.0,put,1.02,1.03,1.05,101,,0.25405,-0.06253,0.00339,0.17709,-0.04921,-0.03239,spy_options_2021.parquet,6376946
SPY,2021-04-07,2021-04-07T16:00:00-04:00,406.57,2021-05-21,44.0,0.12054794520547946,357.0,call,50.51,50.86,44.78,5,,0.25466,0.93299,0.00356,0.18582,-0.05261,0.4044,spy_options_2021.parquet,6376947
SPY,2021-04-07,2021-04-07T16:00:00-04:00,406.57,2021-05-21,44.0,0.12054794520547946,357.0,put,1.06,1.07,1.05,137,,0.25213,-0.06501,0.00353,0.18261,-0.0506,-0.03422,spy_options_2021.parquet,6376947
SPY,2021-04-07,2021-04-07T16:00:00-04:00,406.57,2021-05-21,44.0,0.12054794520547946,358.0,call,49.78,49.94,49.29,1,,0.25954,0.92516,0.00377,0.20109,-0.05795,0.4019,spy_options_2021.parquet,6376948
SPY,2021-04-07,2021-04-07T16:00:00-04:00,406.57,2021-05-21,44.0,0.12054794520547946,358.0,put,1.09,1.1,1.1,63,,0.24967,-0.06764,0.00363,0.18756,-0.05106,-0.03515,spy_options_2021.parquet,6376948
SPY,2021-04-07,2021-04-07T16:00:00-04:00,406.57,2021-05-21,44.0,0.12054794520547946,359.0,call,48.58,48.94,48.22,1,,0.25021,0.92829,0.00381,0.19581,-0.05396,0.40456,spy_options_2021.parquet,6376949
SPY,2021-04-07,2021-04-07T16:00:00-04:00,406.57,2021-05-21,44.0,0.12054794520547946,359.0,put,1.13,1.14,1.14,108,,0.24782,-0.06983,0.00377,0.19275,-0.05204,-0.03634,spy_options_2021.parquet,6376949
SPY,2021-04-07,2021-04-07T16:00:00-04:00,406.57,2021-05-21,44.0,0.12054794520547946,360.0,call,47.62,47.98,48.1,2,,0.24744,0.92489,0.00399,0.20164,-0.05504,0.4042,spy_options_2021.parquet,6376950
SPY,2021-04-07,2021-04-07T16:00:00-04:00,406.57,2021-05-21,44.0,0.12054794520547946,360.0,put,1.17,1.18,1.17,868,,0.24528,-0.07229,0.00392,0.19789,-0.05359,-0.0375,spy_options_2021.parquet,6376950
SPY,2021-04-07,2021-04-07T16:00:00-04:00,406.57,2021-05-21,44.0,0.12054794520547946,361.0,call,46.66,47.02,46.72,1,,0.24583,0.92301,0.0041,0.20726,-0.05617,0.40445,spy_options_2021.parquet,6376951
SPY,2021-04-07,2021-04-07T16:00:00-04:00,406.57,2021-05-21,44.0,0.12054794520547946,361.0,put,1.21,1.22,1.26,648,,0.2432,-0.07553,0.00407,0.20363,-0.05411,-0.03884,spy_options_2021.parquet,6376951
SPY,2021-04-07,2021-04-07T16:00:00-04:00,406.57,2021-05-21,44.0,0.12054794520547946,362.0,call,45.92,46.07,45.45,2,,0.24851,0.91529,0.00441,0.22087,-0.06089,0.40161,spy_options_2021.parquet,6376952
SPY,2021-04-07,2021-04-07T16:00:00-04:00,406.57,2021-05-21,44.0,0.12054794520547946,362.0,put,1.26,1.27,1.27,270,,0.24157,-0.0787,0.00426,0.20987,-0.05611,-0.04035,spy_options_2021.parquet,6376952
SPY,2021-04-07,2021-04-07T16:00:00-04:00,406.57,2021-05-21,44.0,0.12054794520547946,363.0,call,44.93,45.11,44.62,0,,0.24459,0.91283,0.00456,0.22557,-0.06086,0.40226,spy_options_2021.parquet,6376953
SPY,2021-04-07,2021-04-07T16:00:00-04:00,406.57,2021-05-21,44.0,0.12054794520547946,363.0,put,1.3,1.31,1.3,105,,0.23907,-0.08153,0.00444,0.21595,-0.05718,-0.04214,spy_options_2021.parquet,6376953
SPY,2021-04-07,2021-04-07T16:00:00-04:00,406.57,2021-05-21,44.0,0.12054794520547946,364.0,call,44.02,44.19,43.81,0,,0.24402,0.90904,0.00468,0.2339,-0.06363,0.40112,spy_options_2021.parquet,6376954
SPY,2021-04-07,2021-04-07T16:00:00-04:00,406.57,2021-05-21,44.0,0.12054794520547946,364.0,put,1.34,1.36,1.39,282,,0.2365,-0.08472,0.00465,0.22227,-0.05826,-0.04417,spy_options_2021.parquet,6376954
SPY,2021-04-07,2021-04-07T16:00:00-04:00,406.57,2021-05-21,44.0,0.12054794520547946,365.0,call,43.07,43.24,42.73,0,,0.24184,0.90588,0.00484,0.24028,-0.06464,0.40041,spy_options_2021.parquet,6376955
SPY,2021-04-07,2021-04-07T16:00:00-04:00,406.57,2021-05-21,44.0,0.12054794520547946,365.0,put,1.4,1.41,1.42,773,,0.23374,-0.08786,0.00482,0.22903,-0.05872,-0.04541,spy_options_2021.parquet,6376955
SPY,2021-04-07,2021-04-07T16:00:00-04:00,406.57,2021-05-21,44.0,0.12054794520547946,366.0,call,42.05,42.34,35.74,1,,0.23894,0.90229,0.00507,0.24618,-0.06511,0.40036,spy_options_2021.parquet,6376956
SPY,2021-04-07,2021-04-07T16:00:00-04:00,406.57,2021-05-21,44.0,0.12054794520547946,366.0,put,1.45,1.46,1.47,105,,0.23168,-0.09119,0.00494,0.23537,-0.05971,-0.04721,spy_options_2021.parquet,6376956
SPY,2021-04-07,2021-04-07T16:00:00-04:00,406.57,2021-05-21,44.0,0.12054794520547946,367.0,call,41.14,41.29,41.61,0,,0.23467,0.90035,0.00525,0.25029,-0.06486,0.40037,spy_options_2021.parquet,6376957
SPY,2021-04-07,2021-04-07T16:00:00-04:00,406.57,2021-05-21,44.0,0.12054794520547946,367.0,put,1.5,1.51,1.52,611,,0.22909,-0.09461,0.00517,0.24174,-0.06127,-0.04878,spy_options_2021.parquet,6376957
SPY,2021-04-07,2021-04-07T16:00:00-04:00,406.57,2021-05-21,44.0,0.12054794520547946,368.0,call,40.23,40.4,40.69,0,,0.23423,0.89489,0.00545,0.26006,-0.06708,0.39823,spy_options_2021.parquet,6376958
SPY,2021-04-07,2021-04-07T16:00:00-04:00,406.57,2021-05-21,44.0,0.12054794520547946,368.0,put,1.55,1.57,1.58,126,,0.22732,-0.09906,0.00535,0.24887,-0.06259,-0.051,spy_options_2021.parquet,6376958
SPY,2021-04-07,2021-04-07T16:00:00-04:00,406.57,2021-05-21,44.0,0.12054794520547946,369.0,call,39.08,39.42,38.87,0,,0.22738,0.89545,0.00559,0.25855,-0.06512,0.40022,spy_options_2021.parquet,6376959
SPY,2021-04-07,2021-04-07T16:00:00-04:00,406.57,2021-05-21,44.0,0.12054794520547946,369.0,put,1.61,1.63,1.63,132,,0.22514,-0.1023,0.00562,0.25624,-0.06391,-0.05277,spy_options_2021.parquet,6376959
SPY,2021-04-07,2021-04-07T16:00:00-04:00,406.57,2021-05-21,44.0,0.12054794520547946,370.0,call,38.14,38.49,37.76,23,,0.22535,0.89124,0.00582,0.26571,-0.06668,0.39888,spy_options_2021.parquet,6376960
SPY,2021-04-07,2021-04-07T16:00:00-04:00,406.57,2021-05-21,44.0,0.12054794520547946,370.0,put,1.68,1.69,1.7,3492,,0.2231,-0.10634,0.00577,0.26336,-0.06447,-0.05568,spy_options_2021.parquet,6376960
SPY,2021-04-07,2021-04-07T16:00:00-04:00,406.57,2021-05-21,44.0,0.12054794520547946,371.0,call,37.12,37.59,37.44,50,,0.22169,0.88796,0.00601,0.27205,-0.06658,0.3982,spy_options_2021.parquet,6376961
SPY,2021-04-07,2021-04-07T16:00:00-04:00,406.57,2021-05-21,44.0,0.12054794520547946,371.0,put,1.73,1.75,1.78,168,,0.21988,-0.11048,0.006,0.27088,-0.06543,-0.05704,spy_options_2021.parquet,6376961
SPY,2021-04-07,2021-04-07T16:00:00-04:00,406.57,2021-05-21,44.0,0.12054794520547946,372.0,call,36.44,36.6,36.77,0,,0.22283,0.88034,0.00625,0.28595,-0.07082,0.39561,spy_options_2021.parquet,6376962
SPY,2021-04-07,2021-04-07T16:00:00-04:00,406.57,2021-05-21,44.0,0.12054794520547946,372.0,put,1.8,1.81,1.83,111,,0.21784,-0.11533,0.00625,0.2784,-0.06667,-0.05959,spy_options_2021.parquet,6376962
SPY,2021-04-07,2021-04-07T16:00:00-04:00,406.57,2021-05-21,44.0,0.12054794520547946,373.0,call,35.24,35.68,35.54,2,,0.21656,0.88014,0.00644,0.28544,-0.06824,0.39668,spy_options_2021.parquet,6376963
SPY,2021-04-07,2021-04-07T16:00:00-04:00,406.57,2021-05-21,44.0,0.12054794520547946,373.0,put,1.87,1.88,1.92,859,,0.216,-0.11935,0.00654,0.28554,-0.06829,-0.06168,spy_options_2021.parquet,6376963
SPY,2021-04-07,2021-04-07T16:00:00-04:00,406.57,2021-05-21,44.0,0.12054794520547946,374.0,call,34.62,34.98,34.61,103,,0.22294,0.86555,0.00685,0.30871,-0.0764,0.39052,spy_options_2021.parquet,6376964
SPY,2021-04-07,2021-04-07T16:00:00-04:00,406.57,2021-05-21,44.0,0.12054794520547946,374.0,put,1.94,1.96,1.99,103,,0.21308,-0.12496,0.00676,0.29405,-0.0695,-0.0644,spy_options_2021.parquet,6376964
SPY,2021-04-07,2021-04-07T16:00:00-04:00,406.57,2021-05-21,44.0,0.12054794520547946,375.0,call,33.7,33.83,33.82,59,,0.21665,0.86475,0.00705,0.31033,-0.07444,0.3917,spy_options_2021.parquet,6376965
SPY,2021-04-07,2021-04-07T16:00:00-04:00,406.57,2021-05-21,44.0,0.12054794520547946,375.0,put,2.02,2.03,2.03,991,,0.21147,-0.12942,0.00702,0.30275,-0.0705,-0.06722,spy_options_2021.parquet,6376965
SPY,2021-04-07,2021-04-07T16:00:00-04:00,406.57,2021-05-21,44.0,0.12054794520547946,376.0,call,32.77,32.93,32.96,3,,0.21447,0.85882,0.00728,0.31925,-0.07555,0.38979,spy_options_2021.parquet,6376966
SPY,2021-04-07,2021-04-07T16:00:00-04:00,406.57,2021-05-21,44.0,0.12054794520547946,376.0,put,2.1,2.12,2.15,94,,0.2091,-0.13523,0.00731,0.31154,-0.07175,-0.07045,spy_options_2021.parquet,6376966
SPY,2021-04-07,2021-04-07T16:00:00-04:00,406.57,2021-05-21,44.0,0.12054794520547946,377.0,call,31.64,31.99,31.68,1,,0.20873,0.85743,0.00755,0.3218,-0.07409,0.39065,spy_options_2021.parquet,6376967
SPY,2021-04-07,2021-04-07T16:00:00-04:00,406.57,2021-05-21,44.0,0.12054794520547946,377.0,put,2.18,2.2,2.19,502,,0.20661,-0.14033,0.00758,0.31963,-0.0731,-0.07244,spy_options_2021.parquet,6376967
SPY,2021-04-07,2021-04-07T16:00:00-04:00,406.57,2021-05-21,44.0,0.12054794520547946,378.0,call,30.87,31.05,30.39,5,,0.20768,0.84988,0.00788,0.33299,-0.07663,0.3871,spy_options_2021.parquet,6376968
SPY,2021-04-07,2021-04-07T16:00:00-04:00,406.57,2021-05-21,44.0,0.12054794520547946,378.0,put,2.26,2.28,2.3,123,,0.20471,-0.14589,0.00789,0.32827,-0.07398,-0.07523,spy_options_2021.parquet,6376968
SPY,2021-04-07,2021-04-07T16:00:00-04:00,406.57,2021-05-21,44.0,0.12054794520547946,379.0,call,29.81,30.16,29.57,101,,0.2039,0.84618,0.0082,0.3383,-0.07652,0.38685,spy_options_2021.parquet,6376969
SPY,2021-04-07,2021-04-07T16:00:00-04:00,406.57,2021-05-21,44.0,0.12054794520547946,379.0,put,2.35,2.37,2.39,1163,,0.202,-0.15265,0.00822,0.33759,-0.07569,-0.07872,spy_options_2021.parquet,6376969
SPY,2021-04-07,2021-04-07T16:00:00-04:00,406.57,2021-05-21,44.0,0.12054794520547946,380.0,call,28.91,29.25,28.77,54,,0.2016,0.83933,0.00852,0.34803,-0.07761,0.38454,spy_options_2021.parquet,6376970
SPY,2021-04-07,2021-04-07T16:00:00-04:00,406.57,2021-05-21,44.0,0.12054794520547946,380.0,put,2.44,2.46,2.46,8588,,0.19947,-0.15881,0.00852,0.34613,-0.07621,-0.0816,spy_options_2021.parquet,6376970
SPY,2021-04-07,2021-04-07T16:00:00-04:00,406.57,2021-05-21,44.0,0.12054794520547946,381.0,call,28.16,28.32,27.94,0,,0.2002,0.83072,0.00879,0.35955,-0.08041,0.38126,spy_options_2021.parquet,6376971
SPY,2021-04-07,2021-04-07T16:00:00-04:00,406.57,2021-05-21,44.0,0.12054794520547946,381.0,put,2.54,2.56,2.57,185,,0.19727,-0.16561,0.00884,0.3554,-0.07825,-0.08536,spy_options_2021.parquet,6376971
SPY,2021-04-07,2021-04-07T16:00:00-04:00,406.57,2021-05-21,44.0,0.12054794520547946,382.0,call,27.32,27.49,27.18,5,,0.20009,0.82204,0.00917,0.37113,-0.08265,0.37777,spy_options_2021.parquet,6376972
SPY,2021-04-07,2021-04-07T16:00:00-04:00,406.57,2021-05-21,44.0,0.12054794520547946,382.0,put,2.64,2.66,2.65,270,,0.19441,-0.17235,0.0092,0.36529,-0.07895,-0.08849,spy_options_2021.parquet,6376972
SPY,2021-04-07,2021-04-07T16:00:00-04:00,406.57,2021-05-21,44.0,0.12054794520547946,383.0,call,26.42,26.57,26.21,1,,0.19721,0.81617,0.00945,0.38013,-0.08361,0.37642,spy_options_2021.parquet,6376973
SPY,2021-04-07,2021-04-07T16:00:00-04:00,406.57,2021-05-21,44.0,0.12054794520547946,383.0,put,2.75,2.77,2.76,277,,0.19268,-0.1792,0.00956,0.37486,-0.07971,-0.09222,spy_options_2021.parquet,6376973
SPY,2021-04-07,2021-04-07T16:00:00-04:00,406.57,2021-05-21,44.0,0.12054794520547946,384.0,call,25.54,25.69,25.29,0,,0.19436,0.80824,0.00983,0.39,-0.08494,0.37328,spy_options_2021.parquet,6376974
SPY,2021-04-07,2021-04-07T16:00:00-04:00,406.57,2021-05-21,44.0,0.12054794520547946,384.0,put,2.86,2.88,2.87,1083,,0.18999,-0.18718,0.00991,0.38439,-0.0814,-0.09669,spy_options_2021.parquet,6376974
SPY,2021-04-07,2021-04-07T16:00:00-04:00,406.57,2021-05-21,44.0,0.12054794520547946,385.0,call,24.6,24.92,24.36,92,,0.19282,0.7996,0.01023,0.40036,-0.08645,0.36963,spy_options_2021.parquet,6376975
SPY,2021-04-07,2021-04-07T16:00:00-04:00,406.57,2021-05-21,44.0,0.12054794520547946,385.0,put,2.97,2.99,2.99,6622,,0.18765,-0.19469,0.01033,0.39337,-0.08255,-0.10083,spy_options_2021.parquet,6376975
SPY,2021-04-07,2021-04-07T16:00:00-04:00,406.57,2021-05-21,44.0,0.12054794520547946,386.0,call,23.76,24.13,23.95,2,,0.19173,0.78987,0.01059,0.41194,-0.08779,0.36619,spy_options_2021.parquet,6376976
SPY,2021-04-07,2021-04-07T16:00:00-04:00,406.57,2021-05-21,44.0,0.12054794520547946,386.0,put,3.1,3.11,3.12,1715,,0.1855,-0.20255,0.01069,0.40404,-0.08326,-0.10511,spy_options_2021.parquet,6376976
SPY,2021-04-07,2021-04-07T16:00:00-04:00,406.57,2021-05-21,44.0,0.12054794520547946,387.0,call,22.92,23.04,22.85,54,,0.18694,0.78391,0.01101,0.41882,-0.08695,0.36421,spy_options_2021.parquet,6376977
SPY,2021-04-07,2021-04-07T16:00:00-04:00,406.57,2021-05-21,44.0,0.12054794520547946,387.0,put,3.23,3.25,3.26,201,,0.18303,-0.21156,0.01111,0.41378,-0.08443,-0.10955,spy_options_2021.parquet,6376977
SPY,2021-04-07,2021-04-07T16:00:00-04:00,406.57,2021-05-21,44.0,0.12054794520547946,388.0,call,22.03,22.18,21.93,27,,0.18429,0.77492,0.01143,0.4284,-0.08807,0.36052,spy_options_2021.parquet,6376978
SPY,2021-04-07,2021-04-07T16:00:00-04:00,406.57,2021-05-21,44.0,0.12054794520547946,388.0,put,3.36,3.38,3.37,828,,0.18027,-0.2204,0.01154,0.42444,-0.08559,-0.1142,spy_options_2021.parquet,6376978
SPY,2021-04-07,2021-04-07T16:00:00-04:00,406.57,2021-05-21,44.0,0.12054794520547946,389.0,call,21.21,21.32,21.05,12,,0.18191,0.76503,0.01184,0.43815,-0.08871,0.35699,spy_options_2021.parquet,6376979
SPY,2021-04-07,2021-04-07T16:00:00-04:00,406.57,2021-05-21,44.0,0.12054794520547946,389.0,put,3.49,3.51,3.51,4266,,0.17812,-0.22976,0.01196,0.43356,-0.0856,-0.1189,spy_options_2021.parquet,6376979
SPY,2021-04-07,2021-04-07T16:00:00-04:00,406.57,2021-05-21,44.0,0.12054794520547946,390.0,call,20.29,20.54,19.84,232,,0.18023,0.75512,0.01223,0.44864,-0.08959,0.35347,spy_options_2021.parquet,6376980
SPY,2021-04-07,2021-04-07T16:00:00-04:00,406.57,2021-05-21,44.0,0.12054794520547946,390.0,put,3.64,3.66,3.66,4141,,0.17568,-0.24022,0.01242,0.44437,-0.08687,-0.12319,spy_options_2021.parquet,6376980
SPY,2021-04-07,2021-04-07T16:00:00-04:00,406.57,2021-05-21,44.0,0.12054794520547946,391.0,call,19.46,19.6,19.42,57,,0.17602,0.74587,0.01277,0.45754,-0.08983,0.34956,spy_options_2021.parquet,6376981
SPY,2021-04-07,2021-04-07T16:00:00-04:00,406.57,2021-05-21,44.0,0.12054794520547946,391.0,put,3.79,3.81,3.83,590,,0.17254,-0.2498,0.0129,0.45381,-0.08718,-0.12827,spy_options_2021.parquet,6376981
SPY,2021-04-07,2021-04-07T16:00:00-04:00,406.57,2021-05-21,44.0,0.12054794520547946,392.0,call,18.67,18.83,18.51,60,,0.17519,0.73406,0.01317,0.4687,-0.09185,0.3444,spy_options_2021.parquet,6376982
SPY,2021-04-07,2021-04-07T16:00:00-04:00,406.57,2021-05-21,44.0,0.12054794520547946,392.0,put,3.96,3.99,4.02,402,,0.17065,-0.26169,0.01338,0.46505,-0.0879,-0.13408,spy_options_2021.parquet,6376982
SPY,2021-04-07,2021-04-07T16:00:00-04:00,406.57,2021-05-21,44.0,0.12054794520547946,393.0,call,17.81,17.92,17.44,195,,0.17168,0.72394,0.01371,0.47651,-0.09077,0.34047,spy_options_2021.parquet,6376983
SPY,2021-04-07,2021-04-07T16:00:00-04:00,406.57,2021-05-21,44.0,0.12054794520547946,393.0,put,4.12,4.15,4.19,206,,0.16755,-0.27281,0.0138,0.47457,-0.08895,-0.14025,spy_options_2021.parquet,6376983
SPY,2021-04-07,2021-04-07T16:00:00-04:00,406.57,2021-05-21,44.0,0.12054794520547946,394.0,call,16.99,17.17,16.83,98,,0.16924,0.71141,0.01408,0.48758,-0.09241,0.3354,spy_options_2021.parquet,6376984
SPY,2021-04-07,2021-04-07T16:00:00-04:00,406.57,2021-05-21,44.0,0.12054794520547946,394.0,put,4.29,4.32,4.31,697,,0.16508,-0.28456,0.01442,0.48413,-0.08877,-0.14568,spy_options_2021.parquet,6376984
SPY,2021-04-07,2021-04-07T16:00:00-04:00,406.57,2021-05-21,44.0,0.12054794520547946,395.0,call,16.21,16.31,16.16,979,,0.16713,0.69961,0.01459,0.49624,-0.09239,0.33003,spy_options_2021.parquet,6376985
SPY,2021-04-07,2021-04-07T16:00:00-04:00,406.57,2021-05-21,44.0,0.12054794520547946,395.0,put,4.49,4.52,4.51,2527,,0.16351,-0.29647,0.01489,0.49451,-0.08954,-0.15278,spy_options_2021.parquet,6376985
SPY,2021-04-07,2021-04-07T16:00:00-04:00,406.57,2021-05-21,44.0,0.12054794520547946,396.0,call,15.42,15.55,15.47,235,,0.16451,0.68644,0.01512,0.50612,-0.09334,0.32502,spy_options_2021.parquet,6376986
SPY,2021-04-07,2021-04-07T16:00:00-04:00,406.57,2021-05-21,44.0,0.12054794520547946,396.0,put,4.68,4.71,4.78,951,,0.16024,-0.3102,0.01536,0.50326,-0.0905,-0.15907,spy_options_2021.parquet,6376986
SPY,2021-04-07,2021-04-07T16:00:00-04:00,406.57,2021-05-21,44.0,0.12054794520547946,397.0,call,14.62,14.75,14.45,71,,0.16184,0.67307,0.01557,0.51531,-0.09366,0.31907,spy_options_2021.parquet,6376987
SPY,2021-04-07,2021-04-07T16:00:00-04:00,406.57,2021-05-21,44.0,0.12054794520547946,397.0,put,4.88,4.92,4.96,851,,0.15788,-0.32395,0.01599,0.5132,-0.09033,-0.16584,spy_options_2021.parquet,6376987
SPY,2021-04-07,2021-04-07T16:00:00-04:00,406.57,2021-05-21,44.0,0.12054794520547946,398.0,call,13.81,13.97,13.5,69,,0.15949,0.65882,0.01617,0.52395,-0.09328,0.31257,spy_options_2021.parquet,6376988
SPY,2021-04-07,2021-04-07T16:00:00-04:00,406.57,2021-05-21,44.0,0.12054794520547946,398.0,put,5.12,5.16,5.2,1001,,0.15542,-0.33856,0.01642,0.52215,-0.09092,-0.17315,spy_options_2021.parquet,6376988
SPY,2021-04-07,2021-04-07T16:00:00-04:00,406.57,2021-05-21,44.0,0.12054794520547946,399.0,call,13.07,13.13,12.55,501,,0.15607,0.64502,0.01671,0.53191,-0.09263,0.30632,spy_options_2021.parquet,6376989
SPY,2021-04-07,2021-04-07T16:00:00-04:00,406.57,2021-05-21,44.0,0.12054794520547946,399.0,put,5.35,5.38,5.39,678,,0.15273,-0.35322,0.01704,0.53079,-0.09051,-0.18024,spy_options_2021.parquet,6376989
SPY,2021-04-07,2021-04-07T16:00:00-04:00,406.57,2021-05-21,44.0,0.12054794520547946,400.0,call,12.31,12.35,12.22,958,,0.15354,0.62937,0.01727,0.53934,-0.09247,0.29995,spy_options_2021.parquet,6376990
SPY,2021-04-07,2021-04-07T16:00:00-04:00,406.57,2021-05-21,44.0,0.12054794520547946,400.0,put,5.59,5.62,5.63,5663,,0.15013,-0.36877,0.01754,0.53854,-0.09035,-0.18815,spy_options_2021.parquet,6376990
SPY,2021-04-07,2021-04-07T16:00:00-04:00,406.57,2021-05-21,44.0,0.12054794520547946,401.0,call,11.59,11.65,11.49,496,,0.15115,0.61292,0.01776,0.54663,-0.09184,0.29226,spy_options_2021.parquet,6376991
SPY,2021-04-07,2021-04-07T16:00:00-04:00,406.57,2021-05-21,44.0,0.12054794520547946,401.0,put,5.87,5.92,5.93,953,,0.14872,-0.38528,0.01808,0.5458,-0.09038,-0.19663,spy_options_2021.parquet,6376991
SPY,2021-04-07,2021-04-07T16:00:00-04:00,406.57,2021-05-21,44.0,0.12054794520547946,402.0,call,10.86,10.96,10.86,397,,0.14871,0.59574,0.01827,0.5526,-0.09178,0.28485,spy_options_2021.parquet,6376992
SPY,2021-04-07,2021-04-07T16:00:00-04:00,406.57,2021-05-21,44.0,0.12054794520547946,402.0,put,6.17,6.21,6.2,782,,0.14637,-0.40234,0.01853,0.55267,-0.09001,-0.20451,spy_options_2021.parquet,6376992
SPY,2021-04-07,2021-04-07T16:00:00-04:00,406.57,2021-05-21,44.0,0.12054794520547946,403.0,call,10.17,10.26,10.03,390,,0.14667,0.5778,0.01875,0.55791,-0.09192,0.27754,spy_options_2021.parquet,6376993
SPY,2021-04-07,2021-04-07T16:00:00-04:00,406.57,2021-05-21,44.0,0.12054794520547946,403.0,put,6.45,6.5,6.46,984,,0.14314,-0.42062,0.01905,0.55795,-0.08987,-0.21344,spy_options_2021.parquet,6376993
SPY,2021-04-07,2021-04-07T16:00:00-04:00,406.57,2021-05-21,44.0,0.12054794520547946,404.0,call,9.52,9.56,9.54,859,,0.14403,0.55967,0.01921,0.56334,-0.0903,0.269,spy_options_2021.parquet,6376994
SPY,2021-04-07,2021-04-07T16:00:00-04:00,406.57,2021-05-21,44.0,0.12054794520547946,404.0,put,6.77,6.8,6.8,913,,0.14066,-0.43887,0.01958,0.56246,-0.08836,-0.22298,spy_options_2021.parquet,6376994
SPY,2021-04-07,2021-04-07T16:00:00-04:00,406.57,2021-05-21,44.0,0.12054794520547946,405.0,call,8.89,8.92,8.8,3262,,0.14219,0.54118,0.01949,0.56672,-0.09042,0.25961,spy_options_2021.parquet,6376995
SPY,2021-04-07,2021-04-07T16:00:00-04:00,406.57,2021-05-21,44.0,0.12054794520547946,405.0,put,7.12,7.18,7.16,4183,,0.13974,-0.45861,0.01999,0.5663,-0.08823,-0.23163,spy_options_2021.parquet,6376995
SPY,2021-04-07,2021-04-07T16:00:00-04:00,406.57,2021-05-21,44.0,0.12054794520547946,406.0,call,8.26,8.29,8.24,4155,,0.14057,0.5213,0.01986,0.56833,-0.08971,0.25061,spy_options_2021.parquet,6376996
SPY,2021-04-07,2021-04-07T16:00:00-04:00,406.57,2021-05-21,44.0,0.12054794520547946,406.0,put,7.49,7.53,7.54,3052,,0.13699,-0.47906,0.0203,0.56806,-0.08655,-0.24147,spy_options_2021.parquet,6376996
SPY,2021-04-07,2021-04-07T16:00:00-04:00,406.57,2021-05-21,44.0,0.12054794520547946,407.0,call,7.65,7.68,7.67,3211,,0.13804,0.50137,0.02024,0.56924,-0.08786,0.24195,spy_options_2021.parquet,6376997
SPY,2021-04-07,2021-04-07T16:00:00-04:00,406.57,2021-05-21,44.0,0.12054794520547946,407.0,put,7.89,7.93,7.9,2385,,0.13475,-0.49883,0.02083,0.56889,-0.08575,-0.25144,spy_options_2021.parquet,6376997
SPY,2021-04-07,2021-04-07T16:00:00-04:00,406.57,2021-05-21,44.0,0.12054794520547946,408.0,call,7.05,7.09,7.02,1717,,0.13623,0.48047,0.02048,0.56826,-0.08657,0.23143,spy_options_2021.parquet,6376998
SPY,2021-04-07,2021-04-07T16:00:00-04:00,406.57,2021-05-21,44.0,0.12054794520547946,408.0,put,8.31,8.33,8.34,2049,,0.13271,-0.52009,0.02093,0.56803,-0.08452,-0.26113,spy_options_2021.parquet,6376998
SPY,2021-04-07,2021-04-07T16:00:00-04:00,406.57,2021-05-21,44.0,0.12054794520547946,409.0,call,6.49,6.52,6.45,1889,,0.13457,0.45911,0.02079,0.56637,-0.08501,0.22234,spy_options_2021.parquet,6376999
SPY,2021-04-07,2021-04-07T16:00:00-04:00,406.57,2021-05-21,44.0,0.12054794520547946,409.0,put,8.75,8.79,8.77,467,,0.13113,-0.54252,0.0212,0.5661,-0.08247,-0.27078,spy_options_2021.parquet,6376999
SPY,2021-04-07,2021-04-07T16:00:00-04:00,406.57,2021-05-21,44.0,0.12054794520547946,410.0,call,5.97,6.02,6.0,2477,,0.13255,0.43769,0.02082,0.56198,-0.08329,0.21229,spy_options_2021.parquet,6377000
SPY,2021-04-07,2021-04-07T16:00:00-04:00,406.57,2021-05-21,44.0,0.12054794520547946,410.0,put,9.2,9.26,9.28,1042,,0.12952,-0.56465,0.02129,0.56236,-0.08106,-0.281,spy_options_2021.parquet,6377000
SPY,2021-04-07,2021-04-07T16:00:00-04:00,406.57,2021-05-21,44.0,0.12054794520547946,411.0,call,5.47,5.5,5.36,652,,0.13098,0.41544,0.02086,0.55609,-0.08125,0.20106,spy_options_2021.parquet,6377001
SPY,2021-04-07,2021-04-07T16:00:00-04:00,406.57,2021-05-21,44.0,0.12054794520547946,411.0,put,9.71,9.79,9.83,274,,0.12802,-0.58676,0.02132,0.55631,-0.07911,-0.29042,spy_options_2021.parquet,6377001
SPY,2021-04-07,2021-04-07T16:00:00-04:00,406.57,2021-05-21,44.0,0.12054794520547946,412.0,call,5.02,5.05,5.01,1355,,0.12927,0.39386,0.02083,0.54951,-0.07943,0.191,spy_options_2021.parquet,6377002
SPY,2021-04-07,2021-04-07T16:00:00-04:00,406.57,2021-05-21,44.0,0.12054794520547946,412.0,put,10.27,10.32,10.37,292,,0.12658,-0.60793,0.02119,0.54873,-0.07706,-0.29997,spy_options_2021.parquet,6377002
SPY,2021-04-07,2021-04-07T16:00:00-04:00,406.57,2021-05-21,44.0,0.12054794520547946,413.0,call,4.56,4.59,4.56,543,,0.12835,0.37216,0.02069,0.54011,-0.07675,0.18081,spy_options_2021.parquet,6377003
SPY,2021-04-07,2021-04-07T16:00:00-04:00,406.57,2021-05-21,44.0,0.12054794520547946,413.0,put,10.84,10.9,11.01,423,,0.12592,-0.63017,0.02102,0.53828,-0.07573,-0.30866,spy_options_2021.parquet,6377003
SPY,2021-04-07,2021-04-07T16:00:00-04:00,406.57,2021-05-21,44.0,0.12054794520547946,414.0,call,4.17,4.2,4.13,718,,0.12722,0.35127,0.02045,0.52929,-0.07471,0.17089,spy_options_2021.parquet,6377004
SPY,2021-04-07,2021-04-07T16:00:00-04:00,406.57,2021-05-21,44.0,0.12054794520547946,414.0,put,11.39,11.48,12.16,451,,0.12396,-0.65312,0.02086,0.52755,-0.07324,-0.31812,spy_options_2021.parquet,6377004
SPY,2021-04-07,2021-04-07T16:00:00-04:00,406.57,2021-05-21,44.0,0.12054794520547946,415.0,call,3.78,3.81,3.78,1273,,0.12567,0.32952,0.02018,0.51625,-0.07225,0.15993,spy_options_2021.parquet,6377005
SPY,2021-04-07,2021-04-07T16:00:00-04:00,406.57,2021-05-21,44.0,0.12054794520547946,415.0,put,12.02,12.14,12.56,24,,0.12349,-0.67472,0.02045,0.51485,-0.07011,-0.3257,spy_options_2021.parquet,6377005
SPY,2021-04-07,2021-04-07T16:00:00-04:00,406.57,2021-05-21,44.0,0.12054794520547946,416.0,call,3.43,3.46,3.43,3029,,0.12544,0.308,0.01975,0.50198,-0.07009,0.14982,spy_options_2021.parquet,6377006
SPY,2021-04-07,2021-04-07T16:00:00-04:00,406.57,2021-05-21,44.0,0.12054794520547946,416.0,put,12.64,12.77,12.95,124,,0.12185,-0.69595,0.02002,0.49927,-0.0681,-0.33318,spy_options_2021.parquet,6377006
SPY,2021-04-07,2021-04-07T16:00:00-04:00,406.57,2021-05-21,44.0,0.12054794520547946,417.0,call,3.1,3.13,3.1,804,,0.12417,0.2876,0.01931,0.48647,-0.06721,0.1402,spy_options_2021.parquet,6377007
SPY,2021-04-07,2021-04-07T16:00:00-04:00,406.57,2021-05-21,44.0,0.12054794520547946,417.0,put,13.33,13.44,13.35,7,,0.12085,-0.71727,0.01946,0.48317,-0.06537,-0.33972,spy_options_2021.parquet,6377007
SPY,2021-04-07,2021-04-07T16:00:00-04:00,406.57,2021-05-21,44.0,0.12054794520547946,418.0,call,2.81,2.83,2.78,283,,0.12343,0.26822,0.01869,0.47059,-0.06459,0.13117,spy_options_2021.parquet,6377008
SPY,2021-04-07,2021-04-07T16:00:00-04:00,406.57,2021-05-21,44.0,0.12054794520547946,418.0,put,13.99,14.23,14.13,57,,0.12011,-0.73623,0.01879,0.46628,-0.06258,-0.34547,spy_options_2021.parquet,6377008
SPY,2021-04-07,2021-04-07T16:00:00-04:00,406.57,2021-05-21,44.0,0.12054794520547946,419.0,call,2.53,2.55,2.52,1554,,0.12291,0.24889,0.01816,0.45286,-0.0623,0.12196,spy_options_2021.parquet,6377009
SPY,2021-04-07,2021-04-07T16:00:00-04:00,406.57,2021-05-21,44.0,0.12054794520547946,419.0,put,14.73,14.91,15.02,50,,0.11994,-0.75587,0.01822,0.44739,-0.05928,-0.35036,spy_options_2021.parquet,6377009
SPY,2021-04-07,2021-04-07T16:00:00-04:00,406.57,2021-05-21,44.0,0.12054794520547946,420.0,call,2.28,2.3,2.27,2104,,0.12251,0.23097,0.01742,0.43417,-0.0587,0.11286,spy_options_2021.parquet,6377010
SPY,2021-04-07,2021-04-07T16:00:00-04:00,406.57,2021-05-21,44.0,0.12054794520547946,420.0,put,15.51,15.65,15.51,20,,0.11901,-0.77401,0.01744,0.4288,-0.05624,-0.35287,spy_options_2021.parquet,6377010
SPY,2021-04-07,2021-04-07T16:00:00-04:00,406.57,2021-05-21,44.0,0.12054794520547946,421.0,call,2.04,2.06,2.06,293,,0.12148,0.21258,0.01679,0.41455,-0.05606,0.10353,spy_options_2021.parquet,6377011
SPY,2021-04-07,2021-04-07T16:00:00-04:00,406.57,2021-05-21,44.0,0.12054794520547946,421.0,put,16.28,16.42,16.24,3,,0.11888,-0.79187,0.01663,0.40907,-0.05417,-0.35539,spy_options_2021.parquet,6377011
SPY,2021-04-07,2021-04-07T16:00:00-04:00,406.57,2021-05-21,44.0,0.12054794520547946,422.0,call,1.84,1.86,1.79,596,,0.1214,0.19624,0.01603,0.39469,-0.0532,0.09649,spy_options_2021.parquet,6377012
SPY,2021-04-07,2021-04-07T16:00:00-04:00,406.57,2021-05-21,44.0,0.12054794520547946,422.0,put,16.94,17.19,16.95,0,,0.11561,-0.81248,0.01585,0.38412,-0.04923,-0.35652,spy_options_2021.parquet,6377012
SPY,2021-04-07,2021-04-07T16:00:00-04:00,406.57,2021-05-21,44.0,0.12054794520547946,423.0,call,1.64,1.67,1.67,436,,0.1208,0.18067,0.01526,0.37542,-0.05055,0.08839,spy_options_2021.parquet,6377013
SPY,2021-04-07,2021-04-07T16:00:00-04:00,406.57,2021-05-21,44.0,0.12054794520547946,423.0,put,17.86,18.05,18.17,50,,0.11778,-0.82468,0.01489,0.36933,-0.04822,-0.35599,spy_options_2021.parquet,6377013
SPY,2021-04-07,2021-04-07T16:00:00-04:00,406.57,2021-05-21,44.0,0.12054794520547946,424.0,call,1.48,1.5,1.48,104,,0.12106,0.16638,0.01448,0.35553,-0.04799,0.08109,spy_options_2021.parquet,6377014
SPY,2021-04-07,2021-04-07T16:00:00-04:00,406.57,2021-05-21,44.0,0.12054794520547946,424.0,put,18.58,18.87,18.94,22,,0.11535,-0.84296,0.01402,0.3441,-0.04375,-0.35345,spy_options_2021.parquet,6377014
SPY,2021-04-07,2021-04-07T16:00:00-04:00,406.57,2021-05-21,44.0,0.12054794520547946,425.0,call,1.32,1.34,1.31,2408,,0.12058,0.15131,0.01372,0.33581,-0.04483,0.07442,spy_options_2021.parquet,6377015
SPY,2021-04-07,2021-04-07T16:00:00-04:00,406.57,2021-05-21,44.0,0.12054794520547946,425.0,put,19.29,19.89,19.72,52,,0.11614,-0.85503,0.0131,0.32468,-0.04105,-0.34967,spy_options_2021.parquet,6377015
SPY,2021-04-07,2021-04-07T16:00:00-04:00,406.57,2021-05-21,44.0,0.12054794520547946,426.0,call,1.19,1.2,1.17,78,,0.1199,0.13919,0.01294,0.3167,-0.04239,0.06862,spy_options_2021.parquet,6377016
SPY,2021-04-07,2021-04-07T16:00:00-04:00,406.57,2021-05-21,44.0,0.12054794520547946,426.0,put,20.4,20.61,20.84,0,,0.11688,-0.86377,0.01221,0.31129,-0.04,-0.34698,spy_options_2021.parquet,6377016
SPY,2021-04-07,2021-04-07T16:00:00-04:00,406.57,2021-05-21,44.0,0.12054794520547946,427.0,call,1.06,1.08,1.07,55,,0.12047,0.12684,0.01213,0.29777,-0.03971,0.0627,spy_options_2021.parquet,6377017
SPY,2021-04-07,2021-04-07T16:00:00-04:00,406.57,2021-05-21,44.0,0.12054794520547946,427.0,put,21.28,21.63,21.52,0,,0.1194,-0.87026,0.01145,0.30036,-0.03923,-0.34372,spy_options_2021.parquet,6377017
SPY,2021-04-07,2021-04-07T16:00:00-04:00,406.57,2021-05-21,44.0,0.12054794520547946,428.0,call,0.95,0.97,1.0,75,,0.12058,0.11653,0.01141,0.27944,-0.03735,0.05703,spy_options_2021.parquet,6377018
SPY,2021-04-07,2021-04-07T16:00:00-04:00,406.57,2021-05-21,44.0,0.12054794520547946,428.0,put,22.17,22.51,22.94,0,,0.11967,-0.88086,0.01055,0.28285,-0.03733,-0.33682,spy_options_2021.parquet,6377018
SPY,2021-04-07,2021-04-07T16:00:00-04:00,406.57,2021-05-21,44.0,0.12054794520547946,429.0,call,0.85,0.87,0.83,58,,0.12029,0.10589,0.01066,0.26182,-0.03532,0.05246,spy_options_2021.parquet,6377019
SPY,2021-04-07,2021-04-07T16:00:00-04:00,406.57,2021-05-21,44.0,0.12054794520547946,429.0,put,23.07,23.42,23.32,0,,0.12045,-0.89016,0.00977,0.26724,-0.03534,-0.32976,spy_options_2021.parquet,6377019
SPY,2021-04-07,2021-04-07T16:00:00-04:00,406.57,2021-05-21,44.0,0.12054794520547946,430.0,call,0.77,0.79,0.78,1121,,0.12158,0.09745,0.00999,0.24563,-0.03293,0.04755,spy_options_2021.parquet,6377020
SPY,2021-04-07,2021-04-07T16:00:00-04:00,406.57,2021-05-21,44.0,0.12054794520547946,430.0,put,23.72,24.09,24.05,0,,0.10938,-0.91653,0.00765,0.21648,-0.02638,-0.293,spy_options_2021.parquet,6377020
SPY,2021-04-07,2021-04-07T16:00:00-04:00,406.57,2021-05-21,44.0,0.12054794520547946,435.0,call,0.45,0.47,0.45,591,,0.12275,0.0612,0.00696,0.17302,-0.0232,0.03074,spy_options_2021.parquet,6377021
SPY,2021-04-07,2021-04-07T16:00:00-04:00,406.57,2021-05-21,44.0,0.12054794520547946,435.0,put,28.55,28.89,29.45,0,,0.11761,-0.93302,0.00437,0.17936,-0.0233,-0.24117,spy_options_2021.parquet,6377021
SPY,2021-04-07,2021-04-07T16:00:00-04:00,406.57,2021-05-21,44.0,0.12054794520547946,440.0,call,0.28,0.29,0.28,353,,0.12642,0.03995,0.00478,0.12207,-0.01711,0.01958,spy_options_2021.parquet,6377022
SPY,2021-04-07,2021-04-07T16:00:00-04:00,406.57,2021-05-21,44.0,0.12054794520547946,440.0,put,33.28,33.88,33.79,20,,0.12737,-0.93996,0.002,0.15945,-0.02191,-0.18908,spy_options_2021.parquet,6377022
SPY,2021-04-07,2021-04-07T16:00:00-04:00,406.57,2021-05-21,44.0,0.12054794520547946,445.0,call,0.18,0.19,0.2,319,,0.13152,0.02662,0.00324,0.08715,-0.01213,0.01315,spy_options_2021.parquet,6377023
SPY,2021-04-07,2021-04-07T16:00:00-04:00,406.57,2021-05-21,44.0,0.12054794520547946,445.0,put,38.18,38.79,50.84,1,,0.13827,-0.94048,0.00067,0.15415,-0.02331,-0.1499,spy_options_2021.parquet,6377023
SPY,2021-04-07,2021-04-07T16:00:00-04:00,406.57,2021-05-21,44.0,0.12054794520547946,450.0,call,0.12,0.13,0.12,3789,,0.13606,0.01757,0.00225,0.06309,-0.00935,0.00837,spy_options_2021.parquet,6377024
SPY,2021-04-07,2021-04-07T16:00:00-04:00,406.57,2021-05-21,44.0,0.12054794520547946,450.0,put,43.18,43.77,43.18,0,,0.15521,-0.939,0.00045,0.15717,-0.02713,-0.14728,spy_options_2021.parquet,6377024
SPY,2021-04-07,2021-04-07T16:00:00-04:00,406.57,2021-05-21,44.0,0.12054794520547946,455.0,call,0.08,0.09,0.1,1733,,0.1417,0.01217,0.0016,0.04585,-0.00677,0.00587,spy_options_2021.parquet,6377025
SPY,2021-04-07,2021-04-07T16:00:00-04:00,406.57,2021-05-21,44.0,0.12054794520547946,455.0,put,48.06,48.75,0.0,,,,-1.0,0.0,0.0,0.0,0.0,spy_options_2021.parquet,6377025
SPY,2021-04-07,2021-04-07T16:00:00-04:00,406.57,2021-05-21,44.0,0.12054794520547946,460.0,call,0.06,0.07,0.06,2460,,0.14738,0.00889,0.00122,0.03618,-0.00565,0.00464,spy_options_2021.parquet,6377026
SPY,2021-04-07,2021-04-07T16:00:00-04:00,406.57,2021-05-21,44.0,0.12054794520547946,460.0,put,53.04,53.73,62.08,1,,,-1.0,0.0,0.0,0.0,0.0,spy_options_2021.parquet,6377026
SPY,2021-04-07,2021-04-07T16:00:00-04:00,406.57,2021-05-21,44.0,0.12054794520547946,465.0,call,0.04,0.05,0.04,927,,0.15246,0.00682,0.00081,0.02619,-0.00465,0.00301,spy_options_2021.parquet,6377027
SPY,2021-04-07,2021-04-07T16:00:00-04:00,406.57,2021-05-21,44.0,0.12054794520547946,465.0,put,58.08,58.7,58.23,1,,,-1.0,0.0,0.0,0.0,0.0,spy_options_2021.parquet,6377027
SPY,2021-04-07,2021-04-07T16:00:00-04:00,406.57,2021-05-21,44.0,0.12054794520547946,470.0,call,0.03,0.04,0.04,116,,0.15846,0.00472,0.00064,0.0211,-0.00315,0.00284,spy_options_2021.parquet,6377028
SPY,2021-04-07,2021-04-07T16:00:00-04:00,406.57,2021-05-21,44.0,0.12054794520547946,470.0,put,63.03,63.72,79.24,1,,,-1.0,0.0,0.0,0.0,0.0,spy_options_2021.parquet,6377028
SPY,2021-04-07,2021-04-07T16:00:00-04:00,406.57,2021-05-21,44.0,0.12054794520547946,475.0,call,0.02,0.03,0.03,123,,0.16294,0.00357,0.00044,0.01524,-0.00246,0.0016,spy_options_2021.parquet,6377029
SPY,2021-04-07,2021-04-07T16:00:00-04:00,406.57,2021-05-21,44.0,0.12054794520547946,475.0,put,68.03,68.72,68.27,1,,,-1.0,0.0,0.0,0.0,0.0,spy_options_2021.parquet,6377029
SPY,2021-04-07,2021-04-07T16:00:00-04:00,406.57,2021-05-21,44.0,0.12054794520547946,480.0,call,0.02,0.03,0.03,111,,0.17302,0.00333,0.0004,0.01447,-0.0026,0.00157,spy_options_2021.parquet,6377030
SPY,2021-04-07,2021-04-07T16:00:00-04:00,406.57,2021-05-21,44.0,0.12054794520547946,480.0,put,73.04,73.73,73.6,20,,,-1.0,0.0,0.0,0.0,0.0,spy_options_2021.parquet,6377030
SPY,2021-04-07,2021-04-07T16:00:00-04:00,406.57,2021-05-21,44.0,0.12054794520547946,485.0,call,0.01,0.02,0.02,117,,0.17323,0.00217,0.00029,0.00967,-0.00189,0.00088,spy_options_2021.parquet,6377031
SPY,2021-04-07,2021-04-07T16:00:00-04:00,406.57,2021-05-21,44.0,0.12054794520547946,485.0,put,78.03,78.72,79.13,1,,,-1.0,0.0,0.0,0.0,0.0,spy_options_2021.parquet,6377031
SPY,2021-04-07,2021-04-07T16:00:00-04:00,406.57,2021-05-21,44.0,0.12054794520547946,490.0,call,0.01,0.02,0.02,107,,0.18307,0.00212,0.00025,0.00876,-0.00203,0.00051,spy_options_2021.parquet,6377032
SPY,2021-04-07,2021-04-07T16:00:00-04:00,406.57,2021-05-21,44.0,0.12054794520547946,490.0,put,83.06,83.73,92.26,20,,,-1.0,0.0,0.0,0.0,0.0,spy_options_2021.parquet,6377032
SPY,2021-04-07,2021-04-07T16:00:00-04:00,406.57,2021-05-21,44.0,0.12054794520547946,495.0,call,0.01,0.02,0.02,103,,0.19188,0.00237,0.0002,0.0093,-0.00159,0.00134,spy_options_2021.parquet,6377033
SPY,2021-04-07,2021-04-07T16:00:00-04:00,406.57,2021-05-21,44.0,0.12054794520547946,495.0,put,88.03,88.72,105.52,2,,,-1.0,0.0,0.0,0.0,0.0,spy_options_2021.parquet,6377033
SPY,2021-04-07,2021-04-07T16:00:00-04:00,406.57,2021-05-21,44.0,0.12054794520547946,500.0,call,0.0,0.01,0.02,100,,0.18357,0.00094,0.0001,0.00375,-0.00037,0.00023,spy_options_2021.parquet,6377034
SPY,2021-04-07,2021-04-07T16:00:00-04:00,406.57,2021-05-21,44.0,0.12054794520547946,500.0,put,93.03,93.72,105.55,1,,,-1.0,0.0,0.0,0.0,0.0,spy_options_2021.parquet,6377034
SPY,2021-04-07,2021-04-07T16:00:00-04:00,406.57,2021-05-21,44.0,0.12054794520547946,505.0,call,0.0,0.01,0.01,118,,0.19151,0.00036,5e-05,0.00317,-0.00044,0.0008,spy_options_2021.parquet,6377035
SPY,2021-04-07,2021-04-07T16:00:00-04:00,406.57,2021-05-21,44.0,0.12054794520547946,505.0,put,98.03,98.72,0.0,,,,-1.0,0.0,0.0,0.0,0.0,spy_options_2021.parquet,6377035
SPY,2021-04-07,2021-04-07T16:00:00-04:00,406.57,2021-05-21,44.0,0.12054794520547946,510.0,call,0.0,0.01,0.01,1,,0.19898,0.00117,9e-05,0.00339,-0.00058,0.00052,spy_options_2021.parquet,6377036
SPY,2021-04-07,2021-04-07T16:00:00-04:00,406.57,2021-05-21,44.0,0.12054794520547946,510.0,put,103.03,103.72,122.13,2,,,-1.0,0.0,0.0,0.0,0.0,spy_options_2021.parquet,6377036
SPY,2021-04-07,2021-04-07T16:00:00-04:00,406.57,2021-05-21,44.0,0.12054794520547946,515.0,call,0.0,0.01,0.01,0,,0.20679,0.00065,9e-05,0.00329,-0.00088,0.0003,spy_options_2021.parquet,6377037
SPY,2021-04-07,2021-04-07T16:00:00-04:00,406.57,2021-05-21,44.0,0.12054794520547946,515.0,put,108.06,108.73,0.0,,,,-1.0,0.0,0.0,0.0,0.0,spy_options_2021.parquet,6377037
SPY,2021-04-07,2021-04-07T16:00:00-04:00,406.57,2021-05-21,44.0,0.12054794520547946,520.0,call,0.0,0.01,0.01,0,,0.21472,0.00022,0.00011,0.00299,-0.00084,6e-05,spy_options_2021.parquet,6377038
SPY,2021-04-07,2021-04-07T16:00:00-04:00,406.57,2021-05-21,44.0,0.12054794520547946,520.0,put,113.03,113.72,0.0,,,,-1.0,0.0,0.0,0.0,0.0,spy_options_2021.parquet,6377038
SPY,2021-04-07,2021-04-07T16:00:00-04:00,406.57,2021-05-21,44.0,0.12054794520547946,525.0,call,0.0,0.01,0.01,0,,0.22257,0.00086,0.00011,0.00311,-0.00092,7e-05,spy_options_2021.parquet,6377039
SPY,2021-04-07,2021-04-07T16:00:00-04:00,406.57,2021-05-21,44.0,0.12054794520547946,525.0,put,118.04,118.73,0.0,,,,-1.0,0.0,0.0,0.0,0.0,spy_options_2021.parquet,6377039
SPY,2021-04-07,2021-04-07T16:00:00-04:00,406.57,2021-05-21,44.0,0.12054794520547946,530.0,call,0.0,0.01,0.01,20,,0.23027,0.00063,0.0001,0.00291,-0.00072,0.00073,spy_options_2021.parquet,6377040
SPY,2021-04-07,2021-04-07T16:00:00-04:00,406.57,2021-05-21,44.0,0.12054794520547946,530.0,put,123.04,123.71,0.0,,,,-1.0,0.0,0.0,0.0,0.0,spy_options_2021.parquet,6377040
SPY,2021-04-07,2021-04-07T16:00:00-04:00,406.57,2021-06-18,72.0,0.19726027397260273,273.0,call,133.79,134.17,121.22,4,,0.56886,0.91482,0.00016,0.21106,-0.08179,0.07746,spy_options_2021.parquet,6377081
SPY,2021-04-07,2021-04-07T16:00:00-04:00,406.57,2021-06-18,72.0,0.19726027397260273,273.0,put,0.39,0.4,1.0,234,,0.42247,-0.0141,0.00045,0.06453,-0.01801,-0.01173,spy_options_2021.parquet,6377081
SPY,2021-04-07,2021-04-07T16:00:00-04:00,406.57,2021-06-18,72.0,0.19726027397260273,274.0,call,132.69,133.51,0.0,,,0.56885,0.91503,0.00015,0.21326,-0.08271,0.08657,spy_options_2021.parquet,6377082
SPY,2021-04-07,2021-04-07T16:00:00-04:00,406.57,2021-06-18,72.0,0.19726027397260273,274.0,put,0.4,0.41,0.4,34,,0.41982,-0.01367,0.0005,0.06575,-0.01842,-0.01246,spy_options_2021.parquet,6377082
SPY,2021-04-07,2021-04-07T16:00:00-04:00,406.57,2021-06-18,72.0,0.19726027397260273,275.0,call,131.67,132.49,121.51,1,,0.56195,0.91506,0.00021,0.21342,-0.08158,0.08575,spy_options_2021.parquet,6377083
SPY,2021-04-07,2021-04-07T16:00:00-04:00,406.57,2021-06-18,72.0,0.19726027397260273,275.0,put,0.4,0.41,0.4,56,,0.41647,-0.01406,0.00047,0.06612,-0.01876,-0.01261,spy_options_2021.parquet,6377083
SPY,2021-04-07,2021-04-07T16:00:00-04:00,406.57,2021-06-18,72.0,0.19726027397260273,276.0,call,130.69,131.53,113.46,1,,0.55742,0.91559,0.00018,0.21334,-0.08042,0.08848,spy_options_2021.parquet,6377084
SPY,2021-04-07,2021-04-07T16:00:00-04:00,406.57,2021-06-18,72.0,0.19726027397260273,276.0,put,0.41,0.42,0.47,2,,0.41504,-0.01487,0.00052,0.0674,-0.01869,-0.01312,spy_options_2021.parquet,6377084
SPY,2021-04-07,2021-04-07T16:00:00-04:00,406.57,2021-06-18,72.0,0.19726027397260273,277.0,call,129.82,130.2,110.95,1,,0.54638,0.91607,0.00018,0.21115,-0.07812,0.08199,spy_options_2021.parquet,6377085
SPY,2021-04-07,2021-04-07T16:00:00-04:00,406.57,2021-06-18,72.0,0.19726027397260273,277.0,put,0.42,0.43,0.59,4,,0.41327,-0.01456,0.0005,0.06901,-0.01952,-0.01258,spy_options_2021.parquet,6377085
SPY,2021-04-07,2021-04-07T16:00:00-04:00,406.57,2021-06-18,72.0,0.19726027397260273,278.0,call,128.73,129.54,0.0,,,0.5469,0.91605,0.00024,0.21397,-0.07968,0.09219,spy_options_2021.parquet,6377086
SPY,2021-04-07,2021-04-07T16:00:00-04:00,406.57,2021-06-18,72.0,0.19726027397260273,278.0,put,0.43,0.44,0.48,0,,0.41122,-0.015,0.00051,0.07117,-0.01967,-0.01366,spy_options_2021.parquet,6377086
SPY,2021-04-07,2021-04-07T16:00:00-04:00,406.57,2021-06-18,72.0,0.19726027397260273,279.0,call,127.74,128.55,103.37,1,,0.54161,0.91618,0.00024,0.21349,-0.07887,0.09286,spy_options_2021.parquet,6377087
SPY,2021-04-07,2021-04-07T16:00:00-04:00,406.57,2021-06-18,72.0,0.19726027397260273,279.0,put,0.43,0.44,0.47,0,,0.40764,-0.01575,0.00053,0.07129,-0.01971,-0.01299,spy_options_2021.parquet,6377087
SPY,2021-04-07,2021-04-07T16:00:00-04:00,406.57,2021-06-18,72.0,0.19726027397260273,280.0,call,126.75,127.56,127.1,2,,0.53555,0.91691,0.00027,0.21372,-0.07749,0.09527,spy_options_2021.parquet,6377088
SPY,2021-04-07,2021-04-07T16:00:00-04:00,406.57,2021-06-18,72.0,0.19726027397260273,280.0,put,0.44,0.45,0.44,2068,,0.40545,-0.01557,0.00049,0.07315,-0.01985,-0.01407,spy_options_2021.parquet,6377088
SPY,2021-04-07,2021-04-07T16:00:00-04:00,406.57,2021-06-18,72.0,0.19726027397260273,281.0,call,125.74,126.56,110.34,6,,0.52965,0.91725,0.00029,0.21411,-0.07662,0.09531,spy_options_2021.parquet,6377089
SPY,2021-04-07,2021-04-07T16:00:00-04:00,406.57,2021-06-18,72.0,0.19726027397260273,281.0,put,0.45,0.46,0.51,0,,0.40372,-0.01638,0.00055,0.07466,-0.02041,-0.01452,spy_options_2021.parquet,6377089
SPY,2021-04-07,2021-04-07T16:00:00-04:00,406.57,2021-06-18,72.0,0.19726027397260273,282.0,call,124.77,125.57,102.93,2,,0.52523,0.91679,0.00022,0.21429,-0.07629,0.09778,spy_options_2021.parquet,6377090
SPY,2021-04-07,2021-04-07T16:00:00-04:00,406.57,2021-06-18,72.0,0.19726027397260273,282.0,put,0.46,0.47,0.5,0,,0.40163,-0.0168,0.00054,0.07616,-0.02092,-0.01494,spy_options_2021.parquet,6377090
SPY,2021-04-07,2021-04-07T16:00:00-04:00,406.57,2021-06-18,72.0,0.19726027397260273,283.0,call,123.77,124.58,117.45,2,,0.51966,0.91727,0.0003,0.21442,-0.07558,0.09899,spy_options_2021.parquet,6377091
SPY,2021-04-07,2021-04-07T16:00:00-04:00,406.57,2021-06-18,72.0,0.19726027397260273,283.0,put,0.47,0.48,0.5,9,,0.39955,-0.01752,0.00055,0.07715,-0.02049,-0.01436,spy_options_2021.parquet,6377091
SPY,2021-04-07,2021-04-07T16:00:00-04:00,406.57,2021-06-18,72.0,0.19726027397260273,284.0,call,122.88,123.26,0.0,,,0.50922,0.91839,0.00027,0.21118,-0.07248,0.09245,spy_options_2021.parquet,6377092
SPY,2021-04-07,2021-04-07T16:00:00-04:00,406.57,2021-06-18,72.0,0.19726027397260273,284.0,put,0.47,0.48,0.48,4,,0.39581,-0.01701,0.00057,0.07776,-0.02058,-0.01537,spy_options_2021.parquet,6377092
SPY,2021-04-07,2021-04-07T16:00:00-04:00,406.57,2021-06-18,72.0,0.19726027397260273,285.0,call,121.89,122.27,110.07,1,,0.5039,0.91878,0.00021,0.21148,-0.07199,0.09434,spy_options_2021.parquet,6377093
SPY,2021-04-07,2021-04-07T16:00:00-04:00,406.57,2021-06-18,72.0,0.19726027397260273,285.0,put,0.48,0.49,0.51,59,,0.39355,-0.01801,0.00063,0.0797,-0.02142,-0.01513,spy_options_2021.parquet,6377093
SPY,2021-04-07,2021-04-07T16:00:00-04:00,406.57,2021-06-18,72.0,0.19726027397260273,286.0,call,120.76,121.57,98.07,1,,0.50305,0.91854,0.0003,0.21352,-0.07274,0.10141,spy_options_2021.parquet,6377094
SPY,2021-04-07,2021-04-07T16:00:00-04:00,406.57,2021-06-18,72.0,0.19726027397260273,286.0,put,0.49,0.5,0.58,2,,0.3917,-0.01795,0.00064,0.08082,-0.02152,-0.01586,spy_options_2021.parquet,6377094
SPY,2021-04-07,2021-04-07T16:00:00-04:00,406.57,2021-06-18,72.0,0.19726027397260273,287.0,call,119.91,120.29,0.0,,,0.49406,0.91947,0.00024,0.2122,-0.07056,0.0978,spy_options_2021.parquet,6377095
SPY,2021-04-07,2021-04-07T16:00:00-04:00,406.57,2021-06-18,72.0,0.19726027397260273,287.0,put,0.5,0.51,0.59,2,,0.38985,-0.01862,0.00065,0.08309,-0.02159,-0.01652,spy_options_2021.parquet,6377095
SPY,2021-04-07,2021-04-07T16:00:00-04:00,406.57,2021-06-18,72.0,0.19726027397260273,288.0,call,118.92,119.3,0.0,,,0.4888,0.91921,0.00024,0.21171,-0.06993,0.09918,spy_options_2021.parquet,6377096
SPY,2021-04-07,2021-04-07T16:00:00-04:00,406.57,2021-06-18,72.0,0.19726027397260273,288.0,put,0.51,0.52,0.6,2,,0.38736,-0.01894,0.00071,0.0845,-0.02189,-0.0159,spy_options_2021.parquet,6377096
SPY,2021-04-07,2021-04-07T16:00:00-04:00,406.57,2021-06-18,72.0,0.19726027397260273,289.0,call,117.79,118.6,96.27,1,,0.48711,0.91958,0.00028,0.21361,-0.07078,0.10645,spy_options_2021.parquet,6377097
SPY,2021-04-07,2021-04-07T16:00:00-04:00,406.57,2021-06-18,72.0,0.19726027397260273,289.0,put,0.52,0.53,0.56,1,,0.38473,-0.01926,0.00065,0.08575,-0.02208,-0.01627,spy_options_2021.parquet,6377097
SPY,2021-04-07,2021-04-07T16:00:00-04:00,406.57,2021-06-18,72.0,0.19726027397260273,290.0,call,116.84,117.64,116.63,0,,0.48413,0.91921,0.00034,0.2148,-0.07046,0.11126,spy_options_2021.parquet,6377098
SPY,2021-04-07,2021-04-07T16:00:00-04:00,406.57,2021-06-18,72.0,0.19726027397260273,290.0,put,0.53,0.54,0.57,48,,0.38227,-0.02024,0.00071,0.08753,-0.02221,-0.01684,spy_options_2021.parquet,6377098
SPY,2021-04-07,2021-04-07T16:00:00-04:00,406.57,2021-06-18,72.0,0.19726027397260273,291.0,call,115.84,116.65,105.85,2,,0.47955,0.91961,0.00037,0.21505,-0.06967,0.11268,spy_options_2021.parquet,6377099
SPY,2021-04-07,2021-04-07T16:00:00-04:00,406.57,2021-06-18,72.0,0.19726027397260273,291.0,put,0.54,0.55,0.63,21,,0.38024,-0.01983,0.00071,0.08941,-0.02259,-0.01797,spy_options_2021.parquet,6377099
SPY,2021-04-07,2021-04-07T16:00:00-04:00,406.57,2021-06-18,72.0,0.19726027397260273,292.0,call,114.96,115.34,0.0,,,0.46952,0.92105,0.00035,0.21268,-0.06729,0.10619,spy_options_2021.parquet,6377100
SPY,2021-04-07,2021-04-07T16:00:00-04:00,406.57,2021-06-18,72.0,0.19726027397260273,292.0,put,0.55,0.56,0.62,0,,0.37793,-0.0211,0.00076,0.0905,-0.02302,-0.01777,spy_options_2021.parquet,6377100
SPY,2021-04-07,2021-04-07T16:00:00-04:00,406.57,2021-06-18,72.0,0.19726027397260273,293.0,call,113.86,114.67,102.1,45,,0.46975,0.92,0.00037,0.21541,-0.06792,0.11758,spy_options_2021.parquet,6377101
SPY,2021-04-07,2021-04-07T16:00:00-04:00,406.57,2021-06-18,72.0,0.19726027397260273,293.0,put,0.56,0.57,0.63,0,,0.3757,-0.02131,0.00072,0.09264,-0.0237,-0.01802,spy_options_2021.parquet,6377101
SPY,2021-04-07,2021-04-07T16:00:00-04:00,406.57,2021-06-18,72.0,0.19726027397260273,294.0,call,112.87,113.68,0.0,,,0.46496,0.92035,0.00039,0.21594,-0.06806,0.11973,spy_options_2021.parquet,6377102
SPY,2021-04-07,2021-04-07T16:00:00-04:00,406.57,2021-06-18,72.0,0.19726027397260273,294.0,put,0.57,0.58,0.59,498,,0.37382,-0.02185,0.00078,0.09423,-0.02389,-0.01836,spy_options_2021.parquet,6377102
SPY,2021-04-07,2021-04-07T16:00:00-04:00,406.57,2021-06-18,72.0,0.19726027397260273,295.0,call,111.88,112.69,112.7,0,,0.45973,0.92008,0.00037,0.21636,-0.06687,0.1214,spy_options_2021.parquet,6377103
SPY,2021-04-07,2021-04-07T16:00:00-04:00,406.57,2021-06-18,72.0,0.19726027397260273,295.0,put,0.58,0.59,0.58,220,,0.37143,-0.02231,0.00077,0.09551,-0.02418,-0.01877,spy_options_2021.parquet,6377103
SPY,2021-04-07,2021-04-07T16:00:00-04:00,406.57,2021-06-18,72.0,0.19726027397260273,296.0,call,110.9,111.7,84.37,3,,0.45523,0.9205,0.00038,0.21601,-0.06678,0.12478,spy_options_2021.parquet,6377104
SPY,2021-04-07,2021-04-07T16:00:00-04:00,406.57,2021-06-18,72.0,0.19726027397260273,296.0,put,0.59,0.6,0.59,1,,0.36937,-0.0223,0.00077,0.09779,-0.02451,-0.01974,spy_options_2021.parquet,6377104
SPY,2021-04-07,2021-04-07T16:00:00-04:00,406.57,2021-06-18,72.0,0.19726027397260273,297.0,call,109.91,110.71,99.17,105,,0.45122,0.92099,0.0004,0.21615,-0.06589,0.12658,spy_options_2021.parquet,6377105
SPY,2021-04-07,2021-04-07T16:00:00-04:00,406.57,2021-06-18,72.0,0.19726027397260273,297.0,put,0.6,0.61,0.67,0,,0.36641,-0.02318,0.00087,0.0992,-0.02471,-0.02013,spy_options_2021.parquet,6377105
SPY,2021-04-07,2021-04-07T16:00:00-04:00,406.57,2021-06-18,72.0,0.19726027397260273,298.0,call,108.9,109.72,88.08,4,,0.44559,0.92085,0.00044,0.21651,-0.06531,0.1276,spy_options_2021.parquet,6377106
SPY,2021-04-07,2021-04-07T16:00:00-04:00,406.57,2021-06-18,72.0,0.19726027397260273,298.0,put,0.61,0.62,0.72,1,,0.36382,-0.02371,0.00084,0.10157,-0.02526,-0.02037,spy_options_2021.parquet,6377106
SPY,2021-04-07,2021-04-07T16:00:00-04:00,406.57,2021-06-18,72.0,0.19726027397260273,299.0,call,107.91,108.73,92.97,2,,0.44159,0.92141,0.00051,0.217,-0.06463,0.13009,spy_options_2021.parquet,6377107
SPY,2021-04-07,2021-04-07T16:00:00-04:00,406.57,2021-06-18,72.0,0.19726027397260273,299.0,put,0.63,0.64,0.63,161,,0.36304,-0.02445,0.00083,0.10354,-0.02595,-0.02104,spy_options_2021.parquet,6377107
SPY,2021-04-07,2021-04-07T16:00:00-04:00,406.57,2021-06-18,72.0,0.19726027397260273,300.0,call,106.92,107.75,107.15,2,,0.43649,0.92169,0.00047,0.21667,-0.06418,0.13336,spy_options_2021.parquet,6377108
SPY,2021-04-07,2021-04-07T16:00:00-04:00,406.57,2021-06-18,72.0,0.19726027397260273,300.0,put,0.64,0.65,0.65,137,,0.3605,-0.02464,0.00086,0.10595,-0.02581,-0.02094,spy_options_2021.parquet,6377108
SPY,2021-04-07,2021-04-07T16:00:00-04:00,406.57,2021-06-18,72.0,0.19726027397260273,301.0,call,105.96,106.76,93.04,1,,0.43292,0.92121,0.00051,0.21829,-0.06409,0.13724,spy_options_2021.parquet,6377109
SPY,2021-04-07,2021-04-07T16:00:00-04:00,406.57,2021-06-18,72.0,0.19726027397260273,301.0,put,0.65,0.66,0.65,102,,0.35837,-0.02502,0.00092,0.10731,-0.02589,-0.02155,spy_options_2021.parquet,6377109
SPY,2021-04-07,2021-04-07T16:00:00-04:00,406.57,2021-06-18,72.0,0.19726027397260273,302.0,call,104.97,105.77,104.88,2,,0.42833,0.92191,0.00054,0.21849,-0.0631,0.13975,spy_options_2021.parquet,6377110
SPY,2021-04-07,2021-04-07T16:00:00-04:00,406.57,2021-06-18,72.0,0.19726027397260273,302.0,put,0.67,0.68,0.74,0,,0.35591,-0.0263,0.00093,0.11062,-0.02637,-0.02222,spy_options_2021.parquet,6377110
SPY,2021-04-07,2021-04-07T16:00:00-04:00,406.57,2021-06-18,72.0,0.19726027397260273,303.0,call,104.1,104.47,90.31,1,,0.41917,0.92242,0.00048,0.21552,-0.06081,0.1337,spy_options_2021.parquet,6377111
SPY,2021-04-07,2021-04-07T16:00:00-04:00,406.57,2021-06-18,72.0,0.19726027397260273,303.0,put,0.68,0.69,0.68,593,,0.35336,-0.02642,0.00091,0.11175,-0.02671,-0.0226,spy_options_2021.parquet,6377111
SPY,2021-04-07,2021-04-07T16:00:00-04:00,406.57,2021-06-18,72.0,0.19726027397260273,304.0,call,103.0,103.81,92.89,8,,0.42014,0.92237,0.00061,0.2198,-0.06183,0.14565,spy_options_2021.parquet,6377112
SPY,2021-04-07,2021-04-07T16:00:00-04:00,406.57,2021-06-18,72.0,0.19726027397260273,304.0,put,0.69,0.7,0.69,1,,0.3508,-0.02667,0.00101,0.11379,-0.02675,-0.02315,spy_options_2021.parquet,6377112
SPY,2021-04-07,2021-04-07T16:00:00-04:00,406.57,2021-06-18,72.0,0.19726027397260273,305.0,call,102.12,102.5,102.3,2,,0.41105,0.92331,0.00054,0.21651,-0.05961,0.13926,spy_options_2021.parquet,6377113
SPY,2021-04-07,2021-04-07T16:00:00-04:00,406.57,2021-06-18,72.0,0.19726027397260273,305.0,put,0.71,0.72,0.71,30,,0.34969,-0.02751,0.00104,0.11619,-0.02775,-0.02398,spy_options_2021.parquet,6377113
SPY,2021-04-07,2021-04-07T16:00:00-04:00,406.57,2021-06-18,72.0,0.19726027397260273,306.0,call,101.0,101.83,95.03,5,,0.41071,0.92236,0.0006,0.22036,-0.0604,0.15111,spy_options_2021.parquet,6377114
SPY,2021-04-07,2021-04-07T16:00:00-04:00,406.57,2021-06-18,72.0,0.19726027397260273,306.0,put,0.72,0.73,0.98,4,,0.34691,-0.02816,0.00106,0.11875,-0.02775,-0.02431,spy_options_2021.parquet,6377114
SPY,2021-04-07,2021-04-07T16:00:00-04:00,406.57,2021-06-18,72.0,0.19726027397260273,307.0,call,100.04,100.84,88.67,1,,0.40709,0.922,0.00061,0.22071,-0.06083,0.15501,spy_options_2021.parquet,6377115
SPY,2021-04-07,2021-04-07T16:00:00-04:00,406.57,2021-06-18,72.0,0.19726027397260273,307.0,put,0.74,0.75,0.84,2,,0.34537,-0.02901,0.00102,0.12102,-0.02804,-0.02489,spy_options_2021.parquet,6377115
SPY,2021-04-07,2021-04-07T16:00:00-04:00,406.57,2021-06-18,72.0,0.19726027397260273,308.0,call,99.02,99.85,86.0,1,,0.40255,0.92247,0.00064,0.22042,-0.05943,0.1558,spy_options_2021.parquet,6377116
SPY,2021-04-07,2021-04-07T16:00:00-04:00,406.57,2021-06-18,72.0,0.19726027397260273,308.0,put,0.75,0.76,0.79,0,,0.34304,-0.02941,0.00111,0.12342,-0.02894,-0.02529,spy_options_2021.parquet,6377116
SPY,2021-04-07,2021-04-07T16:00:00-04:00,406.57,2021-06-18,72.0,0.19726027397260273,309.0,call,98.05,98.87,82.1,1,,0.39816,0.92292,0.00065,0.22168,-0.05908,0.16039,spy_options_2021.parquet,6377117
SPY,2021-04-07,2021-04-07T16:00:00-04:00,406.57,2021-06-18,72.0,0.19726027397260273,309.0,put,0.77,0.78,0.8,171,,0.34077,-0.03066,0.00115,0.12618,-0.02897,-0.0265,spy_options_2021.parquet,6377117
SPY,2021-04-07,2021-04-07T16:00:00-04:00,406.57,2021-06-18,72.0,0.19726027397260273,310.0,call,97.06,97.86,97.05,5,,0.39399,0.92252,0.00072,0.22147,-0.05923,0.16241,spy_options_2021.parquet,6377118
SPY,2021-04-07,2021-04-07T16:00:00-04:00,406.57,2021-06-18,72.0,0.19726027397260273,310.0,put,0.78,0.79,0.78,81,,0.33827,-0.03137,0.00116,0.12805,-0.02913,-0.02711,spy_options_2021.parquet,6377118
SPY,2021-04-07,2021-04-07T16:00:00-04:00,406.57,2021-06-18,72.0,0.19726027397260273,311.0,call,96.08,96.9,96.04,1,,0.39047,0.92322,0.00075,0.22324,-0.05871,0.16706,spy_options_2021.parquet,6377119
SPY,2021-04-07,2021-04-07T16:00:00-04:00,406.57,2021-06-18,72.0,0.19726027397260273,311.0,put,0.8,0.81,0.8,2,,0.3365,-0.03204,0.00119,0.13071,-0.0299,-0.02715,spy_options_2021.parquet,6377119
SPY,2021-04-07,2021-04-07T16:00:00-04:00,406.57,2021-06-18,72.0,0.19726027397260273,312.0,call,95.11,95.91,85.14,10,,0.38725,0.92269,0.00072,0.22353,-0.05816,0.17116,spy_options_2021.parquet,6377120
SPY,2021-04-07,2021-04-07T16:00:00-04:00,406.57,2021-06-18,72.0,0.19726027397260273,312.0,put,0.82,0.83,0.83,8,,0.33517,-0.03279,0.00123,0.13386,-0.03005,-0.02832,spy_options_2021.parquet,6377120
SPY,2021-04-07,2021-04-07T16:00:00-04:00,406.57,2021-06-18,72.0,0.19726027397260273,313.0,call,94.09,94.91,94.04,0,,0.38199,0.92277,0.00081,0.22382,-0.05736,0.17295,spy_options_2021.parquet,6377121
SPY,2021-04-07,2021-04-07T16:00:00-04:00,406.57,2021-06-18,72.0,0.19726027397260273,313.0,put,0.83,0.84,0.88,9,,0.33191,-0.03349,0.00127,0.13575,-0.03076,-0.02871,spy_options_2021.parquet,6377121
SPY,2021-04-07,2021-04-07T16:00:00-04:00,406.57,2021-06-18,72.0,0.19726027397260273,314.0,call,93.13,93.93,80.81,1,,0.37859,0.92299,0.00084,0.22525,-0.05717,0.17776,spy_options_2021.parquet,6377122
SPY,2021-04-07,2021-04-07T16:00:00-04:00,406.57,2021-06-18,72.0,0.19726027397260273,314.0,put,0.85,0.86,1.22,22,,0.32981,-0.03413,0.00126,0.13809,-0.03055,-0.02949,spy_options_2021.parquet,6377122
SPY,2021-04-07,2021-04-07T16:00:00-04:00,406.57,2021-06-18,72.0,0.19726027397260273,315.0,call,92.15,92.94,92.0,11,,0.37472,0.92284,0.00079,0.22636,-0.05665,0.18159,spy_options_2021.parquet,6377123
SPY,2021-04-07,2021-04-07T16:00:00-04:00,406.57,2021-06-18,72.0,0.19726027397260273,315.0,put,0.87,0.88,0.87,20,,0.32857,-0.0352,0.00135,0.14169,-0.03166,-0.03053,spy_options_2021.parquet,6377123
SPY,2021-04-07,2021-04-07T16:00:00-04:00,406.57,2021-06-18,72.0,0.19726027397260273,316.0,call,91.14,91.95,80.94,108,,0.36961,0.92335,0.00091,0.22641,-0.05599,0.18373,spy_options_2021.parquet,6377124
SPY,2021-04-07,2021-04-07T16:00:00-04:00,406.57,2021-06-18,72.0,0.19726027397260273,316.0,put,0.89,0.9,0.9,1,,0.32629,-0.03572,0.0013,0.14467,-0.03189,-0.03151,spy_options_2021.parquet,6377124
SPY,2021-04-07,2021-04-07T16:00:00-04:00,406.57,2021-06-18,72.0,0.19726027397260273,317.0,call,90.2,90.98,90.91,0,,0.36723,0.92242,0.00096,0.22799,-0.05658,0.19004,spy_options_2021.parquet,6377125
SPY,2021-04-07,2021-04-07T16:00:00-04:00,406.57,2021-06-18,72.0,0.19726027397260273,317.0,put,0.91,0.92,0.92,6,,0.32372,-0.03743,0.00142,0.1478,-0.03246,-0.0318,spy_options_2021.parquet,6377125
SPY,2021-04-07,2021-04-07T16:00:00-04:00,406.57,2021-06-18,72.0,0.19726027397260273,318.0,call,89.22,90.0,60.65,6,,0.36353,0.92214,0.00098,0.22903,-0.05599,0.19447,spy_options_2021.parquet,6377126
SPY,2021-04-07,2021-04-07T16:00:00-04:00,406.57,2021-06-18,72.0,0.19726027397260273,318.0,put,0.93,0.94,0.95,6,,0.32171,-0.03787,0.00142,0.15066,-0.03245,-0.03291,spy_options_2021.parquet,6377126
SPY,2021-04-07,2021-04-07T16:00:00-04:00,406.57,2021-06-18,72.0,0.19726027397260273,319.0,call,88.24,89.02,77.3,1,,0.36021,0.922,0.00099,0.23025,-0.05619,0.19877,spy_options_2021.parquet,6377127
SPY,2021-04-07,2021-04-07T16:00:00-04:00,406.57,2021-06-18,72.0,0.19726027397260273,319.0,put,0.95,0.96,0.99,1,,0.31964,-0.03833,0.00143,0.15297,-0.0336,-0.03346,spy_options_2021.parquet,6377127
SPY,2021-04-07,2021-04-07T16:00:00-04:00,406.57,2021-06-18,72.0,0.19726027397260273,320.0,call,87.26,88.06,87.13,5,,0.35727,0.92238,0.00102,0.23217,-0.05541,0.20455,spy_options_2021.parquet,6377128
SPY,2021-04-07,2021-04-07T16:00:00-04:00,406.57,2021-06-18,72.0,0.19726027397260273,320.0,put,0.97,0.98,0.97,79,,0.31802,-0.03972,0.00145,0.15628,-0.03397,-0.03397,spy_options_2021.parquet,6377128
SPY,2021-04-07,2021-04-07T16:00:00-04:00,406.57,2021-06-18,72.0,0.19726027397260273,321.0,call,86.28,87.06,71.25,2,,0.35288,0.92217,0.00108,0.23305,-0.05539,0.20743,spy_options_2021.parquet,6377129
SPY,2021-04-07,2021-04-07T16:00:00-04:00,406.57,2021-06-18,72.0,0.19726027397260273,321.0,put,0.99,1.0,1.0,2,,0.31587,-0.04062,0.00147,0.15999,-0.0339,-0.03506,spy_options_2021.parquet,6377129
SPY,2021-04-07,2021-04-07T16:00:00-04:00,406.57,2021-06-18,72.0,0.19726027397260273,322.0,call,85.3,86.06,85.67,5,,0.34894,0.92183,0.00107,0.23368,-0.05433,0.21166,spy_options_2021.parquet,6377130
SPY,2021-04-07,2021-04-07T16:00:00-04:00,406.57,2021-06-18,72.0,0.19726027397260273,322.0,put,1.01,1.02,1.11,0,,0.31326,-0.04126,0.00155,0.16219,-0.03414,-0.03618,spy_options_2021.parquet,6377130
SPY,2021-04-07,2021-04-07T16:00:00-04:00,406.57,2021-06-18,72.0,0.19726027397260273,323.0,call,84.26,85.15,71.53,1,,0.34599,0.92154,0.00109,0.23578,-0.05487,0.21629,spy_options_2021.parquet,6377131
SPY,2021-04-07,2021-04-07T16:00:00-04:00,406.57,2021-06-18,72.0,0.19726027397260273,323.0,put,1.04,1.05,1.09,95,,0.31227,-0.04257,0.00163,0.16625,-0.03498,-0.03682,spy_options_2021.parquet,6377131
SPY,2021-04-07,2021-04-07T16:00:00-04:00,406.57,2021-06-18,72.0,0.19726027397260273,324.0,call,83.34,84.1,77.15,1,,0.34215,0.92122,0.00121,0.23674,-0.05379,0.22072,spy_options_2021.parquet,6377132
SPY,2021-04-07,2021-04-07T16:00:00-04:00,406.57,2021-06-18,72.0,0.19726027397260273,324.0,put,1.06,1.07,1.06,6,,0.30988,-0.04378,0.00166,0.16937,-0.03545,-0.03795,spy_options_2021.parquet,6377132
SPY,2021-04-07,2021-04-07T16:00:00-04:00,406.57,2021-06-18,72.0,0.19726027397260273,325.0,call,82.37,83.12,82.18,0,,0.33937,0.92135,0.00119,0.2383,-0.05398,0.22585,spy_options_2021.parquet,6377133
SPY,2021-04-07,2021-04-07T16:00:00-04:00,406.57,2021-06-18,72.0,0.19726027397260273,325.0,put,1.08,1.09,1.09,687,,0.30747,-0.04498,0.00168,0.17227,-0.03565,-0.03866,spy_options_2021.parquet,6377133
SPY,2021-04-07,2021-04-07T16:00:00-04:00,406.57,2021-06-18,72.0,0.19726027397260273,326.0,call,81.39,82.17,66.81,1,,0.33625,0.92068,0.0013,0.24004,-0.05385,0.23224,spy_options_2021.parquet,6377134
SPY,2021-04-07,2021-04-07T16:00:00-04:00,406.57,2021-06-18,72.0,0.19726027397260273,326.0,put,1.11,1.12,1.12,5,,0.30501,-0.04606,0.00175,0.17667,-0.03688,-0.03948,spy_options_2021.parquet,6377134
SPY,2021-04-07,2021-04-07T16:00:00-04:00,406.57,2021-06-18,72.0,0.19726027397260273,327.0,call,80.42,81.19,65.85,2,,0.33327,0.92035,0.00128,0.24187,-0.05423,0.23664,spy_options_2021.parquet,6377135
SPY,2021-04-07,2021-04-07T16:00:00-04:00,406.57,2021-06-18,72.0,0.19726027397260273,327.0,put,1.13,1.15,1.13,431,,0.30356,-0.04707,0.00174,0.18021,-0.03717,-0.04046,spy_options_2021.parquet,6377135
SPY,2021-04-07,2021-04-07T16:00:00-04:00,406.57,2021-06-18,72.0,0.19726027397260273,328.0,call,79.44,80.22,62.82,1,,0.32994,0.91935,0.00139,0.2439,-0.0537,0.24187,spy_options_2021.parquet,6377136
SPY,2021-04-07,2021-04-07T16:00:00-04:00,406.57,2021-06-18,72.0,0.19726027397260273,328.0,put,1.16,1.17,1.22,24,,0.30173,-0.0487,0.00186,0.18415,-0.03781,-0.0413,spy_options_2021.parquet,6377136
SPY,2021-04-07,2021-04-07T16:00:00-04:00,406.57,2021-06-18,72.0,0.19726027397260273,329.0,call,78.45,79.22,63.98,11,,0.32596,0.91983,0.00143,0.24458,-0.05365,0.24534,spy_options_2021.parquet,6377137
SPY,2021-04-07,2021-04-07T16:00:00-04:00,406.57,2021-06-18,72.0,0.19726027397260273,329.0,put,1.19,1.2,1.25,0,,0.2994,-0.04977,0.00188,0.18774,-0.03836,-0.04306,spy_options_2021.parquet,6377137
SPY,2021-04-07,2021-04-07T16:00:00-04:00,406.57,2021-06-18,72.0,0.19726027397260273,330.0,call,77.5,78.27,78.0,0,,0.32312,0.91827,0.00148,0.24854,-0.05344,0.25232,spy_options_2021.parquet,6377138
SPY,2021-04-07,2021-04-07T16:00:00-04:00,406.57,2021-06-18,72.0,0.19726027397260273,330.0,put,1.22,1.23,1.22,51,,0.29719,-0.05135,0.00194,0.19172,-0.03928,-0.0436,spy_options_2021.parquet,6377138
SPY,2021-04-07,2021-04-07T16:00:00-04:00,406.57,2021-06-18,72.0,0.19726027397260273,331.0,call,76.52,77.3,68.78,15,,0.32026,0.91818,0.00157,0.25066,-0.05321,0.25832,spy_options_2021.parquet,6377139
SPY,2021-04-07,2021-04-07T16:00:00-04:00,406.57,2021-06-18,72.0,0.19726027397260273,331.0,put,1.24,1.26,1.25,6,,0.29481,-0.0521,0.00199,0.19535,-0.03942,-0.04505,spy_options_2021.parquet,6377139
SPY,2021-04-07,2021-04-07T16:00:00-04:00,406.57,2021-06-18,72.0,0.19726027397260273,332.0,call,75.55,76.3,75.95,6,,0.31674,0.91807,0.00159,0.2517,-0.05361,0.26253,spy_options_2021.parquet,6377140
SPY,2021-04-07,2021-04-07T16:00:00-04:00,406.57,2021-06-18,72.0,0.19726027397260273,332.0,put,1.27,1.29,1.28,30,,0.29337,-0.05435,0.0021,0.19993,-0.03951,-0.04683,spy_options_2021.parquet,6377140
SPY,2021-04-07,2021-04-07T16:00:00-04:00,406.57,2021-06-18,72.0,0.19726027397260273,333.0,call,74.53,75.32,63.66,1,,0.31284,0.91763,0.00161,0.2532,-0.05254,0.26615,spy_options_2021.parquet,6377141
SPY,2021-04-07,2021-04-07T16:00:00-04:00,406.57,2021-06-18,72.0,0.19726027397260273,333.0,put,1.31,1.32,1.31,1,,0.29156,-0.05576,0.00208,0.20452,-0.04101,-0.04795,spy_options_2021.parquet,6377141
SPY,2021-04-07,2021-04-07T16:00:00-04:00,406.57,2021-06-18,72.0,0.19726027397260273,334.0,call,73.63,74.36,67.65,3,,0.31109,0.91609,0.00169,0.25769,-0.05309,0.27501,spy_options_2021.parquet,6377142
SPY,2021-04-07,2021-04-07T16:00:00-04:00,406.57,2021-06-18,72.0,0.19726027397260273,334.0,put,1.34,1.35,1.37,501,,0.28974,-0.05708,0.00219,0.2087,-0.04135,-0.0491,spy_options_2021.parquet,6377142
SPY,2021-04-07,2021-04-07T16:00:00-04:00,406.57,2021-06-18,72.0,0.19726027397260273,335.0,call,72.63,73.38,66.45,3,,0.30749,0.91595,0.00173,0.25844,-0.05304,0.27883,spy_options_2021.parquet,6377143
SPY,2021-04-07,2021-04-07T16:00:00-04:00,406.57,2021-06-18,72.0,0.19726027397260273,335.0,put,1.37,1.39,1.42,158,,0.28807,-0.05873,0.00222,0.21318,-0.04217,-0.04994,spy_options_2021.parquet,6377143
SPY,2021-04-07,2021-04-07T16:00:00-04:00,406.57,2021-06-18,72.0,0.19726027397260273,336.0,call,71.69,72.43,63.06,2,,0.30541,0.91511,0.00186,0.26276,-0.05372,0.28655,spy_options_2021.parquet,6377144
SPY,2021-04-07,2021-04-07T16:00:00-04:00,406.57,2021-06-18,72.0,0.19726027397260273,336.0,put,1.41,1.42,1.48,28,,0.28529,-0.06015,0.00232,0.21829,-0.04269,-0.05182,spy_options_2021.parquet,6377144
SPY,2021-04-07,2021-04-07T16:00:00-04:00,406.57,2021-06-18,72.0,0.19726027397260273,337.0,call,70.66,71.45,61.29,9,,0.30084,0.91411,0.00191,0.26389,-0.05339,0.28986,spy_options_2021.parquet,6377145
SPY,2021-04-07,2021-04-07T16:00:00-04:00,406.57,2021-06-18,72.0,0.19726027397260273,337.0,put,1.44,1.46,1.45,1,,0.28371,-0.06189,0.00238,0.22292,-0.04332,-0.05299,spy_options_2021.parquet,6377145
SPY,2021-04-07,2021-04-07T16:00:00-04:00,406.57,2021-06-18,72.0,0.19726027397260273,338.0,call,69.75,70.49,59.66,7,,0.29975,0.91278,0.00195,0.2683,-0.05337,0.29694,spy_options_2021.parquet,6377146
SPY,2021-04-07,2021-04-07T16:00:00-04:00,406.57,2021-06-18,72.0,0.19726027397260273,338.0,put,1.48,1.49,1.51,301,,0.28187,-0.06315,0.00248,0.22704,-0.04386,-0.05402,spy_options_2021.parquet,6377146
SPY,2021-04-07,2021-04-07T16:00:00-04:00,406.57,2021-06-18,72.0,0.19726027397260273,339.0,call,68.77,69.52,55.42,60,,0.29618,0.91215,0.00202,0.2712,-0.05377,0.30245,spy_options_2021.parquet,6377147
SPY,2021-04-07,2021-04-07T16:00:00-04:00,406.57,2021-06-18,72.0,0.19726027397260273,339.0,put,1.52,1.53,1.75,150,,0.28016,-0.06529,0.00252,0.23183,-0.04385,-0.05635,spy_options_2021.parquet,6377147
SPY,2021-04-07,2021-04-07T16:00:00-04:00,406.57,2021-06-18,72.0,0.19726027397260273,340.0,call,67.78,68.56,68.33,5,,0.29317,0.91157,0.00212,0.2738,-0.05328,0.30828,spy_options_2021.parquet,6377148
SPY,2021-04-07,2021-04-07T16:00:00-04:00,406.57,2021-06-18,72.0,0.19726027397260273,340.0,put,1.56,1.57,1.55,83,,0.27778,-0.06666,0.00257,0.23742,-0.04541,-0.05783,spy_options_2021.parquet,6377148
SPY,2021-04-07,2021-04-07T16:00:00-04:00,406.57,2021-06-18,72.0,0.19726027397260273,341.0,call,67.12,67.33,67.85,1,,0.29086,0.90995,0.00218,0.27798,-0.05414,0.31508,spy_options_2021.parquet,6377149
SPY,2021-04-07,2021-04-07T16:00:00-04:00,406.57,2021-06-18,72.0,0.19726027397260273,341.0,put,1.6,1.61,1.67,1,,0.27594,-0.06936,0.00263,0.24195,-0.04598,-0.0593,spy_options_2021.parquet,6377149
SPY,2021-04-07,2021-04-07T16:00:00-04:00,406.57,2021-06-18,72.0,0.19726027397260273,342.0,call,66.22,66.65,58.84,1,,0.29492,0.90511,0.00238,0.29005,-0.05687,0.33074,spy_options_2021.parquet,6377150
SPY,2021-04-07,2021-04-07T16:00:00-04:00,406.57,2021-06-18,72.0,0.19726027397260273,342.0,put,1.64,1.65,1.65,23,,0.27405,-0.07056,0.00269,0.24763,-0.04587,-0.06119,spy_options_2021.parquet,6377150
SPY,2021-04-07,2021-04-07T16:00:00-04:00,406.57,2021-06-18,72.0,0.19726027397260273,343.0,call,65.2,65.41,64.99,2,,0.28598,0.9074,0.00234,0.28566,-0.05436,0.32736,spy_options_2021.parquet,6377151
SPY,2021-04-07,2021-04-07T16:00:00-04:00,406.57,2021-06-18,72.0,0.19726027397260273,343.0,put,1.68,1.7,1.69,6,,0.27212,-0.07289,0.0028,0.25289,-0.04744,-0.06229,spy_options_2021.parquet,6377151
SPY,2021-04-07,2021-04-07T16:00:00-04:00,406.57,2021-06-18,72.0,0.19726027397260273,344.0,call,63.97,64.74,55.0,1,,0.28351,0.90574,0.00246,0.28958,-0.05506,0.33405,spy_options_2021.parquet,6377152
SPY,2021-04-07,2021-04-07T16:00:00-04:00,406.57,2021-06-18,72.0,0.19726027397260273,344.0,put,1.73,1.74,1.73,25,,0.27002,-0.07525,0.00284,0.25819,-0.04744,-0.06465,spy_options_2021.parquet,6377152
SPY,2021-04-07,2021-04-07T16:00:00-04:00,406.57,2021-06-18,72.0,0.19726027397260273,345.0,call,63.02,63.79,63.63,0,,0.28185,0.90416,0.00259,0.29429,-0.05511,0.33959,spy_options_2021.parquet,6377153
SPY,2021-04-07,2021-04-07T16:00:00-04:00,406.57,2021-06-18,72.0,0.19726027397260273,345.0,put,1.77,1.79,1.8,59,,0.26904,-0.0773,0.00292,0.26376,-0.04797,-0.06639,spy_options_2021.parquet,6377153
SPY,2021-04-07,2021-04-07T16:00:00-04:00,406.57,2021-06-18,72.0,0.19726027397260273,346.0,call,62.06,62.54,60.38,1,,0.27404,0.90561,0.0026,0.29009,-0.05322,0.33887,spy_options_2021.parquet,6377154
SPY,2021-04-07,2021-04-07T16:00:00-04:00,406.57,2021-06-18,72.0,0.19726027397260273,346.0,put,1.82,1.84,1.83,2,,0.26667,-0.07971,0.00309,0.26986,-0.04892,-0.0679,spy_options_2021.parquet,6377154
SPY,2021-04-07,2021-04-07T16:00:00-04:00,406.57,2021-06-18,72.0,0.19726027397260273,347.0,call,61.37,61.58,49.66,5,,0.27524,0.90214,0.0027,0.30109,-0.05561,0.3511,spy_options_2021.parquet,6377155
SPY,2021-04-07,2021-04-07T16:00:00-04:00,406.57,2021-06-18,72.0,0.19726027397260273,347.0,put,1.87,1.88,1.88,196,,0.26447,-0.08136,0.0031,0.27531,-0.04977,-0.07042,spy_options_2021.parquet,6377155
SPY,2021-04-07,2021-04-07T16:00:00-04:00,406.57,2021-06-18,72.0,0.19726027397260273,348.0,call,60.17,60.93,50.63,160,,0.27417,0.89897,0.00288,0.30748,-0.05668,0.35836,spy_options_2021.parquet,6377156
SPY,2021-04-07,2021-04-07T16:00:00-04:00,406.57,2021-06-18,72.0,0.19726027397260273,348.0,put,1.92,1.93,1.93,1,,0.26287,-0.08384,0.00326,0.28149,-0.05043,-0.07195,spy_options_2021.parquet,6377156
SPY,2021-04-07,2021-04-07T16:00:00-04:00,406.57,2021-06-18,72.0,0.19726027397260273,349.0,call,59.56,59.74,49.76,20,,0.2736,0.89623,0.00295,0.31488,-0.05736,0.36659,spy_options_2021.parquet,6377157
SPY,2021-04-07,2021-04-07T16:00:00-04:00,406.57,2021-06-18,72.0,0.19726027397260273,349.0,put,1.97,1.99,1.98,253,,0.26062,-0.08593,0.00327,0.28687,-0.0517,-0.07383,spy_options_2021.parquet,6377157
SPY,2021-04-07,2021-04-07T16:00:00-04:00,406.57,2021-06-18,72.0,0.19726027397260273,350.0,call,58.27,59.03,58.77,44,,0.26899,0.89598,0.00301,0.3167,-0.05726,0.36985,spy_options_2021.parquet,6377158
SPY,2021-04-07,2021-04-07T16:00:00-04:00,406.57,2021-06-18,72.0,0.19726027397260273,350.0,put,2.02,2.04,2.03,4816,,0.25867,-0.08906,0.00345,0.29366,-0.05172,-0.07638,spy_options_2021.parquet,6377158
SPY,2021-04-07,2021-04-07T16:00:00-04:00,406.57,2021-06-18,72.0,0.19726027397260273,351.0,call,57.57,57.78,57.41,100,,0.26658,0.89485,0.00318,0.32085,-0.05698,0.37473,spy_options_2021.parquet,6377159
SPY,2021-04-07,2021-04-07T16:00:00-04:00,406.57,2021-06-18,72.0,0.19726027397260273,351.0,put,2.08,2.1,2.09,39,,0.25707,-0.09135,0.00352,0.30013,-0.05327,-0.07837,spy_options_2021.parquet,6377159
SPY,2021-04-07,2021-04-07T16:00:00-04:00,406.57,2021-06-18,72.0,0.19726027397260273,352.0,call,56.36,56.89,50.81,2,,0.26088,0.89519,0.00318,0.3202,-0.05519,0.37687,spy_options_2021.parquet,6377160
SPY,2021-04-07,2021-04-07T16:00:00-04:00,406.57,2021-06-18,72.0,0.19726027397260273,352.0,put,2.13,2.15,2.15,24,,0.2552,-0.09387,0.00359,0.3054,-0.05384,-0.08005,spy_options_2021.parquet,6377160
SPY,2021-04-07,2021-04-07T16:00:00-04:00,406.57,2021-06-18,72.0,0.19726027397260273,353.0,call,55.41,56.18,55.75,0,,0.26169,0.89007,0.00337,0.33154,-0.05761,0.38684,spy_options_2021.parquet,6377161
SPY,2021-04-07,2021-04-07T16:00:00-04:00,406.57,2021-06-18,72.0,0.19726027397260273,353.0,put,2.19,2.21,2.2,41,,0.25395,-0.09652,0.00374,0.31202,-0.05406,-0.08289,spy_options_2021.parquet,6377161
SPY,2021-04-07,2021-04-07T16:00:00-04:00,406.57,2021-06-18,72.0,0.19726027397260273,354.0,call,54.47,55.0,54.19,1,,0.25619,0.89031,0.00349,0.3311,-0.05686,0.38834,spy_options_2021.parquet,6377162
SPY,2021-04-07,2021-04-07T16:00:00-04:00,406.57,2021-06-18,72.0,0.19726027397260273,354.0,put,2.25,2.27,2.26,23,,0.25136,-0.09977,0.00381,0.31884,-0.05514,-0.08541,spy_options_2021.parquet,6377162
SPY,2021-04-07,2021-04-07T16:00:00-04:00,406.57,2021-06-18,72.0,0.19726027397260273,355.0,call,53.79,54.0,53.72,10,,0.25658,0.88548,0.00359,0.34205,-0.05886,0.39746,spy_options_2021.parquet,6377163
SPY,2021-04-07,2021-04-07T16:00:00-04:00,406.57,2021-06-18,72.0,0.19726027397260273,355.0,put,2.32,2.34,2.39,132,,0.24972,-0.10277,0.00397,0.32607,-0.05591,-0.08752,spy_options_2021.parquet,6377163
SPY,2021-04-07,2021-04-07T16:00:00-04:00,406.57,2021-06-18,72.0,0.19726027397260273,356.0,call,52.85,53.06,46.54,1,,0.25472,0.88384,0.00375,0.34837,-0.05903,0.40342,spy_options_2021.parquet,6377164
SPY,2021-04-07,2021-04-07T16:00:00-04:00,406.57,2021-06-18,72.0,0.19726027397260273,356.0,put,2.38,2.41,2.43,167,,0.24856,-0.10531,0.00403,0.33295,-0.05631,-0.091,spy_options_2021.parquet,6377164
SPY,2021-04-07,2021-04-07T16:00:00-04:00,406.57,2021-06-18,72.0,0.19726027397260273,357.0,call,51.91,52.12,51.9,60,,0.25228,0.8805,0.00389,0.35417,-0.05997,0.40852,spy_options_2021.parquet,6377165
SPY,2021-04-07,2021-04-07T16:00:00-04:00,406.57,2021-06-18,72.0,0.19726027397260273,357.0,put,2.45,2.47,2.51,70,,0.24668,-0.10858,0.00417,0.33966,-0.05727,-0.09278,spy_options_2021.parquet,6377165
SPY,2021-04-07,2021-04-07T16:00:00-04:00,406.57,2021-06-18,72.0,0.19726027397260273,358.0,call,50.98,51.18,51.1,1,,0.24998,0.87776,0.00402,0.35997,-0.05961,0.41406,spy_options_2021.parquet,6377166
SPY,2021-04-07,2021-04-07T16:00:00-04:00,406.57,2021-06-18,72.0,0.19726027397260273,358.0,put,2.52,2.54,2.58,276,,0.24427,-0.11233,0.00426,0.34677,-0.05856,-0.09592,spy_options_2021.parquet,6377166
SPY,2021-04-07,2021-04-07T16:00:00-04:00,406.57,2021-06-18,72.0,0.19726027397260273,359.0,call,50.04,50.25,38.98,38,,0.24753,0.87518,0.00413,0.3661,-0.06016,0.41869,spy_options_2021.parquet,6377167
SPY,2021-04-07,2021-04-07T16:00:00-04:00,406.57,2021-06-18,72.0,0.19726027397260273,359.0,put,2.59,2.61,2.6,5,,0.24278,-0.11579,0.00439,0.35452,-0.05927,-0.09873,spy_options_2021.parquet,6377167
SPY,2021-04-07,2021-04-07T16:00:00-04:00,406.57,2021-06-18,72.0,0.19726027397260273,360.0,call,48.86,49.61,49.27,50,,0.24634,0.87239,0.00427,0.37372,-0.06121,0.42409,spy_options_2021.parquet,6377168
SPY,2021-04-07,2021-04-07T16:00:00-04:00,406.57,2021-06-18,72.0,0.19726027397260273,360.0,put,2.66,2.68,2.74,193,,0.24041,-0.11881,0.00459,0.36204,-0.05919,-0.1014,spy_options_2021.parquet,6377168
SPY,2021-04-07,2021-04-07T16:00:00-04:00,406.57,2021-06-18,72.0,0.19726027397260273,361.0,call,47.93,48.45,48.52,18,,0.24022,0.87136,0.00438,0.37508,-0.06005,0.42691,spy_options_2021.parquet,6377169
SPY,2021-04-07,2021-04-07T16:00:00-04:00,406.57,2021-06-18,72.0,0.19726027397260273,361.0,put,2.74,2.76,2.75,2,,0.23901,-0.12281,0.00471,0.36937,-0.06031,-0.10498,spy_options_2021.parquet,6377169
SPY,2021-04-07,2021-04-07T16:00:00-04:00,406.57,2021-06-18,72.0,0.19726027397260273,362.0,call,47.25,47.46,37.7,1,,0.24122,0.86622,0.00457,0.3858,-0.06213,0.43405,spy_options_2021.parquet,6377170
SPY,2021-04-07,2021-04-07T16:00:00-04:00,406.57,2021-06-18,72.0,0.19726027397260273,362.0,put,2.82,2.84,2.83,250,,0.23675,-0.12573,0.00481,0.37748,-0.0609,-0.10792,spy_options_2021.parquet,6377170
SPY,2021-04-07,2021-04-07T16:00:00-04:00,406.57,2021-06-18,72.0,0.19726027397260273,363.0,call,46.33,46.53,46.33,1,,0.239,0.8631,0.0047,0.39306,-0.06248,0.43842,spy_options_2021.parquet,6377171
SPY,2021-04-07,2021-04-07T16:00:00-04:00,406.57,2021-06-18,72.0,0.19726027397260273,363.0,put,2.9,2.92,2.92,76,,0.23546,-0.12939,0.00491,0.38499,-0.06228,-0.11125,spy_options_2021.parquet,6377171
SPY,2021-04-07,2021-04-07T16:00:00-04:00,406.57,2021-06-18,72.0,0.19726027397260273,364.0,call,45.4,45.61,46.06,0,,0.23701,0.85981,0.00482,0.39943,-0.06314,0.44292,spy_options_2021.parquet,6377172
SPY,2021-04-07,2021-04-07T16:00:00-04:00,406.57,2021-06-18,72.0,0.19726027397260273,364.0,put,2.98,3.01,2.99,198,,0.23314,-0.13327,0.00511,0.39338,-0.06315,-0.11426,spy_options_2021.parquet,6377172
SPY,2021-04-07,2021-04-07T16:00:00-04:00,406.57,2021-06-18,72.0,0.19726027397260273,365.0,call,44.48,44.69,44.99,0,,0.23482,0.85611,0.005,0.40748,-0.06415,0.44736,spy_options_2021.parquet,6377173
SPY,2021-04-07,2021-04-07T16:00:00-04:00,406.57,2021-06-18,72.0,0.19726027397260273,365.0,put,3.06,3.09,3.09,1925,,0.23178,-0.13713,0.00521,0.40047,-0.06391,-0.11766,spy_options_2021.parquet,6377173
SPY,2021-04-07,2021-04-07T16:00:00-04:00,406.57,2021-06-18,72.0,0.19726027397260273,366.0,call,43.57,43.77,44.24,0,,0.23277,0.8524,0.00514,0.41463,-0.06402,0.45062,spy_options_2021.parquet,6377174
SPY,2021-04-07,2021-04-07T16:00:00-04:00,406.57,2021-06-18,72.0,0.19726027397260273,366.0,put,3.15,3.18,3.23,334,,0.22965,-0.14197,0.0054,0.40868,-0.064,-0.12133,spy_options_2021.parquet,6377174
SPY,2021-04-07,2021-04-07T16:00:00-04:00,406.57,2021-06-18,72.0,0.19726027397260273,367.0,call,42.63,43.14,37.02,40,,0.23359,0.84604,0.00527,0.42775,-0.06674,0.45564,spy_options_2021.parquet,6377175
SPY,2021-04-07,2021-04-07T16:00:00-04:00,406.57,2021-06-18,72.0,0.19726027397260273,367.0,put,3.25,3.27,3.31,198,,0.22818,-0.14623,0.00549,0.41706,-0.06529,-0.1251,spy_options_2021.parquet,6377175
SPY,2021-04-07,2021-04-07T16:00:00-04:00,406.57,2021-06-18,72.0,0.19726027397260273,368.0,call,41.77,41.94,28.23,1,,0.22791,0.84438,0.00546,0.43069,-0.06548,0.45913,spy_options_2021.parquet,6377176
SPY,2021-04-07,2021-04-07T16:00:00-04:00,406.57,2021-06-18,72.0,0.19726027397260273,368.0,put,3.34,3.37,3.35,63,,0.22592,-0.15018,0.00568,0.4261,-0.0665,-0.12931,spy_options_2021.parquet,6377176
SPY,2021-04-07,2021-04-07T16:00:00-04:00,406.57,2021-06-18,72.0,0.19726027397260273,369.0,call,40.88,41.09,40.88,0,,0.2273,0.83949,0.00563,0.43971,-0.06669,0.46251,spy_options_2021.parquet,6377177
SPY,2021-04-07,2021-04-07T16:00:00-04:00,406.57,2021-06-18,72.0,0.19726027397260273,369.0,put,3.44,3.47,3.45,23,,0.22414,-0.1552,0.0059,0.4339,-0.06711,-0.13237,spy_options_2021.parquet,6377177
SPY,2021-04-07,2021-04-07T16:00:00-04:00,406.57,2021-06-18,72.0,0.19726027397260273,370.0,call,39.98,40.18,40.12,8,,0.22508,0.83536,0.00586,0.44753,-0.06756,0.46596,spy_options_2021.parquet,6377178
SPY,2021-04-07,2021-04-07T16:00:00-04:00,406.57,2021-06-18,72.0,0.19726027397260273,370.0,put,3.54,3.57,3.6,928,,0.22222,-0.15954,0.006,0.44299,-0.06777,-0.13682,spy_options_2021.parquet,6377178
SPY,2021-04-07,2021-04-07T16:00:00-04:00,406.57,2021-06-18,72.0,0.19726027397260273,371.0,call,39.0,39.35,39.38,2,,0.223,0.83099,0.00605,0.45612,-0.06813,0.46925,spy_options_2021.parquet,6377179
SPY,2021-04-07,2021-04-07T16:00:00-04:00,406.57,2021-06-18,72.0,0.19726027397260273,371.0,put,3.65,3.67,3.66,62,,0.22016,-0.16437,0.0062,0.45177,-0.06807,-0.14125,spy_options_2021.parquet,6377179
SPY,2021-04-07,2021-04-07T16:00:00-04:00,406.57,2021-06-18,72.0,0.19726027397260273,372.0,call,38.1,38.38,37.86,4,,0.21996,0.82668,0.0062,0.46265,-0.06855,0.47195,spy_options_2021.parquet,6377180
SPY,2021-04-07,2021-04-07T16:00:00-04:00,406.57,2021-06-18,72.0,0.19726027397260273,372.0,put,3.75,3.78,3.93,42,,0.21824,-0.16999,0.00637,0.45985,-0.06898,-0.14545,spy_options_2021.parquet,6377180
SPY,2021-04-07,2021-04-07T16:00:00-04:00,406.57,2021-06-18,72.0,0.19726027397260273,373.0,call,37.28,37.48,36.67,1,,0.21831,0.8214,0.00634,0.47261,-0.06885,0.47461,spy_options_2021.parquet,6377181
SPY,2021-04-07,2021-04-07T16:00:00-04:00,406.57,2021-06-18,72.0,0.19726027397260273,373.0,put,3.86,3.88,3.88,128,,0.21679,-0.1743,0.0065,0.46873,-0.06939,-0.14904,spy_options_2021.parquet,6377181
SPY,2021-04-07,2021-04-07T16:00:00-04:00,406.57,2021-06-18,72.0,0.19726027397260273,374.0,call,36.1,36.83,36.54,1,,0.21656,0.81697,0.00661,0.4803,-0.06918,0.47721,spy_options_2021.parquet,6377182
SPY,2021-04-07,2021-04-07T16:00:00-04:00,406.57,2021-06-18,72.0,0.19726027397260273,374.0,put,3.98,4.0,3.99,55,,0.21402,-0.17971,0.0067,0.47791,-0.07005,-0.15399,spy_options_2021.parquet,6377182
SPY,2021-04-07,2021-04-07T16:00:00-04:00,406.57,2021-06-18,72.0,0.19726027397260273,375.0,call,35.47,35.64,35.48,3,,0.21395,0.81168,0.00677,0.48812,-0.06972,0.47935,spy_options_2021.parquet,6377183
SPY,2021-04-07,2021-04-07T16:00:00-04:00,406.57,2021-06-18,72.0,0.19726027397260273,375.0,put,4.09,4.12,4.12,477,,0.21221,-0.18589,0.00688,0.48718,-0.07159,-0.15828,spy_options_2021.parquet,6377183
SPY,2021-04-07,2021-04-07T16:00:00-04:00,406.57,2021-06-18,72.0,0.19726027397260273,376.0,call,34.55,34.75,34.37,4,,0.21135,0.8072,0.00698,0.49621,-0.0698,0.48097,spy_options_2021.parquet,6377184
SPY,2021-04-07,2021-04-07T16:00:00-04:00,406.57,2021-06-18,72.0,0.19726027397260273,376.0,put,4.21,4.24,4.23,422,,0.21024,-0.1911,0.00716,0.49634,-0.07211,-0.16388,spy_options_2021.parquet,6377184
SPY,2021-04-07,2021-04-07T16:00:00-04:00,406.57,2021-06-18,72.0,0.19726027397260273,377.0,call,33.67,33.87,33.42,2,,0.20879,0.80126,0.00721,0.50459,-0.07105,0.48322,spy_options_2021.parquet,6377185
SPY,2021-04-07,2021-04-07T16:00:00-04:00,406.57,2021-06-18,72.0,0.19726027397260273,377.0,put,4.34,4.36,4.35,63,,0.20895,-0.19738,0.00736,0.50523,-0.07273,-0.1689,spy_options_2021.parquet,6377185
SPY,2021-04-07,2021-04-07T16:00:00-04:00,406.57,2021-06-18,72.0,0.19726027397260273,378.0,call,32.8,32.99,32.47,47,,0.20668,0.79505,0.00743,0.51348,-0.07137,0.48446,spy_options_2021.parquet,6377186
SPY,2021-04-07,2021-04-07T16:00:00-04:00,406.57,2021-06-18,72.0,0.19726027397260273,378.0,put,4.47,4.5,4.49,28,,0.20649,-0.20295,0.00756,0.51495,-0.07342,-0.17419,spy_options_2021.parquet,6377186
SPY,2021-04-07,2021-04-07T16:00:00-04:00,406.57,2021-06-18,72.0,0.19726027397260273,379.0,call,31.92,32.12,31.79,50,,0.20454,0.78951,0.00765,0.52325,-0.072,0.48519,spy_options_2021.parquet,6377187
SPY,2021-04-07,2021-04-07T16:00:00-04:00,406.57,2021-06-18,72.0,0.19726027397260273,379.0,put,4.6,4.63,4.6,292,,0.20524,-0.2091,0.00775,0.52373,-0.07358,-0.17959,spy_options_2021.parquet,6377187
SPY,2021-04-07,2021-04-07T16:00:00-04:00,406.57,2021-06-18,72.0,0.19726027397260273,380.0,call,31.03,31.25,31.16,26,,0.20277,0.78341,0.00788,0.53168,-0.07273,0.48611,spy_options_2021.parquet,6377188
SPY,2021-04-07,2021-04-07T16:00:00-04:00,406.57,2021-06-18,72.0,0.19726027397260273,380.0,put,4.74,4.77,4.78,4339,,0.20284,-0.21562,0.00799,0.53324,-0.07422,-0.18442,spy_options_2021.parquet,6377188
SPY,2021-04-07,2021-04-07T16:00:00-04:00,406.57,2021-06-18,72.0,0.19726027397260273,381.0,call,30.19,30.38,30.0,11,,0.20018,0.77676,0.00811,0.54077,-0.07241,0.4871,spy_options_2021.parquet,6377189
SPY,2021-04-07,2021-04-07T16:00:00-04:00,406.57,2021-06-18,72.0,0.19726027397260273,381.0,put,4.88,4.91,4.89,130,,0.20148,-0.22242,0.00819,0.54218,-0.07477,-0.19077,spy_options_2021.parquet,6377189
SPY,2021-04-07,2021-04-07T16:00:00-04:00,406.57,2021-06-18,72.0,0.19726027397260273,382.0,call,29.34,29.51,29.14,8,,0.1988,0.77071,0.00832,0.5499,-0.07391,0.48761,spy_options_2021.parquet,6377190
SPY,2021-04-07,2021-04-07T16:00:00-04:00,406.57,2021-06-18,72.0,0.19726027397260273,382.0,put,5.02,5.05,5.1,906,,0.19949,-0.22962,0.00843,0.55127,-0.07612,-0.19579,spy_options_2021.parquet,6377190
SPY,2021-04-07,2021-04-07T16:00:00-04:00,406.57,2021-06-18,72.0,0.19726027397260273,383.0,call,28.5,28.65,28.18,14,,0.19628,0.76294,0.0086,0.55982,-0.07443,0.48738,spy_options_2021.parquet,6377191
SPY,2021-04-07,2021-04-07T16:00:00-04:00,406.57,2021-06-18,72.0,0.19726027397260273,383.0,put,5.17,5.2,5.25,120,,0.19726,-0.2361,0.00866,0.56119,-0.07661,-0.20234,spy_options_2021.parquet,6377191
SPY,2021-04-07,2021-04-07T16:00:00-04:00,406.57,2021-06-18,72.0,0.19726027397260273,384.0,call,27.63,27.8,27.68,35,,0.19439,0.75647,0.00882,0.56872,-0.074,0.48745,spy_options_2021.parquet,6377192
SPY,2021-04-07,2021-04-07T16:00:00-04:00,406.57,2021-06-18,72.0,0.19726027397260273,384.0,put,5.33,5.36,5.41,124,,0.19473,-0.24381,0.00883,0.57072,-0.07631,-0.20819,spy_options_2021.parquet,6377192
SPY,2021-04-07,2021-04-07T16:00:00-04:00,406.57,2021-06-18,72.0,0.19726027397260273,385.0,call,26.77,26.96,26.7,20,,0.19247,0.74873,0.009,0.57792,-0.07447,0.48647,spy_options_2021.parquet,6377193
SPY,2021-04-07,2021-04-07T16:00:00-04:00,406.57,2021-06-18,72.0,0.19726027397260273,385.0,put,5.49,5.52,5.57,369,,0.19287,-0.25136,0.00903,0.57952,-0.07693,-0.2148,spy_options_2021.parquet,6377193
SPY,2021-04-07,2021-04-07T16:00:00-04:00,406.57,2021-06-18,72.0,0.19726027397260273,386.0,call,25.94,26.12,25.72,3,,0.18965,0.7414,0.0093,0.58684,-0.07545,0.48561,spy_options_2021.parquet,6377194
SPY,2021-04-07,2021-04-07T16:00:00-04:00,406.57,2021-06-18,72.0,0.19726027397260273,386.0,put,5.65,5.68,5.74,148,,0.19063,-0.25911,0.00935,0.58917,-0.07731,-0.22135,spy_options_2021.parquet,6377194
SPY,2021-04-07,2021-04-07T16:00:00-04:00,406.57,2021-06-18,72.0,0.19726027397260273,387.0,call,25.1,25.27,24.91,19,,0.1878,0.73392,0.00958,0.59634,-0.07575,0.48484,spy_options_2021.parquet,6377195
SPY,2021-04-07,2021-04-07T16:00:00-04:00,406.57,2021-06-18,72.0,0.19726027397260273,387.0,put,5.82,5.85,5.85,80,,0.18914,-0.26738,0.00959,0.5983,-0.07818,-0.2279,spy_options_2021.parquet,6377195
SPY,2021-04-07,2021-04-07T16:00:00-04:00,406.57,2021-06-18,72.0,0.19726027397260273,388.0,call,24.27,24.44,23.8,9,,0.18564,0.72534,0.00988,0.60499,-0.07531,0.48355,spy_options_2021.parquet,6377196
SPY,2021-04-07,2021-04-07T16:00:00-04:00,406.57,2021-06-18,72.0,0.19726027397260273,388.0,put,6.0,6.04,6.05,87,,0.18713,-0.27531,0.00984,0.60723,-0.07811,-0.23491,spy_options_2021.parquet,6377196
SPY,2021-04-07,2021-04-07T16:00:00-04:00,406.57,2021-06-18,72.0,0.19726027397260273,389.0,call,23.44,23.64,23.43,0,,0.18323,0.71668,0.01008,0.61433,-0.07569,0.481,spy_options_2021.parquet,6377197
SPY,2021-04-07,2021-04-07T16:00:00-04:00,406.57,2021-06-18,72.0,0.19726027397260273,389.0,put,6.18,6.21,6.23,18,,0.18471,-0.28371,0.01011,0.61597,-0.07888,-0.24247,spy_options_2021.parquet,6377197
SPY,2021-04-07,2021-04-07T16:00:00-04:00,406.57,2021-06-18,72.0,0.19726027397260273,390.0,call,22.69,22.85,22.72,187,,0.18193,0.70794,0.01033,0.62445,-0.07675,0.47875,spy_options_2021.parquet,6377198
SPY,2021-04-07,2021-04-07T16:00:00-04:00,406.57,2021-06-18,72.0,0.19726027397260273,390.0,put,6.38,6.41,6.42,685,,0.18274,-0.2924,0.01031,0.62495,-0.0788,-0.24985,spy_options_2021.parquet,6377198
SPY,2021-04-07,2021-04-07T16:00:00-04:00,406.57,2021-06-18,72.0,0.19726027397260273,391.0,call,21.82,21.98,21.66,82,,0.17895,0.69898,0.01066,0.6321,-0.07679,0.47633,spy_options_2021.parquet,6377199
SPY,2021-04-07,2021-04-07T16:00:00-04:00,406.57,2021-06-18,72.0,0.19726027397260273,391.0,put,6.58,6.61,6.65,11,,0.18139,-0.30155,0.01057,0.63443,-0.07955,-0.25828,spy_options_2021.parquet,6377199
SPY,2021-04-07,2021-04-07T16:00:00-04:00,406.57,2021-06-18,72.0,0.19726027397260273,392.0,call,21.01,21.18,21.22,12,,0.17729,0.68939,0.01093,0.64122,-0.07613,0.47356,spy_options_2021.parquet,6377200
SPY,2021-04-07,2021-04-07T16:00:00-04:00,406.57,2021-06-18,72.0,0.19726027397260273,392.0,put,6.78,6.8,6.93,8,,0.17866,-0.31159,0.01089,0.64249,-0.07972,-0.2661,spy_options_2021.parquet,6377200
SPY,2021-04-07,2021-04-07T16:00:00-04:00,406.57,2021-06-18,72.0,0.19726027397260273,393.0,call,20.26,20.42,20.33,252,,0.17594,0.67963,0.01124,0.64978,-0.07708,0.46956,spy_options_2021.parquet,6377201
SPY,2021-04-07,2021-04-07T16:00:00-04:00,406.57,2021-06-18,72.0,0.19726027397260273,393.0,put,6.99,7.02,7.05,413,,0.17647,-0.32064,0.01119,0.65122,-0.07964,-0.27461,spy_options_2021.parquet,6377201
SPY,2021-04-07,2021-04-07T16:00:00-04:00,406.57,2021-06-18,72.0,0.19726027397260273,394.0,call,19.42,19.58,19.54,1,,0.17298,0.67058,0.01151,0.65734,-0.07623,0.46654,spy_options_2021.parquet,6377202
SPY,2021-04-07,2021-04-07T16:00:00-04:00,406.57,2021-06-18,72.0,0.19726027397260273,394.0,put,7.21,7.25,7.3,768,,0.1744,-0.33145,0.01144,0.65956,-0.07964,-0.28304,spy_options_2021.parquet,6377202
SPY,2021-04-07,2021-04-07T16:00:00-04:00,406.57,2021-06-18,72.0,0.19726027397260273,395.0,call,18.7,18.79,18.6,70,,0.17073,0.65952,0.01183,0.66576,-0.07669,0.4617,spy_options_2021.parquet,6377203
SPY,2021-04-07,2021-04-07T16:00:00-04:00,406.57,2021-06-18,72.0,0.19726027397260273,395.0,put,7.46,7.48,7.53,786,,0.17272,-0.34179,0.01167,0.66766,-0.08009,-0.29228,spy_options_2021.parquet,6377203
SPY,2021-04-07,2021-04-07T16:00:00-04:00,406.57,2021-06-18,72.0,0.19726027397260273,396.0,call,17.83,18.03,17.78,18,,0.16771,0.64877,0.01217,0.6738,-0.07628,0.45726,spy_options_2021.parquet,6377204
SPY,2021-04-07,2021-04-07T16:00:00-04:00,406.57,2021-06-18,72.0,0.19726027397260273,396.0,put,7.68,7.71,7.91,689,,0.17022,-0.35281,0.01199,0.67534,-0.08001,-0.30126,spy_options_2021.parquet,6377204
SPY,2021-04-07,2021-04-07T16:00:00-04:00,406.57,2021-06-18,72.0,0.19726027397260273,397.0,call,17.1,17.27,17.31,7,,0.16572,0.63751,0.01243,0.68071,-0.07681,0.45299,spy_options_2021.parquet,6377205
SPY,2021-04-07,2021-04-07T16:00:00-04:00,406.57,2021-06-18,72.0,0.19726027397260273,397.0,put,7.94,7.96,8.18,395,,0.16884,-0.36387,0.01228,0.68239,-0.0802,-0.31056,spy_options_2021.parquet,6377205
SPY,2021-04-07,2021-04-07T16:00:00-04:00,406.57,2021-06-18,72.0,0.19726027397260273,398.0,call,16.36,16.51,15.9,65,,0.1644,0.62592,0.01273,0.68847,-0.07649,0.44729,spy_options_2021.parquet,6377206
SPY,2021-04-07,2021-04-07T16:00:00-04:00,406.57,2021-06-18,72.0,0.19726027397260273,398.0,put,8.2,8.22,8.27,374,,0.16651,-0.37466,0.01251,0.68894,-0.07949,-0.32089,spy_options_2021.parquet,6377206
SPY,2021-04-07,2021-04-07T16:00:00-04:00,406.57,2021-06-18,72.0,0.19726027397260273,399.0,call,15.63,15.77,15.74,18,,0.16219,0.61408,0.01303,0.69471,-0.07602,0.44102,spy_options_2021.parquet,6377207
SPY,2021-04-07,2021-04-07T16:00:00-04:00,406.57,2021-06-18,72.0,0.19726027397260273,399.0,put,8.48,8.52,8.54,492,,0.16466,-0.38737,0.01277,0.69616,-0.07945,-0.33091,spy_options_2021.parquet,6377207
SPY,2021-04-07,2021-04-07T16:00:00-04:00,406.57,2021-06-18,72.0,0.19726027397260273,400.0,call,14.9,15.05,14.5,1058,,0.15952,0.60156,0.01325,0.70056,-0.07539,0.43435,spy_options_2021.parquet,6377208
SPY,2021-04-07,2021-04-07T16:00:00-04:00,406.57,2021-06-18,72.0,0.19726027397260273,400.0,put,8.77,8.81,8.87,6732,,0.16263,-0.39952,0.013,0.70173,-0.07905,-0.3415,spy_options_2021.parquet,6377208
SPY,2021-04-07,2021-04-07T16:00:00-04:00,406.57,2021-06-18,72.0,0.19726027397260273,401.0,call,14.23,14.28,14.36,10,,0.15713,0.58898,0.01354,0.70636,-0.07494,0.42811,spy_options_2021.parquet,6377209
SPY,2021-04-07,2021-04-07T16:00:00-04:00,406.57,2021-06-18,72.0,0.19726027397260273,401.0,put,9.06,9.1,9.08,119,,0.16049,-0.4117,0.01333,0.70763,-0.07951,-0.35246,spy_options_2021.parquet,6377209
SPY,2021-04-07,2021-04-07T16:00:00-04:00,406.57,2021-06-18,72.0,0.19726027397260273,402.0,call,13.54,13.58,13.4,48,,0.15544,0.57616,0.01388,0.71163,-0.07446,0.42047,spy_options_2021.parquet,6377210
SPY,2021-04-07,2021-04-07T16:00:00-04:00,406.57,2021-06-18,72.0,0.19726027397260273,402.0,put,9.38,9.43,9.41,79,,0.15964,-0.42538,0.01354,0.71192,-0.07915,-0.36376,spy_options_2021.parquet,6377210
SPY,2021-04-07,2021-04-07T16:00:00-04:00,406.57,2021-06-18,72.0,0.19726027397260273,403.0,call,12.86,12.9,12.73,133,,0.15367,0.56237,0.01411,0.7154,-0.07487,0.41293,spy_options_2021.parquet,6377211
SPY,2021-04-07,2021-04-07T16:00:00-04:00,406.57,2021-06-18,72.0,0.19726027397260273,403.0,put,9.71,9.76,9.84,211,,0.15714,-0.43808,0.01381,0.71666,-0.07863,-0.375,spy_options_2021.parquet,6377211
SPY,2021-04-07,2021-04-07T16:00:00-04:00,406.57,2021-06-18,72.0,0.19726027397260273,404.0,call,12.22,12.26,12.21,155,,0.15217,0.54802,0.01437,0.71994,-0.07432,0.40409,spy_options_2021.parquet,6377212
SPY,2021-04-07,2021-04-07T16:00:00-04:00,406.57,2021-06-18,72.0,0.19726027397260273,404.0,put,10.07,10.11,10.21,294,,0.15596,-0.45177,0.01403,0.71996,-0.07753,-0.38699,spy_options_2021.parquet,6377212
SPY,2021-04-07,2021-04-07T16:00:00-04:00,406.57,2021-06-18,72.0,0.19726027397260273,405.0,call,11.54,11.6,11.54,967,,0.15016,0.53418,0.01457,0.72174,-0.07319,0.39546,spy_options_2021.parquet,6377213
SPY,2021-04-07,2021-04-07T16:00:00-04:00,406.57,2021-06-18,72.0,0.19726027397260273,405.0,put,10.43,10.47,10.48,377,,0.15432,-0.46618,0.01418,0.7222,-0.07739,-0.39862,spy_options_2021.parquet,6377213
SPY,2021-04-07,2021-04-07T16:00:00-04:00,406.57,2021-06-18,72.0,0.19726027397260273,406.0,call,10.9,10.94,10.89,353,,0.14772,0.51938,0.01492,0.72379,-0.07268,0.38668,spy_options_2021.parquet,6377214
SPY,2021-04-07,2021-04-07T16:00:00-04:00,406.57,2021-06-18,72.0,0.19726027397260273,406.0,put,10.84,10.88,10.92,577,,0.15255,-0.48009,0.01436,0.72371,-0.07698,-0.41165,spy_options_2021.parquet,6377214
SPY,2021-04-07,2021-04-07T16:00:00-04:00,406.57,2021-06-18,72.0,0.19726027397260273,407.0,call,10.28,10.32,10.3,838,,0.14597,0.50408,0.01505,0.72513,-0.07192,0.37643,spy_options_2021.parquet,6377215
SPY,2021-04-07,2021-04-07T16:00:00-04:00,406.57,2021-06-18,72.0,0.19726027397260273,407.0,put,11.25,11.29,11.26,56,,0.15114,-0.49493,0.01453,0.72461,-0.0762,-0.42421,spy_options_2021.parquet,6377215
SPY,2021-04-07,2021-04-07T16:00:00-04:00,406.57,2021-06-18,72.0,0.19726027397260273,408.0,call,9.7,9.73,9.54,122,,0.14482,0.48855,0.01517,0.72492,-0.0704,0.36675,spy_options_2021.parquet,6377216
SPY,2021-04-07,2021-04-07T16:00:00-04:00,406.57,2021-06-18,72.0,0.19726027397260273,408.0,put,11.67,11.72,11.66,547,,0.15019,-0.50965,0.01467,0.72414,-0.07588,-0.43721,spy_options_2021.parquet,6377216
SPY,2021-04-07,2021-04-07T16:00:00-04:00,406.57,2021-06-18,72.0,0.19726027397260273,409.0,call,9.1,9.15,8.94,646,,0.14217,0.4726,0.0154,0.72285,-0.0703,0.35634,spy_options_2021.parquet,6377217
SPY,2021-04-07,2021-04-07T16:00:00-04:00,406.57,2021-06-18,72.0,0.19726027397260273,409.0,put,12.09,12.14,12.13,326,,0.14773,-0.52534,0.01476,0.72336,-0.07498,-0.45023,spy_options_2021.parquet,6377217
SPY,2021-04-07,2021-04-07T16:00:00-04:00,406.57,2021-06-18,72.0,0.19726027397260273,410.0,call,8.56,8.59,8.58,1514,,0.14146,0.45711,0.01546,0.72086,-0.06841,0.34595,spy_options_2021.parquet,6377218
SPY,2021-04-07,2021-04-07T16:00:00-04:00,406.57,2021-06-18,72.0,0.19726027397260273,410.0,put,12.57,12.64,12.54,113,,0.14687,-0.53984,0.01484,0.72126,-0.07427,-0.46384,spy_options_2021.parquet,6377218
SPY,2021-04-07,2021-04-07T16:00:00-04:00,406.57,2021-06-18,72.0,0.19726027397260273,411.0,call,8.05,8.08,8.06,522,,0.13943,0.44092,0.0155,0.71688,-0.06783,0.33439,spy_options_2021.parquet,6377219
SPY,2021-04-07,2021-04-07T16:00:00-04:00,406.57,2021-06-18,72.0,0.19726027397260273,411.0,put,13.08,13.13,13.31,1,,0.14594,-0.55518,0.01489,0.7178,-0.07306,-0.47703,spy_options_2021.parquet,6377219
SPY,2021-04-07,2021-04-07T16:00:00-04:00,406.57,2021-06-18,72.0,0.19726027397260273,412.0,call,7.53,7.57,7.28,423,,0.13791,0.42497,0.01555,0.71187,-0.06719,0.32288,spy_options_2021.parquet,6377220
SPY,2021-04-07,2021-04-07T16:00:00-04:00,406.57,2021-06-18,72.0,0.19726027397260273,412.0,put,13.58,13.63,13.54,53,,0.14467,-0.57048,0.01493,0.71387,-0.07266,-0.49078,spy_options_2021.parquet,6377220
SPY,2021-04-07,2021-04-07T16:00:00-04:00,406.57,2021-06-18,72.0,0.19726027397260273,413.0,call,7.05,7.09,7.07,269,,0.13756,0.40869,0.01564,0.70595,-0.0656,0.31192,spy_options_2021.parquet,6377221
SPY,2021-04-07,2021-04-07T16:00:00-04:00,406.57,2021-06-18,72.0,0.19726027397260273,413.0,put,14.11,14.16,14.12,1,,0.14426,-0.58577,0.01486,0.70794,-0.07131,-0.50422,spy_options_2021.parquet,6377221
SPY,2021-04-07,2021-04-07T16:00:00-04:00,406.57,2021-06-18,72.0,0.19726027397260273,414.0,call,6.59,6.61,6.53,520,,0.13629,0.39202,0.01559,0.69851,-0.06431,0.30064,spy_options_2021.parquet,6377222
SPY,2021-04-07,2021-04-07T16:00:00-04:00,406.57,2021-06-18,72.0,0.19726027397260273,414.0,put,14.64,14.69,14.75,100,,0.14278,-0.60175,0.01486,0.70145,-0.07035,-0.51805,spy_options_2021.parquet,6377222
SPY,2021-04-07,2021-04-07T16:00:00-04:00,406.57,2021-06-18,72.0,0.19726027397260273,415.0,call,6.14,6.16,5.99,2449,,0.13422,0.37487,0.0155,0.68915,-0.0629,0.28844,spy_options_2021.parquet,6377223
SPY,2021-04-07,2021-04-07T16:00:00-04:00,406.57,2021-06-18,72.0,0.19726027397260273,415.0,put,15.21,15.26,15.57,182,,0.14207,-0.6166,0.0148,0.6936,-0.06885,-0.5314,spy_options_2021.parquet,6377223
SPY,2021-04-07,2021-04-07T16:00:00-04:00,406.57,2021-06-18,72.0,0.19726027397260273,416.0,call,5.71,5.75,5.58,9,,0.13307,0.3594,0.01544,0.68,-0.06127,0.27654,spy_options_2021.parquet,6377224
SPY,2021-04-07,2021-04-07T16:00:00-04:00,406.57,2021-06-18,72.0,0.19726027397260273,416.0,put,15.79,15.98,15.93,250,,0.14131,-0.63121,0.01468,0.68519,-0.06799,-0.54458,spy_options_2021.parquet,6377224
SPY,2021-04-07,2021-04-07T16:00:00-04:00,406.57,2021-06-18,72.0,0.19726027397260273,417.0,call,5.33,5.36,5.49,11,,0.1325,0.34267,0.01527,0.66877,-0.06029,0.26499,spy_options_2021.parquet,6377225
SPY,2021-04-07,2021-04-07T16:00:00-04:00,406.57,2021-06-18,72.0,0.19726027397260273,417.0,put,16.41,16.61,16.55,100,,0.14108,-0.64638,0.01445,0.67548,-0.06685,-0.5581,spy_options_2021.parquet,6377225
SPY,2021-04-07,2021-04-07T16:00:00-04:00,406.57,2021-06-18,72.0,0.19726027397260273,418.0,call,4.93,4.98,5.04,16,,0.13141,0.32656,0.01513,0.6556,-0.05872,0.25312,spy_options_2021.parquet,6377226
SPY,2021-04-07,2021-04-07T16:00:00-04:00,406.57,2021-06-18,72.0,0.19726027397260273,418.0,put,17.07,17.22,17.09,50,,0.14011,-0.66058,0.01434,0.66548,-0.06594,-0.57099,spy_options_2021.parquet,6377226
SPY,2021-04-07,2021-04-07T16:00:00-04:00,406.57,2021-06-18,72.0,0.19726027397260273,419.0,call,4.58,4.62,4.55,117,,0.13036,0.31105,0.01491,0.64236,-0.0573,0.2411,spy_options_2021.parquet,6377227
SPY,2021-04-07,2021-04-07T16:00:00-04:00,406.57,2021-06-18,72.0,0.19726027397260273,419.0,put,17.71,17.98,28.13,2,,0.14078,-0.67419,0.0141,0.65476,-0.06424,-0.58363,spy_options_2021.parquet,6377227
SPY,2021-04-07,2021-04-07T16:00:00-04:00,406.57,2021-06-18,72.0,0.19726027397260273,420.0,call,4.27,4.3,4.23,3557,,0.13013,0.29581,0.0146,0.6281,-0.05505,0.22987,spy_options_2021.parquet,6377228
SPY,2021-04-07,2021-04-07T16:00:00-04:00,406.57,2021-06-18,72.0,0.19726027397260273,420.0,put,18.39,18.61,18.48,70,,0.13977,-0.68973,0.01386,0.64225,-0.06334,-0.5961,spy_options_2021.parquet,6377228
SPY,2021-04-07,2021-04-07T16:00:00-04:00,406.57,2021-06-18,72.0,0.19726027397260273,421.0,call,3.95,3.98,4.06,4,,0.12902,0.28089,0.01433,0.61325,-0.05378,0.21846,spy_options_2021.parquet,6377229
SPY,2021-04-07,2021-04-07T16:00:00-04:00,406.57,2021-06-18,72.0,0.19726027397260273,421.0,put,19.1,19.31,20.04,0,,0.13983,-0.70303,0.01359,0.62907,-0.06165,-0.60893,spy_options_2021.parquet,6377229
SPY,2021-04-07,2021-04-07T16:00:00-04:00,406.57,2021-06-18,72.0,0.19726027397260273,422.0,call,3.65,3.68,3.62,417,,0.12891,0.2659,0.01399,0.5966,-0.05164,0.20693,spy_options_2021.parquet,6377230
SPY,2021-04-07,2021-04-07T16:00:00-04:00,406.57,2021-06-18,72.0,0.19726027397260273,422.0,put,19.78,19.97,20.18,5,,0.13883,-0.7174,0.01337,0.61497,-0.05975,-0.62223,spy_options_2021.parquet,6377230
SPY,2021-04-07,2021-04-07T16:00:00-04:00,406.57,2021-06-18,72.0,0.19726027397260273,423.0,call,3.39,3.41,3.24,6,,0.12791,0.25109,0.01374,0.58032,-0.05034,0.196,spy_options_2021.parquet,6377231
SPY,2021-04-07,2021-04-07T16:00:00-04:00,406.57,2021-06-18,72.0,0.19726027397260273,423.0,put,20.52,20.71,29.16,8,,0.13845,-0.7302,0.01309,0.60101,-0.05825,-0.63371,spy_options_2021.parquet,6377231
SPY,2021-04-07,2021-04-07T16:00:00-04:00,406.57,2021-06-18,72.0,0.19726027397260273,424.0,call,3.15,3.16,3.08,23,,0.12743,0.23802,0.01336,0.56332,-0.04918,0.18646,spy_options_2021.parquet,6377232
SPY,2021-04-07,2021-04-07T16:00:00-04:00,406.57,2021-06-18,72.0,0.19726027397260273,424.0,put,21.32,21.55,30.25,54,,0.14014,-0.74074,0.01275,0.58922,-0.0582,-0.64454,spy_options_2021.parquet,6377232
SPY,2021-04-07,2021-04-07T16:00:00-04:00,406.57,2021-06-18,72.0,0.19726027397260273,425.0,call,2.9,2.93,2.92,48,,0.12766,0.22474,0.01292,0.54564,-0.04747,0.17597,spy_options_2021.parquet,6377233
SPY,2021-04-07,2021-04-07T16:00:00-04:00,406.57,2021-06-18,72.0,0.19726027397260273,425.0,put,22.09,22.32,22.19,6,,0.13997,-0.75261,0.01242,0.5744,-0.0571,-0.6556,spy_options_2021.parquet,6377233
SPY,2021-04-07,2021-04-07T16:00:00-04:00,406.57,2021-06-18,72.0,0.19726027397260273,426.0,call,2.68,2.7,2.8,52,,0.12684,0.2109,0.01257,0.52705,-0.04489,0.16544,spy_options_2021.parquet,6377234
SPY,2021-04-07,2021-04-07T16:00:00-04:00,406.57,2021-06-18,72.0,0.19726027397260273,426.0,put,22.91,23.09,23.3,0,,0.14037,-0.76439,0.01208,0.56014,-0.0559,-0.6662,spy_options_2021.parquet,6377234
SPY,2021-04-07,2021-04-07T16:00:00-04:00,406.57,2021-06-18,72.0,0.19726027397260273,427.0,call,2.48,2.51,2.39,21,,0.12668,0.19916,0.01211,0.50944,-0.04394,0.15691,spy_options_2021.parquet,6377235
SPY,2021-04-07,2021-04-07T16:00:00-04:00,406.57,2021-06-18,72.0,0.19726027397260273,427.0,put,23.69,24.14,29.71,97,,0.14243,-0.77119,0.01164,0.5506,-0.05545,-0.67421,spy_options_2021.parquet,6377235
SPY,2021-04-07,2021-04-07T16:00:00-04:00,406.57,2021-06-18,72.0,0.19726027397260273,428.0,call,2.28,2.31,2.42,13,,0.12607,0.18723,0.01172,0.49003,-0.04211,0.14745,spy_options_2021.parquet,6377236
SPY,2021-04-07,2021-04-07T16:00:00-04:00,406.57,2021-06-18,72.0,0.19726027397260273,428.0,put,24.51,24.67,30.6,70,,0.14004,-0.78611,0.01141,0.52991,-0.05287,-0.68738,spy_options_2021.parquet,6377236
SPY,2021-04-07,2021-04-07T16:00:00-04:00,406.57,2021-06-18,72.0,0.19726027397260273,429.0,call,2.11,2.14,2.04,19,,0.12679,0.17617,0.01129,0.47206,-0.03998,0.13869,spy_options_2021.parquet,6377237
SPY,2021-04-07,2021-04-07T16:00:00-04:00,406.57,2021-06-18,72.0,0.19726027397260273,429.0,put,25.35,25.8,31.4,21,,0.14367,-0.79103,0.01096,0.52261,-0.05348,-0.69355,spy_options_2021.parquet,6377237
SPY,2021-04-07,2021-04-07T16:00:00-04:00,406.57,2021-06-18,72.0,0.19726027397260273,430.0,call,1.96,1.99,1.93,4510,,0.12641,0.16624,0.01083,0.4542,-0.03917,0.13074,spy_options_2021.parquet,6377238
SPY,2021-04-07,2021-04-07T16:00:00-04:00,406.57,2021-06-18,72.0,0.19726027397260273,430.0,put,26.19,26.65,26.18,32,,0.1445,-0.80016,0.01063,0.50964,-0.05231,-0.70275,spy_options_2021.parquet,6377238
SPY,2021-04-07,2021-04-07T16:00:00-04:00,406.57,2021-06-18,72.0,0.19726027397260273,435.0,call,1.31,1.33,1.28,87,,0.12619,0.1199,0.0087,0.36453,-0.03077,0.09478,spy_options_2021.parquet,6377239
SPY,2021-04-07,2021-04-07T16:00:00-04:00,406.57,2021-06-18,72.0,0.19726027397260273,435.0,put,30.57,31.05,32.87,10,,0.14861,-0.83903,0.00903,0.44484,-0.04706,-0.74295,spy_options_2021.parquet,6377239
SPY,2021-04-07,2021-04-07T16:00:00-04:00,406.57,2021-06-18,72.0,0.19726027397260273,440.0,call,0.88,0.9,0.85,453,,0.12728,0.0855,0.0068,0.28678,-0.02437,0.06794,spy_options_2021.parquet,6377240
SPY,2021-04-07,2021-04-07T16:00:00-04:00,406.57,2021-06-18,72.0,0.19726027397260273,440.0,put,34.93,35.7,35.44,80,,0.15182,-0.87123,0.00761,0.383,-0.0414,-0.77858,spy_options_2021.parquet,6377240
SPY,2021-04-07,2021-04-07T16:00:00-04:00,406.57,2021-06-18,72.0,0.19726027397260273,445.0,call,0.6,0.61,0.6,183,,0.12862,0.06073,0.00518,0.2219,-0.01879,0.04852,spy_options_2021.parquet,6377241
SPY,2021-04-07,2021-04-07T16:00:00-04:00,406.57,2021-06-18,72.0,0.19726027397260273,445.0,put,39.67,40.35,40.27,70,,0.15791,-0.89347,0.00641,0.33455,-0.03821,-0.80616,spy_options_2021.parquet,6377241
SPY,2021-04-07,2021-04-07T16:00:00-04:00,406.57,2021-06-18,72.0,0.19726027397260273,450.0,call,0.42,0.43,0.42,1532,,0.13199,0.04448,0.00392,0.1716,-0.01463,0.03552,spy_options_2021.parquet,6377242
SPY,2021-04-07,2021-04-07T16:00:00-04:00,406.57,2021-06-18,72.0,0.19726027397260273,450.0,put,44.47,45.25,45.19,30,,0.16713,-0.90687,0.00545,0.30218,-0.03679,-0.8262,spy_options_2021.parquet,6377242
SPY,2021-04-07,2021-04-07T16:00:00-04:00,406.57,2021-06-18,72.0,0.19726027397260273,455.0,call,0.3,0.31,0.29,12,,0.13495,0.03253,0.00301,0.13416,-0.01204,0.02541,spy_options_2021.parquet,6377243
SPY,2021-04-07,2021-04-07T16:00:00-04:00,406.57,2021-06-18,72.0,0.19726027397260273,455.0,put,49.51,49.88,49.81,0,,0.17411,-0.92068,0.0047,0.2706,-0.0344,-0.84703,spy_options_2021.parquet,6377243
SPY,2021-04-07,2021-04-07T16:00:00-04:00,406.57,2021-06-18,72.0,0.19726027397260273,460.0,call,0.22,0.23,0.23,3,,0.13786,0.02424,0.00224,0.10516,-0.0094,0.01966,spy_options_2021.parquet,6377244
SPY,2021-04-07,2021-04-07T16:00:00-04:00,406.57,2021-06-18,72.0,0.19726027397260273,460.0,put,54.42,54.81,63.36,2,,0.18386,-0.92832,0.00403,0.24919,-0.03325,-0.863,spy_options_2021.parquet,6377244
SPY,2021-04-07,2021-04-07T16:00:00-04:00,406.57,2021-06-18,72.0,0.19726027397260273,465.0,call,0.16,0.17,0.18,8,,0.1419,0.01813,0.00173,0.08194,-0.00774,0.01415,spy_options_2021.parquet,6377245
SPY,2021-04-07,2021-04-07T16:00:00-04:00,406.57,2021-06-18,72.0,0.19726027397260273,465.0,put,59.21,59.98,74.46,1,,0.19501,-0.93318,0.00368,0.23662,-0.03342,-0.87661,spy_options_2021.parquet,6377245
SPY,2021-04-07,2021-04-07T16:00:00-04:00,406.57,2021-06-18,72.0,0.19726027397260273,470.0,call,0.12,0.13,0.13,8,,0.14567,0.01375,0.00135,0.0647,-0.00643,0.01074,spy_options_2021.parquet,6377246
SPY,2021-04-07,2021-04-07T16:00:00-04:00,406.57,2021-06-18,72.0,0.19726027397260273,470.0,put,64.31,64.9,71.67,5,,0.20729,-0.93557,0.00336,0.22942,-0.034,-0.88865,spy_options_2021.parquet,6377246
SPY,2021-04-07,2021-04-07T16:00:00-04:00,406.57,2021-06-18,72.0,0.19726027397260273,475.0,call,0.09,0.1,0.1,3,,0.14861,0.01049,0.00101,0.05162,-0.00487,0.00843,spy_options_2021.parquet,6377247
SPY,2021-04-07,2021-04-07T16:00:00-04:00,406.57,2021-06-18,72.0,0.19726027397260273,475.0,put,69.16,69.91,86.72,5000,,0.21612,-0.94137,0.00302,0.21276,-0.03279,-0.9037,spy_options_2021.parquet,6377247
SPY,2021-04-07,2021-04-07T16:00:00-04:00,406.57,2021-06-18,72.0,0.19726027397260273,480.0,call,0.07,0.08,0.08,355,,0.15344,0.00837,0.00085,0.04225,-0.00457,0.00647,spy_options_2021.parquet,6377248
SPY,2021-04-07,2021-04-07T16:00:00-04:00,406.57,2021-06-18,72.0,0.19726027397260273,480.0,put,74.14,74.92,90.74,15000,,0.2263,-0.94417,0.00277,0.2057,-0.03408,-0.91566,spy_options_2021.parquet,6377248
SPY,2021-04-07,2021-04-07T16:00:00-04:00,406.57,2021-06-18,72.0,0.19726027397260273,485.0,call,0.06,0.07,0.06,34,,0.15886,0.007,0.00065,0.03631,-0.00351,0.00564,spy_options_2021.parquet,6377249
SPY,2021-04-07,2021-04-07T16:00:00-04:00,406.57,2021-06-18,72.0,0.19726027397260273,485.0,put,79.1,79.89,94.22,1,,0.23581,-0.94719,0.00245,0.19513,-0.03328,-0.92893,spy_options_2021.parquet,6377249
SPY,2021-04-07,2021-04-07T16:00:00-04:00,406.57,2021-06-18,72.0,0.19726027397260273,490.0,call,0.05,0.06,0.05,1017,,0.164,0.0056,0.00051,0.03081,-0.00335,0.00453,spy_options_2021.parquet,6377250
SPY,2021-04-07,2021-04-07T16:00:00-04:00,406.57,2021-06-18,72.0,0.19726027397260273,490.0,put,84.09,84.88,100.44,10,,0.24595,-0.94962,0.00229,0.18784,-0.03337,-0.94009,spy_options_2021.parquet,6377250
SPY,2021-04-07,2021-04-07T16:00:00-04:00,406.57,2021-06-18,72.0,0.19726027397260273,495.0,call,0.04,0.05,0.04,66,,0.16819,0.00468,0.00041,0.02592,-0.00262,0.00389,spy_options_2021.parquet,6377251
SPY,2021-04-07,2021-04-07T16:00:00-04:00,406.57,2021-06-18,72.0,0.19726027397260273,495.0,put,89.08,89.89,0.0,,,0.25652,-0.9509,0.0021,0.18302,-0.03424,-0.95188,spy_options_2021.parquet,6377251
SPY,2021-04-07,2021-04-07T16:00:00-04:00,406.57,2021-06-18,72.0,0.19726027397260273,500.0,call,0.03,0.04,0.04,27,,0.17118,0.00328,0.00037,0.02114,-0.00273,0.00343,spy_options_2021.parquet,6377252
SPY,2021-04-07,2021-04-07T16:00:00-04:00,406.57,2021-06-18,72.0,0.19726027397260273,500.0,put,94.06,94.88,126.18,73,,0.26595,-0.95309,0.00201,0.17639,-0.03416,-0.96382,spy_options_2021.parquet,6377252
SPY,2021-04-07,2021-04-07T16:00:00-04:00,406.57,2021-06-18,72.0,0.19726027397260273,505.0,call,0.03,0.04,0.03,73,,0.17869,0.00347,0.00037,0.02044,-0.00223,0.00322,spy_options_2021.parquet,6377253
SPY,2021-04-07,2021-04-07T16:00:00-04:00,406.57,2021-06-18,72.0,0.19726027397260273,505.0,put,99.05,99.87,0.0,,,0.27571,-0.95504,0.00185,0.17151,-0.03376,-0.97467,spy_options_2021.parquet,6377253
SPY,2021-04-07,2021-04-07T16:00:00-04:00,406.57,2021-06-18,72.0,0.19726027397260273,510.0,call,0.02,0.03,0.03,1,,0.17942,0.00294,0.00026,0.01515,-0.00148,0.00177,spy_options_2021.parquet,6377254
SPY,2021-04-07,2021-04-07T16:00:00-04:00,406.57,2021-06-18,72.0,0.19726027397260273,510.0,put,104.04,104.86,0.0,,,0.28512,-0.95711,0.00175,0.16581,-0.03448,-0.98646,spy_options_2021.parquet,6377254
SPY,2021-04-07,2021-04-07T16:00:00-04:00,406.57,2021-06-18,72.0,0.19726027397260273,515.0,call,0.02,0.03,0.03,13,,0.18667,0.00222,0.00024,0.01444,-0.0015,0.00231,spy_options_2021.parquet,6377255
SPY,2021-04-07,2021-04-07T16:00:00-04:00,406.57,2021-06-18,72.0,0.19726027397260273,515.0,put,109.03,109.85,0.0,,,0.2934,-0.95801,0.00162,0.16077,-0.03425,-0.9969,spy_options_2021.parquet,6377255
SPY,2021-04-07,2021-04-07T16:00:00-04:00,406.57,2021-06-18,72.0,0.19726027397260273,520.0,call,0.02,0.03,0.02,30,,0.19263,0.00209,0.00026,0.01456,-0.00144,0.00236,spy_options_2021.parquet,6377256
SPY,2021-04-07,2021-04-07T16:00:00-04:00,406.57,2021-06-18,72.0,0.19726027397260273,520.0,put,114.06,114.83,0.0,,,0.30333,-0.95884,0.00156,0.15851,-0.03433,-1.00846,spy_options_2021.parquet,6377256
SPY,2021-04-07,2021-04-07T16:00:00-04:00,406.57,2021-06-18,72.0,0.19726027397260273,525.0,call,0.01,0.02,0.02,5,,0.19042,0.00141,0.00019,0.00889,-0.00118,0.00123,spy_options_2021.parquet,6377257
SPY,2021-04-07,2021-04-07T16:00:00-04:00,406.57,2021-06-18,72.0,0.19726027397260273,525.0,put,119.02,119.81,0.0,,,0.31093,-0.96132,0.00146,0.15209,-0.03451,-1.01962,spy_options_2021.parquet,6377257
SPY,2021-04-07,2021-04-07T16:00:00-04:00,406.57,2021-06-18,72.0,0.19726027397260273,530.0,call,0.01,0.02,0.02,5,,0.19757,0.00119,9e-05,0.00911,-0.00135,0.00166,spy_options_2021.parquet,6377258
SPY,2021-04-07,2021-04-07T16:00:00-04:00,406.57,2021-06-18,72.0,0.19726027397260273,530.0,put,124.01,124.8,0.0,,,0.31958,-0.96302,0.00138,0.14766,-0.03366,-1.03064,spy_options_2021.parquet,6377258
SPY,2021-04-07,2021-04-07T16:00:00-04:00,406.57,2021-06-18,72.0,0.19726027397260273,535.0,call,0.01,0.02,0.01,45,,0.20344,0.00186,0.00017,0.00929,-0.00144,0.00125,spy_options_2021.parquet,6377259
SPY,2021-04-07,2021-04-07T16:00:00-04:00,406.57,2021-06-18,72.0,0.19726027397260273,535.0,put,129.0,129.82,0.0,,,0.32937,-0.963,0.00131,0.14539,-0.03401,-1.04119,spy_options_2021.parquet,6377259
SPY,2021-04-07,2021-04-07T16:00:00-04:00,406.57,2021-06-18,72.0,0.19726027397260273,540.0,call,0.01,0.02,0.02,4,,0.20992,0.00126,0.0001,0.0089,-0.00135,0.00073,spy_options_2021.parquet,6377260
SPY,2021-04-07,2021-04-07T16:00:00-04:00,406.57,2021-06-18,72.0,0.19726027397260273,540.0,put,134.0,134.79,0.0,,,0.33743,-0.96465,0.00125,0.14147,-0.03459,-1.05218,spy_options_2021.parquet,6377260
SPY,2021-04-07,2021-04-07T16:00:00-04:00,406.57,2021-06-18,72.0,0.19726027397260273,545.0,call,0.01,0.02,0.01,1267,,0.21616,0.00151,0.00017,0.00893,-0.0013,0.0012,spy_options_2021.parquet,6377261
SPY,2021-04-07,2021-04-07T16:00:00-04:00,406.57,2021-06-18,72.0,0.19726027397260273,545.0,put,138.99,139.79,0.0,,,0.34519,-0.96508,0.00122,0.13857,-0.03471,-1.06284,spy_options_2021.parquet,6377261
SPY,2021-04-07,2021-04-07T16:00:00-04:00,406.57,2021-06-18,72.0,0.19726027397260273,550.0,call,0.0,0.01,0.01,25,,0.2039,0.00062,2e-05,0.00308,-0.00075,0.00041,spy_options_2021.parquet,6377262
SPY,2021-04-07,2021-04-07T16:00:00-04:00,406.57,2021-06-18,72.0,0.19726027397260273,550.0,put,143.98,144.79,153.92,5,,0.35369,-0.96628,0.00112,0.13591,-0.03409,-1.07319,spy_options_2021.parquet,6377262
SPY,2021-04-07,2021-04-07T16:00:00-04:00,406.57,2021-06-30,84.0,0.23013698630136986,273.0,call,133.52,134.72,0.0,,,0.53676,0.91535,0.00023,0.22848,-0.07078,0.10355,spy_options_2021.parquet,6377292
SPY,2021-04-07,2021-04-07T16:00:00-04:00,406.57,2021-06-30,84.0,0.23013698630136986,273.0,put,0.5,0.51,1.84,1,,0.40509,-0.01688,0.00055,0.08178,-0.0188,-0.01677,spy_options_2021.parquet,6377292
SPY,2021-04-07,2021-04-07T16:00:00-04:00,406.57,2021-06-30,84.0,0.23013698630136986,274.0,call,132.53,133.73,119.52,1,,0.53164,0.91548,0.00023,0.22863,-0.07028,0.10489,spy_options_2021.parquet,6377293
SPY,2021-04-07,2021-04-07T16:00:00-04:00,406.57,2021-06-30,84.0,0.23013698630136986,274.0,put,0.51,0.52,0.78,171,,0.4036,-0.01722,0.00052,0.08278,-0.01978,-0.01757,spy_options_2021.parquet,6377293
SPY,2021-04-07,2021-04-07T16:00:00-04:00,406.57,2021-06-30,84.0,0.23013698630136986,275.0,call,131.54,132.74,64.83,1,,0.52708,0.91574,0.00023,0.22825,-0.0692,0.10677,spy_options_2021.parquet,6377294
SPY,2021-04-07,2021-04-07T16:00:00-04:00,406.57,2021-06-30,84.0,0.23013698630136986,275.0,put,0.52,0.53,0.56,0,,0.40103,-0.01685,0.00054,0.08453,-0.01941,-0.01795,spy_options_2021.parquet,6377294
SPY,2021-04-07,2021-04-07T16:00:00-04:00,406.57,2021-06-30,84.0,0.23013698630136986,276.0,call,130.55,131.71,0.0,,,0.52078,0.9162,0.0002,0.22785,-0.06827,0.10736,spy_options_2021.parquet,6377295
SPY,2021-04-07,2021-04-07T16:00:00-04:00,406.57,2021-06-30,84.0,0.23013698630136986,276.0,put,0.53,0.54,2.45,50,,0.3985,-0.01794,0.00055,0.08554,-0.02026,-0.01793,spy_options_2021.parquet,6377295
SPY,2021-04-07,2021-04-07T16:00:00-04:00,406.57,2021-06-30,84.0,0.23013698630136986,277.0,call,129.56,130.76,66.4,0,,0.51716,0.91682,0.00031,0.22936,-0.06744,0.11045,spy_options_2021.parquet,6377296
SPY,2021-04-07,2021-04-07T16:00:00-04:00,406.57,2021-06-30,84.0,0.23013698630136986,277.0,put,0.54,0.55,0.6,0,,0.39659,-0.01765,0.00052,0.08801,-0.01987,-0.01787,spy_options_2021.parquet,6377296
SPY,2021-04-07,2021-04-07T16:00:00-04:00,406.57,2021-06-30,84.0,0.23013698630136986,278.0,call,128.57,129.76,104.1,1,,0.51168,0.9164,0.00031,0.22876,-0.06691,0.1117,spy_options_2021.parquet,6377297
SPY,2021-04-07,2021-04-07T16:00:00-04:00,406.57,2021-06-30,84.0,0.23013698630136986,278.0,put,0.55,0.56,1.45,1,,0.39462,-0.01853,0.0006,0.08893,-0.02049,-0.01831,spy_options_2021.parquet,6377297
SPY,2021-04-07,2021-04-07T16:00:00-04:00,406.57,2021-06-30,84.0,0.23013698630136986,279.0,call,127.58,128.77,0.0,,,0.50601,0.91722,0.00025,0.22875,-0.06675,0.11317,spy_options_2021.parquet,6377298
SPY,2021-04-07,2021-04-07T16:00:00-04:00,406.57,2021-06-30,84.0,0.23013698630136986,279.0,put,0.56,0.57,1.13,16,,0.39316,-0.01933,0.00064,0.09046,-0.02107,-0.01936,spy_options_2021.parquet,6377298
SPY,2021-04-07,2021-04-07T16:00:00-04:00,406.57,2021-06-30,84.0,0.23013698630136986,280.0,call,126.58,127.78,108.32,1,,0.50109,0.91735,0.00029,0.22868,-0.06541,0.11475,spy_options_2021.parquet,6377299
SPY,2021-04-07,2021-04-07T16:00:00-04:00,406.57,2021-06-30,84.0,0.23013698630136986,280.0,put,0.57,0.58,0.57,3,,0.39071,-0.01954,0.00065,0.09289,-0.02099,-0.01952,spy_options_2021.parquet,6377299
SPY,2021-04-07,2021-04-07T16:00:00-04:00,406.57,2021-06-30,84.0,0.23013698630136986,281.0,call,125.59,126.76,101.9,1,,0.49531,0.91801,0.00034,0.22873,-0.06518,0.1153,spy_options_2021.parquet,6377300
SPY,2021-04-07,2021-04-07T16:00:00-04:00,406.57,2021-06-30,84.0,0.23013698630136986,281.0,put,0.58,0.59,0.6,1,,0.38844,-0.01995,0.00061,0.0939,-0.02173,-0.01974,spy_options_2021.parquet,6377300
SPY,2021-04-07,2021-04-07T16:00:00-04:00,406.57,2021-06-30,84.0,0.23013698630136986,282.0,call,124.6,125.8,93.8,1,,0.49128,0.91785,0.00029,0.2296,-0.06469,0.11894,spy_options_2021.parquet,6377301
SPY,2021-04-07,2021-04-07T16:00:00-04:00,406.57,2021-06-30,84.0,0.23013698630136986,282.0,put,0.59,0.6,0.76,4,,0.38643,-0.01957,0.00061,0.09577,-0.02198,-0.0201,spy_options_2021.parquet,6377301
SPY,2021-04-07,2021-04-07T16:00:00-04:00,406.57,2021-06-30,84.0,0.23013698630136986,283.0,call,123.62,124.81,0.0,,,0.48748,0.91775,0.00032,0.22947,-0.06407,0.12123,spy_options_2021.parquet,6377302
SPY,2021-04-07,2021-04-07T16:00:00-04:00,406.57,2021-06-30,84.0,0.23013698630136986,283.0,put,0.6,0.61,0.99,62,,0.38356,-0.0203,0.00063,0.09692,-0.02173,-0.02115,spy_options_2021.parquet,6377302
SPY,2021-04-07,2021-04-07T16:00:00-04:00,406.57,2021-06-30,84.0,0.23013698630136986,284.0,call,122.62,123.79,57.52,1,,0.48175,0.9188,0.00032,0.22892,-0.06312,0.12183,spy_options_2021.parquet,6377303
SPY,2021-04-07,2021-04-07T16:00:00-04:00,406.57,2021-06-30,84.0,0.23013698630136986,284.0,put,0.61,0.62,0.66,0,,0.38129,-0.02075,0.00067,0.09916,-0.022,-0.02067,spy_options_2021.parquet,6377303
SPY,2021-04-07,2021-04-07T16:00:00-04:00,406.57,2021-06-30,84.0,0.23013698630136986,285.0,call,121.63,122.8,98.83,1,,0.47652,0.91889,0.00032,0.22903,-0.0623,0.12391,spy_options_2021.parquet,6377304
SPY,2021-04-07,2021-04-07T16:00:00-04:00,406.57,2021-06-30,84.0,0.23013698630136986,285.0,put,0.62,0.63,0.66,0,,0.37899,-0.02154,0.00066,0.1004,-0.02254,-0.02169,spy_options_2021.parquet,6377304
SPY,2021-04-07,2021-04-07T16:00:00-04:00,406.57,2021-06-30,84.0,0.23013698630136986,286.0,call,120.65,121.81,75.32,1,,0.47182,0.91898,0.00036,0.2292,-0.06248,0.12677,spy_options_2021.parquet,6377305
SPY,2021-04-07,2021-04-07T16:00:00-04:00,406.57,2021-06-30,84.0,0.23013698630136986,286.0,put,0.63,0.64,0.72,1,,0.37677,-0.02155,0.00066,0.1022,-0.02255,-0.02161,spy_options_2021.parquet,6377305
SPY,2021-04-07,2021-04-07T16:00:00-04:00,406.57,2021-06-30,84.0,0.23013698630136986,287.0,call,119.65,120.82,92.74,1,,0.46755,0.91911,0.00041,0.2295,-0.06184,0.12811,spy_options_2021.parquet,6377306
SPY,2021-04-07,2021-04-07T16:00:00-04:00,406.57,2021-06-30,84.0,0.23013698630136986,287.0,put,0.64,0.65,1.06,147,,0.37446,-0.02189,0.00075,0.10438,-0.0228,-0.0229,spy_options_2021.parquet,6377306
SPY,2021-04-07,2021-04-07T16:00:00-04:00,406.57,2021-06-30,84.0,0.23013698630136986,288.0,call,118.66,119.83,0.0,,,0.46313,0.91998,0.00034,0.23004,-0.06028,0.13008,spy_options_2021.parquet,6377307
SPY,2021-04-07,2021-04-07T16:00:00-04:00,406.57,2021-06-30,84.0,0.23013698630136986,288.0,put,0.65,0.66,0.9,1,,0.37236,-0.02263,0.00071,0.10617,-0.02293,-0.02318,spy_options_2021.parquet,6377307
SPY,2021-04-07,2021-04-07T16:00:00-04:00,406.57,2021-06-30,84.0,0.23013698630136986,289.0,call,117.68,118.87,0.0,,,0.45914,0.91969,0.00044,0.23031,-0.06059,0.13483,spy_options_2021.parquet,6377308
SPY,2021-04-07,2021-04-07T16:00:00-04:00,406.57,2021-06-30,84.0,0.23013698630136986,289.0,put,0.66,0.67,0.93,541,,0.3708,-0.0227,0.0008,0.10742,-0.02325,-0.02285,spy_options_2021.parquet,6377308
SPY,2021-04-07,2021-04-07T16:00:00-04:00,406.57,2021-06-30,84.0,0.23013698630136986,290.0,call,116.69,117.88,117.57,0,,0.45455,0.92009,0.00043,0.23029,-0.05979,0.1368,spy_options_2021.parquet,6377309
SPY,2021-04-07,2021-04-07T16:00:00-04:00,406.57,2021-06-30,84.0,0.23013698630136986,290.0,put,0.68,0.69,0.71,1,,0.36861,-0.02419,0.00072,0.10998,-0.02399,-0.02414,spy_options_2021.parquet,6377309
SPY,2021-04-07,2021-04-07T16:00:00-04:00,406.57,2021-06-30,84.0,0.23013698630136986,291.0,call,115.69,116.86,0.0,,,0.44902,0.9204,0.00044,0.22998,-0.05947,0.1379,spy_options_2021.parquet,6377310
SPY,2021-04-07,2021-04-07T16:00:00-04:00,406.57,2021-06-30,84.0,0.23013698630136986,291.0,put,0.69,0.7,0.79,1,,0.36673,-0.02368,0.00081,0.1121,-0.02365,-0.02435,spy_options_2021.parquet,6377310
SPY,2021-04-07,2021-04-07T16:00:00-04:00,406.57,2021-06-30,84.0,0.23013698630136986,292.0,call,114.71,115.91,70.84,1,,0.44537,0.9201,0.00041,0.23127,-0.05873,0.14237,spy_options_2021.parquet,6377311
SPY,2021-04-07,2021-04-07T16:00:00-04:00,406.57,2021-06-30,84.0,0.23013698630136986,292.0,put,0.7,0.71,0.99,171,,0.3647,-0.02437,0.00076,0.11402,-0.02403,-0.0248,spy_options_2021.parquet,6377311
SPY,2021-04-07,2021-04-07T16:00:00-04:00,406.57,2021-06-30,84.0,0.23013698630136986,293.0,call,113.73,114.88,0.0,,,0.44023,0.92126,0.00048,0.23088,-0.05848,0.14365,spy_options_2021.parquet,6377312
SPY,2021-04-07,2021-04-07T16:00:00-04:00,406.57,2021-06-30,84.0,0.23013698630136986,293.0,put,0.71,0.72,0.79,283,,0.3622,-0.02503,0.00081,0.11574,-0.02446,-0.02519,spy_options_2021.parquet,6377312
SPY,2021-04-07,2021-04-07T16:00:00-04:00,406.57,2021-06-30,84.0,0.23013698630136986,294.0,call,112.73,113.93,0.0,,,0.43666,0.9206,0.00051,0.23221,-0.05763,0.14681,spy_options_2021.parquet,6377313
SPY,2021-04-07,2021-04-07T16:00:00-04:00,406.57,2021-06-30,84.0,0.23013698630136986,294.0,put,0.73,0.74,0.73,748,,0.36041,-0.02547,0.00089,0.11823,-0.02504,-0.02607,spy_options_2021.parquet,6377313
SPY,2021-04-07,2021-04-07T16:00:00-04:00,406.57,2021-06-30,84.0,0.23013698630136986,295.0,call,111.74,112.91,95.3,2,,0.43158,0.92153,0.00046,0.23167,-0.05681,0.14864,spy_options_2021.parquet,6377314
SPY,2021-04-07,2021-04-07T16:00:00-04:00,406.57,2021-06-30,84.0,0.23013698630136986,295.0,put,0.74,0.75,0.79,0,,0.35816,-0.02586,0.00085,0.12025,-0.02473,-0.02663,spy_options_2021.parquet,6377314
SPY,2021-04-07,2021-04-07T16:00:00-04:00,406.57,2021-06-30,84.0,0.23013698630136986,296.0,call,110.76,111.92,0.0,,,0.42755,0.92103,0.00053,0.23221,-0.05696,0.15201,spy_options_2021.parquet,6377315
SPY,2021-04-07,2021-04-07T16:00:00-04:00,406.57,2021-06-30,84.0,0.23013698630136986,296.0,put,0.76,0.77,0.87,1,,0.35669,-0.02733,0.00086,0.12241,-0.02568,-0.02717,spy_options_2021.parquet,6377315
SPY,2021-04-07,2021-04-07T16:00:00-04:00,406.57,2021-06-30,84.0,0.23013698630136986,297.0,call,109.78,110.97,78.79,44,,0.42413,0.92107,0.00056,0.23331,-0.05627,0.15665,spy_options_2021.parquet,6377316
SPY,2021-04-07,2021-04-07T16:00:00-04:00,406.57,2021-06-30,84.0,0.23013698630136986,297.0,put,0.77,0.78,0.78,1,,0.35389,-0.0279,0.00088,0.1247,-0.02588,-0.02783,spy_options_2021.parquet,6377316
SPY,2021-04-07,2021-04-07T16:00:00-04:00,406.57,2021-06-30,84.0,0.23013698630136986,298.0,call,108.78,109.94,77.95,15,,0.41857,0.92155,0.00053,0.23297,-0.05583,0.15723,spy_options_2021.parquet,6377317
SPY,2021-04-07,2021-04-07T16:00:00-04:00,406.57,2021-06-30,84.0,0.23013698630136986,298.0,put,0.79,0.8,1.11,128,,0.35232,-0.02785,0.00091,0.12697,-0.02622,-0.02863,spy_options_2021.parquet,6377317
SPY,2021-04-07,2021-04-07T16:00:00-04:00,406.57,2021-06-30,84.0,0.23013698630136986,299.0,call,107.8,108.96,69.25,2,,0.41539,0.92155,0.00061,0.233,-0.05559,0.16069,spy_options_2021.parquet,6377318
SPY,2021-04-07,2021-04-07T16:00:00-04:00,406.57,2021-06-30,84.0,0.23013698630136986,299.0,put,0.8,0.81,0.89,1,,0.34932,-0.02863,0.00099,0.12899,-0.0265,-0.02924,spy_options_2021.parquet,6377318
SPY,2021-04-07,2021-04-07T16:00:00-04:00,406.57,2021-06-30,84.0,0.23013698630136986,300.0,call,106.82,108.0,98.18,10,,0.41191,0.92172,0.00055,0.23496,-0.05526,0.16602,spy_options_2021.parquet,6377319
SPY,2021-04-07,2021-04-07T16:00:00-04:00,406.57,2021-06-30,84.0,0.23013698630136986,300.0,put,0.82,0.83,0.82,2006,,0.34771,-0.02918,0.001,0.13197,-0.02673,-0.02927,spy_options_2021.parquet,6377319
SPY,2021-04-07,2021-04-07T16:00:00-04:00,406.57,2021-06-30,84.0,0.23013698630136986,301.0,call,105.83,106.98,100.05,3,,0.40724,0.92271,0.0006,0.23408,-0.05398,0.16751,spy_options_2021.parquet,6377320
SPY,2021-04-07,2021-04-07T16:00:00-04:00,406.57,2021-06-30,84.0,0.23013698630136986,301.0,put,0.83,0.84,0.87,306,,0.34578,-0.02958,0.001,0.13412,-0.02728,-0.03033,spy_options_2021.parquet,6377320
SPY,2021-04-07,2021-04-07T16:00:00-04:00,406.57,2021-06-30,84.0,0.23013698630136986,302.0,call,104.85,106.03,91.67,2,,0.40397,0.92198,0.00063,0.23608,-0.05439,0.17272,spy_options_2021.parquet,6377321
SPY,2021-04-07,2021-04-07T16:00:00-04:00,406.57,2021-06-30,84.0,0.23013698630136986,302.0,put,0.85,0.86,0.89,0,,0.34347,-0.03093,0.00101,0.13663,-0.02733,-0.03078,spy_options_2021.parquet,6377321
SPY,2021-04-07,2021-04-07T16:00:00-04:00,406.57,2021-06-30,84.0,0.23013698630136986,303.0,call,103.86,105.01,104.77,16,,0.39928,0.92258,0.0006,0.23581,-0.05369,0.17393,spy_options_2021.parquet,6377322
SPY,2021-04-07,2021-04-07T16:00:00-04:00,406.57,2021-06-30,84.0,0.23013698630136986,303.0,put,0.87,0.88,0.94,0,,0.34194,-0.03171,0.00105,0.13929,-0.02804,-0.03133,spy_options_2021.parquet,6377322
SPY,2021-04-07,2021-04-07T16:00:00-04:00,406.57,2021-06-30,84.0,0.23013698630136986,304.0,call,102.88,104.04,49.28,0,,0.39517,0.92271,0.00066,0.23674,-0.05305,0.17918,spy_options_2021.parquet,6377323
SPY,2021-04-07,2021-04-07T16:00:00-04:00,406.57,2021-06-30,84.0,0.23013698630136986,304.0,put,0.88,0.89,1.21,1,,0.33991,-0.0316,0.00111,0.14132,-0.02771,-0.03263,spy_options_2021.parquet,6377323
SPY,2021-04-07,2021-04-07T16:00:00-04:00,406.57,2021-06-30,84.0,0.23013698630136986,305.0,call,101.9,103.04,101.59,1,,0.39177,0.92287,0.00068,0.23731,-0.05264,0.18248,spy_options_2021.parquet,6377324
SPY,2021-04-07,2021-04-07T16:00:00-04:00,406.57,2021-06-30,84.0,0.23013698630136986,305.0,put,0.9,0.91,0.91,4,,0.33712,-0.03312,0.00108,0.14487,-0.02821,-0.03283,spy_options_2021.parquet,6377324
SPY,2021-04-07,2021-04-07T16:00:00-04:00,406.57,2021-06-30,84.0,0.23013698630136986,306.0,call,100.91,102.07,66.07,2,,0.3882,0.92223,0.00071,0.23795,-0.05213,0.18659,spy_options_2021.parquet,6377325
SPY,2021-04-07,2021-04-07T16:00:00-04:00,406.57,2021-06-30,84.0,0.23013698630136986,306.0,put,0.92,0.93,1.8,77,,0.33566,-0.03392,0.0011,0.14713,-0.02884,-0.03359,spy_options_2021.parquet,6377325
SPY,2021-04-07,2021-04-07T16:00:00-04:00,406.57,2021-06-30,84.0,0.23013698630136986,307.0,call,99.92,101.11,90.81,4,,0.38423,0.92209,0.00077,0.23862,-0.05197,0.19068,spy_options_2021.parquet,6377326
SPY,2021-04-07,2021-04-07T16:00:00-04:00,406.57,2021-06-30,84.0,0.23013698630136986,307.0,put,0.94,0.95,0.94,351,,0.33349,-0.03419,0.00112,0.15038,-0.02914,-0.03469,spy_options_2021.parquet,6377326
SPY,2021-04-07,2021-04-07T16:00:00-04:00,406.57,2021-06-30,84.0,0.23013698630136986,308.0,call,98.95,100.1,85.09,2,,0.38044,0.92242,0.00073,0.23934,-0.05212,0.19453,spy_options_2021.parquet,6377327
SPY,2021-04-07,2021-04-07T16:00:00-04:00,406.57,2021-06-30,84.0,0.23013698630136986,308.0,put,0.96,0.97,1.1,4,,0.33199,-0.03503,0.00116,0.1535,-0.03025,-0.03582,spy_options_2021.parquet,6377327
SPY,2021-04-07,2021-04-07T16:00:00-04:00,406.57,2021-06-30,84.0,0.23013698630136986,309.0,call,97.97,99.11,92.03,4,,0.37625,0.92302,0.00085,0.24031,-0.0516,0.19884,spy_options_2021.parquet,6377328
SPY,2021-04-07,2021-04-07T16:00:00-04:00,406.57,2021-06-30,84.0,0.23013698630136986,309.0,put,0.98,0.99,1.03,28,,0.33025,-0.03569,0.00124,0.15572,-0.0302,-0.03644,spy_options_2021.parquet,6377328
SPY,2021-04-07,2021-04-07T16:00:00-04:00,406.57,2021-06-30,84.0,0.23013698630136986,310.0,call,96.99,98.13,87.98,3,,0.37342,0.92232,0.00081,0.24195,-0.05137,0.20332,spy_options_2021.parquet,6377329
SPY,2021-04-07,2021-04-07T16:00:00-04:00,406.57,2021-06-30,84.0,0.23013698630136986,310.0,put,1.0,1.01,1.0,17,,0.32755,-0.03683,0.00129,0.15886,-0.03043,-0.03683,spy_options_2021.parquet,6377329
SPY,2021-04-07,2021-04-07T16:00:00-04:00,406.57,2021-06-30,84.0,0.23013698630136986,311.0,call,96.01,97.18,76.35,40,,0.37021,0.92276,0.00091,0.24276,-0.05077,0.20863,spy_options_2021.parquet,6377330
SPY,2021-04-07,2021-04-07T16:00:00-04:00,406.57,2021-06-30,84.0,0.23013698630136986,311.0,put,1.02,1.03,1.02,255,,0.32565,-0.03809,0.00131,0.16197,-0.03135,-0.03816,spy_options_2021.parquet,6377330
SPY,2021-04-07,2021-04-07T16:00:00-04:00,406.57,2021-06-30,84.0,0.23013698630136986,312.0,call,95.04,96.2,84.29,148,,0.36686,0.92244,0.00094,0.24482,-0.05061,0.21362,spy_options_2021.parquet,6377331
SPY,2021-04-07,2021-04-07T16:00:00-04:00,406.57,2021-06-30,84.0,0.23013698630136986,312.0,put,1.04,1.05,1.45,163,,0.32401,-0.03863,0.0013,0.16545,-0.03108,-0.03868,spy_options_2021.parquet,6377331
SPY,2021-04-07,2021-04-07T16:00:00-04:00,406.57,2021-06-30,84.0,0.23013698630136986,313.0,call,94.08,95.22,83.77,120,,0.36392,0.92243,0.00092,0.24587,-0.05089,0.21964,spy_options_2021.parquet,6377332
SPY,2021-04-07,2021-04-07T16:00:00-04:00,406.57,2021-06-30,84.0,0.23013698630136986,313.0,put,1.06,1.07,1.2,237,,0.32168,-0.03914,0.00135,0.16824,-0.03156,-0.03996,spy_options_2021.parquet,6377332
SPY,2021-04-07,2021-04-07T16:00:00-04:00,406.57,2021-06-30,84.0,0.23013698630136986,314.0,call,93.1,94.2,79.62,244,,0.35967,0.92212,0.00091,0.24608,-0.05052,0.22274,spy_options_2021.parquet,6377333
SPY,2021-04-07,2021-04-07T16:00:00-04:00,406.57,2021-06-30,84.0,0.23013698630136986,314.0,put,1.08,1.09,1.51,200,,0.31955,-0.04018,0.00143,0.17158,-0.03229,-0.04031,spy_options_2021.parquet,6377333
SPY,2021-04-07,2021-04-07T16:00:00-04:00,406.57,2021-06-30,84.0,0.23013698630136986,315.0,call,92.12,93.22,80.75,4,,0.35625,0.92167,0.00101,0.24749,-0.04945,0.22743,spy_options_2021.parquet,6377334
SPY,2021-04-07,2021-04-07T16:00:00-04:00,406.57,2021-06-30,84.0,0.23013698630136986,315.0,put,1.1,1.12,1.15,8,,0.31756,-0.0417,0.00141,0.17496,-0.0323,-0.04185,spy_options_2021.parquet,6377334
SPY,2021-04-07,2021-04-07T16:00:00-04:00,406.57,2021-06-30,84.0,0.23013698630136986,316.0,call,91.13,92.25,77.93,2,,0.35331,0.92204,0.001,0.24951,-0.04965,0.23231,spy_options_2021.parquet,6377335
SPY,2021-04-07,2021-04-07T16:00:00-04:00,406.57,2021-06-30,84.0,0.23013698630136986,316.0,put,1.13,1.14,1.2,2,,0.3163,-0.04266,0.00143,0.17798,-0.03302,-0.04266,spy_options_2021.parquet,6377335
SPY,2021-04-07,2021-04-07T16:00:00-04:00,406.57,2021-06-30,84.0,0.23013698630136986,317.0,call,90.17,91.29,76.65,2,,0.35037,0.92152,0.00111,0.25118,-0.04992,0.23804,spy_options_2021.parquet,6377336
SPY,2021-04-07,2021-04-07T16:00:00-04:00,406.57,2021-06-30,84.0,0.23013698630136986,317.0,put,1.15,1.17,1.27,1,,0.31458,-0.04342,0.00148,0.18167,-0.03348,-0.04388,spy_options_2021.parquet,6377336
SPY,2021-04-07,2021-04-07T16:00:00-04:00,406.57,2021-06-30,84.0,0.23013698630136986,318.0,call,89.19,90.32,81.47,1,,0.34694,0.92075,0.00107,0.25258,-0.04988,0.24366,spy_options_2021.parquet,6377337
SPY,2021-04-07,2021-04-07T16:00:00-04:00,406.57,2021-06-30,84.0,0.23013698630136986,318.0,put,1.18,1.19,1.34,200,,0.3122,-0.04419,0.00157,0.18548,-0.0336,-0.04525,spy_options_2021.parquet,6377337
SPY,2021-04-07,2021-04-07T16:00:00-04:00,406.57,2021-06-30,84.0,0.23013698630136986,319.0,call,88.2,89.31,74.58,1,,0.34252,0.92132,0.00113,0.25313,-0.04921,0.24725,spy_options_2021.parquet,6377338
SPY,2021-04-07,2021-04-07T16:00:00-04:00,406.57,2021-06-30,84.0,0.23013698630136986,319.0,put,1.2,1.22,1.27,0,,0.31013,-0.04581,0.00154,0.1891,-0.03402,-0.04614,spy_options_2021.parquet,6377338
SPY,2021-04-07,2021-04-07T16:00:00-04:00,406.57,2021-06-30,84.0,0.23013698630136986,320.0,call,87.23,88.36,87.7,0,,0.34058,0.92053,0.00115,0.2557,-0.04905,0.25395,spy_options_2021.parquet,6377339
SPY,2021-04-07,2021-04-07T16:00:00-04:00,406.57,2021-06-30,84.0,0.23013698630136986,320.0,put,1.23,1.25,1.25,229,,0.30846,-0.04679,0.00167,0.19236,-0.03449,-0.04738,spy_options_2021.parquet,6377339
SPY,2021-04-07,2021-04-07T16:00:00-04:00,406.57,2021-06-30,84.0,0.23013698630136986,321.0,call,86.27,87.36,56.93,3,,0.33685,0.91995,0.00124,0.25719,-0.04911,0.25923,spy_options_2021.parquet,6377340
SPY,2021-04-07,2021-04-07T16:00:00-04:00,406.57,2021-06-30,84.0,0.23013698630136986,321.0,put,1.25,1.27,1.29,2,,0.30679,-0.04778,0.00165,0.19591,-0.03561,-0.04811,spy_options_2021.parquet,6377340
SPY,2021-04-07,2021-04-07T16:00:00-04:00,406.57,2021-06-30,84.0,0.23013698630136986,322.0,call,85.3,86.41,71.9,2,,0.33513,0.91948,0.00133,0.26069,-0.04886,0.26558,spy_options_2021.parquet,6377341
SPY,2021-04-07,2021-04-07T16:00:00-04:00,406.57,2021-06-30,84.0,0.23013698630136986,322.0,put,1.28,1.3,1.3,2,,0.30427,-0.04885,0.00172,0.1999,-0.03602,-0.04895,spy_options_2021.parquet,6377341
SPY,2021-04-07,2021-04-07T16:00:00-04:00,406.57,2021-06-30,84.0,0.23013698630136986,323.0,call,84.33,85.4,62.0,1,,0.33072,0.92002,0.00131,0.26097,-0.04871,0.26987,spy_options_2021.parquet,6377342
SPY,2021-04-07,2021-04-07T16:00:00-04:00,406.57,2021-06-30,84.0,0.23013698630136986,323.0,put,1.31,1.33,1.5,274,,0.30281,-0.05045,0.00177,0.20391,-0.03659,-0.05096,spy_options_2021.parquet,6377342
SPY,2021-04-07,2021-04-07T16:00:00-04:00,406.57,2021-06-30,84.0,0.23013698630136986,324.0,call,83.35,84.48,81.84,1,,0.32846,0.91829,0.00142,0.26441,-0.04896,0.27766,spy_options_2021.parquet,6377343
SPY,2021-04-07,2021-04-07T16:00:00-04:00,406.57,2021-06-30,84.0,0.23013698630136986,324.0,put,1.34,1.36,2.26,83,,0.30088,-0.0517,0.00184,0.20836,-0.03654,-0.05167,spy_options_2021.parquet,6377343
SPY,2021-04-07,2021-04-07T16:00:00-04:00,406.57,2021-06-30,84.0,0.23013698630136986,325.0,call,82.37,83.49,80.7,2,,0.32541,0.91864,0.00145,0.26665,-0.04882,0.28245,spy_options_2021.parquet,6377344
SPY,2021-04-07,2021-04-07T16:00:00-04:00,406.57,2021-06-30,84.0,0.23013698630136986,325.0,put,1.37,1.39,1.39,11,,0.29892,-0.05301,0.00183,0.21214,-0.03704,-0.05261,spy_options_2021.parquet,6377344
SPY,2021-04-07,2021-04-07T16:00:00-04:00,406.57,2021-06-30,84.0,0.23013698630136986,326.0,call,81.41,82.52,68.77,2,,0.32287,0.91781,0.00147,0.26892,-0.04867,0.28833,spy_options_2021.parquet,6377345
SPY,2021-04-07,2021-04-07T16:00:00-04:00,406.57,2021-06-30,84.0,0.23013698630136986,326.0,put,1.4,1.43,1.57,0,,0.29741,-0.05427,0.00187,0.21692,-0.03754,-0.05482,spy_options_2021.parquet,6377345
SPY,2021-04-07,2021-04-07T16:00:00-04:00,406.57,2021-06-30,84.0,0.23013698630136986,327.0,call,80.44,81.54,64.32,11,,0.31954,0.91716,0.00152,0.27072,-0.04873,0.2948,spy_options_2021.parquet,6377346
SPY,2021-04-07,2021-04-07T16:00:00-04:00,406.57,2021-06-30,84.0,0.23013698630136986,327.0,put,1.44,1.46,2.38,81,,0.29565,-0.05582,0.00196,0.22123,-0.03841,-0.0556,spy_options_2021.parquet,6377346
SPY,2021-04-07,2021-04-07T16:00:00-04:00,406.57,2021-06-30,84.0,0.23013698630136986,328.0,call,79.47,80.57,61.57,12,,0.31646,0.91685,0.00164,0.27387,-0.0487,0.30083,spy_options_2021.parquet,6377347
SPY,2021-04-07,2021-04-07T16:00:00-04:00,406.57,2021-06-30,84.0,0.23013698630136986,328.0,put,1.47,1.49,1.51,10,,0.2937,-0.05665,0.00201,0.22524,-0.03926,-0.05687,spy_options_2021.parquet,6377347
SPY,2021-04-07,2021-04-07T16:00:00-04:00,406.57,2021-06-30,84.0,0.23013698630136986,329.0,call,78.5,79.6,47.87,1,,0.31366,0.91568,0.00161,0.27632,-0.04897,0.30602,spy_options_2021.parquet,6377348
SPY,2021-04-07,2021-04-07T16:00:00-04:00,406.57,2021-06-30,84.0,0.23013698630136986,329.0,put,1.5,1.53,1.62,11,,0.29141,-0.05802,0.002,0.22982,-0.03983,-0.05839,spy_options_2021.parquet,6377348
SPY,2021-04-07,2021-04-07T16:00:00-04:00,406.57,2021-06-30,84.0,0.23013698630136986,330.0,call,77.53,78.63,77.98,0,,0.31161,0.91566,0.0017,0.2786,-0.04853,0.3126,spy_options_2021.parquet,6377349
SPY,2021-04-07,2021-04-07T16:00:00-04:00,406.57,2021-06-30,84.0,0.23013698630136986,330.0,put,1.54,1.56,1.63,22,,0.29018,-0.06005,0.00211,0.23441,-0.03982,-0.05993,spy_options_2021.parquet,6377349
SPY,2021-04-07,2021-04-07T16:00:00-04:00,406.57,2021-06-30,84.0,0.23013698630136986,331.0,call,76.56,77.62,64.51,2,,0.3076,0.91523,0.00177,0.28008,-0.04791,0.31677,spy_options_2021.parquet,6377350
SPY,2021-04-07,2021-04-07T16:00:00-04:00,406.57,2021-06-30,84.0,0.23013698630136986,331.0,put,1.58,1.6,4.04,23,,0.28837,-0.06123,0.00212,0.2393,-0.04033,-0.06186,spy_options_2021.parquet,6377350
SPY,2021-04-07,2021-04-07T16:00:00-04:00,406.57,2021-06-30,84.0,0.23013698630136986,332.0,call,75.62,76.67,35.15,2,,0.30532,0.91372,0.0018,0.28483,-0.04879,0.32537,spy_options_2021.parquet,6377351
SPY,2021-04-07,2021-04-07T16:00:00-04:00,406.57,2021-06-30,84.0,0.23013698630136986,332.0,put,1.61,1.64,2.74,126,,0.28645,-0.0631,0.00217,0.24363,-0.04156,-0.06356,spy_options_2021.parquet,6377351
SPY,2021-04-07,2021-04-07T16:00:00-04:00,406.57,2021-06-30,84.0,0.23013698630136986,333.0,call,74.65,75.64,57.26,6,,0.3021,0.91374,0.00186,0.28644,-0.04828,0.3288,spy_options_2021.parquet,6377352
SPY,2021-04-07,2021-04-07T16:00:00-04:00,406.57,2021-06-30,84.0,0.23013698630136986,333.0,put,1.65,1.68,1.84,21,,0.28437,-0.06487,0.00229,0.24928,-0.04139,-0.06548,spy_options_2021.parquet,6377352
SPY,2021-04-07,2021-04-07T16:00:00-04:00,406.57,2021-06-30,84.0,0.23013698630136986,334.0,call,73.69,74.75,63.01,3,,0.30014,0.91196,0.00198,0.29095,-0.0491,0.33831,spy_options_2021.parquet,6377353
SPY,2021-04-07,2021-04-07T16:00:00-04:00,406.57,2021-06-30,84.0,0.23013698630136986,334.0,put,1.69,1.72,1.8,0,,0.28317,-0.06596,0.00229,0.25403,-0.04234,-0.06691,spy_options_2021.parquet,6377353
SPY,2021-04-07,2021-04-07T16:00:00-04:00,406.57,2021-06-30,84.0,0.23013698630136986,335.0,call,72.73,73.74,59.5,2,,0.29697,0.91125,0.00197,0.29332,-0.04832,0.34307,spy_options_2021.parquet,6377354
SPY,2021-04-07,2021-04-07T16:00:00-04:00,406.57,2021-06-30,84.0,0.23013698630136986,335.0,put,1.73,1.76,1.74,6,,0.28119,-0.06774,0.00236,0.25849,-0.04242,-0.06883,spy_options_2021.parquet,6377354
SPY,2021-04-07,2021-04-07T16:00:00-04:00,406.57,2021-06-30,84.0,0.23013698630136986,336.0,call,71.77,72.81,60.29,12,,0.29558,0.90969,0.00209,0.29841,-0.04935,0.35048,spy_options_2021.parquet,6377355
SPY,2021-04-07,2021-04-07T16:00:00-04:00,406.57,2021-06-30,84.0,0.23013698630136986,336.0,put,1.78,1.8,1.79,34,,0.27892,-0.06966,0.00249,0.26383,-0.04334,-0.07077,spy_options_2021.parquet,6377355
SPY,2021-04-07,2021-04-07T16:00:00-04:00,406.57,2021-06-30,84.0,0.23013698630136986,337.0,call,71.25,71.45,25.35,0,,0.29386,0.90812,0.00212,0.30247,-0.04996,0.35803,spy_options_2021.parquet,6377356
SPY,2021-04-07,2021-04-07T16:00:00-04:00,406.57,2021-06-30,84.0,0.23013698630136986,337.0,put,1.82,1.84,1.83,6,,0.27704,-0.07224,0.00254,0.26897,-0.04438,-0.07158,spy_options_2021.parquet,6377356
SPY,2021-04-07,2021-04-07T16:00:00-04:00,406.57,2021-06-30,84.0,0.23013698630136986,338.0,call,69.83,70.86,50.48,2,,0.28972,0.90765,0.0022,0.30406,-0.04885,0.36183,spy_options_2021.parquet,6377357
SPY,2021-04-07,2021-04-07T16:00:00-04:00,406.57,2021-06-30,84.0,0.23013698630136986,338.0,put,1.86,1.89,2.7,21,,0.2754,-0.07372,0.00259,0.27449,-0.04475,-0.07429,spy_options_2021.parquet,6377357
SPY,2021-04-07,2021-04-07T16:00:00-04:00,406.57,2021-06-30,84.0,0.23013698630136986,339.0,call,68.87,69.96,42.49,2,,0.28827,0.90589,0.00226,0.30962,-0.04931,0.37012,spy_options_2021.parquet,6377358
SPY,2021-04-07,2021-04-07T16:00:00-04:00,406.57,2021-06-30,84.0,0.23013698630136986,339.0,put,1.91,1.94,2.67,7,,0.27387,-0.07525,0.00269,0.28031,-0.04556,-0.07558,spy_options_2021.parquet,6377358
SPY,2021-04-07,2021-04-07T16:00:00-04:00,406.57,2021-06-30,84.0,0.23013698630136986,340.0,call,68.43,68.63,61.79,1,,0.28815,0.90376,0.00241,0.31798,-0.05117,0.38046,spy_options_2021.parquet,6377359
SPY,2021-04-07,2021-04-07T16:00:00-04:00,406.57,2021-06-30,84.0,0.23013698630136986,340.0,put,1.96,1.98,1.97,36,,0.27171,-0.07743,0.00274,0.28546,-0.04591,-0.0775,spy_options_2021.parquet,6377359
SPY,2021-04-07,2021-04-07T16:00:00-04:00,406.57,2021-06-30,84.0,0.23013698630136986,341.0,call,66.96,68.04,46.35,3,,0.28297,0.90324,0.00245,0.318,-0.05034,0.38278,spy_options_2021.parquet,6377360
SPY,2021-04-07,2021-04-07T16:00:00-04:00,406.57,2021-06-30,84.0,0.23013698630136986,341.0,put,2.01,2.03,2.13,3,,0.27072,-0.07928,0.00282,0.29129,-0.04661,-0.08021,spy_options_2021.parquet,6377360
SPY,2021-04-07,2021-04-07T16:00:00-04:00,406.57,2021-06-30,84.0,0.23013698630136986,342.0,call,66.51,66.71,47.12,2,,0.2821,0.90038,0.00257,0.32592,-0.05146,0.39318,spy_options_2021.parquet,6377361
SPY,2021-04-07,2021-04-07T16:00:00-04:00,406.57,2021-06-30,84.0,0.23013698630136986,342.0,put,2.06,2.08,2.93,5,,0.26875,-0.08188,0.00286,0.29759,-0.04678,-0.08234,spy_options_2021.parquet,6377361
SPY,2021-04-07,2021-04-07T16:00:00-04:00,406.57,2021-06-30,84.0,0.23013698630136986,343.0,call,65.56,65.76,46.5,1,,0.27984,0.89957,0.00267,0.33019,-0.05125,0.39944,spy_options_2021.parquet,6377362
SPY,2021-04-07,2021-04-07T16:00:00-04:00,406.57,2021-06-30,84.0,0.23013698630136986,343.0,put,2.11,2.14,2.14,2,,0.26719,-0.08413,0.00298,0.30356,-0.04747,-0.08395,spy_options_2021.parquet,6377362
SPY,2021-04-07,2021-04-07T16:00:00-04:00,406.57,2021-06-30,84.0,0.23013698630136986,344.0,call,64.6,64.81,55.0,1,,0.27838,0.89739,0.00271,0.33484,-0.052,0.40562,spy_options_2021.parquet,6377363
SPY,2021-04-07,2021-04-07T16:00:00-04:00,406.57,2021-06-30,84.0,0.23013698630136986,344.0,put,2.16,2.19,3.04,1,,0.26504,-0.08604,0.00304,0.30932,-0.04828,-0.08635,spy_options_2021.parquet,6377363
SPY,2021-04-07,2021-04-07T16:00:00-04:00,406.57,2021-06-30,84.0,0.23013698630136986,345.0,call,63.65,63.85,57.17,1,,0.27557,0.89638,0.0028,0.33932,-0.05244,0.41169,spy_options_2021.parquet,6377364
SPY,2021-04-07,2021-04-07T16:00:00-04:00,406.57,2021-06-30,84.0,0.23013698630136986,345.0,put,2.22,2.25,2.29,9,,0.26324,-0.08883,0.00309,0.31642,-0.04927,-0.08884,spy_options_2021.parquet,6377364
SPY,2021-04-07,2021-04-07T16:00:00-04:00,406.57,2021-06-30,84.0,0.23013698630136986,346.0,call,62.21,63.28,62.87,2,,0.27101,0.89574,0.0029,0.34145,-0.05178,0.41532,spy_options_2021.parquet,6377365
SPY,2021-04-07,2021-04-07T16:00:00-04:00,406.57,2021-06-30,84.0,0.23013698630136986,346.0,put,2.27,2.3,2.39,0,,0.26131,-0.09073,0.00322,0.32212,-0.05008,-0.09083,spy_options_2021.parquet,6377365
SPY,2021-04-07,2021-04-07T16:00:00-04:00,406.57,2021-06-30,84.0,0.23013698630136986,347.0,call,61.27,62.33,51.14,2,,0.26967,0.89339,0.00299,0.34692,-0.0525,0.42243,spy_options_2021.parquet,6377366
SPY,2021-04-07,2021-04-07T16:00:00-04:00,406.57,2021-06-30,84.0,0.23013698630136986,347.0,put,2.33,2.36,2.55,8,,0.25967,-0.09347,0.00323,0.32875,-0.0506,-0.09425,spy_options_2021.parquet,6377366
SPY,2021-04-07,2021-04-07T16:00:00-04:00,406.57,2021-06-30,84.0,0.23013698630136986,348.0,call,60.8,61.0,48.18,1,,0.26799,0.89111,0.00305,0.35502,-0.0534,0.43041,spy_options_2021.parquet,6377367
SPY,2021-04-07,2021-04-07T16:00:00-04:00,406.57,2021-06-30,84.0,0.23013698630136986,348.0,put,2.39,2.42,5.03,169,,0.25848,-0.09583,0.0034,0.33473,-0.05142,-0.09652,spy_options_2021.parquet,6377367
SPY,2021-04-07,2021-04-07T16:00:00-04:00,406.57,2021-06-30,84.0,0.23013698630136986,349.0,call,59.86,60.06,47.01,1,,0.26584,0.88818,0.00319,0.36059,-0.05301,0.43669,spy_options_2021.parquet,6377368
SPY,2021-04-07,2021-04-07T16:00:00-04:00,406.57,2021-06-30,84.0,0.23013698630136986,349.0,put,2.45,2.48,4.61,59,,0.256,-0.09909,0.00347,0.34157,-0.05193,-0.09904,spy_options_2021.parquet,6377368
SPY,2021-04-07,2021-04-07T16:00:00-04:00,406.57,2021-06-30,84.0,0.23013698630136986,350.0,call,58.91,59.11,58.89,2,,0.26392,0.88704,0.00328,0.36573,-0.05372,0.44202,spy_options_2021.parquet,6377369
SPY,2021-04-07,2021-04-07T16:00:00-04:00,406.57,2021-06-30,84.0,0.23013698630136986,350.0,put,2.52,2.55,2.57,53,,0.25439,-0.10114,0.00354,0.34886,-0.05217,-0.10174,spy_options_2021.parquet,6377369
SPY,2021-04-07,2021-04-07T16:00:00-04:00,406.57,2021-06-30,84.0,0.23013698630136986,351.0,call,57.88,58.11,57.56,1,,0.25949,0.88625,0.0034,0.36798,-0.05278,0.44558,spy_options_2021.parquet,6377370
SPY,2021-04-07,2021-04-07T16:00:00-04:00,406.57,2021-06-30,84.0,0.23013698630136986,351.0,put,2.58,2.61,2.7,5,,0.2527,-0.1043,0.00368,0.35536,-0.05282,-0.10412,spy_options_2021.parquet,6377370
SPY,2021-04-07,2021-04-07T16:00:00-04:00,406.57,2021-06-30,84.0,0.23013698630136986,352.0,call,56.94,57.17,56.53,1,,0.25768,0.88329,0.00343,0.37351,-0.05313,0.45184,spy_options_2021.parquet,6377371
SPY,2021-04-07,2021-04-07T16:00:00-04:00,406.57,2021-06-30,84.0,0.23013698630136986,352.0,put,2.65,2.68,3.83,134,,0.25076,-0.10726,0.00374,0.36222,-0.05386,-0.10734,spy_options_2021.parquet,6377371
SPY,2021-04-07,2021-04-07T16:00:00-04:00,406.57,2021-06-30,84.0,0.23013698630136986,353.0,call,56.0,56.23,40.04,2,,0.25533,0.88133,0.0036,0.37905,-0.05362,0.45725,spy_options_2021.parquet,6377372
SPY,2021-04-07,2021-04-07T16:00:00-04:00,406.57,2021-06-30,84.0,0.23013698630136986,353.0,put,2.72,2.75,2.97,20,,0.24891,-0.10975,0.00386,0.37003,-0.05503,-0.11002,spy_options_2021.parquet,6377372
SPY,2021-04-07,2021-04-07T16:00:00-04:00,406.57,2021-06-30,84.0,0.23013698630136986,354.0,call,55.15,55.35,37.75,3,,0.25539,0.87739,0.00374,0.38872,-0.05494,0.46538,spy_options_2021.parquet,6377373
SPY,2021-04-07,2021-04-07T16:00:00-04:00,406.57,2021-06-30,84.0,0.23013698630136986,354.0,put,2.79,2.82,2.79,3,,0.24788,-0.11332,0.00391,0.37625,-0.05485,-0.11343,spy_options_2021.parquet,6377373
SPY,2021-04-07,2021-04-07T16:00:00-04:00,406.57,2021-06-30,84.0,0.23013698630136986,355.0,call,53.75,54.79,53.76,1,,0.25205,0.87543,0.00378,0.39338,-0.0556,0.46985,spy_options_2021.parquet,6377374
SPY,2021-04-07,2021-04-07T16:00:00-04:00,406.57,2021-06-30,84.0,0.23013698630136986,355.0,put,2.85,2.89,2.9,6,,0.24545,-0.11589,0.00406,0.38326,-0.05622,-0.11638,spy_options_2021.parquet,6377374
SPY,2021-04-07,2021-04-07T16:00:00-04:00,406.57,2021-06-30,84.0,0.23013698630136986,356.0,call,53.28,53.48,52.52,1,,0.25092,0.87251,0.00392,0.40175,-0.05613,0.47585,spy_options_2021.parquet,6377375
SPY,2021-04-07,2021-04-07T16:00:00-04:00,406.57,2021-06-30,84.0,0.23013698630136986,356.0,put,2.93,2.96,3.17,324,,0.24423,-0.11938,0.00412,0.39071,-0.05651,-0.11882,spy_options_2021.parquet,6377375
SPY,2021-04-07,2021-04-07T16:00:00-04:00,406.57,2021-06-30,84.0,0.23013698630136986,357.0,call,51.9,52.93,40.69,3,,0.24775,0.87024,0.00402,0.4072,-0.05659,0.48129,spy_options_2021.parquet,6377376
SPY,2021-04-07,2021-04-07T16:00:00-04:00,406.57,2021-06-30,84.0,0.23013698630136986,357.0,put,3.01,3.05,3.24,127,,0.24248,-0.12297,0.00423,0.39872,-0.05726,-0.12256,spy_options_2021.parquet,6377376
SPY,2021-04-07,2021-04-07T16:00:00-04:00,406.57,2021-06-30,84.0,0.23013698630136986,358.0,call,51.42,51.62,50.93,1,,0.24664,0.86601,0.0042,0.41545,-0.05668,0.48702,spy_options_2021.parquet,6377377
SPY,2021-04-07,2021-04-07T16:00:00-04:00,406.57,2021-06-30,84.0,0.23013698630136986,358.0,put,3.09,3.12,3.38,3,,0.24034,-0.1259,0.00438,0.40606,-0.05753,-0.12635,spy_options_2021.parquet,6377377
SPY,2021-04-07,2021-04-07T16:00:00-04:00,406.57,2021-06-30,84.0,0.23013698630136986,359.0,call,50.5,50.7,43.0,1,,0.24391,0.86337,0.00433,0.42236,-0.05796,0.49184,spy_options_2021.parquet,6377378
SPY,2021-04-07,2021-04-07T16:00:00-04:00,406.57,2021-06-30,84.0,0.23013698630136986,359.0,put,3.17,3.21,3.2,37,,0.23921,-0.12916,0.0045,0.41418,-0.0589,-0.12965,spy_options_2021.parquet,6377378
SPY,2021-04-07,2021-04-07T16:00:00-04:00,406.57,2021-06-30,84.0,0.23013698630136986,360.0,call,49.12,50.15,49.1,2,,0.24083,0.86147,0.00439,0.42774,-0.05742,0.4958,spy_options_2021.parquet,6377379
SPY,2021-04-07,2021-04-07T16:00:00-04:00,406.57,2021-06-30,84.0,0.23013698630136986,360.0,put,3.25,3.29,3.34,36,,0.23747,-0.13271,0.0046,0.42191,-0.05948,-0.13323,spy_options_2021.parquet,6377379
SPY,2021-04-07,2021-04-07T16:00:00-04:00,406.57,2021-06-30,84.0,0.23013698630136986,361.0,call,48.65,48.85,48.59,4,,0.2398,0.85719,0.00456,0.43598,-0.05863,0.50149,spy_options_2021.parquet,6377380
SPY,2021-04-07,2021-04-07T16:00:00-04:00,406.57,2021-06-30,84.0,0.23013698630136986,361.0,put,3.34,3.38,3.49,1,,0.23549,-0.13674,0.00473,0.42958,-0.05996,-0.13669,spy_options_2021.parquet,6377380
SPY,2021-04-07,2021-04-07T16:00:00-04:00,406.57,2021-06-30,84.0,0.23013698630136986,362.0,call,47.29,48.31,32.12,1,,0.23692,0.85426,0.00473,0.44262,-0.05905,0.50539,spy_options_2021.parquet,6377381
SPY,2021-04-07,2021-04-07T16:00:00-04:00,406.57,2021-06-30,84.0,0.23013698630136986,362.0,put,3.42,3.46,3.45,154,,0.23289,-0.14061,0.00487,0.43797,-0.06078,-0.13999,spy_options_2021.parquet,6377381
SPY,2021-04-07,2021-04-07T16:00:00-04:00,406.57,2021-06-30,84.0,0.23013698630136986,363.0,call,46.81,47.01,46.4,5,,0.23564,0.85042,0.00485,0.45143,-0.05973,0.51087,spy_options_2021.parquet,6377382
SPY,2021-04-07,2021-04-07T16:00:00-04:00,406.57,2021-06-30,84.0,0.23013698630136986,363.0,put,3.52,3.56,3.55,25,,0.23167,-0.14473,0.005,0.44595,-0.06167,-0.14454,spy_options_2021.parquet,6377382
SPY,2021-04-07,2021-04-07T16:00:00-04:00,406.57,2021-06-30,84.0,0.23013698630136986,364.0,call,45.9,46.1,45.3,1,,0.23369,0.84655,0.00494,0.45844,-0.06048,0.51532,spy_options_2021.parquet,6377383
SPY,2021-04-07,2021-04-07T16:00:00-04:00,406.57,2021-06-30,84.0,0.23013698630136986,364.0,put,3.62,3.65,4.06,78,,0.22997,-0.14852,0.00514,0.45475,-0.06167,-0.14869,spy_options_2021.parquet,6377383
SPY,2021-04-07,2021-04-07T16:00:00-04:00,406.57,2021-06-30,84.0,0.23013698630136986,365.0,call,44.99,45.19,44.62,0,,0.2316,0.84276,0.00512,0.46645,-0.06017,0.51941,spy_options_2021.parquet,6377384
SPY,2021-04-07,2021-04-07T16:00:00-04:00,406.57,2021-06-30,84.0,0.23013698630136986,365.0,put,3.71,3.75,3.73,52,,0.2279,-0.15263,0.00529,0.46245,-0.06239,-0.15275,spy_options_2021.parquet,6377384
SPY,2021-04-07,2021-04-07T16:00:00-04:00,406.57,2021-06-30,84.0,0.23013698630136986,366.0,call,44.08,44.28,38.05,5,,0.22935,0.83934,0.00526,0.47408,-0.06115,0.5231,spy_options_2021.parquet,6377385
SPY,2021-04-07,2021-04-07T16:00:00-04:00,406.57,2021-06-30,84.0,0.23013698630136986,366.0,put,3.8,3.85,3.84,5,,0.22596,-0.15684,0.00543,0.47164,-0.0636,-0.15649,spy_options_2021.parquet,6377385
SPY,2021-04-07,2021-04-07T16:00:00-04:00,406.57,2021-06-30,84.0,0.23013698630136986,367.0,call,43.09,43.31,32.43,1,,0.22597,0.83603,0.00541,0.47973,-0.06082,0.52635,spy_options_2021.parquet,6377386
SPY,2021-04-07,2021-04-07T16:00:00-04:00,406.57,2021-06-30,84.0,0.23013698630136986,367.0,put,3.91,3.94,4.23,74,,0.22442,-0.16045,0.00555,0.4796,-0.06369,-0.16098,spy_options_2021.parquet,6377386
SPY,2021-04-07,2021-04-07T16:00:00-04:00,406.57,2021-06-30,84.0,0.23013698630136986,368.0,call,41.93,42.71,34.6,1,,0.22495,0.83183,0.00561,0.48843,-0.06099,0.52956,spy_options_2021.parquet,6377387
SPY,2021-04-07,2021-04-07T16:00:00-04:00,406.57,2021-06-30,84.0,0.23013698630136986,368.0,put,4.01,4.05,4.16,8,,0.22259,-0.16516,0.00571,0.48779,-0.06414,-0.16583,spy_options_2021.parquet,6377387
SPY,2021-04-07,2021-04-07T16:00:00-04:00,406.57,2021-06-30,84.0,0.23013698630136986,369.0,call,41.37,41.57,41.17,3,,0.22373,0.82675,0.00573,0.49862,-0.06254,0.53331,spy_options_2021.parquet,6377388
SPY,2021-04-07,2021-04-07T16:00:00-04:00,406.57,2021-06-30,84.0,0.23013698630136986,369.0,put,4.12,4.15,4.16,76,,0.22115,-0.16973,0.00587,0.49712,-0.06547,-0.16985,spy_options_2021.parquet,6377388
SPY,2021-04-07,2021-04-07T16:00:00-04:00,406.57,2021-06-30,84.0,0.23013698630136986,370.0,call,40.47,40.67,39.75,2,,0.22192,0.8217,0.00593,0.50745,-0.06256,0.5367,spy_options_2021.parquet,6377389
SPY,2021-04-07,2021-04-07T16:00:00-04:00,406.57,2021-06-30,84.0,0.23013698630136986,370.0,put,4.23,4.27,4.3,526,,0.21946,-0.1749,0.00594,0.50615,-0.06581,-0.17439,spy_options_2021.parquet,6377389
SPY,2021-04-07,2021-04-07T16:00:00-04:00,406.57,2021-06-30,84.0,0.23013698630136986,371.0,call,39.58,39.77,39.74,1,,0.21944,0.81759,0.00605,0.51514,-0.06299,0.53945,spy_options_2021.parquet,6377390
SPY,2021-04-07,2021-04-07T16:00:00-04:00,406.57,2021-06-30,84.0,0.23013698630136986,371.0,put,4.34,4.39,4.36,10,,0.21719,-0.17981,0.00619,0.51433,-0.06685,-0.17955,spy_options_2021.parquet,6377390
SPY,2021-04-07,2021-04-07T16:00:00-04:00,406.57,2021-06-30,84.0,0.23013698630136986,372.0,call,38.29,39.25,38.99,2,,0.21715,0.8135,0.00626,0.5239,-0.06366,0.5421,spy_options_2021.parquet,6377391
SPY,2021-04-07,2021-04-07T16:00:00-04:00,406.57,2021-06-30,84.0,0.23013698630136986,372.0,put,4.46,4.5,4.5,20,,0.21511,-0.18499,0.00634,0.52324,-0.06743,-0.18464,spy_options_2021.parquet,6377391
SPY,2021-04-07,2021-04-07T16:00:00-04:00,406.57,2021-06-30,84.0,0.23013698630136986,373.0,call,37.8,38.0,37.3,0,,0.21552,0.80753,0.00642,0.53263,-0.06451,0.54461,spy_options_2021.parquet,6377392
SPY,2021-04-07,2021-04-07T16:00:00-04:00,406.57,2021-06-30,84.0,0.23013698630136986,373.0,put,4.59,4.63,4.62,90,,0.21439,-0.19047,0.00644,0.53319,-0.06822,-0.19002,spy_options_2021.parquet,6377392
SPY,2021-04-07,2021-04-07T16:00:00-04:00,406.57,2021-06-30,84.0,0.23013698630136986,374.0,call,36.5,37.46,25.42,4,,0.21297,0.80304,0.00662,0.54102,-0.06491,0.54677,spy_options_2021.parquet,6377393
SPY,2021-04-07,2021-04-07T16:00:00-04:00,406.57,2021-06-30,84.0,0.23013698630136986,374.0,put,4.71,4.75,4.73,66,,0.2122,-0.19515,0.00659,0.54134,-0.06887,-0.19532,spy_options_2021.parquet,6377393
SPY,2021-04-07,2021-04-07T16:00:00-04:00,406.57,2021-06-30,84.0,0.23013698630136986,375.0,call,35.62,36.59,35.57,2,,0.21063,0.79814,0.00671,0.55004,-0.06493,0.54817,spy_options_2021.parquet,6377394
SPY,2021-04-07,2021-04-07T16:00:00-04:00,406.57,2021-06-30,84.0,0.23013698630136986,375.0,put,4.84,4.88,5.01,6,,0.20983,-0.20083,0.00686,0.55079,-0.06885,-0.20053,spy_options_2021.parquet,6377394
SPY,2021-04-07,2021-04-07T16:00:00-04:00,406.57,2021-06-30,84.0,0.23013698630136986,376.0,call,35.1,35.3,35.29,1,,0.20891,0.79267,0.00694,0.55788,-0.0652,0.54996,spy_options_2021.parquet,6377395
SPY,2021-04-07,2021-04-07T16:00:00-04:00,406.57,2021-06-30,84.0,0.23013698630136986,376.0,put,4.97,5.01,5.0,4,,0.20805,-0.20617,0.00694,0.56037,-0.0693,-0.20654,spy_options_2021.parquet,6377395
SPY,2021-04-07,2021-04-07T16:00:00-04:00,406.57,2021-06-30,84.0,0.23013698630136986,377.0,call,34.26,34.85,34.38,4,,0.21045,0.78411,0.00705,0.57328,-0.06755,0.55132,spy_options_2021.parquet,6377396
SPY,2021-04-07,2021-04-07T16:00:00-04:00,406.57,2021-06-30,84.0,0.23013698630136986,377.0,put,5.11,5.15,5.31,24,,0.20643,-0.21244,0.00714,0.56993,-0.07035,-0.21281,spy_options_2021.parquet,6377396
SPY,2021-04-07,2021-04-07T16:00:00-04:00,406.57,2021-06-30,84.0,0.23013698630136986,378.0,call,33.34,33.54,26.89,5,,0.20478,0.78223,0.00733,0.57527,-0.06564,0.55346,spy_options_2021.parquet,6377397
SPY,2021-04-07,2021-04-07T16:00:00-04:00,406.57,2021-06-30,84.0,0.23013698630136986,378.0,put,5.25,5.29,5.44,2,,0.20468,-0.21837,0.00733,0.5791,-0.07088,-0.21838,spy_options_2021.parquet,6377397
SPY,2021-04-07,2021-04-07T16:00:00-04:00,406.57,2021-06-30,84.0,0.23013698630136986,379.0,call,32.47,32.69,24.5,1,,0.20274,0.77638,0.00749,0.5846,-0.06603,0.55352,spy_options_2021.parquet,6377398
SPY,2021-04-07,2021-04-07T16:00:00-04:00,406.57,2021-06-30,84.0,0.23013698630136986,379.0,put,5.38,5.42,5.6,0,,0.2022,-0.22451,0.00749,0.58783,-0.07132,-0.22408,spy_options_2021.parquet,6377398
SPY,2021-04-07,2021-04-07T16:00:00-04:00,406.57,2021-06-30,84.0,0.23013698630136986,380.0,call,31.51,31.85,31.8,1,,0.1993,0.77087,0.00774,0.59338,-0.06708,0.55474,spy_options_2021.parquet,6377399
SPY,2021-04-07,2021-04-07T16:00:00-04:00,406.57,2021-06-30,84.0,0.23013698630136986,380.0,put,5.52,5.56,5.68,95,,0.20069,-0.23013,0.00775,0.59713,-0.07195,-0.23014,spy_options_2021.parquet,6377399
SPY,2021-04-07,2021-04-07T16:00:00-04:00,406.57,2021-06-30,84.0,0.23013698630136986,381.0,call,30.75,30.97,30.68,8,,0.19838,0.76333,0.00789,0.60307,-0.0671,0.55546,spy_options_2021.parquet,6377400
SPY,2021-04-07,2021-04-07T16:00:00-04:00,406.57,2021-06-30,84.0,0.23013698630136986,381.0,put,5.68,5.73,5.92,561,,0.1989,-0.23701,0.00794,0.60603,-0.07218,-0.23743,spy_options_2021.parquet,6377400
SPY,2021-04-07,2021-04-07T16:00:00-04:00,406.57,2021-06-30,84.0,0.23013698630136986,382.0,call,29.8,30.14,30.29,0,,0.19534,0.75745,0.0082,0.61162,-0.06693,0.55479,spy_options_2021.parquet,6377401
SPY,2021-04-07,2021-04-07T16:00:00-04:00,406.57,2021-06-30,84.0,0.23013698630136986,382.0,put,5.84,5.88,5.85,476,,0.19677,-0.24427,0.00809,0.61533,-0.07235,-0.24357,spy_options_2021.parquet,6377401
SPY,2021-04-07,2021-04-07T16:00:00-04:00,406.57,2021-06-30,84.0,0.23013698630136986,383.0,call,29.06,29.25,29.0,6,,0.19388,0.75027,0.00834,0.62173,-0.06805,0.55517,spy_options_2021.parquet,6377402
SPY,2021-04-07,2021-04-07T16:00:00-04:00,406.57,2021-06-30,84.0,0.23013698630136986,383.0,put,5.99,6.04,6.38,235,,0.19544,-0.25049,0.00834,0.62505,-0.07281,-0.25047,spy_options_2021.parquet,6377402
SPY,2021-04-07,2021-04-07T16:00:00-04:00,406.57,2021-06-30,84.0,0.23013698630136986,384.0,call,28.24,28.41,23.03,1,,0.19239,0.74297,0.00853,0.63117,-0.06879,0.5537,spy_options_2021.parquet,6377403
SPY,2021-04-07,2021-04-07T16:00:00-04:00,406.57,2021-06-30,84.0,0.23013698630136986,384.0,put,6.15,6.2,6.24,13,,0.19271,-0.25797,0.00855,0.63355,-0.07335,-0.25746,spy_options_2021.parquet,6377403
SPY,2021-04-07,2021-04-07T16:00:00-04:00,406.57,2021-06-30,84.0,0.23013698630136986,385.0,call,27.37,27.58,27.59,21,,0.19035,0.73566,0.00879,0.63982,-0.06845,0.55282,spy_options_2021.parquet,6377404
SPY,2021-04-07,2021-04-07T16:00:00-04:00,406.57,2021-06-30,84.0,0.23013698630136986,385.0,put,6.33,6.38,6.5,115,,0.1909,-0.26516,0.00876,0.64344,-0.07409,-0.2653,spy_options_2021.parquet,6377404
SPY,2021-04-07,2021-04-07T16:00:00-04:00,406.57,2021-06-30,84.0,0.23013698630136986,386.0,call,26.53,26.75,26.8,3,,0.1886,0.72836,0.00903,0.64886,-0.06879,0.55213,spy_options_2021.parquet,6377405
SPY,2021-04-07,2021-04-07T16:00:00-04:00,406.57,2021-06-30,84.0,0.23013698630136986,386.0,put,6.51,6.55,6.85,17,,0.1889,-0.27304,0.00891,0.65184,-0.07408,-0.27289,spy_options_2021.parquet,6377405
SPY,2021-04-07,2021-04-07T16:00:00-04:00,406.57,2021-06-30,84.0,0.23013698630136986,387.0,call,25.7,25.92,25.95,51,,0.18632,0.72056,0.00922,0.65814,-0.06877,0.55027,spy_options_2021.parquet,6377406
SPY,2021-04-07,2021-04-07T16:00:00-04:00,406.57,2021-06-30,84.0,0.23013698630136986,387.0,put,6.69,6.74,7.12,0,,0.1878,-0.28126,0.0092,0.6616,-0.07459,-0.28109,spy_options_2021.parquet,6377406
SPY,2021-04-07,2021-04-07T16:00:00-04:00,406.57,2021-06-30,84.0,0.23013698630136986,388.0,call,24.96,25.14,24.6,1,,0.18516,0.7121,0.00947,0.66813,-0.06979,0.54818,spy_options_2021.parquet,6377407
SPY,2021-04-07,2021-04-07T16:00:00-04:00,406.57,2021-06-30,84.0,0.23013698630136986,388.0,put,6.88,6.92,7.12,0,,0.18535,-0.28898,0.00937,0.6697,-0.07437,-0.28875,spy_options_2021.parquet,6377407
SPY,2021-04-07,2021-04-07T16:00:00-04:00,406.57,2021-06-30,84.0,0.23013698630136986,389.0,call,23.95,24.37,24.14,0,,0.18176,0.70462,0.0097,0.67626,-0.06904,0.5459,spy_options_2021.parquet,6377408
SPY,2021-04-07,2021-04-07T16:00:00-04:00,406.57,2021-06-30,84.0,0.23013698630136986,389.0,put,7.06,7.11,7.14,2,,0.18311,-0.29718,0.00965,0.67849,-0.07472,-0.29747,spy_options_2021.parquet,6377408
SPY,2021-04-07,2021-04-07T16:00:00-04:00,406.57,2021-06-30,84.0,0.23013698630136986,390.0,call,23.33,23.51,22.87,17,,0.18129,0.69556,0.00987,0.68609,-0.06971,0.5427,spy_options_2021.parquet,6377409
SPY,2021-04-07,2021-04-07T16:00:00-04:00,406.57,2021-06-30,84.0,0.23013698630136986,390.0,put,7.26,7.31,7.32,68,,0.18151,-0.30597,0.00988,0.68792,-0.07502,-0.30573,spy_options_2021.parquet,6377409
SPY,2021-04-07,2021-04-07T16:00:00-04:00,406.57,2021-06-30,84.0,0.23013698630136986,391.0,call,22.45,22.66,22.09,2,,0.17785,0.68705,0.01017,0.6932,-0.06927,0.54037,spy_options_2021.parquet,6377410
SPY,2021-04-07,2021-04-07T16:00:00-04:00,406.57,2021-06-30,84.0,0.23013698630136986,391.0,put,7.47,7.5,7.73,1054,,0.17903,-0.31451,0.01004,0.69629,-0.07505,-0.3147,spy_options_2021.parquet,6377410
SPY,2021-04-07,2021-04-07T16:00:00-04:00,406.57,2021-06-30,84.0,0.23013698630136986,392.0,call,21.67,21.85,21.52,3,,0.17603,0.67811,0.01048,0.70247,-0.07027,0.53681,spy_options_2021.parquet,6377411
SPY,2021-04-07,2021-04-07T16:00:00-04:00,406.57,2021-06-30,84.0,0.23013698630136986,392.0,put,7.67,7.71,7.95,2,,0.1778,-0.32352,0.01031,0.70427,-0.07535,-0.32298,spy_options_2021.parquet,6377411
SPY,2021-04-07,2021-04-07T16:00:00-04:00,406.57,2021-06-30,84.0,0.23013698630136986,393.0,call,20.89,21.07,20.78,2,,0.17376,0.66913,0.01068,0.7108,-0.07034,0.53297,spy_options_2021.parquet,6377412
SPY,2021-04-07,2021-04-07T16:00:00-04:00,406.57,2021-06-30,84.0,0.23013698630136986,393.0,put,7.9,7.94,8.2,162,,0.1752,-0.33272,0.01059,0.71263,-0.07557,-0.33311,spy_options_2021.parquet,6377412
SPY,2021-04-07,2021-04-07T16:00:00-04:00,406.57,2021-06-30,84.0,0.23013698630136986,394.0,call,20.15,20.3,19.94,1,,0.17232,0.65874,0.01097,0.71823,-0.06966,0.52869,spy_options_2021.parquet,6377413
SPY,2021-04-07,2021-04-07T16:00:00-04:00,406.57,2021-06-30,84.0,0.23013698630136986,394.0,put,8.14,8.18,8.15,507,,0.1732,-0.34291,0.01078,0.72084,-0.07549,-0.34258,spy_options_2021.parquet,6377413
SPY,2021-04-07,2021-04-07T16:00:00-04:00,406.57,2021-06-30,84.0,0.23013698630136986,395.0,call,19.33,19.51,19.2,149,,0.16981,0.64939,0.01117,0.72655,-0.06983,0.52443,spy_options_2021.parquet,6377414
SPY,2021-04-07,2021-04-07T16:00:00-04:00,406.57,2021-06-30,84.0,0.23013698630136986,395.0,put,8.37,8.41,8.46,874,,0.17151,-0.35267,0.01103,0.72807,-0.07571,-0.35281,spy_options_2021.parquet,6377414
SPY,2021-04-07,2021-04-07T16:00:00-04:00,406.57,2021-06-30,84.0,0.23013698630136986,396.0,call,18.56,18.74,18.49,65,,0.16759,0.63923,0.0114,0.73353,-0.06932,0.51947,spy_options_2021.parquet,6377415
SPY,2021-04-07,2021-04-07T16:00:00-04:00,406.57,2021-06-30,84.0,0.23013698630136986,396.0,put,8.63,8.67,8.87,90,,0.17036,-0.36285,0.01121,0.73579,-0.07583,-0.36234,spy_options_2021.parquet,6377415
SPY,2021-04-07,2021-04-07T16:00:00-04:00,406.57,2021-06-30,84.0,0.23013698630136986,397.0,call,17.69,18.05,17.74,0,,0.16477,0.62817,0.01169,0.74028,-0.06914,0.51455,spy_options_2021.parquet,6377416
SPY,2021-04-07,2021-04-07T16:00:00-04:00,406.57,2021-06-30,84.0,0.23013698630136986,397.0,put,8.89,8.93,9.2,420,,0.16813,-0.37355,0.01152,0.74215,-0.07488,-0.37339,spy_options_2021.parquet,6377416
SPY,2021-04-07,2021-04-07T16:00:00-04:00,406.57,2021-06-30,84.0,0.23013698630136986,398.0,call,17.07,17.24,16.67,3,,0.16314,0.61696,0.01199,0.74737,-0.06971,0.50739,spy_options_2021.parquet,6377417
SPY,2021-04-07,2021-04-07T16:00:00-04:00,406.57,2021-06-30,84.0,0.23013698630136986,398.0,put,9.16,9.2,9.36,540,,0.16622,-0.38421,0.01172,0.7486,-0.07528,-0.38431,spy_options_2021.parquet,6377417
SPY,2021-04-07,2021-04-07T16:00:00-04:00,406.57,2021-06-30,84.0,0.23013698630136986,399.0,call,16.34,16.51,16.99,0,,0.16168,0.60559,0.01216,0.75394,-0.06894,0.50107,spy_options_2021.parquet,6377418
SPY,2021-04-07,2021-04-07T16:00:00-04:00,406.57,2021-06-30,84.0,0.23013698630136986,399.0,put,9.43,9.46,9.7,0,,0.1636,-0.39572,0.01201,0.75496,-0.07479,-0.39528,spy_options_2021.parquet,6377418
SPY,2021-04-07,2021-04-07T16:00:00-04:00,406.57,2021-06-30,84.0,0.23013698630136986,400.0,call,15.63,15.8,15.52,56,,0.1596,0.59367,0.01247,0.75954,-0.06864,0.49485,spy_options_2021.parquet,6377419
SPY,2021-04-07,2021-04-07T16:00:00-04:00,406.57,2021-06-30,84.0,0.23013698630136986,400.0,put,9.71,9.76,9.75,1214,,0.16257,-0.40682,0.01221,0.76024,-0.07428,-0.40721,spy_options_2021.parquet,6377419
SPY,2021-04-07,2021-04-07T16:00:00-04:00,406.57,2021-06-30,84.0,0.23013698630136986,401.0,call,14.92,15.0,15.5,0,,0.15651,0.58179,0.01273,0.76476,-0.06831,0.48703,spy_options_2021.parquet,6377420
SPY,2021-04-07,2021-04-07T16:00:00-04:00,406.57,2021-06-30,84.0,0.23013698630136986,401.0,put,10.03,10.06,10.0,1,,0.1599,-0.41909,0.01244,0.76539,-0.07414,-0.41864,spy_options_2021.parquet,6377420
SPY,2021-04-07,2021-04-07T16:00:00-04:00,406.57,2021-06-30,84.0,0.23013698630136986,402.0,call,14.24,14.31,14.29,0,,0.15481,0.56934,0.01289,0.76974,-0.06792,0.47938,spy_options_2021.parquet,6377421
SPY,2021-04-07,2021-04-07T16:00:00-04:00,406.57,2021-06-30,84.0,0.23013698630136986,402.0,put,10.34,10.39,10.64,2,,0.1583,-0.43072,0.01259,0.76985,-0.07433,-0.4311,spy_options_2021.parquet,6377421
SPY,2021-04-07,2021-04-07T16:00:00-04:00,406.57,2021-06-30,84.0,0.23013698630136986,403.0,call,13.55,13.62,13.1,41,,0.15286,0.55669,0.01322,0.77356,-0.06755,0.47081,spy_options_2021.parquet,6377422
SPY,2021-04-07,2021-04-07T16:00:00-04:00,406.57,2021-06-30,84.0,0.23013698630136986,403.0,put,10.67,10.71,11.05,15,,0.15678,-0.44339,0.0128,0.77391,-0.07343,-0.44361,spy_options_2021.parquet,6377422
SPY,2021-04-07,2021-04-07T16:00:00-04:00,406.57,2021-06-30,84.0,0.23013698630136986,404.0,call,12.88,12.96,12.46,42,,0.15106,0.54404,0.01334,0.77667,-0.06724,0.46268,spy_options_2021.parquet,6377423
SPY,2021-04-07,2021-04-07T16:00:00-04:00,406.57,2021-06-30,84.0,0.23013698630136986,404.0,put,11.02,11.06,11.39,1,,0.15552,-0.45652,0.01306,0.77661,-0.07296,-0.45637,spy_options_2021.parquet,6377423
SPY,2021-04-07,2021-04-07T16:00:00-04:00,406.57,2021-06-30,84.0,0.23013698630136986,405.0,call,12.23,12.31,12.53,17,,0.14936,0.53072,0.01358,0.77961,-0.06684,0.45264,spy_options_2021.parquet,6377424
SPY,2021-04-07,2021-04-07T16:00:00-04:00,406.57,2021-06-30,84.0,0.23013698630136986,405.0,put,11.36,11.42,11.42,12,,0.15309,-0.46902,0.01323,0.77913,-0.07231,-0.47001,spy_options_2021.parquet,6377424
SPY,2021-04-07,2021-04-07T16:00:00-04:00,406.57,2021-06-30,84.0,0.23013698630136986,406.0,call,11.62,11.68,11.61,79,,0.14837,0.51647,0.01385,0.78124,-0.06556,0.44355,spy_options_2021.parquet,6377425
SPY,2021-04-07,2021-04-07T16:00:00-04:00,406.57,2021-06-30,84.0,0.23013698630136986,406.0,put,11.75,11.8,11.86,243,,0.15191,-0.4823,0.01337,0.78116,-0.07218,-0.48382,spy_options_2021.parquet,6377425
SPY,2021-04-07,2021-04-07T16:00:00-04:00,406.57,2021-06-30,84.0,0.23013698630136986,407.0,call,11.01,11.07,11.01,362,,0.14588,0.50217,0.01397,0.78128,-0.06469,0.43303,spy_options_2021.parquet,6377426
SPY,2021-04-07,2021-04-07T16:00:00-04:00,406.57,2021-06-30,84.0,0.23013698630136986,407.0,put,12.15,12.2,12.16,48,,0.14997,-0.49642,0.01353,0.78121,-0.07211,-0.49713,spy_options_2021.parquet,6377426
SPY,2021-04-07,2021-04-07T16:00:00-04:00,406.57,2021-06-30,84.0,0.23013698630136986,408.0,call,10.42,10.48,10.49,255,,0.14478,0.48833,0.01407,0.78174,-0.06471,0.42286,spy_options_2021.parquet,6377427
SPY,2021-04-07,2021-04-07T16:00:00-04:00,406.57,2021-06-30,84.0,0.23013698630136986,408.0,put,12.57,12.62,12.66,3,,0.14838,-0.51028,0.01362,0.78095,-0.07069,-0.51125,spy_options_2021.parquet,6377427
SPY,2021-04-07,2021-04-07T16:00:00-04:00,406.57,2021-06-30,84.0,0.23013698630136986,409.0,call,9.83,9.89,9.91,5,,0.14276,0.47332,0.01423,0.77986,-0.0639,0.4113,spy_options_2021.parquet,6377428
SPY,2021-04-07,2021-04-07T16:00:00-04:00,406.57,2021-06-30,84.0,0.23013698630136986,409.0,put,13.0,13.05,13.3,0,,0.14682,-0.52461,0.01379,0.77973,-0.07042,-0.52597,spy_options_2021.parquet,6377428
SPY,2021-04-07,2021-04-07T16:00:00-04:00,406.57,2021-06-30,84.0,0.23013698630136986,410.0,call,9.26,9.31,9.25,38,,0.14093,0.45819,0.01434,0.77732,-0.06247,0.40025,spy_options_2021.parquet,6377429
SPY,2021-04-07,2021-04-07T16:00:00-04:00,406.57,2021-06-30,84.0,0.23013698630136986,410.0,put,13.46,13.54,13.59,47,,0.14667,-0.53835,0.01387,0.77812,-0.07003,-0.54026,spy_options_2021.parquet,6377429
SPY,2021-04-07,2021-04-07T16:00:00-04:00,406.57,2021-06-30,84.0,0.23013698630136986,411.0,call,8.7,8.77,8.73,30,,0.13995,0.44333,0.01446,0.77381,-0.06121,0.38851,spy_options_2021.parquet,6377430
SPY,2021-04-07,2021-04-07T16:00:00-04:00,406.57,2021-06-30,84.0,0.23013698630136986,411.0,put,13.9,14.04,14.04,20,,0.14434,-0.55251,0.01389,0.77505,-0.06919,-0.55513,spy_options_2021.parquet,6377430
SPY,2021-04-07,2021-04-07T16:00:00-04:00,406.57,2021-06-30,84.0,0.23013698630136986,412.0,call,8.18,8.24,8.09,23,,0.13829,0.4284,0.01454,0.76889,-0.06107,0.37633,spy_options_2021.parquet,6377431
SPY,2021-04-07,2021-04-07T16:00:00-04:00,406.57,2021-06-30,84.0,0.23013698630136986,412.0,put,14.38,14.56,14.75,0,,0.14401,-0.56756,0.01389,0.7705,-0.06838,-0.57019,spy_options_2021.parquet,6377431
SPY,2021-04-07,2021-04-07T16:00:00-04:00,406.57,2021-06-30,84.0,0.23013698630136986,413.0,call,7.7,7.77,7.91,1,,0.13745,0.41303,0.0145,0.76302,-0.05997,0.3641,spy_options_2021.parquet,6377432
SPY,2021-04-07,2021-04-07T16:00:00-04:00,406.57,2021-06-30,84.0,0.23013698630136986,413.0,put,14.9,15.07,31.39,2,,0.1425,-0.58185,0.01398,0.76489,-0.06705,-0.5843,spy_options_2021.parquet,6377432
SPY,2021-04-07,2021-04-07T16:00:00-04:00,406.57,2021-06-30,84.0,0.23013698630136986,414.0,call,7.23,7.27,7.33,1,,0.13615,0.39782,0.0145,0.75662,-0.0591,0.35197,spy_options_2021.parquet,6377433
SPY,2021-04-07,2021-04-07T16:00:00-04:00,406.57,2021-06-30,84.0,0.23013698630136986,414.0,put,15.43,15.62,15.96,0,,0.1417,-0.59688,0.01388,0.75898,-0.06609,-0.59973,spy_options_2021.parquet,6377433
SPY,2021-04-07,2021-04-07T16:00:00-04:00,406.57,2021-06-30,84.0,0.23013698630136986,415.0,call,6.75,6.79,6.67,17,,0.13379,0.38199,0.01447,0.74738,-0.05741,0.33867,spy_options_2021.parquet,6377434
SPY,2021-04-07,2021-04-07T16:00:00-04:00,406.57,2021-06-30,84.0,0.23013698630136986,415.0,put,15.98,16.18,15.97,2,,0.14105,-0.61055,0.01389,0.75069,-0.06486,-0.61488,spy_options_2021.parquet,6377434
SPY,2021-04-07,2021-04-07T16:00:00-04:00,406.57,2021-06-30,84.0,0.23013698630136986,416.0,call,6.32,6.37,4.26,2,,0.13313,0.36639,0.01443,0.7379,-0.05646,0.32642,spy_options_2021.parquet,6377435
SPY,2021-04-07,2021-04-07T16:00:00-04:00,406.57,2021-06-30,84.0,0.23013698630136986,416.0,put,16.55,16.76,0.0,,,0.13944,-0.62548,0.01382,0.74218,-0.06435,-0.62978,spy_options_2021.parquet,6377435
SPY,2021-04-07,2021-04-07T16:00:00-04:00,406.57,2021-06-30,84.0,0.23013698630136986,417.0,call,5.91,5.96,6.07,1,,0.13255,0.35168,0.01435,0.7279,-0.05519,0.31348,spy_options_2021.parquet,6377436
SPY,2021-04-07,2021-04-07T16:00:00-04:00,406.57,2021-06-30,84.0,0.23013698630136986,417.0,put,17.17,17.32,30.5,7,,0.13861,-0.63989,0.01368,0.73334,-0.06341,-0.64537,spy_options_2021.parquet,6377436
SPY,2021-04-07,2021-04-07T16:00:00-04:00,406.57,2021-06-30,84.0,0.23013698630136986,418.0,call,5.51,5.55,5.5,4,,0.1314,0.33642,0.01423,0.71522,-0.05382,0.30043,spy_options_2021.parquet,6377437
SPY,2021-04-07,2021-04-07T16:00:00-04:00,406.57,2021-06-30,84.0,0.23013698630136986,418.0,put,17.73,17.93,35.21,2,,0.13718,-0.65495,0.01359,0.72181,-0.06208,-0.6598,spy_options_2021.parquet,6377437
SPY,2021-04-07,2021-04-07T16:00:00-04:00,406.57,2021-06-30,84.0,0.23013698630136986,419.0,call,5.13,5.17,5.14,1,,0.12957,0.32055,0.01402,0.70237,-0.05188,0.28743,spy_options_2021.parquet,6377438
SPY,2021-04-07,2021-04-07T16:00:00-04:00,406.57,2021-06-30,84.0,0.23013698630136986,419.0,put,18.4,18.62,19.59,1,,0.1378,-0.66845,0.01349,0.71129,-0.06032,-0.6745,spy_options_2021.parquet,6377438
SPY,2021-04-07,2021-04-07T16:00:00-04:00,406.57,2021-06-30,84.0,0.23013698630136986,420.0,call,4.79,4.83,4.73,84,,0.12894,0.30604,0.01386,0.68927,-0.05115,0.27552,spy_options_2021.parquet,6377439
SPY,2021-04-07,2021-04-07T16:00:00-04:00,406.57,2021-06-30,84.0,0.23013698630136986,420.0,put,19.06,19.22,20.84,1,,0.13614,-0.68269,0.01329,0.69847,-0.05897,-0.68926,spy_options_2021.parquet,6377439
SPY,2021-04-07,2021-04-07T16:00:00-04:00,406.57,2021-06-30,84.0,0.23013698630136986,421.0,call,4.45,4.5,4.33,104,,0.1282,0.292,0.01365,0.67354,-0.04951,0.26271,spy_options_2021.parquet,6377440
SPY,2021-04-07,2021-04-07T16:00:00-04:00,406.57,2021-06-30,84.0,0.23013698630136986,421.0,put,19.74,20.11,0.0,,,0.13765,-0.69363,0.01303,0.68761,-0.05933,-0.70139,spy_options_2021.parquet,6377440
SPY,2021-04-07,2021-04-07T16:00:00-04:00,406.57,2021-06-30,84.0,0.23013698630136986,422.0,call,4.15,4.19,4.25,153,,0.12794,0.27738,0.0134,0.6583,-0.04865,0.25107,spy_options_2021.parquet,6377441
SPY,2021-04-07,2021-04-07T16:00:00-04:00,406.57,2021-06-30,84.0,0.23013698630136986,422.0,put,20.43,20.67,0.0,,,0.136,-0.70836,0.01284,0.67307,-0.05694,-0.7167,spy_options_2021.parquet,6377441
SPY,2021-04-07,2021-04-07T16:00:00-04:00,406.57,2021-06-30,84.0,0.23013698630136986,423.0,call,3.86,3.9,3.95,623,,0.12759,0.26363,0.01313,0.64206,-0.04721,0.23881,spy_options_2021.parquet,6377442
SPY,2021-04-07,2021-04-07T16:00:00-04:00,406.57,2021-06-30,84.0,0.23013698630136986,423.0,put,21.13,21.29,0.0,,,0.13489,-0.72242,0.01267,0.65668,-0.05565,-0.73223,spy_options_2021.parquet,6377442
SPY,2021-04-07,2021-04-07T16:00:00-04:00,406.57,2021-06-30,84.0,0.23013698630136986,424.0,call,3.59,3.62,3.71,1,,0.12677,0.2506,0.0128,0.62446,-0.045,0.22664,spy_options_2021.parquet,6377443
SPY,2021-04-07,2021-04-07T16:00:00-04:00,406.57,2021-06-30,84.0,0.23013698630136986,424.0,put,21.88,22.12,0.0,,,0.13524,-0.73362,0.01238,0.64382,-0.05474,-0.74451,spy_options_2021.parquet,6377443
SPY,2021-04-07,2021-04-07T16:00:00-04:00,406.57,2021-06-30,84.0,0.23013698630136986,425.0,call,3.34,3.37,3.2,76,,0.12643,0.23716,0.01247,0.60763,-0.0444,0.216,spy_options_2021.parquet,6377444
SPY,2021-04-07,2021-04-07T16:00:00-04:00,406.57,2021-06-30,84.0,0.23013698630136986,425.0,put,22.64,23.19,24.65,1,,0.13795,-0.74084,0.01192,0.63441,-0.05556,-0.75355,spy_options_2021.parquet,6377444
SPY,2021-04-07,2021-04-07T16:00:00-04:00,406.57,2021-06-30,84.0,0.23013698630136986,426.0,call,3.09,3.13,3.37,0,,0.12561,0.2253,0.01215,0.58911,-0.0423,0.20401,spy_options_2021.parquet,6377445
SPY,2021-04-07,2021-04-07T16:00:00-04:00,406.57,2021-06-30,84.0,0.23013698630136986,426.0,put,23.43,23.6,23.47,1,,0.13569,-0.75697,0.01175,0.6135,-0.05212,-0.76965,spy_options_2021.parquet,6377445
SPY,2021-04-07,2021-04-07T16:00:00-04:00,406.57,2021-06-30,84.0,0.23013698630136986,427.0,call,2.88,2.91,2.83,1,,0.1254,0.21325,0.01183,0.57073,-0.04095,0.19356,spy_options_2021.parquet,6377446
SPY,2021-04-07,2021-04-07T16:00:00-04:00,406.57,2021-06-30,84.0,0.23013698630136986,427.0,put,24.19,24.76,42.64,7,,0.13778,-0.76244,0.01133,0.60554,-0.05314,-0.77817,spy_options_2021.parquet,6377446
SPY,2021-04-07,2021-04-07T16:00:00-04:00,406.57,2021-06-30,84.0,0.23013698630136986,428.0,call,2.67,2.71,2.69,4,,0.12516,0.20124,0.01147,0.55235,-0.04003,0.18308,spy_options_2021.parquet,6377447
SPY,2021-04-07,2021-04-07T16:00:00-04:00,406.57,2021-06-30,84.0,0.23013698630136986,428.0,put,24.99,25.57,0.0,,,0.13878,-0.7727,0.01105,0.59123,-0.05177,-0.78921,spy_options_2021.parquet,6377447
SPY,2021-04-07,2021-04-07T16:00:00-04:00,406.57,2021-06-30,84.0,0.23013698630136986,430.0,call,2.31,2.34,2.36,11,,0.1249,0.17927,0.01074,0.51604,-0.03729,0.16378,spy_options_2021.parquet,6377448
SPY,2021-04-07,2021-04-07T16:00:00-04:00,406.57,2021-06-30,84.0,0.23013698630136986,430.0,put,26.59,26.81,27.9,5,,0.13557,-0.79903,0.01056,0.54996,-0.04782,-0.81793,spy_options_2021.parquet,6377448
SPY,2021-04-07,2021-04-07T16:00:00-04:00,406.57,2021-06-30,84.0,0.23013698630136986,435.0,call,1.59,1.61,1.6,58,,0.12475,0.13358,0.00884,0.4244,-0.03062,0.12248,spy_options_2021.parquet,6377449
SPY,2021-04-07,2021-04-07T16:00:00-04:00,406.57,2021-06-30,84.0,0.23013698630136986,435.0,put,30.92,31.1,49.67,7,,0.1376,-0.84078,0.0089,0.47538,-0.04202,-0.86693,spy_options_2021.parquet,6377449
SPY,2021-04-07,2021-04-07T16:00:00-04:00,406.57,2021-06-30,84.0,0.23013698630136986,440.0,call,1.08,1.1,1.07,25,,0.12495,0.09732,0.007,0.33828,-0.02435,0.0887,spy_options_2021.parquet,6377450
SPY,2021-04-07,2021-04-07T16:00:00-04:00,406.57,2021-06-30,84.0,0.23013698630136986,440.0,put,35.42,36.06,35.55,1,,0.14637,-0.8634,0.00759,0.42838,-0.04074,-0.90023,spy_options_2021.parquet,6377450
SPY,2021-04-07,2021-04-07T16:00:00-04:00,406.57,2021-06-30,84.0,0.23013698630136986,445.0,call,0.74,0.77,0.76,45,,0.1264,0.07081,0.00542,0.26721,-0.01963,0.06549,spy_options_2021.parquet,6377451
SPY,2021-04-07,2021-04-07T16:00:00-04:00,406.57,2021-06-30,84.0,0.23013698630136986,445.0,put,39.78,40.61,58.81,2,,0.14545,-0.89597,0.00628,0.35268,-0.03464,-0.9408,spy_options_2021.parquet,6377451
SPY,2021-04-07,2021-04-07T16:00:00-04:00,406.57,2021-06-30,84.0,0.23013698630136986,450.0,call,0.52,0.54,0.53,21,,0.12792,0.05102,0.00416,0.20951,-0.0155,0.04755,spy_options_2021.parquet,6377452
SPY,2021-04-07,2021-04-07T16:00:00-04:00,406.57,2021-06-30,84.0,0.23013698630136986,450.0,put,44.53,45.4,70.37,1,,0.1515,-0.9131,0.0053,0.30785,-0.03176,-0.9683,spy_options_2021.parquet,6377452
SPY,2021-04-07,2021-04-07T16:00:00-04:00,406.57,2021-06-30,84.0,0.23013698630136986,455.0,call,0.37,0.39,0.44,0,,0.13001,0.03834,0.00323,0.16353,-0.01208,0.03481,spy_options_2021.parquet,6377453
SPY,2021-04-07,2021-04-07T16:00:00-04:00,406.57,2021-06-30,84.0,0.23013698630136986,455.0,put,49.29,50.44,65.0,10,,0.15986,-0.9236,0.00449,0.28068,-0.03095,-0.9891,spy_options_2021.parquet,6377453
SPY,2021-04-07,2021-04-07T16:00:00-04:00,406.57,2021-06-30,84.0,0.23013698630136986,460.0,call,0.27,0.29,0.29,9,,0.13329,0.02827,0.00247,0.12988,-0.00938,0.02629,spy_options_2021.parquet,6377454
SPY,2021-04-07,2021-04-07T16:00:00-04:00,406.57,2021-06-30,84.0,0.23013698630136986,460.0,put,54.23,55.33,60.9,1,,0.16797,-0.93165,0.00394,0.25705,-0.02969,-1.0084,spy_options_2021.parquet,6377454
SPY,2021-04-07,2021-04-07T16:00:00-04:00,406.57,2021-06-30,84.0,0.23013698630136986,465.0,call,0.21,0.22,0.23,2,,0.13655,0.02245,0.002,0.10467,-0.00785,0.01992,spy_options_2021.parquet,6377455
SPY,2021-04-07,2021-04-07T16:00:00-04:00,406.57,2021-06-30,84.0,0.23013698630136986,465.0,put,59.42,59.82,73.95,4,,0.17255,-0.94246,0.00337,0.22403,-0.0269,-1.03019,spy_options_2021.parquet,6377455
SPY,2021-04-07,2021-04-07T16:00:00-04:00,406.57,2021-06-30,84.0,0.23013698630136986,470.0,call,0.16,0.17,0.2,0,,0.14068,0.0173,0.00157,0.08428,-0.00707,0.01534,spy_options_2021.parquet,6377456
SPY,2021-04-07,2021-04-07T16:00:00-04:00,406.57,2021-06-30,84.0,0.23013698630136986,470.0,put,64.16,65.12,0.0,,,0.18347,-0.94463,0.0031,0.21823,-0.02736,-1.04373,spy_options_2021.parquet,6377456
SPY,2021-04-07,2021-04-07T16:00:00-04:00,406.57,2021-06-30,84.0,0.23013698630136986,475.0,call,0.12,0.14,0.16,20,,0.14391,0.01326,0.00117,0.06841,-0.00556,0.01234,spy_options_2021.parquet,6377457
SPY,2021-04-07,2021-04-07T16:00:00-04:00,406.57,2021-06-30,84.0,0.23013698630136986,475.0,put,68.98,70.17,88.22,2,,0.19069,-0.94967,0.00273,0.20023,-0.02711,-1.06023,spy_options_2021.parquet,6377457
SPY,2021-04-07,2021-04-07T16:00:00-04:00,406.57,2021-06-30,84.0,0.23013698630136986,480.0,call,0.1,0.11,0.13,1,,0.14888,0.01086,0.00102,0.05705,-0.00493,0.01001,spy_options_2021.parquet,6377458
SPY,2021-04-07,2021-04-07T16:00:00-04:00,406.57,2021-06-30,84.0,0.23013698630136986,480.0,put,73.96,75.17,0.0,,,0.20001,-0.95219,0.00251,0.19257,-0.02714,-1.07449,spy_options_2021.parquet,6377458
SPY,2021-04-07,2021-04-07T16:00:00-04:00,406.57,2021-06-30,84.0,0.23013698630136986,485.0,call,0.08,0.09,0.1,0,,0.15225,0.00827,0.00079,0.04767,-0.00425,0.00835,spy_options_2021.parquet,6377459
SPY,2021-04-07,2021-04-07T16:00:00-04:00,406.57,2021-06-30,84.0,0.23013698630136986,485.0,put,78.93,80.12,97.9,2,,0.208,-0.9558,0.00229,0.18038,-0.02665,-1.08907,spy_options_2021.parquet,6377459
SPY,2021-04-07,2021-04-07T16:00:00-04:00,406.57,2021-06-30,84.0,0.23013698630136986,490.0,call,0.06,0.07,0.07,2,,0.15504,0.00629,0.00063,0.03755,-0.00297,0.00596,spy_options_2021.parquet,6377460
SPY,2021-04-07,2021-04-07T16:00:00-04:00,406.57,2021-06-30,84.0,0.23013698630136986,490.0,put,83.95,85.12,123.6,1,,0.21813,-0.95691,0.00204,0.17592,-0.02708,-1.10205,spy_options_2021.parquet,6377460
SPY,2021-04-07,2021-04-07T16:00:00-04:00,406.57,2021-06-30,84.0,0.23013698630136986,495.0,call,0.06,0.07,0.07,0,,0.16264,0.00617,0.00052,0.03656,-0.00338,0.00632,spy_options_2021.parquet,6377461
SPY,2021-04-07,2021-04-07T16:00:00-04:00,406.57,2021-06-30,84.0,0.23013698630136986,495.0,put,88.9,90.09,0.0,,,0.22533,-0.96052,0.00188,0.16585,-0.02572,-1.11665,spy_options_2021.parquet,6377461
SPY,2021-04-07,2021-04-07T16:00:00-04:00,406.57,2021-06-30,84.0,0.23013698630136986,500.0,call,0.04,0.05,0.06,52,,0.16285,0.00424,0.00037,0.02714,-0.002,0.00398,spy_options_2021.parquet,6377462
SPY,2021-04-07,2021-04-07T16:00:00-04:00,406.57,2021-06-30,84.0,0.23013698630136986,500.0,put,93.93,95.04,94.4,0,,0.23405,-0.9624,0.0018,0.15968,-0.02646,-1.13026,spy_options_2021.parquet,6377462
SPY,2021-04-07,2021-04-07T16:00:00-04:00,406.57,2021-07-16,100.0,0.273972602739726,275.0,call,131.83,132.79,0.0,,,0.49224,0.91532,0.00037,0.2526,-0.05994,0.14214,spy_options_2021.parquet,6377481
SPY,2021-04-07,2021-04-07T16:00:00-04:00,406.57,2021-07-16,100.0,0.273972602739726,275.0,put,0.74,0.75,0.74,650,,0.38905,-0.02218,0.00068,0.11419,-0.02178,-0.02732,spy_options_2021.parquet,6377481
SPY,2021-04-07,2021-04-07T16:00:00-04:00,406.57,2021-07-16,100.0,0.273972602739726,280.0,call,126.89,127.85,113.91,2,,0.46916,0.91654,0.00037,0.25335,-0.05736,0.15498,spy_options_2021.parquet,6377482
SPY,2021-04-07,2021-04-07T16:00:00-04:00,406.57,2021-07-16,100.0,0.273972602739726,280.0,put,0.8,0.81,0.81,707,,0.37849,-0.02416,0.00071,0.12342,-0.02335,-0.03024,spy_options_2021.parquet,6377482
SPY,2021-04-07,2021-04-07T16:00:00-04:00,406.57,2021-07-16,100.0,0.273972602739726,285.0,call,121.95,122.91,0.0,,,0.44753,0.91741,0.00043,0.25488,-0.05407,0.16914,spy_options_2021.parquet,6377483
SPY,2021-04-07,2021-04-07T16:00:00-04:00,406.57,2021-07-16,100.0,0.273972602739726,285.0,put,0.88,0.89,0.91,1,,0.36863,-0.02688,0.00077,0.13507,-0.0248,-0.03299,spy_options_2021.parquet,6377483
SPY,2021-04-07,2021-04-07T16:00:00-04:00,406.57,2021-07-16,100.0,0.273972602739726,290.0,call,117.02,117.98,102.8,115,,0.42728,0.91829,0.00051,0.25779,-0.05268,0.18543,spy_options_2021.parquet,6377484
SPY,2021-04-07,2021-04-07T16:00:00-04:00,406.57,2021-07-16,100.0,0.273972602739726,290.0,put,0.96,0.97,0.98,152,,0.35896,-0.03049,0.00086,0.1475,-0.02611,-0.03624,spy_options_2021.parquet,6377484
SPY,2021-04-07,2021-04-07T16:00:00-04:00,406.57,2021-07-16,100.0,0.273972602739726,295.0,call,112.11,113.06,112.81,3,,0.40814,0.91987,0.00064,0.26078,-0.05097,0.20362,spy_options_2021.parquet,6377485
SPY,2021-04-07,2021-04-07T16:00:00-04:00,406.57,2021-07-16,100.0,0.273972602739726,295.0,put,1.05,1.06,1.13,0,,0.34982,-0.03402,0.00097,0.1598,-0.02789,-0.04102,spy_options_2021.parquet,6377485
SPY,2021-04-07,2021-04-07T16:00:00-04:00,406.57,2021-07-16,100.0,0.273972602739726,300.0,call,107.19,108.15,94.93,3,,0.38994,0.91994,0.00074,0.26439,-0.04933,0.22519,spy_options_2021.parquet,6377486
SPY,2021-04-07,2021-04-07T16:00:00-04:00,406.57,2021-07-16,100.0,0.273972602739726,300.0,put,1.15,1.17,1.16,46,,0.3401,-0.03697,0.00112,0.17524,-0.02943,-0.04525,spy_options_2021.parquet,6377486
SPY,2021-04-07,2021-04-07T16:00:00-04:00,406.57,2021-07-16,100.0,0.273972602739726,301.0,call,106.51,106.92,94.3,7,,0.38707,0.91989,0.00073,0.26736,-0.04864,0.23154,spy_options_2021.parquet,6377487
SPY,2021-04-07,2021-04-07T16:00:00-04:00,406.57,2021-07-16,100.0,0.273972602739726,301.0,put,1.17,1.19,1.75,196,,0.3382,-0.03822,0.00111,0.17791,-0.02943,-0.046,spy_options_2021.parquet,6377487
SPY,2021-04-07,2021-04-07T16:00:00-04:00,406.57,2021-07-16,100.0,0.273972602739726,302.0,call,105.53,105.94,0.0,,,0.38339,0.91974,0.00077,0.26804,-0.04853,0.23699,spy_options_2021.parquet,6377488
SPY,2021-04-07,2021-04-07T16:00:00-04:00,406.57,2021-07-16,100.0,0.273972602739726,302.0,put,1.2,1.21,1.28,0,,0.33675,-0.03875,0.00118,0.18126,-0.03039,-0.04687,spy_options_2021.parquet,6377488
SPY,2021-04-07,2021-04-07T16:00:00-04:00,406.57,2021-07-16,100.0,0.273972602739726,303.0,call,104.55,104.95,0.0,,,0.38027,0.91995,0.0008,0.26904,-0.04851,0.24048,spy_options_2021.parquet,6377489
SPY,2021-04-07,2021-04-07T16:00:00-04:00,406.57,2021-07-16,100.0,0.273972602739726,303.0,put,1.22,1.23,1.23,1,,0.33385,-0.04028,0.00124,0.18381,-0.03021,-0.04772,spy_options_2021.parquet,6377489
SPY,2021-04-07,2021-04-07T16:00:00-04:00,406.57,2021-07-16,100.0,0.273972602739726,304.0,call,103.57,103.97,0.0,,,0.37654,0.91929,0.00082,0.2699,-0.04764,0.24604,spy_options_2021.parquet,6377490
SPY,2021-04-07,2021-04-07T16:00:00-04:00,406.57,2021-07-16,100.0,0.273972602739726,304.0,put,1.24,1.26,1.37,1,,0.33222,-0.04084,0.00127,0.18727,-0.03068,-0.04936,spy_options_2021.parquet,6377490
SPY,2021-04-07,2021-04-07T16:00:00-04:00,406.57,2021-07-16,100.0,0.273972602739726,305.0,call,102.3,103.24,75.9,1,,0.37291,0.91968,0.00081,0.27068,-0.04753,0.24866,spy_options_2021.parquet,6377491
SPY,2021-04-07,2021-04-07T16:00:00-04:00,406.57,2021-07-16,100.0,0.273972602739726,305.0,put,1.27,1.29,1.3,5,,0.33093,-0.04171,0.00121,0.1916,-0.03103,-0.05053,spy_options_2021.parquet,6377491
SPY,2021-04-07,2021-04-07T16:00:00-04:00,406.57,2021-07-16,100.0,0.273972602739726,306.0,call,101.61,102.01,0.0,,,0.36952,0.91952,0.00087,0.27255,-0.04787,0.2556,spy_options_2021.parquet,6377492
SPY,2021-04-07,2021-04-07T16:00:00-04:00,406.57,2021-07-16,100.0,0.273972602739726,306.0,put,1.29,1.31,1.42,2,,0.32873,-0.04267,0.00125,0.19414,-0.03142,-0.05165,spy_options_2021.parquet,6377492
SPY,2021-04-07,2021-04-07T16:00:00-04:00,406.57,2021-07-16,100.0,0.273972602739726,307.0,call,100.63,101.03,0.0,,,0.36693,0.91954,0.00096,0.27395,-0.0473,0.26043,spy_options_2021.parquet,6377493
SPY,2021-04-07,2021-04-07T16:00:00-04:00,406.57,2021-07-16,100.0,0.273972602739726,307.0,put,1.32,1.34,1.45,1,,0.32743,-0.04319,0.00134,0.19831,-0.03251,-0.05281,spy_options_2021.parquet,6377493
SPY,2021-04-07,2021-04-07T16:00:00-04:00,406.57,2021-07-16,100.0,0.273972602739726,308.0,call,99.65,100.05,0.0,,,0.36363,0.91904,0.00098,0.27524,-0.0473,0.26589,spy_options_2021.parquet,6377494
SPY,2021-04-07,2021-04-07T16:00:00-04:00,406.57,2021-07-16,100.0,0.273972602739726,308.0,put,1.34,1.36,1.46,1,,0.32563,-0.04446,0.00137,0.20118,-0.03205,-0.0539,spy_options_2021.parquet,6377494
SPY,2021-04-07,2021-04-07T16:00:00-04:00,406.57,2021-07-16,100.0,0.273972602739726,309.0,call,98.67,99.08,86.8,16,,0.36041,0.91861,0.001,0.27659,-0.0472,0.27096,spy_options_2021.parquet,6377495
SPY,2021-04-07,2021-04-07T16:00:00-04:00,406.57,2021-07-16,100.0,0.273972602739726,309.0,put,1.37,1.39,1.49,1,,0.32381,-0.04519,0.00142,0.20525,-0.03314,-0.0544,spy_options_2021.parquet,6377495
SPY,2021-04-07,2021-04-07T16:00:00-04:00,406.57,2021-07-16,100.0,0.273972602739726,310.0,call,97.42,98.36,89.23,2,,0.35675,0.91924,0.00101,0.2778,-0.04651,0.27541,spy_options_2021.parquet,6377496
SPY,2021-04-07,2021-04-07T16:00:00-04:00,406.57,2021-07-16,100.0,0.273972602739726,310.0,put,1.39,1.42,1.49,2,,0.32153,-0.04606,0.00143,0.20886,-0.03293,-0.05577,spy_options_2021.parquet,6377496
SPY,2021-04-07,2021-04-07T16:00:00-04:00,406.57,2021-07-16,100.0,0.273972602739726,311.0,call,96.44,97.39,0.0,,,0.35383,0.9186,0.00104,0.27948,-0.04684,0.28143,spy_options_2021.parquet,6377497
SPY,2021-04-07,2021-04-07T16:00:00-04:00,406.57,2021-07-16,100.0,0.273972602739726,311.0,put,1.42,1.45,1.54,0,,0.32025,-0.04732,0.00146,0.21262,-0.03351,-0.05688,spy_options_2021.parquet,6377497
SPY,2021-04-07,2021-04-07T16:00:00-04:00,406.57,2021-07-16,100.0,0.273972602739726,312.0,call,95.47,96.41,85.14,20,,0.35055,0.91814,0.00107,0.28099,-0.04662,0.28764,spy_options_2021.parquet,6377498
SPY,2021-04-07,2021-04-07T16:00:00-04:00,406.57,2021-07-16,100.0,0.273972602739726,312.0,put,1.45,1.47,1.5,0,,0.31755,-0.0481,0.00146,0.21598,-0.03375,-0.05882,spy_options_2021.parquet,6377498
SPY,2021-04-07,2021-04-07T16:00:00-04:00,406.57,2021-07-16,100.0,0.273972602739726,313.0,call,94.49,95.44,81.45,12,,0.34725,0.91845,0.00109,0.28272,-0.04582,0.29286,spy_options_2021.parquet,6377499
SPY,2021-04-07,2021-04-07T16:00:00-04:00,406.57,2021-07-16,100.0,0.273972602739726,313.0,put,1.48,1.5,1.54,20,,0.31616,-0.04908,0.00157,0.21931,-0.03397,-0.05991,spy_options_2021.parquet,6377499
SPY,2021-04-07,2021-04-07T16:00:00-04:00,406.57,2021-07-16,100.0,0.273972602739726,314.0,call,93.52,94.46,85.2,1,,0.34404,0.91746,0.00113,0.28498,-0.04628,0.29876,spy_options_2021.parquet,6377500
SPY,2021-04-07,2021-04-07T16:00:00-04:00,406.57,2021-07-16,100.0,0.273972602739726,314.0,put,1.51,1.53,1.65,1,,0.31382,-0.0502,0.00156,0.22359,-0.03492,-0.06154,spy_options_2021.parquet,6377500
SPY,2021-04-07,2021-04-07T16:00:00-04:00,406.57,2021-07-16,100.0,0.273972602739726,315.0,call,92.55,93.49,82.15,10,,0.3416,0.91732,0.00114,0.28665,-0.04637,0.30483,spy_options_2021.parquet,6377501
SPY,2021-04-07,2021-04-07T16:00:00-04:00,406.57,2021-07-16,100.0,0.273972602739726,315.0,put,1.54,1.57,1.55,4,,0.31289,-0.0521,0.00161,0.22772,-0.03489,-0.06221,spy_options_2021.parquet,6377501
SPY,2021-04-07,2021-04-07T16:00:00-04:00,406.57,2021-07-16,100.0,0.273972602739726,316.0,call,91.58,92.52,73.52,2,,0.33865,0.91695,0.00126,0.28876,-0.04568,0.31123,spy_options_2021.parquet,6377502
SPY,2021-04-07,2021-04-07T16:00:00-04:00,406.57,2021-07-16,100.0,0.273972602739726,316.0,put,1.57,1.6,1.7,0,,0.31063,-0.05328,0.00165,0.23235,-0.0356,-0.06437,spy_options_2021.parquet,6377502
SPY,2021-04-07,2021-04-07T16:00:00-04:00,406.57,2021-07-16,100.0,0.273972602739726,317.0,call,90.87,91.27,78.45,2,,0.3359,0.91649,0.00123,0.29082,-0.04575,0.31695,spy_options_2021.parquet,6377503
SPY,2021-04-07,2021-04-07T16:00:00-04:00,406.57,2021-07-16,100.0,0.273972602739726,317.0,put,1.61,1.63,1.62,68,,0.30886,-0.05454,0.00167,0.23607,-0.03621,-0.06571,spy_options_2021.parquet,6377503
SPY,2021-04-07,2021-04-07T16:00:00-04:00,406.57,2021-07-16,100.0,0.273972602739726,318.0,call,89.89,90.3,80.12,365,,0.33238,0.91588,0.00132,0.29279,-0.0461,0.32301,spy_options_2021.parquet,6377504
SPY,2021-04-07,2021-04-07T16:00:00-04:00,406.57,2021-07-16,100.0,0.273972602739726,318.0,put,1.64,1.66,1.69,0,,0.30726,-0.05508,0.00168,0.24031,-0.03661,-0.06717,spy_options_2021.parquet,6377504
SPY,2021-04-07,2021-04-07T16:00:00-04:00,406.57,2021-07-16,100.0,0.273972602739726,319.0,call,88.92,89.32,75.19,1,,0.33007,0.91546,0.00137,0.29556,-0.04522,0.32881,spy_options_2021.parquet,6377505
SPY,2021-04-07,2021-04-07T16:00:00-04:00,406.57,2021-07-16,100.0,0.273972602739726,319.0,put,1.67,1.7,1.74,96,,0.30544,-0.05679,0.00173,0.24448,-0.03677,-0.068,spy_options_2021.parquet,6377505
SPY,2021-04-07,2021-04-07T16:00:00-04:00,406.57,2021-07-16,100.0,0.273972602739726,320.0,call,87.72,88.64,79.47,14,,0.3275,0.91454,0.00144,0.29884,-0.0462,0.33769,spy_options_2021.parquet,6377506
SPY,2021-04-07,2021-04-07T16:00:00-04:00,406.57,2021-07-16,100.0,0.273972602739726,320.0,put,1.71,1.73,1.83,0,,0.30429,-0.05788,0.00183,0.2488,-0.03733,-0.07008,spy_options_2021.parquet,6377506
SPY,2021-04-07,2021-04-07T16:00:00-04:00,406.57,2021-07-16,100.0,0.273972602739726,321.0,call,86.98,87.38,0.0,,,0.3245,0.91486,0.00143,0.29958,-0.04572,0.34145,spy_options_2021.parquet,6377507
SPY,2021-04-07,2021-04-07T16:00:00-04:00,406.57,2021-07-16,100.0,0.273972602739726,321.0,put,1.76,1.77,2.34,15,,0.30257,-0.05947,0.00188,0.25468,-0.03791,-0.07138,spy_options_2021.parquet,6377507
SPY,2021-04-07,2021-04-07T16:00:00-04:00,406.57,2021-07-16,100.0,0.273972602739726,322.0,call,86.01,86.41,75.38,3,,0.32099,0.91396,0.00147,0.30222,-0.04497,0.34799,spy_options_2021.parquet,6377508
SPY,2021-04-07,2021-04-07T16:00:00-04:00,406.57,2021-07-16,100.0,0.273972602739726,322.0,put,1.78,1.81,1.89,1,,0.30037,-0.06109,0.0019,0.2583,-0.03841,-0.07362,spy_options_2021.parquet,6377508
SPY,2021-04-07,2021-04-07T16:00:00-04:00,406.57,2021-07-16,100.0,0.273972602739726,323.0,call,84.82,85.74,74.36,2,,0.31959,0.91303,0.00154,0.30761,-0.04619,0.35769,spy_options_2021.parquet,6377509
SPY,2021-04-07,2021-04-07T16:00:00-04:00,406.57,2021-07-16,100.0,0.273972602739726,323.0,put,1.82,1.85,1.86,110,,0.29858,-0.0627,0.00187,0.26271,-0.03948,-0.07535,spy_options_2021.parquet,6377509
SPY,2021-04-07,2021-04-07T16:00:00-04:00,406.57,2021-07-16,100.0,0.273972602739726,324.0,call,83.84,84.77,65.76,4,,0.31741,0.91218,0.00162,0.30944,-0.04573,0.3636,spy_options_2021.parquet,6377510
SPY,2021-04-07,2021-04-07T16:00:00-04:00,406.57,2021-07-16,100.0,0.273972602739726,324.0,put,1.86,1.88,1.9,1,,0.29666,-0.06358,0.00201,0.26793,-0.03911,-0.07663,spy_options_2021.parquet,6377510
SPY,2021-04-07,2021-04-07T16:00:00-04:00,406.57,2021-07-16,100.0,0.273972602739726,325.0,call,82.89,83.8,76.02,1,,0.31444,0.9114,0.00161,0.3133,-0.04628,0.37067,spy_options_2021.parquet,6377511
SPY,2021-04-07,2021-04-07T16:00:00-04:00,406.57,2021-07-16,100.0,0.273972602739726,325.0,put,1.9,1.93,1.93,94,,0.29517,-0.06479,0.00199,0.27297,-0.04033,-0.07861,spy_options_2021.parquet,6377511
SPY,2021-04-07,2021-04-07T16:00:00-04:00,406.57,2021-07-16,100.0,0.273972602739726,326.0,call,81.91,82.84,0.0,,,0.31205,0.9112,0.00166,0.3159,-0.04578,0.37751,spy_options_2021.parquet,6377512
SPY,2021-04-07,2021-04-07T16:00:00-04:00,406.57,2021-07-16,100.0,0.273972602739726,326.0,put,1.94,1.97,2.12,27,,0.29355,-0.06718,0.00211,0.27797,-0.03998,-0.07987,spy_options_2021.parquet,6377512
SPY,2021-04-07,2021-04-07T16:00:00-04:00,406.57,2021-07-16,100.0,0.273972602739726,327.0,call,80.96,81.87,0.0,,,0.30935,0.91055,0.00178,0.31946,-0.04593,0.38438,spy_options_2021.parquet,6377513
SPY,2021-04-07,2021-04-07T16:00:00-04:00,406.57,2021-07-16,100.0,0.273972602739726,327.0,put,1.98,2.01,2.15,0,,0.29146,-0.06854,0.00207,0.2823,-0.04099,-0.08218,spy_options_2021.parquet,6377513
SPY,2021-04-07,2021-04-07T16:00:00-04:00,406.57,2021-07-16,100.0,0.273972602739726,328.0,call,79.98,80.91,62.1,4,,0.30622,0.90937,0.00185,0.32181,-0.04608,0.39101,spy_options_2021.parquet,6377514
SPY,2021-04-07,2021-04-07T16:00:00-04:00,406.57,2021-07-16,100.0,0.273972602739726,328.0,put,2.02,2.05,2.09,0,,0.28954,-0.06968,0.00212,0.28708,-0.04138,-0.08434,spy_options_2021.parquet,6377514
SPY,2021-04-07,2021-04-07T16:00:00-04:00,406.57,2021-07-16,100.0,0.273972602739726,329.0,call,79.04,79.95,69.66,1,,0.30419,0.90822,0.00186,0.32639,-0.04598,0.39811,spy_options_2021.parquet,6377515
SPY,2021-04-07,2021-04-07T16:00:00-04:00,406.57,2021-07-16,100.0,0.273972602739726,329.0,put,2.07,2.1,2.26,61,,0.28787,-0.07198,0.00221,0.29297,-0.04214,-0.08577,spy_options_2021.parquet,6377515
SPY,2021-04-07,2021-04-07T16:00:00-04:00,406.57,2021-07-16,100.0,0.273972602739726,330.0,call,78.08,78.99,78.27,1,,0.30182,0.90767,0.00194,0.32991,-0.04654,0.40527,spy_options_2021.parquet,6377516
SPY,2021-04-07,2021-04-07T16:00:00-04:00,406.57,2021-07-16,100.0,0.273972602739726,330.0,put,2.11,2.14,2.14,1,,0.28595,-0.07322,0.00223,0.29838,-0.04265,-0.08835,spy_options_2021.parquet,6377516
SPY,2021-04-07,2021-04-07T16:00:00-04:00,406.57,2021-07-16,100.0,0.273972602739726,331.0,call,77.1,78.03,0.0,,,0.29952,0.90626,0.00194,0.3334,-0.04683,0.41124,spy_options_2021.parquet,6377517
SPY,2021-04-07,2021-04-07T16:00:00-04:00,406.57,2021-07-16,100.0,0.273972602739726,331.0,put,2.16,2.19,2.25,0,,0.2849,-0.07465,0.00229,0.30329,-0.04255,-0.09033,spy_options_2021.parquet,6377517
SPY,2021-04-07,2021-04-07T16:00:00-04:00,406.57,2021-07-16,100.0,0.273972602739726,332.0,call,76.13,77.07,65.53,1,,0.2969,0.9052,0.00203,0.33695,-0.04646,0.41848,spy_options_2021.parquet,6377518
SPY,2021-04-07,2021-04-07T16:00:00-04:00,406.57,2021-07-16,100.0,0.273972602739726,332.0,put,2.21,2.24,2.3,0,,0.28298,-0.07724,0.0024,0.30918,-0.0432,-0.09277,spy_options_2021.parquet,6377518
SPY,2021-04-07,2021-04-07T16:00:00-04:00,406.57,2021-07-16,100.0,0.273972602739726,333.0,call,75.18,76.11,50.87,2,,0.29435,0.9044,0.00209,0.34071,-0.04641,0.42493,spy_options_2021.parquet,6377519
SPY,2021-04-07,2021-04-07T16:00:00-04:00,406.57,2021-07-16,100.0,0.273972602739726,333.0,put,2.26,2.29,2.45,0,,0.28156,-0.07878,0.00245,0.31449,-0.04433,-0.09476,spy_options_2021.parquet,6377519
SPY,2021-04-07,2021-04-07T16:00:00-04:00,406.57,2021-07-16,100.0,0.273972602739726,334.0,call,74.25,75.11,65.93,3,,0.29203,0.90321,0.00215,0.345,-0.04641,0.43155,spy_options_2021.parquet,6377520
SPY,2021-04-07,2021-04-07T16:00:00-04:00,406.57,2021-07-16,100.0,0.273972602739726,334.0,put,2.31,2.34,2.39,0,,0.28025,-0.08073,0.00249,0.32029,-0.04507,-0.09658,spy_options_2021.parquet,6377520
SPY,2021-04-07,2021-04-07T16:00:00-04:00,406.57,2021-07-16,100.0,0.273972602739726,335.0,call,73.31,74.16,65.57,1,,0.28967,0.90171,0.00229,0.34934,-0.04677,0.43987,spy_options_2021.parquet,6377521
SPY,2021-04-07,2021-04-07T16:00:00-04:00,406.57,2021-07-16,100.0,0.273972602739726,335.0,put,2.36,2.39,2.41,42,,0.27789,-0.082,0.00256,0.32639,-0.04489,-0.0988,spy_options_2021.parquet,6377521
SPY,2021-04-07,2021-04-07T16:00:00-04:00,406.57,2021-07-16,100.0,0.273972602739726,336.0,call,72.32,73.25,63.44,3,,0.28805,0.90083,0.00234,0.35414,-0.04744,0.44629,spy_options_2021.parquet,6377522
SPY,2021-04-07,2021-04-07T16:00:00-04:00,406.57,2021-07-16,100.0,0.273972602739726,336.0,put,2.41,2.44,2.46,7,,0.27627,-0.08454,0.00264,0.33219,-0.04561,-0.1011,spy_options_2021.parquet,6377522
SPY,2021-04-07,2021-04-07T16:00:00-04:00,406.57,2021-07-16,100.0,0.273972602739726,337.0,call,71.4,72.25,60.3,1,,0.28492,0.89894,0.00239,0.35818,-0.04791,0.45316,spy_options_2021.parquet,6377523
SPY,2021-04-07,2021-04-07T16:00:00-04:00,406.57,2021-07-16,100.0,0.273972602739726,337.0,put,2.47,2.5,2.62,10,,0.27444,-0.08628,0.00267,0.33861,-0.04614,-0.1044,spy_options_2021.parquet,6377523
SPY,2021-04-07,2021-04-07T16:00:00-04:00,406.57,2021-07-16,100.0,0.273972602739726,338.0,call,70.45,71.3,59.72,2,,0.28319,0.89717,0.00244,0.3632,-0.04735,0.46087,spy_options_2021.parquet,6377524
SPY,2021-04-07,2021-04-07T16:00:00-04:00,406.57,2021-07-16,100.0,0.273972602739726,338.0,put,2.52,2.56,2.63,5,,0.27341,-0.08905,0.0027,0.34455,-0.04652,-0.10668,spy_options_2021.parquet,6377524
SPY,2021-04-07,2021-04-07T16:00:00-04:00,406.57,2021-07-16,100.0,0.273972602739726,339.0,call,69.5,70.35,58.97,1,,0.28086,0.89564,0.00255,0.36805,-0.04769,0.46785,spy_options_2021.parquet,6377525
SPY,2021-04-07,2021-04-07T16:00:00-04:00,406.57,2021-07-16,100.0,0.273972602739726,339.0,put,2.58,2.61,2.7,7,,0.27156,-0.09034,0.00283,0.35012,-0.04758,-0.10926,spy_options_2021.parquet,6377525
SPY,2021-04-07,2021-04-07T16:00:00-04:00,406.57,2021-07-16,100.0,0.273972602739726,340.0,call,68.55,69.4,68.59,0,,0.279,0.89485,0.00257,0.37256,-0.04845,0.47457,spy_options_2021.parquet,6377526
SPY,2021-04-07,2021-04-07T16:00:00-04:00,406.57,2021-07-16,100.0,0.273972602739726,340.0,put,2.64,2.67,2.73,110,,0.2694,-0.09293,0.00289,0.35657,-0.04767,-0.11129,spy_options_2021.parquet,6377526
SPY,2021-04-07,2021-04-07T16:00:00-04:00,406.57,2021-07-16,100.0,0.273972602739726,341.0,call,67.57,68.2,56.15,1,,0.27279,0.8953,0.00261,0.37021,-0.04688,0.47444,spy_options_2021.parquet,6377527
SPY,2021-04-07,2021-04-07T16:00:00-04:00,406.57,2021-07-16,100.0,0.273972602739726,341.0,put,2.7,2.73,2.89,0,,0.26843,-0.0954,0.003,0.36308,-0.04849,-0.11481,spy_options_2021.parquet,6377527
SPY,2021-04-07,2021-04-07T16:00:00-04:00,406.57,2021-07-16,100.0,0.273972602739726,342.0,call,66.63,67.55,67.36,76,,0.27409,0.89135,0.00275,0.38285,-0.04901,0.48881,spy_options_2021.parquet,6377528
SPY,2021-04-07,2021-04-07T16:00:00-04:00,406.57,2021-07-16,100.0,0.273972602739726,342.0,put,2.76,2.78,2.77,165,,0.26587,-0.09742,0.003,0.36885,-0.04893,-0.11686,spy_options_2021.parquet,6377528
SPY,2021-04-07,2021-04-07T16:00:00-04:00,406.57,2021-07-16,100.0,0.273972602739726,343.0,call,65.71,66.56,55.39,4,,0.27206,0.88985,0.00281,0.38833,-0.04874,0.49446,spy_options_2021.parquet,6377529
SPY,2021-04-07,2021-04-07T16:00:00-04:00,406.57,2021-07-16,100.0,0.273972602739726,343.0,put,2.82,2.86,2.92,2,,0.2648,-0.09973,0.00305,0.37586,-0.04981,-0.12011,spy_options_2021.parquet,6377529
SPY,2021-04-07,2021-04-07T16:00:00-04:00,406.57,2021-07-16,100.0,0.273972602739726,344.0,call,64.77,65.62,65.49,32,,0.27016,0.88744,0.00287,0.39354,-0.04933,0.50114,spy_options_2021.parquet,6377530
SPY,2021-04-07,2021-04-07T16:00:00-04:00,406.57,2021-07-16,100.0,0.273972602739726,344.0,put,2.88,2.92,3.01,0,,0.26329,-0.10241,0.00319,0.38265,-0.04989,-0.12225,spy_options_2021.parquet,6377530
SPY,2021-04-07,2021-04-07T16:00:00-04:00,406.57,2021-07-16,100.0,0.273972602739726,345.0,call,63.83,64.68,47.57,2,,0.26772,0.88537,0.00304,0.39925,-0.04969,0.50801,spy_options_2021.parquet,6377531
SPY,2021-04-07,2021-04-07T16:00:00-04:00,406.57,2021-07-16,100.0,0.273972602739726,345.0,put,2.95,2.98,2.99,113,,0.26073,-0.10496,0.00327,0.38865,-0.05037,-0.12616,spy_options_2021.parquet,6377531
SPY,2021-04-07,2021-04-07T16:00:00-04:00,406.57,2021-07-16,100.0,0.273972602739726,346.0,call,62.9,63.74,54.8,1,,0.26605,0.88387,0.00307,0.40569,-0.0505,0.51539,spy_options_2021.parquet,6377532
SPY,2021-04-07,2021-04-07T16:00:00-04:00,406.57,2021-07-16,100.0,0.273972602739726,346.0,put,3.02,3.05,4.0,298,,0.25978,-0.10777,0.00334,0.3961,-0.05161,-0.12885,spy_options_2021.parquet,6377532
SPY,2021-04-07,2021-04-07T16:00:00-04:00,406.57,2021-07-16,100.0,0.273972602739726,347.0,call,61.96,62.8,62.67,20,,0.26373,0.88105,0.00317,0.41097,-0.05035,0.52154,spy_options_2021.parquet,6377533
SPY,2021-04-07,2021-04-07T16:00:00-04:00,406.57,2021-07-16,100.0,0.273972602739726,347.0,put,3.09,3.13,3.32,0,,0.25845,-0.11011,0.0034,0.40314,-0.05153,-0.13205,spy_options_2021.parquet,6377533
SPY,2021-04-07,2021-04-07T16:00:00-04:00,406.57,2021-07-16,100.0,0.273972602739726,348.0,call,61.02,61.86,51.27,2,,0.26216,0.87934,0.00329,0.41748,-0.05067,0.52792,spy_options_2021.parquet,6377534
SPY,2021-04-07,2021-04-07T16:00:00-04:00,406.57,2021-07-16,100.0,0.273972602739726,348.0,put,3.15,3.19,3.26,0,,0.25624,-0.11292,0.00347,0.40967,-0.05268,-0.13501,spy_options_2021.parquet,6377534
SPY,2021-04-07,2021-04-07T16:00:00-04:00,406.57,2021-07-16,100.0,0.273972602739726,349.0,call,60.08,60.95,47.65,2,,0.26032,0.8763,0.0034,0.42355,-0.05122,0.53475,spy_options_2021.parquet,6377535
SPY,2021-04-07,2021-04-07T16:00:00-04:00,406.57,2021-07-16,100.0,0.273972602739726,349.0,put,3.23,3.27,3.44,1,,0.25448,-0.11509,0.00358,0.41648,-0.05339,-0.13877,spy_options_2021.parquet,6377535
SPY,2021-04-07,2021-04-07T16:00:00-04:00,406.57,2021-07-16,100.0,0.273972602739726,350.0,call,59.15,59.99,59.37,1,,0.25792,0.87454,0.00345,0.42927,-0.05096,0.54019,spy_options_2021.parquet,6377536
SPY,2021-04-07,2021-04-07T16:00:00-04:00,406.57,2021-07-16,100.0,0.273972602739726,350.0,put,3.31,3.34,3.34,296,,0.25328,-0.118,0.00368,0.42401,-0.05393,-0.14227,spy_options_2021.parquet,6377536
SPY,2021-04-07,2021-04-07T16:00:00-04:00,406.57,2021-07-16,100.0,0.273972602739726,351.0,call,58.22,59.06,45.82,5,,0.25571,0.87248,0.00357,0.43633,-0.0523,0.54617,spy_options_2021.parquet,6377537
SPY,2021-04-07,2021-04-07T16:00:00-04:00,406.57,2021-07-16,100.0,0.273972602739726,351.0,put,3.38,3.42,3.47,1,,0.25109,-0.12119,0.00378,0.43182,-0.05364,-0.14575,spy_options_2021.parquet,6377537
SPY,2021-04-07,2021-04-07T16:00:00-04:00,406.57,2021-07-16,100.0,0.273972602739726,352.0,call,57.29,58.13,44.96,7,,0.25315,0.86992,0.00362,0.44299,-0.05263,0.55206,spy_options_2021.parquet,6377538
SPY,2021-04-07,2021-04-07T16:00:00-04:00,406.57,2021-07-16,100.0,0.273972602739726,352.0,put,3.47,3.5,3.54,1,,0.24931,-0.12437,0.00379,0.43865,-0.05492,-0.14932,spy_options_2021.parquet,6377538
SPY,2021-04-07,2021-04-07T16:00:00-04:00,406.57,2021-07-16,100.0,0.273972602739726,353.0,call,56.37,57.23,44.51,6,,0.25203,0.86629,0.00373,0.44994,-0.05233,0.55843,spy_options_2021.parquet,6377539
SPY,2021-04-07,2021-04-07T16:00:00-04:00,406.57,2021-07-16,100.0,0.273972602739726,353.0,put,3.54,3.58,3.68,9,,0.24806,-0.12695,0.00398,0.44605,-0.05548,-0.15304,spy_options_2021.parquet,6377539
SPY,2021-04-07,2021-04-07T16:00:00-04:00,406.57,2021-07-16,100.0,0.273972602739726,354.0,call,55.45,56.28,45.87,1,,0.24939,0.86458,0.00385,0.4572,-0.05268,0.56376,spy_options_2021.parquet,6377540
SPY,2021-04-07,2021-04-07T16:00:00-04:00,406.57,2021-07-16,100.0,0.273972602739726,354.0,put,3.62,3.66,3.84,0,,0.24627,-0.12992,0.00404,0.45398,-0.05563,-0.15666,spy_options_2021.parquet,6377540
SPY,2021-04-07,2021-04-07T16:00:00-04:00,406.57,2021-07-16,100.0,0.273972602739726,355.0,call,54.52,55.38,54.39,3,,0.24799,0.86165,0.00395,0.46465,-0.0536,0.56957,spy_options_2021.parquet,6377541
SPY,2021-04-07,2021-04-07T16:00:00-04:00,406.57,2021-07-16,100.0,0.273972602739726,355.0,put,3.72,3.76,3.74,79,,0.24424,-0.13366,0.00413,0.46244,-0.05649,-0.15999,spy_options_2021.parquet,6377541
SPY,2021-04-07,2021-04-07T16:00:00-04:00,406.57,2021-07-16,100.0,0.273972602739726,356.0,call,53.6,54.46,42.24,5,,0.24604,0.8584,0.00408,0.47162,-0.05417,0.57562,spy_options_2021.parquet,6377542
SPY,2021-04-07,2021-04-07T16:00:00-04:00,406.57,2021-07-16,100.0,0.273972602739726,356.0,put,3.8,3.84,4.08,0,,0.24247,-0.13731,0.00418,0.4698,-0.05727,-0.16402,spy_options_2021.parquet,6377542
SPY,2021-04-07,2021-04-07T16:00:00-04:00,406.57,2021-07-16,100.0,0.273972602739726,357.0,call,52.68,53.54,51.49,2,,0.24409,0.85517,0.00417,0.47798,-0.05435,0.58003,spy_options_2021.parquet,6377543
SPY,2021-04-07,2021-04-07T16:00:00-04:00,406.57,2021-07-16,100.0,0.273972602739726,357.0,put,3.89,3.93,4.0,0,,0.24123,-0.1406,0.00434,0.47784,-0.0578,-0.16796,spy_options_2021.parquet,6377543
SPY,2021-04-07,2021-04-07T16:00:00-04:00,406.57,2021-07-16,100.0,0.273972602739726,358.0,call,51.76,52.62,45.43,1,,0.24216,0.85191,0.00432,0.48567,-0.05512,0.58588,spy_options_2021.parquet,6377544
SPY,2021-04-07,2021-04-07T16:00:00-04:00,406.57,2021-07-16,100.0,0.273972602739726,358.0,put,3.98,4.02,4.24,0,,0.2396,-0.14375,0.00441,0.48536,-0.05844,-0.17244,spy_options_2021.parquet,6377544
SPY,2021-04-07,2021-04-07T16:00:00-04:00,406.57,2021-07-16,100.0,0.273972602739726,359.0,call,50.85,51.71,39.84,46,,0.23985,0.84861,0.00438,0.49351,-0.05511,0.59092,spy_options_2021.parquet,6377545
SPY,2021-04-07,2021-04-07T16:00:00-04:00,406.57,2021-07-16,100.0,0.273972602739726,359.0,put,4.08,4.11,4.36,0,,0.23745,-0.14696,0.00452,0.4936,-0.059,-0.17684,spy_options_2021.parquet,6377545
SPY,2021-04-07,2021-04-07T16:00:00-04:00,406.57,2021-07-16,100.0,0.273972602739726,360.0,call,49.94,50.79,50.32,28,,0.23861,0.84529,0.00448,0.50121,-0.05571,0.59509,spy_options_2021.parquet,6377546
SPY,2021-04-07,2021-04-07T16:00:00-04:00,406.57,2021-07-16,100.0,0.273972602739726,360.0,put,4.18,4.21,4.2,89,,0.23607,-0.15145,0.00467,0.5017,-0.05893,-0.18141,spy_options_2021.parquet,6377546
SPY,2021-04-07,2021-04-07T16:00:00-04:00,406.57,2021-07-16,100.0,0.273972602739726,361.0,call,49.21,49.82,33.61,3,,0.23726,0.84146,0.00461,0.51095,-0.0564,0.60017,spy_options_2021.parquet,6377547
SPY,2021-04-07,2021-04-07T16:00:00-04:00,406.57,2021-07-16,100.0,0.273972602739726,361.0,put,4.28,4.32,4.54,0,,0.235,-0.15515,0.00478,0.51015,-0.06002,-0.18573,spy_options_2021.parquet,6377547
SPY,2021-04-07,2021-04-07T16:00:00-04:00,406.57,2021-07-16,100.0,0.273972602739726,362.0,call,48.13,48.95,49.0,1,,0.23471,0.83864,0.00475,0.51665,-0.05672,0.60432,spy_options_2021.parquet,6377548
SPY,2021-04-07,2021-04-07T16:00:00-04:00,406.57,2021-07-16,100.0,0.273972602739726,362.0,put,4.38,4.42,4.49,1,,0.23339,-0.15877,0.00489,0.51874,-0.06082,-0.1905,spy_options_2021.parquet,6377548
SPY,2021-04-07,2021-04-07T16:00:00-04:00,406.57,2021-07-16,100.0,0.273972602739726,363.0,call,47.41,48.0,42.0,1,,0.23378,0.83379,0.00491,0.52714,-0.05707,0.6086,spy_options_2021.parquet,6377549
SPY,2021-04-07,2021-04-07T16:00:00-04:00,406.57,2021-07-16,100.0,0.273972602739726,363.0,put,4.48,4.52,4.61,6,,0.2315,-0.16313,0.00493,0.52705,-0.06061,-0.19475,spy_options_2021.parquet,6377549
SPY,2021-04-07,2021-04-07T16:00:00-04:00,406.57,2021-07-16,100.0,0.273972602739726,364.0,call,46.32,47.14,40.74,6,,0.23063,0.831,0.00499,0.53219,-0.05711,0.61222,spy_options_2021.parquet,6377550
SPY,2021-04-07,2021-04-07T16:00:00-04:00,406.57,2021-07-16,100.0,0.273972602739726,364.0,put,4.58,4.63,4.7,0,,0.22985,-0.16657,0.00509,0.53547,-0.06113,-0.20013,spy_options_2021.parquet,6377550
SPY,2021-04-07,2021-04-07T16:00:00-04:00,406.57,2021-07-16,100.0,0.273972602739726,365.0,call,45.42,46.24,45.27,44,,0.22906,0.82718,0.00515,0.5402,-0.05779,0.61673,spy_options_2021.parquet,6377551
SPY,2021-04-07,2021-04-07T16:00:00-04:00,406.57,2021-07-16,100.0,0.273972602739726,365.0,put,4.7,4.74,4.73,33,,0.22798,-0.17111,0.00526,0.54407,-0.06236,-0.20474,spy_options_2021.parquet,6377551
SPY,2021-04-07,2021-04-07T16:00:00-04:00,406.57,2021-07-16,100.0,0.273972602739726,366.0,call,44.52,45.34,34.59,1,,0.22668,0.82392,0.00529,0.54861,-0.05756,0.62052,spy_options_2021.parquet,6377552
SPY,2021-04-07,2021-04-07T16:00:00-04:00,406.57,2021-07-16,100.0,0.273972602739726,366.0,put,4.8,4.85,4.84,6,,0.22626,-0.17534,0.00536,0.55218,-0.06264,-0.21002,spy_options_2021.parquet,6377552
SPY,2021-04-07,2021-04-07T16:00:00-04:00,406.57,2021-07-16,100.0,0.273972602739726,367.0,call,43.63,44.44,43.99,1,,0.22508,0.81953,0.00538,0.55696,-0.05799,0.62373,spy_options_2021.parquet,6377553
SPY,2021-04-07,2021-04-07T16:00:00-04:00,406.57,2021-07-16,100.0,0.273972602739726,367.0,put,4.93,4.96,4.96,16,,0.22407,-0.17987,0.0055,0.56094,-0.06322,-0.21488,spy_options_2021.parquet,6377553
SPY,2021-04-07,2021-04-07T16:00:00-04:00,406.57,2021-07-16,100.0,0.273972602739726,368.0,call,42.74,43.55,35.32,4,,0.22316,0.81483,0.00556,0.56585,-0.05856,0.62636,spy_options_2021.parquet,6377554
SPY,2021-04-07,2021-04-07T16:00:00-04:00,406.57,2021-07-16,100.0,0.273972602739726,368.0,put,5.04,5.08,5.09,6,,0.22291,-0.18402,0.00563,0.56918,-0.06347,-0.22092,spy_options_2021.parquet,6377554
SPY,2021-04-07,2021-04-07T16:00:00-04:00,406.57,2021-07-16,100.0,0.273972602739726,369.0,call,41.85,42.66,42.33,1,,0.22099,0.8107,0.00566,0.57431,-0.05897,0.63007,spy_options_2021.parquet,6377555
SPY,2021-04-07,2021-04-07T16:00:00-04:00,406.57,2021-07-16,100.0,0.273972602739726,369.0,put,5.16,5.21,5.26,6,,0.22073,-0.18895,0.00568,0.57829,-0.06389,-0.22669,spy_options_2021.parquet,6377555
SPY,2021-04-07,2021-04-07T16:00:00-04:00,406.57,2021-07-16,100.0,0.273972602739726,370.0,call,40.97,41.78,40.82,59,,0.21885,0.80668,0.0058,0.58302,-0.06018,0.63285,spy_options_2021.parquet,6377556
SPY,2021-04-07,2021-04-07T16:00:00-04:00,406.57,2021-07-16,100.0,0.273972602739726,370.0,put,5.29,5.33,5.32,60,,0.21906,-0.1939,0.00589,0.58763,-0.06464,-0.23234,spy_options_2021.parquet,6377556
SPY,2021-04-07,2021-04-07T16:00:00-04:00,406.57,2021-07-16,100.0,0.273972602739726,371.0,call,40.09,40.92,40.7,1,,0.2176,0.80139,0.00596,0.59236,-0.06051,0.6348,spy_options_2021.parquet,6377557
SPY,2021-04-07,2021-04-07T16:00:00-04:00,406.57,2021-07-16,100.0,0.273972602739726,371.0,put,5.42,5.45,5.56,0,,0.21742,-0.19894,0.00603,0.59679,-0.06527,-0.23816,spy_options_2021.parquet,6377557
SPY,2021-04-07,2021-04-07T16:00:00-04:00,406.57,2021-07-16,100.0,0.273972602739726,372.0,call,39.21,40.02,37.44,3,,0.21526,0.79708,0.00615,0.60068,-0.06067,0.63707,spy_options_2021.parquet,6377558
SPY,2021-04-07,2021-04-07T16:00:00-04:00,406.57,2021-07-16,100.0,0.273972602739726,372.0,put,5.55,5.58,5.76,1,,0.21528,-0.20393,0.0061,0.60526,-0.06523,-0.24346,spy_options_2021.parquet,6377558
SPY,2021-04-07,2021-04-07T16:00:00-04:00,406.57,2021-07-16,100.0,0.273972602739726,373.0,call,38.34,39.14,31.48,2,,0.21346,0.79156,0.00628,0.6099,-0.06054,0.63908,spy_options_2021.parquet,6377559
SPY,2021-04-07,2021-04-07T16:00:00-04:00,406.57,2021-07-16,100.0,0.273972602739726,373.0,put,5.69,5.72,5.73,146,,0.21439,-0.20876,0.00631,0.61467,-0.06588,-0.25027,spy_options_2021.parquet,6377559
SPY,2021-04-07,2021-04-07T16:00:00-04:00,406.57,2021-07-16,100.0,0.273972602739726,374.0,call,37.46,38.26,36.44,2,,0.21128,0.78711,0.00646,0.61826,-0.06099,0.64127,spy_options_2021.parquet,6377560
SPY,2021-04-07,2021-04-07T16:00:00-04:00,406.57,2021-07-16,100.0,0.273972602739726,374.0,put,5.82,5.85,5.9,6,,0.2122,-0.21385,0.00645,0.62317,-0.06677,-0.2558,spy_options_2021.parquet,6377560
SPY,2021-04-07,2021-04-07T16:00:00-04:00,406.57,2021-07-16,100.0,0.273972602739726,375.0,call,36.59,37.39,36.48,11,,0.20931,0.78202,0.00656,0.62671,-0.06202,0.64272,spy_options_2021.parquet,6377561
SPY,2021-04-07,2021-04-07T16:00:00-04:00,406.57,2021-07-16,100.0,0.273972602739726,375.0,put,5.96,6.0,6.0,82,,0.21055,-0.21925,0.00656,0.63273,-0.06682,-0.26244,spy_options_2021.parquet,6377561
SPY,2021-04-07,2021-04-07T16:00:00-04:00,406.57,2021-07-16,100.0,0.273972602739726,376.0,call,36.04,36.42,29.6,5,,0.20899,0.77436,0.00669,0.63841,-0.06319,0.64399,spy_options_2021.parquet,6377562
SPY,2021-04-07,2021-04-07T16:00:00-04:00,406.57,2021-07-16,100.0,0.273972602739726,376.0,put,6.11,6.13,6.14,76,,0.20819,-0.2246,0.00674,0.64155,-0.06763,-0.26872,spy_options_2021.parquet,6377562
SPY,2021-04-07,2021-04-07T16:00:00-04:00,406.57,2021-07-16,100.0,0.273972602739726,377.0,call,34.99,35.51,28.12,3,,0.20528,0.77072,0.00691,0.64503,-0.06192,0.64516,spy_options_2021.parquet,6377563
SPY,2021-04-07,2021-04-07T16:00:00-04:00,406.57,2021-07-16,100.0,0.273972602739726,377.0,put,6.25,6.28,6.46,10,,0.20667,-0.23065,0.0069,0.65048,-0.06834,-0.27604,spy_options_2021.parquet,6377563
SPY,2021-04-07,2021-04-07T16:00:00-04:00,406.57,2021-07-16,100.0,0.273972602739726,378.0,call,34.13,34.68,34.86,6,,0.20383,0.76464,0.00709,0.65464,-0.06229,0.64563,spy_options_2021.parquet,6377564
SPY,2021-04-07,2021-04-07T16:00:00-04:00,406.57,2021-07-16,100.0,0.273972602739726,378.0,put,6.42,6.45,6.47,99,,0.20497,-0.23612,0.00703,0.66018,-0.06848,-0.28283,spy_options_2021.parquet,6377564
SPY,2021-04-07,2021-04-07T16:00:00-04:00,406.57,2021-07-16,100.0,0.273972602739726,379.0,call,33.28,33.82,33.5,4,,0.20163,0.75944,0.00719,0.66397,-0.063,0.6461,spy_options_2021.parquet,6377565
SPY,2021-04-07,2021-04-07T16:00:00-04:00,406.57,2021-07-16,100.0,0.273972602739726,379.0,put,6.57,6.61,6.6,233,,0.20384,-0.24211,0.00717,0.66881,-0.06911,-0.29033,spy_options_2021.parquet,6377565
SPY,2021-04-07,2021-04-07T16:00:00-04:00,406.57,2021-07-16,100.0,0.273972602739726,380.0,call,32.49,32.97,31.89,8,,0.20047,0.75243,0.00741,0.67267,-0.06358,0.64589,spy_options_2021.parquet,6377566
SPY,2021-04-07,2021-04-07T16:00:00-04:00,406.57,2021-07-16,100.0,0.273972602739726,380.0,put,6.72,6.75,6.77,149,,0.20178,-0.24865,0.00737,0.67788,-0.06878,-0.29708,spy_options_2021.parquet,6377566
SPY,2021-04-07,2021-04-07T16:00:00-04:00,406.57,2021-07-16,100.0,0.273972602739726,381.0,call,31.71,32.14,30.09,11,,0.19939,0.74581,0.00757,0.68326,-0.0638,0.64551,spy_options_2021.parquet,6377567
SPY,2021-04-07,2021-04-07T16:00:00-04:00,406.57,2021-07-16,100.0,0.273972602739726,381.0,put,6.91,6.94,6.99,52,,0.20029,-0.25512,0.00748,0.68708,-0.06974,-0.30536,spy_options_2021.parquet,6377567
SPY,2021-04-07,2021-04-07T16:00:00-04:00,406.57,2021-07-16,100.0,0.273972602739726,382.0,call,30.88,31.25,24.39,1,,0.19758,0.74017,0.00777,0.69125,-0.06388,0.64498,spy_options_2021.parquet,6377568
SPY,2021-04-07,2021-04-07T16:00:00-04:00,406.57,2021-07-16,100.0,0.273972602739726,382.0,put,7.06,7.11,7.13,91,,0.19842,-0.26111,0.00767,0.69542,-0.06985,-0.31283,spy_options_2021.parquet,6377568
SPY,2021-04-07,2021-04-07T16:00:00-04:00,406.57,2021-07-16,100.0,0.273972602739726,383.0,call,29.91,30.41,29.71,1,,0.19431,0.73372,0.00798,0.6991,-0.06377,0.6447,spy_options_2021.parquet,6377569
SPY,2021-04-07,2021-04-07T16:00:00-04:00,406.57,2021-07-16,100.0,0.273972602739726,383.0,put,7.23,7.29,7.29,69,,0.19617,-0.2684,0.00784,0.70511,-0.06967,-0.32091,spy_options_2021.parquet,6377569
SPY,2021-04-07,2021-04-07T16:00:00-04:00,406.57,2021-07-16,100.0,0.273972602739726,384.0,call,29.17,29.58,23.0,1,,0.19278,0.72674,0.00808,0.70944,-0.06453,0.64404,spy_options_2021.parquet,6377570
SPY,2021-04-07,2021-04-07T16:00:00-04:00,406.57,2021-07-16,100.0,0.273972602739726,384.0,put,7.43,7.46,7.46,4,,0.19463,-0.27524,0.00801,0.71376,-0.07061,-0.32995,spy_options_2021.parquet,6377570
SPY,2021-04-07,2021-04-07T16:00:00-04:00,406.57,2021-07-16,100.0,0.273972602739726,385.0,call,28.38,28.79,28.28,33,,0.19121,0.71897,0.00824,0.71866,-0.06475,0.6419,spy_options_2021.parquet,6377571
SPY,2021-04-07,2021-04-07T16:00:00-04:00,406.57,2021-07-16,100.0,0.273972602739726,385.0,put,7.6,7.64,7.66,14,,0.19304,-0.28249,0.00823,0.72255,-0.07072,-0.33799,spy_options_2021.parquet,6377571
SPY,2021-04-07,2021-04-07T16:00:00-04:00,406.57,2021-07-16,100.0,0.273972602739726,386.0,call,27.65,27.97,27.18,0,,0.18979,0.71182,0.00844,0.72778,-0.06538,0.64014,spy_options_2021.parquet,6377572
SPY,2021-04-07,2021-04-07T16:00:00-04:00,406.57,2021-07-16,100.0,0.273972602739726,386.0,put,7.81,7.84,8.06,3,,0.19098,-0.28926,0.00839,0.73163,-0.07048,-0.34664,spy_options_2021.parquet,6377572
SPY,2021-04-07,2021-04-07T16:00:00-04:00,406.57,2021-07-16,100.0,0.273972602739726,387.0,call,26.84,27.12,22.17,28,,0.18789,0.70418,0.00866,0.73642,-0.06502,0.63732,spy_options_2021.parquet,6377573
SPY,2021-04-07,2021-04-07T16:00:00-04:00,406.57,2021-07-16,100.0,0.273972602739726,387.0,put,7.97,8.04,8.27,0,,0.18867,-0.29695,0.00857,0.73963,-0.07063,-0.35542,spy_options_2021.parquet,6377573
SPY,2021-04-07,2021-04-07T16:00:00-04:00,406.57,2021-07-16,100.0,0.273972602739726,388.0,call,25.83,26.34,25.82,29,,0.18478,0.69752,0.00886,0.74473,-0.06511,0.6361,spy_options_2021.parquet,6377574
SPY,2021-04-07,2021-04-07T16:00:00-04:00,406.57,2021-07-16,100.0,0.273972602739726,388.0,put,8.17,8.23,8.29,2,,0.18761,-0.30443,0.00875,0.74779,-0.07086,-0.36457,spy_options_2021.parquet,6377574
SPY,2021-04-07,2021-04-07T16:00:00-04:00,406.57,2021-07-16,100.0,0.273972602739726,389.0,call,25.23,25.44,25.42,5,,0.18418,0.68953,0.00909,0.75342,-0.06486,0.63244,spy_options_2021.parquet,6377575
SPY,2021-04-07,2021-04-07T16:00:00-04:00,406.57,2021-07-16,100.0,0.273972602739726,389.0,put,8.4,8.44,8.65,152,,0.18521,-0.31238,0.0089,0.75615,-0.07143,-0.37366,spy_options_2021.parquet,6377575
SPY,2021-04-07,2021-04-07T16:00:00-04:00,406.57,2021-07-16,100.0,0.273972602739726,390.0,call,24.36,24.65,24.47,7,,0.18143,0.68152,0.00922,0.76131,-0.06467,0.62939,spy_options_2021.parquet,6377576
SPY,2021-04-07,2021-04-07T16:00:00-04:00,406.57,2021-07-16,100.0,0.273972602739726,390.0,put,8.6,8.66,8.64,123,,0.18346,-0.32085,0.00912,0.7652,-0.07169,-0.38343,spy_options_2021.parquet,6377576
SPY,2021-04-07,2021-04-07T16:00:00-04:00,406.57,2021-07-16,100.0,0.273972602739726,391.0,call,23.64,23.87,23.15,0,,0.17973,0.67242,0.00942,0.77012,-0.06554,0.62561,spy_options_2021.parquet,6377577
SPY,2021-04-07,2021-04-07T16:00:00-04:00,406.57,2021-07-16,100.0,0.273972602739726,391.0,put,8.83,8.88,9.08,5,,0.18216,-0.32864,0.0093,0.77308,-0.07193,-0.39359,spy_options_2021.parquet,6377577
SPY,2021-04-07,2021-04-07T16:00:00-04:00,406.57,2021-07-16,100.0,0.273972602739726,392.0,call,22.79,23.08,23.0,6,,0.17804,0.66473,0.00969,0.77793,-0.0649,0.62232,spy_options_2021.parquet,6377578
SPY,2021-04-07,2021-04-07T16:00:00-04:00,406.57,2021-07-16,100.0,0.273972602739726,392.0,put,9.07,9.11,9.18,48,,0.18024,-0.33758,0.00946,0.78057,-0.07194,-0.40362,spy_options_2021.parquet,6377578
SPY,2021-04-07,2021-04-07T16:00:00-04:00,406.57,2021-07-16,100.0,0.273972602739726,393.0,call,22.09,22.26,21.88,1,,0.17543,0.65554,0.00983,0.78576,-0.06546,0.61802,spy_options_2021.parquet,6377579
SPY,2021-04-07,2021-04-07T16:00:00-04:00,406.57,2021-07-16,100.0,0.273972602739726,393.0,put,9.3,9.34,9.38,31,,0.17871,-0.34575,0.00969,0.78869,-0.07169,-0.41415,spy_options_2021.parquet,6377579
SPY,2021-04-07,2021-04-07T16:00:00-04:00,406.57,2021-07-16,100.0,0.273972602739726,394.0,call,21.32,21.53,20.75,0,,0.17469,0.64606,0.01007,0.7933,-0.06487,0.61225,spy_options_2021.parquet,6377580
SPY,2021-04-07,2021-04-07T16:00:00-04:00,406.57,2021-07-16,100.0,0.273972602739726,394.0,put,9.55,9.6,9.71,10,,0.17665,-0.35482,0.00987,0.79532,-0.07185,-0.42513,spy_options_2021.parquet,6377580
SPY,2021-04-07,2021-04-07T16:00:00-04:00,406.57,2021-07-16,100.0,0.273972602739726,395.0,call,20.52,20.77,20.45,23,,0.17208,0.63673,0.01023,0.80013,-0.06508,0.6074,spy_options_2021.parquet,6377581
SPY,2021-04-07,2021-04-07T16:00:00-04:00,406.57,2021-07-16,100.0,0.273972602739726,395.0,put,9.79,9.85,10.1,16,,0.17468,-0.36427,0.01008,0.8022,-0.07107,-0.43585,spy_options_2021.parquet,6377581
SPY,2021-04-07,2021-04-07T16:00:00-04:00,406.57,2021-07-16,100.0,0.273972602739726,396.0,call,19.75,20.01,19.71,1,,0.17036,0.62805,0.01049,0.807,-0.06448,0.60167,spy_options_2021.parquet,6377582
SPY,2021-04-07,2021-04-07T16:00:00-04:00,406.57,2021-07-16,100.0,0.273972602739726,396.0,put,10.04,10.11,10.31,5,,0.17337,-0.3743,0.0102,0.80967,-0.07127,-0.44786,spy_options_2021.parquet,6377582
SPY,2021-04-07,2021-04-07T16:00:00-04:00,406.57,2021-07-16,100.0,0.273972602739726,397.0,call,19.07,19.24,19.52,0,,0.16818,0.6176,0.01068,0.81443,-0.06537,0.59625,spy_options_2021.parquet,6377583
SPY,2021-04-07,2021-04-07T16:00:00-04:00,406.57,2021-07-16,100.0,0.273972602739726,397.0,put,10.32,10.39,10.49,211,,0.17109,-0.3832,0.01039,0.8157,-0.07185,-0.45953,spy_options_2021.parquet,6377583
SPY,2021-04-07,2021-04-07T16:00:00-04:00,406.57,2021-07-16,100.0,0.273972602739726,398.0,call,18.28,18.56,18.52,1,,0.16624,0.60802,0.01083,0.82008,-0.06511,0.58953,spy_options_2021.parquet,6377584
SPY,2021-04-07,2021-04-07T16:00:00-04:00,406.57,2021-07-16,100.0,0.273972602739726,398.0,put,10.6,10.65,10.64,46,,0.16924,-0.39402,0.01059,0.82212,-0.07129,-0.47145,spy_options_2021.parquet,6377584
SPY,2021-04-07,2021-04-07T16:00:00-04:00,406.57,2021-07-16,100.0,0.273972602739726,399.0,call,17.62,17.82,17.56,3,,0.16446,0.59678,0.01107,0.82619,-0.06436,0.58246,spy_options_2021.parquet,6377585
SPY,2021-04-07,2021-04-07T16:00:00-04:00,406.57,2021-07-16,100.0,0.273972602739726,399.0,put,10.92,10.97,10.93,1,,0.1676,-0.40384,0.01076,0.82723,-0.07091,-0.48366,spy_options_2021.parquet,6377585
SPY,2021-04-07,2021-04-07T16:00:00-04:00,406.57,2021-07-16,100.0,0.273972602739726,400.0,call,16.99,17.08,16.83,182,,0.16285,0.58606,0.01117,0.83144,-0.06396,0.5751,spy_options_2021.parquet,6377586
SPY,2021-04-07,2021-04-07T16:00:00-04:00,406.57,2021-07-16,100.0,0.273972602739726,400.0,put,11.19,11.24,11.3,132,,0.16544,-0.4145,0.01102,0.83195,-0.07081,-0.49636,spy_options_2021.parquet,6377586
SPY,2021-04-07,2021-04-07T16:00:00-04:00,406.57,2021-07-16,100.0,0.273972602739726,401.0,call,16.3,16.41,16.17,384,,0.1622,0.57518,0.01136,0.83615,-0.06443,0.56725,spy_options_2021.parquet,6377587
SPY,2021-04-07,2021-04-07T16:00:00-04:00,406.57,2021-07-16,100.0,0.273972602739726,401.0,put,11.53,11.58,11.61,212,,0.16489,-0.42501,0.01114,0.83705,-0.07039,-0.509,spy_options_2021.parquet,6377587
SPY,2021-04-07,2021-04-07T16:00:00-04:00,406.57,2021-07-16,100.0,0.273972602739726,402.0,call,15.59,15.7,15.37,190,,0.15948,0.56429,0.01163,0.84077,-0.06387,0.55868,spy_options_2021.parquet,6377588
SPY,2021-04-07,2021-04-07T16:00:00-04:00,406.57,2021-07-16,100.0,0.273972602739726,402.0,put,11.84,11.9,11.87,26,,0.16222,-0.43609,0.01131,0.84131,-0.07064,-0.52236,spy_options_2021.parquet,6377588
SPY,2021-04-07,2021-04-07T16:00:00-04:00,406.57,2021-07-16,100.0,0.273972602739726,403.0,call,14.92,15.03,14.61,207,,0.15793,0.55286,0.01175,0.84391,-0.06316,0.54985,spy_options_2021.parquet,6377589
SPY,2021-04-07,2021-04-07T16:00:00-04:00,406.57,2021-07-16,100.0,0.273972602739726,403.0,put,12.19,12.26,12.21,13,,0.16089,-0.44783,0.0114,0.84467,-0.07036,-0.53605,spy_options_2021.parquet,6377589
SPY,2021-04-07,2021-04-07T16:00:00-04:00,406.57,2021-07-16,100.0,0.273972602739726,404.0,call,14.27,14.37,14.21,177,,0.15611,0.54069,0.01191,0.84755,-0.06337,0.54051,spy_options_2021.parquet,6377590
SPY,2021-04-07,2021-04-07T16:00:00-04:00,406.57,2021-07-16,100.0,0.273972602739726,404.0,put,12.54,12.61,12.68,2,,0.15922,-0.45919,0.01159,0.84778,-0.06959,-0.55034,spy_options_2021.parquet,6377590
SPY,2021-04-07,2021-04-07T16:00:00-04:00,406.57,2021-07-16,100.0,0.273972602739726,405.0,call,13.63,13.73,13.6,169,,0.15515,0.52879,0.01215,0.84907,-0.06199,0.53092,spy_options_2021.parquet,6377591
SPY,2021-04-07,2021-04-07T16:00:00-04:00,406.57,2021-07-16,100.0,0.273972602739726,405.0,put,12.89,12.99,13.07,233,,0.1582,-0.4704,0.0118,0.84998,-0.06894,-0.56374,spy_options_2021.parquet,6377591
SPY,2021-04-07,2021-04-07T16:00:00-04:00,406.57,2021-07-16,100.0,0.273972602739726,406.0,call,13.02,13.1,12.99,302,,0.15297,0.51619,0.01229,0.85154,-0.0624,0.52094,spy_options_2021.parquet,6377592
SPY,2021-04-07,2021-04-07T16:00:00-04:00,406.57,2021-07-16,100.0,0.273972602739726,406.0,put,13.29,13.36,13.38,157,,0.15636,-0.48247,0.01192,0.8514,-0.06893,-0.57896,spy_options_2021.parquet,6377592
SPY,2021-04-07,2021-04-07T16:00:00-04:00,406.57,2021-07-16,100.0,0.273972602739726,407.0,call,12.42,12.48,11.98,282,,0.15201,0.50354,0.01235,0.85164,-0.06102,0.51021,spy_options_2021.parquet,6377593
SPY,2021-04-07,2021-04-07T16:00:00-04:00,406.57,2021-07-16,100.0,0.273972602739726,407.0,put,13.68,13.76,13.65,227,,0.15508,-0.49489,0.01207,0.85218,-0.06802,-0.59363,spy_options_2021.parquet,6377593
SPY,2021-04-07,2021-04-07T16:00:00-04:00,406.57,2021-07-16,100.0,0.273972602739726,408.0,call,11.81,11.87,11.63,76,,0.14996,0.49118,0.01245,0.85142,-0.06038,0.4994,spy_options_2021.parquet,6377594
SPY,2021-04-07,2021-04-07T16:00:00-04:00,406.57,2021-07-16,100.0,0.273972602739726,408.0,put,14.08,14.17,14.12,784,,0.15337,-0.5077,0.0121,0.85167,-0.06772,-0.60882,spy_options_2021.parquet,6377594
SPY,2021-04-07,2021-04-07T16:00:00-04:00,406.57,2021-07-16,100.0,0.273972602739726,409.0,call,11.24,11.3,11.04,239,,0.14821,0.47781,0.01262,0.85085,-0.05986,0.4889,spy_options_2021.parquet,6377595
SPY,2021-04-07,2021-04-07T16:00:00-04:00,406.57,2021-07-16,100.0,0.273972602739726,409.0,put,14.51,14.59,14.66,165,,0.15198,-0.51945,0.01218,0.851,-0.06666,-0.62369,spy_options_2021.parquet,6377595
SPY,2021-04-07,2021-04-07T16:00:00-04:00,406.57,2021-07-16,100.0,0.273972602739726,410.0,call,10.67,10.73,10.35,2598,,0.14749,0.46502,0.01263,0.84861,-0.05978,0.47664,spy_options_2021.parquet,6377596
SPY,2021-04-07,2021-04-07T16:00:00-04:00,406.57,2021-07-16,100.0,0.273972602739726,410.0,put,14.96,15.04,15.11,72,,0.15064,-0.53208,0.0123,0.84848,-0.06676,-0.63947,spy_options_2021.parquet,6377596
SPY,2021-04-07,2021-04-07T16:00:00-04:00,406.57,2021-07-16,100.0,0.273972602739726,411.0,call,10.12,10.18,10.18,408,,0.1456,0.45227,0.01278,0.84591,-0.0585,0.4653,spy_options_2021.parquet,6377597
SPY,2021-04-07,2021-04-07T16:00:00-04:00,406.57,2021-07-16,100.0,0.273972602739726,411.0,put,15.44,15.51,15.88,98,,0.14971,-0.54484,0.0124,0.84608,-0.06545,-0.65451,spy_options_2021.parquet,6377597
SPY,2021-04-07,2021-04-07T16:00:00-04:00,406.57,2021-07-16,100.0,0.273972602739726,412.0,call,9.55,9.62,9.45,1113,,0.14345,0.43856,0.01286,0.84177,-0.05768,0.45235,spy_options_2021.parquet,6377598
SPY,2021-04-07,2021-04-07T16:00:00-04:00,406.57,2021-07-16,100.0,0.273972602739726,412.0,put,15.9,15.98,16.37,7,,0.14816,-0.55811,0.01239,0.84282,-0.06549,-0.67118,spy_options_2021.parquet,6377598
SPY,2021-04-07,2021-04-07T16:00:00-04:00,406.57,2021-07-16,100.0,0.273972602739726,413.0,call,9.07,9.14,9.18,326,,0.14283,0.42439,0.01286,0.83714,-0.05733,0.44005,spy_options_2021.parquet,6377599
SPY,2021-04-07,2021-04-07T16:00:00-04:00,406.57,2021-07-16,100.0,0.273972602739726,413.0,put,16.28,16.55,17.74,1,,0.14706,-0.57101,0.01248,0.83779,-0.06412,-0.68748,spy_options_2021.parquet,6377599
SPY,2021-04-07,2021-04-07T16:00:00-04:00,406.57,2021-07-16,100.0,0.273972602739726,414.0,call,8.55,8.61,8.45,32,,0.14149,0.41057,0.01289,0.831,-0.05635,0.42757,spy_options_2021.parquet,6377600
SPY,2021-04-07,2021-04-07T16:00:00-04:00,406.57,2021-07-16,100.0,0.273972602739726,414.0,put,16.79,17.07,18.36,27,,0.14566,-0.58465,0.01245,0.83227,-0.06381,-0.70326,spy_options_2021.parquet,6377600
SPY,2021-04-07,2021-04-07T16:00:00-04:00,406.57,2021-07-16,100.0,0.273972602739726,415.0,call,8.1,8.16,8.01,40,,0.13998,0.3979,0.01286,0.82463,-0.05486,0.41458,spy_options_2021.parquet,6377601
SPY,2021-04-07,2021-04-07T16:00:00-04:00,406.57,2021-07-16,100.0,0.273972602739726,415.0,put,17.32,17.61,17.4,16,,0.14479,-0.59764,0.01249,0.82554,-0.06223,-0.71922,spy_options_2021.parquet,6377601
SPY,2021-04-07,2021-04-07T16:00:00-04:00,406.57,2021-07-16,100.0,0.273972602739726,416.0,call,7.61,7.68,7.81,8,,0.13924,0.38351,0.01292,0.81629,-0.05453,0.40172,spy_options_2021.parquet,6377602
SPY,2021-04-07,2021-04-07T16:00:00-04:00,406.57,2021-07-16,100.0,0.273972602739726,416.0,put,17.91,18.16,19.56,4,,0.1441,-0.6103,0.01239,0.81845,-0.06219,-0.73587,spy_options_2021.parquet,6377602
SPY,2021-04-07,2021-04-07T16:00:00-04:00,406.57,2021-07-16,100.0,0.273972602739726,417.0,call,7.18,7.24,7.37,13,,0.13829,0.36973,0.01282,0.8072,-0.05271,0.38846,spy_options_2021.parquet,6377603
SPY,2021-04-07,2021-04-07T16:00:00-04:00,406.57,2021-07-16,100.0,0.273972602739726,417.0,put,18.43,18.72,29.18,1,,0.14291,-0.62409,0.01244,0.81011,-0.061,-0.75231,spy_options_2021.parquet,6377603
SPY,2021-04-07,2021-04-07T16:00:00-04:00,406.57,2021-07-16,100.0,0.273972602739726,418.0,call,6.78,6.85,6.75,12,,0.13769,0.35622,0.01278,0.79676,-0.05221,0.37502,spy_options_2021.parquet,6377604
SPY,2021-04-07,2021-04-07T16:00:00-04:00,406.57,2021-07-16,100.0,0.273972602739726,418.0,put,19.02,19.32,20.63,1,,0.14144,-0.63654,0.01237,0.80104,-0.06029,-0.76839,spy_options_2021.parquet,6377604
SPY,2021-04-07,2021-04-07T16:00:00-04:00,406.57,2021-07-16,100.0,0.273972602739726,419.0,call,6.37,6.43,6.82,0,,0.13573,0.34283,0.01263,0.78621,-0.05141,0.36188,spy_options_2021.parquet,6377605
SPY,2021-04-07,2021-04-07T16:00:00-04:00,406.57,2021-07-16,100.0,0.273972602739726,419.0,put,19.67,19.98,0.0,,,0.14125,-0.64951,0.01221,0.79096,-0.05939,-0.78359,spy_options_2021.parquet,6377605
SPY,2021-04-07,2021-04-07T16:00:00-04:00,406.57,2021-07-16,100.0,0.273972602739726,420.0,call,5.99,6.04,5.78,469,,0.13522,0.32892,0.01256,0.77387,-0.04995,0.34868,spy_options_2021.parquet,6377606
SPY,2021-04-07,2021-04-07T16:00:00-04:00,406.57,2021-07-16,100.0,0.273972602739726,420.0,put,20.14,20.63,21.12,103,,0.1404,-0.66247,0.01213,0.7794,-0.05773,-0.80101,spy_options_2021.parquet,6377606
SPY,2021-04-07,2021-04-07T16:00:00-04:00,406.57,2021-07-16,100.0,0.273972602739726,421.0,call,5.62,5.67,5.46,4,,0.13393,0.31602,0.01242,0.76046,-0.04889,0.33505,spy_options_2021.parquet,6377607
SPY,2021-04-07,2021-04-07T16:00:00-04:00,406.57,2021-07-16,100.0,0.273972602739726,421.0,put,20.76,21.28,0.0,,,0.13881,-0.67532,0.01207,0.76781,-0.05652,-0.81678,spy_options_2021.parquet,6377607
SPY,2021-04-07,2021-04-07T16:00:00-04:00,406.57,2021-07-16,100.0,0.273972602739726,422.0,call,5.27,5.33,5.08,4,,0.1334,0.30267,0.01227,0.7471,-0.04807,0.3221,spy_options_2021.parquet,6377608
SPY,2021-04-07,2021-04-07T16:00:00-04:00,406.57,2021-07-16,100.0,0.273972602739726,422.0,put,21.46,21.85,0.0,,,0.13811,-0.68828,0.01196,0.75435,-0.05578,-0.83328,spy_options_2021.parquet,6377608
SPY,2021-04-07,2021-04-07T16:00:00-04:00,406.57,2021-07-16,100.0,0.273972602739726,423.0,call,4.94,5.01,4.93,1,,0.13248,0.28988,0.01213,0.73202,-0.04628,0.30904,spy_options_2021.parquet,6377609
SPY,2021-04-07,2021-04-07T16:00:00-04:00,406.57,2021-07-16,100.0,0.273972602739726,423.0,put,22.1,22.64,22.86,10,,0.13815,-0.69974,0.01176,0.74168,-0.05462,-0.84785,spy_options_2021.parquet,6377609
SPY,2021-04-07,2021-04-07T16:00:00-04:00,406.57,2021-07-16,100.0,0.273972602739726,424.0,call,4.66,4.72,4.66,100,,0.13221,0.27792,0.01187,0.71788,-0.0459,0.29682,spy_options_2021.parquet,6377610
SPY,2021-04-07,2021-04-07T16:00:00-04:00,406.57,2021-07-16,100.0,0.273972602739726,424.0,put,22.79,23.34,23.65,13,,0.13781,-0.71181,0.01156,0.72864,-0.05385,-0.86302,spy_options_2021.parquet,6377610
SPY,2021-04-07,2021-04-07T16:00:00-04:00,406.57,2021-07-16,100.0,0.273972602739726,425.0,call,4.36,4.41,4.37,206,,0.13145,0.26579,0.01164,0.70134,-0.0447,0.2838,spy_options_2021.parquet,6377611
SPY,2021-04-07,2021-04-07T16:00:00-04:00,406.57,2021-07-16,100.0,0.273972602739726,425.0,put,23.35,24.21,23.73,0,,0.13767,-0.72342,0.01135,0.71411,-0.05286,-0.87878,spy_options_2021.parquet,6377611
SPY,2021-04-07,2021-04-07T16:00:00-04:00,406.57,2021-07-16,100.0,0.273972602739726,426.0,call,4.09,4.13,4.18,15,,0.13105,0.25341,0.01146,0.68479,-0.04265,0.27095,spy_options_2021.parquet,6377612
SPY,2021-04-07,2021-04-07T16:00:00-04:00,406.57,2021-07-16,100.0,0.273972602739726,426.0,put,24.08,24.94,36.69,4,,0.13732,-0.73533,0.01116,0.69969,-0.05175,-0.89274,spy_options_2021.parquet,6377612
SPY,2021-04-07,2021-04-07T16:00:00-04:00,406.57,2021-07-16,100.0,0.273972602739726,427.0,call,3.84,3.89,3.96,10,,0.13066,0.2424,0.01122,0.6686,-0.04156,0.25909,spy_options_2021.parquet,6377613
SPY,2021-04-07,2021-04-07T16:00:00-04:00,406.57,2021-07-16,100.0,0.273972602739726,427.0,put,24.82,25.68,0.0,,,0.13643,-0.74598,0.01096,0.68371,-0.05004,-0.90745,spy_options_2021.parquet,6377613
SPY,2021-04-07,2021-04-07T16:00:00-04:00,406.57,2021-07-16,100.0,0.273972602739726,428.0,call,3.6,3.64,3.67,11,,0.13037,0.23056,0.01089,0.65174,-0.04052,0.24759,spy_options_2021.parquet,6377614
SPY,2021-04-07,2021-04-07T16:00:00-04:00,406.57,2021-07-16,100.0,0.273972602739726,428.0,put,25.58,26.45,32.36,1,,0.13676,-0.75619,0.01066,0.66873,-0.04919,-0.92199,spy_options_2021.parquet,6377614
SPY,2021-04-07,2021-04-07T16:00:00-04:00,406.57,2021-07-16,100.0,0.273972602739726,429.0,call,3.36,3.4,3.69,0,,0.12989,0.21963,0.01065,0.63319,-0.03985,0.23618,spy_options_2021.parquet,6377615
SPY,2021-04-07,2021-04-07T16:00:00-04:00,406.57,2021-07-16,100.0,0.273972602739726,429.0,put,26.35,27.22,27.47,1,,0.13633,-0.76724,0.01041,0.65326,-0.04813,-0.9352,spy_options_2021.parquet,6377615
SPY,2021-04-07,2021-04-07T16:00:00-04:00,406.57,2021-07-16,100.0,0.273972602739726,430.0,call,3.16,3.2,3.04,116,,0.13019,0.20907,0.01034,0.61679,-0.03816,0.22591,spy_options_2021.parquet,6377616
SPY,2021-04-07,2021-04-07T16:00:00-04:00,406.57,2021-07-16,100.0,0.273972602739726,430.0,put,27.13,28.01,28.3,1,,0.13665,-0.77708,0.01022,0.63716,-0.04717,-0.94938,spy_options_2021.parquet,6377616
SPY,2021-04-07,2021-04-07T16:00:00-04:00,406.57,2021-07-16,100.0,0.273972602739726,435.0,call,2.27,2.29,2.21,46,,0.12895,0.16236,0.00894,0.52665,-0.03279,0.17526,spy_options_2021.parquet,6377617
SPY,2021-04-07,2021-04-07T16:00:00-04:00,406.57,2021-07-16,100.0,0.273972602739726,435.0,put,31.27,32.18,32.59,1,,0.13712,-0.82041,0.00889,0.55955,-0.04256,-1.00956,spy_options_2021.parquet,6377617
SPY,2021-04-07,2021-04-07T16:00:00-04:00,406.57,2021-07-16,100.0,0.273972602739726,440.0,call,1.62,1.65,1.59,130,,0.12884,0.1232,0.00743,0.43903,-0.02742,0.1348,spy_options_2021.parquet,6377618
SPY,2021-04-07,2021-04-07T16:00:00-04:00,406.57,2021-07-16,100.0,0.273972602739726,440.0,put,35.58,36.48,36.31,1,,0.13764,-0.85738,0.00757,0.47983,-0.0372,-1.06329,spy_options_2021.parquet,6377618
SPY,2021-04-07,2021-04-07T16:00:00-04:00,406.57,2021-07-16,100.0,0.273972602739726,445.0,call,1.16,1.19,1.16,34,,0.12869,0.09408,0.00601,0.36015,-0.02213,0.10225,spy_options_2021.parquet,6377619
SPY,2021-04-07,2021-04-07T16:00:00-04:00,406.57,2021-07-16,100.0,0.273972602739726,445.0,put,40.11,41.03,0.0,,,0.14017,-0.88575,0.00639,0.41135,-0.03315,-1.10725,spy_options_2021.parquet,6377619
SPY,2021-04-07,2021-04-07T16:00:00-04:00,406.57,2021-07-16,100.0,0.273972602739726,450.0,call,0.83,0.86,0.82,47,,0.12988,0.07065,0.00483,0.29071,-0.0184,0.07691,spy_options_2021.parquet,6377620
SPY,2021-04-07,2021-04-07T16:00:00-04:00,406.57,2021-07-16,100.0,0.273972602739726,450.0,put,44.79,45.71,45.99,19,,0.14271,-0.90714,0.00538,0.35477,-0.03003,-1.14394,spy_options_2021.parquet,6377620
SPY,2021-04-07,2021-04-07T16:00:00-04:00,406.57,2021-07-16,100.0,0.273972602739726,455.0,call,0.61,0.63,0.61,6,,0.13142,0.05322,0.00384,0.23504,-0.01459,0.05856,spy_options_2021.parquet,6377621
SPY,2021-04-07,2021-04-07T16:00:00-04:00,406.57,2021-07-16,100.0,0.273972602739726,455.0,put,49.59,50.55,68.47,2,,0.14885,-0.91997,0.00456,0.31403,-0.02826,-1.17285,spy_options_2021.parquet,6377621
SPY,2021-04-07,2021-04-07T16:00:00-04:00,406.57,2021-07-16,100.0,0.273972602739726,460.0,call,0.45,0.47,0.46,103,,0.13356,0.04129,0.00311,0.18956,-0.01212,0.04509,spy_options_2021.parquet,6377622
SPY,2021-04-07,2021-04-07T16:00:00-04:00,406.57,2021-07-16,100.0,0.273972602739726,460.0,put,54.41,55.37,73.54,2,,0.1528,-0.93343,0.00385,0.27437,-0.02525,-1.20031,spy_options_2021.parquet,6377622
SPY,2021-04-07,2021-04-07T16:00:00-04:00,406.57,2021-07-16,100.0,0.273972602739726,465.0,call,0.34,0.35,0.35,21,,0.13634,0.03156,0.00241,0.15297,-0.0102,0.03434,spy_options_2021.parquet,6377623
SPY,2021-04-07,2021-04-07T16:00:00-04:00,406.57,2021-07-16,100.0,0.273972602739726,465.0,put,59.33,60.29,73.88,3,,0.16019,-0.94001,0.00343,0.25057,-0.02463,-1.22265,spy_options_2021.parquet,6377623
SPY,2021-04-07,2021-04-07T16:00:00-04:00,406.57,2021-07-16,100.0,0.273972602739726,470.0,call,0.26,0.27,0.29,4,,0.13876,0.02446,0.00188,0.12431,-0.00788,0.02677,spy_options_2021.parquet,6377624
SPY,2021-04-07,2021-04-07T16:00:00-04:00,406.57,2021-07-16,100.0,0.273972602739726,470.0,put,64.22,64.87,83.31,2,,0.15756,-0.95647,0.00266,0.19465,-0.02002,-1.25282,spy_options_2021.parquet,6377624
SPY,2021-04-07,2021-04-07T16:00:00-04:00,406.57,2021-07-16,100.0,0.273972602739726,475.0,call,0.2,0.21,0.2,1,,0.14173,0.01862,0.00151,0.10059,-0.00712,0.02115,spy_options_2021.parquet,6377625
SPY,2021-04-07,2021-04-07T16:00:00-04:00,406.57,2021-07-16,100.0,0.273972602739726,475.0,put,69.16,70.13,92.05,2,,0.17165,-0.95353,0.00259,0.2058,-0.02264,-1.26412,spy_options_2021.parquet,6377625
SPY,2021-04-07,2021-04-07T16:00:00-04:00,406.57,2021-07-16,100.0,0.273972602739726,480.0,call,0.15,0.17,0.15,4,,0.14396,0.01458,0.00126,0.0818,-0.00586,0.01676,spy_options_2021.parquet,6377626
SPY,2021-04-07,2021-04-07T16:00:00-04:00,406.57,2021-07-16,100.0,0.273972602739726,480.0,put,74.11,75.09,90.76,1,,0.17902,-0.95749,0.00233,0.19045,-0.02199,-1.282,spy_options_2021.parquet,6377626
SPY,2021-04-07,2021-04-07T16:00:00-04:00,406.57,2021-07-16,100.0,0.273972602739726,485.0,call,0.12,0.13,0.13,15,,0.14696,0.01225,0.001,0.06747,-0.00471,0.01278,spy_options_2021.parquet,6377627
SPY,2021-04-07,2021-04-07T16:00:00-04:00,406.57,2021-07-16,100.0,0.273972602739726,485.0,put,79.08,80.05,0.0,,,0.18573,-0.96092,0.00205,0.17847,-0.02139,-1.29981,spy_options_2021.parquet,6377627
SPY,2021-04-07,2021-04-07T16:00:00-04:00,406.57,2021-07-16,100.0,0.273972602739726,490.0,call,0.1,0.11,0.12,27,,0.15106,0.01004,0.00081,0.05779,-0.0046,0.01123,spy_options_2021.parquet,6377628
SPY,2021-04-07,2021-04-07T16:00:00-04:00,406.57,2021-07-16,100.0,0.273972602739726,490.0,put,84.06,84.99,102.63,2,,0.19124,-0.96392,0.00183,0.16603,-0.02102,-1.31693,spy_options_2021.parquet,6377628
SPY,2021-04-07,2021-04-07T16:00:00-04:00,406.57,2021-07-16,100.0,0.273972602739726,495.0,call,0.08,0.09,0.1,10,,0.15395,0.00837,0.0007,0.04796,-0.00332,0.00891,spy_options_2021.parquet,6377629
SPY,2021-04-07,2021-04-07T16:00:00-04:00,406.57,2021-07-16,100.0,0.273972602739726,495.0,put,89.03,90.01,104.38,5,,0.19944,-0.96539,0.00172,0.15979,-0.0204,-1.33207,spy_options_2021.parquet,6377629
SPY,2021-04-07,2021-04-07T16:00:00-04:00,406.57,2021-07-16,100.0,0.273972602739726,500.0,call,0.06,0.08,0.09,0,,0.15686,0.00644,0.00053,0.03981,-0.00288,0.00712,spy_options_2021.parquet,6377630
SPY,2021-04-07,2021-04-07T16:00:00-04:00,406.57,2021-07-16,100.0,0.273972602739726,500.0,put,94.01,94.99,0.0,,,0.20674,-0.96701,0.0016,0.15246,-0.0203,-1.34809,spy_options_2021.parquet,6377630
SPY,2021-04-07,2021-04-07T16:00:00-04:00,406.57,2021-07-16,100.0,0.273972602739726,505.0,call,0.05,0.06,0.06,11,,0.15926,0.00547,0.00041,0.03239,-0.00254,0.00556,spy_options_2021.parquet,6377631
SPY,2021-04-07,2021-04-07T16:00:00-04:00,406.57,2021-07-16,100.0,0.273972602739726,505.0,put,99.0,99.98,117.5,1,,0.21435,-0.96846,0.00152,0.1463,-0.02034,-1.36435,spy_options_2021.parquet,6377631
SPY,2021-04-07,2021-04-07T16:00:00-04:00,406.57,2021-07-16,100.0,0.273972602739726,510.0,call,0.05,0.06,0.05,0,,0.16537,0.00525,0.00037,0.03151,-0.00266,0.00597,spy_options_2021.parquet,6377632
SPY,2021-04-07,2021-04-07T16:00:00-04:00,406.57,2021-07-16,100.0,0.273972602739726,510.0,put,104.01,104.97,0.0,,,0.22231,-0.96992,0.00139,0.1426,-0.02118,-1.37872,spy_options_2021.parquet,6377632
SPY,2021-04-07,2021-04-07T16:00:00-04:00,406.57,2021-07-16,100.0,0.273972602739726,515.0,call,0.04,0.05,0.04,1,,0.16869,0.0046,0.00033,0.02695,-0.00256,0.00416,spy_options_2021.parquet,6377633
SPY,2021-04-07,2021-04-07T16:00:00-04:00,406.57,2021-07-16,100.0,0.273972602739726,515.0,put,109.0,109.95,0.0,,,0.22824,-0.97093,0.00134,0.13676,-0.02031,-1.39389,spy_options_2021.parquet,6377633
SPY,2021-04-07,2021-04-07T16:00:00-04:00,406.57,2021-07-16,100.0,0.273972602739726,520.0,call,0.03,0.05,0.04,159,,0.17201,0.00337,0.00031,0.02392,-0.00175,0.00379,spy_options_2021.parquet,6377634
SPY,2021-04-07,2021-04-07T16:00:00-04:00,406.57,2021-07-16,100.0,0.273972602739726,520.0,put,113.97,114.94,0.0,,,0.23504,-0.97233,0.00117,0.13035,-0.02017,-1.40943,spy_options_2021.parquet,6377634
SPY,2021-04-07,2021-04-07T16:00:00-04:00,406.57,2021-07-16,100.0,0.273972602739726,525.0,call,0.03,0.04,0.04,10,,0.17639,0.00327,0.00027,0.02119,-0.00223,0.00352,spy_options_2021.parquet,6377635
SPY,2021-04-07,2021-04-07T16:00:00-04:00,406.57,2021-07-16,100.0,0.273972602739726,525.0,put,118.96,119.94,0.0,,,0.24195,-0.97346,0.00109,0.12616,-0.02023,-1.4242,spy_options_2021.parquet,6377635
SPY,2021-04-07,2021-04-07T16:00:00-04:00,406.57,2021-07-16,100.0,0.273972602739726,530.0,call,0.03,0.04,0.05,10,,0.18144,0.00312,0.00024,0.0206,-0.00182,0.0038,spy_options_2021.parquet,6377636
SPY,2021-04-07,2021-04-07T16:00:00-04:00,406.57,2021-07-16,100.0,0.273972602739726,530.0,put,123.95,124.93,0.0,,,0.24886,-0.97431,0.00105,0.12235,-0.0201,-1.43938,spy_options_2021.parquet,6377636
SPY,2021-04-07,2021-04-07T16:00:00-04:00,406.57,2021-07-16,100.0,0.273972602739726,535.0,call,0.02,0.04,0.06,4,,0.18503,0.0023,0.00023,0.01788,-0.0019,0.00308,spy_options_2021.parquet,6377637
SPY,2021-04-07,2021-04-07T16:00:00-04:00,406.57,2021-07-16,100.0,0.273972602739726,535.0,put,128.94,129.92,0.0,,,0.25428,-0.97532,0.00096,0.11781,-0.01966,-1.45412,spy_options_2021.parquet,6377637
SPY,2021-04-07,2021-04-07T16:00:00-04:00,406.57,2021-07-16,100.0,0.273972602739726,540.0,call,0.02,0.03,0.05,23,,0.18704,0.00206,0.00013,0.01495,-0.00125,0.0021,spy_options_2021.parquet,6377638
SPY,2021-04-07,2021-04-07T16:00:00-04:00,406.57,2021-07-16,100.0,0.273972602739726,540.0,put,133.93,134.91,0.0,,,0.26105,-0.97627,0.00093,0.11406,-0.01951,-1.46935,spy_options_2021.parquet,6377638
SPY,2021-04-07,2021-04-07T16:00:00-04:00,406.57,2021-07-16,100.0,0.273972602739726,545.0,call,0.02,0.03,0.04,30,,0.19302,0.00172,0.00019,0.0152,-0.00089,0.00223,spy_options_2021.parquet,6377639
SPY,2021-04-07,2021-04-07T16:00:00-04:00,406.57,2021-07-16,100.0,0.273972602739726,545.0,put,138.93,139.9,0.0,,,0.26763,-0.97667,0.00088,0.11105,-0.0201,-1.48338,spy_options_2021.parquet,6377639
SPY,2021-04-07,2021-04-07T16:00:00-04:00,406.57,2021-07-16,100.0,0.273972602739726,550.0,call,0.02,0.03,0.03,1,,0.19784,0.00211,0.00016,0.01481,-0.00111,0.00182,spy_options_2021.parquet,6377640
SPY,2021-04-07,2021-04-07T16:00:00-04:00,406.57,2021-07-16,100.0,0.273972602739726,550.0,put,143.92,144.9,173.43,1,,0.2741,-0.97731,0.00082,0.10863,-0.01957,-1.49869,spy_options_2021.parquet,6377640
SPY,2021-04-07,2021-04-07T16:00:00-04:00,406.57,2021-07-16,100.0,0.273972602739726,555.0,call,0.01,0.03,0.02,0,,0.19956,0.00163,0.00016,0.01199,-0.00155,0.00143,spy_options_2021.parquet,6377641
SPY,2021-04-07,2021-04-07T16:00:00-04:00,406.57,2021-07-16,100.0,0.273972602739726,555.0,put,148.91,149.89,0.0,,,0.2802,-0.97867,0.00081,0.10516,-0.01976,-1.51302,spy_options_2021.parquet,6377641
SPY,2021-04-07,2021-04-07T16:00:00-04:00,406.57,2021-07-16,100.0,0.273972602739726,560.0,call,0.01,0.03,0.02,50,,0.20406,0.00157,7e-05,0.01138,-0.00093,0.00194,spy_options_2021.parquet,6377642
SPY,2021-04-07,2021-04-07T16:00:00-04:00,406.57,2021-07-16,100.0,0.273972602739726,560.0,put,153.91,154.88,176.6,1,,0.28605,-0.9792,0.00079,0.10192,-0.01957,-1.52705,spy_options_2021.parquet,6377642
SPY,2021-04-07,2021-04-07T16:00:00-04:00,406.57,2021-08-20,135.0,0.3698630136986301,275.0,call,132.14,133.15,0.0,,,0.43528,0.91292,0.00038,0.30348,-0.04738,0.22458,spy_options_2021.parquet,6377660
SPY,2021-04-07,2021-04-07T16:00:00-04:00,406.57,2021-08-20,135.0,0.3698630136986301,275.0,put,1.25,1.27,1.33,73,,0.3687,-0.03195,0.00082,0.18018,-0.02477,-0.05326,spy_options_2021.parquet,6377660
SPY,2021-04-07,2021-04-07T16:00:00-04:00,406.57,2021-08-20,135.0,0.3698630136986301,280.0,call,127.22,128.24,115.0,8,,0.41592,0.91413,0.00048,0.3073,-0.04557,0.24577,spy_options_2021.parquet,6377661
SPY,2021-04-07,2021-04-07T16:00:00-04:00,406.57,2021-08-20,135.0,0.3698630136986301,280.0,put,1.35,1.38,1.38,1,,0.35953,-0.03521,0.00086,0.19545,-0.02575,-0.05923,spy_options_2021.parquet,6377661
SPY,2021-04-07,2021-04-07T16:00:00-04:00,406.57,2021-08-20,135.0,0.3698630136986301,285.0,call,122.32,123.33,0.0,,,0.39862,0.91451,0.00053,0.31124,-0.04437,0.26902,spy_options_2021.parquet,6377662
SPY,2021-04-07,2021-04-07T16:00:00-04:00,406.57,2021-08-20,135.0,0.3698630136986301,285.0,put,1.47,1.5,1.48,4,,0.35116,-0.03885,0.00101,0.21093,-0.02703,-0.06435,spy_options_2021.parquet,6377662
SPY,2021-04-07,2021-04-07T16:00:00-04:00,406.57,2021-08-20,135.0,0.3698630136986301,290.0,call,117.43,118.44,0.0,,,0.38249,0.915,0.00063,0.31635,-0.04237,0.29587,spy_options_2021.parquet,6377663
SPY,2021-04-07,2021-04-07T16:00:00-04:00,406.57,2021-08-20,135.0,0.3698630136986301,290.0,put,1.6,1.63,1.69,0,,0.34209,-0.04262,0.00111,0.22811,-0.02884,-0.0714,spy_options_2021.parquet,6377663
SPY,2021-04-07,2021-04-07T16:00:00-04:00,406.57,2021-08-20,135.0,0.3698630136986301,295.0,call,112.55,113.56,100.99,3,,0.36689,0.91516,0.00072,0.32288,-0.0422,0.32551,spy_options_2021.parquet,6377664
SPY,2021-04-07,2021-04-07T16:00:00-04:00,406.57,2021-08-20,135.0,0.3698630136986301,295.0,put,1.74,1.77,1.82,0,,0.33339,-0.04729,0.00121,0.24614,-0.03042,-0.07794,spy_options_2021.parquet,6377664
SPY,2021-04-07,2021-04-07T16:00:00-04:00,406.57,2021-08-20,135.0,0.3698630136986301,300.0,call,107.69,108.69,97.41,1,,0.35237,0.91434,0.00092,0.33135,-0.04154,0.35944,spy_options_2021.parquet,6377665
SPY,2021-04-07,2021-04-07T16:00:00-04:00,406.57,2021-08-20,135.0,0.3698630136986301,300.0,put,1.91,1.94,1.93,365,,0.32597,-0.05249,0.00133,0.26673,-0.0318,-0.08642,spy_options_2021.parquet,6377665
SPY,2021-04-07,2021-04-07T16:00:00-04:00,406.57,2021-08-20,135.0,0.3698630136986301,301.0,call,106.72,107.72,0.0,,,0.34902,0.91382,0.00093,0.33264,-0.0409,0.36609,spy_options_2021.parquet,6377666
SPY,2021-04-07,2021-04-07T16:00:00-04:00,406.57,2021-08-20,135.0,0.3698630136986301,301.0,put,1.94,1.97,2.02,0,,0.3238,-0.05299,0.00136,0.2701,-0.03191,-0.0881,spy_options_2021.parquet,6377666
SPY,2021-04-07,2021-04-07T16:00:00-04:00,406.57,2021-08-20,135.0,0.3698630136986301,302.0,call,105.75,106.74,105.8,14,,0.346,0.91378,0.00095,0.33421,-0.04129,0.37285,spy_options_2021.parquet,6377667
SPY,2021-04-07,2021-04-07T16:00:00-04:00,406.57,2021-08-20,135.0,0.3698630136986301,302.0,put,1.97,2.01,2.14,2,,0.32219,-0.05429,0.0014,0.2742,-0.03293,-0.08939,spy_options_2021.parquet,6377667
SPY,2021-04-07,2021-04-07T16:00:00-04:00,406.57,2021-08-20,135.0,0.3698630136986301,303.0,call,104.78,105.78,0.0,,,0.34359,0.91385,0.00092,0.33674,-0.04097,0.38016,spy_options_2021.parquet,6377668
SPY,2021-04-07,2021-04-07T16:00:00-04:00,406.57,2021-08-20,135.0,0.3698630136986301,303.0,put,2.01,2.04,2.03,111,,0.32037,-0.05555,0.0014,0.27902,-0.03249,-0.09135,spy_options_2021.parquet,6377668
SPY,2021-04-07,2021-04-07T16:00:00-04:00,406.57,2021-08-20,135.0,0.3698630136986301,304.0,call,103.82,104.81,0.0,,,0.34076,0.91269,0.00101,0.33908,-0.04085,0.38805,spy_options_2021.parquet,6377669
SPY,2021-04-07,2021-04-07T16:00:00-04:00,406.57,2021-08-20,135.0,0.3698630136986301,304.0,put,2.05,2.08,2.88,1,,0.31976,-0.0563,0.00149,0.28353,-0.03292,-0.09332,spy_options_2021.parquet,6377669
SPY,2021-04-07,2021-04-07T16:00:00-04:00,406.57,2021-08-20,135.0,0.3698630136986301,305.0,call,102.85,103.84,0.0,,,0.33836,0.91287,0.00102,0.34143,-0.04074,0.39509,spy_options_2021.parquet,6377670
SPY,2021-04-07,2021-04-07T16:00:00-04:00,406.57,2021-08-20,135.0,0.3698630136986301,305.0,put,2.08,2.12,2.11,11,,0.31717,-0.05795,0.00148,0.28758,-0.03363,-0.09532,spy_options_2021.parquet,6377670
SPY,2021-04-07,2021-04-07T16:00:00-04:00,406.57,2021-08-20,135.0,0.3698630136986301,306.0,call,101.91,102.87,0.0,,,0.33644,0.91186,0.00104,0.34419,-0.04076,0.4038,spy_options_2021.parquet,6377671
SPY,2021-04-07,2021-04-07T16:00:00-04:00,406.57,2021-08-20,135.0,0.3698630136986301,306.0,put,2.12,2.16,2.99,1,,0.31585,-0.05916,0.00147,0.29227,-0.03358,-0.09718,spy_options_2021.parquet,6377671
SPY,2021-04-07,2021-04-07T16:00:00-04:00,406.57,2021-08-20,135.0,0.3698630136986301,307.0,call,100.92,101.91,0.0,,,0.33375,0.91242,0.00108,0.34672,-0.04059,0.41102,spy_options_2021.parquet,6377672
SPY,2021-04-07,2021-04-07T16:00:00-04:00,406.57,2021-08-20,135.0,0.3698630136986301,307.0,put,2.16,2.19,3.62,68,,0.31468,-0.06013,0.00149,0.29613,-0.034,-0.09828,spy_options_2021.parquet,6377672
SPY,2021-04-07,2021-04-07T16:00:00-04:00,406.57,2021-08-20,135.0,0.3698630136986301,308.0,call,99.95,100.94,100.71,0,,0.33081,0.91194,0.00116,0.34817,-0.04028,0.41858,spy_options_2021.parquet,6377673
SPY,2021-04-07,2021-04-07T16:00:00-04:00,406.57,2021-08-20,135.0,0.3698630136986301,308.0,put,2.2,2.24,2.39,1,,0.31277,-0.06098,0.00161,0.30126,-0.03439,-0.10124,spy_options_2021.parquet,6377673
SPY,2021-04-07,2021-04-07T16:00:00-04:00,406.57,2021-08-20,135.0,0.3698630136986301,309.0,call,98.98,99.97,0.0,,,0.32845,0.91159,0.00112,0.35144,-0.04082,0.42541,spy_options_2021.parquet,6377674
SPY,2021-04-07,2021-04-07T16:00:00-04:00,406.57,2021-08-20,135.0,0.3698630136986301,309.0,put,2.24,2.27,2.48,6,,0.31086,-0.06262,0.00163,0.30581,-0.03547,-0.10305,spy_options_2021.parquet,6377674
SPY,2021-04-07,2021-04-07T16:00:00-04:00,406.57,2021-08-20,135.0,0.3698630136986301,310.0,call,98.06,99.01,84.17,3,,0.32616,0.91087,0.00119,0.35455,-0.04032,0.43523,spy_options_2021.parquet,6377675
SPY,2021-04-07,2021-04-07T16:00:00-04:00,406.57,2021-08-20,135.0,0.3698630136986301,310.0,put,2.28,2.32,2.5,103,,0.30915,-0.06328,0.00167,0.3104,-0.03514,-0.10521,spy_options_2021.parquet,6377675
SPY,2021-04-07,2021-04-07T16:00:00-04:00,406.57,2021-08-20,135.0,0.3698630136986301,311.0,call,97.32,98.11,0.0,,,0.32734,0.90839,0.00127,0.36425,-0.04238,0.4545,spy_options_2021.parquet,6377676
SPY,2021-04-07,2021-04-07T16:00:00-04:00,406.57,2021-08-20,135.0,0.3698630136986301,311.0,put,2.33,2.36,2.44,1,,0.30805,-0.06529,0.0017,0.31611,-0.03542,-0.10758,spy_options_2021.parquet,6377676
SPY,2021-04-07,2021-04-07T16:00:00-04:00,406.57,2021-08-20,135.0,0.3698630136986301,312.0,call,96.36,97.07,0.0,,,0.3246,0.90795,0.00127,0.36549,-0.04174,0.45987,spy_options_2021.parquet,6377677
SPY,2021-04-07,2021-04-07T16:00:00-04:00,406.57,2021-08-20,135.0,0.3698630136986301,312.0,put,2.37,2.41,2.46,36,,0.30699,-0.06666,0.00171,0.32141,-0.03589,-0.10889,spy_options_2021.parquet,6377677
SPY,2021-04-07,2021-04-07T16:00:00-04:00,406.57,2021-08-20,135.0,0.3698630136986301,313.0,call,95.4,96.11,0.0,,,0.32226,0.90772,0.00132,0.36902,-0.04199,0.46726,spy_options_2021.parquet,6377678
SPY,2021-04-07,2021-04-07T16:00:00-04:00,406.57,2021-08-20,135.0,0.3698630136986301,313.0,put,2.42,2.45,2.46,45,,0.3054,-0.06782,0.00174,0.32615,-0.03641,-0.11138,spy_options_2021.parquet,6377678
SPY,2021-04-07,2021-04-07T16:00:00-04:00,406.57,2021-08-20,135.0,0.3698630136986301,314.0,call,94.44,95.15,0.0,,,0.31948,0.90747,0.00139,0.37178,-0.04135,0.47634,spy_options_2021.parquet,6377679
SPY,2021-04-07,2021-04-07T16:00:00-04:00,406.57,2021-08-20,135.0,0.3698630136986301,314.0,put,2.46,2.49,2.48,68,,0.30338,-0.06868,0.00182,0.3307,-0.03699,-0.11408,spy_options_2021.parquet,6377679
SPY,2021-04-07,2021-04-07T16:00:00-04:00,406.57,2021-08-20,135.0,0.3698630136986301,315.0,call,93.48,94.18,93.17,1,,0.31751,0.90593,0.00139,0.37536,-0.04179,0.48405,spy_options_2021.parquet,6377680
SPY,2021-04-07,2021-04-07T16:00:00-04:00,406.57,2021-08-20,135.0,0.3698630136986301,315.0,put,2.51,2.54,2.54,38,,0.30159,-0.07083,0.00177,0.33595,-0.03758,-0.11581,spy_options_2021.parquet,6377680
SPY,2021-04-07,2021-04-07T16:00:00-04:00,406.57,2021-08-20,135.0,0.3698630136986301,316.0,call,92.52,93.22,0.0,,,0.3148,0.90555,0.00146,0.37865,-0.04166,0.49224,spy_options_2021.parquet,6377681
SPY,2021-04-07,2021-04-07T16:00:00-04:00,406.57,2021-08-20,135.0,0.3698630136986301,316.0,put,2.56,2.59,2.68,20,,0.30028,-0.07213,0.00187,0.34194,-0.03821,-0.11841,spy_options_2021.parquet,6377681
SPY,2021-04-07,2021-04-07T16:00:00-04:00,406.57,2021-08-20,135.0,0.3698630136986301,317.0,call,91.56,92.27,82.43,26,,0.31288,0.90463,0.00146,0.38151,-0.04154,0.50029,spy_options_2021.parquet,6377682
SPY,2021-04-07,2021-04-07T16:00:00-04:00,406.57,2021-08-20,135.0,0.3698630136986301,317.0,put,2.61,2.64,2.62,33,,0.29854,-0.07365,0.00188,0.347,-0.03873,-0.12091,spy_options_2021.parquet,6377682
SPY,2021-04-07,2021-04-07T16:00:00-04:00,406.57,2021-08-20,135.0,0.3698630136986301,318.0,call,90.61,91.31,90.2,10,,0.31002,0.90452,0.00151,0.38539,-0.0422,0.5086,spy_options_2021.parquet,6377683
SPY,2021-04-07,2021-04-07T16:00:00-04:00,406.57,2021-08-20,135.0,0.3698630136986301,318.0,put,2.66,2.68,2.65,16,,0.29711,-0.07546,0.00191,0.35271,-0.03826,-0.12293,spy_options_2021.parquet,6377683
SPY,2021-04-07,2021-04-07T16:00:00-04:00,406.57,2021-08-20,135.0,0.3698630136986301,319.0,call,89.65,90.36,0.0,,,0.30777,0.90303,0.00155,0.3892,-0.04177,0.51664,spy_options_2021.parquet,6377684
SPY,2021-04-07,2021-04-07T16:00:00-04:00,406.57,2021-08-20,135.0,0.3698630136986301,319.0,put,2.71,2.74,2.74,10,,0.29537,-0.07673,0.00192,0.3586,-0.03884,-0.12646,spy_options_2021.parquet,6377684
SPY,2021-04-07,2021-04-07T16:00:00-04:00,406.57,2021-08-20,135.0,0.3698630136986301,320.0,call,88.47,89.4,88.79,4,,0.3033,0.90423,0.00161,0.38733,-0.04151,0.51768,spy_options_2021.parquet,6377685
SPY,2021-04-07,2021-04-07T16:00:00-04:00,406.57,2021-08-20,135.0,0.3698630136986301,320.0,put,2.76,2.79,2.9,7,,0.29462,-0.07855,0.00205,0.36376,-0.03935,-0.12803,spy_options_2021.parquet,6377685
SPY,2021-04-07,2021-04-07T16:00:00-04:00,406.57,2021-08-20,135.0,0.3698630136986301,321.0,call,87.53,88.45,0.0,,,0.30114,0.90342,0.00162,0.39214,-0.04104,0.52717,spy_options_2021.parquet,6377686
SPY,2021-04-07,2021-04-07T16:00:00-04:00,406.57,2021-08-20,135.0,0.3698630136986301,321.0,put,2.81,2.84,2.83,20,,0.29261,-0.08025,0.00207,0.36904,-0.04012,-0.13075,spy_options_2021.parquet,6377686
SPY,2021-04-07,2021-04-07T16:00:00-04:00,406.57,2021-08-20,135.0,0.3698630136986301,322.0,call,86.57,87.5,79.25,1,,0.29842,0.90199,0.00173,0.39544,-0.04108,0.53549,spy_options_2021.parquet,6377687
SPY,2021-04-07,2021-04-07T16:00:00-04:00,406.57,2021-08-20,135.0,0.3698630136986301,322.0,put,2.87,2.9,2.9,20,,0.29162,-0.08171,0.00205,0.37545,-0.04052,-0.13421,spy_options_2021.parquet,6377687
SPY,2021-04-07,2021-04-07T16:00:00-04:00,406.57,2021-08-20,135.0,0.3698630136986301,323.0,call,85.62,86.54,0.0,,,0.29706,0.90128,0.00176,0.39983,-0.04104,0.54348,spy_options_2021.parquet,6377688
SPY,2021-04-07,2021-04-07T16:00:00-04:00,406.57,2021-08-20,135.0,0.3698630136986301,323.0,put,2.92,2.95,2.96,30,,0.28929,-0.08292,0.00215,0.38079,-0.0403,-0.13662,spy_options_2021.parquet,6377688
SPY,2021-04-07,2021-04-07T16:00:00-04:00,406.57,2021-08-20,135.0,0.3698630136986301,324.0,call,84.66,85.58,0.0,,,0.29462,0.90064,0.00176,0.40377,-0.04119,0.5516,spy_options_2021.parquet,6377689
SPY,2021-04-07,2021-04-07T16:00:00-04:00,406.57,2021-08-20,135.0,0.3698630136986301,324.0,put,2.98,3.01,2.98,5,,0.2879,-0.08511,0.00214,0.38662,-0.04093,-0.13904,spy_options_2021.parquet,6377689
SPY,2021-04-07,2021-04-07T16:00:00-04:00,406.57,2021-08-20,135.0,0.3698630136986301,325.0,call,83.71,84.63,68.21,21,,0.29199,0.89866,0.00187,0.40812,-0.04207,0.56045,spy_options_2021.parquet,6377690
SPY,2021-04-07,2021-04-07T16:00:00-04:00,406.57,2021-08-20,135.0,0.3698630136986301,325.0,put,3.04,3.06,3.04,10,,0.28657,-0.0867,0.00225,0.39254,-0.04141,-0.1423,spy_options_2021.parquet,6377690
SPY,2021-04-07,2021-04-07T16:00:00-04:00,406.57,2021-08-20,135.0,0.3698630136986301,326.0,call,82.75,83.68,76.52,2,,0.28961,0.89789,0.00191,0.41209,-0.04203,0.56849,spy_options_2021.parquet,6377691
SPY,2021-04-07,2021-04-07T16:00:00-04:00,406.57,2021-08-20,135.0,0.3698630136986301,326.0,put,3.1,3.12,3.1,155,,0.28508,-0.08826,0.00228,0.3992,-0.04233,-0.14539,spy_options_2021.parquet,6377691
SPY,2021-04-07,2021-04-07T16:00:00-04:00,406.57,2021-08-20,135.0,0.3698630136986301,327.0,call,81.82,82.73,71.75,38,,0.28777,0.89666,0.00198,0.41789,-0.04239,0.57781,spy_options_2021.parquet,6377692
SPY,2021-04-07,2021-04-07T16:00:00-04:00,406.57,2021-08-20,135.0,0.3698630136986301,327.0,put,3.16,3.18,3.16,5,,0.28353,-0.09055,0.00236,0.40517,-0.04255,-0.14801,spy_options_2021.parquet,6377692
SPY,2021-04-07,2021-04-07T16:00:00-04:00,406.57,2021-08-20,135.0,0.3698630136986301,328.0,call,80.83,81.78,67.5,1,,0.28552,0.89554,0.00197,0.42134,-0.04181,0.5856,spy_options_2021.parquet,6377693
SPY,2021-04-07,2021-04-07T16:00:00-04:00,406.57,2021-08-20,135.0,0.3698630136986301,328.0,put,3.22,3.24,3.26,18,,0.28166,-0.09204,0.00232,0.4105,-0.04318,-0.1516,spy_options_2021.parquet,6377693
SPY,2021-04-07,2021-04-07T16:00:00-04:00,406.57,2021-08-20,135.0,0.3698630136986301,329.0,call,79.93,80.84,62.88,5,,0.28438,0.89388,0.00203,0.42698,-0.04201,0.59531,spy_options_2021.parquet,6377694
SPY,2021-04-07,2021-04-07T16:00:00-04:00,406.57,2021-08-20,135.0,0.3698630136986301,329.0,put,3.28,3.3,3.51,0,,0.28024,-0.09435,0.00244,0.41731,-0.04294,-0.15463,spy_options_2021.parquet,6377694
SPY,2021-04-07,2021-04-07T16:00:00-04:00,406.57,2021-08-20,135.0,0.3698630136986301,330.0,call,78.99,79.89,79.95,0,,0.2824,0.89293,0.00208,0.43168,-0.04292,0.60382,spy_options_2021.parquet,6377695
SPY,2021-04-07,2021-04-07T16:00:00-04:00,406.57,2021-08-20,135.0,0.3698630136986301,330.0,put,3.35,3.37,3.37,19,,0.27859,-0.0957,0.0025,0.42403,-0.04394,-0.15723,spy_options_2021.parquet,6377695
SPY,2021-04-07,2021-04-07T16:00:00-04:00,406.57,2021-08-20,135.0,0.3698630136986301,335.0,call,74.3,75.2,66.61,4,,0.27278,0.88489,0.00248,0.4592,-0.04383,0.6456,spy_options_2021.parquet,6377696
SPY,2021-04-07,2021-04-07T16:00:00-04:00,406.57,2021-08-20,135.0,0.3698630136986301,335.0,put,3.69,3.71,3.71,448,,0.27137,-0.10655,0.00277,0.45726,-0.04616,-0.17437,spy_options_2021.parquet,6377696
SPY,2021-04-07,2021-04-07T16:00:00-04:00,406.57,2021-08-20,135.0,0.3698630136986301,340.0,call,69.62,70.53,69.61,0,,0.26381,0.87623,0.00273,0.48934,-0.04523,0.68531,spy_options_2021.parquet,6377697
SPY,2021-04-07,2021-04-07T16:00:00-04:00,406.57,2021-08-20,135.0,0.3698630136986301,340.0,put,4.07,4.1,4.12,609,,0.26391,-0.11796,0.003,0.49251,-0.0478,-0.19394,spy_options_2021.parquet,6377697
SPY,2021-04-07,2021-04-07T16:00:00-04:00,406.57,2021-08-20,135.0,0.3698630136986301,345.0,call,65.03,65.91,54.5,1,,0.25496,0.86505,0.00317,0.52366,-0.04693,0.72329,spy_options_2021.parquet,6377698
SPY,2021-04-07,2021-04-07T16:00:00-04:00,406.57,2021-08-20,135.0,0.3698630136986301,345.0,put,4.49,4.52,4.52,61,,0.25642,-0.13139,0.00332,0.52928,-0.04989,-0.21536,spy_options_2021.parquet,6377698
SPY,2021-04-07,2021-04-07T16:00:00-04:00,406.57,2021-08-20,135.0,0.3698630136986301,350.0,call,60.45,61.32,61.16,0,,0.24696,0.85335,0.00358,0.55962,-0.04855,0.75715,spy_options_2021.parquet,6377699
SPY,2021-04-07,2021-04-07T16:00:00-04:00,406.57,2021-08-20,135.0,0.3698630136986301,350.0,put,4.96,5.0,5.0,45,,0.24916,-0.14595,0.00367,0.56886,-0.05273,-0.23956,spy_options_2021.parquet,6377699
SPY,2021-04-07,2021-04-07T16:00:00-04:00,406.57,2021-08-20,135.0,0.3698630136986301,355.0,call,56.24,56.8,46.28,17,,0.2408,0.83613,0.00397,0.60401,-0.05094,0.78799,spy_options_2021.parquet,6377700
SPY,2021-04-07,2021-04-07T16:00:00-04:00,406.57,2021-08-20,135.0,0.3698630136986301,355.0,put,5.48,5.53,5.66,0,,0.24198,-0.16245,0.00409,0.60974,-0.05467,-0.26542,spy_options_2021.parquet,6377700
SPY,2021-04-07,2021-04-07T16:00:00-04:00,406.57,2021-08-20,135.0,0.3698630136986301,360.0,call,51.64,52.35,51.0,1,,0.23215,0.82049,0.00438,0.64326,-0.05243,0.81175,spy_options_2021.parquet,6377701
SPY,2021-04-07,2021-04-07T16:00:00-04:00,406.57,2021-08-20,135.0,0.3698630136986301,360.0,put,6.06,6.1,6.18,1175,,0.23414,-0.17978,0.0045,0.65189,-0.05719,-0.295,spy_options_2021.parquet,6377701
SPY,2021-04-07,2021-04-07T16:00:00-04:00,406.57,2021-08-20,135.0,0.3698630136986301,365.0,call,47.42,47.97,47.55,0,,0.22506,0.79991,0.00492,0.68859,-0.0543,0.83122,spy_options_2021.parquet,6377702
SPY,2021-04-07,2021-04-07T16:00:00-04:00,406.57,2021-08-20,135.0,0.3698630136986301,365.0,put,6.71,6.74,6.76,196,,0.22648,-0.20022,0.00498,0.69518,-0.05852,-0.32716,spy_options_2021.parquet,6377702
SPY,2021-04-07,2021-04-07T16:00:00-04:00,406.57,2021-08-20,135.0,0.3698630136986301,370.0,call,42.92,43.52,43.24,0,,0.21491,0.78056,0.00546,0.72986,-0.05546,0.84434,spy_options_2021.parquet,6377703
SPY,2021-04-07,2021-04-07T16:00:00-04:00,406.57,2021-08-20,135.0,0.3698630136986301,370.0,put,7.43,7.46,7.67,794,,0.21906,-0.223,0.00551,0.73979,-0.06089,-0.36438,spy_options_2021.parquet,6377703
SPY,2021-04-07,2021-04-07T16:00:00-04:00,406.57,2021-08-20,135.0,0.3698630136986301,375.0,call,38.74,39.29,39.04,6,,0.20715,0.7558,0.00613,0.77585,-0.05686,0.85022,spy_options_2021.parquet,6377704
SPY,2021-04-07,2021-04-07T16:00:00-04:00,406.57,2021-08-20,135.0,0.3698630136986301,375.0,put,8.23,8.26,8.28,133,,0.21169,-0.24756,0.00606,0.78446,-0.06228,-0.40459,spy_options_2021.parquet,6377704
SPY,2021-04-07,2021-04-07T16:00:00-04:00,406.57,2021-08-20,135.0,0.3698630136986301,380.0,call,34.63,35.16,34.81,3,,0.19917,0.72783,0.00669,0.82138,-0.05818,0.8489,spy_options_2021.parquet,6377705
SPY,2021-04-07,2021-04-07T16:00:00-04:00,406.57,2021-08-20,135.0,0.3698630136986301,380.0,put,9.12,9.15,9.19,130,,0.20354,-0.27555,0.00658,0.82858,-0.06332,-0.44982,spy_options_2021.parquet,6377705
SPY,2021-04-07,2021-04-07T16:00:00-04:00,406.57,2021-08-20,135.0,0.3698630136986301,382.0,call,33.02,33.54,32.71,1,,0.19684,0.71505,0.00697,0.83892,-0.05868,0.84627,spy_options_2021.parquet,6377706
SPY,2021-04-07,2021-04-07T16:00:00-04:00,406.57,2021-08-20,135.0,0.3698630136986301,382.0,put,9.51,9.55,9.58,65,,0.2008,-0.2868,0.00681,0.84536,-0.06388,-0.46943,spy_options_2021.parquet,6377706
SPY,2021-04-07,2021-04-07T16:00:00-04:00,406.57,2021-08-20,135.0,0.3698630136986301,383.0,call,32.31,32.67,22.61,49,,0.19547,0.70902,0.00712,0.84787,-0.05847,0.84445,spy_options_2021.parquet,6377707
SPY,2021-04-07,2021-04-07T16:00:00-04:00,406.57,2021-08-20,135.0,0.3698630136986301,383.0,put,9.71,9.74,9.69,43,,0.19884,-0.2936,0.00697,0.85354,-0.06321,-0.47981,spy_options_2021.parquet,6377707
SPY,2021-04-07,2021-04-07T16:00:00-04:00,406.57,2021-08-20,135.0,0.3698630136986301,384.0,call,31.54,31.87,31.79,5,,0.19381,0.70239,0.0072,0.85703,-0.05903,0.8415,spy_options_2021.parquet,6377708
SPY,2021-04-07,2021-04-07T16:00:00-04:00,406.57,2021-08-20,135.0,0.3698630136986301,384.0,put,9.91,9.94,9.89,67,,0.19735,-0.30018,0.00711,0.86222,-0.06371,-0.48978,spy_options_2021.parquet,6377708
SPY,2021-04-07,2021-04-07T16:00:00-04:00,406.57,2021-08-20,135.0,0.3698630136986301,385.0,call,30.74,31.08,30.97,1,,0.19216,0.69623,0.0074,0.86526,-0.05897,0.83937,spy_options_2021.parquet,6377709
SPY,2021-04-07,2021-04-07T16:00:00-04:00,406.57,2021-08-20,135.0,0.3698630136986301,385.0,put,10.12,10.16,10.19,104,,0.1957,-0.30645,0.00724,0.8701,-0.0639,-0.50024,spy_options_2021.parquet,6377709
SPY,2021-04-07,2021-04-07T16:00:00-04:00,406.57,2021-08-20,135.0,0.3698630136986301,386.0,call,29.96,30.29,30.43,1,,0.19025,0.68966,0.00752,0.8739,-0.05859,0.83581,spy_options_2021.parquet,6377710
SPY,2021-04-07,2021-04-07T16:00:00-04:00,406.57,2021-08-20,135.0,0.3698630136986301,386.0,put,10.34,10.37,10.32,30,,0.19357,-0.31297,0.0074,0.87841,-0.06399,-0.51148,spy_options_2021.parquet,6377710
SPY,2021-04-07,2021-04-07T16:00:00-04:00,406.57,2021-08-20,135.0,0.3698630136986301,387.0,call,29.15,29.51,24.2,55,,0.18883,0.68279,0.00759,0.88162,-0.05872,0.83312,spy_options_2021.parquet,6377711
SPY,2021-04-07,2021-04-07T16:00:00-04:00,406.57,2021-08-20,135.0,0.3698630136986301,387.0,put,10.56,10.59,10.63,10,,0.19205,-0.31936,0.00749,0.88687,-0.06378,-0.52226,spy_options_2021.parquet,6377711
SPY,2021-04-07,2021-04-07T16:00:00-04:00,406.57,2021-08-20,135.0,0.3698630136986301,388.0,call,28.37,28.73,28.91,0,,0.18708,0.67513,0.00778,0.89022,-0.05925,0.8295,spy_options_2021.parquet,6377712
SPY,2021-04-07,2021-04-07T16:00:00-04:00,406.57,2021-08-20,135.0,0.3698630136986301,388.0,put,10.79,10.83,10.77,16,,0.19095,-0.32614,0.00764,0.89443,-0.06443,-0.53355,spy_options_2021.parquet,6377712
SPY,2021-04-07,2021-04-07T16:00:00-04:00,406.57,2021-08-20,135.0,0.3698630136986301,389.0,call,27.63,27.96,27.74,112,,0.1855,0.66851,0.00794,0.89866,-0.05892,0.82519,spy_options_2021.parquet,6377713
SPY,2021-04-07,2021-04-07T16:00:00-04:00,406.57,2021-08-20,135.0,0.3698630136986301,389.0,put,11.02,11.07,11.38,2,,0.18894,-0.33343,0.0077,0.9019,-0.06402,-0.54537,spy_options_2021.parquet,6377713
SPY,2021-04-07,2021-04-07T16:00:00-04:00,406.57,2021-08-20,135.0,0.3698630136986301,390.0,call,26.87,27.2,27.18,2,,0.18397,0.661,0.00804,0.90639,-0.05944,0.82135,spy_options_2021.parquet,6377714
SPY,2021-04-07,2021-04-07T16:00:00-04:00,406.57,2021-08-20,135.0,0.3698630136986301,390.0,put,11.26,11.3,11.25,16,,0.18742,-0.34056,0.00789,0.90921,-0.06395,-0.55701,spy_options_2021.parquet,6377714
SPY,2021-04-07,2021-04-07T16:00:00-04:00,406.57,2021-08-20,135.0,0.3698630136986301,391.0,call,26.1,26.44,25.28,1,,0.1827,0.65382,0.00811,0.91373,-0.05908,0.81613,spy_options_2021.parquet,6377715
SPY,2021-04-07,2021-04-07T16:00:00-04:00,406.57,2021-08-20,135.0,0.3698630136986301,391.0,put,11.51,11.54,11.75,4,,0.18605,-0.34855,0.00803,0.91717,-0.06434,-0.5689,spy_options_2021.parquet,6377715
SPY,2021-04-07,2021-04-07T16:00:00-04:00,406.57,2021-08-20,135.0,0.3698630136986301,392.0,call,25.37,25.69,25.54,20,,0.18099,0.64532,0.00831,0.92135,-0.05911,0.81105,spy_options_2021.parquet,6377716
SPY,2021-04-07,2021-04-07T16:00:00-04:00,406.57,2021-08-20,135.0,0.3698630136986301,392.0,put,11.77,11.82,12.2,0,,0.18505,-0.35571,0.00811,0.92397,-0.06395,-0.58128,spy_options_2021.parquet,6377716
SPY,2021-04-07,2021-04-07T16:00:00-04:00,406.57,2021-08-20,135.0,0.3698630136986301,393.0,call,24.64,24.94,25.12,0,,0.18015,0.63802,0.00838,0.92772,-0.0593,0.80569,spy_options_2021.parquet,6377717
SPY,2021-04-07,2021-04-07T16:00:00-04:00,406.57,2021-08-20,135.0,0.3698630136986301,393.0,put,12.03,12.09,12.23,53,,0.18335,-0.36396,0.00823,0.93097,-0.06458,-0.59398,spy_options_2021.parquet,6377717
SPY,2021-04-07,2021-04-07T16:00:00-04:00,406.57,2021-08-20,135.0,0.3698630136986301,394.0,call,23.87,24.21,23.9,0,,0.17845,0.6302,0.00855,0.93456,-0.05887,0.79997,spy_options_2021.parquet,6377718
SPY,2021-04-07,2021-04-07T16:00:00-04:00,406.57,2021-08-20,135.0,0.3698630136986301,394.0,put,12.29,12.34,12.38,0,,0.18145,-0.37165,0.00837,0.93723,-0.06435,-0.60658,spy_options_2021.parquet,6377718
SPY,2021-04-07,2021-04-07T16:00:00-04:00,406.57,2021-08-20,135.0,0.3698630136986301,395.0,call,23.16,23.48,22.88,0,,0.17633,0.622,0.00875,0.94126,-0.05923,0.79316,spy_options_2021.parquet,6377719
SPY,2021-04-07,2021-04-07T16:00:00-04:00,406.57,2021-08-20,135.0,0.3698630136986301,395.0,put,12.56,12.62,12.65,317,,0.18036,-0.37984,0.00848,0.94359,-0.06458,-0.62017,spy_options_2021.parquet,6377719
SPY,2021-04-07,2021-04-07T16:00:00-04:00,406.57,2021-08-20,135.0,0.3698630136986301,396.0,call,22.47,22.76,22.15,2,,0.17528,0.6131,0.00879,0.94755,-0.05908,0.78592,spy_options_2021.parquet,6377720
SPY,2021-04-07,2021-04-07T16:00:00-04:00,406.57,2021-08-20,135.0,0.3698630136986301,396.0,put,12.84,12.89,12.99,0,,0.17837,-0.38759,0.00865,0.94985,-0.06374,-0.63347,spy_options_2021.parquet,6377720
SPY,2021-04-07,2021-04-07T16:00:00-04:00,406.57,2021-08-20,135.0,0.3698630136986301,397.0,call,21.77,22.01,21.8,998,,0.174,0.60481,0.00897,0.95341,-0.05922,0.77891,spy_options_2021.parquet,6377721
SPY,2021-04-07,2021-04-07T16:00:00-04:00,406.57,2021-08-20,135.0,0.3698630136986301,397.0,put,13.13,13.19,13.23,10,,0.17707,-0.39551,0.00872,0.95465,-0.06418,-0.64738,spy_options_2021.parquet,6377721
SPY,2021-04-07,2021-04-07T16:00:00-04:00,406.57,2021-08-20,135.0,0.3698630136986301,398.0,call,21.16,21.29,21.36,2,,0.17237,0.59566,0.00908,0.95928,-0.05851,0.7717,spy_options_2021.parquet,6377722
SPY,2021-04-07,2021-04-07T16:00:00-04:00,406.57,2021-08-20,135.0,0.3698630136986301,398.0,put,13.43,13.49,13.78,11,,0.17599,-0.40455,0.00886,0.96017,-0.06378,-0.66097,spy_options_2021.parquet,6377722
SPY,2021-04-07,2021-04-07T16:00:00-04:00,406.57,2021-08-20,135.0,0.3698630136986301,399.0,call,20.49,20.6,20.29,29,,0.17094,0.58712,0.00915,0.96479,-0.05859,0.76339,spy_options_2021.parquet,6377723
SPY,2021-04-07,2021-04-07T16:00:00-04:00,406.57,2021-08-20,135.0,0.3698630136986301,399.0,put,13.74,13.8,13.9,3,,0.1739,-0.41346,0.00896,0.96506,-0.06393,-0.67555,spy_options_2021.parquet,6377723
SPY,2021-04-07,2021-04-07T16:00:00-04:00,406.57,2021-08-20,135.0,0.3698630136986301,400.0,call,19.78,19.92,19.56,2,,0.17019,0.57793,0.00934,0.9692,-0.05815,0.75525,spy_options_2021.parquet,6377724
SPY,2021-04-07,2021-04-07T16:00:00-04:00,406.57,2021-08-20,135.0,0.3698630136986301,400.0,put,14.05,14.12,14.2,40,,0.17298,-0.42186,0.00909,0.97,-0.06348,-0.68981,spy_options_2021.parquet,6377724
SPY,2021-04-07,2021-04-07T16:00:00-04:00,406.57,2021-08-20,135.0,0.3698630136986301,401.0,call,19.13,19.26,19.45,0,,0.16807,0.56905,0.00947,0.97389,-0.05827,0.74667,spy_options_2021.parquet,6377725
SPY,2021-04-07,2021-04-07T16:00:00-04:00,406.57,2021-08-20,135.0,0.3698630136986301,401.0,put,14.4,14.47,14.9,0,,0.17181,-0.43154,0.00925,0.97375,-0.06332,-0.70504,spy_options_2021.parquet,6377725
SPY,2021-04-07,2021-04-07T16:00:00-04:00,406.57,2021-08-20,135.0,0.3698630136986301,402.0,call,18.47,18.58,18.34,10,,0.16716,0.55938,0.00957,0.97705,-0.05754,0.73712,spy_options_2021.parquet,6377726
SPY,2021-04-07,2021-04-07T16:00:00-04:00,406.57,2021-08-20,135.0,0.3698630136986301,402.0,put,14.72,14.78,14.86,213,,0.17024,-0.43993,0.0094,0.97715,-0.06278,-0.72081,spy_options_2021.parquet,6377726
SPY,2021-04-07,2021-04-07T16:00:00-04:00,406.57,2021-08-20,135.0,0.3698630136986301,403.0,call,17.81,17.91,17.48,81,,0.16536,0.55019,0.00967,0.98079,-0.05799,0.72783,spy_options_2021.parquet,6377727
SPY,2021-04-07,2021-04-07T16:00:00-04:00,406.57,2021-08-20,135.0,0.3698630136986301,403.0,put,15.05,15.13,15.54,92,,0.16837,-0.44978,0.00941,0.98061,-0.06268,-0.7356,spy_options_2021.parquet,6377727
SPY,2021-04-07,2021-04-07T16:00:00-04:00,406.57,2021-08-20,135.0,0.3698630136986301,404.0,call,17.15,17.27,16.81,2,,0.16414,0.53998,0.00973,0.9838,-0.05708,0.71796,spy_options_2021.parquet,6377728
SPY,2021-04-07,2021-04-07T16:00:00-04:00,406.57,2021-08-20,135.0,0.3698630136986301,404.0,put,15.41,15.49,15.47,0,,0.16702,-0.45934,0.0096,0.98309,-0.06256,-0.75157,spy_options_2021.parquet,6377728
SPY,2021-04-07,2021-04-07T16:00:00-04:00,406.57,2021-08-20,135.0,0.3698630136986301,405.0,call,16.53,16.64,16.34,38,,0.16234,0.53004,0.00988,0.98582,-0.05736,0.70777,spy_options_2021.parquet,6377729
SPY,2021-04-07,2021-04-07T16:00:00-04:00,406.57,2021-08-20,135.0,0.3698630136986301,405.0,put,15.77,15.86,16.02,53,,0.16591,-0.46936,0.00966,0.98513,-0.06209,-0.76776,spy_options_2021.parquet,6377729
SPY,2021-04-07,2021-04-07T16:00:00-04:00,406.57,2021-08-20,135.0,0.3698630136986301,406.0,call,15.91,16.02,15.8,6,,0.16167,0.52045,0.01002,0.98673,-0.05635,0.69705,spy_options_2021.parquet,6377730
SPY,2021-04-07,2021-04-07T16:00:00-04:00,406.57,2021-08-20,135.0,0.3698630136986301,406.0,put,16.17,16.24,16.28,13,,0.16398,-0.47871,0.0098,0.98688,-0.06199,-0.78431,spy_options_2021.parquet,6377730
SPY,2021-04-07,2021-04-07T16:00:00-04:00,406.57,2021-08-20,135.0,0.3698630136986301,407.0,call,15.28,15.38,15.45,33,,0.16001,0.50945,0.01006,0.98823,-0.05654,0.68608,spy_options_2021.parquet,6377731
SPY,2021-04-07,2021-04-07T16:00:00-04:00,406.57,2021-08-20,135.0,0.3698630136986301,407.0,put,16.54,16.63,16.97,4,,0.16313,-0.48852,0.00984,0.9879,-0.06113,-0.80038,spy_options_2021.parquet,6377731
SPY,2021-04-07,2021-04-07T16:00:00-04:00,406.57,2021-08-20,135.0,0.3698630136986301,408.0,call,14.68,14.78,14.7,174,,0.15852,0.49977,0.01017,0.98883,-0.05627,0.67419,spy_options_2021.parquet,6377732
SPY,2021-04-07,2021-04-07T16:00:00-04:00,406.57,2021-08-20,135.0,0.3698630136986301,408.0,put,16.95,17.03,17.38,22,,0.16167,-0.4992,0.00997,0.9881,-0.06037,-0.81725,spy_options_2021.parquet,6377732
SPY,2021-04-07,2021-04-07T16:00:00-04:00,406.57,2021-08-20,135.0,0.3698630136986301,410.0,call,13.55,13.61,13.39,30,,0.15599,0.47822,0.01028,0.98762,-0.05533,0.6497,spy_options_2021.parquet,6377733
SPY,2021-04-07,2021-04-07T16:00:00-04:00,406.57,2021-08-20,135.0,0.3698630136986301,410.0,put,17.79,17.88,17.84,1602,,0.1587,-0.52033,0.01011,0.98722,-0.05958,-0.85242,spy_options_2021.parquet,6377733
SPY,2021-04-07,2021-04-07T16:00:00-04:00,406.57,2021-08-20,135.0,0.3698630136986301,415.0,call,10.87,10.94,11.02,31,,0.15004,0.42359,0.01058,0.97073,-0.05144,0.58444,spy_options_2021.parquet,6377734
SPY,2021-04-07,2021-04-07T16:00:00-04:00,406.57,2021-08-20,135.0,0.3698630136986301,415.0,put,20.05,20.28,20.43,0,,0.15267,-0.57376,0.01031,0.97173,-0.05648,-0.94236,spy_options_2021.parquet,6377734
SPY,2021-04-07,2021-04-07T16:00:00-04:00,406.57,2021-08-20,135.0,0.3698630136986301,420.0,call,8.57,8.64,8.57,45,,0.14411,0.36718,0.01055,0.93385,-0.04876,0.51389,spy_options_2021.parquet,6377735
SPY,2021-04-07,2021-04-07T16:00:00-04:00,406.57,2021-08-20,135.0,0.3698630136986301,420.0,put,22.75,23.02,23.58,0,,0.1479,-0.62817,0.01029,0.9364,-0.05342,-1.03474,spy_options_2021.parquet,6377735
SPY,2021-04-07,2021-04-07T16:00:00-04:00,406.57,2021-08-20,135.0,0.3698630136986301,425.0,call,6.65,6.71,6.63,10,,0.14032,0.31189,0.01017,0.87729,-0.04458,0.44109,spy_options_2021.parquet,6377736
SPY,2021-04-07,2021-04-07T16:00:00-04:00,406.57,2021-08-20,135.0,0.3698630136986301,425.0,put,25.69,26.17,35.91,1,,0.144,-0.68269,0.00996,0.88332,-0.04958,-1.12777,spy_options_2021.parquet,6377736
SPY,2021-04-07,2021-04-07T16:00:00-04:00,406.57,2021-08-20,135.0,0.3698630136986301,430.0,call,5.11,5.17,4.97,22,,0.13752,0.2604,0.00957,0.80616,-0.03973,0.37131,spy_options_2021.parquet,6377737
SPY,2021-04-07,2021-04-07T16:00:00-04:00,406.57,2021-08-20,135.0,0.3698630136986301,430.0,put,29.26,29.63,30.21,10,,0.14121,-0.73148,0.00938,0.81694,-0.04552,-1.21558,spy_options_2021.parquet,6377737
SPY,2021-04-07,2021-04-07T16:00:00-04:00,406.57,2021-08-20,135.0,0.3698630136986301,435.0,call,3.87,3.92,3.78,51,,0.13537,0.21304,0.00873,0.72253,-0.0354,0.3061,spy_options_2021.parquet,6377738
SPY,2021-04-07,2021-04-07T16:00:00-04:00,406.57,2021-08-20,135.0,0.3698630136986301,435.0,put,32.75,33.64,33.77,5,,0.13934,-0.77671,0.0086,0.73872,-0.04045,-1.29888,spy_options_2021.parquet,6377738
SPY,2021-04-07,2021-04-07T16:00:00-04:00,406.57,2021-08-20,135.0,0.3698630136986301,440.0,call,2.92,2.96,2.96,225,,0.13374,0.17168,0.00766,0.63428,-0.02995,0.24898,spy_options_2021.parquet,6377739
SPY,2021-04-07,2021-04-07T16:00:00-04:00,406.57,2021-08-20,135.0,0.3698630136986301,440.0,put,37.15,37.71,0.0,,,0.14116,-0.8114,0.00761,0.66956,-0.03811,-1.36615,spy_options_2021.parquet,6377739
SPY,2021-04-07,2021-04-07T16:00:00-04:00,406.57,2021-08-20,135.0,0.3698630136986301,445.0,call,2.2,2.23,2.2,1,,0.13242,0.137,0.00672,0.54754,-0.02608,0.19964,spy_options_2021.parquet,6377740
SPY,2021-04-07,2021-04-07T16:00:00-04:00,406.57,2021-08-20,135.0,0.3698630136986301,445.0,put,41.33,41.75,42.14,2,,0.13944,-0.84845,0.0067,0.58088,-0.03286,-1.43825,spy_options_2021.parquet,6377740
SPY,2021-04-07,2021-04-07T16:00:00-04:00,406.57,2021-08-20,135.0,0.3698630136986301,450.0,call,1.65,1.69,1.7,28,,0.13251,0.10862,0.00572,0.46588,-0.02203,0.1588,spy_options_2021.parquet,6377741
SPY,2021-04-07,2021-04-07T16:00:00-04:00,406.57,2021-08-20,135.0,0.3698630136986301,450.0,put,45.78,46.21,46.45,2,,0.13977,-0.87553,0.00583,0.50768,-0.02959,-1.49652,spy_options_2021.parquet,6377741
SPY,2021-04-07,2021-04-07T16:00:00-04:00,406.57,2021-08-20,135.0,0.3698630136986301,455.0,call,1.25,1.28,1.32,1,,0.13268,0.08575,0.00475,0.39267,-0.01855,0.12641,spy_options_2021.parquet,6377742
SPY,2021-04-07,2021-04-07T16:00:00-04:00,406.57,2021-08-20,135.0,0.3698630136986301,455.0,put,50.38,50.81,0.0,,,0.14179,-0.89753,0.00504,0.44276,-0.026,-1.54588,spy_options_2021.parquet,6377742
SPY,2021-04-07,2021-04-07T16:00:00-04:00,406.57,2021-08-20,135.0,0.3698630136986301,460.0,call,0.95,0.98,1.01,76,,0.13376,0.06814,0.00393,0.32891,-0.01622,0.10033,spy_options_2021.parquet,6377743
SPY,2021-04-07,2021-04-07T16:00:00-04:00,406.57,2021-08-20,135.0,0.3698630136986301,460.0,put,55.08,55.52,55.78,0,,0.1439,-0.91434,0.00436,0.38781,-0.02435,-1.58884,spy_options_2021.parquet,6377743
SPY,2021-04-07,2021-04-07T16:00:00-04:00,406.57,2021-08-20,135.0,0.3698630136986301,465.0,call,0.72,0.76,0.77,1,,0.13484,0.05363,0.00329,0.27408,-0.01286,0.07928,spy_options_2021.parquet,6377744
SPY,2021-04-07,2021-04-07T16:00:00-04:00,406.57,2021-08-20,135.0,0.3698630136986301,465.0,put,59.87,60.31,0.0,,,0.14742,-0.92605,0.00374,0.34335,-0.02251,-1.62588,spy_options_2021.parquet,6377744
SPY,2021-04-07,2021-04-07T16:00:00-04:00,406.57,2021-08-20,135.0,0.3698630136986301,470.0,call,0.56,0.59,0.59,21,,0.13667,0.04268,0.00272,0.22881,-0.01085,0.06328,spy_options_2021.parquet,6377745
SPY,2021-04-07,2021-04-07T16:00:00-04:00,406.57,2021-08-20,135.0,0.3698630136986301,470.0,put,64.71,65.15,81.5,1,,0.1517,-0.93694,0.00325,0.30602,-0.02052,-1.65905,spy_options_2021.parquet,6377745
SPY,2021-04-07,2021-04-07T16:00:00-04:00,406.57,2021-08-20,135.0,0.3698630136986301,475.0,call,0.44,0.46,0.49,0,,0.13769,0.03409,0.00218,0.19099,-0.00895,0.05004,spy_options_2021.parquet,6377746
SPY,2021-04-07,2021-04-07T16:00:00-04:00,406.57,2021-08-20,135.0,0.3698630136986301,475.0,put,69.6,70.33,86.36,1,,0.16115,-0.93792,0.00304,0.30137,-0.02088,-1.67945,spy_options_2021.parquet,6377746
SPY,2021-04-07,2021-04-07T16:00:00-04:00,406.57,2021-08-20,135.0,0.3698630136986301,480.0,call,0.34,0.37,0.37,0,,0.14036,0.02783,0.00182,0.15964,-0.0078,0.04089,spy_options_2021.parquet,6377747
SPY,2021-04-07,2021-04-07T16:00:00-04:00,406.57,2021-08-20,135.0,0.3698630136986301,480.0,put,74.51,75.24,0.0,,,0.16657,-0.9436,0.00269,0.27717,-0.02,-1.70767,spy_options_2021.parquet,6377747
SPY,2021-04-07,2021-04-07T16:00:00-04:00,406.57,2021-08-20,135.0,0.3698630136986301,485.0,call,0.27,0.3,0.28,1,,0.14245,0.02207,0.00154,0.13385,-0.00685,0.03285,spy_options_2021.parquet,6377748
SPY,2021-04-07,2021-04-07T16:00:00-04:00,406.57,2021-08-20,135.0,0.3698630136986301,485.0,put,79.45,80.18,0.0,,,0.17202,-0.94845,0.00243,0.25887,-0.01952,-1.73208,spy_options_2021.parquet,6377748
SPY,2021-04-07,2021-04-07T16:00:00-04:00,406.57,2021-08-20,135.0,0.3698630136986301,490.0,call,0.22,0.24,0.26,0,,0.14441,0.01803,0.00126,0.11308,-0.00593,0.02694,spy_options_2021.parquet,6377749
SPY,2021-04-07,2021-04-07T16:00:00-04:00,406.57,2021-08-20,135.0,0.3698630136986301,490.0,put,84.12,85.18,0.0,,,0.17274,-0.95737,0.00208,0.22285,-0.0177,-1.76402,spy_options_2021.parquet,6377749
SPY,2021-04-07,2021-04-07T16:00:00-04:00,406.57,2021-08-20,135.0,0.3698630136986301,495.0,call,0.18,0.2,0.2,5,,0.14729,0.01486,0.00101,0.09601,-0.005,0.02216,spy_options_2021.parquet,6377750
SPY,2021-04-07,2021-04-07T16:00:00-04:00,406.57,2021-08-20,135.0,0.3698630136986301,495.0,put,89.09,90.13,104.93,1,,0.17801,-0.96038,0.00186,0.20856,-0.01717,-1.78661,spy_options_2021.parquet,6377750
SPY,2021-04-07,2021-04-07T16:00:00-04:00,406.57,2021-08-20,135.0,0.3698630136986301,500.0,call,0.15,0.17,0.15,2,,0.15016,0.01301,0.0009,0.08321,-0.00452,0.01921,spy_options_2021.parquet,6377751
SPY,2021-04-07,2021-04-07T16:00:00-04:00,406.57,2021-08-20,135.0,0.3698630136986301,500.0,put,94.06,95.1,0.0,,,0.18395,-0.96301,0.00173,0.19789,-0.01684,-1.80864,spy_options_2021.parquet,6377751
SPY,2021-04-07,2021-04-07T16:00:00-04:00,406.57,2021-08-20,135.0,0.3698630136986301,505.0,call,0.12,0.14,0.14,0,,0.15226,0.01073,0.00076,0.0696,-0.0041,0.01495,spy_options_2021.parquet,6377752
SPY,2021-04-07,2021-04-07T16:00:00-04:00,406.57,2021-08-20,135.0,0.3698630136986301,505.0,put,99.03,100.01,0.0,,,0.18752,-0.96643,0.00155,0.18144,-0.01643,-1.8328,spy_options_2021.parquet,6377752
SPY,2021-04-07,2021-04-07T16:00:00-04:00,406.57,2021-08-20,135.0,0.3698630136986301,510.0,call,0.11,0.12,0.0,,,0.15526,0.00964,0.00065,0.0627,-0.00341,0.01329,spy_options_2021.parquet,6377753
SPY,2021-04-07,2021-04-07T16:00:00-04:00,406.57,2021-08-20,135.0,0.3698630136986301,510.0,put,104.02,105.06,0.0,,,0.19602,-0.96659,0.00152,0.18004,-0.01651,-1.85201,spy_options_2021.parquet,6377753
SPY,2021-04-07,2021-04-07T16:00:00-04:00,406.57,2021-08-20,135.0,0.3698630136986301,515.0,call,0.09,0.11,0.07,1,,0.15886,0.00833,0.0006,0.05513,-0.00308,0.01142,spy_options_2021.parquet,6377754
SPY,2021-04-07,2021-04-07T16:00:00-04:00,406.57,2021-08-20,135.0,0.3698630136986301,515.0,put,109.0,110.04,0.0,,,0.20091,-0.9681,0.00138,0.17298,-0.01601,-1.87263,spy_options_2021.parquet,6377754
SPY,2021-04-07,2021-04-07T16:00:00-04:00,406.57,2021-08-20,135.0,0.3698630136986301,520.0,call,0.08,0.09,0.1,0,,0.16089,0.00698,0.00043,0.04784,-0.00251,0.0098,spy_options_2021.parquet,6377755
SPY,2021-04-07,2021-04-07T16:00:00-04:00,406.57,2021-08-20,135.0,0.3698630136986301,520.0,put,113.99,115.03,0.0,,,0.2076,-0.96978,0.00133,0.16659,-0.01632,-1.89384,spy_options_2021.parquet,6377755
SPY,2021-04-07,2021-04-07T16:00:00-04:00,406.57,2021-08-20,135.0,0.3698630136986301,525.0,call,0.07,0.08,0.07,1,,0.16366,0.0058,0.00045,0.04258,-0.00212,0.00837,spy_options_2021.parquet,6377756
SPY,2021-04-07,2021-04-07T16:00:00-04:00,406.57,2021-08-20,135.0,0.3698630136986301,525.0,put,118.96,119.99,0.0,,,0.21133,-0.97197,0.00119,0.15717,-0.01539,-1.91534,spy_options_2021.parquet,6377756
SPY,2021-04-07,2021-04-07T16:00:00-04:00,406.57,2021-08-20,135.0,0.3698630136986301,530.0,call,0.06,0.07,0.08,1,,0.16728,0.00518,0.00031,0.03724,-0.00236,0.00708,spy_options_2021.parquet,6377757
SPY,2021-04-07,2021-04-07T16:00:00-04:00,406.57,2021-08-20,135.0,0.3698630136986301,530.0,put,123.97,125.03,0.0,,,0.21999,-0.97161,0.00113,0.15773,-0.0161,-1.93315,spy_options_2021.parquet,6377757
SPY,2021-04-07,2021-04-07T16:00:00-04:00,406.57,2021-08-20,135.0,0.3698630136986301,535.0,call,0.06,0.07,0.08,10,,0.17165,0.00492,0.00032,0.03637,-0.00221,0.00704,spy_options_2021.parquet,6377758
SPY,2021-04-07,2021-04-07T16:00:00-04:00,406.57,2021-08-20,135.0,0.3698630136986301,535.0,put,128.96,130.01,0.0,,,0.22555,-0.97262,0.00109,0.15212,-0.01613,-1.95389,spy_options_2021.parquet,6377758
SPY,2021-04-07,2021-04-07T16:00:00-04:00,406.57,2021-08-20,135.0,0.3698630136986301,540.0,call,0.05,0.06,0.08,12,,0.17418,0.00444,0.0003,0.03103,-0.00212,0.00576,spy_options_2021.parquet,6377759
SPY,2021-04-07,2021-04-07T16:00:00-04:00,406.57,2021-08-20,135.0,0.3698630136986301,540.0,put,133.95,135.0,0.0,,,0.23111,-0.97348,0.00106,0.14795,-0.0156,-1.97367,spy_options_2021.parquet,6377759
SPY,2021-04-07,2021-04-07T16:00:00-04:00,406.57,2021-08-20,135.0,0.3698630136986301,545.0,call,0.05,0.06,0.0,,,0.17902,0.00445,0.00027,0.03099,-0.00222,0.00564,spy_options_2021.parquet,6377760
SPY,2021-04-07,2021-04-07T16:00:00-04:00,406.57,2021-08-20,135.0,0.3698630136986301,545.0,put,138.95,139.99,0.0,,,0.23663,-0.97391,0.00097,0.14433,-0.01615,-1.99337,spy_options_2021.parquet,6377760
SPY,2021-04-07,2021-04-07T16:00:00-04:00,406.57,2021-08-20,135.0,0.3698630136986301,550.0,call,0.04,0.05,0.05,1,,0.17987,0.00318,0.00026,0.02649,-0.00142,0.00502,spy_options_2021.parquet,6377761
SPY,2021-04-07,2021-04-07T16:00:00-04:00,406.57,2021-08-20,135.0,0.3698630136986301,550.0,put,143.94,144.98,0.0,,,0.24229,-0.97466,0.00091,0.13953,-0.01618,-2.01356,spy_options_2021.parquet,6377761
SPY,2021-04-07,2021-04-07T16:00:00-04:00,406.57,2021-08-20,135.0,0.3698630136986301,555.0,call,0.04,0.05,0.05,1,,0.18546,0.003,0.00018,0.02511,-0.00208,0.00509,spy_options_2021.parquet,6377762
SPY,2021-04-07,2021-04-07T16:00:00-04:00,406.57,2021-08-20,135.0,0.3698630136986301,555.0,put,148.93,149.97,0.0,,,0.24679,-0.97538,0.00084,0.13577,-0.01615,-2.03373,spy_options_2021.parquet,6377762
SPY,2021-04-07,2021-04-07T16:00:00-04:00,406.57,2021-08-20,135.0,0.3698630136986301,560.0,call,0.04,0.05,0.06,1,,0.18976,0.00336,0.00025,0.02463,-0.0019,0.00513,spy_options_2021.parquet,6377763
SPY,2021-04-07,2021-04-07T16:00:00-04:00,406.57,2021-08-20,135.0,0.3698630136986301,560.0,put,153.92,154.97,0.0,,,0.2529,-0.97644,0.00081,0.13279,-0.0155,-2.05304,spy_options_2021.parquet,6377763
SPY,2021-04-07,2021-04-07T16:00:00-04:00,406.57,2021-08-20,135.0,0.3698630136986301,565.0,call,0.03,0.04,0.05,0,,0.18926,0.00296,0.00014,0.02018,-0.00156,0.00426,spy_options_2021.parquet,6377764
SPY,2021-04-07,2021-04-07T16:00:00-04:00,406.57,2021-08-20,135.0,0.3698630136986301,565.0,put,158.92,159.96,0.0,,,0.25799,-0.97693,0.00079,0.12927,-0.01575,-2.07233,spy_options_2021.parquet,6377764
SPY,2021-04-07,2021-04-07T16:00:00-04:00,406.57,2021-08-20,135.0,0.3698630136986301,570.0,call,0.03,0.04,0.04,242,,0.19472,0.00253,0.00014,0.01962,-0.0015,0.00401,spy_options_2021.parquet,6377765
SPY,2021-04-07,2021-04-07T16:00:00-04:00,406.57,2021-08-20,135.0,0.3698630136986301,570.0,put,163.88,164.92,0.0,,,0.26064,-0.97898,0.0007,0.12078,-0.01527,-2.09291,spy_options_2021.parquet,6377765
SPY,2021-04-07,2021-04-07T16:00:00-04:00,406.57,2021-08-20,135.0,0.3698630136986301,575.0,call,0.03,0.04,0.02,50,,0.19839,0.00247,0.00019,0.01971,-0.00115,0.00357,spy_options_2021.parquet,6377766
SPY,2021-04-07,2021-04-07T16:00:00-04:00,406.57,2021-08-20,135.0,0.3698630136986301,575.0,put,168.9,169.95,0.0,,,0.26862,-0.97825,0.00079,0.12379,-0.01597,-2.11099,spy_options_2021.parquet,6377766
SPY,2021-04-07,2021-04-07T16:00:00-04:00,406.57,2021-09-17,163.0,0.4465753424657534,275.0,call,132.33,133.39,133.0,4,,0.40883,0.91269,0.00051,0.33682,-0.03984,0.29935,spy_options_2021.parquet,6377799
SPY,2021-04-07,2021-04-07T16:00:00-04:00,406.57,2021-09-17,163.0,0.4465753424657534,275.0,put,1.7,1.72,1.73,5,,0.35507,-0.04038,0.0009,0.2347,-0.02603,-0.08069,spy_options_2021.parquet,6377799
SPY,2021-04-07,2021-04-07T16:00:00-04:00,406.57,2021-09-17,163.0,0.4465753424657534,280.0,call,127.47,128.53,115.22,3,,0.39393,0.91326,0.00065,0.34408,-0.03832,0.33023,spy_options_2021.parquet,6377800
SPY,2021-04-07,2021-04-07T16:00:00-04:00,406.57,2021-09-17,163.0,0.4465753424657534,280.0,put,1.84,1.86,1.87,5,,0.34755,-0.04342,0.00095,0.25228,-0.02702,-0.08783,spy_options_2021.parquet,6377800
SPY,2021-04-07,2021-04-07T16:00:00-04:00,406.57,2021-09-17,163.0,0.4465753424657534,285.0,call,122.59,123.64,123.59,0,,0.37823,0.91283,0.00072,0.35027,-0.03757,0.36025,spy_options_2021.parquet,6377801
SPY,2021-04-07,2021-04-07T16:00:00-04:00,406.57,2021-09-17,163.0,0.4465753424657534,285.0,put,2.0,2.02,2.02,130,,0.33885,-0.04841,0.00112,0.27138,-0.02799,-0.0962,spy_options_2021.parquet,6377801
SPY,2021-04-07,2021-04-07T16:00:00-04:00,406.57,2021-09-17,163.0,0.4465753424657534,290.0,call,118.17,118.6,115.0,1,,0.36789,0.91172,0.00089,0.36447,-0.03836,0.40723,spy_options_2021.parquet,6377802
SPY,2021-04-07,2021-04-07T16:00:00-04:00,406.57,2021-09-17,163.0,0.4465753424657534,290.0,put,2.18,2.2,2.19,9,,0.33214,-0.05236,0.00119,0.29282,-0.0296,-0.10601,spy_options_2021.parquet,6377802
SPY,2021-04-07,2021-04-07T16:00:00-04:00,406.57,2021-09-17,163.0,0.4465753424657534,295.0,call,112.9,113.94,97.05,1,,0.35066,0.91157,0.00094,0.36955,-0.03648,0.43417,spy_options_2021.parquet,6377803
SPY,2021-04-07,2021-04-07T16:00:00-04:00,406.57,2021-09-17,163.0,0.4465753424657534,295.0,put,2.38,2.39,2.49,0,,0.32388,-0.05771,0.00128,0.31475,-0.03128,-0.11648,spy_options_2021.parquet,6377803
SPY,2021-04-07,2021-04-07T16:00:00-04:00,406.57,2021-09-17,163.0,0.4465753424657534,298.0,call,110.03,111.01,101.4,1,,0.3433,0.91065,0.00103,0.37735,-0.0362,0.45793,spy_options_2021.parquet,6377804
SPY,2021-04-07,2021-04-07T16:00:00-04:00,406.57,2021-09-17,163.0,0.4465753424657534,298.0,put,2.5,2.52,2.69,114,,0.31969,-0.06117,0.00143,0.32911,-0.03247,-0.12256,spy_options_2021.parquet,6377804
SPY,2021-04-07,2021-04-07T16:00:00-04:00,406.57,2021-09-17,163.0,0.4465753424657534,299.0,call,109.06,110.07,56.05,1,,0.34109,0.91034,0.00101,0.37992,-0.03652,0.46719,spy_options_2021.parquet,6377805
SPY,2021-04-07,2021-04-07T16:00:00-04:00,406.57,2021-09-17,163.0,0.4465753424657534,299.0,put,2.55,2.56,2.64,1,,0.31822,-0.06281,0.00141,0.33399,-0.03275,-0.12494,spy_options_2021.parquet,6377805
SPY,2021-04-07,2021-04-07T16:00:00-04:00,406.57,2021-09-17,163.0,0.4465753424657534,300.0,call,108.18,109.11,108.16,2,,0.33999,0.90951,0.00114,0.38548,-0.03657,0.47981,spy_options_2021.parquet,6377806
SPY,2021-04-07,2021-04-07T16:00:00-04:00,406.57,2021-09-17,163.0,0.4465753424657534,300.0,put,2.59,2.61,2.63,64,,0.31716,-0.06316,0.00144,0.3394,-0.03323,-0.12769,spy_options_2021.parquet,6377806
SPY,2021-04-07,2021-04-07T16:00:00-04:00,406.57,2021-09-17,163.0,0.4465753424657534,301.0,call,107.13,108.14,94.63,1,,0.3359,0.90995,0.00115,0.38597,-0.03608,0.48405,spy_options_2021.parquet,6377807
SPY,2021-04-07,2021-04-07T16:00:00-04:00,406.57,2021-09-17,163.0,0.4465753424657534,301.0,put,2.64,2.66,3.3,59,,0.31593,-0.06498,0.00145,0.34459,-0.03381,-0.1305,spy_options_2021.parquet,6377807
SPY,2021-04-07,2021-04-07T16:00:00-04:00,406.57,2021-09-17,163.0,0.4465753424657534,302.0,call,106.17,107.18,43.77,0,,0.3334,0.9095,0.00116,0.38922,-0.03629,0.4922,spy_options_2021.parquet,6377808
SPY,2021-04-07,2021-04-07T16:00:00-04:00,406.57,2021-09-17,163.0,0.4465753424657534,302.0,put,2.68,2.7,4.23,1,,0.31345,-0.06628,0.00151,0.3487,-0.03386,-0.13286,spy_options_2021.parquet,6377808
SPY,2021-04-07,2021-04-07T16:00:00-04:00,406.57,2021-09-17,163.0,0.4465753424657534,303.0,call,105.21,106.22,0.0,,,0.33157,0.909,0.00123,0.39232,-0.03688,0.50117,spy_options_2021.parquet,6377809
SPY,2021-04-07,2021-04-07T16:00:00-04:00,406.57,2021-09-17,163.0,0.4465753424657534,303.0,put,2.73,2.75,3.46,141,,0.31248,-0.06768,0.00151,0.35443,-0.03383,-0.13458,spy_options_2021.parquet,6377809
SPY,2021-04-07,2021-04-07T16:00:00-04:00,406.57,2021-09-17,163.0,0.4465753424657534,304.0,call,104.22,105.22,76.2,1,,0.32819,0.90836,0.00119,0.39367,-0.03622,0.50785,spy_options_2021.parquet,6377810
SPY,2021-04-07,2021-04-07T16:00:00-04:00,406.57,2021-09-17,163.0,0.4465753424657534,304.0,put,2.78,2.8,2.99,333,,0.31114,-0.0683,0.00158,0.35974,-0.03467,-0.13719,spy_options_2021.parquet,6377810
SPY,2021-04-07,2021-04-07T16:00:00-04:00,406.57,2021-09-17,163.0,0.4465753424657534,305.0,call,103.29,104.3,104.06,0,,0.32682,0.90699,0.00129,0.39807,-0.0362,0.51938,spy_options_2021.parquet,6377811
SPY,2021-04-07,2021-04-07T16:00:00-04:00,406.57,2021-09-17,163.0,0.4465753424657534,305.0,put,2.83,2.85,2.86,2,,0.31001,-0.06952,0.00155,0.36535,-0.03538,-0.14053,spy_options_2021.parquet,6377811
SPY,2021-04-07,2021-04-07T16:00:00-04:00,406.57,2021-09-17,163.0,0.4465753424657534,306.0,call,102.34,103.34,0.0,,,0.3243,0.90651,0.00131,0.40253,-0.03643,0.52804,spy_options_2021.parquet,6377812
SPY,2021-04-07,2021-04-07T16:00:00-04:00,406.57,2021-09-17,163.0,0.4465753424657534,306.0,put,2.88,2.89,4.24,71,,0.30797,-0.07127,0.00161,0.37009,-0.03559,-0.14315,spy_options_2021.parquet,6377812
SPY,2021-04-07,2021-04-07T16:00:00-04:00,406.57,2021-09-17,163.0,0.4465753424657534,307.0,call,101.38,102.38,101.75,1,,0.32202,0.90627,0.00134,0.40548,-0.03654,0.53696,spy_options_2021.parquet,6377813
SPY,2021-04-07,2021-04-07T16:00:00-04:00,406.57,2021-09-17,163.0,0.4465753424657534,307.0,put,2.93,2.95,3.72,1,,0.3063,-0.07258,0.00162,0.37608,-0.03594,-0.14544,spy_options_2021.parquet,6377813
SPY,2021-04-07,2021-04-07T16:00:00-04:00,406.57,2021-09-17,163.0,0.4465753424657534,308.0,call,100.43,101.43,70.21,7,,0.32038,0.90576,0.00134,0.40891,-0.03668,0.54595,spy_options_2021.parquet,6377814
SPY,2021-04-07,2021-04-07T16:00:00-04:00,406.57,2021-09-17,163.0,0.4465753424657534,308.0,put,2.98,3.0,3.24,1,,0.30515,-0.07442,0.00171,0.38119,-0.0359,-0.14857,spy_options_2021.parquet,6377814
SPY,2021-04-07,2021-04-07T16:00:00-04:00,406.57,2021-09-17,163.0,0.4465753424657534,309.0,call,99.48,100.48,0.0,,,0.31807,0.90477,0.00135,0.41362,-0.0372,0.55545,spy_options_2021.parquet,6377815
SPY,2021-04-07,2021-04-07T16:00:00-04:00,406.57,2021-09-17,163.0,0.4465753424657534,309.0,put,3.04,3.05,3.8,231,,0.30359,-0.07519,0.00176,0.38658,-0.03673,-0.15115,spy_options_2021.parquet,6377815
SPY,2021-04-07,2021-04-07T16:00:00-04:00,406.57,2021-09-17,163.0,0.4465753424657534,310.0,call,98.53,99.49,87.25,2,,0.31608,0.90406,0.00148,0.41675,-0.03667,0.5641,spy_options_2021.parquet,6377816
SPY,2021-04-07,2021-04-07T16:00:00-04:00,406.57,2021-09-17,163.0,0.4465753424657534,310.0,put,3.09,3.11,3.23,67,,0.30275,-0.07654,0.00176,0.39265,-0.03669,-0.15429,spy_options_2021.parquet,6377816
SPY,2021-04-07,2021-04-07T16:00:00-04:00,406.57,2021-09-17,163.0,0.4465753424657534,311.0,call,97.58,98.54,0.0,,,0.31441,0.90304,0.00147,0.42094,-0.0369,0.57358,spy_options_2021.parquet,6377817
SPY,2021-04-07,2021-04-07T16:00:00-04:00,406.57,2021-09-17,163.0,0.4465753424657534,311.0,put,3.15,3.16,3.41,5,,0.30113,-0.07836,0.00182,0.39806,-0.03735,-0.15741,spy_options_2021.parquet,6377817
SPY,2021-04-07,2021-04-07T16:00:00-04:00,406.57,2021-09-17,163.0,0.4465753424657534,312.0,call,96.62,97.58,90.72,7,,0.31193,0.90308,0.00147,0.42386,-0.03714,0.58223,spy_options_2021.parquet,6377818
SPY,2021-04-07,2021-04-07T16:00:00-04:00,406.57,2021-09-17,163.0,0.4465753424657534,312.0,put,3.2,3.22,5.15,1,,0.29921,-0.07933,0.00183,0.4037,-0.03726,-0.15978,spy_options_2021.parquet,6377818
SPY,2021-04-07,2021-04-07T16:00:00-04:00,406.57,2021-09-17,163.0,0.4465753424657534,313.0,call,95.67,96.62,56.78,191,,0.3092,0.90165,0.00158,0.42881,-0.03718,0.5913,spy_options_2021.parquet,6377819
SPY,2021-04-07,2021-04-07T16:00:00-04:00,406.57,2021-09-17,163.0,0.4465753424657534,313.0,put,3.26,3.28,3.36,7,,0.29788,-0.08174,0.0019,0.41028,-0.03746,-0.16275,spy_options_2021.parquet,6377819
SPY,2021-04-07,2021-04-07T16:00:00-04:00,406.57,2021-09-17,163.0,0.4465753424657534,314.0,call,94.71,95.67,55.65,1,,0.30776,0.90094,0.00155,0.43238,-0.03664,0.60063,spy_options_2021.parquet,6377820
SPY,2021-04-07,2021-04-07T16:00:00-04:00,406.57,2021-09-17,163.0,0.4465753424657534,314.0,put,3.32,3.33,3.52,134,,0.29719,-0.08261,0.00191,0.41604,-0.03832,-0.16629,spy_options_2021.parquet,6377820
SPY,2021-04-07,2021-04-07T16:00:00-04:00,406.57,2021-09-17,163.0,0.4465753424657534,315.0,call,93.76,94.72,94.99,0,,0.305,0.90042,0.00163,0.43689,-0.0375,0.60959,spy_options_2021.parquet,6377821
SPY,2021-04-07,2021-04-07T16:00:00-04:00,406.57,2021-09-17,163.0,0.4465753424657534,315.0,put,3.38,3.39,3.48,3,,0.29541,-0.08436,0.00193,0.42189,-0.03807,-0.16908,spy_options_2021.parquet,6377821
SPY,2021-04-07,2021-04-07T16:00:00-04:00,406.57,2021-09-17,163.0,0.4465753424657534,316.0,call,92.82,93.77,81.8,2,,0.30405,0.8992,0.00167,0.44092,-0.03716,0.619,spy_options_2021.parquet,6377822
SPY,2021-04-07,2021-04-07T16:00:00-04:00,406.57,2021-09-17,163.0,0.4465753424657534,316.0,put,3.44,3.46,3.48,2,,0.29417,-0.08579,0.00195,0.42761,-0.03907,-0.1725,spy_options_2021.parquet,6377822
SPY,2021-04-07,2021-04-07T16:00:00-04:00,406.57,2021-09-17,163.0,0.4465753424657534,317.0,call,91.87,92.82,92.68,0,,0.30113,0.89855,0.00167,0.44566,-0.037,0.62834,spy_options_2021.parquet,6377823
SPY,2021-04-07,2021-04-07T16:00:00-04:00,406.57,2021-09-17,163.0,0.4465753424657534,317.0,put,3.5,3.52,4.36,1,,0.29309,-0.08758,0.00198,0.43376,-0.03911,-0.1764,spy_options_2021.parquet,6377823
SPY,2021-04-07,2021-04-07T16:00:00-04:00,406.57,2021-09-17,163.0,0.4465753424657534,318.0,call,90.93,91.88,78.58,1,,0.29988,0.89687,0.00174,0.45127,-0.03763,0.63779,spy_options_2021.parquet,6377824
SPY,2021-04-07,2021-04-07T16:00:00-04:00,406.57,2021-09-17,163.0,0.4465753424657534,318.0,put,3.57,3.58,3.68,0,,0.29112,-0.08997,0.00202,0.44088,-0.03981,-0.17915,spy_options_2021.parquet,6377824
SPY,2021-04-07,2021-04-07T16:00:00-04:00,406.57,2021-09-17,163.0,0.4465753424657534,319.0,call,90.39,90.82,90.08,4,,0.30075,0.89368,0.00182,0.46314,-0.03917,0.65493,spy_options_2021.parquet,6377825
SPY,2021-04-07,2021-04-07T16:00:00-04:00,406.57,2021-09-17,163.0,0.4465753424657534,319.0,put,3.63,3.65,5.56,72,,0.29038,-0.09175,0.00207,0.44637,-0.04016,-0.18306,spy_options_2021.parquet,6377825
SPY,2021-04-07,2021-04-07T16:00:00-04:00,406.57,2021-09-17,163.0,0.4465753424657534,320.0,call,89.04,89.99,89.25,0,,0.29552,0.89469,0.00184,0.4604,-0.03788,0.65644,spy_options_2021.parquet,6377826
SPY,2021-04-07,2021-04-07T16:00:00-04:00,406.57,2021-09-17,163.0,0.4465753424657534,320.0,put,3.71,3.72,3.73,82,,0.289,-0.09308,0.00209,0.45389,-0.04085,-0.18667,spy_options_2021.parquet,6377826
SPY,2021-04-07,2021-04-07T16:00:00-04:00,406.57,2021-09-17,163.0,0.4465753424657534,321.0,call,88.5,88.94,80.35,4,,0.29684,0.89139,0.00187,0.47274,-0.03929,0.67283,spy_options_2021.parquet,6377827
SPY,2021-04-07,2021-04-07T16:00:00-04:00,406.57,2021-09-17,163.0,0.4465753424657534,321.0,put,3.77,3.78,3.95,0,,0.28748,-0.09467,0.00215,0.45998,-0.04129,-0.19004,spy_options_2021.parquet,6377827
SPY,2021-04-07,2021-04-07T16:00:00-04:00,406.57,2021-09-17,163.0,0.4465753424657534,322.0,call,87.56,88.0,87.38,4,,0.29585,0.89064,0.00192,0.47871,-0.03933,0.68249,spy_options_2021.parquet,6377828
SPY,2021-04-07,2021-04-07T16:00:00-04:00,406.57,2021-09-17,163.0,0.4465753424657534,322.0,put,3.83,3.85,4.84,5,,0.28567,-0.0963,0.00221,0.46589,-0.04117,-0.19354,spy_options_2021.parquet,6377828
SPY,2021-04-07,2021-04-07T16:00:00-04:00,406.57,2021-09-17,163.0,0.4465753424657534,323.0,call,86.62,87.06,79.29,1,,0.29362,0.88873,0.00197,0.48342,-0.0394,0.69173,spy_options_2021.parquet,6377829
SPY,2021-04-07,2021-04-07T16:00:00-04:00,406.57,2021-09-17,163.0,0.4465753424657534,323.0,put,3.91,3.92,4.16,5,,0.28489,-0.09839,0.00229,0.47306,-0.04118,-0.19777,spy_options_2021.parquet,6377829
SPY,2021-04-07,2021-04-07T16:00:00-04:00,406.57,2021-09-17,163.0,0.4465753424657534,324.0,call,85.68,86.12,86.14,0,,0.29166,0.88756,0.00206,0.48893,-0.03928,0.70057,spy_options_2021.parquet,6377830
SPY,2021-04-07,2021-04-07T16:00:00-04:00,406.57,2021-09-17,163.0,0.4465753424657534,324.0,put,3.98,4.0,4.08,0,,0.28327,-0.10104,0.00229,0.47995,-0.0418,-0.20149,spy_options_2021.parquet,6377830
SPY,2021-04-07,2021-04-07T16:00:00-04:00,406.57,2021-09-17,163.0,0.4465753424657534,325.0,call,84.37,85.31,74.11,3,,0.28703,0.88789,0.00204,0.489,-0.03869,0.70445,spy_options_2021.parquet,6377831
SPY,2021-04-07,2021-04-07T16:00:00-04:00,406.57,2021-09-17,163.0,0.4465753424657534,325.0,put,4.05,4.07,4.13,3,,0.28121,-0.10291,0.00233,0.48632,-0.04196,-0.20559,spy_options_2021.parquet,6377831
SPY,2021-04-07,2021-04-07T16:00:00-04:00,406.57,2021-09-17,163.0,0.4465753424657534,326.0,call,83.4,84.38,75.0,1,,0.28497,0.88628,0.00218,0.49361,-0.03922,0.71296,spy_options_2021.parquet,6377832
SPY,2021-04-07,2021-04-07T16:00:00-04:00,406.57,2021-09-17,163.0,0.4465753424657534,326.0,put,4.12,4.14,4.35,0,,0.27999,-0.10456,0.00241,0.49295,-0.04252,-0.20869,spy_options_2021.parquet,6377832
SPY,2021-04-07,2021-04-07T16:00:00-04:00,406.57,2021-09-17,163.0,0.4465753424657534,327.0,call,82.5,83.44,66.27,37,,0.28337,0.88516,0.00223,0.50048,-0.03986,0.72234,spy_options_2021.parquet,6377833
SPY,2021-04-07,2021-04-07T16:00:00-04:00,406.57,2021-09-17,163.0,0.4465753424657534,327.0,put,4.2,4.22,5.62,64,,0.27915,-0.10643,0.00237,0.49993,-0.04313,-0.21323,spy_options_2021.parquet,6377833
SPY,2021-04-07,2021-04-07T16:00:00-04:00,406.57,2021-09-17,163.0,0.4465753424657534,328.0,call,81.56,82.5,62.06,18,,0.2821,0.88301,0.00223,0.50675,-0.03999,0.73066,spy_options_2021.parquet,6377834
SPY,2021-04-07,2021-04-07T16:00:00-04:00,406.57,2021-09-17,163.0,0.4465753424657534,328.0,put,4.28,4.3,5.89,799,,0.27747,-0.10902,0.00245,0.50683,-0.04391,-0.21718,spy_options_2021.parquet,6377834
SPY,2021-04-07,2021-04-07T16:00:00-04:00,406.57,2021-09-17,163.0,0.4465753424657534,329.0,call,80.63,81.57,72.46,7,,0.28075,0.88172,0.00233,0.51264,-0.03949,0.73969,spy_options_2021.parquet,6377835
SPY,2021-04-07,2021-04-07T16:00:00-04:00,406.57,2021-09-17,163.0,0.4465753424657534,329.0,put,4.36,4.38,4.56,0,,0.27578,-0.1107,0.0025,0.51389,-0.04439,-0.22184,spy_options_2021.parquet,6377835
SPY,2021-04-07,2021-04-07T16:00:00-04:00,406.57,2021-09-17,163.0,0.4465753424657534,330.0,call,79.67,80.64,80.17,3,,0.27844,0.88074,0.00231,0.51765,-0.0401,0.74856,spy_options_2021.parquet,6377836
SPY,2021-04-07,2021-04-07T16:00:00-04:00,406.57,2021-09-17,163.0,0.4465753424657534,330.0,put,4.44,4.46,4.55,82,,0.27484,-0.11295,0.0026,0.5214,-0.04425,-0.2259,spy_options_2021.parquet,6377836
SPY,2021-04-07,2021-04-07T16:00:00-04:00,406.57,2021-09-17,163.0,0.4465753424657534,331.0,call,78.78,79.72,62.4,1,,0.27739,0.87785,0.00245,0.52532,-0.04092,0.75752,spy_options_2021.parquet,6377837
SPY,2021-04-07,2021-04-07T16:00:00-04:00,406.57,2021-09-17,163.0,0.4465753424657534,331.0,put,4.52,4.54,4.86,6,,0.27359,-0.11508,0.00259,0.52823,-0.04447,-0.23071,spy_options_2021.parquet,6377837
SPY,2021-04-07,2021-04-07T16:00:00-04:00,406.57,2021-09-17,163.0,0.4465753424657534,332.0,call,77.86,78.79,61.63,13,,0.27572,0.87623,0.00249,0.53199,-0.04038,0.76695,spy_options_2021.parquet,6377838
SPY,2021-04-07,2021-04-07T16:00:00-04:00,406.57,2021-09-17,163.0,0.4465753424657534,332.0,put,4.6,4.63,4.8,0,,0.27256,-0.11722,0.0027,0.53588,-0.04491,-0.23522,spy_options_2021.parquet,6377838
SPY,2021-04-07,2021-04-07T16:00:00-04:00,406.57,2021-09-17,163.0,0.4465753424657534,333.0,call,77.31,77.74,45.41,1,,0.27586,0.87258,0.00254,0.54438,-0.04226,0.77859,spy_options_2021.parquet,6377839
SPY,2021-04-07,2021-04-07T16:00:00-04:00,406.57,2021-09-17,163.0,0.4465753424657534,333.0,put,4.69,4.71,4.94,165,,0.27063,-0.11929,0.00274,0.54308,-0.04591,-0.23923,spy_options_2021.parquet,6377839
SPY,2021-04-07,2021-04-07T16:00:00-04:00,406.57,2021-09-17,163.0,0.4465753424657534,334.0,call,76.02,76.95,68.01,10,,0.27237,0.87291,0.00257,0.54562,-0.04168,0.78425,spy_options_2021.parquet,6377840
SPY,2021-04-07,2021-04-07T16:00:00-04:00,406.57,2021-09-17,163.0,0.4465753424657534,334.0,put,4.78,4.8,5.91,6485,,0.26973,-0.12214,0.00275,0.55071,-0.04608,-0.24444,spy_options_2021.parquet,6377840
SPY,2021-04-07,2021-04-07T16:00:00-04:00,406.57,2021-09-17,163.0,0.4465753424657534,335.0,call,75.38,76.05,75.98,31,,0.27361,0.86848,0.00265,0.55871,-0.04263,0.79657,spy_options_2021.parquet,6377841
SPY,2021-04-07,2021-04-07T16:00:00-04:00,406.57,2021-09-17,163.0,0.4465753424657534,335.0,put,4.86,4.89,5.05,0,,0.26788,-0.12376,0.00283,0.55784,-0.0465,-0.2485,spy_options_2021.parquet,6377841
SPY,2021-04-07,2021-04-07T16:00:00-04:00,406.57,2021-09-17,163.0,0.4465753424657534,336.0,call,74.2,75.12,56.94,10,,0.26941,0.86877,0.00267,0.56024,-0.04213,0.80153,spy_options_2021.parquet,6377842
SPY,2021-04-07,2021-04-07T16:00:00-04:00,406.57,2021-09-17,163.0,0.4465753424657534,336.0,put,4.95,4.98,5.23,1,,0.26613,-0.12672,0.00288,0.56576,-0.04642,-0.25371,spy_options_2021.parquet,6377842
SPY,2021-04-07,2021-04-07T16:00:00-04:00,406.57,2021-09-17,163.0,0.4465753424657534,337.0,call,73.29,74.21,65.7,2,,0.26779,0.86586,0.00279,0.56696,-0.04273,0.80967,spy_options_2021.parquet,6377843
SPY,2021-04-07,2021-04-07T16:00:00-04:00,406.57,2021-09-17,163.0,0.4465753424657534,337.0,put,5.05,5.07,5.1,2,,0.26524,-0.12958,0.00291,0.5733,-0.04733,-0.25865,spy_options_2021.parquet,6377843
SPY,2021-04-07,2021-04-07T16:00:00-04:00,406.57,2021-09-17,163.0,0.4465753424657534,338.0,call,72.71,73.29,56.56,1,,0.26929,0.86182,0.00286,0.58131,-0.04384,0.82135,spy_options_2021.parquet,6377844
SPY,2021-04-07,2021-04-07T16:00:00-04:00,406.57,2021-09-17,163.0,0.4465753424657534,338.0,put,5.14,5.17,7.96,23,,0.26394,-0.1319,0.00299,0.58128,-0.04751,-0.26378,spy_options_2021.parquet,6377844
SPY,2021-04-07,2021-04-07T16:00:00-04:00,406.57,2021-09-17,163.0,0.4465753424657534,339.0,call,71.46,72.38,55.64,1,,0.26431,0.86194,0.0029,0.58139,-0.0431,0.82505,spy_options_2021.parquet,6377845
SPY,2021-04-07,2021-04-07T16:00:00-04:00,406.57,2021-09-17,163.0,0.4465753424657534,339.0,put,5.23,5.26,5.36,0,,0.26284,-0.13454,0.00301,0.58885,-0.04784,-0.26837,spy_options_2021.parquet,6377845
SPY,2021-04-07,2021-04-07T16:00:00-04:00,406.57,2021-09-17,163.0,0.4465753424657534,340.0,call,70.89,71.47,71.35,0,,0.26643,0.85705,0.00298,0.59585,-0.04379,0.83596,spy_options_2021.parquet,6377846
SPY,2021-04-07,2021-04-07T16:00:00-04:00,406.57,2021-09-17,163.0,0.4465753424657534,340.0,put,5.33,5.36,5.41,1,,0.26101,-0.13723,0.00304,0.59661,-0.04868,-0.27376,spy_options_2021.parquet,6377846
SPY,2021-04-07,2021-04-07T16:00:00-04:00,406.57,2021-09-17,163.0,0.4465753424657534,341.0,call,69.63,70.55,68.45,3,,0.26115,0.85715,0.00301,0.5959,-0.04323,0.84028,spy_options_2021.parquet,6377847
SPY,2021-04-07,2021-04-07T16:00:00-04:00,406.57,2021-09-17,163.0,0.4465753424657534,341.0,put,5.43,5.47,7.25,1,,0.26025,-0.13943,0.00317,0.60448,-0.04854,-0.27886,spy_options_2021.parquet,6377847
SPY,2021-04-07,2021-04-07T16:00:00-04:00,406.57,2021-09-17,163.0,0.4465753424657534,342.0,call,69.07,69.64,50.67,1,,0.26223,0.85251,0.00311,0.61018,-0.04493,0.85133,spy_options_2021.parquet,6377848
SPY,2021-04-07,2021-04-07T16:00:00-04:00,406.57,2021-09-17,163.0,0.4465753424657534,342.0,put,5.53,5.57,5.76,226,,0.25834,-0.1424,0.00319,0.61278,-0.04972,-0.28413,spy_options_2021.parquet,6377848
SPY,2021-04-07,2021-04-07T16:00:00-04:00,406.57,2021-09-17,163.0,0.4465753424657534,343.0,call,68.16,68.73,68.15,27,,0.26119,0.85053,0.00317,0.61777,-0.0452,0.85801,spy_options_2021.parquet,6377849
SPY,2021-04-07,2021-04-07T16:00:00-04:00,406.57,2021-09-17,163.0,0.4465753424657534,343.0,put,5.63,5.67,6.94,3,,0.25733,-0.14484,0.00321,0.62001,-0.05008,-0.29008,spy_options_2021.parquet,6377849
SPY,2021-04-07,2021-04-07T16:00:00-04:00,406.57,2021-09-17,163.0,0.4465753424657534,344.0,call,66.92,67.83,58.84,10,,0.25724,0.85028,0.00318,0.61891,-0.04428,0.86285,spy_options_2021.parquet,6377850
SPY,2021-04-07,2021-04-07T16:00:00-04:00,406.57,2021-09-17,163.0,0.4465753424657534,344.0,put,5.74,5.78,6.04,2,,0.25578,-0.14788,0.00327,0.62863,-0.04963,-0.29564,spy_options_2021.parquet,6377850
SPY,2021-04-07,2021-04-07T16:00:00-04:00,406.57,2021-09-17,163.0,0.4465753424657534,345.0,call,66.01,66.93,61.3,4,,0.25499,0.84713,0.00333,0.62705,-0.04428,0.87004,spy_options_2021.parquet,6377851
SPY,2021-04-07,2021-04-07T16:00:00-04:00,406.57,2021-09-17,163.0,0.4465753424657534,345.0,put,5.85,5.89,5.87,27,,0.25442,-0.15124,0.00338,0.63688,-0.05062,-0.30188,spy_options_2021.parquet,6377851
SPY,2021-04-07,2021-04-07T16:00:00-04:00,406.57,2021-09-17,163.0,0.4465753424657534,346.0,call,65.11,66.03,65.29,2,,0.25391,0.84462,0.00333,0.63519,-0.04474,0.876,spy_options_2021.parquet,6377852
SPY,2021-04-07,2021-04-07T16:00:00-04:00,406.57,2021-09-17,163.0,0.4465753424657534,346.0,put,5.95,5.99,6.28,4,,0.25314,-0.15354,0.00339,0.64415,-0.05086,-0.30733,spy_options_2021.parquet,6377852
SPY,2021-04-07,2021-04-07T16:00:00-04:00,406.57,2021-09-17,163.0,0.4465753424657534,347.0,call,64.2,65.14,64.54,1,,0.25217,0.84197,0.00341,0.64223,-0.04479,0.88275,spy_options_2021.parquet,6377853
SPY,2021-04-07,2021-04-07T16:00:00-04:00,406.57,2021-09-17,163.0,0.4465753424657534,347.0,put,6.07,6.1,6.28,62,,0.25157,-0.15625,0.0035,0.65278,-0.05162,-0.31359,spy_options_2021.parquet,6377853
SPY,2021-04-07,2021-04-07T16:00:00-04:00,406.57,2021-09-17,163.0,0.4465753424657534,348.0,call,63.66,64.08,48.05,2,,0.2524,0.83843,0.00345,0.65466,-0.04619,0.89085,spy_options_2021.parquet,6377854
SPY,2021-04-07,2021-04-07T16:00:00-04:00,406.57,2021-09-17,163.0,0.4465753424657534,348.0,put,6.18,6.23,6.41,5,,0.25035,-0.16013,0.00357,0.66233,-0.05149,-0.31859,spy_options_2021.parquet,6377854
SPY,2021-04-07,2021-04-07T16:00:00-04:00,406.57,2021-09-17,163.0,0.4465753424657534,349.0,call,62.44,63.35,52.06,15,,0.2497,0.83616,0.00351,0.65907,-0.04596,0.89644,spy_options_2021.parquet,6377855
SPY,2021-04-07,2021-04-07T16:00:00-04:00,406.57,2021-09-17,163.0,0.4465753424657534,349.0,put,6.29,6.33,6.35,75,,0.24904,-0.16257,0.00359,0.67001,-0.05179,-0.32474,spy_options_2021.parquet,6377855
SPY,2021-04-07,2021-04-07T16:00:00-04:00,406.57,2021-09-17,163.0,0.4465753424657534,350.0,call,61.78,62.42,61.8,17,,0.24971,0.8323,0.00362,0.6706,-0.04636,0.90284,spy_options_2021.parquet,6377856
SPY,2021-04-07,2021-04-07T16:00:00-04:00,406.57,2021-09-17,163.0,0.4465753424657534,350.0,put,6.41,6.46,6.46,132,,0.24786,-0.16602,0.00365,0.6786,-0.05251,-0.33082,spy_options_2021.parquet,6377856
SPY,2021-04-07,2021-04-07T16:00:00-04:00,406.57,2021-09-17,163.0,0.4465753424657534,351.0,call,60.89,61.53,50.51,1,,0.2479,0.82954,0.00372,0.67921,-0.04651,0.9089,spy_options_2021.parquet,6377857
SPY,2021-04-07,2021-04-07T16:00:00-04:00,406.57,2021-09-17,163.0,0.4465753424657534,351.0,put,6.53,6.57,6.83,99,,0.24671,-0.16892,0.00375,0.68722,-0.05262,-0.33707,spy_options_2021.parquet,6377857
SPY,2021-04-07,2021-04-07T16:00:00-04:00,406.57,2021-09-17,163.0,0.4465753424657534,352.0,call,60.01,60.63,45.69,3,,0.24576,0.82605,0.00376,0.68728,-0.0471,0.91448,spy_options_2021.parquet,6377858
SPY,2021-04-07,2021-04-07T16:00:00-04:00,406.57,2021-09-17,163.0,0.4465753424657534,352.0,put,6.65,6.69,6.84,3,,0.24475,-0.17233,0.00381,0.69555,-0.05274,-0.34399,spy_options_2021.parquet,6377858
SPY,2021-04-07,2021-04-07T16:00:00-04:00,406.57,2021-09-17,163.0,0.4465753424657534,353.0,call,59.21,59.79,49.21,7,,0.24601,0.82254,0.00381,0.69786,-0.0477,0.91993,spy_options_2021.parquet,6377859
SPY,2021-04-07,2021-04-07T16:00:00-04:00,406.57,2021-09-17,163.0,0.4465753424657534,353.0,put,6.78,6.81,6.96,44,,0.24315,-0.17595,0.00393,0.70451,-0.05342,-0.35084,spy_options_2021.parquet,6377859
SPY,2021-04-07,2021-04-07T16:00:00-04:00,406.57,2021-09-17,163.0,0.4465753424657534,354.0,call,58.01,58.9,43.8,1,,0.24221,0.821,0.00392,0.70082,-0.04714,0.92497,spy_options_2021.parquet,6377860
SPY,2021-04-07,2021-04-07T16:00:00-04:00,406.57,2021-09-17,163.0,0.4465753424657534,354.0,put,6.9,6.94,7.07,300,,0.24211,-0.17905,0.00394,0.71296,-0.05392,-0.35665,spy_options_2021.parquet,6377860
SPY,2021-04-07,2021-04-07T16:00:00-04:00,406.57,2021-09-17,163.0,0.4465753424657534,355.0,call,57.19,58.05,57.78,1,,0.24115,0.81669,0.00402,0.71155,-0.04813,0.93008,spy_options_2021.parquet,6377861
SPY,2021-04-07,2021-04-07T16:00:00-04:00,406.57,2021-09-17,163.0,0.4465753424657534,355.0,put,7.03,7.07,7.09,5,,0.24126,-0.18213,0.00398,0.72125,-0.0541,-0.36422,spy_options_2021.parquet,6377861
SPY,2021-04-07,2021-04-07T16:00:00-04:00,406.57,2021-09-17,163.0,0.4465753424657534,356.0,call,56.56,56.99,48.45,100,,0.23982,0.81318,0.00406,0.72039,-0.04826,0.93452,spy_options_2021.parquet,6377862
SPY,2021-04-07,2021-04-07T16:00:00-04:00,406.57,2021-09-17,163.0,0.4465753424657534,356.0,put,7.16,7.2,7.31,62,,0.23944,-0.18638,0.00412,0.72973,-0.05433,-0.37116,spy_options_2021.parquet,6377862
SPY,2021-04-07,2021-04-07T16:00:00-04:00,406.57,2021-09-17,163.0,0.4465753424657534,357.0,call,55.42,56.28,50.72,10,,0.23743,0.81094,0.00421,0.72746,-0.04808,0.93982,spy_options_2021.parquet,6377863
SPY,2021-04-07,2021-04-07T16:00:00-04:00,406.57,2021-09-17,163.0,0.4465753424657534,357.0,put,7.28,7.33,8.93,51,,0.23836,-0.18977,0.00413,0.73808,-0.0549,-0.37852,spy_options_2021.parquet,6377863
SPY,2021-04-07,2021-04-07T16:00:00-04:00,406.57,2021-09-17,163.0,0.4465753424657534,358.0,call,54.82,55.24,49.75,13,,0.23651,0.80682,0.0042,0.73842,-0.04906,0.9441,spy_options_2021.parquet,6377864
SPY,2021-04-07,2021-04-07T16:00:00-04:00,406.57,2021-09-17,163.0,0.4465753424657534,358.0,put,7.43,7.47,7.65,60,,0.23694,-0.19297,0.00423,0.747,-0.05561,-0.38602,spy_options_2021.parquet,6377864
SPY,2021-04-07,2021-04-07T16:00:00-04:00,406.57,2021-09-17,163.0,0.4465753424657534,359.0,call,53.86,54.45,42.38,24,,0.2358,0.80297,0.00435,0.74644,-0.04972,0.94813,spy_options_2021.parquet,6377865
SPY,2021-04-07,2021-04-07T16:00:00-04:00,406.57,2021-09-17,163.0,0.4465753424657534,359.0,put,7.57,7.61,9.26,1,,0.23542,-0.19698,0.00427,0.75639,-0.05531,-0.39334,spy_options_2021.parquet,6377865
SPY,2021-04-07,2021-04-07T16:00:00-04:00,406.57,2021-09-17,163.0,0.4465753424657534,360.0,call,52.76,53.68,53.25,3,,0.23326,0.80031,0.00438,0.75395,-0.04923,0.95246,spy_options_2021.parquet,6377866
SPY,2021-04-07,2021-04-07T16:00:00-04:00,406.57,2021-09-17,163.0,0.4465753424657534,360.0,put,7.71,7.74,7.72,320,,0.23362,-0.2006,0.00445,0.76448,-0.05617,-0.40007,spy_options_2021.parquet,6377866
SPY,2021-04-07,2021-04-07T16:00:00-04:00,406.57,2021-09-17,163.0,0.4465753424657534,361.0,call,51.9,52.81,46.91,2,,0.23205,0.79651,0.00448,0.76281,-0.04934,0.95563,spy_options_2021.parquet,6377867
SPY,2021-04-07,2021-04-07T16:00:00-04:00,406.57,2021-09-17,163.0,0.4465753424657534,361.0,put,7.85,7.89,8.0,4,,0.23269,-0.2048,0.00452,0.77375,-0.05595,-0.40861,spy_options_2021.parquet,6377867
SPY,2021-04-07,2021-04-07T16:00:00-04:00,406.57,2021-09-17,163.0,0.4465753424657534,362.0,call,51.03,51.94,41.77,1,,0.23007,0.7922,0.00454,0.77131,-0.04961,0.95912,spy_options_2021.parquet,6377868
SPY,2021-04-07,2021-04-07T16:00:00-04:00,406.57,2021-09-17,163.0,0.4465753424657534,362.0,put,8.0,8.04,8.7,2,,0.23117,-0.20869,0.00458,0.78185,-0.0564,-0.41613,spy_options_2021.parquet,6377868
SPY,2021-04-07,2021-04-07T16:00:00-04:00,406.57,2021-09-17,163.0,0.4465753424657534,363.0,call,50.33,50.94,45.08,1,,0.22874,0.78821,0.00462,0.7806,-0.04971,0.96281,spy_options_2021.parquet,6377869
SPY,2021-04-07,2021-04-07T16:00:00-04:00,406.57,2021-09-17,163.0,0.4465753424657534,363.0,put,8.15,8.19,8.23,641,,0.22929,-0.21221,0.00467,0.79122,-0.05667,-0.42402,spy_options_2021.parquet,6377869
SPY,2021-04-07,2021-04-07T16:00:00-04:00,406.57,2021-09-17,163.0,0.4465753424657534,364.0,call,49.47,50.08,49.78,18,,0.22738,0.78412,0.00477,0.78926,-0.04988,0.96556,spy_options_2021.parquet,6377870
SPY,2021-04-07,2021-04-07T16:00:00-04:00,406.57,2021-09-17,163.0,0.4465753424657534,364.0,put,8.3,8.34,12.45,27,,0.22841,-0.21636,0.00471,0.79985,-0.05727,-0.43244,spy_options_2021.parquet,6377870
SPY,2021-04-07,2021-04-07T16:00:00-04:00,406.57,2021-09-17,163.0,0.4465753424657534,365.0,call,48.62,49.22,49.44,0,,0.22585,0.78067,0.0048,0.79826,-0.05011,0.96899,spy_options_2021.parquet,6377871
SPY,2021-04-07,2021-04-07T16:00:00-04:00,406.57,2021-09-17,163.0,0.4465753424657534,365.0,put,8.45,8.49,8.54,601,,0.22644,-0.22051,0.00477,0.80858,-0.05731,-0.44065,spy_options_2021.parquet,6377871
SPY,2021-04-07,2021-04-07T16:00:00-04:00,406.57,2021-09-17,163.0,0.4465753424657534,366.0,call,47.74,48.37,48.3,1,,0.22382,0.77626,0.00498,0.80664,-0.05048,0.97136,spy_options_2021.parquet,6377872
SPY,2021-04-07,2021-04-07T16:00:00-04:00,406.57,2021-09-17,163.0,0.4465753424657534,366.0,put,8.61,8.64,8.69,0,,0.22552,-0.22553,0.00493,0.81679,-0.05732,-0.44922,spy_options_2021.parquet,6377872
SPY,2021-04-07,2021-04-07T16:00:00-04:00,406.57,2021-09-17,163.0,0.4465753424657534,367.0,call,47.08,47.5,41.64,1,,0.22328,0.77081,0.00502,0.81744,-0.05096,0.97281,spy_options_2021.parquet,6377873
SPY,2021-04-07,2021-04-07T16:00:00-04:00,406.57,2021-09-17,163.0,0.4465753424657534,367.0,put,8.77,8.81,10.8,1,,0.2242,-0.22919,0.00501,0.82576,-0.0581,-0.45807,spy_options_2021.parquet,6377873
SPY,2021-04-07,2021-04-07T16:00:00-04:00,406.57,2021-09-17,163.0,0.4465753424657534,368.0,call,46.09,46.69,46.43,2,,0.22152,0.7674,0.00506,0.82504,-0.05131,0.97554,spy_options_2021.parquet,6377874
SPY,2021-04-07,2021-04-07T16:00:00-04:00,406.57,2021-09-17,163.0,0.4465753424657534,368.0,put,8.93,8.97,15.95,9,,0.22281,-0.23404,0.00506,0.83509,-0.05837,-0.46647,spy_options_2021.parquet,6377874
SPY,2021-04-07,2021-04-07T16:00:00-04:00,406.57,2021-09-17,163.0,0.4465753424657534,369.0,call,45.26,45.85,43.63,1,,0.21974,0.76335,0.00523,0.83458,-0.05126,0.9768,spy_options_2021.parquet,6377875
SPY,2021-04-07,2021-04-07T16:00:00-04:00,406.57,2021-09-17,163.0,0.4465753424657534,369.0,put,9.1,9.14,9.47,41,,0.22089,-0.23859,0.0051,0.84321,-0.05897,-0.47504,spy_options_2021.parquet,6377875
SPY,2021-04-07,2021-04-07T16:00:00-04:00,406.57,2021-09-17,163.0,0.4465753424657534,370.0,call,44.43,45.01,44.5,1,,0.21897,0.7581,0.0053,0.84334,-0.0518,0.97825,spy_options_2021.parquet,6377876
SPY,2021-04-07,2021-04-07T16:00:00-04:00,406.57,2021-09-17,163.0,0.4465753424657534,370.0,put,9.27,9.31,9.33,10,,0.22021,-0.24344,0.00524,0.85209,-0.05854,-0.48478,spy_options_2021.parquet,6377876
SPY,2021-04-07,2021-04-07T16:00:00-04:00,406.57,2021-09-17,163.0,0.4465753424657534,371.0,call,43.59,44.18,31.11,6,,0.21726,0.75333,0.00539,0.85222,-0.05197,0.98036,spy_options_2021.parquet,6377877
SPY,2021-04-07,2021-04-07T16:00:00-04:00,406.57,2021-09-17,163.0,0.4465753424657534,371.0,put,9.44,9.48,9.8,142,,0.21843,-0.24788,0.00531,0.86079,-0.05941,-0.4935,spy_options_2021.parquet,6377877
SPY,2021-04-07,2021-04-07T16:00:00-04:00,406.57,2021-09-17,163.0,0.4465753424657534,372.0,call,42.89,43.34,42.54,0,,0.21641,0.74838,0.00551,0.86241,-0.05251,0.98073,spy_options_2021.parquet,6377878
SPY,2021-04-07,2021-04-07T16:00:00-04:00,406.57,2021-09-17,163.0,0.4465753424657534,372.0,put,9.61,9.65,9.96,0,,0.21646,-0.25267,0.00544,0.86926,-0.05955,-0.5034,spy_options_2021.parquet,6377878
SPY,2021-04-07,2021-04-07T16:00:00-04:00,406.57,2021-09-17,163.0,0.4465753424657534,373.0,call,41.92,42.5,42.29,13,,0.21442,0.74457,0.00558,0.87029,-0.05226,0.98154,spy_options_2021.parquet,6377879
SPY,2021-04-07,2021-04-07T16:00:00-04:00,406.57,2021-09-17,163.0,0.4465753424657534,373.0,put,9.79,9.84,10.1,11,,0.21538,-0.25768,0.00553,0.87882,-0.05957,-0.51288,spy_options_2021.parquet,6377879
SPY,2021-04-07,2021-04-07T16:00:00-04:00,406.57,2021-09-17,163.0,0.4465753424657534,374.0,call,41.1,41.64,28.74,2,,0.21224,0.73962,0.00571,0.8788,-0.05311,0.98212,spy_options_2021.parquet,6377880
SPY,2021-04-07,2021-04-07T16:00:00-04:00,406.57,2021-09-17,163.0,0.4465753424657534,374.0,put,9.98,10.02,10.21,0,,0.21397,-0.26256,0.00561,0.88722,-0.05943,-0.52285,spy_options_2021.parquet,6377880
SPY,2021-04-07,2021-04-07T16:00:00-04:00,406.57,2021-09-17,163.0,0.4465753424657534,375.0,call,40.27,40.85,40.43,19,,0.21081,0.73432,0.00578,0.88758,-0.05315,0.98226,spy_options_2021.parquet,6377881
SPY,2021-04-07,2021-04-07T16:00:00-04:00,406.57,2021-09-17,163.0,0.4465753424657534,375.0,put,10.16,10.21,10.32,4,,0.21287,-0.26738,0.00572,0.89581,-0.06029,-0.53309,spy_options_2021.parquet,6377881
SPY,2021-04-07,2021-04-07T16:00:00-04:00,406.57,2021-09-17,163.0,0.4465753424657534,376.0,call,39.52,40.03,26.81,2,,0.20975,0.72886,0.00582,0.89755,-0.05282,0.98143,spy_options_2021.parquet,6377882
SPY,2021-04-07,2021-04-07T16:00:00-04:00,406.57,2021-09-17,163.0,0.4465753424657534,376.0,put,10.36,10.4,10.43,56,,0.2116,-0.27255,0.00572,0.90403,-0.05985,-0.54322,spy_options_2021.parquet,6377882
SPY,2021-04-07,2021-04-07T16:00:00-04:00,406.57,2021-09-17,163.0,0.4465753424657534,377.0,call,38.63,39.25,32.26,1,,0.20781,0.7239,0.00594,0.90605,-0.05353,0.98156,spy_options_2021.parquet,6377883
SPY,2021-04-07,2021-04-07T16:00:00-04:00,406.57,2021-09-17,163.0,0.4465753424657534,377.0,put,10.56,10.6,10.65,84,,0.20999,-0.2773,0.00583,0.91249,-0.06011,-0.55375,spy_options_2021.parquet,6377883
SPY,2021-04-07,2021-04-07T16:00:00-04:00,406.57,2021-09-17,163.0,0.4465753424657534,378.0,call,37.86,38.42,38.54,0,,0.20703,0.71861,0.00609,0.91467,-0.05379,0.98094,spy_options_2021.parquet,6377884
SPY,2021-04-07,2021-04-07T16:00:00-04:00,406.57,2021-09-17,163.0,0.4465753424657534,378.0,put,10.75,10.79,11.06,84,,0.20854,-0.28356,0.00596,0.92138,-0.06018,-0.56374,spy_options_2021.parquet,6377884
SPY,2021-04-07,2021-04-07T16:00:00-04:00,406.57,2021-09-17,163.0,0.4465753424657534,379.0,call,37.06,37.67,32.34,2,,0.2054,0.71247,0.00612,0.92323,-0.05385,0.97908,spy_options_2021.parquet,6377885
SPY,2021-04-07,2021-04-07T16:00:00-04:00,406.57,2021-09-17,163.0,0.4465753424657534,379.0,put,10.95,11.01,11.07,166,,0.20736,-0.28827,0.00606,0.92952,-0.06115,-0.57504,spy_options_2021.parquet,6377885
SPY,2021-04-07,2021-04-07T16:00:00-04:00,406.57,2021-09-17,163.0,0.4465753424657534,380.0,call,36.26,36.82,36.45,0,,0.20371,0.70776,0.00622,0.93207,-0.05361,0.97811,spy_options_2021.parquet,6377886
SPY,2021-04-07,2021-04-07T16:00:00-04:00,406.57,2021-09-17,163.0,0.4465753424657534,380.0,put,11.18,11.21,11.18,513,,0.20608,-0.2945,0.00614,0.93827,-0.06091,-0.58578,spy_options_2021.parquet,6377886
SPY,2021-04-07,2021-04-07T16:00:00-04:00,406.57,2021-09-17,163.0,0.4465753424657534,381.0,call,35.46,36.06,31.5,1,,0.20265,0.70139,0.0063,0.93982,-0.0542,0.97619,spy_options_2021.parquet,6377887
SPY,2021-04-07,2021-04-07T16:00:00-04:00,406.57,2021-09-17,163.0,0.4465753424657534,381.0,put,11.35,11.44,11.42,502,,0.20398,-0.29931,0.00624,0.94597,-0.0613,-0.59759,spy_options_2021.parquet,6377887
SPY,2021-04-07,2021-04-07T16:00:00-04:00,406.57,2021-09-17,163.0,0.4465753424657534,382.0,call,34.79,35.13,34.53,0,,0.20131,0.69556,0.0065,0.94873,-0.05355,0.97392,spy_options_2021.parquet,6377888
SPY,2021-04-07,2021-04-07T16:00:00-04:00,406.57,2021-09-17,163.0,0.4465753424657534,382.0,put,11.59,11.65,11.73,419,,0.20291,-0.30586,0.00636,0.95409,-0.06114,-0.6093,spy_options_2021.parquet,6377888
SPY,2021-04-07,2021-04-07T16:00:00-04:00,406.57,2021-09-17,163.0,0.4465753424657534,383.0,call,33.98,34.33,29.5,27,,0.19945,0.69002,0.00656,0.95655,-0.05414,0.97189,spy_options_2021.parquet,6377889
SPY,2021-04-07,2021-04-07T16:00:00-04:00,406.57,2021-09-17,163.0,0.4465753424657534,383.0,put,11.83,11.88,11.88,167,,0.20179,-0.31145,0.00647,0.96249,-0.06144,-0.62079,spy_options_2021.parquet,6377889
SPY,2021-04-07,2021-04-07T16:00:00-04:00,406.57,2021-09-17,163.0,0.4465753424657534,384.0,call,33.21,33.51,33.34,5,,0.19808,0.68353,0.0067,0.96439,-0.05386,0.96992,spy_options_2021.parquet,6377890
SPY,2021-04-07,2021-04-07T16:00:00-04:00,406.57,2021-09-17,163.0,0.4465753424657534,384.0,put,12.02,12.09,12.14,420,,0.1994,-0.31714,0.0065,0.96996,-0.06165,-0.63281,spy_options_2021.parquet,6377890
SPY,2021-04-07,2021-04-07T16:00:00-04:00,406.57,2021-09-17,163.0,0.4465753424657534,385.0,call,32.42,32.77,32.17,2,,0.19625,0.67725,0.00683,0.97265,-0.05375,0.9666,spy_options_2021.parquet,6377891
SPY,2021-04-07,2021-04-07T16:00:00-04:00,406.57,2021-09-17,163.0,0.4465753424657534,385.0,put,12.26,12.33,12.53,353,,0.19816,-0.32352,0.00659,0.97793,-0.0619,-0.64479,spy_options_2021.parquet,6377891
SPY,2021-04-07,2021-04-07T16:00:00-04:00,406.57,2021-09-17,163.0,0.4465753424657534,386.0,call,31.68,32.01,27.21,5,,0.19503,0.67109,0.00685,0.98024,-0.05416,0.96234,spy_options_2021.parquet,6377892
SPY,2021-04-07,2021-04-07T16:00:00-04:00,406.57,2021-09-17,163.0,0.4465753424657534,386.0,put,12.52,12.58,12.58,122,,0.19741,-0.32957,0.00668,0.98479,-0.06109,-0.65726,spy_options_2021.parquet,6377892
SPY,2021-04-07,2021-04-07T16:00:00-04:00,406.57,2021-09-17,163.0,0.4465753424657534,387.0,call,30.91,31.24,30.92,11,,0.19341,0.66468,0.00703,0.98815,-0.05396,0.95953,spy_options_2021.parquet,6377893
SPY,2021-04-07,2021-04-07T16:00:00-04:00,406.57,2021-09-17,163.0,0.4465753424657534,387.0,put,12.73,12.83,13.13,41,,0.19545,-0.3366,0.00684,0.99219,-0.06207,-0.67016,spy_options_2021.parquet,6377893
SPY,2021-04-07,2021-04-07T16:00:00-04:00,406.57,2021-09-17,163.0,0.4465753424657534,388.0,call,30.18,30.46,30.12,33,,0.19202,0.65828,0.0071,0.99558,-0.05397,0.95499,spy_options_2021.parquet,6377894
SPY,2021-04-07,2021-04-07T16:00:00-04:00,406.57,2021-09-17,163.0,0.4465753424657534,388.0,put,13.01,13.08,13.43,26,,0.19403,-0.34295,0.00695,0.99998,-0.06194,-0.68299,spy_options_2021.parquet,6377894
SPY,2021-04-07,2021-04-07T16:00:00-04:00,406.57,2021-09-17,163.0,0.4465753424657534,389.0,call,29.4,29.73,29.7,1,,0.19117,0.65204,0.00721,1.00346,-0.05482,0.9508,spy_options_2021.parquet,6377895
SPY,2021-04-07,2021-04-07T16:00:00-04:00,406.57,2021-09-17,163.0,0.4465753424657534,389.0,put,13.23,13.33,14.23,19,,0.19278,-0.34937,0.00705,1.00643,-0.06199,-0.69618,spy_options_2021.parquet,6377895
SPY,2021-04-07,2021-04-07T16:00:00-04:00,406.57,2021-09-17,163.0,0.4465753424657534,390.0,call,28.64,28.97,28.66,4,,0.18908,0.64517,0.00728,1.01002,-0.05437,0.94639,spy_options_2021.parquet,6377896
SPY,2021-04-07,2021-04-07T16:00:00-04:00,406.57,2021-09-17,163.0,0.4465753424657534,390.0,put,13.52,13.59,13.88,62,,0.1911,-0.35559,0.00717,1.01408,-0.06135,-0.70928,spy_options_2021.parquet,6377896
SPY,2021-04-07,2021-04-07T16:00:00-04:00,406.57,2021-09-17,163.0,0.4465753424657534,391.0,call,27.92,28.19,26.67,3,,0.1879,0.63796,0.00744,1.01686,-0.05425,0.94125,spy_options_2021.parquet,6377897
SPY,2021-04-07,2021-04-07T16:00:00-04:00,406.57,2021-09-17,163.0,0.4465753424657534,391.0,put,13.78,13.86,13.92,40,,0.18985,-0.36318,0.00726,1.0207,-0.06186,-0.72292,spy_options_2021.parquet,6377897
SPY,2021-04-07,2021-04-07T16:00:00-04:00,406.57,2021-09-17,163.0,0.4465753424657534,392.0,call,27.17,27.48,27.39,12,,0.18644,0.63061,0.00752,1.02411,-0.05387,0.93504,spy_options_2021.parquet,6377898
SPY,2021-04-07,2021-04-07T16:00:00-04:00,406.57,2021-09-17,163.0,0.4465753424657534,392.0,put,14.06,14.13,14.35,200,,0.18865,-0.36975,0.00728,1.02682,-0.06158,-0.73676,spy_options_2021.parquet,6377898
SPY,2021-04-07,2021-04-07T16:00:00-04:00,406.57,2021-09-17,163.0,0.4465753424657534,393.0,call,26.43,26.71,26.67,24,,0.18424,0.6239,0.00767,1.03035,-0.05435,0.92994,spy_options_2021.parquet,6377899
SPY,2021-04-07,2021-04-07T16:00:00-04:00,406.57,2021-09-17,163.0,0.4465753424657534,393.0,put,14.34,14.42,14.45,95,,0.18766,-0.37744,0.0074,1.03308,-0.06127,-0.75104,spy_options_2021.parquet,6377899
SPY,2021-04-07,2021-04-07T16:00:00-04:00,406.57,2021-09-17,163.0,0.4465753424657534,394.0,call,25.73,26.03,25.76,80,,0.18378,0.61629,0.00774,1.03699,-0.05373,0.92332,spy_options_2021.parquet,6377900
SPY,2021-04-07,2021-04-07T16:00:00-04:00,406.57,2021-09-17,163.0,0.4465753424657534,394.0,put,14.63,14.69,14.73,26,,0.18631,-0.38405,0.0075,1.03836,-0.06176,-0.76537,spy_options_2021.parquet,6377900
SPY,2021-04-07,2021-04-07T16:00:00-04:00,406.57,2021-09-17,163.0,0.4465753424657534,395.0,call,24.99,25.31,25.14,102,,0.18152,0.6085,0.00782,1.04255,-0.05379,0.91688,spy_options_2021.parquet,6377901
SPY,2021-04-07,2021-04-07T16:00:00-04:00,406.57,2021-09-17,163.0,0.4465753424657534,395.0,put,14.92,15.0,15.01,245,,0.18453,-0.39199,0.00763,1.04454,-0.06186,-0.78069,spy_options_2021.parquet,6377901
SPY,2021-04-07,2021-04-07T16:00:00-04:00,406.57,2021-09-17,163.0,0.4465753424657534,396.0,call,24.34,24.59,24.35,69,,0.18119,0.60096,0.00793,1.04847,-0.05347,0.90896,spy_options_2021.parquet,6377902
SPY,2021-04-07,2021-04-07T16:00:00-04:00,406.57,2021-09-17,163.0,0.4465753424657534,396.0,put,15.21,15.31,15.3,118,,0.18321,-0.39871,0.00769,1.05014,-0.06117,-0.79574,spy_options_2021.parquet,6377902
SPY,2021-04-07,2021-04-07T16:00:00-04:00,406.57,2021-09-17,163.0,0.4465753424657534,397.0,call,23.63,23.87,23.3,0,,0.17937,0.59389,0.00797,1.05366,-0.0536,0.90223,spy_options_2021.parquet,6377903
SPY,2021-04-07,2021-04-07T16:00:00-04:00,406.57,2021-09-17,163.0,0.4465753424657534,397.0,put,15.53,15.63,16.19,12,,0.18164,-0.40695,0.00783,1.05432,-0.06162,-0.81054,spy_options_2021.parquet,6377903
SPY,2021-04-07,2021-04-07T16:00:00-04:00,406.57,2021-09-17,163.0,0.4465753424657534,398.0,call,22.93,23.2,22.71,1,,0.17793,0.58564,0.00808,1.05796,-0.05406,0.89372,spy_options_2021.parquet,6377904
SPY,2021-04-07,2021-04-07T16:00:00-04:00,406.57,2021-09-17,163.0,0.4465753424657534,398.0,put,15.87,15.95,15.87,12,,0.18052,-0.41492,0.00794,1.05907,-0.06181,-0.82697,spy_options_2021.parquet,6377904
SPY,2021-04-07,2021-04-07T16:00:00-04:00,406.57,2021-09-17,163.0,0.4465753424657534,399.0,call,22.24,22.5,18.55,83,,0.17604,0.57782,0.0082,1.06302,-0.05364,0.88573,spy_options_2021.parquet,6377905
SPY,2021-04-07,2021-04-07T16:00:00-04:00,406.57,2021-09-17,163.0,0.4465753424657534,399.0,put,16.16,16.26,16.33,0,,0.17914,-0.42264,0.00802,1.06342,-0.06146,-0.84196,spy_options_2021.parquet,6377905
SPY,2021-04-07,2021-04-07T16:00:00-04:00,406.57,2021-09-17,163.0,0.4465753424657534,400.0,call,21.56,21.81,21.46,612,,0.1746,0.56972,0.00831,1.06707,-0.05295,0.87724,spy_options_2021.parquet,6377906
SPY,2021-04-07,2021-04-07T16:00:00-04:00,406.57,2021-09-17,163.0,0.4465753424657534,400.0,put,16.52,16.6,16.84,60,,0.17756,-0.42996,0.00813,1.06748,-0.06093,-0.85793,spy_options_2021.parquet,6377906
SPY,2021-04-07,2021-04-07T16:00:00-04:00,406.57,2021-09-17,163.0,0.4465753424657534,401.0,call,20.89,21.15,21.69,0,,0.17389,0.5612,0.0084,1.07059,-0.05292,0.86846,spy_options_2021.parquet,6377907
SPY,2021-04-07,2021-04-07T16:00:00-04:00,406.57,2021-09-17,163.0,0.4465753424657534,401.0,put,16.83,16.95,17.17,100,,0.17663,-0.43797,0.00819,1.0717,-0.06112,-0.87444,spy_options_2021.parquet,6377907
SPY,2021-04-07,2021-04-07T16:00:00-04:00,406.57,2021-09-17,163.0,0.4465753424657534,402.0,call,20.24,20.49,20.1,551,,0.17226,0.55252,0.00854,1.07372,-0.0524,0.85876,spy_options_2021.parquet,6377908
SPY,2021-04-07,2021-04-07T16:00:00-04:00,406.57,2021-09-17,163.0,0.4465753424657534,402.0,put,17.2,17.3,17.3,8,,0.17535,-0.44661,0.00825,1.0745,-0.06106,-0.89173,spy_options_2021.parquet,6377908
SPY,2021-04-07,2021-04-07T16:00:00-04:00,406.57,2021-09-17,163.0,0.4465753424657534,403.0,call,19.6,19.85,19.81,33,,0.17112,0.54375,0.00856,1.07667,-0.05301,0.84971,spy_options_2021.parquet,6377909
SPY,2021-04-07,2021-04-07T16:00:00-04:00,406.57,2021-09-17,163.0,0.4465753424657534,403.0,put,17.56,17.66,17.63,6,,0.17409,-0.45453,0.0084,1.07728,-0.06084,-0.90777,spy_options_2021.parquet,6377909
SPY,2021-04-07,2021-04-07T16:00:00-04:00,406.57,2021-09-17,163.0,0.4465753424657534,404.0,call,18.94,19.18,18.74,0,,0.16939,0.53493,0.00872,1.07914,-0.05252,0.83976,spy_options_2021.parquet,6377910
SPY,2021-04-07,2021-04-07T16:00:00-04:00,406.57,2021-09-17,163.0,0.4465753424657534,404.0,put,17.94,18.03,18.29,7,,0.1724,-0.46372,0.00839,1.07977,-0.06039,-0.92544,spy_options_2021.parquet,6377910
SPY,2021-04-07,2021-04-07T16:00:00-04:00,406.57,2021-09-17,163.0,0.4465753424657534,405.0,call,18.34,18.57,18.1,35,,0.16822,0.52669,0.00876,1.0818,-0.0518,0.82911,spy_options_2021.parquet,6377911
SPY,2021-04-07,2021-04-07T16:00:00-04:00,406.57,2021-09-17,163.0,0.4465753424657534,405.0,put,18.31,18.41,18.54,279,,0.17174,-0.47187,0.00847,1.08099,-0.05966,-0.94302,spy_options_2021.parquet,6377911
SPY,2021-04-07,2021-04-07T16:00:00-04:00,406.57,2021-09-17,163.0,0.4465753424657534,406.0,call,17.7,17.94,17.91,98,,0.16708,0.51721,0.0088,1.08295,-0.05181,0.81831,spy_options_2021.parquet,6377912
SPY,2021-04-07,2021-04-07T16:00:00-04:00,406.57,2021-09-17,163.0,0.4465753424657534,406.0,put,18.71,18.81,19.01,26,,0.17046,-0.48083,0.00862,1.08233,-0.05954,-0.96092,spy_options_2021.parquet,6377912
SPY,2021-04-07,2021-04-07T16:00:00-04:00,406.57,2021-09-17,163.0,0.4465753424657534,407.0,call,17.09,17.31,17.07,6,,0.16491,0.5084,0.00895,1.08372,-0.05156,0.80688,spy_options_2021.parquet,6377913
SPY,2021-04-07,2021-04-07T16:00:00-04:00,406.57,2021-09-17,163.0,0.4465753424657534,407.0,put,19.11,19.23,19.22,2,,0.16906,-0.49015,0.00859,1.08386,-0.05905,-0.97866,spy_options_2021.parquet,6377913
SPY,2021-04-07,2021-04-07T16:00:00-04:00,406.57,2021-09-17,163.0,0.4465753424657534,408.0,call,16.5,16.71,16.69,2,,0.16461,0.4993,0.00895,1.08403,-0.05078,0.79548,spy_options_2021.parquet,6377914
SPY,2021-04-07,2021-04-07T16:00:00-04:00,406.57,2021-09-17,163.0,0.4465753424657534,408.0,put,19.52,19.63,20.11,50,,0.16818,-0.49835,0.00869,1.08364,-0.05926,-0.99653,spy_options_2021.parquet,6377914
SPY,2021-04-07,2021-04-07T16:00:00-04:00,406.57,2021-09-17,163.0,0.4465753424657534,409.0,call,15.91,16.13,16.25,0,,0.16325,0.49012,0.00906,1.08374,-0.05033,0.78279,spy_options_2021.parquet,6377915
SPY,2021-04-07,2021-04-07T16:00:00-04:00,406.57,2021-09-17,163.0,0.4465753424657534,409.0,put,19.95,20.04,20.33,549,,0.16674,-0.50738,0.00876,1.08326,-0.05912,-1.01499,spy_options_2021.parquet,6377915
SPY,2021-04-07,2021-04-07T16:00:00-04:00,406.57,2021-09-17,163.0,0.4465753424657534,410.0,call,15.35,15.53,15.25,20,,0.16195,0.4805,0.00913,1.08325,-0.04982,0.77082,spy_options_2021.parquet,6377916
SPY,2021-04-07,2021-04-07T16:00:00-04:00,406.57,2021-09-17,163.0,0.4465753424657534,410.0,put,20.39,20.5,20.44,154,,0.16539,-0.51718,0.00883,1.08259,-0.05844,-1.03369,spy_options_2021.parquet,6377916
SPY,2021-04-07,2021-04-07T16:00:00-04:00,406.57,2021-09-17,163.0,0.4465753424657534,411.0,call,14.79,14.98,15.1,19,,0.16011,0.47082,0.00916,1.08109,-0.05015,0.75833,spy_options_2021.parquet,6377917
SPY,2021-04-07,2021-04-07T16:00:00-04:00,406.57,2021-09-17,163.0,0.4465753424657534,411.0,put,20.76,20.96,21.2,5,,0.16447,-0.52579,0.00883,1.08127,-0.05763,-1.05191,spy_options_2021.parquet,6377917
SPY,2021-04-07,2021-04-07T16:00:00-04:00,406.57,2021-09-17,163.0,0.4465753424657534,412.0,call,14.22,14.32,14.14,10,,0.15852,0.46048,0.00924,1.07948,-0.04918,0.74563,spy_options_2021.parquet,6377918
SPY,2021-04-07,2021-04-07T16:00:00-04:00,406.57,2021-09-17,163.0,0.4465753424657534,412.0,put,21.22,21.45,21.75,1,,0.16331,-0.53558,0.00885,1.07872,-0.05756,-1.07127,spy_options_2021.parquet,6377918
SPY,2021-04-07,2021-04-07T16:00:00-04:00,406.57,2021-09-17,163.0,0.4465753424657534,413.0,call,13.72,13.83,13.62,6,,0.15841,0.45097,0.00923,1.07654,-0.04865,0.73267,spy_options_2021.parquet,6377919
SPY,2021-04-07,2021-04-07T16:00:00-04:00,406.57,2021-09-17,163.0,0.4465753424657534,413.0,put,21.67,21.9,21.88,0,,0.16188,-0.54505,0.00898,1.07669,-0.05741,-1.09051,spy_options_2021.parquet,6377919
SPY,2021-04-07,2021-04-07T16:00:00-04:00,406.57,2021-09-17,163.0,0.4465753424657534,414.0,call,13.17,13.27,13.54,0,,0.15623,0.44142,0.00931,1.07335,-0.04791,0.71832,spy_options_2021.parquet,6377920
SPY,2021-04-07,2021-04-07T16:00:00-04:00,406.57,2021-09-17,163.0,0.4465753424657534,414.0,put,22.14,22.38,32.59,6,,0.1614,-0.55368,0.009,1.07353,-0.05708,-1.10943,spy_options_2021.parquet,6377920
SPY,2021-04-07,2021-04-07T16:00:00-04:00,406.57,2021-09-17,163.0,0.4465753424657534,415.0,call,12.65,12.75,12.68,24,,0.15536,0.43132,0.00928,1.06836,-0.04744,0.70441,spy_options_2021.parquet,6377921
SPY,2021-04-07,2021-04-07T16:00:00-04:00,406.57,2021-09-17,163.0,0.4465753424657534,415.0,put,22.61,22.88,22.86,2,,0.15967,-0.56407,0.00896,1.06983,-0.05582,-1.12929,spy_options_2021.parquet,6377921
SPY,2021-04-07,2021-04-07T16:00:00-04:00,406.57,2021-09-17,163.0,0.4465753424657534,416.0,call,12.17,12.26,12.06,36,,0.15457,0.42222,0.00932,1.06342,-0.04777,0.69109,spy_options_2021.parquet,6377922
SPY,2021-04-07,2021-04-07T16:00:00-04:00,406.57,2021-09-17,163.0,0.4465753424657534,416.0,put,23.12,23.41,23.68,11,,0.15953,-0.57344,0.00898,1.06497,-0.05563,-1.149,spy_options_2021.parquet,6377922
SPY,2021-04-07,2021-04-07T16:00:00-04:00,406.57,2021-09-17,163.0,0.4465753424657534,417.0,call,11.67,11.77,11.63,10,,0.15329,0.41211,0.00936,1.05823,-0.04636,0.67699,spy_options_2021.parquet,6377923
SPY,2021-04-07,2021-04-07T16:00:00-04:00,406.57,2021-09-17,163.0,0.4465753424657534,417.0,put,23.68,23.94,24.22,10,,0.15873,-0.58231,0.00897,1.06001,-0.05489,-1.1686,spy_options_2021.parquet,6377923
SPY,2021-04-07,2021-04-07T16:00:00-04:00,406.57,2021-09-17,163.0,0.4465753424657534,418.0,call,11.21,11.3,11.4,15,,0.15258,0.40231,0.00937,1.05219,-0.04604,0.66229,spy_options_2021.parquet,6377924
SPY,2021-04-07,2021-04-07T16:00:00-04:00,406.57,2021-09-17,163.0,0.4465753424657534,418.0,put,24.22,24.47,24.75,10,,0.15719,-0.59188,0.00898,1.05372,-0.05517,-1.18761,spy_options_2021.parquet,6377924
SPY,2021-04-07,2021-04-07T16:00:00-04:00,406.57,2021-09-17,163.0,0.4465753424657534,419.0,call,10.74,10.83,10.99,20,,0.15165,0.39229,0.00935,1.04526,-0.04543,0.64774,spy_options_2021.parquet,6377925
SPY,2021-04-07,2021-04-07T16:00:00-04:00,406.57,2021-09-17,163.0,0.4465753424657534,419.0,put,24.72,25.02,25.43,13,,0.15623,-0.60131,0.00902,1.04722,-0.05385,-1.20806,spy_options_2021.parquet,6377925
SPY,2021-04-07,2021-04-07T16:00:00-04:00,406.57,2021-09-17,163.0,0.4465753424657534,420.0,call,10.28,10.37,10.2,95,,0.15018,0.38167,0.00929,1.03726,-0.04479,0.63323,spy_options_2021.parquet,6377926
SPY,2021-04-07,2021-04-07T16:00:00-04:00,406.57,2021-09-17,163.0,0.4465753424657534,420.0,put,25.28,25.59,25.6,6,,0.15613,-0.61117,0.00902,1.04065,-0.05376,-1.22747,spy_options_2021.parquet,6377926
SPY,2021-04-07,2021-04-07T16:00:00-04:00,406.57,2021-09-17,163.0,0.4465753424657534,421.0,call,9.84,9.93,9.9,2,,0.14942,0.37152,0.00926,1.02868,-0.04427,0.61776,spy_options_2021.parquet,6377927
SPY,2021-04-07,2021-04-07T16:00:00-04:00,406.57,2021-09-17,163.0,0.4465753424657534,421.0,put,25.85,26.18,0.0,,,0.15456,-0.62064,0.00901,1.03291,-0.05345,-1.24808,spy_options_2021.parquet,6377927
SPY,2021-04-07,2021-04-07T16:00:00-04:00,406.57,2021-09-17,163.0,0.4465753424657534,422.0,call,9.44,9.53,6.45,3,,0.14851,0.3625,0.00923,1.02006,-0.04369,0.6033,spy_options_2021.parquet,6377928
SPY,2021-04-07,2021-04-07T16:00:00-04:00,406.57,2021-09-17,163.0,0.4465753424657534,422.0,put,26.44,26.74,0.0,,,0.15419,-0.63002,0.009,1.02406,-0.05236,-1.26738,spy_options_2021.parquet,6377928
SPY,2021-04-07,2021-04-07T16:00:00-04:00,406.57,2021-09-17,163.0,0.4465753424657534,423.0,call,9.03,9.1,9.07,222,,0.1476,0.35246,0.00924,1.00978,-0.04341,0.58791,spy_options_2021.parquet,6377929
SPY,2021-04-07,2021-04-07T16:00:00-04:00,406.57,2021-09-17,163.0,0.4465753424657534,423.0,put,27.09,27.41,39.0,3,,0.15421,-0.63904,0.00884,1.01619,-0.05268,-1.28695,spy_options_2021.parquet,6377929
SPY,2021-04-07,2021-04-07T16:00:00-04:00,406.57,2021-09-17,163.0,0.4465753424657534,424.0,call,8.63,8.71,8.86,105,,0.14674,0.34205,0.00916,1.00019,-0.04257,0.57243,spy_options_2021.parquet,6377930
SPY,2021-04-07,2021-04-07T16:00:00-04:00,406.57,2021-09-17,163.0,0.4465753424657534,424.0,put,27.7,28.07,0.0,,,0.15364,-0.64809,0.00886,1.00713,-0.05156,-1.30563,spy_options_2021.parquet,6377930
SPY,2021-04-07,2021-04-07T16:00:00-04:00,406.57,2021-09-17,163.0,0.4465753424657534,425.0,call,8.26,8.34,8.17,66,,0.14666,0.33255,0.00917,0.98873,-0.04201,0.55771,spy_options_2021.parquet,6377931
SPY,2021-04-07,2021-04-07T16:00:00-04:00,406.57,2021-09-17,163.0,0.4465753424657534,425.0,put,28.2,28.73,28.5,50,,0.15233,-0.65749,0.00877,0.9969,-0.05128,-1.32653,spy_options_2021.parquet,6377931
SPY,2021-04-07,2021-04-07T16:00:00-04:00,406.57,2021-09-17,163.0,0.4465753424657534,426.0,call,7.87,7.95,8.24,0,,0.14562,0.32285,0.00907,0.97722,-0.04134,0.5428,spy_options_2021.parquet,6377932
SPY,2021-04-07,2021-04-07T16:00:00-04:00,406.57,2021-09-17,163.0,0.4465753424657534,426.0,put,28.78,29.38,46.1,10,,0.15182,-0.66667,0.00877,0.98584,-0.05007,-1.34647,spy_options_2021.parquet,6377932
SPY,2021-04-07,2021-04-07T16:00:00-04:00,406.57,2021-09-17,163.0,0.4465753424657534,427.0,call,7.51,7.59,7.48,4,,0.1442,0.31311,0.00898,0.9645,-0.04013,0.52725,spy_options_2021.parquet,6377933
SPY,2021-04-07,2021-04-07T16:00:00-04:00,406.57,2021-09-17,163.0,0.4465753424657534,427.0,put,29.45,30.09,0.0,,,0.15151,-0.67567,0.00869,0.97539,-0.04933,-1.36565,spy_options_2021.parquet,6377933
SPY,2021-04-07,2021-04-07T16:00:00-04:00,406.57,2021-09-17,163.0,0.4465753424657534,430.0,call,6.54,6.61,6.41,77,,0.14307,0.28535,0.00879,0.92503,-0.03798,0.48287,spy_options_2021.parquet,6377934
SPY,2021-04-07,2021-04-07T16:00:00-04:00,406.57,2021-09-17,163.0,0.4465753424657534,430.0,put,31.46,32.09,31.97,0,,0.14991,-0.70207,0.00843,0.93935,-0.04752,-1.42336,spy_options_2021.parquet,6377934
SPY,2021-04-07,2021-04-07T16:00:00-04:00,406.57,2021-09-17,163.0,0.4465753424657534,435.0,call,5.14,5.21,5.3,2751,,0.1403,0.24059,0.00817,0.84851,-0.0346,0.41187,spy_options_2021.parquet,6377935
SPY,2021-04-07,2021-04-07T16:00:00-04:00,406.57,2021-09-17,163.0,0.4465753424657534,435.0,put,34.97,35.89,55.56,1,,0.14841,-0.74325,0.00795,0.87237,-0.04446,-1.51493,spy_options_2021.parquet,6377935
SPY,2021-04-07,2021-04-07T16:00:00-04:00,406.57,2021-09-17,163.0,0.4465753424657534,440.0,call,4.01,4.08,4.15,4,,0.13798,0.2011,0.00744,0.76576,-0.03074,0.34522,spy_options_2021.parquet,6377936
SPY,2021-04-07,2021-04-07T16:00:00-04:00,406.57,2021-09-17,163.0,0.4465753424657534,440.0,put,38.84,39.78,56.08,2000,,0.14684,-0.78099,0.00737,0.80063,-0.04142,-1.60008,spy_options_2021.parquet,6377936
SPY,2021-04-07,2021-04-07T16:00:00-04:00,406.57,2021-09-17,163.0,0.4465753424657534,445.0,call,3.13,3.19,3.21,142,,0.13722,0.16594,0.00664,0.68034,-0.02737,0.28773,spy_options_2021.parquet,6377937
SPY,2021-04-07,2021-04-07T16:00:00-04:00,406.57,2021-09-17,163.0,0.4465753424657534,445.0,put,42.99,43.66,43.6,1,,0.14568,-0.81538,0.00662,0.71974,-0.03736,-1.68156,spy_options_2021.parquet,6377937
SPY,2021-04-07,2021-04-07T16:00:00-04:00,406.57,2021-09-17,163.0,0.4465753424657534,450.0,call,2.43,2.49,2.46,6,,0.13606,0.13606,0.00591,0.5971,-0.02356,0.23635,spy_options_2021.parquet,6377938
SPY,2021-04-07,2021-04-07T16:00:00-04:00,406.57,2021-09-17,163.0,0.4465753424657534,450.0,put,47.3,48.27,47.94,1,,0.1481,-0.83919,0.006,0.65944,-0.03566,-1.74508,spy_options_2021.parquet,6377938
SPY,2021-04-07,2021-04-07T16:00:00-04:00,406.57,2021-09-17,163.0,0.4465753424657534,455.0,call,1.89,1.94,2.0,9,,0.13607,0.11128,0.00508,0.51748,-0.02079,0.19308,spy_options_2021.parquet,6377939
SPY,2021-04-07,2021-04-07T16:00:00-04:00,406.57,2021-09-17,163.0,0.4465753424657534,455.0,put,51.76,52.75,69.67,2,,0.14931,-0.86154,0.00538,0.59491,-0.03329,-1.80633,spy_options_2021.parquet,6377939
SPY,2021-04-07,2021-04-07T16:00:00-04:00,406.57,2021-09-17,163.0,0.4465753424657534,460.0,call,1.47,1.51,1.55,12,,0.13618,0.09033,0.0044,0.44516,-0.01812,0.15782,spy_options_2021.parquet,6377940
SPY,2021-04-07,2021-04-07T16:00:00-04:00,406.57,2021-09-17,163.0,0.4465753424657534,460.0,put,56.34,57.33,71.4,5,,0.15171,-0.88115,0.00472,0.53562,-0.03089,-1.86249,spy_options_2021.parquet,6377940
SPY,2021-04-07,2021-04-07T16:00:00-04:00,406.57,2021-09-17,163.0,0.4465753424657534,465.0,call,1.15,1.18,1.23,1,,0.1363,0.0729,0.00375,0.38011,-0.01517,0.12791,spy_options_2021.parquet,6377941
SPY,2021-04-07,2021-04-07T16:00:00-04:00,406.57,2021-09-17,163.0,0.4465753424657534,465.0,put,61.02,62.05,83.49,1,,0.15508,-0.8957,0.0042,0.48653,-0.02861,-1.90988,spy_options_2021.parquet,6377941
SPY,2021-04-07,2021-04-07T16:00:00-04:00,406.57,2021-09-17,163.0,0.4465753424657534,470.0,call,0.9,0.93,0.93,45,,0.13759,0.05945,0.00315,0.32318,-0.0134,0.10382,spy_options_2021.parquet,6377942
SPY,2021-04-07,2021-04-07T16:00:00-04:00,406.57,2021-09-17,163.0,0.4465753424657534,470.0,put,65.78,66.81,0.0,,,0.1579,-0.90725,0.00371,0.44349,-0.02751,-1.95324,spy_options_2021.parquet,6377942
SPY,2021-04-07,2021-04-07T16:00:00-04:00,406.57,2021-09-17,163.0,0.4465753424657534,475.0,call,0.71,0.73,0.75,2,,0.13787,0.04767,0.00265,0.27305,-0.01142,0.08444,spy_options_2021.parquet,6377943
SPY,2021-04-07,2021-04-07T16:00:00-04:00,406.57,2021-09-17,163.0,0.4465753424657534,475.0,put,70.56,71.32,71.11,1,,0.15789,-0.92354,0.00324,0.38356,-0.02463,-2.00314,spy_options_2021.parquet,6377943
SPY,2021-04-07,2021-04-07T16:00:00-04:00,406.57,2021-09-17,163.0,0.4465753424657534,480.0,call,0.57,0.59,0.59,45,,0.13994,0.03914,0.00227,0.23293,-0.0093,0.06888,spy_options_2021.parquet,6377944
SPY,2021-04-07,2021-04-07T16:00:00-04:00,406.57,2021-09-17,163.0,0.4465753424657534,480.0,put,75.66,76.17,164.2,0,,0.1652,-0.92694,0.00297,0.36891,-0.02522,-2.03243,spy_options_2021.parquet,6377944
SPY,2021-04-07,2021-04-07T16:00:00-04:00,406.57,2021-09-17,163.0,0.4465753424657534,485.0,call,0.46,0.48,0.54,0,,0.14143,0.03229,0.00185,0.19899,-0.00858,0.05706,spy_options_2021.parquet,6377945
SPY,2021-04-07,2021-04-07T16:00:00-04:00,406.57,2021-09-17,163.0,0.4465753424657534,485.0,put,80.31,81.39,156.62,0,,0.17097,-0.93208,0.00269,0.34917,-0.02407,-2.06353,spy_options_2021.parquet,6377945
SPY,2021-04-07,2021-04-07T16:00:00-04:00,406.57,2021-09-17,163.0,0.4465753424657534,490.0,call,0.37,0.39,0.41,4,,0.1427,0.02693,0.00157,0.16957,-0.0066,0.0464,spy_options_2021.parquet,6377946
SPY,2021-04-07,2021-04-07T16:00:00-04:00,406.57,2021-09-17,163.0,0.4465753424657534,490.0,put,85.22,86.3,161.51,0,,0.17539,-0.93737,0.00245,0.32623,-0.02426,-2.09541,spy_options_2021.parquet,6377946
SPY,2021-04-07,2021-04-07T16:00:00-04:00,406.57,2021-09-17,163.0,0.4465753424657534,495.0,call,0.3,0.33,0.34,93,,0.14484,0.02244,0.00136,0.14642,-0.00651,0.03918,spy_options_2021.parquet,6377947
SPY,2021-04-07,2021-04-07T16:00:00-04:00,406.57,2021-09-17,163.0,0.4465753424657534,495.0,put,90.14,91.22,106.01,1,,0.18044,-0.94199,0.00226,0.30643,-0.02276,-2.12583,spy_options_2021.parquet,6377947
SPY,2021-04-07,2021-04-07T16:00:00-04:00,406.57,2021-09-17,163.0,0.4465753424657534,500.0,call,0.25,0.28,0.26,28,,0.14665,0.01866,0.00118,0.12627,-0.00581,0.0336,spy_options_2021.parquet,6377948
SPY,2021-04-07,2021-04-07T16:00:00-04:00,406.57,2021-09-17,163.0,0.4465753424657534,500.0,put,95.08,96.15,95.45,0,,0.18455,-0.94582,0.00213,0.28895,-0.02228,-2.15496,spy_options_2021.parquet,6377948
SPY,2021-04-07,2021-04-07T16:00:00-04:00,406.57,2021-09-17,163.0,0.4465753424657534,505.0,call,0.21,0.23,0.23,5,,0.14936,0.0154,0.001,0.10897,-0.0044,0.02788,spy_options_2021.parquet,6377949
SPY,2021-04-07,2021-04-07T16:00:00-04:00,406.57,2021-09-17,163.0,0.4465753424657534,505.0,put,100.03,101.09,175.89,0,,0.18988,-0.94971,0.00191,0.27318,-0.02239,-2.18379,spy_options_2021.parquet,6377949
SPY,2021-04-07,2021-04-07T16:00:00-04:00,406.57,2021-09-17,163.0,0.4465753424657534,510.0,call,0.17,0.2,0.2,7,,0.15137,0.01297,0.00084,0.09488,-0.00409,0.02344,spy_options_2021.parquet,6377950
SPY,2021-04-07,2021-04-07T16:00:00-04:00,406.57,2021-09-17,163.0,0.4465753424657534,510.0,put,104.98,106.04,180.78,0,,0.19473,-0.95256,0.00183,0.25906,-0.02189,-2.2111,spy_options_2021.parquet,6377950
SPY,2021-04-07,2021-04-07T16:00:00-04:00,406.57,2021-09-17,163.0,0.4465753424657534,515.0,call,0.15,0.17,0.1,100,,0.15349,0.01124,0.00072,0.08346,-0.00375,0.02058,spy_options_2021.parquet,6377951
SPY,2021-04-07,2021-04-07T16:00:00-04:00,406.57,2021-09-17,163.0,0.4465753424657534,515.0,put,109.86,111.01,0.0,,,0.19819,-0.95578,0.00165,0.24146,-0.02105,-2.24047,spy_options_2021.parquet,6377951
SPY,2021-04-07,2021-04-07T16:00:00-04:00,406.57,2021-09-17,163.0,0.4465753424657534,520.0,call,0.12,0.15,0.11,200,,0.15572,0.00925,0.00062,0.07223,-0.00295,0.01694,spy_options_2021.parquet,6377952
SPY,2021-04-07,2021-04-07T16:00:00-04:00,406.57,2021-09-17,163.0,0.4465753424657534,520.0,put,114.91,115.98,0.0,,,0.20435,-0.95664,0.0015,0.23863,-0.02114,-2.26436,spy_options_2021.parquet,6377952
SPY,2021-04-07,2021-04-07T16:00:00-04:00,406.57,2021-09-17,163.0,0.4465753424657534,525.0,call,0.11,0.13,0.15,51,,0.15868,0.00895,0.00049,0.0647,-0.00258,0.01482,spy_options_2021.parquet,6377953
SPY,2021-04-07,2021-04-07T16:00:00-04:00,406.57,2021-09-17,163.0,0.4465753424657534,525.0,put,119.89,120.95,0.0,,,0.21035,-0.95866,0.00149,0.2295,-0.02098,-2.2904,spy_options_2021.parquet,6377953
SPY,2021-04-07,2021-04-07T16:00:00-04:00,406.57,2021-09-17,163.0,0.4465753424657534,530.0,call,0.09,0.12,0.11,0,,0.16127,0.00746,0.00044,0.05808,-0.00291,0.01286,spy_options_2021.parquet,6377954
SPY,2021-04-07,2021-04-07T16:00:00-04:00,406.57,2021-09-17,163.0,0.4465753424657534,530.0,put,124.83,125.92,0.0,,,0.21442,-0.96125,0.00132,0.21726,-0.02058,-2.31638,spy_options_2021.parquet,6377954
SPY,2021-04-07,2021-04-07T16:00:00-04:00,406.57,2021-09-17,163.0,0.4465753424657534,535.0,call,0.09,0.1,0.1,0,,0.16444,0.00713,0.00044,0.05265,-0.00259,0.01239,spy_options_2021.parquet,6377955
SPY,2021-04-07,2021-04-07T16:00:00-04:00,406.57,2021-09-17,163.0,0.4465753424657534,535.0,put,129.81,130.9,0.0,,,0.219,-0.96207,0.0013,0.21008,-0.02038,-2.34118,spy_options_2021.parquet,6377955
SPY,2021-04-07,2021-04-07T16:00:00-04:00,406.57,2021-09-17,163.0,0.4465753424657534,540.0,call,0.07,0.08,0.09,1,,0.16495,0.0052,0.00036,0.04382,-0.00202,0.00998,spy_options_2021.parquet,6377956
SPY,2021-04-07,2021-04-07T16:00:00-04:00,406.57,2021-09-17,163.0,0.4465753424657534,540.0,put,134.79,135.88,0.0,,,0.22366,-0.96429,0.00123,0.20352,-0.02009,-2.36676,spy_options_2021.parquet,6377956
SPY,2021-04-07,2021-04-07T16:00:00-04:00,406.57,2021-09-17,163.0,0.4465753424657534,545.0,call,0.06,0.09,0.09,0,,0.16947,0.00507,0.00028,0.04238,-0.00232,0.00935,spy_options_2021.parquet,6377957
SPY,2021-04-07,2021-04-07T16:00:00-04:00,406.57,2021-09-17,163.0,0.4465753424657534,545.0,put,139.79,140.87,0.0,,,0.22957,-0.96476,0.00117,0.19881,-0.02032,-2.39096,spy_options_2021.parquet,6377957
SPY,2021-04-07,2021-04-07T16:00:00-04:00,406.57,2021-09-17,163.0,0.4465753424657534,550.0,call,0.05,0.08,0.05,4,,0.17069,0.00508,0.00025,0.03698,-0.00161,0.00774,spy_options_2021.parquet,6377958
SPY,2021-04-07,2021-04-07T16:00:00-04:00,406.57,2021-09-17,163.0,0.4465753424657534,550.0,put,144.76,145.85,0.0,,,0.23452,-0.96616,0.00108,0.19118,-0.02012,-2.41529,spy_options_2021.parquet,6377958
SPY,2021-04-07,2021-04-07T16:00:00-04:00,406.57,2021-09-17,163.0,0.4465753424657534,555.0,call,0.05,0.07,0.06,1,,0.17431,0.00452,0.00026,0.03426,-0.00169,0.00782,spy_options_2021.parquet,6377959
SPY,2021-04-07,2021-04-07T16:00:00-04:00,406.57,2021-09-17,163.0,0.4465753424657534,555.0,put,149.74,150.83,0.0,,,0.23891,-0.96781,0.00108,0.18576,-0.02056,-2.44039,spy_options_2021.parquet,6377959
SPY,2021-04-07,2021-04-07T16:00:00-04:00,406.57,2021-09-17,163.0,0.4465753424657534,560.0,call,0.04,0.07,0.07,1,,0.17712,0.00335,0.0002,0.03181,-0.00131,0.00641,spy_options_2021.parquet,6377960
SPY,2021-04-07,2021-04-07T16:00:00-04:00,406.57,2021-09-17,163.0,0.4465753424657534,560.0,put,154.74,155.82,0.0,,,0.24413,-0.96775,0.00096,0.18178,-0.0206,-2.46367,spy_options_2021.parquet,6377960
SPY,2021-04-07,2021-04-07T16:00:00-04:00,406.57,2021-09-17,163.0,0.4465753424657534,565.0,call,0.04,0.06,0.05,3,,0.1789,0.00369,0.00016,0.02887,-0.00178,0.00557,spy_options_2021.parquet,6377961
SPY,2021-04-07,2021-04-07T16:00:00-04:00,406.57,2021-09-17,163.0,0.4465753424657534,565.0,put,159.74,160.8,0.0,,,0.24843,-0.96879,0.00091,0.17761,-0.01965,-2.48777,spy_options_2021.parquet,6377961
SPY,2021-04-07,2021-04-07T16:00:00-04:00,406.57,2021-09-17,163.0,0.4465753424657534,570.0,call,0.04,0.06,0.03,3,,0.18397,0.00319,0.00021,0.02841,-0.00127,0.00601,spy_options_2021.parquet,6377962
SPY,2021-04-07,2021-04-07T16:00:00-04:00,406.57,2021-09-17,163.0,0.4465753424657534,570.0,put,164.71,165.79,0.0,,,0.25346,-0.96957,0.00089,0.17132,-0.0196,-2.51258,spy_options_2021.parquet,6377962
SPY,2021-04-07,2021-04-07T16:00:00-04:00,406.57,2021-09-17,163.0,0.4465753424657534,575.0,call,0.03,0.06,0.05,4,,0.18556,0.00292,0.00018,0.02534,-0.00152,0.00536,spy_options_2021.parquet,6377963
SPY,2021-04-07,2021-04-07T16:00:00-04:00,406.57,2021-09-17,163.0,0.4465753424657534,575.0,put,169.68,170.77,0.0,,,0.25675,-0.97092,0.00082,0.16532,-0.02004,-2.53713,spy_options_2021.parquet,6377963
SPY,2021-04-07,2021-04-07T16:00:00-04:00,406.57,2021-09-17,163.0,0.4465753424657534,580.0,call,0.03,0.05,0.05,1,,0.18824,0.00268,0.00014,0.02362,-0.00106,0.00447,spy_options_2021.parquet,6377964
SPY,2021-04-07,2021-04-07T16:00:00-04:00,406.57,2021-09-17,163.0,0.4465753424657534,580.0,put,174.66,175.76,0.0,,,0.26131,-0.97223,0.00078,0.16038,-0.01979,-2.56036,spy_options_2021.parquet,6377964
SPY,2021-04-07,2021-04-07T16:00:00-04:00,406.57,2021-09-17,163.0,0.4465753424657534,585.0,call,0.03,0.05,0.04,1,,0.1917,0.0029,0.00017,0.02297,-0.00129,0.00435,spy_options_2021.parquet,6377965
SPY,2021-04-07,2021-04-07T16:00:00-04:00,406.57,2021-09-17,163.0,0.4465753424657534,585.0,put,179.65,180.74,0.0,,,0.26586,-0.9731,0.0008,0.15635,-0.019,-2.58501,spy_options_2021.parquet,6377965
SPY,2021-04-07,2021-04-07T16:00:00-04:00,406.57,2021-09-30,176.0,0.4821917808219178,275.0,call,132.24,133.53,109.58,25,,0.39643,0.91259,0.00051,0.35014,-0.03683,0.32713,spy_options_2021.parquet,6377975
SPY,2021-04-07,2021-04-07T16:00:00-04:00,406.57,2021-09-30,176.0,0.4821917808219178,275.0,put,1.88,1.9,1.92,525,,0.34902,-0.04313,0.00094,0.25777,-0.02559,-0.09305,spy_options_2021.parquet,6377975
SPY,2021-04-07,2021-04-07T16:00:00-04:00,406.57,2021-09-30,176.0,0.4821917808219178,280.0,call,127.38,128.67,128.2,0,,0.38217,0.91345,0.00064,0.35694,-0.03553,0.35943,spy_options_2021.parquet,6377976
SPY,2021-04-07,2021-04-07T16:00:00-04:00,406.57,2021-09-30,176.0,0.4821917808219178,280.0,put,2.04,2.07,2.08,297,,0.34187,-0.04668,0.001,0.27693,-0.02713,-0.10249,spy_options_2021.parquet,6377976
SPY,2021-04-07,2021-04-07T16:00:00-04:00,406.57,2021-09-30,176.0,0.4821917808219178,285.0,call,122.92,123.76,106.23,1,,0.37207,0.91135,0.00083,0.37299,-0.03612,0.41203,spy_options_2021.parquet,6377977
SPY,2021-04-07,2021-04-07T16:00:00-04:00,406.57,2021-09-30,176.0,0.4821917808219178,285.0,put,2.22,2.25,2.31,346,,0.3342,-0.05112,0.00108,0.29832,-0.02832,-0.11244,spy_options_2021.parquet,6377977
SPY,2021-04-07,2021-04-07T16:00:00-04:00,406.57,2021-09-30,176.0,0.4821917808219178,290.0,call,117.7,118.96,106.4,1,,0.3548,0.91175,0.00085,0.37584,-0.03438,0.43453,spy_options_2021.parquet,6377978
SPY,2021-04-07,2021-04-07T16:00:00-04:00,406.57,2021-09-30,176.0,0.4821917808219178,290.0,put,2.42,2.44,2.51,97,,0.32642,-0.05601,0.00122,0.32096,-0.03004,-0.12233,spy_options_2021.parquet,6377978
SPY,2021-04-07,2021-04-07T16:00:00-04:00,406.57,2021-09-30,176.0,0.4821917808219178,295.0,call,112.87,114.1,80.09,1,,0.34163,0.91145,0.00103,0.3872,-0.03417,0.47536,spy_options_2021.parquet,6377979
SPY,2021-04-07,2021-04-07T16:00:00-04:00,406.57,2021-09-30,176.0,0.4821917808219178,295.0,put,2.64,2.66,2.74,167,,0.31963,-0.06137,0.00138,0.34467,-0.03173,-0.13433,spy_options_2021.parquet,6377979
SPY,2021-04-07,2021-04-07T16:00:00-04:00,406.57,2021-09-30,176.0,0.4821917808219178,300.0,call,108.07,109.32,99.26,1,,0.33083,0.90869,0.00117,0.40291,-0.03453,0.52118,spy_options_2021.parquet,6377980
SPY,2021-04-07,2021-04-07T16:00:00-04:00,406.57,2021-09-30,176.0,0.4821917808219178,300.0,put,2.87,2.9,2.93,6,,0.3131,-0.06734,0.00145,0.37102,-0.03326,-0.14782,spy_options_2021.parquet,6377980
SPY,2021-04-07,2021-04-07T16:00:00-04:00,406.57,2021-09-30,176.0,0.4821917808219178,304.0,call,104.63,105.46,90.9,2,,0.32556,0.90423,0.00133,0.42586,-0.03613,0.57266,spy_options_2021.parquet,6377981
SPY,2021-04-07,2021-04-07T16:00:00-04:00,406.57,2021-09-30,176.0,0.4821917808219178,304.0,put,3.08,3.11,3.2,84,,0.30679,-0.07324,0.00165,0.39252,-0.03429,-0.1591,spy_options_2021.parquet,6377981
SPY,2021-04-07,2021-04-07T16:00:00-04:00,406.57,2021-09-30,176.0,0.4821917808219178,305.0,call,103.26,104.51,97.85,8,,0.319,0.90606,0.00129,0.41926,-0.03436,0.56629,spy_options_2021.parquet,6377982
SPY,2021-04-07,2021-04-07T16:00:00-04:00,406.57,2021-09-30,176.0,0.4821917808219178,305.0,put,3.13,3.17,3.35,0,,0.30538,-0.074,0.00167,0.39822,-0.0352,-0.16228,spy_options_2021.parquet,6377982
SPY,2021-04-07,2021-04-07T16:00:00-04:00,406.57,2021-09-30,176.0,0.4821917808219178,306.0,call,102.31,103.55,0.0,,,0.31657,0.90606,0.00133,0.42259,-0.03455,0.57606,spy_options_2021.parquet,6377983
SPY,2021-04-07,2021-04-07T16:00:00-04:00,406.57,2021-09-30,176.0,0.4821917808219178,306.0,put,3.19,3.21,3.39,0,,0.30458,-0.07621,0.00168,0.40405,-0.03489,-0.16525,spy_options_2021.parquet,6377983
SPY,2021-04-07,2021-04-07T16:00:00-04:00,406.57,2021-09-30,176.0,0.4821917808219178,307.0,call,101.36,102.61,76.43,5,,0.31496,0.9051,0.00134,0.42721,-0.03462,0.58653,spy_options_2021.parquet,6377984
SPY,2021-04-07,2021-04-07T16:00:00-04:00,406.57,2021-09-30,176.0,0.4821917808219178,307.0,put,3.25,3.28,4.66,36,,0.30288,-0.07775,0.00168,0.40967,-0.03614,-0.16832,spy_options_2021.parquet,6377984
SPY,2021-04-07,2021-04-07T16:00:00-04:00,406.57,2021-09-30,176.0,0.4821917808219178,308.0,call,100.41,101.65,0.0,,,0.31272,0.90385,0.00136,0.43099,-0.03431,0.59636,spy_options_2021.parquet,6377985
SPY,2021-04-07,2021-04-07T16:00:00-04:00,406.57,2021-09-30,176.0,0.4821917808219178,308.0,put,3.3,3.34,5.28,479,,0.30205,-0.07878,0.00168,0.41604,-0.03643,-0.17153,spy_options_2021.parquet,6377985
SPY,2021-04-07,2021-04-07T16:00:00-04:00,406.57,2021-09-30,176.0,0.4821917808219178,309.0,call,99.86,100.7,74.74,5,,0.31522,0.90058,0.00148,0.4453,-0.03655,0.61993,spy_options_2021.parquet,6377986
SPY,2021-04-07,2021-04-07T16:00:00-04:00,406.57,2021-09-30,176.0,0.4821917808219178,309.0,put,3.36,3.4,4.2,1,,0.30052,-0.08042,0.00179,0.42196,-0.03604,-0.17445,spy_options_2021.parquet,6377986
SPY,2021-04-07,2021-04-07T16:00:00-04:00,406.57,2021-09-30,176.0,0.4821917808219178,310.0,call,98.91,99.74,92.97,4,,0.31305,0.90006,0.00154,0.44989,-0.03611,0.62957,spy_options_2021.parquet,6377987
SPY,2021-04-07,2021-04-07T16:00:00-04:00,406.57,2021-09-30,176.0,0.4821917808219178,310.0,put,3.42,3.46,3.68,15,,0.29861,-0.08228,0.00178,0.42756,-0.03667,-0.17825,spy_options_2021.parquet,6377987
SPY,2021-04-07,2021-04-07T16:00:00-04:00,406.57,2021-09-30,176.0,0.4821917808219178,311.0,call,97.96,98.79,0.0,,,0.311,0.89899,0.00158,0.45443,-0.03636,0.63836,spy_options_2021.parquet,6377988
SPY,2021-04-07,2021-04-07T16:00:00-04:00,406.57,2021-09-30,176.0,0.4821917808219178,311.0,put,3.48,3.52,5.3,1,,0.29753,-0.08351,0.00178,0.4333,-0.03659,-0.18099,spy_options_2021.parquet,6377988
SPY,2021-04-07,2021-04-07T16:00:00-04:00,406.57,2021-09-30,176.0,0.4821917808219178,312.0,call,97.21,97.84,66.44,10,,0.3121,0.89703,0.00161,0.46295,-0.03715,0.65378,spy_options_2021.parquet,6377989
SPY,2021-04-07,2021-04-07T16:00:00-04:00,406.57,2021-09-30,176.0,0.4821917808219178,312.0,put,3.55,3.58,5.67,1,,0.29663,-0.08456,0.00184,0.43961,-0.03709,-0.18416,spy_options_2021.parquet,6377989
SPY,2021-04-07,2021-04-07T16:00:00-04:00,406.57,2021-09-30,176.0,0.4821917808219178,313.0,call,96.27,96.89,87.75,8,,0.30955,0.8959,0.00167,0.46828,-0.03729,0.66301,spy_options_2021.parquet,6377990
SPY,2021-04-07,2021-04-07T16:00:00-04:00,406.57,2021-09-30,176.0,0.4821917808219178,313.0,put,3.61,3.64,3.81,0,,0.29512,-0.08617,0.00186,0.44638,-0.03793,-0.18793,spy_options_2021.parquet,6377990
SPY,2021-04-07,2021-04-07T16:00:00-04:00,406.57,2021-09-30,176.0,0.4821917808219178,314.0,call,94.78,96.03,0.0,,,0.30319,0.89756,0.00164,0.46109,-0.03556,0.6598,spy_options_2021.parquet,6377991
SPY,2021-04-07,2021-04-07T16:00:00-04:00,406.57,2021-09-30,176.0,0.4821917808219178,314.0,put,3.68,3.7,3.96,4,,0.29399,-0.08865,0.00187,0.45211,-0.03853,-0.1918,spy_options_2021.parquet,6377991
SPY,2021-04-07,2021-04-07T16:00:00-04:00,406.57,2021-09-30,176.0,0.4821917808219178,315.0,call,93.84,95.01,83.61,1,,0.30028,0.8975,0.00164,0.46502,-0.03539,0.66764,spy_options_2021.parquet,6377992
SPY,2021-04-07,2021-04-07T16:00:00-04:00,406.57,2021-09-30,176.0,0.4821917808219178,315.0,put,3.74,3.77,3.88,0,,0.29258,-0.08946,0.00193,0.45913,-0.03882,-0.19508,spy_options_2021.parquet,6377992
SPY,2021-04-07,2021-04-07T16:00:00-04:00,406.57,2021-09-30,176.0,0.4821917808219178,316.0,call,93.43,93.87,93.8,0,,0.30196,0.8944,0.00176,0.47838,-0.03643,0.68674,spy_options_2021.parquet,6377993
SPY,2021-04-07,2021-04-07T16:00:00-04:00,406.57,2021-09-30,176.0,0.4821917808219178,316.0,put,3.81,3.84,6.48,18,,0.29136,-0.09205,0.00204,0.46535,-0.03852,-0.19944,spy_options_2021.parquet,6377993
SPY,2021-04-07,2021-04-07T16:00:00-04:00,406.57,2021-09-30,176.0,0.4821917808219178,317.0,call,92.49,92.93,64.2,16,,0.29975,0.89256,0.00183,0.48316,-0.03739,0.69688,spy_options_2021.parquet,6377994
SPY,2021-04-07,2021-04-07T16:00:00-04:00,406.57,2021-09-30,176.0,0.4821917808219178,317.0,put,3.88,3.91,6.22,1,,0.28983,-0.09308,0.00203,0.47203,-0.03972,-0.20256,spy_options_2021.parquet,6377994
SPY,2021-04-07,2021-04-07T16:00:00-04:00,406.57,2021-09-30,176.0,0.4821917808219178,318.0,call,91.54,92.19,63.89,5,,0.29984,0.89015,0.00182,0.49266,-0.0374,0.7111,spy_options_2021.parquet,6377995
SPY,2021-04-07,2021-04-07T16:00:00-04:00,406.57,2021-09-30,176.0,0.4821917808219178,318.0,put,3.95,3.98,4.14,0,,0.28846,-0.09495,0.00203,0.47806,-0.03938,-0.20704,spy_options_2021.parquet,6377995
SPY,2021-04-07,2021-04-07T16:00:00-04:00,406.57,2021-09-30,176.0,0.4821917808219178,319.0,call,90.51,91.21,73.62,1,,0.29733,0.89015,0.0019,0.49526,-0.03757,0.71695,spy_options_2021.parquet,6377996
SPY,2021-04-07,2021-04-07T16:00:00-04:00,406.57,2021-09-30,176.0,0.4821917808219178,319.0,put,4.02,4.05,4.27,37,,0.28681,-0.0969,0.00209,0.48476,-0.04051,-0.21024,spy_options_2021.parquet,6377996
SPY,2021-04-07,2021-04-07T16:00:00-04:00,406.57,2021-09-30,176.0,0.4821917808219178,320.0,call,89.66,90.11,89.5,40,,0.29461,0.88905,0.00196,0.49861,-0.03755,0.72465,spy_options_2021.parquet,6377997
SPY,2021-04-07,2021-04-07T16:00:00-04:00,406.57,2021-09-30,176.0,0.4821917808219178,320.0,put,4.09,4.12,4.12,5,,0.28594,-0.09878,0.00211,0.49142,-0.04073,-0.2143,spy_options_2021.parquet,6377997
SPY,2021-04-07,2021-04-07T16:00:00-04:00,406.57,2021-09-30,176.0,0.4821917808219178,321.0,call,88.24,89.39,0.0,,,0.29025,0.88967,0.00198,0.49854,-0.0367,0.72854,spy_options_2021.parquet,6377998
SPY,2021-04-07,2021-04-07T16:00:00-04:00,406.57,2021-09-30,176.0,0.4821917808219178,321.0,put,4.16,4.19,4.41,2,,0.28438,-0.10075,0.00214,0.49821,-0.04104,-0.21791,spy_options_2021.parquet,6377998
SPY,2021-04-07,2021-04-07T16:00:00-04:00,406.57,2021-09-30,176.0,0.4821917808219178,322.0,call,87.3,88.48,0.0,,,0.28903,0.88837,0.00205,0.50388,-0.03666,0.73811,spy_options_2021.parquet,6377999
SPY,2021-04-07,2021-04-07T16:00:00-04:00,406.57,2021-09-30,176.0,0.4821917808219178,322.0,put,4.23,4.27,4.48,0,,0.283,-0.10197,0.00219,0.50514,-0.04154,-0.22232,spy_options_2021.parquet,6377999
SPY,2021-04-07,2021-04-07T16:00:00-04:00,406.57,2021-09-30,176.0,0.4821917808219178,323.0,call,86.37,87.52,74.0,11,,0.28624,0.88691,0.00202,0.50993,-0.03762,0.74803,spy_options_2021.parquet,6378000
SPY,2021-04-07,2021-04-07T16:00:00-04:00,406.57,2021-09-30,176.0,0.4821917808219178,323.0,put,4.29,4.34,4.58,1,,0.28129,-0.10466,0.00229,0.51173,-0.04129,-0.22604,spy_options_2021.parquet,6378000
SPY,2021-04-07,2021-04-07T16:00:00-04:00,406.57,2021-09-30,176.0,0.4821917808219178,324.0,call,85.92,86.57,85.89,4,,0.28898,0.88274,0.00215,0.52599,-0.03846,0.7666,spy_options_2021.parquet,6378001
SPY,2021-04-07,2021-04-07T16:00:00-04:00,406.57,2021-09-30,176.0,0.4821917808219178,324.0,put,4.37,4.42,6.76,1,,0.27996,-0.10666,0.00231,0.51869,-0.04228,-0.23091,spy_options_2021.parquet,6378001
SPY,2021-04-07,2021-04-07T16:00:00-04:00,406.57,2021-09-30,176.0,0.4821917808219178,325.0,call,84.98,85.65,75.2,4,,0.2877,0.88055,0.00219,0.53271,-0.039,0.77584,spy_options_2021.parquet,6378002
SPY,2021-04-07,2021-04-07T16:00:00-04:00,406.57,2021-09-30,176.0,0.4821917808219178,325.0,put,4.47,4.5,4.61,0,,0.2793,-0.10847,0.00237,0.52557,-0.04245,-0.2351,spy_options_2021.parquet,6378002
SPY,2021-04-07,2021-04-07T16:00:00-04:00,406.57,2021-09-30,176.0,0.4821917808219178,326.0,call,83.57,84.72,68.0,6,,0.2814,0.88266,0.00216,0.52778,-0.03779,0.77634,spy_options_2021.parquet,6378003
SPY,2021-04-07,2021-04-07T16:00:00-04:00,406.57,2021-09-30,176.0,0.4821917808219178,326.0,put,4.55,4.58,8.56,6,,0.27793,-0.11075,0.00243,0.53358,-0.04215,-0.23931,spy_options_2021.parquet,6378003
SPY,2021-04-07,2021-04-07T16:00:00-04:00,406.57,2021-09-30,176.0,0.4821917808219178,327.0,call,82.65,83.79,0.0,,,0.28005,0.88098,0.00224,0.53455,-0.03764,0.78516,spy_options_2021.parquet,6378004
SPY,2021-04-07,2021-04-07T16:00:00-04:00,406.57,2021-09-30,176.0,0.4821917808219178,327.0,put,4.63,4.66,15.15,1,,0.2758,-0.11246,0.00244,0.54031,-0.04313,-0.24394,spy_options_2021.parquet,6378004
SPY,2021-04-07,2021-04-07T16:00:00-04:00,406.57,2021-09-30,176.0,0.4821917808219178,328.0,call,82.2,82.85,72.48,1,,0.28261,0.87644,0.00237,0.55144,-0.03935,0.80293,spy_options_2021.parquet,6378005
SPY,2021-04-07,2021-04-07T16:00:00-04:00,406.57,2021-09-30,176.0,0.4821917808219178,328.0,put,4.69,4.75,11.9,1,,0.27441,-0.11414,0.00248,0.54668,-0.04377,-0.24832,spy_options_2021.parquet,6378005
SPY,2021-04-07,2021-04-07T16:00:00-04:00,406.57,2021-09-30,176.0,0.4821917808219178,329.0,call,80.8,81.97,74.15,7,,0.27661,0.87674,0.00234,0.54801,-0.0383,0.80463,spy_options_2021.parquet,6378006
SPY,2021-04-07,2021-04-07T16:00:00-04:00,406.57,2021-09-30,176.0,0.4821917808219178,329.0,put,4.8,4.83,11.52,1,,0.27348,-0.11725,0.00254,0.55478,-0.04401,-0.25323,spy_options_2021.parquet,6378006
SPY,2021-04-07,2021-04-07T16:00:00-04:00,406.57,2021-09-30,176.0,0.4821917808219178,330.0,call,79.89,81.02,65.09,22,,0.27493,0.87524,0.00237,0.55451,-0.03938,0.81369,spy_options_2021.parquet,6378007
SPY,2021-04-07,2021-04-07T16:00:00-04:00,406.57,2021-09-30,176.0,0.4821917808219178,330.0,put,4.89,4.92,5.1,1,,0.27249,-0.11896,0.00259,0.56262,-0.04372,-0.25847,spy_options_2021.parquet,6378007
SPY,2021-04-07,2021-04-07T16:00:00-04:00,406.57,2021-09-30,176.0,0.4821917808219178,331.0,call,78.97,80.13,67.24,5,,0.27449,0.87303,0.0025,0.56235,-0.03959,0.82282,spy_options_2021.parquet,6378008
SPY,2021-04-07,2021-04-07T16:00:00-04:00,406.57,2021-09-30,176.0,0.4821917808219178,331.0,put,4.97,5.0,5.12,0,,0.27095,-0.12145,0.00261,0.56932,-0.04437,-0.26323,spy_options_2021.parquet,6378008
SPY,2021-04-07,2021-04-07T16:00:00-04:00,406.57,2021-09-30,176.0,0.4821917808219178,332.0,call,78.06,79.21,67.71,2,,0.27247,0.87181,0.00248,0.56917,-0.03951,0.83202,spy_options_2021.parquet,6378009
SPY,2021-04-07,2021-04-07T16:00:00-04:00,406.57,2021-09-30,176.0,0.4821917808219178,332.0,put,5.07,5.1,12.61,10,,0.26958,-0.12404,0.00271,0.57744,-0.04448,-0.26853,spy_options_2021.parquet,6378009
SPY,2021-04-07,2021-04-07T16:00:00-04:00,406.57,2021-09-30,176.0,0.4821917808219178,333.0,call,77.09,78.27,61.44,6,,0.27055,0.86959,0.00261,0.57448,-0.03928,0.84032,spy_options_2021.parquet,6378010
SPY,2021-04-07,2021-04-07T16:00:00-04:00,406.57,2021-09-30,176.0,0.4821917808219178,333.0,put,5.16,5.19,5.53,1,,0.26877,-0.12598,0.00269,0.58499,-0.04532,-0.27364,spy_options_2021.parquet,6378010
SPY,2021-04-07,2021-04-07T16:00:00-04:00,406.57,2021-09-30,176.0,0.4821917808219178,334.0,call,76.66,77.36,61.24,1,,0.27262,0.86508,0.00263,0.59145,-0.04115,0.8547,spy_options_2021.parquet,6378011
SPY,2021-04-07,2021-04-07T16:00:00-04:00,406.57,2021-09-30,176.0,0.4821917808219178,334.0,put,5.26,5.28,5.4,0,,0.26671,-0.1279,0.00278,0.59294,-0.04524,-0.27853,spy_options_2021.parquet,6378011
SPY,2021-04-07,2021-04-07T16:00:00-04:00,406.57,2021-09-30,176.0,0.4821917808219178,335.0,call,75.33,76.45,66.24,2,,0.26836,0.86525,0.00272,0.59111,-0.04018,0.85822,spy_options_2021.parquet,6378012
SPY,2021-04-07,2021-04-07T16:00:00-04:00,406.57,2021-09-30,176.0,0.4821917808219178,335.0,put,5.34,5.38,5.49,0,,0.26579,-0.13078,0.00285,0.60067,-0.04598,-0.28363,spy_options_2021.parquet,6378012
SPY,2021-04-07,2021-04-07T16:00:00-04:00,406.57,2021-09-30,176.0,0.4821917808219178,336.0,call,74.75,75.45,59.42,2,,0.26808,0.86164,0.00279,0.60316,-0.04181,0.86958,spy_options_2021.parquet,6378013
SPY,2021-04-07,2021-04-07T16:00:00-04:00,406.57,2021-09-30,176.0,0.4821917808219178,336.0,put,5.42,5.48,7.97,15,,0.26402,-0.13346,0.00283,0.60809,-0.04643,-0.28825,spy_options_2021.parquet,6378013
SPY,2021-04-07,2021-04-07T16:00:00-04:00,406.57,2021-09-30,176.0,0.4821917808219178,337.0,call,73.5,74.62,63.19,52,,0.26469,0.86118,0.00277,0.60536,-0.04087,0.87506,spy_options_2021.parquet,6378014
SPY,2021-04-07,2021-04-07T16:00:00-04:00,406.57,2021-09-30,176.0,0.4821917808219178,337.0,put,5.55,5.58,12.8,1,,0.26292,-0.13535,0.0029,0.61634,-0.0472,-0.29421,spy_options_2021.parquet,6378014
SPY,2021-04-07,2021-04-07T16:00:00-04:00,406.57,2021-09-30,176.0,0.4821917808219178,338.0,call,72.59,73.71,62.75,258,,0.2637,0.85908,0.00289,0.61238,-0.04097,0.88353,spy_options_2021.parquet,6378015
SPY,2021-04-07,2021-04-07T16:00:00-04:00,406.57,2021-09-30,176.0,0.4821917808219178,338.0,put,5.65,5.68,9.84,1,,0.26211,-0.13789,0.003,0.62381,-0.04677,-0.30008,spy_options_2021.parquet,6378015
SPY,2021-04-07,2021-04-07T16:00:00-04:00,406.57,2021-09-30,176.0,0.4821917808219178,339.0,call,72.02,72.71,62.35,2,,0.26391,0.85538,0.0029,0.62496,-0.04262,0.89321,spy_options_2021.parquet,6378016
SPY,2021-04-07,2021-04-07T16:00:00-04:00,406.57,2021-09-30,176.0,0.4821917808219178,339.0,put,5.75,5.77,8.4,67,,0.26011,-0.14118,0.00308,0.63149,-0.0474,-0.30548,spy_options_2021.parquet,6378016
SPY,2021-04-07,2021-04-07T16:00:00-04:00,406.57,2021-09-30,176.0,0.4821917808219178,340.0,call,71.11,71.8,64.72,1,,0.26208,0.8523,0.00302,0.63241,-0.04256,0.90143,spy_options_2021.parquet,6378017
SPY,2021-04-07,2021-04-07T16:00:00-04:00,406.57,2021-09-30,176.0,0.4821917808219178,340.0,put,5.82,5.88,6.17,82,,0.25866,-0.1433,0.00311,0.63932,-0.04784,-0.31084,spy_options_2021.parquet,6378017
SPY,2021-04-07,2021-04-07T16:00:00-04:00,406.57,2021-09-30,176.0,0.4821917808219178,341.0,call,69.88,70.99,35.95,4,,0.25913,0.8516,0.00302,0.63616,-0.04159,0.90719,spy_options_2021.parquet,6378018
SPY,2021-04-07,2021-04-07T16:00:00-04:00,406.57,2021-09-30,176.0,0.4821917808219178,341.0,put,5.96,5.99,8.76,500,,0.25763,-0.14663,0.00318,0.64846,-0.04798,-0.31698,spy_options_2021.parquet,6378018
SPY,2021-04-07,2021-04-07T16:00:00-04:00,406.57,2021-09-30,176.0,0.4821917808219178,342.0,call,69.39,70.03,61.13,6,,0.26033,0.84765,0.00315,0.64996,-0.04304,0.91752,spy_options_2021.parquet,6378019
SPY,2021-04-07,2021-04-07T16:00:00-04:00,406.57,2021-09-30,176.0,0.4821917808219178,342.0,put,6.03,6.1,9.3,66,,0.25673,-0.14892,0.0032,0.65523,-0.04842,-0.32274,spy_options_2021.parquet,6378019
SPY,2021-04-07,2021-04-07T16:00:00-04:00,406.57,2021-09-30,176.0,0.4821917808219178,343.0,call,68.09,69.19,68.95,1,,0.25566,0.84714,0.00314,0.65195,-0.04298,0.92197,spy_options_2021.parquet,6378020
SPY,2021-04-07,2021-04-07T16:00:00-04:00,406.57,2021-09-30,176.0,0.4821917808219178,343.0,put,6.16,6.2,6.43,2,,0.25501,-0.15132,0.00322,0.66362,-0.0494,-0.32897,spy_options_2021.parquet,6378020
SPY,2021-04-07,2021-04-07T16:00:00-04:00,406.57,2021-09-30,176.0,0.4821917808219178,344.0,call,67.14,68.22,59.16,2,,0.25355,0.84504,0.00324,0.65784,-0.04294,0.9284,spy_options_2021.parquet,6378021
SPY,2021-04-07,2021-04-07T16:00:00-04:00,406.57,2021-09-30,176.0,0.4821917808219178,344.0,put,6.28,6.32,9.07,88,,0.25378,-0.1545,0.00328,0.67272,-0.04988,-0.33502,spy_options_2021.parquet,6378021
SPY,2021-04-07,2021-04-07T16:00:00-04:00,406.57,2021-09-30,176.0,0.4821917808219178,345.0,call,66.31,67.4,60.85,4,,0.25314,0.84118,0.0033,0.66842,-0.04366,0.93666,spy_options_2021.parquet,6378022
SPY,2021-04-07,2021-04-07T16:00:00-04:00,406.57,2021-09-30,176.0,0.4821917808219178,345.0,put,6.37,6.43,7.84,1,,0.25255,-0.157,0.00339,0.67986,-0.05009,-0.3405,spy_options_2021.parquet,6378022
SPY,2021-04-07,2021-04-07T16:00:00-04:00,406.57,2021-09-30,176.0,0.4821917808219178,346.0,call,65.42,66.51,60.5,1,,0.25198,0.83899,0.00341,0.67642,-0.04409,0.94364,spy_options_2021.parquet,6378023
SPY,2021-04-07,2021-04-07T16:00:00-04:00,406.57,2021-09-30,176.0,0.4821917808219178,346.0,put,6.51,6.54,9.89,2,,0.25144,-0.16073,0.00342,0.6884,-0.05058,-0.34728,spy_options_2021.parquet,6378023
SPY,2021-04-07,2021-04-07T16:00:00-04:00,406.57,2021-09-30,176.0,0.4821917808219178,347.0,call,64.53,65.62,55.24,2,,0.24991,0.83612,0.00346,0.68549,-0.04411,0.95041,spy_options_2021.parquet,6378024
SPY,2021-04-07,2021-04-07T16:00:00-04:00,406.57,2021-09-30,176.0,0.4821917808219178,347.0,put,6.62,6.66,11.34,149,,0.25036,-0.1638,0.00344,0.69726,-0.05079,-0.3544,spy_options_2021.parquet,6378024
SPY,2021-04-07,2021-04-07T16:00:00-04:00,406.57,2021-09-30,176.0,0.4821917808219178,348.0,call,63.94,64.6,50.0,1,,0.25013,0.83214,0.00347,0.69641,-0.04486,0.95693,spy_options_2021.parquet,6378025
SPY,2021-04-07,2021-04-07T16:00:00-04:00,406.57,2021-09-30,176.0,0.4821917808219178,348.0,put,6.74,6.77,11.52,277,,0.24892,-0.16615,0.0035,0.70536,-0.05055,-0.36028,spy_options_2021.parquet,6378025
SPY,2021-04-07,2021-04-07T16:00:00-04:00,406.57,2021-09-30,176.0,0.4821917808219178,349.0,call,63.06,63.71,53.87,750,,0.24907,0.82901,0.00353,0.70493,-0.04486,0.96365,spy_options_2021.parquet,6378026
SPY,2021-04-07,2021-04-07T16:00:00-04:00,406.57,2021-09-30,176.0,0.4821917808219178,349.0,put,6.86,6.92,12.48,239,,0.24722,-0.16946,0.00356,0.7142,-0.05136,-0.3677,spy_options_2021.parquet,6378026
SPY,2021-04-07,2021-04-07T16:00:00-04:00,406.57,2021-09-30,176.0,0.4821917808219178,350.0,call,62.17,62.82,46.7,3,,0.24671,0.82599,0.00368,0.7128,-0.04542,0.96909,spy_options_2021.parquet,6378027
SPY,2021-04-07,2021-04-07T16:00:00-04:00,406.57,2021-09-30,176.0,0.4821917808219178,350.0,put,7.0,7.02,7.2,3,,0.24603,-0.17303,0.00363,0.7229,-0.05166,-0.37466,spy_options_2021.parquet,6378027
SPY,2021-04-07,2021-04-07T16:00:00-04:00,406.57,2021-09-30,176.0,0.4821917808219178,351.0,call,60.98,62.09,52.09,20,,0.24449,0.82441,0.00367,0.7188,-0.04503,0.97434,spy_options_2021.parquet,6378028
SPY,2021-04-07,2021-04-07T16:00:00-04:00,406.57,2021-09-30,176.0,0.4821917808219178,351.0,put,7.11,7.15,7.5,100,,0.24459,-0.17602,0.0037,0.73058,-0.05229,-0.381,spy_options_2021.parquet,6378028
SPY,2021-04-07,2021-04-07T16:00:00-04:00,406.57,2021-09-30,176.0,0.4821917808219178,352.0,call,60.5,60.94,51.38,723,,0.24457,0.82016,0.00375,0.72952,-0.04581,0.98036,spy_options_2021.parquet,6378029
SPY,2021-04-07,2021-04-07T16:00:00-04:00,406.57,2021-09-30,176.0,0.4821917808219178,352.0,put,7.25,7.28,13.08,1,,0.24368,-0.17892,0.00377,0.74011,-0.05256,-0.38858,spy_options_2021.parquet,6378029
SPY,2021-04-07,2021-04-07T16:00:00-04:00,406.57,2021-09-30,176.0,0.4821917808219178,353.0,call,59.62,60.36,50.56,127,,0.2444,0.81532,0.00388,0.74198,-0.0467,0.98682,spy_options_2021.parquet,6378030
SPY,2021-04-07,2021-04-07T16:00:00-04:00,406.57,2021-09-30,176.0,0.4821917808219178,353.0,put,7.38,7.41,7.72,249,,0.24185,-0.18279,0.00383,0.74794,-0.0523,-0.3952,spy_options_2021.parquet,6378030
SPY,2021-04-07,2021-04-07T16:00:00-04:00,406.57,2021-09-30,176.0,0.4821917808219178,354.0,call,58.75,59.18,51.01,1,,0.24167,0.81359,0.00393,0.74704,-0.04634,0.99166,spy_options_2021.parquet,6378031
SPY,2021-04-07,2021-04-07T16:00:00-04:00,406.57,2021-09-30,176.0,0.4821917808219178,354.0,put,7.48,7.55,7.77,0,,0.2406,-0.18584,0.00395,0.75691,-0.05249,-0.40303,spy_options_2021.parquet,6378031
SPY,2021-04-07,2021-04-07T16:00:00-04:00,406.57,2021-09-30,176.0,0.4821917808219178,355.0,call,57.88,58.31,48.75,2,,0.23987,0.80995,0.00397,0.75527,-0.04677,0.99653,spy_options_2021.parquet,6378032
SPY,2021-04-07,2021-04-07T16:00:00-04:00,406.57,2021-09-30,176.0,0.4821917808219178,355.0,put,7.63,7.68,7.72,250,,0.23909,-0.18928,0.00395,0.76565,-0.05308,-0.41047,spy_options_2021.parquet,6378032
SPY,2021-04-07,2021-04-07T16:00:00-04:00,406.57,2021-09-30,176.0,0.4821917808219178,356.0,call,57.01,57.44,48.51,1,,0.23855,0.80705,0.00402,0.7647,-0.04671,1.00075,spy_options_2021.parquet,6378033
SPY,2021-04-07,2021-04-07T16:00:00-04:00,406.57,2021-09-30,176.0,0.4821917808219178,356.0,put,7.77,7.82,9.45,1,,0.2377,-0.19259,0.00409,0.77398,-0.05344,-0.41841,spy_options_2021.parquet,6378033
SPY,2021-04-07,2021-04-07T16:00:00-04:00,406.57,2021-09-30,176.0,0.4821917808219178,357.0,call,56.14,56.57,47.63,3,,0.23726,0.80369,0.00411,0.77263,-0.04662,1.00548,spy_options_2021.parquet,6378034
SPY,2021-04-07,2021-04-07T16:00:00-04:00,406.57,2021-09-30,176.0,0.4821917808219178,357.0,put,7.91,7.96,10.96,79,,0.23683,-0.19608,0.00417,0.78287,-0.05385,-0.42618,spy_options_2021.parquet,6378034
SPY,2021-04-07,2021-04-07T16:00:00-04:00,406.57,2021-09-30,176.0,0.4821917808219178,358.0,call,55.19,55.78,48.05,9,,0.23558,0.80039,0.00425,0.78161,-0.04734,1.01031,spy_options_2021.parquet,6378035
SPY,2021-04-07,2021-04-07T16:00:00-04:00,406.57,2021-09-30,176.0,0.4821917808219178,358.0,put,8.06,8.1,11.09,24,,0.23534,-0.20006,0.00415,0.79146,-0.05465,-0.43369,spy_options_2021.parquet,6378035
SPY,2021-04-07,2021-04-07T16:00:00-04:00,406.57,2021-09-30,176.0,0.4821917808219178,359.0,call,54.03,55.08,46.0,1,,0.23389,0.79722,0.0043,0.78962,-0.04744,1.014,spy_options_2021.parquet,6378036
SPY,2021-04-07,2021-04-07T16:00:00-04:00,406.57,2021-09-30,176.0,0.4821917808219178,359.0,put,8.18,8.25,9.95,596,,0.23432,-0.20356,0.00426,0.80081,-0.05485,-0.44171,spy_options_2021.parquet,6378036
SPY,2021-04-07,2021-04-07T16:00:00-04:00,406.57,2021-09-30,176.0,0.4821917808219178,360.0,call,53.17,54.24,53.7,40,,0.23175,0.79275,0.00433,0.7986,-0.04726,1.01818,spy_options_2021.parquet,6378037
SPY,2021-04-07,2021-04-07T16:00:00-04:00,406.57,2021-09-30,176.0,0.4821917808219178,360.0,put,8.33,8.4,8.63,0,,0.23295,-0.20736,0.00439,0.80953,-0.05524,-0.44982,spy_options_2021.parquet,6378037
SPY,2021-04-07,2021-04-07T16:00:00-04:00,406.57,2021-09-30,176.0,0.4821917808219178,361.0,call,52.7,53.13,52.84,1,,0.23156,0.78822,0.00439,0.80881,-0.04793,1.02144,spy_options_2021.parquet,6378038
SPY,2021-04-07,2021-04-07T16:00:00-04:00,406.57,2021-09-30,176.0,0.4821917808219178,361.0,put,8.49,8.55,12.93,70,,0.2308,-0.21141,0.00443,0.81832,-0.05461,-0.45774,spy_options_2021.parquet,6378038
SPY,2021-04-07,2021-04-07T16:00:00-04:00,406.57,2021-09-30,176.0,0.4821917808219178,362.0,call,51.76,52.33,45.56,2,,0.2296,0.7851,0.00453,0.81734,-0.04874,1.02486,spy_options_2021.parquet,6378039
SPY,2021-04-07,2021-04-07T16:00:00-04:00,406.57,2021-09-30,176.0,0.4821917808219178,362.0,put,8.66,8.7,8.83,5,,0.23032,-0.21602,0.00446,0.82755,-0.0555,-0.46695,spy_options_2021.parquet,6378039
SPY,2021-04-07,2021-04-07T16:00:00-04:00,406.57,2021-09-30,176.0,0.4821917808219178,363.0,call,50.91,51.47,40.92,11,,0.22846,0.78078,0.00463,0.82667,-0.04859,1.02837,spy_options_2021.parquet,6378040
SPY,2021-04-07,2021-04-07T16:00:00-04:00,406.57,2021-09-30,176.0,0.4821917808219178,363.0,put,8.8,8.86,11.27,42,,0.22811,-0.21917,0.0046,0.83611,-0.05587,-0.47549,spy_options_2021.parquet,6378040
SPY,2021-04-07,2021-04-07T16:00:00-04:00,406.57,2021-09-30,176.0,0.4821917808219178,364.0,call,49.88,50.66,43.75,490,,0.22661,0.77784,0.00473,0.83344,-0.04864,1.03177,spy_options_2021.parquet,6378041
SPY,2021-04-07,2021-04-07T16:00:00-04:00,406.57,2021-09-30,176.0,0.4821917808219178,364.0,put,8.96,9.02,11.83,92,,0.2275,-0.22337,0.00465,0.84509,-0.05552,-0.48475,spy_options_2021.parquet,6378041
SPY,2021-04-07,2021-04-07T16:00:00-04:00,406.57,2021-09-30,176.0,0.4821917808219178,365.0,call,49.04,49.79,49.76,1,,0.22472,0.77416,0.00482,0.84285,-0.04853,1.03432,spy_options_2021.parquet,6378042
SPY,2021-04-07,2021-04-07T16:00:00-04:00,406.57,2021-09-30,176.0,0.4821917808219178,365.0,put,9.12,9.18,9.37,0,,0.22598,-0.22755,0.00475,0.85331,-0.05631,-0.49357,spy_options_2021.parquet,6378042
SPY,2021-04-07,2021-04-07T16:00:00-04:00,406.57,2021-09-30,176.0,0.4821917808219178,366.0,call,48.38,48.91,41.33,10,,0.22459,0.76881,0.00488,0.85355,-0.04966,1.03611,spy_options_2021.parquet,6378043
SPY,2021-04-07,2021-04-07T16:00:00-04:00,406.57,2021-09-30,176.0,0.4821917808219178,366.0,put,9.29,9.35,12.19,118,,0.22449,-0.2318,0.00483,0.86225,-0.05677,-0.50289,spy_options_2021.parquet,6378043
SPY,2021-04-07,2021-04-07T16:00:00-04:00,406.57,2021-09-30,176.0,0.4821917808219178,367.0,call,47.62,48.04,42.4,30,,0.22343,0.76472,0.00496,0.86246,-0.04963,1.0382,spy_options_2021.parquet,6378044
SPY,2021-04-07,2021-04-07T16:00:00-04:00,406.57,2021-09-30,176.0,0.4821917808219178,367.0,put,9.44,9.51,9.5,4,,0.22315,-0.23597,0.00483,0.87106,-0.05708,-0.51166,spy_options_2021.parquet,6378044
SPY,2021-04-07,2021-04-07T16:00:00-04:00,406.57,2021-09-30,176.0,0.4821917808219178,368.0,call,46.53,47.27,47.24,1,,0.22018,0.76092,0.00502,0.87064,-0.04961,1.04096,spy_options_2021.parquet,6378045
SPY,2021-04-07,2021-04-07T16:00:00-04:00,406.57,2021-09-30,176.0,0.4821917808219178,368.0,put,9.63,9.69,12.34,25,,0.22225,-0.24107,0.00493,0.88076,-0.05749,-0.51973,spy_options_2021.parquet,6378045
SPY,2021-04-07,2021-04-07T16:00:00-04:00,406.57,2021-09-30,176.0,0.4821917808219178,369.0,call,45.95,46.43,46.48,0,,0.22017,0.75546,0.00511,0.88166,-0.04996,1.04089,spy_options_2021.parquet,6378046
SPY,2021-04-07,2021-04-07T16:00:00-04:00,406.57,2021-09-30,176.0,0.4821917808219178,369.0,put,9.8,9.85,9.97,0,,0.22069,-0.24526,0.00507,0.88916,-0.0568,-0.52938,spy_options_2021.parquet,6378046
SPY,2021-04-07,2021-04-07T16:00:00-04:00,406.57,2021-09-30,176.0,0.4821917808219178,370.0,call,45.12,45.54,43.72,1,,0.21894,0.75149,0.00514,0.8899,-0.05008,1.04334,spy_options_2021.parquet,6378047
SPY,2021-04-07,2021-04-07T16:00:00-04:00,406.57,2021-09-30,176.0,0.4821917808219178,370.0,put,9.98,10.04,10.06,5,,0.21925,-0.24947,0.0051,0.89832,-0.05738,-0.53956,spy_options_2021.parquet,6378047
SPY,2021-04-07,2021-04-07T16:00:00-04:00,406.57,2021-09-30,176.0,0.4821917808219178,371.0,call,44.21,44.71,38.85,1,,0.21735,0.7467,0.0053,0.89813,-0.05049,1.04461,spy_options_2021.parquet,6378048
SPY,2021-04-07,2021-04-07T16:00:00-04:00,406.57,2021-09-30,176.0,0.4821917808219178,371.0,put,10.16,10.21,10.41,0,,0.21779,-0.25453,0.00518,0.90692,-0.05753,-0.54998,spy_options_2021.parquet,6378048
SPY,2021-04-07,2021-04-07T16:00:00-04:00,406.57,2021-09-30,176.0,0.4821917808219178,372.0,call,43.39,43.88,33.56,1,,0.2158,0.74261,0.0054,0.90663,-0.05095,1.04541,spy_options_2021.parquet,6378049
SPY,2021-04-07,2021-04-07T16:00:00-04:00,406.57,2021-09-30,176.0,0.4821917808219178,372.0,put,10.35,10.41,25.75,20,,0.21619,-0.25876,0.0053,0.91602,-0.05787,-0.56029,spy_options_2021.parquet,6378049
SPY,2021-04-07,2021-04-07T16:00:00-04:00,406.57,2021-09-30,176.0,0.4821917808219178,373.0,call,42.65,43.07,33.42,2,,0.21402,0.73711,0.00548,0.91667,-0.05097,1.04539,spy_options_2021.parquet,6378050
SPY,2021-04-07,2021-04-07T16:00:00-04:00,406.57,2021-09-30,176.0,0.4821917808219178,373.0,put,10.53,10.59,11.28,3,,0.21451,-0.26371,0.00534,0.92389,-0.05841,-0.56957,spy_options_2021.parquet,6378050
SPY,2021-04-07,2021-04-07T16:00:00-04:00,406.57,2021-09-30,176.0,0.4821917808219178,374.0,call,41.57,42.31,29.32,1,,0.21173,0.73317,0.00556,0.92428,-0.05084,1.04638,spy_options_2021.parquet,6378051
SPY,2021-04-07,2021-04-07T16:00:00-04:00,406.57,2021-09-30,176.0,0.4821917808219178,374.0,put,10.72,10.78,18.77,1,,0.21375,-0.26903,0.00547,0.93333,-0.05786,-0.58086,spy_options_2021.parquet,6378051
SPY,2021-04-07,2021-04-07T16:00:00-04:00,406.57,2021-09-30,176.0,0.4821917808219178,375.0,call,40.94,41.41,36.33,2,,0.21077,0.72761,0.00567,0.93353,-0.05126,1.04549,spy_options_2021.parquet,6378052
SPY,2021-04-07,2021-04-07T16:00:00-04:00,406.57,2021-09-30,176.0,0.4821917808219178,375.0,put,10.92,10.98,11.27,25,,0.21231,-0.27341,0.00555,0.94168,-0.05857,-0.59134,spy_options_2021.parquet,6378052
SPY,2021-04-07,2021-04-07T16:00:00-04:00,406.57,2021-09-30,176.0,0.4821917808219178,376.0,call,40.21,40.62,35.0,1,,0.20998,0.72204,0.00569,0.94271,-0.05123,1.0454,spy_options_2021.parquet,6378053
SPY,2021-04-07,2021-04-07T16:00:00-04:00,406.57,2021-09-30,176.0,0.4821917808219178,376.0,put,11.12,11.18,14.43,60,,0.21139,-0.27898,0.00567,0.94991,-0.05887,-0.60293,spy_options_2021.parquet,6378053
SPY,2021-04-07,2021-04-07T16:00:00-04:00,406.57,2021-09-30,176.0,0.4821917808219178,377.0,call,39.4,39.81,31.93,10,,0.20844,0.71698,0.00577,0.9515,-0.05145,1.04403,spy_options_2021.parquet,6378054
SPY,2021-04-07,2021-04-07T16:00:00-04:00,406.57,2021-09-30,176.0,0.4821917808219178,377.0,put,11.32,11.38,17.85,2,,0.20961,-0.2846,0.00567,0.95874,-0.0593,-0.61329,spy_options_2021.parquet,6378054
SPY,2021-04-07,2021-04-07T16:00:00-04:00,406.57,2021-09-30,176.0,0.4821917808219178,378.0,call,38.6,39.01,38.5,4,,0.20736,0.71125,0.00586,0.95974,-0.05152,1.04343,spy_options_2021.parquet,6378055
SPY,2021-04-07,2021-04-07T16:00:00-04:00,406.57,2021-09-30,176.0,0.4821917808219178,378.0,put,11.53,11.59,23.5,10,,0.20814,-0.28916,0.00575,0.96641,-0.05906,-0.62508,spy_options_2021.parquet,6378055
SPY,2021-04-07,2021-04-07T16:00:00-04:00,406.57,2021-09-30,176.0,0.4821917808219178,379.0,call,37.8,38.21,28.91,1,,0.20553,0.70581,0.00604,0.96905,-0.05201,1.04168,spy_options_2021.parquet,6378056
SPY,2021-04-07,2021-04-07T16:00:00-04:00,406.57,2021-09-30,176.0,0.4821917808219178,379.0,put,11.72,11.8,12.0,87,,0.20684,-0.29494,0.00588,0.97464,-0.05882,-0.63604,spy_options_2021.parquet,6378056
SPY,2021-04-07,2021-04-07T16:00:00-04:00,406.57,2021-09-30,176.0,0.4821917808219178,380.0,call,37.01,37.42,36.9,4,,0.20499,0.70065,0.00609,0.97729,-0.05203,1.04054,spy_options_2021.parquet,6378057
SPY,2021-04-07,2021-04-07T16:00:00-04:00,406.57,2021-09-30,176.0,0.4821917808219178,380.0,put,11.94,12.01,12.22,0,,0.2048,-0.30058,0.00593,0.98282,-0.05978,-0.64797,spy_options_2021.parquet,6378057
SPY,2021-04-07,2021-04-07T16:00:00-04:00,406.57,2021-09-30,176.0,0.4821917808219178,381.0,call,36.09,36.52,26.49,5,,0.20225,0.69573,0.00621,0.98399,-0.05148,1.03989,spy_options_2021.parquet,6378058
SPY,2021-04-07,2021-04-07T16:00:00-04:00,406.57,2021-09-30,176.0,0.4821917808219178,381.0,put,12.16,12.23,12.57,83,,0.20432,-0.30618,0.00603,0.99087,-0.05969,-0.65972,spy_options_2021.parquet,6378058
SPY,2021-04-07,2021-04-07T16:00:00-04:00,406.57,2021-09-30,176.0,0.4821917808219178,382.0,call,35.44,35.73,23.91,60,,0.20124,0.69027,0.00633,0.99265,-0.05231,1.03708,spy_options_2021.parquet,6378059
SPY,2021-04-07,2021-04-07T16:00:00-04:00,406.57,2021-09-30,176.0,0.4821917808219178,382.0,put,12.37,12.45,12.7,2,,0.20279,-0.31107,0.0062,0.99877,-0.05909,-0.67236,spy_options_2021.parquet,6378059
SPY,2021-04-07,2021-04-07T16:00:00-04:00,406.57,2021-09-30,176.0,0.4821917808219178,383.0,call,34.58,34.98,23.35,20,,0.19927,0.68415,0.0064,1.00139,-0.05209,1.03425,spy_options_2021.parquet,6378060
SPY,2021-04-07,2021-04-07T16:00:00-04:00,406.57,2021-09-30,176.0,0.4821917808219178,383.0,put,12.61,12.68,12.65,0,,0.20072,-0.31733,0.00621,1.00627,-0.05932,-0.68475,spy_options_2021.parquet,6378060
SPY,2021-04-07,2021-04-07T16:00:00-04:00,406.57,2021-09-30,176.0,0.4821917808219178,384.0,call,33.75,34.16,32.74,5,,0.19721,0.67899,0.00655,1.00854,-0.05211,1.03204,spy_options_2021.parquet,6378061
SPY,2021-04-07,2021-04-07T16:00:00-04:00,406.57,2021-09-30,176.0,0.4821917808219178,384.0,put,12.82,12.91,13.72,1,,0.19962,-0.32325,0.00633,1.01481,-0.06007,-0.69715,spy_options_2021.parquet,6378061
SPY,2021-04-07,2021-04-07T16:00:00-04:00,406.57,2021-09-30,176.0,0.4821917808219178,385.0,call,32.96,33.42,33.25,0,,0.19615,0.67263,0.00654,1.01692,-0.05171,1.02848,spy_options_2021.parquet,6378062
SPY,2021-04-07,2021-04-07T16:00:00-04:00,406.57,2021-09-30,176.0,0.4821917808219178,385.0,put,13.06,13.16,13.51,0,,0.19848,-0.32903,0.0064,1.02156,-0.06009,-0.71072,spy_options_2021.parquet,6378062
SPY,2021-04-07,2021-04-07T16:00:00-04:00,406.57,2021-09-30,176.0,0.4821917808219178,386.0,call,32.2,32.63,26.3,1,,0.19436,0.66605,0.00672,1.02438,-0.05228,1.02576,spy_options_2021.parquet,6378063
SPY,2021-04-07,2021-04-07T16:00:00-04:00,406.57,2021-09-30,176.0,0.4821917808219178,386.0,put,13.33,13.4,13.6,141,,0.19759,-0.33489,0.00648,1.02915,-0.05977,-0.72384,spy_options_2021.parquet,6378063
SPY,2021-04-07,2021-04-07T16:00:00-04:00,406.57,2021-09-30,176.0,0.4821917808219178,387.0,call,31.45,31.9,30.35,40,,0.19382,0.65959,0.00675,1.03193,-0.05211,1.02107,spy_options_2021.parquet,6378064
SPY,2021-04-07,2021-04-07T16:00:00-04:00,406.57,2021-09-30,176.0,0.4821917808219178,387.0,put,13.57,13.64,14.11,0,,0.1953,-0.34115,0.00662,1.03629,-0.05983,-0.73673,spy_options_2021.parquet,6378064
SPY,2021-04-07,2021-04-07T16:00:00-04:00,406.57,2021-09-30,176.0,0.4821917808219178,388.0,call,30.83,31.15,25.8,1,,0.19253,0.65313,0.00687,1.03938,-0.05246,1.01593,spy_options_2021.parquet,6378065
SPY,2021-04-07,2021-04-07T16:00:00-04:00,406.57,2021-09-30,176.0,0.4821917808219178,388.0,put,13.8,13.89,14.7,2,,0.19369,-0.34715,0.00673,1.04393,-0.06036,-0.7504,spy_options_2021.parquet,6378065
SPY,2021-04-07,2021-04-07T16:00:00-04:00,406.57,2021-09-30,176.0,0.4821917808219178,389.0,call,30.08,30.36,30.11,0,,0.19099,0.64632,0.00693,1.04678,-0.05198,1.01183,spy_options_2021.parquet,6378066
SPY,2021-04-07,2021-04-07T16:00:00-04:00,406.57,2021-09-30,176.0,0.4821917808219178,389.0,put,14.06,14.14,14.63,0,,0.19301,-0.35351,0.00685,1.05085,-0.05973,-0.76423,spy_options_2021.parquet,6378066
SPY,2021-04-07,2021-04-07T16:00:00-04:00,406.57,2021-09-30,176.0,0.4821917808219178,390.0,call,29.2,29.65,29.54,1,,0.18868,0.64028,0.00706,1.05343,-0.05221,1.0073,spy_options_2021.parquet,6378067
SPY,2021-04-07,2021-04-07T16:00:00-04:00,406.57,2021-09-30,176.0,0.4821917808219178,390.0,put,14.32,14.43,14.61,28,,0.19167,-0.36031,0.00693,1.05699,-0.05964,-0.77835,spy_options_2021.parquet,6378067
SPY,2021-04-07,2021-04-07T16:00:00-04:00,406.57,2021-09-30,176.0,0.4821917808219178,391.0,call,28.6,28.86,26.94,5,,0.18835,0.63296,0.00718,1.06076,-0.05238,1.00193,spy_options_2021.parquet,6378068
SPY,2021-04-07,2021-04-07T16:00:00-04:00,406.57,2021-09-30,176.0,0.4821917808219178,391.0,put,14.61,14.68,22.55,743,,0.19044,-0.36738,0.00695,1.06341,-0.05969,-0.79311,spy_options_2021.parquet,6378068
SPY,2021-04-07,2021-04-07T16:00:00-04:00,406.57,2021-09-30,176.0,0.4821917808219178,392.0,call,27.73,28.15,27.11,2,,0.18619,0.62697,0.00729,1.06728,-0.05208,0.99667,spy_options_2021.parquet,6378069
SPY,2021-04-07,2021-04-07T16:00:00-04:00,406.57,2021-09-30,176.0,0.4821917808219178,392.0,put,14.87,14.96,15.23,4,,0.18896,-0.37403,0.00707,1.06994,-0.0595,-0.80705,spy_options_2021.parquet,6378069
SPY,2021-04-07,2021-04-07T16:00:00-04:00,406.57,2021-09-30,176.0,0.4821917808219178,393.0,call,27.15,27.39,27.4,3,,0.18546,0.61916,0.0074,1.0737,-0.05167,0.99,spy_options_2021.parquet,6378070
SPY,2021-04-07,2021-04-07T16:00:00-04:00,406.57,2021-09-30,176.0,0.4821917808219178,393.0,put,15.15,15.25,26.09,10,,0.18754,-0.38068,0.00714,1.07626,-0.06,-0.82279,spy_options_2021.parquet,6378070
SPY,2021-04-07,2021-04-07T16:00:00-04:00,406.57,2021-09-30,176.0,0.4821917808219178,394.0,call,26.43,26.71,26.6,3,,0.18413,0.61278,0.0074,1.07984,-0.0524,0.98338,spy_options_2021.parquet,6378071
SPY,2021-04-07,2021-04-07T16:00:00-04:00,406.57,2021-09-30,176.0,0.4821917808219178,394.0,put,15.44,15.54,15.78,6,,0.18576,-0.38746,0.00731,1.08178,-0.05955,-0.83705,spy_options_2021.parquet,6378071
SPY,2021-04-07,2021-04-07T16:00:00-04:00,406.57,2021-09-30,176.0,0.4821917808219178,395.0,call,25.72,25.95,26.06,2,,0.18254,0.60495,0.00756,1.08498,-0.05217,0.97638,spy_options_2021.parquet,6378072
SPY,2021-04-07,2021-04-07T16:00:00-04:00,406.57,2021-09-30,176.0,0.4821917808219178,395.0,put,15.73,15.83,15.95,390,,0.18463,-0.39491,0.00733,1.087,-0.05972,-0.85282,spy_options_2021.parquet,6378072
SPY,2021-04-07,2021-04-07T16:00:00-04:00,406.57,2021-09-30,176.0,0.4821917808219178,396.0,call,24.89,25.28,25.25,1,,0.18096,0.59796,0.00762,1.0907,-0.0513,0.97001,spy_options_2021.parquet,6378073
SPY,2021-04-07,2021-04-07T16:00:00-04:00,406.57,2021-09-30,176.0,0.4821917808219178,396.0,put,16.06,16.15,18.28,22,,0.18318,-0.40211,0.00743,1.09204,-0.05928,-0.86841,spy_options_2021.parquet,6378073
SPY,2021-04-07,2021-04-07T16:00:00-04:00,406.57,2021-09-30,176.0,0.4821917808219178,397.0,call,24.19,24.55,20.2,12,,0.17952,0.5905,0.00771,1.09617,-0.05124,0.96206,spy_options_2021.parquet,6378074
SPY,2021-04-07,2021-04-07T16:00:00-04:00,406.57,2021-09-30,176.0,0.4821917808219178,397.0,put,16.37,16.47,16.58,5,,0.18215,-0.40956,0.00755,1.09754,-0.05993,-0.88451,spy_options_2021.parquet,6378074
SPY,2021-04-07,2021-04-07T16:00:00-04:00,406.57,2021-09-30,176.0,0.4821917808219178,398.0,call,23.57,23.88,23.63,0,,0.1785,0.58272,0.00782,1.10054,-0.05179,0.95377,spy_options_2021.parquet,6378075
SPY,2021-04-07,2021-04-07T16:00:00-04:00,406.57,2021-09-30,176.0,0.4821917808219178,398.0,put,16.69,16.79,16.93,11,,0.18114,-0.4168,0.00765,1.10155,-0.05935,-0.9008,spy_options_2021.parquet,6378075
SPY,2021-04-07,2021-04-07T16:00:00-04:00,406.57,2021-09-30,176.0,0.4821917808219178,399.0,call,22.82,23.19,23.07,0,,0.1761,0.57454,0.0079,1.10497,-0.05111,0.94586,spy_options_2021.parquet,6378076
SPY,2021-04-07,2021-04-07T16:00:00-04:00,406.57,2021-09-30,176.0,0.4821917808219178,399.0,put,17.01,17.11,17.45,3,,0.17905,-0.42504,0.0077,1.10626,-0.05892,-0.91756,spy_options_2021.parquet,6378076
SPY,2021-04-07,2021-04-07T16:00:00-04:00,406.57,2021-09-30,176.0,0.4821917808219178,400.0,call,22.27,22.47,22.7,0,,0.17581,0.56741,0.008,1.10928,-0.05061,0.93636,spy_options_2021.parquet,6378077
SPY,2021-04-07,2021-04-07T16:00:00-04:00,406.57,2021-09-30,176.0,0.4821917808219178,400.0,put,17.25,17.5,17.87,1,,0.17764,-0.4327,0.00777,1.10951,-0.05912,-0.93394,spy_options_2021.parquet,6378077
SPY,2021-04-07,2021-04-07T16:00:00-04:00,406.57,2021-09-30,176.0,0.4821917808219178,401.0,call,21.55,21.83,13.92,3,,0.17368,0.5593,0.00803,1.11327,-0.0513,0.92793,spy_options_2021.parquet,6378078
SPY,2021-04-07,2021-04-07T16:00:00-04:00,406.57,2021-09-30,176.0,0.4821917808219178,401.0,put,17.68,17.78,18.2,0,,0.17672,-0.44046,0.00781,1.11307,-0.05893,-0.95162,spy_options_2021.parquet,6378078
SPY,2021-04-07,2021-04-07T16:00:00-04:00,406.57,2021-09-30,176.0,0.4821917808219178,402.0,call,20.81,21.17,19.4,1,,0.17231,0.55102,0.00823,1.11586,-0.05046,0.91851,spy_options_2021.parquet,6378079
SPY,2021-04-07,2021-04-07T16:00:00-04:00,406.57,2021-09-30,176.0,0.4821917808219178,402.0,put,18.02,18.13,19.12,3,,0.17576,-0.44781,0.00796,1.11641,-0.0592,-0.96894,spy_options_2021.parquet,6378079
SPY,2021-04-07,2021-04-07T16:00:00-04:00,406.57,2021-09-30,176.0,0.4821917808219178,403.0,call,20.3,20.46,20.1,1,,0.17143,0.54261,0.00824,1.11867,-0.0508,0.90769,spy_options_2021.parquet,6378080
SPY,2021-04-07,2021-04-07T16:00:00-04:00,406.57,2021-09-30,176.0,0.4821917808219178,403.0,put,18.39,18.5,19.34,2,,0.17448,-0.45586,0.00803,1.11886,-0.05881,-0.98687,spy_options_2021.parquet,6378080
SPY,2021-04-07,2021-04-07T16:00:00-04:00,406.57,2021-09-30,176.0,0.4821917808219178,404.0,call,19.6,19.82,19.44,16,,0.17012,0.5341,0.00837,1.12105,-0.04999,0.89811,spy_options_2021.parquet,6378081
SPY,2021-04-07,2021-04-07T16:00:00-04:00,406.57,2021-09-30,176.0,0.4821917808219178,404.0,put,18.76,18.87,18.81,1,,0.17246,-0.46447,0.00812,1.12138,-0.05877,-1.00395,spy_options_2021.parquet,6378081
SPY,2021-04-07,2021-04-07T16:00:00-04:00,406.57,2021-09-30,176.0,0.4821917808219178,405.0,call,18.94,19.19,19.36,8,,0.16785,0.52517,0.00845,1.12268,-0.05012,0.88691,spy_options_2021.parquet,6378082
SPY,2021-04-07,2021-04-07T16:00:00-04:00,406.57,2021-09-30,176.0,0.4821917808219178,405.0,put,19.14,19.25,19.43,21,,0.17156,-0.47273,0.00823,1.12317,-0.05768,-1.02312,spy_options_2021.parquet,6378082
SPY,2021-04-07,2021-04-07T16:00:00-04:00,406.57,2021-09-30,176.0,0.4821917808219178,406.0,call,18.32,18.62,18.31,7,,0.16749,0.51709,0.00848,1.12419,-0.04992,0.87547,spy_options_2021.parquet,6378083
SPY,2021-04-07,2021-04-07T16:00:00-04:00,406.57,2021-09-30,176.0,0.4821917808219178,406.0,put,19.53,19.64,19.94,52,,0.17092,-0.48081,0.00822,1.12385,-0.0583,-1.04065,spy_options_2021.parquet,6378083
SPY,2021-04-07,2021-04-07T16:00:00-04:00,406.57,2021-09-30,176.0,0.4821917808219178,407.0,call,17.8,18.01,18.09,3,,0.16665,0.50808,0.0086,1.12534,-0.04913,0.86431,spy_options_2021.parquet,6378084
SPY,2021-04-07,2021-04-07T16:00:00-04:00,406.57,2021-09-30,176.0,0.4821917808219178,407.0,put,19.93,20.04,20.04,5,,0.16911,-0.49018,0.00833,1.12479,-0.0581,-1.06014,spy_options_2021.parquet,6378084
SPY,2021-04-07,2021-04-07T16:00:00-04:00,406.57,2021-09-30,176.0,0.4821917808219178,408.0,call,17.12,17.4,17.58,0,,0.16427,0.4997,0.00862,1.12617,-0.04846,0.8525,spy_options_2021.parquet,6378085
SPY,2021-04-07,2021-04-07T16:00:00-04:00,406.57,2021-09-30,176.0,0.4821917808219178,408.0,put,20.34,20.45,21.46,1,,0.16804,-0.49815,0.00833,1.12498,-0.05765,-1.07861,spy_options_2021.parquet,6378085
SPY,2021-04-07,2021-04-07T16:00:00-04:00,406.57,2021-09-30,176.0,0.4821917808219178,409.0,call,16.52,16.8,17.1,0,,0.16317,0.49047,0.00873,1.12504,-0.049,0.84089,spy_options_2021.parquet,6378086
SPY,2021-04-07,2021-04-07T16:00:00-04:00,406.57,2021-09-30,176.0,0.4821917808219178,409.0,put,20.75,20.86,29.83,10,,0.16689,-0.50651,0.00838,1.1246,-0.05709,-1.09762,spy_options_2021.parquet,6378086
SPY,2021-04-07,2021-04-07T16:00:00-04:00,406.57,2021-09-30,176.0,0.4821917808219178,410.0,call,15.95,16.22,16.16,18,,0.16228,0.48144,0.00869,1.12458,-0.04778,0.82794,spy_options_2021.parquet,6378087
SPY,2021-04-07,2021-04-07T16:00:00-04:00,406.57,2021-09-30,176.0,0.4821917808219178,410.0,put,21.15,21.39,21.29,4,,0.16601,-0.51588,0.00845,1.12465,-0.05706,-1.11704,spy_options_2021.parquet,6378087
SPY,2021-04-07,2021-04-07T16:00:00-04:00,406.57,2021-09-30,176.0,0.4821917808219178,411.0,call,15.39,15.6,15.35,0,,0.16089,0.47165,0.00884,1.1228,-0.04787,0.81484,spy_options_2021.parquet,6378088
SPY,2021-04-07,2021-04-07T16:00:00-04:00,406.57,2021-09-30,176.0,0.4821917808219178,411.0,put,21.52,21.86,27.25,10,,0.1642,-0.52417,0.0085,1.12293,-0.05668,-1.13653,spy_options_2021.parquet,6378088
SPY,2021-04-07,2021-04-07T16:00:00-04:00,406.57,2021-09-30,176.0,0.4821917808219178,412.0,call,14.9,15.01,15.16,3,,0.15949,0.46256,0.00887,1.12085,-0.04782,0.80197,spy_options_2021.parquet,6378089
SPY,2021-04-07,2021-04-07T16:00:00-04:00,406.57,2021-09-30,176.0,0.4821917808219178,412.0,put,21.95,22.29,31.97,1,,0.16343,-0.53405,0.00852,1.12128,-0.0556,-1.15643,spy_options_2021.parquet,6378089
SPY,2021-04-07,2021-04-07T16:00:00-04:00,406.57,2021-09-30,176.0,0.4821917808219178,413.0,call,14.36,14.47,14.62,3,,0.15826,0.45292,0.00885,1.11892,-0.04735,0.78885,spy_options_2021.parquet,6378090
SPY,2021-04-07,2021-04-07T16:00:00-04:00,406.57,2021-09-30,176.0,0.4821917808219178,413.0,put,22.44,22.76,22.87,1,,0.16202,-0.54238,0.00859,1.11881,-0.05519,-1.17674,spy_options_2021.parquet,6378090
SPY,2021-04-07,2021-04-07T16:00:00-04:00,406.57,2021-09-30,176.0,0.4821917808219178,414.0,call,13.85,13.95,9.08,1,,0.15772,0.44376,0.00892,1.11571,-0.04671,0.77471,spy_options_2021.parquet,6378091
SPY,2021-04-07,2021-04-07T16:00:00-04:00,406.57,2021-09-30,176.0,0.4821917808219178,414.0,put,22.91,23.24,27.15,10,,0.16156,-0.55193,0.00862,1.11565,-0.05548,-1.19677,spy_options_2021.parquet,6378091
SPY,2021-04-07,2021-04-07T16:00:00-04:00,406.57,2021-09-30,176.0,0.4821917808219178,415.0,call,13.33,13.43,13.45,1,,0.15666,0.43421,0.0089,1.1114,-0.04608,0.76053,spy_options_2021.parquet,6378092
SPY,2021-04-07,2021-04-07T16:00:00-04:00,406.57,2021-09-30,176.0,0.4821917808219178,415.0,put,23.44,23.77,23.79,1,,0.16039,-0.5607,0.0086,1.11156,-0.05486,-1.21697,spy_options_2021.parquet,6378092
SPY,2021-04-07,2021-04-07T16:00:00-04:00,406.57,2021-09-30,176.0,0.4821917808219178,416.0,call,12.79,12.89,13.12,0,,0.15523,0.42505,0.00896,1.1063,-0.04505,0.74655,spy_options_2021.parquet,6378093
SPY,2021-04-07,2021-04-07T16:00:00-04:00,406.57,2021-09-30,176.0,0.4821917808219178,416.0,put,23.89,24.22,24.66,10,,0.15938,-0.56948,0.00871,1.10752,-0.05465,-1.23807,spy_options_2021.parquet,6378093
SPY,2021-04-07,2021-04-07T16:00:00-04:00,406.57,2021-09-30,176.0,0.4821917808219178,417.0,call,12.31,12.41,9.73,25,,0.15453,0.41582,0.00901,1.10084,-0.04457,0.73191,spy_options_2021.parquet,6378094
SPY,2021-04-07,2021-04-07T16:00:00-04:00,406.57,2021-09-30,176.0,0.4821917808219178,417.0,put,24.37,24.74,24.84,10,,0.15827,-0.57926,0.00872,1.10255,-0.05352,-1.25845,spy_options_2021.parquet,6378094
SPY,2021-04-07,2021-04-07T16:00:00-04:00,406.57,2021-09-30,176.0,0.4821917808219178,418.0,call,11.82,11.92,11.9,2,,0.15311,0.40623,0.00899,1.09479,-0.04429,0.71702,spy_options_2021.parquet,6378095
SPY,2021-04-07,2021-04-07T16:00:00-04:00,406.57,2021-09-30,176.0,0.4821917808219178,418.0,put,24.94,25.34,25.39,10,,0.15808,-0.58797,0.00863,1.09681,-0.05339,-1.27842,spy_options_2021.parquet,6378095
SPY,2021-04-07,2021-04-07T16:00:00-04:00,406.57,2021-09-30,176.0,0.4821917808219178,419.0,call,11.38,11.47,10.76,4,,0.15208,0.39606,0.00901,1.08849,-0.04367,0.70253,spy_options_2021.parquet,6378096
SPY,2021-04-07,2021-04-07T16:00:00-04:00,406.57,2021-09-30,176.0,0.4821917808219178,419.0,put,25.43,25.84,32.25,1,,0.15601,-0.5975,0.0087,1.0902,-0.05241,-1.29985,spy_options_2021.parquet,6378096
SPY,2021-04-07,2021-04-07T16:00:00-04:00,406.57,2021-09-30,176.0,0.4821917808219178,420.0,call,10.91,11.01,10.96,1,,0.15162,0.38691,0.00898,1.08173,-0.04335,0.68735,spy_options_2021.parquet,6378097
SPY,2021-04-07,2021-04-07T16:00:00-04:00,406.57,2021-09-30,176.0,0.4821917808219178,420.0,put,25.99,26.4,26.89,10,,0.1556,-0.60713,0.00864,1.08366,-0.05213,-1.32023,spy_options_2021.parquet,6378097
SPY,2021-04-07,2021-04-07T16:00:00-04:00,406.57,2021-09-30,176.0,0.4821917808219178,421.0,call,10.47,10.55,8.06,30,,0.15009,0.37703,0.0089,1.07335,-0.04275,0.67191,spy_options_2021.parquet,6378098
SPY,2021-04-07,2021-04-07T16:00:00-04:00,406.57,2021-09-30,176.0,0.4821917808219178,421.0,put,26.58,26.94,44.78,1,,0.15527,-0.6161,0.00868,1.07654,-0.05233,-1.34084,spy_options_2021.parquet,6378098
SPY,2021-04-07,2021-04-07T16:00:00-04:00,406.57,2021-09-30,176.0,0.4821917808219178,422.0,call,10.02,10.12,10.02,0,,0.14945,0.36701,0.00892,1.06445,-0.04253,0.65673,spy_options_2021.parquet,6378099
SPY,2021-04-07,2021-04-07T16:00:00-04:00,406.57,2021-09-30,176.0,0.4821917808219178,422.0,put,27.15,27.52,0.0,,,0.15379,-0.62506,0.00867,1.06862,-0.0516,-1.36215,spy_options_2021.parquet,6378099
SPY,2021-04-07,2021-04-07T16:00:00-04:00,406.57,2021-09-30,176.0,0.4821917808219178,423.0,call,9.62,9.72,9.69,65,,0.1486,0.3577,0.00891,1.05569,-0.04152,0.64105,spy_options_2021.parquet,6378100
SPY,2021-04-07,2021-04-07T16:00:00-04:00,406.57,2021-09-30,176.0,0.4821917808219178,423.0,put,27.74,28.11,43.99,1,,0.15338,-0.63402,0.00863,1.05948,-0.05097,-1.38301,spy_options_2021.parquet,6378100
SPY,2021-04-07,2021-04-07T16:00:00-04:00,406.57,2021-09-30,176.0,0.4821917808219178,424.0,call,9.21,9.3,9.18,2,,0.14762,0.34836,0.00882,1.04551,-0.04106,0.62545,spy_options_2021.parquet,6378101
SPY,2021-04-07,2021-04-07T16:00:00-04:00,406.57,2021-09-30,176.0,0.4821917808219178,424.0,put,28.31,28.72,0.0,,,0.15235,-0.64332,0.00859,1.05002,-0.05048,-1.4043,spy_options_2021.parquet,6378101
SPY,2021-04-07,2021-04-07T16:00:00-04:00,406.57,2021-09-30,176.0,0.4821917808219178,425.0,call,8.83,8.92,8.85,19,,0.14757,0.33892,0.00878,1.03455,-0.04071,0.61044,spy_options_2021.parquet,6378102
SPY,2021-04-07,2021-04-07T16:00:00-04:00,406.57,2021-09-30,176.0,0.4821917808219178,425.0,put,28.81,29.52,42.85,1,,0.15177,-0.65251,0.00855,1.0406,-0.04967,-1.42373,spy_options_2021.parquet,6378102
SPY,2021-04-07,2021-04-07T16:00:00-04:00,406.57,2021-09-30,176.0,0.4821917808219178,426.0,call,8.43,8.52,8.64,0,,0.14561,0.32912,0.00881,1.02282,-0.03992,0.59472,spy_options_2021.parquet,6378103
SPY,2021-04-07,2021-04-07T16:00:00-04:00,406.57,2021-09-30,176.0,0.4821917808219178,426.0,put,29.44,30.15,0.0,,,0.15105,-0.66134,0.00845,1.03089,-0.04916,-1.44463,spy_options_2021.parquet,6378103
SPY,2021-04-07,2021-04-07T16:00:00-04:00,406.57,2021-09-30,176.0,0.4821917808219178,427.0,call,8.08,8.16,8.11,247,,0.14587,0.32007,0.0087,1.01139,-0.03892,0.57867,spy_options_2021.parquet,6378104
SPY,2021-04-07,2021-04-07T16:00:00-04:00,406.57,2021-09-30,176.0,0.4821917808219178,427.0,put,30.29,30.68,0.0,,,0.15141,-0.66942,0.00837,1.02022,-0.04828,-1.46418,spy_options_2021.parquet,6378104
SPY,2021-04-07,2021-04-07T16:00:00-04:00,406.57,2021-09-30,176.0,0.4821917808219178,428.0,call,7.74,7.82,7.8,0,,0.14485,0.31119,0.00863,0.99895,-0.03833,0.5634,spy_options_2021.parquet,6378105
SPY,2021-04-07,2021-04-07T16:00:00-04:00,406.57,2021-09-30,176.0,0.4821917808219178,428.0,put,30.72,31.46,0.0,,,0.14999,-0.67863,0.00841,1.00885,-0.04811,-1.48606,spy_options_2021.parquet,6378105
SPY,2021-04-07,2021-04-07T16:00:00-04:00,406.57,2021-09-30,176.0,0.4821917808219178,430.0,call,7.08,7.16,7.23,2,,0.1435,0.29317,0.00851,0.97243,-0.03694,0.53258,spy_options_2021.parquet,6378106
SPY,2021-04-07,2021-04-07T16:00:00-04:00,406.57,2021-09-30,176.0,0.4821917808219178,430.0,put,32.08,32.83,36.54,2,,0.14994,-0.69564,0.00818,0.98465,-0.04725,-1.52606,spy_options_2021.parquet,6378106
SPY,2021-04-07,2021-04-07T16:00:00-04:00,406.57,2021-09-30,176.0,0.4821917808219178,435.0,call,5.61,5.69,5.71,0,,0.14084,0.24921,0.00795,0.89881,-0.03397,0.45825,spy_options_2021.parquet,6378107
SPY,2021-04-07,2021-04-07T16:00:00-04:00,406.57,2021-09-30,176.0,0.4821917808219178,435.0,put,35.48,36.56,54.04,2,,0.14764,-0.73619,0.00773,0.91859,-0.04424,-1.62346,spy_options_2021.parquet,6378107
SPY,2021-04-07,2021-04-07T16:00:00-04:00,406.57,2021-09-30,176.0,0.4821917808219178,440.0,call,4.43,4.5,4.4,8,,0.13885,0.21027,0.00739,0.8172,-0.03018,0.38869,spy_options_2021.parquet,6378108
SPY,2021-04-07,2021-04-07T16:00:00-04:00,406.57,2021-09-30,176.0,0.4821917808219178,440.0,put,39.26,40.4,54.31,2,,0.146,-0.77381,0.00726,0.84494,-0.04058,-1.71539,spy_options_2021.parquet,6378108
SPY,2021-04-07,2021-04-07T16:00:00-04:00,406.57,2021-09-30,176.0,0.4821917808219178,445.0,call,3.47,3.53,3.58,0,,0.13752,0.17542,0.00667,0.731,-0.02724,0.32571,spy_options_2021.parquet,6378109
SPY,2021-04-07,2021-04-07T16:00:00-04:00,406.57,2021-09-30,176.0,0.4821917808219178,445.0,put,43.3,44.48,54.11,1,,0.14489,-0.80623,0.00661,0.76933,-0.0372,-1.7997,spy_options_2021.parquet,6378109
SPY,2021-04-07,2021-04-07T16:00:00-04:00,406.57,2021-09-30,176.0,0.4821917808219178,450.0,call,2.72,2.79,2.7,7,,0.13606,0.14468,0.00595,0.64661,-0.02356,0.27088,spy_options_2021.parquet,6378110
SPY,2021-04-07,2021-04-07T16:00:00-04:00,406.57,2021-09-30,176.0,0.4821917808219178,450.0,put,48.0,48.47,0.0,,,0.14663,-0.83269,0.00592,0.70258,-0.03512,-1.87191,spy_options_2021.parquet,6378110
SPY,2021-04-07,2021-04-07T16:00:00-04:00,406.57,2021-09-30,176.0,0.4821917808219178,455.0,call,2.14,2.19,2.3,0,,0.13548,0.11873,0.00516,0.56578,-0.02067,0.22341,spy_options_2021.parquet,6378111
SPY,2021-04-07,2021-04-07T16:00:00-04:00,406.57,2021-09-30,176.0,0.4821917808219178,455.0,put,51.95,53.15,70.2,2,,0.14597,-0.85897,0.00531,0.6255,-0.03182,-1.94539,spy_options_2021.parquet,6378111
SPY,2021-04-07,2021-04-07T16:00:00-04:00,406.57,2021-09-30,176.0,0.4821917808219178,460.0,call,1.68,1.73,1.22,187,,0.13578,0.09822,0.00449,0.49099,-0.01839,0.18446,spy_options_2021.parquet,6378112
SPY,2021-04-07,2021-04-07T16:00:00-04:00,406.57,2021-09-30,176.0,0.4821917808219178,460.0,put,56.48,57.69,66.8,1,,0.14754,-0.87888,0.00477,0.56106,-0.03037,-2.00691,spy_options_2021.parquet,6378112
SPY,2021-04-07,2021-04-07T16:00:00-04:00,406.57,2021-09-30,176.0,0.4821917808219178,465.0,call,1.32,1.36,1.36,0,,0.13659,0.07959,0.00386,0.42252,-0.01502,0.15087,spy_options_2021.parquet,6378113
SPY,2021-04-07,2021-04-07T16:00:00-04:00,406.57,2021-09-30,176.0,0.4821917808219178,465.0,put,61.11,62.34,78.93,1,,0.14891,-0.89555,0.00417,0.50388,-0.02786,-2.06145,spy_options_2021.parquet,6378113
SPY,2021-04-07,2021-04-07T16:00:00-04:00,406.57,2021-09-30,176.0,0.4821917808219178,470.0,call,1.04,1.08,1.11,1,,0.13706,0.06462,0.00331,0.362,-0.01318,0.12288,spy_options_2021.parquet,6378114
SPY,2021-04-07,2021-04-07T16:00:00-04:00,406.57,2021-09-30,176.0,0.4821917808219178,470.0,put,65.79,67.09,88.8,2,,0.15169,-0.90909,0.00375,0.4533,-0.02662,-2.11181,spy_options_2021.parquet,6378114
SPY,2021-04-07,2021-04-07T16:00:00-04:00,406.57,2021-09-30,176.0,0.4821917808219178,475.0,call,0.83,0.86,0.92,0,,0.1372,0.0533,0.00283,0.31017,-0.01192,0.10113,spy_options_2021.parquet,6378115
SPY,2021-04-07,2021-04-07T16:00:00-04:00,406.57,2021-09-30,176.0,0.4821917808219178,475.0,put,70.6,71.5,94.53,1,,0.15031,-0.92572,0.00319,0.38457,-0.02324,-2.16829,spy_options_2021.parquet,6378115
SPY,2021-04-07,2021-04-07T16:00:00-04:00,406.57,2021-09-30,176.0,0.4821917808219178,480.0,call,0.67,0.69,0.71,1,,0.13855,0.04339,0.0024,0.26523,-0.00983,0.08347,spy_options_2021.parquet,6378116
SPY,2021-04-07,2021-04-07T16:00:00-04:00,406.57,2021-09-30,176.0,0.4821917808219178,480.0,put,75.11,77.08,79.89,10,,0.15832,-0.92736,0.00296,0.38032,-0.02366,-2.19465,spy_options_2021.parquet,6378116
SPY,2021-04-07,2021-04-07T16:00:00-04:00,406.57,2021-09-30,176.0,0.4821917808219178,485.0,call,0.54,0.57,0.3,7,,0.14027,0.03679,0.00204,0.22865,-0.00912,0.06964,spy_options_2021.parquet,6378117
SPY,2021-04-07,2021-04-07T16:00:00-04:00,406.57,2021-09-30,176.0,0.4821917808219178,485.0,put,80.26,81.57,0.0,,,0.16095,-0.93599,0.00266,0.34142,-0.02298,-2.23574,spy_options_2021.parquet,6378117
SPY,2021-04-07,2021-04-07T16:00:00-04:00,406.57,2021-09-30,176.0,0.4821917808219178,490.0,call,0.43,0.47,0.5,2,,0.14189,0.03032,0.00167,0.19489,-0.00778,0.05728,spy_options_2021.parquet,6378118
SPY,2021-04-07,2021-04-07T16:00:00-04:00,406.57,2021-09-30,176.0,0.4821917808219178,490.0,put,85.17,86.49,0.0,,,0.1655,-0.94136,0.00235,0.31874,-0.02235,-2.26907,spy_options_2021.parquet,6378118
SPY,2021-04-07,2021-04-07T16:00:00-04:00,406.57,2021-09-30,176.0,0.4821917808219178,495.0,call,0.35,0.39,0.36,1,,0.14322,0.02495,0.0014,0.16774,-0.00614,0.04758,spy_options_2021.parquet,6378119
SPY,2021-04-07,2021-04-07T16:00:00-04:00,406.57,2021-09-30,176.0,0.4821917808219178,495.0,put,90.08,91.4,104.9,1,,0.16959,-0.94616,0.00218,0.29607,-0.0212,-2.30329,spy_options_2021.parquet,6378119
SPY,2021-04-07,2021-04-07T16:00:00-04:00,406.57,2021-09-30,176.0,0.4821917808219178,500.0,call,0.29,0.32,0.33,2,,0.14517,0.02111,0.00119,0.14387,-0.00592,0.04008,spy_options_2021.parquet,6378120
SPY,2021-04-07,2021-04-07T16:00:00-04:00,406.57,2021-09-30,176.0,0.4821917808219178,500.0,put,95.01,96.33,0.0,,,0.17382,-0.95015,0.00198,0.27594,-0.0209,-2.33492,spy_options_2021.parquet,6378120
SPY,2021-04-07,2021-04-07T16:00:00-04:00,406.57,2021-09-30,176.0,0.4821917808219178,505.0,call,0.24,0.27,0.15,1,,0.14668,0.01742,0.00103,0.12479,-0.00525,0.034,spy_options_2021.parquet,6378121
SPY,2021-04-07,2021-04-07T16:00:00-04:00,406.57,2021-09-30,176.0,0.4821917808219178,505.0,put,99.95,101.27,0.0,,,0.17751,-0.95351,0.00177,0.25856,-0.02027,-2.36597,spy_options_2021.parquet,6378121
SPY,2021-04-07,2021-04-07T16:00:00-04:00,406.57,2021-09-30,176.0,0.4821917808219178,510.0,call,0.2,0.23,0.0,,,0.14834,0.01464,0.0009,0.10862,-0.00439,0.02816,spy_options_2021.parquet,6378122
SPY,2021-04-07,2021-04-07T16:00:00-04:00,406.57,2021-09-30,176.0,0.4821917808219178,510.0,put,104.89,106.22,0.0,,,0.18148,-0.95714,0.00169,0.24344,-0.01951,-2.39678,spy_options_2021.parquet,6378122
SPY,2021-04-07,2021-04-07T16:00:00-04:00,406.57,2021-09-30,176.0,0.4821917808219178,515.0,call,0.17,0.19,0.0,,,0.15056,0.01275,0.00073,0.09345,-0.00393,0.02401,spy_options_2021.parquet,6378123
SPY,2021-04-07,2021-04-07T16:00:00-04:00,406.57,2021-09-30,176.0,0.4821917808219178,515.0,put,109.85,111.17,0.0,,,0.18579,-0.96013,0.00158,0.22973,-0.01893,-2.42592,spy_options_2021.parquet,6378123
SPY,2021-04-07,2021-04-07T16:00:00-04:00,406.57,2021-09-30,176.0,0.4821917808219178,520.0,call,0.14,0.17,0.0,,,0.1522,0.01042,0.00066,0.08211,-0.00322,0.02053,spy_options_2021.parquet,6378124
SPY,2021-04-07,2021-04-07T16:00:00-04:00,406.57,2021-09-30,176.0,0.4821917808219178,520.0,put,114.81,116.14,0.0,,,0.19003,-0.9618,0.00142,0.21849,-0.019,-2.454,spy_options_2021.parquet,6378124
