underlying_symbol,quote_date,valuation_timestamp,underlying_price,expiration,vendor_dte,time_to_maturity,strike,option_type,bid,ask,last,volume,open_interest,vendor_iv,vendor_delta,vendor_gamma,vendor_vega,vendor_theta,vendor_rho,source_file,source_row
SPY,2019-02-25,2019-02-25T16:00:00-05:00,279.46,2019-03-04,7.0,0.019178082191780823,210.0,call,69.4,70.0,0.0,,,0.93612,0.98339,0.00106,0.01701,-0.08891,0.04532,spy_options_2019.parquet,4193295
SPY,2019-02-25,2019-02-25T16:00:00-05:00,279.46,2019-03-04,7.0,0.019178082191780823,210.0,put,0.0,0.01,0.03,10,,0.61407,-0.00112,9e-05,0.00126,-0.00278,0.0,spy_options_2019.parquet,4193295
SPY,2019-02-25,2019-02-25T16:00:00-05:00,279.46,2019-03-04,7.0,0.019178082191780823,215.0,call,64.46,64.77,0.0,,,0.80721,0.98792,0.00089,0.01279,-0.05712,0.04628,spy_options_2019.parquet,4193296
SPY,2019-02-25,2019-02-25T16:00:00-05:00,279.46,2019-03-04,7.0,0.019178082191780823,215.0,put,0.0,0.01,0.01,90,,0.56662,-0.00105,0.00011,0.00071,-0.00337,-0.00026,spy_options_2019.parquet,4193296
SPY,2019-02-25,2019-02-25T16:00:00-05:00,279.46,2019-03-04,7.0,0.019178082191780823,220.0,call,59.46,59.76,0.0,,,0.74797,0.98689,0.00116,0.01411,-0.058,0.04774,spy_options_2019.parquet,4193297
SPY,2019-02-25,2019-02-25T16:00:00-05:00,279.46,2019-03-04,7.0,0.019178082191780823,220.0,put,0.0,0.02,0.01,108,,0.52063,-0.00097,9e-05,0.00133,-0.00241,0.0,spy_options_2019.parquet,4193297
SPY,2019-02-25,2019-02-25T16:00:00-05:00,279.46,2019-03-04,7.0,0.019178082191780823,225.0,call,54.45,54.77,53.25,30,,0.68982,0.98528,0.00127,0.01537,-0.05906,0.04884,spy_options_2019.parquet,4193298
SPY,2019-02-25,2019-02-25T16:00:00-05:00,279.46,2019-03-04,7.0,0.019178082191780823,225.0,put,0.0,0.02,0.01,10,,0.47495,-0.00051,0.00012,0.00178,-0.00332,-0.00021,spy_options_2019.parquet,4193298
SPY,2019-02-25,2019-02-25T16:00:00-05:00,279.46,2019-03-04,7.0,0.019178082191780823,230.0,call,49.17,50.17,0.0,,,0.65601,0.98027,0.00182,0.01966,-0.07367,0.04944,spy_options_2019.parquet,4193299
SPY,2019-02-25,2019-02-25T16:00:00-05:00,279.46,2019-03-04,7.0,0.019178082191780823,230.0,put,0.0,0.0,0.01,96,,0.42999,-0.00077,0.0002,0.0011,-0.00309,0.0,spy_options_2019.parquet,4193299
SPY,2019-02-25,2019-02-25T16:00:00-05:00,279.46,2019-03-04,7.0,0.019178082191780823,235.0,call,44.44,44.73,0.0,,,0.54979,0.98538,0.00168,0.01531,-0.04782,0.0502,spy_options_2019.parquet,4193300
SPY,2019-02-25,2019-02-25T16:00:00-05:00,279.46,2019-03-04,7.0,0.019178082191780823,235.0,put,0.0,0.01,0.01,0,,0.38644,-0.00097,0.00023,0.00187,-0.00294,0.0,spy_options_2019.parquet,4193300
SPY,2019-02-25,2019-02-25T16:00:00-05:00,279.46,2019-03-04,7.0,0.019178082191780823,240.0,call,39.41,40.03,0.0,,,0.5569,0.97091,0.00296,0.02759,-0.08844,0.05069,spy_options_2019.parquet,4193301
SPY,2019-02-25,2019-02-25T16:00:00-05:00,279.46,2019-03-04,7.0,0.019178082191780823,240.0,put,0.01,0.02,0.01,35,,0.37961,-0.00326,0.00057,0.00355,-0.0076,-5e-05,spy_options_2019.parquet,4193301
SPY,2019-02-25,2019-02-25T16:00:00-05:00,279.46,2019-03-04,7.0,0.019178082191780823,245.0,call,34.21,35.25,33.52,2,,0.49301,0.96762,0.00358,0.03068,-0.08652,0.05137,spy_options_2019.parquet,4193302
SPY,2019-02-25,2019-02-25T16:00:00-05:00,279.46,2019-03-04,7.0,0.019178082191780823,245.0,put,0.01,0.02,0.03,26,,0.3334,-0.00307,0.00074,0.00395,-0.00738,0.0,spy_options_2019.parquet,4193302
SPY,2019-02-25,2019-02-25T16:00:00-05:00,279.46,2019-03-04,7.0,0.019178082191780823,246.0,call,33.21,34.25,0.0,,,0.4803,0.96612,0.00381,0.031,-0.08566,0.05221,spy_options_2019.parquet,4193303
SPY,2019-02-25,2019-02-25T16:00:00-05:00,279.46,2019-03-04,7.0,0.019178082191780823,246.0,put,0.01,0.02,0.04,480,,0.3247,-0.00351,0.0008,0.00426,-0.00729,-0.00018,spy_options_2019.parquet,4193303
SPY,2019-02-25,2019-02-25T16:00:00-05:00,279.46,2019-03-04,7.0,0.019178082191780823,247.0,call,32.41,32.71,33.96,2,,0.39658,0.98353,0.00255,0.01657,-0.03766,0.05276,spy_options_2019.parquet,4193304
SPY,2019-02-25,2019-02-25T16:00:00-05:00,279.46,2019-03-04,7.0,0.019178082191780823,247.0,put,0.01,0.02,0.01,34,,0.31385,-0.00401,0.00082,0.00485,-0.00761,-0.00027,spy_options_2019.parquet,4193304
SPY,2019-02-25,2019-02-25T16:00:00-05:00,279.46,2019-03-04,7.0,0.019178082191780823,248.0,call,30.1,33.58,0.0,,,0.48565,0.95481,0.0047,0.03881,-0.11185,0.05116,spy_options_2019.parquet,4193305
SPY,2019-02-25,2019-02-25T16:00:00-05:00,279.46,2019-03-04,7.0,0.019178082191780823,248.0,put,0.01,0.02,0.01,20,,0.30397,-0.00415,0.00085,0.00502,-0.00732,0.0,spy_options_2019.parquet,4193305
SPY,2019-02-25,2019-02-25T16:00:00-05:00,279.46,2019-03-04,7.0,0.019178082191780823,249.0,call,29.1,32.47,0.0,,,0.45759,0.95914,0.00465,0.03681,-0.0981,0.0515,spy_options_2019.parquet,4193306
SPY,2019-02-25,2019-02-25T16:00:00-05:00,279.46,2019-03-04,7.0,0.019178082191780823,249.0,put,0.02,0.03,0.01,24,,0.31255,-0.00584,0.00128,0.00734,-0.01127,-0.00022,spy_options_2019.parquet,4193306
SPY,2019-02-25,2019-02-25T16:00:00-05:00,279.46,2019-03-04,7.0,0.019178082191780823,250.0,call,29.62,29.92,28.51,2,,0.43964,0.9592,0.00483,0.03628,-0.09276,0.05235,spy_options_2019.parquet,4193307
SPY,2019-02-25,2019-02-25T16:00:00-05:00,279.46,2019-03-04,7.0,0.019178082191780823,250.0,put,0.01,0.02,0.02,107,,0.30212,-0.00617,0.00133,0.00693,-0.01148,0.0,spy_options_2019.parquet,4193307
SPY,2019-02-25,2019-02-25T16:00:00-05:00,279.46,2019-03-04,7.0,0.019178082191780823,251.0,call,27.1,30.49,0.0,,,0.4327,0.95632,0.00515,0.03863,-0.09809,0.05214,spy_options_2019.parquet,4193308
SPY,2019-02-25,2019-02-25T16:00:00-05:00,279.46,2019-03-04,7.0,0.019178082191780823,251.0,put,0.02,0.04,0.02,30,,0.29376,-0.00617,0.00151,0.00734,-0.01086,-0.00077,spy_options_2019.parquet,4193308
SPY,2019-02-25,2019-02-25T16:00:00-05:00,279.46,2019-03-04,7.0,0.019178082191780823,252.0,call,27.58,27.79,0.0,,,0.39095,0.96583,0.00471,0.03136,-0.07165,0.05327,spy_options_2019.parquet,4193309
SPY,2019-02-25,2019-02-25T16:00:00-05:00,279.46,2019-03-04,7.0,0.019178082191780823,252.0,put,0.03,0.04,0.02,25,,0.28385,-0.00698,0.0016,0.00725,-0.01164,-0.00066,spy_options_2019.parquet,4193309
SPY,2019-02-25,2019-02-25T16:00:00-05:00,279.46,2019-03-04,7.0,0.019178082191780823,253.0,call,26.36,26.94,0.0,,,0.37057,0.96746,0.00476,0.02998,-0.06408,0.05375,spy_options_2019.parquet,4193310
SPY,2019-02-25,2019-02-25T16:00:00-05:00,279.46,2019-03-04,7.0,0.019178082191780823,253.0,put,0.02,0.03,0.02,1,,0.27376,-0.00621,0.00167,0.0083,-0.01159,-0.00054,spy_options_2019.parquet,4193310
SPY,2019-02-25,2019-02-25T16:00:00-05:00,279.46,2019-03-04,7.0,0.019178082191780823,254.0,call,25.52,25.67,17.55,0,,0.33608,0.97358,0.00431,0.02489,-0.04812,0.05387,spy_options_2019.parquet,4193311
SPY,2019-02-25,2019-02-25T16:00:00-05:00,279.46,2019-03-04,7.0,0.019178082191780823,254.0,put,0.02,0.03,0.06,154,,0.2643,-0.00666,0.00174,0.00812,-0.0115,-0.0003,spy_options_2019.parquet,4193311
SPY,2019-02-25,2019-02-25T16:00:00-05:00,279.46,2019-03-04,7.0,0.019178082191780823,255.0,call,24.14,25.12,22.0,1,,0.33728,0.96871,0.00509,0.02954,-0.0574,0.0543,spy_options_2019.parquet,4193312
SPY,2019-02-25,2019-02-25T16:00:00-05:00,279.46,2019-03-04,7.0,0.019178082191780823,255.0,put,0.03,0.04,0.03,0,,0.26513,-0.0092,0.00225,0.01005,-0.01519,-0.00106,spy_options_2019.parquet,4193312
SPY,2019-02-25,2019-02-25T16:00:00-05:00,279.46,2019-03-04,7.0,0.019178082191780823,256.0,call,23.37,23.91,13.52,7,,0.32842,0.96642,0.00554,0.03145,-0.05892,0.05398,spy_options_2019.parquet,4193313
SPY,2019-02-25,2019-02-25T16:00:00-05:00,279.46,2019-03-04,7.0,0.019178082191780823,256.0,put,0.03,0.04,0.03,0,,0.25579,-0.00933,0.00248,0.01105,-0.01474,-0.00059,spy_options_2019.parquet,4193313
SPY,2019-02-25,2019-02-25T16:00:00-05:00,279.46,2019-03-04,7.0,0.019178082191780823,257.0,call,22.34,22.92,12.66,3,,0.31152,0.96748,0.00574,0.03018,-0.05495,0.05451,spy_options_2019.parquet,4193314
SPY,2019-02-25,2019-02-25T16:00:00-05:00,279.46,2019-03-04,7.0,0.019178082191780823,257.0,put,0.02,0.04,0.02,11,,0.24551,-0.01049,0.00261,0.01162,-0.01469,-0.00096,spy_options_2019.parquet,4193314
SPY,2019-02-25,2019-02-25T16:00:00-05:00,279.46,2019-03-04,7.0,0.019178082191780823,258.0,call,21.34,21.92,11.76,6,,0.29938,0.96638,0.00614,0.03091,-0.05441,0.05486,spy_options_2019.parquet,4193315
SPY,2019-02-25,2019-02-25T16:00:00-05:00,279.46,2019-03-04,7.0,0.019178082191780823,258.0,put,0.03,0.03,0.11,1,,0.23569,-0.01031,0.0029,0.01148,-0.01509,-0.00028,spy_options_2019.parquet,4193315
SPY,2019-02-25,2019-02-25T16:00:00-05:00,279.46,2019-03-04,7.0,0.019178082191780823,259.0,call,20.53,20.68,10.94,1,,0.28156,0.96775,0.00623,0.02996,-0.04868,0.05483,spy_options_2019.parquet,4193316
SPY,2019-02-25,2019-02-25T16:00:00-05:00,279.46,2019-03-04,7.0,0.019178082191780823,259.0,put,0.04,0.05,0.04,32,,0.23334,-0.01291,0.00356,0.01446,-0.01779,-0.0005,spy_options_2019.parquet,4193316
SPY,2019-02-25,2019-02-25T16:00:00-05:00,279.46,2019-03-04,7.0,0.019178082191780823,260.0,call,19.62,19.81,11.95,1,,0.29809,0.95125,0.00819,0.04186,-0.07345,0.05386,spy_options_2019.parquet,4193317
SPY,2019-02-25,2019-02-25T16:00:00-05:00,279.46,2019-03-04,7.0,0.019178082191780823,260.0,put,0.04,0.05,0.04,11,,0.22351,-0.01417,0.00386,0.01456,-0.01757,-0.00126,spy_options_2019.parquet,4193317
SPY,2019-02-25,2019-02-25T16:00:00-05:00,279.46,2019-03-04,7.0,0.019178082191780823,261.0,call,18.38,18.93,20.0,2,,0.27005,0.95796,0.00804,0.03715,-0.05862,0.05429,spy_options_2019.parquet,4193318
SPY,2019-02-25,2019-02-25T16:00:00-05:00,279.46,2019-03-04,7.0,0.019178082191780823,261.0,put,0.05,0.06,0.03,11,,0.21894,-0.01651,0.00462,0.01703,-0.02052,-0.00059,spy_options_2019.parquet,4193318
SPY,2019-02-25,2019-02-25T16:00:00-05:00,279.46,2019-03-04,7.0,0.019178082191780823,262.0,call,17.2,17.96,10.24,2,,0.2347,0.97032,0.00708,0.02778,-0.03832,0.0558,spy_options_2019.parquet,4193319
SPY,2019-02-25,2019-02-25T16:00:00-05:00,279.46,2019-03-04,7.0,0.019178082191780823,262.0,put,0.05,0.07,0.03,150,,0.20848,-0.01767,0.00499,0.01809,-0.02073,-0.00128,spy_options_2019.parquet,4193319
SPY,2019-02-25,2019-02-25T16:00:00-05:00,279.46,2019-03-04,7.0,0.019178082191780823,263.0,call,16.7,16.91,9.38,2,,0.27858,0.93178,0.0114,0.05462,-0.09034,0.05291,spy_options_2019.parquet,4193320
SPY,2019-02-25,2019-02-25T16:00:00-05:00,279.46,2019-03-04,7.0,0.019178082191780823,263.0,put,0.06,0.06,0.13,10,,0.20288,-0.02069,0.006,0.02113,-0.0239,-0.00098,spy_options_2019.parquet,4193320
SPY,2019-02-25,2019-02-25T16:00:00-05:00,279.46,2019-03-04,7.0,0.019178082191780823,264.0,call,15.64,15.83,16.51,5,,0.25031,0.94075,0.01143,0.04872,-0.07349,0.05419,spy_options_2019.parquet,4193321
SPY,2019-02-25,2019-02-25T16:00:00-05:00,279.46,2019-03-04,7.0,0.019178082191780823,264.0,put,0.06,0.08,0.07,233,,0.19177,-0.02205,0.00658,0.02152,-0.0234,-0.00129,spy_options_2019.parquet,4193321
SPY,2019-02-25,2019-02-25T16:00:00-05:00,279.46,2019-03-04,7.0,0.019178082191780823,265.0,call,14.55,14.68,15.74,1,,0.20994,0.95857,0.01031,0.03657,-0.04549,0.05586,spy_options_2019.parquet,4193322
SPY,2019-02-25,2019-02-25T16:00:00-05:00,279.46,2019-03-04,7.0,0.019178082191780823,265.0,put,0.07,0.08,0.06,294,,0.18541,-0.02531,0.00777,0.02533,-0.02576,-0.00123,spy_options_2019.parquet,4193322
SPY,2019-02-25,2019-02-25T16:00:00-05:00,279.46,2019-03-04,7.0,0.019178082191780823,266.0,call,13.22,14.15,12.5,0,,0.2143,0.94215,0.01314,0.0485,-0.06207,0.05417,spy_options_2019.parquet,4193323
SPY,2019-02-25,2019-02-25T16:00:00-05:00,279.46,2019-03-04,7.0,0.019178082191780823,266.0,put,0.08,0.09,0.07,5,,0.17846,-0.02951,0.00913,0.02765,-0.02815,-0.00201,spy_options_2019.parquet,4193323
SPY,2019-02-25,2019-02-25T16:00:00-05:00,279.46,2019-03-04,7.0,0.019178082191780823,267.0,call,12.68,12.85,11.55,0,,0.21605,0.92564,0.01574,0.05812,-0.07544,0.05343,spy_options_2019.parquet,4193324
SPY,2019-02-25,2019-02-25T16:00:00-05:00,279.46,2019-03-04,7.0,0.019178082191780823,267.0,put,0.1,0.11,0.07,6,,0.17366,-0.03623,0.01113,0.03291,-0.03298,-0.00271,spy_options_2019.parquet,4193324
SPY,2019-02-25,2019-02-25T16:00:00-05:00,279.46,2019-03-04,7.0,0.019178082191780823,268.0,call,11.62,11.77,10.24,3,,0.19013,0.93335,0.01643,0.05328,-0.06182,0.05428,spy_options_2019.parquet,4193325
SPY,2019-02-25,2019-02-25T16:00:00-05:00,279.46,2019-03-04,7.0,0.019178082191780823,268.0,put,0.11,0.11,0.08,25,,0.16377,-0.04124,0.01307,0.03717,-0.03549,-0.00276,spy_options_2019.parquet,4193325
SPY,2019-02-25,2019-02-25T16:00:00-05:00,279.46,2019-03-04,7.0,0.019178082191780823,269.0,call,10.48,11.02,11.61,5,,0.1871,0.91729,0.01965,0.06243,-0.07121,0.05366,spy_options_2019.parquet,4193326
SPY,2019-02-25,2019-02-25T16:00:00-05:00,279.46,2019-03-04,7.0,0.019178082191780823,269.0,put,0.13,0.14,0.13,376,,0.15716,-0.04922,0.0157,0.04298,-0.03914,-0.00319,spy_options_2019.parquet,4193326
SPY,2019-02-25,2019-02-25T16:00:00-05:00,279.46,2019-03-04,7.0,0.019178082191780823,270.0,call,9.66,9.9,10.81,9,,0.17761,0.90758,0.02264,0.06814,-0.07443,0.05321,spy_options_2019.parquet,4193327
SPY,2019-02-25,2019-02-25T16:00:00-05:00,279.46,2019-03-04,7.0,0.019178082191780823,270.0,put,0.16,0.17,0.17,271,,0.15107,-0.06035,0.01922,0.05051,-0.04527,-0.00332,spy_options_2019.parquet,4193327
SPY,2019-02-25,2019-02-25T16:00:00-05:00,279.46,2019-03-04,7.0,0.019178082191780823,271.0,call,8.51,9.13,10.21,1,,0.16829,0.8936,0.02635,0.076,-0.07836,0.05232,spy_options_2019.parquet,4193328
SPY,2019-02-25,2019-02-25T16:00:00-05:00,279.46,2019-03-04,7.0,0.019178082191780823,271.0,put,0.2,0.21,0.21,92,,0.1452,-0.07505,0.02353,0.05884,-0.05126,-0.00438,spy_options_2019.parquet,4193328
SPY,2019-02-25,2019-02-25T16:00:00-05:00,279.46,2019-03-04,7.0,0.019178082191780823,272.0,call,7.97,8.04,9.47,13,,0.17529,0.85518,0.03146,0.09455,-0.10293,0.05024,spy_options_2019.parquet,4193329
SPY,2019-02-25,2019-02-25T16:00:00-05:00,279.46,2019-03-04,7.0,0.019178082191780823,272.0,put,0.25,0.26,0.25,137,,0.13944,-0.09381,0.02889,0.06924,-0.05892,-0.00564,spy_options_2019.parquet,4193329
SPY,2019-02-25,2019-02-25T16:00:00-05:00,279.46,2019-03-04,7.0,0.019178082191780823,273.0,call,6.85,6.92,7.75,6,,0.14616,0.86208,0.03637,0.09085,-0.08275,0.05166,spy_options_2019.parquet,4193330
SPY,2019-02-25,2019-02-25T16:00:00-05:00,279.46,2019-03-04,7.0,0.019178082191780823,273.0,put,0.31,0.32,0.31,88,,0.1334,-0.11552,0.03542,0.08079,-0.0664,-0.00737,spy_options_2019.parquet,4193330
SPY,2019-02-25,2019-02-25T16:00:00-05:00,279.46,2019-03-04,7.0,0.019178082191780823,274.0,call,5.97,6.02,6.2,21,,0.14118,0.83068,0.0433,0.10448,-0.09225,0.04903,spy_options_2019.parquet,4193331
SPY,2019-02-25,2019-02-25T16:00:00-05:00,279.46,2019-03-04,7.0,0.019178082191780823,274.0,put,0.4,0.4,0.37,,,0.12719,-0.14509,0.04332,0.0945,-0.07412,-0.00859,spy_options_2019.parquet,4193331
SPY,2019-02-25,2019-02-25T16:00:00-05:00,279.46,2019-03-04,7.0,0.019178082191780823,275.0,call,5.06,5.11,5.41,42,,0.13172,0.798,0.05162,0.11643,-0.09727,0.04724,spy_options_2019.parquet,4193332
SPY,2019-02-25,2019-02-25T16:00:00-05:00,279.46,2019-03-04,7.0,0.019178082191780823,275.0,put,0.5,0.51,0.48,,,0.12149,-0.18278,0.05276,0.10989,-0.08373,-0.01147,spy_options_2019.parquet,4193332
SPY,2019-02-25,2019-02-25T16:00:00-05:00,279.46,2019-03-04,7.0,0.019178082191780823,276.0,call,4.21,4.25,4.41,83,,0.12544,0.75261,0.06112,0.13062,-0.10407,0.04562,spy_options_2019.parquet,4193333
SPY,2019-02-25,2019-02-25T16:00:00-05:00,279.46,2019-03-04,7.0,0.019178082191780823,276.0,put,0.63,0.65,0.64,475,,0.11447,-0.22839,0.0638,0.12575,-0.09125,-0.01429,spy_options_2019.parquet,4193333
SPY,2019-02-25,2019-02-25T16:00:00-05:00,279.46,2019-03-04,7.0,0.019178082191780823,277.0,call,3.45,3.48,3.56,363,,0.12189,0.69075,0.06978,0.14589,-0.11408,0.04166,spy_options_2019.parquet,4193334
SPY,2019-02-25,2019-02-25T16:00:00-05:00,279.46,2019-03-04,7.0,0.019178082191780823,277.0,put,0.84,0.86,0.82,643,,0.11076,-0.29184,0.07486,0.14211,-0.10102,-0.01813,spy_options_2019.parquet,4193334
SPY,2019-02-25,2019-02-25T16:00:00-05:00,279.46,2019-03-04,7.0,0.019178082191780823,278.0,call,2.66,2.69,2.82,443,,0.11271,0.62717,0.08145,0.15699,-0.11299,0.03752,spy_options_2019.parquet,4193335
SPY,2019-02-25,2019-02-25T16:00:00-05:00,279.46,2019-03-04,7.0,0.019178082191780823,278.0,put,1.06,1.09,1.04,,,0.1037,-0.36306,0.08778,0.15511,-0.10349,-0.02242,spy_options_2019.parquet,4193335
SPY,2019-02-25,2019-02-25T16:00:00-05:00,279.46,2019-03-04,7.0,0.019178082191780823,279.0,call,2.01,2.06,2.11,886,,0.10841,0.54406,0.088,0.16357,-0.11569,0.03239,spy_options_2019.parquet,4193336
SPY,2019-02-25,2019-02-25T16:00:00-05:00,279.46,2019-03-04,7.0,0.019178082191780823,279.0,put,1.39,1.41,1.4,,,0.09723,-0.45143,0.09804,0.16417,-0.10269,-0.02736,spy_options_2019.parquet,4193336
SPY,2019-02-25,2019-02-25T16:00:00-05:00,279.46,2019-03-04,7.0,0.019178082191780823,280.0,call,1.43,1.44,1.5,,,0.10318,0.45237,0.09321,0.16409,-0.1083,0.02786,spy_options_2019.parquet,4193337
SPY,2019-02-25,2019-02-25T16:00:00-05:00,279.46,2019-03-04,7.0,0.019178082191780823,280.0,put,1.86,1.88,1.83,,,0.09622,-0.5508,0.09955,0.16343,-0.10163,-0.03257,spy_options_2019.parquet,4193337
SPY,2019-02-25,2019-02-25T16:00:00-05:00,279.46,2019-03-04,7.0,0.019178082191780823,281.0,call,1.0,1.02,1.05,,,0.10099,0.35951,0.08969,0.15508,-0.10057,0.02166,spy_options_2019.parquet,4193338
SPY,2019-02-25,2019-02-25T16:00:00-05:00,279.46,2019-03-04,7.0,0.019178082191780823,281.0,put,2.37,2.42,2.33,,,0.09087,-0.65597,0.09782,0.15282,-0.08898,-0.03842,spy_options_2019.parquet,4193338
SPY,2019-02-25,2019-02-25T16:00:00-05:00,279.46,2019-03-04,7.0,0.019178082191780823,282.0,call,0.65,0.67,0.69,,,0.09791,0.26839,0.08145,0.1362,-0.08558,0.01666,spy_options_2019.parquet,4193339
SPY,2019-02-25,2019-02-25T16:00:00-05:00,279.46,2019-03-04,7.0,0.019178082191780823,282.0,put,2.97,3.05,2.93,,,0.08346,-0.7659,0.08822,0.12706,-0.0666,-0.04219,spy_options_2019.parquet,4193339
SPY,2019-02-25,2019-02-25T16:00:00-05:00,279.46,2019-03-04,7.0,0.019178082191780823,283.0,call,0.41,0.43,0.42,,,0.09737,0.19258,0.06809,0.1133,-0.06944,0.01142,spy_options_2019.parquet,4193340
SPY,2019-02-25,2019-02-25T16:00:00-05:00,279.46,2019-03-04,7.0,0.019178082191780823,283.0,put,3.82,3.88,3.57,368,,0.08684,-0.83359,0.06783,0.10379,-0.05568,-0.04301,spy_options_2019.parquet,4193340
SPY,2019-02-25,2019-02-25T16:00:00-05:00,279.46,2019-03-04,7.0,0.019178082191780823,284.0,call,0.23,0.25,0.25,,,0.093,0.12372,0.0528,0.08415,-0.0486,0.00761,spy_options_2019.parquet,4193341
SPY,2019-02-25,2019-02-25T16:00:00-05:00,279.46,2019-03-04,7.0,0.019178082191780823,284.0,put,4.42,4.61,4.03,252,,,-1.0,0.0,0.0,0.0,0.0,spy_options_2019.parquet,4193341
SPY,2019-02-25,2019-02-25T16:00:00-05:00,279.46,2019-03-04,7.0,0.019178082191780823,285.0,call,0.12,0.12,0.14,575,,0.09121,0.07438,0.03721,0.05815,-0.03158,0.00439,spy_options_2019.parquet,4193342
SPY,2019-02-25,2019-02-25T16:00:00-05:00,279.46,2019-03-04,7.0,0.019178082191780823,285.0,put,5.53,5.71,4.81,12,,0.08521,-0.93145,0.02732,0.05407,-0.02798,-0.03345,spy_options_2019.parquet,4193342
SPY,2019-02-25,2019-02-25T16:00:00-05:00,279.46,2019-03-04,7.0,0.019178082191780823,286.0,call,0.06,0.07,0.06,672,,0.09086,0.04261,0.02433,0.03806,-0.01987,0.00307,spy_options_2019.parquet,4193343
SPY,2019-02-25,2019-02-25T16:00:00-05:00,279.46,2019-03-04,7.0,0.019178082191780823,286.0,put,6.48,6.68,5.91,10,,0.08761,-0.94683,0.01229,0.04275,-0.02334,-0.0239,spy_options_2019.parquet,4193343
SPY,2019-02-25,2019-02-25T16:00:00-05:00,279.46,2019-03-04,7.0,0.019178082191780823,287.0,call,0.03,0.05,0.04,639,,0.09052,0.02463,0.01522,0.02386,-0.01206,0.00112,spy_options_2019.parquet,4193344
SPY,2019-02-25,2019-02-25T16:00:00-05:00,279.46,2019-03-04,7.0,0.019178082191780823,287.0,put,7.48,7.62,6.15,10,,0.09459,-0.95003,0.00461,0.04012,-0.01534,-0.01854,spy_options_2019.parquet,4193344
SPY,2019-02-25,2019-02-25T16:00:00-05:00,279.46,2019-03-04,7.0,0.019178082191780823,288.0,call,0.02,0.02,0.02,538,,0.09021,0.01244,0.00839,0.01247,-0.00612,0.00061,spy_options_2019.parquet,4193345
SPY,2019-02-25,2019-02-25T16:00:00-05:00,279.46,2019-03-04,7.0,0.019178082191780823,288.0,put,8.36,8.55,11.27,7,,,-1.0,0.0,0.0,0.0,0.0,spy_options_2019.parquet,4193345
SPY,2019-02-25,2019-02-25T16:00:00-05:00,279.46,2019-03-04,7.0,0.019178082191780823,289.0,call,0.0,0.02,0.02,279,,0.09851,0.01087,0.0071,0.01236,-0.00686,0.00073,spy_options_2019.parquet,4193346
SPY,2019-02-25,2019-02-25T16:00:00-05:00,279.46,2019-03-04,7.0,0.019178082191780823,289.0,put,9.21,9.86,0.0,,,,-1.0,0.0,0.0,0.0,0.0,spy_options_2019.parquet,4193346
SPY,2019-02-25,2019-02-25T16:00:00-05:00,279.46,2019-03-04,7.0,0.019178082191780823,290.0,call,0.0,0.02,0.02,128,,0.09453,0.00385,0.00313,0.00529,-0.00279,0.00036,spy_options_2019.parquet,4193347
SPY,2019-02-25,2019-02-25T16:00:00-05:00,279.46,2019-03-04,7.0,0.019178082191780823,290.0,put,10.54,10.63,9.41,21,,0.13693,-0.94678,0.0057,0.04261,-0.03598,-0.02187,spy_options_2019.parquet,4193347
SPY,2019-02-25,2019-02-25T16:00:00-05:00,279.46,2019-03-04,7.0,0.019178082191780823,291.0,call,0.0,0.01,0.01,8,,0.1027,0.00411,0.00267,0.00425,-0.00283,0.00036,spy_options_2019.parquet,4193348
SPY,2019-02-25,2019-02-25T16:00:00-05:00,279.46,2019-03-04,7.0,0.019178082191780823,291.0,put,11.36,11.56,0.0,,,,-1.0,0.0,0.0,0.0,0.0,spy_options_2019.parquet,4193348
SPY,2019-02-25,2019-02-25T16:00:00-05:00,279.46,2019-03-04,7.0,0.019178082191780823,292.0,call,0.0,0.01,0.01,130,,0.10957,0.00372,0.00241,0.00484,-0.00293,6e-05,spy_options_2019.parquet,4193349
SPY,2019-02-25,2019-02-25T16:00:00-05:00,279.46,2019-03-04,7.0,0.019178082191780823,292.0,put,12.31,12.61,0.0,,,,-1.0,0.0,0.0,0.0,0.0,spy_options_2019.parquet,4193349
SPY,2019-02-25,2019-02-25T16:00:00-05:00,279.46,2019-03-04,7.0,0.019178082191780823,293.0,call,0.0,0.01,0.01,1,,0.11799,0.00333,0.00213,0.00386,-0.00235,0.00012,spy_options_2019.parquet,4193350
SPY,2019-02-25,2019-02-25T16:00:00-05:00,279.46,2019-03-04,7.0,0.019178082191780823,293.0,put,13.29,13.51,0.0,,,,-1.0,0.0,0.0,0.0,0.0,spy_options_2019.parquet,4193350
SPY,2019-02-25,2019-02-25T16:00:00-05:00,279.46,2019-03-04,7.0,0.019178082191780823,294.0,call,0.0,0.01,0.0,,,0.12483,0.00356,0.00191,0.00416,-0.00232,0.00013,spy_options_2019.parquet,4193351
SPY,2019-02-25,2019-02-25T16:00:00-05:00,279.46,2019-03-04,7.0,0.019178082191780823,294.0,put,14.34,14.54,0.0,,,,-1.0,0.0,0.0,0.0,0.0,spy_options_2019.parquet,4193351
SPY,2019-02-25,2019-02-25T16:00:00-05:00,279.46,2019-03-04,7.0,0.019178082191780823,295.0,call,0.0,0.01,0.01,53,,0.13233,0.00325,0.00165,0.0041,-0.00267,-0.00013,spy_options_2019.parquet,4193352
SPY,2019-02-25,2019-02-25T16:00:00-05:00,279.46,2019-03-04,7.0,0.019178082191780823,295.0,put,14.87,15.9,0.0,,,,-1.0,0.0,0.0,0.0,0.0,spy_options_2019.parquet,4193352
SPY,2019-02-25,2019-02-25T16:00:00-05:00,279.46,2019-03-04,7.0,0.019178082191780823,296.0,call,0.0,0.01,0.0,,,0.14059,0.00297,0.00147,0.0039,-0.00288,0.00014,spy_options_2019.parquet,4193353
SPY,2019-02-25,2019-02-25T16:00:00-05:00,279.46,2019-03-04,7.0,0.019178082191780823,296.0,put,16.39,16.54,0.0,,,,-1.0,0.0,0.0,0.0,0.0,spy_options_2019.parquet,4193353
SPY,2019-02-25,2019-02-25T16:00:00-05:00,279.46,2019-03-04,7.0,0.019178082191780823,297.0,call,0.0,0.02,0.0,,,0.14739,0.003,0.00135,0.0033,-0.00261,0.00019,spy_options_2019.parquet,4193354
SPY,2019-02-25,2019-02-25T16:00:00-05:00,279.46,2019-03-04,7.0,0.019178082191780823,297.0,put,17.31,17.61,0.0,,,,-1.0,0.0,0.0,0.0,0.0,spy_options_2019.parquet,4193354
SPY,2019-02-25,2019-02-25T16:00:00-05:00,279.46,2019-03-04,7.0,0.019178082191780823,298.0,call,0.0,0.02,0.0,,,0.15532,0.00269,0.00123,0.00292,-0.00253,-0.0003,spy_options_2019.parquet,4193355
SPY,2019-02-25,2019-02-25T16:00:00-05:00,279.46,2019-03-04,7.0,0.019178082191780823,298.0,put,18.4,18.52,0.0,,,,-1.0,0.0,0.0,0.0,0.0,spy_options_2019.parquet,4193355
SPY,2019-02-25,2019-02-25T16:00:00-05:00,279.46,2019-03-04,7.0,0.019178082191780823,299.0,call,0.0,0.01,0.0,,,0.16253,0.00211,0.00119,0.00368,-0.00273,0.0003,spy_options_2019.parquet,4193356
SPY,2019-02-25,2019-02-25T16:00:00-05:00,279.46,2019-03-04,7.0,0.019178082191780823,299.0,put,19.34,19.53,0.0,,,,-1.0,0.0,0.0,0.0,0.0,spy_options_2019.parquet,4193356
SPY,2019-02-25,2019-02-25T16:00:00-05:00,279.46,2019-03-04,7.0,0.019178082191780823,300.0,call,0.0,0.01,0.0,,,0.16955,0.0021,0.00112,0.00349,-0.0022,-0.00032,spy_options_2019.parquet,4193357
SPY,2019-02-25,2019-02-25T16:00:00-05:00,279.46,2019-03-04,7.0,0.019178082191780823,300.0,put,20.5,20.67,0.0,,,0.25847,-0.9434,0.0018,0.04341,-0.04454,-0.0195,spy_options_2019.parquet,4193357
SPY,2019-02-25,2019-02-25T16:00:00-05:00,279.46,2019-03-06,9.0,0.024657534246575342,215.0,call,64.49,64.8,0.0,,,0.74654,0.98509,0.00111,0.01743,-0.05803,0.05792,spy_options_2019.parquet,4193358
SPY,2019-02-25,2019-02-25T16:00:00-05:00,279.46,2019-03-06,9.0,0.024657534246575342,215.0,put,0.0,0.01,0.01,12,,0.50673,-0.00073,0.0001,0.00123,-0.00213,-0.00047,spy_options_2019.parquet,4193358
SPY,2019-02-25,2019-02-25T16:00:00-05:00,279.46,2019-03-06,9.0,0.024657534246575342,220.0,call,59.43,60.04,0.0,,,0.73494,0.97867,0.00147,0.02371,-0.08062,0.05874,spy_options_2019.parquet,4193359
SPY,2019-02-25,2019-02-25T16:00:00-05:00,279.46,2019-03-06,9.0,0.024657534246575342,220.0,put,0.0,0.0,0.01,44,,0.46583,-0.0008,9e-05,0.00115,-0.00215,-0.00012,spy_options_2019.parquet,4193359
SPY,2019-02-25,2019-02-25T16:00:00-05:00,279.46,2019-03-06,9.0,0.024657534246575342,225.0,call,54.2,55.18,0.0,,,0.65454,0.97981,0.00162,0.02198,-0.06757,0.06013,spy_options_2019.parquet,4193360
SPY,2019-02-25,2019-02-25T16:00:00-05:00,279.46,2019-03-06,9.0,0.024657534246575342,225.0,put,0.0,0.03,0.01,0,,0.47015,-0.00249,0.0003,0.00317,-0.00658,-0.00061,spy_options_2019.parquet,4193360
SPY,2019-02-25,2019-02-25T16:00:00-05:00,279.46,2019-03-06,9.0,0.024657534246575342,230.0,call,48.12,51.42,45.91,2,,0.62602,0.97377,0.00214,0.02848,-0.08321,0.06048,spy_options_2019.parquet,4193361
SPY,2019-02-25,2019-02-25T16:00:00-05:00,279.46,2019-03-06,9.0,0.024657534246575342,230.0,put,0.0,0.02,0.01,25,,0.42529,-0.00293,0.00038,0.00356,-0.00689,-0.00056,spy_options_2019.parquet,4193361
SPY,2019-02-25,2019-02-25T16:00:00-05:00,279.46,2019-03-06,9.0,0.024657534246575342,235.0,call,43.12,46.59,0.0,,,0.59581,0.96488,0.00279,0.03629,-0.10138,0.06129,spy_options_2019.parquet,4193362
SPY,2019-02-25,2019-02-25T16:00:00-05:00,279.46,2019-03-06,9.0,0.024657534246575342,235.0,put,0.01,0.01,0.01,80,,0.3823,-0.00276,0.00046,0.0041,-0.00691,0.0,spy_options_2019.parquet,4193362
SPY,2019-02-25,2019-02-25T16:00:00-05:00,279.46,2019-03-06,9.0,0.024657534246575342,240.0,call,39.45,39.75,38.57,1,,0.4469,0.98234,0.00219,0.02056,-0.04204,0.06472,spy_options_2019.parquet,4193363
SPY,2019-02-25,2019-02-25T16:00:00-05:00,279.46,2019-03-06,9.0,0.024657534246575342,240.0,put,0.02,0.03,0.02,61,,0.35885,-0.00522,0.00083,0.00652,-0.00953,-0.00041,spy_options_2019.parquet,4193363
SPY,2019-02-25,2019-02-25T16:00:00-05:00,279.46,2019-03-06,9.0,0.024657534246575342,245.0,call,34.57,34.71,31.9,1,,0.41051,0.9756,0.00302,0.02623,-0.05121,0.06556,spy_options_2019.parquet,4193364
SPY,2019-02-25,2019-02-25T16:00:00-05:00,279.46,2019-03-06,9.0,0.024657534246575342,245.0,put,0.03,0.03,0.01,47,,0.3263,-0.00706,0.00132,0.00903,-0.01263,-0.00067,spy_options_2019.parquet,4193364
SPY,2019-02-25,2019-02-25T16:00:00-05:00,279.46,2019-03-06,9.0,0.024657534246575342,246.0,call,33.51,33.71,0.0,,,0.38855,0.97789,0.00288,0.02413,-0.04353,0.06578,spy_options_2019.parquet,4193365
SPY,2019-02-25,2019-02-25T16:00:00-05:00,279.46,2019-03-06,9.0,0.024657534246575342,246.0,put,0.03,0.04,0.07,250,,0.31848,-0.00699,0.0013,0.00975,-0.01294,-0.00025,spy_options_2019.parquet,4193365
SPY,2019-02-25,2019-02-25T16:00:00-05:00,279.46,2019-03-06,9.0,0.024657534246575342,247.0,call,32.56,32.7,0.0,,,0.38987,0.97427,0.00336,0.02736,-0.05007,0.06539,spy_options_2019.parquet,4193366
SPY,2019-02-25,2019-02-25T16:00:00-05:00,279.46,2019-03-06,9.0,0.024657534246575342,247.0,put,0.03,0.03,0.02,0,,0.30954,-0.00697,0.00146,0.0094,-0.01296,-0.00025,spy_options_2019.parquet,4193366
SPY,2019-02-25,2019-02-25T16:00:00-05:00,279.46,2019-03-06,9.0,0.024657534246575342,248.0,call,31.52,31.72,0.0,,,0.36945,0.97621,0.0033,0.02599,-0.04452,0.06608,spy_options_2019.parquet,4193367
SPY,2019-02-25,2019-02-25T16:00:00-05:00,279.46,2019-03-06,9.0,0.024657534246575342,248.0,put,0.03,0.04,0.02,60,,0.29979,-0.00791,0.00149,0.01013,-0.01249,-0.00031,spy_options_2019.parquet,4193367
SPY,2019-02-25,2019-02-25T16:00:00-05:00,279.46,2019-03-06,9.0,0.024657534246575342,249.0,call,30.4,31.04,25.65,7,,0.39073,0.96478,0.00423,0.03581,-0.06565,0.06509,spy_options_2019.parquet,4193368
SPY,2019-02-25,2019-02-25T16:00:00-05:00,279.46,2019-03-06,9.0,0.024657534246575342,249.0,put,0.03,0.04,0.02,113,,0.29146,-0.00795,0.00161,0.01035,-0.01316,-0.00084,spy_options_2019.parquet,4193368
SPY,2019-02-25,2019-02-25T16:00:00-05:00,279.46,2019-03-06,9.0,0.024657534246575342,250.0,call,29.52,29.72,21.66,4,,0.34979,0.97492,0.00372,0.02729,-0.04449,0.06649,spy_options_2019.parquet,4193369
SPY,2019-02-25,2019-02-25T16:00:00-05:00,279.46,2019-03-06,9.0,0.024657534246575342,250.0,put,0.05,0.04,0.02,35,,0.29124,-0.00971,0.0019,0.01255,-0.0154,-0.00086,spy_options_2019.parquet,4193369
SPY,2019-02-25,2019-02-25T16:00:00-05:00,279.46,2019-03-06,9.0,0.024657534246575342,251.0,call,28.56,28.72,0.0,,,0.3443,0.97226,0.00397,0.02955,-0.04752,0.06683,spy_options_2019.parquet,4193370
SPY,2019-02-25,2019-02-25T16:00:00-05:00,279.46,2019-03-06,9.0,0.024657534246575342,251.0,put,0.05,0.05,0.02,60,,0.28131,-0.00974,0.00204,0.01271,-0.01551,-0.00031,spy_options_2019.parquet,4193370
SPY,2019-02-25,2019-02-25T16:00:00-05:00,279.46,2019-03-06,9.0,0.024657534246575342,252.0,call,27.53,27.71,0.0,,,0.33085,0.97219,0.00413,0.02944,-0.04525,0.06701,spy_options_2019.parquet,4193371
SPY,2019-02-25,2019-02-25T16:00:00-05:00,279.46,2019-03-06,9.0,0.024657534246575342,252.0,put,0.04,0.05,0.02,72,,0.2728,-0.00996,0.00221,0.01246,-0.0152,-0.00112,spy_options_2019.parquet,4193371
SPY,2019-02-25,2019-02-25T16:00:00-05:00,279.46,2019-03-06,9.0,0.024657534246575342,253.0,call,26.64,26.85,24.23,1,,0.35235,0.95822,0.00546,0.04075,-0.06874,0.06586,spy_options_2019.parquet,4193372
SPY,2019-02-25,2019-02-25T16:00:00-05:00,279.46,2019-03-06,9.0,0.024657534246575342,253.0,put,0.04,0.05,0.03,42,,0.27047,-0.01243,0.00254,0.01537,-0.01804,-0.00136,spy_options_2019.parquet,4193372
SPY,2019-02-25,2019-02-25T16:00:00-05:00,279.46,2019-03-06,9.0,0.024657534246575342,254.0,call,25.44,26.0,20.73,7,,0.3372,0.95873,0.00562,0.04074,-0.06546,0.06641,spy_options_2019.parquet,4193373
SPY,2019-02-25,2019-02-25T16:00:00-05:00,279.46,2019-03-06,9.0,0.024657534246575342,254.0,put,0.05,0.06,0.05,24,,0.26116,-0.01294,0.00275,0.01542,-0.01752,-0.0009,spy_options_2019.parquet,4193373
SPY,2019-02-25,2019-02-25T16:00:00-05:00,279.46,2019-03-06,9.0,0.024657534246575342,255.0,call,24.64,24.85,0.0,,,0.33189,0.95474,0.00612,0.04338,-0.06891,0.06614,spy_options_2019.parquet,4193374
SPY,2019-02-25,2019-02-25T16:00:00-05:00,279.46,2019-03-06,9.0,0.024657534246575342,255.0,put,0.04,0.05,0.03,26,,0.25236,-0.01296,0.00294,0.01574,-0.018,-0.00086,spy_options_2019.parquet,4193374
SPY,2019-02-25,2019-02-25T16:00:00-05:00,279.46,2019-03-06,9.0,0.024657534246575342,256.0,call,23.59,23.75,21.28,1,,0.30135,0.96257,0.0058,0.03765,-0.05343,0.0672,spy_options_2019.parquet,4193375
SPY,2019-02-25,2019-02-25T16:00:00-05:00,279.46,2019-03-06,9.0,0.024657534246575342,256.0,put,0.05,0.07,0.05,0,,0.24857,-0.01539,0.0034,0.01871,-0.02087,-0.00153,spy_options_2019.parquet,4193375
SPY,2019-02-25,2019-02-25T16:00:00-05:00,279.46,2019-03-06,9.0,0.024657534246575342,257.0,call,22.6,22.82,20.62,3,,0.29855,0.95693,0.00653,0.04236,-0.05962,0.06656,spy_options_2019.parquet,4193376
SPY,2019-02-25,2019-02-25T16:00:00-05:00,279.46,2019-03-06,9.0,0.024657534246575342,257.0,put,0.05,0.08,0.06,0,,0.24135,-0.0173,0.00383,0.02009,-0.0217,-0.00105,spy_options_2019.parquet,4193376
SPY,2019-02-25,2019-02-25T16:00:00-05:00,279.46,2019-03-06,9.0,0.024657534246575342,258.0,call,21.56,21.72,12.4,1,,0.26918,0.96506,0.00622,0.0361,-0.04495,0.06762,spy_options_2019.parquet,4193377
SPY,2019-02-25,2019-02-25T16:00:00-05:00,279.46,2019-03-06,9.0,0.024657534246575342,258.0,put,0.07,0.08,0.04,3,,0.23431,-0.01904,0.0042,0.02146,-0.02312,-0.00185,spy_options_2019.parquet,4193377
SPY,2019-02-25,2019-02-25T16:00:00-05:00,279.46,2019-03-06,9.0,0.024657534246575342,259.0,call,20.24,21.18,17.35,1,,0.27621,0.95381,0.00753,0.04402,-0.05854,0.06695,spy_options_2019.parquet,4193378
SPY,2019-02-25,2019-02-25T16:00:00-05:00,279.46,2019-03-06,9.0,0.024657534246575342,259.0,put,0.08,0.1,0.05,3,,0.22938,-0.02162,0.00482,0.02432,-0.02466,-0.00163,spy_options_2019.parquet,4193378
SPY,2019-02-25,2019-02-25T16:00:00-05:00,279.46,2019-03-06,9.0,0.024657534246575342,260.0,call,19.47,19.99,18.77,1,,0.27094,0.94835,0.00843,0.04833,-0.06306,0.06722,spy_options_2019.parquet,4193379
SPY,2019-02-25,2019-02-25T16:00:00-05:00,279.46,2019-03-06,9.0,0.024657534246575342,260.0,put,0.07,0.09,0.07,3,,0.21912,-0.02199,0.00523,0.025,-0.02459,-0.00162,spy_options_2019.parquet,4193379
SPY,2019-02-25,2019-02-25T16:00:00-05:00,279.46,2019-03-06,9.0,0.024657534246575342,261.0,call,18.65,18.76,16.21,10,,0.25282,0.95064,0.00875,0.04723,-0.05698,0.06751,spy_options_2019.parquet,4193380
SPY,2019-02-25,2019-02-25T16:00:00-05:00,279.46,2019-03-06,9.0,0.024657534246575342,261.0,put,0.09,0.11,0.05,5,,0.21318,-0.02502,0.00601,0.02747,-0.02699,-0.00167,spy_options_2019.parquet,4193380
SPY,2019-02-25,2019-02-25T16:00:00-05:00,279.46,2019-03-06,9.0,0.024657534246575342,262.0,call,17.65,17.8,15.76,3,,0.24669,0.94517,0.00967,0.05096,-0.06067,0.06748,spy_options_2019.parquet,4193381
SPY,2019-02-25,2019-02-25T16:00:00-05:00,279.46,2019-03-06,9.0,0.024657534246575342,262.0,put,0.11,0.1,0.07,10,,0.20638,-0.0283,0.00675,0.03056,-0.02938,-0.00247,spy_options_2019.parquet,4193381
SPY,2019-02-25,2019-02-25T16:00:00-05:00,279.46,2019-03-06,9.0,0.024657534246575342,263.0,call,16.64,16.81,15.08,20,,0.23415,0.94317,0.01049,0.05294,-0.05958,0.06804,spy_options_2019.parquet,4193382
SPY,2019-02-25,2019-02-25T16:00:00-05:00,279.46,2019-03-06,9.0,0.024657534246575342,263.0,put,0.11,0.11,0.09,25,,0.19917,-0.03164,0.00769,0.03267,-0.03106,-0.00255,spy_options_2019.parquet,4193382
SPY,2019-02-25,2019-02-25T16:00:00-05:00,279.46,2019-03-06,9.0,0.024657534246575342,264.0,call,15.65,15.82,12.02,32,,0.22438,0.93929,0.01152,0.05564,-0.06002,0.06732,spy_options_2019.parquet,4193383
SPY,2019-02-25,2019-02-25T16:00:00-05:00,279.46,2019-03-06,9.0,0.024657534246575342,264.0,put,0.13,0.15,0.1,28,,0.19422,-0.03675,0.00899,0.0379,-0.03415,-0.00259,spy_options_2019.parquet,4193383
SPY,2019-02-25,2019-02-25T16:00:00-05:00,279.46,2019-03-06,9.0,0.024657534246575342,265.0,call,14.68,14.83,13.72,0,,0.21626,0.93337,0.01287,0.05945,-0.06251,0.06789,spy_options_2019.parquet,4193384
SPY,2019-02-25,2019-02-25T16:00:00-05:00,279.46,2019-03-06,9.0,0.024657534246575342,265.0,put,0.14,0.15,0.12,1,,0.18615,-0.04114,0.0102,0.04062,-0.03551,-0.00331,spy_options_2019.parquet,4193384
SPY,2019-02-25,2019-02-25T16:00:00-05:00,279.46,2019-03-06,9.0,0.024657534246575342,266.0,call,13.7,13.86,12.66,20,,0.20813,0.92682,0.01444,0.06453,-0.06544,0.06711,spy_options_2019.parquet,4193385
SPY,2019-02-25,2019-02-25T16:00:00-05:00,279.46,2019-03-06,9.0,0.024657534246575342,266.0,put,0.16,0.17,0.15,29,,0.17966,-0.04705,0.01187,0.04626,-0.03925,-0.00403,spy_options_2019.parquet,4193385
SPY,2019-02-25,2019-02-25T16:00:00-05:00,279.46,2019-03-06,9.0,0.024657534246575342,267.0,call,12.75,12.86,11.73,0,,0.19931,0.91861,0.01632,0.06947,-0.06759,0.0666,spy_options_2019.parquet,4193386
SPY,2019-02-25,2019-02-25T16:00:00-05:00,279.46,2019-03-06,9.0,0.024657534246575342,267.0,put,0.19,0.2,0.16,8,,0.17389,-0.05539,0.01386,0.05166,-0.04271,-0.00406,spy_options_2019.parquet,4193386
SPY,2019-02-25,2019-02-25T16:00:00-05:00,279.46,2019-03-06,9.0,0.024657534246575342,268.0,call,11.76,11.92,12.53,1,,0.19106,0.91005,0.01841,0.07472,-0.07074,0.06632,spy_options_2019.parquet,4193387
SPY,2019-02-25,2019-02-25T16:00:00-05:00,279.46,2019-03-06,9.0,0.024657534246575342,268.0,put,0.2,0.23,0.19,215,,0.16729,-0.06358,0.01607,0.05746,-0.04613,-0.00486,spy_options_2019.parquet,4193387
SPY,2019-02-25,2019-02-25T16:00:00-05:00,279.46,2019-03-06,9.0,0.024657534246575342,269.0,call,10.87,11.02,12.11,21,,0.19143,0.88879,0.02141,0.08812,-0.08279,0.06514,spy_options_2019.parquet,4193388
SPY,2019-02-25,2019-02-25T16:00:00-05:00,279.46,2019-03-06,9.0,0.024657534246575342,269.0,put,0.25,0.25,0.2,29,,0.16204,-0.07539,0.019,0.06573,-0.05175,-0.0062,spy_options_2019.parquet,4193388
SPY,2019-02-25,2019-02-25T16:00:00-05:00,279.46,2019-03-06,9.0,0.024657534246575342,270.0,call,9.86,9.99,9.14,0,,0.17566,0.88498,0.02395,0.09008,-0.07782,0.06462,spy_options_2019.parquet,4193389
SPY,2019-02-25,2019-02-25T16:00:00-05:00,279.46,2019-03-06,9.0,0.024657534246575342,270.0,put,0.29,0.3,0.3,607,,0.15576,-0.08861,0.0223,0.07531,-0.05729,-0.00653,spy_options_2019.parquet,4193389
SPY,2019-02-25,2019-02-25T16:00:00-05:00,279.46,2019-03-06,9.0,0.024657534246575342,271.0,call,8.89,9.14,10.17,1,,0.17195,0.86332,0.02756,0.10153,-0.08617,0.06335,spy_options_2019.parquet,4193390
SPY,2019-02-25,2019-02-25T16:00:00-05:00,279.46,2019-03-06,9.0,0.024657534246575342,271.0,put,0.34,0.38,0.35,282,,0.15052,-0.10708,0.02638,0.08554,-0.06333,-0.00818,spy_options_2019.parquet,4193390
SPY,2019-02-25,2019-02-25T16:00:00-05:00,279.46,2019-03-06,9.0,0.024657534246575342,272.0,call,7.99,8.13,8.73,3,,0.16106,0.84767,0.0316,0.10931,-0.08748,0.06257,spy_options_2019.parquet,4193391
SPY,2019-02-25,2019-02-25T16:00:00-05:00,279.46,2019-03-06,9.0,0.024657534246575342,272.0,put,0.39,0.42,0.4,132,,0.14301,-0.12394,0.03091,0.0952,-0.06701,-0.00912,spy_options_2019.parquet,4193391
SPY,2019-02-25,2019-02-25T16:00:00-05:00,279.46,2019-03-06,9.0,0.024657534246575342,273.0,call,7.07,7.16,7.52,13,,0.15144,0.82701,0.03637,0.1181,-0.09058,0.0617,spy_options_2019.parquet,4193392
SPY,2019-02-25,2019-02-25T16:00:00-05:00,279.46,2019-03-06,9.0,0.024657534246575342,273.0,put,0.51,0.52,0.48,249,,0.13851,-0.15112,0.03655,0.10851,-0.07472,-0.01202,spy_options_2019.parquet,4193392
SPY,2019-02-25,2019-02-25T16:00:00-05:00,279.46,2019-03-06,9.0,0.024657534246575342,274.0,call,6.26,6.33,6.41,128,,0.15056,0.78992,0.04149,0.13343,-0.10097,0.05828,spy_options_2019.parquet,4193393
SPY,2019-02-25,2019-02-25T16:00:00-05:00,279.46,2019-03-06,9.0,0.024657534246575342,274.0,put,0.59,0.62,0.57,156,,0.13255,-0.18117,0.04302,0.12183,-0.0809,-0.01427,spy_options_2019.parquet,4193393
SPY,2019-02-25,2019-02-25T16:00:00-05:00,279.46,2019-03-06,9.0,0.024657534246575342,275.0,call,5.39,5.45,5.39,105,,0.14265,0.75631,0.04756,0.145,-0.1046,0.0564,spy_options_2019.parquet,4193394
SPY,2019-02-25,2019-02-25T16:00:00-05:00,279.46,2019-03-06,9.0,0.024657534246575342,275.0,put,0.75,0.77,0.76,714,,0.12839,-0.22088,0.05003,0.13742,-0.08842,-0.01734,spy_options_2019.parquet,4193394
SPY,2019-02-25,2019-02-25T16:00:00-05:00,279.46,2019-03-06,9.0,0.024657534246575342,276.0,call,4.57,4.63,4.74,97,,0.13572,0.71435,0.0542,0.15754,-0.10836,0.05307,spy_options_2019.parquet,4193395
SPY,2019-02-25,2019-02-25T16:00:00-05:00,279.46,2019-03-06,9.0,0.024657534246575342,276.0,put,0.91,0.94,0.88,419,,0.1222,-0.26542,0.05797,0.15204,-0.09475,-0.02012,spy_options_2019.parquet,4193395
SPY,2019-02-25,2019-02-25T16:00:00-05:00,279.46,2019-03-06,9.0,0.024657534246575342,277.0,call,3.74,3.79,4.2,70,,0.12701,0.6672,0.06193,0.16795,-0.1093,0.05017,spy_options_2019.parquet,4193396
SPY,2019-02-25,2019-02-25T16:00:00-05:00,279.46,2019-03-06,9.0,0.024657534246575342,277.0,put,1.12,1.17,1.13,480,,0.11708,-0.32071,0.06607,0.16611,-0.09853,-0.02434,spy_options_2019.parquet,4193396
SPY,2019-02-25,2019-02-25T16:00:00-05:00,279.46,2019-03-06,9.0,0.024657534246575342,278.0,call,3.04,3.09,3.28,227,,0.1231,0.60592,0.0679,0.17747,-0.11181,0.04589,spy_options_2019.parquet,4193397
SPY,2019-02-25,2019-02-25T16:00:00-05:00,279.46,2019-03-06,9.0,0.024657534246575342,278.0,put,1.36,1.37,1.38,660,,0.10999,-0.38306,0.07529,0.17631,-0.09852,-0.02889,spy_options_2019.parquet,4193397
SPY,2019-02-25,2019-02-25T16:00:00-05:00,279.46,2019-03-06,9.0,0.024657534246575342,279.0,call,2.35,2.4,2.4,279,,0.11583,0.53776,0.07412,0.18359,-0.10916,0.04011,spy_options_2019.parquet,4193398
SPY,2019-02-25,2019-02-25T16:00:00-05:00,279.46,2019-03-06,9.0,0.024657534246575342,279.0,put,1.68,1.73,1.66,,,0.10454,-0.45844,0.08225,0.18394,-0.09816,-0.03456,spy_options_2019.parquet,4193398
SPY,2019-02-25,2019-02-25T16:00:00-05:00,279.46,2019-03-06,9.0,0.024657534246575342,280.0,call,1.79,1.84,1.84,597,,0.11295,0.46199,0.07625,0.18389,-0.10638,0.0349,spy_options_2019.parquet,4193399
SPY,2019-02-25,2019-02-25T16:00:00-05:00,279.46,2019-03-06,9.0,0.024657534246575342,280.0,put,2.14,2.19,2.11,,,0.10179,-0.5425,0.08427,0.18349,-0.09598,-0.04105,spy_options_2019.parquet,4193399
SPY,2019-02-25,2019-02-25T16:00:00-05:00,279.46,2019-03-06,9.0,0.024657534246575342,281.0,call,1.29,1.32,1.35,,,0.10788,0.38213,0.07668,0.17595,-0.09729,0.02899,spy_options_2019.parquet,4193400
SPY,2019-02-25,2019-02-25T16:00:00-05:00,279.46,2019-03-06,9.0,0.024657534246575342,281.0,put,2.65,2.7,2.37,475,,0.09705,-0.62966,0.08364,0.17506,-0.08722,-0.04689,spy_options_2019.parquet,4193400
SPY,2019-02-25,2019-02-25T16:00:00-05:00,279.46,2019-03-06,9.0,0.024657534246575342,282.0,call,0.91,0.95,0.99,787,,0.10519,0.30367,0.07223,0.1613,-0.08673,0.02275,spy_options_2019.parquet,4193401
SPY,2019-02-25,2019-02-25T16:00:00-05:00,279.46,2019-03-06,9.0,0.024657534246575342,282.0,put,3.19,3.32,3.05,475,,0.09111,-0.72215,0.07902,0.15569,-0.07225,-0.05173,spy_options_2019.parquet,4193401
SPY,2019-02-25,2019-02-25T16:00:00-05:00,279.46,2019-03-06,9.0,0.024657534246575342,283.0,call,0.64,0.65,0.66,773,,0.10304,0.23352,0.06407,0.142,-0.07396,0.01727,spy_options_2019.parquet,4193402
SPY,2019-02-25,2019-02-25T16:00:00-05:00,279.46,2019-03-06,9.0,0.024657534246575342,283.0,put,3.86,4.02,3.44,468,,0.08493,-0.81212,0.06752,0.12466,-0.05274,-0.05433,spy_options_2019.parquet,4193402
SPY,2019-02-25,2019-02-25T16:00:00-05:00,279.46,2019-03-06,9.0,0.024657534246575342,284.0,call,0.38,0.39,0.43,340,,0.09864,0.16277,0.05415,0.1142,-0.05607,0.01202,spy_options_2019.parquet,4193403
SPY,2019-02-25,2019-02-25T16:00:00-05:00,279.46,2019-03-06,9.0,0.024657534246575342,284.0,put,4.71,4.75,4.55,219,,0.07876,-0.88596,0.04883,0.08911,-0.03437,-0.0509,spy_options_2019.parquet,4193403
SPY,2019-02-25,2019-02-25T16:00:00-05:00,279.46,2019-03-06,9.0,0.024657534246575342,285.0,call,0.24,0.25,0.25,297,,0.09707,0.11265,0.04259,0.08889,-0.04208,0.00892,spy_options_2019.parquet,4193404
SPY,2019-02-25,2019-02-25T16:00:00-05:00,279.46,2019-03-06,9.0,0.024657534246575342,285.0,put,5.47,5.7,5.48,72,,0.0708,-0.94105,0.02101,0.05342,-0.01817,-0.03572,spy_options_2019.parquet,4193404
SPY,2019-02-25,2019-02-25T16:00:00-05:00,279.46,2019-03-06,9.0,0.024657534246575342,286.0,call,0.13,0.15,0.2,100,,0.09546,0.07162,0.03119,0.06304,-0.02959,0.00563,spy_options_2019.parquet,4193405
SPY,2019-02-25,2019-02-25T16:00:00-05:00,279.46,2019-03-06,9.0,0.024657534246575342,286.0,put,6.43,6.6,0.0,,,,-1.0,0.0,0.0,0.0,0.0,spy_options_2019.parquet,4193405
SPY,2019-02-25,2019-02-25T16:00:00-05:00,279.46,2019-03-06,9.0,0.024657534246575342,287.0,call,0.07,0.1,0.09,180,,0.09418,0.04471,0.02171,0.04362,-0.02002,0.00372,spy_options_2019.parquet,4193406
SPY,2019-02-25,2019-02-25T16:00:00-05:00,279.46,2019-03-06,9.0,0.024657534246575342,287.0,put,7.4,7.56,9.84,1,,,-1.0,0.0,0.0,0.0,0.0,spy_options_2019.parquet,4193406
SPY,2019-02-25,2019-02-25T16:00:00-05:00,279.46,2019-03-06,9.0,0.024657534246575342,288.0,call,0.04,0.05,0.05,98,,0.09422,0.02741,0.01439,0.0286,-0.01244,0.00229,spy_options_2019.parquet,4193407
SPY,2019-02-25,2019-02-25T16:00:00-05:00,279.46,2019-03-06,9.0,0.024657534246575342,288.0,put,8.33,8.52,6.86,2,,,-1.0,0.0,0.0,0.0,0.0,spy_options_2019.parquet,4193407
SPY,2019-02-25,2019-02-25T16:00:00-05:00,279.46,2019-03-06,9.0,0.024657534246575342,289.0,call,0.01,0.03,0.03,84,,0.09488,0.0166,0.00926,0.01823,-0.00779,0.00109,spy_options_2019.parquet,4193408
SPY,2019-02-25,2019-02-25T16:00:00-05:00,279.46,2019-03-06,9.0,0.024657534246575342,289.0,put,7.69,10.72,0.0,,,,-1.0,0.0,0.0,0.0,0.0,spy_options_2019.parquet,4193408
SPY,2019-02-25,2019-02-25T16:00:00-05:00,279.46,2019-03-06,9.0,0.024657534246575342,290.0,call,0.03,0.03,0.03,93,,0.1025,0.01474,0.00794,0.01699,-0.00779,0.00073,spy_options_2019.parquet,4193409
SPY,2019-02-25,2019-02-25T16:00:00-05:00,279.46,2019-03-06,9.0,0.024657534246575342,290.0,put,10.35,10.55,11.85,0,,,-1.0,0.0,0.0,0.0,0.0,spy_options_2019.parquet,4193409
SPY,2019-02-25,2019-02-25T16:00:00-05:00,279.46,2019-03-06,9.0,0.024657534246575342,291.0,call,0.01,0.01,0.03,12,,0.10377,0.00937,0.00531,0.01173,-0.00562,0.00028,spy_options_2019.parquet,4193410
SPY,2019-02-25,2019-02-25T16:00:00-05:00,279.46,2019-03-06,9.0,0.024657534246575342,291.0,put,11.35,11.55,0.0,,,,-1.0,0.0,0.0,0.0,0.0,spy_options_2019.parquet,4193410
SPY,2019-02-25,2019-02-25T16:00:00-05:00,279.46,2019-03-06,9.0,0.024657534246575342,292.0,call,0.01,0.02,0.02,101,,0.11192,0.00898,0.00468,0.01084,-0.00528,0.00063,spy_options_2019.parquet,4193411
SPY,2019-02-25,2019-02-25T16:00:00-05:00,279.46,2019-03-06,9.0,0.024657534246575342,292.0,put,12.36,12.55,0.0,,,,-1.0,0.0,0.0,0.0,0.0,spy_options_2019.parquet,4193411
SPY,2019-02-25,2019-02-25T16:00:00-05:00,279.46,2019-03-06,9.0,0.024657534246575342,293.0,call,0.0,0.01,0.01,0,,0.10562,0.00292,0.00207,0.00461,-0.00175,0.00052,spy_options_2019.parquet,4193412
SPY,2019-02-25,2019-02-25T16:00:00-05:00,279.46,2019-03-06,9.0,0.024657534246575342,293.0,put,13.36,13.5,0.0,,,,-1.0,0.0,0.0,0.0,0.0,spy_options_2019.parquet,4193412
SPY,2019-02-25,2019-02-25T16:00:00-05:00,279.46,2019-03-06,9.0,0.024657534246575342,294.0,call,0.0,0.01,0.01,50,,0.11196,0.00355,0.00189,0.00479,-0.00243,0.0,spy_options_2019.parquet,4193413
SPY,2019-02-25,2019-02-25T16:00:00-05:00,279.46,2019-03-06,9.0,0.024657534246575342,294.0,put,14.23,14.54,0.0,,,,-1.0,0.0,0.0,0.0,0.0,spy_options_2019.parquet,4193413
SPY,2019-02-25,2019-02-25T16:00:00-05:00,279.46,2019-03-06,9.0,0.024657534246575342,295.0,call,0.0,0.01,0.01,99,,0.11847,0.00305,0.00167,0.00418,-0.00257,-0.00026,spy_options_2019.parquet,4193414
SPY,2019-02-25,2019-02-25T16:00:00-05:00,279.46,2019-03-06,9.0,0.024657534246575342,295.0,put,15.23,15.53,0.0,,,,-1.0,0.0,0.0,0.0,0.0,spy_options_2019.parquet,4193414
SPY,2019-02-25,2019-02-25T16:00:00-05:00,279.46,2019-03-06,9.0,0.024657534246575342,296.0,call,0.0,0.01,0.0,,,0.12536,0.0026,0.00156,0.00375,-0.0019,0.00013,spy_options_2019.parquet,4193415
SPY,2019-02-25,2019-02-25T16:00:00-05:00,279.46,2019-03-06,9.0,0.024657534246575342,296.0,put,16.47,16.67,0.0,,,0.18506,-0.9455,0.0019,0.04729,-0.02973,-0.02378,spy_options_2019.parquet,4193415
SPY,2019-02-25,2019-02-25T16:00:00-05:00,279.46,2019-03-06,9.0,0.024657534246575342,297.0,call,0.0,0.02,0.0,,,0.13225,0.00303,0.00139,0.00435,-0.0025,-0.00014,spy_options_2019.parquet,4193416
SPY,2019-02-25,2019-02-25T16:00:00-05:00,279.46,2019-03-06,9.0,0.024657534246575342,297.0,put,17.46,17.67,0.0,,,0.19502,-0.94504,0.00139,0.04802,-0.02465,-0.02242,spy_options_2019.parquet,4193416
SPY,2019-02-25,2019-02-25T16:00:00-05:00,279.46,2019-03-06,9.0,0.024657534246575342,298.0,call,0.0,0.01,0.0,,,0.13848,0.00312,0.00132,0.00339,-0.00192,0.00059,spy_options_2019.parquet,4193417
SPY,2019-02-25,2019-02-25T16:00:00-05:00,279.46,2019-03-06,9.0,0.024657534246575342,298.0,put,18.26,18.48,0.0,,,,-1.0,0.0,0.0,0.0,0.0,spy_options_2019.parquet,4193417
SPY,2019-02-25,2019-02-25T16:00:00-05:00,279.46,2019-03-06,9.0,0.024657534246575342,299.0,call,0.0,0.01,0.0,,,0.14453,0.0021,0.0012,0.00345,-0.00232,0.0006,spy_options_2019.parquet,4193418
SPY,2019-02-25,2019-02-25T16:00:00-05:00,279.46,2019-03-06,9.0,0.024657534246575342,299.0,put,19.35,19.56,0.0,,,,-1.0,0.0,0.0,0.0,0.0,spy_options_2019.parquet,4193418
SPY,2019-02-25,2019-02-25T16:00:00-05:00,279.46,2019-03-06,9.0,0.024657534246575342,300.0,call,0.0,0.0,0.0,,,0.15194,0.00215,0.00113,0.00311,-0.00184,0.00033,spy_options_2019.parquet,4193419
SPY,2019-02-25,2019-02-25T16:00:00-05:00,279.46,2019-03-06,9.0,0.024657534246575342,300.0,put,20.47,20.63,0.0,,,0.22285,-0.94408,0.00021,0.04776,-0.00466,-0.0205,spy_options_2019.parquet,4193419
SPY,2019-02-25,2019-02-25T16:00:00-05:00,279.46,2019-03-08,11.0,0.030136986301369864,210.0,call,69.28,70.23,0.0,,,0.78627,0.98062,0.00115,0.02309,-0.07242,0.06764,spy_options_2019.parquet,4193420
SPY,2019-02-25,2019-02-25T16:00:00-05:00,279.46,2019-03-08,11.0,0.030136986301369864,210.0,put,0.01,0.02,0.01,0,,0.55207,-0.00176,0.00023,0.00321,-0.00556,-0.00063,spy_options_2019.parquet,4193420
SPY,2019-02-25,2019-02-25T16:00:00-05:00,279.46,2019-03-08,11.0,0.030136986301369864,215.0,call,64.55,64.87,0.0,,,0.7116,0.98217,0.00125,0.02235,-0.06234,0.06872,spy_options_2019.parquet,4193421
SPY,2019-02-25,2019-02-25T16:00:00-05:00,279.46,2019-03-08,11.0,0.030136986301369864,215.0,put,0.01,0.03,0.01,0,,0.50945,-0.00183,0.0002,0.00344,-0.006,-0.00013,spy_options_2019.parquet,4193421
SPY,2019-02-25,2019-02-25T16:00:00-05:00,279.46,2019-03-08,11.0,0.030136986301369864,220.0,call,58.17,61.65,0.0,,,0.72801,0.97029,0.00189,0.03417,-0.09961,0.06972,spy_options_2019.parquet,4193422
SPY,2019-02-25,2019-02-25T16:00:00-05:00,279.46,2019-03-08,11.0,0.030136986301369864,220.0,put,0.0,0.02,0.02,2,,0.46841,-0.00171,0.00025,0.00364,-0.00597,-6e-05,spy_options_2019.parquet,4193422
SPY,2019-02-25,2019-02-25T16:00:00-05:00,279.46,2019-03-08,11.0,0.030136986301369864,225.0,call,53.16,56.66,0.0,,,0.67129,0.96756,0.0021,0.03663,-0.09859,0.07088,spy_options_2019.parquet,4193423
SPY,2019-02-25,2019-02-25T16:00:00-05:00,279.46,2019-03-08,11.0,0.030136986301369864,225.0,put,0.01,0.02,0.03,12,,0.42873,-0.00253,0.00038,0.00362,-0.00615,0.0,spy_options_2019.parquet,4193423
SPY,2019-02-25,2019-02-25T16:00:00-05:00,279.46,2019-03-08,11.0,0.030136986301369864,227.5,call,52.19,52.5,0.0,,,0.62139,0.96965,0.00214,0.03473,-0.08452,0.07149,spy_options_2019.parquet,4193424
SPY,2019-02-25,2019-02-25T16:00:00-05:00,279.46,2019-03-08,11.0,0.030136986301369864,227.5,put,0.02,0.04,0.01,120,,0.42981,-0.00398,0.00046,0.00592,-0.00912,-9e-05,spy_options_2019.parquet,4193424
SPY,2019-02-25,2019-02-25T16:00:00-05:00,279.46,2019-03-08,11.0,0.030136986301369864,230.0,call,48.18,51.66,45.48,10,,0.61474,0.96451,0.00255,0.03956,-0.09758,0.07209,spy_options_2019.parquet,4193425
SPY,2019-02-25,2019-02-25T16:00:00-05:00,279.46,2019-03-08,11.0,0.030136986301369864,230.0,put,0.02,0.03,0.01,200,,0.40849,-0.0039,0.00052,0.00603,-0.00841,-0.00069,spy_options_2019.parquet,4193425
SPY,2019-02-25,2019-02-25T16:00:00-05:00,279.46,2019-03-08,11.0,0.030136986301369864,232.5,call,47.2,47.5,0.0,,,0.5691,0.967,0.00261,0.03769,-0.08477,0.07358,spy_options_2019.parquet,4193426
SPY,2019-02-25,2019-02-25T16:00:00-05:00,279.46,2019-03-08,11.0,0.030136986301369864,232.5,put,0.02,0.03,0.01,47,,0.38802,-0.0039,0.00056,0.00582,-0.00889,-0.00056,spy_options_2019.parquet,4193426
SPY,2019-02-25,2019-02-25T16:00:00-05:00,279.46,2019-03-08,11.0,0.030136986301369864,235.0,call,43.2,46.67,29.85,0,,0.5621,0.96017,0.00298,0.04314,-0.09753,0.07345,spy_options_2019.parquet,4193427
SPY,2019-02-25,2019-02-25T16:00:00-05:00,279.46,2019-03-08,11.0,0.030136986301369864,235.0,put,0.02,0.02,0.01,50,,0.36805,-0.00428,0.00069,0.00595,-0.00892,-0.00051,spy_options_2019.parquet,4193427
SPY,2019-02-25,2019-02-25T16:00:00-05:00,279.46,2019-03-08,11.0,0.030136986301369864,237.5,call,40.7,44.32,0.0,,,0.54949,0.95398,0.00349,0.04871,-0.10792,0.074,spy_options_2019.parquet,4193428
SPY,2019-02-25,2019-02-25T16:00:00-05:00,279.46,2019-03-08,11.0,0.030136986301369864,237.5,put,0.02,0.04,0.02,6,,0.36128,-0.00591,0.00087,0.00833,-0.01089,-0.00028,spy_options_2019.parquet,4193428
SPY,2019-02-25,2019-02-25T16:00:00-05:00,279.46,2019-03-08,11.0,0.030136986301369864,240.0,call,39.63,40.12,24.75,0,,0.49034,0.96028,0.00342,0.0436,-0.0847,0.07482,spy_options_2019.parquet,4193429
SPY,2019-02-25,2019-02-25T16:00:00-05:00,279.46,2019-03-08,11.0,0.030136986301369864,240.0,put,0.04,0.04,0.04,55,,0.33992,-0.00668,0.00104,0.00869,-0.01078,-0.00101,spy_options_2019.parquet,4193429
SPY,2019-02-25,2019-02-25T16:00:00-05:00,279.46,2019-03-08,11.0,0.030136986301369864,242.5,call,37.07,37.27,26.76,8,,0.41295,0.97281,0.00298,0.0316,-0.051,0.07722,spy_options_2019.parquet,4193430
SPY,2019-02-25,2019-02-25T16:00:00-05:00,279.46,2019-03-08,11.0,0.030136986301369864,242.5,put,0.04,0.05,0.02,26,,0.32905,-0.00747,0.00134,0.01143,-0.01332,-0.00081,spy_options_2019.parquet,4193430
SPY,2019-02-25,2019-02-25T16:00:00-05:00,279.46,2019-03-08,11.0,0.030136986301369864,245.0,call,34.58,34.8,29.49,1,,0.39101,0.97045,0.0034,0.03422,-0.05194,0.07806,spy_options_2019.parquet,4193431
SPY,2019-02-25,2019-02-25T16:00:00-05:00,279.46,2019-03-08,11.0,0.030136986301369864,245.0,put,0.05,0.06,0.02,30,,0.31542,-0.00966,0.00166,0.01381,-0.01596,-0.00046,spy_options_2019.parquet,4193431
SPY,2019-02-25,2019-02-25T16:00:00-05:00,279.46,2019-03-08,11.0,0.030136986301369864,246.0,call,33.58,33.79,34.6,6,,0.38063,0.96956,0.00349,0.03447,-0.05186,0.07841,spy_options_2019.parquet,4193432
SPY,2019-02-25,2019-02-25T16:00:00-05:00,279.46,2019-03-08,11.0,0.030136986301369864,246.0,put,0.04,0.06,0.05,23,,0.30662,-0.0105,0.00174,0.01351,-0.01592,-0.00079,spy_options_2019.parquet,4193432
SPY,2019-02-25,2019-02-25T16:00:00-05:00,279.46,2019-03-08,11.0,0.030136986301369864,247.0,call,32.47,33.11,31.75,0,,0.39766,0.95957,0.00431,0.04326,-0.06949,0.07729,spy_options_2019.parquet,4193433
SPY,2019-02-25,2019-02-25T16:00:00-05:00,279.46,2019-03-08,11.0,0.030136986301369864,247.0,put,0.05,0.06,0.03,125,,0.29812,-0.01088,0.00184,0.01439,-0.01635,-0.00084,spy_options_2019.parquet,4193433
SPY,2019-02-25,2019-02-25T16:00:00-05:00,279.46,2019-03-08,11.0,0.030136986301369864,247.5,call,32.06,32.36,0.0,,,0.36991,0.9676,0.00384,0.03675,-0.05408,0.07817,spy_options_2019.parquet,4193434
SPY,2019-02-25,2019-02-25T16:00:00-05:00,279.46,2019-03-08,11.0,0.030136986301369864,247.5,put,0.07,0.07,0.09,1,,0.30071,-0.01252,0.00203,0.0164,-0.01846,-0.00069,spy_options_2019.parquet,4193434
SPY,2019-02-25,2019-02-25T16:00:00-05:00,279.46,2019-03-08,11.0,0.030136986301369864,248.0,call,31.28,32.24,0.0,,,0.37713,0.96247,0.00429,0.04156,-0.06219,0.07766,spy_options_2019.parquet,4193435
SPY,2019-02-25,2019-02-25T16:00:00-05:00,279.46,2019-03-08,11.0,0.030136986301369864,248.0,put,0.06,0.07,0.11,1,,0.29617,-0.01212,0.00211,0.01571,-0.01773,-0.00121,spy_options_2019.parquet,4193435
SPY,2019-02-25,2019-02-25T16:00:00-05:00,279.46,2019-03-08,11.0,0.030136986301369864,249.0,call,30.65,30.85,22.15,0,,0.36549,0.96194,0.00441,0.04207,-0.06079,0.07794,spy_options_2019.parquet,4193436
SPY,2019-02-25,2019-02-25T16:00:00-05:00,279.46,2019-03-08,11.0,0.030136986301369864,249.0,put,0.06,0.07,0.03,28,,0.28839,-0.01252,0.00227,0.01621,-0.01848,-0.00162,spy_options_2019.parquet,4193436
SPY,2019-02-25,2019-02-25T16:00:00-05:00,279.46,2019-03-08,11.0,0.030136986301369864,250.0,call,29.8,29.92,28.75,0,,0.37817,0.95216,0.0052,0.05052,-0.07699,0.07764,spy_options_2019.parquet,4193437
SPY,2019-02-25,2019-02-25T16:00:00-05:00,279.46,2019-03-08,11.0,0.030136986301369864,250.0,put,0.08,0.07,0.05,13,,0.28456,-0.01448,0.00254,0.01869,-0.02065,-0.00179,spy_options_2019.parquet,4193437
SPY,2019-02-25,2019-02-25T16:00:00-05:00,279.46,2019-03-08,11.0,0.030136986301369864,251.0,call,28.58,28.87,27.57,3,,0.33892,0.96282,0.00474,0.04153,-0.05635,0.07855,spy_options_2019.parquet,4193438
SPY,2019-02-25,2019-02-25T16:00:00-05:00,279.46,2019-03-08,11.0,0.030136986301369864,251.0,put,0.06,0.08,0.05,0,,0.27582,-0.01524,0.00271,0.01889,-0.0199,-0.00161,spy_options_2019.parquet,4193438
SPY,2019-02-25,2019-02-25T16:00:00-05:00,279.46,2019-03-08,11.0,0.030136986301369864,252.0,call,27.61,27.85,26.36,1,,0.32876,0.96087,0.00502,0.04227,-0.05579,0.0792,spy_options_2019.parquet,4193439
SPY,2019-02-25,2019-02-25T16:00:00-05:00,279.46,2019-03-08,11.0,0.030136986301369864,252.0,put,0.07,0.08,0.04,10,,0.26711,-0.01505,0.00283,0.01936,-0.0202,-0.00178,spy_options_2019.parquet,4193439
SPY,2019-02-25,2019-02-25T16:00:00-05:00,279.46,2019-03-08,11.0,0.030136986301369864,252.5,call,27.08,27.37,0.0,,,0.32339,0.96041,0.00519,0.04281,-0.05591,0.07879,spy_options_2019.parquet,4193440
SPY,2019-02-25,2019-02-25T16:00:00-05:00,279.46,2019-03-08,11.0,0.030136986301369864,252.5,put,0.09,0.09,0.04,1,,0.26796,-0.0169,0.00315,0.02214,-0.02187,-0.00208,spy_options_2019.parquet,4193440
SPY,2019-02-25,2019-02-25T16:00:00-05:00,279.46,2019-03-08,11.0,0.030136986301369864,253.0,call,26.59,26.89,0.0,,,0.32187,0.9587,0.00542,0.04498,-0.05771,0.0794,spy_options_2019.parquet,4193441
SPY,2019-02-25,2019-02-25T16:00:00-05:00,279.46,2019-03-08,11.0,0.030136986301369864,253.0,put,0.07,0.09,0.07,0,,0.26276,-0.01749,0.00325,0.02235,-0.02196,-0.00121,spy_options_2019.parquet,4193441
SPY,2019-02-25,2019-02-25T16:00:00-05:00,279.46,2019-03-08,11.0,0.030136986301369864,254.0,call,25.68,25.99,27.35,24,,0.32947,0.94819,0.00629,0.05321,-0.07112,0.07832,spy_options_2019.parquet,4193442
SPY,2019-02-25,2019-02-25T16:00:00-05:00,279.46,2019-03-08,11.0,0.030136986301369864,254.0,put,0.09,0.1,0.04,102,,0.25877,-0.01974,0.00367,0.02453,-0.0246,-0.00137,spy_options_2019.parquet,4193442
SPY,2019-02-25,2019-02-25T16:00:00-05:00,279.46,2019-03-08,11.0,0.030136986301369864,255.0,call,24.81,24.93,24.04,0,,0.32536,0.94325,0.00688,0.05821,-0.07643,0.0784,spy_options_2019.parquet,4193443
SPY,2019-02-25,2019-02-25T16:00:00-05:00,279.46,2019-03-08,11.0,0.030136986301369864,255.0,put,0.09,0.1,0.09,52,,0.24902,-0.02042,0.00381,0.02445,-0.02359,-0.00145,spy_options_2019.parquet,4193443
SPY,2019-02-25,2019-02-25T16:00:00-05:00,279.46,2019-03-08,11.0,0.030136986301369864,256.0,call,23.51,24.08,21.23,140,,0.30114,0.94872,0.00687,0.05347,-0.06411,0.07894,spy_options_2019.parquet,4193444
SPY,2019-02-25,2019-02-25T16:00:00-05:00,279.46,2019-03-08,11.0,0.030136986301369864,256.0,put,0.09,0.11,0.07,55,,0.24422,-0.02193,0.00428,0.0269,-0.02594,-0.002,spy_options_2019.parquet,4193444
SPY,2019-02-25,2019-02-25T16:00:00-05:00,279.46,2019-03-08,11.0,0.030136986301369864,257.0,call,22.6,22.91,20.2,3,,0.28334,0.95112,0.00709,0.05099,-0.05899,0.08011,spy_options_2019.parquet,4193445
SPY,2019-02-25,2019-02-25T16:00:00-05:00,279.46,2019-03-08,11.0,0.030136986301369864,257.0,put,0.1,0.12,0.08,141,,0.23795,-0.02479,0.00484,0.03015,-0.02784,-0.00263,spy_options_2019.parquet,4193445
SPY,2019-02-25,2019-02-25T16:00:00-05:00,279.46,2019-03-08,11.0,0.030136986301369864,257.5,call,22.28,22.48,13.15,1,,0.29861,0.93834,0.00804,0.0614,-0.07481,0.07902,spy_options_2019.parquet,4193446
SPY,2019-02-25,2019-02-25T16:00:00-05:00,279.46,2019-03-08,11.0,0.030136986301369864,257.5,put,0.11,0.13,0.08,,,0.23298,-0.02516,0.00497,0.03041,-0.02749,-0.00213,spy_options_2019.parquet,4193446
SPY,2019-02-25,2019-02-25T16:00:00-05:00,279.46,2019-03-08,11.0,0.030136986301369864,258.0,call,21.79,21.99,21.27,0,,0.29501,0.93626,0.00838,0.06324,-0.07535,0.07913,spy_options_2019.parquet,4193447
SPY,2019-02-25,2019-02-25T16:00:00-05:00,279.46,2019-03-08,11.0,0.030136986301369864,258.0,put,0.11,0.12,0.1,0,,0.2291,-0.02617,0.00515,0.03034,-0.02774,-0.00213,spy_options_2019.parquet,4193447
SPY,2019-02-25,2019-02-25T16:00:00-05:00,279.46,2019-03-08,11.0,0.030136986301369864,259.0,call,20.54,21.12,20.24,0,,0.27354,0.94053,0.00861,0.06036,-0.0664,0.07943,spy_options_2019.parquet,4193448
SPY,2019-02-25,2019-02-25T16:00:00-05:00,279.46,2019-03-08,11.0,0.030136986301369864,259.0,put,0.12,0.13,0.1,5,,0.2229,-0.0287,0.00572,0.03279,-0.02876,-0.00245,spy_options_2019.parquet,4193448
SPY,2019-02-25,2019-02-25T16:00:00-05:00,279.46,2019-03-08,11.0,0.030136986301369864,260.0,call,19.64,19.93,19.16,0,,0.25743,0.94176,0.00886,0.05868,-0.06112,0.08027,spy_options_2019.parquet,4193449
SPY,2019-02-25,2019-02-25T16:00:00-05:00,279.46,2019-03-08,11.0,0.030136986301369864,260.0,put,0.13,0.14,0.11,135,,0.21598,-0.03115,0.00643,0.03579,-0.03036,-0.00254,spy_options_2019.parquet,4193449
SPY,2019-02-25,2019-02-25T16:00:00-05:00,279.46,2019-03-08,11.0,0.030136986301369864,261.0,call,18.75,18.95,19.92,9,,0.25575,0.93332,0.01001,0.06549,-0.06858,0.07951,spy_options_2019.parquet,4193450
SPY,2019-02-25,2019-02-25T16:00:00-05:00,279.46,2019-03-08,11.0,0.030136986301369864,261.0,put,0.15,0.15,0.16,55,,0.21136,-0.03593,0.00738,0.04064,-0.03364,-0.00365,spy_options_2019.parquet,4193450
SPY,2019-02-25,2019-02-25T16:00:00-05:00,279.46,2019-03-08,11.0,0.030136986301369864,262.0,call,17.68,17.98,18.34,4,,0.24119,0.93254,0.01067,0.06619,-0.06465,0.07984,spy_options_2019.parquet,4193451
SPY,2019-02-25,2019-02-25T16:00:00-05:00,279.46,2019-03-08,11.0,0.030136986301369864,262.0,put,0.16,0.17,0.09,19,,0.20437,-0.03929,0.00815,0.04329,-0.03512,-0.00337,spy_options_2019.parquet,4193451
SPY,2019-02-25,2019-02-25T16:00:00-05:00,279.46,2019-03-08,11.0,0.030136986301369864,262.5,call,17.13,17.7,14.65,3,,0.24776,0.92128,0.01163,0.07407,-0.07485,0.07899,spy_options_2019.parquet,4193452
SPY,2019-02-25,2019-02-25T16:00:00-05:00,279.46,2019-03-08,11.0,0.030136986301369864,262.5,put,0.16,0.18,0.17,800,,0.20118,-0.04121,0.00876,0.04565,-0.0367,-0.00429,spy_options_2019.parquet,4193452
SPY,2019-02-25,2019-02-25T16:00:00-05:00,279.46,2019-03-08,11.0,0.030136986301369864,263.0,call,16.82,16.93,17.72,22,,0.23608,0.92472,0.01187,0.07124,-0.06933,0.0792,spy_options_2019.parquet,4193453
SPY,2019-02-25,2019-02-25T16:00:00-05:00,279.46,2019-03-08,11.0,0.030136986301369864,263.0,put,0.19,0.19,0.18,803,,0.19836,-0.04417,0.0093,0.0481,-0.03747,-0.00446,spy_options_2019.parquet,4193453
SPY,2019-02-25,2019-02-25T16:00:00-05:00,279.46,2019-03-08,11.0,0.030136986301369864,264.0,call,15.84,16.01,17.33,1,,0.2326,0.91518,0.01322,0.0794,-0.0751,0.07842,spy_options_2019.parquet,4193454
SPY,2019-02-25,2019-02-25T16:00:00-05:00,279.46,2019-03-08,11.0,0.030136986301369864,264.0,put,0.2,0.2,0.17,12,,0.19249,-0.04931,0.01054,0.05273,-0.04009,-0.00489,spy_options_2019.parquet,4193454
SPY,2019-02-25,2019-02-25T16:00:00-05:00,279.46,2019-03-08,11.0,0.030136986301369864,265.0,call,14.88,14.99,15.45,27,,0.22189,0.91028,0.01439,0.08165,-0.07459,0.07861,spy_options_2019.parquet,4193455
SPY,2019-02-25,2019-02-25T16:00:00-05:00,279.46,2019-03-08,11.0,0.030136986301369864,265.0,put,0.22,0.23,0.21,,,0.18627,-0.05541,0.01187,0.05697,-0.04301,-0.0051,spy_options_2019.parquet,4193455
SPY,2019-02-25,2019-02-25T16:00:00-05:00,279.46,2019-03-08,11.0,0.030136986301369864,266.0,call,13.77,14.05,15.74,3,,0.20799,0.9083,0.01567,0.08369,-0.07098,0.07879,spy_options_2019.parquet,4193456
SPY,2019-02-25,2019-02-25T16:00:00-05:00,279.46,2019-03-08,11.0,0.030136986301369864,266.0,put,0.25,0.27,0.25,233,,0.18166,-0.06518,0.01378,0.0651,-0.04753,-0.00584,spy_options_2019.parquet,4193456
SPY,2019-02-25,2019-02-25T16:00:00-05:00,279.46,2019-03-08,11.0,0.030136986301369864,267.0,call,13.0,13.23,13.76,4,,0.21739,0.88081,0.01809,0.10031,-0.0902,0.07612,spy_options_2019.parquet,4193457
SPY,2019-02-25,2019-02-25T16:00:00-05:00,279.46,2019-03-08,11.0,0.030136986301369864,267.0,put,0.29,0.3,0.28,303,,0.17557,-0.07312,0.01564,0.07077,-0.05035,-0.00674,spy_options_2019.parquet,4193457
SPY,2019-02-25,2019-02-25T16:00:00-05:00,279.46,2019-03-08,11.0,0.030136986301369864,267.5,call,12.25,12.76,11.75,0,,0.19937,0.89013,0.01856,0.09493,-0.07879,0.07724,spy_options_2019.parquet,4193458
SPY,2019-02-25,2019-02-25T16:00:00-05:00,279.46,2019-03-08,11.0,0.030136986301369864,267.5,put,0.31,0.32,0.29,128,,0.17245,-0.07926,0.01681,0.07503,-0.0521,-0.0069,spy_options_2019.parquet,4193458
SPY,2019-02-25,2019-02-25T16:00:00-05:00,279.46,2019-03-08,11.0,0.030136986301369864,268.0,call,11.98,12.08,12.69,17,,0.19607,0.88457,0.01963,0.09899,-0.07946,0.07685,spy_options_2019.parquet,4193459
SPY,2019-02-25,2019-02-25T16:00:00-05:00,279.46,2019-03-08,11.0,0.030136986301369864,268.0,put,0.33,0.33,0.32,198,,0.16993,-0.08445,0.018,0.07917,-0.05412,-0.00794,spy_options_2019.parquet,4193459
SPY,2019-02-25,2019-02-25T16:00:00-05:00,279.46,2019-03-08,11.0,0.030136986301369864,269.0,call,10.93,11.19,12.03,3,,0.18634,0.87396,0.02191,0.10523,-0.08103,0.07635,spy_options_2019.parquet,4193460
SPY,2019-02-25,2019-02-25T16:00:00-05:00,279.46,2019-03-08,11.0,0.030136986301369864,269.0,put,0.38,0.39,0.39,152,,0.16441,-0.09746,0.0207,0.08713,-0.05845,-0.00861,spy_options_2019.parquet,4193460
SPY,2019-02-25,2019-02-25T16:00:00-05:00,279.46,2019-03-08,11.0,0.030136986301369864,270.0,call,10.13,10.21,10.31,28,,0.18421,0.85311,0.02467,0.11665,-0.08932,0.07524,spy_options_2019.parquet,4193461
SPY,2019-02-25,2019-02-25T16:00:00-05:00,279.46,2019-03-08,11.0,0.030136986301369864,270.0,put,0.45,0.45,0.45,,,0.15899,-0.11255,0.02381,0.09687,-0.063,-0.01017,spy_options_2019.parquet,4193461
SPY,2019-02-25,2019-02-25T16:00:00-05:00,279.46,2019-03-08,11.0,0.030136986301369864,271.0,call,9.17,9.22,9.44,17,,0.17218,0.84094,0.0277,0.12287,-0.08789,0.07444,spy_options_2019.parquet,4193462
SPY,2019-02-25,2019-02-25T16:00:00-05:00,279.46,2019-03-08,11.0,0.030136986301369864,271.0,put,0.51,0.52,0.48,271,,0.15334,-0.13118,0.02745,0.10789,-0.06826,-0.01254,spy_options_2019.parquet,4193462
SPY,2019-02-25,2019-02-25T16:00:00-05:00,279.46,2019-03-08,11.0,0.030136986301369864,272.0,call,8.25,8.46,8.44,18,,0.17049,0.81401,0.03105,0.13573,-0.09723,0.07147,spy_options_2019.parquet,4193463
SPY,2019-02-25,2019-02-25T16:00:00-05:00,279.46,2019-03-08,11.0,0.030136986301369864,272.0,put,0.6,0.63,0.59,562,,0.14853,-0.15417,0.03154,0.12022,-0.07452,-0.01444,spy_options_2019.parquet,4193463
SPY,2019-02-25,2019-02-25T16:00:00-05:00,279.46,2019-03-08,11.0,0.030136986301369864,272.5,call,7.86,7.92,7.97,85,,0.16623,0.80275,0.03298,0.14014,-0.0981,0.07087,spy_options_2019.parquet,4193464
SPY,2019-02-25,2019-02-25T16:00:00-05:00,279.46,2019-03-08,11.0,0.030136986301369864,272.5,put,0.63,0.64,0.63,127,,0.14378,-0.1629,0.03388,0.12534,-0.07431,-0.01517,spy_options_2019.parquet,4193464
SPY,2019-02-25,2019-02-25T16:00:00-05:00,279.46,2019-03-08,11.0,0.030136986301369864,273.0,call,7.4,7.44,7.65,115,,0.16059,0.79443,0.03515,0.14402,-0.09706,0.07001,spy_options_2019.parquet,4193465
SPY,2019-02-25,2019-02-25T16:00:00-05:00,279.46,2019-03-08,11.0,0.030136986301369864,273.0,put,0.68,0.69,0.7,542,,0.14031,-0.17615,0.03635,0.13125,-0.07674,-0.01669,spy_options_2019.parquet,4193465
SPY,2019-02-25,2019-02-25T16:00:00-05:00,279.46,2019-03-08,11.0,0.030136986301369864,274.0,call,6.55,6.6,6.83,204,,0.15513,0.76272,0.0393,0.15674,-0.10191,0.06778,spy_options_2019.parquet,4193466
SPY,2019-02-25,2019-02-25T16:00:00-05:00,279.46,2019-03-08,11.0,0.030136986301369864,274.0,put,0.8,0.83,0.81,,,0.13524,-0.20721,0.04174,0.14544,-0.08236,-0.01884,spy_options_2019.parquet,4193466
SPY,2019-02-25,2019-02-25T16:00:00-05:00,279.46,2019-03-08,11.0,0.030136986301369864,275.0,call,5.65,5.76,5.87,379,,0.14746,0.73079,0.04422,0.16703,-0.10428,0.06564,spy_options_2019.parquet,4193467
SPY,2019-02-25,2019-02-25T16:00:00-05:00,279.46,2019-03-08,11.0,0.030136986301369864,275.0,put,0.97,0.97,0.94,980,,0.13104,-0.24505,0.04737,0.15906,-0.08776,-0.02282,spy_options_2019.parquet,4193467
SPY,2019-02-25,2019-02-25T16:00:00-05:00,279.46,2019-03-08,11.0,0.030136986301369864,276.0,call,4.88,4.93,5.08,308,,0.14154,0.69095,0.04913,0.17893,-0.10679,0.06214,spy_options_2019.parquet,4193468
SPY,2019-02-25,2019-02-25T16:00:00-05:00,279.46,2019-03-08,11.0,0.030136986301369864,276.0,put,1.14,1.15,1.15,,,0.12489,-0.28647,0.05397,0.17237,-0.09044,-0.02619,spy_options_2019.parquet,4193468
SPY,2019-02-25,2019-02-25T16:00:00-05:00,279.46,2019-03-08,11.0,0.030136986301369864,277.0,call,4.1,4.14,4.24,576,,0.13465,0.64563,0.05442,0.18833,-0.10793,0.05773,spy_options_2019.parquet,4193469
SPY,2019-02-25,2019-02-25T16:00:00-05:00,279.46,2019-03-08,11.0,0.030136986301369864,277.0,put,1.37,1.39,1.36,,,0.11954,-0.33765,0.06012,0.18583,-0.09461,-0.03118,spy_options_2019.parquet,4193469
SPY,2019-02-25,2019-02-25T16:00:00-05:00,279.46,2019-03-08,11.0,0.030136986301369864,277.5,call,3.69,3.72,4.13,459,,0.12934,0.62278,0.0579,0.19249,-0.10634,0.05559,spy_options_2019.parquet,4193470
SPY,2019-02-25,2019-02-25T16:00:00-05:00,279.46,2019-03-08,11.0,0.030136986301369864,277.5,put,1.52,1.54,1.47,,,0.11849,-0.36717,0.06278,0.19051,-0.09576,-0.03402,spy_options_2019.parquet,4193470
SPY,2019-02-25,2019-02-25T16:00:00-05:00,279.46,2019-03-08,11.0,0.030136986301369864,278.0,call,3.36,3.38,3.48,809,,0.12787,0.59438,0.06,0.19686,-0.10712,0.05315,spy_options_2019.parquet,4193471
SPY,2019-02-25,2019-02-25T16:00:00-05:00,279.46,2019-03-08,11.0,0.030136986301369864,278.0,put,1.62,1.65,1.63,,,0.11335,-0.39509,0.06702,0.19505,-0.09377,-0.03593,spy_options_2019.parquet,4193471
SPY,2019-02-25,2019-02-25T16:00:00-05:00,279.46,2019-03-08,11.0,0.030136986301369864,279.0,call,2.68,2.72,2.82,,,0.12195,0.53441,0.06444,0.20144,-0.10451,0.04795,spy_options_2019.parquet,4193472
SPY,2019-02-25,2019-02-25T16:00:00-05:00,279.46,2019-03-08,11.0,0.030136986301369864,279.0,put,1.96,1.98,1.98,,,0.10895,-0.46252,0.0721,0.20111,-0.09268,-0.0424,spy_options_2019.parquet,4193472
SPY,2019-02-25,2019-02-25T16:00:00-05:00,279.46,2019-03-08,11.0,0.030136986301369864,280.0,call,2.11,2.12,2.11,,,0.11761,0.46845,0.06683,0.20124,-0.10053,0.04186,spy_options_2019.parquet,4193473
SPY,2019-02-25,2019-02-25T16:00:00-05:00,279.46,2019-03-08,11.0,0.030136986301369864,280.0,put,2.4,2.43,2.4,,,0.10554,-0.53675,0.07428,0.20162,-0.08993,-0.04865,spy_options_2019.parquet,4193473
SPY,2019-02-25,2019-02-25T16:00:00-05:00,279.46,2019-03-08,11.0,0.030136986301369864,281.0,call,1.68,1.7,1.66,,,0.11725,0.40235,0.06516,0.19617,-0.09753,0.03587,spy_options_2019.parquet,4193474
SPY,2019-02-25,2019-02-25T16:00:00-05:00,279.46,2019-03-08,11.0,0.030136986301369864,281.0,put,2.89,2.91,2.87,,,0.10031,-0.61516,0.07503,0.19385,-0.08204,-0.05497,spy_options_2019.parquet,4193474
SPY,2019-02-25,2019-02-25T16:00:00-05:00,279.46,2019-03-08,11.0,0.030136986301369864,282.0,call,1.18,1.19,1.25,,,0.10973,0.32818,0.06512,0.18306,-0.08458,0.0302,spy_options_2019.parquet,4193475
SPY,2019-02-25,2019-02-25T16:00:00-05:00,279.46,2019-03-08,11.0,0.030136986301369864,282.0,put,3.46,3.51,3.46,,,0.09695,-0.69385,0.07146,0.17825,-0.07254,-0.05974,spy_options_2019.parquet,4193475
SPY,2019-02-25,2019-02-25T16:00:00-05:00,279.46,2019-03-08,11.0,0.030136986301369864,282.5,call,1.0,1.03,1.09,,,0.10955,0.29519,0.06247,0.17456,-0.08081,0.02631,spy_options_2019.parquet,4193476
SPY,2019-02-25,2019-02-25T16:00:00-05:00,279.46,2019-03-08,11.0,0.030136986301369864,282.5,put,3.81,3.84,3.71,621,,0.09554,-0.73135,0.06802,0.16771,-0.06668,-0.06229,spy_options_2019.parquet,4193476
SPY,2019-02-25,2019-02-25T16:00:00-05:00,279.46,2019-03-08,11.0,0.030136986301369864,283.0,call,0.86,0.87,0.88,,,0.1081,0.26331,0.05968,0.16492,-0.0754,0.0234,spy_options_2019.parquet,4193477
SPY,2019-02-25,2019-02-25T16:00:00-05:00,279.46,2019-03-08,11.0,0.030136986301369864,283.0,put,4.13,4.26,4.03,855,,0.09548,-0.76392,0.06339,0.1566,-0.06254,-0.06402,spy_options_2019.parquet,4193477
SPY,2019-02-25,2019-02-25T16:00:00-05:00,279.46,2019-03-08,11.0,0.030136986301369864,284.0,call,0.57,0.58,0.58,,,0.10343,0.19841,0.05304,0.1412,-0.06126,0.01788,spy_options_2019.parquet,4193478
SPY,2019-02-25,2019-02-25T16:00:00-05:00,279.46,2019-03-08,11.0,0.030136986301369864,284.0,put,4.91,4.96,4.81,445,,0.09093,-0.83328,0.05301,0.12675,-0.04802,-0.06469,spy_options_2019.parquet,4193478
SPY,2019-02-25,2019-02-25T16:00:00-05:00,279.46,2019-03-08,11.0,0.030136986301369864,285.0,call,0.38,0.39,0.41,,,0.10158,0.14659,0.04437,0.11623,-0.04913,0.01342,spy_options_2019.parquet,4193479
SPY,2019-02-25,2019-02-25T16:00:00-05:00,279.46,2019-03-08,11.0,0.030136986301369864,285.0,put,5.69,5.77,5.25,273,,0.08341,-0.89691,0.03821,0.09075,-0.03106,-0.05987,spy_options_2019.parquet,4193479
SPY,2019-02-25,2019-02-25T16:00:00-05:00,279.46,2019-03-08,11.0,0.030136986301369864,286.0,call,0.25,0.27,0.26,,,0.10092,0.10506,0.03551,0.09242,-0.03843,0.00957,spy_options_2019.parquet,4193480
SPY,2019-02-25,2019-02-25T16:00:00-05:00,279.46,2019-03-08,11.0,0.030136986301369864,286.0,put,6.61,6.72,5.93,368,,0.0858,-0.9223,0.02642,0.07281,-0.02516,-0.05321,spy_options_2019.parquet,4193480
SPY,2019-02-25,2019-02-25T16:00:00-05:00,279.46,2019-03-08,11.0,0.030136986301369864,287.0,call,0.15,0.16,0.2,352,,0.09898,0.07023,0.02688,0.06867,-0.02697,0.00688,spy_options_2019.parquet,4193481
SPY,2019-02-25,2019-02-25T16:00:00-05:00,279.46,2019-03-08,11.0,0.030136986301369864,287.0,put,7.53,7.62,6.2,11,,0.08268,-0.94629,0.01058,0.05283,-0.01764,-0.03595,spy_options_2019.parquet,4193481
SPY,2019-02-25,2019-02-25T16:00:00-05:00,279.46,2019-03-08,11.0,0.030136986301369864,287.5,call,0.12,0.13,0.14,126,,0.09934,0.05885,0.02321,0.05905,-0.02399,0.00505,spy_options_2019.parquet,4193482
SPY,2019-02-25,2019-02-25T16:00:00-05:00,279.46,2019-03-08,11.0,0.030136986301369864,287.5,put,8.0,8.18,0.0,,,0.08942,-0.94488,0.01106,0.05421,-0.02012,-0.03817,spy_options_2019.parquet,4193482
SPY,2019-02-25,2019-02-25T16:00:00-05:00,279.46,2019-03-08,11.0,0.030136986301369864,288.0,call,0.09,0.09,0.15,53,,0.09817,0.0465,0.01952,0.04938,-0.01969,0.0046,spy_options_2019.parquet,4193483
SPY,2019-02-25,2019-02-25T16:00:00-05:00,279.46,2019-03-08,11.0,0.030136986301369864,288.0,put,8.37,8.56,7.3,1,,,-1.0,0.0,0.0,0.0,0.0,spy_options_2019.parquet,4193483
SPY,2019-02-25,2019-02-25T16:00:00-05:00,279.46,2019-03-08,11.0,0.030136986301369864,289.0,call,0.05,0.06,0.07,78,,0.09778,0.02869,0.01351,0.03318,-0.01261,0.00231,spy_options_2019.parquet,4193484
SPY,2019-02-25,2019-02-25T16:00:00-05:00,279.46,2019-03-08,11.0,0.030136986301369864,289.0,put,9.35,9.52,9.15,4,,,-1.0,0.0,0.0,0.0,0.0,spy_options_2019.parquet,4193484
SPY,2019-02-25,2019-02-25T16:00:00-05:00,279.46,2019-03-08,11.0,0.030136986301369864,290.0,call,0.03,0.05,0.04,232,,0.1024,0.02289,0.01062,0.02757,-0.01134,0.00204,spy_options_2019.parquet,4193485
SPY,2019-02-25,2019-02-25T16:00:00-05:00,279.46,2019-03-08,11.0,0.030136986301369864,290.0,put,10.39,10.63,9.18,1,,,-1.0,0.0,0.0,0.0,0.0,spy_options_2019.parquet,4193485
SPY,2019-02-25,2019-02-25T16:00:00-05:00,279.46,2019-03-08,11.0,0.030136986301369864,291.0,call,0.03,0.03,0.03,62,,0.10114,0.01376,0.00695,0.01768,-0.00709,0.00165,spy_options_2019.parquet,4193486
SPY,2019-02-25,2019-02-25T16:00:00-05:00,279.46,2019-03-08,11.0,0.030136986301369864,291.0,put,11.31,11.5,10.2,1,,,-1.0,0.0,0.0,0.0,0.0,spy_options_2019.parquet,4193486
SPY,2019-02-25,2019-02-25T16:00:00-05:00,279.46,2019-03-08,11.0,0.030136986301369864,292.0,call,0.0,0.02,0.03,71,,0.10199,0.00883,0.00472,0.01239,-0.00518,0.00089,spy_options_2019.parquet,4193487
SPY,2019-02-25,2019-02-25T16:00:00-05:00,279.46,2019-03-08,11.0,0.030136986301369864,292.0,put,12.25,12.55,0.0,,,,-1.0,0.0,0.0,0.0,0.0,spy_options_2019.parquet,4193487
SPY,2019-02-25,2019-02-25T16:00:00-05:00,279.46,2019-03-08,11.0,0.030136986301369864,292.5,call,0.01,0.02,0.03,14,,0.10562,0.00912,0.00436,0.01199,-0.00466,0.00034,spy_options_2019.parquet,4193488
SPY,2019-02-25,2019-02-25T16:00:00-05:00,279.46,2019-03-08,11.0,0.030136986301369864,292.5,put,12.82,13.11,0.0,,,,-1.0,0.0,0.0,0.0,0.0,spy_options_2019.parquet,4193488
SPY,2019-02-25,2019-02-25T16:00:00-05:00,279.46,2019-03-08,11.0,0.030136986301369864,293.0,call,0.01,0.02,0.03,6,,0.10904,0.00816,0.00419,0.01192,-0.00481,0.00094,spy_options_2019.parquet,4193489
SPY,2019-02-25,2019-02-25T16:00:00-05:00,279.46,2019-03-08,11.0,0.030136986301369864,293.0,put,13.39,13.52,0.0,,,,-1.0,0.0,0.0,0.0,0.0,spy_options_2019.parquet,4193489
SPY,2019-02-25,2019-02-25T16:00:00-05:00,279.46,2019-03-08,11.0,0.030136986301369864,294.0,call,0.0,0.01,0.02,3,,0.116,0.00837,0.00369,0.01093,-0.0051,0.00096,spy_options_2019.parquet,4193490
SPY,2019-02-25,2019-02-25T16:00:00-05:00,279.46,2019-03-08,11.0,0.030136986301369864,294.0,put,14.43,14.64,0.0,,,,-1.0,0.0,0.0,0.0,0.0,spy_options_2019.parquet,4193490
SPY,2019-02-25,2019-02-25T16:00:00-05:00,279.46,2019-03-08,11.0,0.030136986301369864,295.0,call,0.0,0.01,0.01,6,,0.10838,0.0032,0.00166,0.00507,-0.00154,0.00046,spy_options_2019.parquet,4193491
SPY,2019-02-25,2019-02-25T16:00:00-05:00,279.46,2019-03-08,11.0,0.030136986301369864,295.0,put,15.13,15.61,0.0,,,,-1.0,0.0,0.0,0.0,0.0,spy_options_2019.parquet,4193491
SPY,2019-02-25,2019-02-25T16:00:00-05:00,279.46,2019-03-08,11.0,0.030136986301369864,296.0,call,0.0,0.02,0.01,0,,0.11483,0.00295,0.00154,0.00448,-0.00213,0.00015,spy_options_2019.parquet,4193492
SPY,2019-02-25,2019-02-25T16:00:00-05:00,279.46,2019-03-08,11.0,0.030136986301369864,296.0,put,16.22,16.51,0.0,,,,-1.0,0.0,0.0,0.0,0.0,spy_options_2019.parquet,4193492
SPY,2019-02-25,2019-02-25T16:00:00-05:00,279.46,2019-03-08,11.0,0.030136986301369864,297.0,call,0.0,0.01,0.01,50,,0.12004,0.00247,0.00136,0.00457,-0.0023,0.00021,spy_options_2019.parquet,4193493
SPY,2019-02-25,2019-02-25T16:00:00-05:00,279.46,2019-03-08,11.0,0.030136986301369864,297.0,put,17.37,17.56,0.0,,,,-1.0,0.0,0.0,0.0,0.0,spy_options_2019.parquet,4193493
SPY,2019-02-25,2019-02-25T16:00:00-05:00,279.46,2019-03-08,11.0,0.030136986301369864,297.5,call,0.0,0.01,0.02,400,,0.12336,0.00293,0.00135,0.00463,-0.00227,0.00016,spy_options_2019.parquet,4193494
SPY,2019-02-25,2019-02-25T16:00:00-05:00,279.46,2019-03-08,11.0,0.030136986301369864,297.5,put,17.84,18.06,28.72,0,,,-1.0,0.0,0.0,0.0,0.0,spy_options_2019.parquet,4193494
SPY,2019-02-25,2019-02-25T16:00:00-05:00,279.46,2019-03-08,11.0,0.030136986301369864,298.0,call,0.0,0.02,0.01,1,,0.12684,0.00267,0.00123,0.00381,-0.00137,0.00048,spy_options_2019.parquet,4193495
SPY,2019-02-25,2019-02-25T16:00:00-05:00,279.46,2019-03-08,11.0,0.030136986301369864,298.0,put,16.69,20.04,0.0,,,,-1.0,0.0,0.0,0.0,0.0,spy_options_2019.parquet,4193495
SPY,2019-02-25,2019-02-25T16:00:00-05:00,279.46,2019-03-08,11.0,0.030136986301369864,299.0,call,0.0,0.02,0.0,,,0.13269,0.00266,0.00121,0.00383,-0.0021,0.0002,spy_options_2019.parquet,4193496
SPY,2019-02-25,2019-02-25T16:00:00-05:00,279.46,2019-03-08,11.0,0.030136986301369864,299.0,put,19.35,19.54,0.0,,,,-1.0,0.0,0.0,0.0,0.0,spy_options_2019.parquet,4193496
SPY,2019-02-25,2019-02-25T16:00:00-05:00,279.46,2019-03-08,11.0,0.030136986301369864,300.0,call,0.0,0.01,0.02,1,,0.13821,0.00219,0.00111,0.00393,-0.00205,-0.00012,spy_options_2019.parquet,4193497
SPY,2019-02-25,2019-02-25T16:00:00-05:00,279.46,2019-03-08,11.0,0.030136986301369864,300.0,put,20.51,20.67,0.0,,,0.2118,-0.94314,0.00196,0.05397,-0.04734,-0.03049,spy_options_2019.parquet,4193497
SPY,2019-02-25,2019-02-25T16:00:00-05:00,279.46,2019-03-08,11.0,0.030136986301369864,302.5,call,0.0,0.0,0.01,10,,0.15275,0.00219,0.00086,0.00347,-0.00194,0.0,spy_options_2019.parquet,4193498
SPY,2019-02-25,2019-02-25T16:00:00-05:00,279.46,2019-03-08,11.0,0.030136986301369864,302.5,put,22.86,23.01,21.66,2,,,-1.0,0.0,0.0,0.0,0.0,spy_options_2019.parquet,4193498
SPY,2019-02-25,2019-02-25T16:00:00-05:00,279.46,2019-03-08,11.0,0.030136986301369864,305.0,call,0.0,0.01,0.01,1,,0.16684,0.00228,0.0008,0.00313,-0.00148,-4e-05,spy_options_2019.parquet,4193499
SPY,2019-02-25,2019-02-25T16:00:00-05:00,279.46,2019-03-08,11.0,0.030136986301369864,305.0,put,25.42,25.64,0.0,,,,-1.0,0.0,0.0,0.0,0.0,spy_options_2019.parquet,4193499
SPY,2019-02-25,2019-02-25T16:00:00-05:00,279.46,2019-03-08,11.0,0.030136986301369864,307.5,call,0.0,0.0,0.0,,,0.18135,0.00217,0.00065,0.00317,-0.00181,0.00012,spy_options_2019.parquet,4193500
SPY,2019-02-25,2019-02-25T16:00:00-05:00,279.46,2019-03-08,11.0,0.030136986301369864,307.5,put,27.87,28.03,0.0,,,,-1.0,0.0,0.0,0.0,0.0,spy_options_2019.parquet,4193500
SPY,2019-02-25,2019-02-25T16:00:00-05:00,279.46,2019-03-08,11.0,0.030136986301369864,310.0,call,0.0,0.02,0.0,,,0.19447,0.00199,0.00059,0.00314,-0.00173,0.00029,spy_options_2019.parquet,4193501
SPY,2019-02-25,2019-02-25T16:00:00-05:00,279.46,2019-03-08,11.0,0.030136986301369864,310.0,put,30.34,30.64,0.0,,,,-1.0,0.0,0.0,0.0,0.0,spy_options_2019.parquet,4193501
SPY,2019-02-25,2019-02-25T16:00:00-05:00,279.46,2019-03-08,11.0,0.030136986301369864,312.5,call,0.0,0.01,0.0,,,0.20843,0.00172,0.00051,0.00254,-0.00196,-0.00016,spy_options_2019.parquet,4193502
SPY,2019-02-25,2019-02-25T16:00:00-05:00,279.46,2019-03-08,11.0,0.030136986301369864,312.5,put,32.92,33.22,0.0,,,0.33134,-0.93757,0.00047,0.05619,-0.02971,-0.02767,spy_options_2019.parquet,4193502
SPY,2019-02-25,2019-02-25T16:00:00-05:00,279.46,2019-03-11,13.96,0.038246575342465755,225.0,call,54.71,55.03,0.0,,,0.58971,0.96908,0.0021,0.03921,-0.07395,0.08875,spy_options_2019.parquet,4193503
SPY,2019-02-25,2019-02-25T16:00:00-05:00,279.46,2019-03-11,13.96,0.038246575342465755,225.0,put,0.03,0.04,0.03,5,,0.40227,-0.00367,0.00045,0.00651,-0.0072,-0.00019,spy_options_2019.parquet,4193503
SPY,2019-02-25,2019-02-25T16:00:00-05:00,279.46,2019-03-11,13.96,0.038246575342465755,230.0,call,48.2,51.57,0.0,,,0.54115,0.96681,0.0024,0.04202,-0.0732,0.09011,spy_options_2019.parquet,4193504
SPY,2019-02-25,2019-02-25T16:00:00-05:00,279.46,2019-03-11,13.96,0.038246575342465755,230.0,put,0.03,0.04,0.02,2,,0.3793,-0.00482,0.00069,0.00809,-0.00935,-0.00086,spy_options_2019.parquet,4193504
SPY,2019-02-25,2019-02-25T16:00:00-05:00,279.46,2019-03-11,13.96,0.038246575342465755,235.0,call,43.21,46.56,0.0,,,0.49248,0.96258,0.00288,0.04638,-0.0726,0.09201,spy_options_2019.parquet,4193505
SPY,2019-02-25,2019-02-25T16:00:00-05:00,279.46,2019-03-11,13.96,0.038246575342465755,235.0,put,0.03,0.05,0.05,262,,0.34178,-0.0051,0.00082,0.00939,-0.0089,-0.00088,spy_options_2019.parquet,4193505
SPY,2019-02-25,2019-02-25T16:00:00-05:00,279.46,2019-03-11,13.96,0.038246575342465755,240.0,call,39.48,40.31,38.5,0,,0.44386,0.95853,0.0035,0.04965,-0.07137,0.09335,spy_options_2019.parquet,4193506
SPY,2019-02-25,2019-02-25T16:00:00-05:00,279.46,2019-03-11,13.96,0.038246575342465755,240.0,put,0.04,0.05,0.05,510,,0.31308,-0.00714,0.00115,0.01208,-0.01163,-0.00125,spy_options_2019.parquet,4193506
SPY,2019-02-25,2019-02-25T16:00:00-05:00,279.46,2019-03-11,13.96,0.038246575342465755,245.0,call,33.23,36.61,32.25,10,,0.39974,0.9516,0.00443,0.05674,-0.07333,0.09488,spy_options_2019.parquet,4193507
SPY,2019-02-25,2019-02-25T16:00:00-05:00,279.46,2019-03-11,13.96,0.038246575342465755,245.0,put,0.06,0.06,0.06,30,,0.28888,-0.01119,0.00183,0.01716,-0.01494,-0.00128,spy_options_2019.parquet,4193507
SPY,2019-02-25,2019-02-25T16:00:00-05:00,279.46,2019-03-11,13.96,0.038246575342465755,250.0,call,29.42,30.43,28.73,2,,0.3493,0.94684,0.00548,0.06148,-0.06948,0.09638,spy_options_2019.parquet,4193508
SPY,2019-02-25,2019-02-25T16:00:00-05:00,279.46,2019-03-11,13.96,0.038246575342465755,250.0,put,0.08,0.09,0.08,1,,0.25948,-0.01613,0.00274,0.02278,-0.01835,-0.00235,spy_options_2019.parquet,4193508
SPY,2019-02-25,2019-02-25T16:00:00-05:00,279.46,2019-03-11,13.96,0.038246575342465755,251.0,call,28.61,29.29,0.0,,,0.34378,0.94211,0.00589,0.06581,-0.07345,0.0965,spy_options_2019.parquet,4193509
SPY,2019-02-25,2019-02-25T16:00:00-05:00,279.46,2019-03-11,13.96,0.038246575342465755,251.0,put,0.09,0.1,0.1,1,,0.25534,-0.0174,0.00302,0.02487,-0.01973,-0.00209,spy_options_2019.parquet,4193509
SPY,2019-02-25,2019-02-25T16:00:00-05:00,279.46,2019-03-11,13.96,0.038246575342465755,252.0,call,26.28,29.65,0.0,,,0.33545,0.93961,0.0063,0.06779,-0.07341,0.09643,spy_options_2019.parquet,4193510
SPY,2019-02-25,2019-02-25T16:00:00-05:00,279.46,2019-03-11,13.96,0.038246575342465755,252.0,put,0.08,0.1,0.08,0,,0.24703,-0.01879,0.00325,0.02548,-0.01942,-0.00229,spy_options_2019.parquet,4193510
SPY,2019-02-25,2019-02-25T16:00:00-05:00,279.46,2019-03-11,13.96,0.038246575342465755,253.0,call,26.44,27.44,0.0,,,0.32127,0.94128,0.0065,0.06625,-0.07026,0.09652,spy_options_2019.parquet,4193511
SPY,2019-02-25,2019-02-25T16:00:00-05:00,279.46,2019-03-11,13.96,0.038246575342465755,253.0,put,0.1,0.11,0.17,2,,0.24312,-0.02016,0.00356,0.02774,-0.02111,-0.00216,spy_options_2019.parquet,4193511
SPY,2019-02-25,2019-02-25T16:00:00-05:00,279.46,2019-03-11,13.96,0.038246575342465755,254.0,call,24.3,27.66,15.89,13,,0.31778,0.93531,0.00706,0.07161,-0.07473,0.09653,spy_options_2019.parquet,4193512
SPY,2019-02-25,2019-02-25T16:00:00-05:00,279.46,2019-03-11,13.96,0.038246575342465755,254.0,put,0.11,0.13,0.72,2,,0.23754,-0.02278,0.00401,0.03022,-0.02268,-0.0022,spy_options_2019.parquet,4193512
SPY,2019-02-25,2019-02-25T16:00:00-05:00,279.46,2019-03-11,13.96,0.038246575342465755,255.0,call,23.3,26.69,26.2,5,,0.3093,0.93255,0.00748,0.07441,-0.07466,0.09713,spy_options_2019.parquet,4193513
SPY,2019-02-25,2019-02-25T16:00:00-05:00,279.46,2019-03-11,13.96,0.038246575342465755,255.0,put,0.11,0.12,0.11,3,,0.22954,-0.02301,0.0042,0.03135,-0.02292,-0.00229,spy_options_2019.parquet,4193513
SPY,2019-02-25,2019-02-25T16:00:00-05:00,279.46,2019-03-11,13.96,0.038246575342465755,256.0,call,23.84,24.14,14.52,19,,0.29854,0.93023,0.00785,0.0757,-0.07315,0.09729,spy_options_2019.parquet,4193514
SPY,2019-02-25,2019-02-25T16:00:00-05:00,279.46,2019-03-11,13.96,0.038246575342465755,256.0,put,0.12,0.13,0.07,80,,0.22396,-0.02515,0.00465,0.03369,-0.0242,-0.00285,spy_options_2019.parquet,4193514
SPY,2019-02-25,2019-02-25T16:00:00-05:00,279.46,2019-03-11,13.96,0.038246575342465755,257.0,call,22.85,23.15,13.19,7,,0.28907,0.92771,0.00838,0.07821,-0.07337,0.09672,spy_options_2019.parquet,4193515
SPY,2019-02-25,2019-02-25T16:00:00-05:00,279.46,2019-03-11,13.96,0.038246575342465755,257.0,put,0.12,0.14,0.08,70,,0.21896,-0.02801,0.00519,0.0365,-0.02565,-0.00326,spy_options_2019.parquet,4193515
SPY,2019-02-25,2019-02-25T16:00:00-05:00,279.46,2019-03-11,13.96,0.038246575342465755,258.0,call,20.33,23.71,13.75,13,,0.28226,0.92286,0.00899,0.08173,-0.0753,0.09667,spy_options_2019.parquet,4193516
SPY,2019-02-25,2019-02-25T16:00:00-05:00,279.46,2019-03-11,13.96,0.038246575342465755,258.0,put,0.15,0.14,0.1,2,,0.21282,-0.03082,0.00571,0.03969,-0.02673,-0.00362,spy_options_2019.parquet,4193516
SPY,2019-02-25,2019-02-25T16:00:00-05:00,279.46,2019-03-11,13.96,0.038246575342465755,259.0,call,20.69,21.3,13.1,23,,0.26873,0.92257,0.00949,0.08254,-0.0727,0.09714,spy_options_2019.parquet,4193517
SPY,2019-02-25,2019-02-25T16:00:00-05:00,279.46,2019-03-11,13.96,0.038246575342465755,259.0,put,0.15,0.17,0.13,3,,0.20868,-0.03424,0.00643,0.04377,-0.02896,-0.00371,spy_options_2019.parquet,4193517
SPY,2019-02-25,2019-02-25T16:00:00-05:00,279.46,2019-03-11,13.96,0.038246575342465755,260.0,call,19.52,20.51,17.51,2,,0.25949,0.91928,0.01024,0.085,-0.07281,0.09711,spy_options_2019.parquet,4193518
SPY,2019-02-25,2019-02-25T16:00:00-05:00,279.46,2019-03-11,13.96,0.038246575342465755,260.0,put,0.17,0.18,0.13,62,,0.2024,-0.03771,0.00712,0.04685,-0.03013,-0.00487,spy_options_2019.parquet,4193518
SPY,2019-02-25,2019-02-25T16:00:00-05:00,279.46,2019-03-11,13.96,0.038246575342465755,261.0,call,17.38,20.75,10.43,2,,0.25443,0.91181,0.01115,0.09062,-0.0765,0.0964,spy_options_2019.parquet,4193519
SPY,2019-02-25,2019-02-25T16:00:00-05:00,279.46,2019-03-11,13.96,0.038246575342465755,261.0,put,0.17,0.2,0.13,1,,0.19648,-0.04137,0.00794,0.05018,-0.03193,-0.00445,spy_options_2019.parquet,4193519
SPY,2019-02-25,2019-02-25T16:00:00-05:00,279.46,2019-03-11,13.96,0.038246575342465755,262.0,call,17.55,18.54,13.49,2,,0.24288,0.9092,0.0119,0.09208,-0.07381,0.09724,spy_options_2019.parquet,4193520
SPY,2019-02-25,2019-02-25T16:00:00-05:00,279.46,2019-03-11,13.96,0.038246575342465755,262.0,put,0.2,0.22,0.17,507,,0.1912,-0.04631,0.00892,0.05517,-0.03442,-0.00571,spy_options_2019.parquet,4193520
SPY,2019-02-25,2019-02-25T16:00:00-05:00,279.46,2019-03-11,13.96,0.038246575342465755,263.0,call,15.41,18.79,12.19,1,,0.23777,0.9004,0.01299,0.09914,-0.07779,0.09673,spy_options_2019.parquet,4193521
SPY,2019-02-25,2019-02-25T16:00:00-05:00,279.46,2019-03-11,13.96,0.038246575342465755,263.0,put,0.23,0.24,0.16,10,,0.18616,-0.05239,0.01011,0.06063,-0.0363,-0.0065,spy_options_2019.parquet,4193521
SPY,2019-02-25,2019-02-25T16:00:00-05:00,279.46,2019-03-11,13.96,0.038246575342465755,264.0,call,15.82,16.45,14.9,42,,0.22917,0.89457,0.01409,0.10328,-0.07832,0.09616,spy_options_2019.parquet,4193522
SPY,2019-02-25,2019-02-25T16:00:00-05:00,279.46,2019-03-11,13.96,0.038246575342465755,264.0,put,0.25,0.26,0.16,10,,0.18063,-0.05768,0.0113,0.06625,-0.03783,-0.00669,spy_options_2019.parquet,4193522
SPY,2019-02-25,2019-02-25T16:00:00-05:00,279.46,2019-03-11,13.96,0.038246575342465755,265.0,call,14.76,15.38,16.31,5,,0.21187,0.8959,0.0151,0.10208,-0.07183,0.09677,spy_options_2019.parquet,4193523
SPY,2019-02-25,2019-02-25T16:00:00-05:00,279.46,2019-03-11,13.96,0.038246575342465755,265.0,put,0.28,0.3,0.25,9,,0.17559,-0.06547,0.01284,0.07247,-0.04151,-0.00788,spy_options_2019.parquet,4193523
SPY,2019-02-25,2019-02-25T16:00:00-05:00,279.46,2019-03-11,13.96,0.038246575342465755,266.0,call,13.94,14.24,11.85,1,,0.20294,0.88972,0.01642,0.10681,-0.07188,0.09612,spy_options_2019.parquet,4193524
SPY,2019-02-25,2019-02-25T16:00:00-05:00,279.46,2019-03-11,13.96,0.038246575342465755,266.0,put,0.32,0.33,0.28,1,,0.17086,-0.07434,0.01452,0.08021,-0.044,-0.00892,spy_options_2019.parquet,4193524
SPY,2019-02-25,2019-02-25T16:00:00-05:00,279.46,2019-03-11,13.96,0.038246575342465755,267.0,call,12.84,13.46,13.8,1,,0.19712,0.87768,0.01823,0.11552,-0.07556,0.09524,spy_options_2019.parquet,4193525
SPY,2019-02-25,2019-02-25T16:00:00-05:00,279.46,2019-03-11,13.96,0.038246575342465755,267.0,put,0.35,0.36,0.35,22,,0.16416,-0.08288,0.01644,0.08673,-0.04637,-0.00966,spy_options_2019.parquet,4193525
SPY,2019-02-25,2019-02-25T16:00:00-05:00,279.46,2019-03-11,13.96,0.038246575342465755,268.0,call,11.88,12.49,9.72,15,,0.18964,0.86672,0.02008,0.12209,-0.07708,0.09425,spy_options_2019.parquet,4193526
SPY,2019-02-25,2019-02-25T16:00:00-05:00,279.46,2019-03-11,13.96,0.038246575342465755,268.0,put,0.41,0.44,0.28,3,,0.16077,-0.09637,0.0187,0.09715,-0.05055,-0.01084,spy_options_2019.parquet,4193526
SPY,2019-02-25,2019-02-25T16:00:00-05:00,279.46,2019-03-11,13.96,0.038246575342465755,269.0,call,11.06,11.29,10.87,0,,0.17582,0.86167,0.02211,0.12508,-0.07332,0.0945,spy_options_2019.parquet,4193527
SPY,2019-02-25,2019-02-25T16:00:00-05:00,279.46,2019-03-11,13.96,0.038246575342465755,269.0,put,0.47,0.48,0.41,99,,0.15474,-0.10986,0.02136,0.1071,-0.054,-0.01268,spy_options_2019.parquet,4193527
SPY,2019-02-25,2019-02-25T16:00:00-05:00,279.46,2019-03-11,13.96,0.038246575342465755,270.0,call,10.06,10.72,11.85,2,,0.17998,0.83198,0.02465,0.14212,-0.08525,0.09143,spy_options_2019.parquet,4193528
SPY,2019-02-25,2019-02-25T16:00:00-05:00,279.46,2019-03-11,13.96,0.038246575342465755,270.0,put,0.52,0.54,0.53,291,,0.14964,-0.12448,0.02426,0.11719,-0.05813,-0.01459,spy_options_2019.parquet,4193528
SPY,2019-02-25,2019-02-25T16:00:00-05:00,279.46,2019-03-11,13.96,0.038246575342465755,271.0,call,9.21,9.42,10.0,1,,0.16248,0.82881,0.02763,0.14448,-0.07837,0.09163,spy_options_2019.parquet,4193529
SPY,2019-02-25,2019-02-25T16:00:00-05:00,279.46,2019-03-11,13.96,0.038246575342465755,271.0,put,0.6,0.62,0.43,5,,0.14425,-0.14269,0.02761,0.12843,-0.06077,-0.0166,spy_options_2019.parquet,4193529
SPY,2019-02-25,2019-02-25T16:00:00-05:00,279.46,2019-03-11,13.96,0.038246575342465755,272.0,call,8.44,8.51,7.59,0,,0.16037,0.80287,0.03062,0.15768,-0.08429,0.08824,spy_options_2019.parquet,4193530
SPY,2019-02-25,2019-02-25T16:00:00-05:00,279.46,2019-03-11,13.96,0.038246575342465755,272.0,put,0.68,0.72,0.54,85,,0.13845,-0.16423,0.03152,0.1413,-0.06553,-0.0191,spy_options_2019.parquet,4193530
SPY,2019-02-25,2019-02-25T16:00:00-05:00,279.46,2019-03-11,13.96,0.038246575342465755,273.0,call,7.52,7.58,8.13,19,,0.15186,0.78151,0.03438,0.16713,-0.08496,0.08689,spy_options_2019.parquet,4193531
SPY,2019-02-25,2019-02-25T16:00:00-05:00,279.46,2019-03-11,13.96,0.038246575342465755,273.0,put,0.81,0.82,0.75,137,,0.13498,-0.19164,0.03575,0.15503,-0.07025,-0.02245,spy_options_2019.parquet,4193531
SPY,2019-02-25,2019-02-25T16:00:00-05:00,279.46,2019-03-11,13.96,0.038246575342465755,274.0,call,6.66,6.71,7.25,37,,0.14495,0.75325,0.03835,0.17825,-0.08677,0.08404,spy_options_2019.parquet,4193532
SPY,2019-02-25,2019-02-25T16:00:00-05:00,279.46,2019-03-11,13.96,0.038246575342465755,274.0,put,0.91,0.93,0.91,54,,0.1284,-0.22033,0.04076,0.16821,-0.07197,-0.02575,spy_options_2019.parquet,4193532
SPY,2019-02-25,2019-02-25T16:00:00-05:00,279.46,2019-03-11,13.96,0.038246575342465755,275.0,call,5.83,5.89,6.38,62,,0.1401,0.71878,0.04235,0.19061,-0.09029,0.07962,spy_options_2019.parquet,4193533
SPY,2019-02-25,2019-02-25T16:00:00-05:00,279.46,2019-03-11,13.96,0.038246575342465755,275.0,put,1.09,1.11,0.96,107,,0.12443,-0.25697,0.04587,0.18325,-0.0757,-0.02947,spy_options_2019.parquet,4193533
SPY,2019-02-25,2019-02-25T16:00:00-05:00,279.46,2019-03-11,13.96,0.038246575342465755,276.0,call,4.96,5.14,5.48,26,,0.13427,0.68196,0.04699,0.20173,-0.092,0.07652,spy_options_2019.parquet,4193534
SPY,2019-02-25,2019-02-25T16:00:00-05:00,279.46,2019-03-11,13.96,0.038246575342465755,276.0,put,1.27,1.31,1.19,46,,0.11899,-0.29874,0.05144,0.19634,-0.07895,-0.03445,spy_options_2019.parquet,4193534
SPY,2019-02-25,2019-02-25T16:00:00-05:00,279.46,2019-03-11,13.96,0.038246575342465755,277.0,call,4.21,4.26,4.7,51,,0.12637,0.64026,0.05234,0.2115,-0.09014,0.07153,spy_options_2019.parquet,4193535
SPY,2019-02-25,2019-02-25T16:00:00-05:00,279.46,2019-03-11,13.96,0.038246575342465755,277.0,put,1.51,1.56,1.43,157,,0.11481,-0.3475,0.05676,0.20991,-0.08186,-0.04007,spy_options_2019.parquet,4193535
SPY,2019-02-25,2019-02-25T16:00:00-05:00,279.46,2019-03-11,13.96,0.038246575342465755,278.0,call,3.52,3.56,3.74,95,,0.12161,0.58865,0.05628,0.21988,-0.09131,0.06575,spy_options_2019.parquet,4193536
SPY,2019-02-25,2019-02-25T16:00:00-05:00,279.46,2019-03-11,13.96,0.038246575342465755,278.0,put,1.78,1.82,1.74,90,,0.10947,-0.40205,0.06247,0.2189,-0.08152,-0.0459,spy_options_2019.parquet,4193536
SPY,2019-02-25,2019-02-25T16:00:00-05:00,279.46,2019-03-11,13.96,0.038246575342465755,279.0,call,2.89,2.93,2.95,50,,0.11822,0.53266,0.05938,0.2249,-0.09016,0.0603,spy_options_2019.parquet,4193537
SPY,2019-02-25,2019-02-25T16:00:00-05:00,279.46,2019-03-11,13.96,0.038246575342465755,279.0,put,2.12,2.16,2.17,580,,0.10436,-0.46455,0.06697,0.22473,-0.08005,-0.05317,spy_options_2019.parquet,4193537
SPY,2019-02-25,2019-02-25T16:00:00-05:00,279.46,2019-03-11,13.96,0.038246575342465755,280.0,call,2.3,2.35,2.34,786,,0.11346,0.4714,0.06173,0.22518,-0.08685,0.05363,spy_options_2019.parquet,4193538
SPY,2019-02-25,2019-02-25T16:00:00-05:00,279.46,2019-03-11,13.96,0.038246575342465755,280.0,put,2.52,2.56,2.43,950,,0.09992,-0.53344,0.07019,0.22462,-0.07631,-0.06012,spy_options_2019.parquet,4193538
SPY,2019-02-25,2019-02-25T16:00:00-05:00,279.46,2019-03-11,13.96,0.038246575342465755,281.0,call,1.76,1.79,1.9,863,,0.10859,0.40618,0.06283,0.21947,-0.08139,0.04581,spy_options_2019.parquet,4193539
SPY,2019-02-25,2019-02-25T16:00:00-05:00,279.46,2019-03-11,13.96,0.038246575342465755,281.0,put,2.98,3.03,2.88,689,,0.09514,-0.60874,0.0712,0.2181,-0.07046,-0.0681,spy_options_2019.parquet,4193539
SPY,2019-02-25,2019-02-25T16:00:00-05:00,279.46,2019-03-11,13.96,0.038246575342465755,282.0,call,1.34,1.38,1.46,179,,0.10682,0.34128,0.06093,0.20768,-0.07467,0.03821,spy_options_2019.parquet,4193540
SPY,2019-02-25,2019-02-25T16:00:00-05:00,279.46,2019-03-11,13.96,0.038246575342465755,282.0,put,3.6,3.67,3.51,135,,0.09424,-0.67885,0.06699,0.20312,-0.06411,-0.07352,spy_options_2019.parquet,4193540
SPY,2019-02-25,2019-02-25T16:00:00-05:00,279.46,2019-03-11,13.96,0.038246575342465755,283.0,call,0.95,0.98,1.05,43,,0.10162,0.27473,0.05774,0.18834,-0.06489,0.03129,spy_options_2019.parquet,4193541
SPY,2019-02-25,2019-02-25T16:00:00-05:00,279.46,2019-03-11,13.96,0.038246575342465755,283.0,put,4.26,4.34,3.8,180,,0.09064,-0.74904,0.06137,0.18032,-0.05479,-0.07868,spy_options_2019.parquet,4193541
SPY,2019-02-25,2019-02-25T16:00:00-05:00,279.46,2019-03-11,13.96,0.038246575342465755,284.0,call,0.69,0.69,0.73,38,,0.09951,0.21641,0.05176,0.16577,-0.05511,0.02407,spy_options_2019.parquet,4193542
SPY,2019-02-25,2019-02-25T16:00:00-05:00,279.46,2019-03-11,13.96,0.038246575342465755,284.0,put,5.0,5.05,4.81,75,,0.08707,-0.81447,0.05286,0.15221,-0.04361,-0.08148,spy_options_2019.parquet,4193542
SPY,2019-02-25,2019-02-25T16:00:00-05:00,279.46,2019-03-11,13.96,0.038246575342465755,285.0,call,0.45,0.48,0.48,,,0.09739,0.16237,0.04456,0.13932,-0.04541,0.01883,spy_options_2019.parquet,4193543
SPY,2019-02-25,2019-02-25T16:00:00-05:00,279.46,2019-03-11,13.96,0.038246575342465755,285.0,put,5.71,5.76,5.02,21,,0.07516,-0.89747,0.03831,0.10175,-0.02475,-0.07474,spy_options_2019.parquet,4193543
SPY,2019-02-25,2019-02-25T16:00:00-05:00,279.46,2019-03-11,13.96,0.038246575342465755,286.0,call,0.29,0.33,0.32,,,0.09531,0.11778,0.03653,0.11215,-0.03546,0.01318,spy_options_2019.parquet,4193544
SPY,2019-02-25,2019-02-25T16:00:00-05:00,279.46,2019-03-11,13.96,0.038246575342465755,286.0,put,6.49,6.75,5.77,53,,0.07198,-0.93392,0.02202,0.07167,-0.01714,-0.05956,spy_options_2019.parquet,4193544
SPY,2019-02-25,2019-02-25T16:00:00-05:00,279.46,2019-03-11,13.96,0.038246575342465755,287.0,call,0.21,0.21,0.26,473,,0.09457,0.08392,0.02881,0.08702,-0.02678,0.00925,spy_options_2019.parquet,4193545
SPY,2019-02-25,2019-02-25T16:00:00-05:00,279.46,2019-03-11,13.96,0.038246575342465755,287.0,put,7.4,7.68,0.0,,,0.00017,-1.0,0.0,0.0,0.0,0.0,spy_options_2019.parquet,4193545
SPY,2019-02-25,2019-02-25T16:00:00-05:00,279.46,2019-03-11,13.96,0.038246575342465755,288.0,call,0.12,0.15,0.15,419,,0.09398,0.05724,0.02179,0.06547,-0.01972,0.00629,spy_options_2019.parquet,4193546
SPY,2019-02-25,2019-02-25T16:00:00-05:00,279.46,2019-03-11,13.96,0.038246575342465755,288.0,put,8.08,8.71,0.0,,,,-1.0,0.0,0.0,0.0,0.0,spy_options_2019.parquet,4193546
SPY,2019-02-25,2019-02-25T16:00:00-05:00,279.46,2019-03-11,13.96,0.038246575342465755,289.0,call,0.09,0.09,0.09,29,,0.09406,0.04045,0.01617,0.04911,-0.01461,0.00494,spy_options_2019.parquet,4193547
SPY,2019-02-25,2019-02-25T16:00:00-05:00,279.46,2019-03-11,13.96,0.038246575342465755,289.0,put,9.41,9.7,0.0,,,0.08803,-0.94958,0.0038,0.05612,-0.01624,-0.03485,spy_options_2019.parquet,4193547
SPY,2019-02-25,2019-02-25T16:00:00-05:00,279.46,2019-03-11,13.96,0.038246575342465755,290.0,call,0.06,0.07,0.07,220,,0.09706,0.03099,0.01254,0.0391,-0.01179,0.00299,spy_options_2019.parquet,4193548
SPY,2019-02-25,2019-02-25T16:00:00-05:00,279.46,2019-03-11,13.96,0.038246575342465755,290.0,put,9.88,10.88,11.87,0,,,-1.0,0.0,0.0,0.0,0.0,spy_options_2019.parquet,4193548
SPY,2019-02-25,2019-02-25T16:00:00-05:00,279.46,2019-03-11,13.96,0.038246575342465755,291.0,call,0.03,0.03,0.04,266,,0.09488,0.01775,0.00831,0.02502,-0.00706,0.00255,spy_options_2019.parquet,4193549
SPY,2019-02-25,2019-02-25T16:00:00-05:00,279.46,2019-03-11,13.96,0.038246575342465755,291.0,put,11.38,11.67,0.0,,,,-1.0,0.0,0.0,0.0,0.0,spy_options_2019.parquet,4193549
SPY,2019-02-25,2019-02-25T16:00:00-05:00,279.46,2019-03-11,13.96,0.038246575342465755,292.0,call,0.02,0.04,0.04,55,,0.10147,0.01748,0.00727,0.02389,-0.00716,0.0016,spy_options_2019.parquet,4193550
SPY,2019-02-25,2019-02-25T16:00:00-05:00,279.46,2019-03-11,13.96,0.038246575342465755,292.0,put,12.38,12.68,0.0,,,,-1.0,0.0,0.0,0.0,0.0,spy_options_2019.parquet,4193550
SPY,2019-02-25,2019-02-25T16:00:00-05:00,279.46,2019-03-11,13.96,0.038246575342465755,293.0,call,0.02,0.03,0.02,9,,0.10342,0.01195,0.00546,0.01812,-0.0063,0.00168,spy_options_2019.parquet,4193551
SPY,2019-02-25,2019-02-25T16:00:00-05:00,279.46,2019-03-11,13.96,0.038246575342465755,293.0,put,13.09,13.69,0.0,,,,-1.0,0.0,0.0,0.0,0.0,spy_options_2019.parquet,4193551
SPY,2019-02-25,2019-02-25T16:00:00-05:00,279.46,2019-03-11,13.96,0.038246575342465755,294.0,call,0.01,0.03,0.04,1,,0.10356,0.0081,0.00376,0.01208,-0.0041,0.00083,spy_options_2019.parquet,4193552
SPY,2019-02-25,2019-02-25T16:00:00-05:00,279.46,2019-03-11,13.96,0.038246575342465755,294.0,put,14.38,14.67,23.85,5,,,-1.0,0.0,0.0,0.0,0.0,spy_options_2019.parquet,4193552
SPY,2019-02-25,2019-02-25T16:00:00-05:00,279.46,2019-03-11,13.96,0.038246575342465755,295.0,call,0.01,0.02,0.02,1,,0.10987,0.00789,0.0034,0.01155,-0.00433,0.0004,spy_options_2019.parquet,4193553
SPY,2019-02-25,2019-02-25T16:00:00-05:00,279.46,2019-03-11,13.96,0.038246575342465755,295.0,put,15.38,15.67,16.62,1,,,-1.0,0.0,0.0,0.0,0.0,spy_options_2019.parquet,4193553
SPY,2019-02-25,2019-02-25T16:00:00-05:00,279.46,2019-03-11,13.96,0.038246575342465755,296.0,call,0.01,0.01,0.0,,,0.11492,0.00731,0.00307,0.01094,-0.00414,0.0013,spy_options_2019.parquet,4193554
SPY,2019-02-25,2019-02-25T16:00:00-05:00,279.46,2019-03-11,13.96,0.038246575342465755,296.0,put,14.69,18.05,0.0,,,,-1.0,0.0,0.0,0.0,0.0,spy_options_2019.parquet,4193554
SPY,2019-02-25,2019-02-25T16:00:00-05:00,279.46,2019-03-11,13.96,0.038246575342465755,297.0,call,0.0,0.0,0.0,,,0.10787,0.00277,0.00141,0.00431,-0.0018,7e-05,spy_options_2019.parquet,4193555
SPY,2019-02-25,2019-02-25T16:00:00-05:00,279.46,2019-03-11,13.96,0.038246575342465755,297.0,put,17.4,17.68,0.0,,,,-1.0,0.0,0.0,0.0,0.0,spy_options_2019.parquet,4193555
SPY,2019-02-25,2019-02-25T16:00:00-05:00,279.46,2019-03-11,13.96,0.038246575342465755,298.0,call,0.0,0.01,0.0,,,0.11319,0.00217,0.00123,0.00423,-0.00138,0.00073,spy_options_2019.parquet,4193556
SPY,2019-02-25,2019-02-25T16:00:00-05:00,279.46,2019-03-11,13.96,0.038246575342465755,298.0,put,18.09,18.69,0.0,,,,-1.0,0.0,0.0,0.0,0.0,spy_options_2019.parquet,4193556
SPY,2019-02-25,2019-02-25T16:00:00-05:00,279.46,2019-03-11,13.96,0.038246575342465755,299.0,call,0.0,0.0,0.0,,,0.11801,0.00205,0.00113,0.00481,-0.00135,0.00066,spy_options_2019.parquet,4193557
SPY,2019-02-25,2019-02-25T16:00:00-05:00,279.46,2019-03-11,13.96,0.038246575342465755,299.0,put,17.67,21.05,0.0,,,,-1.0,0.0,0.0,0.0,0.0,spy_options_2019.parquet,4193557
SPY,2019-02-25,2019-02-25T16:00:00-05:00,279.46,2019-03-11,13.96,0.038246575342465755,300.0,call,0.0,0.01,0.01,0,,0.12417,0.00233,0.00111,0.00408,-0.00154,0.00058,spy_options_2019.parquet,4193558
SPY,2019-02-25,2019-02-25T16:00:00-05:00,279.46,2019-03-11,13.96,0.038246575342465755,300.0,put,20.4,20.68,0.0,,,,-1.0,0.0,0.0,0.0,0.0,spy_options_2019.parquet,4193558
SPY,2019-02-25,2019-02-25T16:00:00-05:00,279.46,2019-03-13,15.96,0.043726027397260274,225.0,call,53.24,56.54,0.0,,,0.55692,0.96885,0.0021,0.04259,-0.06724,0.1002,spy_options_2019.parquet,4193559
SPY,2019-02-25,2019-02-25T16:00:00-05:00,279.46,2019-03-13,15.96,0.043726027397260274,225.0,put,0.02,0.04,0.02,0,,0.39201,-0.00457,0.00057,0.00835,-0.00855,-0.00054,spy_options_2019.parquet,4193559
SPY,2019-02-25,2019-02-25T16:00:00-05:00,279.46,2019-03-13,15.96,0.043726027397260274,230.0,call,49.64,49.88,0.0,,,0.48027,0.97344,0.00215,0.03675,-0.05008,0.10309,spy_options_2019.parquet,4193560
SPY,2019-02-25,2019-02-25T16:00:00-05:00,279.46,2019-03-13,15.96,0.043726027397260274,230.0,put,0.04,0.04,0.09,512,,0.36718,-0.00652,0.00081,0.01101,-0.01032,-0.00059,spy_options_2019.parquet,4193560
SPY,2019-02-25,2019-02-25T16:00:00-05:00,279.46,2019-03-13,15.96,0.043726027397260274,231.0,call,48.64,48.86,0.0,,,0.46972,0.97305,0.00222,0.03757,-0.04911,0.10388,spy_options_2019.parquet,4193561
SPY,2019-02-25,2019-02-25T16:00:00-05:00,279.46,2019-03-13,15.96,0.043726027397260274,231.0,put,0.05,0.05,0.0,,,0.3599,-0.00598,0.00081,0.01106,-0.01038,-0.0012,spy_options_2019.parquet,4193561
SPY,2019-02-25,2019-02-25T16:00:00-05:00,279.46,2019-03-13,15.96,0.043726027397260274,232.0,call,47.27,48.23,0.0,,,0.45806,0.97392,0.00223,0.03668,-0.04829,0.10453,spy_options_2019.parquet,4193562
SPY,2019-02-25,2019-02-25T16:00:00-05:00,279.46,2019-03-13,15.96,0.043726027397260274,232.0,put,0.05,0.06,0.0,,,0.36118,-0.00772,0.00095,0.0131,-0.01254,-0.00132,spy_options_2019.parquet,4193562
SPY,2019-02-25,2019-02-25T16:00:00-05:00,279.46,2019-03-13,15.96,0.043726027397260274,233.0,call,46.66,46.85,0.0,,,0.45046,0.9729,0.00231,0.038,-0.04823,0.10482,spy_options_2019.parquet,4193563
SPY,2019-02-25,2019-02-25T16:00:00-05:00,279.46,2019-03-13,15.96,0.043726027397260274,233.0,put,0.05,0.06,0.07,256,,0.35298,-0.00734,0.00097,0.01284,-0.01281,-0.00058,spy_options_2019.parquet,4193563
SPY,2019-02-25,2019-02-25T16:00:00-05:00,279.46,2019-03-13,15.96,0.043726027397260274,234.0,call,45.62,45.87,0.0,,,0.43757,0.97331,0.00238,0.03708,-0.04632,0.10575,spy_options_2019.parquet,4193564
SPY,2019-02-25,2019-02-25T16:00:00-05:00,279.46,2019-03-13,15.96,0.043726027397260274,234.0,put,0.05,0.07,0.3,10,,0.3464,-0.00791,0.00107,0.01284,-0.01188,-0.00075,spy_options_2019.parquet,4193564
SPY,2019-02-25,2019-02-25T16:00:00-05:00,279.46,2019-03-13,15.96,0.043726027397260274,235.0,call,44.59,44.89,0.0,,,0.42709,0.97265,0.00241,0.03719,-0.04575,0.10606,spy_options_2019.parquet,4193565
SPY,2019-02-25,2019-02-25T16:00:00-05:00,279.46,2019-03-13,15.96,0.043726027397260274,235.0,put,0.05,0.06,0.04,35,,0.33828,-0.00772,0.00102,0.01318,-0.01197,-0.00056,spy_options_2019.parquet,4193565
SPY,2019-02-25,2019-02-25T16:00:00-05:00,279.46,2019-03-13,15.96,0.043726027397260274,236.0,call,43.76,43.96,0.0,,,0.4476,0.96412,0.00297,0.04759,-0.06082,0.10509,spy_options_2019.parquet,4193566
SPY,2019-02-25,2019-02-25T16:00:00-05:00,279.46,2019-03-13,15.96,0.043726027397260274,236.0,put,0.05,0.06,0.0,,,0.33065,-0.00774,0.00107,0.01401,-0.01257,-0.00127,spy_options_2019.parquet,4193566
SPY,2019-02-25,2019-02-25T16:00:00-05:00,279.46,2019-03-13,15.96,0.043726027397260274,237.0,call,42.71,42.91,0.0,,,0.42763,0.96669,0.00286,0.04513,-0.05456,0.10597,spy_options_2019.parquet,4193567
SPY,2019-02-25,2019-02-25T16:00:00-05:00,279.46,2019-03-13,15.96,0.043726027397260274,237.0,put,0.06,0.07,0.06,256,,0.33075,-0.00958,0.00124,0.01538,-0.014,-0.00126,spy_options_2019.parquet,4193567
SPY,2019-02-25,2019-02-25T16:00:00-05:00,279.46,2019-03-13,15.96,0.043726027397260274,238.0,call,41.65,41.81,39.69,10,,0.39787,0.97167,0.00272,0.03851,-0.04363,0.10708,spy_options_2019.parquet,4193568
SPY,2019-02-25,2019-02-25T16:00:00-05:00,279.46,2019-03-13,15.96,0.043726027397260274,238.0,put,0.06,0.08,0.12,270,,0.32274,-0.00979,0.00136,0.01575,-0.01392,-0.00107,spy_options_2019.parquet,4193568
SPY,2019-02-25,2019-02-25T16:00:00-05:00,279.46,2019-03-13,15.96,0.043726027397260274,239.0,call,40.77,41.07,0.0,,,0.43142,0.95818,0.00345,0.05377,-0.06642,0.10519,spy_options_2019.parquet,4193569
SPY,2019-02-25,2019-02-25T16:00:00-05:00,279.46,2019-03-13,15.96,0.043726027397260274,239.0,put,0.05,0.07,0.04,5,,0.3158,-0.00961,0.0014,0.01564,-0.01361,-0.001,spy_options_2019.parquet,4193569
SPY,2019-02-25,2019-02-25T16:00:00-05:00,279.46,2019-03-13,15.96,0.043726027397260274,240.0,call,39.69,39.99,38.41,0,,0.40488,0.96309,0.00336,0.04938,-0.05695,0.10703,spy_options_2019.parquet,4193570
SPY,2019-02-25,2019-02-25T16:00:00-05:00,279.46,2019-03-13,15.96,0.043726027397260274,240.0,put,0.07,0.08,0.04,1,,0.31391,-0.01107,0.00158,0.01754,-0.0153,-0.00142,spy_options_2019.parquet,4193570
SPY,2019-02-25,2019-02-25T16:00:00-05:00,279.46,2019-03-13,15.96,0.043726027397260274,241.0,call,38.61,38.91,0.0,,,0.38012,0.96804,0.00318,0.04342,-0.04692,0.10776,spy_options_2019.parquet,4193571
SPY,2019-02-25,2019-02-25T16:00:00-05:00,279.46,2019-03-13,15.96,0.043726027397260274,241.0,put,0.08,0.08,0.11,250,,0.30687,-0.01177,0.00159,0.01869,-0.01519,-0.0014,spy_options_2019.parquet,4193571
SPY,2019-02-25,2019-02-25T16:00:00-05:00,279.46,2019-03-13,15.96,0.043726027397260274,242.0,call,37.64,37.91,0.0,,,0.3733,0.9659,0.00335,0.04505,-0.0479,0.10842,spy_options_2019.parquet,4193572
SPY,2019-02-25,2019-02-25T16:00:00-05:00,279.46,2019-03-13,15.96,0.043726027397260274,242.0,put,0.08,0.07,0.26,32,,0.2994,-0.01218,0.0017,0.01882,-0.01514,-0.0012,spy_options_2019.parquet,4193572
SPY,2019-02-25,2019-02-25T16:00:00-05:00,279.46,2019-03-13,15.96,0.043726027397260274,243.0,call,36.62,36.92,0.0,,,0.36416,0.96507,0.00346,0.04605,-0.04797,0.10818,spy_options_2019.parquet,4193573
SPY,2019-02-25,2019-02-25T16:00:00-05:00,279.46,2019-03-13,15.96,0.043726027397260274,243.0,put,0.09,0.09,0.05,0,,0.29662,-0.01344,0.00196,0.02068,-0.01672,-0.0022,spy_options_2019.parquet,4193573
SPY,2019-02-25,2019-02-25T16:00:00-05:00,279.46,2019-03-13,15.96,0.043726027397260274,244.0,call,35.79,36.0,0.0,,,0.37901,0.95548,0.00407,0.05662,-0.06149,0.1073,spy_options_2019.parquet,4193574
SPY,2019-02-25,2019-02-25T16:00:00-05:00,279.46,2019-03-13,15.96,0.043726027397260274,244.0,put,0.08,0.09,0.1,64,,0.28881,-0.01335,0.00203,0.02148,-0.01646,-0.00194,spy_options_2019.parquet,4193574
SPY,2019-02-25,2019-02-25T16:00:00-05:00,279.46,2019-03-13,15.96,0.043726027397260274,245.0,call,34.68,34.95,26.79,4,,0.35641,0.95976,0.00402,0.05182,-0.05323,0.10894,spy_options_2019.parquet,4193575
SPY,2019-02-25,2019-02-25T16:00:00-05:00,279.46,2019-03-13,15.96,0.043726027397260274,245.0,put,0.1,0.11,0.13,4,,0.28611,-0.01472,0.00218,0.02335,-0.01877,-0.00198,spy_options_2019.parquet,4193575
SPY,2019-02-25,2019-02-25T16:00:00-05:00,279.46,2019-03-13,15.96,0.043726027397260274,246.0,call,33.72,33.94,0.0,,,0.34911,0.95826,0.00424,0.05349,-0.05371,0.1084,spy_options_2019.parquet,4193576
SPY,2019-02-25,2019-02-25T16:00:00-05:00,279.46,2019-03-13,15.96,0.043726027397260274,246.0,put,0.08,0.11,0.12,64,,0.27849,-0.01587,0.00232,0.02421,-0.0184,-0.00173,spy_options_2019.parquet,4193576
SPY,2019-02-25,2019-02-25T16:00:00-05:00,279.46,2019-03-13,15.96,0.043726027397260274,247.0,call,32.82,33.01,0.0,,,0.35502,0.95104,0.0048,0.06165,-0.06327,0.10874,spy_options_2019.parquet,4193577
SPY,2019-02-25,2019-02-25T16:00:00-05:00,279.46,2019-03-13,15.96,0.043726027397260274,247.0,put,0.1,0.1,0.0,,,0.27412,-0.01712,0.00257,0.02556,-0.02024,-0.00193,spy_options_2019.parquet,4193577
SPY,2019-02-25,2019-02-25T16:00:00-05:00,279.46,2019-03-13,15.96,0.043726027397260274,248.0,call,31.66,31.95,33.29,3,,0.3257,0.95888,0.00447,0.05358,-0.0501,0.11018,spy_options_2019.parquet,4193578
SPY,2019-02-25,2019-02-25T16:00:00-05:00,279.46,2019-03-13,15.96,0.043726027397260274,248.0,put,0.1,0.12,0.08,0,,0.26877,-0.01867,0.00277,0.02773,-0.02088,-0.00234,spy_options_2019.parquet,4193578
SPY,2019-02-25,2019-02-25T16:00:00-05:00,279.46,2019-03-13,15.96,0.043726027397260274,249.0,call,30.41,31.38,29.96,8,,0.33224,0.95063,0.00514,0.06245,-0.05923,0.10899,spy_options_2019.parquet,4193579
SPY,2019-02-25,2019-02-25T16:00:00-05:00,279.46,2019-03-13,15.96,0.043726027397260274,249.0,put,0.1,0.12,0.07,7,,0.26289,-0.01966,0.00299,0.02882,-0.02074,-0.00254,spy_options_2019.parquet,4193579
SPY,2019-02-25,2019-02-25T16:00:00-05:00,279.46,2019-03-13,15.96,0.043726027397260274,250.0,call,29.67,29.96,27.34,75,,0.31094,0.9556,0.00501,0.05656,-0.05116,0.11023,spy_options_2019.parquet,4193580
SPY,2019-02-25,2019-02-25T16:00:00-05:00,279.46,2019-03-13,15.96,0.043726027397260274,250.0,put,0.12,0.13,0.11,0,,0.25846,-0.02151,0.00326,0.03125,-0.02195,-0.00273,spy_options_2019.parquet,4193580
SPY,2019-02-25,2019-02-25T16:00:00-05:00,279.46,2019-03-13,15.96,0.043726027397260274,251.0,call,28.88,29.16,0.0,,,0.33256,0.93673,0.00616,0.07477,-0.07183,0.10868,spy_options_2019.parquet,4193581
SPY,2019-02-25,2019-02-25T16:00:00-05:00,279.46,2019-03-13,15.96,0.043726027397260274,251.0,put,0.12,0.14,0.1,0,,0.25318,-0.02324,0.00361,0.03299,-0.0235,-0.00346,spy_options_2019.parquet,4193581
SPY,2019-02-25,2019-02-25T16:00:00-05:00,279.46,2019-03-13,15.96,0.043726027397260274,252.0,call,27.79,27.98,0.0,,,0.30409,0.94621,0.00591,0.06605,-0.05749,0.11035,spy_options_2019.parquet,4193582
SPY,2019-02-25,2019-02-25T16:00:00-05:00,279.46,2019-03-13,15.96,0.043726027397260274,252.0,put,0.12,0.14,0.13,251,,0.2453,-0.02387,0.00376,0.03461,-0.02382,-0.0029,spy_options_2019.parquet,4193582
SPY,2019-02-25,2019-02-25T16:00:00-05:00,279.46,2019-03-13,15.96,0.043726027397260274,253.0,call,26.96,27.17,16.97,14,,0.31773,0.9311,0.00691,0.07974,-0.07347,0.10885,spy_options_2019.parquet,4193583
SPY,2019-02-25,2019-02-25T16:00:00-05:00,279.46,2019-03-13,15.96,0.043726027397260274,253.0,put,0.14,0.15,0.14,250,,0.24017,-0.02554,0.0042,0.03632,-0.02479,-0.00326,spy_options_2019.parquet,4193583
SPY,2019-02-25,2019-02-25T16:00:00-05:00,279.46,2019-03-13,15.96,0.043726027397260274,254.0,call,25.63,26.19,16.44,18,,0.28806,0.941,0.00677,0.07054,-0.05851,0.11015,spy_options_2019.parquet,4193584
SPY,2019-02-25,2019-02-25T16:00:00-05:00,279.46,2019-03-13,15.96,0.043726027397260274,254.0,put,0.15,0.16,0.2,2,,0.23511,-0.02777,0.00456,0.03951,-0.02618,-0.00359,spy_options_2019.parquet,4193584
SPY,2019-02-25,2019-02-25T16:00:00-05:00,279.46,2019-03-13,15.96,0.043726027397260274,255.0,call,24.96,25.18,24.45,0,,0.29881,0.92734,0.00766,0.08335,-0.07241,0.10934,spy_options_2019.parquet,4193585
SPY,2019-02-25,2019-02-25T16:00:00-05:00,279.46,2019-03-13,15.96,0.043726027397260274,255.0,put,0.16,0.17,0.1,1,,0.22952,-0.03027,0.00492,0.04179,-0.0273,-0.00378,spy_options_2019.parquet,4193585
SPY,2019-02-25,2019-02-25T16:00:00-05:00,279.46,2019-03-13,15.96,0.043726027397260274,256.0,call,23.72,24.02,15.42,30,,0.26453,0.94112,0.00738,0.07073,-0.05392,0.1116,spy_options_2019.parquet,4193586
SPY,2019-02-25,2019-02-25T16:00:00-05:00,279.46,2019-03-13,15.96,0.043726027397260274,256.0,put,0.17,0.18,0.31,10,,0.22308,-0.03266,0.00543,0.04472,-0.02781,-0.00435,spy_options_2019.parquet,4193586
SPY,2019-02-25,2019-02-25T16:00:00-05:00,279.46,2019-03-13,15.96,0.043726027397260274,257.0,call,22.82,23.12,15.1,20,,0.26774,0.92995,0.00832,0.08065,-0.06232,0.11003,spy_options_2019.parquet,4193587
SPY,2019-02-25,2019-02-25T16:00:00-05:00,279.46,2019-03-13,15.96,0.043726027397260274,257.0,put,0.18,0.2,0.25,3,,0.21692,-0.03538,0.00595,0.04658,-0.02843,-0.00492,spy_options_2019.parquet,4193587
SPY,2019-02-25,2019-02-25T16:00:00-05:00,279.46,2019-03-13,15.96,0.043726027397260274,258.0,call,21.68,22.27,14.01,93,,0.25933,0.92753,0.00879,0.08332,-0.06204,0.10999,spy_options_2019.parquet,4193588
SPY,2019-02-25,2019-02-25T16:00:00-05:00,279.46,2019-03-13,15.96,0.043726027397260274,258.0,put,0.19,0.21,0.17,758,,0.21316,-0.03889,0.00659,0.05158,-0.03047,-0.00494,spy_options_2019.parquet,4193588
SPY,2019-02-25,2019-02-25T16:00:00-05:00,279.46,2019-03-13,15.96,0.043726027397260274,259.0,call,20.85,21.1,22.2,10,,0.24877,0.92575,0.00936,0.0847,-0.06152,0.11021,spy_options_2019.parquet,4193589
SPY,2019-02-25,2019-02-25T16:00:00-05:00,279.46,2019-03-13,15.96,0.043726027397260274,259.0,put,0.23,0.23,0.13,1,,0.2081,-0.04354,0.00726,0.05609,-0.03327,-0.00557,spy_options_2019.parquet,4193589
SPY,2019-02-25,2019-02-25T16:00:00-05:00,279.46,2019-03-13,15.96,0.043726027397260274,260.0,call,19.82,20.1,12.5,38,,0.23853,0.9232,0.00999,0.08668,-0.05996,0.11102,spy_options_2019.parquet,4193590
SPY,2019-02-25,2019-02-25T16:00:00-05:00,279.46,2019-03-13,15.96,0.043726027397260274,260.0,put,0.23,0.23,0.21,54,,0.20151,-0.04642,0.00801,0.05851,-0.03395,-0.00599,spy_options_2019.parquet,4193590
SPY,2019-02-25,2019-02-25T16:00:00-05:00,279.46,2019-03-13,15.96,0.043726027397260274,261.0,call,18.92,19.1,19.46,32,,0.23327,0.91606,0.01093,0.09244,-0.06321,0.11086,spy_options_2019.parquet,4193591
SPY,2019-02-25,2019-02-25T16:00:00-05:00,279.46,2019-03-13,15.96,0.043726027397260274,261.0,put,0.27,0.26,0.18,1,,0.1974,-0.05229,0.00897,0.06464,-0.0367,-0.0068,spy_options_2019.parquet,4193591
SPY,2019-02-25,2019-02-25T16:00:00-05:00,279.46,2019-03-13,15.96,0.043726027397260274,262.0,call,18.1,18.3,19.23,10,,0.24201,0.89663,0.01237,0.10885,-0.07678,0.10799,spy_options_2019.parquet,4193592
SPY,2019-02-25,2019-02-25T16:00:00-05:00,279.46,2019-03-13,15.96,0.043726027397260274,262.0,put,0.29,0.29,0.55,21,,0.19147,-0.0574,0.00986,0.06913,-0.03799,-0.00788,spy_options_2019.parquet,4193592
SPY,2019-02-25,2019-02-25T16:00:00-05:00,279.46,2019-03-13,15.96,0.043726027397260274,263.0,call,16.94,17.18,17.46,40,,0.21894,0.905,0.01282,0.10183,-0.06479,0.11024,spy_options_2019.parquet,4193593
SPY,2019-02-25,2019-02-25T16:00:00-05:00,279.46,2019-03-13,15.96,0.043726027397260274,263.0,put,0.3,0.32,0.21,28,,0.18695,-0.06325,0.01105,0.07518,-0.04013,-0.00886,spy_options_2019.parquet,4193593
SPY,2019-02-25,2019-02-25T16:00:00-05:00,279.46,2019-03-13,15.96,0.043726027397260274,264.0,call,16.02,16.18,14.49,34,,0.21148,0.89836,0.01399,0.10716,-0.06651,0.10938,spy_options_2019.parquet,4193594
SPY,2019-02-25,2019-02-25T16:00:00-05:00,279.46,2019-03-13,15.96,0.043726027397260274,264.0,put,0.34,0.36,0.34,570,,0.1823,-0.07076,0.01238,0.08222,-0.04274,-0.00911,spy_options_2019.parquet,4193594
SPY,2019-02-25,2019-02-25T16:00:00-05:00,279.46,2019-03-13,15.96,0.043726027397260274,265.0,call,15.05,15.25,16.05,50,,0.20643,0.88794,0.01532,0.11494,-0.06917,0.1089,spy_options_2019.parquet,4193595
SPY,2019-02-25,2019-02-25T16:00:00-05:00,279.46,2019-03-13,15.96,0.043726027397260274,265.0,put,0.38,0.4,0.38,502,,0.17759,-0.07897,0.01381,0.08982,-0.04541,-0.01005,spy_options_2019.parquet,4193595
SPY,2019-02-25,2019-02-25T16:00:00-05:00,279.46,2019-03-13,15.96,0.043726027397260274,266.0,call,14.15,14.28,15.17,86,,0.20136,0.87632,0.01682,0.12275,-0.07257,0.10779,spy_options_2019.parquet,4193596
SPY,2019-02-25,2019-02-25T16:00:00-05:00,279.46,2019-03-13,15.96,0.043726027397260274,266.0,put,0.42,0.44,0.38,121,,0.17149,-0.0885,0.01547,0.09738,-0.04788,-0.01216,spy_options_2019.parquet,4193596
SPY,2019-02-25,2019-02-25T16:00:00-05:00,279.46,2019-03-13,15.96,0.043726027397260274,267.0,call,13.15,13.3,12.0,5,,0.19142,0.87011,0.01832,0.12724,-0.07125,0.10664,spy_options_2019.parquet,4193597
SPY,2019-02-25,2019-02-25T16:00:00-05:00,279.46,2019-03-13,15.96,0.043726027397260274,267.0,put,0.46,0.49,0.43,157,,0.16685,-0.09902,0.01737,0.10548,-0.05089,-0.01341,spy_options_2019.parquet,4193597
SPY,2019-02-25,2019-02-25T16:00:00-05:00,279.46,2019-03-13,15.96,0.043726027397260274,268.0,call,12.22,12.38,10.52,50,,0.18591,0.85609,0.02022,0.13621,-0.07467,0.1061,spy_options_2019.parquet,4193598
SPY,2019-02-25,2019-02-25T16:00:00-05:00,279.46,2019-03-13,15.96,0.043726027397260274,268.0,put,0.52,0.55,0.47,98,,0.16199,-0.11178,0.01952,0.11542,-0.05433,-0.01528,spy_options_2019.parquet,4193598
SPY,2019-02-25,2019-02-25T16:00:00-05:00,279.46,2019-03-13,15.96,0.043726027397260274,269.0,call,11.28,11.44,12.54,11,,0.17878,0.84362,0.02229,0.14433,-0.07591,0.10452,spy_options_2019.parquet,4193599
SPY,2019-02-25,2019-02-25T16:00:00-05:00,279.46,2019-03-13,15.96,0.043726027397260274,269.0,put,0.57,0.61,0.52,26,,0.15518,-0.12401,0.02186,0.12395,-0.05656,-0.01619,spy_options_2019.parquet,4193599
SPY,2019-02-25,2019-02-25T16:00:00-05:00,279.46,2019-03-13,15.96,0.043726027397260274,270.0,call,10.28,10.53,10.75,2,,0.17019,0.83025,0.02458,0.1522,-0.07602,0.10305,spy_options_2019.parquet,4193600
SPY,2019-02-25,2019-02-25T16:00:00-05:00,279.46,2019-03-13,15.96,0.043726027397260274,270.0,put,0.66,0.68,0.66,51,,0.15115,-0.14212,0.02468,0.13582,-0.05972,-0.01907,spy_options_2019.parquet,4193600
SPY,2019-02-25,2019-02-25T16:00:00-05:00,279.46,2019-03-13,15.96,0.043726027397260274,271.0,call,9.47,9.65,9.75,10,,0.16836,0.80682,0.02705,0.16529,-0.08207,0.10038,spy_options_2019.parquet,4193601
SPY,2019-02-25,2019-02-25T16:00:00-05:00,279.46,2019-03-13,15.96,0.043726027397260274,271.0,put,0.75,0.76,0.69,43,,0.14574,-0.16012,0.02775,0.14761,-0.06318,-0.02124,spy_options_2019.parquet,4193601
SPY,2019-02-25,2019-02-25T16:00:00-05:00,279.46,2019-03-13,15.96,0.043726027397260274,272.0,call,8.57,8.75,9.2,37,,0.16172,0.78693,0.02994,0.17577,-0.08418,0.09805,spy_options_2019.parquet,4193602
SPY,2019-02-25,2019-02-25T16:00:00-05:00,279.46,2019-03-13,15.96,0.043726027397260274,272.0,put,0.84,0.87,0.75,13,,0.14038,-0.18252,0.0312,0.15974,-0.06653,-0.02421,spy_options_2019.parquet,4193602
SPY,2019-02-25,2019-02-25T16:00:00-05:00,279.46,2019-03-13,15.96,0.043726027397260274,273.0,call,7.76,7.81,8.33,97,,0.1558,0.76253,0.03296,0.18631,-0.08554,0.09565,spy_options_2019.parquet,4193603
SPY,2019-02-25,2019-02-25T16:00:00-05:00,279.46,2019-03-13,15.96,0.043726027397260274,273.0,put,0.97,1.0,0.94,44,,0.13647,-0.2086,0.035,0.17369,-0.0695,-0.02736,spy_options_2019.parquet,4193603
SPY,2019-02-25,2019-02-25T16:00:00-05:00,279.46,2019-03-13,15.96,0.043726027397260274,274.0,call,6.87,6.92,7.58,56,,0.14714,0.73806,0.03666,0.19633,-0.08555,0.09232,spy_options_2019.parquet,4193604
SPY,2019-02-25,2019-02-25T16:00:00-05:00,279.46,2019-03-13,15.96,0.043726027397260274,274.0,put,1.11,1.14,1.12,387,,0.1317,-0.23903,0.03913,0.18756,-0.07317,-0.03119,spy_options_2019.parquet,4193604
SPY,2019-02-25,2019-02-25T16:00:00-05:00,279.46,2019-03-13,15.96,0.043726027397260274,275.0,call,6.05,6.09,6.48,91,,0.14121,0.70653,0.04037,0.20726,-0.08735,0.08934,spy_options_2019.parquet,4193605
SPY,2019-02-25,2019-02-25T16:00:00-05:00,279.46,2019-03-13,15.96,0.043726027397260274,275.0,put,1.27,1.3,1.08,40,,0.1265,-0.27232,0.04369,0.20012,-0.07507,-0.03544,spy_options_2019.parquet,4193605
SPY,2019-02-25,2019-02-25T16:00:00-05:00,279.46,2019-03-13,15.96,0.043726027397260274,276.0,call,5.28,5.33,5.68,56,,0.13797,0.66817,0.04375,0.21845,-0.08959,0.08471,spy_options_2019.parquet,4193606
SPY,2019-02-25,2019-02-25T16:00:00-05:00,279.46,2019-03-13,15.96,0.043726027397260274,276.0,put,1.51,1.53,1.42,140,,0.1223,-0.31445,0.04797,0.21425,-0.07785,-0.04069,spy_options_2019.parquet,4193606
SPY,2019-02-25,2019-02-25T16:00:00-05:00,279.46,2019-03-13,15.96,0.043726027397260274,277.0,call,4.5,4.54,4.66,58,,0.13034,0.62844,0.04797,0.22786,-0.0893,0.07971,spy_options_2019.parquet,4193607
SPY,2019-02-25,2019-02-25T16:00:00-05:00,279.46,2019-03-13,15.96,0.043726027397260274,277.0,put,1.72,1.76,1.64,141,,0.11669,-0.35759,0.053,0.22549,-0.07778,-0.04666,spy_options_2019.parquet,4193607
SPY,2019-02-25,2019-02-25T16:00:00-05:00,279.46,2019-03-13,15.96,0.043726027397260274,278.0,call,3.79,3.83,4.1,173,,0.12628,0.58151,0.05141,0.23553,-0.089,0.07373,spy_options_2019.parquet,4193608
SPY,2019-02-25,2019-02-25T16:00:00-05:00,279.46,2019-03-13,15.96,0.043726027397260274,278.0,put,2.0,2.06,1.91,132,,0.11222,-0.40906,0.0574,0.23396,-0.07873,-0.05369,spy_options_2019.parquet,4193608
SPY,2019-02-25,2019-02-25T16:00:00-05:00,279.46,2019-03-13,15.96,0.043726027397260274,279.0,call,3.09,3.19,3.42,287,,0.12037,0.53062,0.05457,0.23981,-0.08607,0.06737,spy_options_2019.parquet,4193609
SPY,2019-02-25,2019-02-25T16:00:00-05:00,279.46,2019-03-13,15.96,0.043726027397260274,279.0,put,2.29,2.37,2.36,,,0.10622,-0.4664,0.062,0.23961,-0.07624,-0.06082,spy_options_2019.parquet,4193609
SPY,2019-02-25,2019-02-25T16:00:00-05:00,279.46,2019-03-13,15.96,0.043726027397260274,280.0,call,2.54,2.57,2.59,218,,0.11761,0.47514,0.0563,0.2405,-0.08434,0.06066,spy_options_2019.parquet,4193610
SPY,2019-02-25,2019-02-25T16:00:00-05:00,279.46,2019-03-13,15.96,0.043726027397260274,280.0,put,2.73,2.77,2.63,709,,0.10253,-0.52978,0.06418,0.23971,-0.07391,-0.06783,spy_options_2019.parquet,4193610
SPY,2019-02-25,2019-02-25T16:00:00-05:00,279.46,2019-03-13,15.96,0.043726027397260274,281.0,call,2.02,2.03,2.07,,,0.11303,0.41517,0.05724,0.23523,-0.07944,0.05293,spy_options_2019.parquet,4193611
SPY,2019-02-25,2019-02-25T16:00:00-05:00,279.46,2019-03-13,15.96,0.043726027397260274,281.0,put,3.2,3.24,2.8,576,,0.09862,-0.59758,0.06518,0.23315,-0.06855,-0.07609,spy_options_2019.parquet,4193611
SPY,2019-02-25,2019-02-25T16:00:00-05:00,279.46,2019-03-13,15.96,0.043726027397260274,282.0,call,1.53,1.57,1.63,,,0.10911,0.35494,0.05664,0.22467,-0.07305,0.04531,spy_options_2019.parquet,4193612
SPY,2019-02-25,2019-02-25T16:00:00-05:00,279.46,2019-03-13,15.96,0.043726027397260274,282.0,put,3.81,3.85,3.3,675,,0.09753,-0.66318,0.06218,0.21993,-0.06309,-0.08257,spy_options_2019.parquet,4193612
SPY,2019-02-25,2019-02-25T16:00:00-05:00,279.46,2019-03-13,15.96,0.043726027397260274,283.0,call,1.17,1.22,1.27,808,,0.10672,0.29657,0.05365,0.20816,-0.06637,0.03812,spy_options_2019.parquet,4193613
SPY,2019-02-25,2019-02-25T16:00:00-05:00,279.46,2019-03-13,15.96,0.043726027397260274,283.0,put,4.4,4.47,4.04,105,,0.09185,-0.73294,0.05873,0.19849,-0.05434,-0.08877,spy_options_2019.parquet,4193613
SPY,2019-02-25,2019-02-25T16:00:00-05:00,279.46,2019-03-13,15.96,0.043726027397260274,284.0,call,0.86,0.89,1.01,238,,0.10423,0.23948,0.0496,0.18684,-0.05751,0.03073,spy_options_2019.parquet,4193614
SPY,2019-02-25,2019-02-25T16:00:00-05:00,279.46,2019-03-13,15.96,0.043726027397260274,284.0,put,5.1,5.16,4.47,89,,0.08785,-0.79813,0.0522,0.17065,-0.04404,-0.09122,spy_options_2019.parquet,4193614
SPY,2019-02-25,2019-02-25T16:00:00-05:00,279.46,2019-03-13,15.96,0.043726027397260274,285.0,call,0.6,0.63,0.65,106,,0.10102,0.1861,0.04412,0.16175,-0.04822,0.02396,spy_options_2019.parquet,4193615
SPY,2019-02-25,2019-02-25T16:00:00-05:00,279.46,2019-03-13,15.96,0.043726027397260274,285.0,put,5.8,5.87,5.23,97,,0.07943,-0.86927,0.04199,0.12856,-0.02947,-0.08975,spy_options_2019.parquet,4193615
SPY,2019-02-25,2019-02-25T16:00:00-05:00,279.46,2019-03-13,15.96,0.043726027397260274,286.0,call,0.43,0.45,0.51,88,,0.0997,0.14381,0.03762,0.13715,-0.04022,0.01842,spy_options_2019.parquet,4193616
SPY,2019-02-25,2019-02-25T16:00:00-05:00,279.46,2019-03-13,15.96,0.043726027397260274,286.0,put,6.71,6.83,6.25,246,,0.0832,-0.89557,0.0327,0.10992,-0.02625,-0.08541,spy_options_2019.parquet,4193616
SPY,2019-02-25,2019-02-25T16:00:00-05:00,279.46,2019-03-13,15.96,0.043726027397260274,287.0,call,0.28,0.3,0.4,23,,0.09773,0.1044,0.03086,0.10896,-0.03057,0.01385,spy_options_2019.parquet,4193617
SPY,2019-02-25,2019-02-25T16:00:00-05:00,279.46,2019-03-13,15.96,0.043726027397260274,287.0,put,7.5,7.63,6.25,85,,0.06482,-0.95065,0.00473,0.05921,-0.01161,-0.03812,spy_options_2019.parquet,4193617
SPY,2019-02-25,2019-02-25T16:00:00-05:00,279.46,2019-03-13,15.96,0.043726027397260274,288.0,call,0.19,0.2,0.24,39,,0.09624,0.07539,0.02443,0.08581,-0.02392,0.00995,spy_options_2019.parquet,4193618
SPY,2019-02-25,2019-02-25T16:00:00-05:00,279.46,2019-03-13,15.96,0.043726027397260274,288.0,put,8.26,8.85,0.0,,,0.07212,-0.95009,0.00261,0.05846,-0.00998,-0.03514,spy_options_2019.parquet,4193618
SPY,2019-02-25,2019-02-25T16:00:00-05:00,279.46,2019-03-13,15.96,0.043726027397260274,289.0,call,0.14,0.15,0.17,10,,0.09734,0.05609,0.01926,0.06877,-0.01927,0.00708,spy_options_2019.parquet,4193619
SPY,2019-02-25,2019-02-25T16:00:00-05:00,279.46,2019-03-13,15.96,0.043726027397260274,289.0,put,9.47,9.66,9.8,0,,0.08439,-0.9478,0.00551,0.06104,-0.0153,-0.04369,spy_options_2019.parquet,4193619
SPY,2019-02-25,2019-02-25T16:00:00-05:00,279.46,2019-03-13,15.96,0.043726027397260274,290.0,call,0.07,0.1,0.11,379,,0.0964,0.03855,0.01443,0.05065,-0.01349,0.00458,spy_options_2019.parquet,4193620
SPY,2019-02-25,2019-02-25T16:00:00-05:00,279.46,2019-03-13,15.96,0.043726027397260274,290.0,put,10.34,10.53,8.96,3,,,-1.0,0.0,0.0,0.0,0.0,spy_options_2019.parquet,4193620
SPY,2019-02-25,2019-02-25T16:00:00-05:00,279.46,2019-03-13,15.96,0.043726027397260274,291.0,call,0.06,0.08,0.12,2,,0.09822,0.02834,0.01111,0.03909,-0.01077,0.0041,spy_options_2019.parquet,4193621
SPY,2019-02-25,2019-02-25T16:00:00-05:00,279.46,2019-03-13,15.96,0.043726027397260274,291.0,put,11.5,11.63,9.95,2,,0.10063,-0.94759,0.00381,0.06042,-0.01789,-0.04221,spy_options_2019.parquet,4193621
SPY,2019-02-25,2019-02-25T16:00:00-05:00,279.46,2019-03-13,15.96,0.043726027397260274,292.0,call,0.03,0.06,0.05,4,,0.09901,0.02071,0.00831,0.02993,-0.00776,0.0031,spy_options_2019.parquet,4193622
SPY,2019-02-25,2019-02-25T16:00:00-05:00,279.46,2019-03-13,15.96,0.043726027397260274,292.0,put,12.51,12.68,0.0,,,0.11265,-0.94572,0.00535,0.06355,-0.0206,-0.04843,spy_options_2019.parquet,4193622
SPY,2019-02-25,2019-02-25T16:00:00-05:00,279.46,2019-03-13,15.96,0.043726027397260274,293.0,call,0.03,0.04,0.05,5,,0.10172,0.0165,0.00657,0.0247,-0.00685,0.00254,spy_options_2019.parquet,4193623
SPY,2019-02-25,2019-02-25T16:00:00-05:00,279.46,2019-03-13,15.96,0.043726027397260274,293.0,put,13.51,13.64,0.0,,,0.11773,-0.94747,0.00279,0.06129,-0.02105,-0.04051,spy_options_2019.parquet,4193623
SPY,2019-02-25,2019-02-25T16:00:00-05:00,279.46,2019-03-13,15.96,0.043726027397260274,294.0,call,0.02,0.04,0.0,,,0.10328,0.01221,0.00494,0.0186,-0.00521,0.00191,spy_options_2019.parquet,4193624
SPY,2019-02-25,2019-02-25T16:00:00-05:00,279.46,2019-03-13,15.96,0.043726027397260274,294.0,put,14.5,14.69,0.0,,,0.12889,-0.9458,0.00375,0.06318,-0.02365,-0.04574,spy_options_2019.parquet,4193624
SPY,2019-02-25,2019-02-25T16:00:00-05:00,279.46,2019-03-13,15.96,0.043726027397260274,295.0,call,0.02,0.03,0.04,1,,0.10961,0.01081,0.00444,0.0175,-0.00569,0.001,spy_options_2019.parquet,4193625
SPY,2019-02-25,2019-02-25T16:00:00-05:00,279.46,2019-03-13,15.96,0.043726027397260274,295.0,put,15.36,15.49,18.3,2,,,-1.0,0.0,0.0,0.0,0.0,spy_options_2019.parquet,4193625
SPY,2019-02-25,2019-02-25T16:00:00-05:00,279.46,2019-03-13,15.96,0.043726027397260274,296.0,call,0.01,0.02,0.0,,,0.10807,0.00695,0.00305,0.01237,-0.00394,0.00115,spy_options_2019.parquet,4193626
SPY,2019-02-25,2019-02-25T16:00:00-05:00,279.46,2019-03-13,15.96,0.043726027397260274,296.0,put,16.5,16.64,0.0,,,0.14243,-0.94614,0.00184,0.06186,-0.02548,-0.03989,spy_options_2019.parquet,4193626
SPY,2019-02-25,2019-02-25T16:00:00-05:00,279.46,2019-03-13,15.96,0.043726027397260274,297.0,call,0.01,0.02,0.0,,,0.11376,0.00722,0.00278,0.0119,-0.00354,0.00066,spy_options_2019.parquet,4193627
SPY,2019-02-25,2019-02-25T16:00:00-05:00,279.46,2019-03-13,15.96,0.043726027397260274,297.0,put,17.36,17.55,0.0,,,,-1.0,0.0,0.0,0.0,0.0,spy_options_2019.parquet,4193627
SPY,2019-02-25,2019-02-25T16:00:00-05:00,279.46,2019-03-13,15.96,0.043726027397260274,298.0,call,0.02,0.01,0.0,,,0.11891,0.00652,0.00256,0.01079,-0.00347,0.0011,spy_options_2019.parquet,4193628
SPY,2019-02-25,2019-02-25T16:00:00-05:00,279.46,2019-03-13,15.96,0.043726027397260274,298.0,put,18.5,18.69,0.0,,,0.16145,-0.94385,0.00242,0.0633,-0.03066,-0.04368,spy_options_2019.parquet,4193628
SPY,2019-02-25,2019-02-25T16:00:00-05:00,279.46,2019-03-13,15.96,0.043726027397260274,299.0,call,0.01,0.02,0.0,,,0.12478,0.00611,0.00233,0.01027,-0.00393,0.00039,spy_options_2019.parquet,4193629
SPY,2019-02-25,2019-02-25T16:00:00-05:00,279.46,2019-03-13,15.96,0.043726027397260274,299.0,put,19.22,19.52,0.0,,,,-1.0,0.0,0.0,0.0,0.0,spy_options_2019.parquet,4193629
SPY,2019-02-25,2019-02-25T16:00:00-05:00,279.46,2019-03-13,15.96,0.043726027397260274,300.0,call,0.0,0.01,0.02,61,,0.1163,0.00198,0.00103,0.00504,-0.00181,0.00078,spy_options_2019.parquet,4193630
SPY,2019-02-25,2019-02-25T16:00:00-05:00,279.46,2019-03-13,15.96,0.043726027397260274,300.0,put,20.5,20.64,0.0,,,0.17533,-0.94345,0.00124,0.06367,-0.0303,-0.03925,spy_options_2019.parquet,4193630
SPY,2019-02-25,2019-02-25T16:00:00-05:00,279.46,2019-03-15,17.96,0.0492054794520548,188.0,call,91.63,91.97,85.3,1,,1.13329,0.91696,0.00039,0.07245,-0.20866,0.01565,spy_options_2019.parquet,4193670
SPY,2019-02-25,2019-02-25T16:00:00-05:00,279.46,2019-03-15,17.96,0.0492054794520548,188.0,put,0.0,0.02,0.01,951,,0.59033,-0.00092,8e-05,0.00259,-0.00382,-0.00038,spy_options_2019.parquet,4193670
SPY,2019-02-25,2019-02-25T16:00:00-05:00,279.46,2019-03-15,17.96,0.0492054794520548,189.0,call,90.62,90.95,0.0,,,1.11499,0.91738,0.00041,0.07265,-0.20438,0.01608,spy_options_2019.parquet,4193671
SPY,2019-02-25,2019-02-25T16:00:00-05:00,279.46,2019-03-15,17.96,0.0492054794520548,189.0,put,0.01,0.03,0.03,,,0.58293,-0.0012,0.00013,0.0024,-0.00452,0.0,spy_options_2019.parquet,4193671
SPY,2019-02-25,2019-02-25T16:00:00-05:00,279.46,2019-03-15,17.96,0.0492054794520548,190.0,call,89.63,89.95,85.39,50,,1.09872,0.91799,0.0004,0.07221,-0.20098,0.01594,spy_options_2019.parquet,4193672
SPY,2019-02-25,2019-02-25T16:00:00-05:00,279.46,2019-03-15,17.96,0.0492054794520548,190.0,put,0.0,0.02,0.01,922,,0.57651,-0.00148,0.0001,0.0027,-0.00436,0.0,spy_options_2019.parquet,4193672
SPY,2019-02-25,2019-02-25T16:00:00-05:00,279.46,2019-03-15,17.96,0.0492054794520548,191.0,call,88.63,88.96,0.0,,,1.08259,0.91899,0.00044,0.07213,-0.19808,0.01653,spy_options_2019.parquet,4193673
SPY,2019-02-25,2019-02-25T16:00:00-05:00,279.46,2019-03-15,17.96,0.0492054794520548,191.0,put,0.01,0.03,0.01,29,,0.56913,-0.00141,0.00014,0.00332,-0.00454,-0.00044,spy_options_2019.parquet,4193673
SPY,2019-02-25,2019-02-25T16:00:00-05:00,279.46,2019-03-15,17.96,0.0492054794520548,192.0,call,87.63,87.97,0.0,,,1.0668,0.91951,0.00047,0.07269,-0.19493,0.01685,spy_options_2019.parquet,4193674
SPY,2019-02-25,2019-02-25T16:00:00-05:00,279.46,2019-03-15,17.96,0.0492054794520548,192.0,put,0.01,0.02,0.01,28,,0.56174,-0.0013,0.00017,0.00271,-0.00376,-9e-05,spy_options_2019.parquet,4193674
SPY,2019-02-25,2019-02-25T16:00:00-05:00,279.46,2019-03-15,17.96,0.0492054794520548,193.0,call,86.64,86.97,73.64,0,,1.05108,0.91983,0.00047,0.07216,-0.19115,0.0165,spy_options_2019.parquet,4193675
SPY,2019-02-25,2019-02-25T16:00:00-05:00,279.46,2019-03-15,17.96,0.0492054794520548,193.0,put,0.01,0.02,0.01,28,,0.55505,-0.0015,0.00019,0.00308,-0.00412,-0.00043,spy_options_2019.parquet,4193675
SPY,2019-02-25,2019-02-25T16:00:00-05:00,279.46,2019-03-15,17.96,0.0492054794520548,194.0,call,85.65,85.97,0.0,,,1.03418,0.92053,0.00055,0.07201,-0.18776,0.01731,spy_options_2019.parquet,4193676
SPY,2019-02-25,2019-02-25T16:00:00-05:00,279.46,2019-03-15,17.96,0.0492054794520548,194.0,put,0.01,0.02,0.01,29,,0.54838,-0.00183,0.00016,0.00319,-0.00383,-0.00065,spy_options_2019.parquet,4193676
SPY,2019-02-25,2019-02-25T16:00:00-05:00,279.46,2019-03-15,17.96,0.0492054794520548,195.0,call,84.38,85.22,83.13,10,,1.01725,0.92049,0.00052,0.07249,-0.18415,0.01686,spy_options_2019.parquet,4193677
SPY,2019-02-25,2019-02-25T16:00:00-05:00,279.46,2019-03-15,17.96,0.0492054794520548,195.0,put,0.01,0.02,0.02,,,0.54097,-0.00201,0.00011,0.00309,-0.00433,-0.0002,spy_options_2019.parquet,4193677
SPY,2019-02-25,2019-02-25T16:00:00-05:00,279.46,2019-03-15,17.96,0.0492054794520548,196.0,call,83.64,83.97,84.59,0,,1.00289,0.92098,0.00056,0.07228,-0.18118,0.01779,spy_options_2019.parquet,4193678
SPY,2019-02-25,2019-02-25T16:00:00-05:00,279.46,2019-03-15,17.96,0.0492054794520548,196.0,put,0.01,0.01,0.02,,,0.53245,-0.00148,0.00016,0.00315,-0.00375,0.0,spy_options_2019.parquet,4193678
SPY,2019-02-25,2019-02-25T16:00:00-05:00,279.46,2019-03-15,17.96,0.0492054794520548,197.0,call,82.64,82.97,72.9,0,,0.98675,0.92173,0.0006,0.07233,-0.17786,0.01732,spy_options_2019.parquet,4193679
SPY,2019-02-25,2019-02-25T16:00:00-05:00,279.46,2019-03-15,17.96,0.0492054794520548,197.0,put,0.01,0.02,0.02,291,,0.52407,-0.00177,0.00012,0.003,-0.00388,-0.00046,spy_options_2019.parquet,4193679
SPY,2019-02-25,2019-02-25T16:00:00-05:00,279.46,2019-03-15,17.96,0.0492054794520548,198.0,call,81.63,81.97,45.06,0,,0.9722,0.92199,0.0006,0.07162,-0.17547,0.01807,spy_options_2019.parquet,4193680
SPY,2019-02-25,2019-02-25T16:00:00-05:00,279.46,2019-03-15,17.96,0.0492054794520548,198.0,put,0.01,0.02,0.01,250,,0.51816,-0.00201,0.0001,0.00349,-0.00406,-6e-05,spy_options_2019.parquet,4193680
SPY,2019-02-25,2019-02-25T16:00:00-05:00,279.46,2019-03-15,17.96,0.0492054794520548,199.0,call,80.64,80.98,57.2,0,,0.95751,0.92304,0.00063,0.07202,-0.17228,0.01856,spy_options_2019.parquet,4193681
SPY,2019-02-25,2019-02-25T16:00:00-05:00,279.46,2019-03-15,17.96,0.0492054794520548,199.0,put,0.01,0.02,0.02,689,,0.51237,-0.00114,0.00016,0.0028,-0.0042,-0.00068,spy_options_2019.parquet,4193681
SPY,2019-02-25,2019-02-25T16:00:00-05:00,279.46,2019-03-15,17.96,0.0492054794520548,200.0,call,79.77,80.07,78.7,0,,0.95665,0.92232,0.00069,0.07297,-0.17568,0.02122,spy_options_2019.parquet,4193682
SPY,2019-02-25,2019-02-25T16:00:00-05:00,279.46,2019-03-15,17.96,0.0492054794520548,200.0,put,0.01,0.03,0.02,271,,0.5038,-0.00135,0.00019,0.00353,-0.00401,-0.00063,spy_options_2019.parquet,4193682
SPY,2019-02-25,2019-02-25T16:00:00-05:00,279.46,2019-03-15,17.96,0.0492054794520548,201.0,call,78.65,78.97,0.0,,,0.92612,0.92422,0.00063,0.07102,-0.16528,0.01939,spy_options_2019.parquet,4193683
SPY,2019-02-25,2019-02-25T16:00:00-05:00,279.46,2019-03-15,17.96,0.0492054794520548,201.0,put,0.03,0.02,0.02,600,,0.52179,-0.00198,0.00018,0.00526,-0.00594,-0.00068,spy_options_2019.parquet,4193683
SPY,2019-02-25,2019-02-25T16:00:00-05:00,279.46,2019-03-15,17.96,0.0492054794520548,202.0,call,77.65,77.97,68.57,0,,0.91214,0.9245,0.00068,0.07104,-0.1627,0.0189,spy_options_2019.parquet,4193684
SPY,2019-02-25,2019-02-25T16:00:00-05:00,279.46,2019-03-15,17.96,0.0492054794520548,202.0,put,0.01,0.04,0.02,275,,0.51534,-0.00216,0.00022,0.00493,-0.00597,-0.00011,spy_options_2019.parquet,4193684
SPY,2019-02-25,2019-02-25T16:00:00-05:00,279.46,2019-03-15,17.96,0.0492054794520548,203.0,call,76.66,76.98,0.0,,,0.89722,0.92465,0.00069,0.07117,-0.16014,0.01975,spy_options_2019.parquet,4193685
SPY,2019-02-25,2019-02-25T16:00:00-05:00,279.46,2019-03-15,17.96,0.0492054794520548,203.0,put,0.02,0.04,0.01,0,,0.50767,-0.0021,0.00019,0.00481,-0.00604,0.0,spy_options_2019.parquet,4193685
SPY,2019-02-25,2019-02-25T16:00:00-05:00,279.46,2019-03-15,17.96,0.0492054794520548,204.0,call,75.65,75.99,52.3,0,,0.88283,0.92511,0.00072,0.0712,-0.15657,0.02016,spy_options_2019.parquet,4193686
SPY,2019-02-25,2019-02-25T16:00:00-05:00,279.46,2019-03-15,17.96,0.0492054794520548,204.0,put,0.02,0.03,0.02,100,,0.50062,-0.00221,0.00029,0.00502,-0.00585,-0.0007,spy_options_2019.parquet,4193686
SPY,2019-02-25,2019-02-25T16:00:00-05:00,279.46,2019-03-15,17.96,0.0492054794520548,205.0,call,73.26,76.73,73.6,4,,0.8914,0.92327,0.00087,0.07461,-0.16437,0.02459,spy_options_2019.parquet,4193687
SPY,2019-02-25,2019-02-25T16:00:00-05:00,279.46,2019-03-15,17.96,0.0492054794520548,205.0,put,0.01,0.03,0.03,,,0.49296,-0.00293,0.00031,0.00501,-0.00655,-0.00016,spy_options_2019.parquet,4193687
SPY,2019-02-25,2019-02-25T16:00:00-05:00,279.46,2019-03-15,17.96,0.0492054794520548,206.0,call,73.67,73.99,0.0,,,0.85494,0.92642,0.00079,0.07095,-0.15088,0.02127,spy_options_2019.parquet,4193688
SPY,2019-02-25,2019-02-25T16:00:00-05:00,279.46,2019-03-15,17.96,0.0492054794520548,206.0,put,0.03,0.04,0.02,,,0.48651,-0.00227,0.00024,0.00498,-0.00579,-0.00055,spy_options_2019.parquet,4193688
SPY,2019-02-25,2019-02-25T16:00:00-05:00,279.46,2019-03-15,17.96,0.0492054794520548,207.0,call,72.65,72.99,0.0,,,0.84057,0.92675,0.00082,0.07112,-0.14841,0.02125,spy_options_2019.parquet,4193689
SPY,2019-02-25,2019-02-25T16:00:00-05:00,279.46,2019-03-15,17.96,0.0492054794520548,207.0,put,0.02,0.03,0.02,250,,0.47933,-0.00308,0.0003,0.00557,-0.00656,-0.00056,spy_options_2019.parquet,4193689
SPY,2019-02-25,2019-02-25T16:00:00-05:00,279.46,2019-03-15,17.96,0.0492054794520548,208.0,call,71.63,72.15,0.0,,,0.83676,0.9266,0.00088,0.07284,-0.14961,0.02385,spy_options_2019.parquet,4193690
SPY,2019-02-25,2019-02-25T16:00:00-05:00,279.46,2019-03-15,17.96,0.0492054794520548,208.0,put,0.02,0.03,0.03,206,,0.47214,-0.003,0.00024,0.0053,-0.00612,-0.00081,spy_options_2019.parquet,4193690
SPY,2019-02-25,2019-02-25T16:00:00-05:00,279.46,2019-03-15,17.96,0.0492054794520548,209.0,call,70.78,71.11,0.0,,,0.8289,0.92555,0.00097,0.07323,-0.15008,0.02545,spy_options_2019.parquet,4193691
SPY,2019-02-25,2019-02-25T16:00:00-05:00,279.46,2019-03-15,17.96,0.0492054794520548,209.0,put,0.02,0.03,0.02,0,,0.46503,-0.00291,0.00025,0.00527,-0.00629,-0.00057,spy_options_2019.parquet,4193691
SPY,2019-02-25,2019-02-25T16:00:00-05:00,279.46,2019-03-15,17.96,0.0492054794520548,210.0,call,69.6,69.89,69.42,0,,0.78798,0.92954,0.00087,0.06883,-0.13502,0.01983,spy_options_2019.parquet,4193692
SPY,2019-02-25,2019-02-25T16:00:00-05:00,279.46,2019-03-15,17.96,0.0492054794520548,210.0,put,0.02,0.03,0.01,1,,0.45734,-0.00248,0.00025,0.00549,-0.0065,-0.00039,spy_options_2019.parquet,4193692
SPY,2019-02-25,2019-02-25T16:00:00-05:00,279.46,2019-03-15,17.96,0.0492054794520548,211.0,call,68.67,69.0,38.14,0,,0.7871,0.92865,0.00098,0.07093,-0.13795,0.02317,spy_options_2019.parquet,4193693
SPY,2019-02-25,2019-02-25T16:00:00-05:00,279.46,2019-03-15,17.96,0.0492054794520548,211.0,put,0.03,0.03,0.03,250,,0.45073,-0.00312,0.00026,0.00555,-0.00565,-0.00065,spy_options_2019.parquet,4193693
SPY,2019-02-25,2019-02-25T16:00:00-05:00,279.46,2019-03-15,17.96,0.0492054794520548,212.0,call,67.66,67.99,0.0,,,0.77344,0.92938,0.00097,0.07056,-0.13495,0.0235,spy_options_2019.parquet,4193694
SPY,2019-02-25,2019-02-25T16:00:00-05:00,279.46,2019-03-15,17.96,0.0492054794520548,212.0,put,0.03,0.04,0.01,1,,0.45945,-0.00374,0.00039,0.0072,-0.00852,-0.00065,spy_options_2019.parquet,4193694
SPY,2019-02-25,2019-02-25T16:00:00-05:00,279.46,2019-03-15,17.96,0.0492054794520548,213.0,call,66.68,67.01,0.0,,,0.76036,0.92973,0.00102,0.07131,-0.13291,0.02445,spy_options_2019.parquet,4193695
SPY,2019-02-25,2019-02-25T16:00:00-05:00,279.46,2019-03-15,17.96,0.0492054794520548,213.0,put,0.03,0.04,0.03,26,,0.45225,-0.00354,0.00034,0.00735,-0.00845,-0.00012,spy_options_2019.parquet,4193695
SPY,2019-02-25,2019-02-25T16:00:00-05:00,279.46,2019-03-15,17.96,0.0492054794520548,214.0,call,65.41,66.33,0.0,,,0.75137,0.92893,0.00114,0.07134,-0.13172,0.02592,spy_options_2019.parquet,4193696
SPY,2019-02-25,2019-02-25T16:00:00-05:00,279.46,2019-03-15,17.96,0.0492054794520548,214.0,put,0.02,0.04,0.02,0,,0.44575,-0.00367,0.00042,0.00704,-0.00833,-0.00015,spy_options_2019.parquet,4193696
SPY,2019-02-25,2019-02-25T16:00:00-05:00,279.46,2019-03-15,17.96,0.0492054794520548,215.0,call,64.42,65.33,63.4,4,,0.73861,0.92931,0.00115,0.07194,-0.12964,0.02629,spy_options_2019.parquet,4193697
SPY,2019-02-25,2019-02-25T16:00:00-05:00,279.46,2019-03-15,17.96,0.0492054794520548,215.0,put,0.03,0.04,0.04,33,,0.43815,-0.00385,0.00041,0.00779,-0.00833,-0.0002,spy_options_2019.parquet,4193697
SPY,2019-02-25,2019-02-25T16:00:00-05:00,279.46,2019-03-15,17.96,0.0492054794520548,216.0,call,62.27,65.65,0.0,,,0.73788,0.92849,0.0013,0.07413,-0.1325,0.02868,spy_options_2019.parquet,4193698
SPY,2019-02-25,2019-02-25T16:00:00-05:00,279.46,2019-03-15,17.96,0.0492054794520548,216.0,put,0.03,0.04,0.02,250,,0.43179,-0.00449,0.00039,0.00729,-0.00819,-0.00069,spy_options_2019.parquet,4193698
SPY,2019-02-25,2019-02-25T16:00:00-05:00,279.46,2019-03-15,17.96,0.0492054794520548,217.0,call,61.28,64.6,31.75,0,,0.7212,0.92868,0.00132,0.0726,-0.12802,0.02913,spy_options_2019.parquet,4193699
SPY,2019-02-25,2019-02-25T16:00:00-05:00,279.46,2019-03-15,17.96,0.0492054794520548,217.0,put,0.03,0.04,0.03,683,,0.42359,-0.00439,0.00046,0.00739,-0.00757,-0.00034,spy_options_2019.parquet,4193699
SPY,2019-02-25,2019-02-25T16:00:00-05:00,279.46,2019-03-15,17.96,0.0492054794520548,218.0,call,61.65,62.16,41.15,0,,0.70485,0.92944,0.00134,0.07241,-0.12433,0.02816,spy_options_2019.parquet,4193700
SPY,2019-02-25,2019-02-25T16:00:00-05:00,279.46,2019-03-15,17.96,0.0492054794520548,218.0,put,0.04,0.04,0.02,2,,0.41717,-0.0044,0.00041,0.00738,-0.00813,-0.00103,spy_options_2019.parquet,4193700
SPY,2019-02-25,2019-02-25T16:00:00-05:00,279.46,2019-03-15,17.96,0.0492054794520548,219.0,call,60.62,61.3,40.39,0,,0.70112,0.9285,0.00153,0.07439,-0.12588,0.03117,spy_options_2019.parquet,4193701
SPY,2019-02-25,2019-02-25T16:00:00-05:00,279.46,2019-03-15,17.96,0.0492054794520548,219.0,put,0.05,0.06,0.03,0,,0.42134,-0.00491,0.00059,0.00994,-0.0102,-0.00125,spy_options_2019.parquet,4193701
SPY,2019-02-25,2019-02-25T16:00:00-05:00,279.46,2019-03-15,17.96,0.0492054794520548,220.0,call,59.69,60.02,60.86,3,,0.67255,0.93198,0.00137,0.07088,-0.11597,0.02823,spy_options_2019.parquet,4193702
SPY,2019-02-25,2019-02-25T16:00:00-05:00,279.46,2019-03-15,17.96,0.0492054794520548,220.0,put,0.04,0.04,0.03,,,0.41439,-0.00528,0.00059,0.00978,-0.00969,-0.00113,spy_options_2019.parquet,4193702
SPY,2019-02-25,2019-02-25T16:00:00-05:00,279.46,2019-03-15,17.96,0.0492054794520548,221.0,call,57.28,60.59,36.02,0,,0.67075,0.93014,0.00161,0.07315,-0.1191,0.03075,spy_options_2019.parquet,4193703
SPY,2019-02-25,2019-02-25T16:00:00-05:00,279.46,2019-03-15,17.96,0.0492054794520548,221.0,put,0.05,0.05,0.02,850,,0.40729,-0.00537,0.00059,0.00932,-0.00974,-0.00113,spy_options_2019.parquet,4193703
SPY,2019-02-25,2019-02-25T16:00:00-05:00,279.46,2019-03-15,17.96,0.0492054794520548,222.0,call,57.67,57.98,28.39,0,,0.64316,0.93356,0.00146,0.06995,-0.10851,0.02804,spy_options_2019.parquet,4193704
SPY,2019-02-25,2019-02-25T16:00:00-05:00,279.46,2019-03-15,17.96,0.0492054794520548,222.0,put,0.05,0.05,0.02,15,,0.40015,-0.00498,0.00059,0.0101,-0.01019,-0.00048,spy_options_2019.parquet,4193704
SPY,2019-02-25,2019-02-25T16:00:00-05:00,279.46,2019-03-15,17.96,0.0492054794520548,223.0,call,56.45,57.35,0.0,,,0.64057,0.93185,0.0016,0.07247,-0.11112,0.03084,spy_options_2019.parquet,4193705
SPY,2019-02-25,2019-02-25T16:00:00-05:00,279.46,2019-03-15,17.96,0.0492054794520548,223.0,put,0.04,0.05,0.01,5,,0.39291,-0.00515,0.0006,0.01003,-0.00995,-0.00075,spy_options_2019.parquet,4193705
SPY,2019-02-25,2019-02-25T16:00:00-05:00,279.46,2019-03-15,17.96,0.0492054794520548,224.0,call,55.7,56.03,24.49,0,,0.62433,0.93238,0.00165,0.07099,-0.10762,0.03099,spy_options_2019.parquet,4193706
SPY,2019-02-25,2019-02-25T16:00:00-05:00,279.46,2019-03-15,17.96,0.0492054794520548,224.0,put,0.03,0.04,0.02,125,,0.38586,-0.00601,0.00061,0.01007,-0.01023,-0.00042,spy_options_2019.parquet,4193706
SPY,2019-02-25,2019-02-25T16:00:00-05:00,279.46,2019-03-15,17.96,0.0492054794520548,225.0,call,54.82,55.12,55.02,38,,0.62818,0.93022,0.00197,0.07532,-0.11304,0.03521,spy_options_2019.parquet,4193707
SPY,2019-02-25,2019-02-25T16:00:00-05:00,279.46,2019-03-15,17.96,0.0492054794520548,225.0,put,0.04,0.06,0.03,460,,0.38848,-0.00672,0.00081,0.01235,-0.01127,-0.00107,spy_options_2019.parquet,4193707
SPY,2019-02-25,2019-02-25T16:00:00-05:00,279.46,2019-03-15,17.96,0.0492054794520548,226.0,call,53.74,53.95,52.35,50,,0.59793,0.93415,0.00177,0.07034,-0.10119,0.03127,spy_options_2019.parquet,4193708
SPY,2019-02-25,2019-02-25T16:00:00-05:00,279.46,2019-03-15,17.96,0.0492054794520548,226.0,put,0.05,0.06,0.02,22,,0.38105,-0.00726,0.00073,0.01174,-0.01107,-0.00059,spy_options_2019.parquet,4193708
SPY,2019-02-25,2019-02-25T16:00:00-05:00,279.46,2019-03-15,17.96,0.0492054794520548,227.0,call,52.63,53.19,21.65,0,,0.59538,0.93253,0.00203,0.07344,-0.10359,0.03479,spy_options_2019.parquet,4193709
SPY,2019-02-25,2019-02-25T16:00:00-05:00,279.46,2019-03-15,17.96,0.0492054794520548,227.0,put,0.05,0.05,0.06,11,,0.37434,-0.00655,0.00082,0.01257,-0.01189,-0.00089,spy_options_2019.parquet,4193709
SPY,2019-02-25,2019-02-25T16:00:00-05:00,279.46,2019-03-15,17.96,0.0492054794520548,228.0,call,51.71,52.03,0.0,,,0.57808,0.93366,0.00199,0.07171,-0.09939,0.0333,spy_options_2019.parquet,4193710
SPY,2019-02-25,2019-02-25T16:00:00-05:00,279.46,2019-03-15,17.96,0.0492054794520548,228.0,put,0.06,0.05,0.05,,,0.36652,-0.00656,0.00086,0.01265,-0.01099,-0.00131,spy_options_2019.parquet,4193710
SPY,2019-02-25,2019-02-25T16:00:00-05:00,279.46,2019-03-15,17.96,0.0492054794520548,229.0,call,49.34,52.76,38.51,0,,0.59187,0.92799,0.00246,0.07842,-0.11088,0.04083,spy_options_2019.parquet,4193711
SPY,2019-02-25,2019-02-25T16:00:00-05:00,279.46,2019-03-15,17.96,0.0492054794520548,229.0,put,0.05,0.06,0.05,170,,0.36675,-0.00809,0.00094,0.01449,-0.01351,-0.00088,spy_options_2019.parquet,4193711
SPY,2019-02-25,2019-02-25T16:00:00-05:00,279.46,2019-03-15,17.96,0.0492054794520548,230.0,call,49.87,50.07,50.89,2,,0.5686,0.93058,0.00238,0.07565,-0.10228,0.03831,spy_options_2019.parquet,4193712
SPY,2019-02-25,2019-02-25T16:00:00-05:00,279.46,2019-03-15,17.96,0.0492054794520548,230.0,put,0.06,0.07,0.05,,,0.35987,-0.00867,0.00102,0.01469,-0.0126,-0.00105,spy_options_2019.parquet,4193712
SPY,2019-02-25,2019-02-25T16:00:00-05:00,279.46,2019-03-15,17.96,0.0492054794520548,231.0,call,48.77,49.0,45.98,3,,0.54548,0.93422,0.00232,0.07279,-0.09357,0.03617,spy_options_2019.parquet,4193713
SPY,2019-02-25,2019-02-25T16:00:00-05:00,279.46,2019-03-15,17.96,0.0492054794520548,231.0,put,0.05,0.07,0.06,72,,0.35262,-0.00842,0.00103,0.01511,-0.01344,-0.00112,spy_options_2019.parquet,4193713
SPY,2019-02-25,2019-02-25T16:00:00-05:00,279.46,2019-03-15,17.96,0.0492054794520548,232.0,call,47.7,47.9,45.05,4,,0.52244,0.93642,0.00227,0.07003,-0.08531,0.03333,spy_options_2019.parquet,4193714
SPY,2019-02-25,2019-02-25T16:00:00-05:00,279.46,2019-03-15,17.96,0.0492054794520548,232.0,put,0.06,0.08,0.06,79,,0.34543,-0.00897,0.00109,0.01498,-0.0126,-0.00124,spy_options_2019.parquet,4193714
SPY,2019-02-25,2019-02-25T16:00:00-05:00,279.46,2019-03-15,17.96,0.0492054794520548,233.0,call,46.77,46.97,44.13,3,,0.52175,0.93452,0.00255,0.0724,-0.08888,0.0377,spy_options_2019.parquet,4193715
SPY,2019-02-25,2019-02-25T16:00:00-05:00,279.46,2019-03-15,17.96,0.0492054794520548,233.0,put,0.06,0.08,0.05,23,,0.34441,-0.00963,0.00124,0.01655,-0.0142,-0.00189,spy_options_2019.parquet,4193715
SPY,2019-02-25,2019-02-25T16:00:00-05:00,279.46,2019-03-15,17.96,0.0492054794520548,234.0,call,45.65,46.21,45.34,0,,0.51877,0.93194,0.00274,0.07546,-0.0913,0.04045,spy_options_2019.parquet,4193716
SPY,2019-02-25,2019-02-25T16:00:00-05:00,279.46,2019-03-15,17.96,0.0492054794520548,234.0,put,0.08,0.09,0.05,22,,0.3372,-0.00963,0.00122,0.01709,-0.01422,-0.00111,spy_options_2019.parquet,4193716
SPY,2019-02-25,2019-02-25T16:00:00-05:00,279.46,2019-03-15,17.96,0.0492054794520548,235.0,call,44.78,44.9,45.37,19,,0.49577,0.93577,0.00264,0.07154,-0.08279,0.03793,spy_options_2019.parquet,4193717
SPY,2019-02-25,2019-02-25T16:00:00-05:00,279.46,2019-03-15,17.96,0.0492054794520548,235.0,put,0.08,0.09,0.07,,,0.33559,-0.01115,0.0014,0.01841,-0.01621,-0.00215,spy_options_2019.parquet,4193717
SPY,2019-02-25,2019-02-25T16:00:00-05:00,279.46,2019-03-15,17.96,0.0492054794520548,236.0,call,43.54,44.17,42.61,0,,0.48626,0.93528,0.00288,0.0724,-0.08204,0.03879,spy_options_2019.parquet,4193718
SPY,2019-02-25,2019-02-25T16:00:00-05:00,279.46,2019-03-15,17.96,0.0492054794520548,236.0,put,0.07,0.09,0.05,,,0.32828,-0.01107,0.0014,0.01908,-0.01585,-0.00133,spy_options_2019.parquet,4193718
SPY,2019-02-25,2019-02-25T16:00:00-05:00,279.46,2019-03-15,17.96,0.0492054794520548,237.0,call,42.67,42.96,41.05,7,,0.47098,0.93693,0.00287,0.07135,-0.07818,0.03811,spy_options_2019.parquet,4193719
SPY,2019-02-25,2019-02-25T16:00:00-05:00,279.46,2019-03-15,17.96,0.0492054794520548,237.0,put,0.08,0.09,0.05,21,,0.32134,-0.0121,0.00147,0.01965,-0.01642,-0.00224,spy_options_2019.parquet,4193719
SPY,2019-02-25,2019-02-25T16:00:00-05:00,279.46,2019-03-15,17.96,0.0492054794520548,238.0,call,41.93,42.08,41.12,0,,0.48563,0.92738,0.00351,0.08068,-0.09101,0.04728,spy_options_2019.parquet,4193720
SPY,2019-02-25,2019-02-25T16:00:00-05:00,279.46,2019-03-15,17.96,0.0492054794520548,238.0,put,0.09,0.1,0.06,,,0.31889,-0.01304,0.00161,0.02138,-0.01713,-0.00232,spy_options_2019.parquet,4193720
SPY,2019-02-25,2019-02-25T16:00:00-05:00,279.46,2019-03-15,17.96,0.0492054794520548,239.0,call,40.66,41.23,41.29,1,,0.46672,0.93017,0.00357,0.07901,-0.08514,0.046,spy_options_2019.parquet,4193721
SPY,2019-02-25,2019-02-25T16:00:00-05:00,279.46,2019-03-15,17.96,0.0492054794520548,239.0,put,0.09,0.1,0.07,86,,0.31074,-0.01315,0.00175,0.02198,-0.0177,-0.0022,spy_options_2019.parquet,4193721
SPY,2019-02-25,2019-02-25T16:00:00-05:00,279.46,2019-03-15,17.96,0.0492054794520548,240.0,call,39.79,39.94,40.31,,,0.44565,0.93463,0.00351,0.07481,-0.07652,0.04355,spy_options_2019.parquet,4193722
SPY,2019-02-25,2019-02-25T16:00:00-05:00,279.46,2019-03-15,17.96,0.0492054794520548,240.0,put,0.1,0.1,0.09,,,0.30822,-0.01496,0.00187,0.02359,-0.01854,-0.00255,spy_options_2019.parquet,4193722
SPY,2019-02-25,2019-02-25T16:00:00-05:00,279.46,2019-03-15,17.96,0.0492054794520548,241.0,call,38.8,38.96,39.61,1,,0.4371,0.93305,0.00375,0.07617,-0.07586,0.0452,spy_options_2019.parquet,4193723
SPY,2019-02-25,2019-02-25T16:00:00-05:00,279.46,2019-03-15,17.96,0.0492054794520548,241.0,put,0.11,0.11,0.07,30,,0.30043,-0.01546,0.00197,0.02413,-0.01908,-0.00193,spy_options_2019.parquet,4193723
SPY,2019-02-25,2019-02-25T16:00:00-05:00,279.46,2019-03-15,17.96,0.0492054794520548,242.0,call,37.78,38.31,35.62,5,,0.44716,0.92404,0.00429,0.08519,-0.08743,0.05226,spy_options_2019.parquet,4193724
SPY,2019-02-25,2019-02-25T16:00:00-05:00,279.46,2019-03-15,17.96,0.0492054794520548,242.0,put,0.12,0.12,0.11,69,,0.2974,-0.01616,0.00214,0.02643,-0.02012,-0.00257,spy_options_2019.parquet,4193724
SPY,2019-02-25,2019-02-25T16:00:00-05:00,279.46,2019-03-15,17.96,0.0492054794520548,243.0,call,36.79,37.32,35.09,1,,0.4371,0.92337,0.00451,0.08607,-0.08631,0.05265,spy_options_2019.parquet,4193725
SPY,2019-02-25,2019-02-25T16:00:00-05:00,279.46,2019-03-15,17.96,0.0492054794520548,243.0,put,0.11,0.11,0.08,69,,0.2902,-0.01728,0.0023,0.02665,-0.01992,-0.00219,spy_options_2019.parquet,4193725
SPY,2019-02-25,2019-02-25T16:00:00-05:00,279.46,2019-03-15,17.96,0.0492054794520548,244.0,call,35.78,35.95,34.98,0,,0.4021,0.93345,0.00429,0.07607,-0.06901,0.04621,spy_options_2019.parquet,4193726
SPY,2019-02-25,2019-02-25T16:00:00-05:00,279.46,2019-03-15,17.96,0.0492054794520548,244.0,put,0.11,0.13,0.09,25,,0.28601,-0.01811,0.00249,0.02931,-0.02137,-0.00254,spy_options_2019.parquet,4193726
SPY,2019-02-25,2019-02-25T16:00:00-05:00,279.46,2019-03-15,17.96,0.0492054794520548,245.0,call,34.81,34.92,35.6,28,,0.39357,0.93286,0.00453,0.07727,-0.06905,0.04854,spy_options_2019.parquet,4193727
SPY,2019-02-25,2019-02-25T16:00:00-05:00,279.46,2019-03-15,17.96,0.0492054794520548,245.0,put,0.12,0.13,0.14,,,0.2783,-0.0186,0.00259,0.02942,-0.02112,-0.00318,spy_options_2019.parquet,4193727
SPY,2019-02-25,2019-02-25T16:00:00-05:00,279.46,2019-03-15,17.96,0.0492054794520548,246.0,call,33.74,34.04,32.98,0,,0.38812,0.9298,0.00495,0.08022,-0.07005,0.05097,spy_options_2019.parquet,4193728
SPY,2019-02-25,2019-02-25T16:00:00-05:00,279.46,2019-03-15,17.96,0.0492054794520548,246.0,put,0.13,0.14,0.1,,,0.2744,-0.02026,0.00284,0.03117,-0.02277,-0.0034,spy_options_2019.parquet,4193728
SPY,2019-02-25,2019-02-25T16:00:00-05:00,279.46,2019-03-15,17.96,0.0492054794520548,247.0,call,32.82,33.33,33.65,4,,0.39793,0.91899,0.00559,0.09188,-0.08225,0.05785,spy_options_2019.parquet,4193729
SPY,2019-02-25,2019-02-25T16:00:00-05:00,279.46,2019-03-15,17.96,0.0492054794520548,247.0,put,0.14,0.15,0.12,86,,0.26933,-0.02258,0.00309,0.03359,-0.0234,-0.00312,spy_options_2019.parquet,4193729
SPY,2019-02-25,2019-02-25T16:00:00-05:00,279.46,2019-03-15,17.96,0.0492054794520548,248.0,call,32.0,32.17,32.42,27,,0.38855,0.91691,0.00587,0.09297,-0.08138,0.05901,spy_options_2019.parquet,4193730
SPY,2019-02-25,2019-02-25T16:00:00-05:00,279.46,2019-03-15,17.96,0.0492054794520548,248.0,put,0.14,0.15,0.15,,,0.26506,-0.02361,0.00338,0.03559,-0.02464,-0.00312,spy_options_2019.parquet,4193730
SPY,2019-02-25,2019-02-25T16:00:00-05:00,279.46,2019-03-15,17.96,0.0492054794520548,249.0,call,30.9,31.12,30.37,0,,0.36967,0.92078,0.00603,0.08985,-0.07398,0.05825,spy_options_2019.parquet,4193731
SPY,2019-02-25,2019-02-25T16:00:00-05:00,279.46,2019-03-15,17.96,0.0492054794520548,249.0,put,0.16,0.17,0.14,363,,0.25941,-0.02609,0.00366,0.03847,-0.02531,-0.00364,spy_options_2019.parquet,4193731
SPY,2019-02-25,2019-02-25T16:00:00-05:00,279.46,2019-03-15,17.96,0.0492054794520548,250.0,call,29.82,30.09,30.05,241,,0.35394,0.92301,0.00626,0.08816,-0.06864,0.05738,spy_options_2019.parquet,4193732
SPY,2019-02-25,2019-02-25T16:00:00-05:00,279.46,2019-03-15,17.96,0.0492054794520548,250.0,put,0.16,0.18,0.17,,,0.25188,-0.02598,0.00383,0.03866,-0.02573,-0.00392,spy_options_2019.parquet,4193732
SPY,2019-02-25,2019-02-25T16:00:00-05:00,279.46,2019-03-15,17.96,0.0492054794520548,251.0,call,28.87,28.96,29.22,3,,0.3401,0.92401,0.00652,0.08741,-0.06498,0.05701,spy_options_2019.parquet,4193733
SPY,2019-02-25,2019-02-25T16:00:00-05:00,279.46,2019-03-15,17.96,0.0492054794520548,251.0,put,0.18,0.19,0.15,69,,0.2496,-0.02955,0.00421,0.04235,-0.02791,-0.00396,spy_options_2019.parquet,4193733
SPY,2019-02-25,2019-02-25T16:00:00-05:00,279.46,2019-03-15,17.96,0.0492054794520548,252.0,call,27.89,27.97,28.69,23,,0.33001,0.92253,0.00699,0.08808,-0.06426,0.05809,spy_options_2019.parquet,4193734
SPY,2019-02-25,2019-02-25T16:00:00-05:00,279.46,2019-03-15,17.96,0.0492054794520548,252.0,put,0.19,0.2,0.18,,,0.24319,-0.0312,0.00452,0.04505,-0.02893,-0.00423,spy_options_2019.parquet,4193734
SPY,2019-02-25,2019-02-25T16:00:00-05:00,279.46,2019-03-15,17.96,0.0492054794520548,253.0,call,27.04,27.22,27.56,40,,0.34163,0.90711,0.00778,0.10264,-0.07862,0.06526,spy_options_2019.parquet,4193735
SPY,2019-02-25,2019-02-25T16:00:00-05:00,279.46,2019-03-15,17.96,0.0492054794520548,253.0,put,0.2,0.21,0.19,479,,0.23796,-0.03369,0.00492,0.04771,-0.02962,-0.00521,spy_options_2019.parquet,4193735
SPY,2019-02-25,2019-02-25T16:00:00-05:00,279.46,2019-03-15,17.96,0.0492054794520548,254.0,call,25.93,26.05,26.41,6,,0.3174,0.91504,0.00799,0.09656,-0.06734,0.06266,spy_options_2019.parquet,4193736
SPY,2019-02-25,2019-02-25T16:00:00-05:00,279.46,2019-03-15,17.96,0.0492054794520548,254.0,put,0.2,0.23,0.2,,,0.23211,-0.03592,0.00531,0.05042,-0.03028,-0.00523,spy_options_2019.parquet,4193736
SPY,2019-02-25,2019-02-25T16:00:00-05:00,279.46,2019-03-15,17.96,0.0492054794520548,255.0,call,24.92,25.04,25.18,220,,0.30791,0.91316,0.00858,0.0979,-0.06587,0.0642,spy_options_2019.parquet,4193737
SPY,2019-02-25,2019-02-25T16:00:00-05:00,279.46,2019-03-15,17.96,0.0492054794520548,255.0,put,0.23,0.24,0.22,,,0.22756,-0.03961,0.00591,0.05383,-0.03246,-0.00615,spy_options_2019.parquet,4193737
SPY,2019-02-25,2019-02-25T16:00:00-05:00,279.46,2019-03-15,17.96,0.0492054794520548,256.0,call,24.1,24.19,24.53,276,,0.31337,0.89909,0.00932,0.1105,-0.07588,0.06935,spy_options_2019.parquet,4193738
SPY,2019-02-25,2019-02-25T16:00:00-05:00,279.46,2019-03-15,17.96,0.0492054794520548,256.0,put,0.24,0.25,0.22,631,,0.22073,-0.04164,0.00638,0.05667,-0.03312,-0.00669,spy_options_2019.parquet,4193738
SPY,2019-02-25,2019-02-25T16:00:00-05:00,279.46,2019-03-15,17.96,0.0492054794520548,257.0,call,23.13,23.22,23.7,2,,0.30547,0.89495,0.00998,0.11369,-0.07612,0.07075,spy_options_2019.parquet,4193739
SPY,2019-02-25,2019-02-25T16:00:00-05:00,279.46,2019-03-15,17.96,0.0492054794520548,257.0,put,0.26,0.27,0.26,197,,0.21675,-0.04546,0.00698,0.06132,-0.03479,-0.00638,spy_options_2019.parquet,4193739
SPY,2019-02-25,2019-02-25T16:00:00-05:00,279.46,2019-03-15,17.96,0.0492054794520548,258.0,call,22.16,22.27,22.24,7,,0.29725,0.88984,0.01068,0.11786,-0.0779,0.07297,spy_options_2019.parquet,4193740
SPY,2019-02-25,2019-02-25T16:00:00-05:00,279.46,2019-03-15,17.96,0.0492054794520548,258.0,put,0.28,0.28,0.27,231,,0.2115,-0.05019,0.00759,0.06563,-0.03684,-0.00732,spy_options_2019.parquet,4193740
SPY,2019-02-25,2019-02-25T16:00:00-05:00,279.46,2019-03-15,17.96,0.0492054794520548,259.0,call,21.18,21.27,21.56,29,,0.28862,0.88556,0.01136,0.12132,-0.07684,0.0737,spy_options_2019.parquet,4193741
SPY,2019-02-25,2019-02-25T16:00:00-05:00,279.46,2019-03-15,17.96,0.0492054794520548,259.0,put,0.31,0.32,0.31,666,,0.20676,-0.05514,0.00846,0.07151,-0.03914,-0.00784,spy_options_2019.parquet,4193741
SPY,2019-02-25,2019-02-25T16:00:00-05:00,279.46,2019-03-15,17.96,0.0492054794520548,260.0,call,20.03,20.19,20.41,99,,0.26816,0.89026,0.01204,0.11778,-0.06834,0.07255,spy_options_2019.parquet,4193742
SPY,2019-02-25,2019-02-25T16:00:00-05:00,279.46,2019-03-15,17.96,0.0492054794520548,260.0,put,0.32,0.34,0.34,,,0.20131,-0.05961,0.00923,0.07559,-0.04029,-0.0085,spy_options_2019.parquet,4193742
SPY,2019-02-25,2019-02-25T16:00:00-05:00,279.46,2019-03-15,17.96,0.0492054794520548,260.5,call,19.19,19.98,0.0,,,0.2613,0.89049,0.01239,0.11716,-0.06602,0.07204,spy_options_2019.parquet,4193743
SPY,2019-02-25,2019-02-25T16:00:00-05:00,279.46,2019-03-15,17.96,0.0492054794520548,260.5,put,0.35,0.35,0.34,50,,0.19968,-0.0633,0.00973,0.07849,-0.04212,-0.00897,spy_options_2019.parquet,4193743
SPY,2019-02-25,2019-02-25T16:00:00-05:00,279.46,2019-03-15,17.96,0.0492054794520548,261.0,call,19.0,19.28,19.69,270,,0.2612,0.88387,0.01294,0.1219,-0.06924,0.07372,spy_options_2019.parquet,4193744
SPY,2019-02-25,2019-02-25T16:00:00-05:00,279.46,2019-03-15,17.96,0.0492054794520548,261.0,put,0.38,0.37,0.35,,,0.19782,-0.06689,0.01028,0.08234,-0.04375,-0.01005,spy_options_2019.parquet,4193744
SPY,2019-02-25,2019-02-25T16:00:00-05:00,279.46,2019-03-15,17.96,0.0492054794520548,261.5,call,18.22,19.0,17.58,0,,0.25373,0.88417,0.01333,0.12222,-0.06705,0.07458,spy_options_2019.parquet,4193745
SPY,2019-02-25,2019-02-25T16:00:00-05:00,279.46,2019-03-15,17.96,0.0492054794520548,261.5,put,0.38,0.39,0.36,7,,0.19443,-0.06949,0.0107,0.08443,-0.04422,-0.01016,spy_options_2019.parquet,4193745
SPY,2019-02-25,2019-02-25T16:00:00-05:00,279.46,2019-03-15,17.96,0.0492054794520548,262.0,call,18.06,18.14,18.45,532,,0.24721,0.88313,0.01386,0.12333,-0.06554,0.07471,spy_options_2019.parquet,4193746
SPY,2019-02-25,2019-02-25T16:00:00-05:00,279.46,2019-03-15,17.96,0.0492054794520548,262.0,put,0.4,0.41,0.4,,,0.19179,-0.07244,0.0113,0.08815,-0.04613,-0.01062,spy_options_2019.parquet,4193746
SPY,2019-02-25,2019-02-25T16:00:00-05:00,279.46,2019-03-15,17.96,0.0492054794520548,262.5,call,17.62,17.81,0.0,,,0.25056,0.87233,0.0144,0.1305,-0.07108,0.07682,spy_options_2019.parquet,4193747
SPY,2019-02-25,2019-02-25T16:00:00-05:00,279.46,2019-03-15,17.96,0.0492054794520548,262.5,put,0.42,0.43,0.39,811,,0.18939,-0.07704,0.01193,0.09178,-0.04731,-0.01176,spy_options_2019.parquet,4193747
SPY,2019-02-25,2019-02-25T16:00:00-05:00,279.46,2019-03-15,17.96,0.0492054794520548,263.0,call,17.15,17.23,17.72,30,,0.24437,0.87173,0.01488,0.1315,-0.06975,0.07678,spy_options_2019.parquet,4193748
SPY,2019-02-25,2019-02-25T16:00:00-05:00,279.46,2019-03-15,17.96,0.0492054794520548,263.0,put,0.43,0.46,0.41,,,0.18725,-0.08088,0.01255,0.09496,-0.04858,-0.01187,spy_options_2019.parquet,4193748
SPY,2019-02-25,2019-02-25T16:00:00-05:00,279.46,2019-03-15,17.96,0.0492054794520548,263.5,call,16.64,16.83,16.18,0,,0.24208,0.86575,0.01547,0.13638,-0.07177,0.07766,spy_options_2019.parquet,4193749
SPY,2019-02-25,2019-02-25T16:00:00-05:00,279.46,2019-03-15,17.96,0.0492054794520548,263.5,put,0.47,0.46,0.43,184,,0.18477,-0.08477,0.01316,0.09856,-0.04997,-0.01263,spy_options_2019.parquet,4193749
SPY,2019-02-25,2019-02-25T16:00:00-05:00,279.46,2019-03-15,17.96,0.0492054794520548,264.0,call,16.19,16.26,16.63,288,,0.23635,0.86369,0.01605,0.13733,-0.07056,0.07822,spy_options_2019.parquet,4193750
SPY,2019-02-25,2019-02-25T16:00:00-05:00,279.46,2019-03-15,17.96,0.0492054794520548,264.0,put,0.48,0.5,0.45,,,0.18246,-0.08882,0.01381,0.10244,-0.05119,-0.01278,spy_options_2019.parquet,4193750
SPY,2019-02-25,2019-02-25T16:00:00-05:00,279.46,2019-03-15,17.96,0.0492054794520548,264.5,call,15.69,15.83,14.55,0,,0.23254,0.85884,0.01664,0.14079,-0.07075,0.07922,spy_options_2019.parquet,4193751
SPY,2019-02-25,2019-02-25T16:00:00-05:00,279.46,2019-03-15,17.96,0.0492054794520548,264.5,put,0.5,0.51,0.49,69,,0.17928,-0.0929,0.01449,0.10645,-0.05181,-0.01345,spy_options_2019.parquet,4193751
SPY,2019-02-25,2019-02-25T16:00:00-05:00,279.46,2019-03-15,17.96,0.0492054794520548,265.0,call,15.35,15.47,15.45,,,0.23736,0.84526,0.01723,0.14988,-0.07805,0.08085,spy_options_2019.parquet,4193752
SPY,2019-02-25,2019-02-25T16:00:00-05:00,279.46,2019-03-15,17.96,0.0492054794520548,265.0,put,0.53,0.55,0.53,,,0.1785,-0.09993,0.01539,0.11128,-0.05403,-0.01487,spy_options_2019.parquet,4193752
SPY,2019-02-25,2019-02-25T16:00:00-05:00,279.46,2019-03-15,17.96,0.0492054794520548,265.5,call,14.66,15.17,0.0,,,0.23182,0.84099,0.01791,0.15287,-0.07805,0.0809,spy_options_2019.parquet,4193753
SPY,2019-02-25,2019-02-25T16:00:00-05:00,279.46,2019-03-15,17.96,0.0492054794520548,265.5,put,0.56,0.58,0.52,593,,0.17531,-0.10411,0.01621,0.11473,-0.05565,-0.01555,spy_options_2019.parquet,4193753
SPY,2019-02-25,2019-02-25T16:00:00-05:00,279.46,2019-03-15,17.96,0.0492054794520548,266.0,call,14.25,14.34,14.96,33,,0.21894,0.8468,0.01881,0.1487,-0.07066,0.08042,spy_options_2019.parquet,4193754
SPY,2019-02-25,2019-02-25T16:00:00-05:00,279.46,2019-03-15,17.96,0.0492054794520548,266.0,put,0.6,0.61,0.6,,,0.17423,-0.11108,0.01702,0.12032,-0.05736,-0.01664,spy_options_2019.parquet,4193754
SPY,2019-02-25,2019-02-25T16:00:00-05:00,279.46,2019-03-15,17.96,0.0492054794520548,266.5,call,13.62,13.9,14.97,1,,0.21062,0.84709,0.01965,0.14887,-0.06726,0.08001,spy_options_2019.parquet,4193755
SPY,2019-02-25,2019-02-25T16:00:00-05:00,279.46,2019-03-15,17.96,0.0492054794520548,266.5,put,0.63,0.63,0.58,77,,0.17104,-0.11693,0.01797,0.1253,-0.05927,-0.01733,spy_options_2019.parquet,4193755
SPY,2019-02-25,2019-02-25T16:00:00-05:00,279.46,2019-03-15,17.96,0.0492054794520548,267.0,call,13.29,13.43,13.78,94,,0.21112,0.83565,0.02024,0.15684,-0.07176,0.08128,spy_options_2019.parquet,4193756
SPY,2019-02-25,2019-02-25T16:00:00-05:00,279.46,2019-03-15,17.96,0.0492054794520548,267.0,put,0.65,0.66,0.66,,,0.16813,-0.12227,0.01887,0.12932,-0.05979,-0.01821,spy_options_2019.parquet,4193756
SPY,2019-02-25,2019-02-25T16:00:00-05:00,279.46,2019-03-15,17.96,0.0492054794520548,267.5,call,12.82,13.0,13.54,5,,0.20978,0.82741,0.02104,0.16115,-0.07405,0.08196,spy_options_2019.parquet,4193757
SPY,2019-02-25,2019-02-25T16:00:00-05:00,279.46,2019-03-15,17.96,0.0492054794520548,267.5,put,0.7,0.72,0.7,,,0.16685,-0.13023,0.01993,0.13536,-0.06183,-0.01952,spy_options_2019.parquet,4193757
SPY,2019-02-25,2019-02-25T16:00:00-05:00,279.46,2019-03-15,17.96,0.0492054794520548,268.0,call,12.33,12.49,12.55,280,,0.20301,0.82329,0.02198,0.16378,-0.07192,0.08197,spy_options_2019.parquet,4193758
SPY,2019-02-25,2019-02-25T16:00:00-05:00,279.46,2019-03-15,17.96,0.0492054794520548,268.0,put,0.75,0.76,0.74,,,0.16383,-0.13828,0.02106,0.14033,-0.06372,-0.02083,spy_options_2019.parquet,4193758
SPY,2019-02-25,2019-02-25T16:00:00-05:00,279.46,2019-03-15,17.96,0.0492054794520548,268.5,call,12.01,12.15,11.32,0,,0.20819,0.80628,0.02252,0.17399,-0.07922,0.08379,spy_options_2019.parquet,4193759
SPY,2019-02-25,2019-02-25T16:00:00-05:00,279.46,2019-03-15,17.96,0.0492054794520548,268.5,put,0.77,0.79,0.74,,,0.16197,-0.14548,0.02216,0.14527,-0.06519,-0.02204,spy_options_2019.parquet,4193759
SPY,2019-02-25,2019-02-25T16:00:00-05:00,279.46,2019-03-15,17.96,0.0492054794520548,269.0,call,11.41,11.52,11.99,105,,0.1952,0.80939,0.02386,0.17153,-0.07293,0.0826,spy_options_2019.parquet,4193760
SPY,2019-02-25,2019-02-25T16:00:00-05:00,279.46,2019-03-15,17.96,0.0492054794520548,269.0,put,0.83,0.83,0.82,,,0.15954,-0.15428,0.02332,0.15183,-0.06725,-0.02296,spy_options_2019.parquet,4193760
SPY,2019-02-25,2019-02-25T16:00:00-05:00,279.46,2019-03-15,17.96,0.0492054794520548,269.5,call,10.96,11.04,10.38,0,,0.19185,0.80234,0.0249,0.17571,-0.0737,0.0831,spy_options_2019.parquet,4193761
SPY,2019-02-25,2019-02-25T16:00:00-05:00,279.46,2019-03-15,17.96,0.0492054794520548,269.5,put,0.85,0.86,0.82,347,,0.15604,-0.16167,0.02463,0.15663,-0.06785,-0.0241,spy_options_2019.parquet,4193761
SPY,2019-02-25,2019-02-25T16:00:00-05:00,279.46,2019-03-15,17.96,0.0492054794520548,270.0,call,10.53,10.61,10.72,574,,0.18923,0.79135,0.02579,0.1815,-0.0749,0.08409,spy_options_2019.parquet,4193762
SPY,2019-02-25,2019-02-25T16:00:00-05:00,279.46,2019-03-15,17.96,0.0492054794520548,270.0,put,0.93,0.93,0.94,,,0.15535,-0.17279,0.02584,0.16322,-0.0707,-0.02579,spy_options_2019.parquet,4193762
SPY,2019-02-25,2019-02-25T16:00:00-05:00,279.46,2019-03-15,17.96,0.0492054794520548,270.5,call,10.09,10.17,10.35,5,,0.18645,0.78115,0.02678,0.18613,-0.07639,0.08418,spy_options_2019.parquet,4193763
SPY,2019-02-25,2019-02-25T16:00:00-05:00,279.46,2019-03-15,17.96,0.0492054794520548,270.5,put,0.97,0.99,0.9,,,0.15253,-0.18304,0.02726,0.16837,-0.07287,-0.02745,spy_options_2019.parquet,4193763
SPY,2019-02-25,2019-02-25T16:00:00-05:00,279.46,2019-03-15,17.96,0.0492054794520548,271.0,call,9.6,9.66,10.1,161,,0.18029,0.77544,0.0282,0.18908,-0.07475,0.08378,spy_options_2019.parquet,4193764
SPY,2019-02-25,2019-02-25T16:00:00-05:00,279.46,2019-03-15,17.96,0.0492054794520548,271.0,put,1.03,1.04,1.03,,,0.14986,-0.1935,0.02874,0.17473,-0.07403,-0.02896,spy_options_2019.parquet,4193764
SPY,2019-02-25,2019-02-25T16:00:00-05:00,279.46,2019-03-15,17.96,0.0492054794520548,271.5,call,9.04,9.55,7.95,,,0.18186,0.75858,0.02879,0.19724,-0.07918,0.08377,spy_options_2019.parquet,4193765
SPY,2019-02-25,2019-02-25T16:00:00-05:00,279.46,2019-03-15,17.96,0.0492054794520548,271.5,put,1.09,1.1,1.0,,,0.14724,-0.20476,0.03021,0.18085,-0.07506,-0.03079,spy_options_2019.parquet,4193765
SPY,2019-02-25,2019-02-25T16:00:00-05:00,279.46,2019-03-15,17.96,0.0492054794520548,272.0,call,8.85,8.93,8.78,422,,0.18076,0.74491,0.02969,0.20324,-0.08213,0.08387,spy_options_2019.parquet,4193766
SPY,2019-02-25,2019-02-25T16:00:00-05:00,279.46,2019-03-15,17.96,0.0492054794520548,272.0,put,1.14,1.15,1.18,,,0.14378,-0.21625,0.03183,0.18641,-0.07631,-0.03163,spy_options_2019.parquet,4193766
SPY,2019-02-25,2019-02-25T16:00:00-05:00,279.46,2019-03-15,17.96,0.0492054794520548,272.5,call,8.4,8.47,8.88,75,,0.1761,0.73532,0.03101,0.20693,-0.08105,0.08378,spy_options_2019.parquet,4193767
SPY,2019-02-25,2019-02-25T16:00:00-05:00,279.46,2019-03-15,17.96,0.0492054794520548,272.5,put,1.23,1.25,1.23,,,0.14268,-0.23046,0.03332,0.19333,-0.07909,-0.03381,spy_options_2019.parquet,4193767
SPY,2019-02-25,2019-02-25T16:00:00-05:00,279.46,2019-03-15,17.96,0.0492054794520548,273.0,call,7.81,7.86,8.35,336,,0.16489,0.73231,0.03346,0.20829,-0.07575,0.08294,spy_options_2019.parquet,4193768
SPY,2019-02-25,2019-02-25T16:00:00-05:00,279.46,2019-03-15,17.96,0.0492054794520548,273.0,put,1.31,1.32,1.3,,,0.13998,-0.24391,0.03503,0.19995,-0.08058,-0.03653,spy_options_2019.parquet,4193768
SPY,2019-02-25,2019-02-25T16:00:00-05:00,279.46,2019-03-15,17.96,0.0492054794520548,273.5,call,7.38,7.42,8.25,5,,0.16103,0.71963,0.0349,0.21369,-0.07553,0.08276,spy_options_2019.parquet,4193769
SPY,2019-02-25,2019-02-25T16:00:00-05:00,279.46,2019-03-15,17.96,0.0492054794520548,273.5,put,1.41,1.42,1.28,141,,0.13832,-0.26079,0.03672,0.20708,-0.08287,-0.03826,spy_options_2019.parquet,4193769
SPY,2019-02-25,2019-02-25T16:00:00-05:00,279.46,2019-03-15,17.96,0.0492054794520548,274.0,call,7.01,7.21,7.34,498,,0.16322,0.69878,0.03527,0.22095,-0.08053,0.08207,spy_options_2019.parquet,4193770
SPY,2019-02-25,2019-02-25T16:00:00-05:00,279.46,2019-03-15,17.96,0.0492054794520548,274.0,put,1.49,1.51,1.46,,,0.13574,-0.27557,0.03851,0.21315,-0.08417,-0.04048,spy_options_2019.parquet,4193770
SPY,2019-02-25,2019-02-25T16:00:00-05:00,279.46,2019-03-15,17.96,0.0492054794520548,274.5,call,6.57,6.62,7.14,55,,0.15575,0.68867,0.03751,0.22341,-0.07783,0.08113,spy_options_2019.parquet,4193771
SPY,2019-02-25,2019-02-25T16:00:00-05:00,279.46,2019-03-15,17.96,0.0492054794520548,274.5,put,1.6,1.63,1.5,573,,0.13525,-0.2944,0.04003,0.21978,-0.08588,-0.04408,spy_options_2019.parquet,4193771
SPY,2019-02-25,2019-02-25T16:00:00-05:00,279.46,2019-03-15,17.96,0.0492054794520548,275.0,call,6.14,6.3,6.3,,,0.15363,0.6719,0.03873,0.22948,-0.07858,0.0798,spy_options_2019.parquet,4193772
SPY,2019-02-25,2019-02-25T16:00:00-05:00,279.46,2019-03-15,17.96,0.0492054794520548,275.0,put,1.7,1.72,1.69,,,0.132,-0.31114,0.04208,0.225,-0.0871,-0.04577,spy_options_2019.parquet,4193772
SPY,2019-02-25,2019-02-25T16:00:00-05:00,279.46,2019-03-15,17.96,0.0492054794520548,275.5,call,5.73,5.85,6.82,42,,0.14976,0.6556,0.04036,0.23355,-0.07878,0.07941,spy_options_2019.parquet,4193773
SPY,2019-02-25,2019-02-25T16:00:00-05:00,279.46,2019-03-15,17.96,0.0492054794520548,275.5,put,1.84,1.86,1.81,582,,0.1303,-0.33192,0.04352,0.23067,-0.08891,-0.0496,spy_options_2019.parquet,4193773
SPY,2019-02-25,2019-02-25T16:00:00-05:00,279.46,2019-03-15,17.96,0.0492054794520548,276.0,call,5.39,5.45,5.41,,,0.14799,0.63712,0.04167,0.23813,-0.07919,0.07765,spy_options_2019.parquet,4193774
SPY,2019-02-25,2019-02-25T16:00:00-05:00,279.46,2019-03-15,17.96,0.0492054794520548,276.0,put,1.94,1.96,1.94,,,0.12712,-0.35051,0.04556,0.23619,-0.08934,-0.05244,spy_options_2019.parquet,4193774
SPY,2019-02-25,2019-02-25T16:00:00-05:00,279.46,2019-03-15,17.96,0.0492054794520548,276.5,call,4.95,5.04,5.39,104,,0.14309,0.61957,0.0436,0.24116,-0.07726,0.07625,spy_options_2019.parquet,4193775
SPY,2019-02-25,2019-02-25T16:00:00-05:00,279.46,2019-03-15,17.96,0.0492054794520548,276.5,put,2.1,2.1,2.06,,,0.1256,-0.37196,0.04719,0.24061,-0.09021,-0.05521,spy_options_2019.parquet,4193775
SPY,2019-02-25,2019-02-25T16:00:00-05:00,279.46,2019-03-15,17.96,0.0492054794520548,277.0,call,4.62,4.68,4.7,,,0.14071,0.59878,0.04482,0.24525,-0.07827,0.07449,spy_options_2019.parquet,4193776
SPY,2019-02-25,2019-02-25T16:00:00-05:00,279.46,2019-03-15,17.96,0.0492054794520548,277.0,put,2.25,2.27,2.22,,,0.12438,-0.39582,0.04865,0.24496,-0.09097,-0.05879,spy_options_2019.parquet,4193776
SPY,2019-02-25,2019-02-25T16:00:00-05:00,279.46,2019-03-15,17.96,0.0492054794520548,277.5,call,4.25,4.28,4.57,442,,0.13708,0.57792,0.04638,0.24791,-0.07737,0.0725,spy_options_2019.parquet,4193777
SPY,2019-02-25,2019-02-25T16:00:00-05:00,279.46,2019-03-15,17.96,0.0492054794520548,277.5,put,2.4,2.43,2.39,,,0.12262,-0.41857,0.05004,0.24881,-0.09247,-0.06188,spy_options_2019.parquet,4193777
SPY,2019-02-25,2019-02-25T16:00:00-05:00,279.46,2019-03-15,17.96,0.0492054794520548,278.0,call,3.94,3.98,4.03,,,0.13617,0.5552,0.04704,0.25067,-0.07807,0.0708,spy_options_2019.parquet,4193778
SPY,2019-02-25,2019-02-25T16:00:00-05:00,279.46,2019-03-15,17.96,0.0492054794520548,278.0,put,2.6,2.61,2.56,,,0.12059,-0.44369,0.05126,0.25098,-0.09247,-0.06554,spy_options_2019.parquet,4193778
SPY,2019-02-25,2019-02-25T16:00:00-05:00,279.46,2019-03-15,17.96,0.0492054794520548,278.5,call,3.55,3.63,3.66,407,,0.13122,0.53228,0.0487,0.25219,-0.07615,0.06891,spy_options_2019.parquet,4193779
SPY,2019-02-25,2019-02-25T16:00:00-05:00,279.46,2019-03-15,17.96,0.0492054794520548,278.5,put,2.79,2.84,2.8,,,0.12008,-0.46947,0.05205,0.25325,-0.09329,-0.06925,spy_options_2019.parquet,4193779
SPY,2019-02-25,2019-02-25T16:00:00-05:00,279.46,2019-03-15,17.96,0.0492054794520548,279.0,call,3.27,3.3,3.28,,,0.1299,0.50758,0.04987,0.25306,-0.07554,0.06582,spy_options_2019.parquet,4193780
SPY,2019-02-25,2019-02-25T16:00:00-05:00,279.46,2019-03-15,17.96,0.0492054794520548,279.0,put,3.0,3.01,3.0,,,0.11819,-0.49596,0.05309,0.25406,-0.09249,-0.07407,spy_options_2019.parquet,4193780
SPY,2019-02-25,2019-02-25T16:00:00-05:00,279.46,2019-03-15,17.96,0.0492054794520548,279.5,call,2.96,2.97,3.08,,,0.12669,0.48247,0.05053,0.25318,-0.07412,0.06364,spy_options_2019.parquet,4193781
SPY,2019-02-25,2019-02-25T16:00:00-05:00,279.46,2019-03-15,17.96,0.0492054794520548,279.5,put,3.25,3.28,3.25,,,0.11825,-0.52248,0.05295,0.25386,-0.0929,-0.07802,spy_options_2019.parquet,4193781
SPY,2019-02-25,2019-02-25T16:00:00-05:00,279.46,2019-03-15,17.96,0.0492054794520548,280.0,call,2.76,2.78,2.69,,,0.12831,0.45786,0.04948,0.2517,-0.07455,0.06018,spy_options_2019.parquet,4193782
SPY,2019-02-25,2019-02-25T16:00:00-05:00,279.46,2019-03-15,17.96,0.0492054794520548,280.0,put,3.46,3.49,3.46,,,0.11534,-0.54949,0.05385,0.25193,-0.09131,-0.08186,spy_options_2019.parquet,4193782
SPY,2019-02-25,2019-02-25T16:00:00-05:00,279.46,2019-03-15,17.96,0.0492054794520548,280.5,call,2.38,2.4,2.43,,,0.12138,0.42944,0.05145,0.24969,-0.07099,0.05763,spy_options_2019.parquet,4193783
SPY,2019-02-25,2019-02-25T16:00:00-05:00,279.46,2019-03-15,17.96,0.0492054794520548,280.5,put,3.72,3.76,3.71,,,0.11361,-0.57711,0.05371,0.24842,-0.09089,-0.08634,spy_options_2019.parquet,4193783
SPY,2019-02-25,2019-02-25T16:00:00-05:00,279.46,2019-03-15,17.96,0.0492054794520548,281.0,call,2.22,2.24,2.15,,,0.12275,0.40497,0.05006,0.24658,-0.07082,0.05473,spy_options_2019.parquet,4193784
SPY,2019-02-25,2019-02-25T16:00:00-05:00,279.46,2019-03-15,17.96,0.0492054794520548,281.0,put,4.02,4.08,3.96,,,0.11457,-0.60407,0.05269,0.24453,-0.09095,-0.09,spy_options_2019.parquet,4193784
SPY,2019-02-25,2019-02-25T16:00:00-05:00,279.46,2019-03-15,17.96,0.0492054794520548,282.0,call,1.72,1.73,1.75,,,0.11653,0.34853,0.05012,0.23565,-0.06423,0.04754,spy_options_2019.parquet,4193785
SPY,2019-02-25,2019-02-25T16:00:00-05:00,279.46,2019-03-15,17.96,0.0492054794520548,282.0,put,4.67,4.73,4.54,,,0.11525,-0.65434,0.05019,0.23396,-0.08844,-0.09737,spy_options_2019.parquet,4193785
SPY,2019-02-25,2019-02-25T16:00:00-05:00,279.46,2019-03-15,17.96,0.0492054794520548,282.5,call,1.54,1.55,1.55,,,0.11696,0.32387,0.04876,0.2292,-0.06283,0.04393,spy_options_2019.parquet,4193786
SPY,2019-02-25,2019-02-25T16:00:00-05:00,279.46,2019-03-15,17.96,0.0492054794520548,282.5,put,4.92,4.98,4.51,143,,0.11106,-0.68466,0.05003,0.22543,-0.08465,-0.10224,spy_options_2019.parquet,4193786
SPY,2019-02-25,2019-02-25T16:00:00-05:00,279.46,2019-03-15,17.96,0.0492054794520548,283.0,call,1.31,1.33,1.36,,,0.11388,0.29463,0.04812,0.2195,-0.05904,0.04032,spy_options_2019.parquet,4193787
SPY,2019-02-25,2019-02-25T16:00:00-05:00,279.46,2019-03-15,17.96,0.0492054794520548,283.0,put,5.35,5.41,4.8,196,,0.11485,-0.70261,0.04724,0.22021,-0.08542,-0.10484,spy_options_2019.parquet,4193787
SPY,2019-02-25,2019-02-25T16:00:00-05:00,279.46,2019-03-15,17.96,0.0492054794520548,284.0,call,0.98,0.99,0.99,,,0.11016,0.2417,0.04489,0.19919,-0.05159,0.03391,spy_options_2019.parquet,4193788
SPY,2019-02-25,2019-02-25T16:00:00-05:00,279.46,2019-03-15,17.96,0.0492054794520548,284.0,put,6.0,6.14,5.7,408,,0.11223,-0.75183,0.04401,0.20117,-0.07915,-0.11255,spy_options_2019.parquet,4193788
SPY,2019-02-25,2019-02-25T16:00:00-05:00,279.46,2019-03-15,17.96,0.0492054794520548,285.0,call,0.73,0.73,0.73,,,0.10761,0.19388,0.04038,0.17582,-0.04441,0.02751,spy_options_2019.parquet,4193789
SPY,2019-02-25,2019-02-25T16:00:00-05:00,279.46,2019-03-15,17.96,0.0492054794520548,285.0,put,6.86,6.94,6.88,,,0.11465,-0.78791,0.03938,0.18427,-0.07663,-0.11837,spy_options_2019.parquet,4193789
SPY,2019-02-25,2019-02-25T16:00:00-05:00,279.46,2019-03-15,17.96,0.0492054794520548,286.0,call,0.53,0.54,0.52,,,0.10617,0.15435,0.0353,0.15166,-0.03818,0.02146,spy_options_2019.parquet,4193790
SPY,2019-02-25,2019-02-25T16:00:00-05:00,279.46,2019-03-15,17.96,0.0492054794520548,286.0,put,7.68,7.78,6.99,89,,0.11607,-0.82128,0.03503,0.16541,-0.07201,-0.12337,spy_options_2019.parquet,4193790
SPY,2019-02-25,2019-02-25T16:00:00-05:00,279.46,2019-03-15,17.96,0.0492054794520548,287.0,call,0.36,0.37,0.38,,,0.10302,0.11522,0.02976,0.12528,-0.03097,0.01629,spy_options_2019.parquet,4193791
SPY,2019-02-25,2019-02-25T16:00:00-05:00,279.46,2019-03-15,17.96,0.0492054794520548,287.0,put,8.59,8.68,7.93,7,,0.11982,-0.84485,0.03085,0.15098,-0.06942,-0.12701,spy_options_2019.parquet,4193791
SPY,2019-02-25,2019-02-25T16:00:00-05:00,279.46,2019-03-15,17.96,0.0492054794520548,287.5,call,0.3,0.31,0.33,,,0.10249,0.09995,0.02693,0.11292,-0.02694,0.01412,spy_options_2019.parquet,4193792
SPY,2019-02-25,2019-02-25T16:00:00-05:00,279.46,2019-03-15,17.96,0.0492054794520548,287.5,put,9.04,9.17,8.06,2,,0.12243,-0.85504,0.02895,0.14403,-0.06891,-0.12879,spy_options_2019.parquet,4193792
SPY,2019-02-25,2019-02-25T16:00:00-05:00,279.46,2019-03-15,17.96,0.0492054794520548,288.0,call,0.27,0.27,0.27,,,0.10283,0.08873,0.02456,0.10347,-0.02535,0.01259,spy_options_2019.parquet,4193793
SPY,2019-02-25,2019-02-25T16:00:00-05:00,279.46,2019-03-15,17.96,0.0492054794520548,288.0,put,9.49,9.65,8.0,2,,0.12461,-0.86463,0.0272,0.13703,-0.06767,-0.13095,spy_options_2019.parquet,4193793
SPY,2019-02-25,2019-02-25T16:00:00-05:00,279.46,2019-03-15,17.96,0.0492054794520548,289.0,call,0.18,0.19,0.18,,,0.10213,0.06525,0.01972,0.08248,-0.0197,0.00947,spy_options_2019.parquet,4193794
SPY,2019-02-25,2019-02-25T16:00:00-05:00,279.46,2019-03-15,17.96,0.0492054794520548,289.0,put,10.31,10.59,9.67,21,,0.12414,-0.88907,0.02352,0.11954,-0.06261,-0.13507,spy_options_2019.parquet,4193794
SPY,2019-02-25,2019-02-25T16:00:00-05:00,279.46,2019-03-15,17.96,0.0492054794520548,290.0,call,0.13,0.13,0.14,,,0.10214,0.04955,0.01573,0.06673,-0.01583,0.00742,spy_options_2019.parquet,4193795
SPY,2019-02-25,2019-02-25T16:00:00-05:00,279.46,2019-03-15,17.96,0.0492054794520548,290.0,put,11.4,11.5,10.78,55,,0.13348,-0.89467,0.02114,0.1143,-0.06327,-0.13597,spy_options_2019.parquet,4193795
SPY,2019-02-25,2019-02-25T16:00:00-05:00,279.46,2019-03-15,17.96,0.0492054794520548,291.0,call,0.08,0.1,0.11,,,0.10293,0.03674,0.01227,0.05185,-0.0129,0.00492,spy_options_2019.parquet,4193796
SPY,2019-02-25,2019-02-25T16:00:00-05:00,279.46,2019-03-15,17.96,0.0492054794520548,291.0,put,12.22,12.43,27.52,0,,0.12922,-0.91972,0.01776,0.09334,-0.05593,-0.13995,spy_options_2019.parquet,4193796
SPY,2019-02-25,2019-02-25T16:00:00-05:00,279.46,2019-03-15,17.96,0.0492054794520548,292.0,call,0.06,0.07,0.08,,,0.10233,0.02614,0.00934,0.03934,-0.00927,0.00378,spy_options_2019.parquet,4193797
SPY,2019-02-25,2019-02-25T16:00:00-05:00,279.46,2019-03-15,17.96,0.0492054794520548,292.0,put,13.21,13.42,19.99,0,,0.13609,-0.92579,0.01581,0.08736,-0.05501,-0.14191,spy_options_2019.parquet,4193797
SPY,2019-02-25,2019-02-25T16:00:00-05:00,279.46,2019-03-15,17.96,0.0492054794520548,293.0,call,0.05,0.06,0.05,,,0.10617,0.02229,0.0078,0.03388,-0.00806,0.00292,spy_options_2019.parquet,4193798
SPY,2019-02-25,2019-02-25T16:00:00-05:00,279.46,2019-03-15,17.96,0.0492054794520548,293.0,put,14.24,14.48,18.85,2,,0.14937,-0.92161,0.01511,0.09222,-0.05998,-0.14095,spy_options_2019.parquet,4193798
SPY,2019-02-25,2019-02-25T16:00:00-05:00,279.46,2019-03-15,17.96,0.0492054794520548,294.0,call,0.03,0.03,0.05,58,,0.10575,0.01488,0.00558,0.02483,-0.00568,0.00217,spy_options_2019.parquet,4193799
SPY,2019-02-25,2019-02-25T16:00:00-05:00,279.46,2019-03-15,17.96,0.0492054794520548,294.0,put,15.16,15.36,17.48,1,,0.14326,-0.94281,0.01229,0.07117,-0.05143,-0.14537,spy_options_2019.parquet,4193799
SPY,2019-02-25,2019-02-25T16:00:00-05:00,279.46,2019-03-15,17.96,0.0492054794520548,295.0,call,0.02,0.04,0.04,163,,0.11103,0.01423,0.00505,0.02297,-0.00565,0.00213,spy_options_2019.parquet,4193800
SPY,2019-02-25,2019-02-25T16:00:00-05:00,279.46,2019-03-15,17.96,0.0492054794520548,295.0,put,16.35,16.43,15.2,60,,0.16732,-0.92484,0.0131,0.0891,-0.06306,-0.14296,spy_options_2019.parquet,4193800
SPY,2019-02-25,2019-02-25T16:00:00-05:00,279.46,2019-03-15,17.96,0.0492054794520548,296.0,call,0.01,0.02,0.04,22,,0.11187,0.01,0.00391,0.01768,-0.00421,0.00176,spy_options_2019.parquet,4193801
SPY,2019-02-25,2019-02-25T16:00:00-05:00,279.46,2019-03-15,17.96,0.0492054794520548,296.0,put,17.26,17.49,0.0,,,0.17414,-0.92821,0.01217,0.08606,-0.06272,-0.14379,spy_options_2019.parquet,4193801
SPY,2019-02-25,2019-02-25T16:00:00-05:00,279.46,2019-03-15,17.96,0.0492054794520548,297.0,call,0.02,0.03,0.03,1,,0.11739,0.01028,0.00353,0.01776,-0.00477,0.0014,spy_options_2019.parquet,4193802
SPY,2019-02-25,2019-02-25T16:00:00-05:00,279.46,2019-03-15,17.96,0.0492054794520548,297.0,put,18.15,18.36,0.0,,,0.16631,-0.94717,0.00995,0.06641,-0.05333,-0.14743,spy_options_2019.parquet,4193802
SPY,2019-02-25,2019-02-25T16:00:00-05:00,279.46,2019-03-15,17.96,0.0492054794520548,298.0,call,0.0,0.02,0.03,3,,0.11548,0.0067,0.00243,0.01187,-0.00306,0.00092,spy_options_2019.parquet,4193803
SPY,2019-02-25,2019-02-25T16:00:00-05:00,279.46,2019-03-15,17.96,0.0492054794520548,298.0,put,18.92,19.43,0.0,,,0.15695,-0.96429,0.0076,0.04808,-0.04444,-0.14964,spy_options_2019.parquet,4193803
SPY,2019-02-25,2019-02-25T16:00:00-05:00,279.46,2019-03-15,17.96,0.0492054794520548,299.0,call,0.01,0.02,0.0,,,0.12043,0.00573,0.00222,0.01105,-0.00329,0.00129,spy_options_2019.parquet,4193804
SPY,2019-02-25,2019-02-25T16:00:00-05:00,279.46,2019-03-15,17.96,0.0492054794520548,299.0,put,20.13,20.37,0.0,,,0.17955,-0.95136,0.00856,0.06273,-0.05334,-0.14931,spy_options_2019.parquet,4193804
SPY,2019-02-25,2019-02-25T16:00:00-05:00,279.46,2019-03-15,17.96,0.0492054794520548,300.0,call,0.01,0.03,0.02,,,0.12544,0.00622,0.00211,0.01073,-0.00311,0.00079,spy_options_2019.parquet,4193805
SPY,2019-02-25,2019-02-25T16:00:00-05:00,279.46,2019-03-15,17.96,0.0492054794520548,300.0,put,21.15,21.34,20.23,6,,0.18488,-0.95445,0.00795,0.05897,-0.05357,-0.15016,spy_options_2019.parquet,4193805
SPY,2019-02-25,2019-02-25T16:00:00-05:00,279.46,2019-03-15,17.96,0.0492054794520548,305.0,call,0.0,0.01,0.01,121,,0.13578,0.00219,0.00078,0.00456,-0.00139,0.00048,spy_options_2019.parquet,4193806
SPY,2019-02-25,2019-02-25T16:00:00-05:00,279.46,2019-03-15,17.96,0.0492054794520548,305.0,put,26.25,26.35,25.17,16,,0.22731,-0.95338,0.00658,0.0606,-0.06003,-0.15198,spy_options_2019.parquet,4193806
SPY,2019-02-25,2019-02-25T16:00:00-05:00,279.46,2019-03-15,17.96,0.0492054794520548,310.0,call,0.0,0.01,0.01,2,,0.15705,0.00216,0.00054,0.00324,-0.0017,0.00028,spy_options_2019.parquet,4193807
SPY,2019-02-25,2019-02-25T16:00:00-05:00,279.46,2019-03-15,17.96,0.0492054794520548,310.0,put,30.77,31.63,35.54,2,,0.23678,-0.97099,0.00414,0.03962,-0.04918,-0.15707,spy_options_2019.parquet,4193807
SPY,2019-02-25,2019-02-25T16:00:00-05:00,279.46,2019-03-15,17.96,0.0492054794520548,315.0,call,0.0,0.01,0.01,1,,0.17924,0.00191,0.0004,0.00321,-0.00107,0.00068,spy_options_2019.parquet,4193808
SPY,2019-02-25,2019-02-25T16:00:00-05:00,279.46,2019-03-15,17.96,0.0492054794520548,315.0,put,36.17,36.5,38.55,0,,0.2983,-0.95833,0.0045,0.05503,-0.06697,-0.15841,spy_options_2019.parquet,4193808
SPY,2019-02-25,2019-02-25T16:00:00-05:00,279.46,2019-03-15,17.96,0.0492054794520548,320.0,call,0.0,0.01,0.01,0,,0.20005,0.00186,0.00036,0.00307,-0.00134,0.00064,spy_options_2019.parquet,4193809
SPY,2019-02-25,2019-02-25T16:00:00-05:00,279.46,2019-03-15,17.96,0.0492054794520548,320.0,put,41.17,41.49,49.49,0,,0.32795,-0.96198,0.00381,0.05034,-0.06763,-0.16162,spy_options_2019.parquet,4193809
SPY,2019-02-25,2019-02-25T16:00:00-05:00,279.46,2019-03-15,17.96,0.0492054794520548,325.0,call,0.0,0.02,0.01,0,,0.2208,0.00099,0.00026,0.0032,-0.00094,-0.00031,spy_options_2019.parquet,4193810
SPY,2019-02-25,2019-02-25T16:00:00-05:00,279.46,2019-03-15,17.96,0.0492054794520548,325.0,put,46.06,46.38,41.5,0,,0.33139,-0.97412,0.00266,0.03612,-0.0554,-0.1658,spy_options_2019.parquet,4193810
SPY,2019-02-25,2019-02-25T16:00:00-05:00,279.46,2019-03-15,17.96,0.0492054794520548,330.0,call,0.0,0.02,0.01,2,,0.24006,0.0015,0.00026,0.00288,-0.00098,0.00057,spy_options_2019.parquet,4193811
SPY,2019-02-25,2019-02-25T16:00:00-05:00,279.46,2019-03-15,17.96,0.0492054794520548,330.0,put,50.77,51.46,53.66,0,,0.31956,-0.98675,0.00151,0.01918,-0.04058,-0.16998,spy_options_2019.parquet,4193811
SPY,2019-02-25,2019-02-25T16:00:00-05:00,279.46,2019-03-15,17.96,0.0492054794520548,335.0,call,0.0,0.01,0.01,0,,0.25987,0.00151,0.0002,0.00234,-0.00122,0.00058,spy_options_2019.parquet,4193812
SPY,2019-02-25,2019-02-25T16:00:00-05:00,279.46,2019-03-15,17.96,0.0492054794520548,335.0,put,56.15,56.47,46.44,0,,0.41099,-0.97028,0.00245,0.04096,-0.06793,-0.17053,spy_options_2019.parquet,4193812
SPY,2019-02-25,2019-02-25T16:00:00-05:00,279.46,2019-03-15,17.96,0.0492054794520548,340.0,call,0.0,0.01,0.01,0,,0.27867,0.00095,0.00017,0.00253,-0.00175,-0.00032,spy_options_2019.parquet,4193813
SPY,2019-02-25,2019-02-25T16:00:00-05:00,279.46,2019-03-15,17.96,0.0492054794520548,340.0,put,61.04,61.35,0.0,,,0.40305,-0.9806,0.00172,0.02743,-0.05319,-0.17404,spy_options_2019.parquet,4193813
SPY,2019-02-25,2019-02-25T16:00:00-05:00,279.46,2019-03-15,17.96,0.0492054794520548,345.0,call,0.0,0.0,0.05,0,,0.29756,0.00089,0.00014,0.00235,-0.00145,0.00063,spy_options_2019.parquet,4193814
SPY,2019-02-25,2019-02-25T16:00:00-05:00,279.46,2019-03-15,17.96,0.0492054794520548,345.0,put,66.04,66.34,95.5,0,,0.42689,-0.98187,0.0015,0.02571,-0.05306,-0.17749,spy_options_2019.parquet,4193814
SPY,2019-02-25,2019-02-25T16:00:00-05:00,279.46,2019-03-15,17.96,0.0492054794520548,350.0,call,0.0,0.01,0.01,0,,0.31609,0.00091,0.0002,0.00252,-0.00185,0.00047,spy_options_2019.parquet,4193815
SPY,2019-02-25,2019-02-25T16:00:00-05:00,279.46,2019-03-15,17.96,0.0492054794520548,350.0,put,70.75,71.43,73.81,12,,0.39137,-0.99199,0.00072,0.01146,-0.03679,-0.18077,spy_options_2019.parquet,4193815
SPY,2019-02-25,2019-02-25T16:00:00-05:00,279.46,2019-03-15,17.96,0.0492054794520548,355.0,call,0.0,0.01,0.02,0,,0.33339,0.00129,0.00018,0.00166,-0.00142,-0.0002,spy_options_2019.parquet,4193816
SPY,2019-02-25,2019-02-25T16:00:00-05:00,279.46,2019-03-15,17.96,0.0492054794520548,355.0,put,76.02,76.34,88.4,0,,0.47006,-0.9836,0.00124,0.02278,-0.05215,-0.18297,spy_options_2019.parquet,4193816
SPY,2019-02-25,2019-02-25T16:00:00-05:00,279.46,2019-03-15,17.96,0.0492054794520548,360.0,call,0.0,0.01,0.01,0,,0.35135,0.00041,0.00017,0.00147,-0.00107,-0.00029,spy_options_2019.parquet,4193817
SPY,2019-02-25,2019-02-25T16:00:00-05:00,279.46,2019-03-15,17.96,0.0492054794520548,360.0,put,80.88,81.56,86.69,0,,0.51045,-0.98175,0.00129,0.0258,-0.05896,-0.18532,spy_options_2019.parquet,4193817
SPY,2019-02-25,2019-02-25T16:00:00-05:00,279.46,2019-03-15,17.96,0.0492054794520548,365.0,call,0.0,0.01,0.02,0,,0.36874,0.00122,0.00011,0.0018,-0.00144,-8e-05,spy_options_2019.parquet,4193818
SPY,2019-02-25,2019-02-25T16:00:00-05:00,279.46,2019-03-15,17.96,0.0492054794520548,365.0,put,85.67,86.58,95.47,0,,0.48286,-0.98948,0.00071,0.01467,-0.0435,-0.18888,spy_options_2019.parquet,4193818
SPY,2019-02-25,2019-02-25T16:00:00-05:00,279.46,2019-03-15,17.96,0.0492054794520548,370.0,call,0.0,0.01,0.02,0,,0.3858,0.00109,0.00016,0.00156,-0.00168,-0.00015,spy_options_2019.parquet,4193819
SPY,2019-02-25,2019-02-25T16:00:00-05:00,279.46,2019-03-15,17.96,0.0492054794520548,370.0,put,90.72,91.39,102.63,0,,0.43191,-0.99539,0.00029,0.00438,-0.03056,-0.19214,spy_options_2019.parquet,4193819
SPY,2019-02-25,2019-02-25T16:00:00-05:00,279.46,2019-03-15,17.96,0.0492054794520548,375.0,call,0.0,0.01,0.01,0,,0.4019,0.00098,6e-05,0.00197,-0.00121,-0.0002,spy_options_2019.parquet,4193820
SPY,2019-02-25,2019-02-25T16:00:00-05:00,279.46,2019-03-15,17.96,0.0492054794520548,375.0,put,96.09,96.4,0.0,,,0.58872,-0.98165,0.00103,0.02607,-0.06373,-0.1931,spy_options_2019.parquet,4193820
SPY,2019-02-25,2019-02-25T16:00:00-05:00,279.46,2019-03-15,17.96,0.0492054794520548,380.0,call,0.0,0.01,0.01,0,,0.41882,0.00041,9e-05,0.00205,-0.00104,-0.00033,spy_options_2019.parquet,4193821
SPY,2019-02-25,2019-02-25T16:00:00-05:00,279.46,2019-03-15,17.96,0.0492054794520548,380.0,put,99.35,103.05,104.54,0,,0.5937,-0.98493,0.00087,0.02211,-0.05772,-0.1954,spy_options_2019.parquet,4193821
SPY,2019-02-25,2019-02-25T16:00:00-05:00,279.46,2019-03-15,17.96,0.0492054794520548,390.0,call,0.0,0.01,0.01,0,,0.45068,0.00088,3e-05,0.00174,-0.0013,-0.00012,spy_options_2019.parquet,4193822
SPY,2019-02-25,2019-02-25T16:00:00-05:00,279.46,2019-03-15,17.96,0.0492054794520548,390.0,put,110.97,111.27,112.52,1,,0.58469,-0.991,0.00049,0.01221,-0.04424,-0.20171,spy_options_2019.parquet,4193822
SPY,2019-02-25,2019-02-25T16:00:00-05:00,279.46,2019-03-15,17.96,0.0492054794520548,400.0,call,0.0,0.0,0.01,0,,0.48163,0.00085,5e-05,0.00097,-0.00125,0.00042,spy_options_2019.parquet,4193823
SPY,2019-02-25,2019-02-25T16:00:00-05:00,279.46,2019-03-15,17.96,0.0492054794520548,400.0,put,120.96,121.25,119.66,1,,0.59873,-0.99288,0.00043,0.00895,-0.0398,-0.2076,spy_options_2019.parquet,4193823
SPY,2019-02-25,2019-02-25T16:00:00-05:00,279.46,2019-03-18,20.96,0.057424657534246575,215.0,call,64.64,64.96,0.0,,,0.68098,0.93164,0.00119,0.07463,-0.1065,0.02798,spy_options_2019.parquet,4193824
SPY,2019-02-25,2019-02-25T16:00:00-05:00,279.46,2019-03-18,20.96,0.057424657534246575,215.0,put,0.02,0.03,0.01,50,,0.40699,-0.0036,0.00043,0.00798,-0.00663,-0.00116,spy_options_2019.parquet,4193824
SPY,2019-02-25,2019-02-25T16:00:00-05:00,279.46,2019-03-18,20.96,0.057424657534246575,220.0,call,59.68,60.02,0.0,,,0.62925,0.93274,0.00149,0.07546,-0.09844,0.03288,spy_options_2019.parquet,4193825
SPY,2019-02-25,2019-02-25T16:00:00-05:00,279.46,2019-03-18,20.96,0.057424657534246575,220.0,put,0.04,0.05,0.02,10,,0.38467,-0.0049,0.00056,0.0105,-0.00856,-0.00122,spy_options_2019.parquet,4193825
SPY,2019-02-25,2019-02-25T16:00:00-05:00,279.46,2019-03-18,20.96,0.057424657534246575,225.0,call,53.29,56.66,0.0,,,0.58811,0.93018,0.00199,0.08014,-0.09647,0.04033,spy_options_2019.parquet,4193826
SPY,2019-02-25,2019-02-25T16:00:00-05:00,279.46,2019-03-18,20.96,0.057424657534246575,225.0,put,0.05,0.05,0.04,0,,0.35985,-0.00692,0.00075,0.01269,-0.0097,-0.00117,spy_options_2019.parquet,4193826
SPY,2019-02-25,2019-02-25T16:00:00-05:00,279.46,2019-03-18,20.96,0.057424657534246575,230.0,call,48.3,51.65,0.0,,,0.53518,0.93057,0.00254,0.08202,-0.08859,0.04516,spy_options_2019.parquet,4193827
SPY,2019-02-25,2019-02-25T16:00:00-05:00,279.46,2019-03-18,20.96,0.057424657534246575,230.0,put,0.06,0.07,0.07,50,,0.33419,-0.00784,0.00096,0.01572,-0.01139,-0.00118,spy_options_2019.parquet,4193827
SPY,2019-02-25,2019-02-25T16:00:00-05:00,279.46,2019-03-18,20.96,0.057424657534246575,235.0,call,43.32,46.7,0.0,,,0.48571,0.9285,0.00322,0.08489,-0.0824,0.05132,spy_options_2019.parquet,4193828
SPY,2019-02-25,2019-02-25T16:00:00-05:00,279.46,2019-03-18,20.96,0.057424657534246575,235.0,put,0.07,0.09,0.05,0,,0.31105,-0.01085,0.00136,0.02079,-0.01438,-0.00159,spy_options_2019.parquet,4193828
SPY,2019-02-25,2019-02-25T16:00:00-05:00,279.46,2019-03-18,20.96,0.057424657534246575,240.0,call,39.76,40.08,0.0,,,0.42583,0.93161,0.00386,0.08423,-0.06919,0.05329,spy_options_2019.parquet,4193829
SPY,2019-02-25,2019-02-25T16:00:00-05:00,279.46,2019-03-18,20.96,0.057424657534246575,240.0,put,0.1,0.11,0.08,8,,0.28541,-0.01526,0.00187,0.02554,-0.01605,-0.00236,spy_options_2019.parquet,4193829
SPY,2019-02-25,2019-02-25T16:00:00-05:00,279.46,2019-03-18,20.96,0.057424657534246575,245.0,call,34.75,35.06,0.0,,,0.37542,0.92966,0.0049,0.08589,-0.06188,0.05762,spy_options_2019.parquet,4193830
SPY,2019-02-25,2019-02-25T16:00:00-05:00,279.46,2019-03-18,20.96,0.057424657534246575,245.0,put,0.13,0.15,0.11,0,,0.26306,-0.02095,0.00271,0.03409,-0.01991,-0.00349,spy_options_2019.parquet,4193830
SPY,2019-02-25,2019-02-25T16:00:00-05:00,279.46,2019-03-18,20.96,0.057424657534246575,250.0,call,28.41,31.79,0.0,,,0.34766,0.91331,0.00686,0.10467,-0.06888,0.07118,spy_options_2019.parquet,4193831
SPY,2019-02-25,2019-02-25T16:00:00-05:00,279.46,2019-03-18,20.96,0.057424657534246575,250.0,put,0.17,0.2,0.12,17,,0.2381,-0.02861,0.00404,0.04505,-0.02402,-0.0054,spy_options_2019.parquet,4193831
SPY,2019-02-25,2019-02-25T16:00:00-05:00,279.46,2019-03-18,20.96,0.057424657534246575,255.0,call,24.89,26.84,23.8,12,,0.35781,0.86146,0.00937,0.14952,-0.10517,0.08884,spy_options_2019.parquet,4193832
SPY,2019-02-25,2019-02-25T16:00:00-05:00,279.46,2019-03-18,20.96,0.057424657534246575,255.0,put,0.26,0.26,0.18,24,,0.21421,-0.04147,0.00612,0.0613,-0.03057,-0.00714,spy_options_2019.parquet,4193832
SPY,2019-02-25,2019-02-25T16:00:00-05:00,279.46,2019-03-18,20.96,0.057424657534246575,256.0,call,23.85,24.17,0.0,,,0.28296,0.90789,0.00943,0.11066,-0.05738,0.07453,spy_options_2019.parquet,4193833
SPY,2019-02-25,2019-02-25T16:00:00-05:00,279.46,2019-03-18,20.96,0.057424657534246575,256.0,put,0.27,0.29,0.42,6,,0.21028,-0.04656,0.00673,0.06632,-0.03231,-0.00819,spy_options_2019.parquet,4193833
SPY,2019-02-25,2019-02-25T16:00:00-05:00,279.46,2019-03-18,20.96,0.057424657534246575,257.0,call,22.89,23.23,20.55,2,,0.27827,0.90126,0.01012,0.11616,-0.05958,0.07788,spy_options_2019.parquet,4193834
SPY,2019-02-25,2019-02-25T16:00:00-05:00,279.46,2019-03-18,20.96,0.057424657534246575,257.0,put,0.29,0.31,0.48,5,,0.20534,-0.04955,0.00731,0.0704,-0.03402,-0.00906,spy_options_2019.parquet,4193834
SPY,2019-02-25,2019-02-25T16:00:00-05:00,279.46,2019-03-18,20.96,0.057424657534246575,258.0,call,20.51,23.88,0.0,,,0.27922,0.88818,0.01092,0.1277,-0.06653,0.08198,spy_options_2019.parquet,4193835
SPY,2019-02-25,2019-02-25T16:00:00-05:00,279.46,2019-03-18,20.96,0.057424657534246575,258.0,put,0.32,0.33,0.27,5,,0.20054,-0.05505,0.00803,0.07569,-0.03561,-0.00944,spy_options_2019.parquet,4193835
SPY,2019-02-25,2019-02-25T16:00:00-05:00,279.46,2019-03-18,20.96,0.057424657534246575,259.0,call,19.53,22.9,0.0,,,0.27153,0.88358,0.01163,0.1318,-0.06604,0.0842,spy_options_2019.parquet,4193836
SPY,2019-02-25,2019-02-25T16:00:00-05:00,279.46,2019-03-18,20.96,0.057424657534246575,259.0,put,0.35,0.37,0.43,1,,0.19644,-0.05896,0.00882,0.0813,-0.03732,-0.01017,spy_options_2019.parquet,4193836
SPY,2019-02-25,2019-02-25T16:00:00-05:00,279.46,2019-03-18,20.96,0.057424657534246575,260.0,call,18.56,21.93,18.99,20,,0.2628,0.87924,0.01245,0.13559,-0.06596,0.08508,spy_options_2019.parquet,4193837
SPY,2019-02-25,2019-02-25T16:00:00-05:00,279.46,2019-03-18,20.96,0.057424657534246575,260.0,put,0.36,0.38,0.34,3,,0.19094,-0.06414,0.0096,0.08613,-0.03834,-0.01051,spy_options_2019.parquet,4193837
SPY,2019-02-25,2019-02-25T16:00:00-05:00,279.46,2019-03-18,20.96,0.057424657534246575,261.0,call,19.02,19.31,0.0,,,0.24731,0.88083,0.01324,0.1346,-0.06013,0.08404,spy_options_2019.parquet,4193838
SPY,2019-02-25,2019-02-25T16:00:00-05:00,279.46,2019-03-18,20.96,0.057424657534246575,261.0,put,0.4,0.43,0.62,2,,0.18688,-0.07139,0.01056,0.09321,-0.04033,-0.0122,spy_options_2019.parquet,4193838
SPY,2019-02-25,2019-02-25T16:00:00-05:00,279.46,2019-03-18,20.96,0.057424657534246575,262.0,call,18.01,18.32,0.0,,,0.23878,0.87546,0.0142,0.13886,-0.06033,0.08576,spy_options_2019.parquet,4193839
SPY,2019-02-25,2019-02-25T16:00:00-05:00,279.46,2019-03-18,20.96,0.057424657534246575,262.0,put,0.45,0.46,0.41,243,,0.18249,-0.07922,0.01167,0.10105,-0.0434,-0.01361,spy_options_2019.parquet,4193839
SPY,2019-02-25,2019-02-25T16:00:00-05:00,279.46,2019-03-18,20.96,0.057424657534246575,263.0,call,17.07,17.37,0.0,,,0.23167,0.86798,0.01529,0.14447,-0.06118,0.08768,spy_options_2019.parquet,4193840
SPY,2019-02-25,2019-02-25T16:00:00-05:00,279.46,2019-03-18,20.96,0.057424657534246575,263.0,put,0.48,0.51,0.45,602,,0.17755,-0.08547,0.01282,0.10765,-0.04529,-0.01521,spy_options_2019.parquet,4193840
SPY,2019-02-25,2019-02-25T16:00:00-05:00,279.46,2019-03-18,20.96,0.057424657534246575,264.0,call,16.09,16.39,0.0,,,0.22383,0.86058,0.01641,0.15068,-0.06115,0.08911,spy_options_2019.parquet,4193841
SPY,2019-02-25,2019-02-25T16:00:00-05:00,279.46,2019-03-18,20.96,0.057424657534246575,264.0,put,0.53,0.54,0.38,2,,0.17355,-0.09531,0.01422,0.11618,-0.04752,-0.01667,spy_options_2019.parquet,4193841
SPY,2019-02-25,2019-02-25T16:00:00-05:00,279.46,2019-03-18,20.96,0.057424657534246575,265.0,call,13.71,17.08,14.65,0,,0.22227,0.84407,0.01755,0.16257,-0.06657,0.09148,spy_options_2019.parquet,4193842
SPY,2019-02-25,2019-02-25T16:00:00-05:00,279.46,2019-03-18,20.96,0.057424657534246575,265.0,put,0.59,0.61,0.54,209,,0.16948,-0.10606,0.01577,0.12531,-0.05041,-0.01838,spy_options_2019.parquet,4193842
SPY,2019-02-25,2019-02-25T16:00:00-05:00,279.46,2019-03-18,20.96,0.057424657534246575,266.0,call,14.21,14.47,0.0,,,0.20974,0.84019,0.01909,0.16465,-0.06264,0.09162,spy_options_2019.parquet,4193843
SPY,2019-02-25,2019-02-25T16:00:00-05:00,279.46,2019-03-18,20.96,0.057424657534246575,266.0,put,0.64,0.66,0.63,9,,0.16513,-0.11721,0.01743,0.13529,-0.05315,-0.02029,spy_options_2019.parquet,4193843
SPY,2019-02-25,2019-02-25T16:00:00-05:00,279.46,2019-03-18,20.96,0.057424657534246575,267.0,call,13.18,13.8,12.44,0,,0.20768,0.82226,0.02028,0.17636,-0.06734,0.09301,spy_options_2019.parquet,4193844
SPY,2019-02-25,2019-02-25T16:00:00-05:00,279.46,2019-03-18,20.96,0.057424657534246575,267.0,put,0.72,0.74,0.99,0,,0.16058,-0.13055,0.01921,0.14592,-0.0567,-0.02263,spy_options_2019.parquet,4193844
SPY,2019-02-25,2019-02-25T16:00:00-05:00,279.46,2019-03-18,20.96,0.057424657534246575,268.0,call,12.13,12.79,11.72,0,,0.19483,0.81661,0.02217,0.1802,-0.06436,0.09386,spy_options_2019.parquet,4193845
SPY,2019-02-25,2019-02-25T16:00:00-05:00,279.46,2019-03-18,20.96,0.057424657534246575,268.0,put,0.81,0.82,0.72,236,,0.1556,-0.14526,0.02128,0.1564,-0.05867,-0.02448,spy_options_2019.parquet,4193845
SPY,2019-02-25,2019-02-25T16:00:00-05:00,279.46,2019-03-18,20.96,0.057424657534246575,269.0,call,11.36,11.64,10.41,11,,0.18698,0.8034,0.02403,0.18763,-0.06441,0.09433,spy_options_2019.parquet,4193846
SPY,2019-02-25,2019-02-25T16:00:00-05:00,279.46,2019-03-18,20.96,0.057424657534246575,269.0,put,0.88,0.9,0.71,166,,0.15069,-0.16021,0.0235,0.16686,-0.06197,-0.02773,spy_options_2019.parquet,4193846
SPY,2019-02-25,2019-02-25T16:00:00-05:00,279.46,2019-03-18,20.96,0.057424657534246575,270.0,call,10.45,10.72,10.0,0,,0.17957,0.78725,0.02606,0.19759,-0.06535,0.094,spy_options_2019.parquet,4193847
SPY,2019-02-25,2019-02-25T16:00:00-05:00,279.46,2019-03-18,20.96,0.057424657534246575,270.0,put,1.0,1.01,0.98,202,,0.14654,-0.18004,0.02605,0.17953,-0.06525,-0.03076,spy_options_2019.parquet,4193847
SPY,2019-02-25,2019-02-25T16:00:00-05:00,279.46,2019-03-18,20.96,0.057424657534246575,271.0,call,9.65,9.89,8.05,54,,0.17751,0.76252,0.02773,0.21004,-0.06893,0.09452,spy_options_2019.parquet,4193848
SPY,2019-02-25,2019-02-25T16:00:00-05:00,279.46,2019-03-18,20.96,0.057424657534246575,271.0,put,1.1,1.13,1.12,15,,0.14193,-0.20061,0.02877,0.19205,-0.06752,-0.03446,spy_options_2019.parquet,4193848
SPY,2019-02-25,2019-02-25T16:00:00-05:00,279.46,2019-03-18,20.96,0.057424657534246575,272.0,call,8.58,8.85,5.61,10,,0.16222,0.75218,0.031,0.21518,-0.0644,0.0937,spy_options_2019.parquet,4193849
SPY,2019-02-25,2019-02-25T16:00:00-05:00,279.46,2019-03-18,20.96,0.057424657534246575,272.0,put,1.25,1.27,1.11,136,,0.13848,-0.2251,0.0317,0.20571,-0.07112,-0.03874,spy_options_2019.parquet,4193849
SPY,2019-02-25,2019-02-25T16:00:00-05:00,279.46,2019-03-18,20.96,0.057424657534246575,273.0,call,7.8,8.04,8.93,11,,0.15916,0.72441,0.03302,0.22712,-0.06719,0.09354,spy_options_2019.parquet,4193850
SPY,2019-02-25,2019-02-25T16:00:00-05:00,279.46,2019-03-18,20.96,0.057424657534246575,273.0,put,1.43,1.47,1.25,665,,0.13479,-0.25505,0.0346,0.21956,-0.07531,-0.04353,spy_options_2019.parquet,4193850
SPY,2019-02-25,2019-02-25T16:00:00-05:00,279.46,2019-03-18,20.96,0.057424657534246575,274.0,call,7.05,7.29,6.81,0,,0.1571,0.69226,0.03484,0.23936,-0.07071,0.0921,spy_options_2019.parquet,4193851
SPY,2019-02-25,2019-02-25T16:00:00-05:00,279.46,2019-03-18,20.96,0.057424657534246575,274.0,put,1.63,1.66,1.55,217,,0.1312,-0.28647,0.03769,0.23312,-0.07736,-0.04877,spy_options_2019.parquet,4193851
SPY,2019-02-25,2019-02-25T16:00:00-05:00,279.46,2019-03-18,20.96,0.057424657534246575,275.0,call,6.2,6.44,6.47,9,,0.14927,0.66326,0.03765,0.24804,-0.07051,0.09039,spy_options_2019.parquet,4193852
SPY,2019-02-25,2019-02-25T16:00:00-05:00,279.46,2019-03-18,20.96,0.057424657534246575,275.0,put,1.8,1.89,1.78,288,,0.12651,-0.32092,0.04111,0.24563,-0.07972,-0.05534,spy_options_2019.parquet,4193852
SPY,2019-02-25,2019-02-25T16:00:00-05:00,279.46,2019-03-18,20.96,0.057424657534246575,276.0,call,5.36,5.56,5.99,1,,0.14055,0.6319,0.04108,0.25645,-0.06862,0.08759,spy_options_2019.parquet,4193853
SPY,2019-02-25,2019-02-25T16:00:00-05:00,279.46,2019-03-18,20.96,0.057424657534246575,276.0,put,2.11,2.15,1.98,185,,0.12375,-0.36029,0.04393,0.25671,-0.08306,-0.06164,spy_options_2019.parquet,4193853
SPY,2019-02-25,2019-02-25T16:00:00-05:00,279.46,2019-03-18,20.96,0.057424657534246575,277.0,call,4.58,4.75,4.88,9,,0.13324,0.59474,0.04433,0.26393,-0.06674,0.08414,spy_options_2019.parquet,4193854
SPY,2019-02-25,2019-02-25T16:00:00-05:00,279.46,2019-03-18,20.96,0.057424657534246575,277.0,put,2.4,2.43,2.21,56,,0.12048,-0.40298,0.04695,0.26535,-0.08371,-0.06972,spy_options_2019.parquet,4193854
SPY,2019-02-25,2019-02-25T16:00:00-05:00,279.46,2019-03-18,20.96,0.057424657534246575,278.0,call,3.9,4.04,4.92,6,,0.12794,0.55095,0.0466,0.26947,-0.06611,0.07967,spy_options_2019.parquet,4193855
SPY,2019-02-25,2019-02-25T16:00:00-05:00,279.46,2019-03-18,20.96,0.057424657534246575,278.0,put,2.73,2.77,2.75,431,,0.11563,-0.45004,0.04975,0.27126,-0.08436,-0.07784,spy_options_2019.parquet,4193855
SPY,2019-02-25,2019-02-25T16:00:00-05:00,279.46,2019-03-18,20.96,0.057424657534246575,279.0,call,3.3,3.35,3.39,38,,0.12373,0.50384,0.04836,0.27179,-0.06499,0.07476,spy_options_2019.parquet,4193856
SPY,2019-02-25,2019-02-25T16:00:00-05:00,279.46,2019-03-18,20.96,0.057424657534246575,279.0,put,3.09,3.2,3.16,986,,0.11286,-0.49981,0.05135,0.27308,-0.08399,-0.08619,spy_options_2019.parquet,4193856
SPY,2019-02-25,2019-02-25T16:00:00-05:00,279.46,2019-03-18,20.96,0.057424657534246575,280.0,call,2.69,2.8,2.96,35,,0.11975,0.45428,0.04946,0.27087,-0.06278,0.06867,spy_options_2019.parquet,4193857
SPY,2019-02-25,2019-02-25T16:00:00-05:00,279.46,2019-03-18,20.96,0.057424657534246575,280.0,put,3.65,3.7,3.5,244,,0.1127,-0.55154,0.05121,0.27079,-0.08521,-0.095,spy_options_2019.parquet,4193857
SPY,2019-02-25,2019-02-25T16:00:00-05:00,279.46,2019-03-18,20.96,0.057424657534246575,281.0,call,2.15,2.23,2.22,184,,0.1142,0.40053,0.05024,0.26427,-0.05932,0.06129,spy_options_2019.parquet,4193858
SPY,2019-02-25,2019-02-25T16:00:00-05:00,279.46,2019-03-18,20.96,0.057424657534246575,281.0,put,4.11,4.25,3.83,330,,0.10923,-0.60509,0.05118,0.26336,-0.08197,-0.104,spy_options_2019.parquet,4193858
SPY,2019-02-25,2019-02-25T16:00:00-05:00,279.46,2019-03-18,20.96,0.057424657534246575,282.0,call,1.72,1.75,1.78,25,,0.11115,0.34796,0.04925,0.25269,-0.05518,0.05419,spy_options_2019.parquet,4193859
SPY,2019-02-25,2019-02-25T16:00:00-05:00,279.46,2019-03-18,20.96,0.057424657534246575,282.0,put,4.56,4.72,3.74,10,,0.10225,-0.66592,0.05171,0.24827,-0.07679,-0.11542,spy_options_2019.parquet,4193859
SPY,2019-02-25,2019-02-25T16:00:00-05:00,279.46,2019-03-18,20.96,0.057424657534246575,283.0,call,1.36,1.39,1.38,204,,0.10841,0.29682,0.04686,0.23726,-0.05134,0.04735,spy_options_2019.parquet,4193860
SPY,2019-02-25,2019-02-25T16:00:00-05:00,279.46,2019-03-18,20.96,0.057424657534246575,283.0,put,5.36,5.54,5.35,13,,0.10677,-0.70767,0.04693,0.23438,-0.07644,-0.12254,spy_options_2019.parquet,4193860
SPY,2019-02-25,2019-02-25T16:00:00-05:00,279.46,2019-03-18,20.96,0.057424657534246575,284.0,call,1.02,1.06,1.15,291,,0.10589,0.24601,0.04381,0.21597,-0.04549,0.03902,spy_options_2019.parquet,4193861
SPY,2019-02-25,2019-02-25T16:00:00-05:00,279.46,2019-03-18,20.96,0.057424657534246575,284.0,put,5.99,6.21,5.31,1,,0.10258,-0.76084,0.04392,0.21173,-0.07031,-0.13141,spy_options_2019.parquet,4193861
SPY,2019-02-25,2019-02-25T16:00:00-05:00,279.46,2019-03-18,20.96,0.057424657534246575,285.0,call,0.74,0.77,0.8,287,,0.10283,0.19739,0.03979,0.19124,-0.039,0.03175,spy_options_2019.parquet,4193862
SPY,2019-02-25,2019-02-25T16:00:00-05:00,279.46,2019-03-18,20.96,0.057424657534246575,285.0,put,6.81,7.08,0.0,,,0.10521,-0.79571,0.03914,0.1932,-0.06752,-0.13779,spy_options_2019.parquet,4193862
SPY,2019-02-25,2019-02-25T16:00:00-05:00,279.46,2019-03-18,20.96,0.057424657534246575,286.0,call,0.56,0.59,0.57,44,,0.10114,0.15822,0.03488,0.16607,-0.03436,0.02601,spy_options_2019.parquet,4193863
SPY,2019-02-25,2019-02-25T16:00:00-05:00,279.46,2019-03-18,20.96,0.057424657534246575,286.0,put,6.0,7.79,0.0,,,-2e-05,-1.0,0.0,-75.39995,0.0,0.0,spy_options_2019.parquet,4193863
SPY,2019-02-25,2019-02-25T16:00:00-05:00,279.46,2019-03-18,20.96,0.057424657534246575,287.0,call,0.4,0.42,0.65,77,,0.09969,0.12318,0.02979,0.1399,-0.02854,0.01965,spy_options_2019.parquet,4193864
SPY,2019-02-25,2019-02-25T16:00:00-05:00,279.46,2019-03-18,20.96,0.057424657534246575,287.0,put,8.5,8.76,7.99,2,,0.10585,-0.86101,0.03015,0.15012,-0.05932,-0.14968,spy_options_2019.parquet,4193864
SPY,2019-02-25,2019-02-25T16:00:00-05:00,279.46,2019-03-18,20.96,0.057424657534246575,288.0,call,0.29,0.3,0.47,143,,0.09883,0.09272,0.02469,0.11472,-0.02256,0.01562,spy_options_2019.parquet,4193865
SPY,2019-02-25,2019-02-25T16:00:00-05:00,279.46,2019-03-18,20.96,0.057424657534246575,288.0,put,9.4,9.7,0.0,,,0.10882,-0.88238,0.02613,0.13392,-0.05706,-0.15451,spy_options_2019.parquet,4193865
SPY,2019-02-25,2019-02-25T16:00:00-05:00,279.46,2019-03-18,20.96,0.057424657534246575,289.0,call,0.2,0.21,0.22,249,,0.09722,0.06961,0.02002,0.09305,-0.018,0.01129,spy_options_2019.parquet,4193866
SPY,2019-02-25,2019-02-25T16:00:00-05:00,279.46,2019-03-18,20.96,0.057424657534246575,289.0,put,10.28,10.56,0.0,,,0.10607,-0.90977,0.02179,0.10925,-0.05054,-0.15988,spy_options_2019.parquet,4193866
SPY,2019-02-25,2019-02-25T16:00:00-05:00,279.46,2019-03-18,20.96,0.057424657534246575,290.0,call,0.15,0.16,0.16,,,0.09913,0.05482,0.01631,0.0763,-0.01487,0.00902,spy_options_2019.parquet,4193867
SPY,2019-02-25,2019-02-25T16:00:00-05:00,279.46,2019-03-18,20.96,0.057424657534246575,290.0,put,11.24,11.52,0.0,,,0.10903,-0.92488,0.01862,0.09528,-0.04805,-0.16282,spy_options_2019.parquet,4193867
SPY,2019-02-25,2019-02-25T16:00:00-05:00,279.46,2019-03-18,20.96,0.057424657534246575,291.0,call,0.1,0.11,0.14,274,,0.09819,0.03892,0.01265,0.05916,-0.01145,0.00638,spy_options_2019.parquet,4193868
SPY,2019-02-25,2019-02-25T16:00:00-05:00,279.46,2019-03-18,20.96,0.057424657534246575,291.0,put,12.18,12.5,0.0,,,0.11247,-0.93502,0.01602,0.08457,-0.04653,-0.16533,spy_options_2019.parquet,4193868
SPY,2019-02-25,2019-02-25T16:00:00-05:00,279.46,2019-03-18,20.96,0.057424657534246575,292.0,call,0.07,0.07,0.1,60,,0.09879,0.02906,0.01017,0.04685,-0.0094,0.00438,spy_options_2019.parquet,4193869
SPY,2019-02-25,2019-02-25T16:00:00-05:00,279.46,2019-03-18,20.96,0.057424657534246575,292.0,put,12.89,13.56,0.0,,,0.10293,-0.96308,0.01095,0.05298,-0.0385,-0.16964,spy_options_2019.parquet,4193869
SPY,2019-02-25,2019-02-25T16:00:00-05:00,279.46,2019-03-18,20.96,0.057424657534246575,293.0,call,0.04,0.07,0.0,,,0.10032,0.02364,0.00796,0.03912,-0.00773,0.00377,spy_options_2019.parquet,4193870
SPY,2019-02-25,2019-02-25T16:00:00-05:00,279.46,2019-03-18,20.96,0.057424657534246575,293.0,put,14.26,14.56,0.0,,,0.13477,-0.92887,0.01444,0.09113,-0.05254,-0.16525,spy_options_2019.parquet,4193870
SPY,2019-02-25,2019-02-25T16:00:00-05:00,279.46,2019-03-18,20.96,0.057424657534246575,294.0,call,0.04,0.05,0.06,10,,0.10175,0.01818,0.00628,0.03034,-0.00658,0.00285,spy_options_2019.parquet,4193871
SPY,2019-02-25,2019-02-25T16:00:00-05:00,279.46,2019-03-18,20.96,0.057424657534246575,294.0,put,15.2,15.51,0.0,,,0.13563,-0.94005,0.01244,0.07901,-0.04928,-0.16741,spy_options_2019.parquet,4193871
SPY,2019-02-25,2019-02-25T16:00:00-05:00,279.46,2019-03-18,20.96,0.057424657534246575,295.0,call,0.05,0.06,0.05,25,,0.10727,0.01703,0.00568,0.02945,-0.00645,0.00318,spy_options_2019.parquet,4193872
SPY,2019-02-25,2019-02-25T16:00:00-05:00,279.46,2019-03-18,20.96,0.057424657534246575,295.0,put,16.13,16.45,0.0,,,0.13186,-0.95488,0.0101,0.06267,-0.04407,-0.17017,spy_options_2019.parquet,4193872
SPY,2019-02-25,2019-02-25T16:00:00-05:00,279.46,2019-03-18,20.96,0.057424657534246575,296.0,call,0.02,0.04,0.0,,,0.10729,0.0124,0.00421,0.02166,-0.00458,0.00174,spy_options_2019.parquet,4193873
SPY,2019-02-25,2019-02-25T16:00:00-05:00,279.46,2019-03-18,20.96,0.057424657534246575,296.0,put,17.18,17.5,0.0,,,0.14585,-0.94731,0.01032,0.0707,-0.04828,-0.16995,spy_options_2019.parquet,4193873
SPY,2019-02-25,2019-02-25T16:00:00-05:00,279.46,2019-03-18,20.96,0.057424657534246575,297.0,call,0.03,0.03,0.0,,,0.10924,0.01007,0.00356,0.01823,-0.00422,0.00193,spy_options_2019.parquet,4193874
SPY,2019-02-25,2019-02-25T16:00:00-05:00,279.46,2019-03-18,20.96,0.057424657534246575,297.0,put,18.12,18.44,0.0,,,0.14319,-0.95953,0.00844,0.05611,-0.04379,-0.17259,spy_options_2019.parquet,4193874
SPY,2019-02-25,2019-02-25T16:00:00-05:00,279.46,2019-03-18,20.96,0.057424657534246575,298.0,call,0.02,0.02,0.0,,,0.11468,0.00965,0.00326,0.01757,-0.00439,0.00145,spy_options_2019.parquet,4193875
SPY,2019-02-25,2019-02-25T16:00:00-05:00,279.46,2019-03-18,20.96,0.057424657534246575,298.0,put,19.17,19.49,0.0,,,0.15822,-0.95263,0.00874,0.06504,-0.0482,-0.1723,spy_options_2019.parquet,4193875
SPY,2019-02-25,2019-02-25T16:00:00-05:00,279.46,2019-03-18,20.96,0.057424657534246575,299.0,call,0.01,0.02,0.0,,,0.11239,0.00608,0.00223,0.01168,-0.0028,0.00077,spy_options_2019.parquet,4193876
SPY,2019-02-25,2019-02-25T16:00:00-05:00,279.46,2019-03-18,20.96,0.057424657534246575,299.0,put,20.1,20.43,0.0,,,0.15364,-0.96457,0.00706,0.05169,-0.04355,-0.17445,spy_options_2019.parquet,4193876
SPY,2019-02-25,2019-02-25T16:00:00-05:00,279.46,2019-03-18,20.96,0.057424657534246575,300.0,call,0.01,0.02,0.0,,,0.11763,0.00562,0.00206,0.01185,-0.0024,0.00072,spy_options_2019.parquet,4193877
SPY,2019-02-25,2019-02-25T16:00:00-05:00,279.46,2019-03-18,20.96,0.057424657534246575,300.0,put,21.17,21.49,0.0,,,0.16998,-0.9562,0.00765,0.06106,-0.04908,-0.17389,spy_options_2019.parquet,4193877
SPY,2019-02-25,2019-02-25T16:00:00-05:00,279.46,2019-03-20,22.96,0.0629041095890411,230.0,call,48.32,51.66,0.0,,,0.51855,0.93105,0.00268,0.08603,-0.08009,0.04956,spy_options_2019.parquet,4193878
SPY,2019-02-25,2019-02-25T16:00:00-05:00,279.46,2019-03-20,22.96,0.0629041095890411,230.0,put,0.09,0.08,0.07,9,,0.3299,-0.01001,0.00116,0.01935,-0.01344,-0.002,spy_options_2019.parquet,4193878
SPY,2019-02-25,2019-02-25T16:00:00-05:00,279.46,2019-03-20,22.96,0.0629041095890411,235.0,call,44.67,44.98,0.0,,,0.44826,0.93733,0.00306,0.07884,-0.06206,0.04636,spy_options_2019.parquet,4193879
SPY,2019-02-25,2019-02-25T16:00:00-05:00,279.46,2019-03-20,22.96,0.0629041095890411,235.0,put,0.1,0.12,0.07,0,,0.30636,-0.01309,0.00156,0.02439,-0.01532,-0.00295,spy_options_2019.parquet,4193879
SPY,2019-02-25,2019-02-25T16:00:00-05:00,279.46,2019-03-20,22.96,0.0629041095890411,240.0,call,38.35,41.7,37.95,1,,0.42581,0.92629,0.00426,0.09378,-0.06922,0.06169,spy_options_2019.parquet,4193880
SPY,2019-02-25,2019-02-25T16:00:00-05:00,279.46,2019-03-20,22.96,0.0629041095890411,240.0,put,0.11,0.14,0.08,6,,0.2815,-0.01764,0.00217,0.03084,-0.01836,-0.00301,spy_options_2019.parquet,4193880
SPY,2019-02-25,2019-02-25T16:00:00-05:00,279.46,2019-03-20,22.96,0.0629041095890411,245.0,call,34.9,35.22,0.0,,,0.38135,0.92077,0.00551,0.10084,-0.06632,0.0686,spy_options_2019.parquet,4193881
SPY,2019-02-25,2019-02-25T16:00:00-05:00,279.46,2019-03-20,22.96,0.0629041095890411,245.0,put,0.16,0.17,0.14,0,,0.25828,-0.02343,0.00301,0.04016,-0.02126,-0.00448,spy_options_2019.parquet,4193881
SPY,2019-02-25,2019-02-25T16:00:00-05:00,279.46,2019-03-20,22.96,0.0629041095890411,250.0,call,29.94,30.25,29.17,0,,0.33941,0.91105,0.00711,0.11033,-0.0628,0.07572,spy_options_2019.parquet,4193882
SPY,2019-02-25,2019-02-25T16:00:00-05:00,279.46,2019-03-20,22.96,0.0629041095890411,250.0,put,0.22,0.23,0.15,107,,0.23545,-0.03288,0.00436,0.05283,-0.02584,-0.00669,spy_options_2019.parquet,4193882
SPY,2019-02-25,2019-02-25T16:00:00-05:00,279.46,2019-03-20,22.96,0.0629041095890411,255.0,call,24.88,25.21,24.27,0,,0.28784,0.90609,0.00938,0.11609,-0.05456,0.08021,spy_options_2019.parquet,4193883
SPY,2019-02-25,2019-02-25T16:00:00-05:00,279.46,2019-03-20,22.96,0.0629041095890411,255.0,put,0.31,0.32,0.22,2,,0.21303,-0.04816,0.00662,0.07242,-0.03309,-0.00877,spy_options_2019.parquet,4193883
SPY,2019-02-25,2019-02-25T16:00:00-05:00,279.46,2019-03-20,22.96,0.0629041095890411,256.0,call,23.92,24.21,0.0,,,0.28184,0.90154,0.00998,0.12128,-0.05597,0.08161,spy_options_2019.parquet,4193884
SPY,2019-02-25,2019-02-25T16:00:00-05:00,279.46,2019-03-20,22.96,0.0629041095890411,256.0,put,0.33,0.34,0.38,0,,0.20771,-0.05262,0.00715,0.07684,-0.03423,-0.00978,spy_options_2019.parquet,4193884
SPY,2019-02-25,2019-02-25T16:00:00-05:00,279.46,2019-03-20,22.96,0.0629041095890411,257.0,call,21.51,24.87,0.0,,,0.28194,0.88948,0.01069,0.13226,-0.06108,0.08609,spy_options_2019.parquet,4193885
SPY,2019-02-25,2019-02-25T16:00:00-05:00,279.46,2019-03-20,22.96,0.0629041095890411,257.0,put,0.36,0.37,0.51,3,,0.20375,-0.05681,0.00781,0.08244,-0.0364,-0.01075,spy_options_2019.parquet,4193885
SPY,2019-02-25,2019-02-25T16:00:00-05:00,279.46,2019-03-20,22.96,0.0629041095890411,258.0,call,21.91,23.88,0.0,,,0.31978,0.84587,0.0112,0.16762,-0.09377,0.09756,spy_options_2019.parquet,4193886
SPY,2019-02-25,2019-02-25T16:00:00-05:00,279.46,2019-03-20,22.96,0.0629041095890411,258.0,put,0.39,0.39,0.38,1,,0.19905,-0.06168,0.00855,0.08694,-0.0375,-0.01205,spy_options_2019.parquet,4193886
SPY,2019-02-25,2019-02-25T16:00:00-05:00,279.46,2019-03-20,22.96,0.0629041095890411,259.0,call,19.55,22.92,0.0,,,0.26647,0.88011,0.01201,0.14077,-0.06193,0.08949,spy_options_2019.parquet,4193887
SPY,2019-02-25,2019-02-25T16:00:00-05:00,279.46,2019-03-20,22.96,0.0629041095890411,259.0,put,0.42,0.43,0.3,6,,0.19492,-0.06729,0.0093,0.09336,-0.03939,-0.0129,spy_options_2019.parquet,4193887
SPY,2019-02-25,2019-02-25T16:00:00-05:00,279.46,2019-03-20,22.96,0.0629041095890411,260.0,call,20.01,20.31,17.66,10,,0.25164,0.88181,0.01285,0.13799,-0.05655,0.08818,spy_options_2019.parquet,4193888
SPY,2019-02-25,2019-02-25T16:00:00-05:00,279.46,2019-03-20,22.96,0.0629041095890411,260.0,put,0.45,0.45,0.44,12,,0.18978,-0.07283,0.01015,0.09898,-0.04131,-0.01406,spy_options_2019.parquet,4193888
SPY,2019-02-25,2019-02-25T16:00:00-05:00,279.46,2019-03-20,22.96,0.0629041095890411,261.0,call,18.87,19.51,0.0,,,0.24415,0.87506,0.0137,0.14366,-0.0566,0.09023,spy_options_2019.parquet,4193889
SPY,2019-02-25,2019-02-25T16:00:00-05:00,279.46,2019-03-20,22.96,0.0629041095890411,261.0,put,0.49,0.52,0.35,3,,0.18681,-0.08124,0.01122,0.10739,-0.04333,-0.01494,spy_options_2019.parquet,4193889
SPY,2019-02-25,2019-02-25T16:00:00-05:00,279.46,2019-03-20,22.96,0.0629041095890411,262.0,call,16.63,20.0,0.0,,,0.24278,0.8617,0.0146,0.15522,-0.06206,0.09364,spy_options_2019.parquet,4193890
SPY,2019-02-25,2019-02-25T16:00:00-05:00,279.46,2019-03-20,22.96,0.0629041095890411,262.0,put,0.53,0.54,0.59,0,,0.18172,-0.0884,0.01226,0.11459,-0.04567,-0.01623,spy_options_2019.parquet,4193890
SPY,2019-02-25,2019-02-25T16:00:00-05:00,279.46,2019-03-20,22.96,0.0629041095890411,263.0,call,15.66,19.02,14.87,10,,0.23554,0.85474,0.01559,0.16054,-0.06231,0.09484,spy_options_2019.parquet,4193891
SPY,2019-02-25,2019-02-25T16:00:00-05:00,279.46,2019-03-20,22.96,0.0629041095890411,263.0,put,0.57,0.61,0.63,0,,0.17732,-0.09627,0.01345,0.12283,-0.0483,-0.01845,spy_options_2019.parquet,4193891
SPY,2019-02-25,2019-02-25T16:00:00-05:00,279.46,2019-03-20,22.96,0.0629041095890411,264.0,call,16.13,16.43,0.0,,,0.22138,0.85414,0.01682,0.16048,-0.0574,0.09428,spy_options_2019.parquet,4193892
SPY,2019-02-25,2019-02-25T16:00:00-05:00,279.46,2019-03-20,22.96,0.0629041095890411,264.0,put,0.64,0.66,0.45,3,,0.17395,-0.10649,0.01478,0.13133,-0.0505,-0.01954,spy_options_2019.parquet,4193892
SPY,2019-02-25,2019-02-25T16:00:00-05:00,279.46,2019-03-20,22.96,0.0629041095890411,265.0,call,15.21,15.47,0.0,,,0.21426,0.84396,0.01811,0.16922,-0.05891,0.09586,spy_options_2019.parquet,4193893
SPY,2019-02-25,2019-02-25T16:00:00-05:00,279.46,2019-03-20,22.96,0.0629041095890411,265.0,put,0.7,0.73,0.64,154,,0.16911,-0.11772,0.01625,0.14149,-0.05364,-0.02192,spy_options_2019.parquet,4193893
SPY,2019-02-25,2019-02-25T16:00:00-05:00,279.46,2019-03-20,22.96,0.0629041095890411,266.0,call,14.18,14.46,13.61,2,,0.20449,0.83777,0.01953,0.17324,-0.05653,0.09591,spy_options_2019.parquet,4193894
SPY,2019-02-25,2019-02-25T16:00:00-05:00,279.46,2019-03-20,22.96,0.0629041095890411,266.0,put,0.78,0.8,0.58,3,,0.16483,-0.13028,0.01788,0.15148,-0.05546,-0.02404,spy_options_2019.parquet,4193894
SPY,2019-02-25,2019-02-25T16:00:00-05:00,279.46,2019-03-20,22.96,0.0629041095890411,267.0,call,13.22,13.83,13.0,0,,0.20449,0.81554,0.02058,0.18857,-0.06302,0.09933,spy_options_2019.parquet,4193895
SPY,2019-02-25,2019-02-25T16:00:00-05:00,279.46,2019-03-20,22.96,0.0629041095890411,267.0,put,0.84,0.86,0.66,240,,0.15982,-0.14182,0.01962,0.16123,-0.05822,-0.02705,spy_options_2019.parquet,4193895
SPY,2019-02-25,2019-02-25T16:00:00-05:00,279.46,2019-03-20,22.96,0.0629041095890411,268.0,call,12.35,12.62,13.59,34,,0.19305,0.80955,0.02247,0.19215,-0.05971,0.09894,spy_options_2019.parquet,4193896
SPY,2019-02-25,2019-02-25T16:00:00-05:00,279.46,2019-03-20,22.96,0.0629041095890411,268.0,put,0.93,0.95,0.84,399,,0.15593,-0.15741,0.0216,0.17231,-0.06053,-0.02959,spy_options_2019.parquet,4193896
SPY,2019-02-25,2019-02-25T16:00:00-05:00,279.46,2019-03-20,22.96,0.0629041095890411,269.0,call,11.43,11.68,11.19,0,,0.18503,0.79598,0.02427,0.20053,-0.06026,0.09928,spy_options_2019.parquet,4193897
SPY,2019-02-25,2019-02-25T16:00:00-05:00,279.46,2019-03-20,22.96,0.0629041095890411,269.0,put,1.05,1.07,0.79,3,,0.15314,-0.17586,0.02368,0.1858,-0.06437,-0.03278,spy_options_2019.parquet,4193897
SPY,2019-02-25,2019-02-25T16:00:00-05:00,279.46,2019-03-20,22.96,0.0629041095890411,270.0,call,10.64,11.06,9.75,1,,0.18798,0.76562,0.02513,0.21749,-0.06774,0.10062,spy_options_2019.parquet,4193898
SPY,2019-02-25,2019-02-25T16:00:00-05:00,279.46,2019-03-20,22.96,0.0629041095890411,270.0,put,1.13,1.16,1.16,365,,0.14776,-0.19409,0.02602,0.19626,-0.06629,-0.03688,spy_options_2019.parquet,4193898
SPY,2019-02-25,2019-02-25T16:00:00-05:00,279.46,2019-03-20,22.96,0.0629041095890411,271.0,call,8.33,10.0,8.63,1,,0.14411,0.80576,0.03216,0.19248,-0.04142,0.09371,spy_options_2019.parquet,4193899
SPY,2019-02-25,2019-02-25T16:00:00-05:00,279.46,2019-03-20,22.96,0.0629041095890411,271.0,put,1.24,1.28,1.01,9,,0.14184,-0.21448,0.0286,0.20828,-0.06845,-0.03983,spy_options_2019.parquet,4193899
SPY,2019-02-25,2019-02-25T16:00:00-05:00,279.46,2019-03-20,22.96,0.0629041095890411,272.0,call,8.86,9.08,9.3,1,,0.16975,0.7323,0.02962,0.23269,-0.06557,0.10007,spy_options_2019.parquet,4193900
SPY,2019-02-25,2019-02-25T16:00:00-05:00,279.46,2019-03-20,22.96,0.0629041095890411,272.0,put,1.42,1.47,1.14,421,,0.13906,-0.24071,0.03112,0.22307,-0.07182,-0.04566,spy_options_2019.parquet,4193900
SPY,2019-02-25,2019-02-25T16:00:00-05:00,279.46,2019-03-20,22.96,0.0629041095890411,273.0,call,7.88,8.13,9.25,7,,0.15945,0.71455,0.03262,0.24108,-0.06345,0.09847,spy_options_2019.parquet,4193901
SPY,2019-02-25,2019-02-25T16:00:00-05:00,279.46,2019-03-20,22.96,0.0629041095890411,273.0,put,1.61,1.63,1.46,166,,0.13505,-0.26778,0.03399,0.23595,-0.07459,-0.05009,spy_options_2019.parquet,4193901
SPY,2019-02-25,2019-02-25T16:00:00-05:00,279.46,2019-03-20,22.96,0.0629041095890411,274.0,call,7.16,7.37,7.77,1,,0.15681,0.68247,0.03416,0.25275,-0.06624,0.09779,spy_options_2019.parquet,4193902
SPY,2019-02-25,2019-02-25T16:00:00-05:00,279.46,2019-03-20,22.96,0.0629041095890411,274.0,put,1.81,1.84,1.76,13,,0.13181,-0.29884,0.03686,0.2482,-0.07762,-0.05627,spy_options_2019.parquet,4193902
SPY,2019-02-25,2019-02-25T16:00:00-05:00,279.46,2019-03-20,22.96,0.0629041095890411,275.0,call,6.3,6.53,7.53,9,,0.15017,0.65415,0.03672,0.26152,-0.0663,0.09592,spy_options_2019.parquet,4193903
SPY,2019-02-25,2019-02-25T16:00:00-05:00,279.46,2019-03-20,22.96,0.0629041095890411,275.0,put,2.01,2.07,2.05,198,,0.12694,-0.33302,0.03971,0.25997,-0.07947,-0.06245,spy_options_2019.parquet,4193903
SPY,2019-02-25,2019-02-25T16:00:00-05:00,279.46,2019-03-20,22.96,0.0629041095890411,276.0,call,5.49,5.67,5.83,111,,0.14187,0.62372,0.03978,0.26951,-0.06444,0.09321,spy_options_2019.parquet,4193904
SPY,2019-02-25,2019-02-25T16:00:00-05:00,279.46,2019-03-20,22.96,0.0629041095890411,276.0,put,2.33,2.37,2.1,159,,0.12521,-0.37269,0.04213,0.2702,-0.08246,-0.0698,spy_options_2019.parquet,4193904
SPY,2019-02-25,2019-02-25T16:00:00-05:00,279.46,2019-03-20,22.96,0.0629041095890411,277.0,call,4.69,4.99,5.1,4,,0.13581,0.58547,0.0421,0.2769,-0.06435,0.08966,spy_options_2019.parquet,4193905
SPY,2019-02-25,2019-02-25T16:00:00-05:00,279.46,2019-03-20,22.96,0.0629041095890411,277.0,put,2.63,2.68,2.41,148,,0.12202,-0.41351,0.0446,0.27884,-0.08396,-0.07814,spy_options_2019.parquet,4193905
SPY,2019-02-25,2019-02-25T16:00:00-05:00,279.46,2019-03-20,22.96,0.0629041095890411,278.0,call,4.03,4.16,5.1,16,,0.12943,0.54475,0.04451,0.28154,-0.06218,0.0849,spy_options_2019.parquet,4193906
SPY,2019-02-25,2019-02-25T16:00:00-05:00,279.46,2019-03-20,22.96,0.0629041095890411,278.0,put,2.97,3.02,2.83,431,,0.11719,-0.45827,0.04697,0.28391,-0.0841,-0.08642,spy_options_2019.parquet,4193906
SPY,2019-02-25,2019-02-25T16:00:00-05:00,279.46,2019-03-20,22.96,0.0629041095890411,279.0,call,3.48,3.59,4.35,38,,0.12767,0.50052,0.04513,0.28382,-0.06303,0.07955,spy_options_2019.parquet,4193907
SPY,2019-02-25,2019-02-25T16:00:00-05:00,279.46,2019-03-20,22.96,0.0629041095890411,279.0,put,3.38,3.43,3.04,461,,0.11503,-0.50633,0.04834,0.28495,-0.08384,-0.09513,spy_options_2019.parquet,4193907
SPY,2019-02-25,2019-02-25T16:00:00-05:00,279.46,2019-03-20,22.96,0.0629041095890411,280.0,call,2.82,2.9,3.09,103,,0.11984,0.45207,0.04733,0.28199,-0.05908,0.07305,spy_options_2019.parquet,4193908
SPY,2019-02-25,2019-02-25T16:00:00-05:00,279.46,2019-03-20,22.96,0.0629041095890411,280.0,put,3.75,3.82,3.53,83,,0.10917,-0.55807,0.05051,0.28214,-0.08169,-0.105,spy_options_2019.parquet,4193908
SPY,2019-02-25,2019-02-25T16:00:00-05:00,279.46,2019-03-20,22.96,0.0629041095890411,281.0,call,2.32,2.36,2.75,314,,0.11648,0.40285,0.0474,0.27586,-0.05611,0.06658,spy_options_2019.parquet,4193909
SPY,2019-02-25,2019-02-25T16:00:00-05:00,279.46,2019-03-20,22.96,0.0629041095890411,281.0,put,4.21,4.46,4.02,158,,0.10742,-0.60943,0.04982,0.27386,-0.08054,-0.11489,spy_options_2019.parquet,4193909
SPY,2019-02-25,2019-02-25T16:00:00-05:00,279.46,2019-03-20,22.96,0.0629041095890411,282.0,call,1.85,1.88,1.97,245,,0.11333,0.35129,0.04667,0.26524,-0.05251,0.05858,spy_options_2019.parquet,4193910
SPY,2019-02-25,2019-02-25T16:00:00-05:00,279.46,2019-03-20,22.96,0.0629041095890411,282.0,put,4.77,5.05,4.55,105,,0.1044,-0.66201,0.04865,0.26075,-0.0773,-0.12517,spy_options_2019.parquet,4193910
SPY,2019-02-25,2019-02-25T16:00:00-05:00,279.46,2019-03-20,22.96,0.0629041095890411,283.0,call,1.45,1.46,1.65,188,,0.10896,0.29963,0.04519,0.24801,-0.04831,0.05132,spy_options_2019.parquet,4193911
SPY,2019-02-25,2019-02-25T16:00:00-05:00,279.46,2019-03-20,22.96,0.0629041095890411,283.0,put,5.49,5.69,6.74,0,,0.10372,-0.70995,0.04581,0.2439,-0.07498,-0.13416,spy_options_2019.parquet,4193911
SPY,2019-02-25,2019-02-25T16:00:00-05:00,279.46,2019-03-20,22.96,0.0629041095890411,284.0,call,1.15,1.18,1.23,429,,0.10819,0.25527,0.04195,0.22968,-0.04484,0.04414,spy_options_2019.parquet,4193912
SPY,2019-02-25,2019-02-25T16:00:00-05:00,279.46,2019-03-20,22.96,0.0629041095890411,284.0,put,6.15,6.35,0.0,,,0.09994,-0.76139,0.04289,0.2206,-0.06932,-0.14373,spy_options_2019.parquet,4193912
SPY,2019-02-25,2019-02-25T16:00:00-05:00,279.46,2019-03-20,22.96,0.0629041095890411,285.0,call,0.88,0.9,0.86,332,,0.10497,0.20964,0.03842,0.20648,-0.03969,0.03643,spy_options_2019.parquet,4193913
SPY,2019-02-25,2019-02-25T16:00:00-05:00,279.46,2019-03-20,22.96,0.0629041095890411,285.0,put,6.9,7.12,8.42,2,,0.09848,-0.80496,0.03864,0.19529,-0.06512,-0.15271,spy_options_2019.parquet,4193913
SPY,2019-02-25,2019-02-25T16:00:00-05:00,279.46,2019-03-20,22.96,0.0629041095890411,286.0,call,0.61,0.62,0.73,749,,0.10075,0.16439,0.03434,0.17731,-0.03259,0.02877,spy_options_2019.parquet,4193914
SPY,2019-02-25,2019-02-25T16:00:00-05:00,279.46,2019-03-20,22.96,0.0629041095890411,286.0,put,7.69,7.95,9.34,11,,0.09728,-0.84386,0.0339,0.16906,-0.0603,-0.16043,spy_options_2019.parquet,4193914
SPY,2019-02-25,2019-02-25T16:00:00-05:00,279.46,2019-03-20,22.96,0.0629041095890411,287.0,call,0.45,0.47,0.49,,,0.10003,0.12952,0.0296,0.15179,-0.02738,0.02286,spy_options_2019.parquet,4193915
SPY,2019-02-25,2019-02-25T16:00:00-05:00,279.46,2019-03-20,22.96,0.0629041095890411,287.0,put,8.52,8.79,11.0,1,,0.09544,-0.87907,0.02886,0.14181,-0.05482,-0.1669,spy_options_2019.parquet,4193915
SPY,2019-02-25,2019-02-25T16:00:00-05:00,279.46,2019-03-20,22.96,0.0629041095890411,288.0,call,0.31,0.35,0.36,208,,0.09916,0.10093,0.02499,0.12695,-0.02331,0.01833,spy_options_2019.parquet,4193916
SPY,2019-02-25,2019-02-25T16:00:00-05:00,279.46,2019-03-20,22.96,0.0629041095890411,288.0,put,9.42,9.68,0.0,,,0.09423,-0.90756,0.02401,0.11649,-0.05035,-0.17288,spy_options_2019.parquet,4193916
SPY,2019-02-25,2019-02-25T16:00:00-05:00,279.46,2019-03-20,22.96,0.0629041095890411,289.0,call,0.24,0.25,0.27,50,,0.09827,0.07669,0.02061,0.10417,-0.0183,0.01411,spy_options_2019.parquet,4193917
SPY,2019-02-25,2019-02-25T16:00:00-05:00,279.46,2019-03-20,22.96,0.0629041095890411,289.0,put,8.68,12.05,0.0,,,0.08179,-0.95419,0.01555,0.0653,-0.03971,-0.18194,spy_options_2019.parquet,4193917
SPY,2019-02-25,2019-02-25T16:00:00-05:00,279.46,2019-03-20,22.96,0.0629041095890411,290.0,call,0.18,0.19,0.18,131,,0.09891,0.05949,0.01686,0.08611,-0.01553,0.01056,spy_options_2019.parquet,4193918
SPY,2019-02-25,2019-02-25T16:00:00-05:00,279.46,2019-03-20,22.96,0.0629041095890411,290.0,put,9.63,11.48,14.0,1,,0.00075,-0.99699,0.0,0.0,-0.02997,-0.1909,spy_options_2019.parquet,4193918
SPY,2019-02-25,2019-02-25T16:00:00-05:00,279.46,2019-03-20,22.96,0.0629041095890411,291.0,call,0.12,0.14,0.16,20,,0.0988,0.04489,0.0135,0.06954,-0.01202,0.00844,spy_options_2019.parquet,4193919
SPY,2019-02-25,2019-02-25T16:00:00-05:00,279.46,2019-03-20,22.96,0.0629041095890411,291.0,put,12.21,12.51,0.0,,,0.09429,-0.95963,0.01219,0.05895,-0.04044,-0.18411,spy_options_2019.parquet,4193919
SPY,2019-02-25,2019-02-25T16:00:00-05:00,279.46,2019-03-20,22.96,0.0629041095890411,292.0,call,0.09,0.1,0.12,0,,0.09911,0.03393,0.01071,0.05509,-0.00985,0.00617,spy_options_2019.parquet,4193920
SPY,2019-02-25,2019-02-25T16:00:00-05:00,279.46,2019-03-20,22.96,0.0629041095890411,292.0,put,13.29,13.6,0.0,,,0.11087,-0.94407,0.01349,0.07769,-0.04672,-0.18251,spy_options_2019.parquet,4193920
SPY,2019-02-25,2019-02-25T16:00:00-05:00,279.46,2019-03-20,22.96,0.0629041095890411,293.0,call,0.06,0.07,0.0,,,0.10018,0.02646,0.00852,0.04434,-0.00828,0.00503,spy_options_2019.parquet,4193921
SPY,2019-02-25,2019-02-25T16:00:00-05:00,279.46,2019-03-20,22.96,0.0629041095890411,293.0,put,14.16,14.49,0.0,,,0.09485,-0.97705,0.00724,0.03536,-0.03692,-0.18855,spy_options_2019.parquet,4193921
SPY,2019-02-25,2019-02-25T16:00:00-05:00,279.46,2019-03-20,22.96,0.0629041095890411,294.0,call,0.04,0.06,0.0,,,0.10139,0.02093,0.0069,0.03617,-0.00712,0.00375,spy_options_2019.parquet,4193922
SPY,2019-02-25,2019-02-25T16:00:00-05:00,279.46,2019-03-20,22.96,0.0629041095890411,294.0,put,15.15,15.48,0.0,,,0.0968,-0.98081,0.00591,0.02941,-0.03536,-0.19001,spy_options_2019.parquet,4193922
SPY,2019-02-25,2019-02-25T16:00:00-05:00,279.46,2019-03-20,22.96,0.0629041095890411,295.0,call,0.04,0.06,0.07,13,,0.10348,0.01662,0.00563,0.03112,-0.00599,0.00343,spy_options_2019.parquet,4193923
SPY,2019-02-25,2019-02-25T16:00:00-05:00,279.46,2019-03-20,22.96,0.0629041095890411,295.0,put,16.14,16.46,0.0,,,0.09897,-0.9845,0.00464,0.02312,-0.03491,-0.19152,spy_options_2019.parquet,4193923
SPY,2019-02-25,2019-02-25T16:00:00-05:00,279.46,2019-03-20,22.96,0.0629041095890411,296.0,call,0.03,0.05,0.0,,,0.10485,0.01378,0.00454,0.02476,-0.00442,0.00237,spy_options_2019.parquet,4193924
SPY,2019-02-25,2019-02-25T16:00:00-05:00,279.46,2019-03-20,22.96,0.0629041095890411,296.0,put,17.2,17.5,0.0,,,0.12022,-0.97108,0.00713,0.04393,-0.04068,-0.1896,spy_options_2019.parquet,4193924
SPY,2019-02-25,2019-02-25T16:00:00-05:00,279.46,2019-03-20,22.96,0.0629041095890411,297.0,call,0.01,0.03,0.0,,,0.10781,0.01105,0.00384,0.02197,-0.00389,0.00216,spy_options_2019.parquet,4193925
SPY,2019-02-25,2019-02-25T16:00:00-05:00,279.46,2019-03-20,22.96,0.0629041095890411,297.0,put,18.21,18.54,0.0,,,0.1312,-0.9671,0.00733,0.04937,-0.04269,-0.18996,spy_options_2019.parquet,4193925
SPY,2019-02-25,2019-02-25T16:00:00-05:00,279.46,2019-03-20,22.96,0.0629041095890411,298.0,call,0.02,0.02,0.0,,,0.11013,0.00933,0.00319,0.01861,-0.00421,0.00172,spy_options_2019.parquet,4193926
SPY,2019-02-25,2019-02-25T16:00:00-05:00,279.46,2019-03-20,22.96,0.0629041095890411,298.0,put,19.13,19.44,0.0,,,0.10009,-0.99246,0.00191,0.00963,-0.03195,-0.1952,spy_options_2019.parquet,4193926
SPY,2019-02-25,2019-02-25T16:00:00-05:00,279.46,2019-03-20,22.96,0.0629041095890411,299.0,call,0.02,0.03,0.0,,,0.11211,0.00811,0.00264,0.01586,-0.00343,0.0011,spy_options_2019.parquet,4193927
SPY,2019-02-25,2019-02-25T16:00:00-05:00,279.46,2019-03-20,22.96,0.0629041095890411,299.0,put,20.17,20.49,0.0,,,0.12983,-0.97893,0.00486,0.03252,-0.0386,-0.19347,spy_options_2019.parquet,4193927
SPY,2019-02-25,2019-02-25T16:00:00-05:00,279.46,2019-03-20,22.96,0.0629041095890411,300.0,call,0.0,0.03,0.0,,,0.11686,0.00736,0.00245,0.01452,-0.00277,0.00158,spy_options_2019.parquet,4193928
SPY,2019-02-25,2019-02-25T16:00:00-05:00,279.46,2019-03-20,22.96,0.0629041095890411,300.0,put,21.11,21.43,0.0,,,0.09123,-0.99681,0.00041,0.0022,-0.03047,-0.1971,spy_options_2019.parquet,4193928
SPY,2019-02-25,2019-02-25T16:00:00-05:00,279.46,2019-03-22,24.96,0.06838356164383562,215.0,call,64.69,64.98,63.1,1,,0.63869,0.93233,0.0014,0.08073,-0.08933,0.03518,spy_options_2019.parquet,4193929
SPY,2019-02-25,2019-02-25T16:00:00-05:00,279.46,2019-03-22,24.96,0.06838356164383562,215.0,put,0.04,0.06,0.03,30,,0.3922,-0.00575,0.00053,0.01212,-0.00836,-0.00073,spy_options_2019.parquet,4193929
SPY,2019-02-25,2019-02-25T16:00:00-05:00,279.46,2019-03-22,24.96,0.06838356164383562,220.0,call,59.38,60.4,0.0,,,0.59156,0.93226,0.00175,0.08305,-0.08317,0.04053,spy_options_2019.parquet,4193930
SPY,2019-02-25,2019-02-25T16:00:00-05:00,279.46,2019-03-22,24.96,0.06838356164383562,220.0,put,0.07,0.08,0.03,1,,0.36793,-0.00741,0.00067,0.01491,-0.01031,-0.00141,spy_options_2019.parquet,4193930
SPY,2019-02-25,2019-02-25T16:00:00-05:00,279.46,2019-03-22,24.96,0.06838356164383562,225.0,call,54.71,55.03,0.0,,,0.53712,0.934,0.00216,0.08267,-0.07387,0.04377,spy_options_2019.parquet,4193931
SPY,2019-02-25,2019-02-25T16:00:00-05:00,279.46,2019-03-22,24.96,0.06838356164383562,225.0,put,0.08,0.09,0.1,13,,0.34909,-0.00981,0.00102,0.01924,-0.01218,-0.00193,spy_options_2019.parquet,4193931
SPY,2019-02-25,2019-02-25T16:00:00-05:00,279.46,2019-03-22,24.96,0.06838356164383562,230.0,call,49.32,50.27,0.0,,,0.47817,0.9385,0.00252,0.07867,-0.06212,0.044,spy_options_2019.parquet,4193932
SPY,2019-02-25,2019-02-25T16:00:00-05:00,279.46,2019-03-22,24.96,0.06838356164383562,230.0,put,0.09,0.09,0.05,30,,0.32131,-0.01112,0.00118,0.02236,-0.01309,-0.00208,spy_options_2019.parquet,4193932
SPY,2019-02-25,2019-02-25T16:00:00-05:00,279.46,2019-03-22,24.96,0.06838356164383562,232.5,call,46.85,47.74,0.0,,,0.45388,0.93906,0.00278,0.07919,-0.05845,0.04645,spy_options_2019.parquet,4193933
SPY,2019-02-25,2019-02-25T16:00:00-05:00,279.46,2019-03-22,24.96,0.06838356164383562,232.5,put,0.11,0.12,0.1,581,,0.31336,-0.01413,0.00149,0.02556,-0.01587,-0.00306,spy_options_2019.parquet,4193933
SPY,2019-02-25,2019-02-25T16:00:00-05:00,279.46,2019-03-22,24.96,0.06838356164383562,235.0,call,44.86,45.06,46.22,1,,0.4501,0.93075,0.00339,0.08979,-0.06512,0.05823,spy_options_2019.parquet,4193934
SPY,2019-02-25,2019-02-25T16:00:00-05:00,279.46,2019-03-22,24.96,0.06838356164383562,235.0,put,0.12,0.13,0.08,9,,0.30067,-0.01572,0.00175,0.02894,-0.0163,-0.00322,spy_options_2019.parquet,4193934
SPY,2019-02-25,2019-02-25T16:00:00-05:00,279.46,2019-03-22,24.96,0.06838356164383562,237.5,call,42.33,42.56,0.0,,,0.42535,0.9316,0.00386,0.0906,-0.06145,0.06059,spy_options_2019.parquet,4193935
SPY,2019-02-25,2019-02-25T16:00:00-05:00,279.46,2019-03-22,24.96,0.06838356164383562,237.5,put,0.13,0.13,0.11,0,,0.28797,-0.01654,0.00191,0.03161,-0.01688,-0.00333,spy_options_2019.parquet,4193935
SPY,2019-02-25,2019-02-25T16:00:00-05:00,279.46,2019-03-22,24.96,0.06838356164383562,240.0,call,39.94,40.18,38.08,20,,0.41456,0.92395,0.00446,0.09953,-0.06615,0.06789,spy_options_2019.parquet,4193936
SPY,2019-02-25,2019-02-25T16:00:00-05:00,279.46,2019-03-22,24.96,0.06838356164383562,240.0,put,0.15,0.16,0.14,73,,0.27758,-0.02011,0.00229,0.03572,-0.01954,-0.0041,spy_options_2019.parquet,4193936
SPY,2019-02-25,2019-02-25T16:00:00-05:00,279.46,2019-03-22,24.96,0.06838356164383562,242.5,call,37.46,37.62,0.0,,,0.39091,0.92352,0.00504,0.10093,-0.062,0.07092,spy_options_2019.parquet,4193937
SPY,2019-02-25,2019-02-25T16:00:00-05:00,279.46,2019-03-22,24.96,0.06838356164383562,242.5,put,0.18,0.18,0.14,0,,0.26624,-0.02319,0.00271,0.04105,-0.02045,-0.00493,spy_options_2019.parquet,4193937
SPY,2019-02-25,2019-02-25T16:00:00-05:00,279.46,2019-03-22,24.96,0.06838356164383562,245.0,call,34.82,35.04,29.31,0,,0.35597,0.92758,0.00549,0.09641,-0.0527,0.06785,spy_options_2019.parquet,4193938
SPY,2019-02-25,2019-02-25T16:00:00-05:00,279.46,2019-03-22,24.96,0.06838356164383562,245.0,put,0.18,0.19,0.12,1,,0.25401,-0.02632,0.00326,0.04526,-0.02254,-0.00498,spy_options_2019.parquet,4193938
SPY,2019-02-25,2019-02-25T16:00:00-05:00,279.46,2019-03-22,24.96,0.06838356164383562,247.5,call,32.36,32.56,26.44,0,,0.33795,0.92329,0.00625,0.10155,-0.05247,0.0727,spy_options_2019.parquet,4193939
SPY,2019-02-25,2019-02-25T16:00:00-05:00,279.46,2019-03-22,24.96,0.06838356164383562,247.5,put,0.22,0.23,0.15,30,,0.24306,-0.03119,0.00385,0.05266,-0.02438,-0.00635,spy_options_2019.parquet,4193939
SPY,2019-02-25,2019-02-25T16:00:00-05:00,279.46,2019-03-22,24.96,0.06838356164383562,250.0,call,29.83,30.14,27.54,2,,0.31927,0.91776,0.00716,0.10808,-0.05219,0.07732,spy_options_2019.parquet,4193940
SPY,2019-02-25,2019-02-25T16:00:00-05:00,279.46,2019-03-22,24.96,0.06838356164383562,250.0,put,0.25,0.28,0.21,79,,0.23257,-0.03768,0.00469,0.06125,-0.02786,-0.00789,spy_options_2019.parquet,4193940
SPY,2019-02-25,2019-02-25T16:00:00-05:00,279.46,2019-03-22,24.96,0.06838356164383562,251.0,call,28.77,29.45,26.54,3,,0.32134,0.90772,0.00767,0.11908,-0.05819,0.08321,spy_options_2019.parquet,4193941
SPY,2019-02-25,2019-02-25T16:00:00-05:00,279.46,2019-03-22,24.96,0.06838356164383562,251.0,put,0.26,0.28,0.23,40,,0.22744,-0.03909,0.00504,0.06366,-0.02846,-0.00821,spy_options_2019.parquet,4193941
SPY,2019-02-25,2019-02-25T16:00:00-05:00,279.46,2019-03-22,24.96,0.06838356164383562,252.0,call,27.87,28.41,0.0,,,0.31505,0.90412,0.0082,0.12237,-0.05908,0.08597,spy_options_2019.parquet,4193942
SPY,2019-02-25,2019-02-25T16:00:00-05:00,279.46,2019-03-22,24.96,0.06838356164383562,252.0,put,0.29,0.31,0.21,6,,0.22285,-0.04231,0.00542,0.06733,-0.02947,-0.00864,spy_options_2019.parquet,4193942
SPY,2019-02-25,2019-02-25T16:00:00-05:00,279.46,2019-03-22,24.96,0.06838356164383562,252.5,call,26.11,29.38,0.0,,,0.31812,0.89724,0.00843,0.12924,-0.06382,0.08888,spy_options_2019.parquet,4193943
SPY,2019-02-25,2019-02-25T16:00:00-05:00,279.46,2019-03-22,24.96,0.06838356164383562,252.5,put,0.31,0.32,0.41,3,,0.22058,-0.04463,0.00564,0.06938,-0.03035,-0.00906,spy_options_2019.parquet,4193943
SPY,2019-02-25,2019-02-25T16:00:00-05:00,279.46,2019-03-22,24.96,0.06838356164383562,253.0,call,26.52,27.44,24.39,2,,0.2922,0.91378,0.00842,0.11297,-0.04913,0.08076,spy_options_2019.parquet,4193944
SPY,2019-02-25,2019-02-25T16:00:00-05:00,279.46,2019-03-22,24.96,0.06838356164383562,253.0,put,0.32,0.32,0.22,,,0.21861,-0.04571,0.00594,0.07128,-0.03047,-0.00902,spy_options_2019.parquet,4193944
SPY,2019-02-25,2019-02-25T16:00:00-05:00,279.46,2019-03-22,24.96,0.06838356164383562,254.0,call,25.97,26.15,21.44,10,,0.29022,0.9061,0.00901,0.12123,-0.05255,0.08544,spy_options_2019.parquet,4193945
SPY,2019-02-25,2019-02-25T16:00:00-05:00,279.46,2019-03-22,24.96,0.06838356164383562,254.0,put,0.33,0.34,0.24,3,,0.21443,-0.04944,0.00639,0.07601,-0.03201,-0.01042,spy_options_2019.parquet,4193945
SPY,2019-02-25,2019-02-25T16:00:00-05:00,279.46,2019-03-22,24.96,0.06838356164383562,255.0,call,24.59,25.49,23.82,5,,0.28,0.90476,0.00956,0.12158,-0.0509,0.08522,spy_options_2019.parquet,4193946
SPY,2019-02-25,2019-02-25T16:00:00-05:00,279.46,2019-03-22,24.96,0.06838356164383562,255.0,put,0.34,0.35,0.32,33,,0.20947,-0.05257,0.00693,0.08072,-0.03302,-0.01059,spy_options_2019.parquet,4193946
SPY,2019-02-25,2019-02-25T16:00:00-05:00,279.46,2019-03-22,24.96,0.06838356164383562,256.0,call,23.59,24.5,22.87,11,,0.27143,0.90237,0.01018,0.12489,-0.05023,0.08721,spy_options_2019.parquet,4193947
SPY,2019-02-25,2019-02-25T16:00:00-05:00,279.46,2019-03-22,24.96,0.06838356164383562,256.0,put,0.39,0.41,0.36,5,,0.20633,-0.05891,0.0076,0.08721,-0.03621,-0.01167,spy_options_2019.parquet,4193947
SPY,2019-02-25,2019-02-25T16:00:00-05:00,279.46,2019-03-22,24.96,0.06838356164383562,257.0,call,22.97,23.17,21.81,15,,0.26457,0.89732,0.01079,0.1297,-0.05099,0.08909,spy_options_2019.parquet,4193948
SPY,2019-02-25,2019-02-25T16:00:00-05:00,279.46,2019-03-22,24.96,0.06838356164383562,257.0,put,0.43,0.43,0.36,16,,0.2027,-0.06333,0.00825,0.09268,-0.03723,-0.01248,spy_options_2019.parquet,4193948
SPY,2019-02-25,2019-02-25T16:00:00-05:00,279.46,2019-03-22,24.96,0.06838356164383562,257.5,call,22.62,22.84,21.38,5,,0.27205,0.88434,0.01112,0.14192,-0.05854,0.09435,spy_options_2019.parquet,4193949
SPY,2019-02-25,2019-02-25T16:00:00-05:00,279.46,2019-03-22,24.96,0.06838356164383562,257.5,put,0.42,0.44,0.38,2,,0.19879,-0.06456,0.00855,0.09403,-0.03749,-0.01279,spy_options_2019.parquet,4193949
SPY,2019-02-25,2019-02-25T16:00:00-05:00,279.46,2019-03-22,24.96,0.06838356164383562,258.0,call,22.14,22.34,20.95,0,,0.26777,0.88121,0.0115,0.1449,-0.05816,0.0948,spy_options_2019.parquet,4193950
SPY,2019-02-25,2019-02-25T16:00:00-05:00,279.46,2019-03-22,24.96,0.06838356164383562,258.0,put,0.45,0.45,0.41,3,,0.19759,-0.06878,0.00898,0.09843,-0.03898,-0.01378,spy_options_2019.parquet,4193950
SPY,2019-02-25,2019-02-25T16:00:00-05:00,279.46,2019-03-22,24.96,0.06838356164383562,259.0,call,20.84,21.38,18.84,1,,0.2498,0.88799,0.01227,0.13806,-0.05065,0.09187,spy_options_2019.parquet,4193951
SPY,2019-02-25,2019-02-25T16:00:00-05:00,279.46,2019-03-22,24.96,0.06838356164383562,259.0,put,0.47,0.48,0.46,128,,0.19235,-0.07361,0.00964,0.10325,-0.04061,-0.01517,spy_options_2019.parquet,4193951
SPY,2019-02-25,2019-02-25T16:00:00-05:00,279.46,2019-03-22,24.96,0.06838356164383562,260.0,call,20.07,20.29,19.24,0,,0.24587,0.87806,0.01306,0.14746,-0.05347,0.09587,spy_options_2019.parquet,4193952
SPY,2019-02-25,2019-02-25T16:00:00-05:00,279.46,2019-03-22,24.96,0.06838356164383562,260.0,put,0.52,0.53,0.47,288,,0.18919,-0.08089,0.01063,0.11154,-0.04263,-0.01588,spy_options_2019.parquet,4193952
SPY,2019-02-25,2019-02-25T16:00:00-05:00,279.46,2019-03-22,24.96,0.06838356164383562,261.0,call,18.9,19.44,17.4,2,,0.23598,0.87538,0.0139,0.15002,-0.05204,0.0963,spy_options_2019.parquet,4193953
SPY,2019-02-25,2019-02-25T16:00:00-05:00,279.46,2019-03-22,24.96,0.06838356164383562,261.0,put,0.56,0.58,0.56,156,,0.18484,-0.08821,0.01155,0.11942,-0.04488,-0.01825,spy_options_2019.parquet,4193953
SPY,2019-02-25,2019-02-25T16:00:00-05:00,279.46,2019-03-22,24.96,0.06838356164383562,262.0,call,18.17,18.37,9.72,6,,0.23259,0.86375,0.01488,0.15972,-0.05518,0.09935,spy_options_2019.parquet,4193954
SPY,2019-02-25,2019-02-25T16:00:00-05:00,279.46,2019-03-22,24.96,0.06838356164383562,262.0,put,0.6,0.61,0.57,186,,0.17994,-0.09479,0.01254,0.12527,-0.04633,-0.01917,spy_options_2019.parquet,4193954
SPY,2019-02-25,2019-02-25T16:00:00-05:00,279.46,2019-03-22,24.96,0.06838356164383562,262.5,call,17.3,18.17,16.66,1,,0.22595,0.8636,0.01542,0.15911,-0.05354,0.09917,spy_options_2019.parquet,4193955
SPY,2019-02-25,2019-02-25T16:00:00-05:00,279.46,2019-03-22,24.96,0.06838356164383562,262.5,put,0.63,0.65,0.54,72,,0.17827,-0.09991,0.01318,0.13079,-0.04772,-0.02008,spy_options_2019.parquet,4193955
SPY,2019-02-25,2019-02-25T16:00:00-05:00,279.46,2019-03-22,24.96,0.06838356164383562,263.0,call,17.29,17.49,17.99,5,,0.23,0.85003,0.01578,0.17078,-0.05848,0.10246,spy_options_2019.parquet,4193956
SPY,2019-02-25,2019-02-25T16:00:00-05:00,279.46,2019-03-22,24.96,0.06838356164383562,263.0,put,0.67,0.67,0.62,341,,0.17681,-0.10464,0.01378,0.13553,-0.04908,-0.02133,spy_options_2019.parquet,4193956
SPY,2019-02-25,2019-02-25T16:00:00-05:00,279.46,2019-03-22,24.96,0.06838356164383562,264.0,call,16.17,16.47,14.66,9,,0.21648,0.84974,0.01705,0.17136,-0.05483,0.10095,spy_options_2019.parquet,4193957
SPY,2019-02-25,2019-02-25T16:00:00-05:00,279.46,2019-03-22,24.96,0.06838356164383562,264.0,put,0.73,0.74,0.69,344,,0.17236,-0.11546,0.01513,0.14502,-0.051,-0.02329,spy_options_2019.parquet,4193957
SPY,2019-02-25,2019-02-25T16:00:00-05:00,279.46,2019-03-22,24.96,0.06838356164383562,265.0,call,15.23,15.42,14.82,0,,0.20776,0.84259,0.01833,0.17581,-0.0538,0.1021,spy_options_2019.parquet,4193958
SPY,2019-02-25,2019-02-25T16:00:00-05:00,279.46,2019-03-22,24.96,0.06838356164383562,265.0,put,0.8,0.81,0.74,236,,0.16822,-0.12553,0.01652,0.15383,-0.05306,-0.02609,spy_options_2019.parquet,4193958
SPY,2019-02-25,2019-02-25T16:00:00-05:00,279.46,2019-03-22,24.96,0.06838356164383562,266.0,call,14.29,14.38,15.79,1,,0.19884,0.83438,0.01974,0.18134,-0.05258,0.10248,spy_options_2019.parquet,4193959
SPY,2019-02-25,2019-02-25T16:00:00-05:00,279.46,2019-03-22,24.96,0.06838356164383562,266.0,put,0.87,0.89,0.84,107,,0.16377,-0.13859,0.0181,0.1643,-0.05614,-0.02802,spy_options_2019.parquet,4193959
SPY,2019-02-25,2019-02-25T16:00:00-05:00,279.46,2019-03-22,24.96,0.06838356164383562,267.0,call,13.42,13.58,13.01,0,,0.1975,0.8156,0.02089,0.19569,-0.05691,0.10572,spy_options_2019.parquet,4193960
SPY,2019-02-25,2019-02-25T16:00:00-05:00,279.46,2019-03-22,24.96,0.06838356164383562,267.0,put,0.95,0.97,0.96,16,,0.15961,-0.15213,0.01979,0.17487,-0.05824,-0.03071,spy_options_2019.parquet,4193960
SPY,2019-02-25,2019-02-25T16:00:00-05:00,279.46,2019-03-22,24.96,0.06838356164383562,267.5,call,13.05,13.19,13.62,6,,0.19824,0.80265,0.02134,0.20376,-0.06109,0.10695,spy_options_2019.parquet,4193961
SPY,2019-02-25,2019-02-25T16:00:00-05:00,279.46,2019-03-22,24.96,0.06838356164383562,267.5,put,1.01,1.02,0.77,10,,0.1587,-0.16122,0.02064,0.18234,-0.06008,-0.0332,spy_options_2019.parquet,4193961
SPY,2019-02-25,2019-02-25T16:00:00-05:00,279.46,2019-03-22,24.96,0.06838356164383562,268.0,call,12.43,12.51,13.6,36,,0.18628,0.80944,0.0228,0.19947,-0.05471,0.10531,spy_options_2019.parquet,4193962
SPY,2019-02-25,2019-02-25T16:00:00-05:00,279.46,2019-03-22,24.96,0.06838356164383562,268.0,put,1.06,1.07,0.98,269,,0.15635,-0.16866,0.02157,0.18761,-0.06131,-0.03435,spy_options_2019.parquet,4193962
SPY,2019-02-25,2019-02-25T16:00:00-05:00,279.46,2019-03-22,24.96,0.06838356164383562,269.0,call,11.53,11.66,11.63,40,,0.18222,0.79074,0.02425,0.21105,-0.05665,0.10582,spy_options_2019.parquet,4193963
SPY,2019-02-25,2019-02-25T16:00:00-05:00,279.46,2019-03-22,24.96,0.06838356164383562,269.0,put,1.15,1.17,1.1,335,,0.15137,-0.18541,0.02367,0.19884,-0.06395,-0.03733,spy_options_2019.parquet,4193963
SPY,2019-02-25,2019-02-25T16:00:00-05:00,279.46,2019-03-22,24.96,0.06838356164383562,270.0,call,10.59,10.69,10.9,39,,0.17312,0.77697,0.02632,0.21949,-0.05582,0.10589,spy_options_2019.parquet,4193964
SPY,2019-02-25,2019-02-25T16:00:00-05:00,279.46,2019-03-22,24.96,0.06838356164383562,270.0,put,1.29,1.31,1.19,970,,0.14772,-0.20573,0.02577,0.21197,-0.06706,-0.04133,spy_options_2019.parquet,4193964
SPY,2019-02-25,2019-02-25T16:00:00-05:00,279.46,2019-03-22,24.96,0.06838356164383562,271.0,call,9.86,9.97,9.41,0,,0.17372,0.74779,0.02738,0.23531,-0.06196,0.10711,spy_options_2019.parquet,4193965
SPY,2019-02-25,2019-02-25T16:00:00-05:00,279.46,2019-03-22,24.96,0.06838356164383562,271.0,put,1.42,1.43,1.27,264,,0.14297,-0.22706,0.02815,0.22427,-0.06932,-0.04605,spy_options_2019.parquet,4193965
SPY,2019-02-25,2019-02-25T16:00:00-05:00,279.46,2019-03-22,24.96,0.06838356164383562,272.0,call,8.88,8.93,9.47,10,,0.16248,0.73459,0.03013,0.24161,-0.05904,0.10654,spy_options_2019.parquet,4193966
SPY,2019-02-25,2019-02-25T16:00:00-05:00,279.46,2019-03-22,24.96,0.06838356164383562,272.0,put,1.56,1.58,1.57,742,,0.13844,-0.2502,0.03074,0.23673,-0.07139,-0.05068,spy_options_2019.parquet,4193966
SPY,2019-02-25,2019-02-25T16:00:00-05:00,279.46,2019-03-22,24.96,0.06838356164383562,272.5,call,8.56,8.66,9.71,5,,0.16438,0.71563,0.0303,0.25011,-0.06321,0.10685,spy_options_2019.parquet,4193967
SPY,2019-02-25,2019-02-25T16:00:00-05:00,279.46,2019-03-22,24.96,0.06838356164383562,272.5,put,1.68,1.71,1.47,169,,0.13785,-0.26534,0.03176,0.24443,-0.07369,-0.05426,spy_options_2019.parquet,4193967
SPY,2019-02-25,2019-02-25T16:00:00-05:00,279.46,2019-03-22,24.96,0.06838356164383562,273.0,call,8.02,8.08,8.6,,,0.15605,0.70982,0.03231,0.25241,-0.05957,0.10564,spy_options_2019.parquet,4193968
SPY,2019-02-25,2019-02-25T16:00:00-05:00,279.46,2019-03-22,24.96,0.06838356164383562,273.0,put,1.78,1.82,1.7,,,0.13681,-0.27963,0.03306,0.2501,-0.07433,-0.05726,spy_options_2019.parquet,4193968
SPY,2019-02-25,2019-02-25T16:00:00-05:00,279.46,2019-03-22,24.96,0.06838356164383562,274.0,call,7.24,7.31,8.21,34,,0.15326,0.67996,0.0341,0.26334,-0.06138,0.10422,spy_options_2019.parquet,4193969
SPY,2019-02-25,2019-02-25T16:00:00-05:00,279.46,2019-03-22,24.96,0.06838356164383562,274.0,put,2.01,2.03,1.9,,,0.13355,-0.31057,0.0355,0.26245,-0.07683,-0.06347,spy_options_2019.parquet,4193969
SPY,2019-02-25,2019-02-25T16:00:00-05:00,279.46,2019-03-22,24.96,0.06838356164383562,275.0,call,6.4,6.45,6.99,9,,0.14551,0.65189,0.03672,0.27212,-0.06054,0.10212,spy_options_2019.parquet,4193970
SPY,2019-02-25,2019-02-25T16:00:00-05:00,279.46,2019-03-22,24.96,0.06838356164383562,275.0,put,2.23,2.26,2.2,134,,0.1291,-0.34345,0.03813,0.27394,-0.079,-0.06991,spy_options_2019.parquet,4193970
SPY,2019-02-25,2019-02-25T16:00:00-05:00,279.46,2019-03-22,24.96,0.06838356164383562,276.0,call,5.75,5.8,6.05,56,,0.14485,0.61495,0.03767,0.28181,-0.063,0.09961,spy_options_2019.parquet,4193971
SPY,2019-02-25,2019-02-25T16:00:00-05:00,279.46,2019-03-22,24.96,0.06838356164383562,276.0,put,2.49,2.5,2.48,861,,0.12441,-0.37917,0.04095,0.28281,-0.07972,-0.0773,spy_options_2019.parquet,4193971
SPY,2019-02-25,2019-02-25T16:00:00-05:00,279.46,2019-03-22,24.96,0.06838356164383562,277.0,call,4.9,4.98,5.31,54,,0.13599,0.58106,0.04078,0.28887,-0.06064,0.09531,spy_options_2019.parquet,4193972
SPY,2019-02-25,2019-02-25T16:00:00-05:00,279.46,2019-03-22,24.96,0.06838356164383562,277.0,put,2.77,2.82,2.75,686,,0.12076,-0.41854,0.04334,0.29034,-0.08142,-0.08512,spy_options_2019.parquet,4193972
SPY,2019-02-25,2019-02-25T16:00:00-05:00,279.46,2019-03-22,24.96,0.06838356164383562,277.5,call,4.52,4.6,5.13,32,,0.13272,0.56231,0.04194,0.29147,-0.06062,0.09338,spy_options_2019.parquet,4193973
SPY,2019-02-25,2019-02-25T16:00:00-05:00,279.46,2019-03-22,24.96,0.06838356164383562,277.5,put,2.98,3.03,2.57,13,,0.11978,-0.44014,0.04399,0.29304,-0.08188,-0.08968,spy_options_2019.parquet,4193973
SPY,2019-02-25,2019-02-25T16:00:00-05:00,279.46,2019-03-22,24.96,0.06838356164383562,278.0,call,4.25,4.34,4.54,439,,0.1328,0.54106,0.04202,0.2934,-0.06154,0.09098,spy_options_2019.parquet,4193974
SPY,2019-02-25,2019-02-25T16:00:00-05:00,279.46,2019-03-22,24.96,0.06838356164383562,278.0,put,3.17,3.21,3.07,80,,0.11863,-0.46256,0.04486,0.29577,-0.08233,-0.09463,spy_options_2019.parquet,4193974
SPY,2019-02-25,2019-02-25T16:00:00-05:00,279.46,2019-03-22,24.96,0.06838356164383562,279.0,call,3.57,3.62,3.72,137,,0.1256,0.49885,0.04406,0.295,-0.05876,0.08586,spy_options_2019.parquet,4193975
SPY,2019-02-25,2019-02-25T16:00:00-05:00,279.46,2019-03-22,24.96,0.06838356164383562,279.0,put,3.57,3.6,3.51,174,,0.11469,-0.50797,0.0464,0.29684,-0.08198,-0.10337,spy_options_2019.parquet,4193975
SPY,2019-02-25,2019-02-25T16:00:00-05:00,279.46,2019-03-22,24.96,0.06838356164383562,280.0,call,3.02,3.06,3.16,309,,0.12264,0.45355,0.04463,0.2932,-0.05769,0.07938,spy_options_2019.parquet,4193976
SPY,2019-02-25,2019-02-25T16:00:00-05:00,279.46,2019-03-22,24.96,0.06838356164383562,280.0,put,4.02,4.08,4.0,,,0.11242,-0.55658,0.04705,0.29352,-0.0811,-0.11374,spy_options_2019.parquet,4193976
SPY,2019-02-25,2019-02-25T16:00:00-05:00,279.46,2019-03-22,24.96,0.06838356164383562,281.0,call,2.54,2.57,2.62,,,0.12061,0.40725,0.04421,0.28768,-0.05585,0.07237,spy_options_2019.parquet,4193977
SPY,2019-02-25,2019-02-25T16:00:00-05:00,279.46,2019-03-22,24.96,0.06838356164383562,281.0,put,4.56,4.63,4.48,179,,0.11047,-0.60398,0.04658,0.28563,-0.07995,-0.12334,spy_options_2019.parquet,4193977
SPY,2019-02-25,2019-02-25T16:00:00-05:00,279.46,2019-03-22,24.96,0.06838356164383562,282.0,call,1.99,2.02,2.06,484,,0.1147,0.35624,0.04468,0.27651,-0.05103,0.06412,spy_options_2019.parquet,4193978
SPY,2019-02-25,2019-02-25T16:00:00-05:00,279.46,2019-03-22,24.96,0.06838356164383562,282.0,put,5.05,5.1,4.71,201,,0.10433,-0.65748,0.04674,0.27271,-0.07575,-0.13445,spy_options_2019.parquet,4193978
SPY,2019-02-25,2019-02-25T16:00:00-05:00,279.46,2019-03-22,24.96,0.06838356164383562,282.5,call,1.77,1.81,2.11,131,,0.11218,0.33112,0.04412,0.26945,-0.04884,0.0604,spy_options_2019.parquet,4193979
SPY,2019-02-25,2019-02-25T16:00:00-05:00,279.46,2019-03-22,24.96,0.06838356164383562,282.5,put,5.41,5.46,4.81,1,,0.10583,-0.67946,0.04524,0.26504,-0.07539,-0.13873,spy_options_2019.parquet,4193979
SPY,2019-02-25,2019-02-25T16:00:00-05:00,279.46,2019-03-22,24.96,0.06838356164383562,283.0,call,1.6,1.63,1.7,418,,0.11172,0.30913,0.04301,0.26235,-0.0474,0.05645,spy_options_2019.parquet,4193980
SPY,2019-02-25,2019-02-25T16:00:00-05:00,279.46,2019-03-22,24.96,0.06838356164383562,283.0,put,5.7,5.78,6.65,0,,0.1032,-0.70486,0.04434,0.25624,-0.07353,-0.14471,spy_options_2019.parquet,4193980
SPY,2019-02-25,2019-02-25T16:00:00-05:00,279.46,2019-03-22,24.96,0.06838356164383562,284.0,call,1.24,1.27,1.29,641,,0.10828,0.2616,0.0408,0.24207,-0.0428,0.04878,spy_options_2019.parquet,4193981
SPY,2019-02-25,2019-02-25T16:00:00-05:00,279.46,2019-03-22,24.96,0.06838356164383562,284.0,put,6.4,6.45,5.35,50,,0.10136,-0.75177,0.04155,0.23405,-0.06889,-0.15421,spy_options_2019.parquet,4193981
SPY,2019-02-25,2019-02-25T16:00:00-05:00,279.46,2019-03-22,24.96,0.06838356164383562,285.0,call,0.98,0.99,0.99,477,,0.10672,0.21966,0.03757,0.22011,-0.03839,0.0416,spy_options_2019.parquet,4193982
SPY,2019-02-25,2019-02-25T16:00:00-05:00,279.46,2019-03-22,24.96,0.06838356164383562,285.0,put,7.15,7.23,6.68,61,,0.10052,-0.79301,0.03775,0.21149,-0.0655,-0.16277,spy_options_2019.parquet,4193982
SPY,2019-02-25,2019-02-25T16:00:00-05:00,279.46,2019-03-22,24.96,0.06838356164383562,286.0,call,0.73,0.75,0.76,64,,0.10466,0.17918,0.03393,0.1955,-0.03402,0.03391,spy_options_2019.parquet,4193983
SPY,2019-02-25,2019-02-25T16:00:00-05:00,279.46,2019-03-22,24.96,0.06838356164383562,286.0,put,7.85,7.96,10.48,2,,0.09484,-0.84335,0.03358,0.1773,-0.05799,-0.17283,spy_options_2019.parquet,4193983
SPY,2019-02-25,2019-02-25T16:00:00-05:00,279.46,2019-03-22,24.96,0.06838356164383562,287.0,call,0.54,0.56,0.62,212,,0.10174,0.14266,0.02974,0.16932,-0.02869,0.02767,spy_options_2019.parquet,4193984
SPY,2019-02-25,2019-02-25T16:00:00-05:00,279.46,2019-03-22,24.96,0.06838356164383562,287.0,put,8.66,8.83,7.6,2,,0.09266,-0.87815,0.02873,0.14785,-0.0532,-0.1806,spy_options_2019.parquet,4193984
SPY,2019-02-25,2019-02-25T16:00:00-05:00,279.46,2019-03-22,24.96,0.06838356164383562,287.5,call,0.44,0.46,0.56,89,,0.10044,0.1241,0.02752,0.15391,-0.02555,0.02382,spy_options_2019.parquet,4193985
SPY,2019-02-25,2019-02-25T16:00:00-05:00,279.46,2019-03-22,24.96,0.06838356164383562,287.5,put,9.1,9.2,10.7,14,,0.09061,-0.89789,0.02587,0.12943,-0.05057,-0.18535,spy_options_2019.parquet,4193985
SPY,2019-02-25,2019-02-25T16:00:00-05:00,279.46,2019-03-22,24.96,0.06838356164383562,288.0,call,0.39,0.41,0.41,308,,0.10082,0.11189,0.02552,0.1424,-0.02415,0.02165,spy_options_2019.parquet,4193986
SPY,2019-02-25,2019-02-25T16:00:00-05:00,279.46,2019-03-22,24.96,0.06838356164383562,288.0,put,9.56,9.69,10.94,1,,0.09145,-0.90645,0.02389,0.12183,-0.04967,-0.18743,spy_options_2019.parquet,4193986
SPY,2019-02-25,2019-02-25T16:00:00-05:00,279.46,2019-03-22,24.96,0.06838356164383562,289.0,call,0.28,0.3,0.28,,,0.09916,0.08581,0.02131,0.11722,-0.01907,0.01648,spy_options_2019.parquet,4193987
SPY,2019-02-25,2019-02-25T16:00:00-05:00,279.46,2019-03-22,24.96,0.06838356164383562,289.0,put,9.97,10.93,0.0,,,0.08062,-0.95198,0.01594,0.07157,-0.04015,-0.19638,spy_options_2019.parquet,4193987
SPY,2019-02-25,2019-02-25T16:00:00-05:00,279.46,2019-03-22,24.96,0.06838356164383562,290.0,call,0.2,0.22,0.23,20,,0.09831,0.06622,0.01755,0.09672,-0.01577,0.0128,spy_options_2019.parquet,4193988
SPY,2019-02-25,2019-02-25T16:00:00-05:00,279.46,2019-03-22,24.96,0.06838356164383562,290.0,put,11.39,11.65,11.0,2,,0.09532,-0.93727,0.01667,0.08859,-0.04455,-0.19482,spy_options_2019.parquet,4193988
SPY,2019-02-25,2019-02-25T16:00:00-05:00,279.46,2019-03-22,24.96,0.06838356164383562,291.0,call,0.14,0.16,0.15,189,,0.09774,0.05023,0.01406,0.07803,-0.01298,0.00953,spy_options_2019.parquet,4193989
SPY,2019-02-25,2019-02-25T16:00:00-05:00,279.46,2019-03-22,24.96,0.06838356164383562,291.0,put,12.27,12.47,10.96,40,,0.07666,-0.97894,0.00769,0.03255,-0.03465,-0.20335,spy_options_2019.parquet,4193989
SPY,2019-02-25,2019-02-25T16:00:00-05:00,279.46,2019-03-22,24.96,0.06838356164383562,292.0,call,0.11,0.12,0.13,37,,0.09924,0.03906,0.01155,0.0637,-0.01074,0.00746,spy_options_2019.parquet,4193990
SPY,2019-02-25,2019-02-25T16:00:00-05:00,279.46,2019-03-22,24.96,0.06838356164383562,292.0,put,13.25,13.46,0.0,,,0.0711,-0.99031,0.00364,0.0146,-0.03199,-0.20683,spy_options_2019.parquet,4193990
SPY,2019-02-25,2019-02-25T16:00:00-05:00,279.46,2019-03-22,24.96,0.06838356164383562,292.5,call,0.09,0.11,0.15,6,,0.09795,0.03341,0.01012,0.05638,-0.00907,0.00617,spy_options_2019.parquet,4193991
SPY,2019-02-25,2019-02-25T16:00:00-05:00,279.46,2019-03-22,24.96,0.06838356164383562,292.5,put,13.62,13.94,16.64,1,,0.00028,-1.0,0.0,-140.39984,0.0,0.0,spy_options_2019.parquet,4193991
SPY,2019-02-25,2019-02-25T16:00:00-05:00,279.46,2019-03-22,24.96,0.06838356164383562,293.0,call,0.08,0.09,0.1,100,,0.09958,0.03022,0.00917,0.05187,-0.00869,0.00629,spy_options_2019.parquet,4193992
SPY,2019-02-25,2019-02-25T16:00:00-05:00,279.46,2019-03-22,24.96,0.06838356164383562,293.0,put,14.36,14.54,0.0,,,0.10434,-0.96039,0.01029,0.05977,-0.04142,-0.20106,spy_options_2019.parquet,4193992
SPY,2019-02-25,2019-02-25T16:00:00-05:00,279.46,2019-03-22,24.96,0.06838356164383562,294.0,call,0.06,0.06,0.08,0,,0.10077,0.02361,0.00745,0.04213,-0.00691,0.00508,spy_options_2019.parquet,4193993
SPY,2019-02-25,2019-02-25T16:00:00-05:00,279.46,2019-03-22,24.96,0.06838356164383562,294.0,put,15.3,15.49,0.0,,,0.09816,-0.97641,0.00697,0.03813,-0.03665,-0.20536,spy_options_2019.parquet,4193993
SPY,2019-02-25,2019-02-25T16:00:00-05:00,279.46,2019-03-22,24.96,0.06838356164383562,295.0,call,0.04,0.06,0.06,0,,0.10342,0.02005,0.00625,0.03648,-0.00677,0.00349,spy_options_2019.parquet,4193994
SPY,2019-02-25,2019-02-25T16:00:00-05:00,279.46,2019-03-22,24.96,0.06838356164383562,295.0,put,16.18,16.4,0.0,,,0.00027,-1.0,0.0,-165.4002,0.0,0.0,spy_options_2019.parquet,4193994
SPY,2019-02-25,2019-02-25T16:00:00-05:00,279.46,2019-03-22,24.96,0.06838356164383562,296.0,call,0.02,0.05,0.0,,,0.10124,0.01353,0.00451,0.0264,-0.0044,0.00278,spy_options_2019.parquet,4193995
SPY,2019-02-25,2019-02-25T16:00:00-05:00,279.46,2019-03-22,24.96,0.06838356164383562,296.0,put,17.31,17.5,0.0,,,0.1113,-0.97566,0.00633,0.03911,-0.03766,-0.20649,spy_options_2019.parquet,4193995
SPY,2019-02-25,2019-02-25T16:00:00-05:00,279.46,2019-03-22,24.96,0.06838356164383562,297.0,call,0.02,0.04,0.05,44,,0.10592,0.01284,0.00414,0.02449,-0.00474,0.00267,spy_options_2019.parquet,4193996
SPY,2019-02-25,2019-02-25T16:00:00-05:00,279.46,2019-03-22,24.96,0.06838356164383562,297.0,put,18.2,18.38,0.0,,,0.00063,-1.0,0.0,-185.39956,0.0,0.0,spy_options_2019.parquet,4193996
SPY,2019-02-25,2019-02-25T16:00:00-05:00,279.46,2019-03-22,24.96,0.06838356164383562,297.5,call,0.02,0.03,0.03,0,,0.10443,0.00948,0.00335,0.01961,-0.0031,0.00155,spy_options_2019.parquet,4193997
SPY,2019-02-25,2019-02-25T16:00:00-05:00,279.46,2019-03-22,24.96,0.06838356164383562,297.5,put,18.21,19.22,0.0,,,0.00049,-1.0,0.0,-190.39973,0.0,0.0,spy_options_2019.parquet,4193997
SPY,2019-02-25,2019-02-25T16:00:00-05:00,279.46,2019-03-22,24.96,0.06838356164383562,298.0,call,0.02,0.03,0.0,,,0.10637,0.00917,0.00316,0.01954,-0.00372,0.00168,spy_options_2019.parquet,4193998
SPY,2019-02-25,2019-02-25T16:00:00-05:00,279.46,2019-03-22,24.96,0.06838356164383562,298.0,put,19.26,19.5,0.0,,,0.11208,-0.98437,0.00397,0.02447,-0.03533,-0.20954,spy_options_2019.parquet,4193998
SPY,2019-02-25,2019-02-25T16:00:00-05:00,279.46,2019-03-22,24.96,0.06838356164383562,299.0,call,0.02,0.03,0.0,,,0.11104,0.00873,0.00291,0.01857,-0.00339,0.00148,spy_options_2019.parquet,4193999
SPY,2019-02-25,2019-02-25T16:00:00-05:00,279.46,2019-03-22,24.96,0.06838356164383562,299.0,put,20.14,20.38,0.0,,,0.00069,-1.0,0.0,-205.3996,0.0,0.0,spy_options_2019.parquet,4193999
SPY,2019-02-25,2019-02-25T16:00:00-05:00,279.46,2019-03-22,24.96,0.06838356164383562,300.0,call,0.02,0.03,0.03,13,,0.11547,0.00852,0.00276,0.01834,-0.00333,0.00182,spy_options_2019.parquet,4194000
SPY,2019-02-25,2019-02-25T16:00:00-05:00,279.46,2019-03-22,24.96,0.06838356164383562,300.0,put,21.24,21.48,23.66,1,,0.11681,-0.98831,0.00286,0.01854,-0.03401,-0.21151,spy_options_2019.parquet,4194000
SPY,2019-02-25,2019-02-25T16:00:00-05:00,279.46,2019-03-22,24.96,0.06838356164383562,302.5,call,0.01,0.02,0.02,0,,0.1196,0.00536,0.00172,0.01157,-0.00283,0.00122,spy_options_2019.parquet,4194001
SPY,2019-02-25,2019-02-25T16:00:00-05:00,279.46,2019-03-22,24.96,0.06838356164383562,302.5,put,23.67,23.84,0.0,,,0.0005,-1.0,0.0,-240.39956,0.0,0.0,spy_options_2019.parquet,4194001
SPY,2019-02-25,2019-02-25T16:00:00-05:00,279.46,2019-03-22,24.96,0.06838356164383562,305.0,call,0.01,0.02,0.0,,,0.12991,0.00432,0.00144,0.01118,-0.00196,0.00121,spy_options_2019.parquet,4194002
SPY,2019-02-25,2019-02-25T16:00:00-05:00,279.46,2019-03-22,24.96,0.06838356164383562,305.0,put,26.24,26.45,0.0,,,0.12756,-0.99338,0.00122,0.00909,-0.03233,-0.21647,spy_options_2019.parquet,4194002
SPY,2019-02-25,2019-02-25T16:00:00-05:00,279.46,2019-03-22,24.96,0.06838356164383562,307.5,call,0.0,0.01,0.02,1,,0.12658,0.00144,0.00061,0.0041,-0.00083,0.00041,spy_options_2019.parquet,4194003
SPY,2019-02-25,2019-02-25T16:00:00-05:00,279.46,2019-03-22,24.96,0.06838356164383562,307.5,put,28.6,28.91,0.0,,,0.00076,-1.0,0.0,-290.40014,0.0,0.0,spy_options_2019.parquet,4194003
SPY,2019-02-25,2019-02-25T16:00:00-05:00,279.46,2019-03-22,24.96,0.06838356164383562,310.0,call,0.0,0.0,0.02,0,,0.13612,0.00193,0.00053,0.00437,-0.00111,0.00047,spy_options_2019.parquet,4194004
SPY,2019-02-25,2019-02-25T16:00:00-05:00,279.46,2019-03-22,24.96,0.06838356164383562,310.0,put,31.08,31.4,0.0,,,0.00065,-1.0,0.0,-315.39993,0.0,0.0,spy_options_2019.parquet,4194004
SPY,2019-02-25,2019-02-25T16:00:00-05:00,279.46,2019-03-22,24.96,0.06838356164383562,312.5,call,0.0,0.01,0.0,,,0.14462,0.00198,0.00044,0.00388,-0.00069,6e-05,spy_options_2019.parquet,4194005
SPY,2019-02-25,2019-02-25T16:00:00-05:00,279.46,2019-03-22,24.96,0.06838356164383562,312.5,put,33.59,33.9,0.0,,,0.0006,-1.0,0.0,-340.40036,0.0,0.0,spy_options_2019.parquet,4194005
SPY,2019-02-25,2019-02-25T16:00:00-05:00,279.46,2019-03-25,27.96,0.0766027397260274,245.0,call,33.38,36.75,0.0,,,0.3526,0.91881,0.00578,0.11205,-0.05478,0.0824,spy_options_2019.parquet,4194006
SPY,2019-02-25,2019-02-25T16:00:00-05:00,279.46,2019-03-25,27.96,0.0766027397260274,245.0,put,0.21,0.21,0.18,10,,0.24431,-0.02825,0.00341,0.05145,-0.02149,-0.00651,spy_options_2019.parquet,4194006
SPY,2019-02-25,2019-02-25T16:00:00-05:00,279.46,2019-03-25,27.96,0.0766027397260274,250.0,call,28.42,31.79,0.0,,,0.31381,0.9097,0.00749,0.12362,-0.05276,0.09122,spy_options_2019.parquet,4194007
SPY,2019-02-25,2019-02-25T16:00:00-05:00,279.46,2019-03-25,27.96,0.0766027397260274,250.0,put,0.27,0.28,0.27,501,,0.22235,-0.03863,0.00485,0.06626,-0.02582,-0.00922,spy_options_2019.parquet,4194007
SPY,2019-02-25,2019-02-25T16:00:00-05:00,279.46,2019-03-25,27.96,0.0766027397260274,255.0,call,23.5,26.86,26.47,1,,0.27733,0.89364,0.00983,0.14027,-0.05235,0.09974,spy_options_2019.parquet,4194008
SPY,2019-02-25,2019-02-25T16:00:00-05:00,279.46,2019-03-25,27.96,0.0766027397260274,255.0,put,0.39,0.39,0.29,6,,0.20148,-0.05612,0.00711,0.08887,-0.03263,-0.01243,spy_options_2019.parquet,4194008
SPY,2019-02-25,2019-02-25T16:00:00-05:00,279.46,2019-03-25,27.96,0.0766027397260274,259.0,call,20.95,21.6,0.0,,,0.24959,0.87502,0.01239,0.15898,-0.05226,0.10706,spy_options_2019.parquet,4194009
SPY,2019-02-25,2019-02-25T16:00:00-05:00,279.46,2019-03-25,27.96,0.0766027397260274,259.0,put,0.52,0.54,0.0,,,0.18637,-0.07819,0.00994,0.11497,-0.03911,-0.01816,spy_options_2019.parquet,4194009
SPY,2019-02-25,2019-02-25T16:00:00-05:00,279.46,2019-03-25,27.96,0.0766027397260274,260.0,call,19.99,20.3,0.0,,,0.23278,0.8801,0.01324,0.15402,-0.04628,0.10451,spy_options_2019.parquet,4194010
SPY,2019-02-25,2019-02-25T16:00:00-05:00,279.46,2019-03-25,27.96,0.0766027397260274,260.0,put,0.55,0.56,0.61,0,,0.18125,-0.08395,0.01078,0.12167,-0.04012,-0.01895,spy_options_2019.parquet,4194010
SPY,2019-02-25,2019-02-25T16:00:00-05:00,279.46,2019-03-25,27.96,0.0766027397260274,261.0,call,19.0,19.63,0.0,,,0.23499,0.86288,0.01402,0.16935,-0.05252,0.10972,spy_options_2019.parquet,4194011
SPY,2019-02-25,2019-02-25T16:00:00-05:00,279.46,2019-03-25,27.96,0.0766027397260274,261.0,put,0.6,0.62,0.56,44,,0.17834,-0.09251,0.01178,0.13006,-0.04274,-0.02111,spy_options_2019.parquet,4194011
SPY,2019-02-25,2019-02-25T16:00:00-05:00,279.46,2019-03-25,27.96,0.0766027397260274,262.0,call,18.08,18.36,0.0,,,0.21905,0.86546,0.01503,0.16643,-0.04754,0.10815,spy_options_2019.parquet,4194012
SPY,2019-02-25,2019-02-25T16:00:00-05:00,279.46,2019-03-25,27.96,0.0766027397260274,262.0,put,0.65,0.67,0.71,0,,0.17354,-0.09996,0.01287,0.1381,-0.04418,-0.02264,spy_options_2019.parquet,4194012
SPY,2019-02-25,2019-02-25T16:00:00-05:00,279.46,2019-03-25,27.96,0.0766027397260274,263.0,call,17.15,17.46,0.0,,,0.21567,0.85517,0.01602,0.17542,-0.04999,0.11085,spy_options_2019.parquet,4194013
SPY,2019-02-25,2019-02-25T16:00:00-05:00,279.46,2019-03-25,27.96,0.0766027397260274,263.0,put,0.71,0.72,0.67,328,,0.16995,-0.1093,0.01402,0.1466,-0.04565,-0.02491,spy_options_2019.parquet,4194013
SPY,2019-02-25,2019-02-25T16:00:00-05:00,279.46,2019-03-25,27.96,0.0766027397260274,264.0,call,16.05,16.67,0.0,,,0.20937,0.84507,0.01708,0.18437,-0.05053,0.11285,spy_options_2019.parquet,4194014
SPY,2019-02-25,2019-02-25T16:00:00-05:00,279.46,2019-03-25,27.96,0.0766027397260274,264.0,put,0.77,0.79,0.71,10,,0.16519,-0.11881,0.01521,0.15608,-0.04817,-0.02684,spy_options_2019.parquet,4194014
SPY,2019-02-25,2019-02-25T16:00:00-05:00,279.46,2019-03-25,27.96,0.0766027397260274,265.0,call,13.81,17.17,14.63,4,,0.20728,0.82976,0.0181,0.19649,-0.05362,0.11522,spy_options_2019.parquet,4194015
SPY,2019-02-25,2019-02-25T16:00:00-05:00,279.46,2019-03-25,27.96,0.0766027397260274,265.0,put,0.82,0.86,0.77,167,,0.16127,-0.13002,0.01666,0.16618,-0.04958,-0.02909,spy_options_2019.parquet,4194015
SPY,2019-02-25,2019-02-25T16:00:00-05:00,279.46,2019-03-25,27.96,0.0766027397260274,266.0,call,14.24,14.88,0.0,,,0.20109,0.8173,0.01923,0.20467,-0.05466,0.11601,spy_options_2019.parquet,4194016
SPY,2019-02-25,2019-02-25T16:00:00-05:00,279.46,2019-03-25,27.96,0.0766027397260274,266.0,put,0.92,0.94,0.0,,,0.15731,-0.14289,0.01822,0.17694,-0.05239,-0.03208,spy_options_2019.parquet,4194016
SPY,2019-02-25,2019-02-25T16:00:00-05:00,279.46,2019-03-25,27.96,0.0766027397260274,267.0,call,13.38,13.66,13.09,0,,0.1901,0.81205,0.02098,0.2082,-0.05198,0.11565,spy_options_2019.parquet,4194017
SPY,2019-02-25,2019-02-25T16:00:00-05:00,279.46,2019-03-25,27.96,0.0766027397260274,267.0,put,1.01,1.06,1.03,35,,0.15464,-0.15812,0.01988,0.19044,-0.05539,-0.03643,spy_options_2019.parquet,4194017
SPY,2019-02-25,2019-02-25T16:00:00-05:00,279.46,2019-03-25,27.96,0.0766027397260274,268.0,call,12.46,12.71,13.88,1,,0.18265,0.79908,0.02245,0.21681,-0.05255,0.11708,spy_options_2019.parquet,4194018
SPY,2019-02-25,2019-02-25T16:00:00-05:00,279.46,2019-03-25,27.96,0.0766027397260274,268.0,put,1.11,1.13,1.09,15,,0.15028,-0.17387,0.02167,0.20183,-0.05763,-0.03941,spy_options_2019.parquet,4194018
SPY,2019-02-25,2019-02-25T16:00:00-05:00,279.46,2019-03-25,27.96,0.0766027397260274,269.0,call,11.55,11.83,0.0,,,0.17749,0.7827,0.02401,0.22751,-0.05363,0.11737,spy_options_2019.parquet,4194019
SPY,2019-02-25,2019-02-25T16:00:00-05:00,279.46,2019-03-25,27.96,0.0766027397260274,269.0,put,1.22,1.24,1.13,1,,0.14546,-0.1897,0.02362,0.21345,-0.05906,-0.04322,spy_options_2019.parquet,4194019
SPY,2019-02-25,2019-02-25T16:00:00-05:00,279.46,2019-03-25,27.96,0.0766027397260274,270.0,call,10.62,10.84,10.22,0,,0.16899,0.76911,0.02596,0.236,-0.05327,0.1173,spy_options_2019.parquet,4194020
SPY,2019-02-25,2019-02-25T16:00:00-05:00,279.46,2019-03-25,27.96,0.0766027397260274,270.0,put,1.36,1.41,1.22,612,,0.14339,-0.21227,0.02565,0.2275,-0.0626,-0.04823,spy_options_2019.parquet,4194020
SPY,2019-02-25,2019-02-25T16:00:00-05:00,279.46,2019-03-25,27.96,0.0766027397260274,271.0,call,9.87,10.1,0.0,,,0.16946,0.74155,0.02696,0.25154,-0.057,0.11825,spy_options_2019.parquet,4194021
SPY,2019-02-25,2019-02-25T16:00:00-05:00,279.46,2019-03-25,27.96,0.0766027397260274,271.0,put,1.47,1.49,1.38,29,,0.13713,-0.2306,0.02809,0.23924,-0.0635,-0.05246,spy_options_2019.parquet,4194021
SPY,2019-02-25,2019-02-25T16:00:00-05:00,279.46,2019-03-25,27.96,0.0766027397260274,272.0,call,8.88,9.1,0.0,,,0.15813,0.72773,0.02965,0.25809,-0.05412,0.11764,spy_options_2019.parquet,4194022
SPY,2019-02-25,2019-02-25T16:00:00-05:00,279.46,2019-03-25,27.96,0.0766027397260274,272.0,put,1.65,1.7,1.64,49,,0.13451,-0.25646,0.03034,0.25386,-0.06701,-0.05863,spy_options_2019.parquet,4194022
SPY,2019-02-25,2019-02-25T16:00:00-05:00,279.46,2019-03-25,27.96,0.0766027397260274,273.0,call,8.05,8.28,8.78,1,,0.15417,0.70148,0.03142,0.26978,-0.05582,0.11581,spy_options_2019.parquet,4194023
SPY,2019-02-25,2019-02-25T16:00:00-05:00,279.46,2019-03-25,27.96,0.0766027397260274,273.0,put,1.86,1.89,1.77,2,,0.13128,-0.28509,0.03266,0.26684,-0.06896,-0.06432,spy_options_2019.parquet,4194023
SPY,2019-02-25,2019-02-25T16:00:00-05:00,279.46,2019-03-25,27.96,0.0766027397260274,274.0,call,7.17,7.4,0.0,,,0.14669,0.67789,0.03405,0.27839,-0.05455,0.11404,spy_options_2019.parquet,4194024
SPY,2019-02-25,2019-02-25T16:00:00-05:00,279.46,2019-03-25,27.96,0.0766027397260274,274.0,put,2.09,2.13,2.0,7,,0.12905,-0.31604,0.03503,0.27926,-0.0712,-0.07203,spy_options_2019.parquet,4194024
SPY,2019-02-25,2019-02-25T16:00:00-05:00,279.46,2019-03-25,27.96,0.0766027397260274,275.0,call,6.55,6.74,7.09,2,,0.14599,0.64237,0.03479,0.291,-0.0585,0.11235,spy_options_2019.parquet,4194025
SPY,2019-02-25,2019-02-25T16:00:00-05:00,279.46,2019-03-25,27.96,0.0766027397260274,275.0,put,2.32,2.37,2.15,,,0.12497,-0.34782,0.03757,0.29024,-0.07309,-0.07931,spy_options_2019.parquet,4194025
SPY,2019-02-25,2019-02-25T16:00:00-05:00,279.46,2019-03-25,27.96,0.0766027397260274,276.0,call,5.78,5.96,5.74,2,,0.14123,0.61051,0.03676,0.2985,-0.0579,0.10944,spy_options_2019.parquet,4194026
SPY,2019-02-25,2019-02-25T16:00:00-05:00,279.46,2019-03-25,27.96,0.0766027397260274,276.0,put,2.61,2.65,2.51,42,,0.12164,-0.38401,0.03987,0.29976,-0.07523,-0.08731,spy_options_2019.parquet,4194026
SPY,2019-02-25,2019-02-25T16:00:00-05:00,279.46,2019-03-25,27.96,0.0766027397260274,277.0,call,4.92,5.08,6.15,14,,0.13176,0.57892,0.0401,0.30476,-0.05491,0.10484,spy_options_2019.parquet,4194027
SPY,2019-02-25,2019-02-25T16:00:00-05:00,279.46,2019-03-25,27.96,0.0766027397260274,277.0,put,2.9,2.95,2.59,22,,0.11751,-0.42339,0.04221,0.30767,-0.07537,-0.0964,spy_options_2019.parquet,4194027
SPY,2019-02-25,2019-02-25T16:00:00-05:00,279.46,2019-03-25,27.96,0.0766027397260274,278.0,call,4.22,4.38,4.5,12,,0.12613,0.53973,0.04184,0.31021,-0.05448,0.10024,spy_options_2019.parquet,4194028
SPY,2019-02-25,2019-02-25T16:00:00-05:00,279.46,2019-03-25,27.96,0.0766027397260274,278.0,put,3.27,3.34,3.1,9,,0.11477,-0.46591,0.0438,0.31256,-0.07595,-0.10564,spy_options_2019.parquet,4194028
SPY,2019-02-25,2019-02-25T16:00:00-05:00,279.46,2019-03-25,27.96,0.0766027397260274,279.0,call,3.64,3.74,4.09,30,,0.12275,0.49712,0.04282,0.31146,-0.05418,0.09445,spy_options_2019.parquet,4194029
SPY,2019-02-25,2019-02-25T16:00:00-05:00,279.46,2019-03-25,27.96,0.0766027397260274,279.0,put,3.66,3.72,3.56,28,,0.11128,-0.51051,0.04533,0.31349,-0.07532,-0.11631,spy_options_2019.parquet,4194029
SPY,2019-02-25,2019-02-25T16:00:00-05:00,279.46,2019-03-25,27.96,0.0766027397260274,280.0,call,3.09,3.12,3.17,181,,0.11857,0.45262,0.04375,0.30995,-0.05192,0.08794,spy_options_2019.parquet,4194030
SPY,2019-02-25,2019-02-25T16:00:00-05:00,279.46,2019-03-25,27.96,0.0766027397260274,280.0,put,4.05,4.11,4.04,452,,0.10602,-0.55851,0.04698,0.30933,-0.07408,-0.12753,spy_options_2019.parquet,4194030
SPY,2019-02-25,2019-02-25T16:00:00-05:00,279.46,2019-03-25,27.96,0.0766027397260274,281.0,call,2.52,2.58,2.8,194,,0.1145,0.4055,0.04409,0.30325,-0.04974,0.0797,spy_options_2019.parquet,4194031
SPY,2019-02-25,2019-02-25T16:00:00-05:00,279.46,2019-03-25,27.96,0.0766027397260274,281.0,put,4.57,4.69,4.41,21,,0.10509,-0.60617,0.04638,0.3015,-0.07272,-0.13868,spy_options_2019.parquet,4194031
SPY,2019-02-25,2019-02-25T16:00:00-05:00,279.46,2019-03-25,27.96,0.0766027397260274,282.0,call,2.07,2.12,2.09,74,,0.11204,0.35847,0.04343,0.29337,-0.04696,0.0718,spy_options_2019.parquet,4194032
SPY,2019-02-25,2019-02-25T16:00:00-05:00,279.46,2019-03-25,27.96,0.0766027397260274,282.0,put,4.97,5.37,6.15,6,,0.10121,-0.65679,0.04587,0.28818,-0.07029,-0.14961,spy_options_2019.parquet,4194032
SPY,2019-02-25,2019-02-25T16:00:00-05:00,279.46,2019-03-25,27.96,0.0766027397260274,283.0,call,1.62,1.67,1.95,27,,0.10742,0.31009,0.04245,0.27685,-0.04332,0.0634,spy_options_2019.parquet,4194033
SPY,2019-02-25,2019-02-25T16:00:00-05:00,279.46,2019-03-25,27.96,0.0766027397260274,283.0,put,5.67,5.85,0.0,,,0.09712,-0.70945,0.04442,0.26839,-0.06625,-0.16208,spy_options_2019.parquet,4194033
SPY,2019-02-25,2019-02-25T16:00:00-05:00,279.46,2019-03-25,27.96,0.0766027397260274,284.0,call,1.29,1.33,1.49,7,,0.10483,0.26547,0.04005,0.25749,-0.04007,0.05452,spy_options_2019.parquet,4194034
SPY,2019-02-25,2019-02-25T16:00:00-05:00,279.46,2019-03-25,27.96,0.0766027397260274,284.0,put,6.4,6.61,5.31,1,,0.09781,-0.75151,0.04096,0.24735,-0.06447,-0.17221,spy_options_2019.parquet,4194034
SPY,2019-02-25,2019-02-25T16:00:00-05:00,279.46,2019-03-25,27.96,0.0766027397260274,285.0,call,1.0,1.06,1.03,35,,0.10369,0.22372,0.037,0.23485,-0.03546,0.04697,spy_options_2019.parquet,4194035
SPY,2019-02-25,2019-02-25T16:00:00-05:00,279.46,2019-03-25,27.96,0.0766027397260274,285.0,put,7.05,7.28,7.0,4,,0.09223,-0.80412,0.03783,0.21546,-0.05822,-0.18371,spy_options_2019.parquet,4194035
SPY,2019-02-25,2019-02-25T16:00:00-05:00,279.46,2019-03-25,27.96,0.0766027397260274,286.0,call,0.75,0.79,0.78,12,,0.10058,0.18202,0.03357,0.20785,-0.03115,0.03845,spy_options_2019.parquet,4194036
SPY,2019-02-25,2019-02-25T16:00:00-05:00,279.46,2019-03-25,27.96,0.0766027397260274,286.0,put,7.82,8.05,7.8,5,,0.08841,-0.84763,0.03325,0.18256,-0.05351,-0.19466,spy_options_2019.parquet,4194036
SPY,2019-02-25,2019-02-25T16:00:00-05:00,279.46,2019-03-25,27.96,0.0766027397260274,287.0,call,0.56,0.58,0.58,6,,0.09835,0.14578,0.02968,0.18139,-0.02655,0.03069,spy_options_2019.parquet,4194037
SPY,2019-02-25,2019-02-25T16:00:00-05:00,279.46,2019-03-25,27.96,0.0766027397260274,287.0,put,8.21,8.88,7.8,2,,0.06777,-0.93503,0.02267,0.09564,-0.03855,-0.21417,spy_options_2019.parquet,4194037
SPY,2019-02-25,2019-02-25T16:00:00-05:00,279.46,2019-03-25,27.96,0.0766027397260274,288.0,call,0.41,0.43,0.65,14,,0.09748,0.11578,0.02559,0.1537,-0.02275,0.02506,spy_options_2019.parquet,4194038
SPY,2019-02-25,2019-02-25T16:00:00-05:00,279.46,2019-03-25,27.96,0.0766027397260274,288.0,put,9.56,9.83,0.0,,,0.08744,-0.90521,0.0238,0.12934,-0.04598,-0.20813,spy_options_2019.parquet,4194038
SPY,2019-02-25,2019-02-25T16:00:00-05:00,279.46,2019-03-25,27.96,0.0766027397260274,289.0,call,0.31,0.34,0.43,523,,0.09681,0.09228,0.02178,0.13132,-0.01865,0.02035,spy_options_2019.parquet,4194039
SPY,2019-02-25,2019-02-25T16:00:00-05:00,279.46,2019-03-25,27.96,0.0766027397260274,289.0,put,10.38,10.68,0.0,,,0.07938,-0.94609,0.0168,0.08213,-0.03941,-0.21872,spy_options_2019.parquet,4194039
SPY,2019-02-25,2019-02-25T16:00:00-05:00,279.46,2019-03-25,27.96,0.0766027397260274,290.0,call,0.21,0.25,0.3,529,,0.09593,0.07131,0.01797,0.10799,-0.01519,0.01508,spy_options_2019.parquet,4194040
SPY,2019-02-25,2019-02-25T16:00:00-05:00,279.46,2019-03-25,27.96,0.0766027397260274,290.0,put,11.31,11.6,0.0,,,0.07312,-0.97099,0.01055,0.04739,-0.03492,-0.22424,spy_options_2019.parquet,4194040
SPY,2019-02-25,2019-02-25T16:00:00-05:00,279.46,2019-03-25,27.96,0.0766027397260274,291.0,call,0.16,0.18,0.29,2,,0.09529,0.05409,0.01458,0.08753,-0.01226,0.01216,spy_options_2019.parquet,4194041
SPY,2019-02-25,2019-02-25T16:00:00-05:00,279.46,2019-03-25,27.96,0.0766027397260274,291.0,put,12.24,12.55,13.56,0,,0.05018,-0.99605,0.00096,0.00288,-0.02972,-0.23043,spy_options_2019.parquet,4194041
SPY,2019-02-25,2019-02-25T16:00:00-05:00,279.46,2019-03-25,27.96,0.0766027397260274,292.0,call,0.12,0.14,0.17,1,,0.09635,0.04311,0.01202,0.07295,-0.01013,0.00893,spy_options_2019.parquet,4194042
SPY,2019-02-25,2019-02-25T16:00:00-05:00,279.46,2019-03-25,27.96,0.0766027397260274,292.0,put,11.56,13.61,0.0,,,0.00056,-0.9971,0.0,0.0,-0.02985,-0.23199,spy_options_2019.parquet,4194042
SPY,2019-02-25,2019-02-25T16:00:00-05:00,279.46,2019-03-25,27.96,0.0766027397260274,293.0,call,0.09,0.11,0.08,0,,0.09711,0.03333,0.0098,0.05988,-0.00877,0.00707,spy_options_2019.parquet,4194043
SPY,2019-02-25,2019-02-25T16:00:00-05:00,279.46,2019-03-25,27.96,0.0766027397260274,293.0,put,14.19,14.5,0.0,,,-7e-05,-1.0,0.0,-145.40029,0.0,0.0,spy_options_2019.parquet,4194043
SPY,2019-02-25,2019-02-25T16:00:00-05:00,279.46,2019-03-25,27.96,0.0766027397260274,294.0,call,0.07,0.08,0.0,,,0.09793,0.02556,0.00784,0.04837,-0.00755,0.0053,spy_options_2019.parquet,4194044
SPY,2019-02-25,2019-02-25T16:00:00-05:00,279.46,2019-03-25,27.96,0.0766027397260274,294.0,put,15.14,15.46,0.0,,,0.00052,-1.0,0.0,-155.39986,0.0,0.0,spy_options_2019.parquet,4194044
SPY,2019-02-25,2019-02-25T16:00:00-05:00,279.46,2019-03-25,27.96,0.0766027397260274,295.0,call,0.06,0.06,0.1,4,,0.09952,0.02055,0.00641,0.04043,-0.00634,0.00443,spy_options_2019.parquet,4194045
SPY,2019-02-25,2019-02-25T16:00:00-05:00,279.46,2019-03-25,27.96,0.0766027397260274,295.0,put,16.21,16.52,0.0,,,0.00053,-1.0,0.0,-165.40021,0.0,0.0,spy_options_2019.parquet,4194045
SPY,2019-02-25,2019-02-25T16:00:00-05:00,279.46,2019-03-25,27.96,0.0766027397260274,296.0,call,0.04,0.07,0.0,,,0.10109,0.01705,0.0054,0.03502,-0.00484,0.00394,spy_options_2019.parquet,4194046
SPY,2019-02-25,2019-02-25T16:00:00-05:00,279.46,2019-03-25,27.96,0.0766027397260274,296.0,put,17.16,17.49,0.0,,,0.00055,-1.0,0.0,-175.4001,0.0,0.0,spy_options_2019.parquet,4194046
SPY,2019-02-25,2019-02-25T16:00:00-05:00,279.46,2019-03-25,27.96,0.0766027397260274,297.0,call,0.03,0.05,0.0,,,0.10294,0.01403,0.00442,0.02866,-0.00494,0.00288,spy_options_2019.parquet,4194047
SPY,2019-02-25,2019-02-25T16:00:00-05:00,279.46,2019-03-25,27.96,0.0766027397260274,297.0,put,18.18,18.51,0.0,,,0.00075,-1.0,0.0,-185.3996,0.0,0.0,spy_options_2019.parquet,4194047
SPY,2019-02-25,2019-02-25T16:00:00-05:00,279.46,2019-03-25,27.96,0.0766027397260274,298.0,call,0.02,0.04,0.05,1,,0.10494,0.01241,0.00384,0.025,-0.00358,0.00257,spy_options_2019.parquet,4194048
SPY,2019-02-25,2019-02-25T16:00:00-05:00,279.46,2019-03-25,27.96,0.0766027397260274,298.0,put,19.22,19.53,20.62,0,,0.00026,-1.0,0.0,-195.39983,0.0,0.0,spy_options_2019.parquet,4194048
SPY,2019-02-25,2019-02-25T16:00:00-05:00,279.46,2019-03-25,27.96,0.0766027397260274,299.0,call,0.02,0.03,0.0,,,0.10517,0.00947,0.00291,0.01947,-0.00265,0.00188,spy_options_2019.parquet,4194049
SPY,2019-02-25,2019-02-25T16:00:00-05:00,279.46,2019-03-25,27.96,0.0766027397260274,299.0,put,20.13,20.45,0.0,,,0.00052,-1.0,0.0,-205.40027,0.0,0.0,spy_options_2019.parquet,4194049
SPY,2019-02-25,2019-02-25T16:00:00-05:00,279.46,2019-03-25,27.96,0.0766027397260274,300.0,call,0.02,0.03,0.01,0,,0.10943,0.00891,0.00276,0.01925,-0.00275,0.00169,spy_options_2019.parquet,4194050
SPY,2019-02-25,2019-02-25T16:00:00-05:00,279.46,2019-03-25,27.96,0.0766027397260274,300.0,put,21.21,21.53,0.0,,,-4e-05,-1.0,0.0,-215.39963,0.0,0.0,spy_options_2019.parquet,4194050
SPY,2019-02-25,2019-02-25T16:00:00-05:00,279.46,2019-03-27,29.96,0.08208219178082192,245.0,call,34.8,35.13,0.0,,,0.33453,0.9249,0.00577,0.10814,-0.04585,0.08331,spy_options_2019.parquet,4194051
SPY,2019-02-25,2019-02-25T16:00:00-05:00,279.46,2019-03-27,29.96,0.08208219178082192,245.0,put,0.23,0.25,0.24,1,,0.2408,-0.03061,0.00356,0.05614,-0.02199,-0.0078,spy_options_2019.parquet,4194051
SPY,2019-02-25,2019-02-25T16:00:00-05:00,279.46,2019-03-27,29.96,0.08208219178082192,250.0,call,29.8,30.46,0.0,,,0.30787,0.90794,0.00753,0.12974,-0.05055,0.09696,spy_options_2019.parquet,4194052
SPY,2019-02-25,2019-02-25T16:00:00-05:00,279.46,2019-03-27,29.96,0.08208219178082192,250.0,put,0.32,0.34,0.27,0,,0.22072,-0.04356,0.0051,0.07434,-0.02689,-0.01022,spy_options_2019.parquet,4194052
SPY,2019-02-25,2019-02-25T16:00:00-05:00,279.46,2019-03-27,29.96,0.08208219178082192,255.0,call,24.94,25.27,0.0,,,0.26413,0.89937,0.00986,0.13894,-0.0448,0.10282,spy_options_2019.parquet,4194053
SPY,2019-02-25,2019-02-25T16:00:00-05:00,279.46,2019-03-27,29.96,0.08208219178082192,255.0,put,0.44,0.46,0.38,9,,0.2007,-0.06151,0.00743,0.09942,-0.03409,-0.01489,spy_options_2019.parquet,4194053
SPY,2019-02-25,2019-02-25T16:00:00-05:00,279.46,2019-03-27,29.96,0.08208219178082192,259.0,call,20.9,21.53,0.0,,,0.23868,0.87767,0.01253,0.16066,-0.04741,0.11102,spy_options_2019.parquet,4194054
SPY,2019-02-25,2019-02-25T16:00:00-05:00,279.46,2019-03-27,29.96,0.08208219178082192,259.0,put,0.58,0.61,0.51,4,,0.18567,-0.08452,0.01026,0.12592,-0.0398,-0.02005,spy_options_2019.parquet,4194054
SPY,2019-02-25,2019-02-25T16:00:00-05:00,279.46,2019-03-27,29.96,0.08208219178082192,260.0,call,19.93,20.56,0.0,,,0.23225,0.87221,0.01334,0.16615,-0.04764,0.11341,spy_options_2019.parquet,4194055
SPY,2019-02-25,2019-02-25T16:00:00-05:00,279.46,2019-03-27,29.96,0.08208219178082192,260.0,put,0.62,0.66,0.57,6,,0.18133,-0.0915,0.01114,0.13351,-0.04154,-0.02188,spy_options_2019.parquet,4194055
SPY,2019-02-25,2019-02-25T16:00:00-05:00,279.46,2019-03-27,29.96,0.08208219178082192,261.0,call,19.11,19.42,0.0,,,0.2248,0.86564,0.01423,0.17202,-0.04685,0.11442,spy_options_2019.parquet,4194056
SPY,2019-02-25,2019-02-25T16:00:00-05:00,279.46,2019-03-27,29.96,0.08208219178082192,261.0,put,0.67,0.71,0.73,0,,0.17672,-0.09824,0.01207,0.14143,-0.04305,-0.024,spy_options_2019.parquet,4194056
SPY,2019-02-25,2019-02-25T16:00:00-05:00,279.46,2019-03-27,29.96,0.08208219178082192,262.0,call,18.16,18.44,0.0,,,0.21862,0.85902,0.01508,0.17844,-0.04771,0.11578,spy_options_2019.parquet,4194057
SPY,2019-02-25,2019-02-25T16:00:00-05:00,279.46,2019-03-27,29.96,0.08208219178082192,262.0,put,0.74,0.78,0.88,0,,0.17458,-0.10901,0.01315,0.15174,-0.04592,-0.02633,spy_options_2019.parquet,4194057
SPY,2019-02-25,2019-02-25T16:00:00-05:00,279.46,2019-03-27,29.96,0.08208219178082192,263.0,call,17.2,17.5,0.0,,,0.21204,0.84984,0.0161,0.18527,-0.04861,0.11826,spy_options_2019.parquet,4194058
SPY,2019-02-25,2019-02-25T16:00:00-05:00,279.46,2019-03-27,29.96,0.08208219178082192,263.0,put,0.79,0.82,0.73,19,,0.16936,-0.11726,0.01426,0.15995,-0.04646,-0.02831,spy_options_2019.parquet,4194058
SPY,2019-02-25,2019-02-25T16:00:00-05:00,279.46,2019-03-27,29.96,0.08208219178082192,264.0,call,14.81,18.19,0.0,,,0.21126,0.8341,0.01698,0.19944,-0.05175,0.12151,spy_options_2019.parquet,4194059
SPY,2019-02-25,2019-02-25T16:00:00-05:00,279.46,2019-03-27,29.96,0.08208219178082192,264.0,put,0.87,0.9,0.85,27,,0.16623,-0.12853,0.01551,0.17032,-0.04902,-0.03115,spy_options_2019.parquet,4194059
SPY,2019-02-25,2019-02-25T16:00:00-05:00,279.46,2019-03-27,29.96,0.08208219178082192,265.0,call,15.31,15.56,15.86,2,,0.1991,0.83195,0.01831,0.20097,-0.04909,0.1211,spy_options_2019.parquet,4194060
SPY,2019-02-25,2019-02-25T16:00:00-05:00,279.46,2019-03-27,29.96,0.08208219178082192,265.0,put,0.95,0.98,0.9,65,,0.16276,-0.13962,0.01686,0.18095,-0.05138,-0.03357,spy_options_2019.parquet,4194060
SPY,2019-02-25,2019-02-25T16:00:00-05:00,279.46,2019-03-27,29.96,0.08208219178082192,266.0,call,14.38,14.66,0.0,,,0.19382,0.81944,0.01949,0.2102,-0.04974,0.12241,spy_options_2019.parquet,4194061
SPY,2019-02-25,2019-02-25T16:00:00-05:00,279.46,2019-03-27,29.96,0.08208219178082192,266.0,put,1.04,1.09,0.96,33,,0.15855,-0.154,0.01828,0.19266,-0.0534,-0.03784,spy_options_2019.parquet,4194061
SPY,2019-02-25,2019-02-25T16:00:00-05:00,279.46,2019-03-27,29.96,0.08208219178082192,267.0,call,13.46,13.73,0.0,,,0.18774,0.80667,0.02082,0.21984,-0.05082,0.12349,spy_options_2019.parquet,4194062
SPY,2019-02-25,2019-02-25T16:00:00-05:00,279.46,2019-03-27,29.96,0.08208219178082192,267.0,put,1.15,1.18,1.12,2,,0.15567,-0.16878,0.01991,0.20463,-0.05603,-0.0406,spy_options_2019.parquet,4194062
SPY,2019-02-25,2019-02-25T16:00:00-05:00,279.46,2019-03-27,29.96,0.08208219178082192,268.0,call,12.47,13.08,13.0,72,,0.18637,0.78611,0.02189,0.23356,-0.05406,0.12564,spy_options_2019.parquet,4194063
SPY,2019-02-25,2019-02-25T16:00:00-05:00,279.46,2019-03-27,29.96,0.08208219178082192,268.0,put,1.25,1.3,1.12,79,,0.15171,-0.18445,0.02152,0.21695,-0.05865,-0.0446,spy_options_2019.parquet,4194063
SPY,2019-02-25,2019-02-25T16:00:00-05:00,279.46,2019-03-27,29.96,0.08208219178082192,269.0,call,11.57,12.18,0.0,,,0.18014,0.77037,0.02333,0.24327,-0.05482,0.12594,spy_options_2019.parquet,4194064
SPY,2019-02-25,2019-02-25T16:00:00-05:00,279.46,2019-03-27,29.96,0.08208219178082192,269.0,put,1.36,1.42,1.19,75,,0.1478,-0.20129,0.02345,0.22838,-0.06091,-0.04896,spy_options_2019.parquet,4194064
SPY,2019-02-25,2019-02-25T16:00:00-05:00,279.46,2019-03-27,29.96,0.08208219178082192,270.0,call,10.68,11.26,0.0,,,0.17429,0.75413,0.02495,0.25294,-0.05497,0.12625,spy_options_2019.parquet,4194065
SPY,2019-02-25,2019-02-25T16:00:00-05:00,279.46,2019-03-27,29.96,0.08208219178082192,270.0,put,1.5,1.56,1.42,43,,0.14454,-0.22179,0.02532,0.24198,-0.06261,-0.05346,spy_options_2019.parquet,4194065
SPY,2019-02-25,2019-02-25T16:00:00-05:00,279.46,2019-03-27,29.96,0.08208219178082192,271.0,call,9.87,10.09,0.0,,,0.16468,0.74006,0.0271,0.2598,-0.05356,0.12507,spy_options_2019.parquet,4194066
SPY,2019-02-25,2019-02-25T16:00:00-05:00,279.46,2019-03-27,29.96,0.08208219178082192,271.0,put,1.66,1.71,1.52,28,,0.1404,-0.24409,0.02742,0.25519,-0.06533,-0.05973,spy_options_2019.parquet,4194066
SPY,2019-02-25,2019-02-25T16:00:00-05:00,279.46,2019-03-27,29.96,0.08208219178082192,272.0,call,9.01,9.24,10.09,34,,0.1592,0.71917,0.02887,0.27097,-0.05386,0.12418,spy_options_2019.parquet,4194067
SPY,2019-02-25,2019-02-25T16:00:00-05:00,279.46,2019-03-27,29.96,0.08208219178082192,272.0,put,1.82,1.88,1.68,21,,0.13619,-0.26681,0.02959,0.26729,-0.0671,-0.06458,spy_options_2019.parquet,4194067
SPY,2019-02-25,2019-02-25T16:00:00-05:00,279.46,2019-03-27,29.96,0.08208219178082192,273.0,call,8.19,8.42,0.0,,,0.15408,0.69482,0.0307,0.28121,-0.05509,0.12319,spy_options_2019.parquet,4194068
SPY,2019-02-25,2019-02-25T16:00:00-05:00,279.46,2019-03-27,29.96,0.08208219178082192,273.0,put,1.99,2.07,1.84,17,,0.132,-0.29341,0.03194,0.27968,-0.069,-0.07107,spy_options_2019.parquet,4194068
SPY,2019-02-25,2019-02-25T16:00:00-05:00,279.46,2019-03-27,29.96,0.08208219178082192,274.0,call,7.47,7.67,0.0,,,0.1519,0.66482,0.03182,0.29248,-0.05661,0.12133,spy_options_2019.parquet,4194069
SPY,2019-02-25,2019-02-25T16:00:00-05:00,279.46,2019-03-27,29.96,0.08208219178082192,274.0,put,2.23,2.3,2.21,21,,0.12921,-0.32341,0.03395,0.29185,-0.07081,-0.07874,spy_options_2019.parquet,4194069
SPY,2019-02-25,2019-02-25T16:00:00-05:00,279.46,2019-03-27,29.96,0.08208219178082192,275.0,call,6.58,6.77,6.14,3,,0.14403,0.63957,0.03452,0.301,-0.05505,0.11905,spy_options_2019.parquet,4194070
SPY,2019-02-25,2019-02-25T16:00:00-05:00,279.46,2019-03-27,29.96,0.08208219178082192,275.0,put,2.45,2.52,2.45,33,,0.12442,-0.3547,0.03654,0.3025,-0.07132,-0.08598,spy_options_2019.parquet,4194070
SPY,2019-02-25,2019-02-25T16:00:00-05:00,279.46,2019-03-27,29.96,0.08208219178082192,276.0,call,5.8,5.95,6.47,4,,0.1371,0.60946,0.03668,0.30875,-0.05439,0.1152,spy_options_2019.parquet,4194071
SPY,2019-02-25,2019-02-25T16:00:00-05:00,279.46,2019-03-27,29.96,0.08208219178082192,276.0,put,2.7,2.78,2.44,25,,0.12055,-0.38902,0.03906,0.31091,-0.07224,-0.09416,spy_options_2019.parquet,4194071
SPY,2019-02-25,2019-02-25T16:00:00-05:00,279.46,2019-03-27,29.96,0.08208219178082192,277.0,call,5.21,5.36,5.54,1,,0.13664,0.57255,0.03729,0.31603,-0.05644,0.11158,spy_options_2019.parquet,4194072
SPY,2019-02-25,2019-02-25T16:00:00-05:00,279.46,2019-03-27,29.96,0.08208219178082192,277.0,put,3.06,3.14,2.74,21,,0.11829,-0.42736,0.04058,0.31892,-0.07362,-0.10434,spy_options_2019.parquet,4194072
SPY,2019-02-25,2019-02-25T16:00:00-05:00,279.46,2019-03-27,29.96,0.08208219178082192,278.0,call,4.44,4.57,5.23,3,,0.12975,0.53602,0.03953,0.32068,-0.05352,0.10632,spy_options_2019.parquet,4194073
SPY,2019-02-25,2019-02-25T16:00:00-05:00,279.46,2019-03-27,29.96,0.08208219178082192,278.0,put,3.42,3.49,3.13,110,,0.11542,-0.46877,0.04228,0.32326,-0.07393,-0.11388,spy_options_2019.parquet,4194073
SPY,2019-02-25,2019-02-25T16:00:00-05:00,279.46,2019-03-27,29.96,0.08208219178082192,279.0,call,3.77,3.9,4.13,3,,0.12458,0.49597,0.04103,0.32231,-0.05225,0.1,spy_options_2019.parquet,4194074
SPY,2019-02-25,2019-02-25T16:00:00-05:00,279.46,2019-03-27,29.96,0.08208219178082192,279.0,put,3.82,3.91,3.49,132,,0.11188,-0.51211,0.04348,0.32326,-0.07369,-0.12501,spy_options_2019.parquet,4194074
SPY,2019-02-25,2019-02-25T16:00:00-05:00,279.46,2019-03-27,29.96,0.08208219178082192,280.0,call,3.19,3.27,3.54,264,,0.11967,0.4534,0.04204,0.31978,-0.05025,0.09395,spy_options_2019.parquet,4194075
SPY,2019-02-25,2019-02-25T16:00:00-05:00,279.46,2019-03-27,29.96,0.08208219178082192,280.0,put,4.16,4.26,4.15,278,,0.1056,-0.55914,0.0456,0.32017,-0.07196,-0.13572,spy_options_2019.parquet,4194075
SPY,2019-02-25,2019-02-25T16:00:00-05:00,279.46,2019-03-27,29.96,0.08208219178082192,281.0,call,2.66,2.84,2.7,22,,0.11822,0.40974,0.04169,0.31457,-0.04904,0.08599,spy_options_2019.parquet,4194076
SPY,2019-02-25,2019-02-25T16:00:00-05:00,279.46,2019-03-27,29.96,0.08208219178082192,281.0,put,4.71,4.83,4.77,18,,0.10498,-0.60551,0.04498,0.31144,-0.07131,-0.14777,spy_options_2019.parquet,4194076
SPY,2019-02-25,2019-02-25T16:00:00-05:00,279.46,2019-03-27,29.96,0.08208219178082192,282.0,call,2.19,2.28,2.32,83,,0.11343,0.36431,0.04167,0.30412,-0.04661,0.0777,spy_options_2019.parquet,4194077
SPY,2019-02-25,2019-02-25T16:00:00-05:00,279.46,2019-03-27,29.96,0.08208219178082192,282.0,put,5.21,5.37,4.66,2,,0.10075,-0.65564,0.04468,0.29807,-0.06835,-0.1604,spy_options_2019.parquet,4194077
SPY,2019-02-25,2019-02-25T16:00:00-05:00,279.46,2019-03-27,29.96,0.08208219178082192,283.0,call,1.77,1.8,1.89,12,,0.10914,0.31761,0.04081,0.2892,-0.04246,0.06867,spy_options_2019.parquet,4194078
SPY,2019-02-25,2019-02-25T16:00:00-05:00,279.46,2019-03-27,29.96,0.08208219178082192,283.0,put,5.79,5.97,0.0,,,0.09744,-0.70528,0.04326,0.27922,-0.06521,-0.17207,spy_options_2019.parquet,4194078
SPY,2019-02-25,2019-02-25T16:00:00-05:00,279.46,2019-03-27,29.96,0.08208219178082192,284.0,call,1.41,1.47,1.64,8,,0.10689,0.27418,0.03878,0.27107,-0.03907,0.06065,spy_options_2019.parquet,4194079
SPY,2019-02-25,2019-02-25T16:00:00-05:00,279.46,2019-03-27,29.96,0.08208219178082192,284.0,put,6.43,6.62,0.0,,,0.09324,-0.75496,0.04094,0.25358,-0.06074,-0.18441,spy_options_2019.parquet,4194079
SPY,2019-02-25,2019-02-25T16:00:00-05:00,279.46,2019-03-27,29.96,0.08208219178082192,285.0,call,1.08,1.13,1.2,154,,0.10364,0.22968,0.03633,0.24731,-0.03537,0.05133,spy_options_2019.parquet,4194080
SPY,2019-02-25,2019-02-25T16:00:00-05:00,279.46,2019-03-27,29.96,0.08208219178082192,285.0,put,7.15,7.34,0.0,,,0.0912,-0.80051,0.03738,0.22511,-0.05703,-0.19557,spy_options_2019.parquet,4194080
SPY,2019-02-25,2019-02-25T16:00:00-05:00,279.46,2019-03-27,29.96,0.08208219178082192,286.0,call,0.84,0.88,1.03,10,,0.10192,0.19169,0.03321,0.22253,-0.03073,0.04342,spy_options_2019.parquet,4194081
SPY,2019-02-25,2019-02-25T16:00:00-05:00,279.46,2019-03-27,29.96,0.08208219178082192,286.0,put,7.98,8.21,0.0,,,0.09187,-0.83256,0.03312,0.20124,-0.0546,-0.20401,spy_options_2019.parquet,4194081
SPY,2019-02-25,2019-02-25T16:00:00-05:00,279.46,2019-03-27,29.96,0.08208219178082192,287.0,call,0.65,0.68,0.68,6,,0.10043,0.15724,0.0296,0.19665,-0.02766,0.03585,spy_options_2019.parquet,4194082
SPY,2019-02-25,2019-02-25T16:00:00-05:00,279.46,2019-03-27,29.96,0.08208219178082192,287.0,put,8.8,9.05,0.0,,,0.09002,-0.86794,0.02876,0.17155,-0.05087,-0.21337,spy_options_2019.parquet,4194082
SPY,2019-02-25,2019-02-25T16:00:00-05:00,279.46,2019-03-27,29.96,0.08208219178082192,288.0,call,0.5,0.51,0.52,27,,0.09908,0.12828,0.02592,0.17127,-0.02339,0.02925,spy_options_2019.parquet,4194083
SPY,2019-02-25,2019-02-25T16:00:00-05:00,279.46,2019-03-27,29.96,0.08208219178082192,288.0,put,9.57,9.84,0.0,,,0.08145,-0.91494,0.02276,0.12377,-0.04286,-0.22552,spy_options_2019.parquet,4194083
SPY,2019-02-25,2019-02-25T16:00:00-05:00,279.46,2019-03-27,29.96,0.08208219178082192,289.0,call,0.36,0.39,0.49,15,,0.0977,0.10087,0.02223,0.14435,-0.0201,0.02358,spy_options_2019.parquet,4194084
SPY,2019-02-25,2019-02-25T16:00:00-05:00,279.46,2019-03-27,29.96,0.08208219178082192,289.0,put,10.52,10.82,9.36,9,,0.08614,-0.92414,0.01956,0.11139,-0.04268,-0.2287,spy_options_2019.parquet,4194084
SPY,2019-02-25,2019-02-25T16:00:00-05:00,279.46,2019-03-27,29.96,0.08208219178082192,290.0,call,0.27,0.3,0.29,1,,0.09703,0.07893,0.01877,0.12127,-0.01653,0.01859,spy_options_2019.parquet,4194085
SPY,2019-02-25,2019-02-25T16:00:00-05:00,279.46,2019-03-27,29.96,0.08208219178082192,290.0,put,11.35,11.64,0.0,,,0.06796,-0.9762,0.00914,0.04099,-0.03294,-0.24076,spy_options_2019.parquet,4194085
SPY,2019-02-25,2019-02-25T16:00:00-05:00,279.46,2019-03-27,29.96,0.08208219178082192,291.0,call,0.2,0.21,0.0,,,0.09662,0.06192,0.01555,0.10121,-0.01356,0.01394,spy_options_2019.parquet,4194086
SPY,2019-02-25,2019-02-25T16:00:00-05:00,279.46,2019-03-27,29.96,0.08208219178082192,291.0,put,12.28,12.58,11.84,17,,-3e-05,-1.0,0.0,-125.39965,0.0,0.0,spy_options_2019.parquet,4194086
SPY,2019-02-25,2019-02-25T16:00:00-05:00,279.46,2019-03-27,29.96,0.08208219178082192,292.0,call,0.15,0.16,0.18,13,,0.0965,0.04825,0.01272,0.08209,-0.01126,0.0107,spy_options_2019.parquet,4194087
SPY,2019-02-25,2019-02-25T16:00:00-05:00,279.46,2019-03-27,29.96,0.08208219178082192,292.0,put,13.23,13.53,0.0,,,0.00079,-1.0,0.0,-135.39979,0.0,0.0,spy_options_2019.parquet,4194087
SPY,2019-02-25,2019-02-25T16:00:00-05:00,279.46,2019-03-27,29.96,0.08208219178082192,293.0,call,0.1,0.14,0.15,55,,0.09734,0.03822,0.01051,0.06897,-0.0098,0.00924,spy_options_2019.parquet,4194088
SPY,2019-02-25,2019-02-25T16:00:00-05:00,279.46,2019-03-27,29.96,0.08208219178082192,293.0,put,14.2,14.49,0.0,,,0.00038,-1.0,0.0,-145.39963,0.0,0.0,spy_options_2019.parquet,4194088
SPY,2019-02-25,2019-02-25T16:00:00-05:00,279.46,2019-03-27,29.96,0.08208219178082192,294.0,call,0.08,0.11,0.0,,,0.0985,0.03064,0.00872,0.05725,-0.00825,0.00724,spy_options_2019.parquet,4194089
SPY,2019-02-25,2019-02-25T16:00:00-05:00,279.46,2019-03-27,29.96,0.08208219178082192,294.0,put,15.23,15.55,0.0,,,0.00031,-1.0,0.0,-155.3999,0.0,0.0,spy_options_2019.parquet,4194089
SPY,2019-02-25,2019-02-25T16:00:00-05:00,279.46,2019-03-27,29.96,0.08208219178082192,295.0,call,0.06,0.07,0.1,3,,0.09869,0.0233,0.0069,0.04555,-0.00592,0.00529,spy_options_2019.parquet,4194090
SPY,2019-02-25,2019-02-25T16:00:00-05:00,279.46,2019-03-27,29.96,0.08208219178082192,295.0,put,16.16,16.47,0.0,,,0.00024,-1.0,0.0,-165.40045,0.0,0.0,spy_options_2019.parquet,4194090
SPY,2019-02-25,2019-02-25T16:00:00-05:00,279.46,2019-03-27,29.96,0.08208219178082192,296.0,call,0.04,0.07,0.1,1,,0.10065,0.02018,0.00595,0.04064,-0.00566,0.0044,spy_options_2019.parquet,4194091
SPY,2019-02-25,2019-02-25T16:00:00-05:00,279.46,2019-03-27,29.96,0.08208219178082192,296.0,put,17.14,17.47,0.0,,,0.00061,-1.0,0.0,-175.39958,0.0,0.0,spy_options_2019.parquet,4194091
SPY,2019-02-25,2019-02-25T16:00:00-05:00,279.46,2019-03-27,29.96,0.08208219178082192,297.0,call,0.03,0.06,0.07,1,,0.10171,0.01585,0.00472,0.03223,-0.00473,0.00382,spy_options_2019.parquet,4194092
SPY,2019-02-25,2019-02-25T16:00:00-05:00,279.46,2019-03-27,29.96,0.08208219178082192,297.0,put,18.2,18.51,0.0,,,0.00053,-1.0,0.0,-185.39957,0.0,0.0,spy_options_2019.parquet,4194092
SPY,2019-02-25,2019-02-25T16:00:00-05:00,279.46,2019-03-27,29.96,0.08208219178082192,298.0,call,0.03,0.06,0.0,,,0.10435,0.01327,0.00403,0.02872,-0.00406,0.00286,spy_options_2019.parquet,4194093
SPY,2019-02-25,2019-02-25T16:00:00-05:00,279.46,2019-03-27,29.96,0.08208219178082192,298.0,put,19.12,19.44,0.0,,,7e-05,-1.0,0.0,-195.40001,0.0,0.0,spy_options_2019.parquet,4194093
SPY,2019-02-25,2019-02-25T16:00:00-05:00,279.46,2019-03-27,29.96,0.08208219178082192,299.0,call,0.01,0.04,0.04,1,,0.10443,0.01055,0.00318,0.02262,-0.00384,0.0023,spy_options_2019.parquet,4194094
SPY,2019-02-25,2019-02-25T16:00:00-05:00,279.46,2019-03-27,29.96,0.08208219178082192,299.0,put,20.19,20.51,0.0,,,0.00087,-1.0,0.0,-205.39998,0.0,0.0,spy_options_2019.parquet,4194094
SPY,2019-02-25,2019-02-25T16:00:00-05:00,279.46,2019-03-27,29.96,0.08208219178082192,300.0,call,0.01,0.03,0.0,,,0.10657,0.00852,0.00271,0.01996,-0.00342,0.00244,spy_options_2019.parquet,4194095
SPY,2019-02-25,2019-02-25T16:00:00-05:00,279.46,2019-03-27,29.96,0.08208219178082192,300.0,put,21.12,21.43,0.0,,,0.00025,-1.0,0.0,-215.39976,0.0,0.0,spy_options_2019.parquet,4194095
SPY,2019-02-25,2019-02-25T16:00:00-05:00,279.46,2019-03-29,31.96,0.08756164383561645,188.0,call,91.64,91.96,93.92,0,,0.87449,0.91974,0.0005,0.09354,-0.1155,0.0278,spy_options_2019.parquet,4194100
SPY,2019-02-25,2019-02-25T16:00:00-05:00,279.46,2019-03-29,31.96,0.08756164383561645,188.0,put,0.02,0.05,0.03,,,0.48432,-0.00227,0.0002,0.00661,-0.00475,-0.00078,spy_options_2019.parquet,4194100
SPY,2019-02-25,2019-02-25T16:00:00-05:00,279.46,2019-03-29,31.96,0.08756164383561645,189.0,call,90.56,91.22,94.26,0,,0.8711,0.91836,0.00059,0.09472,-0.11683,0.03082,spy_options_2019.parquet,4194101
SPY,2019-02-25,2019-02-25T16:00:00-05:00,279.46,2019-03-29,31.96,0.08756164383561645,189.0,put,0.05,0.06,0.06,5,,0.49063,-0.00298,0.00026,0.00892,-0.00602,-0.00079,spy_options_2019.parquet,4194101
SPY,2019-02-25,2019-02-25T16:00:00-05:00,279.46,2019-03-29,31.96,0.08756164383561645,190.0,call,89.59,89.87,63.49,0,,0.84193,0.92129,0.00056,0.09223,-0.10887,0.02736,spy_options_2019.parquet,4194102
SPY,2019-02-25,2019-02-25T16:00:00-05:00,279.46,2019-03-29,31.96,0.08756164383561645,190.0,put,0.05,0.05,0.09,500,,0.48493,-0.0037,0.00027,0.00895,-0.00652,-0.00102,spy_options_2019.parquet,4194102
SPY,2019-02-25,2019-02-25T16:00:00-05:00,279.46,2019-03-29,31.96,0.08756164383561645,191.0,call,87.2,90.71,95.44,0,,0.85255,0.91907,0.00065,0.09563,-0.11465,0.03391,spy_options_2019.parquet,4194103
SPY,2019-02-25,2019-02-25T16:00:00-05:00,279.46,2019-03-29,31.96,0.08756164383561645,191.0,put,0.05,0.05,0.26,0,,0.47849,-0.00353,0.00031,0.00899,-0.00621,-0.00117,spy_options_2019.parquet,4194103
SPY,2019-02-25,2019-02-25T16:00:00-05:00,279.46,2019-03-29,31.96,0.08756164383561645,192.0,call,87.75,88.06,81.6,0,,0.83463,0.9201,0.00066,0.09444,-0.1108,0.03253,spy_options_2019.parquet,4194104
SPY,2019-02-25,2019-02-25T16:00:00-05:00,279.46,2019-03-29,31.96,0.08756164383561645,192.0,put,0.04,0.05,0.07,15,,0.47277,-0.00394,0.00024,0.00887,-0.00648,-0.00094,spy_options_2019.parquet,4194104
SPY,2019-02-25,2019-02-25T16:00:00-05:00,279.46,2019-03-29,31.96,0.08756164383561645,193.0,call,85.22,88.71,73.83,0,,0.82814,0.91969,0.00074,0.0956,-0.11091,0.03521,spy_options_2019.parquet,4194105
SPY,2019-02-25,2019-02-25T16:00:00-05:00,279.46,2019-03-29,31.96,0.08756164383561645,193.0,put,0.04,0.04,0.07,1,,0.46624,-0.00342,0.0003,0.0094,-0.00663,-0.00102,spy_options_2019.parquet,4194105
SPY,2019-02-25,2019-02-25T16:00:00-05:00,279.46,2019-03-29,31.96,0.08756164383561645,194.0,call,85.58,85.91,92.39,0,,0.79266,0.92342,0.00064,0.09065,-0.10051,0.02884,spy_options_2019.parquet,4194106
SPY,2019-02-25,2019-02-25T16:00:00-05:00,279.46,2019-03-29,31.96,0.08756164383561645,194.0,put,0.03,0.05,0.11,0,,0.46066,-0.00315,0.00031,0.00963,-0.00647,-0.00118,spy_options_2019.parquet,4194106
SPY,2019-02-25,2019-02-25T16:00:00-05:00,279.46,2019-03-29,31.96,0.08756164383561645,195.0,call,84.33,85.22,71.89,0,,0.78371,0.92425,0.00065,0.09163,-0.10005,0.03019,spy_options_2019.parquet,4194107
SPY,2019-02-25,2019-02-25T16:00:00-05:00,279.46,2019-03-29,31.96,0.08756164383561645,195.0,put,0.04,0.04,0.04,286,,0.45459,-0.00407,0.0003,0.00956,-0.00662,-0.00048,spy_options_2019.parquet,4194107
SPY,2019-02-25,2019-02-25T16:00:00-05:00,279.46,2019-03-29,31.96,0.08756164383561645,196.0,call,83.67,83.96,89.11,0,,0.77605,0.92397,0.00071,0.09262,-0.09971,0.03195,spy_options_2019.parquet,4194108
SPY,2019-02-25,2019-02-25T16:00:00-05:00,279.46,2019-03-29,31.96,0.08756164383561645,196.0,put,0.05,0.06,0.29,0,,0.45856,-0.0045,0.00032,0.01041,-0.00774,-0.00103,spy_options_2019.parquet,4194108
SPY,2019-02-25,2019-02-25T16:00:00-05:00,279.46,2019-03-29,31.96,0.08756164383561645,197.0,call,81.22,84.71,69.95,0,,0.77965,0.92256,0.00083,0.09522,-0.10383,0.03754,spy_options_2019.parquet,4194109
SPY,2019-02-25,2019-02-25T16:00:00-05:00,279.46,2019-03-29,31.96,0.08756164383561645,197.0,put,0.04,0.06,0.19,0,,0.45249,-0.00434,0.00035,0.01051,-0.00699,-0.00157,spy_options_2019.parquet,4194109
SPY,2019-02-25,2019-02-25T16:00:00-05:00,279.46,2019-03-29,31.96,0.08756164383561645,198.0,call,81.77,82.09,95.51,0,,0.76304,0.92387,0.00083,0.09409,-0.09984,0.03643,spy_options_2019.parquet,4194110
SPY,2019-02-25,2019-02-25T16:00:00-05:00,279.46,2019-03-29,31.96,0.08756164383561645,198.0,put,0.04,0.06,0.08,1,,0.44628,-0.0044,0.00033,0.01147,-0.00681,-0.00152,spy_options_2019.parquet,4194110
SPY,2019-02-25,2019-02-25T16:00:00-05:00,279.46,2019-03-29,31.96,0.08756164383561645,199.0,call,80.77,81.1,45.47,0,,0.75278,0.92383,0.00092,0.09489,-0.09866,0.03731,spy_options_2019.parquet,4194111
SPY,2019-02-25,2019-02-25T16:00:00-05:00,279.46,2019-03-29,31.96,0.08756164383561645,199.0,put,0.06,0.06,0.04,16,,0.4399,-0.0049,0.00035,0.0108,-0.00692,-0.00127,spy_options_2019.parquet,4194111
SPY,2019-02-25,2019-02-25T16:00:00-05:00,279.46,2019-03-29,31.96,0.08756164383561645,200.0,call,79.4,80.31,77.91,1,,0.73407,0.92512,0.00083,0.09272,-0.09415,0.03605,spy_options_2019.parquet,4194112
SPY,2019-02-25,2019-02-25T16:00:00-05:00,279.46,2019-03-29,31.96,0.08756164383561645,200.0,put,0.05,0.05,0.05,100,,0.43454,-0.00468,0.00041,0.01107,-0.00702,-0.00094,spy_options_2019.parquet,4194112
SPY,2019-02-25,2019-02-25T16:00:00-05:00,279.46,2019-03-29,31.96,0.08756164383561645,201.0,call,78.42,79.32,84.15,0,,0.72355,0.92555,0.00089,0.09271,-0.09299,0.03591,spy_options_2019.parquet,4194113
SPY,2019-02-25,2019-02-25T16:00:00-05:00,279.46,2019-03-29,31.96,0.08756164383561645,201.0,put,0.05,0.06,0.05,33,,0.42893,-0.00469,0.00035,0.01182,-0.00772,-0.00114,spy_options_2019.parquet,4194113
SPY,2019-02-25,2019-02-25T16:00:00-05:00,279.46,2019-03-29,31.96,0.08756164383561645,202.0,call,77.37,78.23,0.0,,,0.70429,0.92724,0.00087,0.09039,-0.08815,0.03414,spy_options_2019.parquet,4194114
SPY,2019-02-25,2019-02-25T16:00:00-05:00,279.46,2019-03-29,31.96,0.08756164383561645,202.0,put,0.05,0.05,0.05,,,0.42211,-0.00485,0.00038,0.01188,-0.00706,-0.00112,spy_options_2019.parquet,4194114
SPY,2019-02-25,2019-02-25T16:00:00-05:00,279.46,2019-03-29,31.96,0.08756164383561645,203.0,call,76.77,77.1,0.0,,,0.70773,0.92608,0.00102,0.09389,-0.09113,0.03947,spy_options_2019.parquet,4194115
SPY,2019-02-25,2019-02-25T16:00:00-05:00,279.46,2019-03-29,31.96,0.08756164383561645,203.0,put,0.06,0.07,0.05,,,0.42506,-0.00534,0.00044,0.01367,-0.00782,-0.00188,spy_options_2019.parquet,4194115
SPY,2019-02-25,2019-02-25T16:00:00-05:00,279.46,2019-03-29,31.96,0.08756164383561645,204.0,call,75.77,76.1,35.82,0,,0.69728,0.92586,0.00111,0.09443,-0.09002,0.04091,spy_options_2019.parquet,4194116
SPY,2019-02-25,2019-02-25T16:00:00-05:00,279.46,2019-03-29,31.96,0.08756164383561645,204.0,put,0.06,0.07,0.1,44,,0.41917,-0.00551,0.00049,0.01291,-0.00816,-0.00186,spy_options_2019.parquet,4194116
SPY,2019-02-25,2019-02-25T16:00:00-05:00,279.46,2019-03-29,31.96,0.08756164383561645,205.0,call,74.41,75.33,89.35,0,,0.67935,0.92727,0.00105,0.09231,-0.08645,0.03891,spy_options_2019.parquet,4194117
SPY,2019-02-25,2019-02-25T16:00:00-05:00,279.46,2019-03-29,31.96,0.08756164383561645,205.0,put,0.06,0.07,0.04,0,,0.41281,-0.00609,0.00047,0.01313,-0.00853,-0.00156,spy_options_2019.parquet,4194117
SPY,2019-02-25,2019-02-25T16:00:00-05:00,279.46,2019-03-29,31.96,0.08756164383561645,206.0,call,73.42,74.34,74.15,0,,0.66852,0.92849,0.0011,0.09193,-0.08403,0.03976,spy_options_2019.parquet,4194118
SPY,2019-02-25,2019-02-25T16:00:00-05:00,279.46,2019-03-29,31.96,0.08756164383561645,206.0,put,0.06,0.07,0.06,125,,0.40703,-0.00618,0.00047,0.0142,-0.00799,-0.00145,spy_options_2019.parquet,4194118
SPY,2019-02-25,2019-02-25T16:00:00-05:00,279.46,2019-03-29,31.96,0.08756164383561645,207.0,call,72.78,73.11,0.0,,,0.66549,0.92726,0.00121,0.09383,-0.08588,0.04289,spy_options_2019.parquet,4194119
SPY,2019-02-25,2019-02-25T16:00:00-05:00,279.46,2019-03-29,31.96,0.08756164383561645,207.0,put,0.07,0.07,0.05,0,,0.40135,-0.00599,0.00045,0.0143,-0.00806,-0.00147,spy_options_2019.parquet,4194119
SPY,2019-02-25,2019-02-25T16:00:00-05:00,279.46,2019-03-29,31.96,0.08756164383561645,208.0,call,70.23,73.73,0.0,,,0.659,0.92674,0.00124,0.09563,-0.08557,0.04595,spy_options_2019.parquet,4194120
SPY,2019-02-25,2019-02-25T16:00:00-05:00,279.46,2019-03-29,31.96,0.08756164383561645,208.0,put,0.07,0.07,0.06,66,,0.39499,-0.0063,0.00056,0.014,-0.0083,-0.0018,spy_options_2019.parquet,4194120
SPY,2019-02-25,2019-02-25T16:00:00-05:00,279.46,2019-03-29,31.96,0.08756164383561645,209.0,call,70.78,71.12,0.0,,,0.64457,0.92793,0.0013,0.09418,-0.08271,0.04455,spy_options_2019.parquet,4194121
SPY,2019-02-25,2019-02-25T16:00:00-05:00,279.46,2019-03-29,31.96,0.08756164383561645,209.0,put,0.06,0.08,0.06,125,,0.39602,-0.00704,0.00061,0.01579,-0.00916,-0.00127,spy_options_2019.parquet,4194121
SPY,2019-02-25,2019-02-25T16:00:00-05:00,279.46,2019-03-29,31.96,0.08756164383561645,210.0,call,69.43,70.33,64.5,1,,0.62745,0.93014,0.00123,0.09194,-0.07809,0.04265,spy_options_2019.parquet,4194122
SPY,2019-02-25,2019-02-25T16:00:00-05:00,279.46,2019-03-29,31.96,0.08756164383561645,210.0,put,0.07,0.08,0.06,0,,0.39038,-0.00712,0.00059,0.01598,-0.00944,-0.00161,spy_options_2019.parquet,4194122
SPY,2019-02-25,2019-02-25T16:00:00-05:00,279.46,2019-03-29,31.96,0.08756164383561645,211.0,call,67.26,70.73,69.53,0,,0.62867,0.92782,0.00139,0.09584,-0.08163,0.04782,spy_options_2019.parquet,4194123
SPY,2019-02-25,2019-02-25T16:00:00-05:00,279.46,2019-03-29,31.96,0.08756164383561645,211.0,put,0.07,0.07,0.08,13,,0.38364,-0.00719,0.00063,0.01656,-0.00946,-0.00213,spy_options_2019.parquet,4194123
SPY,2019-02-25,2019-02-25T16:00:00-05:00,279.46,2019-03-29,31.96,0.08756164383561645,212.0,call,67.7,68.0,0.0,,,0.60289,0.93157,0.00133,0.09086,-0.07388,0.04254,spy_options_2019.parquet,4194124
SPY,2019-02-25,2019-02-25T16:00:00-05:00,279.46,2019-03-29,31.96,0.08756164383561645,212.0,put,0.07,0.08,0.06,0,,0.37832,-0.00697,0.00058,0.0166,-0.00934,-0.00182,spy_options_2019.parquet,4194124
SPY,2019-02-25,2019-02-25T16:00:00-05:00,279.46,2019-03-29,31.96,0.08756164383561645,213.0,call,66.8,67.1,49.8,0,,0.60427,0.92992,0.00147,0.09426,-0.07696,0.04789,spy_options_2019.parquet,4194125
SPY,2019-02-25,2019-02-25T16:00:00-05:00,279.46,2019-03-29,31.96,0.08756164383561645,213.0,put,0.07,0.09,0.07,146,,0.37257,-0.00689,0.00061,0.01694,-0.00932,-0.00177,spy_options_2019.parquet,4194125
SPY,2019-02-25,2019-02-25T16:00:00-05:00,279.46,2019-03-29,31.96,0.08756164383561645,214.0,call,65.45,66.35,71.43,0,,0.58773,0.93135,0.00145,0.09278,-0.07298,0.04641,spy_options_2019.parquet,4194126
SPY,2019-02-25,2019-02-25T16:00:00-05:00,279.46,2019-03-29,31.96,0.08756164383561645,214.0,put,0.08,0.1,0.08,265,,0.37254,-0.00806,0.00073,0.01818,-0.01063,-0.00258,spy_options_2019.parquet,4194126
SPY,2019-02-25,2019-02-25T16:00:00-05:00,279.46,2019-03-29,31.96,0.08756164383561645,215.0,call,64.44,65.34,44.61,0,,0.57798,0.93119,0.00156,0.09274,-0.07183,0.04703,spy_options_2019.parquet,4194127
SPY,2019-02-25,2019-02-25T16:00:00-05:00,279.46,2019-03-29,31.96,0.08756164383561645,215.0,put,0.08,0.09,0.05,10,,0.36679,-0.00829,0.00073,0.01824,-0.0098,-0.00194,spy_options_2019.parquet,4194127
SPY,2019-02-25,2019-02-25T16:00:00-05:00,279.46,2019-03-29,31.96,0.08756164383561645,216.0,call,63.7,64.01,34.94,0,,0.56442,0.93355,0.00156,0.09089,-0.06848,0.04653,spy_options_2019.parquet,4194128
SPY,2019-02-25,2019-02-25T16:00:00-05:00,279.46,2019-03-29,31.96,0.08756164383561645,216.0,put,0.08,0.08,0.56,0,,0.36031,-0.00851,0.00076,0.01845,-0.01063,-0.00251,spy_options_2019.parquet,4194128
SPY,2019-02-25,2019-02-25T16:00:00-05:00,279.46,2019-03-29,31.96,0.08756164383561645,217.0,call,61.26,64.58,61.6,2,,0.56169,0.93125,0.0017,0.09351,-0.0693,0.05029,spy_options_2019.parquet,4194129
SPY,2019-02-25,2019-02-25T16:00:00-05:00,279.46,2019-03-29,31.96,0.08756164383561645,217.0,put,0.08,0.1,0.08,34,,0.36027,-0.00893,0.00082,0.02014,-0.01084,-0.00188,spy_options_2019.parquet,4194129
SPY,2019-02-25,2019-02-25T16:00:00-05:00,279.46,2019-03-29,31.96,0.08756164383561645,218.0,call,61.39,62.26,63.08,1,,0.54167,0.93472,0.00161,0.0899,-0.06382,0.0465,spy_options_2019.parquet,4194130
SPY,2019-02-25,2019-02-25T16:00:00-05:00,279.46,2019-03-29,31.96,0.08756164383561645,218.0,put,0.09,0.09,0.19,12,,0.3535,-0.00936,0.00086,0.02036,-0.01101,-0.00287,spy_options_2019.parquet,4194130
SPY,2019-02-25,2019-02-25T16:00:00-05:00,279.46,2019-03-29,31.96,0.08756164383561645,219.0,call,60.65,60.97,24.31,0,,0.53025,0.93535,0.0017,0.08864,-0.06179,0.04666,spy_options_2019.parquet,4194131
SPY,2019-02-25,2019-02-25T16:00:00-05:00,279.46,2019-03-29,31.96,0.08756164383561645,219.0,put,0.1,0.09,0.06,23,,0.34816,-0.00897,0.00087,0.02064,-0.01059,-0.00255,spy_options_2019.parquet,4194131
SPY,2019-02-25,2019-02-25T16:00:00-05:00,279.46,2019-03-29,31.96,0.08756164383561645,220.0,call,59.64,60.31,55.6,1,,0.53902,0.93073,0.00202,0.09632,-0.06864,0.05621,spy_options_2019.parquet,4194132
SPY,2019-02-25,2019-02-25T16:00:00-05:00,279.46,2019-03-29,31.96,0.08756164383561645,220.0,put,0.1,0.11,0.09,866,,0.34684,-0.00981,0.00089,0.02261,-0.01232,-0.00274,spy_options_2019.parquet,4194132
SPY,2019-02-25,2019-02-25T16:00:00-05:00,279.46,2019-03-29,31.96,0.08756164383561645,221.0,call,58.81,59.13,36.5,0,,0.52896,0.93115,0.00208,0.0965,-0.06655,0.0569,spy_options_2019.parquet,4194133
SPY,2019-02-25,2019-02-25T16:00:00-05:00,279.46,2019-03-29,31.96,0.08756164383561645,221.0,put,0.1,0.11,0.1,5,,0.34103,-0.01077,0.00094,0.02335,-0.01239,-0.00239,spy_options_2019.parquet,4194133
SPY,2019-02-25,2019-02-25T16:00:00-05:00,279.46,2019-03-29,31.96,0.08756164383561645,222.0,call,57.46,58.37,38.1,0,,0.51401,0.93273,0.00204,0.09392,-0.06285,0.05529,spy_options_2019.parquet,4194134
SPY,2019-02-25,2019-02-25T16:00:00-05:00,279.46,2019-03-29,31.96,0.08756164383561645,222.0,put,0.1,0.11,0.08,5,,0.33503,-0.01012,0.001,0.02386,-0.0123,-0.00251,spy_options_2019.parquet,4194134
SPY,2019-02-25,2019-02-25T16:00:00-05:00,279.46,2019-03-29,31.96,0.08756164383561645,223.0,call,56.64,57.32,0.0,,,0.51052,0.93167,0.00216,0.09698,-0.06438,0.05919,spy_options_2019.parquet,4194135
SPY,2019-02-25,2019-02-25T16:00:00-05:00,279.46,2019-03-29,31.96,0.08756164383561645,223.0,put,0.1,0.12,0.1,6,,0.33314,-0.0118,0.00112,0.02522,-0.01293,-0.00257,spy_options_2019.parquet,4194135
SPY,2019-02-25,2019-02-25T16:00:00-05:00,279.46,2019-03-29,31.96,0.08756164383561645,224.0,call,55.74,56.02,34.05,0,,0.49206,0.93455,0.00216,0.09234,-0.05922,0.05532,spy_options_2019.parquet,4194136
SPY,2019-02-25,2019-02-25T16:00:00-05:00,279.46,2019-03-29,31.96,0.08756164383561645,224.0,put,0.12,0.12,0.13,5,,0.32755,-0.01145,0.00115,0.02572,-0.01301,-0.00327,spy_options_2019.parquet,4194136
SPY,2019-02-25,2019-02-25T16:00:00-05:00,279.46,2019-03-29,31.96,0.08756164383561645,225.0,call,54.79,55.02,45.06,0,,0.48544,0.93387,0.00232,0.09375,-0.05899,0.05745,spy_options_2019.parquet,4194137
SPY,2019-02-25,2019-02-25T16:00:00-05:00,279.46,2019-03-29,31.96,0.08756164383561645,225.0,put,0.12,0.13,0.09,78,,0.32481,-0.01262,0.00115,0.02795,-0.01358,-0.00326,spy_options_2019.parquet,4194137
SPY,2019-02-25,2019-02-25T16:00:00-05:00,279.46,2019-03-29,31.96,0.08756164383561645,226.0,call,53.55,54.13,42.58,0,,0.46989,0.93706,0.00232,0.09021,-0.05508,0.05508,spy_options_2019.parquet,4194138
SPY,2019-02-25,2019-02-25T16:00:00-05:00,279.46,2019-03-29,31.96,0.08756164383561645,226.0,put,0.12,0.13,0.13,2,,0.31952,-0.01308,0.00121,0.0285,-0.01364,-0.00378,spy_options_2019.parquet,4194138
SPY,2019-02-25,2019-02-25T16:00:00-05:00,279.46,2019-03-29,31.96,0.08756164383561645,227.0,call,52.81,53.02,43.18,0,,0.46823,0.93412,0.00248,0.09446,-0.05721,0.06106,spy_options_2019.parquet,4194139
SPY,2019-02-25,2019-02-25T16:00:00-05:00,279.46,2019-03-29,31.96,0.08756164383561645,227.0,put,0.12,0.15,0.06,1,,0.31642,-0.01408,0.00135,0.03038,-0.01482,-0.00392,spy_options_2019.parquet,4194139
SPY,2019-02-25,2019-02-25T16:00:00-05:00,279.46,2019-03-29,31.96,0.08756164383561645,228.0,call,51.79,52.22,27.45,0,,0.4685,0.93088,0.00277,0.09954,-0.05996,0.06675,spy_options_2019.parquet,4194140
SPY,2019-02-25,2019-02-25T16:00:00-05:00,279.46,2019-03-29,31.96,0.08756164383561645,228.0,put,0.13,0.14,0.08,453,,0.31043,-0.01455,0.00141,0.03031,-0.01446,-0.00414,spy_options_2019.parquet,4194140
SPY,2019-02-25,2019-02-25T16:00:00-05:00,279.46,2019-03-29,31.96,0.08756164383561645,229.0,call,50.74,50.96,29.28,0,,0.44413,0.9363,0.00267,0.09155,-0.05142,0.05878,spy_options_2019.parquet,4194141
SPY,2019-02-25,2019-02-25T16:00:00-05:00,279.46,2019-03-29,31.96,0.08756164383561645,229.0,put,0.13,0.16,0.11,0,,0.30811,-0.01543,0.00147,0.03258,-0.015,-0.00396,spy_options_2019.parquet,4194141
SPY,2019-02-25,2019-02-25T16:00:00-05:00,279.46,2019-03-29,31.96,0.08756164383561645,230.0,call,49.36,50.29,45.56,1,,0.43336,0.93816,0.00269,0.09038,-0.04944,0.05915,spy_options_2019.parquet,4194142
SPY,2019-02-25,2019-02-25T16:00:00-05:00,279.46,2019-03-29,31.96,0.08756164383561645,230.0,put,0.13,0.15,0.11,506,,0.30174,-0.01589,0.00153,0.0327,-0.01543,-0.004,spy_options_2019.parquet,4194142
SPY,2019-02-25,2019-02-25T16:00:00-05:00,279.46,2019-03-29,31.96,0.08756164383561645,231.0,call,48.79,49.02,47.54,30,,0.43243,0.93467,0.00291,0.09565,-0.05161,0.06461,spy_options_2019.parquet,4194143
SPY,2019-02-25,2019-02-25T16:00:00-05:00,279.46,2019-03-29,31.96,0.08756164383561645,231.0,put,0.15,0.16,0.13,11,,0.29871,-0.01718,0.00163,0.03487,-0.01601,-0.00436,spy_options_2019.parquet,4194143
SPY,2019-02-25,2019-02-25T16:00:00-05:00,279.46,2019-03-29,31.96,0.08756164383561645,232.0,call,47.7,47.98,28.0,0,,0.41821,0.93742,0.00303,0.09203,-0.04782,0.06222,spy_options_2019.parquet,4194144
SPY,2019-02-25,2019-02-25T16:00:00-05:00,279.46,2019-03-29,31.96,0.08756164383561645,232.0,put,0.16,0.17,0.12,642,,0.296,-0.01776,0.00178,0.03724,-0.01681,-0.00489,spy_options_2019.parquet,4194144
SPY,2019-02-25,2019-02-25T16:00:00-05:00,279.46,2019-03-29,31.96,0.08756164383561645,233.0,call,46.77,47.0,31.18,0,,0.41452,0.9348,0.00324,0.09568,-0.0496,0.06657,spy_options_2019.parquet,4194145
SPY,2019-02-25,2019-02-25T16:00:00-05:00,279.46,2019-03-29,31.96,0.08756164383561645,233.0,put,0.15,0.17,0.13,27,,0.28945,-0.01781,0.00183,0.0377,-0.01672,-0.00518,spy_options_2019.parquet,4194145
SPY,2019-02-25,2019-02-25T16:00:00-05:00,279.46,2019-03-29,31.96,0.08756164383561645,234.0,call,45.77,45.94,36.79,0,,0.40224,0.93642,0.00332,0.09343,-0.04646,0.06563,spy_options_2019.parquet,4194146
SPY,2019-02-25,2019-02-25T16:00:00-05:00,279.46,2019-03-29,31.96,0.08756164383561645,234.0,put,0.17,0.18,0.14,307,,0.28625,-0.01905,0.00199,0.03919,-0.01751,-0.00466,spy_options_2019.parquet,4194146
SPY,2019-02-25,2019-02-25T16:00:00-05:00,279.46,2019-03-29,31.96,0.08756164383561645,235.0,call,44.73,44.99,43.83,2,,0.3942,0.9363,0.00346,0.09454,-0.04625,0.06676,spy_options_2019.parquet,4194147
SPY,2019-02-25,2019-02-25T16:00:00-05:00,279.46,2019-03-29,31.96,0.08756164383561645,235.0,put,0.18,0.2,0.13,391,,0.28285,-0.02102,0.00208,0.04144,-0.01747,-0.00524,spy_options_2019.parquet,4194147
SPY,2019-02-25,2019-02-25T16:00:00-05:00,279.46,2019-03-29,31.96,0.08756164383561645,236.0,call,43.78,43.98,35.31,0,,0.38914,0.9348,0.00366,0.09722,-0.04611,0.07052,spy_options_2019.parquet,4194148
SPY,2019-02-25,2019-02-25T16:00:00-05:00,279.46,2019-03-29,31.96,0.08756164383561645,236.0,put,0.19,0.19,0.12,200,,0.27704,-0.02128,0.00213,0.04237,-0.0176,-0.00572,spy_options_2019.parquet,4194148
SPY,2019-02-25,2019-02-25T16:00:00-05:00,279.46,2019-03-29,31.96,0.08756164383561645,237.0,call,42.76,43.09,17.0,0,,0.38471,0.93196,0.00387,0.10008,-0.0477,0.07429,spy_options_2019.parquet,4194149
SPY,2019-02-25,2019-02-25T16:00:00-05:00,279.46,2019-03-29,31.96,0.08756164383561645,237.0,put,0.19,0.2,0.13,1,,0.27349,-0.02267,0.00226,0.0449,-0.01866,-0.00607,spy_options_2019.parquet,4194149
SPY,2019-02-25,2019-02-25T16:00:00-05:00,279.46,2019-03-29,31.96,0.08756164383561645,238.0,call,41.75,41.98,40.0,1,,0.37139,0.93518,0.00397,0.09756,-0.04376,0.07153,spy_options_2019.parquet,4194150
SPY,2019-02-25,2019-02-25T16:00:00-05:00,279.46,2019-03-29,31.96,0.08756164383561645,238.0,put,0.2,0.22,0.13,6,,0.26952,-0.02308,0.00243,0.04661,-0.0192,-0.00646,spy_options_2019.parquet,4194150
SPY,2019-02-25,2019-02-25T16:00:00-05:00,279.46,2019-03-29,31.96,0.08756164383561645,239.0,call,40.49,41.03,33.07,0,,0.35167,0.94132,0.00394,0.0879,-0.03724,0.06452,spy_options_2019.parquet,4194151
SPY,2019-02-25,2019-02-25T16:00:00-05:00,279.46,2019-03-29,31.96,0.08756164383561645,239.0,put,0.21,0.22,0.18,1,,0.26553,-0.02482,0.0026,0.04904,-0.01982,-0.0068,spy_options_2019.parquet,4194151
SPY,2019-02-25,2019-02-25T16:00:00-05:00,279.46,2019-03-29,31.96,0.08756164383561645,240.0,call,39.79,39.94,40.58,12,,0.35457,0.93439,0.00434,0.09771,-0.04205,0.07442,spy_options_2019.parquet,4194152
SPY,2019-02-25,2019-02-25T16:00:00-05:00,279.46,2019-03-29,31.96,0.08756164383561645,240.0,put,0.22,0.24,0.23,43,,0.26044,-0.02653,0.00279,0.05095,-0.02097,-0.00723,spy_options_2019.parquet,4194152
SPY,2019-02-25,2019-02-25T16:00:00-05:00,279.46,2019-03-29,31.96,0.08756164383561645,241.0,call,38.78,39.0,29.93,0,,0.34922,0.93258,0.00466,0.10152,-0.04252,0.07764,spy_options_2019.parquet,4194153
SPY,2019-02-25,2019-02-25T16:00:00-05:00,279.46,2019-03-29,31.96,0.08756164383561645,241.0,put,0.23,0.24,0.21,0,,0.25615,-0.02807,0.00295,0.05361,-0.02122,-0.00684,spy_options_2019.parquet,4194153
SPY,2019-02-25,2019-02-25T16:00:00-05:00,279.46,2019-03-29,31.96,0.08756164383561645,242.0,call,37.88,38.07,22.67,0,,0.34952,0.92671,0.00504,0.10908,-0.04618,0.08426,spy_options_2019.parquet,4194154
SPY,2019-02-25,2019-02-25T16:00:00-05:00,279.46,2019-03-29,31.96,0.08756164383561645,242.0,put,0.24,0.24,0.2,5,,0.25218,-0.02883,0.00312,0.05581,-0.02188,-0.00799,spy_options_2019.parquet,4194154
SPY,2019-02-25,2019-02-25T16:00:00-05:00,279.46,2019-03-29,31.96,0.08756164383561645,243.0,call,36.72,37.03,34.45,5,,0.33224,0.932,0.00514,0.10281,-0.03994,0.07938,spy_options_2019.parquet,4194155
SPY,2019-02-25,2019-02-25T16:00:00-05:00,279.46,2019-03-29,31.96,0.08756164383561645,243.0,put,0.27,0.28,0.26,16,,0.24953,-0.0313,0.00336,0.05967,-0.02318,-0.0087,spy_options_2019.parquet,4194155
SPY,2019-02-25,2019-02-25T16:00:00-05:00,279.46,2019-03-29,31.96,0.08756164383561645,244.0,call,35.84,36.08,35.6,0,,0.3317,0.92695,0.00549,0.11036,-0.04354,0.08595,spy_options_2019.parquet,4194156
SPY,2019-02-25,2019-02-25T16:00:00-05:00,279.46,2019-03-29,31.96,0.08756164383561645,244.0,put,0.28,0.29,0.17,2,,0.2447,-0.03269,0.0036,0.06182,-0.02392,-0.00845,spy_options_2019.parquet,4194156
SPY,2019-02-25,2019-02-25T16:00:00-05:00,279.46,2019-03-29,31.96,0.08756164383561645,245.0,call,34.84,35.05,35.79,1,,0.32381,0.92606,0.00579,0.11051,-0.04243,0.08745,spy_options_2019.parquet,4194157
SPY,2019-02-25,2019-02-25T16:00:00-05:00,279.46,2019-03-29,31.96,0.08756164383561645,245.0,put,0.29,0.3,0.24,115,,0.2413,-0.03519,0.00387,0.06616,-0.0251,-0.00976,spy_options_2019.parquet,4194157
SPY,2019-02-25,2019-02-25T16:00:00-05:00,279.46,2019-03-29,31.96,0.08756164383561645,246.0,call,33.79,33.99,25.05,75,,0.31089,0.9286,0.00599,0.10779,-0.03913,0.08505,spy_options_2019.parquet,4194158
SPY,2019-02-25,2019-02-25T16:00:00-05:00,279.46,2019-03-29,31.96,0.08756164383561645,246.0,put,0.31,0.32,0.26,6,,0.23759,-0.03757,0.00414,0.06945,-0.02559,-0.00955,spy_options_2019.parquet,4194158
SPY,2019-02-25,2019-02-25T16:00:00-05:00,279.46,2019-03-29,31.96,0.08756164383561645,247.0,call,32.84,32.97,30.7,545,,0.30376,0.92713,0.00632,0.11014,-0.03902,0.08722,spy_options_2019.parquet,4194159
SPY,2019-02-25,2019-02-25T16:00:00-05:00,279.46,2019-03-29,31.96,0.08756164383561645,247.0,put,0.32,0.33,0.28,251,,0.23317,-0.03965,0.00437,0.07262,-0.02651,-0.01029,spy_options_2019.parquet,4194159
SPY,2019-02-25,2019-02-25T16:00:00-05:00,279.46,2019-03-29,31.96,0.08756164383561645,248.0,call,31.91,32.08,32.69,2,,0.30431,0.91963,0.00675,0.11923,-0.0428,0.09415,spy_options_2019.parquet,4194160
SPY,2019-02-25,2019-02-25T16:00:00-05:00,279.46,2019-03-29,31.96,0.08756164383561645,248.0,put,0.33,0.34,0.3,383,,0.22775,-0.04172,0.00467,0.07536,-0.02719,-0.01107,spy_options_2019.parquet,4194160
SPY,2019-02-25,2019-02-25T16:00:00-05:00,279.46,2019-03-29,31.96,0.08756164383561645,249.0,call,30.94,31.15,29.97,1,,0.30082,0.91442,0.00718,0.12593,-0.04453,0.09795,spy_options_2019.parquet,4194161
SPY,2019-02-25,2019-02-25T16:00:00-05:00,279.46,2019-03-29,31.96,0.08756164383561645,249.0,put,0.36,0.36,0.32,27,,0.22516,-0.04522,0.00505,0.08029,-0.02789,-0.01164,spy_options_2019.parquet,4194161
SPY,2019-02-25,2019-02-25T16:00:00-05:00,279.46,2019-03-29,31.96,0.08756164383561645,250.0,call,29.94,30.09,30.15,22,,0.28993,0.915,0.00757,0.12539,-0.04166,0.09818,spy_options_2019.parquet,4194162
SPY,2019-02-25,2019-02-25T16:00:00-05:00,279.46,2019-03-29,31.96,0.08756164383561645,250.0,put,0.37,0.38,0.35,,,0.22114,-0.04866,0.00542,0.08462,-0.02911,-0.01255,spy_options_2019.parquet,4194162
SPY,2019-02-25,2019-02-25T16:00:00-05:00,279.46,2019-03-29,31.96,0.08756164383561645,251.0,call,28.64,29.43,25.02,1,,0.28303,0.91196,0.00796,0.12786,-0.04224,0.10013,spy_options_2019.parquet,4194163
SPY,2019-02-25,2019-02-25T16:00:00-05:00,279.46,2019-03-29,31.96,0.08756164383561645,251.0,put,0.4,0.4,0.34,4,,0.21662,-0.05187,0.00582,0.08841,-0.0301,-0.0138,spy_options_2019.parquet,4194163
SPY,2019-02-25,2019-02-25T16:00:00-05:00,279.46,2019-03-29,31.96,0.08756164383561645,252.0,call,28.04,28.34,23.58,6,,0.28682,0.89965,0.00852,0.1424,-0.0485,0.10784,spy_options_2019.parquet,4194164
SPY,2019-02-25,2019-02-25T16:00:00-05:00,279.46,2019-03-29,31.96,0.08756164383561645,252.0,put,0.42,0.43,0.43,,,0.2128,-0.05432,0.00623,0.09309,-0.03146,-0.01429,spy_options_2019.parquet,4194164
SPY,2019-02-25,2019-02-25T16:00:00-05:00,279.46,2019-03-29,31.96,0.08756164383561645,253.0,call,27.06,27.24,25.83,0,,0.27624,0.90001,0.0089,0.14285,-0.0464,0.10802,spy_options_2019.parquet,4194165
SPY,2019-02-25,2019-02-25T16:00:00-05:00,279.46,2019-03-29,31.96,0.08756164383561645,253.0,put,0.46,0.47,0.36,336,,0.21017,-0.0602,0.00669,0.09923,-0.03334,-0.01577,spy_options_2019.parquet,4194165
SPY,2019-02-25,2019-02-25T16:00:00-05:00,279.46,2019-03-29,31.96,0.08756164383561645,254.0,call,25.92,26.18,20.71,0,,0.26178,0.90436,0.00939,0.13729,-0.04152,0.10595,spy_options_2019.parquet,4194166
SPY,2019-02-25,2019-02-25T16:00:00-05:00,279.46,2019-03-29,31.96,0.08756164383561645,254.0,put,0.49,0.5,0.46,,,0.20542,-0.06305,0.00716,0.10453,-0.03415,-0.0166,spy_options_2019.parquet,4194166
SPY,2019-02-25,2019-02-25T16:00:00-05:00,279.46,2019-03-29,31.96,0.08756164383561645,255.0,call,25.06,25.16,25.9,110,,0.25776,0.89785,0.00997,0.14472,-0.04319,0.10902,spy_options_2019.parquet,4194167
SPY,2019-02-25,2019-02-25T16:00:00-05:00,279.46,2019-03-29,31.96,0.08756164383561645,255.0,put,0.53,0.55,0.47,,,0.20252,-0.06915,0.0078,0.11178,-0.03526,-0.01797,spy_options_2019.parquet,4194167
SPY,2019-02-25,2019-02-25T16:00:00-05:00,279.46,2019-03-29,31.96,0.08756164383561645,256.0,call,23.99,24.57,22.92,1,,0.25979,0.88427,0.01056,0.16016,-0.04877,0.11582,spy_options_2019.parquet,4194168
SPY,2019-02-25,2019-02-25T16:00:00-05:00,279.46,2019-03-29,31.96,0.08756164383561645,256.0,put,0.55,0.57,0.52,467,,0.19792,-0.07345,0.00834,0.11723,-0.03687,-0.01893,spy_options_2019.parquet,4194168
SPY,2019-02-25,2019-02-25T16:00:00-05:00,279.46,2019-03-29,31.96,0.08756164383561645,257.0,call,23.15,23.33,24.48,1,,0.25058,0.88248,0.01117,0.16114,-0.04676,0.1165,spy_options_2019.parquet,4194169
SPY,2019-02-25,2019-02-25T16:00:00-05:00,279.46,2019-03-29,31.96,0.08756164383561645,257.0,put,0.58,0.59,0.54,445,,0.19386,-0.07942,0.00899,0.12307,-0.03818,-0.0203,spy_options_2019.parquet,4194169
SPY,2019-02-25,2019-02-25T16:00:00-05:00,279.46,2019-03-29,31.96,0.08756164383561645,258.0,call,22.19,22.36,23.45,4,,0.24404,0.87711,0.01181,0.16688,-0.04718,0.1184,spy_options_2019.parquet,4194170
SPY,2019-02-25,2019-02-25T16:00:00-05:00,279.46,2019-03-29,31.96,0.08756164383561645,258.0,put,0.63,0.65,0.57,360,,0.1896,-0.08439,0.0097,0.13039,-0.03963,-0.02201,spy_options_2019.parquet,4194170
SPY,2019-02-25,2019-02-25T16:00:00-05:00,279.46,2019-03-29,31.96,0.08756164383561645,259.0,call,21.25,21.4,20.1,1,,0.23866,0.8703,0.01253,0.17327,-0.04831,0.12091,spy_options_2019.parquet,4194171
SPY,2019-02-25,2019-02-25T16:00:00-05:00,279.46,2019-03-29,31.96,0.08756164383561645,259.0,put,0.69,0.7,0.69,529,,0.1873,-0.09312,0.01055,0.13952,-0.04216,-0.02421,spy_options_2019.parquet,4194171
SPY,2019-02-25,2019-02-25T16:00:00-05:00,279.46,2019-03-29,31.96,0.08756164383561645,260.0,call,20.17,20.35,21.76,195,,0.22668,0.87037,0.0134,0.17349,-0.04463,0.12047,spy_options_2019.parquet,4194172
SPY,2019-02-25,2019-02-25T16:00:00-05:00,279.46,2019-03-29,31.96,0.08756164383561645,260.0,put,0.74,0.76,0.72,801,,0.18365,-0.10033,0.01143,0.148,-0.04338,-0.02601,spy_options_2019.parquet,4194172
SPY,2019-02-25,2019-02-25T16:00:00-05:00,279.46,2019-03-29,31.96,0.08756164383561645,261.0,call,19.18,19.33,18.2,0,,0.21776,0.86591,0.01424,0.17657,-0.04355,0.12138,spy_options_2019.parquet,4194173
SPY,2019-02-25,2019-02-25T16:00:00-05:00,279.46,2019-03-29,31.96,0.08756164383561645,261.0,put,0.81,0.81,0.79,384,,0.17976,-0.10849,0.01238,0.15621,-0.04501,-0.02779,spy_options_2019.parquet,4194173
SPY,2019-02-25,2019-02-25T16:00:00-05:00,279.46,2019-03-29,31.96,0.08756164383561645,262.0,call,18.35,18.52,19.05,5,,0.21971,0.84932,0.01501,0.19211,-0.04927,0.12644,spy_options_2019.parquet,4194174
SPY,2019-02-25,2019-02-25T16:00:00-05:00,279.46,2019-03-29,31.96,0.08756164383561645,262.0,put,0.86,0.88,0.84,170,,0.17517,-0.11785,0.01332,0.16596,-0.04674,-0.02998,spy_options_2019.parquet,4194174
SPY,2019-02-25,2019-02-25T16:00:00-05:00,279.46,2019-03-29,31.96,0.08756164383561645,263.0,call,17.33,17.45,17.75,34,,0.20881,0.84727,0.0161,0.19462,-0.04618,0.12614,spy_options_2019.parquet,4194175
SPY,2019-02-25,2019-02-25T16:00:00-05:00,279.46,2019-03-29,31.96,0.08756164383561645,263.0,put,0.93,0.95,0.85,287,,0.17236,-0.12782,0.01441,0.17513,-0.0487,-0.03255,spy_options_2019.parquet,4194175
SPY,2019-02-25,2019-02-25T16:00:00-05:00,279.46,2019-03-29,31.96,0.08756164383561645,264.0,call,16.43,16.5,16.99,10,,0.20329,0.83609,0.01703,0.20385,-0.04746,0.12764,spy_options_2019.parquet,4194176
SPY,2019-02-25,2019-02-25T16:00:00-05:00,279.46,2019-03-29,31.96,0.08756164383561645,264.0,put,0.99,1.01,0.97,130,,0.16674,-0.13668,0.01559,0.18415,-0.05045,-0.03522,spy_options_2019.parquet,4194176
SPY,2019-02-25,2019-02-25T16:00:00-05:00,279.46,2019-03-29,31.96,0.08756164383561645,265.0,call,15.51,15.67,15.91,55,,0.20109,0.82129,0.01808,0.21502,-0.05003,0.13033,spy_options_2019.parquet,4194177
SPY,2019-02-25,2019-02-25T16:00:00-05:00,279.46,2019-03-29,31.96,0.08756164383561645,265.0,put,1.06,1.07,1.08,,,0.16295,-0.14801,0.01695,0.19423,-0.05193,-0.03798,spy_options_2019.parquet,4194177
SPY,2019-02-25,2019-02-25T16:00:00-05:00,279.46,2019-03-29,31.96,0.08756164383561645,266.0,call,14.6,14.73,15.41,102,,0.19513,0.8091,0.01918,0.22472,-0.05083,0.13227,spy_options_2019.parquet,4194178
SPY,2019-02-25,2019-02-25T16:00:00-05:00,279.46,2019-03-29,31.96,0.08756164383561645,266.0,put,1.18,1.2,1.16,113,,0.16029,-0.16249,0.01828,0.2069,-0.05508,-0.04225,spy_options_2019.parquet,4194178
SPY,2019-02-25,2019-02-25T16:00:00-05:00,279.46,2019-03-29,31.96,0.08756164383561645,267.0,call,13.65,13.82,14.37,1,,0.18879,0.79752,0.02044,0.23356,-0.05149,0.13299,spy_options_2019.parquet,4194179
SPY,2019-02-25,2019-02-25T16:00:00-05:00,279.46,2019-03-29,31.96,0.08756164383561645,267.0,put,1.27,1.28,1.2,186,,0.15611,-0.17644,0.01978,0.21737,-0.05653,-0.04553,spy_options_2019.parquet,4194179
SPY,2019-02-25,2019-02-25T16:00:00-05:00,279.46,2019-03-29,31.96,0.08756164383561645,268.0,call,12.67,12.74,14.05,10,,0.17803,0.78974,0.02223,0.23827,-0.04873,0.1323,spy_options_2019.parquet,4194180
SPY,2019-02-25,2019-02-25T16:00:00-05:00,279.46,2019-03-29,31.96,0.08756164383561645,268.0,put,1.39,1.41,1.35,161,,0.15221,-0.19387,0.02142,0.23016,-0.05841,-0.04984,spy_options_2019.parquet,4194180
SPY,2019-02-25,2019-02-25T16:00:00-05:00,279.46,2019-03-29,31.96,0.08756164383561645,269.0,call,11.62,12.08,13.1,9,,0.17524,0.77093,0.02347,0.25045,-0.05046,0.1333,spy_options_2019.parquet,4194181
SPY,2019-02-25,2019-02-25T16:00:00-05:00,279.46,2019-03-29,31.96,0.08756164383561645,269.0,put,1.49,1.51,1.51,327,,0.14729,-0.20927,0.02315,0.24169,-0.05985,-0.05396,spy_options_2019.parquet,4194181
SPY,2019-02-25,2019-02-25T16:00:00-05:00,279.46,2019-03-29,31.96,0.08756164383561645,270.0,call,11.01,11.11,11.48,58,,0.17304,0.74821,0.02455,0.2638,-0.05367,0.13403,spy_options_2019.parquet,4194182
SPY,2019-02-25,2019-02-25T16:00:00-05:00,279.46,2019-03-29,31.96,0.08756164383561645,270.0,put,1.62,1.65,1.66,,,0.14363,-0.22823,0.02504,0.25366,-0.06142,-0.05875,spy_options_2019.parquet,4194182
SPY,2019-02-25,2019-02-25T16:00:00-05:00,279.46,2019-03-29,31.96,0.08756164383561645,271.0,call,10.1,10.23,9.19,0,,0.16659,0.73029,0.02615,0.2731,-0.05392,0.1338,spy_options_2019.parquet,4194183
SPY,2019-02-25,2019-02-25T16:00:00-05:00,279.46,2019-03-29,31.96,0.08756164383561645,271.0,put,1.78,1.83,1.7,49,,0.14049,-0.25016,0.02691,0.26728,-0.06434,-0.06467,spy_options_2019.parquet,4194183
SPY,2019-02-25,2019-02-25T16:00:00-05:00,279.46,2019-03-29,31.96,0.08756164383561645,272.0,call,9.16,9.27,9.91,5,,0.15831,0.71317,0.02833,0.28162,-0.05248,0.13202,spy_options_2019.parquet,4194184
SPY,2019-02-25,2019-02-25T16:00:00-05:00,279.46,2019-03-29,31.96,0.08756164383561645,272.0,put,2.0,2.04,2.02,,,0.13764,-0.27622,0.02881,0.28006,-0.06684,-0.07151,spy_options_2019.parquet,4194184
SPY,2019-02-25,2019-02-25T16:00:00-05:00,279.46,2019-03-29,31.96,0.08756164383561645,273.0,call,8.33,8.4,8.57,15,,0.15228,0.69116,0.03014,0.2919,-0.05305,0.13074,spy_options_2019.parquet,4194185
SPY,2019-02-25,2019-02-25T16:00:00-05:00,279.46,2019-03-29,31.96,0.08756164383561645,273.0,put,2.18,2.2,2.19,102,,0.13349,-0.30062,0.03102,0.29209,-0.06828,-0.0781,spy_options_2019.parquet,4194185
SPY,2019-02-25,2019-02-25T16:00:00-05:00,279.46,2019-03-29,31.96,0.08756164383561645,274.0,call,7.55,7.62,8.61,,,0.14805,0.66372,0.0318,0.30246,-0.05307,0.12912,spy_options_2019.parquet,4194186
SPY,2019-02-25,2019-02-25T16:00:00-05:00,279.46,2019-03-29,31.96,0.08756164383561645,274.0,put,2.43,2.47,2.41,,,0.1312,-0.33093,0.03287,0.30365,-0.07047,-0.08597,spy_options_2019.parquet,4194186
SPY,2019-02-25,2019-02-25T16:00:00-05:00,279.46,2019-03-29,31.96,0.08756164383561645,275.0,call,6.74,6.83,6.85,79,,0.14316,0.63554,0.03366,0.31122,-0.05381,0.12654,spy_options_2019.parquet,4194187
SPY,2019-02-25,2019-02-25T16:00:00-05:00,279.46,2019-03-29,31.96,0.08756164383561645,275.0,put,2.67,2.69,2.68,,,0.12664,-0.36119,0.03502,0.31346,-0.07079,-0.09352,spy_options_2019.parquet,4194187
SPY,2019-02-25,2019-02-25T16:00:00-05:00,279.46,2019-03-29,31.96,0.08756164383561645,276.0,call,6.01,6.07,6.1,49,,0.13919,0.60477,0.03527,0.31972,-0.05398,0.12312,spy_options_2019.parquet,4194188
SPY,2019-02-25,2019-02-25T16:00:00-05:00,279.46,2019-03-29,31.96,0.08756164383561645,276.0,put,2.92,2.95,2.83,556,,0.12299,-0.39457,0.03725,0.32285,-0.07194,-0.10222,spy_options_2019.parquet,4194188
SPY,2019-02-25,2019-02-25T16:00:00-05:00,279.46,2019-03-29,31.96,0.08756164383561645,277.0,call,5.42,5.48,5.53,253,,0.1378,0.56956,0.03567,0.32678,-0.05569,0.11891,spy_options_2019.parquet,4194189
SPY,2019-02-25,2019-02-25T16:00:00-05:00,279.46,2019-03-29,31.96,0.08756164383561645,277.0,put,3.26,3.3,3.02,242,,0.11958,-0.43056,0.03887,0.32961,-0.07251,-0.11145,spy_options_2019.parquet,4194189
SPY,2019-02-25,2019-02-25T16:00:00-05:00,279.46,2019-03-29,31.96,0.08756164383561645,278.0,call,4.73,4.81,4.84,761,,0.13348,0.53339,0.03699,0.33151,-0.05409,0.11321,spy_options_2019.parquet,4194190
SPY,2019-02-25,2019-02-25T16:00:00-05:00,279.46,2019-03-29,31.96,0.08756164383561645,278.0,put,3.6,3.67,3.55,183,,0.1167,-0.47014,0.04049,0.33287,-0.07241,-0.12163,spy_options_2019.parquet,4194190
SPY,2019-02-25,2019-02-25T16:00:00-05:00,279.46,2019-03-29,31.96,0.08756164383561645,279.0,call,4.11,4.16,4.08,515,,0.13002,0.4966,0.03806,0.3328,-0.05362,0.10766,spy_options_2019.parquet,4194191
SPY,2019-02-25,2019-02-25T16:00:00-05:00,279.46,2019-03-29,31.96,0.08756164383561645,279.0,put,4.0,4.05,3.93,115,,0.11264,-0.51159,0.04187,0.33383,-0.07232,-0.13264,spy_options_2019.parquet,4194191
SPY,2019-02-25,2019-02-25T16:00:00-05:00,279.46,2019-03-29,31.96,0.08756164383561645,280.0,call,3.42,3.45,3.47,,,0.12219,0.45575,0.03984,0.33024,-0.05038,0.10026,spy_options_2019.parquet,4194192
SPY,2019-02-25,2019-02-25T16:00:00-05:00,279.46,2019-03-29,31.96,0.08756164383561645,280.0,put,4.42,4.55,4.41,735,,0.11017,-0.555,0.04246,0.33022,-0.07147,-0.14423,spy_options_2019.parquet,4194192
SPY,2019-02-25,2019-02-25T16:00:00-05:00,279.46,2019-03-29,31.96,0.08756164383561645,281.0,call,2.88,2.93,2.9,901,,0.11934,0.41374,0.03998,0.32541,-0.04816,0.09289,spy_options_2019.parquet,4194193
SPY,2019-02-25,2019-02-25T16:00:00-05:00,279.46,2019-03-29,31.96,0.08756164383561645,281.0,put,4.94,4.99,4.59,,,0.10725,-0.59983,0.0427,0.32295,-0.06976,-0.15605,spy_options_2019.parquet,4194193
SPY,2019-02-25,2019-02-25T16:00:00-05:00,279.46,2019-03-29,31.96,0.08756164383561645,282.0,call,2.38,2.43,2.4,960,,0.11498,0.37038,0.03989,0.31596,-0.0464,0.08358,spy_options_2019.parquet,4194194
SPY,2019-02-25,2019-02-25T16:00:00-05:00,279.46,2019-03-29,31.96,0.08756164383561645,282.0,put,5.38,5.52,5.33,199,,0.10251,-0.6488,0.04295,0.30949,-0.06648,-0.16841,spy_options_2019.parquet,4194194
SPY,2019-02-25,2019-02-25T16:00:00-05:00,279.46,2019-03-29,31.96,0.08756164383561645,283.0,call,1.97,2.0,2.0,264,,0.11299,0.32779,0.03876,0.30198,-0.04318,0.07601,spy_options_2019.parquet,4194195
SPY,2019-02-25,2019-02-25T16:00:00-05:00,279.46,2019-03-29,31.96,0.08756164383561645,283.0,put,5.95,6.05,5.53,34,,0.09802,-0.69899,0.0422,0.29003,-0.06269,-0.18216,spy_options_2019.parquet,4194195
SPY,2019-02-25,2019-02-25T16:00:00-05:00,279.46,2019-03-29,31.96,0.08756164383561645,284.0,call,1.57,1.6,1.61,187,,0.10903,0.28369,0.03751,0.28389,-0.03984,0.06608,spy_options_2019.parquet,4194196
SPY,2019-02-25,2019-02-25T16:00:00-05:00,279.46,2019-03-29,31.96,0.08756164383561645,284.0,put,6.61,6.74,6.33,10,,0.0958,-0.74396,0.03966,0.2687,-0.06002,-0.19371,spy_options_2019.parquet,4194196
SPY,2019-02-25,2019-02-25T16:00:00-05:00,279.46,2019-03-29,31.96,0.08756164383561645,285.0,call,1.26,1.28,1.3,,,0.10694,0.24331,0.03531,0.26283,-0.03584,0.05716,spy_options_2019.parquet,4194197
SPY,2019-02-25,2019-02-25T16:00:00-05:00,279.46,2019-03-29,31.96,0.08756164383561645,285.0,put,7.31,7.41,6.85,46,,0.09209,-0.79092,0.03682,0.23931,-0.05622,-0.20617,spy_options_2019.parquet,4194197
SPY,2019-02-25,2019-02-25T16:00:00-05:00,279.46,2019-03-29,31.96,0.08756164383561645,286.0,call,0.98,1.0,1.06,,,0.1047,0.20439,0.03265,0.23901,-0.03258,0.04836,spy_options_2019.parquet,4194198
SPY,2019-02-25,2019-02-25T16:00:00-05:00,279.46,2019-03-29,31.96,0.08756164383561645,286.0,put,8.08,8.16,7.48,21,,0.08866,-0.83197,0.03297,0.20751,-0.05206,-0.21771,spy_options_2019.parquet,4194198
SPY,2019-02-25,2019-02-25T16:00:00-05:00,279.46,2019-03-29,31.96,0.08756164383561645,287.0,call,0.79,0.8,0.8,336,,0.10378,0.17322,0.02951,0.21539,-0.02875,0.04163,spy_options_2019.parquet,4194199
SPY,2019-02-25,2019-02-25T16:00:00-05:00,279.46,2019-03-29,31.96,0.08756164383561645,287.0,put,8.46,9.23,11.07,1,,0.08167,-0.88391,0.0279,0.16072,-0.04472,-0.23063,spy_options_2019.parquet,4194199
SPY,2019-02-25,2019-02-25T16:00:00-05:00,279.46,2019-03-29,31.96,0.08756164383561645,288.0,call,0.6,0.63,0.6,245,,0.1019,0.14154,0.02624,0.18863,-0.02535,0.03419,spy_options_2019.parquet,4194200
SPY,2019-02-25,2019-02-25T16:00:00-05:00,279.46,2019-03-29,31.96,0.08756164383561645,288.0,put,9.66,9.83,10.77,0,,0.08134,-0.9103,0.02309,0.13197,-0.04208,-0.23882,spy_options_2019.parquet,4194200
SPY,2019-02-25,2019-02-25T16:00:00-05:00,279.46,2019-03-29,31.96,0.08756164383561645,289.0,call,0.44,0.46,0.47,273,,0.10009,0.11205,0.02288,0.16153,-0.02126,0.02713,spy_options_2019.parquet,4194201
SPY,2019-02-25,2019-02-25T16:00:00-05:00,279.46,2019-03-29,31.96,0.08756164383561645,289.0,put,10.54,10.71,20.52,0,,0.07564,-0.94278,0.0171,0.09141,-0.03766,-0.24765,spy_options_2019.parquet,4194201
SPY,2019-02-25,2019-02-25T16:00:00-05:00,279.46,2019-03-29,31.96,0.08756164383561645,290.0,call,0.34,0.35,0.35,315,,0.0991,0.09022,0.01958,0.13777,-0.018,0.02257,spy_options_2019.parquet,4194202
SPY,2019-02-25,2019-02-25T16:00:00-05:00,279.46,2019-03-29,31.96,0.08756164383561645,290.0,put,11.54,11.69,10.85,13,,0.08104,-0.94585,0.01526,0.08779,-0.03729,-0.24948,spy_options_2019.parquet,4194202
SPY,2019-02-25,2019-02-25T16:00:00-05:00,279.46,2019-03-29,31.96,0.08756164383561645,291.0,call,0.26,0.27,0.27,,,0.09937,0.07303,0.01663,0.11745,-0.01495,0.01776,spy_options_2019.parquet,4194203
SPY,2019-02-25,2019-02-25T16:00:00-05:00,279.46,2019-03-29,31.96,0.08756164383561645,291.0,put,12.46,12.66,11.18,30,,0.07769,-0.96538,0.01071,0.05951,-0.0342,-0.25524,spy_options_2019.parquet,4194203
SPY,2019-02-25,2019-02-25T16:00:00-05:00,279.46,2019-03-29,31.96,0.08756164383561645,292.0,call,0.19,0.21,0.3,40,,0.09915,0.05759,0.01382,0.09777,-0.01254,0.01385,spy_options_2019.parquet,4194204
SPY,2019-02-25,2019-02-25T16:00:00-05:00,279.46,2019-03-29,31.96,0.08756164383561645,292.0,put,13.29,13.5,12.09,30,,-0.00014,-1.0,0.0,-135.39965,0.0,0.0,spy_options_2019.parquet,4194204
SPY,2019-02-25,2019-02-25T16:00:00-05:00,279.46,2019-03-29,31.96,0.08756164383561645,293.0,call,0.15,0.16,0.21,23,,0.0991,0.0459,0.0116,0.0822,-0.01055,0.0109,spy_options_2019.parquet,4194205
SPY,2019-02-25,2019-02-25T16:00:00-05:00,279.46,2019-03-29,31.96,0.08756164383561645,293.0,put,14.29,14.38,14.9,0,,0.00079,-1.0,0.0,-145.4004,0.0,0.0,spy_options_2019.parquet,4194205
SPY,2019-02-25,2019-02-25T16:00:00-05:00,279.46,2019-03-29,31.96,0.08756164383561645,294.0,call,0.11,0.14,0.14,13,,0.09928,0.03673,0.00961,0.06818,-0.00868,0.00917,spy_options_2019.parquet,4194206
SPY,2019-02-25,2019-02-25T16:00:00-05:00,279.46,2019-03-29,31.96,0.08756164383561645,294.0,put,15.21,15.45,0.0,,,0.00077,-1.0,0.0,-155.4,0.0,0.0,spy_options_2019.parquet,4194206
SPY,2019-02-25,2019-02-25T16:00:00-05:00,279.46,2019-03-29,31.96,0.08756164383561645,295.0,call,0.09,0.09,0.14,157,,0.1004,0.02967,0.00793,0.05743,-0.00752,0.00737,spy_options_2019.parquet,4194207
SPY,2019-02-25,2019-02-25T16:00:00-05:00,279.46,2019-03-29,31.96,0.08756164383561645,295.0,put,16.21,16.42,31.42,0,,0.00022,-1.0,0.0,-165.39955,0.0,0.0,spy_options_2019.parquet,4194207
SPY,2019-02-25,2019-02-25T16:00:00-05:00,279.46,2019-03-29,31.96,0.08756164383561645,296.0,call,0.07,0.09,0.09,63,,0.10111,0.02382,0.00653,0.04786,-0.00634,0.00622,spy_options_2019.parquet,4194208
SPY,2019-02-25,2019-02-25T16:00:00-05:00,279.46,2019-03-29,31.96,0.08756164383561645,296.0,put,17.22,17.4,0.0,,,0.00045,-1.0,0.0,-175.40014,0.0,0.0,spy_options_2019.parquet,4194208
SPY,2019-02-25,2019-02-25T16:00:00-05:00,279.46,2019-03-29,31.96,0.08756164383561645,297.0,call,0.05,0.07,0.05,0,,0.10375,0.02044,0.0057,0.0425,-0.00612,0.00471,spy_options_2019.parquet,4194209
SPY,2019-02-25,2019-02-25T16:00:00-05:00,279.46,2019-03-29,31.96,0.08756164383561645,297.0,put,16.53,20.21,28.4,8,,0.0004,-1.0,0.0,-185.39981,0.0,0.0,spy_options_2019.parquet,4194209
SPY,2019-02-25,2019-02-25T16:00:00-05:00,279.46,2019-03-29,31.96,0.08756164383561645,298.0,call,0.05,0.07,0.06,10,,0.10574,0.01707,0.00487,0.03645,-0.00542,0.00439,spy_options_2019.parquet,4194210
SPY,2019-02-25,2019-02-25T16:00:00-05:00,279.46,2019-03-29,31.96,0.08756164383561645,298.0,put,19.16,19.38,0.0,,,0.00089,-1.0,0.0,-195.40042,0.0,0.0,spy_options_2019.parquet,4194210
SPY,2019-02-25,2019-02-25T16:00:00-05:00,279.46,2019-03-29,31.96,0.08756164383561645,299.0,call,0.03,0.04,0.05,28,,0.10716,0.01446,0.00404,0.03073,-0.00486,0.00377,spy_options_2019.parquet,4194211
SPY,2019-02-25,2019-02-25T16:00:00-05:00,279.46,2019-03-29,31.96,0.08756164383561645,299.0,put,20.15,20.37,0.0,,,0.00065,-1.0,0.0,-205.39971,0.0,0.0,spy_options_2019.parquet,4194211
SPY,2019-02-25,2019-02-25T16:00:00-05:00,279.46,2019-03-29,31.96,0.08756164383561645,300.0,call,0.03,0.05,0.04,153,,0.10751,0.01144,0.00325,0.02529,-0.00372,0.00318,spy_options_2019.parquet,4194212
SPY,2019-02-25,2019-02-25T16:00:00-05:00,279.46,2019-03-29,31.96,0.08756164383561645,300.0,put,21.15,21.38,29.95,0,,0.00023,-1.0,0.0,-215.39963,0.0,0.0,spy_options_2019.parquet,4194212
SPY,2019-02-25,2019-02-25T16:00:00-05:00,279.46,2019-03-29,31.96,0.08756164383561645,305.0,call,0.01,0.02,0.02,400,,0.11622,0.00492,0.0014,0.01179,-0.0014,0.00135,spy_options_2019.parquet,4194213
SPY,2019-02-25,2019-02-25T16:00:00-05:00,279.46,2019-03-29,31.96,0.08756164383561645,305.0,put,26.16,26.31,62.85,0,,0.00028,-0.99621,0.0,0.0,-0.02789,-0.27544,spy_options_2019.parquet,4194213
SPY,2019-02-25,2019-02-25T16:00:00-05:00,279.46,2019-03-29,31.96,0.08756164383561645,310.0,call,0.01,0.01,0.02,14,,0.13505,0.00395,0.00112,0.01088,-0.00244,0.00143,spy_options_2019.parquet,4194214
SPY,2019-02-25,2019-02-25T16:00:00-05:00,279.46,2019-03-29,31.96,0.08756164383561645,310.0,put,30.72,31.63,59.97,0,,0.00052,-0.99657,0.0,0.0,-0.02819,-0.27986,spy_options_2019.parquet,4194214
SPY,2019-02-25,2019-02-25T16:00:00-05:00,279.46,2019-03-29,31.96,0.08756164383561645,315.0,call,0.0,0.02,0.01,401,,0.1369,0.00119,0.0004,0.00446,-0.00121,0.00061,spy_options_2019.parquet,4194215
SPY,2019-02-25,2019-02-25T16:00:00-05:00,279.46,2019-03-29,31.96,0.08756164383561645,315.0,put,35.73,36.59,39.62,0,,0.0007,-1.0,0.0,-365.40008,0.0,0.0,spy_options_2019.parquet,4194215
SPY,2019-02-25,2019-02-25T16:00:00-05:00,279.46,2019-03-29,31.96,0.08756164383561645,320.0,call,0.0,0.0,0.01,30,,0.15323,0.00128,0.00039,0.00348,-0.00117,9e-05,spy_options_2019.parquet,4194216
SPY,2019-02-25,2019-02-25T16:00:00-05:00,279.46,2019-03-29,31.96,0.08756164383561645,320.0,put,41.16,41.47,30.15,0,,1e-05,-1.0,0.0,-415.3998,0.0,0.0,spy_options_2019.parquet,4194216
SPY,2019-02-25,2019-02-25T16:00:00-05:00,279.46,2019-03-29,31.96,0.08756164383561645,325.0,call,0.0,0.01,0.02,0,,0.16858,0.00105,0.0003,0.0032,-0.00077,0.00037,spy_options_2019.parquet,4194217
SPY,2019-02-25,2019-02-25T16:00:00-05:00,279.46,2019-03-29,31.96,0.08756164383561645,325.0,put,45.79,46.46,35.0,0,,0.00038,-0.99621,0.0,0.0,-0.02823,-0.29324,spy_options_2019.parquet,4194217
SPY,2019-02-25,2019-02-25T16:00:00-05:00,279.46,2019-03-29,31.96,0.08756164383561645,330.0,call,0.0,0.0,0.01,0,,0.18334,0.00159,0.0003,0.00298,-0.00114,0.00014,spy_options_2019.parquet,4194218
SPY,2019-02-25,2019-02-25T16:00:00-05:00,279.46,2019-03-29,31.96,0.08756164383561645,330.0,put,50.81,51.71,48.42,0,,0.00064,-1.0,0.0,-515.39965,0.0,0.0,spy_options_2019.parquet,4194218
SPY,2019-02-25,2019-02-25T16:00:00-05:00,279.46,2019-03-29,31.96,0.08756164383561645,335.0,call,0.0,0.01,0.09,0,,0.1984,0.00136,0.00024,0.00321,-0.00075,0.00022,spy_options_2019.parquet,4194219
SPY,2019-02-25,2019-02-25T16:00:00-05:00,279.46,2019-03-29,31.96,0.08756164383561645,335.0,put,55.69,56.58,54.51,0,,-7e-05,-1.0,0.0,-565.39984,0.0,0.0,spy_options_2019.parquet,4194219
SPY,2019-02-25,2019-02-25T16:00:00-05:00,279.46,2019-03-29,31.96,0.08756164383561645,340.0,call,0.0,0.01,0.01,0,,0.21261,0.00134,0.00017,0.00269,-0.0007,-0.00024,spy_options_2019.parquet,4194220
SPY,2019-02-25,2019-02-25T16:00:00-05:00,279.46,2019-03-29,31.96,0.08756164383561645,340.0,put,61.05,61.37,0.0,,,-4e-05,-1.0,0.0,-615.40007,0.0,0.0,spy_options_2019.parquet,4194220
SPY,2019-02-25,2019-02-25T16:00:00-05:00,279.46,2019-03-29,31.96,0.08756164383561645,345.0,call,0.0,0.02,0.02,0,,0.22717,0.00094,0.00017,0.00246,-0.00109,-0.00016,spy_options_2019.parquet,4194221
SPY,2019-02-25,2019-02-25T16:00:00-05:00,279.46,2019-03-29,31.96,0.08756164383561645,345.0,put,65.9,66.58,97.79,0,,0.00019,-0.99654,0.0,0.0,-0.02847,-0.31205,spy_options_2019.parquet,4194221
SPY,2019-02-25,2019-02-25T16:00:00-05:00,279.46,2019-04-01,34.96,0.09578082191780822,235.0,call,43.34,46.7,0.0,,,0.39532,0.92866,0.00381,0.1099,-0.04933,0.0829,spy_options_2019.parquet,4194222
SPY,2019-02-25,2019-02-25T16:00:00-05:00,279.46,2019-04-01,34.96,0.09578082191780822,235.0,put,0.16,0.19,0.0,,,0.27054,-0.02101,0.0021,0.04346,-0.01691,-0.00561,spy_options_2019.parquet,4194222
SPY,2019-02-25,2019-02-25T16:00:00-05:00,279.46,2019-04-01,34.96,0.09578082191780822,240.0,call,39.7,40.02,0.0,,,0.34069,0.93517,0.00452,0.10192,-0.03838,0.0804,spy_options_2019.parquet,4194223
SPY,2019-02-25,2019-02-25T16:00:00-05:00,279.46,2019-04-01,34.96,0.09578082191780822,240.0,put,0.23,0.26,0.0,,,0.25188,-0.0276,0.00279,0.05476,-0.01927,-0.00789,spy_options_2019.parquet,4194223
SPY,2019-02-25,2019-02-25T16:00:00-05:00,279.46,2019-04-01,34.96,0.09578082191780822,245.0,call,33.41,36.78,0.0,,,0.3235,0.91655,0.00603,0.1282,-0.04531,0.10308,spy_options_2019.parquet,4194224
SPY,2019-02-25,2019-02-25T16:00:00-05:00,279.46,2019-04-01,34.96,0.09578082191780822,245.0,put,0.28,0.31,0.0,,,0.23157,-0.03523,0.00382,0.06897,-0.02313,-0.00974,spy_options_2019.parquet,4194224
SPY,2019-02-25,2019-02-25T16:00:00-05:00,279.46,2019-04-01,34.96,0.09578082191780822,250.0,call,28.48,31.84,0.0,,,0.28921,0.90525,0.00775,0.14226,-0.04472,0.11287,spy_options_2019.parquet,4194225
SPY,2019-02-25,2019-02-25T16:00:00-05:00,279.46,2019-04-01,34.96,0.09578082191780822,250.0,put,0.39,0.42,0.31,5,,0.21355,-0.04973,0.00546,0.09063,-0.02812,-0.01422,spy_options_2019.parquet,4194225
SPY,2019-02-25,2019-02-25T16:00:00-05:00,279.46,2019-04-01,34.96,0.09578082191780822,255.0,call,25.08,25.39,26.45,5,,0.25672,0.88833,0.01005,0.16185,-0.04392,0.12313,spy_options_2019.parquet,4194226
SPY,2019-02-25,2019-02-25T16:00:00-05:00,279.46,2019-04-01,34.96,0.09578082191780822,255.0,put,0.53,0.56,0.52,59,,0.19436,-0.0707,0.00787,0.1182,-0.03401,-0.01941,spy_options_2019.parquet,4194226
SPY,2019-02-25,2019-02-25T16:00:00-05:00,279.46,2019-04-01,34.96,0.09578082191780822,260.0,call,20.16,20.47,0.0,,,0.22162,0.86631,0.01342,0.18499,-0.04308,0.13089,spy_options_2019.parquet,4194227
SPY,2019-02-25,2019-02-25T16:00:00-05:00,279.46,2019-04-01,34.96,0.09578082191780822,260.0,put,0.76,0.78,0.71,116,,0.17609,-0.10215,0.01152,0.15612,-0.04063,-0.02864,spy_options_2019.parquet,4194227
SPY,2019-02-25,2019-02-25T16:00:00-05:00,279.46,2019-04-01,34.96,0.09578082191780822,265.0,call,15.42,15.68,16.78,5,,0.19173,0.82278,0.01819,0.22338,-0.04518,0.14022,spy_options_2019.parquet,4194228
SPY,2019-02-25,2019-02-25T16:00:00-05:00,279.46,2019-04-01,34.96,0.09578082191780822,265.0,put,1.13,1.16,1.07,266,,0.15898,-0.15354,0.01695,0.20771,-0.05048,-0.04336,spy_options_2019.parquet,4194228
SPY,2019-02-25,2019-02-25T16:00:00-05:00,279.46,2019-04-01,34.96,0.09578082191780822,270.0,call,10.91,11.1,11.41,18,,0.16454,0.74954,0.02482,0.27462,-0.04807,0.14422,spy_options_2019.parquet,4194229
SPY,2019-02-25,2019-02-25T16:00:00-05:00,279.46,2019-04-01,34.96,0.09578082191780822,270.0,put,1.7,1.76,1.68,104,,0.14069,-0.23456,0.0249,0.26829,-0.05879,-0.0657,spy_options_2019.parquet,4194229
SPY,2019-02-25,2019-02-25T16:00:00-05:00,279.46,2019-04-01,34.96,0.09578082191780822,273.0,call,8.49,8.64,0.0,,,0.15334,0.68167,0.02896,0.30848,-0.05191,0.14188,spy_options_2019.parquet,4194230
SPY,2019-02-25,2019-02-25T16:00:00-05:00,279.46,2019-04-01,34.96,0.09578082191780822,273.0,put,2.27,2.33,2.03,94,,0.13105,-0.30583,0.03047,0.30763,-0.06438,-0.08676,spy_options_2019.parquet,4194230
SPY,2019-02-25,2019-02-25T16:00:00-05:00,279.46,2019-04-01,34.96,0.09578082191780822,274.0,call,7.7,7.82,7.75,2,,0.14854,0.65619,0.03055,0.31866,-0.05175,0.13985,spy_options_2019.parquet,4194231
SPY,2019-02-25,2019-02-25T16:00:00-05:00,279.46,2019-04-01,34.96,0.09578082191780822,274.0,put,2.45,2.54,2.23,1,,0.12654,-0.33373,0.03268,0.31793,-0.06515,-0.09399,spy_options_2019.parquet,4194231
SPY,2019-02-25,2019-02-25T16:00:00-05:00,279.46,2019-04-01,34.96,0.09578082191780822,275.0,call,6.89,7.03,7.24,12,,0.14299,0.62967,0.03222,0.32714,-0.05113,0.13606,spy_options_2019.parquet,4194232
SPY,2019-02-25,2019-02-25T16:00:00-05:00,279.46,2019-04-01,34.96,0.09578082191780822,275.0,put,2.75,2.81,2.55,,,0.12413,-0.36485,0.0345,0.32944,-0.06661,-0.10345,spy_options_2019.parquet,4194232
SPY,2019-02-25,2019-02-25T16:00:00-05:00,279.46,2019-04-01,34.96,0.09578082191780822,276.0,call,6.15,6.3,0.0,,,0.13899,0.59877,0.03367,0.33518,-0.0512,0.13283,spy_options_2019.parquet,4194233
SPY,2019-02-25,2019-02-25T16:00:00-05:00,279.46,2019-04-01,34.96,0.09578082191780822,276.0,put,3.03,3.09,2.74,5,,0.12092,-0.39827,0.03641,0.33768,-0.06769,-0.11282,spy_options_2019.parquet,4194233
SPY,2019-02-25,2019-02-25T16:00:00-05:00,279.46,2019-04-01,34.96,0.09578082191780822,277.0,call,5.45,5.56,6.32,10,,0.13447,0.56686,0.03513,0.34184,-0.0517,0.12812,spy_options_2019.parquet,4194234
SPY,2019-02-25,2019-02-25T16:00:00-05:00,279.46,2019-04-01,34.96,0.09578082191780822,277.0,put,3.33,3.38,3.24,52,,0.11676,-0.43353,0.03843,0.34409,-0.06825,-0.12257,spy_options_2019.parquet,4194234
SPY,2019-02-25,2019-02-25T16:00:00-05:00,279.46,2019-04-01,34.96,0.09578082191780822,278.0,call,4.65,4.78,4.82,205,,0.12703,0.53319,0.03733,0.34524,-0.04858,0.12239,spy_options_2019.parquet,4194235
SPY,2019-02-25,2019-02-25T16:00:00-05:00,279.46,2019-04-01,34.96,0.09578082191780822,278.0,put,3.64,3.77,3.7,82,,0.11267,-0.47201,0.04002,0.34836,-0.06829,-0.13425,spy_options_2019.parquet,4194235
SPY,2019-02-25,2019-02-25T16:00:00-05:00,279.46,2019-04-01,34.96,0.09578082191780822,279.0,call,4.04,4.15,4.91,2,,0.12337,0.49465,0.03834,0.3472,-0.0477,0.11561,spy_options_2019.parquet,4194236
SPY,2019-02-25,2019-02-25T16:00:00-05:00,279.46,2019-04-01,34.96,0.09578082191780822,279.0,put,4.04,4.12,3.43,26,,0.10921,-0.51318,0.0415,0.34863,-0.06713,-0.14593,spy_options_2019.parquet,4194236
SPY,2019-02-25,2019-02-25T16:00:00-05:00,279.46,2019-04-01,34.96,0.09578082191780822,280.0,call,3.47,3.55,3.55,39,,0.11976,0.4552,0.03892,0.34488,-0.04648,0.10844,spy_options_2019.parquet,4194237
SPY,2019-02-25,2019-02-25T16:00:00-05:00,279.46,2019-04-01,34.96,0.09578082191780822,280.0,put,4.46,4.55,4.45,276,,0.1056,-0.55696,0.04242,0.34483,-0.06591,-0.15836,spy_options_2019.parquet,4194237
SPY,2019-02-25,2019-02-25T16:00:00-05:00,279.46,2019-04-01,34.96,0.09578082191780822,281.0,call,2.98,3.01,3.0,154,,0.117,0.4143,0.03903,0.33974,-0.04529,0.10031,spy_options_2019.parquet,4194238
SPY,2019-02-25,2019-02-25T16:00:00-05:00,279.46,2019-04-01,34.96,0.09578082191780822,281.0,put,4.94,5.01,4.72,34,,0.10214,-0.60289,0.04297,0.3364,-0.06421,-0.17135,spy_options_2019.parquet,4194238
SPY,2019-02-25,2019-02-25T16:00:00-05:00,279.46,2019-04-01,34.96,0.09578082191780822,282.0,call,2.45,2.5,2.55,23,,0.11314,0.37195,0.03902,0.33017,-0.043,0.09129,spy_options_2019.parquet,4194239
SPY,2019-02-25,2019-02-25T16:00:00-05:00,279.46,2019-04-01,34.96,0.09578082191780822,282.0,put,5.38,5.54,5.17,2,,0.09745,-0.65247,0.04311,0.32184,-0.06189,-0.18517,spy_options_2019.parquet,4194239
SPY,2019-02-25,2019-02-25T16:00:00-05:00,279.46,2019-04-01,34.96,0.09578082191780822,283.0,call,2.03,2.06,2.14,50,,0.11031,0.32992,0.03814,0.31578,-0.0404,0.08233,spy_options_2019.parquet,4194240
SPY,2019-02-25,2019-02-25T16:00:00-05:00,279.46,2019-04-01,34.96,0.09578082191780822,283.0,put,5.97,6.13,0.0,,,0.09365,-0.70022,0.04187,0.30298,-0.05931,-0.19855,spy_options_2019.parquet,4194240
SPY,2019-02-25,2019-02-25T16:00:00-05:00,279.46,2019-04-01,34.96,0.09578082191780822,284.0,call,1.64,1.67,1.74,184,,0.10715,0.28799,0.03673,0.29792,-0.03711,0.07302,spy_options_2019.parquet,4194241
SPY,2019-02-25,2019-02-25T16:00:00-05:00,279.46,2019-04-01,34.96,0.09578082191780822,284.0,put,6.64,6.81,0.0,,,0.09145,-0.74498,0.03944,0.27929,-0.05657,-0.21209,spy_options_2019.parquet,4194241
SPY,2019-02-25,2019-02-25T16:00:00-05:00,279.46,2019-04-01,34.96,0.09578082191780822,285.0,call,1.34,1.36,1.38,53,,0.10511,0.2481,0.03462,0.27796,-0.03433,0.06416,spy_options_2019.parquet,4194242
SPY,2019-02-25,2019-02-25T16:00:00-05:00,279.46,2019-04-01,34.96,0.09578082191780822,285.0,put,7.36,7.49,6.92,18,,0.08895,-0.78965,0.03649,0.24961,-0.05311,-0.22464,spy_options_2019.parquet,4194242
SPY,2019-02-25,2019-02-25T16:00:00-05:00,279.46,2019-04-01,34.96,0.09578082191780822,290.0,call,0.37,0.38,0.41,185,,0.09827,0.0955,0.01992,0.15002,-0.01805,0.026,spy_options_2019.parquet,4194243
SPY,2019-02-25,2019-02-25T16:00:00-05:00,279.46,2019-04-01,34.96,0.09578082191780822,290.0,put,11.4,11.69,11.5,1,,0.05051,-0.99066,0.00365,0.01434,-0.02822,-0.28426,spy_options_2019.parquet,4194243
SPY,2019-02-25,2019-02-25T16:00:00-05:00,279.46,2019-04-01,34.96,0.09578082191780822,295.0,call,0.1,0.11,0.13,51,,0.09839,0.03187,0.00831,0.06316,-0.00774,0.00821,spy_options_2019.parquet,4194244
SPY,2019-02-25,2019-02-25T16:00:00-05:00,279.46,2019-04-01,34.96,0.09578082191780822,295.0,put,16.26,16.56,0.0,,,0.00062,-1.0,0.0,-165.39954,0.0,0.0,spy_options_2019.parquet,4194244
SPY,2019-02-25,2019-02-25T16:00:00-05:00,279.46,2019-04-01,34.96,0.09578082191780822,300.0,call,0.04,0.04,0.05,,,0.10705,0.01396,0.00374,0.03182,-0.00373,0.00345,spy_options_2019.parquet,4194245
SPY,2019-02-25,2019-02-25T16:00:00-05:00,279.46,2019-04-01,34.96,0.09578082191780822,300.0,put,21.17,21.49,0.0,,,0.00065,-1.0,0.0,-215.39986,0.0,0.0,spy_options_2019.parquet,4194245
SPY,2019-02-25,2019-02-25T16:00:00-05:00,279.46,2019-04-05,38.96,0.10673972602739726,235.0,call,44.69,45.0,0.0,,,0.35959,0.93641,0.00358,0.10261,-0.03703,0.08056,spy_options_2019.parquet,4194246
SPY,2019-02-25,2019-02-25T16:00:00-05:00,279.46,2019-04-05,38.96,0.10673972602739726,235.0,put,0.23,0.24,0.2,3,,0.26651,-0.02494,0.00235,0.05362,-0.01782,-0.00771,spy_options_2019.parquet,4194246
SPY,2019-02-25,2019-02-25T16:00:00-05:00,279.46,2019-04-05,38.96,0.10673972602739726,240.0,call,39.81,40.03,0.0,,,0.33061,0.93095,0.00464,0.11323,-0.03668,0.09467,spy_options_2019.parquet,4194247
SPY,2019-02-25,2019-02-25T16:00:00-05:00,279.46,2019-04-05,38.96,0.10673972602739726,240.0,put,0.29,0.3,0.26,1,,0.24816,-0.03163,0.00316,0.06615,-0.02116,-0.01029,spy_options_2019.parquet,4194247
SPY,2019-02-25,2019-02-25T16:00:00-05:00,279.46,2019-04-05,38.96,0.10673972602739726,242.5,call,37.46,37.65,0.0,,,0.323,0.92152,0.00539,0.12729,-0.04032,0.10698,spy_options_2019.parquet,4194248
SPY,2019-02-25,2019-02-25T16:00:00-05:00,279.46,2019-04-05,38.96,0.10673972602739726,242.5,put,0.32,0.33,0.3,3,,0.23951,-0.03667,0.00362,0.07483,-0.0228,-0.01178,spy_options_2019.parquet,4194248
SPY,2019-02-25,2019-02-25T16:00:00-05:00,279.46,2019-04-05,38.96,0.10673972602739726,245.0,call,35.04,35.23,0.0,,,0.3097,0.91472,0.00605,0.13713,-0.04153,0.11525,spy_options_2019.parquet,4194249
SPY,2019-02-25,2019-02-25T16:00:00-05:00,279.46,2019-04-05,38.96,0.10673972602739726,245.0,put,0.38,0.38,0.27,14,,0.22949,-0.0422,0.00425,0.08276,-0.0243,-0.01302,spy_options_2019.parquet,4194249
SPY,2019-02-25,2019-02-25T16:00:00-05:00,279.46,2019-04-05,38.96,0.10673972602739726,247.5,call,32.43,32.94,0.0,,,0.29514,0.90875,0.00694,0.14583,-0.04159,0.12193,spy_options_2019.parquet,4194250
SPY,2019-02-25,2019-02-25T16:00:00-05:00,279.46,2019-04-05,38.96,0.10673972602739726,247.5,put,0.43,0.45,0.0,,,0.22203,-0.04951,0.00505,0.09483,-0.02724,-0.01606,spy_options_2019.parquet,4194250
SPY,2019-02-25,2019-02-25T16:00:00-05:00,279.46,2019-04-05,38.96,0.10673972602739726,250.0,call,29.82,30.41,0.0,,,0.27273,0.90783,0.00774,0.14698,-0.03806,0.12332,spy_options_2019.parquet,4194251
SPY,2019-02-25,2019-02-25T16:00:00-05:00,279.46,2019-04-05,38.96,0.10673972602739726,250.0,put,0.49,0.5,0.45,1,,0.21252,-0.05834,0.00594,0.10719,-0.03003,-0.01834,spy_options_2019.parquet,4194251
SPY,2019-02-25,2019-02-25T16:00:00-05:00,279.46,2019-04-05,38.96,0.10673972602739726,251.0,call,28.81,29.46,0.0,,,0.26724,0.90408,0.0082,0.15098,-0.0391,0.12646,spy_options_2019.parquet,4194252
SPY,2019-02-25,2019-02-25T16:00:00-05:00,279.46,2019-04-05,38.96,0.10673972602739726,251.0,put,0.53,0.54,0.54,0,,0.20917,-0.06259,0.00632,0.11269,-0.03108,-0.02006,spy_options_2019.parquet,4194252
SPY,2019-02-25,2019-02-25T16:00:00-05:00,279.46,2019-04-05,38.96,0.10673972602739726,252.0,call,27.85,28.48,0.0,,,0.26155,0.90076,0.00862,0.1554,-0.03847,0.12918,spy_options_2019.parquet,4194253
SPY,2019-02-25,2019-02-25T16:00:00-05:00,279.46,2019-04-05,38.96,0.10673972602739726,252.0,put,0.56,0.58,0.57,6,,0.20548,-0.06692,0.00675,0.11898,-0.03194,-0.02063,spy_options_2019.parquet,4194253
SPY,2019-02-25,2019-02-25T16:00:00-05:00,279.46,2019-04-05,38.96,0.10673972602739726,252.5,call,27.59,27.79,0.0,,,0.25932,0.89776,0.00882,0.15989,-0.0394,0.13093,spy_options_2019.parquet,4194254
SPY,2019-02-25,2019-02-25T16:00:00-05:00,279.46,2019-04-05,38.96,0.10673972602739726,252.5,put,0.56,0.6,0.52,4,,0.20375,-0.06855,0.00696,0.12146,-0.03252,-0.021,spy_options_2019.parquet,4194254
SPY,2019-02-25,2019-02-25T16:00:00-05:00,279.46,2019-04-05,38.96,0.10673972602739726,253.0,call,27.03,27.24,0.0,,,0.25203,0.90034,0.0091,0.15675,-0.03789,0.12966,spy_options_2019.parquet,4194255
SPY,2019-02-25,2019-02-25T16:00:00-05:00,279.46,2019-04-05,38.96,0.10673972602739726,253.0,put,0.58,0.61,0.54,1,,0.20139,-0.07039,0.00726,0.12499,-0.03346,-0.02193,spy_options_2019.parquet,4194255
SPY,2019-02-25,2019-02-25T16:00:00-05:00,279.46,2019-04-05,38.96,0.10673972602739726,254.0,call,26.13,26.34,0.0,,,0.25149,0.89113,0.00957,0.1674,-0.03957,0.1345,spy_options_2019.parquet,4194256
SPY,2019-02-25,2019-02-25T16:00:00-05:00,279.46,2019-04-05,38.96,0.10673972602739726,254.0,put,0.64,0.64,0.52,76,,0.19899,-0.07604,0.00782,0.13259,-0.03475,-0.02432,spy_options_2019.parquet,4194256
SPY,2019-02-25,2019-02-25T16:00:00-05:00,279.46,2019-04-05,38.96,0.10673972602739726,255.0,call,25.25,25.39,0.0,,,0.24844,0.88281,0.01011,0.17678,-0.04261,0.13907,spy_options_2019.parquet,4194257
SPY,2019-02-25,2019-02-25T16:00:00-05:00,279.46,2019-04-05,38.96,0.10673972602739726,255.0,put,0.66,0.7,0.66,65,,0.19498,-0.08117,0.00833,0.13829,-0.03515,-0.02527,spy_options_2019.parquet,4194257
SPY,2019-02-25,2019-02-25T16:00:00-05:00,279.46,2019-04-05,38.96,0.10673972602739726,256.0,call,24.28,24.41,0.0,,,0.24237,0.87781,0.01072,0.18258,-0.04271,0.14221,spy_options_2019.parquet,4194258
SPY,2019-02-25,2019-02-25T16:00:00-05:00,279.46,2019-04-05,38.96,0.10673972602739726,256.0,put,0.71,0.74,0.67,2,,0.19147,-0.08705,0.00895,0.14618,-0.03698,-0.02695,spy_options_2019.parquet,4194258
SPY,2019-02-25,2019-02-25T16:00:00-05:00,279.46,2019-04-05,38.96,0.10673972602739726,257.0,call,21.75,24.92,0.0,,,0.23526,0.87543,0.01129,0.18552,-0.04146,0.14282,spy_options_2019.parquet,4194259
SPY,2019-02-25,2019-02-25T16:00:00-05:00,279.46,2019-04-05,38.96,0.10673972602739726,257.0,put,0.75,0.78,0.77,,,0.18786,-0.09278,0.00954,0.15344,-0.03858,-0.02925,spy_options_2019.parquet,4194259
SPY,2019-02-25,2019-02-25T16:00:00-05:00,279.46,2019-04-05,38.96,0.10673972602739726,257.5,call,22.79,22.97,0.0,,,0.23379,0.87104,0.01159,0.18963,-0.04259,0.14435,spy_options_2019.parquet,4194260
SPY,2019-02-25,2019-02-25T16:00:00-05:00,279.46,2019-04-05,38.96,0.10673972602739726,257.5,put,0.8,0.81,0.79,641,,0.18666,-0.09751,0.00993,0.15829,-0.03909,-0.03036,spy_options_2019.parquet,4194260
SPY,2019-02-25,2019-02-25T16:00:00-05:00,279.46,2019-04-05,38.96,0.10673972602739726,258.0,call,22.06,22.62,0.0,,,0.22755,0.8711,0.012,0.18918,-0.04063,0.14451,spy_options_2019.parquet,4194261
SPY,2019-02-25,2019-02-25T16:00:00-05:00,279.46,2019-04-05,38.96,0.10673972602739726,258.0,put,0.82,0.83,0.82,583,,0.18401,-0.09968,0.01022,0.1613,-0.03972,-0.03112,spy_options_2019.parquet,4194261
SPY,2019-02-25,2019-02-25T16:00:00-05:00,279.46,2019-04-05,38.96,0.10673972602739726,259.0,call,21.1,21.66,0.0,,,0.22213,0.86535,0.01268,0.1961,-0.04166,0.14648,spy_options_2019.parquet,4194262
SPY,2019-02-25,2019-02-25T16:00:00-05:00,279.46,2019-04-05,38.96,0.10673972602739726,259.0,put,0.87,0.88,0.87,258,,0.18017,-0.10672,0.01101,0.17012,-0.04061,-0.03346,spy_options_2019.parquet,4194262
SPY,2019-02-25,2019-02-25T16:00:00-05:00,279.46,2019-04-05,38.96,0.10673972602739726,260.0,call,20.35,20.55,0.0,,,0.21748,0.85639,0.0133,0.20526,-0.04298,0.14975,spy_options_2019.parquet,4194263
SPY,2019-02-25,2019-02-25T16:00:00-05:00,279.46,2019-04-05,38.96,0.10673972602739726,260.0,put,0.94,0.95,0.92,206,,0.178,-0.11509,0.01183,0.18012,-0.04317,-0.03623,spy_options_2019.parquet,4194263
SPY,2019-02-25,2019-02-25T16:00:00-05:00,279.46,2019-04-05,38.96,0.10673972602739726,261.0,call,19.41,19.59,0.0,,,0.21232,0.84876,0.01413,0.21264,-0.04306,0.15131,spy_options_2019.parquet,4194264
SPY,2019-02-25,2019-02-25T16:00:00-05:00,279.46,2019-04-05,38.96,0.10673972602739726,261.0,put,0.99,1.02,1.0,,,0.17382,-0.12289,0.01268,0.18869,-0.04387,-0.03899,spy_options_2019.parquet,4194264
SPY,2019-02-25,2019-02-25T16:00:00-05:00,279.46,2019-04-05,38.96,0.10673972602739726,262.0,call,18.56,18.68,0.0,,,0.21013,0.83658,0.01485,0.22364,-0.0456,0.15484,spy_options_2019.parquet,4194265
SPY,2019-02-25,2019-02-25T16:00:00-05:00,279.46,2019-04-05,38.96,0.10673972602739726,262.0,put,1.07,1.11,0.97,207,,0.17046,-0.13392,0.01363,0.1992,-0.04603,-0.04223,spy_options_2019.parquet,4194265
SPY,2019-02-25,2019-02-25T16:00:00-05:00,279.46,2019-04-05,38.96,0.10673972602739726,262.5,call,18.05,18.19,0.0,,,0.20613,0.83362,0.01535,0.22672,-0.04498,0.15525,spy_options_2019.parquet,4194266
SPY,2019-02-25,2019-02-25T16:00:00-05:00,279.46,2019-04-05,38.96,0.10673972602739726,262.5,put,1.11,1.13,1.02,132,,0.168,-0.1378,0.01419,0.20398,-0.04595,-0.04296,spy_options_2019.parquet,4194266
SPY,2019-02-25,2019-02-25T16:00:00-05:00,279.46,2019-04-05,38.96,0.10673972602739726,263.0,call,17.31,17.83,17.9,1,,0.19994,0.83339,0.01588,0.22601,-0.04277,0.15445,spy_options_2019.parquet,4194267
SPY,2019-02-25,2019-02-25T16:00:00-05:00,279.46,2019-04-05,38.96,0.10673972602739726,263.0,put,1.15,1.17,1.0,211,,0.16659,-0.14276,0.01469,0.20881,-0.0465,-0.04508,spy_options_2019.parquet,4194267
SPY,2019-02-25,2019-02-25T16:00:00-05:00,279.46,2019-04-05,38.96,0.10673972602739726,264.0,call,16.61,16.79,0.0,,,0.1978,0.8192,0.01673,0.23927,-0.04473,0.15789,spy_options_2019.parquet,4194268
SPY,2019-02-25,2019-02-25T16:00:00-05:00,279.46,2019-04-05,38.96,0.10673972602739726,264.0,put,1.27,1.28,1.26,258,,0.16431,-0.15558,0.01576,0.22119,-0.04933,-0.04925,spy_options_2019.parquet,4194268
SPY,2019-02-25,2019-02-25T16:00:00-05:00,279.46,2019-04-05,38.96,0.10673972602739726,265.0,call,15.69,15.86,16.96,5,,0.19234,0.80826,0.01769,0.24815,-0.04576,0.15924,spy_options_2019.parquet,4194269
SPY,2019-02-25,2019-02-25T16:00:00-05:00,279.46,2019-04-05,38.96,0.10673972602739726,265.0,put,1.33,1.35,1.27,68,,0.15999,-0.16739,0.01697,0.23116,-0.05033,-0.05257,spy_options_2019.parquet,4194269
SPY,2019-02-25,2019-02-25T16:00:00-05:00,279.46,2019-04-05,38.96,0.10673972602739726,266.0,call,14.74,14.88,13.93,0,,0.18465,0.79856,0.01894,0.25511,-0.04472,0.15982,spy_options_2019.parquet,4194270
SPY,2019-02-25,2019-02-25T16:00:00-05:00,279.46,2019-04-05,38.96,0.10673972602739726,266.0,put,1.45,1.47,1.34,45,,0.15614,-0.18044,0.01821,0.24292,-0.05181,-0.05658,spy_options_2019.parquet,4194270
SPY,2019-02-25,2019-02-25T16:00:00-05:00,279.46,2019-04-05,38.96,0.10673972602739726,267.0,call,13.81,13.95,14.23,3,,0.17882,0.78662,0.02012,0.26438,-0.04502,0.16038,spy_options_2019.parquet,4194271
SPY,2019-02-25,2019-02-25T16:00:00-05:00,279.46,2019-04-05,38.96,0.10673972602739726,267.0,put,1.56,1.59,1.51,93,,0.15233,-0.19465,0.01954,0.25491,-0.05401,-0.0612,spy_options_2019.parquet,4194271
SPY,2019-02-25,2019-02-25T16:00:00-05:00,279.46,2019-04-05,38.96,0.10673972602739726,267.5,call,13.32,13.55,0.0,,,0.17637,0.77896,0.02063,0.26994,-0.04616,0.16034,spy_options_2019.parquet,4194272
SPY,2019-02-25,2019-02-25T16:00:00-05:00,279.46,2019-04-05,38.96,0.10673972602739726,267.5,put,1.64,1.67,1.58,8,,0.15231,-0.20432,0.02015,0.26173,-0.05467,-0.0649,spy_options_2019.parquet,4194272
SPY,2019-02-25,2019-02-25T16:00:00-05:00,279.46,2019-04-05,38.96,0.10673972602739726,268.0,call,12.76,13.21,0.0,,,0.17426,0.77219,0.02128,0.27524,-0.04571,0.16069,spy_options_2019.parquet,4194273
SPY,2019-02-25,2019-02-25T16:00:00-05:00,279.46,2019-04-05,38.96,0.10673972602739726,268.0,put,1.66,1.7,1.63,15,,0.14875,-0.21052,0.02096,0.26687,-0.05463,-0.06606,spy_options_2019.parquet,4194273
SPY,2019-02-25,2019-02-25T16:00:00-05:00,279.46,2019-04-05,38.96,0.10673972602739726,269.0,call,12.17,12.27,13.3,1,,0.17296,0.75077,0.02211,0.28882,-0.04935,0.16167,spy_options_2019.parquet,4194274
SPY,2019-02-25,2019-02-25T16:00:00-05:00,279.46,2019-04-05,38.96,0.10673972602739726,269.0,put,1.83,1.87,1.63,24,,0.14606,-0.22949,0.02236,0.28062,-0.05698,-0.07274,spy_options_2019.parquet,4194274
SPY,2019-02-25,2019-02-25T16:00:00-05:00,279.46,2019-04-05,38.96,0.10673972602739726,270.0,call,11.31,11.39,12.56,3,,0.16903,0.73271,0.02334,0.29995,-0.04978,0.1613,spy_options_2019.parquet,4194275
SPY,2019-02-25,2019-02-25T16:00:00-05:00,279.46,2019-04-05,38.96,0.10673972602739726,270.0,put,1.95,1.99,1.96,91,,0.14172,-0.24695,0.0241,0.29216,-0.05824,-0.07779,spy_options_2019.parquet,4194275
SPY,2019-02-25,2019-02-25T16:00:00-05:00,279.46,2019-04-05,38.96,0.10673972602739726,271.0,call,10.46,10.55,11.5,3,,0.16411,0.71444,0.02464,0.31066,-0.04969,0.16069,spy_options_2019.parquet,4194276
SPY,2019-02-25,2019-02-25T16:00:00-05:00,279.46,2019-04-05,38.96,0.10673972602739726,271.0,put,2.16,2.19,1.98,46,,0.13942,-0.26941,0.02563,0.30475,-0.05972,-0.08529,spy_options_2019.parquet,4194276
SPY,2019-02-25,2019-02-25T16:00:00-05:00,279.46,2019-04-05,38.96,0.10673972602739726,272.0,call,9.55,9.62,9.93,20,,0.15699,0.69649,0.02642,0.31921,-0.04921,0.15975,spy_options_2019.parquet,4194277
SPY,2019-02-25,2019-02-25T16:00:00-05:00,279.46,2019-04-05,38.96,0.10673972602739726,272.0,put,2.33,2.36,2.27,156,,0.13462,-0.29169,0.02739,0.31711,-0.06143,-0.09169,spy_options_2019.parquet,4194277
SPY,2019-02-25,2019-02-25T16:00:00-05:00,279.46,2019-04-05,38.96,0.10673972602739726,272.5,call,9.09,9.16,10.0,2,,0.15236,0.68686,0.02738,0.3234,-0.04858,0.1582,spy_options_2019.parquet,4194278
SPY,2019-02-25,2019-02-25T16:00:00-05:00,279.46,2019-04-05,38.96,0.10673972602739726,272.5,put,2.42,2.47,2.06,6,,0.13365,-0.30321,0.02836,0.32226,-0.06126,-0.09599,spy_options_2019.parquet,4194278
SPY,2019-02-25,2019-02-25T16:00:00-05:00,279.46,2019-04-05,38.96,0.10673972602739726,273.0,call,7.97,9.63,8.18,0,,0.15325,0.67331,0.0276,0.32909,-0.04944,0.15769,spy_options_2019.parquet,4194279
SPY,2019-02-25,2019-02-25T16:00:00-05:00,279.46,2019-04-05,38.96,0.10673972602739726,273.0,put,2.52,2.57,2.41,47,,0.13115,-0.31634,0.02914,0.32809,-0.06191,-0.0994,spy_options_2019.parquet,4194279
SPY,2019-02-25,2019-02-25T16:00:00-05:00,279.46,2019-04-05,38.96,0.10673972602739726,274.0,call,7.86,8.03,0.0,,,0.1474,0.64977,0.02937,0.33878,-0.04899,0.15441,spy_options_2019.parquet,4194280
SPY,2019-02-25,2019-02-25T16:00:00-05:00,279.46,2019-04-05,38.96,0.10673972602739726,274.0,put,2.79,2.83,2.62,24,,0.1287,-0.34329,0.0308,0.33994,-0.06397,-0.10799,spy_options_2019.parquet,4194280
SPY,2019-02-25,2019-02-25T16:00:00-05:00,279.46,2019-04-05,38.96,0.10673972602739726,275.0,call,7.16,7.23,8.24,5,,0.14321,0.62254,0.0307,0.34691,-0.05005,0.15173,spy_options_2019.parquet,4194281
SPY,2019-02-25,2019-02-25T16:00:00-05:00,279.46,2019-04-05,38.96,0.10673972602739726,275.0,put,3.06,3.09,2.96,51,,0.12555,-0.37352,0.03244,0.34938,-0.06472,-0.11797,spy_options_2019.parquet,4194281
SPY,2019-02-25,2019-02-25T16:00:00-05:00,279.46,2019-04-05,38.96,0.10673972602739726,276.0,call,6.45,6.51,7.31,2,,0.13979,0.59376,0.03185,0.35526,-0.04941,0.14734,spy_options_2019.parquet,4194282
SPY,2019-02-25,2019-02-25T16:00:00-05:00,279.46,2019-04-05,38.96,0.10673972602739726,276.0,put,3.35,3.39,3.1,31,,0.12237,-0.40491,0.03405,0.35707,-0.06534,-0.12728,spy_options_2019.parquet,4194282
SPY,2019-02-25,2019-02-25T16:00:00-05:00,279.46,2019-04-05,38.96,0.10673972602739726,277.0,call,5.7,5.75,6.4,11,,0.13479,0.56372,0.03339,0.36051,-0.04833,0.1423,spy_options_2019.parquet,4194283
SPY,2019-02-25,2019-02-25T16:00:00-05:00,279.46,2019-04-05,38.96,0.10673972602739726,277.0,put,3.64,3.7,3.51,34,,0.11834,-0.43776,0.03578,0.36289,-0.06531,-0.13807,spy_options_2019.parquet,4194283
SPY,2019-02-25,2019-02-25T16:00:00-05:00,279.46,2019-04-05,38.96,0.10673972602739726,277.5,call,5.39,5.45,5.86,2,,0.13281,0.54751,0.03372,0.36335,-0.04853,0.13934,spy_options_2019.parquet,4194284
SPY,2019-02-25,2019-02-25T16:00:00-05:00,279.46,2019-04-05,38.96,0.10673972602739726,277.5,put,3.81,3.86,4.35,0,,0.11658,-0.45546,0.03655,0.36504,-0.0657,-0.14328,spy_options_2019.parquet,4194284
SPY,2019-02-25,2019-02-25T16:00:00-05:00,279.46,2019-04-05,38.96,0.10673972602739726,278.0,call,5.16,5.2,5.62,41,,0.13409,0.53,0.03363,0.36511,-0.04944,0.13658,spy_options_2019.parquet,4194285
SPY,2019-02-25,2019-02-25T16:00:00-05:00,279.46,2019-04-05,38.96,0.10673972602739726,278.0,put,4.01,4.05,3.85,,,0.11587,-0.47417,0.03713,0.36648,-0.06558,-0.14983,spy_options_2019.parquet,4194285
SPY,2019-02-25,2019-02-25T16:00:00-05:00,279.46,2019-04-05,38.96,0.10673972602739726,279.0,call,4.48,4.56,4.45,20,,0.1293,0.49584,0.0347,0.36579,-0.04836,0.12956,spy_options_2019.parquet,4194286
SPY,2019-02-25,2019-02-25T16:00:00-05:00,279.46,2019-04-05,38.96,0.10673972602739726,279.0,put,4.35,4.39,4.16,101,,0.11145,-0.51275,0.03863,0.36735,-0.06396,-0.16147,spy_options_2019.parquet,4194286
SPY,2019-02-25,2019-02-25T16:00:00-05:00,279.46,2019-04-05,38.96,0.10673972602739726,280.0,call,3.83,3.89,3.91,36,,0.12404,0.45868,0.03577,0.36448,-0.04644,0.12269,spy_options_2019.parquet,4194287
SPY,2019-02-25,2019-02-25T16:00:00-05:00,279.46,2019-04-05,38.96,0.10673972602739726,280.0,put,4.83,4.88,4.55,131,,0.10929,-0.55231,0.03892,0.36464,-0.06382,-0.17404,spy_options_2019.parquet,4194287
SPY,2019-02-25,2019-02-25T16:00:00-05:00,279.46,2019-04-05,38.96,0.10673972602739726,281.0,call,3.37,3.41,3.4,150,,0.12277,0.42303,0.03545,0.35967,-0.04595,0.11426,spy_options_2019.parquet,4194288
SPY,2019-02-25,2019-02-25T16:00:00-05:00,279.46,2019-04-05,38.96,0.10673972602739726,281.0,put,5.27,5.33,5.09,36,,0.1049,-0.59421,0.03955,0.35656,-0.06247,-0.18755,spy_options_2019.parquet,4194288
SPY,2019-02-25,2019-02-25T16:00:00-05:00,279.46,2019-04-05,38.96,0.10673972602739726,282.0,call,2.8,2.85,2.88,663,,0.11763,0.38341,0.03578,0.3509,-0.04315,0.10503,spy_options_2019.parquet,4194289
SPY,2019-02-25,2019-02-25T16:00:00-05:00,279.46,2019-04-05,38.96,0.10673972602739726,282.0,put,5.73,5.84,5.45,30,,0.10094,-0.6385,0.03978,0.34384,-0.06019,-0.20216,spy_options_2019.parquet,4194289
SPY,2019-02-25,2019-02-25T16:00:00-05:00,279.46,2019-04-05,38.96,0.10673972602739726,282.5,call,2.55,2.61,2.63,207,,0.1161,0.36291,0.03576,0.34563,-0.04135,0.10004,spy_options_2019.parquet,4194290
SPY,2019-02-25,2019-02-25T16:00:00-05:00,279.46,2019-04-05,38.96,0.10673972602739726,282.5,put,6.02,6.1,0.0,,,0.09872,-0.66135,0.03962,0.3363,-0.05827,-0.20953,spy_options_2019.parquet,4194290
SPY,2019-02-25,2019-02-25T16:00:00-05:00,279.46,2019-04-05,38.96,0.10673972602739726,283.0,call,2.33,2.37,2.47,218,,0.11452,0.34316,0.03553,0.33853,-0.04051,0.09536,spy_options_2019.parquet,4194291
SPY,2019-02-25,2019-02-25T16:00:00-05:00,279.46,2019-04-05,38.96,0.10673972602739726,283.0,put,6.39,6.46,5.75,49,,0.10055,-0.67907,0.03836,0.32862,-0.05915,-0.21454,spy_options_2019.parquet,4194291
SPY,2019-02-25,2019-02-25T16:00:00-05:00,279.46,2019-04-05,38.96,0.10673972602739726,284.0,call,2.0,2.02,2.02,20,,0.11325,0.30761,0.03409,0.32355,-0.03918,0.08647,spy_options_2019.parquet,4194292
SPY,2019-02-25,2019-02-25T16:00:00-05:00,279.46,2019-04-05,38.96,0.10673972602739726,284.0,put,6.89,6.98,6.59,2,,0.09395,-0.73035,0.03781,0.30262,-0.05385,-0.23119,spy_options_2019.parquet,4194292
SPY,2019-02-25,2019-02-25T16:00:00-05:00,279.46,2019-04-05,38.96,0.10673972602739726,285.0,call,1.6,1.63,1.64,148,,0.10909,0.26757,0.03292,0.30417,-0.03493,0.0757,spy_options_2019.parquet,4194293
SPY,2019-02-25,2019-02-25T16:00:00-05:00,279.46,2019-04-05,38.96,0.10673972602739726,285.0,put,7.59,7.66,8.03,0,,0.09136,-0.77212,0.03547,0.27637,-0.05147,-0.24481,spy_options_2019.parquet,4194293
SPY,2019-02-25,2019-02-25T16:00:00-05:00,279.46,2019-04-05,38.96,0.10673972602739726,286.0,call,1.28,1.31,1.51,54,,0.10703,0.23062,0.03116,0.28147,-0.03179,0.06592,spy_options_2019.parquet,4194294
SPY,2019-02-25,2019-02-25T16:00:00-05:00,279.46,2019-04-05,38.96,0.10673972602739726,286.0,put,8.38,8.47,7.35,1,,0.0912,-0.80579,0.03226,0.2513,-0.0496,-0.25594,spy_options_2019.parquet,4194294
SPY,2019-02-25,2019-02-25T16:00:00-05:00,279.46,2019-04-05,38.96,0.10673972602739726,287.0,call,1.03,1.07,1.2,94,,0.10504,0.19786,0.02876,0.2578,-0.02911,0.05696,spy_options_2019.parquet,4194295
SPY,2019-02-25,2019-02-25T16:00:00-05:00,279.46,2019-04-05,38.96,0.10673972602739726,287.0,put,9.06,9.19,0.0,,,0.08508,-0.85295,0.02879,0.20928,-0.04399,-0.27054,spy_options_2019.parquet,4194295
SPY,2019-02-25,2019-02-25T16:00:00-05:00,279.46,2019-04-05,38.96,0.10673972602739726,287.5,call,0.91,0.94,1.15,84,,0.10401,0.18104,0.02759,0.24363,-0.0268,0.05206,spy_options_2019.parquet,4194296
SPY,2019-02-25,2019-02-25T16:00:00-05:00,279.46,2019-04-05,38.96,0.10673972602739726,287.5,put,9.42,9.72,9.87,0,,0.08561,-0.86442,0.02692,0.19715,-0.04289,-0.27545,spy_options_2019.parquet,4194296
SPY,2019-02-25,2019-02-25T16:00:00-05:00,279.46,2019-04-05,38.96,0.10673972602739726,288.0,call,0.83,0.86,0.99,22,,0.10461,0.16869,0.0263,0.23351,-0.02598,0.0494,spy_options_2019.parquet,4194297
SPY,2019-02-25,2019-02-25T16:00:00-05:00,279.46,2019-04-05,38.96,0.10673972602739726,288.0,put,9.87,9.97,0.0,,,0.07975,-0.893,0.02426,0.16638,-0.03929,-0.28446,spy_options_2019.parquet,4194297
SPY,2019-02-25,2019-02-25T16:00:00-05:00,279.46,2019-04-05,38.96,0.10673972602739726,289.0,call,0.66,0.68,0.68,42,,0.10239,0.14037,0.02368,0.2072,-0.02309,0.04108,spy_options_2019.parquet,4194298
SPY,2019-02-25,2019-02-25T16:00:00-05:00,279.46,2019-04-05,38.96,0.10673972602739726,289.0,put,10.7,10.87,0.0,,,0.07692,-0.92294,0.01958,0.12919,-0.03583,-0.2941,spy_options_2019.parquet,4194298
SPY,2019-02-25,2019-02-25T16:00:00-05:00,279.46,2019-04-05,38.96,0.10673972602739726,290.0,call,0.5,0.54,0.55,189,,0.10107,0.11608,0.0209,0.18146,-0.01968,0.03439,spy_options_2019.parquet,4194299
SPY,2019-02-25,2019-02-25T16:00:00-05:00,279.46,2019-04-05,38.96,0.10673972602739726,290.0,put,11.52,11.71,0.0,,,0.06358,-0.969,0.01073,0.05854,-0.02916,-0.30975,spy_options_2019.parquet,4194299
SPY,2019-02-25,2019-02-25T16:00:00-05:00,279.46,2019-04-05,38.96,0.10673972602739726,291.0,call,0.39,0.4,0.45,20,,0.10049,0.09447,0.01817,0.15668,-0.01744,0.02797,spy_options_2019.parquet,4194300
SPY,2019-02-25,2019-02-25T16:00:00-05:00,279.46,2019-04-05,38.96,0.10673972602739726,291.0,put,12.43,12.61,0.0,,,-6e-05,-1.0,0.0,-125.40001,0.0,0.0,spy_options_2019.parquet,4194300
SPY,2019-02-25,2019-02-25T16:00:00-05:00,279.46,2019-04-05,38.96,0.10673972602739726,292.0,call,0.29,0.32,0.29,0,,0.09934,0.07614,0.01564,0.13401,-0.01471,0.02225,spy_options_2019.parquet,4194301
SPY,2019-02-25,2019-02-25T16:00:00-05:00,279.46,2019-04-05,38.96,0.10673972602739726,292.0,put,13.35,13.56,0.0,,,-0.00019,-1.0,0.0,-135.40047,0.0,0.0,spy_options_2019.parquet,4194301
SPY,2019-02-25,2019-02-25T16:00:00-05:00,279.46,2019-04-05,38.96,0.10673972602739726,292.5,call,0.27,0.29,0.0,,,0.09909,0.06893,0.01447,0.12421,-0.01333,0.02051,spy_options_2019.parquet,4194302
SPY,2019-02-25,2019-02-25T16:00:00-05:00,279.46,2019-04-05,38.96,0.10673972602739726,292.5,put,13.81,14.04,0.0,,,0.00017,-1.0,0.0,-140.3998,0.0,0.0,spy_options_2019.parquet,4194302
SPY,2019-02-25,2019-02-25T16:00:00-05:00,279.46,2019-04-05,38.96,0.10673972602739726,293.0,call,0.25,0.25,0.33,5,,0.09923,0.06225,0.01337,0.11452,-0.01245,0.01819,spy_options_2019.parquet,4194303
SPY,2019-02-25,2019-02-25T16:00:00-05:00,279.46,2019-04-05,38.96,0.10673972602739726,293.0,put,14.45,14.61,0.0,,,0.00059,-1.0,0.0,-145.39979,0.0,0.0,spy_options_2019.parquet,4194303
SPY,2019-02-25,2019-02-25T16:00:00-05:00,279.46,2019-04-05,38.96,0.10673972602739726,294.0,call,0.18,0.2,0.22,70,,0.09869,0.05004,0.01133,0.09667,-0.01021,0.01527,spy_options_2019.parquet,4194304
SPY,2019-02-25,2019-02-25T16:00:00-05:00,279.46,2019-04-05,38.96,0.10673972602739726,294.0,put,13.61,17.15,0.0,,,0.00072,-1.0,0.0,-155.40033,0.0,0.0,spy_options_2019.parquet,4194304
SPY,2019-02-25,2019-02-25T16:00:00-05:00,279.46,2019-04-05,38.96,0.10673972602739726,295.0,call,0.13,0.16,0.17,6,,0.09923,0.0412,0.0096,0.08205,-0.00927,0.01199,spy_options_2019.parquet,4194305
SPY,2019-02-25,2019-02-25T16:00:00-05:00,279.46,2019-04-05,38.96,0.10673972602739726,295.0,put,16.22,16.43,0.0,,,0.00063,-1.0,0.0,-165.39978,0.0,0.0,spy_options_2019.parquet,4194305
SPY,2019-02-25,2019-02-25T16:00:00-05:00,279.46,2019-04-05,38.96,0.10673972602739726,296.0,call,0.11,0.11,0.0,,,0.09912,0.03229,0.00787,0.0681,-0.00696,0.00962,spy_options_2019.parquet,4194306
SPY,2019-02-25,2019-02-25T16:00:00-05:00,279.46,2019-04-05,38.96,0.10673972602739726,296.0,put,17.27,17.43,0.0,,,0.0007,-1.0,0.0,-175.39997,0.0,0.0,spy_options_2019.parquet,4194306
SPY,2019-02-25,2019-02-25T16:00:00-05:00,279.46,2019-04-05,38.96,0.10673972602739726,297.0,call,0.09,0.09,0.13,18,,0.10027,0.02687,0.00669,0.05875,-0.00607,0.00848,spy_options_2019.parquet,4194307
SPY,2019-02-25,2019-02-25T16:00:00-05:00,279.46,2019-04-05,38.96,0.10673972602739726,297.0,put,18.31,18.52,0.0,,,-2e-05,-1.0,0.0,-185.40015,0.0,0.0,spy_options_2019.parquet,4194307
SPY,2019-02-25,2019-02-25T16:00:00-05:00,279.46,2019-04-05,38.96,0.10673972602739726,297.5,call,0.07,0.1,0.0,,,0.10091,0.02409,0.00616,0.05456,-0.0058,0.00703,spy_options_2019.parquet,4194308
SPY,2019-02-25,2019-02-25T16:00:00-05:00,279.46,2019-04-05,38.96,0.10673972602739726,297.5,put,18.79,19.0,0.0,,,-0.0001,-1.0,0.0,-190.39962,0.0,0.0,spy_options_2019.parquet,4194308
SPY,2019-02-25,2019-02-25T16:00:00-05:00,279.46,2019-04-05,38.96,0.10673972602739726,298.0,call,0.07,0.08,0.08,0,,0.10123,0.02194,0.00565,0.04886,-0.00576,0.00679,spy_options_2019.parquet,4194309
SPY,2019-02-25,2019-02-25T16:00:00-05:00,279.46,2019-04-05,38.96,0.10673972602739726,298.0,put,19.29,19.5,0.0,,,0.00048,-1.0,0.0,-195.39983,0.0,0.0,spy_options_2019.parquet,4194309
SPY,2019-02-25,2019-02-25T16:00:00-05:00,279.46,2019-04-05,38.96,0.10673972602739726,299.0,call,0.06,0.07,0.08,1,,0.10275,0.01899,0.00488,0.04368,-0.00486,0.00567,spy_options_2019.parquet,4194310
SPY,2019-02-25,2019-02-25T16:00:00-05:00,279.46,2019-04-05,38.96,0.10673972602739726,299.0,put,20.18,20.38,0.0,,,0.00072,-0.99595,0.0,0.0,-0.02558,-0.32788,spy_options_2019.parquet,4194310
SPY,2019-02-25,2019-02-25T16:00:00-05:00,279.46,2019-04-05,38.96,0.10673972602739726,300.0,call,0.05,0.06,0.08,5,,0.10478,0.01629,0.0042,0.03782,-0.00431,0.00446,spy_options_2019.parquet,4194311
SPY,2019-02-25,2019-02-25T16:00:00-05:00,279.46,2019-04-05,38.96,0.10673972602739726,300.0,put,21.22,21.41,0.0,,,7e-05,-1.0,0.0,-215.40001,0.0,0.0,spy_options_2019.parquet,4194311
SPY,2019-02-25,2019-02-25T16:00:00-05:00,279.46,2019-04-05,38.96,0.10673972602739726,302.5,call,0.03,0.04,0.04,0,,0.10713,0.0106,0.00276,0.02566,-0.00265,0.0032,spy_options_2019.parquet,4194312
SPY,2019-02-25,2019-02-25T16:00:00-05:00,279.46,2019-04-05,38.96,0.10673972602739726,302.5,put,23.75,23.98,0.0,,,0.00033,-1.0,0.0,-240.40029,0.0,0.0,spy_options_2019.parquet,4194312
SPY,2019-02-25,2019-02-25T16:00:00-05:00,279.46,2019-04-05,38.96,0.10673972602739726,305.0,call,0.02,0.03,0.04,6,,0.11171,0.00729,0.00194,0.01942,-0.00259,0.00214,spy_options_2019.parquet,4194313
SPY,2019-02-25,2019-02-25T16:00:00-05:00,279.46,2019-04-05,38.96,0.10673972602739726,305.0,put,24.49,28.01,0.0,,,0.00013,-1.0,0.0,-265.4003,0.0,0.0,spy_options_2019.parquet,4194313
SPY,2019-02-25,2019-02-25T16:00:00-05:00,279.46,2019-04-05,38.96,0.10673972602739726,307.5,call,0.02,0.02,0.0,,,0.1212,0.00686,0.00168,0.01874,-0.00209,0.00167,spy_options_2019.parquet,4194314
SPY,2019-02-25,2019-02-25T16:00:00-05:00,279.46,2019-04-05,38.96,0.10673972602739726,307.5,put,28.66,28.99,0.0,,,-0.00011,-1.0,0.0,-290.40013,0.0,0.0,spy_options_2019.parquet,4194314
SPY,2019-02-25,2019-02-25T16:00:00-05:00,279.46,2019-04-05,38.96,0.10673972602739726,310.0,call,0.01,0.03,0.0,,,0.12278,0.00397,0.00114,0.01192,-0.00143,0.00108,spy_options_2019.parquet,4194315
SPY,2019-02-25,2019-02-25T16:00:00-05:00,279.46,2019-04-05,38.96,0.10673972602739726,310.0,put,31.08,31.41,0.0,,,0.00037,-0.99628,0.0,0.0,-0.02567,-0.3394,spy_options_2019.parquet,4194315
SPY,2019-02-25,2019-02-25T16:00:00-05:00,279.46,2019-04-05,38.96,0.10673972602739726,312.5,call,0.01,0.02,0.02,0,,0.13077,0.00399,0.00096,0.01106,-0.00182,0.00103,spy_options_2019.parquet,4194316
SPY,2019-02-25,2019-02-25T16:00:00-05:00,279.46,2019-04-05,38.96,0.10673972602739726,312.5,put,33.66,33.99,0.0,,,0.00076,-1.0,0.0,-340.40048,0.0,0.0,spy_options_2019.parquet,4194316
SPY,2019-02-25,2019-02-25T16:00:00-05:00,279.46,2019-04-18,51.96,0.14235616438356163,190.0,call,88.22,91.69,0.0,,,0.68557,0.91885,0.00071,0.12049,-0.07156,0.0532,spy_options_2019.parquet,4194345
SPY,2019-02-25,2019-02-25T16:00:00-05:00,279.46,2019-04-18,51.96,0.14235616438356163,190.0,put,0.08,0.09,0.08,71,,0.41042,-0.00533,0.00041,0.01744,-0.0068,-0.00208,spy_options_2019.parquet,4194345
SPY,2019-02-25,2019-02-25T16:00:00-05:00,279.46,2019-04-18,51.96,0.14235616438356163,191.0,call,88.72,89.07,0.0,,,0.67149,0.92061,0.0007,0.11981,-0.06893,0.05192,spy_options_2019.parquet,4194346
SPY,2019-02-25,2019-02-25T16:00:00-05:00,279.46,2019-04-18,51.96,0.14235616438356163,191.0,put,0.08,0.1,0.05,10,,0.40555,-0.00598,0.00038,0.01763,-0.00694,-0.00251,spy_options_2019.parquet,4194346
SPY,2019-02-25,2019-02-25T16:00:00-05:00,279.46,2019-04-18,51.96,0.14235616438356163,192.0,call,87.65,87.97,0.0,,,0.65367,0.92235,0.00065,0.11635,-0.06581,0.04825,spy_options_2019.parquet,4194347
SPY,2019-02-25,2019-02-25T16:00:00-05:00,279.46,2019-04-18,51.96,0.14235616438356163,192.0,put,0.07,0.1,0.06,10,,0.40026,-0.00626,0.00044,0.01779,-0.00713,-0.0024,spy_options_2019.parquet,4194347
SPY,2019-02-25,2019-02-25T16:00:00-05:00,279.46,2019-04-18,51.96,0.14235616438356163,193.0,call,86.76,87.08,0.0,,,0.65362,0.92145,0.00076,0.11931,-0.06718,0.05407,spy_options_2019.parquet,4194348
SPY,2019-02-25,2019-02-25T16:00:00-05:00,279.46,2019-04-18,51.96,0.14235616438356163,193.0,put,0.07,0.09,0.06,10,,0.39539,-0.00621,0.00037,0.0183,-0.00683,-0.00287,spy_options_2019.parquet,4194348
SPY,2019-02-25,2019-02-25T16:00:00-05:00,279.46,2019-04-18,51.96,0.14235616438356163,194.0,call,85.65,85.97,0.0,,,0.63517,0.92298,0.00074,0.11602,-0.06385,0.04974,spy_options_2019.parquet,4194349
SPY,2019-02-25,2019-02-25T16:00:00-05:00,279.46,2019-04-18,51.96,0.14235616438356163,194.0,put,0.08,0.09,0.06,10,,0.38984,-0.00603,0.00046,0.01821,-0.00691,-0.00284,spy_options_2019.parquet,4194349
SPY,2019-02-25,2019-02-25T16:00:00-05:00,279.46,2019-04-18,51.96,0.14235616438356163,195.0,call,83.22,86.54,0.0,,,0.63042,0.92314,0.00078,0.11798,-0.06447,0.05432,spy_options_2019.parquet,4194350
SPY,2019-02-25,2019-02-25T16:00:00-05:00,279.46,2019-04-18,51.96,0.14235616438356163,195.0,put,0.1,0.09,0.06,260,,0.39043,-0.00718,0.00047,0.02,-0.00701,-0.00266,spy_options_2019.parquet,4194350
SPY,2019-02-25,2019-02-25T16:00:00-05:00,279.46,2019-04-18,51.96,0.14235616438356163,196.0,call,83.74,84.07,0.0,,,0.62365,0.92355,0.00085,0.11914,-0.06391,0.05611,spy_options_2019.parquet,4194351
SPY,2019-02-25,2019-02-25T16:00:00-05:00,279.46,2019-04-18,51.96,0.14235616438356163,196.0,put,0.09,0.1,0.06,10,,0.38517,-0.00708,0.0005,0.02045,-0.00757,-0.00304,spy_options_2019.parquet,4194351
SPY,2019-02-25,2019-02-25T16:00:00-05:00,279.46,2019-04-18,51.96,0.14235616438356163,197.0,call,82.66,82.98,0.0,,,0.60719,0.92492,0.00084,0.11545,-0.06009,0.05287,spy_options_2019.parquet,4194352
SPY,2019-02-25,2019-02-25T16:00:00-05:00,279.46,2019-04-18,51.96,0.14235616438356163,197.0,put,0.09,0.09,0.1,20,,0.37993,-0.00642,0.00045,0.02057,-0.00698,-0.00325,spy_options_2019.parquet,4194352
SPY,2019-02-25,2019-02-25T16:00:00-05:00,279.46,2019-04-18,51.96,0.14235616438356163,198.0,call,81.75,82.07,0.0,,,0.60559,0.92451,0.00089,0.11811,-0.06178,0.05869,spy_options_2019.parquet,4194353
SPY,2019-02-25,2019-02-25T16:00:00-05:00,279.46,2019-04-18,51.96,0.14235616438356163,198.0,put,0.11,0.11,0.07,10,,0.37949,-0.00709,0.00054,0.02241,-0.00787,-0.00322,spy_options_2019.parquet,4194353
SPY,2019-02-25,2019-02-25T16:00:00-05:00,279.46,2019-04-18,51.96,0.14235616438356163,199.0,call,79.23,82.71,0.0,,,0.60128,0.92406,0.00096,0.12081,-0.06144,0.06189,spy_options_2019.parquet,4194354
SPY,2019-02-25,2019-02-25T16:00:00-05:00,279.46,2019-04-18,51.96,0.14235616438356163,199.0,put,0.1,0.11,0.07,10,,0.37415,-0.00752,0.00057,0.02194,-0.00785,-0.00364,spy_options_2019.parquet,4194354
SPY,2019-02-25,2019-02-25T16:00:00-05:00,279.46,2019-04-18,51.96,0.14235616438356163,200.0,call,79.76,80.09,71.01,10,,0.58686,0.92561,0.00097,0.11794,-0.05966,0.0609,spy_options_2019.parquet,4194355
SPY,2019-02-25,2019-02-25T16:00:00-05:00,279.46,2019-04-18,51.96,0.14235616438356163,200.0,put,0.11,0.1,0.09,33,,0.36991,-0.00742,0.00049,0.02256,-0.0076,-0.00281,spy_options_2019.parquet,4194355
SPY,2019-02-25,2019-02-25T16:00:00-05:00,279.46,2019-04-18,51.96,0.14235616438356163,201.0,call,78.65,78.99,0.0,,,0.57028,0.92699,0.00098,0.11475,-0.05605,0.05606,spy_options_2019.parquet,4194356
SPY,2019-02-25,2019-02-25T16:00:00-05:00,279.46,2019-04-18,51.96,0.14235616438356163,201.0,put,0.11,0.12,0.12,20,,0.36851,-0.00838,0.00054,0.02453,-0.0082,-0.00374,spy_options_2019.parquet,4194356
SPY,2019-02-25,2019-02-25T16:00:00-05:00,279.46,2019-04-18,51.96,0.14235616438356163,202.0,call,77.43,78.35,0.0,,,0.56725,0.92678,0.00103,0.11674,-0.05606,0.06097,spy_options_2019.parquet,4194357
SPY,2019-02-25,2019-02-25T16:00:00-05:00,279.46,2019-04-18,51.96,0.14235616438356163,202.0,put,0.11,0.12,0.09,0,,0.36345,-0.00813,0.00061,0.02485,-0.00893,-0.00327,spy_options_2019.parquet,4194357
SPY,2019-02-25,2019-02-25T16:00:00-05:00,279.46,2019-04-18,51.96,0.14235616438356163,203.0,call,75.24,78.57,0.0,,,0.55892,0.92696,0.00102,0.11723,-0.05602,0.06273,spy_options_2019.parquet,4194358
SPY,2019-02-25,2019-02-25T16:00:00-05:00,279.46,2019-04-18,51.96,0.14235616438356163,203.0,put,0.1,0.12,0.1,188,,0.35866,-0.00903,0.0006,0.02509,-0.0089,-0.00379,spy_options_2019.parquet,4194358
SPY,2019-02-25,2019-02-25T16:00:00-05:00,279.46,2019-04-18,51.96,0.14235616438356163,204.0,call,75.78,76.11,0.0,,,0.55488,0.92696,0.0011,0.11953,-0.0552,0.0666,spy_options_2019.parquet,4194359
SPY,2019-02-25,2019-02-25T16:00:00-05:00,279.46,2019-04-18,51.96,0.14235616438356163,204.0,put,0.12,0.13,0.12,20,,0.35768,-0.00915,0.00065,0.02702,-0.00905,-0.00409,spy_options_2019.parquet,4194359
SPY,2019-02-25,2019-02-25T16:00:00-05:00,279.46,2019-04-18,51.96,0.14235616438356163,205.0,call,74.58,74.92,65.37,0,,0.52892,0.9311,0.00099,0.11127,-0.04929,0.05462,spy_options_2019.parquet,4194360
SPY,2019-02-25,2019-02-25T16:00:00-05:00,279.46,2019-04-18,51.96,0.14235616438356163,205.0,put,0.12,0.14,0.08,1,,0.35239,-0.00982,0.00067,0.02695,-0.00886,-0.00401,spy_options_2019.parquet,4194360
SPY,2019-02-25,2019-02-25T16:00:00-05:00,279.46,2019-04-18,51.96,0.14235616438356163,206.0,call,73.67,73.99,0.0,,,0.52831,0.92957,0.00116,0.11431,-0.0512,0.0611,spy_options_2019.parquet,4194361
SPY,2019-02-25,2019-02-25T16:00:00-05:00,279.46,2019-04-18,51.96,0.14235616438356163,206.0,put,0.13,0.14,0.11,469,,0.35166,-0.01047,0.00068,0.0292,-0.00939,-0.00476,spy_options_2019.parquet,4194361
SPY,2019-02-25,2019-02-25T16:00:00-05:00,279.46,2019-04-18,51.96,0.14235616438356163,207.0,call,72.67,72.99,0.0,,,0.51946,0.93001,0.00122,0.11431,-0.04942,0.063,spy_options_2019.parquet,4194362
SPY,2019-02-25,2019-02-25T16:00:00-05:00,279.46,2019-04-18,51.96,0.14235616438356163,207.0,put,0.13,0.14,0.13,2,,0.34576,-0.01017,0.00078,0.02894,-0.00954,-0.00449,spy_options_2019.parquet,4194362
SPY,2019-02-25,2019-02-25T16:00:00-05:00,279.46,2019-04-18,51.96,0.14235616438356163,208.0,call,71.45,72.36,0.0,,,0.51725,0.92919,0.00125,0.11757,-0.05024,0.06868,spy_options_2019.parquet,4194363
SPY,2019-02-25,2019-02-25T16:00:00-05:00,279.46,2019-04-18,51.96,0.14235616438356163,208.0,put,0.13,0.14,0.2,12,,0.34109,-0.0103,0.00078,0.02979,-0.00928,-0.0049,spy_options_2019.parquet,4194363
SPY,2019-02-25,2019-02-25T16:00:00-05:00,279.46,2019-04-18,51.96,0.14235616438356163,209.0,call,70.8,71.12,0.0,,,0.51312,0.92844,0.00138,0.11979,-0.05125,0.07264,spy_options_2019.parquet,4194364
SPY,2019-02-25,2019-02-25T16:00:00-05:00,279.46,2019-04-18,51.96,0.14235616438356163,209.0,put,0.14,0.15,0.12,0,,0.33949,-0.01157,0.00079,0.03095,-0.0096,-0.00506,spy_options_2019.parquet,4194364
SPY,2019-02-25,2019-02-25T16:00:00-05:00,279.46,2019-04-18,51.96,0.14235616438356163,210.0,call,68.25,71.59,60.0,1,,0.50175,0.9302,0.00143,0.11763,-0.04883,0.07206,spy_options_2019.parquet,4194365
SPY,2019-02-25,2019-02-25T16:00:00-05:00,279.46,2019-04-18,51.96,0.14235616438356163,210.0,put,0.13,0.15,0.12,20,,0.33439,-0.0112,0.00084,0.03133,-0.01012,-0.00457,spy_options_2019.parquet,4194365
SPY,2019-02-25,2019-02-25T16:00:00-05:00,279.46,2019-04-18,51.96,0.14235616438356163,211.0,call,68.69,69.02,0.0,,,0.48791,0.93189,0.00141,0.11413,-0.04608,0.06898,spy_options_2019.parquet,4194366
SPY,2019-02-25,2019-02-25T16:00:00-05:00,279.46,2019-04-18,51.96,0.14235616438356163,211.0,put,0.14,0.16,0.13,,,0.33237,-0.01257,0.00092,0.03384,-0.01055,-0.00532,spy_options_2019.parquet,4194366
SPY,2019-02-25,2019-02-25T16:00:00-05:00,279.46,2019-04-18,51.96,0.14235616438356163,212.0,call,67.82,68.12,0.0,,,0.4896,0.92897,0.00154,0.11969,-0.04855,0.07731,spy_options_2019.parquet,4194367
SPY,2019-02-25,2019-02-25T16:00:00-05:00,279.46,2019-04-18,51.96,0.14235616438356163,212.0,put,0.14,0.16,0.12,25,,0.3275,-0.01191,0.00093,0.03399,-0.01071,-0.00528,spy_options_2019.parquet,4194367
SPY,2019-02-25,2019-02-25T16:00:00-05:00,279.46,2019-04-18,51.96,0.14235616438356163,213.0,call,65.27,68.76,0.0,,,0.48555,0.92867,0.00163,0.12218,-0.04904,0.08201,spy_options_2019.parquet,4194368
SPY,2019-02-25,2019-02-25T16:00:00-05:00,279.46,2019-04-18,51.96,0.14235616438356163,213.0,put,0.16,0.17,0.14,,,0.32578,-0.01345,0.00095,0.03614,-0.01075,-0.00603,spy_options_2019.parquet,4194368
SPY,2019-02-25,2019-02-25T16:00:00-05:00,279.46,2019-04-18,51.96,0.14235616438356163,214.0,call,65.36,66.25,0.0,,,0.45908,0.93498,0.00145,0.11101,-0.0417,0.06806,spy_options_2019.parquet,4194369
SPY,2019-02-25,2019-02-25T16:00:00-05:00,279.46,2019-04-18,51.96,0.14235616438356163,214.0,put,0.16,0.17,0.14,110,,0.32041,-0.01371,0.00101,0.03604,-0.01071,-0.00534,spy_options_2019.parquet,4194369
SPY,2019-02-25,2019-02-25T16:00:00-05:00,279.46,2019-04-18,51.96,0.14235616438356163,215.0,call,64.65,64.92,65.98,2,,0.45077,0.93494,0.0015,0.11083,-0.04072,0.06823,spy_options_2019.parquet,4194370
SPY,2019-02-25,2019-02-25T16:00:00-05:00,279.46,2019-04-18,51.96,0.14235616438356163,215.0,put,0.18,0.18,0.15,0,,0.31794,-0.01433,0.00106,0.03869,-0.01112,-0.00548,spy_options_2019.parquet,4194370
SPY,2019-02-25,2019-02-25T16:00:00-05:00,279.46,2019-04-18,51.96,0.14235616438356163,216.0,call,63.72,64.23,41.48,0,,0.46007,0.93007,0.00185,0.12141,-0.04541,0.08438,spy_options_2019.parquet,4194371
SPY,2019-02-25,2019-02-25T16:00:00-05:00,279.46,2019-04-18,51.96,0.14235616438356163,216.0,put,0.18,0.18,0.14,227,,0.3134,-0.0145,0.00113,0.03832,-0.01107,-0.00641,spy_options_2019.parquet,4194371
SPY,2019-02-25,2019-02-25T16:00:00-05:00,279.46,2019-04-18,51.96,0.14235616438356163,217.0,call,62.69,62.97,0.0,,,0.44022,0.93471,0.00169,0.11319,-0.0408,0.07492,spy_options_2019.parquet,4194372
SPY,2019-02-25,2019-02-25T16:00:00-05:00,279.46,2019-04-18,51.96,0.14235616438356163,217.0,put,0.18,0.19,0.17,4,,0.31013,-0.01518,0.00114,0.0404,-0.0121,-0.00622,spy_options_2019.parquet,4194372
SPY,2019-02-25,2019-02-25T16:00:00-05:00,279.46,2019-04-18,51.96,0.14235616438356163,218.0,call,61.66,62.08,0.0,,,0.43528,0.93427,0.00184,0.11552,-0.04108,0.07922,spy_options_2019.parquet,4194373
SPY,2019-02-25,2019-02-25T16:00:00-05:00,279.46,2019-04-18,51.96,0.14235616438356163,218.0,put,0.19,0.2,0.17,0,,0.30768,-0.01568,0.00119,0.0426,-0.01283,-0.00677,spy_options_2019.parquet,4194373
SPY,2019-02-25,2019-02-25T16:00:00-05:00,279.46,2019-04-18,51.96,0.14235616438356163,219.0,call,60.73,61.0,0.0,,,0.42648,0.93411,0.00192,0.11462,-0.03923,0.08004,spy_options_2019.parquet,4194374
SPY,2019-02-25,2019-02-25T16:00:00-05:00,279.46,2019-04-18,51.96,0.14235616438356163,219.0,put,0.2,0.21,0.16,0,,0.30565,-0.01654,0.00131,0.04497,-0.01281,-0.00678,spy_options_2019.parquet,4194374
SPY,2019-02-25,2019-02-25T16:00:00-05:00,279.46,2019-04-18,51.96,0.14235616438356163,220.0,call,59.68,60.09,58.34,2,,0.42123,0.93398,0.00197,0.11632,-0.03902,0.0836,spy_options_2019.parquet,4194375
SPY,2019-02-25,2019-02-25T16:00:00-05:00,279.46,2019-04-18,51.96,0.14235616438356163,220.0,put,0.2,0.22,0.17,13,,0.30073,-0.01709,0.00136,0.04488,-0.01292,-0.00682,spy_options_2019.parquet,4194375
SPY,2019-02-25,2019-02-25T16:00:00-05:00,279.46,2019-04-18,51.96,0.14235616438356163,221.0,call,58.71,59.3,46.46,0,,0.424,0.93025,0.00224,0.12329,-0.04202,0.09419,spy_options_2019.parquet,4194376
SPY,2019-02-25,2019-02-25T16:00:00-05:00,279.46,2019-04-18,51.96,0.14235616438356163,221.0,put,0.21,0.22,0.22,15,,0.29714,-0.01774,0.00137,0.04759,-0.01377,-0.00734,spy_options_2019.parquet,4194376
SPY,2019-02-25,2019-02-25T16:00:00-05:00,279.46,2019-04-18,51.96,0.14235616438356163,222.0,call,57.76,58.27,41.41,0,,0.41691,0.93018,0.00228,0.12453,-0.04129,0.09599,spy_options_2019.parquet,4194377
SPY,2019-02-25,2019-02-25T16:00:00-05:00,279.46,2019-04-18,51.96,0.14235616438356163,222.0,put,0.21,0.21,0.2,0,,0.29212,-0.01802,0.00139,0.04766,-0.01379,-0.00816,spy_options_2019.parquet,4194377
SPY,2019-02-25,2019-02-25T16:00:00-05:00,279.46,2019-04-18,51.96,0.14235616438356163,223.0,call,56.85,57.17,48.26,3,,0.40983,0.93072,0.00233,0.12399,-0.04101,0.09763,spy_options_2019.parquet,4194378
SPY,2019-02-25,2019-02-25T16:00:00-05:00,279.46,2019-04-18,51.96,0.14235616438356163,223.0,put,0.23,0.24,0.26,70,,0.29146,-0.02017,0.00155,0.05083,-0.01445,-0.00841,spy_options_2019.parquet,4194378
SPY,2019-02-25,2019-02-25T16:00:00-05:00,279.46,2019-04-18,51.96,0.14235616438356163,224.0,call,55.86,56.1,0.0,,,0.39889,0.93237,0.00238,0.12254,-0.0389,0.09614,spy_options_2019.parquet,4194379
SPY,2019-02-25,2019-02-25T16:00:00-05:00,279.46,2019-04-18,51.96,0.14235616438356163,224.0,put,0.24,0.24,0.2,0,,0.28664,-0.0206,0.00156,0.05154,-0.01455,-0.00839,spy_options_2019.parquet,4194379
SPY,2019-02-25,2019-02-25T16:00:00-05:00,279.46,2019-04-18,51.96,0.14235616438356163,225.0,call,54.79,55.05,48.86,0,,0.38894,0.93337,0.00247,0.1197,-0.03672,0.09487,spy_options_2019.parquet,4194380
SPY,2019-02-25,2019-02-25T16:00:00-05:00,279.46,2019-04-18,51.96,0.14235616438356163,225.0,put,0.24,0.25,0.24,65,,0.28302,-0.02148,0.00174,0.05395,-0.01463,-0.00929,spy_options_2019.parquet,4194380
SPY,2019-02-25,2019-02-25T16:00:00-05:00,279.46,2019-04-18,51.96,0.14235616438356163,226.0,call,53.77,54.04,45.55,0,,0.38008,0.93463,0.00253,0.11884,-0.03504,0.09505,spy_options_2019.parquet,4194381
SPY,2019-02-25,2019-02-25T16:00:00-05:00,279.46,2019-04-18,51.96,0.14235616438356163,226.0,put,0.24,0.26,0.26,3,,0.27988,-0.02216,0.00177,0.05649,-0.01502,-0.00912,spy_options_2019.parquet,4194381
SPY,2019-02-25,2019-02-25T16:00:00-05:00,279.46,2019-04-18,51.96,0.14235616438356163,227.0,call,52.77,53.06,0.0,,,0.3736,0.93452,0.00265,0.11967,-0.03476,0.09797,spy_options_2019.parquet,4194382
SPY,2019-02-25,2019-02-25T16:00:00-05:00,279.46,2019-04-18,51.96,0.14235616438356163,227.0,put,0.26,0.27,0.24,0,,0.27673,-0.023,0.00184,0.0588,-0.01585,-0.00962,spy_options_2019.parquet,4194382
SPY,2019-02-25,2019-02-25T16:00:00-05:00,279.46,2019-04-18,51.96,0.14235616438356163,228.0,call,51.83,52.08,0.0,,,0.36989,0.93258,0.00281,0.12288,-0.03512,0.10285,spy_options_2019.parquet,4194383
SPY,2019-02-25,2019-02-25T16:00:00-05:00,279.46,2019-04-18,51.96,0.14235616438356163,228.0,put,0.27,0.28,0.23,555,,0.27275,-0.02431,0.00195,0.06027,-0.0157,-0.01009,spy_options_2019.parquet,4194383
SPY,2019-02-25,2019-02-25T16:00:00-05:00,279.46,2019-04-18,51.96,0.14235616438356163,229.0,call,50.74,51.04,0.0,,,0.35746,0.93556,0.00288,0.11844,-0.03287,0.0991,spy_options_2019.parquet,4194384
SPY,2019-02-25,2019-02-25T16:00:00-05:00,279.46,2019-04-18,51.96,0.14235616438356163,229.0,put,0.28,0.29,0.21,252,,0.26919,-0.02494,0.00204,0.06261,-0.01654,-0.01043,spy_options_2019.parquet,4194384
SPY,2019-02-25,2019-02-25T16:00:00-05:00,279.46,2019-04-18,51.96,0.14235616438356163,230.0,call,49.85,50.09,49.1,0,,0.35774,0.93163,0.00306,0.12502,-0.03506,0.10825,spy_options_2019.parquet,4194385
SPY,2019-02-25,2019-02-25T16:00:00-05:00,279.46,2019-04-18,51.96,0.14235616438356163,230.0,put,0.3,0.3,0.27,650,,0.2661,-0.02609,0.0022,0.06469,-0.01639,-0.01089,spy_options_2019.parquet,4194385
SPY,2019-02-25,2019-02-25T16:00:00-05:00,279.46,2019-04-18,51.96,0.14235616438356163,231.0,call,48.74,49.04,0.0,,,0.34449,0.9351,0.00317,0.11997,-0.03141,0.1035,spy_options_2019.parquet,4194386
SPY,2019-02-25,2019-02-25T16:00:00-05:00,279.46,2019-04-18,51.96,0.14235616438356163,231.0,put,0.3,0.31,0.25,500,,0.26204,-0.02794,0.00228,0.0671,-0.01698,-0.01185,spy_options_2019.parquet,4194386
SPY,2019-02-25,2019-02-25T16:00:00-05:00,279.46,2019-04-18,51.96,0.14235616438356163,232.0,call,47.78,48.02,43.52,1,,0.33862,0.93476,0.00325,0.12091,-0.0319,0.10585,spy_options_2019.parquet,4194387
SPY,2019-02-25,2019-02-25T16:00:00-05:00,279.46,2019-04-18,51.96,0.14235616438356163,232.0,put,0.32,0.32,0.27,205,,0.25983,-0.02937,0.00245,0.07154,-0.01792,-0.01193,spy_options_2019.parquet,4194387
SPY,2019-02-25,2019-02-25T16:00:00-05:00,279.46,2019-04-18,51.96,0.14235616438356163,233.0,call,46.92,47.16,44.2,5,,0.3431,0.92782,0.00358,0.13323,-0.03475,0.1204,spy_options_2019.parquet,4194388
SPY,2019-02-25,2019-02-25T16:00:00-05:00,279.46,2019-04-18,51.96,0.14235616438356163,233.0,put,0.34,0.33,0.26,1,,0.25648,-0.03046,0.00255,0.07377,-0.01796,-0.01268,spy_options_2019.parquet,4194388
SPY,2019-02-25,2019-02-25T16:00:00-05:00,279.46,2019-04-18,51.96,0.14235616438356163,234.0,call,45.85,46.07,0.0,,,0.32985,0.93116,0.00368,0.12811,-0.0318,0.11513,spy_options_2019.parquet,4194389
SPY,2019-02-25,2019-02-25T16:00:00-05:00,279.46,2019-04-18,51.96,0.14235616438356163,234.0,put,0.34,0.35,0.31,3,,0.25204,-0.03209,0.00268,0.07596,-0.01871,-0.01321,spy_options_2019.parquet,4194389
SPY,2019-02-25,2019-02-25T16:00:00-05:00,279.46,2019-04-18,51.96,0.14235616438356163,235.0,call,44.49,45.4,42.23,1,,0.32305,0.93168,0.00378,0.12765,-0.03079,0.11611,spy_options_2019.parquet,4194390
SPY,2019-02-25,2019-02-25T16:00:00-05:00,279.46,2019-04-18,51.96,0.14235616438356163,235.0,put,0.35,0.36,0.33,381,,0.24909,-0.03324,0.00275,0.0781,-0.01913,-0.01387,spy_options_2019.parquet,4194390
SPY,2019-02-25,2019-02-25T16:00:00-05:00,279.46,2019-04-18,51.96,0.14235616438356163,236.0,call,43.84,44.07,42.71,0,,0.31623,0.9317,0.00393,0.12916,-0.03039,0.11887,spy_options_2019.parquet,4194391
SPY,2019-02-25,2019-02-25T16:00:00-05:00,279.46,2019-04-18,51.96,0.14235616438356163,236.0,put,0.37,0.38,0.33,0,,0.24547,-0.03496,0.00294,0.08192,-0.01985,-0.01505,spy_options_2019.parquet,4194391
SPY,2019-02-25,2019-02-25T16:00:00-05:00,279.46,2019-04-18,51.96,0.14235616438356163,237.0,call,42.88,43.13,38.29,2,,0.31361,0.9279,0.00425,0.13495,-0.03245,0.12564,spy_options_2019.parquet,4194392
SPY,2019-02-25,2019-02-25T16:00:00-05:00,279.46,2019-04-18,51.96,0.14235616438356163,237.0,put,0.38,0.39,0.3,1,,0.24218,-0.03631,0.00308,0.08472,-0.01998,-0.01568,spy_options_2019.parquet,4194392
SPY,2019-02-25,2019-02-25T16:00:00-05:00,279.46,2019-04-18,51.96,0.14235616438356163,238.0,call,41.95,42.18,24.25,0,,0.31172,0.92469,0.00444,0.14094,-0.03352,0.13253,spy_options_2019.parquet,4194393
SPY,2019-02-25,2019-02-25T16:00:00-05:00,279.46,2019-04-18,51.96,0.14235616438356163,238.0,put,0.4,0.42,0.31,252,,0.23873,-0.03835,0.00327,0.08904,-0.02021,-0.01663,spy_options_2019.parquet,4194393
SPY,2019-02-25,2019-02-25T16:00:00-05:00,279.46,2019-04-18,51.96,0.14235616438356163,239.0,call,40.9,41.42,0.0,,,0.31102,0.91978,0.00473,0.14916,-0.03544,0.14059,spy_options_2019.parquet,4194394
SPY,2019-02-25,2019-02-25T16:00:00-05:00,279.46,2019-04-18,51.96,0.14235616438356163,239.0,put,0.43,0.45,0.38,3,,0.23693,-0.04066,0.00346,0.09392,-0.02171,-0.01734,spy_options_2019.parquet,4194394
SPY,2019-02-25,2019-02-25T16:00:00-05:00,279.46,2019-04-18,51.96,0.14235616438356163,240.0,call,39.87,40.04,40.62,5,,0.29116,0.92936,0.00477,0.13381,-0.02875,0.12742,spy_options_2019.parquet,4194395
SPY,2019-02-25,2019-02-25T16:00:00-05:00,279.46,2019-04-18,51.96,0.14235616438356163,240.0,put,0.44,0.44,0.45,713,,0.23284,-0.04246,0.00368,0.0969,-0.02153,-0.01787,spy_options_2019.parquet,4194395
SPY,2019-02-25,2019-02-25T16:00:00-05:00,279.46,2019-04-18,51.96,0.14235616438356163,241.0,call,38.86,39.52,28.85,0,,0.29978,0.91632,0.00516,0.15459,-0.03456,0.14702,spy_options_2019.parquet,4194396
SPY,2019-02-25,2019-02-25T16:00:00-05:00,279.46,2019-04-18,51.96,0.14235616438356163,241.0,put,0.47,0.49,0.42,7,,0.22986,-0.04597,0.00394,0.10163,-0.02272,-0.01885,spy_options_2019.parquet,4194396
SPY,2019-02-25,2019-02-25T16:00:00-05:00,279.46,2019-04-18,51.96,0.14235616438356163,242.0,call,37.63,38.43,38.97,2,,0.28389,0.92243,0.00533,0.14411,-0.03076,0.1387,spy_options_2019.parquet,4194397
SPY,2019-02-25,2019-02-25T16:00:00-05:00,279.46,2019-04-18,51.96,0.14235616438356163,242.0,put,0.48,0.49,0.49,5,,0.22532,-0.04743,0.00405,0.10514,-0.02305,-0.01963,spy_options_2019.parquet,4194397
SPY,2019-02-25,2019-02-25T16:00:00-05:00,279.46,2019-04-18,51.96,0.14235616438356163,243.0,call,36.97,37.18,35.11,3,,0.28035,0.91933,0.00558,0.14967,-0.03079,0.14408,spy_options_2019.parquet,4194398
SPY,2019-02-25,2019-02-25T16:00:00-05:00,279.46,2019-04-18,51.96,0.14235616438356163,243.0,put,0.51,0.51,0.47,133,,0.22352,-0.0499,0.00439,0.11028,-0.02379,-0.02127,spy_options_2019.parquet,4194398
SPY,2019-02-25,2019-02-25T16:00:00-05:00,279.46,2019-04-18,51.96,0.14235616438356163,244.0,call,35.95,36.16,30.51,1,,0.27258,0.91969,0.00585,0.1505,-0.02962,0.14475,spy_options_2019.parquet,4194399
SPY,2019-02-25,2019-02-25T16:00:00-05:00,279.46,2019-04-18,51.96,0.14235616438356163,244.0,put,0.54,0.56,0.48,136,,0.22074,-0.05342,0.00466,0.11516,-0.02527,-0.02271,spy_options_2019.parquet,4194399
SPY,2019-02-25,2019-02-25T16:00:00-05:00,279.46,2019-04-18,51.96,0.14235616438356163,245.0,call,35.15,35.31,35.53,10,,0.27739,0.90902,0.00624,0.1671,-0.03483,0.15858,spy_options_2019.parquet,4194400
SPY,2019-02-25,2019-02-25T16:00:00-05:00,279.46,2019-04-18,51.96,0.14235616438356163,245.0,put,0.58,0.58,0.55,,,0.21712,-0.05603,0.00486,0.12081,-0.02612,-0.02392,spy_options_2019.parquet,4194400
SPY,2019-02-25,2019-02-25T16:00:00-05:00,279.46,2019-04-18,51.96,0.14235616438356163,246.0,call,34.14,34.3,32.12,1,,0.27025,0.90789,0.00654,0.16818,-0.03393,0.16065,spy_options_2019.parquet,4194401
SPY,2019-02-25,2019-02-25T16:00:00-05:00,279.46,2019-04-18,51.96,0.14235616438356163,246.0,put,0.58,0.6,0.56,,,0.21372,-0.05898,0.0052,0.12551,-0.02595,-0.0246,spy_options_2019.parquet,4194401
SPY,2019-02-25,2019-02-25T16:00:00-05:00,279.46,2019-04-18,51.96,0.14235616438356163,247.0,call,33.16,33.32,34.7,2,,0.26485,0.90539,0.00691,0.17246,-0.03325,0.16372,spy_options_2019.parquet,4194402
SPY,2019-02-25,2019-02-25T16:00:00-05:00,279.46,2019-04-18,51.96,0.14235616438356163,247.0,put,0.62,0.63,0.6,36,,0.21023,-0.06264,0.00544,0.13084,-0.02656,-0.02661,spy_options_2019.parquet,4194402
SPY,2019-02-25,2019-02-25T16:00:00-05:00,279.46,2019-04-18,51.96,0.14235616438356163,248.0,call,32.09,32.27,31.68,0,,0.25514,0.90599,0.00714,0.17062,-0.03178,0.16282,spy_options_2019.parquet,4194403
SPY,2019-02-25,2019-02-25T16:00:00-05:00,279.46,2019-04-18,51.96,0.14235616438356163,248.0,put,0.65,0.65,0.6,234,,0.20695,-0.06567,0.00577,0.13659,-0.02795,-0.02762,spy_options_2019.parquet,4194403
SPY,2019-02-25,2019-02-25T16:00:00-05:00,279.46,2019-04-18,51.96,0.14235616438356163,249.0,call,31.23,31.37,30.6,0,,0.25464,0.89784,0.00755,0.18224,-0.03433,0.17095,spy_options_2019.parquet,4194404
SPY,2019-02-25,2019-02-25T16:00:00-05:00,279.46,2019-04-18,51.96,0.14235616438356163,249.0,put,0.7,0.71,0.57,2,,0.20468,-0.07022,0.00624,0.14385,-0.02921,-0.0292,spy_options_2019.parquet,4194404
SPY,2019-02-25,2019-02-25T16:00:00-05:00,279.46,2019-04-18,51.96,0.14235616438356163,250.0,call,30.24,30.42,30.36,18,,0.25011,0.89393,0.00798,0.18816,-0.03457,0.17489,spy_options_2019.parquet,4194405
SPY,2019-02-25,2019-02-25T16:00:00-05:00,279.46,2019-04-18,51.96,0.14235616438356163,250.0,put,0.72,0.74,0.73,,,0.20032,-0.07385,0.00651,0.14943,-0.02925,-0.03122,spy_options_2019.parquet,4194405
SPY,2019-02-25,2019-02-25T16:00:00-05:00,279.46,2019-04-18,51.96,0.14235616438356163,251.0,call,29.12,29.31,29.5,3,,0.23783,0.89905,0.00835,0.18195,-0.03094,0.17044,spy_options_2019.parquet,4194406
SPY,2019-02-25,2019-02-25T16:00:00-05:00,279.46,2019-04-18,51.96,0.14235616438356163,251.0,put,0.76,0.76,0.63,67,,0.19716,-0.07771,0.00696,0.15528,-0.02987,-0.03285,spy_options_2019.parquet,4194406
SPY,2019-02-25,2019-02-25T16:00:00-05:00,279.46,2019-04-18,51.96,0.14235616438356163,252.0,call,28.32,28.47,27.12,0,,0.24076,0.88573,0.00882,0.19936,-0.03547,0.18098,spy_options_2019.parquet,4194407
SPY,2019-02-25,2019-02-25T16:00:00-05:00,279.46,2019-04-18,51.96,0.14235616438356163,252.0,put,0.82,0.83,0.8,357,,0.1957,-0.08416,0.00739,0.16371,-0.0316,-0.03513,spy_options_2019.parquet,4194407
SPY,2019-02-25,2019-02-25T16:00:00-05:00,279.46,2019-04-18,51.96,0.14235616438356163,253.0,call,27.23,27.4,28.92,1,,0.23028,0.88754,0.00925,0.1966,-0.0326,0.17962,spy_options_2019.parquet,4194408
SPY,2019-02-25,2019-02-25T16:00:00-05:00,279.46,2019-04-18,51.96,0.14235616438356163,253.0,put,0.85,0.87,0.8,160,,0.19144,-0.0893,0.00791,0.17057,-0.03234,-0.03773,spy_options_2019.parquet,4194408
SPY,2019-02-25,2019-02-25T16:00:00-05:00,279.46,2019-04-18,51.96,0.14235616438356163,254.0,call,26.41,26.54,24.8,5,,0.23186,0.87667,0.00966,0.21228,-0.03575,0.18736,spy_options_2019.parquet,4194409
SPY,2019-02-25,2019-02-25T16:00:00-05:00,279.46,2019-04-18,51.96,0.14235616438356163,254.0,put,0.93,0.93,0.88,618,,0.18949,-0.09535,0.00842,0.17939,-0.03386,-0.04031,spy_options_2019.parquet,4194409
SPY,2019-02-25,2019-02-25T16:00:00-05:00,279.46,2019-04-18,51.96,0.14235616438356163,255.0,call,25.27,25.51,26.62,147,,0.22106,0.8782,0.01027,0.20976,-0.03313,0.18668,spy_options_2019.parquet,4194410
SPY,2019-02-25,2019-02-25T16:00:00-05:00,279.46,2019-04-18,51.96,0.14235616438356163,255.0,put,0.96,0.98,0.96,,,0.18636,-0.10061,0.0089,0.18784,-0.03454,-0.04263,spy_options_2019.parquet,4194410
SPY,2019-02-25,2019-02-25T16:00:00-05:00,279.46,2019-04-18,51.96,0.14235616438356163,256.0,call,24.5,24.62,23.8,0,,0.22246,0.8646,0.01069,0.22543,-0.03713,0.19377,spy_options_2019.parquet,4194411
SPY,2019-02-25,2019-02-25T16:00:00-05:00,279.46,2019-04-18,51.96,0.14235616438356163,256.0,put,1.02,1.03,1.02,,,0.18264,-0.10753,0.00952,0.1963,-0.03642,-0.04553,spy_options_2019.parquet,4194411
SPY,2019-02-25,2019-02-25T16:00:00-05:00,279.46,2019-04-18,51.96,0.14235616438356163,257.0,call,23.43,23.51,23.98,3,,0.21141,0.86634,0.01134,0.2243,-0.03406,0.19247,spy_options_2019.parquet,4194412
SPY,2019-02-25,2019-02-25T16:00:00-05:00,279.46,2019-04-18,51.96,0.14235616438356163,257.0,put,1.11,1.11,1.09,256,,0.1798,-0.11448,0.01011,0.20577,-0.0373,-0.0477,spy_options_2019.parquet,4194412
SPY,2019-02-25,2019-02-25T16:00:00-05:00,279.46,2019-04-18,51.96,0.14235616438356163,258.0,call,22.64,22.75,23.49,1,,0.21395,0.85025,0.01186,0.24269,-0.03854,0.20131,spy_options_2019.parquet,4194413
SPY,2019-02-25,2019-02-25T16:00:00-05:00,279.46,2019-04-18,51.96,0.14235616438356163,258.0,put,1.15,1.17,1.14,539,,0.17668,-0.12219,0.01078,0.21524,-0.03808,-0.05109,spy_options_2019.parquet,4194413
SPY,2019-02-25,2019-02-25T16:00:00-05:00,279.46,2019-04-18,51.96,0.14235616438356163,259.0,call,21.67,21.8,21.9,14,,0.20884,0.84317,0.0124,0.24998,-0.0381,0.20336,spy_options_2019.parquet,4194414
SPY,2019-02-25,2019-02-25T16:00:00-05:00,279.46,2019-04-18,51.96,0.14235616438356163,259.0,put,1.22,1.22,1.19,241,,0.17254,-0.12864,0.01145,0.2234,-0.03934,-0.05408,spy_options_2019.parquet,4194414
SPY,2019-02-25,2019-02-25T16:00:00-05:00,279.46,2019-04-18,51.96,0.14235616438356163,260.0,call,20.66,20.77,21.38,103,,0.20071,0.84033,0.0132,0.2539,-0.03703,0.20327,spy_options_2019.parquet,4194415
SPY,2019-02-25,2019-02-25T16:00:00-05:00,279.46,2019-04-18,51.96,0.14235616438356163,260.0,put,1.29,1.33,1.31,,,0.16965,-0.13824,0.01211,0.23411,-0.04029,-0.0578,spy_options_2019.parquet,4194415
SPY,2019-02-25,2019-02-25T16:00:00-05:00,279.46,2019-04-18,51.96,0.14235616438356163,261.0,call,19.71,19.84,20.5,102,,0.19583,0.83248,0.0139,0.26238,-0.03739,0.20567,spy_options_2019.parquet,4194416
SPY,2019-02-25,2019-02-25T16:00:00-05:00,279.46,2019-04-18,51.96,0.14235616438356163,261.0,put,1.38,1.39,1.35,674,,0.16673,-0.14677,0.01298,0.24491,-0.04116,-0.06152,spy_options_2019.parquet,4194416
SPY,2019-02-25,2019-02-25T16:00:00-05:00,279.46,2019-04-18,51.96,0.14235616438356163,262.0,call,18.72,18.9,19.13,30,,0.19046,0.82415,0.01463,0.26943,-0.0374,0.20779,spy_options_2019.parquet,4194417
SPY,2019-02-25,2019-02-25T16:00:00-05:00,279.46,2019-04-18,51.96,0.14235616438356163,262.0,put,1.47,1.49,1.48,,,0.16419,-0.15677,0.0138,0.25519,-0.04314,-0.06561,spy_options_2019.parquet,4194417
SPY,2019-02-25,2019-02-25T16:00:00-05:00,279.46,2019-04-18,51.96,0.14235616438356163,263.0,call,17.92,18.03,18.51,87,,0.18948,0.81072,0.01532,0.28359,-0.03941,0.21062,spy_options_2019.parquet,4194418
SPY,2019-02-25,2019-02-25T16:00:00-05:00,279.46,2019-04-18,51.96,0.14235616438356163,263.0,put,1.59,1.6,1.53,316,,0.16153,-0.16926,0.01469,0.26797,-0.04459,-0.07122,spy_options_2019.parquet,4194418
SPY,2019-02-25,2019-02-25T16:00:00-05:00,279.46,2019-04-18,51.96,0.14235616438356163,264.0,call,16.88,17.11,17.71,224,,0.18279,0.80306,0.01623,0.29039,-0.03938,0.21151,spy_options_2019.parquet,4194419
SPY,2019-02-25,2019-02-25T16:00:00-05:00,279.46,2019-04-18,51.96,0.14235616438356163,264.0,put,1.71,1.72,1.63,336,,0.15884,-0.18191,0.01559,0.28058,-0.04583,-0.07584,spy_options_2019.parquet,4194419
SPY,2019-02-25,2019-02-25T16:00:00-05:00,279.46,2019-04-18,51.96,0.14235616438356163,265.0,call,16.11,16.17,16.29,126,,0.18052,0.78837,0.01696,0.3027,-0.04026,0.21356,spy_options_2019.parquet,4194420
SPY,2019-02-25,2019-02-25T16:00:00-05:00,279.46,2019-04-18,51.96,0.14235616438356163,265.0,put,1.79,1.81,1.8,,,0.15436,-0.19246,0.01658,0.29043,-0.04602,-0.081,spy_options_2019.parquet,4194420
SPY,2019-02-25,2019-02-25T16:00:00-05:00,279.46,2019-04-18,51.96,0.14235616438356163,266.0,call,15.22,15.29,15.4,27,,0.17607,0.77609,0.01783,0.31393,-0.04112,0.21445,spy_options_2019.parquet,4194421
SPY,2019-02-25,2019-02-25T16:00:00-05:00,279.46,2019-04-18,51.96,0.14235616438356163,266.0,put,1.95,1.96,1.93,719,,0.15245,-0.20768,0.01757,0.30392,-0.04785,-0.08709,spy_options_2019.parquet,4194421
SPY,2019-02-25,2019-02-25T16:00:00-05:00,279.46,2019-04-18,51.96,0.14235616438356163,267.0,call,14.37,14.51,14.58,98,,0.17438,0.75985,0.0186,0.32624,-0.04217,0.21627,spy_options_2019.parquet,4194422
SPY,2019-02-25,2019-02-25T16:00:00-05:00,279.46,2019-04-18,51.96,0.14235616438356163,267.0,put,2.1,2.1,2.01,,,0.14944,-0.22286,0.01866,0.3171,-0.04928,-0.09303,spy_options_2019.parquet,4194422
SPY,2019-02-25,2019-02-25T16:00:00-05:00,279.46,2019-04-18,51.96,0.14235616438356163,268.0,call,13.5,13.56,13.66,209,,0.16863,0.74643,0.01969,0.33587,-0.04204,0.2157,spy_options_2019.parquet,4194423
SPY,2019-02-25,2019-02-25T16:00:00-05:00,279.46,2019-04-18,51.96,0.14235616438356163,268.0,put,2.22,2.23,2.19,,,0.14626,-0.23758,0.01982,0.32871,-0.0496,-0.09963,spy_options_2019.parquet,4194423
SPY,2019-02-25,2019-02-25T16:00:00-05:00,279.46,2019-04-18,51.96,0.14235616438356163,269.0,call,12.65,12.7,13.26,151,,0.16468,0.73047,0.02061,0.34701,-0.04343,0.21529,spy_options_2019.parquet,4194424
SPY,2019-02-25,2019-02-25T16:00:00-05:00,279.46,2019-04-18,51.96,0.14235616438356163,269.0,put,2.41,2.41,2.39,282,,0.14348,-0.255,0.02098,0.34135,-0.05091,-0.10736,spy_options_2019.parquet,4194424
SPY,2019-02-25,2019-02-25T16:00:00-05:00,279.46,2019-04-18,51.96,0.14235616438356163,270.0,call,11.88,11.93,12.2,,,0.16321,0.71083,0.02137,0.35891,-0.04383,0.21491,spy_options_2019.parquet,4194425
SPY,2019-02-25,2019-02-25T16:00:00-05:00,279.46,2019-04-18,51.96,0.14235616438356163,270.0,put,2.59,2.59,2.59,,,0.14078,-0.27393,0.02225,0.3538,-0.05307,-0.11449,spy_options_2019.parquet,4194425
SPY,2019-02-25,2019-02-25T16:00:00-05:00,279.46,2019-04-18,51.96,0.14235616438356163,271.0,call,11.01,11.09,11.21,53,,0.15872,0.69378,0.0225,0.36933,-0.04374,0.21278,spy_options_2019.parquet,4194426
SPY,2019-02-25,2019-02-25T16:00:00-05:00,279.46,2019-04-18,51.96,0.14235616438356163,271.0,put,2.74,2.77,2.71,286,,0.13653,-0.29217,0.02359,0.36476,-0.05319,-0.12244,spy_options_2019.parquet,4194426
SPY,2019-02-25,2019-02-25T16:00:00-05:00,279.46,2019-04-18,51.96,0.14235616438356163,272.0,call,10.27,10.4,10.32,298,,0.15674,0.67151,0.02313,0.38023,-0.04604,0.21114,spy_options_2019.parquet,4194427
SPY,2019-02-25,2019-02-25T16:00:00-05:00,279.46,2019-04-18,51.96,0.14235616438356163,272.0,put,2.95,2.96,2.94,,,0.13384,-0.31349,0.02491,0.37627,-0.05415,-0.13199,spy_options_2019.parquet,4194427
SPY,2019-02-25,2019-02-25T16:00:00-05:00,279.46,2019-04-18,51.96,0.14235616438356163,273.0,call,9.55,9.62,9.6,254,,0.15423,0.64999,0.02404,0.38994,-0.04592,0.20826,spy_options_2019.parquet,4194428
SPY,2019-02-25,2019-02-25T16:00:00-05:00,279.46,2019-04-18,51.96,0.14235616438356163,273.0,put,3.18,3.21,3.17,,,0.13064,-0.33649,0.02622,0.3877,-0.05494,-0.14094,spy_options_2019.parquet,4194428
SPY,2019-02-25,2019-02-25T16:00:00-05:00,279.46,2019-04-18,51.96,0.14235616438356163,274.0,call,8.69,8.73,9.01,625,,0.14802,0.63026,0.02547,0.39792,-0.04527,0.20376,spy_options_2019.parquet,4194429
SPY,2019-02-25,2019-02-25T16:00:00-05:00,279.46,2019-04-18,51.96,0.14235616438356163,274.0,put,3.43,3.44,3.4,,,0.12707,-0.36053,0.02754,0.39744,-0.05538,-0.15118,spy_options_2019.parquet,4194429
SPY,2019-02-25,2019-02-25T16:00:00-05:00,279.46,2019-04-18,51.96,0.14235616438356163,275.0,call,7.97,8.03,8.02,224,,0.14537,0.60568,0.02623,0.40625,-0.04565,0.19988,spy_options_2019.parquet,4194430
SPY,2019-02-25,2019-02-25T16:00:00-05:00,279.46,2019-04-18,51.96,0.14235616438356163,275.0,put,3.71,3.73,3.67,,,0.12505,-0.38797,0.02883,0.40612,-0.05558,-0.16294,spy_options_2019.parquet,4194430
SPY,2019-02-25,2019-02-25T16:00:00-05:00,279.46,2019-04-18,51.96,0.14235616438356163,276.0,call,7.21,7.32,7.53,169,,0.14067,0.58175,0.02725,0.41182,-0.04532,0.19467,spy_options_2019.parquet,4194431
SPY,2019-02-25,2019-02-25T16:00:00-05:00,279.46,2019-04-18,51.96,0.14235616438356163,276.0,put,3.97,3.99,3.94,,,0.12024,-0.41485,0.0303,0.41354,-0.05585,-0.17418,spy_options_2019.parquet,4194431
SPY,2019-02-25,2019-02-25T16:00:00-05:00,279.46,2019-04-18,51.96,0.14235616438356163,277.0,call,6.54,6.59,6.6,223,,0.13752,0.55482,0.02819,0.4177,-0.04435,0.18815,spy_options_2019.parquet,4194432
SPY,2019-02-25,2019-02-25T16:00:00-05:00,279.46,2019-04-18,51.96,0.14235616438356163,277.0,put,4.3,4.32,4.27,,,0.11763,-0.44464,0.03133,0.41891,-0.05628,-0.18662,spy_options_2019.parquet,4194432
SPY,2019-02-25,2019-02-25T16:00:00-05:00,279.46,2019-04-18,51.96,0.14235616438356163,278.0,call,5.93,5.96,6.01,859,,0.13467,0.52651,0.02871,0.42062,-0.04475,0.18207,spy_options_2019.parquet,4194433
SPY,2019-02-25,2019-02-25T16:00:00-05:00,279.46,2019-04-18,51.96,0.14235616438356163,278.0,put,4.7,4.71,4.6,,,0.11568,-0.47709,0.0322,0.42285,-0.05575,-0.20061,spy_options_2019.parquet,4194433
SPY,2019-02-25,2019-02-25T16:00:00-05:00,279.46,2019-04-18,51.96,0.14235616438356163,279.0,call,5.26,5.31,5.38,606,,0.13118,0.49688,0.02959,0.42182,-0.04336,0.17427,spy_options_2019.parquet,4194434
SPY,2019-02-25,2019-02-25T16:00:00-05:00,279.46,2019-04-18,51.96,0.14235616438356163,279.0,put,5.05,5.09,5.02,,,0.11267,-0.51027,0.03329,0.42323,-0.05522,-0.2137,spy_options_2019.parquet,4194434
SPY,2019-02-25,2019-02-25T16:00:00-05:00,279.46,2019-04-18,51.96,0.14235616438356163,280.0,call,4.69,4.73,4.78,,,0.12888,0.46634,0.02989,0.42072,-0.04306,0.16577,spy_options_2019.parquet,4194435
SPY,2019-02-25,2019-02-25T16:00:00-05:00,279.46,2019-04-18,51.96,0.14235616438356163,280.0,put,5.42,5.46,5.41,,,0.10862,-0.54507,0.03428,0.41978,-0.05374,-0.22898,spy_options_2019.parquet,4194435
SPY,2019-02-25,2019-02-25T16:00:00-05:00,279.46,2019-04-18,51.96,0.14235616438356163,281.0,call,4.12,4.15,4.15,,,0.12462,0.43493,0.03032,0.41637,-0.04136,0.15576,spy_options_2019.parquet,4194436
SPY,2019-02-25,2019-02-25T16:00:00-05:00,279.46,2019-04-18,51.96,0.14235616438356163,281.0,put,5.88,5.92,5.84,,,0.10528,-0.58213,0.03471,0.41311,-0.05341,-0.24457,spy_options_2019.parquet,4194436
SPY,2019-02-25,2019-02-25T16:00:00-05:00,279.46,2019-04-18,51.96,0.14235616438356163,282.0,call,3.62,3.65,3.67,,,0.12283,0.40272,0.03033,0.40987,-0.04046,0.14594,spy_options_2019.parquet,4194437
SPY,2019-02-25,2019-02-25T16:00:00-05:00,279.46,2019-04-18,51.96,0.14235616438356163,282.0,put,6.36,6.46,6.34,987,,0.103,-0.61911,0.03465,0.40286,-0.05167,-0.26035,spy_options_2019.parquet,4194437
SPY,2019-02-25,2019-02-25T16:00:00-05:00,279.46,2019-04-18,51.96,0.14235616438356163,283.0,call,3.11,3.14,3.2,796,,0.11958,0.3696,0.03017,0.39998,-0.03842,0.13552,spy_options_2019.parquet,4194438
SPY,2019-02-25,2019-02-25T16:00:00-05:00,279.46,2019-04-18,51.96,0.14235616438356163,283.0,put,6.95,7.02,6.85,286,,0.10057,-0.65682,0.03408,0.38872,-0.04997,-0.27639,spy_options_2019.parquet,4194438
SPY,2019-02-25,2019-02-25T16:00:00-05:00,279.46,2019-04-18,51.96,0.14235616438356163,284.0,call,2.67,2.71,2.74,,,0.11721,0.33697,0.02984,0.38704,-0.03612,0.12528,spy_options_2019.parquet,4194439
SPY,2019-02-25,2019-02-25T16:00:00-05:00,279.46,2019-04-18,51.96,0.14235616438356163,284.0,put,7.37,7.48,7.14,79,,0.09392,-0.70286,0.03434,0.36604,-0.04664,-0.29539,spy_options_2019.parquet,4194439
SPY,2019-02-25,2019-02-25T16:00:00-05:00,279.46,2019-04-18,51.96,0.14235616438356163,285.0,call,2.27,2.3,2.29,,,0.11364,0.30315,0.0292,0.37137,-0.03422,0.11384,spy_options_2019.parquet,4194440
SPY,2019-02-25,2019-02-25T16:00:00-05:00,279.46,2019-04-18,51.96,0.14235616438356163,285.0,put,8.04,8.23,7.74,383,,0.09344,-0.73777,0.03259,0.34342,-0.0451,-0.31047,spy_options_2019.parquet,4194440
SPY,2019-02-25,2019-02-25T16:00:00-05:00,279.46,2019-04-18,51.96,0.14235616438356163,286.0,call,1.91,1.94,1.93,,,0.11151,0.27125,0.02815,0.35201,-0.03152,0.10188,spy_options_2019.parquet,4194441
SPY,2019-02-25,2019-02-25T16:00:00-05:00,279.46,2019-04-18,51.96,0.14235616438356163,286.0,put,8.63,8.77,8.18,74,,0.08671,-0.78507,0.03123,0.307,-0.04147,-0.33141,spy_options_2019.parquet,4194441
SPY,2019-02-25,2019-02-25T16:00:00-05:00,279.46,2019-04-18,51.96,0.14235616438356163,287.0,call,1.59,1.61,1.63,,,0.10944,0.23901,0.02686,0.33009,-0.02928,0.0911,spy_options_2019.parquet,4194442
SPY,2019-02-25,2019-02-25T16:00:00-05:00,279.46,2019-04-18,51.96,0.14235616438356163,287.0,put,9.43,9.5,9.14,255,,0.08521,-0.81844,0.02864,0.27647,-0.03902,-0.34599,spy_options_2019.parquet,4194442
SPY,2019-02-25,2019-02-25T16:00:00-05:00,279.46,2019-04-18,51.96,0.14235616438356163,288.0,call,1.33,1.34,1.36,,,0.10768,0.20981,0.02532,0.30688,-0.02679,0.08055,spy_options_2019.parquet,4194443
SPY,2019-02-25,2019-02-25T16:00:00-05:00,279.46,2019-04-18,51.96,0.14235616438356163,288.0,put,10.16,10.24,9.75,348,,0.0803,-0.85919,0.02555,0.23327,-0.03498,-0.36317,spy_options_2019.parquet,4194443
SPY,2019-02-25,2019-02-25T16:00:00-05:00,279.46,2019-04-18,51.96,0.14235616438356163,289.0,call,1.09,1.1,1.13,758,,0.10592,0.18248,0.02365,0.28159,-0.02484,0.07038,spy_options_2019.parquet,4194444
SPY,2019-02-25,2019-02-25T16:00:00-05:00,279.46,2019-04-18,51.96,0.14235616438356163,289.0,put,10.94,11.11,9.93,64,,0.0779,-0.89033,0.02202,0.19383,-0.03213,-0.3772,spy_options_2019.parquet,4194444
SPY,2019-02-25,2019-02-25T16:00:00-05:00,279.46,2019-04-18,51.96,0.14235616438356163,290.0,call,0.89,0.92,0.9,,,0.10428,0.15737,0.02168,0.25689,-0.02233,0.06098,spy_options_2019.parquet,4194445
SPY,2019-02-25,2019-02-25T16:00:00-05:00,279.46,2019-04-18,51.96,0.14235616438356163,290.0,put,11.79,11.87,11.7,211,,0.07109,-0.92921,0.01705,0.13717,-0.02792,-0.3941,spy_options_2019.parquet,4194445
SPY,2019-02-25,2019-02-25T16:00:00-05:00,279.46,2019-04-18,51.96,0.14235616438356163,291.0,call,0.72,0.73,0.74,,,0.10331,0.13332,0.01973,0.23068,-0.01913,0.05192,spy_options_2019.parquet,4194446
SPY,2019-02-25,2019-02-25T16:00:00-05:00,279.46,2019-04-18,51.96,0.14235616438356163,291.0,put,12.65,12.8,12.63,16,,0.06586,-0.95598,0.01229,0.09193,-0.02493,-0.40619,spy_options_2019.parquet,4194446
SPY,2019-02-25,2019-02-25T16:00:00-05:00,279.46,2019-04-18,51.96,0.14235616438356163,292.0,call,0.58,0.59,0.6,155,,0.10262,0.1137,0.01771,0.20658,-0.018,0.04436,spy_options_2019.parquet,4194447
SPY,2019-02-25,2019-02-25T16:00:00-05:00,279.46,2019-04-18,51.96,0.14235616438356163,292.0,put,13.65,13.74,13.94,0,,0.06633,-0.96558,0.00978,0.07341,-0.02442,-0.41195,spy_options_2019.parquet,4194447
SPY,2019-02-25,2019-02-25T16:00:00-05:00,279.46,2019-04-18,51.96,0.14235616438356163,293.0,call,0.48,0.49,0.49,676,,0.10196,0.09631,0.01585,0.18356,-0.0158,0.03786,spy_options_2019.parquet,4194448
SPY,2019-02-25,2019-02-25T16:00:00-05:00,279.46,2019-04-18,51.96,0.14235616438356163,293.0,put,14.41,14.61,0.0,,,-5e-05,-1.0,0.0,-145.39958,0.0,0.0,spy_options_2019.parquet,4194448
SPY,2019-02-25,2019-02-25T16:00:00-05:00,279.46,2019-04-18,51.96,0.14235616438356163,294.0,call,0.39,0.38,0.4,323,,0.10034,0.07994,0.01394,0.16033,-0.01342,0.03153,spy_options_2019.parquet,4194449
SPY,2019-02-25,2019-02-25T16:00:00-05:00,279.46,2019-04-18,51.96,0.14235616438356163,294.0,put,15.34,15.51,16.59,1,,0.0006,-1.0,0.0,-155.40015,0.0,0.0,spy_options_2019.parquet,4194449
SPY,2019-02-25,2019-02-25T16:00:00-05:00,279.46,2019-04-18,51.96,0.14235616438356163,295.0,call,0.3,0.32,0.33,315,,0.10043,0.06753,0.01224,0.14117,-0.01147,0.02718,spy_options_2019.parquet,4194450
SPY,2019-02-25,2019-02-25T16:00:00-05:00,279.46,2019-04-18,51.96,0.14235616438356163,295.0,put,16.29,16.5,17.29,10,,0.00075,-1.0,0.0,-165.39996,0.0,0.0,spy_options_2019.parquet,4194450
SPY,2019-02-25,2019-02-25T16:00:00-05:00,279.46,2019-04-18,51.96,0.14235616438356163,296.0,call,0.25,0.27,0.26,25,,0.10039,0.05677,0.01066,0.12312,-0.00996,0.02202,spy_options_2019.parquet,4194451
SPY,2019-02-25,2019-02-25T16:00:00-05:00,279.46,2019-04-18,51.96,0.14235616438356163,296.0,put,17.24,17.45,17.33,1,,0.00049,-1.0,0.0,-175.39988,0.0,0.0,spy_options_2019.parquet,4194451
SPY,2019-02-25,2019-02-25T16:00:00-05:00,279.46,2019-04-18,51.96,0.14235616438356163,297.0,call,0.2,0.22,0.21,43,,0.10139,0.04737,0.00931,0.10764,-0.00897,0.01855,spy_options_2019.parquet,4194452
SPY,2019-02-25,2019-02-25T16:00:00-05:00,279.46,2019-04-18,51.96,0.14235616438356163,297.0,put,18.22,18.44,0.0,,,-0.00018,-1.0,0.0,-185.4004,0.0,0.0,spy_options_2019.parquet,4194452
SPY,2019-02-25,2019-02-25T16:00:00-05:00,279.46,2019-04-18,51.96,0.14235616438356163,298.0,call,0.17,0.18,0.17,138,,0.1016,0.04113,0.0081,0.09458,-0.00795,0.01642,spy_options_2019.parquet,4194453
SPY,2019-02-25,2019-02-25T16:00:00-05:00,279.46,2019-04-18,51.96,0.14235616438356163,298.0,put,19.21,19.37,0.0,,,0.00059,-1.0,0.0,-195.39983,0.0,0.0,spy_options_2019.parquet,4194453
SPY,2019-02-25,2019-02-25T16:00:00-05:00,279.46,2019-04-18,51.96,0.14235616438356163,299.0,call,0.14,0.15,0.15,,,0.10189,0.03407,0.00699,0.08235,-0.00713,0.01365,spy_options_2019.parquet,4194454
SPY,2019-02-25,2019-02-25T16:00:00-05:00,279.46,2019-04-18,51.96,0.14235616438356163,299.0,put,20.18,20.4,0.0,,,0.0006,-1.0,0.0,-205.40036,0.0,0.0,spy_options_2019.parquet,4194454
SPY,2019-02-25,2019-02-25T16:00:00-05:00,279.46,2019-04-18,51.96,0.14235616438356163,300.0,call,0.1,0.11,0.12,,,0.10221,0.02804,0.00595,0.0701,-0.00557,0.01082,spy_options_2019.parquet,4194455
SPY,2019-02-25,2019-02-25T16:00:00-05:00,279.46,2019-04-18,51.96,0.14235616438356163,300.0,put,21.22,21.42,20.85,6,,0.00049,-1.0,0.0,-215.39955,0.0,0.0,spy_options_2019.parquet,4194455
SPY,2019-02-25,2019-02-25T16:00:00-05:00,279.46,2019-04-18,51.96,0.14235616438356163,305.0,call,0.04,0.06,0.06,48,,0.10795,0.01381,0.00307,0.0388,-0.00365,0.00519,spy_options_2019.parquet,4194456
SPY,2019-02-25,2019-02-25T16:00:00-05:00,279.46,2019-04-18,51.96,0.14235616438356163,305.0,put,26.18,26.33,25.88,7,,0.00051,-0.99642,0.0,0.0,-0.01984,-0.4426,spy_options_2019.parquet,4194456
SPY,2019-02-25,2019-02-25T16:00:00-05:00,279.46,2019-04-18,51.96,0.14235616438356163,310.0,call,0.03,0.05,0.04,8,,0.1175,0.00893,0.00186,0.02472,-0.00206,0.00312,spy_options_2019.parquet,4194457
SPY,2019-02-25,2019-02-25T16:00:00-05:00,279.46,2019-04-18,51.96,0.14235616438356163,310.0,put,30.81,31.48,0.0,,,0.00017,-0.99616,0.0,0.0,-0.02049,-0.44935,spy_options_2019.parquet,4194457
SPY,2019-02-25,2019-02-25T16:00:00-05:00,279.46,2019-04-18,51.96,0.14235616438356163,315.0,call,0.02,0.04,0.03,11,,0.12706,0.00554,0.00127,0.01809,-0.00194,0.00217,spy_options_2019.parquet,4194458
SPY,2019-02-25,2019-02-25T16:00:00-05:00,279.46,2019-04-18,51.96,0.14235616438356163,315.0,put,36.18,36.48,39.2,5,,0.00053,-1.0,0.0,-365.40033,0.0,0.0,spy_options_2019.parquet,4194458
SPY,2019-02-25,2019-02-25T16:00:00-05:00,279.46,2019-04-18,51.96,0.14235616438356163,320.0,call,0.01,0.01,0.02,11,,0.13382,0.00298,0.00073,0.01188,-0.00143,0.00171,spy_options_2019.parquet,4194459
SPY,2019-02-25,2019-02-25T16:00:00-05:00,279.46,2019-04-18,51.96,0.14235616438356163,320.0,put,41.07,41.39,0.0,,,0.00028,-0.99583,0.0,0.0,-0.0205,-0.46435,spy_options_2019.parquet,4194459
SPY,2019-02-25,2019-02-25T16:00:00-05:00,279.46,2019-04-18,51.96,0.14235616438356163,325.0,call,0.0,0.0,0.01,0,,0.13383,0.00171,0.00034,0.00497,-0.00045,0.00012,spy_options_2019.parquet,4194460
SPY,2019-02-25,2019-02-25T16:00:00-05:00,279.46,2019-04-18,51.96,0.14235616438356163,325.0,put,46.06,46.38,47.35,1,,-0.00018,-0.99643,0.0,0.0,-0.02044,-0.4719,spy_options_2019.parquet,4194460
SPY,2019-02-25,2019-02-25T16:00:00-05:00,279.46,2019-04-18,51.96,0.14235616438356163,330.0,call,0.0,0.01,0.01,0,,0.14572,0.0008,0.00029,0.00416,-0.00037,0.00039,spy_options_2019.parquet,4194461
SPY,2019-02-25,2019-02-25T16:00:00-05:00,279.46,2019-04-18,51.96,0.14235616438356163,330.0,put,51.05,51.37,0.0,,,0.00061,-1.0,0.0,-515.40048,0.0,0.0,spy_options_2019.parquet,4194461
SPY,2019-02-25,2019-02-25T16:00:00-05:00,279.46,2019-04-18,51.96,0.14235616438356163,335.0,call,0.0,0.01,0.0,,,0.15754,0.00141,0.00027,0.00363,-0.00059,0.00041,spy_options_2019.parquet,4194462
SPY,2019-02-25,2019-02-25T16:00:00-05:00,279.46,2019-04-18,51.96,0.14235616438356163,335.0,put,56.05,56.37,0.0,,,0.00051,-1.0,0.0,-565.40039,0.0,0.0,spy_options_2019.parquet,4194462
SPY,2019-02-25,2019-02-25T16:00:00-05:00,279.46,2019-04-18,51.96,0.14235616438356163,340.0,call,0.0,0.0,0.0,,,0.16814,0.001,0.0002,0.0039,-0.00099,0.00037,spy_options_2019.parquet,4194463
SPY,2019-02-25,2019-02-25T16:00:00-05:00,279.46,2019-04-18,51.96,0.14235616438356163,340.0,put,61.04,61.35,0.0,,,0.00026,-0.9961,0.0,0.0,-0.02013,-0.49371,spy_options_2019.parquet,4194463
SPY,2019-02-25,2019-02-25T16:00:00-05:00,279.46,2019-04-18,51.96,0.14235616438356163,345.0,call,0.0,0.0,0.0,,,0.17964,0.00119,0.00014,0.00352,-0.00105,0.00054,spy_options_2019.parquet,4194464
SPY,2019-02-25,2019-02-25T16:00:00-05:00,279.46,2019-04-18,51.96,0.14235616438356163,345.0,put,66.03,66.35,0.0,,,-0.00013,-0.9962,0.0,0.0,-0.0201,-0.50025,spy_options_2019.parquet,4194464
SPY,2019-02-25,2019-02-25T16:00:00-05:00,279.46,2019-04-18,51.96,0.14235616438356163,350.0,call,0.0,0.01,0.01,0,,0.19038,0.00088,0.00013,0.00344,-0.00052,0.00048,spy_options_2019.parquet,4194465
SPY,2019-02-25,2019-02-25T16:00:00-05:00,279.46,2019-04-18,51.96,0.14235616438356163,350.0,put,71.02,71.35,0.0,,,0.00063,-0.99619,0.0,0.0,-0.02022,-0.50769,spy_options_2019.parquet,4194465
SPY,2019-02-25,2019-02-25T16:00:00-05:00,279.46,2019-04-18,51.96,0.14235616438356163,355.0,call,0.0,0.01,0.0,,,0.20164,0.00061,0.00012,0.00371,-0.00016,0.0007,spy_options_2019.parquet,4194466
SPY,2019-02-25,2019-02-25T16:00:00-05:00,279.46,2019-04-18,51.96,0.14235616438356163,355.0,put,76.1,76.42,0.0,,,0.00072,-0.99623,0.0,0.0,-0.02053,-0.51487,spy_options_2019.parquet,4194466
SPY,2019-02-25,2019-02-25T16:00:00-05:00,279.46,2019-04-18,51.96,0.14235616438356163,360.0,call,0.0,0.02,0.0,,,0.21159,0.00072,0.00017,0.00281,-0.00065,0.00036,spy_options_2019.parquet,4194467
SPY,2019-02-25,2019-02-25T16:00:00-05:00,279.46,2019-04-18,51.96,0.14235616438356163,360.0,put,81.01,81.34,0.0,,,0.00011,-1.0,0.0,-815.39959,0.0,0.0,spy_options_2019.parquet,4194467
SPY,2019-02-25,2019-02-25T16:00:00-05:00,279.46,2019-04-18,51.96,0.14235616438356163,365.0,call,0.0,0.01,0.0,,,0.22228,0.0008,8e-05,0.00287,-0.00106,0.00018,spy_options_2019.parquet,4194468
SPY,2019-02-25,2019-02-25T16:00:00-05:00,279.46,2019-04-18,51.96,0.14235616438356163,365.0,put,86.08,86.41,0.0,,,7e-05,-0.99625,0.0,0.0,-0.02035,-0.52987,spy_options_2019.parquet,4194468
SPY,2019-02-25,2019-02-25T16:00:00-05:00,279.46,2019-04-18,51.96,0.14235616438356163,370.0,call,0.0,0.01,0.0,,,0.23278,0.00126,0.00014,0.00323,-0.00021,0.00044,spy_options_2019.parquet,4194469
SPY,2019-02-25,2019-02-25T16:00:00-05:00,279.46,2019-04-18,51.96,0.14235616438356163,370.0,put,91.0,91.33,0.0,,,0.00052,-0.99624,0.0,0.0,-0.02027,-0.53688,spy_options_2019.parquet,4194469
SPY,2019-02-25,2019-02-25T16:00:00-05:00,279.46,2019-04-18,51.96,0.14235616438356163,375.0,call,0.0,0.01,0.0,,,0.24276,0.00121,0.00012,0.00265,-0.00036,0.00042,spy_options_2019.parquet,4194470
SPY,2019-02-25,2019-02-25T16:00:00-05:00,279.46,2019-04-18,51.96,0.14235616438356163,375.0,put,95.99,96.31,0.0,,,0.00053,-0.99615,0.0,0.0,-0.01994,-0.54369,spy_options_2019.parquet,4194470
SPY,2019-02-25,2019-02-25T16:00:00-05:00,279.46,2019-04-18,51.96,0.14235616438356163,400.0,call,0.0,0.01,0.0,,,0.29032,0.00059,5e-05,0.00205,-0.00014,-0.00015,spy_options_2019.parquet,4194471
SPY,2019-02-25,2019-02-25T16:00:00-05:00,279.46,2019-04-18,51.96,0.14235616438356163,400.0,put,120.95,121.28,0.0,,,0.00053,-0.99657,0.0,0.0,-0.02036,-0.58078,spy_options_2019.parquet,4194471
SPY,2019-02-25,2019-02-25T16:00:00-05:00,279.46,2019-05-17,80.96,0.22180821917808216,190.0,call,88.23,91.72,0.0,,,0.55263,0.91879,0.00071,0.15111,-0.04726,0.0841,spy_options_2019.parquet,4194493
SPY,2019-02-25,2019-02-25T16:00:00-05:00,279.46,2019-05-17,80.96,0.22180821917808216,190.0,put,0.14,0.15,0.12,208,,0.35286,-0.00897,0.00052,0.03121,-0.00658,-0.00575,spy_options_2019.parquet,4194493
SPY,2019-02-25,2019-02-25T16:00:00-05:00,279.46,2019-05-17,80.96,0.22180821917808216,195.0,call,84.8,85.11,0.0,,,0.51231,0.92176,0.00085,0.14963,-0.04227,0.08888,spy_options_2019.parquet,4194494
SPY,2019-02-25,2019-02-25T16:00:00-05:00,279.46,2019-05-17,80.96,0.22180821917808216,195.0,put,0.16,0.17,0.16,260,,0.33614,-0.01039,0.00065,0.03647,-0.00714,-0.00677,spy_options_2019.parquet,4194494
SPY,2019-02-25,2019-02-25T16:00:00-05:00,279.46,2019-05-17,80.96,0.22180821917808216,200.0,call,79.48,80.38,73.65,0,,0.47376,0.92504,0.00098,0.1479,-0.0386,0.09471,spy_options_2019.parquet,4194495
SPY,2019-02-25,2019-02-25T16:00:00-05:00,279.46,2019-05-17,80.96,0.22180821917808216,200.0,put,0.19,0.19,0.16,442,,0.32222,-0.01253,0.00079,0.0424,-0.00815,-0.00857,spy_options_2019.parquet,4194495
SPY,2019-02-25,2019-02-25T16:00:00-05:00,279.46,2019-05-17,80.96,0.22180821917808216,205.0,call,74.51,75.41,65.93,0,,0.43955,0.92694,0.00118,0.14919,-0.0356,0.10617,spy_options_2019.parquet,4194496
SPY,2019-02-25,2019-02-25T16:00:00-05:00,279.46,2019-05-17,80.96,0.22180821917808216,205.0,put,0.24,0.24,0.22,392,,0.30968,-0.01542,0.00099,0.05101,-0.00989,-0.0097,spy_options_2019.parquet,4194496
SPY,2019-02-25,2019-02-25T16:00:00-05:00,279.46,2019-05-17,80.96,0.22180821917808216,210.0,call,69.77,70.09,0.0,,,0.40381,0.93004,0.00144,0.14717,-0.03178,0.1118,spy_options_2019.parquet,4194497
SPY,2019-02-25,2019-02-25T16:00:00-05:00,279.46,2019-05-17,80.96,0.22180821917808216,210.0,put,0.26,0.28,0.24,204,,0.29491,-0.01895,0.00119,0.06017,-0.01054,-0.01172,spy_options_2019.parquet,4194497
SPY,2019-02-25,2019-02-25T16:00:00-05:00,279.46,2019-05-17,80.96,0.22180821917808216,215.0,call,64.81,65.14,0.0,,,0.3759,0.93015,0.00168,0.14982,-0.03001,0.12787,spy_options_2019.parquet,4194498
SPY,2019-02-25,2019-02-25T16:00:00-05:00,279.46,2019-05-17,80.96,0.22180821917808216,215.0,put,0.32,0.33,0.29,23,,0.28078,-0.02249,0.00141,0.07078,-0.01176,-0.01512,spy_options_2019.parquet,4194498
SPY,2019-02-25,2019-02-25T16:00:00-05:00,279.46,2019-05-17,80.96,0.22180821917808216,220.0,call,59.89,60.18,61.0,3,,0.34874,0.92969,0.00209,0.15513,-0.02774,0.14551,spy_options_2019.parquet,4194499
SPY,2019-02-25,2019-02-25T16:00:00-05:00,279.46,2019-05-17,80.96,0.22180821917808216,220.0,put,0.38,0.39,0.38,57,,0.26707,-0.02713,0.00178,0.08319,-0.01349,-0.01812,spy_options_2019.parquet,4194499
SPY,2019-02-25,2019-02-25T16:00:00-05:00,279.46,2019-05-17,80.96,0.22180821917808216,225.0,call,55.09,55.36,47.0,0,,0.33117,0.92372,0.00277,0.17166,-0.02886,0.17843,spy_options_2019.parquet,4194500
SPY,2019-02-25,2019-02-25T16:00:00-05:00,279.46,2019-05-17,80.96,0.22180821917808216,225.0,put,0.47,0.47,0.42,86,,0.25376,-0.03401,0.00223,0.09851,-0.01592,-0.02179,spy_options_2019.parquet,4194500
SPY,2019-02-25,2019-02-25T16:00:00-05:00,279.46,2019-05-17,80.96,0.22180821917808216,230.0,call,50.05,50.31,49.38,1,,0.30017,0.92374,0.00328,0.17346,-0.02639,0.19015,spy_options_2019.parquet,4194501
SPY,2019-02-25,2019-02-25T16:00:00-05:00,279.46,2019-05-17,80.96,0.22180821917808216,230.0,put,0.57,0.58,0.55,,,0.24088,-0.04184,0.00282,0.11809,-0.01742,-0.02757,spy_options_2019.parquet,4194501
SPY,2019-02-25,2019-02-25T16:00:00-05:00,279.46,2019-05-17,80.96,0.22180821917808216,235.0,call,45.16,45.83,43.03,1,,0.28984,0.90821,0.00426,0.20491,-0.0306,0.23142,spy_options_2019.parquet,4194502
SPY,2019-02-25,2019-02-25T16:00:00-05:00,279.46,2019-05-17,80.96,0.22180821917808216,235.0,put,0.7,0.71,0.66,,,0.22872,-0.05294,0.00355,0.14304,-0.02089,-0.03453,spy_options_2019.parquet,4194502
SPY,2019-02-25,2019-02-25T16:00:00-05:00,279.46,2019-05-17,80.96,0.22180821917808216,240.0,call,40.42,40.73,39.78,0,,0.26497,0.90045,0.00522,0.22203,-0.02971,0.25287,spy_options_2019.parquet,4194503
SPY,2019-02-25,2019-02-25T16:00:00-05:00,279.46,2019-05-17,80.96,0.22180821917808216,240.0,put,0.89,0.89,0.87,,,0.21699,-0.06735,0.00453,0.17248,-0.02403,-0.04413,spy_options_2019.parquet,4194503
SPY,2019-02-25,2019-02-25T16:00:00-05:00,279.46,2019-05-17,80.96,0.22180821917808216,245.0,call,35.71,35.92,34.61,1,,0.24848,0.8828,0.00644,0.25315,-0.03161,0.28013,spy_options_2019.parquet,4194504
SPY,2019-02-25,2019-02-25T16:00:00-05:00,279.46,2019-05-17,80.96,0.22180821917808216,245.0,put,1.1,1.12,1.1,,,0.20485,-0.08494,0.00576,0.20683,-0.02719,-0.05605,spy_options_2019.parquet,4194504
SPY,2019-02-25,2019-02-25T16:00:00-05:00,279.46,2019-05-17,80.96,0.22180821917808216,246.0,call,34.7,34.91,35.78,2,,0.24253,0.88059,0.00668,0.25609,-0.03141,0.28329,spy_options_2019.parquet,4194505
SPY,2019-02-25,2019-02-25T16:00:00-05:00,279.46,2019-05-17,80.96,0.22180821917808216,246.0,put,1.15,1.17,1.1,35,,0.2024,-0.08977,0.00606,0.2148,-0.0277,-0.05864,spy_options_2019.parquet,4194505
SPY,2019-02-25,2019-02-25T16:00:00-05:00,279.46,2019-05-17,80.96,0.22180821917808216,247.0,call,33.81,33.99,34.79,1,,0.24002,0.87453,0.00699,0.26514,-0.03201,0.28988,spy_options_2019.parquet,4194506
SPY,2019-02-25,2019-02-25T16:00:00-05:00,279.46,2019-05-17,80.96,0.22180821917808216,247.0,put,1.22,1.22,1.04,420,,0.2,-0.09462,0.00632,0.22286,-0.02792,-0.06237,spy_options_2019.parquet,4194506
SPY,2019-02-25,2019-02-25T16:00:00-05:00,279.46,2019-05-17,80.96,0.22180821917808216,248.0,call,32.83,33.03,27.31,1,,0.23617,0.87111,0.00729,0.27139,-0.03178,0.29386,spy_options_2019.parquet,4194507
SPY,2019-02-25,2019-02-25T16:00:00-05:00,279.46,2019-05-17,80.96,0.22180821917808216,248.0,put,1.27,1.29,1.25,228,,0.19724,-0.10007,0.00671,0.23202,-0.02958,-0.06508,spy_options_2019.parquet,4194507
SPY,2019-02-25,2019-02-25T16:00:00-05:00,279.46,2019-05-17,80.96,0.22180821917808216,249.0,call,31.95,32.16,30.03,1,,0.23481,0.86434,0.00758,0.28274,-0.03318,0.30081,spy_options_2019.parquet,4194508
SPY,2019-02-25,2019-02-25T16:00:00-05:00,279.46,2019-05-17,80.96,0.22180821917808216,249.0,put,1.32,1.34,1.17,85,,0.19503,-0.10444,0.00702,0.23922,-0.02946,-0.06808,spy_options_2019.parquet,4194508
SPY,2019-02-25,2019-02-25T16:00:00-05:00,279.46,2019-05-17,80.96,0.22180821917808216,250.0,call,30.92,31.1,32.5,5,,0.22784,0.86277,0.00792,0.28384,-0.03268,0.30141,spy_options_2019.parquet,4194509
SPY,2019-02-25,2019-02-25T16:00:00-05:00,279.46,2019-05-17,80.96,0.22180821917808216,250.0,put,1.39,1.41,1.38,,,0.19249,-0.10903,0.0074,0.24758,-0.03068,-0.07165,spy_options_2019.parquet,4194509
SPY,2019-02-25,2019-02-25T16:00:00-05:00,279.46,2019-05-17,80.96,0.22180821917808216,251.0,call,30.04,30.26,23.22,1,,0.22737,0.85482,0.00826,0.2958,-0.03365,0.30797,spy_options_2019.parquet,4194510
SPY,2019-02-25,2019-02-25T16:00:00-05:00,279.46,2019-05-17,80.96,0.22180821917808216,251.0,put,1.46,1.47,1.43,361,,0.18995,-0.11509,0.00772,0.25672,-0.03129,-0.07541,spy_options_2019.parquet,4194510
SPY,2019-02-25,2019-02-25T16:00:00-05:00,279.46,2019-05-17,80.96,0.22180821917808216,252.0,call,29.13,29.3,24.64,1,,0.22306,0.84918,0.00865,0.30349,-0.03369,0.3127,spy_options_2019.parquet,4194511
SPY,2019-02-25,2019-02-25T16:00:00-05:00,279.46,2019-05-17,80.96,0.22180821917808216,252.0,put,1.53,1.55,1.43,286,,0.18706,-0.12119,0.00811,0.26716,-0.03214,-0.07994,spy_options_2019.parquet,4194511
SPY,2019-02-25,2019-02-25T16:00:00-05:00,279.46,2019-05-17,80.96,0.22180821917808216,253.0,call,28.21,28.35,27.41,0,,0.21985,0.84384,0.00895,0.31103,-0.03391,0.31567,spy_options_2019.parquet,4194512
SPY,2019-02-25,2019-02-25T16:00:00-05:00,279.46,2019-05-17,80.96,0.22180821917808216,253.0,put,1.61,1.64,1.51,18,,0.18483,-0.12798,0.00852,0.27666,-0.03257,-0.08338,spy_options_2019.parquet,4194512
SPY,2019-02-25,2019-02-25T16:00:00-05:00,279.46,2019-05-17,80.96,0.22180821917808216,254.0,call,27.33,27.5,26.69,1,,0.21798,0.83576,0.00936,0.32264,-0.03515,0.32036,spy_options_2019.parquet,4194513
SPY,2019-02-25,2019-02-25T16:00:00-05:00,279.46,2019-05-17,80.96,0.22180821917808216,254.0,put,1.71,1.71,1.6,175,,0.18263,-0.13464,0.00891,0.28611,-0.03334,-0.08802,spy_options_2019.parquet,4194513
SPY,2019-02-25,2019-02-25T16:00:00-05:00,279.46,2019-05-17,80.96,0.22180821917808216,255.0,call,26.17,26.7,27.74,1,,0.21344,0.83109,0.00974,0.32902,-0.03505,0.32347,spy_options_2019.parquet,4194514
SPY,2019-02-25,2019-02-25T16:00:00-05:00,279.46,2019-05-17,80.96,0.22180821917808216,255.0,put,1.79,1.8,1.75,,,0.18025,-0.1417,0.0094,0.29698,-0.03459,-0.09282,spy_options_2019.parquet,4194514
SPY,2019-02-25,2019-02-25T16:00:00-05:00,279.46,2019-05-17,80.96,0.22180821917808216,256.0,call,25.62,25.71,24.84,11,,0.21386,0.81946,0.01007,0.34406,-0.03677,0.32853,spy_options_2019.parquet,4194515
SPY,2019-02-25,2019-02-25T16:00:00-05:00,279.46,2019-05-17,80.96,0.22180821917808216,256.0,put,1.87,1.89,1.86,293,,0.17766,-0.14893,0.00984,0.30657,-0.03543,-0.09781,spy_options_2019.parquet,4194515
SPY,2019-02-25,2019-02-25T16:00:00-05:00,279.46,2019-05-17,80.96,0.22180821917808216,257.0,call,24.57,24.68,25.23,53,,0.20692,0.81658,0.01051,0.34685,-0.03612,0.32994,spy_options_2019.parquet,4194516
SPY,2019-02-25,2019-02-25T16:00:00-05:00,279.46,2019-05-17,80.96,0.22180821917808216,257.0,put,1.95,1.96,1.75,172,,0.17387,-0.15588,0.01035,0.31658,-0.03564,-0.1026,spy_options_2019.parquet,4194516
SPY,2019-02-25,2019-02-25T16:00:00-05:00,279.46,2019-05-17,80.96,0.22180821917808216,258.0,call,23.71,23.94,25.2,2,,0.20648,0.8053,0.01092,0.36094,-0.03789,0.33332,spy_options_2019.parquet,4194517
SPY,2019-02-25,2019-02-25T16:00:00-05:00,279.46,2019-05-17,80.96,0.22180821917808216,258.0,put,2.05,2.07,1.98,880,,0.17188,-0.16369,0.01089,0.32732,-0.03645,-0.10769,spy_options_2019.parquet,4194517
SPY,2019-02-25,2019-02-25T16:00:00-05:00,279.46,2019-05-17,80.96,0.22180821917808216,259.0,call,22.93,23.03,21.3,1,,0.20389,0.79495,0.01126,0.37198,-0.03897,0.33544,spy_options_2019.parquet,4194518
SPY,2019-02-25,2019-02-25T16:00:00-05:00,279.46,2019-05-17,80.96,0.22180821917808216,259.0,put,2.16,2.17,2.16,134,,0.16906,-0.17249,0.01144,0.33804,-0.03692,-0.11372,spy_options_2019.parquet,4194518
SPY,2019-02-25,2019-02-25T16:00:00-05:00,279.46,2019-05-17,80.96,0.22180821917808216,260.0,call,21.79,22.31,23.05,4,,0.19932,0.78825,0.01182,0.37947,-0.03905,0.33783,spy_options_2019.parquet,4194519
SPY,2019-02-25,2019-02-25T16:00:00-05:00,279.46,2019-05-17,80.96,0.22180821917808216,260.0,put,2.27,2.28,2.26,,,0.16682,-0.18278,0.01199,0.34961,-0.03767,-0.12004,spy_options_2019.parquet,4194519
SPY,2019-02-25,2019-02-25T16:00:00-05:00,279.46,2019-05-17,80.96,0.22180821917808216,261.0,call,21.06,21.17,20.48,0,,0.19517,0.78022,0.01234,0.38797,-0.03809,0.33901,spy_options_2019.parquet,4194520
SPY,2019-02-25,2019-02-25T16:00:00-05:00,279.46,2019-05-17,80.96,0.22180821917808216,261.0,put,2.37,2.4,2.29,253,,0.16347,-0.1912,0.01257,0.36087,-0.03812,-0.12506,spy_options_2019.parquet,4194520
SPY,2019-02-25,2019-02-25T16:00:00-05:00,279.46,2019-05-17,80.96,0.22180821917808216,262.0,call,20.23,20.31,20.71,40,,0.19287,0.76952,0.01278,0.3984,-0.03875,0.34019,spy_options_2019.parquet,4194521
SPY,2019-02-25,2019-02-25T16:00:00-05:00,279.46,2019-05-17,80.96,0.22180821917808216,262.0,put,2.52,2.54,2.45,75,,0.16169,-0.20282,0.01318,0.37313,-0.03914,-0.13311,spy_options_2019.parquet,4194521
SPY,2019-02-25,2019-02-25T16:00:00-05:00,279.46,2019-05-17,80.96,0.22180821917808216,263.0,call,19.27,19.52,20.23,12,,0.18988,0.75917,0.01323,0.40811,-0.03995,0.34093,spy_options_2019.parquet,4194522
SPY,2019-02-25,2019-02-25T16:00:00-05:00,279.46,2019-05-17,80.96,0.22180821917808216,263.0,put,2.68,2.69,2.46,158,,0.1596,-0.21455,0.01378,0.38537,-0.04001,-0.14085,spy_options_2019.parquet,4194522
SPY,2019-02-25,2019-02-25T16:00:00-05:00,279.46,2019-05-17,80.96,0.22180821917808216,264.0,call,18.49,18.63,19.46,11,,0.18641,0.74776,0.01373,0.41895,-0.03985,0.34054,spy_options_2019.parquet,4194523
SPY,2019-02-25,2019-02-25T16:00:00-05:00,279.46,2019-05-17,80.96,0.22180821917808216,264.0,put,2.79,2.82,2.65,540,,0.15669,-0.22543,0.01447,0.39616,-0.04062,-0.14724,spy_options_2019.parquet,4194523
SPY,2019-02-25,2019-02-25T16:00:00-05:00,279.46,2019-05-17,80.96,0.22180821917808216,265.0,call,17.67,17.76,18.28,29,,0.1838,0.73679,0.01425,0.42814,-0.0404,0.34024,spy_options_2019.parquet,4194524
SPY,2019-02-25,2019-02-25T16:00:00-05:00,279.46,2019-05-17,80.96,0.22180821917808216,265.0,put,2.95,2.94,2.95,934,,0.15424,-0.23705,0.01518,0.40857,-0.04118,-0.15559,spy_options_2019.parquet,4194524
SPY,2019-02-25,2019-02-25T16:00:00-05:00,279.46,2019-05-17,80.96,0.22180821917808216,266.0,call,16.85,16.91,16.96,125,,0.18095,0.72415,0.01477,0.4385,-0.04064,0.33956,spy_options_2019.parquet,4194525
SPY,2019-02-25,2019-02-25T16:00:00-05:00,279.46,2019-05-17,80.96,0.22180821917808216,266.0,put,3.1,3.11,3.13,250,,0.15158,-0.25044,0.01585,0.41993,-0.04201,-0.16368,spy_options_2019.parquet,4194525
SPY,2019-02-25,2019-02-25T16:00:00-05:00,279.46,2019-05-17,80.96,0.22180821917808216,267.0,call,15.93,16.04,16.1,100,,0.17625,0.71327,0.01541,0.4473,-0.04071,0.33858,spy_options_2019.parquet,4194526
SPY,2019-02-25,2019-02-25T16:00:00-05:00,279.46,2019-05-17,80.96,0.22180821917808216,267.0,put,3.3,3.32,3.24,778,,0.14907,-0.26544,0.01648,0.43309,-0.04342,-0.17397,spy_options_2019.parquet,4194526
SPY,2019-02-25,2019-02-25T16:00:00-05:00,279.46,2019-05-17,80.96,0.22180821917808216,268.0,call,15.12,15.22,15.64,19,,0.17361,0.69913,0.01597,0.45684,-0.04082,0.33694,spy_options_2019.parquet,4194527
SPY,2019-02-25,2019-02-25T16:00:00-05:00,279.46,2019-05-17,80.96,0.22180821917808216,268.0,put,3.47,3.5,3.33,450,,0.14655,-0.27896,0.01728,0.44379,-0.04385,-0.18251,spy_options_2019.parquet,4194527
SPY,2019-02-25,2019-02-25T16:00:00-05:00,279.46,2019-05-17,80.96,0.22180821917808216,269.0,call,14.36,14.41,14.26,0,,0.17061,0.68521,0.01645,0.46625,-0.04131,0.33475,spy_options_2019.parquet,4194528
SPY,2019-02-25,2019-02-25T16:00:00-05:00,279.46,2019-05-17,80.96,0.22180821917808216,269.0,put,3.65,3.69,3.66,363,,0.14378,-0.29483,0.01801,0.45568,-0.04404,-0.19288,spy_options_2019.parquet,4194528
SPY,2019-02-25,2019-02-25T16:00:00-05:00,279.46,2019-05-17,80.96,0.22180821917808216,270.0,call,13.55,13.63,13.68,130,,0.16743,0.67014,0.01709,0.47544,-0.04109,0.33173,spy_options_2019.parquet,4194529
SPY,2019-02-25,2019-02-25T16:00:00-05:00,279.46,2019-05-17,80.96,0.22180821917808216,270.0,put,3.84,3.87,3.83,,,0.14027,-0.3096,0.01893,0.4658,-0.04442,-0.20279,spy_options_2019.parquet,4194529
SPY,2019-02-25,2019-02-25T16:00:00-05:00,279.46,2019-05-17,80.96,0.22180821917808216,271.0,call,12.75,12.83,13.42,35,,0.16383,0.65495,0.01763,0.48428,-0.04102,0.32877,spy_options_2019.parquet,4194530
SPY,2019-02-25,2019-02-25T16:00:00-05:00,279.46,2019-05-17,80.96,0.22180821917808216,271.0,put,4.07,4.08,3.85,61,,0.13839,-0.32747,0.01967,0.47712,-0.04506,-0.2145,spy_options_2019.parquet,4194530
SPY,2019-02-25,2019-02-25T16:00:00-05:00,279.46,2019-05-17,80.96,0.22180821917808216,272.0,call,11.95,12.13,12.36,108,,0.16174,0.63881,0.01822,0.49278,-0.04097,0.3239,spy_options_2019.parquet,4194531
SPY,2019-02-25,2019-02-25T16:00:00-05:00,279.46,2019-05-17,80.96,0.22180821917808216,272.0,put,4.32,4.33,4.28,141,,0.13522,-0.34558,0.02046,0.48712,-0.04452,-0.22671,spy_options_2019.parquet,4194531
SPY,2019-02-25,2019-02-25T16:00:00-05:00,279.46,2019-05-17,80.96,0.22180821917808216,273.0,call,11.31,11.36,11.86,24,,0.15934,0.62165,0.01871,0.5006,-0.04194,0.31892,spy_options_2019.parquet,4194532
SPY,2019-02-25,2019-02-25T16:00:00-05:00,279.46,2019-05-17,80.96,0.22180821917808216,273.0,put,4.56,4.58,4.44,659,,0.13321,-0.36552,0.02132,0.49639,-0.04541,-0.23909,spy_options_2019.parquet,4194532
SPY,2019-02-25,2019-02-25T16:00:00-05:00,279.46,2019-05-17,80.96,0.22180821917808216,274.0,call,10.52,10.63,10.61,966,,0.15546,0.60339,0.01928,0.50679,-0.04175,0.31352,spy_options_2019.parquet,4194533
SPY,2019-02-25,2019-02-25T16:00:00-05:00,279.46,2019-05-17,80.96,0.22180821917808216,274.0,put,4.81,4.84,4.8,76,,0.13044,-0.38493,0.02216,0.50515,-0.04535,-0.25248,spy_options_2019.parquet,4194533
SPY,2019-02-25,2019-02-25T16:00:00-05:00,279.46,2019-05-17,80.96,0.22180821917808216,275.0,call,9.81,9.86,10.22,,,0.15224,0.58509,0.01988,0.51322,-0.04108,0.30782,spy_options_2019.parquet,4194534
SPY,2019-02-25,2019-02-25T16:00:00-05:00,279.46,2019-05-17,80.96,0.22180821917808216,275.0,put,5.1,5.13,5.05,606,,0.12753,-0.40667,0.02295,0.51245,-0.04505,-0.26673,spy_options_2019.parquet,4194534
SPY,2019-02-25,2019-02-25T16:00:00-05:00,279.46,2019-05-17,80.96,0.22180821917808216,276.0,call,9.11,9.18,9.65,232,,0.14929,0.56553,0.0204,0.51809,-0.04087,0.3008,spy_options_2019.parquet,4194535
SPY,2019-02-25,2019-02-25T16:00:00-05:00,279.46,2019-05-17,80.96,0.22180821917808216,276.0,put,5.38,5.43,5.12,240,,0.1245,-0.42868,0.0237,0.51833,-0.04558,-0.28117,spy_options_2019.parquet,4194535
SPY,2019-02-25,2019-02-25T16:00:00-05:00,279.46,2019-05-17,80.96,0.22180821917808216,277.0,call,8.44,8.49,8.89,222,,0.14665,0.54558,0.02093,0.5216,-0.0404,0.29242,spy_options_2019.parquet,4194536
SPY,2019-02-25,2019-02-25T16:00:00-05:00,279.46,2019-05-17,80.96,0.22180821917808216,277.0,put,5.72,5.76,5.66,,,0.12246,-0.45267,0.02445,0.52238,-0.0452,-0.29671,spy_options_2019.parquet,4194536
SPY,2019-02-25,2019-02-25T16:00:00-05:00,279.46,2019-05-17,80.96,0.22180821917808216,278.0,call,7.78,7.81,8.02,243,,0.14387,0.52447,0.02154,0.52419,-0.03991,0.28444,spy_options_2019.parquet,4194537
SPY,2019-02-25,2019-02-25T16:00:00-05:00,279.46,2019-05-17,80.96,0.22180821917808216,278.0,put,6.06,6.1,6.06,353,,0.1196,-0.47694,0.02511,0.52561,-0.0447,-0.31259,spy_options_2019.parquet,4194537
SPY,2019-02-25,2019-02-25T16:00:00-05:00,279.46,2019-05-17,80.96,0.22180821917808216,279.0,call,7.19,7.22,7.25,247,,0.14158,0.5032,0.02175,0.52525,-0.03983,0.27556,spy_options_2019.parquet,4194538
SPY,2019-02-25,2019-02-25T16:00:00-05:00,279.46,2019-05-17,80.96,0.22180821917808216,279.0,put,6.43,6.45,6.28,496,,0.11681,-0.50344,0.02574,0.52573,-0.04379,-0.33035,spy_options_2019.parquet,4194538
SPY,2019-02-25,2019-02-25T16:00:00-05:00,279.46,2019-05-17,80.96,0.22180821917808216,280.0,call,6.54,6.58,6.78,896,,0.13878,0.47983,0.02215,0.52481,-0.03898,0.26552,spy_options_2019.parquet,4194539
SPY,2019-02-25,2019-02-25T16:00:00-05:00,279.46,2019-05-17,80.96,0.22180821917808216,280.0,put,6.83,6.87,6.77,,,0.11346,-0.5301,0.02631,0.52492,-0.04397,-0.34806,spy_options_2019.parquet,4194539
SPY,2019-02-25,2019-02-25T16:00:00-05:00,279.46,2019-05-17,80.96,0.22180821917808216,281.0,call,5.93,5.98,6.18,470,,0.13582,0.45631,0.02243,0.52258,-0.03797,0.25456,spy_options_2019.parquet,4194540
SPY,2019-02-25,2019-02-25T16:00:00-05:00,279.46,2019-05-17,80.96,0.22180821917808216,281.0,put,7.19,7.23,7.21,,,0.10977,-0.55923,0.02697,0.52004,-0.04216,-0.367,spy_options_2019.parquet,4194540
SPY,2019-02-25,2019-02-25T16:00:00-05:00,279.46,2019-05-17,80.96,0.22180821917808216,282.0,call,5.35,5.4,5.4,410,,0.13281,0.43226,0.02277,0.51889,-0.03649,0.24271,spy_options_2019.parquet,4194541
SPY,2019-02-25,2019-02-25T16:00:00-05:00,279.46,2019-05-17,80.96,0.22180821917808216,282.0,put,7.69,7.74,7.66,84,,0.10801,-0.58746,0.02711,0.51327,-0.04163,-0.38598,spy_options_2019.parquet,4194541
SPY,2019-02-25,2019-02-25T16:00:00-05:00,279.46,2019-05-17,80.96,0.22180821917808216,283.0,call,4.83,4.87,4.99,997,,0.13025,0.40829,0.02282,0.51265,-0.03574,0.23162,spy_options_2019.parquet,4194542
SPY,2019-02-25,2019-02-25T16:00:00-05:00,279.46,2019-05-17,80.96,0.22180821917808216,283.0,put,8.16,8.2,7.86,183,,0.10526,-0.61766,0.02727,0.50256,-0.04073,-0.40549,spy_options_2019.parquet,4194542
SPY,2019-02-25,2019-02-25T16:00:00-05:00,279.46,2019-05-17,80.96,0.22180821917808216,284.0,call,4.32,4.34,4.4,344,,0.1277,0.38294,0.02291,0.50347,-0.03427,0.21845,spy_options_2019.parquet,4194543
SPY,2019-02-25,2019-02-25T16:00:00-05:00,279.46,2019-05-17,80.96,0.22180821917808216,284.0,put,8.7,8.74,8.33,100,,0.10248,-0.64739,0.02713,0.48852,-0.03941,-0.42603,spy_options_2019.parquet,4194543
SPY,2019-02-25,2019-02-25T16:00:00-05:00,279.46,2019-05-17,80.96,0.22180821917808216,285.0,call,3.85,3.9,3.94,712,,0.1248,0.35781,0.02281,0.49302,-0.03291,0.20567,spy_options_2019.parquet,4194544
SPY,2019-02-25,2019-02-25T16:00:00-05:00,279.46,2019-05-17,80.96,0.22180821917808216,285.0,put,9.17,9.23,8.95,56,,0.09866,-0.68233,0.02722,0.46864,-0.03696,-0.44912,spy_options_2019.parquet,4194544
SPY,2019-02-25,2019-02-25T16:00:00-05:00,279.46,2019-05-17,80.96,0.22180821917808216,286.0,call,3.42,3.45,3.56,896,,0.12245,0.33262,0.02252,0.4796,-0.03136,0.19207,spy_options_2019.parquet,4194545
SPY,2019-02-25,2019-02-25T16:00:00-05:00,279.46,2019-05-17,80.96,0.22180821917808216,286.0,put,9.78,9.84,9.35,11,,0.09571,-0.71308,0.02652,0.44698,-0.036,-0.46928,spy_options_2019.parquet,4194545
SPY,2019-02-25,2019-02-25T16:00:00-05:00,279.46,2019-05-17,80.96,0.22180821917808216,287.0,call,3.04,3.07,3.06,295,,0.12056,0.30746,0.02211,0.4652,-0.03018,0.17982,spy_options_2019.parquet,4194546
SPY,2019-02-25,2019-02-25T16:00:00-05:00,279.46,2019-05-17,80.96,0.22180821917808216,287.0,put,10.35,10.43,9.81,47,,0.09219,-0.74758,0.02584,0.41953,-0.03393,-0.49179,spy_options_2019.parquet,4194546
SPY,2019-02-25,2019-02-25T16:00:00-05:00,279.46,2019-05-17,80.96,0.22180821917808216,288.0,call,2.61,2.65,2.67,644,,0.11746,0.28129,0.02176,0.44562,-0.02872,0.16507,spy_options_2019.parquet,4194547
SPY,2019-02-25,2019-02-25T16:00:00-05:00,279.46,2019-05-17,80.96,0.22180821917808216,288.0,put,10.99,11.2,10.22,2,,0.09003,-0.77689,0.02462,0.39083,-0.03215,-0.51188,spy_options_2019.parquet,4194547
SPY,2019-02-25,2019-02-25T16:00:00-05:00,279.46,2019-05-17,80.96,0.22180821917808216,289.0,call,2.32,2.33,2.4,806,,0.1165,0.25794,0.0211,0.42721,-0.02693,0.15161,spy_options_2019.parquet,4194548
SPY,2019-02-25,2019-02-25T16:00:00-05:00,279.46,2019-05-17,80.96,0.22180821917808216,289.0,put,11.78,11.83,11.36,25,,0.08838,-0.80631,0.02325,0.35865,-0.03012,-0.53297,spy_options_2019.parquet,4194548
SPY,2019-02-25,2019-02-25T16:00:00-05:00,279.46,2019-05-17,80.96,0.22180821917808216,290.0,call,1.99,1.99,2.0,,,0.11388,0.23296,0.02033,0.4053,-0.02509,0.13845,spy_options_2019.parquet,4194549
SPY,2019-02-25,2019-02-25T16:00:00-05:00,279.46,2019-05-17,80.96,0.22180821917808216,290.0,put,12.4,12.47,12.33,,,0.0819,-0.84743,0.02147,0.30681,-0.02667,-0.55918,spy_options_2019.parquet,4194549
SPY,2019-02-25,2019-02-25T16:00:00-05:00,279.46,2019-05-17,80.96,0.22180821917808216,291.0,call,1.69,1.7,1.86,236,,0.11193,0.20796,0.0195,0.37985,-0.02274,0.12385,spy_options_2019.parquet,4194550
SPY,2019-02-25,2019-02-25T16:00:00-05:00,279.46,2019-05-17,80.96,0.22180821917808216,291.0,put,13.01,13.22,15.99,1,,0.07396,-0.88904,0.01872,0.24364,-0.02313,-0.5871,spy_options_2019.parquet,4194550
SPY,2019-02-25,2019-02-25T16:00:00-05:00,279.46,2019-05-17,80.96,0.22180821917808216,292.0,call,1.45,1.48,1.46,156,,0.11083,0.18778,0.01844,0.35659,-0.02144,0.11222,spy_options_2019.parquet,4194551
SPY,2019-02-25,2019-02-25T16:00:00-05:00,279.46,2019-05-17,80.96,0.22180821917808216,292.0,put,13.66,14.25,0.0,,,0.07153,-0.91546,0.01583,0.19747,-0.02024,-0.60596,spy_options_2019.parquet,4194551
SPY,2019-02-25,2019-02-25T16:00:00-05:00,279.46,2019-05-17,80.96,0.22180821917808216,293.0,call,1.22,1.25,1.24,314,,0.10871,0.16549,0.01739,0.33019,-0.0198,0.09902,spy_options_2019.parquet,4194552
SPY,2019-02-25,2019-02-25T16:00:00-05:00,279.46,2019-05-17,80.96,0.22180821917808216,293.0,put,14.81,14.96,14.33,1,,0.07128,-0.93035,0.01362,0.16992,-0.01968,-0.61705,spy_options_2019.parquet,4194552
SPY,2019-02-25,2019-02-25T16:00:00-05:00,279.46,2019-05-17,80.96,0.22180821917808216,294.0,call,1.04,1.07,1.14,73,,0.10738,0.14814,0.01627,0.30676,-0.01834,0.08893,spy_options_2019.parquet,4194553
SPY,2019-02-25,2019-02-25T16:00:00-05:00,279.46,2019-05-17,80.96,0.22180821917808216,294.0,put,15.71,15.91,18.43,1,,0.06987,-0.94576,0.01131,0.13765,-0.01809,-0.62891,spy_options_2019.parquet,4194553
SPY,2019-02-25,2019-02-25T16:00:00-05:00,279.46,2019-05-17,80.96,0.22180821917808216,295.0,call,0.87,0.88,0.9,882,,0.10537,0.12759,0.01504,0.2788,-0.01647,0.07748,spy_options_2019.parquet,4194554
SPY,2019-02-25,2019-02-25T16:00:00-05:00,279.46,2019-05-17,80.96,0.22180821917808216,295.0,put,16.6,16.76,15.08,1,,0.05991,-0.97462,0.00651,0.0689,-0.01564,-0.64851,spy_options_2019.parquet,4194554
SPY,2019-02-25,2019-02-25T16:00:00-05:00,279.46,2019-05-17,80.96,0.22180821917808216,296.0,call,0.73,0.77,0.79,17,,0.10531,0.11417,0.0138,0.25681,-0.01477,0.06869,spy_options_2019.parquet,4194555
SPY,2019-02-25,2019-02-25T16:00:00-05:00,279.46,2019-05-17,80.96,0.22180821917808216,296.0,put,17.43,17.61,0.0,,,-0.00027,-1.0,0.0,-175.39981,0.0,0.0,spy_options_2019.parquet,4194555
SPY,2019-02-25,2019-02-25T16:00:00-05:00,279.46,2019-05-17,80.96,0.22180821917808216,297.0,call,0.63,0.65,0.64,104,,0.10434,0.1,0.01264,0.23482,-0.01354,0.06056,spy_options_2019.parquet,4194556
SPY,2019-02-25,2019-02-25T16:00:00-05:00,279.46,2019-05-17,80.96,0.22180821917808216,297.0,put,18.34,18.53,0.0,,,0.00062,-1.0,0.0,-185.40001,0.0,0.0,spy_options_2019.parquet,4194556
SPY,2019-02-25,2019-02-25T16:00:00-05:00,279.46,2019-05-17,80.96,0.22180821917808216,298.0,call,0.53,0.54,0.59,98,,0.10406,0.08656,0.01148,0.21042,-0.01194,0.0525,spy_options_2019.parquet,4194557
SPY,2019-02-25,2019-02-25T16:00:00-05:00,279.46,2019-05-17,80.96,0.22180821917808216,298.0,put,19.42,19.58,0.0,,,2e-05,-1.0,0.0,-195.40005,0.0,0.0,spy_options_2019.parquet,4194557
SPY,2019-02-25,2019-02-25T16:00:00-05:00,279.46,2019-05-17,80.96,0.22180821917808216,300.0,call,0.38,0.4,0.38,514,,0.1031,0.06603,0.00941,0.17247,-0.00962,0.04064,spy_options_2019.parquet,4194558
SPY,2019-02-25,2019-02-25T16:00:00-05:00,279.46,2019-05-17,80.96,0.22180821917808216,300.0,put,21.35,21.54,23.65,10,,0.00037,-1.0,0.0,-215.40033,0.0,0.0,spy_options_2019.parquet,4194558
SPY,2019-02-25,2019-02-25T16:00:00-05:00,279.46,2019-05-17,80.96,0.22180821917808216,305.0,call,0.19,0.2,0.2,137,,0.10592,0.03551,0.00559,0.10592,-0.00658,0.02195,spy_options_2019.parquet,4194559
SPY,2019-02-25,2019-02-25T16:00:00-05:00,279.46,2019-05-17,80.96,0.22180821917808216,305.0,put,26.06,26.27,26.73,0,,-0.0001,-0.99597,0.0,0.0,-0.01277,-0.6848,spy_options_2019.parquet,4194559
SPY,2019-02-25,2019-02-25T16:00:00-05:00,279.46,2019-05-17,80.96,0.22180821917808216,310.0,call,0.12,0.12,0.12,13,,0.11076,0.02167,0.00352,0.06988,-0.00401,0.01311,spy_options_2019.parquet,4194560
SPY,2019-02-25,2019-02-25T16:00:00-05:00,279.46,2019-05-17,80.96,0.22180821917808216,310.0,put,30.83,31.49,0.0,,,-7e-05,-0.99646,0.0,0.0,-0.01272,-0.69613,spy_options_2019.parquet,4194560
SPY,2019-02-25,2019-02-25T16:00:00-05:00,279.46,2019-05-17,80.96,0.22180821917808216,315.0,call,0.08,0.08,0.07,7,,0.11719,0.01432,0.00224,0.04751,-0.00284,0.0083,spy_options_2019.parquet,4194561
SPY,2019-02-25,2019-02-25T16:00:00-05:00,279.46,2019-05-17,80.96,0.22180821917808216,315.0,put,36.14,36.46,38.8,100,,-0.00027,-1.0,0.0,-365.40016,0.0,0.0,spy_options_2019.parquet,4194561
SPY,2019-02-25,2019-02-25T16:00:00-05:00,279.46,2019-05-17,80.96,0.22180821917808216,320.0,call,0.06,0.07,0.07,20,,0.12482,0.01016,0.00163,0.03648,-0.00262,0.00664,spy_options_2019.parquet,4194562
SPY,2019-02-25,2019-02-25T16:00:00-05:00,279.46,2019-05-17,80.96,0.22180821917808216,320.0,put,40.79,41.47,0.0,,,0.0003,-1.0,0.0,-415.40027,0.0,0.0,spy_options_2019.parquet,4194562
SPY,2019-02-25,2019-02-25T16:00:00-05:00,279.46,2019-05-17,80.96,0.22180821917808216,325.0,call,0.03,0.04,0.05,6,,0.1302,0.00648,0.00104,0.02459,-0.00195,0.00364,spy_options_2019.parquet,4194563
SPY,2019-02-25,2019-02-25T16:00:00-05:00,279.46,2019-05-17,80.96,0.22180821917808216,325.0,put,46.13,46.44,44.63,1,,0.0004,-1.0,0.0,-465.40017,0.0,0.0,spy_options_2019.parquet,4194563
SPY,2019-02-25,2019-02-25T16:00:00-05:00,279.46,2019-05-17,80.96,0.22180821917808216,330.0,call,0.02,0.02,0.03,2,,0.13591,0.00413,0.00078,0.01758,-0.00107,0.00281,spy_options_2019.parquet,4194564
SPY,2019-02-25,2019-02-25T16:00:00-05:00,279.46,2019-05-17,80.96,0.22180821917808216,330.0,put,51.11,51.44,0.0,,,-0.00028,-1.0,0.0,-515.40018,0.0,0.0,spy_options_2019.parquet,4194564
SPY,2019-02-25,2019-02-25T16:00:00-05:00,279.46,2019-05-17,80.96,0.22180821917808216,340.0,call,0.02,0.02,0.03,1,,0.14973,0.00256,0.0004,0.01055,-0.00135,0.00121,spy_options_2019.parquet,4194565
SPY,2019-02-25,2019-02-25T16:00:00-05:00,279.46,2019-05-17,80.96,0.22180821917808216,340.0,put,61.1,61.42,0.0,,,-0.00013,-0.99642,0.0,0.0,-0.01261,-0.76313,spy_options_2019.parquet,4194565
SPY,2019-02-25,2019-02-25T16:00:00-05:00,279.46,2019-05-17,80.96,0.22180821917808216,350.0,call,0.0,0.01,0.01,0,,0.15289,0.00125,0.00014,0.00423,-0.00018,0.00026,spy_options_2019.parquet,4194566
SPY,2019-02-25,2019-02-25T16:00:00-05:00,279.46,2019-05-17,80.96,0.22180821917808216,350.0,put,71.09,71.42,0.0,,,-0.00017,-1.0,0.0,-715.40029,0.0,0.0,spy_options_2019.parquet,4194566
SPY,2019-02-25,2019-02-25T16:00:00-05:00,279.46,2019-05-17,80.96,0.22180821917808216,360.0,call,0.0,0.01,0.01,10,,0.16998,0.00105,0.00013,0.00425,-0.00036,0.00052,spy_options_2019.parquet,4194567
SPY,2019-02-25,2019-02-25T16:00:00-05:00,279.46,2019-05-17,80.96,0.22180821917808216,360.0,put,81.08,81.38,0.0,,,0.00066,-0.99568,0.0,0.0,-0.01297,-0.80818,spy_options_2019.parquet,4194567
SPY,2019-02-25,2019-02-25T16:00:00-05:00,279.46,2019-05-17,80.96,0.22180821917808216,370.0,call,0.0,0.0,0.0,,,0.18715,0.00037,8e-05,0.00377,-0.00067,0.00077,spy_options_2019.parquet,4194568
SPY,2019-02-25,2019-02-25T16:00:00-05:00,279.46,2019-05-17,80.96,0.22180821917808216,370.0,put,91.06,91.38,0.0,,,9e-05,-1.0,0.0,-915.40042,0.0,0.0,spy_options_2019.parquet,4194568
SPY,2019-02-25,2019-02-25T16:00:00-05:00,279.46,2019-05-17,80.96,0.22180821917808216,380.0,call,0.0,0.02,0.0,,,0.20239,0.00042,4e-05,0.00358,0.0,0.00038,spy_options_2019.parquet,4194569
SPY,2019-02-25,2019-02-25T16:00:00-05:00,279.46,2019-05-17,80.96,0.22180821917808216,380.0,put,101.05,101.36,0.0,,,9e-05,-0.99656,0.0,0.0,-0.01287,-0.8532,spy_options_2019.parquet,4194569
SPY,2019-02-25,2019-02-25T16:00:00-05:00,279.46,2019-05-17,80.96,0.22180821917808216,390.0,call,0.0,0.0,0.0,,,0.21844,0.00053,7e-05,0.00315,-0.00039,0.00054,spy_options_2019.parquet,4194570
SPY,2019-02-25,2019-02-25T16:00:00-05:00,279.46,2019-05-17,80.96,0.22180821917808216,390.0,put,111.02,111.35,0.0,,,-0.00021,-0.99658,0.0,0.0,-0.01309,-0.87528,spy_options_2019.parquet,4194570
SPY,2019-02-25,2019-02-25T16:00:00-05:00,279.46,2019-05-17,80.96,0.22180821917808216,400.0,call,0.0,0.02,0.0,,,0.23263,0.00035,3e-05,0.00247,-0.0006,0.00037,spy_options_2019.parquet,4194571
SPY,2019-02-25,2019-02-25T16:00:00-05:00,279.46,2019-05-17,80.96,0.22180821917808216,400.0,put,121.0,121.33,0.0,,,0.00041,-1.0,0.0,-1215.40008,0.0,0.0,spy_options_2019.parquet,4194571
SPY,2019-02-25,2019-02-25T16:00:00-05:00,279.46,2019-06-21,115.96,0.3176986301369863,190.0,call,89.68,90.41,88.75,4,,0.47445,0.91942,0.00086,0.17937,-0.03192,0.12726,spy_options_2019.parquet,4194605
SPY,2019-02-25,2019-02-25T16:00:00-05:00,279.46,2019-06-21,115.96,0.3176986301369863,190.0,put,0.23,0.25,0.24,57,,0.31541,-0.01293,0.00063,0.05352,-0.00719,-0.01261,spy_options_2019.parquet,4194605
SPY,2019-02-25,2019-02-25T16:00:00-05:00,279.46,2019-06-21,115.96,0.3176986301369863,195.0,call,84.97,85.32,64.95,0,,0.44668,0.92094,0.00106,0.18344,-0.03062,0.14652,spy_options_2019.parquet,4194606
SPY,2019-02-25,2019-02-25T16:00:00-05:00,279.46,2019-06-21,115.96,0.3176986301369863,195.0,put,0.29,0.29,0.26,110,,0.30352,-0.0161,0.0008,0.06221,-0.00784,-0.01451,spy_options_2019.parquet,4194606
SPY,2019-02-25,2019-02-25T16:00:00-05:00,279.46,2019-06-21,115.96,0.3176986301369863,196.0,call,84.07,84.43,0.0,,,0.44733,0.91898,0.00116,0.18919,-0.03193,0.15856,spy_options_2019.parquet,4194607
SPY,2019-02-25,2019-02-25T16:00:00-05:00,279.46,2019-06-21,115.96,0.3176986301369863,196.0,put,0.29,0.29,0.25,,,0.30137,-0.01652,0.00086,0.06478,-0.00797,-0.01585,spy_options_2019.parquet,4194607
SPY,2019-02-25,2019-02-25T16:00:00-05:00,279.46,2019-06-21,115.96,0.3176986301369863,197.0,call,82.97,83.34,0.0,,,0.4355,0.9213,0.00119,0.18443,-0.0305,0.15249,spy_options_2019.parquet,4194608
SPY,2019-02-25,2019-02-25T16:00:00-05:00,279.46,2019-06-21,115.96,0.3176986301369863,197.0,put,0.3,0.32,0.26,85,,0.29847,-0.01743,0.00089,0.06693,-0.00876,-0.01615,spy_options_2019.parquet,4194608
SPY,2019-02-25,2019-02-25T16:00:00-05:00,279.46,2019-06-21,115.96,0.3176986301369863,198.0,call,81.99,82.35,63.64,0,,0.43002,0.92137,0.00126,0.18541,-0.02931,0.15655,spy_options_2019.parquet,4194609
SPY,2019-02-25,2019-02-25T16:00:00-05:00,279.46,2019-06-21,115.96,0.3176986301369863,198.0,put,0.32,0.32,0.27,50,,0.29603,-0.01785,0.00091,0.06826,-0.00857,-0.01718,spy_options_2019.parquet,4194609
SPY,2019-02-25,2019-02-25T16:00:00-05:00,279.46,2019-06-21,115.96,0.3176986301369863,199.0,call,81.0,81.37,0.0,,,0.42487,0.92098,0.00128,0.1866,-0.02944,0.16116,spy_options_2019.parquet,4194610
SPY,2019-02-25,2019-02-25T16:00:00-05:00,279.46,2019-06-21,115.96,0.3176986301369863,199.0,put,0.32,0.32,0.28,50,,0.29419,-0.0181,0.00092,0.07107,-0.0087,-0.0173,spy_options_2019.parquet,4194610
SPY,2019-02-25,2019-02-25T16:00:00-05:00,279.46,2019-06-21,115.96,0.3176986301369863,200.0,call,80.16,80.5,81.66,1,,0.42598,0.9189,0.00138,0.1942,-0.03074,0.17552,spy_options_2019.parquet,4194611
SPY,2019-02-25,2019-02-25T16:00:00-05:00,279.46,2019-06-21,115.96,0.3176986301369863,200.0,put,0.33,0.34,0.34,943,,0.29165,-0.01932,0.00101,0.07272,-0.00879,-0.01796,spy_options_2019.parquet,4194611
SPY,2019-02-25,2019-02-25T16:00:00-05:00,279.46,2019-06-21,115.96,0.3176986301369863,205.0,call,75.16,75.5,74.11,4,,0.39644,0.92006,0.00162,0.19606,-0.02863,0.19061,spy_options_2019.parquet,4194612
SPY,2019-02-25,2019-02-25T16:00:00-05:00,279.46,2019-06-21,115.96,0.3176986301369863,205.0,put,0.4,0.41,0.39,,,0.28117,-0.02333,0.0012,0.08634,-0.01089,-0.02219,spy_options_2019.parquet,4194612
SPY,2019-02-25,2019-02-25T16:00:00-05:00,279.46,2019-06-21,115.96,0.3176986301369863,210.0,call,68.86,72.34,68.75,4,,0.38214,0.91458,0.002,0.21477,-0.02958,0.22785,spy_options_2019.parquet,4194613
SPY,2019-02-25,2019-02-25T16:00:00-05:00,279.46,2019-06-21,115.96,0.3176986301369863,210.0,put,0.49,0.51,0.48,306,,0.27083,-0.02797,0.00151,0.10304,-0.01191,-0.0269,spy_options_2019.parquet,4194613
SPY,2019-02-25,2019-02-25T16:00:00-05:00,279.46,2019-06-21,115.96,0.3176986301369863,215.0,call,65.32,65.66,64.99,0,,0.3497,0.91667,0.00233,0.21302,-0.02704,0.23861,spy_options_2019.parquet,4194614
SPY,2019-02-25,2019-02-25T16:00:00-05:00,279.46,2019-06-21,115.96,0.3176986301369863,215.0,put,0.58,0.59,0.58,,,0.25951,-0.03447,0.00179,0.11932,-0.01418,-0.03274,spy_options_2019.parquet,4194614
SPY,2019-02-25,2019-02-25T16:00:00-05:00,279.46,2019-06-21,115.96,0.3176986301369863,220.0,call,60.57,60.9,59.4,4,,0.33394,0.90957,0.00288,0.23521,-0.02831,0.27524,spy_options_2019.parquet,4194615
SPY,2019-02-25,2019-02-25T16:00:00-05:00,279.46,2019-06-21,115.96,0.3176986301369863,220.0,put,0.7,0.7,0.67,599,,0.24874,-0.04129,0.00228,0.1413,-0.01546,-0.03979,spy_options_2019.parquet,4194615
SPY,2019-02-25,2019-02-25T16:00:00-05:00,279.46,2019-06-21,115.96,0.3176986301369863,225.0,call,55.69,56.01,57.35,4,,0.31328,0.9031,0.0034,0.25148,-0.02787,0.30373,spy_options_2019.parquet,4194616
SPY,2019-02-25,2019-02-25T16:00:00-05:00,279.46,2019-06-21,115.96,0.3176986301369863,225.0,put,0.84,0.85,0.85,341,,0.23822,-0.05119,0.00274,0.1666,-0.01803,-0.04813,spy_options_2019.parquet,4194616
SPY,2019-02-25,2019-02-25T16:00:00-05:00,279.46,2019-06-21,115.96,0.3176986301369863,226.0,call,54.8,55.38,40.77,0,,0.31722,0.89676,0.00353,0.26668,-0.03017,0.32061,spy_options_2019.parquet,4194617
SPY,2019-02-25,2019-02-25T16:00:00-05:00,279.46,2019-06-21,115.96,0.3176986301369863,226.0,put,0.89,0.88,0.83,3,,0.23634,-0.05331,0.00285,0.17158,-0.01826,-0.0504,spy_options_2019.parquet,4194617
SPY,2019-02-25,2019-02-25T16:00:00-05:00,279.46,2019-06-21,115.96,0.3176986301369863,227.0,call,53.82,54.21,39.88,0,,0.30975,0.89677,0.00363,0.265,-0.02903,0.3212,spy_options_2019.parquet,4194618
SPY,2019-02-25,2019-02-25T16:00:00-05:00,279.46,2019-06-21,115.96,0.3176986301369863,227.0,put,0.93,0.93,0.92,253,,0.23475,-0.05567,0.00297,0.17739,-0.01895,-0.05322,spy_options_2019.parquet,4194618
SPY,2019-02-25,2019-02-25T16:00:00-05:00,279.46,2019-06-21,115.96,0.3176986301369863,228.0,call,52.96,53.3,39.0,0,,0.30964,0.89335,0.0038,0.27459,-0.03025,0.33032,spy_options_2019.parquet,4194619
SPY,2019-02-25,2019-02-25T16:00:00-05:00,279.46,2019-06-21,115.96,0.3176986301369863,228.0,put,0.96,0.97,0.98,0,,0.23232,-0.05836,0.00314,0.18317,-0.01904,-0.05533,spy_options_2019.parquet,4194619
SPY,2019-02-25,2019-02-25T16:00:00-05:00,279.46,2019-06-21,115.96,0.3176986301369863,229.0,call,51.87,52.15,43.48,0,,0.29959,0.89587,0.00384,0.26963,-0.02862,0.32909,spy_options_2019.parquet,4194620
SPY,2019-02-25,2019-02-25T16:00:00-05:00,279.46,2019-06-21,115.96,0.3176986301369863,229.0,put,1.0,1.01,0.94,314,,0.23082,-0.06042,0.00328,0.1895,-0.01951,-0.05711,spy_options_2019.parquet,4194620
SPY,2019-02-25,2019-02-25T16:00:00-05:00,279.46,2019-06-21,115.96,0.3176986301369863,230.0,call,50.93,51.29,52.14,4,,0.29787,0.89202,0.004,0.27814,-0.02907,0.3376,spy_options_2019.parquet,4194621
SPY,2019-02-25,2019-02-25T16:00:00-05:00,279.46,2019-06-21,115.96,0.3176986301369863,230.0,put,1.04,1.05,1.04,455,,0.22826,-0.06357,0.00338,0.19608,-0.02004,-0.05967,spy_options_2019.parquet,4194621
SPY,2019-02-25,2019-02-25T16:00:00-05:00,279.46,2019-06-21,115.96,0.3176986301369863,231.0,call,50.09,50.37,43.13,0,,0.29784,0.8877,0.00419,0.28727,-0.02985,0.34675,spy_options_2019.parquet,4194622
SPY,2019-02-25,2019-02-25T16:00:00-05:00,279.46,2019-06-21,115.96,0.3176986301369863,231.0,put,1.08,1.08,0.98,79,,0.22695,-0.06598,0.00353,0.20199,-0.02082,-0.06216,spy_options_2019.parquet,4194622
SPY,2019-02-25,2019-02-25T16:00:00-05:00,279.46,2019-06-21,115.96,0.3176986301369863,232.0,call,48.99,49.29,43.07,2,,0.28884,0.88913,0.0043,0.28538,-0.02892,0.34708,spy_options_2019.parquet,4194623
SPY,2019-02-25,2019-02-25T16:00:00-05:00,279.46,2019-06-21,115.96,0.3176986301369863,232.0,put,1.11,1.13,1.12,413,,0.22451,-0.06839,0.00373,0.20845,-0.02069,-0.06517,spy_options_2019.parquet,4194623
SPY,2019-02-25,2019-02-25T16:00:00-05:00,279.46,2019-06-21,115.96,0.3176986301369863,233.0,call,46.84,50.15,25.54,0,,0.29645,0.87762,0.00445,0.30646,-0.03179,0.36562,spy_options_2019.parquet,4194624
SPY,2019-02-25,2019-02-25T16:00:00-05:00,279.46,2019-06-21,115.96,0.3176986301369863,233.0,put,1.17,1.18,1.1,573,,0.22276,-0.07099,0.00383,0.21538,-0.02154,-0.06773,spy_options_2019.parquet,4194624
SPY,2019-02-25,2019-02-25T16:00:00-05:00,279.46,2019-06-21,115.96,0.3176986301369863,234.0,call,47.09,47.35,40.25,2,,0.28224,0.88385,0.00465,0.29537,-0.0293,0.3587,spy_options_2019.parquet,4194625
SPY,2019-02-25,2019-02-25T16:00:00-05:00,279.46,2019-06-21,115.96,0.3176986301369863,234.0,put,1.22,1.22,1.1,257,,0.21968,-0.07371,0.00402,0.22191,-0.0222,-0.07053,spy_options_2019.parquet,4194625
SPY,2019-02-25,2019-02-25T16:00:00-05:00,279.46,2019-06-21,115.96,0.3176986301369863,235.0,call,46.15,46.4,45.41,3,,0.27952,0.88036,0.00482,0.30212,-0.02986,0.36562,spy_options_2019.parquet,4194626
SPY,2019-02-25,2019-02-25T16:00:00-05:00,279.46,2019-06-21,115.96,0.3176986301369863,235.0,put,1.26,1.27,1.19,462,,0.21849,-0.07758,0.00416,0.22897,-0.02224,-0.07329,spy_options_2019.parquet,4194626
SPY,2019-02-25,2019-02-25T16:00:00-05:00,279.46,2019-06-21,115.96,0.3176986301369863,236.0,call,45.29,45.81,45.83,1,,0.28288,0.87191,0.00489,0.31947,-0.03171,0.37888,spy_options_2019.parquet,4194627
SPY,2019-02-25,2019-02-25T16:00:00-05:00,279.46,2019-06-21,115.96,0.3176986301369863,236.0,put,1.33,1.34,1.28,768,,0.21624,-0.08134,0.0044,0.23695,-0.0229,-0.07686,spy_options_2019.parquet,4194627
SPY,2019-02-25,2019-02-25T16:00:00-05:00,279.46,2019-06-21,115.96,0.3176986301369863,237.0,call,44.41,44.84,36.1,0,,0.28027,0.86766,0.00513,0.32642,-0.0323,0.38441,spy_options_2019.parquet,4194628
SPY,2019-02-25,2019-02-25T16:00:00-05:00,279.46,2019-06-21,115.96,0.3176986301369863,237.0,put,1.36,1.38,1.37,179,,0.214,-0.08372,0.00456,0.24375,-0.02339,-0.08011,spy_options_2019.parquet,4194628
SPY,2019-02-25,2019-02-25T16:00:00-05:00,279.46,2019-06-21,115.96,0.3176986301369863,238.0,call,43.33,43.61,37.76,2,,0.27022,0.87067,0.00529,0.32198,-0.03086,0.3837,spy_options_2019.parquet,4194629
SPY,2019-02-25,2019-02-25T16:00:00-05:00,279.46,2019-06-21,115.96,0.3176986301369863,238.0,put,1.43,1.45,1.35,,,0.21211,-0.08773,0.0048,0.25252,-0.02402,-0.08383,spy_options_2019.parquet,4194629
SPY,2019-02-25,2019-02-25T16:00:00-05:00,279.46,2019-06-21,115.96,0.3176986301369863,239.0,call,42.38,42.88,34.61,0,,0.2704,0.86467,0.00542,0.33308,-0.03173,0.39251,spy_options_2019.parquet,4194630
SPY,2019-02-25,2019-02-25T16:00:00-05:00,279.46,2019-06-21,115.96,0.3176986301369863,239.0,put,1.49,1.5,1.48,246,,0.20994,-0.09195,0.00496,0.25985,-0.02448,-0.08688,spy_options_2019.parquet,4194630
SPY,2019-02-25,2019-02-25T16:00:00-05:00,279.46,2019-06-21,115.96,0.3176986301369863,240.0,call,41.53,41.73,41.68,18,,0.26475,0.86258,0.00562,0.33686,-0.03163,0.39608,spy_options_2019.parquet,4194631
SPY,2019-02-25,2019-02-25T16:00:00-05:00,279.46,2019-06-21,115.96,0.3176986301369863,240.0,put,1.54,1.55,1.54,954,,0.20792,-0.09517,0.00518,0.26794,-0.02475,-0.08996,spy_options_2019.parquet,4194631
SPY,2019-02-25,2019-02-25T16:00:00-05:00,279.46,2019-06-21,115.96,0.3176986301369863,241.0,call,40.56,40.76,38.2,1,,0.26122,0.85908,0.00579,0.34217,-0.03161,0.40097,spy_options_2019.parquet,4194632
SPY,2019-02-25,2019-02-25T16:00:00-05:00,279.46,2019-06-21,115.96,0.3176986301369863,241.0,put,1.6,1.62,1.52,753,,0.20562,-0.09957,0.00537,0.27603,-0.02521,-0.09457,spy_options_2019.parquet,4194632
SPY,2019-02-25,2019-02-25T16:00:00-05:00,279.46,2019-06-21,115.96,0.3176986301369863,242.0,call,39.6,39.96,39.15,0,,0.25969,0.85399,0.00603,0.35208,-0.03162,0.40673,spy_options_2019.parquet,4194633
SPY,2019-02-25,2019-02-25T16:00:00-05:00,279.46,2019-06-21,115.96,0.3176986301369863,242.0,put,1.68,1.7,1.59,553,,0.20418,-0.10451,0.0056,0.28536,-0.02614,-0.09894,spy_options_2019.parquet,4194633
SPY,2019-02-25,2019-02-25T16:00:00-05:00,279.46,2019-06-21,115.96,0.3176986301369863,243.0,call,38.71,38.94,26.31,0,,0.25574,0.85002,0.00624,0.35794,-0.03222,0.41117,spy_options_2019.parquet,4194634
SPY,2019-02-25,2019-02-25T16:00:00-05:00,279.46,2019-06-21,115.96,0.3176986301369863,243.0,put,1.75,1.78,1.73,441,,0.20255,-0.10871,0.00578,0.29447,-0.02718,-0.10331,spy_options_2019.parquet,4194634
SPY,2019-02-25,2019-02-25T16:00:00-05:00,279.46,2019-06-21,115.96,0.3176986301369863,244.0,call,37.76,37.93,37.42,0,,0.25139,0.84775,0.0064,0.36375,-0.03143,0.41502,spy_options_2019.parquet,4194635
SPY,2019-02-25,2019-02-25T16:00:00-05:00,279.46,2019-06-21,115.96,0.3176986301369863,244.0,put,1.82,1.84,1.81,500,,0.19989,-0.1129,0.00604,0.30337,-0.02699,-0.10739,spy_options_2019.parquet,4194635
SPY,2019-02-25,2019-02-25T16:00:00-05:00,279.46,2019-06-21,115.96,0.3176986301369863,245.0,call,36.91,37.18,37.66,126,,0.25182,0.83959,0.00661,0.37611,-0.03362,0.42289,spy_options_2019.parquet,4194636
SPY,2019-02-25,2019-02-25T16:00:00-05:00,279.46,2019-06-21,115.96,0.3176986301369863,245.0,put,1.91,1.91,1.76,937,,0.1975,-0.11845,0.00634,0.31183,-0.02784,-0.11192,spy_options_2019.parquet,4194636
SPY,2019-02-25,2019-02-25T16:00:00-05:00,279.46,2019-06-21,115.96,0.3176986301369863,246.0,call,35.98,36.13,37.15,1,,0.24678,0.83618,0.00689,0.38094,-0.03273,0.42634,spy_options_2019.parquet,4194637
SPY,2019-02-25,2019-02-25T16:00:00-05:00,279.46,2019-06-21,115.96,0.3176986301369863,246.0,put,1.97,1.98,1.88,1,,0.19505,-0.12241,0.00654,0.32133,-0.02822,-0.11649,spy_options_2019.parquet,4194637
SPY,2019-02-25,2019-02-25T16:00:00-05:00,279.46,2019-06-21,115.96,0.3176986301369863,247.0,call,35.0,35.16,36.21,1,,0.2421,0.8335,0.00708,0.3867,-0.03273,0.42956,spy_options_2019.parquet,4194638
SPY,2019-02-25,2019-02-25T16:00:00-05:00,279.46,2019-06-21,115.96,0.3176986301369863,247.0,put,2.05,2.06,1.95,112,,0.19375,-0.1283,0.00685,0.33084,-0.02861,-0.12135,spy_options_2019.parquet,4194638
SPY,2019-02-25,2019-02-25T16:00:00-05:00,279.46,2019-06-21,115.96,0.3176986301369863,248.0,call,33.98,34.26,34.9,2,,0.23763,0.82893,0.00733,0.39276,-0.03293,0.43297,spy_options_2019.parquet,4194639
SPY,2019-02-25,2019-02-25T16:00:00-05:00,279.46,2019-06-21,115.96,0.3176986301369863,248.0,put,2.16,2.16,2.07,77,,0.19137,-0.13376,0.00708,0.34119,-0.02935,-0.12664,spy_options_2019.parquet,4194639
SPY,2019-02-25,2019-02-25T16:00:00-05:00,279.46,2019-06-21,115.96,0.3176986301369863,249.0,call,33.2,33.5,31.47,65,,0.23843,0.82069,0.00749,0.40623,-0.03429,0.43903,spy_options_2019.parquet,4194640
SPY,2019-02-25,2019-02-25T16:00:00-05:00,279.46,2019-06-21,115.96,0.3176986301369863,249.0,put,2.25,2.25,2.08,,,0.18968,-0.13998,0.00742,0.35124,-0.03058,-0.13258,spy_options_2019.parquet,4194640
SPY,2019-02-25,2019-02-25T16:00:00-05:00,279.46,2019-06-21,115.96,0.3176986301369863,250.0,call,32.25,32.47,33.05,120,,0.23377,0.81666,0.00777,0.41168,-0.03316,0.44159,spy_options_2019.parquet,4194641
SPY,2019-02-25,2019-02-25T16:00:00-05:00,279.46,2019-06-21,115.96,0.3176986301369863,250.0,put,2.31,2.34,2.31,681,,0.18706,-0.14567,0.00775,0.36067,-0.03079,-0.13797,spy_options_2019.parquet,4194641
SPY,2019-02-25,2019-02-25T16:00:00-05:00,279.46,2019-06-21,115.96,0.3176986301369863,251.0,call,31.51,31.7,30.23,2,,0.23338,0.80711,0.00801,0.42487,-0.03497,0.446,spy_options_2019.parquet,4194642
SPY,2019-02-25,2019-02-25T16:00:00-05:00,279.46,2019-06-21,115.96,0.3176986301369863,251.0,put,2.43,2.46,2.24,6,,0.18553,-0.15241,0.00803,0.37192,-0.03178,-0.14368,spy_options_2019.parquet,4194642
SPY,2019-02-25,2019-02-25T16:00:00-05:00,279.46,2019-06-21,115.96,0.3176986301369863,252.0,call,30.5,30.7,29.11,9,,0.22884,0.80334,0.00827,0.43085,-0.03483,0.44844,spy_options_2019.parquet,4194643
SPY,2019-02-25,2019-02-25T16:00:00-05:00,279.46,2019-06-21,115.96,0.3176986301369863,252.0,put,2.51,2.53,2.33,81,,0.18261,-0.15846,0.00833,0.38177,-0.03233,-0.15002,spy_options_2019.parquet,4194643
SPY,2019-02-25,2019-02-25T16:00:00-05:00,279.46,2019-06-21,115.96,0.3176986301369863,253.0,call,29.46,30.03,28.25,28,,0.22612,0.79673,0.00853,0.44049,-0.03503,0.45184,spy_options_2019.parquet,4194644
SPY,2019-02-25,2019-02-25T16:00:00-05:00,279.46,2019-06-21,115.96,0.3176986301369863,253.0,put,2.65,2.66,2.53,165,,0.18165,-0.16616,0.00866,0.3937,-0.03254,-0.15727,spy_options_2019.parquet,4194644
SPY,2019-02-25,2019-02-25T16:00:00-05:00,279.46,2019-06-21,115.96,0.3176986301369863,254.0,call,28.64,29.05,29.86,2,,0.22302,0.78972,0.00885,0.44829,-0.03511,0.45427,spy_options_2019.parquet,4194645
SPY,2019-02-25,2019-02-25T16:00:00-05:00,279.46,2019-06-21,115.96,0.3176986301369863,254.0,put,2.76,2.76,2.46,169,,0.17949,-0.17281,0.00899,0.40357,-0.03349,-0.16424,spy_options_2019.parquet,4194645
SPY,2019-02-25,2019-02-25T16:00:00-05:00,279.46,2019-06-21,115.96,0.3176986301369863,255.0,call,27.89,28.01,29.04,1,,0.22045,0.78356,0.00911,0.45763,-0.03571,0.45637,spy_options_2019.parquet,4194646
SPY,2019-02-25,2019-02-25T16:00:00-05:00,279.46,2019-06-21,115.96,0.3176986301369863,255.0,put,2.87,2.89,2.75,926,,0.17679,-0.18024,0.00935,0.41545,-0.03333,-0.1708,spy_options_2019.parquet,4194646
SPY,2019-02-25,2019-02-25T16:00:00-05:00,279.46,2019-06-21,115.96,0.3176986301369863,256.0,call,26.95,27.08,27.15,16,,0.21617,0.77746,0.00946,0.46477,-0.03525,0.45868,spy_options_2019.parquet,4194647
SPY,2019-02-25,2019-02-25T16:00:00-05:00,279.46,2019-06-21,115.96,0.3176986301369863,256.0,put,2.95,3.0,2.95,24,,0.17428,-0.1877,0.00979,0.42548,-0.03451,-0.17759,spy_options_2019.parquet,4194647
SPY,2019-02-25,2019-02-25T16:00:00-05:00,279.46,2019-06-21,115.96,0.3176986301369863,257.0,call,25.86,26.5,26.49,6,,0.2136,0.76837,0.00965,0.4744,-0.03586,0.4611,spy_options_2019.parquet,4194648
SPY,2019-02-25,2019-02-25T16:00:00-05:00,279.46,2019-06-21,115.96,0.3176986301369863,257.0,put,3.07,3.1,2.8,197,,0.17133,-0.19573,0.01019,0.43603,-0.03455,-0.18474,spy_options_2019.parquet,4194648
SPY,2019-02-25,2019-02-25T16:00:00-05:00,279.46,2019-06-21,115.96,0.3176986301369863,258.0,call,25.29,25.38,26.46,15,,0.21154,0.76035,0.01,0.48466,-0.03587,0.46171,spy_options_2019.parquet,4194649
SPY,2019-02-25,2019-02-25T16:00:00-05:00,279.46,2019-06-21,115.96,0.3176986301369863,258.0,put,3.26,3.28,3.15,88,,0.17074,-0.20519,0.0105,0.44861,-0.03541,-0.19469,spy_options_2019.parquet,4194649
SPY,2019-02-25,2019-02-25T16:00:00-05:00,279.46,2019-06-21,115.96,0.3176986301369863,259.0,call,24.21,24.77,23.55,0,,0.20904,0.75156,0.01021,0.49365,-0.0362,0.46365,spy_options_2019.parquet,4194650
SPY,2019-02-25,2019-02-25T16:00:00-05:00,279.46,2019-06-21,115.96,0.3176986301369863,259.0,put,3.4,3.43,3.18,248,,0.16818,-0.21485,0.0109,0.46005,-0.03644,-0.20261,spy_options_2019.parquet,4194650
SPY,2019-02-25,2019-02-25T16:00:00-05:00,279.46,2019-06-21,115.96,0.3176986301369863,260.0,call,23.44,23.6,24.11,16,,0.20401,0.74522,0.01068,0.50044,-0.03641,0.46417,spy_options_2019.parquet,4194651
SPY,2019-02-25,2019-02-25T16:00:00-05:00,279.46,2019-06-21,115.96,0.3176986301369863,260.0,put,3.55,3.58,3.52,,,0.16641,-0.22432,0.01133,0.47148,-0.03671,-0.21207,spy_options_2019.parquet,4194651
SPY,2019-02-25,2019-02-25T16:00:00-05:00,279.46,2019-06-21,115.96,0.3176986301369863,261.0,call,22.67,22.75,22.9,115,,0.20183,0.73585,0.01097,0.51087,-0.03646,0.46453,spy_options_2019.parquet,4194652
SPY,2019-02-25,2019-02-25T16:00:00-05:00,279.46,2019-06-21,115.96,0.3176986301369863,261.0,put,3.68,3.7,3.59,34,,0.16365,-0.23335,0.01176,0.48261,-0.03717,-0.2203,spy_options_2019.parquet,4194652
SPY,2019-02-25,2019-02-25T16:00:00-05:00,279.46,2019-06-21,115.96,0.3176986301369863,262.0,call,21.83,21.93,22.05,121,,0.19934,0.72627,0.01121,0.51984,-0.03682,0.46439,spy_options_2019.parquet,4194653
SPY,2019-02-25,2019-02-25T16:00:00-05:00,279.46,2019-06-21,115.96,0.3176986301369863,262.0,put,3.82,3.86,3.75,269,,0.1607,-0.24241,0.01222,0.49331,-0.03679,-0.22991,spy_options_2019.parquet,4194653
SPY,2019-02-25,2019-02-25T16:00:00-05:00,279.46,2019-06-21,115.96,0.3176986301369863,263.0,call,20.82,21.36,21.06,56,,0.19728,0.71594,0.01158,0.52948,-0.037,0.463,spy_options_2019.parquet,4194654
SPY,2019-02-25,2019-02-25T16:00:00-05:00,279.46,2019-06-21,115.96,0.3176986301369863,263.0,put,4.0,4.03,3.98,439,,0.1587,-0.2539,0.01271,0.50548,-0.03749,-0.24038,spy_options_2019.parquet,4194654
SPY,2019-02-25,2019-02-25T16:00:00-05:00,279.46,2019-06-21,115.96,0.3176986301369863,264.0,call,20.21,20.28,20.86,13,,0.19439,0.70644,0.01189,0.53879,-0.03722,0.46221,spy_options_2019.parquet,4194655
SPY,2019-02-25,2019-02-25T16:00:00-05:00,279.46,2019-06-21,115.96,0.3176986301369863,264.0,put,4.19,4.22,3.97,907,,0.15759,-0.26563,0.01314,0.51716,-0.03839,-0.25065,spy_options_2019.parquet,4194655
SPY,2019-02-25,2019-02-25T16:00:00-05:00,279.46,2019-06-21,115.96,0.3176986301369863,265.0,call,19.42,19.56,19.8,194,,0.19262,0.6949,0.01219,0.54811,-0.03721,0.46129,spy_options_2019.parquet,4194656
SPY,2019-02-25,2019-02-25T16:00:00-05:00,279.46,2019-06-21,115.96,0.3176986301369863,265.0,put,4.39,4.43,4.38,849,,0.15503,-0.27743,0.01359,0.52846,-0.03897,-0.26282,spy_options_2019.parquet,4194656
SPY,2019-02-25,2019-02-25T16:00:00-05:00,279.46,2019-06-21,115.96,0.3176986301369863,266.0,call,18.53,18.6,19.18,1,,0.18771,0.68623,0.01258,0.55529,-0.03704,0.45911,spy_options_2019.parquet,4194657
SPY,2019-02-25,2019-02-25T16:00:00-05:00,279.46,2019-06-21,115.96,0.3176986301369863,266.0,put,4.57,4.59,4.33,519,,0.15203,-0.28948,0.01415,0.53897,-0.03914,-0.27405,spy_options_2019.parquet,4194657
SPY,2019-02-25,2019-02-25T16:00:00-05:00,279.46,2019-06-21,115.96,0.3176986301369863,267.0,call,17.7,17.85,18.22,6,,0.18525,0.67519,0.01298,0.56379,-0.03752,0.45706,spy_options_2019.parquet,4194658
SPY,2019-02-25,2019-02-25T16:00:00-05:00,279.46,2019-06-21,115.96,0.3176986301369863,267.0,put,4.79,4.84,4.56,369,,0.15039,-0.30251,0.01464,0.55024,-0.03902,-0.28595,spy_options_2019.parquet,4194658
SPY,2019-02-25,2019-02-25T16:00:00-05:00,279.46,2019-06-21,115.96,0.3176986301369863,268.0,call,16.93,16.99,17.28,43,,0.18224,0.66303,0.01332,0.57185,-0.03727,0.45393,spy_options_2019.parquet,4194659
SPY,2019-02-25,2019-02-25T16:00:00-05:00,279.46,2019-06-21,115.96,0.3176986301369863,268.0,put,5.01,5.03,4.95,544,,0.14871,-0.31598,0.01513,0.56111,-0.03998,-0.29929,spy_options_2019.parquet,4194659
SPY,2019-02-25,2019-02-25T16:00:00-05:00,279.46,2019-06-21,115.96,0.3176986301369863,269.0,call,16.2,16.27,16.75,36,,0.18003,0.6504,0.01361,0.58029,-0.03716,0.4502,spy_options_2019.parquet,4194660
SPY,2019-02-25,2019-02-25T16:00:00-05:00,279.46,2019-06-21,115.96,0.3176986301369863,269.0,put,5.2,5.24,4.94,54,,0.1451,-0.32873,0.01567,0.57009,-0.03984,-0.31133,spy_options_2019.parquet,4194660
SPY,2019-02-25,2019-02-25T16:00:00-05:00,279.46,2019-06-21,115.96,0.3176986301369863,270.0,call,15.37,15.44,15.72,419,,0.17656,0.63886,0.01401,0.58701,-0.03722,0.4464,spy_options_2019.parquet,4194661
SPY,2019-02-25,2019-02-25T16:00:00-05:00,279.46,2019-06-21,115.96,0.3176986301369863,270.0,put,5.43,5.46,5.41,,,0.14265,-0.34349,0.01626,0.58038,-0.03996,-0.32516,spy_options_2019.parquet,4194661
SPY,2019-02-25,2019-02-25T16:00:00-05:00,279.46,2019-06-21,115.96,0.3176986301369863,271.0,call,14.63,14.69,14.65,29,,0.17351,0.62535,0.01438,0.59472,-0.03684,0.4419,spy_options_2019.parquet,4194662
SPY,2019-02-25,2019-02-25T16:00:00-05:00,279.46,2019-06-21,115.96,0.3176986301369863,271.0,put,5.67,5.7,5.66,89,,0.14075,-0.35877,0.01678,0.58898,-0.04051,-0.33985,spy_options_2019.parquet,4194662
SPY,2019-02-25,2019-02-25T16:00:00-05:00,279.46,2019-06-21,115.96,0.3176986301369863,272.0,call,13.87,13.92,13.9,52,,0.17076,0.61162,0.01476,0.6009,-0.03718,0.43669,spy_options_2019.parquet,4194663
SPY,2019-02-25,2019-02-25T16:00:00-05:00,279.46,2019-06-21,115.96,0.3176986301369863,272.0,put,5.9,5.94,5.92,162,,0.1378,-0.37462,0.01733,0.59736,-0.04065,-0.35457,spy_options_2019.parquet,4194663
SPY,2019-02-25,2019-02-25T16:00:00-05:00,279.46,2019-06-21,115.96,0.3176986301369863,273.0,call,13.14,13.19,13.16,86,,0.16821,0.59793,0.0151,0.60647,-0.03729,0.43038,spy_options_2019.parquet,4194664
SPY,2019-02-25,2019-02-25T16:00:00-05:00,279.46,2019-06-21,115.96,0.3176986301369863,273.0,put,6.19,6.23,6.18,338,,0.13592,-0.39129,0.01784,0.60498,-0.04069,-0.37019,spy_options_2019.parquet,4194664
SPY,2019-02-25,2019-02-25T16:00:00-05:00,279.46,2019-06-21,115.96,0.3176986301369863,274.0,call,12.5,12.6,12.43,47,,0.16664,0.5828,0.01527,0.61295,-0.03733,0.42432,spy_options_2019.parquet,4194665
SPY,2019-02-25,2019-02-25T16:00:00-05:00,279.46,2019-06-21,115.96,0.3176986301369863,274.0,put,6.48,6.53,6.46,327,,0.13357,-0.40844,0.01835,0.61148,-0.0407,-0.38697,spy_options_2019.parquet,4194665
SPY,2019-02-25,2019-02-25T16:00:00-05:00,279.46,2019-06-21,115.96,0.3176986301369863,275.0,call,11.67,11.79,11.72,232,,0.16261,0.56808,0.01583,0.61693,-0.03649,0.41707,spy_options_2019.parquet,4194666
SPY,2019-02-25,2019-02-25T16:00:00-05:00,279.46,2019-06-21,115.96,0.3176986301369863,275.0,put,6.78,6.82,6.83,,,0.13068,-0.42626,0.01889,0.61783,-0.04022,-0.40361,spy_options_2019.parquet,4194666
SPY,2019-02-25,2019-02-25T16:00:00-05:00,279.46,2019-06-21,115.96,0.3176986301369863,276.0,call,10.95,11.07,11.13,121,,0.15961,0.55184,0.01622,0.62037,-0.03628,0.40985,spy_options_2019.parquet,4194667
SPY,2019-02-25,2019-02-25T16:00:00-05:00,279.46,2019-06-21,115.96,0.3176986301369863,276.0,put,7.15,7.19,7.15,232,,0.12978,-0.4455,0.0192,0.62214,-0.04034,-0.42173,spy_options_2019.parquet,4194667
SPY,2019-02-25,2019-02-25T16:00:00-05:00,279.46,2019-06-21,115.96,0.3176986301369863,277.0,call,10.37,10.47,10.37,158,,0.15754,0.53621,0.01639,0.62433,-0.036,0.40141,spy_options_2019.parquet,4194668
SPY,2019-02-25,2019-02-25T16:00:00-05:00,279.46,2019-06-21,115.96,0.3176986301369863,277.0,put,7.46,7.5,7.48,129,,0.1265,-0.46456,0.01979,0.62578,-0.04017,-0.43975,spy_options_2019.parquet,4194668
SPY,2019-02-25,2019-02-25T16:00:00-05:00,279.46,2019-06-21,115.96,0.3176986301369863,278.0,call,9.63,9.72,10.1,294,,0.15395,0.51891,0.01689,0.62573,-0.03535,0.39211,spy_options_2019.parquet,4194669
SPY,2019-02-25,2019-02-25T16:00:00-05:00,279.46,2019-06-21,115.96,0.3176986301369863,278.0,put,7.77,7.79,7.75,,,0.123,-0.48525,0.02035,0.6267,-0.03936,-0.4595,spy_options_2019.parquet,4194669
SPY,2019-02-25,2019-02-25T16:00:00-05:00,279.46,2019-06-21,115.96,0.3176986301369863,279.0,call,8.98,9.06,9.15,111,,0.15063,0.50176,0.0171,0.6263,-0.03506,0.38163,spy_options_2019.parquet,4194670
SPY,2019-02-25,2019-02-25T16:00:00-05:00,279.46,2019-06-21,115.96,0.3176986301369863,279.0,put,8.2,8.23,8.12,609,,0.12191,-0.50584,0.02062,0.62779,-0.03988,-0.47922,spy_options_2019.parquet,4194670
SPY,2019-02-25,2019-02-25T16:00:00-05:00,279.46,2019-06-21,115.96,0.3176986301369863,280.0,call,8.37,8.41,8.44,,,0.14849,0.48317,0.01731,0.62608,-0.03448,0.37111,spy_options_2019.parquet,4194671
SPY,2019-02-25,2019-02-25T16:00:00-05:00,279.46,2019-06-21,115.96,0.3176986301369863,280.0,put,8.52,8.59,8.5,661,,0.11872,-0.52853,0.02116,0.62549,-0.0385,-0.49989,spy_options_2019.parquet,4194671
SPY,2019-02-25,2019-02-25T16:00:00-05:00,279.46,2019-06-21,115.96,0.3176986301369863,281.0,call,7.84,7.9,8.0,,,0.14745,0.46545,0.01743,0.62451,-0.03371,0.36034,spy_options_2019.parquet,4194672
SPY,2019-02-25,2019-02-25T16:00:00-05:00,279.46,2019-06-21,115.96,0.3176986301369863,281.0,put,8.99,9.03,8.83,215,,0.11664,-0.55055,0.02134,0.62199,-0.03837,-0.52175,spy_options_2019.parquet,4194672
SPY,2019-02-25,2019-02-25T16:00:00-05:00,279.46,2019-06-21,115.96,0.3176986301369863,282.0,call,7.15,7.22,7.52,,,0.14312,0.4463,0.01778,0.62155,-0.03252,0.34789,spy_options_2019.parquet,4194673
SPY,2019-02-25,2019-02-25T16:00:00-05:00,279.46,2019-06-21,115.96,0.3176986301369863,282.0,put,9.41,9.45,9.3,69,,0.11368,-0.57391,0.0216,0.61563,-0.03797,-0.54354,spy_options_2019.parquet,4194673
SPY,2019-02-25,2019-02-25T16:00:00-05:00,279.46,2019-06-21,115.96,0.3176986301369863,283.0,call,6.67,6.73,6.87,336,,0.14148,0.42805,0.01781,0.61747,-0.03232,0.33666,spy_options_2019.parquet,4194674
SPY,2019-02-25,2019-02-25T16:00:00-05:00,279.46,2019-06-21,115.96,0.3176986301369863,283.0,put,9.85,9.92,9.67,90,,0.11134,-0.59814,0.02186,0.60721,-0.03683,-0.56673,spy_options_2019.parquet,4194674
SPY,2019-02-25,2019-02-25T16:00:00-05:00,279.46,2019-06-21,115.96,0.3176986301369863,284.0,call,6.05,6.09,6.3,922,,0.13821,0.4068,0.01808,0.61125,-0.03119,0.32242,spy_options_2019.parquet,4194675
SPY,2019-02-25,2019-02-25T16:00:00-05:00,279.46,2019-06-21,115.96,0.3176986301369863,284.0,put,10.33,10.39,10.22,8,,0.10821,-0.6225,0.02191,0.59557,-0.03592,-0.5908,spy_options_2019.parquet,4194675
SPY,2019-02-25,2019-02-25T16:00:00-05:00,279.46,2019-06-21,115.96,0.3176986301369863,285.0,call,5.51,5.58,5.75,,,0.13525,0.38714,0.01813,0.60222,-0.03048,0.3089,spy_options_2019.parquet,4194676
SPY,2019-02-25,2019-02-25T16:00:00-05:00,279.46,2019-06-21,115.96,0.3176986301369863,285.0,put,10.75,10.8,10.39,55,,0.10431,-0.65014,0.02223,0.57964,-0.03415,-0.61652,spy_options_2019.parquet,4194676
SPY,2019-02-25,2019-02-25T16:00:00-05:00,279.46,2019-06-21,115.96,0.3176986301369863,286.0,call,5.04,5.09,5.26,538,,0.13282,0.36694,0.01806,0.59313,-0.02955,0.29418,spy_options_2019.parquet,4194677
SPY,2019-02-25,2019-02-25T16:00:00-05:00,279.46,2019-06-21,115.96,0.3176986301369863,286.0,put,11.32,11.37,10.97,6,,0.10201,-0.67557,0.02197,0.56239,-0.03326,-0.64176,spy_options_2019.parquet,4194677
SPY,2019-02-25,2019-02-25T16:00:00-05:00,279.46,2019-06-21,115.96,0.3176986301369863,287.0,call,4.57,4.63,4.67,925,,0.13089,0.34674,0.01803,0.58099,-0.02834,0.27961,spy_options_2019.parquet,4194678
SPY,2019-02-25,2019-02-25T16:00:00-05:00,279.46,2019-06-21,115.96,0.3176986301369863,287.0,put,11.82,11.88,12.09,0,,0.09844,-0.70478,0.02185,0.53975,-0.03238,-0.66927,spy_options_2019.parquet,4194678
SPY,2019-02-25,2019-02-25T16:00:00-05:00,279.46,2019-06-21,115.96,0.3176986301369863,288.0,call,4.11,4.17,4.24,,,0.12837,0.32567,0.01788,0.56711,-0.02723,0.2647,spy_options_2019.parquet,4194679
SPY,2019-02-25,2019-02-25T16:00:00-05:00,279.46,2019-06-21,115.96,0.3176986301369863,288.0,put,12.4,12.5,11.5,22,,0.09573,-0.73215,0.0215,0.51422,-0.0312,-0.69527,spy_options_2019.parquet,4194679
SPY,2019-02-25,2019-02-25T16:00:00-05:00,279.46,2019-06-21,115.96,0.3176986301369863,289.0,call,3.75,3.79,3.94,416,,0.12651,0.30616,0.01767,0.55368,-0.02598,0.25014,spy_options_2019.parquet,4194680
SPY,2019-02-25,2019-02-25T16:00:00-05:00,279.46,2019-06-21,115.96,0.3176986301369863,289.0,put,12.95,13.26,12.46,106,,0.09407,-0.75702,0.02076,0.48732,-0.02973,-0.72045,spy_options_2019.parquet,4194680
SPY,2019-02-25,2019-02-25T16:00:00-05:00,279.46,2019-06-21,115.96,0.3176986301369863,290.0,call,3.3,3.35,3.46,,,0.12337,0.28365,0.01742,0.53413,-0.02493,0.23368,spy_options_2019.parquet,4194681
SPY,2019-02-25,2019-02-25T16:00:00-05:00,279.46,2019-06-21,115.96,0.3176986301369863,290.0,put,13.58,13.92,12.76,3,,0.09078,-0.78564,0.01998,0.4532,-0.02757,-0.7469,spy_options_2019.parquet,4194681
SPY,2019-02-25,2019-02-25T16:00:00-05:00,279.46,2019-06-21,115.96,0.3176986301369863,291.0,call,2.95,2.98,3.12,16,,0.12184,0.26339,0.01712,0.51537,-0.02384,0.21743,spy_options_2019.parquet,4194682
SPY,2019-02-25,2019-02-25T16:00:00-05:00,279.46,2019-06-21,115.96,0.3176986301369863,291.0,put,14.08,14.49,15.61,2,,0.08406,-0.82331,0.01906,0.40122,-0.02541,-0.78281,spy_options_2019.parquet,4194682
SPY,2019-02-25,2019-02-25T16:00:00-05:00,279.46,2019-06-21,115.96,0.3176986301369863,292.0,call,2.62,2.65,2.9,,,0.11972,0.24341,0.0166,0.49498,-0.02228,0.20275,spy_options_2019.parquet,4194683
SPY,2019-02-25,2019-02-25T16:00:00-05:00,279.46,2019-06-21,115.96,0.3176986301369863,292.0,put,14.93,15.26,14.47,106,,0.08299,-0.84462,0.0178,0.36756,-0.02404,-0.80458,spy_options_2019.parquet,4194683
SPY,2019-02-25,2019-02-25T16:00:00-05:00,279.46,2019-06-21,115.96,0.3176986301369863,293.0,call,2.35,2.39,2.5,121,,0.11904,0.22515,0.01609,0.47481,-0.02131,0.18863,spy_options_2019.parquet,4194684
SPY,2019-02-25,2019-02-25T16:00:00-05:00,279.46,2019-06-21,115.96,0.3176986301369863,293.0,put,15.7,15.84,16.64,3,,0.07753,-0.87833,0.016,0.30857,-0.02235,-0.83625,spy_options_2019.parquet,4194684
SPY,2019-02-25,2019-02-25T16:00:00-05:00,279.46,2019-06-21,115.96,0.3176986301369863,294.0,call,2.06,2.09,2.08,299,,0.11625,0.20538,0.01553,0.45009,-0.02009,0.17333,spy_options_2019.parquet,4194685
SPY,2019-02-25,2019-02-25T16:00:00-05:00,279.46,2019-06-21,115.96,0.3176986301369863,294.0,put,16.57,16.66,22.63,0,,0.07458,-0.89972,0.01423,0.26652,-0.02062,-0.85867,spy_options_2019.parquet,4194685
SPY,2019-02-25,2019-02-25T16:00:00-05:00,279.46,2019-06-21,115.96,0.3176986301369863,295.0,call,1.82,1.85,1.81,,,0.11526,0.18961,0.0149,0.42882,-0.01842,0.15923,spy_options_2019.parquet,4194686
SPY,2019-02-25,2019-02-25T16:00:00-05:00,279.46,2019-06-21,115.96,0.3176986301369863,295.0,put,16.97,17.48,16.01,3,,0.05845,-0.95743,0.00875,0.12853,-0.01587,-0.9121,spy_options_2019.parquet,4194686
SPY,2019-02-25,2019-02-25T16:00:00-05:00,279.46,2019-06-21,115.96,0.3176986301369863,296.0,call,1.59,1.6,1.71,,,0.11355,0.17115,0.01421,0.40226,-0.01746,0.14514,spy_options_2019.parquet,4194687
SPY,2019-02-25,2019-02-25T16:00:00-05:00,279.46,2019-06-21,115.96,0.3176986301369863,296.0,put,18.02,18.21,19.01,3,,0.04643,-0.98592,0.00327,0.03738,-0.01361,-0.93995,spy_options_2019.parquet,4194687
SPY,2019-02-25,2019-02-25T16:00:00-05:00,279.46,2019-06-21,115.96,0.3176986301369863,297.0,call,1.38,1.4,1.57,5,,0.11259,0.15461,0.01345,0.37693,-0.0157,0.13135,spy_options_2019.parquet,4194688
SPY,2019-02-25,2019-02-25T16:00:00-05:00,279.46,2019-06-21,115.96,0.3176986301369863,297.0,put,18.95,19.12,17.79,4,,0.0002,-1.0,0.0,-185.39976,0.0,0.0,spy_options_2019.parquet,4194688
SPY,2019-02-25,2019-02-25T16:00:00-05:00,279.46,2019-06-21,115.96,0.3176986301369863,300.0,call,0.93,0.97,0.94,227,,0.11012,0.11518,0.01121,0.30868,-0.01317,0.09867,spy_options_2019.parquet,4194689
SPY,2019-02-25,2019-02-25T16:00:00-05:00,279.46,2019-06-21,115.96,0.3176986301369863,300.0,put,21.5,21.68,21.3,13,,0.00066,-1.0,0.0,-215.39974,0.0,0.0,spy_options_2019.parquet,4194689
SPY,2019-02-25,2019-02-25T16:00:00-05:00,279.46,2019-06-21,115.96,0.3176986301369863,305.0,call,0.49,0.52,0.51,31,,0.10857,0.0684,0.00773,0.21161,-0.00887,0.0593,spy_options_2019.parquet,4194690
SPY,2019-02-25,2019-02-25T16:00:00-05:00,279.46,2019-06-21,115.96,0.3176986301369863,305.0,put,25.98,26.54,41.36,0,,-0.00024,-0.99445,0.0,0.0,-0.01334,-0.97705,spy_options_2019.parquet,4194690
SPY,2019-02-25,2019-02-25T16:00:00-05:00,279.46,2019-06-21,115.96,0.3176986301369863,310.0,call,0.3,0.3,0.35,35,,0.10974,0.04248,0.00522,0.14507,-0.00618,0.03691,spy_options_2019.parquet,4194691
SPY,2019-02-25,2019-02-25T16:00:00-05:00,279.46,2019-06-21,115.96,0.3176986301369863,310.0,put,31.13,31.43,34.29,1,,0.0,-1.0,0.0,-315.40046,0.0,0.0,spy_options_2019.parquet,4194691
SPY,2019-02-25,2019-02-25T16:00:00-05:00,279.46,2019-06-21,115.96,0.3176986301369863,315.0,call,0.18,0.2,0.2,26,,0.11365,0.02767,0.00358,0.10388,-0.00469,0.02487,spy_options_2019.parquet,4194692
SPY,2019-02-25,2019-02-25T16:00:00-05:00,279.46,2019-06-21,115.96,0.3176986301369863,315.0,put,36.12,36.47,34.93,1,,-9e-05,-1.0,0.0,-365.40013,0.0,0.0,spy_options_2019.parquet,4194692
SPY,2019-02-25,2019-02-25T16:00:00-05:00,279.46,2019-06-21,115.96,0.3176986301369863,320.0,call,0.13,0.15,0.13,135,,0.11938,0.0202,0.0025,0.07736,-0.00407,0.0174,spy_options_2019.parquet,4194693
SPY,2019-02-25,2019-02-25T16:00:00-05:00,279.46,2019-06-21,115.96,0.3176986301369863,320.0,put,40.78,41.49,78.97,0,,3e-05,-0.99412,0.0,0.0,-0.01325,-1.02492,spy_options_2019.parquet,4194693
SPY,2019-02-25,2019-02-25T16:00:00-05:00,279.46,2019-06-21,115.96,0.3176986301369863,325.0,call,0.1,0.11,0.11,79,,0.12544,0.01472,0.00188,0.06149,-0.00286,0.01352,spy_options_2019.parquet,4194694
SPY,2019-02-25,2019-02-25T16:00:00-05:00,279.46,2019-06-21,115.96,0.3176986301369863,325.0,put,45.76,46.47,44.55,0,,0.00028,-0.9948,0.0,0.0,-0.01291,-1.04062,spy_options_2019.parquet,4194694
SPY,2019-02-25,2019-02-25T16:00:00-05:00,279.46,2019-06-21,115.96,0.3176986301369863,330.0,call,0.09,0.09,0.08,26,,0.13275,0.01172,0.00151,0.05006,-0.00299,0.0108,spy_options_2019.parquet,4194695
SPY,2019-02-25,2019-02-25T16:00:00-05:00,279.46,2019-06-21,115.96,0.3176986301369863,330.0,put,50.77,51.47,67.8,0,,4e-05,-1.0,0.0,-515.40019,0.0,0.0,spy_options_2019.parquet,4194695
SPY,2019-02-25,2019-02-25T16:00:00-05:00,279.46,2019-06-21,115.96,0.3176986301369863,335.0,call,0.05,0.06,0.08,1,,0.13813,0.00925,0.00114,0.03979,-0.0018,0.00784,spy_options_2019.parquet,4194696
SPY,2019-02-25,2019-02-25T16:00:00-05:00,279.46,2019-06-21,115.96,0.3176986301369863,335.0,put,56.03,56.39,57.29,1,,0.00058,-1.0,0.0,-565.40015,0.0,0.0,spy_options_2019.parquet,4194696
SPY,2019-02-25,2019-02-25T16:00:00-05:00,279.46,2019-06-21,115.96,0.3176986301369863,340.0,call,0.03,0.05,0.05,1,,0.1414,0.0067,0.00081,0.02942,-0.00144,0.00516,spy_options_2019.parquet,4194697
SPY,2019-02-25,2019-02-25T16:00:00-05:00,279.46,2019-06-21,115.96,0.3176986301369863,340.0,put,61.02,61.38,50.85,0,,-0.00018,-1.0,0.0,-615.40047,0.0,0.0,spy_options_2019.parquet,4194697
SPY,2019-02-25,2019-02-25T16:00:00-05:00,279.46,2019-06-21,115.96,0.3176986301369863,345.0,call,0.02,0.05,0.02,0,,0.14538,0.00498,0.00067,0.02346,-0.00166,0.00434,spy_options_2019.parquet,4194698
SPY,2019-02-25,2019-02-25T16:00:00-05:00,279.46,2019-06-21,115.96,0.3176986301369863,345.0,put,66.01,66.38,98.18,0,,0.00035,-1.0,0.0,-665.40035,0.0,0.0,spy_options_2019.parquet,4194698
SPY,2019-02-25,2019-02-25T16:00:00-05:00,279.46,2019-06-21,115.96,0.3176986301369863,350.0,call,0.02,0.03,0.03,150,,0.14921,0.00357,0.00041,0.01715,-0.00059,0.0029,spy_options_2019.parquet,4194699
SPY,2019-02-25,2019-02-25T16:00:00-05:00,279.46,2019-06-21,115.96,0.3176986301369863,350.0,put,71.01,71.37,70.53,2,,7e-05,-1.0,0.0,-715.40005,0.0,0.0,spy_options_2019.parquet,4194699
SPY,2019-02-25,2019-02-25T16:00:00-05:00,279.46,2019-06-21,115.96,0.3176986301369863,355.0,call,0.01,0.02,0.04,0,,0.15053,0.00275,0.00029,0.01151,-0.0009,0.0017,spy_options_2019.parquet,4194700
SPY,2019-02-25,2019-02-25T16:00:00-05:00,279.46,2019-06-21,115.96,0.3176986301369863,355.0,put,75.99,76.36,75.53,2,,-0.00038,-1.0,0.0,-765.39992,0.0,0.0,spy_options_2019.parquet,4194700
SPY,2019-02-25,2019-02-25T16:00:00-05:00,279.46,2019-06-21,115.96,0.3176986301369863,360.0,call,0.01,0.02,0.02,2,,0.15733,0.00222,0.00032,0.01096,-0.00103,0.00174,spy_options_2019.parquet,4194701
SPY,2019-02-25,2019-02-25T16:00:00-05:00,279.46,2019-06-21,115.96,0.3176986301369863,360.0,put,81.0,81.36,82.14,1,,0.00062,-0.99396,0.0,0.0,-0.01279,-1.15316,spy_options_2019.parquet,4194701
SPY,2019-02-25,2019-02-25T16:00:00-05:00,279.46,2019-06-21,115.96,0.3176986301369863,365.0,call,0.0,0.01,0.08,0,,0.15005,0.0011,0.00013,0.00401,-0.00044,0.00072,spy_options_2019.parquet,4194702
SPY,2019-02-25,2019-02-25T16:00:00-05:00,279.46,2019-06-21,115.96,0.3176986301369863,365.0,put,86.04,86.41,0.0,,,-0.0001,-0.99457,0.0,0.0,-0.01335,-1.16958,spy_options_2019.parquet,4194702
SPY,2019-02-25,2019-02-25T16:00:00-05:00,279.46,2019-06-21,115.96,0.3176986301369863,370.0,call,0.0,0.01,0.02,1,,0.15743,0.00065,6e-05,0.00413,-0.00034,0.00113,spy_options_2019.parquet,4194703
SPY,2019-02-25,2019-02-25T16:00:00-05:00,279.46,2019-06-21,115.96,0.3176986301369863,370.0,put,90.98,91.34,84.27,0,,-0.00011,-0.99394,0.0,0.0,-0.01325,-1.18537,spy_options_2019.parquet,4194703
SPY,2019-02-25,2019-02-25T16:00:00-05:00,279.46,2019-06-21,115.96,0.3176986301369863,375.0,call,0.0,0.02,0.01,0,,0.16392,0.00024,0.00012,0.00405,-0.00032,0.00081,spy_options_2019.parquet,4194704
SPY,2019-02-25,2019-02-25T16:00:00-05:00,279.46,2019-06-21,115.96,0.3176986301369863,375.0,put,95.97,96.33,0.0,,,3e-05,-0.99458,0.0,0.0,-0.01294,-1.20157,spy_options_2019.parquet,4194704
SPY,2019-02-25,2019-02-25T16:00:00-05:00,279.46,2019-06-21,115.96,0.3176986301369863,380.0,call,0.0,0.01,0.01,0,,0.17078,0.00041,7e-05,0.00376,-5e-05,0.00045,spy_options_2019.parquet,4194705
SPY,2019-02-25,2019-02-25T16:00:00-05:00,279.46,2019-06-21,115.96,0.3176986301369863,380.0,put,100.97,101.33,89.49,0,,0.00013,-0.99452,0.0,0.0,-0.01293,-1.21718,spy_options_2019.parquet,4194705
SPY,2019-02-25,2019-02-25T16:00:00-05:00,279.46,2019-06-21,115.96,0.3176986301369863,390.0,call,0.0,0.01,0.01,0,,0.18308,0.00062,9e-05,0.0036,0.0,0.00036,spy_options_2019.parquet,4194706
SPY,2019-02-25,2019-02-25T16:00:00-05:00,279.46,2019-06-21,115.96,0.3176986301369863,390.0,put,110.95,111.3,131.55,0,,-0.00012,-0.99435,0.0,0.0,-0.01316,-1.24894,spy_options_2019.parquet,4194706
SPY,2019-02-25,2019-02-25T16:00:00-05:00,279.46,2019-06-21,115.96,0.3176986301369863,400.0,call,0.0,0.0,0.01,10,,0.19634,0.00092,5e-05,0.00357,0.0,0.0009,spy_options_2019.parquet,4194707
SPY,2019-02-25,2019-02-25T16:00:00-05:00,279.46,2019-06-21,115.96,0.3176986301369863,400.0,put,120.92,121.3,119.47,1,,-7e-05,-0.99453,0.0,0.0,-0.01318,-1.28177,spy_options_2019.parquet,4194707
SPY,2019-02-25,2019-02-25T16:00:00-05:00,279.46,2019-06-21,115.96,0.3176986301369863,410.0,call,0.0,0.01,0.03,0,,0.20772,0.00028,6e-05,0.00373,-1e-05,0.00092,spy_options_2019.parquet,4194708
SPY,2019-02-25,2019-02-25T16:00:00-05:00,279.46,2019-06-21,115.96,0.3176986301369863,410.0,put,130.93,131.29,0.0,,,1e-05,-1.0,0.0,-1315.39952,0.0,0.0,spy_options_2019.parquet,4194708
SPY,2019-02-25,2019-02-25T16:00:00-05:00,279.46,2019-06-28,122.96,0.3368767123287671,190.0,call,89.78,90.14,86.5,14,,0.45987,0.92195,0.00096,0.17974,-0.02902,0.12895,spy_options_2019.parquet,4194713
SPY,2019-02-25,2019-02-25T16:00:00-05:00,279.46,2019-06-28,122.96,0.3368767123287671,190.0,put,0.25,0.26,0.22,5,,0.3085,-0.01424,0.00066,0.05769,-0.00729,-0.01434,spy_options_2019.parquet,4194713
SPY,2019-02-25,2019-02-25T16:00:00-05:00,279.46,2019-06-28,122.96,0.3368767123287671,195.0,call,84.73,85.52,71.37,0,,0.43751,0.92125,0.00118,0.18733,-0.02875,0.15455,spy_options_2019.parquet,4194714
SPY,2019-02-25,2019-02-25T16:00:00-05:00,279.46,2019-06-28,122.96,0.3368767123287671,195.0,put,0.31,0.33,0.26,1,,0.29881,-0.01687,0.00081,0.06824,-0.00848,-0.01759,spy_options_2019.parquet,4194714
SPY,2019-02-25,2019-02-25T16:00:00-05:00,279.46,2019-06-28,122.96,0.3368767123287671,200.0,call,79.97,80.32,71.69,0,,0.40821,0.92343,0.00137,0.18948,-0.02699,0.16938,spy_options_2019.parquet,4194715
SPY,2019-02-25,2019-02-25T16:00:00-05:00,279.46,2019-06-28,122.96,0.3368767123287671,200.0,put,0.36,0.38,0.37,0,,0.28703,-0.01984,0.0011,0.07929,-0.00928,-0.02043,spy_options_2019.parquet,4194715
SPY,2019-02-25,2019-02-25T16:00:00-05:00,279.46,2019-06-28,122.96,0.3368767123287671,205.0,call,75.15,75.51,53.66,0,,0.3888,0.92075,0.00169,0.2008,-0.02618,0.20083,spy_options_2019.parquet,4194716
SPY,2019-02-25,2019-02-25T16:00:00-05:00,279.46,2019-06-28,122.96,0.3368767123287671,205.0,put,0.44,0.46,0.47,1,,0.27735,-0.02443,0.00126,0.09473,-0.01046,-0.02513,spy_options_2019.parquet,4194716
SPY,2019-02-25,2019-02-25T16:00:00-05:00,279.46,2019-06-28,122.96,0.3368767123287671,210.0,call,70.19,70.55,63.15,0,,0.36385,0.91998,0.00204,0.2071,-0.02513,0.22252,spy_options_2019.parquet,4194717
SPY,2019-02-25,2019-02-25T16:00:00-05:00,279.46,2019-06-28,122.96,0.3368767123287671,210.0,put,0.53,0.55,0.46,5,,0.26678,-0.03042,0.00159,0.11047,-0.01218,-0.0301,spy_options_2019.parquet,4194717
SPY,2019-02-25,2019-02-25T16:00:00-05:00,279.46,2019-06-28,122.96,0.3368767123287671,215.0,call,63.99,67.37,38.37,0,,0.35074,0.91226,0.00244,0.23069,-0.0267,0.26501,spy_options_2019.parquet,4194718
SPY,2019-02-25,2019-02-25T16:00:00-05:00,279.46,2019-06-28,122.96,0.3368767123287671,215.0,put,0.64,0.65,0.74,20,,0.25632,-0.03621,0.00197,0.13053,-0.01421,-0.03654,spy_options_2019.parquet,4194718
SPY,2019-02-25,2019-02-25T16:00:00-05:00,279.46,2019-06-28,122.96,0.3368767123287671,220.0,call,60.58,60.93,58.27,1,,0.32906,0.90821,0.00298,0.24381,-0.026,0.29126,spy_options_2019.parquet,4194719
SPY,2019-02-25,2019-02-25T16:00:00-05:00,279.46,2019-06-28,122.96,0.3368767123287671,220.0,put,0.75,0.78,0.77,,,0.2454,-0.04467,0.00236,0.15222,-0.01541,-0.04494,spy_options_2019.parquet,4194719
SPY,2019-02-25,2019-02-25T16:00:00-05:00,279.46,2019-06-28,122.96,0.3368767123287671,225.0,call,54.33,57.7,54.03,10,,0.31378,0.89872,0.00355,0.26905,-0.02754,0.32823,spy_options_2019.parquet,4194720
SPY,2019-02-25,2019-02-25T16:00:00-05:00,279.46,2019-06-28,122.96,0.3368767123287671,225.0,put,0.93,0.95,0.92,163,,0.23583,-0.05419,0.00282,0.17947,-0.01736,-0.05514,spy_options_2019.parquet,4194720
SPY,2019-02-25,2019-02-25T16:00:00-05:00,279.46,2019-06-28,122.96,0.3368767123287671,226.0,call,54.82,55.16,53.1,10,,0.30813,0.89781,0.00366,0.27077,-0.02681,0.33055,spy_options_2019.parquet,4194721
SPY,2019-02-25,2019-02-25T16:00:00-05:00,279.46,2019-06-28,122.96,0.3368767123287671,226.0,put,0.97,0.99,0.97,0,,0.23384,-0.05649,0.00298,0.18598,-0.01801,-0.05733,spy_options_2019.parquet,4194721
SPY,2019-02-25,2019-02-25T16:00:00-05:00,279.46,2019-06-28,122.96,0.3368767123287671,227.0,call,53.86,54.2,0.0,,,0.30433,0.89652,0.00378,0.27478,-0.02687,0.33738,spy_options_2019.parquet,4194722
SPY,2019-02-25,2019-02-25T16:00:00-05:00,279.46,2019-06-28,122.96,0.3368767123287671,227.0,put,1.01,1.03,0.9,23,,0.2327,-0.05919,0.00315,0.19212,-0.01928,-0.05951,spy_options_2019.parquet,4194722
SPY,2019-02-25,2019-02-25T16:00:00-05:00,279.46,2019-06-28,122.96,0.3368767123287671,228.0,call,52.9,53.26,0.0,,,0.30165,0.89404,0.00391,0.28014,-0.02762,0.34368,spy_options_2019.parquet,4194723
SPY,2019-02-25,2019-02-25T16:00:00-05:00,279.46,2019-06-28,122.96,0.3368767123287671,228.0,put,1.05,1.07,1.36,2,,0.23086,-0.06141,0.0032,0.19887,-0.01886,-0.06239,spy_options_2019.parquet,4194723
SPY,2019-02-25,2019-02-25T16:00:00-05:00,279.46,2019-06-28,122.96,0.3368767123287671,229.0,call,51.95,52.29,0.0,,,0.29846,0.89142,0.00396,0.2859,-0.02757,0.35027,spy_options_2019.parquet,4194724
SPY,2019-02-25,2019-02-25T16:00:00-05:00,279.46,2019-06-28,122.96,0.3368767123287671,229.0,put,1.09,1.11,1.56,9,,0.22838,-0.06462,0.00336,0.20424,-0.0196,-0.06483,spy_options_2019.parquet,4194724
SPY,2019-02-25,2019-02-25T16:00:00-05:00,279.46,2019-06-28,122.96,0.3368767123287671,230.0,call,49.53,52.92,48.65,1,,0.29698,0.88774,0.00418,0.29411,-0.02877,0.35959,spy_options_2019.parquet,4194725
SPY,2019-02-25,2019-02-25T16:00:00-05:00,279.46,2019-06-28,122.96,0.3368767123287671,230.0,put,1.12,1.14,1.01,8,,0.22571,-0.06614,0.00355,0.20987,-0.01983,-0.06717,spy_options_2019.parquet,4194725
SPY,2019-02-25,2019-02-25T16:00:00-05:00,279.46,2019-06-28,122.96,0.3368767123287671,231.0,call,48.59,51.98,42.81,1,,0.29438,0.88516,0.00433,0.30026,-0.02926,0.36593,spy_options_2019.parquet,4194726
SPY,2019-02-25,2019-02-25T16:00:00-05:00,279.46,2019-06-28,122.96,0.3368767123287671,231.0,put,1.19,1.2,1.23,0,,0.2237,-0.06955,0.00368,0.21785,-0.02053,-0.06987,spy_options_2019.parquet,4194726
SPY,2019-02-25,2019-02-25T16:00:00-05:00,279.46,2019-06-28,122.96,0.3368767123287671,232.0,call,49.03,49.72,0.0,,,0.29186,0.8811,0.00443,0.30773,-0.02935,0.37316,spy_options_2019.parquet,4194727
SPY,2019-02-25,2019-02-25T16:00:00-05:00,279.46,2019-06-28,122.96,0.3368767123287671,232.0,put,1.22,1.24,2.04,0,,0.22242,-0.07232,0.00381,0.22424,-0.02069,-0.07318,spy_options_2019.parquet,4194727
SPY,2019-02-25,2019-02-25T16:00:00-05:00,279.46,2019-06-28,122.96,0.3368767123287671,233.0,call,48.07,48.76,0.0,,,0.28816,0.87819,0.00458,0.31366,-0.02936,0.37953,spy_options_2019.parquet,4194728
SPY,2019-02-25,2019-02-25T16:00:00-05:00,279.46,2019-06-28,122.96,0.3368767123287671,233.0,put,1.27,1.31,1.47,1,,0.22039,-0.07529,0.00397,0.23138,-0.02127,-0.07633,spy_options_2019.parquet,4194728
SPY,2019-02-25,2019-02-25T16:00:00-05:00,279.46,2019-06-28,122.96,0.3368767123287671,234.0,call,45.74,49.12,0.0,,,0.28368,0.87671,0.00472,0.31703,-0.02908,0.38364,spy_options_2019.parquet,4194729
SPY,2019-02-25,2019-02-25T16:00:00-05:00,279.46,2019-06-28,122.96,0.3368767123287671,234.0,put,1.32,1.33,1.35,0,,0.21758,-0.07806,0.00409,0.23735,-0.02201,-0.07844,spy_options_2019.parquet,4194729
SPY,2019-02-25,2019-02-25T16:00:00-05:00,279.46,2019-06-28,122.96,0.3368767123287671,235.0,call,46.26,46.59,44.13,1,,0.2794,0.87491,0.00491,0.32092,-0.02949,0.3876,spy_options_2019.parquet,4194730
SPY,2019-02-25,2019-02-25T16:00:00-05:00,279.46,2019-06-28,122.96,0.3368767123287671,235.0,put,1.37,1.4,1.37,56,,0.21622,-0.08163,0.00434,0.24535,-0.02229,-0.08231,spy_options_2019.parquet,4194730
SPY,2019-02-25,2019-02-25T16:00:00-05:00,279.46,2019-06-28,122.96,0.3368767123287671,236.0,call,45.25,45.92,25.12,0,,0.2793,0.86968,0.00499,0.33168,-0.03011,0.39648,spy_options_2019.parquet,4194731
SPY,2019-02-25,2019-02-25T16:00:00-05:00,279.46,2019-06-28,122.96,0.3368767123287671,236.0,put,1.43,1.46,1.28,1,,0.21482,-0.08553,0.00442,0.25442,-0.02304,-0.08572,spy_options_2019.parquet,4194731
SPY,2019-02-25,2019-02-25T16:00:00-05:00,279.46,2019-06-28,122.96,0.3368767123287671,237.0,call,42.9,46.29,40.77,9,,0.27444,0.86764,0.00519,0.33597,-0.02977,0.40143,spy_options_2019.parquet,4194732
SPY,2019-02-25,2019-02-25T16:00:00-05:00,279.46,2019-06-28,122.96,0.3368767123287671,237.0,put,1.47,1.5,1.47,188,,0.21216,-0.08831,0.00466,0.26105,-0.02385,-0.08888,spy_options_2019.parquet,4194732
SPY,2019-02-25,2019-02-25T16:00:00-05:00,279.46,2019-06-28,122.96,0.3368767123287671,238.0,call,43.44,43.77,38.91,4,,0.2699,0.86558,0.00534,0.34005,-0.0293,0.40537,spy_options_2019.parquet,4194733
SPY,2019-02-25,2019-02-25T16:00:00-05:00,279.46,2019-06-28,122.96,0.3368767123287671,238.0,put,1.54,1.55,1.78,1,,0.20921,-0.0919,0.00484,0.2686,-0.02361,-0.09265,spy_options_2019.parquet,4194733
SPY,2019-02-25,2019-02-25T16:00:00-05:00,279.46,2019-06-28,122.96,0.3368767123287671,239.0,call,41.03,44.43,16.5,0,,0.2683,0.85976,0.00553,0.35052,-0.03078,0.41253,spy_options_2019.parquet,4194734
SPY,2019-02-25,2019-02-25T16:00:00-05:00,279.46,2019-06-28,122.96,0.3368767123287671,239.0,put,1.6,1.63,1.76,3,,0.20823,-0.09676,0.00502,0.27771,-0.02414,-0.09687,spy_options_2019.parquet,4194734
SPY,2019-02-25,2019-02-25T16:00:00-05:00,279.46,2019-06-28,122.96,0.3368767123287671,240.0,call,41.58,41.9,39.55,25,,0.26327,0.85762,0.00574,0.3541,-0.02989,0.41658,spy_options_2019.parquet,4194735
SPY,2019-02-25,2019-02-25T16:00:00-05:00,279.46,2019-06-28,122.96,0.3368767123287671,240.0,put,1.66,1.69,1.66,10,,0.20579,-0.10051,0.00526,0.28573,-0.02506,-0.1011,spy_options_2019.parquet,4194735
SPY,2019-02-25,2019-02-25T16:00:00-05:00,279.46,2019-06-28,122.96,0.3368767123287671,241.0,call,40.64,40.98,21.55,0,,0.26023,0.85339,0.00593,0.36172,-0.03105,0.42147,spy_options_2019.parquet,4194736
SPY,2019-02-25,2019-02-25T16:00:00-05:00,279.46,2019-06-28,122.96,0.3368767123287671,241.0,put,1.72,1.75,1.61,406,,0.20307,-0.10408,0.00549,0.29358,-0.02562,-0.10493,spy_options_2019.parquet,4194736
SPY,2019-02-25,2019-02-25T16:00:00-05:00,279.46,2019-06-28,122.96,0.3368767123287671,242.0,call,39.66,40.31,38.87,10,,0.26022,0.84757,0.00608,0.3732,-0.03182,0.42905,spy_options_2019.parquet,4194737
SPY,2019-02-25,2019-02-25T16:00:00-05:00,279.46,2019-06-28,122.96,0.3368767123287671,242.0,put,1.8,1.84,1.79,110,,0.20204,-0.10889,0.00565,0.30284,-0.02571,-0.10935,spy_options_2019.parquet,4194737
SPY,2019-02-25,2019-02-25T16:00:00-05:00,279.46,2019-06-28,122.96,0.3368767123287671,243.0,call,38.77,39.04,37.1,1,,0.25292,0.84709,0.00634,0.37449,-0.03109,0.43086,spy_options_2019.parquet,4194738
SPY,2019-02-25,2019-02-25T16:00:00-05:00,279.46,2019-06-28,122.96,0.3368767123287671,243.0,put,1.9,1.91,1.74,330,,0.2001,-0.11403,0.0059,0.31263,-0.02642,-0.11431,spy_options_2019.parquet,4194738
SPY,2019-02-25,2019-02-25T16:00:00-05:00,279.46,2019-06-28,122.96,0.3368767123287671,244.0,call,37.8,38.1,31.72,0,,0.24985,0.84299,0.00647,0.38105,-0.03112,0.43498,spy_options_2019.parquet,4194739
SPY,2019-02-25,2019-02-25T16:00:00-05:00,279.46,2019-06-28,122.96,0.3368767123287671,244.0,put,1.94,1.97,1.89,374,,0.19743,-0.11816,0.0061,0.32074,-0.02767,-0.1181,spy_options_2019.parquet,4194739
SPY,2019-02-25,2019-02-25T16:00:00-05:00,279.46,2019-06-28,122.96,0.3368767123287671,245.0,call,36.95,37.26,35.41,2,,0.24838,0.83618,0.00667,0.39194,-0.03193,0.44156,spy_options_2019.parquet,4194740
SPY,2019-02-25,2019-02-25T16:00:00-05:00,279.46,2019-06-28,122.96,0.3368767123287671,245.0,put,2.03,2.06,1.89,334,,0.19569,-0.12297,0.00636,0.33092,-0.02798,-0.12347,spy_options_2019.parquet,4194740
SPY,2019-02-25,2019-02-25T16:00:00-05:00,279.46,2019-06-28,122.96,0.3368767123287671,246.0,call,36.03,36.33,32.71,2,,0.24558,0.83184,0.00687,0.39934,-0.03166,0.44639,spy_options_2019.parquet,4194741
SPY,2019-02-25,2019-02-25T16:00:00-05:00,279.46,2019-06-28,122.96,0.3368767123287671,246.0,put,2.09,2.14,1.97,412,,0.19383,-0.12793,0.00667,0.34003,-0.02858,-0.12874,spy_options_2019.parquet,4194741
SPY,2019-02-25,2019-02-25T16:00:00-05:00,279.46,2019-06-28,122.96,0.3368767123287671,247.0,call,35.05,35.58,28.31,1,,0.24316,0.82567,0.00715,0.40909,-0.03243,0.45081,spy_options_2019.parquet,4194742
SPY,2019-02-25,2019-02-25T16:00:00-05:00,279.46,2019-06-28,122.96,0.3368767123287671,247.0,put,2.22,2.25,2.5,2,,0.19265,-0.13439,0.00685,0.35129,-0.02903,-0.13504,spy_options_2019.parquet,4194742
SPY,2019-02-25,2019-02-25T16:00:00-05:00,279.46,2019-06-28,122.96,0.3368767123287671,248.0,call,34.32,34.6,30.88,1,,0.24246,0.81854,0.00726,0.41936,-0.03358,0.45622,spy_options_2019.parquet,4194743
SPY,2019-02-25,2019-02-25T16:00:00-05:00,279.46,2019-06-28,122.96,0.3368767123287671,248.0,put,2.27,2.32,2.08,1,,0.18946,-0.13937,0.00718,0.36038,-0.02908,-0.13967,spy_options_2019.parquet,4194743
SPY,2019-02-25,2019-02-25T16:00:00-05:00,279.46,2019-06-28,122.96,0.3368767123287671,249.0,call,33.31,33.61,34.57,2,,0.2364,0.81534,0.00754,0.42473,-0.0325,0.45864,spy_options_2019.parquet,4194744
SPY,2019-02-25,2019-02-25T16:00:00-05:00,279.46,2019-06-28,122.96,0.3368767123287671,249.0,put,2.41,2.43,2.14,2,,0.18842,-0.1457,0.0075,0.37129,-0.0306,-0.14675,spy_options_2019.parquet,4194744
SPY,2019-02-25,2019-02-25T16:00:00-05:00,279.46,2019-06-28,122.96,0.3368767123287671,250.0,call,32.4,32.63,32.3,0,,0.23308,0.81069,0.00782,0.43205,-0.03281,0.46167,spy_options_2019.parquet,4194745
SPY,2019-02-25,2019-02-25T16:00:00-05:00,279.46,2019-06-28,122.96,0.3368767123287671,250.0,put,2.49,2.5,2.4,46,,0.18507,-0.15103,0.00778,0.38129,-0.03073,-0.15198,spy_options_2019.parquet,4194745
SPY,2019-02-25,2019-02-25T16:00:00-05:00,279.46,2019-06-28,122.96,0.3368767123287671,251.0,call,31.35,32.01,30.59,1,,0.23188,0.80317,0.00808,0.44237,-0.03368,0.46603,spy_options_2019.parquet,4194746
SPY,2019-02-25,2019-02-25T16:00:00-05:00,279.46,2019-06-28,122.96,0.3368767123287671,251.0,put,2.59,2.63,5.15,13,,0.18412,-0.15854,0.00807,0.39244,-0.03109,-0.15853,spy_options_2019.parquet,4194746
SPY,2019-02-25,2019-02-25T16:00:00-05:00,279.46,2019-06-28,122.96,0.3368767123287671,252.0,call,30.61,30.88,30.41,0,,0.22775,0.79844,0.00834,0.44939,-0.0333,0.46863,spy_options_2019.parquet,4194747
SPY,2019-02-25,2019-02-25T16:00:00-05:00,279.46,2019-06-28,122.96,0.3368767123287671,252.0,put,2.72,2.74,2.62,2,,0.18157,-0.16515,0.00834,0.4039,-0.03195,-0.16601,spy_options_2019.parquet,4194747
SPY,2019-02-25,2019-02-25T16:00:00-05:00,279.46,2019-06-28,122.96,0.3368767123287671,253.0,call,29.65,30.16,28.86,1,,0.22564,0.79039,0.00854,0.45999,-0.034,0.47165,spy_options_2019.parquet,4194748
SPY,2019-02-25,2019-02-25T16:00:00-05:00,279.46,2019-06-28,122.96,0.3368767123287671,253.0,put,2.84,2.85,2.71,11,,0.18026,-0.17175,0.00868,0.4142,-0.03199,-0.17244,spy_options_2019.parquet,4194748
SPY,2019-02-25,2019-02-25T16:00:00-05:00,279.46,2019-06-28,122.96,0.3368767123287671,254.0,call,28.69,29.13,28.67,0,,0.22066,0.78666,0.00889,0.46526,-0.03369,0.47414,spy_options_2019.parquet,4194749
SPY,2019-02-25,2019-02-25T16:00:00-05:00,279.46,2019-06-28,122.96,0.3368767123287671,254.0,put,2.93,2.96,2.75,1,,0.17769,-0.17896,0.00903,0.42478,-0.03293,-0.17916,spy_options_2019.parquet,4194749
SPY,2019-02-25,2019-02-25T16:00:00-05:00,279.46,2019-06-28,122.96,0.3368767123287671,255.0,call,27.9,28.12,28.49,5,,0.21753,0.77931,0.00914,0.47463,-0.03388,0.47585,spy_options_2019.parquet,4194750
SPY,2019-02-25,2019-02-25T16:00:00-05:00,279.46,2019-06-28,122.96,0.3368767123287671,255.0,put,3.05,3.08,2.82,63,,0.17553,-0.18641,0.00941,0.43533,-0.03348,-0.18785,spy_options_2019.parquet,4194750
SPY,2019-02-25,2019-02-25T16:00:00-05:00,279.46,2019-06-28,122.96,0.3368767123287671,256.0,call,27.09,27.37,28.15,4,,0.21694,0.77021,0.0093,0.4859,-0.03464,0.47865,spy_options_2019.parquet,4194751
SPY,2019-02-25,2019-02-25T16:00:00-05:00,279.46,2019-06-28,122.96,0.3368767123287671,256.0,put,3.2,3.23,3.41,0,,0.1741,-0.19506,0.00969,0.4477,-0.03431,-0.19571,spy_options_2019.parquet,4194751
SPY,2019-02-25,2019-02-25T16:00:00-05:00,279.46,2019-06-28,122.96,0.3368767123287671,257.0,call,26.07,26.58,27.57,4,,0.21339,0.76307,0.00964,0.49416,-0.03425,0.48006,spy_options_2019.parquet,4194752
SPY,2019-02-25,2019-02-25T16:00:00-05:00,279.46,2019-06-28,122.96,0.3368767123287671,257.0,put,3.32,3.36,3.85,47,,0.17098,-0.20296,0.01014,0.45816,-0.03403,-0.20348,spy_options_2019.parquet,4194752
SPY,2019-02-25,2019-02-25T16:00:00-05:00,279.46,2019-06-28,122.96,0.3368767123287671,258.0,call,25.36,25.62,26.48,8,,0.21074,0.75552,0.00989,0.50442,-0.03458,0.48148,spy_options_2019.parquet,4194753
SPY,2019-02-25,2019-02-25T16:00:00-05:00,279.46,2019-06-28,122.96,0.3368767123287671,258.0,put,3.48,3.51,3.27,1,,0.16941,-0.21212,0.01044,0.47024,-0.03556,-0.21292,spy_options_2019.parquet,4194753
SPY,2019-02-25,2019-02-25T16:00:00-05:00,279.46,2019-06-28,122.96,0.3368767123287671,259.0,call,24.31,24.78,22.62,4,,0.2065,0.74903,0.01028,0.51136,-0.03471,0.48298,spy_options_2019.parquet,4194754
SPY,2019-02-25,2019-02-25T16:00:00-05:00,279.46,2019-06-28,122.96,0.3368767123287671,259.0,put,3.58,3.65,3.97,18,,0.16666,-0.22037,0.01092,0.48112,-0.03521,-0.22113,spy_options_2019.parquet,4194754
SPY,2019-02-25,2019-02-25T16:00:00-05:00,279.46,2019-06-28,122.96,0.3368767123287671,260.0,call,23.64,23.99,22.11,16,,0.20607,0.73765,0.01048,0.52304,-0.03519,0.48353,spy_options_2019.parquet,4194755
SPY,2019-02-25,2019-02-25T16:00:00-05:00,279.46,2019-06-28,122.96,0.3368767123287671,260.0,put,3.77,3.8,3.75,49,,0.16544,-0.2298,0.01132,0.4935,-0.03565,-0.23084,spy_options_2019.parquet,4194755
SPY,2019-02-25,2019-02-25T16:00:00-05:00,279.46,2019-06-28,122.96,0.3368767123287671,261.0,call,22.79,23.02,22.22,0,,0.20131,0.73043,0.01077,0.5305,-0.03553,0.48296,spy_options_2019.parquet,4194756
SPY,2019-02-25,2019-02-25T16:00:00-05:00,279.46,2019-06-28,122.96,0.3368767123287671,261.0,put,3.91,3.95,4.15,0,,0.16286,-0.23947,0.01172,0.50487,-0.0366,-0.2412,spy_options_2019.parquet,4194756
SPY,2019-02-25,2019-02-25T16:00:00-05:00,279.46,2019-06-28,122.96,0.3368767123287671,262.0,call,21.95,22.22,21.27,18,,0.19962,0.72084,0.01109,0.54045,-0.03607,0.48348,spy_options_2019.parquet,4194757
SPY,2019-02-25,2019-02-25T16:00:00-05:00,279.46,2019-06-28,122.96,0.3368767123287671,262.0,put,4.08,4.13,3.76,1,,0.16071,-0.24973,0.01214,0.51627,-0.03687,-0.25069,spy_options_2019.parquet,4194757
SPY,2019-02-25,2019-02-25T16:00:00-05:00,279.46,2019-06-28,122.96,0.3368767123287671,263.0,call,21.09,21.24,20.79,0,,0.19475,0.71229,0.01149,0.54728,-0.03518,0.48255,spy_options_2019.parquet,4194758
SPY,2019-02-25,2019-02-25T16:00:00-05:00,279.46,2019-06-28,122.96,0.3368767123287671,263.0,put,4.27,4.32,3.92,2,,0.15924,-0.26165,0.01256,0.52804,-0.03763,-0.26291,spy_options_2019.parquet,4194758
SPY,2019-02-25,2019-02-25T16:00:00-05:00,279.46,2019-06-28,122.96,0.3368767123287671,264.0,call,20.3,20.5,21.47,4,,0.19338,0.70198,0.01177,0.55788,-0.0354,0.48131,spy_options_2019.parquet,4194759
SPY,2019-02-25,2019-02-25T16:00:00-05:00,279.46,2019-06-28,122.96,0.3368767123287671,264.0,put,4.41,4.44,4.11,8,,0.15597,-0.27148,0.01301,0.53792,-0.03816,-0.27226,spy_options_2019.parquet,4194759
SPY,2019-02-25,2019-02-25T16:00:00-05:00,279.46,2019-06-28,122.96,0.3368767123287671,265.0,call,19.5,19.64,20.2,9,,0.19068,0.69126,0.01206,0.56579,-0.03547,0.47963,spy_options_2019.parquet,4194760
SPY,2019-02-25,2019-02-25T16:00:00-05:00,279.46,2019-06-28,122.96,0.3368767123287671,265.0,put,4.65,4.68,4.45,14,,0.15393,-0.28421,0.01349,0.54956,-0.0387,-0.2856,spy_options_2019.parquet,4194760
SPY,2019-02-25,2019-02-25T16:00:00-05:00,279.46,2019-06-28,122.96,0.3368767123287671,266.0,call,18.74,19.0,18.12,0,,0.18934,0.67993,0.0123,0.5758,-0.03653,0.47816,spy_options_2019.parquet,4194761
SPY,2019-02-25,2019-02-25T16:00:00-05:00,279.46,2019-06-28,122.96,0.3368767123287671,266.0,put,4.85,4.88,5.19,0,,0.15189,-0.2955,0.01396,0.56116,-0.03856,-0.29747,spy_options_2019.parquet,4194761
SPY,2019-02-25,2019-02-25T16:00:00-05:00,279.46,2019-06-28,122.96,0.3368767123287671,267.0,call,17.87,18.09,17.18,0,,0.1853,0.66987,0.01269,0.58332,-0.03548,0.47598,spy_options_2019.parquet,4194762
SPY,2019-02-25,2019-02-25T16:00:00-05:00,279.46,2019-06-28,122.96,0.3368767123287671,267.0,put,5.03,5.08,7.21,1,,0.14977,-0.30879,0.01445,0.57093,-0.03929,-0.30971,spy_options_2019.parquet,4194762
SPY,2019-02-25,2019-02-25T16:00:00-05:00,279.46,2019-06-28,122.96,0.3368767123287671,268.0,call,17.15,17.41,15.84,11,,0.18422,0.65691,0.01291,0.59245,-0.03603,0.47263,spy_options_2019.parquet,4194763
SPY,2019-02-25,2019-02-25T16:00:00-05:00,279.46,2019-06-28,122.96,0.3368767123287671,268.0,put,5.23,5.27,4.86,10,,0.14703,-0.3216,0.01494,0.58094,-0.03939,-0.32299,spy_options_2019.parquet,4194763
SPY,2019-02-25,2019-02-25T16:00:00-05:00,279.46,2019-06-28,122.96,0.3368767123287671,269.0,call,16.3,16.51,15.02,3,,0.1792,0.64559,0.0134,0.59863,-0.03633,0.46889,spy_options_2019.parquet,4194764
SPY,2019-02-25,2019-02-25T16:00:00-05:00,279.46,2019-06-28,122.96,0.3368767123287671,269.0,put,5.49,5.54,5.46,3,,0.1454,-0.33599,0.01539,0.59122,-0.03968,-0.33714,spy_options_2019.parquet,4194764
SPY,2019-02-25,2019-02-25T16:00:00-05:00,279.46,2019-06-28,122.96,0.3368767123287671,270.0,call,15.5,15.67,16.06,7,,0.17567,0.63366,0.01384,0.60575,-0.03514,0.46478,spy_options_2019.parquet,4194765
SPY,2019-02-25,2019-02-25T16:00:00-05:00,279.46,2019-06-28,122.96,0.3368767123287671,270.0,put,5.71,5.79,5.69,108,,0.14311,-0.35009,0.01588,0.60069,-0.03951,-0.35114,spy_options_2019.parquet,4194765
SPY,2019-02-25,2019-02-25T16:00:00-05:00,279.46,2019-06-28,122.96,0.3368767123287671,271.0,call,14.75,14.94,15.61,2,,0.17369,0.62124,0.01407,0.61316,-0.03563,0.46045,spy_options_2019.parquet,4194766
SPY,2019-02-25,2019-02-25T16:00:00-05:00,279.46,2019-06-28,122.96,0.3368767123287671,271.0,put,5.99,6.04,5.6,4,,0.14099,-0.3651,0.01633,0.60926,-0.0394,-0.36686,spy_options_2019.parquet,4194766
SPY,2019-02-25,2019-02-25T16:00:00-05:00,279.46,2019-06-28,122.96,0.3368767123287671,272.0,call,14.06,14.25,12.83,9,,0.17194,0.60687,0.01442,0.61925,-0.03554,0.4545,spy_options_2019.parquet,4194767
SPY,2019-02-25,2019-02-25T16:00:00-05:00,279.46,2019-06-28,122.96,0.3368767123287671,272.0,put,6.21,6.27,5.85,17,,0.13797,-0.38026,0.01694,0.61737,-0.03937,-0.38187,spy_options_2019.parquet,4194767
SPY,2019-02-25,2019-02-25T16:00:00-05:00,279.46,2019-06-28,122.96,0.3368767123287671,273.0,call,13.18,13.55,12.36,5,,0.16815,0.59407,0.01477,0.6251,-0.03574,0.44864,spy_options_2019.parquet,4194768
SPY,2019-02-25,2019-02-25T16:00:00-05:00,279.46,2019-06-28,122.96,0.3368767123287671,273.0,put,6.52,6.59,6.83,0,,0.13649,-0.39643,0.01731,0.62433,-0.04007,-0.3984,spy_options_2019.parquet,4194768
SPY,2019-02-25,2019-02-25T16:00:00-05:00,279.46,2019-06-28,122.96,0.3368767123287671,274.0,call,12.55,12.69,13.5,1,,0.16456,0.57981,0.01514,0.63052,-0.03481,0.44226,spy_options_2019.parquet,4194769
SPY,2019-02-25,2019-02-25T16:00:00-05:00,279.46,2019-06-28,122.96,0.3368767123287671,274.0,put,6.78,6.83,6.32,34,,0.133,-0.41294,0.01793,0.63069,-0.03996,-0.41494,spy_options_2019.parquet,4194769
SPY,2019-02-25,2019-02-25T16:00:00-05:00,279.46,2019-06-28,122.96,0.3368767123287671,275.0,call,11.92,12.1,12.25,22,,0.16395,0.5647,0.01537,0.63554,-0.03525,0.43526,spy_options_2019.parquet,4194770
SPY,2019-02-25,2019-02-25T16:00:00-05:00,279.46,2019-06-28,122.96,0.3368767123287671,275.0,put,7.07,7.14,6.74,119,,0.13074,-0.4313,0.01837,0.63704,-0.03946,-0.43303,spy_options_2019.parquet,4194770
SPY,2019-02-25,2019-02-25T16:00:00-05:00,279.46,2019-06-28,122.96,0.3368767123287671,276.0,call,11.14,11.27,11.0,0,,0.15956,0.54953,0.01579,0.63935,-0.03445,0.42701,spy_options_2019.parquet,4194771
SPY,2019-02-25,2019-02-25T16:00:00-05:00,279.46,2019-06-28,122.96,0.3368767123287671,276.0,put,7.38,7.45,6.82,3,,0.12845,-0.44909,0.01886,0.64068,-0.03993,-0.45112,spy_options_2019.parquet,4194771
SPY,2019-02-25,2019-02-25T16:00:00-05:00,279.46,2019-06-28,122.96,0.3368767123287671,277.0,call,10.45,10.58,11.5,10,,0.1569,0.53377,0.01621,0.64213,-0.03377,0.4188,spy_options_2019.parquet,4194772
SPY,2019-02-25,2019-02-25T16:00:00-05:00,279.46,2019-06-28,122.96,0.3368767123287671,277.0,put,7.76,7.83,7.08,57,,0.12626,-0.46809,0.01923,0.64398,-0.0395,-0.4707,spy_options_2019.parquet,4194772
SPY,2019-02-25,2019-02-25T16:00:00-05:00,279.46,2019-06-28,122.96,0.3368767123287671,278.0,call,9.81,9.9,10.08,50,,0.15396,0.51711,0.01648,0.64347,-0.03356,0.40966,spy_options_2019.parquet,4194773
SPY,2019-02-25,2019-02-25T16:00:00-05:00,279.46,2019-06-28,122.96,0.3368767123287671,278.0,put,8.05,8.12,7.9,40,,0.12308,-0.48815,0.01979,0.64487,-0.03935,-0.49143,spy_options_2019.parquet,4194773
SPY,2019-02-25,2019-02-25T16:00:00-05:00,279.46,2019-06-28,122.96,0.3368767123287671,279.0,call,9.15,9.29,9.8,11,,0.15114,0.49973,0.01665,0.64439,-0.03347,0.39877,spy_options_2019.parquet,4194774
SPY,2019-02-25,2019-02-25T16:00:00-05:00,279.46,2019-06-28,122.96,0.3368767123287671,279.0,put,8.46,8.55,7.8,10,,0.12091,-0.50895,0.02012,0.64556,-0.03865,-0.51186,spy_options_2019.parquet,4194774
SPY,2019-02-25,2019-02-25T16:00:00-05:00,279.46,2019-06-28,122.96,0.3368767123287671,280.0,call,8.57,8.69,8.78,251,,0.14916,0.48276,0.01682,0.64373,-0.03298,0.38845,spy_options_2019.parquet,4194775
SPY,2019-02-25,2019-02-25T16:00:00-05:00,279.46,2019-06-28,122.96,0.3368767123287671,280.0,put,8.85,8.93,8.74,140,,0.11817,-0.53048,0.02047,0.64353,-0.03858,-0.53368,spy_options_2019.parquet,4194775
SPY,2019-02-25,2019-02-25T16:00:00-05:00,279.46,2019-06-28,122.96,0.3368767123287671,281.0,call,7.95,8.05,8.45,56,,0.14607,0.46411,0.01709,0.64236,-0.03241,0.37759,spy_options_2019.parquet,4194776
SPY,2019-02-25,2019-02-25T16:00:00-05:00,279.46,2019-06-28,122.96,0.3368767123287671,281.0,put,9.21,9.32,8.7,5,,0.11539,-0.55222,0.02085,0.63889,-0.03817,-0.55588,spy_options_2019.parquet,4194776
SPY,2019-02-25,2019-02-25T16:00:00-05:00,279.46,2019-06-28,122.96,0.3368767123287671,282.0,call,7.32,7.45,7.5,292,,0.14369,0.44582,0.01728,0.63885,-0.0316,0.36543,spy_options_2019.parquet,4194777
SPY,2019-02-25,2019-02-25T16:00:00-05:00,279.46,2019-06-28,122.96,0.3368767123287671,282.0,put,9.67,9.75,8.89,10,,0.11296,-0.57535,0.02112,0.63305,-0.0368,-0.57856,spy_options_2019.parquet,4194777
SPY,2019-02-25,2019-02-25T16:00:00-05:00,279.46,2019-06-28,122.96,0.3368767123287671,283.0,call,6.84,6.95,7.17,2,,0.14182,0.42759,0.01729,0.63468,-0.03046,0.35344,spy_options_2019.parquet,4194778
SPY,2019-02-25,2019-02-25T16:00:00-05:00,279.46,2019-06-28,122.96,0.3368767123287671,283.0,put,10.13,10.21,11.59,276,,0.11076,-0.59938,0.02125,0.62379,-0.03605,-0.60308,spy_options_2019.parquet,4194778
SPY,2019-02-25,2019-02-25T16:00:00-05:00,279.46,2019-06-28,122.96,0.3368767123287671,284.0,call,6.31,6.39,5.28,62,,0.13989,0.40851,0.0174,0.62889,-0.03046,0.34015,spy_options_2019.parquet,4194779
SPY,2019-02-25,2019-02-25T16:00:00-05:00,279.46,2019-06-28,122.96,0.3368767123287671,284.0,put,10.6,10.72,25.32,0,,0.10824,-0.62252,0.02136,0.61224,-0.03608,-0.62704,spy_options_2019.parquet,4194779
SPY,2019-02-25,2019-02-25T16:00:00-05:00,279.46,2019-06-28,122.96,0.3368767123287671,285.0,call,5.73,5.8,5.96,289,,0.13662,0.38832,0.01754,0.62046,-0.02944,0.3258,spy_options_2019.parquet,4194780
SPY,2019-02-25,2019-02-25T16:00:00-05:00,279.46,2019-06-28,122.96,0.3368767123287671,285.0,put,11.06,11.2,11.74,0,,0.10559,-0.64825,0.02142,0.59775,-0.03466,-0.65276,spy_options_2019.parquet,4194780
SPY,2019-02-25,2019-02-25T16:00:00-05:00,279.46,2019-06-28,122.96,0.3368767123287671,286.0,call,5.2,5.28,5.55,522,,0.13378,0.36851,0.01762,0.61108,-0.02853,0.31108,spy_options_2019.parquet,4194781
SPY,2019-02-25,2019-02-25T16:00:00-05:00,279.46,2019-06-28,122.96,0.3368767123287671,286.0,put,11.51,11.67,12.08,0,,0.10143,-0.67611,0.02158,0.57775,-0.03365,-0.68079,spy_options_2019.parquet,4194781
SPY,2019-02-25,2019-02-25T16:00:00-05:00,279.46,2019-06-28,122.96,0.3368767123287671,287.0,call,4.79,4.86,4.69,4,,0.13173,0.34908,0.01748,0.59999,-0.0273,0.29655,spy_options_2019.parquet,4194782
SPY,2019-02-25,2019-02-25T16:00:00-05:00,279.46,2019-06-28,122.96,0.3368767123287671,287.0,put,11.95,12.14,22.16,0,,0.09642,-0.70664,0.02154,0.55311,-0.03196,-0.71079,spy_options_2019.parquet,4194782
SPY,2019-02-25,2019-02-25T16:00:00-05:00,279.46,2019-06-28,122.96,0.3368767123287671,288.0,call,4.34,4.4,4.63,317,,0.12937,0.32966,0.01733,0.58659,-0.02677,0.28121,spy_options_2019.parquet,4194783
SPY,2019-02-25,2019-02-25T16:00:00-05:00,279.46,2019-06-28,122.96,0.3368767123287671,288.0,put,12.66,12.85,13.81,5,,0.09606,-0.72805,0.02088,0.53183,-0.03064,-0.73406,spy_options_2019.parquet,4194783
SPY,2019-02-25,2019-02-25T16:00:00-05:00,279.46,2019-06-28,122.96,0.3368767123287671,289.0,call,3.85,3.92,3.84,500,,0.12596,0.30772,0.01731,0.57059,-0.0255,0.26503,spy_options_2019.parquet,4194784
SPY,2019-02-25,2019-02-25T16:00:00-05:00,279.46,2019-06-28,122.96,0.3368767123287671,289.0,put,13.24,13.45,40.51,0,,0.09328,-0.75672,0.02042,0.50138,-0.02934,-0.7626,spy_options_2019.parquet,4194784
SPY,2019-02-25,2019-02-25T16:00:00-05:00,279.46,2019-06-28,122.96,0.3368767123287671,290.0,call,3.47,3.53,3.57,277,,0.12457,0.2878,0.01707,0.55343,-0.02397,0.24931,spy_options_2019.parquet,4194785
SPY,2019-02-25,2019-02-25T16:00:00-05:00,279.46,2019-06-28,122.96,0.3368767123287671,290.0,put,13.82,14.0,17.79,2,,0.08767,-0.78839,0.01982,0.46133,-0.02776,-0.7956,spy_options_2019.parquet,4194785
SPY,2019-02-25,2019-02-25T16:00:00-05:00,279.46,2019-06-28,122.96,0.3368767123287671,291.0,call,3.08,3.16,3.44,2,,0.12223,0.26716,0.01674,0.53442,-0.02259,0.23329,spy_options_2019.parquet,4194786
SPY,2019-02-25,2019-02-25T16:00:00-05:00,279.46,2019-06-28,122.96,0.3368767123287671,291.0,put,14.46,14.67,15.9,1,,0.08361,-0.81804,0.01878,0.41944,-0.02583,-0.82637,spy_options_2019.parquet,4194786
SPY,2019-02-25,2019-02-25T16:00:00-05:00,279.46,2019-06-28,122.96,0.3368767123287671,292.0,call,2.78,2.83,3.22,5,,0.12071,0.24925,0.01623,0.51513,-0.02124,0.21838,spy_options_2019.parquet,4194787
SPY,2019-02-25,2019-02-25T16:00:00-05:00,279.46,2019-06-28,122.96,0.3368767123287671,292.0,put,15.16,15.4,0.0,,,0.08083,-0.84602,0.01747,0.37475,-0.02468,-0.8543,spy_options_2019.parquet,4194787
SPY,2019-02-25,2019-02-25T16:00:00-05:00,279.46,2019-06-28,122.96,0.3368767123287671,293.0,call,2.45,2.5,2.37,0,,0.1184,0.22881,0.01585,0.49238,-0.0208,0.2016,spy_options_2019.parquet,4194788
SPY,2019-02-25,2019-02-25T16:00:00-05:00,279.46,2019-06-28,122.96,0.3368767123287671,293.0,put,15.86,16.09,17.27,1,,0.07575,-0.8776,0.01579,0.31728,-0.02253,-0.88706,spy_options_2019.parquet,4194788
SPY,2019-02-25,2019-02-25T16:00:00-05:00,279.46,2019-06-28,122.96,0.3368767123287671,294.0,call,2.18,2.23,2.5,13,,0.11664,0.21149,0.01526,0.47116,-0.01899,0.18658,spy_options_2019.parquet,4194789
SPY,2019-02-25,2019-02-25T16:00:00-05:00,279.46,2019-06-28,122.96,0.3368767123287671,294.0,put,16.61,16.86,0.0,,,0.07043,-0.90923,0.01353,0.2524,-0.01998,-0.91906,spy_options_2019.parquet,4194789
SPY,2019-02-25,2019-02-25T16:00:00-05:00,279.46,2019-06-28,122.96,0.3368767123287671,295.0,call,1.91,1.96,1.96,4,,0.11539,0.19311,0.01471,0.44656,-0.01807,0.17116,spy_options_2019.parquet,4194790
SPY,2019-02-25,2019-02-25T16:00:00-05:00,279.46,2019-06-28,122.96,0.3368767123287671,295.0,put,17.36,17.64,20.25,1,,0.06227,-0.94393,0.01008,0.16667,-0.01797,-0.95553,spy_options_2019.parquet,4194790
SPY,2019-02-25,2019-02-25T16:00:00-05:00,279.46,2019-06-28,122.96,0.3368767123287671,296.0,call,1.69,1.76,0.0,,,0.11387,0.17698,0.01401,0.42398,-0.0175,0.15852,spy_options_2019.parquet,4194791
SPY,2019-02-25,2019-02-25T16:00:00-05:00,279.46,2019-06-28,122.96,0.3368767123287671,296.0,put,18.15,18.45,0.0,,,0.03523,-0.99245,0.00067,0.00651,-0.01414,-1.00387,spy_options_2019.parquet,4194791
SPY,2019-02-25,2019-02-25T16:00:00-05:00,279.46,2019-06-28,122.96,0.3368767123287671,297.0,call,1.48,1.53,0.0,,,0.11245,0.16082,0.01337,0.39755,-0.01578,0.1443,spy_options_2019.parquet,4194792
SPY,2019-02-25,2019-02-25T16:00:00-05:00,279.46,2019-06-28,122.96,0.3368767123287671,297.0,put,18.68,19.31,0.0,,,-0.00026,-1.0,0.0,-185.39977,0.0,0.0,spy_options_2019.parquet,4194792
SPY,2019-02-25,2019-02-25T16:00:00-05:00,279.46,2019-06-28,122.96,0.3368767123287671,298.0,call,1.3,1.34,0.0,,,0.11184,0.14577,0.01262,0.37395,-0.01446,0.13152,spy_options_2019.parquet,4194793
SPY,2019-02-25,2019-02-25T16:00:00-05:00,279.46,2019-06-28,122.96,0.3368767123287671,298.0,put,19.86,20.13,0.0,,,3e-05,-1.0,0.0,-195.40017,0.0,0.0,spy_options_2019.parquet,4194793
SPY,2019-02-25,2019-02-25T16:00:00-05:00,279.46,2019-06-28,122.96,0.3368767123287671,299.0,call,1.15,1.18,1.38,6,,0.11072,0.13245,0.01196,0.34987,-0.01368,0.11994,spy_options_2019.parquet,4194794
SPY,2019-02-25,2019-02-25T16:00:00-05:00,279.46,2019-06-28,122.96,0.3368767123287671,299.0,put,20.39,21.04,0.0,,,-7e-05,-1.0,0.0,-205.39968,0.0,0.0,spy_options_2019.parquet,4194794
SPY,2019-02-25,2019-02-25T16:00:00-05:00,279.46,2019-06-28,122.96,0.3368767123287671,300.0,call,1.01,1.05,1.03,25,,0.10974,0.11996,0.01121,0.32722,-0.01278,0.10895,spy_options_2019.parquet,4194795
SPY,2019-02-25,2019-02-25T16:00:00-05:00,279.46,2019-06-28,122.96,0.3368767123287671,300.0,put,21.51,21.81,20.57,16,,0.00058,-1.0,0.0,-215.40022,0.0,0.0,spy_options_2019.parquet,4194795
SPY,2019-02-25,2019-02-25T16:00:00-05:00,279.46,2019-06-28,122.96,0.3368767123287671,305.0,call,0.53,0.56,0.53,0,,0.1084,0.07245,0.00786,0.22512,-0.00879,0.06587,spy_options_2019.parquet,4194796
SPY,2019-02-25,2019-02-25T16:00:00-05:00,279.46,2019-06-28,122.96,0.3368767123287671,305.0,put,26.27,26.62,28.16,1,,-0.00035,-1.0,0.0,-265.39994,0.0,0.0,spy_options_2019.parquet,4194796
SPY,2019-02-25,2019-02-25T16:00:00-05:00,279.46,2019-06-28,122.96,0.3368767123287671,310.0,call,0.3,0.33,0.31,0,,0.10879,0.0445,0.00532,0.15456,-0.00628,0.04087,spy_options_2019.parquet,4194797
SPY,2019-02-25,2019-02-25T16:00:00-05:00,279.46,2019-06-28,122.96,0.3368767123287671,310.0,put,30.83,31.54,35.5,2,,-8e-05,-0.99333,0.0,0.0,-0.0141,-1.05204,spy_options_2019.parquet,4194797
SPY,2019-02-25,2019-02-25T16:00:00-05:00,279.46,2019-06-28,122.96,0.3368767123287671,315.0,call,0.17,0.22,0.19,0,,0.11232,0.02897,0.00359,0.1094,-0.00417,0.02711,spy_options_2019.parquet,4194798
SPY,2019-02-25,2019-02-25T16:00:00-05:00,279.46,2019-06-28,122.96,0.3368767123287671,315.0,put,35.8,36.51,35.98,0,,0.00035,-1.0,0.0,-365.39979,0.0,0.0,spy_options_2019.parquet,4194798
SPY,2019-02-25,2019-02-25T16:00:00-05:00,279.46,2019-06-28,122.96,0.3368767123287671,320.0,call,0.13,0.16,0.17,2,,0.1174,0.02029,0.00262,0.08179,-0.00314,0.01913,spy_options_2019.parquet,4194799
SPY,2019-02-25,2019-02-25T16:00:00-05:00,279.46,2019-06-28,122.96,0.3368767123287671,320.0,put,40.77,41.51,41.9,0,,0.00031,-1.0,0.0,-415.39956,0.0,0.0,spy_options_2019.parquet,4194799
SPY,2019-02-25,2019-02-25T16:00:00-05:00,279.46,2019-06-28,122.96,0.3368767123287671,325.0,call,0.09,0.11,0.09,0,,0.12285,0.01527,0.00189,0.06324,-0.00238,0.01375,spy_options_2019.parquet,4194800
SPY,2019-02-25,2019-02-25T16:00:00-05:00,279.46,2019-06-28,122.96,0.3368767123287671,325.0,put,46.12,46.47,0.0,,,-2e-05,-0.9932,0.0,0.0,-0.01409,-1.10345,spy_options_2019.parquet,4194800
SPY,2019-02-25,2019-02-25T16:00:00-05:00,279.46,2019-06-28,122.96,0.3368767123287671,330.0,call,0.07,0.1,0.1,1,,0.129,0.01235,0.00144,0.05168,-0.00197,0.01074,spy_options_2019.parquet,4194801
SPY,2019-02-25,2019-02-25T16:00:00-05:00,279.46,2019-06-28,122.96,0.3368767123287671,330.0,put,50.76,51.47,57.34,0,,0.00024,-0.99359,0.0,0.0,-0.01401,-1.1207,spy_options_2019.parquet,4194801
SPY,2019-02-25,2019-02-25T16:00:00-05:00,279.46,2019-06-28,122.96,0.3368767123287671,335.0,call,0.05,0.07,0.07,0,,0.13477,0.00904,0.00116,0.04089,-0.00212,0.00808,spy_options_2019.parquet,4194802
SPY,2019-02-25,2019-02-25T16:00:00-05:00,279.46,2019-06-28,122.96,0.3368767123287671,335.0,put,56.1,56.48,0.0,,,-1e-05,-1.0,0.0,-565.40028,0.0,0.0,spy_options_2019.parquet,4194802
SPY,2019-02-25,2019-02-25T16:00:00-05:00,279.46,2019-06-28,122.96,0.3368767123287671,340.0,call,0.04,0.07,0.06,0,,0.14071,0.00785,0.00087,0.03459,-0.00202,0.0072,spy_options_2019.parquet,4194803
SPY,2019-02-25,2019-02-25T16:00:00-05:00,279.46,2019-06-28,122.96,0.3368767123287671,340.0,put,61.02,61.39,0.0,,,0.00056,-0.99372,0.0,0.0,-0.01374,-1.15389,spy_options_2019.parquet,4194803
SPY,2019-02-25,2019-02-25T16:00:00-05:00,279.46,2019-06-28,122.96,0.3368767123287671,345.0,call,0.01,0.05,0.03,0,,0.14205,0.00537,0.00064,0.02356,-0.00108,0.00428,spy_options_2019.parquet,4194804
SPY,2019-02-25,2019-02-25T16:00:00-05:00,279.46,2019-06-28,122.96,0.3368767123287671,345.0,put,66.0,66.37,0.0,,,-2e-05,-0.99347,0.0,0.0,-0.01401,-1.17107,spy_options_2019.parquet,4194804
SPY,2019-02-25,2019-02-25T16:00:00-05:00,279.46,2019-06-28,122.96,0.3368767123287671,350.0,call,0.02,0.04,0.04,23,,0.14799,0.00379,0.0005,0.02032,-0.00147,0.00409,spy_options_2019.parquet,4194805
SPY,2019-02-25,2019-02-25T16:00:00-05:00,279.46,2019-06-28,122.96,0.3368767123287671,350.0,put,71.07,71.45,71.65,0,,0.00068,-1.0,0.0,-715.40045,0.0,0.0,spy_options_2019.parquet,4194805
