underlying_symbol,quote_date,valuation_timestamp,underlying_price,expiration,vendor_dte,time_to_maturity,strike,option_type,bid,ask,last,volume,open_interest,vendor_iv,vendor_delta,vendor_gamma,vendor_vega,vendor_theta,vendor_rho,source_file,source_row
SPY,2020-07-01,2020-07-01T16:00:00-04:00,310.6,2020-07-22,21.0,0.057534246575342465,210.0,call,100.34,100.77,0.0,,,,1.0,0.0,0.0,0.0,0.0,spy_2020_2022.csv,1853182
SPY,2020-07-01,2020-07-01T16:00:00-04:00,310.6,2020-07-22,21.0,0.057534246575342465,210.0,put,0.09,0.12,0.0,,,0.658,-0.00622,0.00039,0.01286,-0.01837,-0.00171,spy_2020_2022.csv,1853182
SPY,2020-07-01,2020-07-01T16:00:00-04:00,310.6,2020-07-22,21.0,0.057534246575342465,215.0,call,95.4,95.9,0.0,,,0.91704,0.9198,0.00012,0.08448,-0.05005,0.01264,spy_2020_2022.csv,1853183
SPY,2020-07-01,2020-07-01T16:00:00-04:00,310.6,2020-07-22,21.0,0.057534246575342465,215.0,put,0.1,0.11,0.33,2,,0.62857,-0.0071,0.00042,0.01445,-0.01978,-0.00107,spy_2020_2022.csv,1853183
SPY,2020-07-01,2020-07-01T16:00:00-04:00,310.6,2020-07-22,21.0,0.057534246575342465,220.0,call,90.49,90.88,0.0,,,0.85396,0.92261,0.00011,0.08451,-0.08467,0.01354,spy_2020_2022.csv,1853184
SPY,2020-07-01,2020-07-01T16:00:00-04:00,310.6,2020-07-22,21.0,0.057534246575342465,220.0,put,0.12,0.14,0.16,0,,0.60567,-0.00839,0.00048,0.01753,-0.02319,-0.00133,spy_2020_2022.csv,1853184
SPY,2020-07-01,2020-07-01T16:00:00-04:00,310.6,2020-07-22,21.0,0.057534246575342465,225.0,call,85.43,85.84,0.0,,,0.7844,0.92455,9e-05,0.08348,-0.03482,0.0128,spy_2020_2022.csv,1853185
SPY,2020-07-01,2020-07-01T16:00:00-04:00,310.6,2020-07-22,21.0,0.057534246575342465,225.0,put,0.15,0.17,0.19,0,,0.58108,-0.0103,0.00056,0.02057,-0.02548,-0.00171,spy_2020_2022.csv,1853185
SPY,2020-07-01,2020-07-01T16:00:00-04:00,310.6,2020-07-22,21.0,0.057534246575342465,230.0,call,80.58,80.98,0.0,,,0.74076,0.92648,0.00026,0.08451,-0.13919,0.01817,spy_2020_2022.csv,1853186
SPY,2020-07-01,2020-07-01T16:00:00-04:00,310.6,2020-07-22,21.0,0.057534246575342465,230.0,put,0.17,0.17,0.17,2,,0.55411,-0.01125,0.00067,0.02251,-0.02775,-0.00219,spy_2020_2022.csv,1853186
SPY,2020-07-01,2020-07-01T16:00:00-04:00,310.6,2020-07-22,21.0,0.057534246575342465,235.0,call,75.45,75.86,0.0,,,0.66762,0.92951,0.00024,0.08132,-0.06043,0.01419,spy_2020_2022.csv,1853187
SPY,2020-07-01,2020-07-01T16:00:00-04:00,310.6,2020-07-22,21.0,0.057534246575342465,235.0,put,0.19,0.2,0.21,60,,0.52698,-0.01353,0.00082,0.02557,-0.03026,-0.00247,spy_2020_2022.csv,1853187
SPY,2020-07-01,2020-07-01T16:00:00-04:00,310.6,2020-07-22,21.0,0.057534246575342465,240.0,call,70.65,71.05,0.0,,,0.63522,0.93048,0.00052,0.08351,-0.11905,0.02397,spy_2020_2022.csv,1853188
SPY,2020-07-01,2020-07-01T16:00:00-04:00,310.6,2020-07-22,21.0,0.057534246575342465,240.0,put,0.22,0.24,0.23,51,,0.5019,-0.0158,0.00106,0.0298,-0.03282,-0.00314,spy_2020_2022.csv,1853188
SPY,2020-07-01,2020-07-01T16:00:00-04:00,310.6,2020-07-22,21.0,0.057534246575342465,245.0,call,65.66,66.06,0.0,,,0.58399,0.93171,0.00066,0.0835,-0.10823,0.02661,spy_2020_2022.csv,1853189
SPY,2020-07-01,2020-07-01T16:00:00-04:00,310.6,2020-07-22,21.0,0.057534246575342465,245.0,put,0.25,0.26,0.34,0,,0.47639,-0.01839,0.0012,0.03434,-0.03606,-0.00339,spy_2020_2022.csv,1853189
SPY,2020-07-01,2020-07-01T16:00:00-04:00,310.6,2020-07-22,21.0,0.057534246575342465,250.0,call,60.68,61.1,0.0,,,0.53436,0.93299,0.00082,0.08412,-0.09903,0.03081,spy_2020_2022.csv,1853190
SPY,2020-07-01,2020-07-01T16:00:00-04:00,310.6,2020-07-22,21.0,0.057534246575342465,250.0,put,0.28,0.31,0.29,8,,0.45092,-0.02259,0.00155,0.0401,-0.04,-0.00449,spy_2020_2022.csv,1853190
SPY,2020-07-01,2020-07-01T16:00:00-04:00,310.6,2020-07-22,21.0,0.057534246575342465,255.0,call,55.74,56.13,0.0,,,0.49283,0.93403,0.00117,0.08562,-0.09226,0.03743,spy_2020_2022.csv,1853191
SPY,2020-07-01,2020-07-01T16:00:00-04:00,310.6,2020-07-22,21.0,0.057534246575342465,255.0,put,0.34,0.35,0.43,3,,0.42732,-0.02641,0.00191,0.04761,-0.04417,-0.00514,spy_2020_2022.csv,1853191
SPY,2020-07-01,2020-07-01T16:00:00-04:00,310.6,2020-07-22,21.0,0.057534246575342465,260.0,call,50.84,51.24,51.66,11,,0.45635,0.93256,0.00173,0.08887,-0.08895,0.04673,spy_2020_2022.csv,1853192
SPY,2020-07-01,2020-07-01T16:00:00-04:00,310.6,2020-07-22,21.0,0.057534246575342465,260.0,put,0.41,0.42,0.41,51,,0.40392,-0.03334,0.00237,0.05577,-0.05046,-0.00678,spy_2020_2022.csv,1853192
SPY,2020-07-01,2020-07-01T16:00:00-04:00,310.6,2020-07-22,21.0,0.057534246575342465,265.0,call,45.8,46.2,0.0,,,0.40636,0.93435,0.00206,0.08829,-0.07796,0.04962,spy_2020_2022.csv,1853193
SPY,2020-07-01,2020-07-01T16:00:00-04:00,310.6,2020-07-22,21.0,0.057534246575342465,265.0,put,0.51,0.51,0.54,16,,0.38216,-0.04117,0.00308,0.0679,-0.05785,-0.00841,spy_2020_2022.csv,1853193
SPY,2020-07-01,2020-07-01T16:00:00-04:00,310.6,2020-07-22,21.0,0.057534246575342465,270.0,call,40.98,41.41,40.85,6,,0.38239,0.92683,0.00318,0.0987,-0.08158,0.06503,spy_2020_2022.csv,1853194
SPY,2020-07-01,2020-07-01T16:00:00-04:00,310.6,2020-07-22,21.0,0.057534246575342465,270.0,put,0.66,0.66,0.61,,,0.36342,-0.05351,0.00394,0.08333,-0.06837,-0.01076,spy_2020_2022.csv,1853194
SPY,2020-07-01,2020-07-01T16:00:00-04:00,310.6,2020-07-22,21.0,0.057534246575342465,271.0,call,39.42,41.01,0.0,,,0.37642,0.92561,0.00333,0.10074,-0.08182,0.06751,spy_2020_2022.csv,1853195
SPY,2020-07-01,2020-07-01T16:00:00-04:00,310.6,2020-07-22,21.0,0.057534246575342465,271.0,put,0.68,0.7,0.0,,,0.36045,-0.05717,0.0042,0.08721,-0.07062,-0.0106,spy_2020_2022.csv,1853195
SPY,2020-07-01,2020-07-01T16:00:00-04:00,310.6,2020-07-22,21.0,0.057534246575342465,272.0,call,38.99,39.38,0.0,,,0.36477,0.926,0.00348,0.0996,-0.07898,0.0674,spy_2020_2022.csv,1853196
SPY,2020-07-01,2020-07-01T16:00:00-04:00,310.6,2020-07-22,21.0,0.057534246575342465,272.0,put,0.71,0.74,1.04,0,,0.35629,-0.05992,0.0044,0.08995,-0.07189,-0.01178,spy_2020_2022.csv,1853196
SPY,2020-07-01,2020-07-01T16:00:00-04:00,310.6,2020-07-22,21.0,0.057534246575342465,273.0,call,38.11,38.52,0.0,,,0.3686,0.92036,0.00392,0.10742,-0.08571,0.0739,spy_2020_2022.csv,1853197
SPY,2020-07-01,2020-07-01T16:00:00-04:00,310.6,2020-07-22,21.0,0.057534246575342465,273.0,put,0.76,0.76,0.87,1,,0.35155,-0.06236,0.00456,0.09406,-0.07426,-0.01208,spy_2020_2022.csv,1853197
SPY,2020-07-01,2020-07-01T16:00:00-04:00,310.6,2020-07-22,21.0,0.057534246575342465,274.0,call,37.19,37.53,0.0,,,0.3642,0.91794,0.00425,0.1107,-0.08712,0.07753,spy_2020_2022.csv,1853198
SPY,2020-07-01,2020-07-01T16:00:00-04:00,310.6,2020-07-22,21.0,0.057534246575342465,274.0,put,0.81,0.81,1.28,0,,0.34952,-0.06655,0.00489,0.09903,-0.07843,-0.01317,spy_2020_2022.csv,1853198
SPY,2020-07-01,2020-07-01T16:00:00-04:00,310.6,2020-07-22,21.0,0.057534246575342465,275.0,call,36.19,36.58,31.92,0,,0.35784,0.91618,0.00449,0.11267,-0.08719,0.07963,spy_2020_2022.csv,1853199
SPY,2020-07-01,2020-07-01T16:00:00-04:00,310.6,2020-07-22,21.0,0.057534246575342465,275.0,put,0.84,0.87,0.83,221,,0.34531,-0.07046,0.00514,0.10286,-0.08038,-0.01417,spy_2020_2022.csv,1853199
SPY,2020-07-01,2020-07-01T16:00:00-04:00,310.6,2020-07-22,21.0,0.057534246575342465,276.0,call,35.27,35.64,0.0,,,0.35482,0.91178,0.00484,0.11736,-0.09003,0.08291,spy_2020_2022.csv,1853200
SPY,2020-07-01,2020-07-01T16:00:00-04:00,310.6,2020-07-22,21.0,0.057534246575342465,276.0,put,0.9,0.93,0.93,48,,0.34297,-0.07469,0.00537,0.10782,-0.08347,-0.01428,spy_2020_2022.csv,1853200
SPY,2020-07-01,2020-07-01T16:00:00-04:00,310.6,2020-07-22,21.0,0.057534246575342465,277.0,call,34.33,34.73,0.0,,,0.35209,0.90782,0.0052,0.12225,-0.0933,0.08601,spy_2020_2022.csv,1853201
SPY,2020-07-01,2020-07-01T16:00:00-04:00,310.6,2020-07-22,21.0,0.057534246575342465,277.0,put,0.94,0.97,0.99,3,,0.33895,-0.0789,0.00575,0.11191,-0.08658,-0.01551,spy_2020_2022.csv,1853201
SPY,2020-07-01,2020-07-01T16:00:00-04:00,310.6,2020-07-22,21.0,0.057534246575342465,278.0,call,33.31,33.64,0.0,,,0.33948,0.90825,0.00535,0.12161,-0.08854,0.08643,spy_2020_2022.csv,1853202
SPY,2020-07-01,2020-07-01T16:00:00-04:00,310.6,2020-07-22,21.0,0.057534246575342465,278.0,put,1.0,1.02,1.0,26,,0.33584,-0.08329,0.00601,0.11727,-0.08857,-0.0163,spy_2020_2022.csv,1853202
SPY,2020-07-01,2020-07-01T16:00:00-04:00,310.6,2020-07-22,21.0,0.057534246575342465,279.0,call,32.56,32.84,32.14,3,,0.34803,0.89775,0.00593,0.1326,-0.09985,0.09244,spy_2020_2022.csv,1853203
SPY,2020-07-01,2020-07-01T16:00:00-04:00,310.6,2020-07-22,21.0,0.057534246575342465,279.0,put,1.07,1.08,1.04,6,,0.33309,-0.08858,0.00635,0.12264,-0.093,-0.01776,spy_2020_2022.csv,1853203
SPY,2020-07-01,2020-07-01T16:00:00-04:00,310.6,2020-07-22,21.0,0.057534246575342465,280.0,call,31.45,31.89,0.0,,,0.33724,0.89725,0.0062,0.13313,-0.09783,0.09338,spy_2020_2022.csv,1853204
SPY,2020-07-01,2020-07-01T16:00:00-04:00,310.6,2020-07-22,21.0,0.057534246575342465,280.0,put,1.14,1.16,1.1,142,,0.33066,-0.09444,0.00673,0.12793,-0.09608,-0.01843,spy_2020_2022.csv,1853204
SPY,2020-07-01,2020-07-01T16:00:00-04:00,310.6,2020-07-22,21.0,0.057534246575342465,281.0,call,30.71,30.99,25.52,1,,0.34092,0.8882,0.00668,0.14244,-0.1059,0.09742,spy_2020_2022.csv,1853205
SPY,2020-07-01,2020-07-01T16:00:00-04:00,310.6,2020-07-22,21.0,0.057534246575342465,281.0,put,1.21,1.22,1.26,9,,0.32608,-0.09914,0.00707,0.13292,-0.09927,-0.01926,spy_2020_2022.csv,1853205
SPY,2020-07-01,2020-07-01T16:00:00-04:00,310.6,2020-07-22,21.0,0.057534246575342465,282.0,call,29.7,30.0,0.0,,,0.33202,0.88583,0.00699,0.14476,-0.10414,0.09877,spy_2020_2022.csv,1853206
SPY,2020-07-01,2020-07-01T16:00:00-04:00,310.6,2020-07-22,21.0,0.057534246575342465,282.0,put,1.27,1.29,1.21,1,,0.32257,-0.10505,0.0074,0.13801,-0.10174,-0.02027,spy_2020_2022.csv,1853206
SPY,2020-07-01,2020-07-01T16:00:00-04:00,310.6,2020-07-22,21.0,0.057534246575342465,283.0,call,28.79,29.08,0.0,,,0.32802,0.88053,0.00743,0.15056,-0.10721,0.10143,spy_2020_2022.csv,1853207
SPY,2020-07-01,2020-07-01T16:00:00-04:00,310.6,2020-07-22,21.0,0.057534246575342465,283.0,put,1.34,1.37,1.37,4,,0.31971,-0.11075,0.00776,0.14472,-0.10524,-0.02199,spy_2020_2022.csv,1853207
SPY,2020-07-01,2020-07-01T16:00:00-04:00,310.6,2020-07-22,21.0,0.057534246575342465,284.0,call,27.85,28.12,0.0,,,0.32301,0.87575,0.00787,0.15452,-0.10895,0.10257,spy_2020_2022.csv,1853208
SPY,2020-07-01,2020-07-01T16:00:00-04:00,310.6,2020-07-22,21.0,0.057534246575342465,284.0,put,1.44,1.46,1.37,5,,0.31708,-0.11804,0.00815,0.15101,-0.10908,-0.02321,spy_2020_2022.csv,1853208
SPY,2020-07-01,2020-07-01T16:00:00-04:00,310.6,2020-07-22,21.0,0.057534246575342465,285.0,call,26.92,27.2,23.05,0,,0.3193,0.86932,0.00834,0.15992,-0.11118,0.10463,spy_2020_2022.csv,1853209
SPY,2020-07-01,2020-07-01T16:00:00-04:00,310.6,2020-07-22,21.0,0.057534246575342465,285.0,put,1.42,1.64,1.45,169,,0.31339,-0.12446,0.0086,0.15682,-0.11246,-0.02391,spy_2020_2022.csv,1853209
SPY,2020-07-01,2020-07-01T16:00:00-04:00,310.6,2020-07-22,21.0,0.057534246575342465,286.0,call,26.02,26.38,0.0,,,0.31749,0.86137,0.00883,0.16723,-0.11555,0.10704,spy_2020_2022.csv,1853210
SPY,2020-07-01,2020-07-01T16:00:00-04:00,310.6,2020-07-22,21.0,0.057534246575342465,286.0,put,1.61,1.64,1.83,1,,0.31006,-0.1322,0.0091,0.16273,-0.11505,-0.02529,spy_2020_2022.csv,1853210
SPY,2020-07-01,2020-07-01T16:00:00-04:00,310.6,2020-07-22,21.0,0.057534246575342465,287.0,call,25.17,25.43,18.98,11,,0.31454,0.85296,0.00931,0.17403,-0.11905,0.10885,spy_2020_2022.csv,1853211
SPY,2020-07-01,2020-07-01T16:00:00-04:00,310.6,2020-07-22,21.0,0.057534246575342465,287.0,put,1.74,1.75,1.9,1,,0.30814,-0.14059,0.00955,0.17059,-0.11996,-0.02773,spy_2020_2022.csv,1853211
SPY,2020-07-01,2020-07-01T16:00:00-04:00,310.6,2020-07-22,21.0,0.057534246575342465,288.0,call,24.18,24.58,0.0,,,0.30868,0.8469,0.00973,0.17867,-0.12066,0.10959,spy_2020_2022.csv,1853212
SPY,2020-07-01,2020-07-01T16:00:00-04:00,310.6,2020-07-22,21.0,0.057534246575342465,288.0,put,1.85,1.86,2.03,7,,0.30477,-0.14854,0.01003,0.17647,-0.12367,-0.02894,spy_2020_2022.csv,1853212
SPY,2020-07-01,2020-07-01T16:00:00-04:00,310.6,2020-07-22,21.0,0.057534246575342465,289.0,call,23.28,23.71,0.0,,,0.30546,0.83875,0.01027,0.18595,-0.12405,0.11092,spy_2020_2022.csv,1853213
SPY,2020-07-01,2020-07-01T16:00:00-04:00,310.6,2020-07-22,21.0,0.057534246575342465,289.0,put,1.94,1.96,1.95,2,,0.3006,-0.15676,0.01052,0.1828,-0.12647,-0.03054,spy_2020_2022.csv,1853213
SPY,2020-07-01,2020-07-01T16:00:00-04:00,310.6,2020-07-22,21.0,0.057534246575342465,290.0,call,22.39,22.67,17.66,1,,0.29811,0.83276,0.01081,0.18952,-0.12431,0.11197,spy_2020_2022.csv,1853214
SPY,2020-07-01,2020-07-01T16:00:00-04:00,310.6,2020-07-22,21.0,0.057534246575342465,290.0,put,2.05,2.06,1.95,29,,0.29702,-0.16551,0.01097,0.18997,-0.12982,-0.03207,spy_2020_2022.csv,1853214
SPY,2020-07-01,2020-07-01T16:00:00-04:00,310.6,2020-07-22,21.0,0.057534246575342465,291.0,call,21.6,21.86,0.0,,,0.29817,0.82097,0.01133,0.19856,-0.13027,0.11351,spy_2020_2022.csv,1853215
SPY,2020-07-01,2020-07-01T16:00:00-04:00,310.6,2020-07-22,21.0,0.057534246575342465,291.0,put,2.19,2.2,2.05,206,,0.29404,-0.1761,0.01148,0.19698,-0.13292,-0.03435,spy_2020_2022.csv,1853215
SPY,2020-07-01,2020-07-01T16:00:00-04:00,310.6,2020-07-22,21.0,0.057534246575342465,292.0,call,20.73,20.97,22.51,1,,0.29437,0.81113,0.01186,0.20544,-0.13322,0.11431,spy_2020_2022.csv,1853216
SPY,2020-07-01,2020-07-01T16:00:00-04:00,310.6,2020-07-22,21.0,0.057534246575342465,292.0,put,2.3,2.33,2.22,21,,0.29012,-0.18502,0.01204,0.20392,-0.13565,-0.03553,spy_2020_2022.csv,1853216
SPY,2020-07-01,2020-07-01T16:00:00-04:00,310.6,2020-07-22,21.0,0.057534246575342465,293.0,call,19.94,20.19,17.4,10,,0.2943,0.79827,0.01245,0.21337,-0.13899,0.11426,spy_2020_2022.csv,1853217
SPY,2020-07-01,2020-07-01T16:00:00-04:00,310.6,2020-07-22,21.0,0.057534246575342465,293.0,put,2.48,2.49,2.36,21,,0.28751,-0.19708,0.01265,0.21117,-0.14022,-0.03824,spy_2020_2022.csv,1853217
SPY,2020-07-01,2020-07-01T16:00:00-04:00,310.6,2020-07-22,21.0,0.057534246575342465,294.0,call,18.96,19.18,14.71,51,,0.28445,0.79299,0.01309,0.21737,-0.13612,0.11514,spy_2020_2022.csv,1853218
SPY,2020-07-01,2020-07-01T16:00:00-04:00,310.6,2020-07-22,21.0,0.057534246575342465,294.0,put,2.58,2.61,2.6,12,,0.28302,-0.20648,0.01322,0.2171,-0.1419,-0.04035,spy_2020_2022.csv,1853218
SPY,2020-07-01,2020-07-01T16:00:00-04:00,310.6,2020-07-22,21.0,0.057534246575342465,295.0,call,18.11,18.39,19.13,5,,0.28167,0.78064,0.01374,0.22511,-0.13988,0.11466,spy_2020_2022.csv,1853219
SPY,2020-07-01,2020-07-01T16:00:00-04:00,310.6,2020-07-22,21.0,0.057534246575342465,295.0,put,2.72,2.76,2.76,,,0.27911,-0.2179,0.01388,0.22465,-0.14512,-0.04204,spy_2020_2022.csv,1853219
SPY,2020-07-01,2020-07-01T16:00:00-04:00,310.6,2020-07-22,21.0,0.057534246575342465,296.0,call,17.47,17.55,17.62,5,,0.28227,0.76484,0.01422,0.23352,-0.1461,0.11435,spy_2020_2022.csv,1853220
SPY,2020-07-01,2020-07-01T16:00:00-04:00,310.6,2020-07-22,21.0,0.057534246575342465,296.0,put,2.89,2.93,2.72,339,,0.27595,-0.23072,0.01445,0.23153,-0.14808,-0.0444,spy_2020_2022.csv,1853220
SPY,2020-07-01,2020-07-01T16:00:00-04:00,310.6,2020-07-22,21.0,0.057534246575342465,297.0,call,16.62,16.71,16.25,1,,0.27742,0.75364,0.01495,0.24028,-0.1472,0.11415,spy_2020_2022.csv,1853221
SPY,2020-07-01,2020-07-01T16:00:00-04:00,310.6,2020-07-22,21.0,0.057534246575342465,297.0,put,3.08,3.13,2.94,24,,0.2729,-0.24351,0.01509,0.2392,-0.15061,-0.04767,spy_2020_2022.csv,1853221
SPY,2020-07-01,2020-07-01T16:00:00-04:00,310.6,2020-07-22,21.0,0.057534246575342465,298.0,call,15.87,15.92,16.21,1,,0.27638,0.73863,0.01548,0.24798,-0.15201,0.11336,spy_2020_2022.csv,1853222
SPY,2020-07-01,2020-07-01T16:00:00-04:00,310.6,2020-07-22,21.0,0.057534246575342465,298.0,put,3.2,3.33,3.12,189,,0.2685,-0.25649,0.01575,0.2451,-0.15221,-0.04998,spy_2020_2022.csv,1853222
SPY,2020-07-01,2020-07-01T16:00:00-04:00,310.6,2020-07-22,21.0,0.057534246575342465,299.0,call,15.02,15.1,15.56,2,,0.27052,0.72528,0.0162,0.25372,-0.15199,0.11265,spy_2020_2022.csv,1853223
SPY,2020-07-01,2020-07-01T16:00:00-04:00,310.6,2020-07-22,21.0,0.057534246575342465,299.0,put,3.43,3.47,3.34,182,,0.26448,-0.27025,0.01642,0.25178,-0.15525,-0.05239,spy_2020_2022.csv,1853223
SPY,2020-07-01,2020-07-01T16:00:00-04:00,310.6,2020-07-22,21.0,0.057534246575342465,300.0,call,14.23,14.36,15.01,6,,0.26759,0.71012,0.01674,0.2603,-0.15571,0.11165,spy_2020_2022.csv,1853224
SPY,2020-07-01,2020-07-01T16:00:00-04:00,310.6,2020-07-22,21.0,0.057534246575342465,300.0,put,3.67,3.71,3.58,214,,0.26157,-0.28653,0.01699,0.25876,-0.15766,-0.05592,spy_2020_2022.csv,1853224
SPY,2020-07-01,2020-07-01T16:00:00-04:00,310.6,2020-07-22,21.0,0.057534246575342465,301.0,call,13.46,13.56,13.39,2,,0.26353,0.69467,0.01739,0.26695,-0.15685,0.11075,spy_2020_2022.csv,1853225
SPY,2020-07-01,2020-07-01T16:00:00-04:00,310.6,2020-07-22,21.0,0.057534246575342465,301.0,put,3.85,3.89,3.72,20,,0.25672,-0.30109,0.0178,0.26564,-0.15806,-0.05884,spy_2020_2022.csv,1853225
SPY,2020-07-01,2020-07-01T16:00:00-04:00,310.6,2020-07-22,21.0,0.057534246575342465,302.0,call,12.7,12.75,13.11,23,,0.25991,0.67951,0.01807,0.27292,-0.15786,0.10957,spy_2020_2022.csv,1853226
SPY,2020-07-01,2020-07-01T16:00:00-04:00,310.6,2020-07-22,21.0,0.057534246575342465,302.0,put,4.12,4.15,4.05,17,,0.25444,-0.31734,0.01837,0.27165,-0.16104,-0.06241,spy_2020_2022.csv,1853226
SPY,2020-07-01,2020-07-01T16:00:00-04:00,310.6,2020-07-22,21.0,0.057534246575342465,303.0,call,11.23,12.54,12.11,1,,0.25242,0.66414,0.01901,0.27808,-0.1571,0.108,spy_2020_2022.csv,1853227
SPY,2020-07-01,2020-07-01T16:00:00-04:00,310.6,2020-07-22,21.0,0.057534246575342465,303.0,put,4.38,4.4,4.04,30,,0.25021,-0.33492,0.01904,0.27776,-0.16225,-0.06571,spy_2020_2022.csv,1853227
SPY,2020-07-01,2020-07-01T16:00:00-04:00,310.6,2020-07-22,21.0,0.057534246575342465,304.0,call,11.19,11.28,11.35,57,,0.25164,0.64456,0.01943,0.28389,-0.16017,0.10641,spy_2020_2022.csv,1853228
SPY,2020-07-01,2020-07-01T16:00:00-04:00,310.6,2020-07-22,21.0,0.057534246575342465,304.0,put,4.57,4.61,4.5,3,,0.24411,-0.35196,0.01995,0.28293,-0.16089,-0.06817,spy_2020_2022.csv,1853228
SPY,2020-07-01,2020-07-01T16:00:00-04:00,310.6,2020-07-22,21.0,0.057534246575342465,305.0,call,10.34,10.54,10.76,9,,0.2457,0.62751,0.02025,0.28845,-0.15862,0.10452,spy_2020_2022.csv,1853229
SPY,2020-07-01,2020-07-01T16:00:00-04:00,310.6,2020-07-22,21.0,0.057534246575342465,305.0,put,4.82,4.86,4.82,5,,0.24041,-0.37121,0.02062,0.28791,-0.16147,-0.07245,spy_2020_2022.csv,1853229
SPY,2020-07-01,2020-07-01T16:00:00-04:00,310.6,2020-07-22,21.0,0.057534246575342465,306.0,call,9.69,9.76,10.23,22,,0.24124,0.60736,0.02088,0.29269,-0.15837,0.1019,spy_2020_2022.csv,1853230
SPY,2020-07-01,2020-07-01T16:00:00-04:00,310.6,2020-07-22,21.0,0.057534246575342465,306.0,put,5.14,5.18,5.06,18,,0.23753,-0.39062,0.02125,0.29242,-0.16261,-0.07582,spy_2020_2022.csv,1853230
SPY,2020-07-01,2020-07-01T16:00:00-04:00,310.6,2020-07-22,21.0,0.057534246575342465,307.0,call,9.02,9.12,9.24,5,,0.23908,0.58729,0.02141,0.297,-0.15872,0.09918,spy_2020_2022.csv,1853231
SPY,2020-07-01,2020-07-01T16:00:00-04:00,310.6,2020-07-22,21.0,0.057534246575342465,307.0,put,5.44,5.5,5.36,4,,0.23391,-0.41193,0.02186,0.29669,-0.16158,-0.08019,spy_2020_2022.csv,1853231
SPY,2020-07-01,2020-07-01T16:00:00-04:00,310.6,2020-07-22,21.0,0.057534246575342465,308.0,call,8.33,8.45,7.9,11,,0.23464,0.56599,0.02201,0.29945,-0.15737,0.09662,spy_2020_2022.csv,1853232
SPY,2020-07-01,2020-07-01T16:00:00-04:00,310.6,2020-07-22,21.0,0.057534246575342465,308.0,put,5.77,5.83,5.78,122,,0.22982,-0.43254,0.02238,0.29963,-0.16186,-0.08491,spy_2020_2022.csv,1853232
SPY,2020-07-01,2020-07-01T16:00:00-04:00,310.6,2020-07-22,21.0,0.057534246575342465,309.0,call,7.64,7.68,7.7,40,,0.22791,0.54485,0.02284,0.30207,-0.15428,0.09334,spy_2020_2022.csv,1853233
SPY,2020-07-01,2020-07-01T16:00:00-04:00,310.6,2020-07-22,21.0,0.057534246575342465,309.0,put,6.11,6.17,6.01,30,,0.22515,-0.45517,0.02304,0.30163,-0.15976,-0.08874,spy_2020_2022.csv,1853233
SPY,2020-07-01,2020-07-01T16:00:00-04:00,310.6,2020-07-22,21.0,0.057534246575342465,310.0,call,7.0,7.08,7.07,113,,0.2239,0.52148,0.02341,0.30374,-0.15335,0.08978,spy_2020_2022.csv,1853234
SPY,2020-07-01,2020-07-01T16:00:00-04:00,310.6,2020-07-22,21.0,0.057534246575342465,310.0,put,6.47,6.55,5.98,164,,0.22191,-0.47805,0.02366,0.30306,-0.15783,-0.09344,spy_2020_2022.csv,1853234
SPY,2020-07-01,2020-07-01T16:00:00-04:00,310.6,2020-07-22,21.0,0.057534246575342465,311.0,call,6.44,6.49,6.46,253,,0.22098,0.49768,0.02363,0.30407,-0.15154,0.08636,spy_2020_2022.csv,1853235
SPY,2020-07-01,2020-07-01T16:00:00-04:00,310.6,2020-07-22,21.0,0.057534246575342465,311.0,put,6.26,7.44,6.66,31,,0.21532,-0.50309,0.02419,0.30442,-0.15456,-0.09848,spy_2020_2022.csv,1853235
SPY,2020-07-01,2020-07-01T16:00:00-04:00,310.6,2020-07-22,21.0,0.057534246575342465,312.0,call,5.77,5.85,6.44,55,,0.21552,0.47246,0.02423,0.30326,-0.14646,0.08287,spy_2020_2022.csv,1853236
SPY,2020-07-01,2020-07-01T16:00:00-04:00,310.6,2020-07-22,21.0,0.057534246575342465,312.0,put,7.24,7.39,6.85,28,,0.21414,-0.5276,0.02443,0.30311,-0.15295,-0.10325,spy_2020_2022.csv,1853236
SPY,2020-07-01,2020-07-01T16:00:00-04:00,310.6,2020-07-22,21.0,0.057534246575342465,313.0,call,5.32,5.38,5.87,86,,0.21417,0.44885,0.02419,0.30113,-0.14512,0.07911,spy_2020_2022.csv,1853237
SPY,2020-07-01,2020-07-01T16:00:00-04:00,310.6,2020-07-22,21.0,0.057534246575342465,313.0,put,7.66,7.72,7.37,7,,0.20708,-0.55383,0.02496,0.30126,-0.14713,-0.10791,spy_2020_2022.csv,1853237
SPY,2020-07-01,2020-07-01T16:00:00-04:00,310.6,2020-07-22,21.0,0.057534246575342465,314.0,call,4.76,4.82,4.93,45,,0.20935,0.42278,0.02454,0.29861,-0.14062,0.07434,spy_2020_2022.csv,1853238
SPY,2020-07-01,2020-07-01T16:00:00-04:00,310.6,2020-07-22,21.0,0.057534246575342465,314.0,put,8.23,8.29,7.96,31,,0.20682,-0.57832,0.02475,0.29799,-0.1463,-0.11285,spy_2020_2022.csv,1853238
SPY,2020-07-01,2020-07-01T16:00:00-04:00,310.6,2020-07-22,21.0,0.057534246575342465,315.0,call,4.25,4.31,4.71,45,,0.20541,0.39633,0.02452,0.29372,-0.13583,0.07065,spy_2020_2022.csv,1853239
SPY,2020-07-01,2020-07-01T16:00:00-04:00,310.6,2020-07-22,21.0,0.057534246575342465,315.0,put,8.64,8.84,8.41,7,,0.20274,-0.60557,0.02497,0.29317,-0.1403,-0.11885,spy_2020_2022.csv,1853239
SPY,2020-07-01,2020-07-01T16:00:00-04:00,310.6,2020-07-22,21.0,0.057534246575342465,316.0,call,3.79,3.85,4.15,53,,0.20274,0.36955,0.02448,0.28753,-0.13082,0.0658,spy_2020_2022.csv,1853240
SPY,2020-07-01,2020-07-01T16:00:00-04:00,310.6,2020-07-22,21.0,0.057534246575342465,316.0,put,9.16,9.22,8.69,4,,0.19596,-0.63479,0.02511,0.2862,-0.13367,-0.12473,spy_2020_2022.csv,1853240
SPY,2020-07-01,2020-07-01T16:00:00-04:00,310.6,2020-07-22,21.0,0.057534246575342465,317.0,call,3.36,3.41,3.39,266,,0.19886,0.34361,0.02423,0.27999,-0.12517,0.06138,spy_2020_2022.csv,1853241
SPY,2020-07-01,2020-07-01T16:00:00-04:00,310.6,2020-07-22,21.0,0.057534246575342465,317.0,put,9.83,9.91,9.61,30,,0.19598,-0.65825,0.02451,0.28008,-0.13069,-0.12876,spy_2020_2022.csv,1853241
SPY,2020-07-01,2020-07-01T16:00:00-04:00,310.6,2020-07-22,21.0,0.057534246575342465,318.0,call,2.97,3.01,3.14,130,,0.19611,0.31694,0.02389,0.27137,-0.11978,0.05686,spy_2020_2022.csv,1853242
SPY,2020-07-01,2020-07-01T16:00:00-04:00,310.6,2020-07-22,21.0,0.057534246575342465,318.0,put,10.31,10.38,13.31,0,,0.18851,-0.68997,0.02453,0.26842,-0.12102,-0.13514,spy_2020_2022.csv,1853242
SPY,2020-07-01,2020-07-01T16:00:00-04:00,310.6,2020-07-22,21.0,0.057534246575342465,319.0,call,2.58,2.63,3.02,216,,0.19285,0.29017,0.02341,0.2611,-0.11277,0.05256,spy_2020_2022.csv,1853243
SPY,2020-07-01,2020-07-01T16:00:00-04:00,310.6,2020-07-22,21.0,0.057534246575342465,319.0,put,11.02,11.12,11.14,10,,0.18883,-0.71297,0.02366,0.25911,-0.11701,-0.14047,spy_2020_2022.csv,1853243
SPY,2020-07-01,2020-07-01T16:00:00-04:00,310.6,2020-07-22,21.0,0.057534246575342465,320.0,call,2.3,2.33,2.66,74,,0.191,0.26647,0.0226,0.25095,-0.10769,0.04781,spy_2020_2022.csv,1853244
SPY,2020-07-01,2020-07-01T16:00:00-04:00,310.6,2020-07-22,21.0,0.057534246575342465,320.0,put,11.11,12.43,18.22,1,,0.18656,-0.73836,0.02282,0.24821,-0.11155,-0.14493,spy_2020_2022.csv,1853244
SPY,2020-07-01,2020-07-01T16:00:00-04:00,310.6,2020-07-22,21.0,0.057534246575342465,321.0,call,1.98,2.01,2.33,223,,0.18838,0.24095,0.02181,0.23773,-0.10055,0.0439,spy_2020_2022.csv,1853245
SPY,2020-07-01,2020-07-01T16:00:00-04:00,310.6,2020-07-22,21.0,0.057534246575342465,321.0,put,12.24,12.47,12.59,1,,0.17942,-0.76917,0.02217,0.23187,-0.10072,-0.15127,spy_2020_2022.csv,1853245
SPY,2020-07-01,2020-07-01T16:00:00-04:00,310.6,2020-07-22,21.0,0.057534246575342465,322.0,call,1.73,1.75,2.04,18,,0.18651,0.21837,0.02077,0.22519,-0.09407,0.0396,spy_2020_2022.csv,1853246
SPY,2020-07-01,2020-07-01T16:00:00-04:00,310.6,2020-07-22,21.0,0.057534246575342465,322.0,put,13.1,13.22,0.0,,,0.17971,-0.78954,0.02097,0.22064,-0.09599,-0.15573,spy_2020_2022.csv,1853246
SPY,2020-07-01,2020-07-01T16:00:00-04:00,310.6,2020-07-22,21.0,0.057534246575342465,323.0,call,1.52,1.54,1.72,55,,0.18508,0.19839,0.01964,0.21233,-0.08866,0.03636,spy_2020_2022.csv,1853247
SPY,2020-07-01,2020-07-01T16:00:00-04:00,310.6,2020-07-22,21.0,0.057534246575342465,323.0,put,13.87,14.13,17.16,0,,0.1815,-0.80708,0.0198,0.20908,-0.09199,-0.15957,spy_2020_2022.csv,1853247
SPY,2020-07-01,2020-07-01T16:00:00-04:00,310.6,2020-07-22,21.0,0.057534246575342465,324.0,call,1.29,1.33,1.39,17,,0.18343,0.17709,0.01852,0.19839,-0.08107,0.03175,spy_2020_2022.csv,1853248
SPY,2020-07-01,2020-07-01T16:00:00-04:00,310.6,2020-07-22,21.0,0.057534246575342465,324.0,put,14.66,14.92,0.0,,,0.17899,-0.82877,0.01863,0.19381,-0.08487,-0.16405,spy_2020_2022.csv,1853248
SPY,2020-07-01,2020-07-01T16:00:00-04:00,310.6,2020-07-22,21.0,0.057534246575342465,325.0,call,1.14,1.17,1.27,66,,0.18335,0.15982,0.01741,0.18617,-0.07621,0.02907,spy_2020_2022.csv,1853249
SPY,2020-07-01,2020-07-01T16:00:00-04:00,310.6,2020-07-22,21.0,0.057534246575342465,325.0,put,15.4,15.65,0.0,,,0.17332,-0.8546,0.01728,0.17427,-0.0744,-0.16915,spy_2020_2022.csv,1853249
SPY,2020-07-01,2020-07-01T16:00:00-04:00,310.6,2020-07-22,21.0,0.057534246575342465,326.0,call,0.97,1.02,1.14,4,,0.18277,0.14279,0.01616,0.17239,-0.07,0.0255,spy_2020_2022.csv,1853250
SPY,2020-07-01,2020-07-01T16:00:00-04:00,310.6,2020-07-22,21.0,0.057534246575342465,326.0,put,16.3,16.57,20.31,1,,0.17523,-0.8667,0.01597,0.16364,-0.07165,-0.17194,spy_2020_2022.csv,1853250
SPY,2020-07-01,2020-07-01T16:00:00-04:00,310.6,2020-07-22,21.0,0.057534246575342465,327.0,call,0.85,0.87,0.88,785,,0.18156,0.12711,0.015,0.15915,-0.06477,0.02293,spy_2020_2022.csv,1853251
SPY,2020-07-01,2020-07-01T16:00:00-04:00,310.6,2020-07-22,21.0,0.057534246575342465,327.0,put,17.16,17.51,0.0,,,0.17594,-0.88019,0.01478,0.15196,-0.06629,-0.17541,spy_2020_2022.csv,1853251
SPY,2020-07-01,2020-07-01T16:00:00-04:00,310.6,2020-07-22,21.0,0.057534246575342465,328.0,call,0.74,0.76,0.8,12,,0.18208,0.11359,0.01386,0.14673,-0.05958,0.02109,spy_2020_2022.csv,1853252
SPY,2020-07-01,2020-07-01T16:00:00-04:00,310.6,2020-07-22,21.0,0.057534246575342465,328.0,put,17.96,18.33,20.27,1,,0.17025,-0.90251,0.01325,0.13191,-0.05671,-0.1792,spy_2020_2022.csv,1853252
SPY,2020-07-01,2020-07-01T16:00:00-04:00,310.6,2020-07-22,21.0,0.057534246575342465,329.0,call,0.65,0.67,0.76,31,,0.18348,0.10214,0.01276,0.13683,-0.05577,0.01917,spy_2020_2022.csv,1853253
SPY,2020-07-01,2020-07-01T16:00:00-04:00,310.6,2020-07-22,21.0,0.057534246575342465,329.0,put,18.92,19.29,20.1,5,,0.17419,-0.9093,0.01226,0.12481,-0.055,-0.18123,spy_2020_2022.csv,1853253
SPY,2020-07-01,2020-07-01T16:00:00-04:00,310.6,2020-07-22,21.0,0.057534246575342465,330.0,call,0.59,0.59,0.67,48,,0.18415,0.09209,0.01174,0.12607,-0.05191,0.01646,spy_2020_2022.csv,1853254
SPY,2020-07-01,2020-07-01T16:00:00-04:00,310.6,2020-07-22,21.0,0.057534246575342465,330.0,put,19.87,20.25,23.78,30,,0.17667,-0.91759,0.01125,0.11673,-0.05242,-0.18373,spy_2020_2022.csv,1853254
SPY,2020-07-01,2020-07-01T16:00:00-04:00,310.6,2020-07-22,21.0,0.057534246575342465,331.0,call,0.52,0.52,0.53,9,,0.18481,0.08148,0.01078,0.11583,-0.04774,0.0149,spy_2020_2022.csv,1853255
SPY,2020-07-01,2020-07-01T16:00:00-04:00,310.6,2020-07-22,21.0,0.057534246575342465,331.0,put,20.75,21.15,0.0,,,0.17353,-0.93135,0.00997,0.10155,-0.04573,-0.18651,spy_2020_2022.csv,1853255
SPY,2020-07-01,2020-07-01T16:00:00-04:00,310.6,2020-07-22,21.0,0.057534246575342465,332.0,call,0.45,0.47,0.5,6,,0.18609,0.0733,0.00983,0.10627,-0.0441,0.01369,spy_2020_2022.csv,1853256
SPY,2020-07-01,2020-07-01T16:00:00-04:00,310.6,2020-07-22,21.0,0.057534246575342465,332.0,put,21.6,21.99,0.0,,,0.16114,-0.95215,0.00797,0.07556,-0.03398,-0.19175,spy_2020_2022.csv,1853256
SPY,2020-07-01,2020-07-01T16:00:00-04:00,310.6,2020-07-22,21.0,0.057534246575342465,333.0,call,0.4,0.41,0.41,5,,0.1871,0.06648,0.009,0.09867,-0.04086,0.01164,spy_2020_2022.csv,1853257
SPY,2020-07-01,2020-07-01T16:00:00-04:00,310.6,2020-07-22,21.0,0.057534246575342465,333.0,put,22.6,23.09,0.0,,,0.17418,-0.94639,0.00813,0.08215,-0.03885,-0.19098,spy_2020_2022.csv,1853257
SPY,2020-07-01,2020-07-01T16:00:00-04:00,310.6,2020-07-22,21.0,0.057534246575342465,334.0,call,0.36,0.36,0.4,11,,0.18735,0.05884,0.00817,0.08959,-0.03675,0.01046,spy_2020_2022.csv,1853258
SPY,2020-07-01,2020-07-01T16:00:00-04:00,310.6,2020-07-22,21.0,0.057534246575342465,334.0,put,23.65,24.61,0.0,,,0.20875,-0.91936,0.0094,0.11399,-0.06,-0.1861,spy_2020_2022.csv,1853258
SPY,2020-07-01,2020-07-01T16:00:00-04:00,310.6,2020-07-22,21.0,0.057534246575342465,335.0,call,0.31,0.32,0.34,172,,0.18981,0.05358,0.00753,0.08431,-0.03504,0.01017,spy_2020_2022.csv,1853259
SPY,2020-07-01,2020-07-01T16:00:00-04:00,310.6,2020-07-22,21.0,0.057534246575342465,335.0,put,24.62,25.03,0.0,,,0.18235,-0.95291,0.00709,0.07575,-0.03713,-0.19291,spy_2020_2022.csv,1853259
SPY,2020-07-01,2020-07-01T16:00:00-04:00,310.6,2020-07-22,21.0,0.057534246575342465,336.0,call,0.28,0.28,0.32,2,,0.19112,0.04764,0.00682,0.07631,-0.03202,0.00863,spy_2020_2022.csv,1853260
SPY,2020-07-01,2020-07-01T16:00:00-04:00,310.6,2020-07-22,21.0,0.057534246575342465,336.0,put,25.58,26.0,0.0,,,0.18268,-0.95901,0.00627,0.06706,-0.03443,-0.19462,spy_2020_2022.csv,1853260
SPY,2020-07-01,2020-07-01T16:00:00-04:00,310.6,2020-07-22,21.0,0.057534246575342465,337.0,call,0.25,0.26,0.0,,,0.19267,0.04313,0.00628,0.07083,-0.02968,0.00786,spy_2020_2022.csv,1853261
SPY,2020-07-01,2020-07-01T16:00:00-04:00,310.6,2020-07-22,21.0,0.057534246575342465,337.0,put,26.55,26.97,0.0,,,0.18408,-0.96268,0.00571,0.06174,-0.03167,-0.19599,spy_2020_2022.csv,1853261
SPY,2020-07-01,2020-07-01T16:00:00-04:00,310.6,2020-07-22,21.0,0.057534246575342465,338.0,call,0.23,0.24,0.26,20,,0.19492,0.03951,0.00574,0.06632,-0.02832,0.00697,spy_2020_2022.csv,1853262
SPY,2020-07-01,2020-07-01T16:00:00-04:00,310.6,2020-07-22,21.0,0.057534246575342465,338.0,put,27.55,27.95,0.0,,,0.18745,-0.96629,0.00525,0.05717,-0.03025,-0.19768,spy_2020_2022.csv,1853262
SPY,2020-07-01,2020-07-01T16:00:00-04:00,310.6,2020-07-22,21.0,0.057534246575342465,339.0,call,0.21,0.2,0.16,0,,0.19625,0.03487,0.00524,0.06014,-0.02561,0.00677,spy_2020_2022.csv,1853263
SPY,2020-07-01,2020-07-01T16:00:00-04:00,310.6,2020-07-22,21.0,0.057534246575342465,339.0,put,28.51,28.91,0.0,,,0.18568,-0.97186,0.00452,0.04933,-0.02731,-0.1994,spy_2020_2022.csv,1853263
SPY,2020-07-01,2020-07-01T16:00:00-04:00,310.6,2020-07-22,21.0,0.057534246575342465,340.0,call,0.18,0.19,0.17,0,,0.19729,0.03175,0.00477,0.05522,-0.02358,0.00602,spy_2020_2022.csv,1853264
SPY,2020-07-01,2020-07-01T16:00:00-04:00,310.6,2020-07-22,21.0,0.057534246575342465,340.0,put,29.48,29.9,0.0,,,0.18703,-0.97449,0.00417,0.0459,-0.02526,-0.20005,spy_2020_2022.csv,1853264
SPY,2020-07-01,2020-07-01T16:00:00-04:00,310.6,2020-07-22,21.0,0.057534246575342465,341.0,call,0.15,0.17,0.0,,,0.19916,0.02887,0.00428,0.05005,-0.02152,0.00546,spy_2020_2022.csv,1853265
SPY,2020-07-01,2020-07-01T16:00:00-04:00,310.6,2020-07-22,21.0,0.057534246575342465,341.0,put,30.47,30.87,0.0,,,0.18659,-0.97775,0.00356,0.03907,-0.02252,-0.20163,spy_2020_2022.csv,1853265
SPY,2020-07-01,2020-07-01T16:00:00-04:00,310.6,2020-07-22,21.0,0.057534246575342465,345.0,call,0.1,0.12,0.12,,,0.20405,0.01907,0.00298,0.03512,-0.01588,0.00331,spy_2020_2022.csv,1853266
SPY,2020-07-01,2020-07-01T16:00:00-04:00,310.6,2020-07-22,21.0,0.057534246575342465,345.0,put,34.35,34.69,0.0,,,0.00051,-0.99951,0.0,0.0,-0.00765,-0.20797,spy_2020_2022.csv,1853266
SPY,2020-07-01,2020-07-01T16:00:00-04:00,310.6,2020-07-22,21.0,0.057534246575342465,350.0,call,0.07,0.07,0.09,1,,0.21304,0.01173,0.00188,0.02357,-0.01027,0.00206,spy_2020_2022.csv,1853267
SPY,2020-07-01,2020-07-01T16:00:00-04:00,310.6,2020-07-22,21.0,0.057534246575342465,350.0,put,39.23,39.72,0.0,,,0.00024,-0.99958,0.0,0.0,-0.00676,-0.21092,spy_2020_2022.csv,1853267
SPY,2020-07-01,2020-07-01T16:00:00-04:00,310.6,2020-07-22,21.0,0.057534246575342465,355.0,call,0.04,0.04,0.05,1,,0.22449,0.00787,0.00126,0.01726,-0.00762,0.00169,spy_2020_2022.csv,1853268
SPY,2020-07-01,2020-07-01T16:00:00-04:00,310.6,2020-07-22,21.0,0.057534246575342465,355.0,put,44.21,44.68,0.0,,,0.00086,-1.0,0.0,1.59322,0.0,0.0,spy_2020_2022.csv,1853268
SPY,2020-07-01,2020-07-01T16:00:00-04:00,310.6,2020-07-22,21.0,0.057534246575342465,360.0,call,0.02,0.03,0.04,1,,0.22995,0.00513,0.00077,0.01069,-0.00505,0.00131,spy_2020_2022.csv,1853269
SPY,2020-07-01,2020-07-01T16:00:00-04:00,310.6,2020-07-22,21.0,0.057534246575342465,360.0,put,49.17,49.67,0.0,,,0.00062,-0.9996,0.0,0.0,-0.00743,-0.21636,spy_2020_2022.csv,1853269
SPY,2020-07-01,2020-07-01T16:00:00-04:00,310.6,2020-07-22,21.0,0.057534246575342465,365.0,call,0.01,0.03,0.03,1,,0.249,0.00485,0.00066,0.01004,-0.00489,0.00078,spy_2020_2022.csv,1853270
SPY,2020-07-01,2020-07-01T16:00:00-04:00,310.6,2020-07-22,21.0,0.057534246575342465,365.0,put,54.31,54.72,0.0,,,0.00029,-0.99945,0.0,0.0,-0.00699,-0.22026,spy_2020_2022.csv,1853270
SPY,2020-07-01,2020-07-01T16:00:00-04:00,310.6,2020-07-22,21.0,0.057534246575342465,370.0,call,0.02,0.01,0.03,2,,0.25336,0.00298,0.00043,0.00657,-0.00315,0.00054,spy_2020_2022.csv,1853271
SPY,2020-07-01,2020-07-01T16:00:00-04:00,310.6,2020-07-22,21.0,0.057534246575342465,370.0,put,59.29,59.72,0.0,,,0.0001,-1.0,0.0,1.59286,0.0,0.0,spy_2020_2022.csv,1853271
SPY,2020-07-01,2020-07-01T16:00:00-04:00,310.6,2020-07-22,21.0,0.057534246575342465,375.0,call,0.0,0.02,0.02,19,,0.27138,0.003,0.00036,0.00619,-0.00375,0.00036,spy_2020_2022.csv,1853272
SPY,2020-07-01,2020-07-01T16:00:00-04:00,310.6,2020-07-22,21.0,0.057534246575342465,375.0,put,64.26,64.68,0.0,,,0.00067,-0.99989,0.0,0.0,-0.00694,-0.22619,spy_2020_2022.csv,1853272
SPY,2020-07-01,2020-07-01T16:00:00-04:00,310.6,2020-08-21,51.0,0.13972602739726028,210.0,call,100.47,101.56,92.6,1,,0.66847,0.91474,0.00027,0.1382,-0.08775,0.04774,spy_2020_2022.csv,1853903
SPY,2020-07-01,2020-07-01T16:00:00-04:00,310.6,2020-08-21,51.0,0.13972602739726028,210.0,put,0.41,0.43,0.43,255,,0.51891,-0.01813,0.00072,0.05214,-0.02533,-0.00899,spy_2020_2022.csv,1853903
SPY,2020-07-01,2020-07-01T16:00:00-04:00,310.6,2020-08-21,51.0,0.13972602739726028,215.0,call,95.32,96.62,90.14,489,,0.61995,0.91741,0.00023,0.13627,-0.08009,0.04838,spy_2020_2022.csv,1853904
SPY,2020-07-01,2020-07-01T16:00:00-04:00,310.6,2020-08-21,51.0,0.13972602739726028,215.0,put,0.47,0.48,0.46,292,,0.50037,-0.02045,0.00083,0.05867,-0.02722,-0.00943,spy_2020_2022.csv,1853904
SPY,2020-07-01,2020-07-01T16:00:00-04:00,310.6,2020-08-21,51.0,0.13972602739726028,220.0,call,90.83,91.42,83.12,1,,0.58767,0.91827,0.0004,0.13843,-0.07745,0.06047,spy_2020_2022.csv,1853905
SPY,2020-07-01,2020-07-01T16:00:00-04:00,310.6,2020-08-21,51.0,0.13972602739726028,220.0,put,0.53,0.54,0.52,425,,0.48273,-0.02384,0.00098,0.06589,-0.03018,-0.01156,spy_2020_2022.csv,1853905
SPY,2020-07-01,2020-07-01T16:00:00-04:00,310.6,2020-08-21,51.0,0.13972602739726028,221.0,call,89.75,90.33,72.0,4,,0.57292,0.91953,0.00042,0.1372,-0.07421,0.0562,spy_2020_2022.csv,1853906
SPY,2020-07-01,2020-07-01T16:00:00-04:00,310.6,2020-08-21,51.0,0.13972602739726028,221.0,put,0.54,0.56,0.61,10,,0.47837,-0.02433,0.00105,0.06738,-0.03006,-0.01164,spy_2020_2022.csv,1853906
SPY,2020-07-01,2020-07-01T16:00:00-04:00,310.6,2020-08-21,51.0,0.13972602739726028,222.0,call,88.8,89.31,82.28,20,,0.56569,0.9198,0.0004,0.1371,-0.07329,0.0579,spy_2020_2022.csv,1853907
SPY,2020-07-01,2020-07-01T16:00:00-04:00,310.6,2020-08-21,51.0,0.13972602739726028,222.0,put,0.55,0.57,0.58,7,,0.47602,-0.02491,0.00109,0.0695,-0.03074,-0.01195,spy_2020_2022.csv,1853907
SPY,2020-07-01,2020-07-01T16:00:00-04:00,310.6,2020-08-21,51.0,0.13972602739726028,223.0,call,87.79,88.3,83.47,448,,0.55818,0.92089,0.00048,0.1375,-0.07295,0.05868,spy_2020_2022.csv,1853908
SPY,2020-07-01,2020-07-01T16:00:00-04:00,310.6,2020-08-21,51.0,0.13972602739726028,223.0,put,0.57,0.58,0.6,159,,0.47219,-0.02536,0.00105,0.07084,-0.03199,-0.01196,spy_2020_2022.csv,1853908
SPY,2020-07-01,2020-07-01T16:00:00-04:00,310.6,2020-08-21,51.0,0.13972602739726028,224.0,call,86.82,87.38,81.48,340,,0.5534,0.92086,0.00049,0.13828,-0.07265,0.06282,spy_2020_2022.csv,1853909
SPY,2020-07-01,2020-07-01T16:00:00-04:00,310.6,2020-08-21,51.0,0.13972602739726028,224.0,put,0.6,0.6,0.58,248,,0.469,-0.02657,0.00114,0.07215,-0.03239,-0.01289,spy_2020_2022.csv,1853909
SPY,2020-07-01,2020-07-01T16:00:00-04:00,310.6,2020-08-21,51.0,0.13972602739726028,225.0,call,85.9,86.49,80.22,24,,0.55128,0.91955,0.00057,0.14045,-0.07292,0.06872,spy_2020_2022.csv,1853910
SPY,2020-07-01,2020-07-01T16:00:00-04:00,310.6,2020-08-21,51.0,0.13972602739726028,225.0,put,0.6,0.61,0.61,269,,0.46497,-0.02758,0.00114,0.07438,-0.03226,-0.01313,spy_2020_2022.csv,1853910
SPY,2020-07-01,2020-07-01T16:00:00-04:00,310.6,2020-08-21,51.0,0.13972602739726028,226.0,call,84.82,85.33,76.01,2,,0.53483,0.92203,0.00051,0.13712,-0.06924,0.06228,spy_2020_2022.csv,1853911
SPY,2020-07-01,2020-07-01T16:00:00-04:00,310.6,2020-08-21,51.0,0.13972602739726028,226.0,put,0.62,0.63,0.66,1,,0.46274,-0.02782,0.00123,0.07569,-0.03306,-0.01287,spy_2020_2022.csv,1853911
SPY,2020-07-01,2020-07-01T16:00:00-04:00,310.6,2020-08-21,51.0,0.13972602739726028,227.0,call,83.94,84.52,0.0,,,0.53726,0.92083,0.00067,0.14095,-0.07169,0.07231,spy_2020_2022.csv,1853912
SPY,2020-07-01,2020-07-01T16:00:00-04:00,310.6,2020-08-21,51.0,0.13972602739726028,227.0,put,0.65,0.65,0.66,23,,0.45902,-0.02901,0.00126,0.07838,-0.03402,-0.01415,spy_2020_2022.csv,1853912
SPY,2020-07-01,2020-07-01T16:00:00-04:00,310.6,2020-08-21,51.0,0.13972602739726028,228.0,call,82.84,83.41,76.97,2,,0.52202,0.92186,0.00057,0.13894,-0.06845,0.06752,spy_2020_2022.csv,1853913
SPY,2020-07-01,2020-07-01T16:00:00-04:00,310.6,2020-08-21,51.0,0.13972602739726028,228.0,put,0.66,0.67,0.67,1,,0.45601,-0.03046,0.00126,0.08036,-0.03525,-0.01389,spy_2020_2022.csv,1853913
SPY,2020-07-01,2020-07-01T16:00:00-04:00,310.6,2020-08-21,51.0,0.13972602739726028,229.0,call,81.89,82.4,76.01,2,,0.51533,0.92224,0.00054,0.13923,-0.06796,0.06944,spy_2020_2022.csv,1853914
SPY,2020-07-01,2020-07-01T16:00:00-04:00,310.6,2020-08-21,51.0,0.13972602739726028,229.0,put,0.68,0.68,0.66,34,,0.45255,-0.03066,0.00132,0.0817,-0.03524,-0.0144,spy_2020_2022.csv,1853914
SPY,2020-07-01,2020-07-01T16:00:00-04:00,310.6,2020-08-21,51.0,0.13972602739726028,230.0,call,80.87,81.48,73.84,1,,0.51063,0.92189,0.00067,0.14003,-0.06798,0.07329,spy_2020_2022.csv,1853915
SPY,2020-07-01,2020-07-01T16:00:00-04:00,310.6,2020-08-21,51.0,0.13972602739726028,230.0,put,0.69,0.7,0.7,194,,0.4488,-0.03186,0.00134,0.08354,-0.03619,-0.01493,spy_2020_2022.csv,1853915
SPY,2020-07-01,2020-07-01T16:00:00-04:00,310.6,2020-08-21,51.0,0.13972602739726028,231.0,call,79.94,80.46,72.9,1,,0.50477,0.92198,0.00069,0.13985,-0.06719,0.0754,spy_2020_2022.csv,1853916
SPY,2020-07-01,2020-07-01T16:00:00-04:00,310.6,2020-08-21,51.0,0.13972602739726028,231.0,put,0.71,0.73,0.75,112,,0.4459,-0.03261,0.0014,0.08636,-0.03686,-0.01526,spy_2020_2022.csv,1853916
SPY,2020-07-01,2020-07-01T16:00:00-04:00,310.6,2020-08-21,51.0,0.13972602739726028,232.0,call,78.96,79.52,64.24,3,,0.49975,0.92149,0.00076,0.14206,-0.06703,0.07967,spy_2020_2022.csv,1853917
SPY,2020-07-01,2020-07-01T16:00:00-04:00,310.6,2020-08-21,51.0,0.13972602739726028,232.0,put,0.73,0.74,0.75,34,,0.44273,-0.03349,0.00143,0.08828,-0.03674,-0.01601,spy_2020_2022.csv,1853917
SPY,2020-07-01,2020-07-01T16:00:00-04:00,310.6,2020-08-21,51.0,0.13972602739726028,233.0,call,77.98,78.55,62.55,1,,0.49428,0.92198,0.00083,0.14257,-0.06671,0.08226,spy_2020_2022.csv,1853918
SPY,2020-07-01,2020-07-01T16:00:00-04:00,310.6,2020-08-21,51.0,0.13972602739726028,233.0,put,0.76,0.77,0.82,1,,0.44083,-0.03535,0.00148,0.09076,-0.03826,-0.01648,spy_2020_2022.csv,1853918
SPY,2020-07-01,2020-07-01T16:00:00-04:00,310.6,2020-08-21,51.0,0.13972602739726028,234.0,call,77.03,77.53,0.0,,,0.48751,0.92249,0.00083,0.14266,-0.06563,0.08456,spy_2020_2022.csv,1853919
SPY,2020-07-01,2020-07-01T16:00:00-04:00,310.6,2020-08-21,51.0,0.13972602739726028,234.0,put,0.78,0.8,0.77,3,,0.43761,-0.03672,0.00155,0.09368,-0.03928,-0.01729,spy_2020_2022.csv,1853919
SPY,2020-07-01,2020-07-01T16:00:00-04:00,310.6,2020-08-21,51.0,0.13972602739726028,235.0,call,75.99,76.56,68.2,67,,0.4802,0.9225,0.00089,0.14321,-0.06441,0.0865,spy_2020_2022.csv,1853920
SPY,2020-07-01,2020-07-01T16:00:00-04:00,310.6,2020-08-21,51.0,0.13972602739726028,235.0,put,0.8,0.8,0.76,133,,0.43355,-0.0368,0.00157,0.09608,-0.03989,-0.01766,spy_2020_2022.csv,1853920
SPY,2020-07-01,2020-07-01T16:00:00-04:00,310.6,2020-08-21,51.0,0.13972602739726028,236.0,call,75.05,75.55,76.62,3,,0.47417,0.92183,0.00088,0.14358,-0.064,0.08898,spy_2020_2022.csv,1853921
SPY,2020-07-01,2020-07-01T16:00:00-04:00,310.6,2020-08-21,51.0,0.13972602739726028,236.0,put,0.83,0.85,0.86,15,,0.43157,-0.03881,0.00169,0.0988,-0.04027,-0.01848,spy_2020_2022.csv,1853921
SPY,2020-07-01,2020-07-01T16:00:00-04:00,310.6,2020-08-21,51.0,0.13972602739726028,237.0,call,74.06,74.62,70.49,1,,0.47011,0.92184,0.00092,0.1443,-0.06388,0.09286,spy_2020_2022.csv,1853922
SPY,2020-07-01,2020-07-01T16:00:00-04:00,310.6,2020-08-21,51.0,0.13972602739726028,237.0,put,0.85,0.86,0.86,6,,0.4285,-0.04029,0.00169,0.1013,-0.04155,-0.01839,spy_2020_2022.csv,1853922
SPY,2020-07-01,2020-07-01T16:00:00-04:00,310.6,2020-08-21,51.0,0.13972602739726028,238.0,call,73.09,73.65,70.87,2,,0.4648,0.92208,0.00104,0.14575,-0.06354,0.09578,spy_2020_2022.csv,1853923
SPY,2020-07-01,2020-07-01T16:00:00-04:00,310.6,2020-08-21,51.0,0.13972602739726028,238.0,put,0.88,0.89,0.87,4,,0.42527,-0.04152,0.00174,0.1034,-0.04239,-0.01911,spy_2020_2022.csv,1853923
SPY,2020-07-01,2020-07-01T16:00:00-04:00,310.6,2020-08-21,51.0,0.13972602739726028,239.0,call,72.21,72.83,68.81,2,,0.46672,0.9197,0.00121,0.15047,-0.06579,0.10539,spy_2020_2022.csv,1853924
SPY,2020-07-01,2020-07-01T16:00:00-04:00,310.6,2020-08-21,51.0,0.13972602739726028,239.0,put,0.91,0.91,0.91,12,,0.42128,-0.04199,0.00184,0.10608,-0.0427,-0.01967,spy_2020_2022.csv,1853924
SPY,2020-07-01,2020-07-01T16:00:00-04:00,310.6,2020-08-21,51.0,0.13972602739726028,240.0,call,71.21,71.7,71.9,1,,0.45608,0.92103,0.00113,0.14931,-0.06395,0.10366,spy_2020_2022.csv,1853925
SPY,2020-07-01,2020-07-01T16:00:00-04:00,310.6,2020-08-21,51.0,0.13972602739726028,240.0,put,0.94,0.95,0.95,776,,0.41967,-0.04378,0.00194,0.10965,-0.04346,-0.02106,spy_2020_2022.csv,1853925
SPY,2020-07-01,2020-07-01T16:00:00-04:00,310.6,2020-08-21,51.0,0.13972602739726028,241.0,call,70.29,70.9,71.66,1,,0.45897,0.91911,0.00133,0.15367,-0.06638,0.1137,spy_2020_2022.csv,1853926
SPY,2020-07-01,2020-07-01T16:00:00-04:00,310.6,2020-08-21,51.0,0.13972602739726028,241.0,put,0.97,0.97,0.98,122,,0.41698,-0.04581,0.00199,0.11235,-0.04482,-0.02166,spy_2020_2022.csv,1853926
SPY,2020-07-01,2020-07-01T16:00:00-04:00,310.6,2020-08-21,51.0,0.13972602739726028,242.0,call,69.2,69.75,70.02,1,,0.44367,0.92089,0.00127,0.15038,-0.06325,0.10855,spy_2020_2022.csv,1853927
SPY,2020-07-01,2020-07-01T16:00:00-04:00,310.6,2020-08-21,51.0,0.13972602739726028,242.0,put,1.0,1.01,1.04,3,,0.41449,-0.0475,0.00202,0.11538,-0.04533,-0.02196,spy_2020_2022.csv,1853927
SPY,2020-07-01,2020-07-01T16:00:00-04:00,310.6,2020-08-21,51.0,0.13972602739726028,243.0,call,68.29,68.76,63.35,1,,0.43964,0.92024,0.00135,0.15215,-0.06355,0.11362,spy_2020_2022.csv,1853928
SPY,2020-07-01,2020-07-01T16:00:00-04:00,310.6,2020-08-21,51.0,0.13972602739726028,243.0,put,1.04,1.05,1.04,41,,0.41159,-0.04901,0.00208,0.11883,-0.04691,-0.02361,spy_2020_2022.csv,1853928
SPY,2020-07-01,2020-07-01T16:00:00-04:00,310.6,2020-08-21,51.0,0.13972602739726028,244.0,call,67.3,67.89,71.51,5,,0.43741,0.91953,0.00148,0.15521,-0.06432,0.11925,spy_2020_2022.csv,1853929
SPY,2020-07-01,2020-07-01T16:00:00-04:00,310.6,2020-08-21,51.0,0.13972602739726028,244.0,put,1.08,1.1,1.07,27,,0.40899,-0.05085,0.00215,0.12212,-0.04825,-0.02442,spy_2020_2022.csv,1853929
SPY,2020-07-01,2020-07-01T16:00:00-04:00,310.6,2020-08-21,51.0,0.13972602739726028,245.0,call,66.43,66.98,57.19,1,,0.43715,0.91713,0.00161,0.15959,-0.06538,0.12689,spy_2020_2022.csv,1853930
SPY,2020-07-01,2020-07-01T16:00:00-04:00,310.6,2020-08-21,51.0,0.13972602739726028,245.0,put,1.11,1.12,1.07,101,,0.40655,-0.05227,0.00226,0.12556,-0.04845,-0.0244,spy_2020_2022.csv,1853930
SPY,2020-07-01,2020-07-01T16:00:00-04:00,310.6,2020-08-21,51.0,0.13972602739726028,246.0,call,65.38,65.88,60.59,249,,0.42642,0.91797,0.00158,0.15726,-0.06339,0.12523,spy_2020_2022.csv,1853931
SPY,2020-07-01,2020-07-01T16:00:00-04:00,310.6,2020-08-21,51.0,0.13972602739726028,246.0,put,1.15,1.16,1.23,170,,0.40395,-0.05441,0.0023,0.12959,-0.05032,-0.02591,spy_2020_2022.csv,1853931
SPY,2020-07-01,2020-07-01T16:00:00-04:00,310.6,2020-08-21,51.0,0.13972602739726028,247.0,call,64.52,65.1,59.49,474,,0.42965,0.91464,0.00181,0.16448,-0.067,0.1363,spy_2020_2022.csv,1853932
SPY,2020-07-01,2020-07-01T16:00:00-04:00,310.6,2020-08-21,51.0,0.13972602739726028,247.0,put,1.17,1.19,1.31,33,,0.40044,-0.05617,0.00237,0.13181,-0.05079,-0.02647,spy_2020_2022.csv,1853932
SPY,2020-07-01,2020-07-01T16:00:00-04:00,310.6,2020-08-21,51.0,0.13972602739726028,248.0,call,63.57,64.16,61.65,0,,0.42602,0.91357,0.00191,0.16674,-0.06659,0.1403,spy_2020_2022.csv,1853933
SPY,2020-07-01,2020-07-01T16:00:00-04:00,310.6,2020-08-21,51.0,0.13972602739726028,248.0,put,1.22,1.25,1.2,195,,0.398,-0.05791,0.00248,0.13631,-0.05174,-0.0277,spy_2020_2022.csv,1853933
SPY,2020-07-01,2020-07-01T16:00:00-04:00,310.6,2020-08-21,51.0,0.13972602739726028,249.0,call,62.5,63.43,57.74,498,,0.42572,0.9114,0.00206,0.1712,-0.06913,0.14731,spy_2020_2022.csv,1853934
SPY,2020-07-01,2020-07-01T16:00:00-04:00,310.6,2020-08-21,51.0,0.13972602739726028,249.0,put,1.28,1.29,1.29,89,,0.39621,-0.06038,0.00256,0.14077,-0.05295,-0.0289,spy_2020_2022.csv,1853934
SPY,2020-07-01,2020-07-01T16:00:00-04:00,310.6,2020-08-21,51.0,0.13972602739726028,250.0,call,61.53,62.05,61.9,1,,0.40884,0.91474,0.00198,0.16588,-0.06332,0.14239,spy_2020_2022.csv,1853935
SPY,2020-07-01,2020-07-01T16:00:00-04:00,310.6,2020-08-21,51.0,0.13972602739726028,250.0,put,1.3,1.33,1.33,,,0.39323,-0.06193,0.00267,0.14435,-0.05456,-0.02988,spy_2020_2022.csv,1853935
SPY,2020-07-01,2020-07-01T16:00:00-04:00,310.6,2020-08-21,51.0,0.13972602739726028,251.0,call,60.6,61.12,57.89,0,,0.40602,0.91344,0.00211,0.16872,-0.06488,0.1475,spy_2020_2022.csv,1853936
SPY,2020-07-01,2020-07-01T16:00:00-04:00,310.6,2020-08-21,51.0,0.13972602739726028,251.0,put,1.37,1.38,1.3,50,,0.39072,-0.06439,0.00275,0.14912,-0.05573,-0.03052,spy_2020_2022.csv,1853936
SPY,2020-07-01,2020-07-01T16:00:00-04:00,310.6,2020-08-21,51.0,0.13972602739726028,252.0,call,59.67,60.14,61.73,1,,0.40232,0.91214,0.0022,0.17156,-0.06504,0.15123,spy_2020_2022.csv,1853937
SPY,2020-07-01,2020-07-01T16:00:00-04:00,310.6,2020-08-21,51.0,0.13972602739726028,252.0,put,1.42,1.44,1.33,14,,0.38952,-0.06738,0.00281,0.15322,-0.05697,-0.03211,spy_2020_2022.csv,1853937
SPY,2020-07-01,2020-07-01T16:00:00-04:00,310.6,2020-08-21,51.0,0.13972602739726028,253.0,call,58.37,59.63,57.97,26,,0.40093,0.91032,0.00231,0.1759,-0.06659,0.15763,spy_2020_2022.csv,1853938
SPY,2020-07-01,2020-07-01T16:00:00-04:00,310.6,2020-08-21,51.0,0.13972602739726028,253.0,put,1.48,1.49,1.47,164,,0.38669,-0.06962,0.00299,0.15713,-0.05861,-0.03346,spy_2020_2022.csv,1853938
SPY,2020-07-01,2020-07-01T16:00:00-04:00,310.6,2020-08-21,51.0,0.13972602739726028,254.0,call,57.42,58.69,59.3,87,,0.39766,0.90859,0.00239,0.17911,-0.06717,0.16262,spy_2020_2022.csv,1853939
SPY,2020-07-01,2020-07-01T16:00:00-04:00,310.6,2020-08-21,51.0,0.13972602739726028,254.0,put,1.51,1.54,1.52,667,,0.38254,-0.07195,0.00308,0.16139,-0.05904,-0.03354,spy_2020_2022.csv,1853939
SPY,2020-07-01,2020-07-01T16:00:00-04:00,310.6,2020-08-21,51.0,0.13972602739726028,255.0,call,56.85,57.3,58.18,2,,0.39192,0.90769,0.00255,0.18156,-0.06663,0.16575,spy_2020_2022.csv,1853940
SPY,2020-07-01,2020-07-01T16:00:00-04:00,310.6,2020-08-21,51.0,0.13972602739726028,255.0,put,1.59,1.6,1.58,752,,0.38122,-0.07517,0.00314,0.16628,-0.06068,-0.03558,spy_2020_2022.csv,1853940
SPY,2020-07-01,2020-07-01T16:00:00-04:00,310.6,2020-08-21,51.0,0.13972602739726028,256.0,call,56.03,56.51,49.51,1,,0.39624,0.90233,0.0027,0.19035,-0.07047,0.17446,spy_2020_2022.csv,1853941
SPY,2020-07-01,2020-07-01T16:00:00-04:00,310.6,2020-08-21,51.0,0.13972602739726028,256.0,put,1.65,1.67,1.68,51,,0.37959,-0.0779,0.00325,0.17116,-0.06204,-0.03648,spy_2020_2022.csv,1853941
SPY,2020-07-01,2020-07-01T16:00:00-04:00,310.6,2020-08-21,51.0,0.13972602739726028,257.0,call,55.01,55.4,56.97,1,,0.38648,0.90366,0.00282,0.18885,-0.06825,0.17476,spy_2020_2022.csv,1853942
SPY,2020-07-01,2020-07-01T16:00:00-04:00,310.6,2020-08-21,51.0,0.13972602739726028,257.0,put,1.71,1.72,1.61,53,,0.3769,-0.08072,0.00335,0.1757,-0.06371,-0.03824,spy_2020_2022.csv,1853942
SPY,2020-07-01,2020-07-01T16:00:00-04:00,310.6,2020-08-21,51.0,0.13972602739726028,258.0,call,53.68,54.92,49.89,7,,0.38457,0.90053,0.00294,0.19383,-0.06974,0.18022,spy_2020_2022.csv,1853943
SPY,2020-07-01,2020-07-01T16:00:00-04:00,310.6,2020-08-21,51.0,0.13972602739726028,258.0,put,1.76,1.77,1.76,76,,0.37416,-0.0835,0.00354,0.17952,-0.06452,-0.03887,spy_2020_2022.csv,1853943
SPY,2020-07-01,2020-07-01T16:00:00-04:00,310.6,2020-08-21,51.0,0.13972602739726028,259.0,call,52.96,54.0,55.53,6,,0.38711,0.89599,0.00313,0.20155,-0.07374,0.18703,spy_2020_2022.csv,1853944
SPY,2020-07-01,2020-07-01T16:00:00-04:00,310.6,2020-08-21,51.0,0.13972602739726028,259.0,put,1.85,1.86,1.83,461,,0.3724,-0.08701,0.00365,0.18608,-0.06605,-0.04091,spy_2020_2022.csv,1853944
SPY,2020-07-01,2020-07-01T16:00:00-04:00,310.6,2020-08-21,51.0,0.13972602739726028,260.0,call,52.2,52.62,53.48,16,,0.377,0.89696,0.00322,0.20113,-0.07147,0.18774,spy_2020_2022.csv,1853945
SPY,2020-07-01,2020-07-01T16:00:00-04:00,310.6,2020-08-21,51.0,0.13972602739726028,260.0,put,1.89,1.91,1.91,,,0.36938,-0.09005,0.00373,0.18995,-0.06765,-0.04192,spy_2020_2022.csv,1853945
SPY,2020-07-01,2020-07-01T16:00:00-04:00,310.6,2020-08-21,51.0,0.13972602739726028,261.0,call,50.89,52.13,53.47,1,,0.37513,0.89406,0.00336,0.20615,-0.07286,0.19247,spy_2020_2022.csv,1853946
SPY,2020-07-01,2020-07-01T16:00:00-04:00,310.6,2020-08-21,51.0,0.13972602739726028,261.0,put,2.0,2.01,1.92,81,,0.36842,-0.09362,0.00389,0.19609,-0.06885,-0.04461,spy_2020_2022.csv,1853946
SPY,2020-07-01,2020-07-01T16:00:00-04:00,310.6,2020-08-21,51.0,0.13972602739726028,262.0,call,50.38,50.77,51.09,2,,0.37196,0.89138,0.00352,0.21027,-0.07356,0.19603,spy_2020_2022.csv,1853947
SPY,2020-07-01,2020-07-01T16:00:00-04:00,310.6,2020-08-21,51.0,0.13972602739726028,262.0,put,2.06,2.08,2.05,33,,0.36634,-0.09717,0.00397,0.20166,-0.07055,-0.04551,spy_2020_2022.csv,1853947
SPY,2020-07-01,2020-07-01T16:00:00-04:00,310.6,2020-08-21,51.0,0.13972602739726028,263.0,call,49.51,50.0,46.4,0,,0.37374,0.88617,0.0037,0.21822,-0.07709,0.20223,spy_2020_2022.csv,1853948
SPY,2020-07-01,2020-07-01T16:00:00-04:00,310.6,2020-08-21,51.0,0.13972602739726028,263.0,put,2.14,2.15,2.04,77,,0.36285,-0.10022,0.00415,0.20654,-0.07175,-0.04711,spy_2020_2022.csv,1853948
SPY,2020-07-01,2020-07-01T16:00:00-04:00,310.6,2020-08-21,51.0,0.13972602739726028,264.0,call,48.48,48.92,42.36,11,,0.36558,0.88651,0.00385,0.21783,-0.07542,0.2039,spy_2020_2022.csv,1853949
SPY,2020-07-01,2020-07-01T16:00:00-04:00,310.6,2020-08-21,51.0,0.13972602739726028,264.0,put,2.21,2.24,2.15,634,,0.36066,-0.10357,0.00428,0.21171,-0.07327,-0.04907,spy_2020_2022.csv,1853949
SPY,2020-07-01,2020-07-01T16:00:00-04:00,310.6,2020-08-21,51.0,0.13972602739726028,265.0,call,47.72,48.14,41.5,35,,0.3686,0.87962,0.00402,0.228,-0.07957,0.20962,spy_2020_2022.csv,1853950
SPY,2020-07-01,2020-07-01T16:00:00-04:00,310.6,2020-08-21,51.0,0.13972602739726028,265.0,put,2.31,2.32,2.28,292,,0.35857,-0.1077,0.00442,0.21768,-0.07519,-0.05121,spy_2020_2022.csv,1853950
SPY,2020-07-01,2020-07-01T16:00:00-04:00,310.6,2020-08-21,51.0,0.13972602739726028,266.0,call,46.65,47.11,47.66,3,,0.36015,0.87922,0.00416,0.22785,-0.07748,0.21161,spy_2020_2022.csv,1853951
SPY,2020-07-01,2020-07-01T16:00:00-04:00,310.6,2020-08-21,51.0,0.13972602739726028,266.0,put,2.4,2.4,2.3,61,,0.35666,-0.11136,0.00452,0.22297,-0.07669,-0.05332,spy_2020_2022.csv,1853951
SPY,2020-07-01,2020-07-01T16:00:00-04:00,310.6,2020-08-21,51.0,0.13972602739726028,267.0,call,45.9,46.37,39.82,6,,0.3641,0.87211,0.00437,0.23838,-0.08173,0.21706,spy_2020_2022.csv,1853952
SPY,2020-07-01,2020-07-01T16:00:00-04:00,310.6,2020-08-21,51.0,0.13972602739726028,267.0,put,2.46,2.47,2.46,54,,0.35295,-0.11573,0.00468,0.22878,-0.07754,-0.05453,spy_2020_2022.csv,1853952
SPY,2020-07-01,2020-07-01T16:00:00-04:00,310.6,2020-08-21,51.0,0.13972602739726028,268.0,call,44.96,45.23,45.14,20,,0.35657,0.87131,0.00448,0.24016,-0.0804,0.21906,spy_2020_2022.csv,1853953
SPY,2020-07-01,2020-07-01T16:00:00-04:00,310.6,2020-08-21,51.0,0.13972602739726028,268.0,put,2.57,2.6,2.52,65,,0.35197,-0.12031,0.00485,0.23534,-0.07917,-0.0564,spy_2020_2022.csv,1853953
SPY,2020-07-01,2020-07-01T16:00:00-04:00,310.6,2020-08-21,51.0,0.13972602739726028,269.0,call,44.11,44.5,40.59,1,,0.35827,0.86558,0.00466,0.24821,-0.08376,0.22369,spy_2020_2022.csv,1853954
SPY,2020-07-01,2020-07-01T16:00:00-04:00,310.6,2020-08-21,51.0,0.13972602739726028,269.0,put,2.64,2.67,2.59,89,,0.34868,-0.12369,0.00497,0.23965,-0.08085,-0.05863,spy_2020_2022.csv,1853954
SPY,2020-07-01,2020-07-01T16:00:00-04:00,310.6,2020-08-21,51.0,0.13972602739726028,270.0,call,43.23,43.37,44.25,1,,0.3515,0.86416,0.00478,0.25046,-0.08307,0.2256,spy_2020_2022.csv,1853955
SPY,2020-07-01,2020-07-01T16:00:00-04:00,310.6,2020-08-21,51.0,0.13972602739726028,270.0,put,2.74,2.77,2.77,,,0.34612,-0.12866,0.00515,0.2466,-0.08175,-0.06078,spy_2020_2022.csv,1853955
SPY,2020-07-01,2020-07-01T16:00:00-04:00,310.6,2020-08-21,51.0,0.13972602739726028,271.0,call,42.16,42.58,39.78,0,,0.34676,0.86086,0.00494,0.25545,-0.08354,0.22865,spy_2020_2022.csv,1853956
SPY,2020-07-01,2020-07-01T16:00:00-04:00,310.6,2020-08-21,51.0,0.13972602739726028,271.0,put,2.86,2.94,2.92,33,,0.34544,-0.13324,0.00534,0.25346,-0.08417,-0.06342,spy_2020_2022.csv,1853956
SPY,2020-07-01,2020-07-01T16:00:00-04:00,310.6,2020-08-21,51.0,0.13972602739726028,272.0,call,41.33,41.81,36.03,157,,0.34865,0.85442,0.00515,0.26361,-0.08642,0.23262,spy_2020_2022.csv,1853957
SPY,2020-07-01,2020-07-01T16:00:00-04:00,310.6,2020-08-21,51.0,0.13972602739726028,272.0,put,2.99,3.01,2.94,25,,0.34307,-0.13824,0.00544,0.2592,-0.08574,-0.06509,spy_2020_2022.csv,1853957
SPY,2020-07-01,2020-07-01T16:00:00-04:00,310.6,2020-08-21,51.0,0.13972602739726028,273.0,call,40.4,40.8,37.82,0,,0.34241,0.85167,0.00532,0.26797,-0.08652,0.23435,spy_2020_2022.csv,1853958
SPY,2020-07-01,2020-07-01T16:00:00-04:00,310.6,2020-08-21,51.0,0.13972602739726028,273.0,put,3.09,3.12,3.01,,,0.34011,-0.14368,0.00567,0.2649,-0.08669,-0.06731,spy_2020_2022.csv,1853958
SPY,2020-07-01,2020-07-01T16:00:00-04:00,310.6,2020-08-21,51.0,0.13972602739726028,274.0,call,39.51,39.89,39.69,2,,0.33932,0.84641,0.00559,0.27356,-0.08712,0.23669,spy_2020_2022.csv,1853959
SPY,2020-07-01,2020-07-01T16:00:00-04:00,310.6,2020-08-21,51.0,0.13972602739726028,274.0,put,3.21,3.24,3.05,201,,0.33812,-0.14807,0.00583,0.27136,-0.08858,-0.0706,spy_2020_2022.csv,1853959
SPY,2020-07-01,2020-07-01T16:00:00-04:00,310.6,2020-08-21,51.0,0.13972602739726028,275.0,call,38.75,39.07,39.73,3,,0.34019,0.8401,0.00574,0.28191,-0.09067,0.23922,spy_2020_2022.csv,1853960
SPY,2020-07-01,2020-07-01T16:00:00-04:00,310.6,2020-08-21,51.0,0.13972602739726028,275.0,put,3.31,3.36,3.33,658,,0.33614,-0.15351,0.006,0.27798,-0.09046,-0.07234,spy_2020_2022.csv,1853960
SPY,2020-07-01,2020-07-01T16:00:00-04:00,310.6,2020-08-21,51.0,0.13972602739726028,276.0,call,37.9,38.06,38.11,1,,0.33564,0.83604,0.00596,0.28667,-0.09126,0.24192,spy_2020_2022.csv,1853961
SPY,2020-07-01,2020-07-01T16:00:00-04:00,310.6,2020-08-21,51.0,0.13972602739726028,276.0,put,3.47,3.49,3.46,67,,0.33344,-0.15953,0.00623,0.28432,-0.09191,-0.07498,spy_2020_2022.csv,1853961
SPY,2020-07-01,2020-07-01T16:00:00-04:00,310.6,2020-08-21,51.0,0.13972602739726028,277.0,call,36.94,37.3,36.5,0,,0.33387,0.83077,0.00616,0.29203,-0.09242,0.24427,spy_2020_2022.csv,1853962
SPY,2020-07-01,2020-07-01T16:00:00-04:00,310.6,2020-08-21,51.0,0.13972602739726028,277.0,put,3.58,3.61,3.57,144,,0.3312,-0.16455,0.00637,0.291,-0.0927,-0.07765,spy_2020_2022.csv,1853962
SPY,2020-07-01,2020-07-01T16:00:00-04:00,310.6,2020-08-21,51.0,0.13972602739726028,278.0,call,36.06,36.54,36.33,20,,0.33275,0.82403,0.00632,0.30007,-0.09471,0.24563,spy_2020_2022.csv,1853963
SPY,2020-07-01,2020-07-01T16:00:00-04:00,310.6,2020-08-21,51.0,0.13972602739726028,278.0,put,3.71,3.74,3.7,190,,0.3289,-0.17053,0.00661,0.29761,-0.09406,-0.08045,spy_2020_2022.csv,1853963
SPY,2020-07-01,2020-07-01T16:00:00-04:00,310.6,2020-08-21,51.0,0.13972602739726028,279.0,call,35.25,35.52,29.75,4,,0.32843,0.81983,0.00651,0.3049,-0.09504,0.2472,spy_2020_2022.csv,1853964
SPY,2020-07-01,2020-07-01T16:00:00-04:00,310.6,2020-08-21,51.0,0.13972602739726028,279.0,put,3.84,3.87,3.73,415,,0.3263,-0.17597,0.00682,0.30338,-0.09568,-0.08353,spy_2020_2022.csv,1853964
SPY,2020-07-01,2020-07-01T16:00:00-04:00,310.6,2020-08-21,51.0,0.13972602739726028,280.0,call,34.54,34.74,35.07,218,,0.3305,0.81123,0.00678,0.31433,-0.098,0.24937,spy_2020_2022.csv,1853965
SPY,2020-07-01,2020-07-01T16:00:00-04:00,310.6,2020-08-21,51.0,0.13972602739726028,280.0,put,4.0,4.03,3.99,,,0.32385,-0.18287,0.00697,0.31049,-0.09763,-0.08601,spy_2020_2022.csv,1853965
SPY,2020-07-01,2020-07-01T16:00:00-04:00,310.6,2020-08-21,51.0,0.13972602739726028,281.0,call,33.64,33.91,34.05,35,,0.32661,0.80565,0.00698,0.32011,-0.09869,0.25002,spy_2020_2022.csv,1853966
SPY,2020-07-01,2020-07-01T16:00:00-04:00,310.6,2020-08-21,51.0,0.13972602739726028,281.0,put,4.1,4.18,4.06,353,,0.322,-0.1882,0.00717,0.31714,-0.09866,-0.08969,spy_2020_2022.csv,1853966
SPY,2020-07-01,2020-07-01T16:00:00-04:00,310.6,2020-08-21,51.0,0.13972602739726028,282.0,call,32.63,32.88,33.14,1,,0.31982,0.8027,0.0072,0.32327,-0.09776,0.25177,spy_2020_2022.csv,1853967
SPY,2020-07-01,2020-07-01T16:00:00-04:00,310.6,2020-08-21,51.0,0.13972602739726028,282.0,put,4.28,4.31,4.28,115,,0.31932,-0.1955,0.00734,0.32376,-0.10034,-0.09249,spy_2020_2022.csv,1853967
SPY,2020-07-01,2020-07-01T16:00:00-04:00,310.6,2020-08-21,51.0,0.13972602739726028,283.0,call,31.79,32.03,32.8,2,,0.31733,0.79667,0.00738,0.3301,-0.09947,0.25289,spy_2020_2022.csv,1853968
SPY,2020-07-01,2020-07-01T16:00:00-04:00,310.6,2020-08-21,51.0,0.13972602739726028,283.0,put,4.44,4.46,4.42,149,,0.31715,-0.20219,0.0076,0.33074,-0.10153,-0.0952,spy_2020_2022.csv,1853968
SPY,2020-07-01,2020-07-01T16:00:00-04:00,310.6,2020-08-21,51.0,0.13972602739726028,284.0,call,30.65,31.33,26.48,44,,0.31208,0.79167,0.0077,0.33454,-0.09845,0.25424,spy_2020_2022.csv,1853969
SPY,2020-07-01,2020-07-01T16:00:00-04:00,310.6,2020-08-21,51.0,0.13972602739726028,284.0,put,4.59,4.62,4.51,571,,0.31427,-0.20905,0.00783,0.33722,-0.10269,-0.09895,spy_2020_2022.csv,1853969
SPY,2020-07-01,2020-07-01T16:00:00-04:00,310.6,2020-08-21,51.0,0.13972602739726028,285.0,call,30.26,30.5,31.19,32,,0.31554,0.78059,0.00781,0.3456,-0.10315,0.25447,spy_2020_2022.csv,1853970
SPY,2020-07-01,2020-07-01T16:00:00-04:00,310.6,2020-08-21,51.0,0.13972602739726028,285.0,put,4.75,4.79,4.78,,,0.3117,-0.21591,0.00797,0.34308,-0.10379,-0.10178,spy_2020_2022.csv,1853970
SPY,2020-07-01,2020-07-01T16:00:00-04:00,310.6,2020-08-21,51.0,0.13972602739726028,286.0,call,29.49,29.61,29.52,20,,0.31322,0.7733,0.0081,0.35189,-0.10442,0.25486,spy_2020_2022.csv,1853971
SPY,2020-07-01,2020-07-01T16:00:00-04:00,310.6,2020-08-21,51.0,0.13972602739726028,286.0,put,4.92,4.95,4.68,229,,0.30923,-0.22243,0.00823,0.34965,-0.10505,-0.10539,spy_2020_2022.csv,1853971
SPY,2020-07-01,2020-07-01T16:00:00-04:00,310.6,2020-08-21,51.0,0.13972602739726028,287.0,call,28.59,28.68,29.6,2,,0.30792,0.76756,0.00833,0.35684,-0.10385,0.25537,spy_2020_2022.csv,1853972
SPY,2020-07-01,2020-07-01T16:00:00-04:00,310.6,2020-08-21,51.0,0.13972602739726028,287.0,put,5.09,5.13,5.1,229,,0.30709,-0.23052,0.00842,0.35648,-0.10588,-0.10873,spy_2020_2022.csv,1853972
SPY,2020-07-01,2020-07-01T16:00:00-04:00,310.6,2020-08-21,51.0,0.13972602739726028,288.0,call,27.83,27.95,27.88,1,,0.30793,0.75826,0.00851,0.364,-0.10686,0.25495,spy_2020_2022.csv,1853973
SPY,2020-07-01,2020-07-01T16:00:00-04:00,310.6,2020-08-21,51.0,0.13972602739726028,288.0,put,5.27,5.31,5.31,,,0.30455,-0.23785,0.00866,0.36329,-0.10703,-0.11296,spy_2020_2022.csv,1853973
SPY,2020-07-01,2020-07-01T16:00:00-04:00,310.6,2020-08-21,51.0,0.13972602739726028,289.0,call,26.96,27.07,27.9,2,,0.30324,0.75192,0.00878,0.36945,-0.10677,0.25548,spy_2020_2022.csv,1853974
SPY,2020-07-01,2020-07-01T16:00:00-04:00,310.6,2020-08-21,51.0,0.13972602739726028,289.0,put,5.46,5.49,5.35,257,,0.30164,-0.24598,0.0089,0.36989,-0.10783,-0.11648,spy_2020_2022.csv,1853974
SPY,2020-07-01,2020-07-01T16:00:00-04:00,310.6,2020-08-21,51.0,0.13972602739726028,290.0,call,26.15,26.24,26.96,112,,0.30004,0.74422,0.00908,0.37554,-0.10696,0.25528,spy_2020_2022.csv,1853975
SPY,2020-07-01,2020-07-01T16:00:00-04:00,310.6,2020-08-21,51.0,0.13972602739726028,290.0,put,5.65,5.68,5.62,,,0.29909,-0.25466,0.00911,0.37591,-0.10878,-0.1201,spy_2020_2022.csv,1853975
SPY,2020-07-01,2020-07-01T16:00:00-04:00,310.6,2020-08-21,51.0,0.13972602739726028,291.0,call,25.34,25.4,25.3,8,,0.29788,0.73609,0.00924,0.3823,-0.10773,0.25526,spy_2020_2022.csv,1853976
SPY,2020-07-01,2020-07-01T16:00:00-04:00,310.6,2020-08-21,51.0,0.13972602739726028,291.0,put,5.84,5.88,5.84,447,,0.29605,-0.26227,0.00941,0.38215,-0.11006,-0.1248,spy_2020_2022.csv,1853976
SPY,2020-07-01,2020-07-01T16:00:00-04:00,310.6,2020-08-21,51.0,0.13972602739726028,292.0,call,24.54,24.61,24.6,56,,0.29502,0.72788,0.00958,0.38844,-0.10849,0.25381,spy_2020_2022.csv,1853977
SPY,2020-07-01,2020-07-01T16:00:00-04:00,310.6,2020-08-21,51.0,0.13972602739726028,292.0,put,5.97,6.02,6.06,,,0.29249,-0.27012,0.00969,0.38787,-0.10947,-0.12826,spy_2020_2022.csv,1853977
SPY,2020-07-01,2020-07-01T16:00:00-04:00,310.6,2020-08-21,51.0,0.13972602739726028,293.0,call,23.75,23.83,24.65,105,,0.2925,0.7185,0.00973,0.39492,-0.10974,0.2534,spy_2020_2022.csv,1853978
SPY,2020-07-01,2020-07-01T16:00:00-04:00,310.6,2020-08-21,51.0,0.13972602739726028,293.0,put,6.25,6.3,6.27,142,,0.29121,-0.28014,0.0099,0.39452,-0.11131,-0.13249,spy_2020_2022.csv,1853978
SPY,2020-07-01,2020-07-01T16:00:00-04:00,310.6,2020-08-21,51.0,0.13972602739726028,294.0,call,22.97,23.04,23.4,18,,0.28921,0.70994,0.01007,0.40106,-0.11004,0.25246,spy_2020_2022.csv,1853979
SPY,2020-07-01,2020-07-01T16:00:00-04:00,310.6,2020-08-21,51.0,0.13972602739726028,294.0,put,6.44,6.47,6.46,,,0.28793,-0.28877,0.01009,0.40036,-0.11157,-0.13686,spy_2020_2022.csv,1853979
SPY,2020-07-01,2020-07-01T16:00:00-04:00,310.6,2020-08-21,51.0,0.13972602739726028,295.0,call,22.07,22.28,22.97,52,,0.28531,0.70072,0.01029,0.40648,-0.11026,0.2513,spy_2020_2022.csv,1853980
SPY,2020-07-01,2020-07-01T16:00:00-04:00,310.6,2020-08-21,51.0,0.13972602739726028,295.0,put,6.69,6.71,6.65,,,0.28553,-0.2983,0.01039,0.40614,-0.11271,-0.14176,spy_2020_2022.csv,1853980
SPY,2020-07-01,2020-07-01T16:00:00-04:00,310.6,2020-08-21,51.0,0.13972602739726028,296.0,call,21.42,21.47,21.4,10,,0.28317,0.69093,0.01052,0.41257,-0.11114,0.24982,spy_2020_2022.csv,1853981
SPY,2020-07-01,2020-07-01T16:00:00-04:00,310.6,2020-08-21,51.0,0.13972602739726028,296.0,put,6.84,6.96,6.88,172,,0.28194,-0.30748,0.01061,0.41182,-0.11297,-0.146,spy_2020_2022.csv,1853981
SPY,2020-07-01,2020-07-01T16:00:00-04:00,310.6,2020-08-21,51.0,0.13972602739726028,297.0,call,20.65,20.71,20.68,24,,0.28031,0.6806,0.01077,0.41802,-0.11216,0.24765,spy_2020_2022.csv,1853982
SPY,2020-07-01,2020-07-01T16:00:00-04:00,310.6,2020-08-21,51.0,0.13972602739726028,297.0,put,7.16,7.18,7.11,348,,0.28023,-0.31846,0.01083,0.41841,-0.11411,-0.15112,spy_2020_2022.csv,1853982
SPY,2020-07-01,2020-07-01T16:00:00-04:00,310.6,2020-08-21,51.0,0.13972602739726028,298.0,call,19.88,19.97,20.32,6,,0.27786,0.67112,0.01105,0.42365,-0.11242,0.24661,spy_2020_2022.csv,1853983
SPY,2020-07-01,2020-07-01T16:00:00-04:00,310.6,2020-08-21,51.0,0.13972602739726028,298.0,put,7.39,7.42,7.36,269,,0.27747,-0.32769,0.01108,0.42347,-0.11441,-0.1555,spy_2020_2022.csv,1853983
SPY,2020-07-01,2020-07-01T16:00:00-04:00,310.6,2020-08-21,51.0,0.13972602739726028,299.0,call,19.09,19.22,19.05,41,,0.27497,0.66054,0.01136,0.42874,-0.1121,0.24418,spy_2020_2022.csv,1853984
SPY,2020-07-01,2020-07-01T16:00:00-04:00,310.6,2020-08-21,51.0,0.13972602739726028,299.0,put,7.63,7.7,7.61,940,,0.2747,-0.33879,0.01134,0.42877,-0.11403,-0.16041,spy_2020_2022.csv,1853984
SPY,2020-07-01,2020-07-01T16:00:00-04:00,310.6,2020-08-21,51.0,0.13972602739726028,300.0,call,18.39,18.47,18.48,338,,0.27214,0.64962,0.01156,0.43401,-0.11208,0.24162,spy_2020_2022.csv,1853985
SPY,2020-07-01,2020-07-01T16:00:00-04:00,310.6,2020-08-21,51.0,0.13972602739726028,300.0,put,7.86,7.9,7.85,,,0.27006,-0.34872,0.01172,0.43376,-0.11375,-0.16514,spy_2020_2022.csv,1853985
SPY,2020-07-01,2020-07-01T16:00:00-04:00,310.6,2020-08-21,51.0,0.13972602739726028,301.0,call,17.66,17.71,17.83,3,,0.26885,0.63905,0.01189,0.43865,-0.11228,0.23938,spy_2020_2022.csv,1853986
SPY,2020-07-01,2020-07-01T16:00:00-04:00,310.6,2020-08-21,51.0,0.13972602739726028,301.0,put,7.84,8.49,8.09,389,,0.26822,-0.36042,0.01187,0.43809,-0.11483,-0.17125,spy_2020_2022.csv,1853986
SPY,2020-07-01,2020-07-01T16:00:00-04:00,310.6,2020-08-21,51.0,0.13972602739726028,302.0,call,16.93,17.0,17.5,42,,0.26568,0.62726,0.01208,0.44303,-0.11244,0.23713,spy_2020_2022.csv,1853987
SPY,2020-07-01,2020-07-01T16:00:00-04:00,310.6,2020-08-21,51.0,0.13972602739726028,302.0,put,8.42,8.48,8.42,342,,0.26518,-0.37162,0.0122,0.44355,-0.11474,-0.17622,spy_2020_2022.csv,1853987
SPY,2020-07-01,2020-07-01T16:00:00-04:00,310.6,2020-08-21,51.0,0.13972602739726028,303.0,call,16.21,16.27,16.62,81,,0.26257,0.61605,0.01236,0.44692,-0.11174,0.23393,spy_2020_2022.csv,1853988
SPY,2020-07-01,2020-07-01T16:00:00-04:00,310.6,2020-08-21,51.0,0.13972602739726028,303.0,put,8.71,8.79,8.39,395,,0.26242,-0.38396,0.01235,0.44793,-0.11478,-0.18161,spy_2020_2022.csv,1853988
SPY,2020-07-01,2020-07-01T16:00:00-04:00,310.6,2020-08-21,51.0,0.13972602739726028,304.0,call,15.49,15.59,15.75,56,,0.26058,0.60421,0.01262,0.45126,-0.11242,0.231,spy_2020_2022.csv,1853989
SPY,2020-07-01,2020-07-01T16:00:00-04:00,310.6,2020-08-21,51.0,0.13972602739726028,304.0,put,8.96,9.04,8.94,366,,0.25832,-0.39544,0.01266,0.45125,-0.11338,-0.18786,spy_2020_2022.csv,1853989
SPY,2020-07-01,2020-07-01T16:00:00-04:00,310.6,2020-08-21,51.0,0.13972602739726028,305.0,call,14.81,14.87,14.82,956,,0.25667,0.59197,0.01287,0.45534,-0.11108,0.22788,spy_2020_2022.csv,1853990
SPY,2020-07-01,2020-07-01T16:00:00-04:00,310.6,2020-08-21,51.0,0.13972602739726028,305.0,put,9.31,9.35,9.3,,,0.25652,-0.40811,0.01296,0.45454,-0.11346,-0.19375,spy_2020_2022.csv,1853990
SPY,2020-07-01,2020-07-01T16:00:00-04:00,310.6,2020-08-21,51.0,0.13972602739726028,306.0,call,14.18,14.27,14.43,100,,0.25571,0.57873,0.01302,0.45858,-0.11193,0.22367,spy_2020_2022.csv,1853991
SPY,2020-07-01,2020-07-01T16:00:00-04:00,310.6,2020-08-21,51.0,0.13972602739726028,306.0,put,9.6,9.65,9.58,805,,0.25232,-0.42071,0.0132,0.45816,-0.1131,-0.19909,spy_2020_2022.csv,1853991
SPY,2020-07-01,2020-07-01T16:00:00-04:00,310.6,2020-08-21,51.0,0.13972602739726028,307.0,call,13.46,13.53,13.55,93,,0.251,0.56561,0.01336,0.4607,-0.11054,0.2201,spy_2020_2022.csv,1853992
SPY,2020-07-01,2020-07-01T16:00:00-04:00,310.6,2020-08-21,51.0,0.13972602739726028,307.0,put,9.94,9.98,9.95,,,0.25031,-0.43366,0.01338,0.46078,-0.11216,-0.20586,spy_2020_2022.csv,1853992
SPY,2020-07-01,2020-07-01T16:00:00-04:00,310.6,2020-08-21,51.0,0.13972602739726028,308.0,call,12.79,12.86,12.84,118,,0.24781,0.55291,0.01362,0.46292,-0.11018,0.21664,spy_2020_2022.csv,1853993
SPY,2020-07-01,2020-07-01T16:00:00-04:00,310.6,2020-08-21,51.0,0.13972602739726028,308.0,put,10.17,10.23,10.24,,,0.2455,-0.44738,0.0137,0.46334,-0.1112,-0.21178,spy_2020_2022.csv,1853993
SPY,2020-07-01,2020-07-01T16:00:00-04:00,310.6,2020-08-21,51.0,0.13972602739726028,309.0,call,12.14,12.19,12.21,508,,0.24496,0.5392,0.01385,0.46466,-0.10913,0.2119,spy_2020_2022.csv,1853994
SPY,2020-07-01,2020-07-01T16:00:00-04:00,310.6,2020-08-21,51.0,0.13972602739726028,309.0,put,10.63,10.67,10.62,,,0.24452,-0.46085,0.01388,0.46514,-0.11082,-0.2186,spy_2020_2022.csv,1853994
SPY,2020-07-01,2020-07-01T16:00:00-04:00,310.6,2020-08-21,51.0,0.13972602739726028,310.0,call,11.5,11.55,11.51,,,0.24185,0.52517,0.01408,0.46607,-0.10776,0.20767,spy_2020_2022.csv,1853995
SPY,2020-07-01,2020-07-01T16:00:00-04:00,310.6,2020-08-21,51.0,0.13972602739726028,310.0,put,11.0,11.01,10.93,,,0.24041,-0.47506,0.01415,0.46607,-0.1095,-0.22512,spy_2020_2022.csv,1853995
SPY,2020-07-01,2020-07-01T16:00:00-04:00,310.6,2020-08-21,51.0,0.13972602739726028,311.0,call,10.87,10.93,10.89,,,0.23852,0.51044,0.01428,0.46716,-0.10651,0.20303,spy_2020_2022.csv,1853996
SPY,2020-07-01,2020-07-01T16:00:00-04:00,310.6,2020-08-21,51.0,0.13972602739726028,311.0,put,11.37,11.42,11.34,,,0.23788,-0.48986,0.01427,0.46685,-0.10819,-0.23216,spy_2020_2022.csv,1853996
SPY,2020-07-01,2020-07-01T16:00:00-04:00,310.6,2020-08-21,51.0,0.13972602739726028,312.0,call,10.28,10.33,10.39,623,,0.23548,0.49547,0.0144,0.46742,-0.10521,0.19747,spy_2020_2022.csv,1853997
SPY,2020-07-01,2020-07-01T16:00:00-04:00,310.6,2020-08-21,51.0,0.13972602739726028,312.0,put,11.76,11.82,11.74,336,,0.23488,-0.50445,0.01449,0.46758,-0.10748,-0.23941,spy_2020_2022.csv,1853997
SPY,2020-07-01,2020-07-01T16:00:00-04:00,310.6,2020-08-21,51.0,0.13972602739726028,313.0,call,9.7,9.73,9.76,478,,0.23325,0.48062,0.01462,0.46673,-0.10398,0.19323,spy_2020_2022.csv,1853998
SPY,2020-07-01,2020-07-01T16:00:00-04:00,310.6,2020-08-21,51.0,0.13972602739726028,313.0,put,11.76,12.63,11.58,299,,0.23166,-0.51922,0.01461,0.46667,-0.10622,-0.24682,spy_2020_2022.csv,1853998
SPY,2020-07-01,2020-07-01T16:00:00-04:00,310.6,2020-08-21,51.0,0.13972602739726028,314.0,call,9.11,9.16,9.34,452,,0.23021,0.46578,0.01478,0.46517,-0.10197,0.18752,spy_2020_2022.csv,1853999
SPY,2020-07-01,2020-07-01T16:00:00-04:00,310.6,2020-08-21,51.0,0.13972602739726028,314.0,put,12.6,12.64,12.41,247,,0.22941,-0.53471,0.01477,0.46512,-0.10469,-0.2546,spy_2020_2022.csv,1853999
SPY,2020-07-01,2020-07-01T16:00:00-04:00,310.6,2020-08-21,51.0,0.13972602739726028,315.0,call,8.54,8.6,8.6,,,0.22707,0.44975,0.01485,0.46326,-0.10059,0.18211,spy_2020_2022.csv,1854000
SPY,2020-07-01,2020-07-01T16:00:00-04:00,310.6,2020-08-21,51.0,0.13972602739726028,315.0,put,13.03,13.08,12.95,390,,0.22651,-0.55065,0.01496,0.46396,-0.10274,-0.26141,spy_2020_2022.csv,1854000
SPY,2020-07-01,2020-07-01T16:00:00-04:00,310.6,2020-08-21,51.0,0.13972602739726028,316.0,call,8.01,8.04,8.62,287,,0.22358,0.43334,0.01497,0.46104,-0.09876,0.17645,spy_2020_2022.csv,1854001
SPY,2020-07-01,2020-07-01T16:00:00-04:00,310.6,2020-08-21,51.0,0.13972602739726028,316.0,put,13.48,13.55,13.46,45,,0.22332,-0.56645,0.01502,0.46085,-0.10078,-0.26967,spy_2020_2022.csv,1854001
SPY,2020-07-01,2020-07-01T16:00:00-04:00,310.6,2020-08-21,51.0,0.13972602739726028,317.0,call,7.49,7.53,7.9,169,,0.22135,0.41813,0.015,0.45783,-0.0967,0.17055,spy_2020_2022.csv,1854002
SPY,2020-07-01,2020-07-01T16:00:00-04:00,310.6,2020-08-21,51.0,0.13972602739726028,317.0,put,13.85,13.96,13.86,8,,0.21851,-0.58355,0.01518,0.45698,-0.0981,-0.27734,spy_2020_2022.csv,1854002
SPY,2020-07-01,2020-07-01T16:00:00-04:00,310.6,2020-08-21,51.0,0.13972602739726028,318.0,call,6.98,7.03,7.61,263,,0.21868,0.40193,0.01509,0.4531,-0.09513,0.1646,spy_2020_2022.csv,1854003
SPY,2020-07-01,2020-07-01T16:00:00-04:00,310.6,2020-08-21,51.0,0.13972602739726028,318.0,put,14.43,14.52,14.44,71,,0.2167,-0.59868,0.01513,0.45277,-0.09622,-0.28558,spy_2020_2022.csv,1854003
SPY,2020-07-01,2020-07-01T16:00:00-04:00,310.6,2020-08-21,51.0,0.13972602739726028,319.0,call,6.5,6.54,6.49,437,,0.21567,0.38524,0.01508,0.44781,-0.09243,0.158,spy_2020_2022.csv,1854004
SPY,2020-07-01,2020-07-01T16:00:00-04:00,310.6,2020-08-21,51.0,0.13972602739726028,319.0,put,14.86,15.08,14.94,14,,0.21409,-0.61604,0.01519,0.44743,-0.09377,-0.29387,spy_2020_2022.csv,1854004
SPY,2020-07-01,2020-07-01T16:00:00-04:00,310.6,2020-08-21,51.0,0.13972602739726028,320.0,call,6.03,6.07,6.03,,,0.21324,0.3688,0.01506,0.44182,-0.08999,0.15221,spy_2020_2022.csv,1854005
SPY,2020-07-01,2020-07-01T16:00:00-04:00,310.6,2020-08-21,51.0,0.13972602739726028,320.0,put,15.36,15.43,14.95,520,,0.20861,-0.63382,0.0153,0.44023,-0.09074,-0.30181,spy_2020_2022.csv,1854005
SPY,2020-07-01,2020-07-01T16:00:00-04:00,310.6,2020-08-21,51.0,0.13972602739726028,321.0,call,5.59,5.64,5.67,96,,0.21065,0.35216,0.01502,0.43542,-0.08804,0.14544,spy_2020_2022.csv,1854006
SPY,2020-07-01,2020-07-01T16:00:00-04:00,310.6,2020-08-21,51.0,0.13972602739726028,321.0,put,16.03,16.11,16.0,83,,0.20901,-0.64847,0.01511,0.43442,-0.0895,-0.3099,spy_2020_2022.csv,1854006
SPY,2020-07-01,2020-07-01T16:00:00-04:00,310.6,2020-08-21,51.0,0.13972602739726028,322.0,call,5.16,5.2,5.18,173,,0.2077,0.33492,0.01495,0.42739,-0.0849,0.13912,spy_2020_2022.csv,1854007
SPY,2020-07-01,2020-07-01T16:00:00-04:00,310.6,2020-08-21,51.0,0.13972602739726028,322.0,put,16.51,16.76,15.94,16,,0.20643,-0.66578,0.01508,0.42671,-0.08657,-0.31829,spy_2020_2022.csv,1854007
SPY,2020-07-01,2020-07-01T16:00:00-04:00,310.6,2020-08-21,51.0,0.13972602739726028,323.0,call,4.77,4.81,5.24,725,,0.20558,0.31895,0.01478,0.41903,-0.0821,0.1322,spy_2020_2022.csv,1854008
SPY,2020-07-01,2020-07-01T16:00:00-04:00,310.6,2020-08-21,51.0,0.13972602739726028,323.0,put,17.1,17.35,16.99,4,,0.20415,-0.68261,0.01493,0.41704,-0.08357,-0.32653,spy_2020_2022.csv,1854008
SPY,2020-07-01,2020-07-01T16:00:00-04:00,310.6,2020-08-21,51.0,0.13972602739726028,324.0,call,4.4,4.43,4.47,801,,0.20374,0.30233,0.01466,0.40922,-0.07955,0.12587,spy_2020_2022.csv,1854009
SPY,2020-07-01,2020-07-01T16:00:00-04:00,310.6,2020-08-21,51.0,0.13972602739726028,324.0,put,17.85,17.93,17.4,4,,0.20238,-0.69826,0.0147,0.40891,-0.08141,-0.33362,spy_2020_2022.csv,1854009
SPY,2020-07-01,2020-07-01T16:00:00-04:00,310.6,2020-08-21,51.0,0.13972602739726028,325.0,call,4.05,4.06,4.09,,,0.20145,0.28632,0.01444,0.39935,-0.07699,0.11936,spy_2020_2022.csv,1854010
SPY,2020-07-01,2020-07-01T16:00:00-04:00,310.6,2020-08-21,51.0,0.13972602739726028,325.0,put,18.5,18.57,17.83,58,,0.20009,-0.71451,0.01447,0.39828,-0.07851,-0.34212,spy_2020_2022.csv,1854010
SPY,2020-07-01,2020-07-01T16:00:00-04:00,310.6,2020-08-21,51.0,0.13972602739726028,326.0,call,3.72,3.76,3.88,477,,0.19994,0.27061,0.01416,0.38793,-0.07395,0.11397,spy_2020_2022.csv,1854011
SPY,2020-07-01,2020-07-01T16:00:00-04:00,310.6,2020-08-21,51.0,0.13972602739726028,326.0,put,19.04,19.3,19.03,7,,0.19725,-0.73106,0.01426,0.3869,-0.07529,-0.35069,spy_2020_2022.csv,1854011
SPY,2020-07-01,2020-07-01T16:00:00-04:00,310.6,2020-08-21,51.0,0.13972602739726028,327.0,call,3.4,3.44,3.73,91,,0.1973,0.25523,0.01386,0.37694,-0.07118,0.10672,spy_2020_2022.csv,1854012
SPY,2020-07-01,2020-07-01T16:00:00-04:00,310.6,2020-08-21,51.0,0.13972602739726028,327.0,put,19.67,20.05,19.04,3,,0.19526,-0.74721,0.01397,0.37427,-0.07219,-0.35836,spy_2020_2022.csv,1854012
SPY,2020-07-01,2020-07-01T16:00:00-04:00,310.6,2020-08-21,51.0,0.13972602739726028,328.0,call,3.11,3.13,3.16,416,,0.19617,0.24008,0.01354,0.36493,-0.06783,0.10116,spy_2020_2022.csv,1854013
SPY,2020-07-01,2020-07-01T16:00:00-04:00,310.6,2020-08-21,51.0,0.13972602739726028,328.0,put,20.57,20.63,20.54,1,,0.19446,-0.76133,0.01361,0.36278,-0.06932,-0.36626,spy_2020_2022.csv,1854013
SPY,2020-07-01,2020-07-01T16:00:00-04:00,310.6,2020-08-21,51.0,0.13972602739726028,329.0,call,2.85,2.88,2.98,727,,0.19391,0.22537,0.01317,0.35269,-0.06506,0.09467,spy_2020_2022.csv,1854014
SPY,2020-07-01,2020-07-01T16:00:00-04:00,310.6,2020-08-21,51.0,0.13972602739726028,329.0,put,20.57,21.27,21.93,2,,0.18028,-0.79214,0.01346,0.33533,-0.06011,-0.37969,spy_2020_2022.csv,1854014
SPY,2020-07-01,2020-07-01T16:00:00-04:00,310.6,2020-08-21,51.0,0.13972602739726028,330.0,call,2.61,2.66,2.63,,,0.19331,0.21208,0.01282,0.34049,-0.06286,0.08964,spy_2020_2022.csv,1854015
SPY,2020-07-01,2020-07-01T16:00:00-04:00,310.6,2020-08-21,51.0,0.13972602739726028,330.0,put,22.0,22.13,22.09,106,,0.19079,-0.7916,0.01281,0.33709,-0.06358,-0.38084,spy_2020_2022.csv,1854015
SPY,2020-07-01,2020-07-01T16:00:00-04:00,310.6,2020-08-21,51.0,0.13972602739726028,331.0,call,2.37,2.41,2.53,291,,0.19137,0.19793,0.01243,0.32617,-0.06004,0.08386,spy_2020_2022.csv,1854016
SPY,2020-07-01,2020-07-01T16:00:00-04:00,310.6,2020-08-21,51.0,0.13972602739726028,331.0,put,22.58,22.94,21.93,8,,0.18648,-0.80849,0.01246,0.31925,-0.05875,-0.38947,spy_2020_2022.csv,1854016
SPY,2020-07-01,2020-07-01T16:00:00-04:00,310.6,2020-08-21,51.0,0.13972602739726028,332.0,call,2.18,2.22,2.41,372,,0.19146,0.18575,0.01195,0.31429,-0.05734,0.07881,spy_2020_2022.csv,1854017
SPY,2020-07-01,2020-07-01T16:00:00-04:00,310.6,2020-08-21,51.0,0.13972602739726028,332.0,put,23.41,23.81,23.1,1,,0.18674,-0.81912,0.01201,0.30823,-0.05791,-0.39525,spy_2020_2022.csv,1854017
SPY,2020-07-01,2020-07-01T16:00:00-04:00,310.6,2020-08-21,51.0,0.13972602739726028,333.0,call,1.98,2.01,2.0,106,,0.18978,0.17244,0.01145,0.29998,-0.05421,0.07334,spy_2020_2022.csv,1854018
SPY,2020-07-01,2020-07-01T16:00:00-04:00,310.6,2020-08-21,51.0,0.13972602739726028,333.0,put,24.13,24.52,28.1,0,,0.18349,-0.83539,0.01152,0.29012,-0.05334,-0.40437,spy_2020_2022.csv,1854018
SPY,2020-07-01,2020-07-01T16:00:00-04:00,310.6,2020-08-21,51.0,0.13972602739726028,334.0,call,1.81,1.83,1.82,100,,0.18948,0.16183,0.0111,0.28704,-0.05136,0.06839,spy_2020_2022.csv,1854019
SPY,2020-07-01,2020-07-01T16:00:00-04:00,310.6,2020-08-21,51.0,0.13972602739726028,334.0,put,25.16,25.36,25.23,36,,0.18553,-0.84335,0.01103,0.28231,-0.05204,-0.40905,spy_2020_2022.csv,1854019
SPY,2020-07-01,2020-07-01T16:00:00-04:00,310.6,2020-08-21,51.0,0.13972602739726028,335.0,call,1.65,1.69,1.65,,,0.18881,0.15027,0.01057,0.27456,-0.04923,0.0645,spy_2020_2022.csv,1854020
SPY,2020-07-01,2020-07-01T16:00:00-04:00,310.6,2020-08-21,51.0,0.13972602739726028,335.0,put,25.95,26.19,26.0,13,,0.18428,-0.85571,0.01056,0.2673,-0.04941,-0.41492,spy_2020_2022.csv,1854020
SPY,2020-07-01,2020-07-01T16:00:00-04:00,310.6,2020-08-21,51.0,0.13972602739726028,336.0,call,1.51,1.54,1.52,68,,0.18748,0.13962,0.01015,0.26173,-0.04675,0.06009,spy_2020_2022.csv,1854021
SPY,2020-07-01,2020-07-01T16:00:00-04:00,310.6,2020-08-21,51.0,0.13972602739726028,336.0,put,26.81,27.22,26.5,6,,0.18625,-0.86133,0.01013,0.26004,-0.04797,-0.41946,spy_2020_2022.csv,1854021
SPY,2020-07-01,2020-07-01T16:00:00-04:00,310.6,2020-08-21,51.0,0.13972602739726028,337.0,call,1.39,1.41,1.39,76,,0.18801,0.13098,0.0097,0.24992,-0.04466,0.0557,spy_2020_2022.csv,1854022
SPY,2020-07-01,2020-07-01T16:00:00-04:00,310.6,2020-08-21,51.0,0.13972602739726028,337.0,put,27.65,27.95,32.47,10,,0.18242,-0.87583,0.00953,0.2408,-0.04367,-0.42695,spy_2020_2022.csv,1854022
SPY,2020-07-01,2020-07-01T16:00:00-04:00,310.6,2020-08-21,51.0,0.13972602739726028,338.0,call,1.29,1.31,1.27,34,,0.18784,0.12235,0.00924,0.23953,-0.04247,0.05227,spy_2020_2022.csv,1854023
SPY,2020-07-01,2020-07-01T16:00:00-04:00,310.6,2020-08-21,51.0,0.13972602739726028,338.0,put,28.41,28.83,36.53,1,,0.17943,-0.88813,0.00901,0.22251,-0.04074,-0.43374,spy_2020_2022.csv,1854023
SPY,2020-07-01,2020-07-01T16:00:00-04:00,310.6,2020-08-21,51.0,0.13972602739726028,339.0,call,1.17,1.19,1.3,35,,0.18728,0.11321,0.00878,0.22658,-0.03988,0.04815,spy_2020_2022.csv,1854024
SPY,2020-07-01,2020-07-01T16:00:00-04:00,310.6,2020-08-21,51.0,0.13972602739726028,339.0,put,29.43,29.9,40.19,3,,0.18595,-0.88871,0.00868,0.22295,-0.04193,-0.43541,spy_2020_2022.csv,1854024
SPY,2020-07-01,2020-07-01T16:00:00-04:00,310.6,2020-08-21,51.0,0.13972602739726028,340.0,call,1.09,1.12,1.11,589,,0.18822,0.1068,0.00837,0.21691,-0.03838,0.04599,spy_2020_2022.csv,1854025
SPY,2020-07-01,2020-07-01T16:00:00-04:00,310.6,2020-08-21,51.0,0.13972602739726028,340.0,put,30.42,30.63,30.45,100,,0.18326,-0.89979,0.0082,0.20686,-0.03829,-0.44114,spy_2020_2022.csv,1854025
SPY,2020-07-01,2020-07-01T16:00:00-04:00,310.6,2020-08-21,51.0,0.13972602739726028,341.0,call,1.0,1.01,1.11,120,,0.18823,0.0988,0.00789,0.20521,-0.03636,0.04268,spy_2020_2022.csv,1854026
SPY,2020-07-01,2020-07-01T16:00:00-04:00,310.6,2020-08-21,51.0,0.13972602739726028,341.0,put,31.11,31.58,0.0,,,0.17848,-0.91278,0.00757,0.1868,-0.03359,-0.44836,spy_2020_2022.csv,1854026
SPY,2020-07-01,2020-07-01T16:00:00-04:00,310.6,2020-08-21,51.0,0.13972602739726028,342.0,call,0.92,0.94,1.02,610,,0.18906,0.09247,0.00755,0.19556,-0.03506,0.03978,spy_2020_2022.csv,1854027
SPY,2020-07-01,2020-07-01T16:00:00-04:00,310.6,2020-08-21,51.0,0.13972602739726028,342.0,put,32.06,32.51,39.0,1,,0.17917,-0.91836,0.00713,0.17703,-0.03238,-0.45184,spy_2020_2022.csv,1854027
SPY,2020-07-01,2020-07-01T16:00:00-04:00,310.6,2020-08-21,51.0,0.13972602739726028,343.0,call,0.87,0.88,0.91,22,,0.18959,0.08701,0.00719,0.18721,-0.03369,0.03694,spy_2020_2022.csv,1854028
SPY,2020-07-01,2020-07-01T16:00:00-04:00,310.6,2020-08-21,51.0,0.13972602739726028,343.0,put,33.02,33.59,42.27,1,,0.18476,-0.91809,0.00701,0.17748,-0.03371,-0.45377,spy_2020_2022.csv,1854028
SPY,2020-07-01,2020-07-01T16:00:00-04:00,310.6,2020-08-21,51.0,0.13972602739726028,344.0,call,0.8,0.81,0.86,29,,0.18977,0.0812,0.00682,0.17811,-0.03204,0.03504,spy_2020_2022.csv,1854029
SPY,2020-07-01,2020-07-01T16:00:00-04:00,310.6,2020-08-21,51.0,0.13972602739726028,344.0,put,33.91,34.47,36.74,1,,0.18163,-0.92804,0.0064,0.16174,-0.03035,-0.45827,spy_2020_2022.csv,1854029
SPY,2020-07-01,2020-07-01T16:00:00-04:00,310.6,2020-08-21,51.0,0.13972602739726028,345.0,call,0.72,0.75,0.74,717,,0.19066,0.07618,0.00643,0.16898,-0.03,0.03267,spy_2020_2022.csv,1854030
SPY,2020-07-01,2020-07-01T16:00:00-04:00,310.6,2020-08-21,51.0,0.13972602739726028,345.0,put,34.98,35.29,35.36,2,,0.18299,-0.93255,0.00613,0.15329,-0.029,-0.46238,spy_2020_2022.csv,1854030
SPY,2020-07-01,2020-07-01T16:00:00-04:00,310.6,2020-08-21,51.0,0.13972602739726028,346.0,call,0.67,0.69,0.76,16,,0.19089,0.07065,0.00604,0.16009,-0.02883,0.02997,spy_2020_2022.csv,1854031
SPY,2020-07-01,2020-07-01T16:00:00-04:00,310.6,2020-08-21,51.0,0.13972602739726028,346.0,put,35.93,36.4,37.33,1,,0.18779,-0.93157,0.00595,0.15403,-0.03004,-0.4633,spy_2020_2022.csv,1854031
SPY,2020-07-01,2020-07-01T16:00:00-04:00,310.6,2020-08-21,51.0,0.13972602739726028,347.0,call,0.65,0.65,0.67,11,,0.19224,0.06746,0.00575,0.15286,-0.02799,0.02845,spy_2020_2022.csv,1854032
SPY,2020-07-01,2020-07-01T16:00:00-04:00,310.6,2020-08-21,51.0,0.13972602739726028,347.0,put,36.75,37.26,38.2,1,,0.1816,-0.94368,0.00525,0.13285,-0.02533,-0.47018,spy_2020_2022.csv,1854032
SPY,2020-07-01,2020-07-01T16:00:00-04:00,310.6,2020-08-21,51.0,0.13972602739726028,348.0,call,0.59,0.61,0.64,45,,0.19342,0.06339,0.00543,0.14677,-0.02647,0.02687,spy_2020_2022.csv,1854033
SPY,2020-07-01,2020-07-01T16:00:00-04:00,310.6,2020-08-21,51.0,0.13972602739726028,348.0,put,37.84,38.32,41.4,2,,0.18911,-0.94078,0.00529,0.13882,-0.02707,-0.46971,spy_2020_2022.csv,1854033
SPY,2020-07-01,2020-07-01T16:00:00-04:00,310.6,2020-08-21,51.0,0.13972602739726028,349.0,call,0.56,0.57,0.56,1,,0.19455,0.05965,0.00515,0.13971,-0.02511,0.02529,spy_2020_2022.csv,1854034
SPY,2020-07-01,2020-07-01T16:00:00-04:00,310.6,2020-08-21,51.0,0.13972602739726028,349.0,put,38.66,39.17,45.88,1,,0.18043,-0.95286,0.00453,0.11462,-0.02213,-0.47736,spy_2020_2022.csv,1854034
SPY,2020-07-01,2020-07-01T16:00:00-04:00,310.6,2020-08-21,51.0,0.13972602739726028,350.0,call,0.52,0.53,0.54,,,0.19473,0.05603,0.00493,0.13195,-0.02404,0.02391,spy_2020_2022.csv,1854035
SPY,2020-07-01,2020-07-01T16:00:00-04:00,310.6,2020-08-21,51.0,0.13972602739726028,350.0,put,39.78,40.09,39.5,5,,0.18519,-0.95311,0.00445,0.11504,-0.02262,-0.47854,spy_2020_2022.csv,1854035
SPY,2020-07-01,2020-07-01T16:00:00-04:00,310.6,2020-08-21,51.0,0.13972602739726028,351.0,call,0.47,0.48,0.51,53,,0.19525,0.05197,0.00461,0.12524,-0.02268,0.02245,spy_2020_2022.csv,1854036
SPY,2020-07-01,2020-07-01T16:00:00-04:00,310.6,2020-08-21,51.0,0.13972602739726028,351.0,put,40.55,41.17,47.83,1,,0.18196,-0.96004,0.00403,0.10157,-0.01926,-0.48216,spy_2020_2022.csv,1854036
SPY,2020-07-01,2020-07-01T16:00:00-04:00,310.6,2020-08-21,51.0,0.13972602739726028,352.0,call,0.44,0.46,0.48,14,,0.19639,0.04909,0.0044,0.119,-0.02182,0.02091,spy_2020_2022.csv,1854037
SPY,2020-07-01,2020-07-01T16:00:00-04:00,310.6,2020-08-21,51.0,0.13972602739726028,352.0,put,41.67,42.18,41.78,4,,0.19156,-0.95513,0.00414,0.11077,-0.022,-0.48184,spy_2020_2022.csv,1854037
SPY,2020-07-01,2020-07-01T16:00:00-04:00,310.6,2020-08-21,51.0,0.13972602739726028,353.0,call,0.41,0.43,0.46,14,,0.19757,0.04591,0.00416,0.1134,-0.02128,0.01942,spy_2020_2022.csv,1854038
SPY,2020-07-01,2020-07-01T16:00:00-04:00,310.6,2020-08-21,51.0,0.13972602739726028,353.0,put,42.66,43.16,42.86,20,,0.19399,-0.95717,0.00395,0.10707,-0.02193,-0.48441,spy_2020_2022.csv,1854038
SPY,2020-07-01,2020-07-01T16:00:00-04:00,310.6,2020-08-21,51.0,0.13972602739726028,355.0,call,0.36,0.38,0.41,139,,0.20007,0.04022,0.00377,0.10282,-0.01918,0.0173,spy_2020_2022.csv,1854039
SPY,2020-07-01,2020-07-01T16:00:00-04:00,310.6,2020-08-21,51.0,0.13972602739726028,355.0,put,44.59,44.94,41.95,2,,0.18484,-0.96954,0.0031,0.07987,-0.01657,-0.49221,spy_2020_2022.csv,1854039
SPY,2020-07-01,2020-07-01T16:00:00-04:00,310.6,2020-08-21,51.0,0.13972602739726028,360.0,call,0.27,0.27,0.27,,,0.20371,0.02975,0.00282,0.07949,-0.01468,0.0131,spy_2020_2022.csv,1854040
SPY,2020-07-01,2020-07-01T16:00:00-04:00,310.6,2020-08-21,51.0,0.13972602739726028,360.0,put,49.49,49.87,53.7,0,,0.18585,-0.98017,0.00217,0.05533,-0.01197,-0.5041,spy_2020_2022.csv,1854040
SPY,2020-07-01,2020-07-01T16:00:00-04:00,310.6,2020-08-21,51.0,0.13972602739726028,365.0,call,0.2,0.21,0.21,80,,0.20923,0.02161,0.00216,0.06209,-0.01208,0.00995,spy_2020_2022.csv,1854041
SPY,2020-07-01,2020-07-01T16:00:00-04:00,310.6,2020-08-21,51.0,0.13972602739726028,365.0,put,54.42,54.95,59.39,0,,0.20271,-0.98044,0.00193,0.05501,-0.01275,-0.51129,spy_2020_2022.csv,1854041
SPY,2020-07-01,2020-07-01T16:00:00-04:00,310.6,2020-08-21,51.0,0.13972602739726028,370.0,call,0.14,0.15,0.15,59,,0.21434,0.01653,0.00167,0.04865,-0.00957,0.00709,spy_2020_2022.csv,1854042
SPY,2020-07-01,2020-07-01T16:00:00-04:00,310.6,2020-08-21,51.0,0.13972602739726028,370.0,put,59.39,59.91,59.47,1,,0.20912,-0.98535,0.00149,0.04386,-0.01131,-0.52062,spy_2020_2022.csv,1854042
SPY,2020-07-01,2020-07-01T16:00:00-04:00,310.6,2020-08-21,51.0,0.13972602739726028,375.0,call,0.11,0.13,0.12,8,,0.22094,0.01334,0.00133,0.04037,-0.00783,0.00523,spy_2020_2022.csv,1854043
SPY,2020-07-01,2020-07-01T16:00:00-04:00,310.6,2020-08-21,51.0,0.13972602739726028,375.0,put,64.13,64.75,64.03,1,,0.00015,-1.0,0.0,0.0,-0.00238,-0.53347,spy_2020_2022.csv,1854043
SPY,2020-07-01,2020-07-01T16:00:00-04:00,310.6,2020-08-21,51.0,0.13972602739726028,380.0,call,0.09,0.1,0.11,43,,0.22845,0.01108,0.00109,0.03375,-0.00664,0.00434,spy_2020_2022.csv,1854044
SPY,2020-07-01,2020-07-01T16:00:00-04:00,310.6,2020-08-21,51.0,0.13972602739726028,380.0,put,69.1,69.73,77.41,1,,0.00059,-1.0,0.0,1.25486,0.0,0.0,spy_2020_2022.csv,1854044
SPY,2020-07-01,2020-07-01T16:00:00-04:00,310.6,2020-08-21,51.0,0.13972602739726028,385.0,call,0.06,0.08,0.08,10,,0.23477,0.00838,0.00088,0.02737,-0.00587,0.00411,spy_2020_2022.csv,1854045
SPY,2020-07-01,2020-07-01T16:00:00-04:00,310.6,2020-08-21,51.0,0.13972602739726028,385.0,put,74.3,74.83,0.0,,,0.21769,-0.9946,0.00056,0.01721,-0.00635,-0.54549,spy_2020_2022.csv,1854045
SPY,2020-07-01,2020-07-01T16:00:00-04:00,310.6,2020-08-21,51.0,0.13972602739726028,390.0,call,0.07,0.07,0.06,818,,0.24206,0.00692,0.00073,0.02409,-0.00491,0.00351,spy_2020_2022.csv,1854046
SPY,2020-07-01,2020-07-01T16:00:00-04:00,310.6,2020-08-21,51.0,0.13972602739726028,390.0,put,79.18,79.8,87.24,1,,-6e-05,-0.9996,0.0,0.0,-0.00263,-0.55533,spy_2020_2022.csv,1854046
SPY,2020-07-01,2020-07-01T16:00:00-04:00,310.6,2020-08-21,51.0,0.13972602739726028,395.0,call,0.05,0.07,0.06,89,,0.2491,0.00599,0.0006,0.02065,-0.00466,0.003,spy_2020_2022.csv,1854047
SPY,2020-07-01,2020-07-01T16:00:00-04:00,310.6,2020-08-21,51.0,0.13972602739726028,395.0,put,84.27,84.8,0.0,,,0.21875,-0.99758,0.00022,0.00729,-0.00359,-0.56176,spy_2020_2022.csv,1854047
SPY,2020-07-01,2020-07-01T16:00:00-04:00,310.6,2020-08-21,51.0,0.13972602739726028,400.0,call,0.03,0.05,0.04,115,,0.25547,0.00515,0.00049,0.01729,-0.00383,0.00217,spy_2020_2022.csv,1854048
SPY,2020-07-01,2020-07-01T16:00:00-04:00,310.6,2020-08-21,51.0,0.13972602739726028,400.0,put,89.26,89.8,100.0,20,,0.20888,-0.99924,0.00013,0.00305,-0.00261,-0.5692,spy_2020_2022.csv,1854048
SPY,2020-07-01,2020-07-01T16:00:00-04:00,310.6,2020-08-21,51.0,0.13972602739726028,405.0,call,0.02,0.03,0.04,1,,0.25992,0.00419,0.00033,0.01332,-0.00354,0.00146,spy_2020_2022.csv,1854049
SPY,2020-07-01,2020-07-01T16:00:00-04:00,310.6,2020-08-21,51.0,0.13972602739726028,405.0,put,94.26,94.79,0.0,,,0.00345,-0.99947,0.0,0.0,-0.00192,-0.57641,spy_2020_2022.csv,1854049
SPY,2020-07-01,2020-07-01T16:00:00-04:00,310.6,2020-08-21,51.0,0.13972602739726028,410.0,call,0.03,0.05,0.04,36,,0.27051,0.00386,0.00037,0.01314,-0.00278,0.00202,spy_2020_2022.csv,1854050
SPY,2020-07-01,2020-07-01T16:00:00-04:00,310.6,2020-08-21,51.0,0.13972602739726028,410.0,put,99.12,99.73,105.37,4,,-8e-05,-0.99999,0.0,0.0,-0.00232,-0.58349,spy_2020_2022.csv,1854050
SPY,2020-07-01,2020-07-01T16:00:00-04:00,310.6,2020-08-21,51.0,0.13972602739726028,415.0,call,0.02,0.02,0.02,176,,0.27155,0.00256,0.00031,0.01037,-0.00283,0.00104,spy_2020_2022.csv,1854051
SPY,2020-07-01,2020-07-01T16:00:00-04:00,310.6,2020-08-21,51.0,0.13972602739726028,415.0,put,104.28,104.8,0.0,,,0.2665,-0.99753,0.0002,0.00858,-0.00491,-0.58977,spy_2020_2022.csv,1854051
SPY,2020-07-01,2020-07-01T16:00:00-04:00,310.6,2020-08-21,51.0,0.13972602739726028,420.0,call,0.03,0.03,0.03,78,,0.28156,0.00216,0.0002,0.01,-0.00282,0.00149,spy_2020_2022.csv,1854052
SPY,2020-07-01,2020-07-01T16:00:00-04:00,310.6,2020-08-21,51.0,0.13972602739726028,420.0,put,109.25,109.79,115.6,49,,0.00045,-1.0,0.0,1.2495,0.0,0.0,spy_2020_2022.csv,1854052
SPY,2020-07-01,2020-07-01T16:00:00-04:00,310.6,2020-08-21,51.0,0.13972602739726028,425.0,call,0.02,0.04,0.03,6,,0.29122,0.00245,0.00021,0.0094,-0.0023,0.00102,spy_2020_2022.csv,1854053
SPY,2020-07-01,2020-07-01T16:00:00-04:00,310.6,2020-08-21,51.0,0.13972602739726028,425.0,put,114.24,114.78,114.58,8,,-0.00012,-1.0,0.0,1.24899,0.0,0.0,spy_2020_2022.csv,1854053
SPY,2020-07-01,2020-07-01T16:00:00-04:00,310.6,2020-09-30,91.0,0.2493150684931507,209.0,call,102.14,102.95,59.25,7,,0.55417,0.91332,0.00069,0.19085,-0.05383,0.12392,spy_2020_2022.csv,1854295
SPY,2020-07-01,2020-07-01T16:00:00-04:00,310.6,2020-09-30,91.0,0.2493150684931507,209.0,put,1.03,1.05,3.2,2,,0.45673,-0.03365,0.00107,0.11681,-0.02878,-0.02924,spy_2020_2022.csv,1854295
SPY,2020-07-01,2020-07-01T16:00:00-04:00,310.6,2020-09-30,91.0,0.2493150684931507,210.0,call,101.13,101.95,101.7,2,,0.54589,0.91387,0.00068,0.1909,-0.05264,0.12569,spy_2020_2022.csv,1854296
SPY,2020-07-01,2020-07-01T16:00:00-04:00,310.6,2020-09-30,91.0,0.2493150684931507,210.0,put,1.05,1.08,1.05,49,,0.45515,-0.03471,0.00112,0.11983,-0.0301,-0.03002,spy_2020_2022.csv,1854296
SPY,2020-07-01,2020-07-01T16:00:00-04:00,310.6,2020-09-30,91.0,0.2493150684931507,211.0,call,100.16,100.96,79.22,2,,0.54069,0.91372,0.00073,0.19133,-0.05239,0.1289,spy_2020_2022.csv,1854297
SPY,2020-07-01,2020-07-01T16:00:00-04:00,310.6,2020-09-30,91.0,0.2493150684931507,211.0,put,1.08,1.1,2.0,1,,0.45319,-0.03557,0.00115,0.12251,-0.02998,-0.03027,spy_2020_2022.csv,1854297
SPY,2020-07-01,2020-07-01T16:00:00-04:00,310.6,2020-09-30,91.0,0.2493150684931507,212.0,call,99.22,100.01,0.0,,,0.5362,0.91363,0.00081,0.19319,-0.0522,0.13321,spy_2020_2022.csv,1854298
SPY,2020-07-01,2020-07-01T16:00:00-04:00,310.6,2020-09-30,91.0,0.2493150684931507,212.0,put,1.11,1.12,1.4,0,,0.45092,-0.03676,0.00111,0.1254,-0.03062,-0.03165,spy_2020_2022.csv,1854298
SPY,2020-07-01,2020-07-01T16:00:00-04:00,310.6,2020-09-30,91.0,0.2493150684931507,213.0,call,98.24,99.06,0.0,,,0.53174,0.91348,0.00079,0.195,-0.05176,0.13695,spy_2020_2022.csv,1854299
SPY,2020-07-01,2020-07-01T16:00:00-04:00,310.6,2020-09-30,91.0,0.2493150684931507,213.0,put,1.13,1.15,1.56,2,,0.44759,-0.03765,0.00116,0.12732,-0.03147,-0.0323,spy_2020_2022.csv,1854299
SPY,2020-07-01,2020-07-01T16:00:00-04:00,310.6,2020-09-30,91.0,0.2493150684931507,214.0,call,97.28,98.09,92.12,0,,0.52616,0.91337,0.00081,0.19546,-0.05219,0.14133,spy_2020_2022.csv,1854300
SPY,2020-07-01,2020-07-01T16:00:00-04:00,310.6,2020-09-30,91.0,0.2493150684931507,214.0,put,1.16,1.19,1.44,0,,0.44494,-0.03844,0.0012,0.13044,-0.03175,-0.03292,spy_2020_2022.csv,1854300
SPY,2020-07-01,2020-07-01T16:00:00-04:00,310.6,2020-09-30,91.0,0.2493150684931507,215.0,call,96.22,97.22,0.0,,,0.52199,0.91301,0.00091,0.19748,-0.0523,0.1456,spy_2020_2022.csv,1854301
SPY,2020-07-01,2020-07-01T16:00:00-04:00,310.6,2020-09-30,91.0,0.2493150684931507,215.0,put,1.19,1.23,1.23,2,,0.44254,-0.03989,0.00125,0.13362,-0.03253,-0.0342,spy_2020_2022.csv,1854301
SPY,2020-07-01,2020-07-01T16:00:00-04:00,310.6,2020-09-30,91.0,0.2493150684931507,216.0,call,95.33,96.12,90.46,0,,0.51482,0.91371,0.00089,0.19796,-0.05095,0.14736,spy_2020_2022.csv,1854302
SPY,2020-07-01,2020-07-01T16:00:00-04:00,310.6,2020-09-30,91.0,0.2493150684931507,216.0,put,1.23,1.26,1.41,0,,0.44131,-0.04064,0.00129,0.13725,-0.03288,-0.03575,spy_2020_2022.csv,1854302
SPY,2020-07-01,2020-07-01T16:00:00-04:00,310.6,2020-09-30,91.0,0.2493150684931507,217.0,call,94.35,95.18,0.0,,,0.51085,0.91313,0.00095,0.19924,-0.05112,0.15285,spy_2020_2022.csv,1854303
SPY,2020-07-01,2020-07-01T16:00:00-04:00,310.6,2020-09-30,91.0,0.2493150684931507,217.0,put,1.27,1.29,1.29,2,,0.43896,-0.04186,0.00129,0.14043,-0.03386,-0.03673,spy_2020_2022.csv,1854303
SPY,2020-07-01,2020-07-01T16:00:00-04:00,310.6,2020-09-30,91.0,0.2493150684931507,218.0,call,93.4,94.21,26.85,23,,0.50626,0.91363,0.00094,0.20077,-0.05091,0.15664,spy_2020_2022.csv,1854304
SPY,2020-07-01,2020-07-01T16:00:00-04:00,310.6,2020-09-30,91.0,0.2493150684931507,218.0,put,1.3,1.34,2.09,20,,0.43642,-0.04313,0.00135,0.1436,-0.03482,-0.03762,spy_2020_2022.csv,1854304
SPY,2020-07-01,2020-07-01T16:00:00-04:00,310.6,2020-09-30,91.0,0.2493150684931507,219.0,call,92.43,93.22,88.7,0,,0.5013,0.91348,0.00098,0.20224,-0.0506,0.15962,spy_2020_2022.csv,1854305
SPY,2020-07-01,2020-07-01T16:00:00-04:00,310.6,2020-09-30,91.0,0.2493150684931507,219.0,put,1.33,1.37,1.7,0,,0.434,-0.04503,0.00142,0.14662,-0.03464,-0.03842,spy_2020_2022.csv,1854305
SPY,2020-07-01,2020-07-01T16:00:00-04:00,310.6,2020-09-30,91.0,0.2493150684931507,220.0,call,91.22,92.39,92.16,2,,0.49383,0.91348,0.00107,0.20189,-0.04974,0.16193,spy_2020_2022.csv,1854306
SPY,2020-07-01,2020-07-01T16:00:00-04:00,310.6,2020-09-30,91.0,0.2493150684931507,220.0,put,1.37,1.4,1.35,4,,0.43117,-0.04563,0.0014,0.14962,-0.03567,-0.03888,spy_2020_2022.csv,1854306
SPY,2020-07-01,2020-07-01T16:00:00-04:00,310.6,2020-09-30,91.0,0.2493150684931507,221.0,call,90.24,91.45,87.95,2,,0.48921,0.91302,0.00107,0.20269,-0.04954,0.16588,spy_2020_2022.csv,1854307
SPY,2020-07-01,2020-07-01T16:00:00-04:00,310.6,2020-09-30,91.0,0.2493150684931507,221.0,put,1.4,1.44,2.88,5,,0.42959,-0.047,0.00146,0.15322,-0.03627,-0.04038,spy_2020_2022.csv,1854307
SPY,2020-07-01,2020-07-01T16:00:00-04:00,310.6,2020-09-30,91.0,0.2493150684931507,222.0,call,89.51,90.36,92.22,50,,0.48693,0.91282,0.00117,0.20708,-0.05034,0.17311,spy_2020_2022.csv,1854308
SPY,2020-07-01,2020-07-01T16:00:00-04:00,310.6,2020-09-30,91.0,0.2493150684931507,222.0,put,1.45,1.47,1.54,2,,0.42782,-0.0486,0.00154,0.15705,-0.03696,-0.04157,spy_2020_2022.csv,1854308
SPY,2020-07-01,2020-07-01T16:00:00-04:00,310.6,2020-09-30,91.0,0.2493150684931507,223.0,call,88.55,89.35,69.67,2,,0.48176,0.91245,0.00121,0.2081,-0.04995,0.17692,spy_2020_2022.csv,1854309
SPY,2020-07-01,2020-07-01T16:00:00-04:00,310.6,2020-09-30,91.0,0.2493150684931507,223.0,put,1.49,1.52,1.5,1,,0.42526,-0.04973,0.00156,0.16058,-0.03776,-0.04292,spy_2020_2022.csv,1854309
SPY,2020-07-01,2020-07-01T16:00:00-04:00,310.6,2020-09-30,91.0,0.2493150684931507,224.0,call,87.58,88.43,38.4,1,,0.47849,0.91117,0.00125,0.21084,-0.05007,0.1823,spy_2020_2022.csv,1854310
SPY,2020-07-01,2020-07-01T16:00:00-04:00,310.6,2020-09-30,91.0,0.2493150684931507,224.0,put,1.55,1.56,1.8,0,,0.42357,-0.05171,0.00162,0.1645,-0.03797,-0.044,spy_2020_2022.csv,1854310
SPY,2020-07-01,2020-07-01T16:00:00-04:00,310.6,2020-09-30,91.0,0.2493150684931507,225.0,call,86.66,87.48,85.34,1,,0.4755,0.91102,0.00125,0.2129,-0.05079,0.18795,spy_2020_2022.csv,1854311
SPY,2020-07-01,2020-07-01T16:00:00-04:00,310.6,2020-09-30,91.0,0.2493150684931507,225.0,put,1.58,1.61,1.59,299,,0.42107,-0.0527,0.00162,0.16827,-0.03921,-0.045,spy_2020_2022.csv,1854311
SPY,2020-07-01,2020-07-01T16:00:00-04:00,310.6,2020-09-30,91.0,0.2493150684931507,226.0,call,85.67,86.5,0.0,,,0.47007,0.91113,0.00134,0.2144,-0.05022,0.19082,spy_2020_2022.csv,1854312
SPY,2020-07-01,2020-07-01T16:00:00-04:00,310.6,2020-09-30,91.0,0.2493150684931507,226.0,put,1.63,1.65,1.91,0,,0.41925,-0.05468,0.00173,0.17224,-0.03927,-0.04707,spy_2020_2022.csv,1854312
SPY,2020-07-01,2020-07-01T16:00:00-04:00,310.6,2020-09-30,91.0,0.2493150684931507,227.0,call,84.67,85.46,65.57,2,,0.46328,0.91148,0.00138,0.21469,-0.04978,0.19281,spy_2020_2022.csv,1854313
SPY,2020-07-01,2020-07-01T16:00:00-04:00,310.6,2020-09-30,91.0,0.2493150684931507,227.0,put,1.67,1.7,2.14,0,,0.41748,-0.05586,0.00174,0.17539,-0.04069,-0.04761,spy_2020_2022.csv,1854313
SPY,2020-07-01,2020-07-01T16:00:00-04:00,310.6,2020-09-30,91.0,0.2493150684931507,228.0,call,83.51,84.77,79.04,0,,0.46086,0.91044,0.00136,0.21735,-0.04999,0.20003,spy_2020_2022.csv,1854314
SPY,2020-07-01,2020-07-01T16:00:00-04:00,310.6,2020-09-30,91.0,0.2493150684931507,228.0,put,1.72,1.74,1.85,1,,0.4149,-0.05759,0.00177,0.17967,-0.04082,-0.04948,spy_2020_2022.csv,1854314
SPY,2020-07-01,2020-07-01T16:00:00-04:00,310.6,2020-09-30,91.0,0.2493150684931507,229.0,call,82.83,83.64,65.13,2,,0.45973,0.90808,0.00152,0.22195,-0.0507,0.20718,spy_2020_2022.csv,1854315
SPY,2020-07-01,2020-07-01T16:00:00-04:00,310.6,2020-09-30,91.0,0.2493150684931507,229.0,put,1.77,1.8,3.36,5,,0.41341,-0.05939,0.0018,0.18454,-0.04208,-0.05064,spy_2020_2022.csv,1854315
SPY,2020-07-01,2020-07-01T16:00:00-04:00,310.6,2020-09-30,91.0,0.2493150684931507,230.0,call,81.86,82.68,85.45,30,,0.45401,0.9079,0.00155,0.22367,-0.05032,0.21106,spy_2020_2022.csv,1854316
SPY,2020-07-01,2020-07-01T16:00:00-04:00,310.6,2020-09-30,91.0,0.2493150684931507,230.0,put,1.83,1.86,1.85,15,,0.41135,-0.061,0.00186,0.18899,-0.04304,-0.0529,spy_2020_2022.csv,1854316
SPY,2020-07-01,2020-07-01T16:00:00-04:00,310.6,2020-09-30,91.0,0.2493150684931507,231.0,call,80.95,81.76,52.15,1,,0.45253,0.90635,0.00163,0.22796,-0.05118,0.21828,spy_2020_2022.csv,1854317
SPY,2020-07-01,2020-07-01T16:00:00-04:00,310.6,2020-09-30,91.0,0.2493150684931507,231.0,put,1.89,1.92,1.97,1,,0.40939,-0.06358,0.00193,0.19309,-0.04399,-0.05425,spy_2020_2022.csv,1854317
SPY,2020-07-01,2020-07-01T16:00:00-04:00,310.6,2020-09-30,91.0,0.2493150684931507,232.0,call,80.0,80.8,42.9,2,,0.44914,0.9061,0.00169,0.23076,-0.05166,0.2236,spy_2020_2022.csv,1854318
SPY,2020-07-01,2020-07-01T16:00:00-04:00,310.6,2020-09-30,91.0,0.2493150684931507,232.0,put,1.95,1.97,2.02,2,,0.40723,-0.0654,0.00194,0.19778,-0.04429,-0.05575,spy_2020_2022.csv,1854318
SPY,2020-07-01,2020-07-01T16:00:00-04:00,310.6,2020-09-30,91.0,0.2493150684931507,233.0,call,79.06,79.86,0.0,,,0.44533,0.90485,0.00171,0.23424,-0.05209,0.22812,spy_2020_2022.csv,1854319
SPY,2020-07-01,2020-07-01T16:00:00-04:00,310.6,2020-09-30,91.0,0.2493150684931507,233.0,put,2.0,2.03,3.77,1,,0.40574,-0.0664,0.00202,0.20227,-0.04555,-0.05778,spy_2020_2022.csv,1854319
SPY,2020-07-01,2020-07-01T16:00:00-04:00,310.6,2020-09-30,91.0,0.2493150684931507,234.0,call,77.92,78.77,63.02,3,,0.43548,0.90621,0.00177,0.23141,-0.05005,0.22703,spy_2020_2022.csv,1854320
SPY,2020-07-01,2020-07-01T16:00:00-04:00,310.6,2020-09-30,91.0,0.2493150684931507,234.0,put,2.05,2.09,2.28,0,,0.40371,-0.06913,0.00208,0.2066,-0.04632,-0.05893,spy_2020_2022.csv,1854320
SPY,2020-07-01,2020-07-01T16:00:00-04:00,310.6,2020-09-30,91.0,0.2493150684931507,235.0,call,77.13,77.94,79.84,11,,0.4376,0.90292,0.00184,0.23856,-0.05211,0.23781,spy_2020_2022.csv,1854321
SPY,2020-07-01,2020-07-01T16:00:00-04:00,310.6,2020-09-30,91.0,0.2493150684931507,235.0,put,2.12,2.14,2.18,9,,0.40188,-0.07091,0.00218,0.21067,-0.04651,-0.06069,spy_2020_2022.csv,1854321
SPY,2020-07-01,2020-07-01T16:00:00-04:00,310.6,2020-09-30,91.0,0.2493150684931507,236.0,call,76.24,76.69,32.62,2,,0.42899,0.90456,0.00186,0.2371,-0.05044,0.23877,spy_2020_2022.csv,1854322
SPY,2020-07-01,2020-07-01T16:00:00-04:00,310.6,2020-09-30,91.0,0.2493150684931507,236.0,put,2.19,2.21,2.42,0,,0.40053,-0.07296,0.00224,0.21615,-0.04732,-0.06315,spy_2020_2022.csv,1854322
SPY,2020-07-01,2020-07-01T16:00:00-04:00,310.6,2020-09-30,91.0,0.2493150684931507,237.0,call,75.3,75.78,85.67,82,,0.42633,0.90263,0.00196,0.24096,-0.05122,0.24416,spy_2020_2022.csv,1854323
SPY,2020-07-01,2020-07-01T16:00:00-04:00,310.6,2020-09-30,91.0,0.2493150684931507,237.0,put,2.24,2.28,2.44,0,,0.3976,-0.07474,0.00227,0.2203,-0.04815,-0.06461,spy_2020_2022.csv,1854323
SPY,2020-07-01,2020-07-01T16:00:00-04:00,310.6,2020-09-30,91.0,0.2493150684931507,238.0,call,74.37,74.83,84.71,4,,0.4228,0.90179,0.00197,0.24525,-0.05118,0.25011,spy_2020_2022.csv,1854324
SPY,2020-07-01,2020-07-01T16:00:00-04:00,310.6,2020-09-30,91.0,0.2493150684931507,238.0,put,2.32,2.34,2.25,1,,0.39564,-0.07743,0.00238,0.22501,-0.04918,-0.06621,spy_2020_2022.csv,1854324
SPY,2020-07-01,2020-07-01T16:00:00-04:00,310.6,2020-09-30,91.0,0.2493150684931507,239.0,call,73.42,73.92,83.72,114,,0.4201,0.9,0.00213,0.24846,-0.05175,0.25562,spy_2020_2022.csv,1854325
SPY,2020-07-01,2020-07-01T16:00:00-04:00,310.6,2020-09-30,91.0,0.2493150684931507,239.0,put,2.38,2.41,2.84,0,,0.39356,-0.07977,0.00239,0.22996,-0.0504,-0.06766,spy_2020_2022.csv,1854325
SPY,2020-07-01,2020-07-01T16:00:00-04:00,310.6,2020-09-30,91.0,0.2493150684931507,240.0,call,72.26,73.38,69.1,0,,0.42093,0.89742,0.00218,0.2563,-0.05339,0.26398,spy_2020_2022.csv,1854326
SPY,2020-07-01,2020-07-01T16:00:00-04:00,310.6,2020-09-30,91.0,0.2493150684931507,240.0,put,2.44,2.48,2.43,217,,0.39223,-0.08143,0.0025,0.23496,-0.05087,-0.06984,spy_2020_2022.csv,1854326
SPY,2020-07-01,2020-07-01T16:00:00-04:00,310.6,2020-09-30,91.0,0.2493150684931507,241.0,call,71.33,72.44,50.15,1,,0.41767,0.89534,0.00222,0.26023,-0.05381,0.26979,spy_2020_2022.csv,1854327
SPY,2020-07-01,2020-07-01T16:00:00-04:00,310.6,2020-09-30,91.0,0.2493150684931507,241.0,put,2.52,2.55,2.44,295,,0.39062,-0.08377,0.00258,0.24051,-0.05184,-0.0719,spy_2020_2022.csv,1854327
SPY,2020-07-01,2020-07-01T16:00:00-04:00,310.6,2020-09-30,91.0,0.2493150684931507,242.0,call,70.65,71.11,68.5,1,,0.41178,0.89521,0.00228,0.26077,-0.0527,0.27228,spy_2020_2022.csv,1854328
SPY,2020-07-01,2020-07-01T16:00:00-04:00,310.6,2020-09-30,91.0,0.2493150684931507,242.0,put,2.6,2.63,2.73,0,,0.38869,-0.08639,0.00261,0.24579,-0.05302,-0.0742,spy_2020_2022.csv,1854328
SPY,2020-07-01,2020-07-01T16:00:00-04:00,310.6,2020-09-30,91.0,0.2493150684931507,243.0,call,69.71,70.19,80.11,56,,0.40826,0.89301,0.00243,0.26523,-0.05394,0.27774,spy_2020_2022.csv,1854329
SPY,2020-07-01,2020-07-01T16:00:00-04:00,310.6,2020-09-30,91.0,0.2493150684931507,243.0,put,2.67,2.71,2.8,183,,0.38719,-0.08914,0.00264,0.25075,-0.05365,-0.07622,spy_2020_2022.csv,1854329
SPY,2020-07-01,2020-07-01T16:00:00-04:00,310.6,2020-09-30,91.0,0.2493150684931507,244.0,call,68.78,69.26,79.12,48,,0.40619,0.892,0.00243,0.26969,-0.05402,0.28321,spy_2020_2022.csv,1854330
SPY,2020-07-01,2020-07-01T16:00:00-04:00,310.6,2020-09-30,91.0,0.2493150684931507,244.0,put,2.76,2.8,2.77,506,,0.38539,-0.09135,0.00272,0.25646,-0.05465,-0.07859,spy_2020_2022.csv,1854330
SPY,2020-07-01,2020-07-01T16:00:00-04:00,310.6,2020-09-30,91.0,0.2493150684931507,245.0,call,67.95,68.35,61.54,40,,0.40595,0.88844,0.00252,0.27621,-0.05523,0.29001,spy_2020_2022.csv,1854331
SPY,2020-07-01,2020-07-01T16:00:00-04:00,310.6,2020-09-30,91.0,0.2493150684931507,245.0,put,2.84,2.88,2.78,312,,0.38301,-0.09435,0.0028,0.26132,-0.05586,-0.08101,spy_2020_2022.csv,1854331
SPY,2020-07-01,2020-07-01T16:00:00-04:00,310.6,2020-09-30,91.0,0.2493150684931507,246.0,call,67.07,67.52,77.03,4,,0.40534,0.88549,0.00263,0.28298,-0.05697,0.29685,spy_2020_2022.csv,1854332
SPY,2020-07-01,2020-07-01T16:00:00-04:00,310.6,2020-09-30,91.0,0.2493150684931507,246.0,put,2.93,2.96,2.86,574,,0.38153,-0.09697,0.00291,0.26761,-0.05593,-0.08323,spy_2020_2022.csv,1854332
SPY,2020-07-01,2020-07-01T16:00:00-04:00,310.6,2020-09-30,91.0,0.2493150684931507,247.0,call,66.02,66.49,54.99,1,,0.39819,0.88523,0.00275,0.28366,-0.05605,0.29955,spy_2020_2022.csv,1854333
SPY,2020-07-01,2020-07-01T16:00:00-04:00,310.6,2020-09-30,91.0,0.2493150684931507,247.0,put,3.02,3.06,3.35,0,,0.38039,-0.10012,0.00293,0.27302,-0.05732,-0.08603,spy_2020_2022.csv,1854333
SPY,2020-07-01,2020-07-01T16:00:00-04:00,310.6,2020-09-30,91.0,0.2493150684931507,248.0,call,65.18,65.6,65.95,104,,0.39739,0.88235,0.00275,0.28987,-0.05677,0.30638,spy_2020_2022.csv,1854334
SPY,2020-07-01,2020-07-01T16:00:00-04:00,310.6,2020-09-30,91.0,0.2493150684931507,248.0,put,3.11,3.15,3.15,2,,0.37831,-0.10262,0.00301,0.27847,-0.05853,-0.08805,spy_2020_2022.csv,1854334
SPY,2020-07-01,2020-07-01T16:00:00-04:00,310.6,2020-09-30,91.0,0.2493150684931507,249.0,call,64.22,64.66,52.0,1,,0.39385,0.88095,0.00284,0.29331,-0.05729,0.30995,spy_2020_2022.csv,1854335
SPY,2020-07-01,2020-07-01T16:00:00-04:00,310.6,2020-09-30,91.0,0.2493150684931507,249.0,put,3.2,3.22,3.12,40,,0.37616,-0.10572,0.00312,0.28393,-0.05934,-0.09097,spy_2020_2022.csv,1854335
SPY,2020-07-01,2020-07-01T16:00:00-04:00,310.6,2020-09-30,91.0,0.2493150684931507,250.0,call,63.36,63.8,64.11,5,,0.39255,0.87801,0.00294,0.30004,-0.05826,0.31639,spy_2020_2022.csv,1854336
SPY,2020-07-01,2020-07-01T16:00:00-04:00,310.6,2020-09-30,91.0,0.2493150684931507,250.0,put,3.28,3.33,3.31,27,,0.3745,-0.10875,0.00318,0.2904,-0.06056,-0.09331,spy_2020_2022.csv,1854336
SPY,2020-07-01,2020-07-01T16:00:00-04:00,310.6,2020-09-30,91.0,0.2493150684931507,251.0,call,62.44,62.82,46.52,3,,0.38978,0.87594,0.00302,0.3042,-0.05831,0.32075,spy_2020_2022.csv,1854337
SPY,2020-07-01,2020-07-01T16:00:00-04:00,310.6,2020-09-30,91.0,0.2493150684931507,251.0,put,3.41,3.42,3.5,49,,0.37287,-0.11173,0.00328,0.29576,-0.06077,-0.09629,spy_2020_2022.csv,1854337
SPY,2020-07-01,2020-07-01T16:00:00-04:00,310.6,2020-09-30,91.0,0.2493150684931507,252.0,call,61.61,62.07,58.25,5,,0.39047,0.87093,0.00317,0.31282,-0.0604,0.32694,spy_2020_2022.csv,1854338
SPY,2020-07-01,2020-07-01T16:00:00-04:00,310.6,2020-09-30,91.0,0.2493150684931507,252.0,put,3.47,3.52,3.61,64,,0.37027,-0.11482,0.00337,0.30074,-0.06224,-0.09842,spy_2020_2022.csv,1854338
SPY,2020-07-01,2020-07-01T16:00:00-04:00,310.6,2020-09-30,91.0,0.2493150684931507,253.0,call,60.81,61.03,61.54,312,,0.38704,0.86861,0.00326,0.31801,-0.06131,0.33175,spy_2020_2022.csv,1854339
SPY,2020-07-01,2020-07-01T16:00:00-04:00,310.6,2020-09-30,91.0,0.2493150684931507,253.0,put,3.57,3.62,3.71,47,,0.3682,-0.11731,0.00339,0.30758,-0.06309,-0.10127,spy_2020_2022.csv,1854339
SPY,2020-07-01,2020-07-01T16:00:00-04:00,310.6,2020-09-30,91.0,0.2493150684931507,254.0,call,59.86,60.12,57.2,0,,0.38442,0.86614,0.00333,0.32212,-0.06136,0.33578,spy_2020_2022.csv,1854340
SPY,2020-07-01,2020-07-01T16:00:00-04:00,310.6,2020-09-30,91.0,0.2493150684931507,254.0,put,3.71,3.76,4.46,0,,0.36701,-0.12138,0.00351,0.31474,-0.06393,-0.10474,spy_2020_2022.csv,1854340
SPY,2020-07-01,2020-07-01T16:00:00-04:00,310.6,2020-09-30,91.0,0.2493150684931507,255.0,call,58.78,59.16,54.81,47,,0.37748,0.86537,0.00344,0.32399,-0.06009,0.33871,spy_2020_2022.csv,1854341
SPY,2020-07-01,2020-07-01T16:00:00-04:00,310.6,2020-09-30,91.0,0.2493150684931507,255.0,put,3.74,3.93,3.79,4,,0.36629,-0.12486,0.0036,0.32063,-0.06485,-0.10794,spy_2020_2022.csv,1854341
SPY,2020-07-01,2020-07-01T16:00:00-04:00,310.6,2020-09-30,91.0,0.2493150684931507,256.0,call,57.57,58.44,56.5,0,,0.3733,0.86339,0.00351,0.32821,-0.06085,0.34278,spy_2020_2022.csv,1854342
SPY,2020-07-01,2020-07-01T16:00:00-04:00,310.6,2020-09-30,91.0,0.2493150684931507,256.0,put,3.92,3.97,4.9,0,,0.3644,-0.12875,0.00368,0.32619,-0.06607,-0.11,spy_2020_2022.csv,1854342
SPY,2020-07-01,2020-07-01T16:00:00-04:00,310.6,2020-09-30,91.0,0.2493150684931507,257.0,call,57.08,57.53,58.72,1,,0.3775,0.85752,0.00358,0.33933,-0.06356,0.3497,spy_2020_2022.csv,1854343
SPY,2020-07-01,2020-07-01T16:00:00-04:00,310.6,2020-09-30,91.0,0.2493150684931507,257.0,put,4.02,4.08,7.06,1,,0.36218,-0.13126,0.00378,0.33235,-0.06695,-0.11334,spy_2020_2022.csv,1854343
SPY,2020-07-01,2020-07-01T16:00:00-04:00,310.6,2020-09-30,91.0,0.2493150684931507,258.0,call,56.25,56.49,56.87,282,,0.37324,0.85507,0.00372,0.34374,-0.06369,0.35347,spy_2020_2022.csv,1854344
SPY,2020-07-01,2020-07-01T16:00:00-04:00,310.6,2020-09-30,91.0,0.2493150684931507,258.0,put,4.13,4.2,4.0,5,,0.35973,-0.13493,0.00388,0.3379,-0.06744,-0.11583,spy_2020_2022.csv,1854344
SPY,2020-07-01,2020-07-01T16:00:00-04:00,310.6,2020-09-30,91.0,0.2493150684931507,259.0,call,55.26,55.67,52.7,0,,0.37123,0.85161,0.00383,0.34955,-0.06413,0.35734,spy_2020_2022.csv,1854345
SPY,2020-07-01,2020-07-01T16:00:00-04:00,310.6,2020-09-30,91.0,0.2493150684931507,259.0,put,4.26,4.31,5.2,0,,0.35845,-0.13862,0.00399,0.34476,-0.06906,-0.11958,spy_2020_2022.csv,1854345
SPY,2020-07-01,2020-07-01T16:00:00-04:00,310.6,2020-09-30,91.0,0.2493150684931507,260.0,call,54.5,54.79,50.76,69,,0.37077,0.84822,0.00394,0.35634,-0.06507,0.36165,spy_2020_2022.csv,1854346
SPY,2020-07-01,2020-07-01T16:00:00-04:00,310.6,2020-09-30,91.0,0.2493150684931507,260.0,put,4.41,4.44,4.32,21,,0.35722,-0.14292,0.00408,0.35134,-0.06946,-0.1231,spy_2020_2022.csv,1854346
SPY,2020-07-01,2020-07-01T16:00:00-04:00,310.6,2020-09-30,91.0,0.2493150684931507,261.0,call,53.57,53.76,48.92,2,,0.36546,0.84524,0.00404,0.36015,-0.06539,0.36476,spy_2020_2022.csv,1854347
SPY,2020-07-01,2020-07-01T16:00:00-04:00,310.6,2020-09-30,91.0,0.2493150684931507,261.0,put,4.53,4.57,5.5,0,,0.35486,-0.14737,0.00414,0.35839,-0.07089,-0.12634,spy_2020_2022.csv,1854347
SPY,2020-07-01,2020-07-01T16:00:00-04:00,310.6,2020-09-30,91.0,0.2493150684931507,262.0,call,52.75,52.93,55.24,6,,0.36446,0.84119,0.00409,0.36749,-0.06682,0.36923,spy_2020_2022.csv,1854348
SPY,2020-07-01,2020-07-01T16:00:00-04:00,310.6,2020-09-30,91.0,0.2493150684931507,262.0,put,4.64,4.68,7.5,2,,0.35218,-0.15101,0.00426,0.36383,-0.07101,-0.12909,spy_2020_2022.csv,1854348
SPY,2020-07-01,2020-07-01T16:00:00-04:00,310.6,2020-09-30,91.0,0.2493150684931507,263.0,call,51.78,52.2,36.34,620,,0.36356,0.83692,0.00418,0.37402,-0.06744,0.37261,spy_2020_2022.csv,1854349
SPY,2020-07-01,2020-07-01T16:00:00-04:00,310.6,2020-09-30,91.0,0.2493150684931507,263.0,put,4.73,4.82,4.84,1,,0.35073,-0.15463,0.0044,0.37052,-0.07265,-0.1328,spy_2020_2022.csv,1854349
SPY,2020-07-01,2020-07-01T16:00:00-04:00,310.6,2020-09-30,91.0,0.2493150684931507,264.0,call,50.93,51.16,37.95,2,,0.35882,0.8346,0.00433,0.37943,-0.06727,0.3761,spy_2020_2022.csv,1854350
SPY,2020-07-01,2020-07-01T16:00:00-04:00,310.6,2020-09-30,91.0,0.2493150684931507,264.0,put,4.91,4.93,7.24,1,,0.34847,-0.15833,0.00444,0.37696,-0.07297,-0.13689,spy_2020_2022.csv,1854350
SPY,2020-07-01,2020-07-01T16:00:00-04:00,310.6,2020-09-30,91.0,0.2493150684931507,265.0,call,49.98,50.27,46.37,66,,0.35597,0.83183,0.00447,0.38427,-0.06825,0.37834,spy_2020_2022.csv,1854351
SPY,2020-07-01,2020-07-01T16:00:00-04:00,310.6,2020-09-30,91.0,0.2493150684931507,265.0,put,5.06,5.1,4.86,80,,0.34715,-0.16276,0.00453,0.38363,-0.07443,-0.14041,spy_2020_2022.csv,1854351
SPY,2020-07-01,2020-07-01T16:00:00-04:00,310.6,2020-09-30,91.0,0.2493150684931507,266.0,call,48.85,49.62,47.4,5,,0.35233,0.82803,0.00453,0.39014,-0.06865,0.38161,spy_2020_2022.csv,1854352
SPY,2020-07-01,2020-07-01T16:00:00-04:00,310.6,2020-09-30,91.0,0.2493150684931507,266.0,put,5.17,5.27,5.16,3,,0.34545,-0.16737,0.00462,0.39002,-0.07489,-0.14468,spy_2020_2022.csv,1854352
SPY,2020-07-01,2020-07-01T16:00:00-04:00,310.6,2020-09-30,91.0,0.2493150684931507,267.0,call,48.38,48.64,50.1,4,,0.35427,0.82182,0.00465,0.39934,-0.07059,0.38491,spy_2020_2022.csv,1854353
SPY,2020-07-01,2020-07-01T16:00:00-04:00,310.6,2020-09-30,91.0,0.2493150684931507,267.0,put,5.33,5.39,5.54,12,,0.34386,-0.17178,0.00476,0.39717,-0.07566,-0.14787,spy_2020_2022.csv,1854353
SPY,2020-07-01,2020-07-01T16:00:00-04:00,310.6,2020-09-30,91.0,0.2493150684931507,268.0,call,47.49,47.85,48.24,5,,0.3521,0.81758,0.00473,0.40581,-0.07151,0.38809,spy_2020_2022.csv,1854354
SPY,2020-07-01,2020-07-01T16:00:00-04:00,310.6,2020-09-30,91.0,0.2493150684931507,268.0,put,5.44,5.5,5.56,4,,0.34092,-0.1762,0.00486,0.40251,-0.07657,-0.15118,spy_2020_2022.csv,1854354
SPY,2020-07-01,2020-07-01T16:00:00-04:00,310.6,2020-09-30,91.0,0.2493150684931507,269.0,call,46.71,46.96,49.11,39,,0.35084,0.81222,0.00482,0.41216,-0.07238,0.39067,spy_2020_2022.csv,1854355
SPY,2020-07-01,2020-07-01T16:00:00-04:00,310.6,2020-09-30,91.0,0.2493150684931507,269.0,put,5.62,5.67,6.68,0,,0.33913,-0.18054,0.00497,0.4099,-0.07713,-0.15556,spy_2020_2022.csv,1854355
SPY,2020-07-01,2020-07-01T16:00:00-04:00,310.6,2020-09-30,91.0,0.2493150684931507,270.0,call,45.89,46.08,45.2,4,,0.34841,0.80816,0.00501,0.41857,-0.07297,0.39281,spy_2020_2022.csv,1854356
SPY,2020-07-01,2020-07-01T16:00:00-04:00,310.6,2020-09-30,91.0,0.2493150684931507,270.0,put,5.78,5.82,5.6,119,,0.33721,-0.18515,0.00504,0.41589,-0.07863,-0.15954,spy_2020_2022.csv,1854356
SPY,2020-07-01,2020-07-01T16:00:00-04:00,310.6,2020-09-30,91.0,0.2493150684931507,271.0,call,45.01,45.25,45.1,5,,0.34617,0.80351,0.00511,0.42506,-0.07343,0.39523,spy_2020_2022.csv,1854357
SPY,2020-07-01,2020-07-01T16:00:00-04:00,310.6,2020-09-30,91.0,0.2493150684931507,271.0,put,5.96,5.99,10.02,35,,0.33575,-0.19082,0.00521,0.42331,-0.07972,-0.1641,spy_2020_2022.csv,1854357
SPY,2020-07-01,2020-07-01T16:00:00-04:00,310.6,2020-09-30,91.0,0.2493150684931507,272.0,call,44.15,44.29,44.18,5,,0.34303,0.79999,0.00527,0.43051,-0.07355,0.39809,spy_2020_2022.csv,1854358
SPY,2020-07-01,2020-07-01T16:00:00-04:00,310.6,2020-09-30,91.0,0.2493150684931507,272.0,put,6.06,6.12,9.35,6,,0.33292,-0.19519,0.00528,0.42864,-0.08022,-0.16815,spy_2020_2022.csv,1854358
SPY,2020-07-01,2020-07-01T16:00:00-04:00,310.6,2020-09-30,91.0,0.2493150684931507,273.0,call,43.29,43.48,43.98,5,,0.34098,0.79529,0.00535,0.43719,-0.07465,0.3995,spy_2020_2022.csv,1854359
SPY,2020-07-01,2020-07-01T16:00:00-04:00,310.6,2020-09-30,91.0,0.2493150684931507,273.0,put,6.28,6.32,7.68,0,,0.33227,-0.20008,0.00544,0.43633,-0.08147,-0.17222,spy_2020_2022.csv,1854359
SPY,2020-07-01,2020-07-01T16:00:00-04:00,310.6,2020-09-30,91.0,0.2493150684931507,274.0,call,42.5,42.63,43.3,30,,0.33908,0.78997,0.00544,0.44367,-0.07482,0.40187,spy_2020_2022.csv,1854360
SPY,2020-07-01,2020-07-01T16:00:00-04:00,310.6,2020-09-30,91.0,0.2493150684931507,274.0,put,6.4,6.46,6.51,161,,0.32981,-0.20529,0.00549,0.44209,-0.08163,-0.17699,spy_2020_2022.csv,1854360
SPY,2020-07-01,2020-07-01T16:00:00-04:00,310.6,2020-09-30,91.0,0.2493150684931507,275.0,call,41.64,41.78,42.31,12,,0.33631,0.7847,0.00553,0.45042,-0.07559,0.40352,spy_2020_2022.csv,1854361
SPY,2020-07-01,2020-07-01T16:00:00-04:00,310.6,2020-09-30,91.0,0.2493150684931507,275.0,put,6.62,6.67,6.39,30,,0.32896,-0.21072,0.00562,0.44923,-0.08285,-0.18117,spy_2020_2022.csv,1854361
SPY,2020-07-01,2020-07-01T16:00:00-04:00,310.6,2020-09-30,91.0,0.2493150684931507,276.0,call,40.71,40.98,41.45,11,,0.33263,0.78077,0.00575,0.45582,-0.07578,0.40539,spy_2020_2022.csv,1854362
SPY,2020-07-01,2020-07-01T16:00:00-04:00,310.6,2020-09-30,91.0,0.2493150684931507,276.0,put,6.75,6.82,6.89,1,,0.32579,-0.21555,0.00581,0.45614,-0.08267,-0.18546,spy_2020_2022.csv,1854362
SPY,2020-07-01,2020-07-01T16:00:00-04:00,310.6,2020-09-30,91.0,0.2493150684931507,277.0,call,39.94,40.17,38.47,7,,0.33175,0.77491,0.00586,0.46296,-0.07701,0.40662,spy_2020_2022.csv,1854363
SPY,2020-07-01,2020-07-01T16:00:00-04:00,310.6,2020-09-30,91.0,0.2493150684931507,277.0,put,6.92,7.01,8.51,0,,0.3235,-0.22075,0.00591,0.46217,-0.08369,-0.18998,spy_2020_2022.csv,1854363
SPY,2020-07-01,2020-07-01T16:00:00-04:00,310.6,2020-09-30,91.0,0.2493150684931507,278.0,call,39.14,39.35,39.27,10,,0.33002,0.76847,0.00597,0.46974,-0.0778,0.40823,spy_2020_2022.csv,1854364
SPY,2020-07-01,2020-07-01T16:00:00-04:00,310.6,2020-09-30,91.0,0.2493150684931507,278.0,put,7.15,7.21,7.6,1,,0.32306,-0.22683,0.00604,0.46946,-0.08473,-0.19576,spy_2020_2022.csv,1854364
SPY,2020-07-01,2020-07-01T16:00:00-04:00,310.6,2020-09-30,91.0,0.2493150684931507,279.0,call,38.32,38.45,38.38,40,,0.32739,0.76396,0.00606,0.47558,-0.07754,0.40887,spy_2020_2022.csv,1854365
SPY,2020-07-01,2020-07-01T16:00:00-04:00,310.6,2020-09-30,91.0,0.2493150684931507,279.0,put,7.31,7.4,7.32,82,,0.31993,-0.23219,0.00612,0.47546,-0.08514,-0.20071,spy_2020_2022.csv,1854365
SPY,2020-07-01,2020-07-01T16:00:00-04:00,310.6,2020-09-30,91.0,0.2493150684931507,280.0,call,37.51,37.68,37.64,36,,0.3257,0.75772,0.00617,0.48173,-0.07873,0.40935,spy_2020_2022.csv,1854366
SPY,2020-07-01,2020-07-01T16:00:00-04:00,310.6,2020-09-30,91.0,0.2493150684931507,280.0,put,7.54,7.6,7.33,181,,0.31907,-0.23887,0.00619,0.48255,-0.08635,-0.20539,spy_2020_2022.csv,1854366
SPY,2020-07-01,2020-07-01T16:00:00-04:00,310.6,2020-09-30,91.0,0.2493150684931507,281.0,call,36.73,36.9,37.05,5,,0.32342,0.75228,0.0063,0.48883,-0.07966,0.41028,spy_2020_2022.csv,1854367
SPY,2020-07-01,2020-07-01T16:00:00-04:00,310.6,2020-09-30,91.0,0.2493150684931507,281.0,put,7.68,7.76,8.28,0,,0.31561,-0.24418,0.00637,0.48824,-0.0863,-0.21078,spy_2020_2022.csv,1854367
SPY,2020-07-01,2020-07-01T16:00:00-04:00,310.6,2020-09-30,91.0,0.2493150684931507,282.0,call,35.93,36.14,29.79,1,,0.32203,0.74624,0.00643,0.49552,-0.0801,0.41063,spy_2020_2022.csv,1854368
SPY,2020-07-01,2020-07-01T16:00:00-04:00,310.6,2020-09-30,91.0,0.2493150684931507,282.0,put,7.94,7.98,8.01,5,,0.31451,-0.25009,0.00645,0.49452,-0.0878,-0.21603,spy_2020_2022.csv,1854368
SPY,2020-07-01,2020-07-01T16:00:00-04:00,310.6,2020-09-30,91.0,0.2493150684931507,283.0,call,35.09,35.32,35.44,5,,0.31925,0.74012,0.00654,0.501,-0.08097,0.41124,spy_2020_2022.csv,1854369
SPY,2020-07-01,2020-07-01T16:00:00-04:00,310.6,2020-09-30,91.0,0.2493150684931507,283.0,put,8.14,8.19,7.95,37,,0.31249,-0.25634,0.00661,0.50122,-0.08792,-0.22176,spy_2020_2022.csv,1854369
SPY,2020-07-01,2020-07-01T16:00:00-04:00,310.6,2020-09-30,91.0,0.2493150684931507,284.0,call,33.82,34.55,28.68,3,,0.31284,0.73675,0.00679,0.50554,-0.07952,0.41282,spy_2020_2022.csv,1854370
SPY,2020-07-01,2020-07-01T16:00:00-04:00,310.6,2020-09-30,91.0,0.2493150684931507,284.0,put,8.3,8.34,9.16,0,,0.30905,-0.26273,0.00671,0.50756,-0.08847,-0.22635,spy_2020_2022.csv,1854370
SPY,2020-07-01,2020-07-01T16:00:00-04:00,310.6,2020-09-30,91.0,0.2493150684931507,285.0,call,33.47,33.7,33.86,1,,0.31465,0.72765,0.00685,0.51382,-0.0809,0.41146,spy_2020_2022.csv,1854371
SPY,2020-07-01,2020-07-01T16:00:00-04:00,310.6,2020-09-30,91.0,0.2493150684931507,285.0,put,8.57,8.62,8.24,273,,0.30864,-0.26957,0.00684,0.51364,-0.08894,-0.23195,spy_2020_2022.csv,1854371
SPY,2020-07-01,2020-07-01T16:00:00-04:00,310.6,2020-09-30,91.0,0.2493150684931507,286.0,call,32.18,32.88,31.33,1,,0.30687,0.72458,0.00704,0.51709,-0.07949,0.41227,spy_2020_2022.csv,1854372
SPY,2020-07-01,2020-07-01T16:00:00-04:00,310.6,2020-09-30,91.0,0.2493150684931507,286.0,put,8.73,8.8,8.9,380,,0.30559,-0.27488,0.00698,0.52,-0.08905,-0.23701,spy_2020_2022.csv,1854372
SPY,2020-07-01,2020-07-01T16:00:00-04:00,310.6,2020-09-30,91.0,0.2493150684931507,287.0,call,31.92,32.11,28.56,0,,0.31,0.71485,0.00708,0.52579,-0.08219,0.41084,spy_2020_2022.csv,1854373
SPY,2020-07-01,2020-07-01T16:00:00-04:00,310.6,2020-09-30,91.0,0.2493150684931507,287.0,put,8.95,9.03,9.09,274,,0.30311,-0.28163,0.00713,0.52598,-0.08991,-0.24327,spy_2020_2022.csv,1854373
SPY,2020-07-01,2020-07-01T16:00:00-04:00,310.6,2020-09-30,91.0,0.2493150684931507,288.0,call,31.11,31.25,34.27,1,,0.30639,0.70895,0.00729,0.5308,-0.0824,0.4112,spy_2020_2022.csv,1854374
SPY,2020-07-01,2020-07-01T16:00:00-04:00,310.6,2020-09-30,91.0,0.2493150684931507,288.0,put,9.22,9.27,8.9,77,,0.30159,-0.2887,0.00728,0.53156,-0.09021,-0.24966,spy_2020_2022.csv,1854374
SPY,2020-07-01,2020-07-01T16:00:00-04:00,310.6,2020-09-30,91.0,0.2493150684931507,289.0,call,30.36,30.54,26.19,4,,0.30507,0.70207,0.00741,0.5369,-0.08288,0.41011,spy_2020_2022.csv,1854375
SPY,2020-07-01,2020-07-01T16:00:00-04:00,310.6,2020-09-30,91.0,0.2493150684931507,289.0,put,9.38,9.47,9.99,237,,0.2982,-0.29554,0.00744,0.53759,-0.09018,-0.25528,spy_2020_2022.csv,1854375
SPY,2020-07-01,2020-07-01T16:00:00-04:00,310.6,2020-09-30,91.0,0.2493150684931507,290.0,call,29.58,29.69,29.95,6,,0.30179,0.69476,0.00755,0.54293,-0.08305,0.40869,spy_2020_2022.csv,1854376
SPY,2020-07-01,2020-07-01T16:00:00-04:00,310.6,2020-09-30,91.0,0.2493150684931507,290.0,put,9.63,9.73,9.7,121,,0.29686,-0.30295,0.00753,0.54332,-0.09075,-0.26146,spy_2020_2022.csv,1854376
SPY,2020-07-01,2020-07-01T16:00:00-04:00,310.6,2020-09-30,91.0,0.2493150684931507,291.0,call,28.78,28.97,26.4,0,,0.29988,0.68817,0.00764,0.54867,-0.08316,0.4083,spy_2020_2022.csv,1854377
SPY,2020-07-01,2020-07-01T16:00:00-04:00,310.6,2020-09-30,91.0,0.2493150684931507,291.0,put,9.87,9.97,9.66,23,,0.2944,-0.30968,0.00765,0.54915,-0.09156,-0.26769,spy_2020_2022.csv,1854377
SPY,2020-07-01,2020-07-01T16:00:00-04:00,310.6,2020-09-30,91.0,0.2493150684931507,292.0,call,28.03,28.16,23.87,1,,0.29729,0.6805,0.00776,0.5535,-0.08339,0.40714,spy_2020_2022.csv,1854378
SPY,2020-07-01,2020-07-01T16:00:00-04:00,310.6,2020-09-30,91.0,0.2493150684931507,292.0,put,10.17,10.25,11.18,0,,0.29338,-0.31736,0.00782,0.55462,-0.09216,-0.2747,spy_2020_2022.csv,1854378
SPY,2020-07-01,2020-07-01T16:00:00-04:00,310.6,2020-09-30,91.0,0.2493150684931507,293.0,call,27.28,27.43,23.68,10,,0.29539,0.67303,0.00788,0.55919,-0.08404,0.40521,spy_2020_2022.csv,1854379
SPY,2020-07-01,2020-07-01T16:00:00-04:00,310.6,2020-09-30,91.0,0.2493150684931507,293.0,put,10.43,10.48,11.0,157,,0.29083,-0.32496,0.00788,0.55992,-0.09214,-0.28042,spy_2020_2022.csv,1854379
SPY,2020-07-01,2020-07-01T16:00:00-04:00,310.6,2020-09-30,91.0,0.2493150684931507,294.0,call,26.53,26.7,22.78,1,,0.29257,0.66589,0.0081,0.56486,-0.08357,0.40378,spy_2020_2022.csv,1854380
SPY,2020-07-01,2020-07-01T16:00:00-04:00,310.6,2020-09-30,91.0,0.2493150684931507,294.0,put,10.62,10.69,10.97,2,,0.28751,-0.33221,0.00809,0.56502,-0.09207,-0.2864,spy_2020_2022.csv,1854380
SPY,2020-07-01,2020-07-01T16:00:00-04:00,310.6,2020-09-30,91.0,0.2493150684931507,295.0,call,25.79,25.9,23.91,0,,0.28957,0.65833,0.00826,0.56921,-0.08361,0.40158,spy_2020_2022.csv,1854381
SPY,2020-07-01,2020-07-01T16:00:00-04:00,310.6,2020-09-30,91.0,0.2493150684931507,295.0,put,10.94,11.02,10.65,18,,0.28613,-0.34083,0.0082,0.57015,-0.09278,-0.29415,spy_2020_2022.csv,1854381
SPY,2020-07-01,2020-07-01T16:00:00-04:00,310.6,2020-09-30,91.0,0.2493150684931507,296.0,call,25.02,25.14,20.88,1,,0.28692,0.65031,0.00836,0.57484,-0.08401,0.3996,spy_2020_2022.csv,1854382
SPY,2020-07-01,2020-07-01T16:00:00-04:00,310.6,2020-09-30,91.0,0.2493150684931507,296.0,put,11.14,11.26,11.78,6,,0.28288,-0.34832,0.00831,0.57503,-0.09234,-0.30031,spy_2020_2022.csv,1854382
SPY,2020-07-01,2020-07-01T16:00:00-04:00,310.6,2020-09-30,91.0,0.2493150684931507,297.0,call,24.35,24.46,25.12,2,,0.28559,0.64196,0.00845,0.57949,-0.08401,0.39755,spy_2020_2022.csv,1854383
SPY,2020-07-01,2020-07-01T16:00:00-04:00,310.6,2020-09-30,91.0,0.2493150684931507,297.0,put,11.45,11.5,11.57,3,,0.28102,-0.3561,0.00851,0.58005,-0.09251,-0.30719,spy_2020_2022.csv,1854383
SPY,2020-07-01,2020-07-01T16:00:00-04:00,310.6,2020-09-30,91.0,0.2493150684931507,298.0,call,23.58,23.72,23.78,1,,0.28218,0.63373,0.00867,0.5837,-0.08414,0.39428,spy_2020_2022.csv,1854384
SPY,2020-07-01,2020-07-01T16:00:00-04:00,310.6,2020-09-30,91.0,0.2493150684931507,298.0,put,11.75,11.82,12.07,3,,0.27875,-0.36486,0.00865,0.58401,-0.09274,-0.31466,spy_2020_2022.csv,1854384
SPY,2020-07-01,2020-07-01T16:00:00-04:00,310.6,2020-09-30,91.0,0.2493150684931507,299.0,call,22.83,22.95,20.91,43,,0.27952,0.62572,0.00878,0.58813,-0.08367,0.39215,spy_2020_2022.csv,1854385
SPY,2020-07-01,2020-07-01T16:00:00-04:00,310.6,2020-09-30,91.0,0.2493150684931507,299.0,put,11.96,12.07,12.39,7,,0.27564,-0.37328,0.00878,0.58884,-0.09294,-0.32164,spy_2020_2022.csv,1854385
SPY,2020-07-01,2020-07-01T16:00:00-04:00,310.6,2020-09-30,91.0,0.2493150684931507,300.0,call,22.13,22.23,22.96,14,,0.27671,0.61679,0.00894,0.59246,-0.08317,0.38961,spy_2020_2022.csv,1854386
SPY,2020-07-01,2020-07-01T16:00:00-04:00,310.6,2020-09-30,91.0,0.2493150684931507,300.0,put,12.28,12.36,11.88,128,,0.27381,-0.38168,0.00894,0.59299,-0.09222,-0.32961,spy_2020_2022.csv,1854386
SPY,2020-07-01,2020-07-01T16:00:00-04:00,310.6,2020-09-30,91.0,0.2493150684931507,301.0,call,21.45,21.6,19.95,0,,0.27565,0.60853,0.00898,0.59635,-0.08379,0.38634,spy_2020_2022.csv,1854387
SPY,2020-07-01,2020-07-01T16:00:00-04:00,310.6,2020-09-30,91.0,0.2493150684931507,301.0,put,12.55,12.68,12.61,104,,0.27125,-0.38993,0.0091,0.59683,-0.09241,-0.33758,spy_2020_2022.csv,1854387
SPY,2020-07-01,2020-07-01T16:00:00-04:00,310.6,2020-09-30,91.0,0.2493150684931507,302.0,call,20.72,20.84,21.09,19,,0.27263,0.5993,0.00917,0.60056,-0.0835,0.38301,spy_2020_2022.csv,1854388
SPY,2020-07-01,2020-07-01T16:00:00-04:00,310.6,2020-09-30,91.0,0.2493150684931507,302.0,put,12.93,12.99,12.51,1,,0.26972,-0.39892,0.0092,0.60035,-0.09229,-0.3448,spy_2020_2022.csv,1854388
SPY,2020-07-01,2020-07-01T16:00:00-04:00,310.6,2020-09-30,91.0,0.2493150684931507,303.0,call,20.03,20.12,20.22,1,,0.26974,0.59071,0.00937,0.60394,-0.08282,0.37923,spy_2020_2022.csv,1854389
SPY,2020-07-01,2020-07-01T16:00:00-04:00,310.6,2020-09-30,91.0,0.2493150684931507,303.0,put,13.23,13.3,12.75,50,,0.26737,-0.40869,0.00928,0.60424,-0.09193,-0.35294,spy_2020_2022.csv,1854389
SPY,2020-07-01,2020-07-01T16:00:00-04:00,310.6,2020-09-30,91.0,0.2493150684931507,304.0,call,19.38,19.49,19.8,8,,0.26815,0.58077,0.00945,0.60678,-0.0826,0.37479,spy_2020_2022.csv,1854390
SPY,2020-07-01,2020-07-01T16:00:00-04:00,310.6,2020-09-30,91.0,0.2493150684931507,304.0,put,13.52,13.62,15.84,0,,0.2641,-0.41761,0.00945,0.60681,-0.09241,-0.36109,spy_2020_2022.csv,1854390
SPY,2020-07-01,2020-07-01T16:00:00-04:00,310.6,2020-09-30,91.0,0.2493150684931507,305.0,call,18.6,18.71,19.2,7,,0.26378,0.57113,0.00959,0.6101,-0.08171,0.3717,spy_2020_2022.csv,1854391
SPY,2020-07-01,2020-07-01T16:00:00-04:00,310.6,2020-09-30,91.0,0.2493150684931507,305.0,put,13.8,13.94,13.91,,,0.26164,-0.42723,0.00964,0.61037,-0.09157,-0.36947,spy_2020_2022.csv,1854391
SPY,2020-07-01,2020-07-01T16:00:00-04:00,310.6,2020-09-30,91.0,0.2493150684931507,306.0,call,17.38,18.1,18.07,1,,0.25704,0.56205,0.00992,0.61258,-0.07987,0.36818,spy_2020_2022.csv,1854392
SPY,2020-07-01,2020-07-01T16:00:00-04:00,310.6,2020-09-30,91.0,0.2493150684931507,306.0,put,14.19,14.27,14.79,3,,0.25949,-0.43711,0.00971,0.61266,-0.09101,-0.37804,spy_2020_2022.csv,1854392
SPY,2020-07-01,2020-07-01T16:00:00-04:00,310.6,2020-09-30,91.0,0.2493150684931507,307.0,call,17.31,17.43,16.41,0,,0.25972,0.5516,0.00982,0.61416,-0.08165,0.36228,spy_2020_2022.csv,1854393
SPY,2020-07-01,2020-07-01T16:00:00-04:00,310.6,2020-09-30,91.0,0.2493150684931507,307.0,put,14.54,14.62,14.5,15,,0.25669,-0.4464,0.00981,0.61441,-0.09061,-0.38586,spy_2020_2022.csv,1854393
SPY,2020-07-01,2020-07-01T16:00:00-04:00,310.6,2020-09-30,91.0,0.2493150684931507,308.0,call,16.6,16.69,17.18,10,,0.2559,0.54218,0.01003,0.61649,-0.08021,0.35766,spy_2020_2022.csv,1854394
SPY,2020-07-01,2020-07-01T16:00:00-04:00,310.6,2020-09-30,91.0,0.2493150684931507,308.0,put,14.89,14.99,15.24,6,,0.25459,-0.45642,0.00995,0.6163,-0.09002,-0.39463,spy_2020_2022.csv,1854394
SPY,2020-07-01,2020-07-01T16:00:00-04:00,310.6,2020-09-30,91.0,0.2493150684931507,309.0,call,15.96,16.12,14.26,0,,0.25404,0.5322,0.01018,0.61784,-0.08045,0.35351,spy_2020_2022.csv,1854395
SPY,2020-07-01,2020-07-01T16:00:00-04:00,310.6,2020-09-30,91.0,0.2493150684931507,309.0,put,15.28,15.35,15.42,98,,0.25197,-0.46679,0.01011,0.61771,-0.09039,-0.40405,spy_2020_2022.csv,1854395
SPY,2020-07-01,2020-07-01T16:00:00-04:00,310.6,2020-09-30,91.0,0.2493150684931507,310.0,call,15.3,15.4,15.7,104,,0.25056,0.52133,0.01031,0.61914,-0.07952,0.34814,spy_2020_2022.csv,1854396
SPY,2020-07-01,2020-07-01T16:00:00-04:00,310.6,2020-09-30,91.0,0.2493150684931507,310.0,put,15.63,15.7,15.16,151,,0.24968,-0.47756,0.01024,0.61858,-0.08928,-0.413,spy_2020_2022.csv,1854396
SPY,2020-07-01,2020-07-01T16:00:00-04:00,310.6,2020-09-30,91.0,0.2493150684931507,311.0,call,14.68,14.83,14.81,39,,0.24777,0.51083,0.01039,0.61959,-0.07908,0.34289,spy_2020_2022.csv,1854397
SPY,2020-07-01,2020-07-01T16:00:00-04:00,310.6,2020-09-30,91.0,0.2493150684931507,311.0,put,15.92,16.07,16.07,41,,0.24607,-0.48777,0.01035,0.61948,-0.08885,-0.4226,spy_2020_2022.csv,1854397
SPY,2020-07-01,2020-07-01T16:00:00-04:00,310.6,2020-09-30,91.0,0.2493150684931507,312.0,call,14.08,14.16,14.67,73,,0.24496,0.49997,0.01048,0.62025,-0.07802,0.33735,spy_2020_2022.csv,1854398
SPY,2020-07-01,2020-07-01T16:00:00-04:00,310.6,2020-09-30,91.0,0.2493150684931507,312.0,put,16.41,16.49,16.22,14,,0.24463,-0.49836,0.01046,0.61991,-0.08788,-0.43195,spy_2020_2022.csv,1854398
SPY,2020-07-01,2020-07-01T16:00:00-04:00,310.6,2020-09-30,91.0,0.2493150684931507,313.0,call,13.45,13.59,14.0,4,,0.24332,0.48877,0.01063,0.62038,-0.077,0.33119,spy_2020_2022.csv,1854399
SPY,2020-07-01,2020-07-01T16:00:00-04:00,310.6,2020-09-30,91.0,0.2493150684931507,313.0,put,16.77,16.92,16.26,7,,0.24253,-0.50988,0.01055,0.61945,-0.08756,-0.44133,spy_2020_2022.csv,1854399
SPY,2020-07-01,2020-07-01T16:00:00-04:00,310.6,2020-09-30,91.0,0.2493150684931507,314.0,call,12.84,12.95,13.36,53,,0.23958,0.47724,0.01069,0.61887,-0.07655,0.32498,spy_2020_2022.csv,1854400
SPY,2020-07-01,2020-07-01T16:00:00-04:00,310.6,2020-09-30,91.0,0.2493150684931507,314.0,put,17.09,17.2,17.5,3,,0.23783,-0.52105,0.01068,0.61851,-0.08628,-0.45112,spy_2020_2022.csv,1854400
SPY,2020-07-01,2020-07-01T16:00:00-04:00,310.6,2020-09-30,91.0,0.2493150684931507,315.0,call,12.29,12.36,12.72,143,,0.23748,0.46578,0.01081,0.61781,-0.07535,0.3187,spy_2020_2022.csv,1854401
SPY,2020-07-01,2020-07-01T16:00:00-04:00,310.6,2020-09-30,91.0,0.2493150684931507,315.0,put,17.5,17.64,17.27,57,,0.23543,-0.5327,0.01079,0.61738,-0.08536,-0.46112,spy_2020_2022.csv,1854401
SPY,2020-07-01,2020-07-01T16:00:00-04:00,310.6,2020-09-30,91.0,0.2493150684931507,316.0,call,11.66,11.73,11.75,42,,0.23427,0.45449,0.01092,0.6158,-0.07404,0.31165,spy_2020_2022.csv,1854402
SPY,2020-07-01,2020-07-01T16:00:00-04:00,310.6,2020-09-30,91.0,0.2493150684931507,316.0,put,17.92,18.08,24.91,1,,0.23324,-0.54405,0.01088,0.61615,-0.08419,-0.4713,spy_2020_2022.csv,1854402
SPY,2020-07-01,2020-07-01T16:00:00-04:00,310.6,2020-09-30,91.0,0.2493150684931507,317.0,call,11.12,11.25,11.51,85,,0.23242,0.44236,0.01091,0.61417,-0.07337,0.30555,spy_2020_2022.csv,1854403
SPY,2020-07-01,2020-07-01T16:00:00-04:00,310.6,2020-09-30,91.0,0.2493150684931507,317.0,put,18.49,18.59,25.84,3,,0.2319,-0.55509,0.01091,0.61383,-0.08391,-0.4817,spy_2020_2022.csv,1854403
SPY,2020-07-01,2020-07-01T16:00:00-04:00,310.6,2020-09-30,91.0,0.2493150684931507,318.0,call,10.54,10.62,11.0,87,,0.22846,0.43012,0.01103,0.61081,-0.07131,0.29841,spy_2020_2022.csv,1854404
SPY,2020-07-01,2020-07-01T16:00:00-04:00,310.6,2020-09-30,91.0,0.2493150684931507,318.0,put,18.27,19.68,22.67,1,,0.2289,-0.56743,0.01097,0.61094,-0.0819,-0.49199,spy_2020_2022.csv,1854404
SPY,2020-07-01,2020-07-01T16:00:00-04:00,310.6,2020-09-30,91.0,0.2493150684931507,319.0,call,10.0,10.13,10.2,35,,0.22672,0.41789,0.01113,0.60734,-0.07039,0.29158,spy_2020_2022.csv,1854405
SPY,2020-07-01,2020-07-01T16:00:00-04:00,310.6,2020-09-30,91.0,0.2493150684931507,319.0,put,18.73,20.15,25.5,1,,0.22671,-0.57973,0.01105,0.60656,-0.081,-0.50254,spy_2020_2022.csv,1854405
SPY,2020-07-01,2020-07-01T16:00:00-04:00,310.6,2020-09-30,91.0,0.2493150684931507,320.0,call,9.51,9.65,10.1,75,,0.22445,0.40628,0.01107,0.604,-0.06953,0.28404,spy_2020_2022.csv,1854406
SPY,2020-07-01,2020-07-01T16:00:00-04:00,310.6,2020-09-30,91.0,0.2493150684931507,320.0,put,19.74,20.01,21.8,0,,0.22314,-0.59207,0.01106,0.60248,-0.07941,-0.51375,spy_2020_2022.csv,1854406
SPY,2020-07-01,2020-07-01T16:00:00-04:00,310.6,2020-09-30,91.0,0.2493150684931507,321.0,call,8.98,9.12,9.36,3,,0.2217,0.3937,0.01118,0.59838,-0.06794,0.27657,spy_2020_2022.csv,1854407
SPY,2020-07-01,2020-07-01T16:00:00-04:00,310.6,2020-09-30,91.0,0.2493150684931507,321.0,put,19.71,21.19,27.46,1,,0.22234,-0.60337,0.01104,0.59785,-0.0785,-0.52358,spy_2020_2022.csv,1854407
SPY,2020-07-01,2020-07-01T16:00:00-04:00,310.6,2020-09-30,91.0,0.2493150684931507,322.0,call,8.48,8.6,8.81,4,,0.21901,0.38156,0.01124,0.59278,-0.06676,0.2687,spy_2020_2022.csv,1854408
SPY,2020-07-01,2020-07-01T16:00:00-04:00,310.6,2020-09-30,91.0,0.2493150684931507,322.0,put,20.79,21.01,25.49,1,,0.21928,-0.61636,0.0111,0.59177,-0.07702,-0.53537,spy_2020_2022.csv,1854408
SPY,2020-07-01,2020-07-01T16:00:00-04:00,310.6,2020-09-30,91.0,0.2493150684931507,323.0,call,8.06,8.15,8.49,1,,0.21782,0.36901,0.0112,0.5873,-0.0657,0.26043,spy_2020_2022.csv,1854409
SPY,2020-07-01,2020-07-01T16:00:00-04:00,310.6,2020-09-30,91.0,0.2493150684931507,323.0,put,21.31,21.47,21.34,2,,0.21545,-0.62928,0.01119,0.58604,-0.07589,-0.54668,spy_2020_2022.csv,1854409
SPY,2020-07-01,2020-07-01T16:00:00-04:00,310.6,2020-09-30,91.0,0.2493150684931507,324.0,call,7.6,7.66,7.75,203,,0.21469,0.35631,0.01112,0.57976,-0.0642,0.2531,spy_2020_2022.csv,1854410
SPY,2020-07-01,2020-07-01T16:00:00-04:00,310.6,2020-09-30,91.0,0.2493150684931507,324.0,put,21.88,22.16,21.75,10,,0.21544,-0.64142,0.01113,0.57968,-0.07473,-0.55691,spy_2020_2022.csv,1854410
SPY,2020-07-01,2020-07-01T16:00:00-04:00,310.6,2020-09-30,91.0,0.2493150684931507,325.0,call,7.13,7.24,7.6,107,,0.21261,0.34389,0.01114,0.57283,-0.06234,0.24431,spy_2020_2022.csv,1854411
SPY,2020-07-01,2020-07-01T16:00:00-04:00,310.6,2020-09-30,91.0,0.2493150684931507,325.0,put,22.47,22.6,21.99,17,,0.2121,-0.65429,0.01108,0.5722,-0.07333,-0.56826,spy_2020_2022.csv,1854411
SPY,2020-07-01,2020-07-01T16:00:00-04:00,310.6,2020-09-30,91.0,0.2493150684931507,326.0,call,6.72,6.79,7.12,176,,0.21063,0.3308,0.01107,0.56497,-0.0609,0.23608,spy_2020_2022.csv,1854412
SPY,2020-07-01,2020-07-01T16:00:00-04:00,310.6,2020-09-30,91.0,0.2493150684931507,326.0,put,23.03,23.3,19.97,1,,0.21065,-0.66623,0.011,0.56373,-0.07143,-0.57945,spy_2020_2022.csv,1854412
SPY,2020-07-01,2020-07-01T16:00:00-04:00,310.6,2020-09-30,91.0,0.2493150684931507,327.0,call,6.28,6.4,5.15,0,,0.20802,0.31819,0.01105,0.55527,-0.05996,0.22784,spy_2020_2022.csv,1854413
SPY,2020-07-01,2020-07-01T16:00:00-04:00,310.6,2020-09-30,91.0,0.2493150684931507,327.0,put,23.6,23.85,29.38,2,,0.20782,-0.67871,0.01098,0.55517,-0.07027,-0.59093,spy_2020_2022.csv,1854413
SPY,2020-07-01,2020-07-01T16:00:00-04:00,310.6,2020-09-30,91.0,0.2493150684931507,328.0,call,5.85,5.98,6.12,2,,0.20579,0.30568,0.01095,0.54565,-0.05764,0.21943,spy_2020_2022.csv,1854414
SPY,2020-07-01,2020-07-01T16:00:00-04:00,310.6,2020-09-30,91.0,0.2493150684931507,328.0,put,24.24,24.52,35.16,1,,0.20727,-0.69012,0.01081,0.5461,-0.06932,-0.60165,spy_2020_2022.csv,1854414
SPY,2020-07-01,2020-07-01T16:00:00-04:00,310.6,2020-09-30,91.0,0.2493150684931507,329.0,call,5.51,5.58,4.47,0,,0.20384,0.29236,0.01088,0.53547,-0.05575,0.21162,spy_2020_2022.csv,1854415
SPY,2020-07-01,2020-07-01T16:00:00-04:00,310.6,2020-09-30,91.0,0.2493150684931507,329.0,put,24.87,25.03,31.87,8,,0.2034,-0.70395,0.01078,0.53479,-0.06663,-0.61383,spy_2020_2022.csv,1854415
SPY,2020-07-01,2020-07-01T16:00:00-04:00,310.6,2020-09-30,91.0,0.2493150684931507,330.0,call,5.16,5.21,5.27,704,,0.20188,0.28023,0.0107,0.52538,-0.05424,0.20339,spy_2020_2022.csv,1854416
SPY,2020-07-01,2020-07-01T16:00:00-04:00,310.6,2020-09-30,91.0,0.2493150684931507,330.0,put,25.5,25.7,25.04,7,,0.20188,-0.716,0.01069,0.52411,-0.06534,-0.62451,spy_2020_2022.csv,1854416
SPY,2020-07-01,2020-07-01T16:00:00-04:00,310.6,2020-09-30,91.0,0.2493150684931507,331.0,call,4.82,4.88,5.06,246,,0.19957,0.2687,0.01059,0.51344,-0.05315,0.19468,spy_2020_2022.csv,1854417
SPY,2020-07-01,2020-07-01T16:00:00-04:00,310.6,2020-09-30,91.0,0.2493150684931507,331.0,put,26.17,26.44,34.92,30,,0.20066,-0.72672,0.01048,0.51424,-0.06429,-0.6347,spy_2020_2022.csv,1854417
SPY,2020-07-01,2020-07-01T16:00:00-04:00,310.6,2020-09-30,91.0,0.2493150684931507,332.0,call,4.51,4.58,4.75,6,,0.19815,0.2567,0.01041,0.50202,-0.05118,0.18716,spy_2020_2022.csv,1854418
SPY,2020-07-01,2020-07-01T16:00:00-04:00,310.6,2020-09-30,91.0,0.2493150684931507,332.0,put,26.84,27.19,33.31,4,,0.19973,-0.73834,0.01035,0.50313,-0.06281,-0.64613,spy_2020_2022.csv,1854418
SPY,2020-07-01,2020-07-01T16:00:00-04:00,310.6,2020-09-30,91.0,0.2493150684931507,333.0,call,4.22,4.27,3.37,0,,0.19699,0.24511,0.01028,0.48979,-0.04944,0.17898,spy_2020_2022.csv,1854419
SPY,2020-07-01,2020-07-01T16:00:00-04:00,310.6,2020-09-30,91.0,0.2493150684931507,333.0,put,27.47,27.83,38.56,3,,0.19752,-0.75168,0.01018,0.48953,-0.06096,-0.65732,spy_2020_2022.csv,1854419
SPY,2020-07-01,2020-07-01T16:00:00-04:00,310.6,2020-09-30,91.0,0.2493150684931507,334.0,call,3.95,3.98,4.05,716,,0.19559,0.23391,0.0101,0.47727,-0.04796,0.17063,spy_2020_2022.csv,1854420
SPY,2020-07-01,2020-07-01T16:00:00-04:00,310.6,2020-09-30,91.0,0.2493150684931507,334.0,put,28.29,28.69,31.95,1,,0.19848,-0.75978,0.01001,0.48114,-0.05997,-0.66633,spy_2020_2022.csv,1854420
SPY,2020-07-01,2020-07-01T16:00:00-04:00,310.6,2020-09-30,91.0,0.2493150684931507,335.0,call,3.67,3.68,3.95,233,,0.1932,0.22175,0.00992,0.46371,-0.04635,0.16297,spy_2020_2022.csv,1854421
SPY,2020-07-01,2020-07-01T16:00:00-04:00,310.6,2020-09-30,91.0,0.2493150684931507,335.0,put,28.59,29.36,37.21,38,,0.19091,-0.77731,0.00992,0.45985,-0.05585,-0.6818,spy_2020_2022.csv,1854421
SPY,2020-07-01,2020-07-01T16:00:00-04:00,310.6,2020-09-30,91.0,0.2493150684931507,336.0,call,3.39,3.46,3.59,57,,0.19245,0.21149,0.00972,0.45085,-0.04494,0.1547,spy_2020_2022.csv,1854422
SPY,2020-07-01,2020-07-01T16:00:00-04:00,310.6,2020-09-30,91.0,0.2493150684931507,336.0,put,29.79,30.08,37.53,9,,0.19482,-0.78142,0.00963,0.45486,-0.05661,-0.68715,spy_2020_2022.csv,1854422
SPY,2020-07-01,2020-07-01T16:00:00-04:00,310.6,2020-09-30,91.0,0.2493150684931507,337.0,call,3.19,3.24,3.33,59,,0.19083,0.2009,0.00948,0.43796,-0.04304,0.14761,spy_2020_2022.csv,1854423
SPY,2020-07-01,2020-07-01T16:00:00-04:00,310.6,2020-09-30,91.0,0.2493150684931507,337.0,put,29.73,31.55,38.27,1,,0.1924,-0.7942,0.00939,0.43941,-0.05491,-0.69841,spy_2020_2022.csv,1854423
SPY,2020-07-01,2020-07-01T16:00:00-04:00,310.6,2020-09-30,91.0,0.2493150684931507,338.0,call,2.96,2.99,3.11,485,,0.18981,0.19052,0.00924,0.42474,-0.04195,0.14006,spy_2020_2022.csv,1854424
SPY,2020-07-01,2020-07-01T16:00:00-04:00,310.6,2020-09-30,91.0,0.2493150684931507,338.0,put,31.28,31.68,31.2,4,,0.1926,-0.80215,0.00911,0.42898,-0.05315,-0.70738,spy_2020_2022.csv,1854424
SPY,2020-07-01,2020-07-01T16:00:00-04:00,310.6,2020-09-30,91.0,0.2493150684931507,339.0,call,2.75,2.81,2.92,196,,0.18934,0.18133,0.00898,0.41167,-0.04016,0.13367,spy_2020_2022.csv,1854425
SPY,2020-07-01,2020-07-01T16:00:00-04:00,310.6,2020-09-30,91.0,0.2493150684931507,339.0,put,31.54,33.18,36.18,0,,0.19357,-0.80941,0.00889,0.41936,-0.05245,-0.71479,spy_2020_2022.csv,1854425
SPY,2020-07-01,2020-07-01T16:00:00-04:00,310.6,2020-09-30,91.0,0.2493150684931507,340.0,call,2.56,2.62,2.74,21,,0.18797,0.17209,0.00866,0.39818,-0.03841,0.12726,spy_2020_2022.csv,1854426
SPY,2020-07-01,2020-07-01T16:00:00-04:00,310.6,2020-09-30,91.0,0.2493150684931507,340.0,put,32.83,33.36,32.0,1,,0.19098,-0.82125,0.00864,0.40311,-0.05111,-0.72551,spy_2020_2022.csv,1854426
SPY,2020-07-01,2020-07-01T16:00:00-04:00,310.6,2020-09-30,91.0,0.2493150684931507,341.0,call,2.37,2.44,1.89,0,,0.18656,0.16263,0.00839,0.38396,-0.03746,0.12001,spy_2020_2022.csv,1854427
SPY,2020-07-01,2020-07-01T16:00:00-04:00,310.6,2020-09-30,91.0,0.2493150684931507,341.0,put,33.73,34.11,44.5,20,,0.19043,-0.82927,0.00838,0.39025,-0.04881,-0.73401,spy_2020_2022.csv,1854427
SPY,2020-07-01,2020-07-01T16:00:00-04:00,310.6,2020-09-30,91.0,0.2493150684931507,342.0,call,2.21,2.27,1.72,15,,0.18592,0.15376,0.00816,0.37026,-0.03578,0.11416,spy_2020_2022.csv,1854428
SPY,2020-07-01,2020-07-01T16:00:00-04:00,310.6,2020-09-30,91.0,0.2493150684931507,342.0,put,34.54,34.91,34.7,14,,0.18913,-0.83895,0.00819,0.37496,-0.04701,-0.74363,spy_2020_2022.csv,1854428
SPY,2020-07-01,2020-07-01T16:00:00-04:00,310.6,2020-09-30,91.0,0.2493150684931507,343.0,call,2.06,2.11,1.69,0,,0.18583,0.14584,0.0079,0.35816,-0.03453,0.10839,spy_2020_2022.csv,1854429
SPY,2020-07-01,2020-07-01T16:00:00-04:00,310.6,2020-09-30,91.0,0.2493150684931507,343.0,put,34.73,36.65,45.2,60,,0.19148,-0.84255,0.00796,0.37046,-0.04729,-0.74869,spy_2020_2022.csv,1854429
SPY,2020-07-01,2020-07-01T16:00:00-04:00,310.6,2020-09-30,91.0,0.2493150684931507,344.0,call,1.94,1.98,1.6,1,,0.18532,0.13899,0.00769,0.34581,-0.03309,0.10266,spy_2020_2022.csv,1854430
SPY,2020-07-01,2020-07-01T16:00:00-04:00,310.6,2020-09-30,91.0,0.2493150684931507,344.0,put,36.11,36.86,23.23,2,,0.18972,-0.85212,0.00764,0.35338,-0.046,-0.75902,spy_2020_2022.csv,1854430
SPY,2020-07-01,2020-07-01T16:00:00-04:00,310.6,2020-09-30,91.0,0.2493150684931507,345.0,call,1.81,1.84,1.81,41,,0.18521,0.13174,0.0074,0.33282,-0.0319,0.0976,spy_2020_2022.csv,1854431
SPY,2020-07-01,2020-07-01T16:00:00-04:00,310.6,2020-09-30,91.0,0.2493150684931507,345.0,put,37.19,37.58,39.3,1,,0.18998,-0.85794,0.00742,0.34405,-0.04475,-0.76523,spy_2020_2022.csv,1854431
SPY,2020-07-01,2020-07-01T16:00:00-04:00,310.6,2020-09-30,91.0,0.2493150684931507,346.0,call,1.71,1.72,1.35,1,,0.18484,0.12429,0.00713,0.32101,-0.03051,0.09252,spy_2020_2022.csv,1854432
SPY,2020-07-01,2020-07-01T16:00:00-04:00,310.6,2020-09-30,91.0,0.2493150684931507,346.0,put,37.29,39.29,33.71,1,,0.19045,-0.8646,0.00717,0.33423,-0.04414,-0.77272,spy_2020_2022.csv,1854432
SPY,2020-07-01,2020-07-01T16:00:00-04:00,310.6,2020-09-30,91.0,0.2493150684931507,347.0,call,1.59,1.62,1.5,1,,0.1846,0.11797,0.00686,0.30944,-0.02991,0.08828,spy_2020_2022.csv,1854433
SPY,2020-07-01,2020-07-01T16:00:00-04:00,310.6,2020-09-30,91.0,0.2493150684931507,347.0,put,39.08,39.65,44.25,3,,0.19685,-0.86316,0.00706,0.33539,-0.04488,-0.77409,spy_2020_2022.csv,1854433
SPY,2020-07-01,2020-07-01T16:00:00-04:00,310.6,2020-09-30,91.0,0.2493150684931507,348.0,call,1.48,1.52,1.17,0,,0.18477,0.11127,0.00662,0.29746,-0.02826,0.08322,spy_2020_2022.csv,1854434
SPY,2020-07-01,2020-07-01T16:00:00-04:00,310.6,2020-09-30,91.0,0.2493150684931507,348.0,put,39.73,40.52,31.73,85,,0.19272,-0.87483,0.00679,0.31546,-0.04235,-0.7857,spy_2020_2022.csv,1854434
SPY,2020-07-01,2020-07-01T16:00:00-04:00,310.6,2020-09-30,91.0,0.2493150684931507,349.0,call,1.4,1.43,1.1,0,,0.18437,0.10559,0.00632,0.28664,-0.02732,0.0788,spy_2020_2022.csv,1854435
SPY,2020-07-01,2020-07-01T16:00:00-04:00,310.6,2020-09-30,91.0,0.2493150684931507,349.0,put,40.55,41.37,32.51,34,,0.1906,-0.88368,0.00646,0.29955,-0.04058,-0.79408,spy_2020_2022.csv,1854435
SPY,2020-07-01,2020-07-01T16:00:00-04:00,310.6,2020-09-30,91.0,0.2493150684931507,350.0,call,1.31,1.34,1.38,195,,0.18422,0.10111,0.00609,0.27592,-0.02645,0.07527,spy_2020_2022.csv,1854436
SPY,2020-07-01,2020-07-01T16:00:00-04:00,310.6,2020-09-30,91.0,0.2493150684931507,350.0,put,41.49,42.23,41.32,2,,0.18988,-0.88962,0.00621,0.28809,-0.03926,-0.80088,spy_2020_2022.csv,1854436
SPY,2020-07-01,2020-07-01T16:00:00-04:00,310.6,2020-09-30,91.0,0.2493150684931507,351.0,call,1.24,1.27,0.97,0,,0.18509,0.09595,0.00592,0.26586,-0.02526,0.07192,spy_2020_2022.csv,1854437
SPY,2020-07-01,2020-07-01T16:00:00-04:00,310.6,2020-09-30,91.0,0.2493150684931507,351.0,put,42.52,43.27,20.15,2,,0.19472,-0.88967,0.00609,0.28772,-0.04034,-0.80415,spy_2020_2022.csv,1854437
SPY,2020-07-01,2020-07-01T16:00:00-04:00,310.6,2020-09-30,91.0,0.2493150684931507,352.0,call,1.15,1.2,1.03,0,,0.18488,0.09026,0.00567,0.25547,-0.02434,0.0677,spy_2020_2022.csv,1854438
SPY,2020-07-01,2020-07-01T16:00:00-04:00,310.6,2020-09-30,91.0,0.2493150684931507,352.0,put,43.32,44.08,36.57,17,,0.19092,-0.89941,0.00579,0.269,-0.03769,-0.8133,spy_2020_2022.csv,1854438
SPY,2020-07-01,2020-07-01T16:00:00-04:00,310.6,2020-09-30,91.0,0.2493150684931507,353.0,call,1.08,1.11,0.99,0,,0.18543,0.08526,0.00539,0.24482,-0.02312,0.0647,spy_2020_2022.csv,1854439
SPY,2020-07-01,2020-07-01T16:00:00-04:00,310.6,2020-09-30,91.0,0.2493150684931507,353.0,put,44.36,45.02,0.0,,,0.19352,-0.90077,0.00561,0.26591,-0.0378,-0.8171,spy_2020_2022.csv,1854439
SPY,2020-07-01,2020-07-01T16:00:00-04:00,310.6,2020-09-30,91.0,0.2493150684931507,354.0,call,1.04,1.07,0.9,0,,0.18556,0.08202,0.00524,0.23718,-0.02283,0.06134,spy_2020_2022.csv,1854440
SPY,2020-07-01,2020-07-01T16:00:00-04:00,310.6,2020-09-30,91.0,0.2493150684931507,354.0,put,45.27,46.08,46.0,6,,0.19637,-0.90258,0.00553,0.26186,-0.03763,-0.82098,spy_2020_2022.csv,1854440
SPY,2020-07-01,2020-07-01T16:00:00-04:00,310.6,2020-09-30,91.0,0.2493150684931507,355.0,call,0.97,0.99,1.0,1,,0.18649,0.07746,0.00507,0.22793,-0.02225,0.05855,spy_2020_2022.csv,1854441
SPY,2020-07-01,2020-07-01T16:00:00-04:00,310.6,2020-09-30,91.0,0.2493150684931507,355.0,put,46.4,47.01,82.42,1,,0.19963,-0.90223,0.00536,0.26206,-0.03795,-0.82422,spy_2020_2022.csv,1854441
SPY,2020-07-01,2020-07-01T16:00:00-04:00,310.6,2020-09-30,91.0,0.2493150684931507,356.0,call,0.9,0.93,0.93,8,,0.18676,0.0743,0.00481,0.21952,-0.02106,0.05592,spy_2020_2022.csv,1854442
SPY,2020-07-01,2020-07-01T16:00:00-04:00,310.6,2020-09-30,91.0,0.2493150684931507,356.0,put,47.08,47.94,24.32,2,,0.19443,-0.91339,0.00509,0.24013,-0.03558,-0.83365,spy_2020_2022.csv,1854442
SPY,2020-07-01,2020-07-01T16:00:00-04:00,310.6,2020-09-30,91.0,0.2493150684931507,357.0,call,0.86,0.88,0.92,82,,0.18648,0.07053,0.00459,0.21021,-0.02081,0.05253,spy_2020_2022.csv,1854443
SPY,2020-07-01,2020-07-01T16:00:00-04:00,310.6,2020-09-30,91.0,0.2493150684931507,357.0,put,47.45,49.45,0.0,,,0.19579,-0.91653,0.00485,0.23309,-0.03443,-0.83933,spy_2020_2022.csv,1854443
SPY,2020-07-01,2020-07-01T16:00:00-04:00,310.6,2020-09-30,91.0,0.2493150684931507,358.0,call,0.81,0.83,0.83,3,,0.1869,0.06664,0.00447,0.20276,-0.01962,0.05047,spy_2020_2022.csv,1854444
SPY,2020-07-01,2020-07-01T16:00:00-04:00,310.6,2020-09-30,91.0,0.2493150684931507,358.0,put,48.39,50.47,0.0,,,0.19709,-0.91858,0.00477,0.22726,-0.03436,-0.84314,spy_2020_2022.csv,1854444
SPY,2020-07-01,2020-07-01T16:00:00-04:00,310.6,2020-09-30,91.0,0.2493150684931507,359.0,call,0.77,0.79,0.82,43,,0.18729,0.06374,0.00422,0.19534,-0.0188,0.04745,spy_2020_2022.csv,1854445
SPY,2020-07-01,2020-07-01T16:00:00-04:00,310.6,2020-09-30,91.0,0.2493150684931507,359.0,put,49.93,50.8,0.0,,,0.1979,-0.92235,0.00459,0.21819,-0.03281,-0.8489,spy_2020_2022.csv,1854445
SPY,2020-07-01,2020-07-01T16:00:00-04:00,310.6,2020-09-30,91.0,0.2493150684931507,360.0,call,0.74,0.74,0.76,104,,0.18874,0.06104,0.00407,0.18809,-0.01856,0.04536,spy_2020_2022.csv,1854446
SPY,2020-07-01,2020-07-01T16:00:00-04:00,310.6,2020-09-30,91.0,0.2493150684931507,360.0,put,51.19,51.64,51.0,1,,0.20291,-0.92097,0.00449,0.22311,-0.03444,-0.84976,spy_2020_2022.csv,1854446
SPY,2020-07-01,2020-07-01T16:00:00-04:00,310.6,2020-09-30,91.0,0.2493150684931507,361.0,call,0.69,0.7,0.72,22,,0.18878,0.05808,0.00394,0.1812,-0.01732,0.04315,spy_2020_2022.csv,1854447
SPY,2020-07-01,2020-07-01T16:00:00-04:00,310.6,2020-09-30,91.0,0.2493150684931507,361.0,put,51.89,52.57,0.0,,,0.19694,-0.93131,0.00421,0.19978,-0.03172,-0.85951,spy_2020_2022.csv,1854447
SPY,2020-07-01,2020-07-01T16:00:00-04:00,310.6,2020-09-30,91.0,0.2493150684931507,362.0,call,0.65,0.68,0.65,216,,0.18891,0.05471,0.00374,0.1743,-0.01678,0.04159,spy_2020_2022.csv,1854448
SPY,2020-07-01,2020-07-01T16:00:00-04:00,310.6,2020-09-30,91.0,0.2493150684931507,362.0,put,52.97,53.61,0.0,,,0.20227,-0.92925,0.00413,0.20381,-0.03244,-0.86095,spy_2020_2022.csv,1854448
SPY,2020-07-01,2020-07-01T16:00:00-04:00,310.6,2020-09-30,91.0,0.2493150684931507,363.0,call,0.61,0.63,0.66,36,,0.18958,0.05159,0.00364,0.16763,-0.01671,0.03905,spy_2020_2022.csv,1854449
SPY,2020-07-01,2020-07-01T16:00:00-04:00,310.6,2020-09-30,91.0,0.2493150684931507,363.0,put,53.88,54.64,0.0,,,0.20372,-0.9313,0.00405,0.19868,-0.03199,-0.86472,spy_2020_2022.csv,1854449
SPY,2020-07-01,2020-07-01T16:00:00-04:00,310.6,2020-09-30,91.0,0.2493150684931507,364.0,call,0.59,0.61,0.63,241,,0.19035,0.05037,0.00344,0.16163,-0.0158,0.03782,spy_2020_2022.csv,1854450
SPY,2020-07-01,2020-07-01T16:00:00-04:00,310.6,2020-09-30,91.0,0.2493150684931507,364.0,put,54.86,55.52,0.0,,,0.2022,-0.93522,0.00385,0.1888,-0.03116,-0.87128,spy_2020_2022.csv,1854450
SPY,2020-07-01,2020-07-01T16:00:00-04:00,310.6,2020-09-30,91.0,0.2493150684931507,365.0,call,0.56,0.58,0.57,12,,0.19078,0.04714,0.00332,0.15552,-0.01576,0.03558,spy_2020_2022.csv,1854451
SPY,2020-07-01,2020-07-01T16:00:00-04:00,310.6,2020-09-30,91.0,0.2493150684931507,365.0,put,55.92,56.53,32.41,2,,0.2076,-0.9345,0.0038,0.19212,-0.03169,-0.87204,spy_2020_2022.csv,1854451
SPY,2020-07-01,2020-07-01T16:00:00-04:00,310.6,2020-09-30,91.0,0.2493150684931507,366.0,call,0.53,0.56,0.57,3,,0.19176,0.04541,0.00323,0.14935,-0.01437,0.03365,spy_2020_2022.csv,1854452
SPY,2020-07-01,2020-07-01T16:00:00-04:00,310.6,2020-09-30,91.0,0.2493150684931507,366.0,put,56.79,57.44,0.0,,,0.20412,-0.94015,0.00362,0.17704,-0.02948,-0.87918,spy_2020_2022.csv,1854452
SPY,2020-07-01,2020-07-01T16:00:00-04:00,310.6,2020-09-30,91.0,0.2493150684931507,367.0,call,0.5,0.52,0.46,31,,0.19205,0.04285,0.00305,0.14429,-0.0145,0.03226,spy_2020_2022.csv,1854453
SPY,2020-07-01,2020-07-01T16:00:00-04:00,310.6,2020-09-30,91.0,0.2493150684931507,367.0,put,57.79,58.42,0.0,,,0.20532,-0.94222,0.00349,0.17258,-0.0294,-0.88374,spy_2020_2022.csv,1854453
SPY,2020-07-01,2020-07-01T16:00:00-04:00,310.6,2020-09-30,91.0,0.2493150684931507,368.0,call,0.47,0.5,0.45,2,,0.19288,0.04157,0.00292,0.1387,-0.0142,0.03098,spy_2020_2022.csv,1854454
SPY,2020-07-01,2020-07-01T16:00:00-04:00,310.6,2020-09-30,91.0,0.2493150684931507,368.0,put,57.86,59.51,0.0,,,0.17774,-0.96782,0.00242,0.10271,-0.02031,-0.90496,spy_2020_2022.csv,1854454
SPY,2020-07-01,2020-07-01T16:00:00-04:00,310.6,2020-09-30,91.0,0.2493150684931507,369.0,call,0.45,0.46,0.46,1,,0.1933,0.0388,0.00285,0.13286,-0.01372,0.02941,spy_2020_2022.csv,1854455
SPY,2020-07-01,2020-07-01T16:00:00-04:00,310.6,2020-09-30,91.0,0.2493150684931507,369.0,put,59.74,60.37,60.85,2,,0.20731,-0.94614,0.00319,0.16343,-0.02804,-0.89075,spy_2020_2022.csv,1854455
SPY,2020-07-01,2020-07-01T16:00:00-04:00,310.6,2020-09-30,91.0,0.2493150684931507,370.0,call,0.43,0.45,0.39,0,,0.1943,0.03697,0.00273,0.12833,-0.01324,0.02842,spy_2020_2022.csv,1854456
SPY,2020-07-01,2020-07-01T16:00:00-04:00,310.6,2020-09-30,91.0,0.2493150684931507,370.0,put,60.69,61.35,81.48,5,,0.20758,-0.94808,0.00316,0.15761,-0.02808,-0.89544,spy_2020_2022.csv,1854456
SPY,2020-07-01,2020-07-01T16:00:00-04:00,310.6,2020-09-30,91.0,0.2493150684931507,371.0,call,0.4,0.42,0.36,0,,0.19511,0.03574,0.00255,0.12374,-0.01209,0.02654,spy_2020_2022.csv,1854457
SPY,2020-07-01,2020-07-01T16:00:00-04:00,310.6,2020-09-30,91.0,0.2493150684931507,371.0,put,61.67,62.52,0.0,,,0.21507,-0.94444,0.00314,0.16668,-0.02911,-0.89525,spy_2020_2022.csv,1854457
SPY,2020-07-01,2020-07-01T16:00:00-04:00,310.6,2020-09-30,91.0,0.2493150684931507,375.0,call,0.33,0.36,0.36,101,,0.19725,0.02956,0.00221,0.10594,-0.01073,0.02223,spy_2020_2022.csv,1854458
SPY,2020-07-01,2020-07-01T16:00:00-04:00,310.6,2020-09-30,91.0,0.2493150684931507,375.0,put,65.15,66.68,76.05,17,,0.21296,-0.95604,0.00269,0.13784,-0.026,-0.91393,spy_2020_2022.csv,1854458
SPY,2020-07-01,2020-07-01T16:00:00-04:00,310.6,2020-09-30,91.0,0.2493150684931507,380.0,call,0.27,0.29,0.29,6,,0.20112,0.02378,0.00176,0.08954,-0.00901,0.01781,spy_2020_2022.csv,1854459
SPY,2020-07-01,2020-07-01T16:00:00-04:00,310.6,2020-09-30,91.0,0.2493150684931507,380.0,put,69.67,71.32,60.0,1,,0.17823,-0.98445,0.00112,0.0499,-0.0152,-0.94822,spy_2020_2022.csv,1854459
SPY,2020-07-01,2020-07-01T16:00:00-04:00,310.6,2020-09-30,91.0,0.2493150684931507,385.0,call,0.21,0.23,0.21,0,,0.20513,0.01976,0.00151,0.074,-0.00763,0.01442,spy_2020_2022.csv,1854460
SPY,2020-07-01,2020-07-01T16:00:00-04:00,310.6,2020-09-30,91.0,0.2493150684931507,385.0,put,74.87,76.82,0.0,,,0.23091,-0.96296,0.00213,0.11764,-0.02483,-0.94434,spy_2020_2022.csv,1854460
SPY,2020-07-01,2020-07-01T16:00:00-04:00,310.6,2020-09-30,91.0,0.2493150684931507,390.0,call,0.18,0.18,0.18,205,,0.21052,0.01649,0.00123,0.06366,-0.00747,0.01256,spy_2020_2022.csv,1854461
SPY,2020-07-01,2020-07-01T16:00:00-04:00,310.6,2020-09-30,91.0,0.2493150684931507,390.0,put,79.55,82.0,0.0,,,0.23541,-0.96797,0.00184,0.10338,-0.0237,-0.9604,spy_2020_2022.csv,1854461
SPY,2020-07-01,2020-07-01T16:00:00-04:00,310.6,2020-09-30,91.0,0.2493150684931507,395.0,call,0.13,0.15,0.14,40,,0.21356,0.01298,0.00104,0.05344,-0.00584,0.01026,spy_2020_2022.csv,1854462
SPY,2020-07-01,2020-07-01T16:00:00-04:00,310.6,2020-09-30,91.0,0.2493150684931507,395.0,put,85.32,86.19,91.3,0,,0.24348,-0.96965,0.0016,0.09635,-0.02309,-0.97498,spy_2020_2022.csv,1854462
SPY,2020-07-01,2020-07-01T16:00:00-04:00,310.6,2020-11-20,142.04,0.38915068493150684,209.0,call,102.92,104.04,0.0,,,0.48502,0.90335,0.00091,0.26891,-0.0422,0.25457,spy_2020_2022.csv,1854699
SPY,2020-07-01,2020-07-01T16:00:00-04:00,310.6,2020-11-20,142.04,0.38915068493150684,209.0,put,2.27,2.29,2.27,1,,0.43338,-0.05655,0.00131,0.22137,-0.03376,-0.07764,spy_2020_2022.csv,1854699
SPY,2020-07-01,2020-07-01T16:00:00-04:00,310.6,2020-11-20,142.04,0.38915068493150684,210.0,call,101.97,103.12,112.78,3,,0.48182,0.9028,0.00093,0.27231,-0.04215,0.26107,spy_2020_2022.csv,1854700
SPY,2020-07-01,2020-07-01T16:00:00-04:00,310.6,2020-11-20,142.04,0.38915068493150684,210.0,put,2.32,2.36,2.43,46,,0.4319,-0.0585,0.00134,0.22632,-0.03475,-0.07981,spy_2020_2022.csv,1854700
SPY,2020-07-01,2020-07-01T16:00:00-04:00,310.6,2020-11-20,142.04,0.38915068493150684,211.0,call,101.03,102.16,0.0,,,0.47747,0.9029,0.00103,0.27422,-0.04259,0.26744,spy_2020_2022.csv,1854701
SPY,2020-07-01,2020-07-01T16:00:00-04:00,310.6,2020-11-20,142.04,0.38915068493150684,211.0,put,2.38,2.41,2.48,3,,0.43089,-0.0592,0.00145,0.23019,-0.03489,-0.08148,spy_2020_2022.csv,1854701
SPY,2020-07-01,2020-07-01T16:00:00-04:00,310.6,2020-11-20,142.04,0.38915068493150684,212.0,call,99.56,101.39,0.0,,,0.46719,0.90416,0.001,0.27088,-0.04112,0.26501,spy_2020_2022.csv,1854702
SPY,2020-07-01,2020-07-01T16:00:00-04:00,310.6,2020-11-20,142.04,0.38915068493150684,212.0,put,2.44,2.48,2.5,33,,0.42939,-0.06167,0.00143,0.23486,-0.03612,-0.0843,spy_2020_2022.csv,1854702
SPY,2020-07-01,2020-07-01T16:00:00-04:00,310.6,2020-11-20,142.04,0.38915068493150684,213.0,call,99.14,100.27,0.0,,,0.4708,0.90203,0.00107,0.27952,-0.04261,0.28058,spy_2020_2022.csv,1854703
SPY,2020-07-01,2020-07-01T16:00:00-04:00,310.6,2020-11-20,142.04,0.38915068493150684,213.0,put,2.51,2.53,3.4,12,,0.42776,-0.06324,0.00149,0.23985,-0.03643,-0.08643,spy_2020_2022.csv,1854703
SPY,2020-07-01,2020-07-01T16:00:00-04:00,310.6,2020-11-20,142.04,0.38915068493150684,214.0,call,98.14,99.27,0.0,,,0.4652,0.90195,0.00111,0.28002,-0.0419,0.28435,spy_2020_2022.csv,1854704
SPY,2020-07-01,2020-07-01T16:00:00-04:00,310.6,2020-11-20,142.04,0.38915068493150684,214.0,put,2.56,2.61,2.61,80,,0.42532,-0.06461,0.00148,0.24438,-0.03726,-0.0883,spy_2020_2022.csv,1854704
SPY,2020-07-01,2020-07-01T16:00:00-04:00,310.6,2020-11-20,142.04,0.38915068493150684,215.0,call,97.13,98.28,100.71,33,,0.45968,0.90171,0.00115,0.28079,-0.04161,0.2881,spy_2020_2022.csv,1854705
SPY,2020-07-01,2020-07-01T16:00:00-04:00,310.6,2020-11-20,142.04,0.38915068493150684,215.0,put,2.63,2.68,2.64,2,,0.42334,-0.06579,0.00158,0.24906,-0.0376,-0.09064,spy_2020_2022.csv,1854705
SPY,2020-07-01,2020-07-01T16:00:00-04:00,310.6,2020-11-20,142.04,0.38915068493150684,216.0,call,95.79,97.4,0.0,,,0.45047,0.90353,0.00112,0.27886,-0.03968,0.28642,spy_2020_2022.csv,1854706
SPY,2020-07-01,2020-07-01T16:00:00-04:00,310.6,2020-11-20,142.04,0.38915068493150684,216.0,put,2.71,2.74,3.83,1,,0.42211,-0.0673,0.00162,0.2536,-0.03769,-0.09267,spy_2020_2022.csv,1854706
SPY,2020-07-01,2020-07-01T16:00:00-04:00,310.6,2020-11-20,142.04,0.38915068493150684,217.0,call,95.32,96.45,0.0,,,0.45499,0.89939,0.00123,0.2889,-0.04253,0.30383,spy_2020_2022.csv,1854707
SPY,2020-07-01,2020-07-01T16:00:00-04:00,310.6,2020-11-20,142.04,0.38915068493150684,217.0,put,2.77,2.8,4.17,120,,0.42065,-0.0693,0.00168,0.25841,-0.03833,-0.09509,spy_2020_2022.csv,1854707
SPY,2020-07-01,2020-07-01T16:00:00-04:00,310.6,2020-11-20,142.04,0.38915068493150684,218.0,call,94.65,95.06,0.0,,,0.44895,0.89991,0.00124,0.2896,-0.04144,0.30738,spy_2020_2022.csv,1854708
SPY,2020-07-01,2020-07-01T16:00:00-04:00,310.6,2020-11-20,142.04,0.38915068493150684,218.0,put,2.83,2.89,2.92,1,,0.4189,-0.07109,0.00166,0.26394,-0.03964,-0.09803,spy_2020_2022.csv,1854708
SPY,2020-07-01,2020-07-01T16:00:00-04:00,310.6,2020-11-20,142.04,0.38915068493150684,219.0,call,93.7,94.12,0.0,,,0.44583,0.89979,0.00131,0.29251,-0.04139,0.31352,spy_2020_2022.csv,1854709
SPY,2020-07-01,2020-07-01T16:00:00-04:00,310.6,2020-11-20,142.04,0.38915068493150684,219.0,put,2.91,2.95,3.71,0,,0.41707,-0.07241,0.00175,0.26823,-0.03953,-0.09951,spy_2020_2022.csv,1854709
SPY,2020-07-01,2020-07-01T16:00:00-04:00,310.6,2020-11-20,142.04,0.38915068493150684,220.0,call,92.84,93.22,96.13,32,,0.44402,0.89807,0.00136,0.29748,-0.04257,0.32238,spy_2020_2022.csv,1854710
SPY,2020-07-01,2020-07-01T16:00:00-04:00,310.6,2020-11-20,142.04,0.38915068493150684,220.0,put,2.99,3.04,2.92,206,,0.41588,-0.07495,0.00174,0.27417,-0.04003,-0.10313,spy_2020_2022.csv,1854710
SPY,2020-07-01,2020-07-01T16:00:00-04:00,310.6,2020-11-20,142.04,0.38915068493150684,221.0,call,91.86,92.26,92.82,2,,0.4399,0.89808,0.00136,0.30028,-0.04202,0.32863,spy_2020_2022.csv,1854711
SPY,2020-07-01,2020-07-01T16:00:00-04:00,310.6,2020-11-20,142.04,0.38915068493150684,221.0,put,3.06,3.12,3.28,50,,0.41407,-0.07702,0.00174,0.27948,-0.0406,-0.10521,spy_2020_2022.csv,1854711
SPY,2020-07-01,2020-07-01T16:00:00-04:00,310.6,2020-11-20,142.04,0.38915068493150684,222.0,call,90.98,91.34,69.01,2,,0.43877,0.89606,0.00148,0.30443,-0.04276,0.33659,spy_2020_2022.csv,1854712
SPY,2020-07-01,2020-07-01T16:00:00-04:00,310.6,2020-11-20,142.04,0.38915068493150684,222.0,put,3.14,3.19,3.24,52,,0.41241,-0.07886,0.00179,0.28401,-0.04169,-0.10783,spy_2020_2022.csv,1854712
SPY,2020-07-01,2020-07-01T16:00:00-04:00,310.6,2020-11-20,142.04,0.38915068493150684,223.0,call,90.05,90.47,42.8,2,,0.43658,0.89519,0.0015,0.30922,-0.0427,0.3452,spy_2020_2022.csv,1854713
SPY,2020-07-01,2020-07-01T16:00:00-04:00,310.6,2020-11-20,142.04,0.38915068493150684,223.0,put,3.23,3.29,3.76,0,,0.41198,-0.0809,0.00192,0.29036,-0.04221,-0.11029,spy_2020_2022.csv,1854713
SPY,2020-07-01,2020-07-01T16:00:00-04:00,310.6,2020-11-20,142.04,0.38915068493150684,224.0,call,89.07,89.47,41.9,2,,0.43136,0.89491,0.00149,0.31127,-0.04255,0.34943,spy_2020_2022.csv,1854714
SPY,2020-07-01,2020-07-01T16:00:00-04:00,310.6,2020-11-20,142.04,0.38915068493150684,224.0,put,3.32,3.35,4.99,45,,0.40935,-0.08259,0.00194,0.29475,-0.04267,-0.11322,spy_2020_2022.csv,1854714
SPY,2020-07-01,2020-07-01T16:00:00-04:00,310.6,2020-11-20,142.04,0.38915068493150684,225.0,call,88.19,88.64,91.59,45,,0.4313,0.89272,0.00157,0.31759,-0.04388,0.35994,spy_2020_2022.csv,1854715
SPY,2020-07-01,2020-07-01T16:00:00-04:00,310.6,2020-11-20,142.04,0.38915068493150684,225.0,put,3.4,3.43,3.5,53,,0.40818,-0.08461,0.00192,0.29988,-0.04355,-0.11613,spy_2020_2022.csv,1854715
SPY,2020-07-01,2020-07-01T16:00:00-04:00,310.6,2020-11-20,142.04,0.38915068493150684,226.0,call,87.38,87.8,68.46,2,,0.43209,0.89054,0.00164,0.32432,-0.04486,0.37005,spy_2020_2022.csv,1854716
SPY,2020-07-01,2020-07-01T16:00:00-04:00,310.6,2020-11-20,142.04,0.38915068493150684,226.0,put,3.48,3.53,3.6,51,,0.40631,-0.08639,0.00194,0.30615,-0.04429,-0.11846,spy_2020_2022.csv,1854716
SPY,2020-07-01,2020-07-01T16:00:00-04:00,310.6,2020-11-20,142.04,0.38915068493150684,227.0,call,86.34,86.82,0.0,,,0.42641,0.89046,0.00167,0.32558,-0.04399,0.37377,spy_2020_2022.csv,1854717
SPY,2020-07-01,2020-07-01T16:00:00-04:00,310.6,2020-11-20,142.04,0.38915068493150684,227.0,put,3.57,3.63,3.69,52,,0.4051,-0.08844,0.00203,0.31178,-0.04533,-0.12192,spy_2020_2022.csv,1854717
SPY,2020-07-01,2020-07-01T16:00:00-04:00,310.6,2020-11-20,142.04,0.38915068493150684,228.0,call,85.38,85.9,66.96,24,,0.42303,0.88936,0.00173,0.3296,-0.04414,0.37999,spy_2020_2022.csv,1854718
SPY,2020-07-01,2020-07-01T16:00:00-04:00,310.6,2020-11-20,142.04,0.38915068493150684,228.0,put,3.67,3.71,3.54,24,,0.40384,-0.09087,0.00212,0.31764,-0.04563,-0.12519,spy_2020_2022.csv,1854718
SPY,2020-07-01,2020-07-01T16:00:00-04:00,310.6,2020-11-20,142.04,0.38915068493150684,229.0,call,84.63,85.03,60.81,1,,0.42397,0.88606,0.00179,0.33723,-0.04527,0.39041,spy_2020_2022.csv,1854719
SPY,2020-07-01,2020-07-01T16:00:00-04:00,310.6,2020-11-20,142.04,0.38915068493150684,229.0,put,3.75,3.79,3.86,51,,0.40234,-0.09284,0.00211,0.32254,-0.0465,-0.12803,spy_2020_2022.csv,1854719
SPY,2020-07-01,2020-07-01T16:00:00-04:00,310.6,2020-11-20,142.04,0.38915068493150684,230.0,call,83.56,83.95,74.53,2,,0.41635,0.88711,0.00188,0.33703,-0.04485,0.39344,spy_2020_2022.csv,1854720
SPY,2020-07-01,2020-07-01T16:00:00-04:00,310.6,2020-11-20,142.04,0.38915068493150684,230.0,put,3.85,3.89,3.81,33,,0.40136,-0.09506,0.00215,0.32878,-0.04636,-0.13108,spy_2020_2022.csv,1854720
SPY,2020-07-01,2020-07-01T16:00:00-04:00,310.6,2020-11-20,142.04,0.38915068493150684,231.0,call,82.65,83.04,46.0,1,,0.41408,0.8852,0.0019,0.34118,-0.04553,0.39993,spy_2020_2022.csv,1854721
SPY,2020-07-01,2020-07-01T16:00:00-04:00,310.6,2020-11-20,142.04,0.38915068493150684,231.0,put,3.96,4.0,4.41,0,,0.39931,-0.09789,0.00227,0.33427,-0.04771,-0.13373,spy_2020_2022.csv,1854721
SPY,2020-07-01,2020-07-01T16:00:00-04:00,310.6,2020-11-20,142.04,0.38915068493150684,232.0,call,81.89,82.29,36.04,2,,0.41629,0.88191,0.00197,0.35072,-0.04704,0.41085,spy_2020_2022.csv,1854722
SPY,2020-07-01,2020-07-01T16:00:00-04:00,310.6,2020-11-20,142.04,0.38915068493150684,232.0,put,4.06,4.1,4.08,1,,0.39826,-0.09994,0.00225,0.34061,-0.04794,-0.13741,spy_2020_2022.csv,1854722
SPY,2020-07-01,2020-07-01T16:00:00-04:00,310.6,2020-11-20,142.04,0.38915068493150684,233.0,call,80.93,81.33,46.69,7,,0.41299,0.88065,0.00202,0.35459,-0.04715,0.41667,spy_2020_2022.csv,1854723
SPY,2020-07-01,2020-07-01T16:00:00-04:00,310.6,2020-11-20,142.04,0.38915068493150684,233.0,put,4.16,4.21,4.85,0,,0.39691,-0.10202,0.00234,0.34624,-0.0493,-0.14122,spy_2020_2022.csv,1854723
SPY,2020-07-01,2020-07-01T16:00:00-04:00,310.6,2020-11-20,142.04,0.38915068493150684,234.0,call,79.93,80.32,50.61,1,,0.40783,0.8804,0.00207,0.35692,-0.04675,0.42194,spy_2020_2022.csv,1854724
SPY,2020-07-01,2020-07-01T16:00:00-04:00,310.6,2020-11-20,142.04,0.38915068493150684,234.0,put,4.26,4.28,4.25,103,,0.39507,-0.10442,0.0024,0.35204,-0.04962,-0.14397,spy_2020_2022.csv,1854724
SPY,2020-07-01,2020-07-01T16:00:00-04:00,310.6,2020-11-20,142.04,0.38915068493150684,235.0,call,79.04,79.42,74.25,0,,0.40561,0.87854,0.00209,0.36171,-0.04718,0.42863,spy_2020_2022.csv,1854725
SPY,2020-07-01,2020-07-01T16:00:00-04:00,310.6,2020-11-20,142.04,0.38915068493150684,235.0,put,4.36,4.4,4.56,1,,0.39341,-0.1073,0.00243,0.35835,-0.05015,-0.14706,spy_2020_2022.csv,1854725
SPY,2020-07-01,2020-07-01T16:00:00-04:00,310.6,2020-11-20,142.04,0.38915068493150684,236.0,call,78.11,78.72,59.62,2,,0.40567,0.8752,0.00215,0.37003,-0.04792,0.43753,spy_2020_2022.csv,1854726
SPY,2020-07-01,2020-07-01T16:00:00-04:00,310.6,2020-11-20,142.04,0.38915068493150684,236.0,put,4.46,4.52,5.2,0,,0.39159,-0.10993,0.00246,0.36392,-0.05078,-0.15085,spy_2020_2022.csv,1854726
SPY,2020-07-01,2020-07-01T16:00:00-04:00,310.6,2020-11-20,142.04,0.38915068493150684,237.0,call,77.33,77.73,57.35,1,,0.40413,0.87361,0.00224,0.37566,-0.04852,0.44442,spy_2020_2022.csv,1854727
SPY,2020-07-01,2020-07-01T16:00:00-04:00,310.6,2020-11-20,142.04,0.38915068493150684,237.0,put,4.55,4.63,4.76,1,,0.38987,-0.11174,0.00251,0.36944,-0.05111,-0.15397,spy_2020_2022.csv,1854727
SPY,2020-07-01,2020-07-01T16:00:00-04:00,310.6,2020-11-20,142.04,0.38915068493150684,238.0,call,76.48,76.86,41.19,6,,0.40346,0.87146,0.00231,0.38132,-0.0491,0.45135,spy_2020_2022.csv,1854728
SPY,2020-07-01,2020-07-01T16:00:00-04:00,310.6,2020-11-20,142.04,0.38915068493150684,238.0,put,4.67,4.73,5.02,0,,0.38844,-0.11456,0.00259,0.37566,-0.05249,-0.1579,spy_2020_2022.csv,1854728
SPY,2020-07-01,2020-07-01T16:00:00-04:00,310.6,2020-11-20,142.04,0.38915068493150684,239.0,call,75.57,75.98,53.77,2,,0.40047,0.86855,0.00234,0.38663,-0.04966,0.45719,spy_2020_2022.csv,1854729
SPY,2020-07-01,2020-07-01T16:00:00-04:00,310.6,2020-11-20,142.04,0.38915068493150684,239.0,put,4.79,4.84,6.35,143,,0.38722,-0.1168,0.00258,0.38214,-0.05271,-0.16125,spy_2020_2022.csv,1854729
SPY,2020-07-01,2020-07-01T16:00:00-04:00,310.6,2020-11-20,142.04,0.38915068493150684,240.0,call,74.69,75.08,71.21,30,,0.39862,0.86634,0.00245,0.39276,-0.05004,0.46447,spy_2020_2022.csv,1854730
SPY,2020-07-01,2020-07-01T16:00:00-04:00,310.6,2020-11-20,142.04,0.38915068493150684,240.0,put,4.91,4.98,4.8,107,,0.38564,-0.12,0.00265,0.38875,-0.05353,-0.16566,spy_2020_2022.csv,1854730
SPY,2020-07-01,2020-07-01T16:00:00-04:00,310.6,2020-11-20,142.04,0.38915068493150684,241.0,call,73.66,74.05,70.27,7,,0.39335,0.86608,0.00247,0.39405,-0.04981,0.46788,spy_2020_2022.csv,1854731
SPY,2020-07-01,2020-07-01T16:00:00-04:00,310.6,2020-11-20,142.04,0.38915068493150684,241.0,put,5.03,5.09,5.05,5,,0.38485,-0.1224,0.00275,0.39422,-0.05366,-0.16896,spy_2020_2022.csv,1854731
SPY,2020-07-01,2020-07-01T16:00:00-04:00,310.6,2020-11-20,142.04,0.38915068493150684,242.0,call,72.91,73.33,30.75,7,,0.39521,0.86239,0.00254,0.40454,-0.05117,0.47687,spy_2020_2022.csv,1854732
SPY,2020-07-01,2020-07-01T16:00:00-04:00,310.6,2020-11-20,142.04,0.38915068493150684,242.0,put,5.15,5.22,5.25,1,,0.38256,-0.12598,0.00276,0.40072,-0.05471,-0.17343,spy_2020_2022.csv,1854732
SPY,2020-07-01,2020-07-01T16:00:00-04:00,310.6,2020-11-20,142.04,0.38915068493150684,243.0,call,72.0,72.3,71.68,1,,0.39039,0.86077,0.0026,0.40776,-0.0511,0.48118,spy_2020_2022.csv,1854733
SPY,2020-07-01,2020-07-01T16:00:00-04:00,310.6,2020-11-20,142.04,0.38915068493150684,243.0,put,5.28,5.34,6.8,1,,0.38101,-0.12857,0.00282,0.40705,-0.05508,-0.17746,spy_2020_2022.csv,1854733
SPY,2020-07-01,2020-07-01T16:00:00-04:00,310.6,2020-11-20,142.04,0.38915068493150684,244.0,call,71.16,71.53,70.76,33,,0.39047,0.85733,0.00265,0.41561,-0.05216,0.48864,spy_2020_2022.csv,1854734
SPY,2020-07-01,2020-07-01T16:00:00-04:00,310.6,2020-11-20,142.04,0.38915068493150684,244.0,put,5.39,5.45,7.15,2,,0.3794,-0.13111,0.00287,0.41278,-0.05642,-0.18045,spy_2020_2022.csv,1854734
SPY,2020-07-01,2020-07-01T16:00:00-04:00,310.6,2020-11-20,142.04,0.38915068493150684,245.0,call,70.24,70.69,67.99,49,,0.38904,0.85559,0.00278,0.42136,-0.05206,0.49438,spy_2020_2022.csv,1854735
SPY,2020-07-01,2020-07-01T16:00:00-04:00,310.6,2020-11-20,142.04,0.38915068493150684,245.0,put,5.53,5.6,5.46,61,,0.37882,-0.13392,0.00293,0.41993,-0.0563,-0.18505,spy_2020_2022.csv,1854735
SPY,2020-07-01,2020-07-01T16:00:00-04:00,310.6,2020-11-20,142.04,0.38915068493150684,246.0,call,69.38,69.74,67.46,31,,0.38651,0.85264,0.00281,0.42611,-0.05309,0.4996,spy_2020_2022.csv,1854736
SPY,2020-07-01,2020-07-01T16:00:00-04:00,310.6,2020-11-20,142.04,0.38915068493150684,246.0,put,5.66,5.71,7.69,2,,0.3766,-0.13742,0.00301,0.4263,-0.05698,-0.18898,spy_2020_2022.csv,1854736
SPY,2020-07-01,2020-07-01T16:00:00-04:00,310.6,2020-11-20,142.04,0.38915068493150684,247.0,call,68.47,68.84,66.61,32,,0.38405,0.85015,0.00284,0.43157,-0.0526,0.50452,spy_2020_2022.csv,1854737
SPY,2020-07-01,2020-07-01T16:00:00-04:00,310.6,2020-11-20,142.04,0.38915068493150684,247.0,put,5.79,5.85,8.29,1,,0.37517,-0.14055,0.00309,0.43296,-0.0581,-0.19345,spy_2020_2022.csv,1854737
SPY,2020-07-01,2020-07-01T16:00:00-04:00,310.6,2020-11-20,142.04,0.38915068493150684,248.0,call,67.64,68.01,65.76,34,,0.38218,0.84723,0.00293,0.43856,-0.0541,0.51042,spy_2020_2022.csv,1854738
SPY,2020-07-01,2020-07-01T16:00:00-04:00,310.6,2020-11-20,142.04,0.38915068493150684,248.0,put,5.93,5.99,6.6,64,,0.37423,-0.14301,0.00307,0.43967,-0.05837,-0.19783,spy_2020_2022.csv,1854738
SPY,2020-07-01,2020-07-01T16:00:00-04:00,310.6,2020-11-20,142.04,0.38915068493150684,249.0,call,66.76,67.14,66.54,497,,0.38112,0.84466,0.003,0.44525,-0.05407,0.51586,spy_2020_2022.csv,1854739
SPY,2020-07-01,2020-07-01T16:00:00-04:00,310.6,2020-11-20,142.04,0.38915068493150684,249.0,put,6.06,6.13,6.02,1,,0.37192,-0.1465,0.0032,0.44616,-0.05938,-0.20175,spy_2020_2022.csv,1854739
SPY,2020-07-01,2020-07-01T16:00:00-04:00,310.6,2020-11-20,142.04,0.38915068493150684,250.0,call,65.81,66.2,66.33,1,,0.37686,0.84291,0.00309,0.44962,-0.05448,0.52133,spy_2020_2022.csv,1854740
SPY,2020-07-01,2020-07-01T16:00:00-04:00,310.6,2020-11-20,142.04,0.38915068493150684,250.0,put,6.2,6.26,6.14,113,,0.37018,-0.15005,0.00324,0.45203,-0.06012,-0.20638,spy_2020_2022.csv,1854740
SPY,2020-07-01,2020-07-01T16:00:00-04:00,310.6,2020-11-20,142.04,0.38915068493150684,251.0,call,64.97,65.35,66.46,28,,0.37535,0.83987,0.00318,0.45651,-0.05508,0.52575,spy_2020_2022.csv,1854741
SPY,2020-07-01,2020-07-01T16:00:00-04:00,310.6,2020-11-20,142.04,0.38915068493150684,251.0,put,6.34,6.41,7.29,0,,0.36885,-0.15318,0.0033,0.45856,-0.06049,-0.21123,spy_2020_2022.csv,1854741
SPY,2020-07-01,2020-07-01T16:00:00-04:00,310.6,2020-11-20,142.04,0.38915068493150684,252.0,call,64.11,64.43,65.61,29,,0.37347,0.83721,0.00318,0.46161,-0.05537,0.53083,spy_2020_2022.csv,1854742
SPY,2020-07-01,2020-07-01T16:00:00-04:00,310.6,2020-11-20,142.04,0.38915068493150684,252.0,put,6.46,6.53,6.69,2,,0.36721,-0.15578,0.00337,0.46496,-0.06088,-0.21565,spy_2020_2022.csv,1854742
SPY,2020-07-01,2020-07-01T16:00:00-04:00,310.6,2020-11-20,142.04,0.38915068493150684,253.0,call,63.31,63.67,65.03,29,,0.37323,0.8329,0.0033,0.46977,-0.05611,0.53621,spy_2020_2022.csv,1854743
SPY,2020-07-01,2020-07-01T16:00:00-04:00,310.6,2020-11-20,142.04,0.38915068493150684,253.0,put,6.64,6.71,7.0,0,,0.36624,-0.16014,0.00336,0.4723,-0.06217,-0.22102,spy_2020_2022.csv,1854743
SPY,2020-07-01,2020-07-01T16:00:00-04:00,310.6,2020-11-20,142.04,0.38915068493150684,254.0,call,62.46,62.78,65.16,65,,0.37145,0.82973,0.00334,0.47633,-0.05642,0.54052,spy_2020_2022.csv,1854744
SPY,2020-07-01,2020-07-01T16:00:00-04:00,310.6,2020-11-20,142.04,0.38915068493150684,254.0,put,6.77,6.88,8.8,1,,0.36413,-0.16293,0.00351,0.47852,-0.06218,-0.22569,spy_2020_2022.csv,1854744
SPY,2020-07-01,2020-07-01T16:00:00-04:00,310.6,2020-11-20,142.04,0.38915068493150684,255.0,call,61.61,61.92,57.38,0,,0.36961,0.82724,0.00337,0.4829,-0.05762,0.54541,spy_2020_2022.csv,1854745
SPY,2020-07-01,2020-07-01T16:00:00-04:00,310.6,2020-11-20,142.04,0.38915068493150684,255.0,put,6.93,7.02,7.91,0,,0.36331,-0.16715,0.0035,0.48546,-0.0631,-0.22997,spy_2020_2022.csv,1854745
SPY,2020-07-01,2020-07-01T16:00:00-04:00,310.6,2020-11-20,142.04,0.38915068493150684,256.0,call,60.76,60.95,60.72,118,,0.36578,0.82398,0.00347,0.48755,-0.0578,0.5496,spy_2020_2022.csv,1854746
SPY,2020-07-01,2020-07-01T16:00:00-04:00,310.6,2020-11-20,142.04,0.38915068493150684,256.0,put,7.1,7.19,10.05,1,,0.36195,-0.17017,0.0036,0.49184,-0.06367,-0.23546,spy_2020_2022.csv,1854746
SPY,2020-07-01,2020-07-01T16:00:00-04:00,310.6,2020-11-20,142.04,0.38915068493150684,257.0,call,59.84,60.14,61.4,64,,0.36368,0.82155,0.00353,0.49437,-0.0578,0.55394,spy_2020_2022.csv,1854747
SPY,2020-07-01,2020-07-01T16:00:00-04:00,310.6,2020-11-20,142.04,0.38915068493150684,257.0,put,7.22,7.3,10.02,1,,0.35904,-0.17366,0.00362,0.49741,-0.06375,-0.2395,spy_2020_2022.csv,1854747
SPY,2020-07-01,2020-07-01T16:00:00-04:00,310.6,2020-11-20,142.04,0.38915068493150684,258.0,call,58.98,59.26,62.83,1,,0.36194,0.81798,0.0036,0.50031,-0.05771,0.55736,spy_2020_2022.csv,1854748
SPY,2020-07-01,2020-07-01T16:00:00-04:00,310.6,2020-11-20,142.04,0.38915068493150684,258.0,put,7.38,7.47,9.96,5,,0.35782,-0.17716,0.00375,0.5043,-0.06497,-0.24408,spy_2020_2022.csv,1854748
SPY,2020-07-01,2020-07-01T16:00:00-04:00,310.6,2020-11-20,142.04,0.38915068493150684,259.0,call,58.15,58.48,59.99,7,,0.3611,0.81406,0.00369,0.50709,-0.05876,0.56163,spy_2020_2022.csv,1854749
SPY,2020-07-01,2020-07-01T16:00:00-04:00,310.6,2020-11-20,142.04,0.38915068493150684,259.0,put,7.57,7.63,10.48,2,,0.35599,-0.18066,0.0038,0.51127,-0.06577,-0.24952,spy_2020_2022.csv,1854749
SPY,2020-07-01,2020-07-01T16:00:00-04:00,310.6,2020-11-20,142.04,0.38915068493150684,260.0,call,57.29,57.63,55.45,51,,0.35861,0.81114,0.00377,0.51352,-0.05964,0.56525,spy_2020_2022.csv,1854750
SPY,2020-07-01,2020-07-01T16:00:00-04:00,310.6,2020-11-20,142.04,0.38915068493150684,260.0,put,7.75,7.82,7.63,171,,0.3552,-0.1854,0.00384,0.51784,-0.0659,-0.2557,spy_2020_2022.csv,1854750
SPY,2020-07-01,2020-07-01T16:00:00-04:00,310.6,2020-11-20,142.04,0.38915068493150684,261.0,call,56.45,56.78,57.19,4,,0.35652,0.8068,0.00389,0.51988,-0.05934,0.56908,spy_2020_2022.csv,1854751
SPY,2020-07-01,2020-07-01T16:00:00-04:00,310.6,2020-11-20,142.04,0.38915068493150684,261.0,put,7.88,7.97,11.72,1,,0.35284,-0.18846,0.00398,0.52481,-0.06642,-0.26002,spy_2020_2022.csv,1854751
SPY,2020-07-01,2020-07-01T16:00:00-04:00,310.6,2020-11-20,142.04,0.38915068493150684,262.0,call,55.69,56.03,57.17,28,,0.35607,0.80253,0.00392,0.52802,-0.06041,0.57282,spy_2020_2022.csv,1854752
SPY,2020-07-01,2020-07-01T16:00:00-04:00,310.6,2020-11-20,142.04,0.38915068493150684,262.0,put,8.05,8.13,8.64,0,,0.35175,-0.19284,0.00402,0.53052,-0.06656,-0.26557,spy_2020_2022.csv,1854752
SPY,2020-07-01,2020-07-01T16:00:00-04:00,310.6,2020-11-20,142.04,0.38915068493150684,263.0,call,54.82,55.08,56.7,3,,0.35329,0.79971,0.004,0.53318,-0.06077,0.57627,spy_2020_2022.csv,1854753
SPY,2020-07-01,2020-07-01T16:00:00-04:00,310.6,2020-11-20,142.04,0.38915068493150684,263.0,put,8.23,8.31,8.6,0,,0.34912,-0.19603,0.00411,0.53768,-0.06721,-0.27127,spy_2020_2022.csv,1854753
SPY,2020-07-01,2020-07-01T16:00:00-04:00,310.6,2020-11-20,142.04,0.38915068493150684,264.0,call,54.04,54.3,50.23,2,,0.35246,0.79542,0.00403,0.54115,-0.06174,0.57891,spy_2020_2022.csv,1854754
SPY,2020-07-01,2020-07-01T16:00:00-04:00,310.6,2020-11-20,142.04,0.38915068493150684,264.0,put,8.45,8.5,8.56,1,,0.34816,-0.20093,0.00416,0.54442,-0.06767,-0.27716,spy_2020_2022.csv,1854754
SPY,2020-07-01,2020-07-01T16:00:00-04:00,310.6,2020-11-20,142.04,0.38915068493150684,265.0,call,53.17,53.42,48.5,1,,0.34953,0.7918,0.00415,0.54639,-0.06189,0.58184,spy_2020_2022.csv,1854755
SPY,2020-07-01,2020-07-01T16:00:00-04:00,310.6,2020-11-20,142.04,0.38915068493150684,265.0,put,8.62,8.69,8.5,24,,0.34719,-0.20488,0.0042,0.55117,-0.06912,-0.28339,spy_2020_2022.csv,1854755
SPY,2020-07-01,2020-07-01T16:00:00-04:00,310.6,2020-11-20,142.04,0.38915068493150684,266.0,call,52.28,52.54,53.54,21,,0.34652,0.78848,0.00425,0.55191,-0.06138,0.58525,spy_2020_2022.csv,1854756
SPY,2020-07-01,2020-07-01T16:00:00-04:00,310.6,2020-11-20,142.04,0.38915068493150684,266.0,put,8.79,8.85,9.0,5,,0.3449,-0.20834,0.00431,0.55699,-0.06902,-0.28812,spy_2020_2022.csv,1854756
SPY,2020-07-01,2020-07-01T16:00:00-04:00,310.6,2020-11-20,142.04,0.38915068493150684,267.0,call,51.56,51.85,53.18,5,,0.34684,0.78344,0.00428,0.56063,-0.0625,0.58703,spy_2020_2022.csv,1854757
SPY,2020-07-01,2020-07-01T16:00:00-04:00,310.6,2020-11-20,142.04,0.38915068493150684,267.0,put,8.98,9.08,9.13,41,,0.34353,-0.21293,0.00431,0.56374,-0.07006,-0.29437,spy_2020_2022.csv,1854757
SPY,2020-07-01,2020-07-01T16:00:00-04:00,310.6,2020-11-20,142.04,0.38915068493150684,268.0,call,50.74,51.0,41.5,2,,0.34479,0.77997,0.00439,0.56662,-0.06362,0.59018,spy_2020_2022.csv,1854758
SPY,2020-07-01,2020-07-01T16:00:00-04:00,310.6,2020-11-20,142.04,0.38915068493150684,268.0,put,9.16,9.27,9.25,1,,0.34234,-0.21732,0.00444,0.5704,-0.07055,-0.301,spy_2020_2022.csv,1854758
SPY,2020-07-01,2020-07-01T16:00:00-04:00,310.6,2020-11-20,142.04,0.38915068493150684,269.0,call,49.94,50.11,51.83,32,,0.34266,0.77538,0.00449,0.57321,-0.06339,0.59218,spy_2020_2022.csv,1854759
SPY,2020-07-01,2020-07-01T16:00:00-04:00,310.6,2020-11-20,142.04,0.38915068493150684,269.0,put,9.35,9.46,10.07,0,,0.34058,-0.22208,0.00452,0.57697,-0.07059,-0.30633,spy_2020_2022.csv,1854759
SPY,2020-07-01,2020-07-01T16:00:00-04:00,310.6,2020-11-20,142.04,0.38915068493150684,270.0,call,49.03,49.3,45.19,0,,0.34029,0.77137,0.00458,0.57935,-0.06321,0.59478,spy_2020_2022.csv,1854760
SPY,2020-07-01,2020-07-01T16:00:00-04:00,310.6,2020-11-20,142.04,0.38915068493150684,270.0,put,9.53,9.63,9.32,39,,0.33802,-0.2261,0.00454,0.58302,-0.07107,-0.31286,spy_2020_2022.csv,1854760
SPY,2020-07-01,2020-07-01T16:00:00-04:00,310.6,2020-11-20,142.04,0.38915068493150684,271.0,call,48.28,48.56,49.97,82,,0.33907,0.76683,0.00465,0.58617,-0.06428,0.59653,spy_2020_2022.csv,1854761
SPY,2020-07-01,2020-07-01T16:00:00-04:00,310.6,2020-11-20,142.04,0.38915068493150684,271.0,put,9.72,9.83,10.38,0,,0.33625,-0.23053,0.00467,0.58929,-0.07149,-0.31857,spy_2020_2022.csv,1854761
SPY,2020-07-01,2020-07-01T16:00:00-04:00,310.6,2020-11-20,142.04,0.38915068493150684,272.0,call,47.38,47.69,49.44,13,,0.33659,0.76329,0.00466,0.59187,-0.06439,0.59821,spy_2020_2022.csv,1854762
SPY,2020-07-01,2020-07-01T16:00:00-04:00,310.6,2020-11-20,142.04,0.38915068493150684,272.0,put,9.95,10.08,10.18,1,,0.33491,-0.2354,0.00472,0.59614,-0.07187,-0.32534,spy_2020_2022.csv,1854762
SPY,2020-07-01,2020-07-01T16:00:00-04:00,310.6,2020-11-20,142.04,0.38915068493150684,273.0,call,46.67,46.96,36.22,2,,0.33521,0.75807,0.0048,0.59889,-0.06538,0.59965,spy_2020_2022.csv,1854763
SPY,2020-07-01,2020-07-01T16:00:00-04:00,310.6,2020-11-20,142.04,0.38915068493150684,273.0,put,10.11,10.25,10.01,10,,0.33348,-0.23923,0.00476,0.60285,-0.07222,-0.33144,spy_2020_2022.csv,1854763
SPY,2020-07-01,2020-07-01T16:00:00-04:00,310.6,2020-11-20,142.04,0.38915068493150684,274.0,call,45.86,46.13,43.88,2,,0.33346,0.75382,0.00482,0.60499,-0.06489,0.60127,spy_2020_2022.csv,1854764
SPY,2020-07-01,2020-07-01T16:00:00-04:00,310.6,2020-11-20,142.04,0.38915068493150684,274.0,put,10.29,10.39,10.26,18,,0.33029,-0.24366,0.00487,0.60881,-0.07284,-0.33773,spy_2020_2022.csv,1854764
SPY,2020-07-01,2020-07-01T16:00:00-04:00,310.6,2020-11-20,142.04,0.38915068493150684,275.0,call,45.11,45.36,45.45,15,,0.33228,0.74875,0.00491,0.61174,-0.06617,0.6019,spy_2020_2022.csv,1854765
SPY,2020-07-01,2020-07-01T16:00:00-04:00,310.6,2020-11-20,142.04,0.38915068493150684,275.0,put,10.57,10.64,10.41,45,,0.32956,-0.24951,0.00495,0.61561,-0.07281,-0.34486,spy_2020_2022.csv,1854765
SPY,2020-07-01,2020-07-01T16:00:00-04:00,310.6,2020-11-20,142.04,0.38915068493150684,276.0,call,44.33,44.61,51.8,1,,0.33077,0.74362,0.00504,0.61904,-0.06592,0.6037,spy_2020_2022.csv,1854766
SPY,2020-07-01,2020-07-01T16:00:00-04:00,310.6,2020-11-20,142.04,0.38915068493150684,276.0,put,10.8,10.92,10.89,1,,0.32802,-0.25394,0.00498,0.62141,-0.07334,-0.352,spy_2020_2022.csv,1854766
SPY,2020-07-01,2020-07-01T16:00:00-04:00,310.6,2020-11-20,142.04,0.38915068493150684,277.0,call,43.57,43.84,39.92,4,,0.32918,0.73877,0.00506,0.62564,-0.06636,0.60422,spy_2020_2022.csv,1854767
SPY,2020-07-01,2020-07-01T16:00:00-04:00,310.6,2020-11-20,142.04,0.38915068493150684,277.0,put,10.93,11.65,10.8,54,,0.33037,-0.26081,0.00509,0.62988,-0.07469,-0.36083,spy_2020_2022.csv,1854767
SPY,2020-07-01,2020-07-01T16:00:00-04:00,310.6,2020-11-20,142.04,0.38915068493150684,278.0,call,42.75,43.0,44.73,189,,0.32667,0.73421,0.00512,0.63137,-0.06701,0.60511,spy_2020_2022.csv,1854768
SPY,2020-07-01,2020-07-01T16:00:00-04:00,310.6,2020-11-20,142.04,0.38915068493150684,278.0,put,11.18,11.3,11.23,2,,0.3236,-0.26385,0.00515,0.6335,-0.07462,-0.3648,spy_2020_2022.csv,1854768
SPY,2020-07-01,2020-07-01T16:00:00-04:00,310.6,2020-11-20,142.04,0.38915068493150684,279.0,call,41.98,42.24,43.72,71,,0.3249,0.72863,0.00523,0.63757,-0.06774,0.60541,spy_2020_2022.csv,1854769
SPY,2020-07-01,2020-07-01T16:00:00-04:00,310.6,2020-11-20,142.04,0.38915068493150684,279.0,put,11.45,11.55,11.49,51,,0.32338,-0.26927,0.00528,0.64015,-0.07451,-0.37207,spy_2020_2022.csv,1854769
SPY,2020-07-01,2020-07-01T16:00:00-04:00,310.6,2020-11-20,142.04,0.38915068493150684,280.0,call,41.12,41.35,36.91,10,,0.32181,0.72492,0.00534,0.64231,-0.06716,0.60612,spy_2020_2022.csv,1854770
SPY,2020-07-01,2020-07-01T16:00:00-04:00,310.6,2020-11-20,142.04,0.38915068493150684,280.0,put,11.67,11.77,11.66,585,,0.32129,-0.27445,0.00535,0.6457,-0.07466,-0.37903,spy_2020_2022.csv,1854770
SPY,2020-07-01,2020-07-01T16:00:00-04:00,310.6,2020-11-20,142.04,0.38915068493150684,281.0,call,40.4,40.68,43.8,1,,0.32079,0.71908,0.00546,0.64981,-0.06823,0.60591,spy_2020_2022.csv,1854771
SPY,2020-07-01,2020-07-01T16:00:00-04:00,310.6,2020-11-20,142.04,0.38915068493150684,281.0,put,11.89,11.99,11.95,101,,0.31902,-0.27972,0.00539,0.6523,-0.07567,-0.38621,spy_2020_2022.csv,1854771
SPY,2020-07-01,2020-07-01T16:00:00-04:00,310.6,2020-11-20,142.04,0.38915068493150684,282.0,call,39.63,39.88,43.29,8,,0.31931,0.71346,0.00547,0.65555,-0.06761,0.60662,spy_2020_2022.csv,1854772
SPY,2020-07-01,2020-07-01T16:00:00-04:00,310.6,2020-11-20,142.04,0.38915068493150684,282.0,put,12.12,12.22,12.14,41,,0.31666,-0.28484,0.00545,0.65831,-0.07512,-0.39363,spy_2020_2022.csv,1854772
SPY,2020-07-01,2020-07-01T16:00:00-04:00,310.6,2020-11-20,142.04,0.38915068493150684,283.0,call,38.82,39.05,42.57,19,,0.31613,0.70862,0.00565,0.66136,-0.068,0.60632,spy_2020_2022.csv,1854773
SPY,2020-07-01,2020-07-01T16:00:00-04:00,310.6,2020-11-20,142.04,0.38915068493150684,283.0,put,12.26,12.48,12.5,4,,0.31489,-0.28951,0.00557,0.66348,-0.07545,-0.40083,spy_2020_2022.csv,1854773
SPY,2020-07-01,2020-07-01T16:00:00-04:00,310.6,2020-11-20,142.04,0.38915068493150684,284.0,call,38.13,38.41,35.57,2,,0.3157,0.70253,0.00566,0.66703,-0.06828,0.60581,spy_2020_2022.csv,1854774
SPY,2020-07-01,2020-07-01T16:00:00-04:00,310.6,2020-11-20,142.04,0.38915068493150684,284.0,put,12.6,12.7,12.67,52,,0.31344,-0.29505,0.00568,0.66933,-0.07555,-0.40889,spy_2020_2022.csv,1854774
SPY,2020-07-01,2020-07-01T16:00:00-04:00,310.6,2020-11-20,142.04,0.38915068493150684,285.0,call,37.38,37.64,37.53,2,,0.31434,0.69671,0.0057,0.67308,-0.06925,0.60534,spy_2020_2022.csv,1854775
SPY,2020-07-01,2020-07-01T16:00:00-04:00,310.6,2020-11-20,142.04,0.38915068493150684,285.0,put,12.85,12.95,12.89,47,,0.31206,-0.30069,0.0057,0.67476,-0.07606,-0.41622,spy_2020_2022.csv,1854775
SPY,2020-07-01,2020-07-01T16:00:00-04:00,310.6,2020-11-20,142.04,0.38915068493150684,286.0,call,36.63,36.89,35.61,1,,0.31247,0.69171,0.00581,0.67901,-0.06898,0.60459,spy_2020_2022.csv,1854776
SPY,2020-07-01,2020-07-01T16:00:00-04:00,310.6,2020-11-20,142.04,0.38915068493150684,286.0,put,13.12,13.23,12.95,52,,0.30989,-0.30718,0.00584,0.68116,-0.07669,-0.42438,spy_2020_2022.csv,1854776
SPY,2020-07-01,2020-07-01T16:00:00-04:00,310.6,2020-11-20,142.04,0.38915068493150684,287.0,call,35.82,36.05,34.2,50,,0.30912,0.6863,0.00588,0.68414,-0.06878,0.60375,spy_2020_2022.csv,1854777
SPY,2020-07-01,2020-07-01T16:00:00-04:00,310.6,2020-11-20,142.04,0.38915068493150684,287.0,put,13.38,13.49,13.77,20,,0.3087,-0.31284,0.00593,0.68665,-0.07672,-0.43297,spy_2020_2022.csv,1854777
SPY,2020-07-01,2020-07-01T16:00:00-04:00,310.6,2020-11-20,142.04,0.38915068493150684,288.0,call,35.07,35.37,34.69,1,,0.30703,0.68021,0.00606,0.69002,-0.06905,0.60275,spy_2020_2022.csv,1854778
SPY,2020-07-01,2020-07-01T16:00:00-04:00,310.6,2020-11-20,142.04,0.38915068493150684,288.0,put,13.64,13.74,15.26,0,,0.30611,-0.31783,0.00597,0.69153,-0.07685,-0.44081,spy_2020_2022.csv,1854778
SPY,2020-07-01,2020-07-01T16:00:00-04:00,310.6,2020-11-20,142.04,0.38915068493150684,289.0,call,34.4,34.66,42.07,4,,0.30645,0.67366,0.00608,0.69538,-0.06978,0.60069,spy_2020_2022.csv,1854779
SPY,2020-07-01,2020-07-01T16:00:00-04:00,310.6,2020-11-20,142.04,0.38915068493150684,289.0,put,13.91,14.01,14.47,0,,0.30447,-0.32453,0.00603,0.69695,-0.07724,-0.44876,spy_2020_2022.csv,1854779
SPY,2020-07-01,2020-07-01T16:00:00-04:00,310.6,2020-11-20,142.04,0.38915068493150684,290.0,call,33.63,33.9,31.72,0,,0.30366,0.66786,0.00617,0.70098,-0.06996,0.59991,spy_2020_2022.csv,1854780
SPY,2020-07-01,2020-07-01T16:00:00-04:00,310.6,2020-11-20,142.04,0.38915068493150684,290.0,put,14.16,14.31,13.79,532,,0.30223,-0.3305,0.00613,0.70198,-0.07762,-0.45752,spy_2020_2022.csv,1854780
SPY,2020-07-01,2020-07-01T16:00:00-04:00,310.6,2020-11-20,142.04,0.38915068493150684,291.0,call,32.94,33.17,30.66,2,,0.30282,0.66201,0.00621,0.70594,-0.06958,0.59736,spy_2020_2022.csv,1854781
SPY,2020-07-01,2020-07-01T16:00:00-04:00,310.6,2020-11-20,142.04,0.38915068493150684,291.0,put,14.44,14.59,14.47,20,,0.30108,-0.33643,0.00621,0.70778,-0.07753,-0.46579,spy_2020_2022.csv,1854781
SPY,2020-07-01,2020-07-01T16:00:00-04:00,310.6,2020-11-20,142.04,0.38915068493150684,292.0,call,32.15,32.43,28.45,1,,0.29996,0.65569,0.00633,0.71065,-0.06931,0.59596,spy_2020_2022.csv,1854782
SPY,2020-07-01,2020-07-01T16:00:00-04:00,310.6,2020-11-20,142.04,0.38915068493150684,292.0,put,14.67,14.82,14.56,262,,0.29808,-0.34252,0.00635,0.71192,-0.07759,-0.47362,spy_2020_2022.csv,1854782
SPY,2020-07-01,2020-07-01T16:00:00-04:00,310.6,2020-11-20,142.04,0.38915068493150684,293.0,call,31.41,31.63,27.05,2,,0.29733,0.65035,0.0064,0.71535,-0.06907,0.5948,spy_2020_2022.csv,1854783
SPY,2020-07-01,2020-07-01T16:00:00-04:00,310.6,2020-11-20,142.04,0.38915068493150684,293.0,put,14.98,15.14,15.04,51,,0.29696,-0.3484,0.00636,0.71671,-0.07795,-0.48271,spy_2020_2022.csv,1854783
SPY,2020-07-01,2020-07-01T16:00:00-04:00,310.6,2020-11-20,142.04,0.38915068493150684,294.0,call,30.69,31.52,34.54,6,,0.29992,0.6427,0.00647,0.72051,-0.07119,0.59069,spy_2020_2022.csv,1854784
SPY,2020-07-01,2020-07-01T16:00:00-04:00,310.6,2020-11-20,142.04,0.38915068493150684,294.0,put,15.26,15.36,18.67,3,,0.29428,-0.3544,0.00645,0.72158,-0.07726,-0.4917,spy_2020_2022.csv,1854784
SPY,2020-07-01,2020-07-01T16:00:00-04:00,310.6,2020-11-20,142.04,0.38915068493150684,295.0,call,29.97,30.2,28.63,49,,0.29355,0.63731,0.00661,0.72473,-0.06932,0.59003,spy_2020_2022.csv,1854785
SPY,2020-07-01,2020-07-01T16:00:00-04:00,310.6,2020-11-20,142.04,0.38915068493150684,295.0,put,15.54,15.64,15.51,87,,0.29218,-0.36169,0.00654,0.72581,-0.07709,-0.49988,spy_2020_2022.csv,1854785
SPY,2020-07-01,2020-07-01T16:00:00-04:00,310.6,2020-11-20,142.04,0.38915068493150684,296.0,call,29.3,29.5,26.37,9,,0.29189,0.63011,0.00667,0.72977,-0.06978,0.58684,spy_2020_2022.csv,1854786
SPY,2020-07-01,2020-07-01T16:00:00-04:00,310.6,2020-11-20,142.04,0.38915068493150684,296.0,put,15.83,15.96,17.32,0,,0.29085,-0.36777,0.00664,0.73044,-0.07765,-0.50906,spy_2020_2022.csv,1854786
SPY,2020-07-01,2020-07-01T16:00:00-04:00,310.6,2020-11-20,142.04,0.38915068493150684,297.0,call,28.63,28.91,29.55,6,,0.29108,0.62385,0.00675,0.73333,-0.06983,0.58377,spy_2020_2022.csv,1854787
SPY,2020-07-01,2020-07-01T16:00:00-04:00,310.6,2020-11-20,142.04,0.38915068493150684,297.0,put,16.12,16.25,16.27,2,,0.28832,-0.37452,0.00677,0.7343,-0.07737,-0.51917,spy_2020_2022.csv,1854787
SPY,2020-07-01,2020-07-01T16:00:00-04:00,310.6,2020-11-20,142.04,0.38915068493150684,298.0,call,27.95,28.15,25.52,0,,0.28867,0.6173,0.00687,0.73823,-0.06996,0.58115,spy_2020_2022.csv,1854788
SPY,2020-07-01,2020-07-01T16:00:00-04:00,310.6,2020-11-20,142.04,0.38915068493150684,298.0,put,16.4,16.56,16.43,1,,0.28637,-0.38082,0.00677,0.73825,-0.07724,-0.52765,spy_2020_2022.csv,1854788
SPY,2020-07-01,2020-07-01T16:00:00-04:00,310.6,2020-11-20,142.04,0.38915068493150684,299.0,call,27.22,27.45,27.41,1,,0.2866,0.60979,0.00691,0.74193,-0.06958,0.57811,spy_2020_2022.csv,1854789
SPY,2020-07-01,2020-07-01T16:00:00-04:00,310.6,2020-11-20,142.04,0.38915068493150684,299.0,put,16.8,16.88,18.25,0,,0.28483,-0.3881,0.00692,0.74213,-0.0777,-0.53756,spy_2020_2022.csv,1854789
SPY,2020-07-01,2020-07-01T16:00:00-04:00,310.6,2020-11-20,142.04,0.38915068493150684,300.0,call,26.51,26.69,26.66,8,,0.28391,0.60294,0.00705,0.74542,-0.06959,0.57478,spy_2020_2022.csv,1854790
SPY,2020-07-01,2020-07-01T16:00:00-04:00,310.6,2020-11-20,142.04,0.38915068493150684,300.0,put,17.07,17.19,17.0,209,,0.28332,-0.39467,0.00702,0.7466,-0.07738,-0.54725,spy_2020_2022.csv,1854790
SPY,2020-07-01,2020-07-01T16:00:00-04:00,310.6,2020-11-20,142.04,0.38915068493150684,301.0,call,25.84,26.01,25.8,12,,0.28177,0.59621,0.00711,0.74886,-0.06928,0.57027,spy_2020_2022.csv,1854791
SPY,2020-07-01,2020-07-01T16:00:00-04:00,310.6,2020-11-20,142.04,0.38915068493150684,301.0,put,17.39,17.5,17.09,9,,0.28035,-0.40216,0.00711,0.74969,-0.07766,-0.55732,spy_2020_2022.csv,1854791
SPY,2020-07-01,2020-07-01T16:00:00-04:00,310.6,2020-11-20,142.04,0.38915068493150684,302.0,call,25.18,25.33,24.85,11,,0.2798,0.58872,0.00722,0.75204,-0.0694,0.56648,spy_2020_2022.csv,1854792
SPY,2020-07-01,2020-07-01T16:00:00-04:00,310.6,2020-11-20,142.04,0.38915068493150684,302.0,put,17.68,17.81,17.65,25,,0.27909,-0.40877,0.00715,0.75268,-0.07724,-0.56713,spy_2020_2022.csv,1854792
SPY,2020-07-01,2020-07-01T16:00:00-04:00,310.6,2020-11-20,142.04,0.38915068493150684,303.0,call,24.49,24.68,25.2,5,,0.27798,0.58133,0.00724,0.75554,-0.06932,0.56271,spy_2020_2022.csv,1854793
SPY,2020-07-01,2020-07-01T16:00:00-04:00,310.6,2020-11-20,142.04,0.38915068493150684,303.0,put,17.99,18.11,18.1,29,,0.27624,-0.41631,0.00723,0.75547,-0.07668,-0.57693,spy_2020_2022.csv,1854793
SPY,2020-07-01,2020-07-01T16:00:00-04:00,310.6,2020-11-20,142.04,0.38915068493150684,304.0,call,23.85,24.02,24.29,17,,0.27582,0.57478,0.00739,0.75826,-0.06912,0.55831,spy_2020_2022.csv,1854794
SPY,2020-07-01,2020-07-01T16:00:00-04:00,310.6,2020-11-20,142.04,0.38915068493150684,304.0,put,18.36,18.45,18.31,125,,0.27383,-0.42364,0.00733,0.75882,-0.07636,-0.58776,spy_2020_2022.csv,1854794
SPY,2020-07-01,2020-07-01T16:00:00-04:00,310.6,2020-11-20,142.04,0.38915068493150684,305.0,call,23.22,23.39,23.96,26,,0.2744,0.56662,0.00738,0.76075,-0.06846,0.55408,spy_2020_2022.csv,1854795
SPY,2020-07-01,2020-07-01T16:00:00-04:00,310.6,2020-11-20,142.04,0.38915068493150684,305.0,put,18.08,19.37,18.57,30,,0.27223,-0.43097,0.00743,0.76123,-0.07643,-0.59756,spy_2020_2022.csv,1854795
SPY,2020-07-01,2020-07-01T16:00:00-04:00,310.6,2020-11-20,142.04,0.38915068493150684,306.0,call,22.57,22.76,22.97,45,,0.27278,0.55933,0.00753,0.76322,-0.06879,0.54883,spy_2020_2022.csv,1854796
SPY,2020-07-01,2020-07-01T16:00:00-04:00,310.6,2020-11-20,142.04,0.38915068493150684,306.0,put,19.02,19.14,19.01,13,,0.27058,-0.43898,0.00751,0.76403,-0.07597,-0.60832,spy_2020_2022.csv,1854796
SPY,2020-07-01,2020-07-01T16:00:00-04:00,310.6,2020-11-20,142.04,0.38915068493150684,307.0,call,21.92,22.13,22.34,46,,0.27081,0.55108,0.00754,0.76587,-0.06803,0.54437,spy_2020_2022.csv,1854797
SPY,2020-07-01,2020-07-01T16:00:00-04:00,310.6,2020-11-20,142.04,0.38915068493150684,307.0,put,19.39,19.51,19.64,8,,0.26865,-0.44704,0.00757,0.76591,-0.07575,-0.61952,spy_2020_2022.csv,1854797
SPY,2020-07-01,2020-07-01T16:00:00-04:00,310.6,2020-11-20,142.04,0.38915068493150684,308.0,call,21.27,21.41,21.93,36,,0.26838,0.54347,0.00768,0.76764,-0.06804,0.53935,spy_2020_2022.csv,1854798
SPY,2020-07-01,2020-07-01T16:00:00-04:00,310.6,2020-11-20,142.04,0.38915068493150684,308.0,put,19.72,19.84,19.48,20,,0.26597,-0.45475,0.00764,0.76777,-0.07527,-0.63031,spy_2020_2022.csv,1854798
SPY,2020-07-01,2020-07-01T16:00:00-04:00,310.6,2020-11-20,142.04,0.38915068493150684,309.0,call,20.68,20.84,20.49,7,,0.26626,0.53576,0.00774,0.76965,-0.06729,0.53396,spy_2020_2022.csv,1854799
SPY,2020-07-01,2020-07-01T16:00:00-04:00,310.6,2020-11-20,142.04,0.38915068493150684,309.0,put,20.13,20.25,20.27,4,,0.2646,-0.46237,0.00769,0.76928,-0.07483,-0.64145,spy_2020_2022.csv,1854799
SPY,2020-07-01,2020-07-01T16:00:00-04:00,310.6,2020-11-20,142.04,0.38915068493150684,310.0,call,20.0,20.19,20.21,6,,0.26349,0.52809,0.00781,0.77039,-0.0673,0.52819,spy_2020_2022.csv,1854800
SPY,2020-07-01,2020-07-01T16:00:00-04:00,310.6,2020-11-20,142.04,0.38915068493150684,310.0,put,20.45,20.59,20.31,450,,0.2619,-0.47056,0.00783,0.77016,-0.07445,-0.65285,spy_2020_2022.csv,1854800
SPY,2020-07-01,2020-07-01T16:00:00-04:00,310.6,2020-11-20,142.04,0.38915068493150684,311.0,call,19.33,19.49,19.97,17,,0.26104,0.51935,0.00787,0.77136,-0.06648,0.5229,spy_2020_2022.csv,1854801
SPY,2020-07-01,2020-07-01T16:00:00-04:00,310.6,2020-11-20,142.04,0.38915068493150684,311.0,put,20.85,20.96,20.4,70,,0.25937,-0.47863,0.00783,0.77093,-0.07406,-0.66365,spy_2020_2022.csv,1854801
SPY,2020-07-01,2020-07-01T16:00:00-04:00,310.6,2020-11-20,142.04,0.38915068493150684,312.0,call,18.75,18.92,19.41,26,,0.25989,0.51098,0.00794,0.77257,-0.06596,0.51685,spy_2020_2022.csv,1854802
SPY,2020-07-01,2020-07-01T16:00:00-04:00,310.6,2020-11-20,142.04,0.38915068493150684,312.0,put,21.11,21.4,22.8,0,,0.25709,-0.48664,0.00794,0.77203,-0.07404,-0.67533,spy_2020_2022.csv,1854802
SPY,2020-07-01,2020-07-01T16:00:00-04:00,310.6,2020-11-20,142.04,0.38915068493150684,313.0,call,18.15,18.31,18.37,1,,0.25775,0.50275,0.00802,0.77251,-0.06533,0.50981,spy_2020_2022.csv,1854803
SPY,2020-07-01,2020-07-01T16:00:00-04:00,310.6,2020-11-20,142.04,0.38915068493150684,313.0,put,21.62,21.72,21.74,9,,0.25479,-0.49559,0.00799,0.77197,-0.07317,-0.68706,spy_2020_2022.csv,1854803
SPY,2020-07-01,2020-07-01T16:00:00-04:00,310.6,2020-11-20,142.04,0.38915068493150684,314.0,call,17.57,17.72,17.66,1,,0.25507,0.49407,0.00809,0.77233,-0.06498,0.50397,spy_2020_2022.csv,1854804
SPY,2020-07-01,2020-07-01T16:00:00-04:00,310.6,2020-11-20,142.04,0.38915068493150684,314.0,put,22.02,22.2,23.25,0,,0.25382,-0.50373,0.00806,0.77203,-0.07315,-0.69904,spy_2020_2022.csv,1854804
SPY,2020-07-01,2020-07-01T16:00:00-04:00,310.6,2020-11-20,142.04,0.38915068493150684,315.0,call,16.97,17.12,17.24,2,,0.25299,0.48526,0.00813,0.77209,-0.06483,0.49711,spy_2020_2022.csv,1854805
SPY,2020-07-01,2020-07-01T16:00:00-04:00,310.6,2020-11-20,142.04,0.38915068493150684,315.0,put,22.43,22.63,22.44,14,,0.25153,-0.512,0.00812,0.77148,-0.07284,-0.71084,spy_2020_2022.csv,1854805
SPY,2020-07-01,2020-07-01T16:00:00-04:00,310.6,2020-11-20,142.04,0.38915068493150684,316.0,call,16.36,16.51,16.65,3,,0.25111,0.47639,0.0082,0.77126,-0.06409,0.49073,spy_2020_2022.csv,1854806
SPY,2020-07-01,2020-07-01T16:00:00-04:00,310.6,2020-11-20,142.04,0.38915068493150684,316.0,put,22.8,22.98,29.42,2,,0.2485,-0.52092,0.00816,0.7707,-0.07214,-0.72358,spy_2020_2022.csv,1854806
SPY,2020-07-01,2020-07-01T16:00:00-04:00,310.6,2020-11-20,142.04,0.38915068493150684,317.0,call,15.74,15.96,16.07,4,,0.24844,0.46818,0.00826,0.77085,-0.06278,0.4835,spy_2020_2022.csv,1854807
SPY,2020-07-01,2020-07-01T16:00:00-04:00,310.6,2020-11-20,142.04,0.38915068493150684,317.0,put,23.16,23.43,27.75,4,,0.24614,-0.53069,0.00827,0.76991,-0.07055,-0.73596,spy_2020_2022.csv,1854807
SPY,2020-07-01,2020-07-01T16:00:00-04:00,310.6,2020-11-20,142.04,0.38915068493150684,318.0,call,15.19,15.39,15.5,5,,0.24665,0.4591,0.00827,0.76919,-0.06283,0.47613,spy_2020_2022.csv,1854808
SPY,2020-07-01,2020-07-01T16:00:00-04:00,310.6,2020-11-20,142.04,0.38915068493150684,318.0,put,23.59,23.91,23.57,189,,0.2449,-0.53935,0.00828,0.76785,-0.07032,-0.74853,spy_2020_2022.csv,1854808
SPY,2020-07-01,2020-07-01T16:00:00-04:00,310.6,2020-11-20,142.04,0.38915068493150684,319.0,call,14.61,14.76,14.93,3,,0.24419,0.44933,0.00843,0.7671,-0.06213,0.46817,spy_2020_2022.csv,1854809
SPY,2020-07-01,2020-07-01T16:00:00-04:00,310.6,2020-11-20,142.04,0.38915068493150684,319.0,put,24.11,24.32,24.0,1,,0.24283,-0.54766,0.00837,0.76569,-0.0697,-0.76161,spy_2020_2022.csv,1854809
SPY,2020-07-01,2020-07-01T16:00:00-04:00,310.6,2020-11-20,142.04,0.38915068493150684,320.0,call,14.07,14.23,14.16,28,,0.24174,0.44046,0.00839,0.76477,-0.06126,0.46048,spy_2020_2022.csv,1854810
SPY,2020-07-01,2020-07-01T16:00:00-04:00,310.6,2020-11-20,142.04,0.38915068493150684,320.0,put,23.78,25.41,24.6,5,,0.23914,-0.55721,0.00843,0.7637,-0.06847,-0.77488,spy_2020_2022.csv,1854810
SPY,2020-07-01,2020-07-01T16:00:00-04:00,310.6,2020-11-20,142.04,0.38915068493150684,321.0,call,13.54,13.69,14.0,180,,0.23947,0.43178,0.00846,0.76132,-0.06046,0.45276,spy_2020_2022.csv,1854811
SPY,2020-07-01,2020-07-01T16:00:00-04:00,310.6,2020-11-20,142.04,0.38915068493150684,321.0,put,24.92,25.19,25.18,1,,0.23701,-0.56657,0.00846,0.76042,-0.06825,-0.78793,spy_2020_2022.csv,1854811
SPY,2020-07-01,2020-07-01T16:00:00-04:00,310.6,2020-11-20,142.04,0.38915068493150684,322.0,call,13.03,13.18,12.81,147,,0.23771,0.42212,0.00846,0.75819,-0.0602,0.44484,spy_2020_2022.csv,1854812
SPY,2020-07-01,2020-07-01T16:00:00-04:00,310.6,2020-11-20,142.04,0.38915068493150684,322.0,put,25.45,25.75,27.37,1,,0.23657,-0.57571,0.00849,0.75742,-0.06767,-0.80002,spy_2020_2022.csv,1854812
SPY,2020-07-01,2020-07-01T16:00:00-04:00,310.6,2020-11-20,142.04,0.38915068493150684,323.0,call,12.45,12.64,12.81,186,,0.23561,0.41308,0.00851,0.75503,-0.05908,0.43608,spy_2020_2022.csv,1854813
SPY,2020-07-01,2020-07-01T16:00:00-04:00,310.6,2020-11-20,142.04,0.38915068493150684,323.0,put,25.92,26.17,25.7,1,,0.23332,-0.585,0.00854,0.75383,-0.067,-0.81385,spy_2020_2022.csv,1854813
SPY,2020-07-01,2020-07-01T16:00:00-04:00,310.6,2020-11-20,142.04,0.38915068493150684,324.0,call,11.93,12.06,11.94,103,,0.23272,0.40276,0.00859,0.7503,-0.05746,0.42789,spy_2020_2022.csv,1854814
SPY,2020-07-01,2020-07-01T16:00:00-04:00,310.6,2020-11-20,142.04,0.38915068493150684,324.0,put,26.38,26.65,24.28,1,,0.23128,-0.59552,0.00857,0.74891,-0.06627,-0.82768,spy_2020_2022.csv,1854814
SPY,2020-07-01,2020-07-01T16:00:00-04:00,310.6,2020-11-20,142.04,0.38915068493150684,325.0,call,11.42,11.62,11.96,42,,0.23107,0.39382,0.00857,0.7459,-0.05749,0.41933,spy_2020_2022.csv,1854815
SPY,2020-07-01,2020-07-01T16:00:00-04:00,310.6,2020-11-20,142.04,0.38915068493150684,325.0,put,26.83,27.19,29.75,0,,0.2291,-0.60463,0.00861,0.74374,-0.06472,-0.84107,spy_2020_2022.csv,1854815
SPY,2020-07-01,2020-07-01T16:00:00-04:00,310.6,2020-11-20,142.04,0.38915068493150684,326.0,call,10.91,11.1,11.09,32,,0.22884,0.38372,0.00861,0.73991,-0.0558,0.41035,spy_2020_2022.csv,1854816
SPY,2020-07-01,2020-07-01T16:00:00-04:00,310.6,2020-11-20,142.04,0.38915068493150684,326.0,put,27.44,27.72,33.15,2,,0.22744,-0.61368,0.00857,0.73868,-0.06414,-0.85459,spy_2020_2022.csv,1854816
SPY,2020-07-01,2020-07-01T16:00:00-04:00,310.6,2020-11-20,142.04,0.38915068493150684,327.0,call,10.45,10.58,10.78,249,,0.22647,0.37367,0.00867,0.73455,-0.05529,0.40109,spy_2020_2022.csv,1854817
SPY,2020-07-01,2020-07-01T16:00:00-04:00,310.6,2020-11-20,142.04,0.38915068493150684,327.0,put,27.93,28.21,27.97,1,,0.22491,-0.62416,0.00859,0.73337,-0.06368,-0.86906,spy_2020_2022.csv,1854817
SPY,2020-07-01,2020-07-01T16:00:00-04:00,310.6,2020-11-20,142.04,0.38915068493150684,328.0,call,9.97,10.09,10.16,254,,0.22413,0.3633,0.00867,0.72846,-0.05379,0.39192,spy_2020_2022.csv,1854818
SPY,2020-07-01,2020-07-01T16:00:00-04:00,310.6,2020-11-20,142.04,0.38915068493150684,328.0,put,28.48,28.75,27.95,190,,0.22339,-0.63387,0.00862,0.72715,-0.06267,-0.88219,spy_2020_2022.csv,1854818
SPY,2020-07-01,2020-07-01T16:00:00-04:00,310.6,2020-11-20,142.04,0.38915068493150684,329.0,call,9.51,9.65,9.83,304,,0.22223,0.35338,0.00865,0.72161,-0.0527,0.38207,spy_2020_2022.csv,1854819
SPY,2020-07-01,2020-07-01T16:00:00-04:00,310.6,2020-11-20,142.04,0.38915068493150684,329.0,put,28.91,29.2,31.06,2,,0.2197,-0.64501,0.0086,0.71893,-0.0609,-0.89815,spy_2020_2022.csv,1854819
SPY,2020-07-01,2020-07-01T16:00:00-04:00,310.6,2020-11-20,142.04,0.38915068493150684,330.0,call,9.06,9.19,9.22,61,,0.21977,0.34334,0.00859,0.71434,-0.05164,0.3726,spy_2020_2022.csv,1854820
SPY,2020-07-01,2020-07-01T16:00:00-04:00,310.6,2020-11-20,142.04,0.38915068493150684,330.0,put,29.47,29.75,29.6,12,,0.21817,-0.65448,0.00867,0.71135,-0.05955,-0.91229,spy_2020_2022.csv,1854820
SPY,2020-07-01,2020-07-01T16:00:00-04:00,310.6,2020-11-20,142.04,0.38915068493150684,331.0,call,8.63,8.74,8.83,36,,0.21808,0.33431,0.00858,0.70591,-0.05136,0.36255,spy_2020_2022.csv,1854821
SPY,2020-07-01,2020-07-01T16:00:00-04:00,310.6,2020-11-20,142.04,0.38915068493150684,331.0,put,30.1,30.41,33.04,4,,0.21695,-0.66338,0.00862,0.70405,-0.05962,-0.92524,spy_2020_2022.csv,1854821
SPY,2020-07-01,2020-07-01T16:00:00-04:00,310.6,2020-11-20,142.04,0.38915068493150684,332.0,call,8.21,8.34,8.65,3,,0.21598,0.32398,0.00859,0.69727,-0.05016,0.353,spy_2020_2022.csv,1854822
SPY,2020-07-01,2020-07-01T16:00:00-04:00,310.6,2020-11-20,142.04,0.38915068493150684,332.0,put,30.71,30.98,33.37,3,,0.21521,-0.67338,0.00858,0.69553,-0.0585,-0.93997,spy_2020_2022.csv,1854822
SPY,2020-07-01,2020-07-01T16:00:00-04:00,310.6,2020-11-20,142.04,0.38915068493150684,333.0,call,7.79,7.93,8.1,1,,0.2136,0.31359,0.00852,0.68797,-0.0485,0.34316,spy_2020_2022.csv,1854823
SPY,2020-07-01,2020-07-01T16:00:00-04:00,310.6,2020-11-20,142.04,0.38915068493150684,333.0,put,31.18,31.47,37.13,1,,0.21163,-0.68466,0.00852,0.6845,-0.05706,-0.95548,spy_2020_2022.csv,1854823
SPY,2020-07-01,2020-07-01T16:00:00-04:00,310.6,2020-11-20,142.04,0.38915068493150684,334.0,call,7.42,7.52,6.08,12,,0.21256,0.30442,0.00855,0.67939,-0.04781,0.33355,spy_2020_2022.csv,1854824
SPY,2020-07-01,2020-07-01T16:00:00-04:00,310.6,2020-11-20,142.04,0.38915068493150684,334.0,put,31.87,32.17,27.41,2,,0.21101,-0.69392,0.00854,0.67616,-0.05593,-0.96868,spy_2020_2022.csv,1854824
SPY,2020-07-01,2020-07-01T16:00:00-04:00,310.6,2020-11-20,142.04,0.38915068493150684,335.0,call,7.01,7.13,7.45,7,,0.2105,0.29402,0.0084,0.66859,-0.04635,0.32391,spy_2020_2022.csv,1854825
SPY,2020-07-01,2020-07-01T16:00:00-04:00,310.6,2020-11-20,142.04,0.38915068493150684,335.0,put,32.4,32.75,38.49,50,,0.20791,-0.70442,0.00847,0.66538,-0.05481,-0.98453,spy_2020_2022.csv,1854825
SPY,2020-07-01,2020-07-01T16:00:00-04:00,310.6,2020-11-20,142.04,0.38915068493150684,336.0,call,6.65,6.75,6.96,2,,0.20799,0.28369,0.00838,0.65749,-0.04497,0.31352,spy_2020_2022.csv,1854826
SPY,2020-07-01,2020-07-01T16:00:00-04:00,310.6,2020-11-20,142.04,0.38915068493150684,336.0,put,33.1,33.39,28.4,2,,0.20728,-0.71405,0.00839,0.65507,-0.05334,-0.99862,spy_2020_2022.csv,1854826
SPY,2020-07-01,2020-07-01T16:00:00-04:00,310.6,2020-11-20,142.04,0.38915068493150684,337.0,call,6.29,6.38,4.85,1,,0.20584,0.27447,0.00829,0.64649,-0.04468,0.30298,spy_2020_2022.csv,1854827
SPY,2020-07-01,2020-07-01T16:00:00-04:00,310.6,2020-11-20,142.04,0.38915068493150684,337.0,put,33.69,33.94,43.29,1,,0.20359,-0.72461,0.00836,0.64247,-0.05216,-1.0138,spy_2020_2022.csv,1854827
SPY,2020-07-01,2020-07-01T16:00:00-04:00,310.6,2020-11-20,142.04,0.38915068493150684,338.0,call,5.96,6.02,6.01,7,,0.2049,0.26419,0.00823,0.63542,-0.04292,0.29332,spy_2020_2022.csv,1854828
SPY,2020-07-01,2020-07-01T16:00:00-04:00,310.6,2020-11-20,142.04,0.38915068493150684,338.0,put,34.34,34.6,45.75,2,,0.20233,-0.73463,0.00822,0.63067,-0.05051,-1.0285,spy_2020_2022.csv,1854828
SPY,2020-07-01,2020-07-01T16:00:00-04:00,310.6,2020-11-20,142.04,0.38915068493150684,339.0,call,5.6,5.73,5.04,0,,0.2031,0.25531,0.00817,0.62375,-0.04165,0.28289,spy_2020_2022.csv,1854829
SPY,2020-07-01,2020-07-01T16:00:00-04:00,310.6,2020-11-20,142.04,0.38915068493150684,339.0,put,35.02,35.4,36.79,5,,0.20166,-0.74345,0.00812,0.61992,-0.0504,-1.04161,spy_2020_2022.csv,1854829
SPY,2020-07-01,2020-07-01T16:00:00-04:00,310.6,2020-11-20,142.04,0.38915068493150684,340.0,call,5.32,5.39,5.53,21,,0.20121,0.24475,0.00803,0.61085,-0.04058,0.27307,spy_2020_2022.csv,1854830
SPY,2020-07-01,2020-07-01T16:00:00-04:00,310.6,2020-11-20,142.04,0.38915068493150684,340.0,put,35.59,35.96,35.98,30,,0.19762,-0.75532,0.00812,0.6039,-0.04795,-1.05857,spy_2020_2022.csv,1854830
SPY,2020-07-01,2020-07-01T16:00:00-04:00,310.6,2020-11-20,142.04,0.38915068493150684,341.0,call,5.0,5.14,4.98,2,,0.19952,0.23631,0.00793,0.59949,-0.04004,0.26401,spy_2020_2022.csv,1854831
SPY,2020-07-01,2020-07-01T16:00:00-04:00,310.6,2020-11-20,142.04,0.38915068493150684,341.0,put,36.28,36.64,19.84,2,,0.1961,-0.76485,0.00798,0.59,-0.04718,-1.07357,spy_2020_2022.csv,1854831
SPY,2020-07-01,2020-07-01T16:00:00-04:00,310.6,2020-11-20,142.04,0.38915068493150684,342.0,call,4.72,4.79,4.33,0,,0.19789,0.22628,0.00785,0.58546,-0.03887,0.25407,spy_2020_2022.csv,1854832
SPY,2020-07-01,2020-07-01T16:00:00-04:00,310.6,2020-11-20,142.04,0.38915068493150684,342.0,put,37.02,37.4,39.2,5,,0.19482,-0.7745,0.00785,0.57771,-0.04613,-1.08664,spy_2020_2022.csv,1854832
SPY,2020-07-01,2020-07-01T16:00:00-04:00,310.6,2020-11-20,142.04,0.38915068493150684,343.0,call,4.44,4.5,4.5,1,,0.19605,0.2172,0.00771,0.57153,-0.03717,0.24353,spy_2020_2022.csv,1854833
SPY,2020-07-01,2020-07-01T16:00:00-04:00,310.6,2020-11-20,142.04,0.38915068493150684,343.0,put,37.74,38.12,39.75,0,,0.19319,-0.78306,0.00771,0.56372,-0.04492,-1.1012,spy_2020_2022.csv,1854833
SPY,2020-07-01,2020-07-01T16:00:00-04:00,310.6,2020-11-20,142.04,0.38915068493150684,344.0,call,4.18,4.24,3.76,1,,0.19524,0.20832,0.00755,0.55819,-0.03595,0.23432,spy_2020_2022.csv,1854834
SPY,2020-07-01,2020-07-01T16:00:00-04:00,310.6,2020-11-20,142.04,0.38915068493150684,344.0,put,38.47,38.87,21.17,18,,0.19118,-0.79211,0.00761,0.54922,-0.04358,-1.11543,spy_2020_2022.csv,1854834
SPY,2020-07-01,2020-07-01T16:00:00-04:00,310.6,2020-11-20,142.04,0.38915068493150684,345.0,call,3.93,4.0,4.2,145,,0.19343,0.20003,0.00739,0.5447,-0.0353,0.22487,spy_2020_2022.csv,1854835
SPY,2020-07-01,2020-07-01T16:00:00-04:00,310.6,2020-11-20,142.04,0.38915068493150684,345.0,put,39.29,39.68,40.98,5,,0.19117,-0.79967,0.00743,0.53728,-0.04331,-1.12636,spy_2020_2022.csv,1854835
SPY,2020-07-01,2020-07-01T16:00:00-04:00,310.6,2020-11-20,142.04,0.38915068493150684,346.0,call,3.72,3.77,3.86,140,,0.19231,0.19217,0.00733,0.53017,-0.03431,0.2168,spy_2020_2022.csv,1854836
SPY,2020-07-01,2020-07-01T16:00:00-04:00,310.6,2020-11-20,142.04,0.38915068493150684,346.0,put,39.95,40.37,23.49,2,,0.18838,-0.81079,0.00729,0.51867,-0.04087,-1.14289,spy_2020_2022.csv,1854836
SPY,2020-07-01,2020-07-01T16:00:00-04:00,310.6,2020-11-20,142.04,0.38915068493150684,347.0,call,3.48,3.54,3.63,208,,0.19074,0.18328,0.00711,0.5162,-0.03245,0.20734,spy_2020_2022.csv,1854837
SPY,2020-07-01,2020-07-01T16:00:00-04:00,310.6,2020-11-20,142.04,0.38915068493150684,347.0,put,40.88,41.26,24.1,1,,0.18911,-0.81496,0.00714,0.51029,-0.04058,-1.1516,spy_2020_2022.csv,1854837
SPY,2020-07-01,2020-07-01T16:00:00-04:00,310.6,2020-11-20,142.04,0.38915068493150684,348.0,call,3.3,3.33,3.41,48,,0.19043,0.1756,0.00701,0.50242,-0.03207,0.19879,spy_2020_2022.csv,1854838
SPY,2020-07-01,2020-07-01T16:00:00-04:00,310.6,2020-11-20,142.04,0.38915068493150684,348.0,put,41.53,41.92,23.1,2,,0.18557,-0.82695,0.00697,0.48896,-0.0392,-1.16872,spy_2020_2022.csv,1854838
SPY,2020-07-01,2020-07-01T16:00:00-04:00,310.6,2020-11-20,142.04,0.38915068493150684,349.0,call,3.03,3.16,3.21,48,,0.18853,0.16752,0.00682,0.4878,-0.03102,0.19013,spy_2020_2022.csv,1854839
SPY,2020-07-01,2020-07-01T16:00:00-04:00,310.6,2020-11-20,142.04,0.38915068493150684,349.0,put,42.32,42.73,49.16,1,,0.18424,-0.83524,0.00679,0.47395,-0.03737,-1.18163,spy_2020_2022.csv,1854839
SPY,2020-07-01,2020-07-01T16:00:00-04:00,310.6,2020-11-20,142.04,0.38915068493150684,350.0,call,2.9,2.95,3.1,125,,0.18764,0.1605,0.00672,0.47442,-0.02923,0.18266,spy_2020_2022.csv,1854840
SPY,2020-07-01,2020-07-01T16:00:00-04:00,310.6,2020-11-20,142.04,0.38915068493150684,350.0,put,43.15,43.55,43.25,6,,0.1836,-0.84281,0.00667,0.45996,-0.03667,-1.19431,spy_2020_2022.csv,1854840
SPY,2020-07-01,2020-07-01T16:00:00-04:00,310.6,2020-11-20,142.04,0.38915068493150684,351.0,call,2.73,2.76,2.02,10,,0.18691,0.15293,0.00654,0.45964,-0.02825,0.17433,spy_2020_2022.csv,1854841
SPY,2020-07-01,2020-07-01T16:00:00-04:00,310.6,2020-11-20,142.04,0.38915068493150684,351.0,put,43.97,44.36,54.15,10,,0.18223,-0.84996,0.00649,0.44433,-0.03534,-1.20641,spy_2020_2022.csv,1854841
SPY,2020-07-01,2020-07-01T16:00:00-04:00,310.6,2020-11-20,142.04,0.38915068493150684,352.0,call,2.57,2.59,2.0,4,,0.18585,0.14634,0.0063,0.44593,-0.02734,0.16683,spy_2020_2022.csv,1854842
SPY,2020-07-01,2020-07-01T16:00:00-04:00,310.6,2020-11-20,142.04,0.38915068493150684,352.0,put,44.85,45.24,26.01,7,,0.18197,-0.85565,0.00628,0.43278,-0.03447,-1.21704,spy_2020_2022.csv,1854842
SPY,2020-07-01,2020-07-01T16:00:00-04:00,310.6,2020-11-20,142.04,0.38915068493150684,353.0,call,2.42,2.46,1.99,0,,0.18548,0.13951,0.00614,0.43274,-0.02674,0.15901,spy_2020_2022.csv,1854843
SPY,2020-07-01,2020-07-01T16:00:00-04:00,310.6,2020-11-20,142.04,0.38915068493150684,353.0,put,45.68,46.09,53.83,1,,0.18121,-0.86235,0.00607,0.41814,-0.03366,-1.22833,spy_2020_2022.csv,1854843
SPY,2020-07-01,2020-07-01T16:00:00-04:00,310.6,2020-11-20,142.04,0.38915068493150684,354.0,call,2.28,2.33,2.37,49,,0.1849,0.13388,0.00595,0.42024,-0.02633,0.15328,spy_2020_2022.csv,1854844
SPY,2020-07-01,2020-07-01T16:00:00-04:00,310.6,2020-11-20,142.04,0.38915068493150684,354.0,put,46.16,47.33,29.56,2,,0.18029,-0.86951,0.00589,0.40349,-0.03271,-1.24059,spy_2020_2022.csv,1854844
SPY,2020-07-01,2020-07-01T16:00:00-04:00,310.6,2020-11-20,142.04,0.38915068493150684,355.0,call,2.14,2.17,2.28,15,,0.18383,0.12714,0.00578,0.40601,-0.02491,0.14504,spy_2020_2022.csv,1854845
SPY,2020-07-01,2020-07-01T16:00:00-04:00,310.6,2020-11-20,142.04,0.38915068493150684,355.0,put,47.02,48.2,50.57,0,,0.17957,-0.87566,0.00579,0.38928,-0.03156,-1.25172,spy_2020_2022.csv,1854845
SPY,2020-07-01,2020-07-01T16:00:00-04:00,310.6,2020-11-20,142.04,0.38915068493150684,356.0,call,1.99,2.08,1.95,1,,0.18309,0.1209,0.0056,0.39248,-0.02431,0.1393,spy_2020_2022.csv,1854846
SPY,2020-07-01,2020-07-01T16:00:00-04:00,310.6,2020-11-20,142.04,0.38915068493150684,356.0,put,47.93,49.06,38.49,46,,0.17916,-0.881,0.00557,0.37673,-0.0308,-1.26175,spy_2020_2022.csv,1854846
SPY,2020-07-01,2020-07-01T16:00:00-04:00,310.6,2020-11-20,142.04,0.38915068493150684,357.0,call,1.91,1.95,1.59,6,,0.18298,0.11608,0.00552,0.38153,-0.02298,0.13384,spy_2020_2022.csv,1854847
SPY,2020-07-01,2020-07-01T16:00:00-04:00,310.6,2020-11-20,142.04,0.38915068493150684,357.0,put,48.78,49.96,34.81,1,,0.17742,-0.88752,0.00535,0.36216,-0.03027,-1.27228,spy_2020_2022.csv,1854847
SPY,2020-07-01,2020-07-01T16:00:00-04:00,310.6,2020-11-20,142.04,0.38915068493150684,358.0,call,1.8,1.85,1.72,2,,0.1831,0.11154,0.0053,0.36963,-0.02234,0.12798,spy_2020_2022.csv,1854848
SPY,2020-07-01,2020-07-01T16:00:00-04:00,310.6,2020-11-20,142.04,0.38915068493150684,358.0,put,49.68,50.86,50.08,2,,0.17781,-0.89245,0.00522,0.34884,-0.02981,-1.28213,spy_2020_2022.csv,1854848
SPY,2020-07-01,2020-07-01T16:00:00-04:00,310.6,2020-11-20,142.04,0.38915068493150684,359.0,call,1.71,1.74,1.6,1,,0.18216,0.10587,0.0052,0.35715,-0.02165,0.12142,spy_2020_2022.csv,1854849
SPY,2020-07-01,2020-07-01T16:00:00-04:00,310.6,2020-11-20,142.04,0.38915068493150684,359.0,put,50.58,51.74,0.0,,,0.17646,-0.89735,0.00499,0.33577,-0.02898,-1.2924,spy_2020_2022.csv,1854849
SPY,2020-07-01,2020-07-01T16:00:00-04:00,310.6,2020-11-20,142.04,0.38915068493150684,360.0,call,1.6,1.65,1.62,5,,0.18241,0.10176,0.00497,0.34586,-0.02138,0.11687,spy_2020_2022.csv,1854850
SPY,2020-07-01,2020-07-01T16:00:00-04:00,310.6,2020-11-20,142.04,0.38915068493150684,360.0,put,51.48,52.65,49.6,1,,0.17644,-0.90305,0.00487,0.32332,-0.02767,-1.30198,spy_2020_2022.csv,1854850
SPY,2020-07-01,2020-07-01T16:00:00-04:00,310.6,2020-11-20,142.04,0.38915068493150684,361.0,call,1.52,1.57,1.24,1,,0.18234,0.09722,0.00489,0.3346,-0.02032,0.11145,spy_2020_2022.csv,1854851
SPY,2020-07-01,2020-07-01T16:00:00-04:00,310.6,2020-11-20,142.04,0.38915068493150684,361.0,put,52.4,53.52,0.0,,,0.17508,-0.90772,0.00463,0.30972,-0.02666,-1.31187,spy_2020_2022.csv,1854851
SPY,2020-07-01,2020-07-01T16:00:00-04:00,310.6,2020-11-20,142.04,0.38915068493150684,362.0,call,1.43,1.48,1.52,1,,0.18145,0.09196,0.00466,0.323,-0.01934,0.10669,spy_2020_2022.csv,1854852
SPY,2020-07-01,2020-07-01T16:00:00-04:00,310.6,2020-11-20,142.04,0.38915068493150684,362.0,put,53.3,54.47,0.0,,,0.17505,-0.91243,0.00454,0.29863,-0.02575,-1.3201,spy_2020_2022.csv,1854852
SPY,2020-07-01,2020-07-01T16:00:00-04:00,310.6,2020-11-20,142.04,0.38915068493150684,363.0,call,1.35,1.39,1.23,0,,0.18106,0.08842,0.00451,0.31213,-0.01878,0.10124,spy_2020_2022.csv,1854853
SPY,2020-07-01,2020-07-01T16:00:00-04:00,310.6,2020-11-20,142.04,0.38915068493150684,363.0,put,54.24,55.37,29.53,2,,0.17441,-0.91711,0.00431,0.2864,-0.02524,-1.32898,spy_2020_2022.csv,1854853
SPY,2020-07-01,2020-07-01T16:00:00-04:00,310.6,2020-11-20,142.04,0.38915068493150684,364.0,call,1.28,1.32,1.04,2,,0.18141,0.08376,0.00435,0.30152,-0.01878,0.09691,spy_2020_2022.csv,1854854
SPY,2020-07-01,2020-07-01T16:00:00-04:00,310.6,2020-11-20,142.04,0.38915068493150684,364.0,put,55.15,56.34,0.0,,,0.17469,-0.9209,0.00418,0.27616,-0.02445,-1.33791,spy_2020_2022.csv,1854854
SPY,2020-07-01,2020-07-01T16:00:00-04:00,310.6,2020-11-20,142.04,0.38915068493150684,365.0,call,1.22,1.24,1.26,30,,0.18171,0.08086,0.0042,0.29162,-0.01731,0.09287,spy_2020_2022.csv,1854855
SPY,2020-07-01,2020-07-01T16:00:00-04:00,310.6,2020-11-20,142.04,0.38915068493150684,365.0,put,56.21,57.29,85.84,2,,0.17724,-0.92074,0.00409,0.27464,-0.02514,-1.34238,spy_2020_2022.csv,1854855
SPY,2020-07-01,2020-07-01T16:00:00-04:00,310.6,2020-11-20,142.04,0.38915068493150684,366.0,call,1.15,1.22,1.76,1,,0.18155,0.07703,0.00413,0.28326,-0.01675,0.08931,spy_2020_2022.csv,1854856
SPY,2020-07-01,2020-07-01T16:00:00-04:00,310.6,2020-11-20,142.04,0.38915068493150684,366.0,put,57.02,58.21,0.0,,,0.17447,-0.92782,0.00393,0.25547,-0.02331,-1.35407,spy_2020_2022.csv,1854856
SPY,2020-07-01,2020-07-01T16:00:00-04:00,310.6,2020-11-20,142.04,0.38915068493150684,367.0,call,1.09,1.11,1.14,1,,0.18114,0.07366,0.00397,0.27205,-0.01673,0.08507,spy_2020_2022.csv,1854857
SPY,2020-07-01,2020-07-01T16:00:00-04:00,310.6,2020-11-20,142.04,0.38915068493150684,367.0,put,58.03,59.23,81.41,50,,0.17779,-0.92747,0.00385,0.25674,-0.02356,-1.35715,spy_2020_2022.csv,1854857
SPY,2020-07-01,2020-07-01T16:00:00-04:00,310.6,2020-11-20,142.04,0.38915068493150684,368.0,call,1.04,1.07,0.86,0,,0.18199,0.07078,0.0038,0.26348,-0.01622,0.08148,spy_2020_2022.csv,1854858
SPY,2020-07-01,2020-07-01T16:00:00-04:00,310.6,2020-11-20,142.04,0.38915068493150684,368.0,put,58.92,60.05,68.9,77,,0.17398,-0.93462,0.00359,0.23447,-0.02259,-1.36965,spy_2020_2022.csv,1854858
SPY,2020-07-01,2020-07-01T16:00:00-04:00,310.6,2020-11-20,142.04,0.38915068493150684,369.0,call,0.98,1.01,1.04,11,,0.18101,0.06688,0.00368,0.25399,-0.01585,0.07724,spy_2020_2022.csv,1854859
SPY,2020-07-01,2020-07-01T16:00:00-04:00,310.6,2020-11-20,142.04,0.38915068493150684,369.0,put,59.86,61.05,83.29,50,,0.17415,-0.93794,0.0035,0.22633,-0.02154,-1.37651,spy_2020_2022.csv,1854859
SPY,2020-07-01,2020-07-01T16:00:00-04:00,310.6,2020-11-20,142.04,0.38915068493150684,370.0,call,0.93,0.97,1.0,12,,0.18213,0.06406,0.00353,0.2462,-0.01527,0.07432,spy_2020_2022.csv,1854860
SPY,2020-07-01,2020-07-01T16:00:00-04:00,310.6,2020-11-20,142.04,0.38915068493150684,370.0,put,60.8,61.98,93.0,1,,0.17354,-0.94063,0.00329,0.21666,-0.02079,-1.38413,spy_2020_2022.csv,1854860
SPY,2020-07-01,2020-07-01T16:00:00-04:00,310.6,2020-11-20,142.04,0.38915068493150684,371.0,call,0.9,0.92,0.75,0,,0.18152,0.0618,0.00348,0.23845,-0.01473,0.07168,spy_2020_2022.csv,1854861
SPY,2020-07-01,2020-07-01T16:00:00-04:00,310.6,2020-11-20,142.04,0.38915068493150684,371.0,put,61.77,62.9,63.27,4,,0.17265,-0.94491,0.00311,0.20528,-0.02044,-1.3924,spy_2020_2022.csv,1854861
SPY,2020-07-01,2020-07-01T16:00:00-04:00,310.6,2020-11-20,142.04,0.38915068493150684,372.0,call,0.84,0.87,0.87,1,,0.1816,0.05869,0.00328,0.22921,-0.01424,0.06783,spy_2020_2022.csv,1854862
SPY,2020-07-01,2020-07-01T16:00:00-04:00,310.6,2020-11-20,142.04,0.38915068493150684,372.0,put,62.72,63.91,0.0,,,0.17321,-0.94618,0.00302,0.19915,-0.02041,-1.39835,spy_2020_2022.csv,1854862
SPY,2020-07-01,2020-07-01T16:00:00-04:00,310.6,2020-11-20,142.04,0.38915068493150684,375.0,call,0.72,0.76,0.76,74,,0.1833,0.05187,0.00295,0.20821,-0.01259,0.06023,spy_2020_2022.csv,1854863
SPY,2020-07-01,2020-07-01T16:00:00-04:00,310.6,2020-11-20,142.04,0.38915068493150684,375.0,put,65.6,66.76,74.0,2,,0.17192,-0.95503,0.00262,0.17125,-0.01831,-1.41981,spy_2020_2022.csv,1854863
SPY,2020-07-01,2020-07-01T16:00:00-04:00,310.6,2020-11-20,142.04,0.38915068493150684,380.0,call,0.57,0.62,0.6,8,,0.18447,0.0429,0.00251,0.17702,-0.01061,0.04881,spy_2020_2022.csv,1854864
SPY,2020-07-01,2020-07-01T16:00:00-04:00,310.6,2020-11-20,142.04,0.38915068493150684,380.0,put,70.6,71.71,90.15,10,,0.17993,-0.95852,0.00237,0.15998,-0.01826,-1.44408,spy_2020_2022.csv,1854864
SPY,2020-07-01,2020-07-01T16:00:00-04:00,310.6,2020-11-20,142.04,0.38915068493150684,385.0,call,0.45,0.49,0.49,1,,0.18645,0.03447,0.00214,0.14986,-0.00959,0.03976,spy_2020_2022.csv,1854865
SPY,2020-07-01,2020-07-01T16:00:00-04:00,310.6,2020-11-20,142.04,0.38915068493150684,385.0,put,75.46,76.54,0.0,,,0.17924,-0.96736,0.00191,0.1269,-0.01627,-1.47428,spy_2020_2022.csv,1854865
SPY,2020-07-01,2020-07-01T16:00:00-04:00,310.6,2020-11-20,142.04,0.38915068493150684,390.0,call,0.37,0.4,0.37,0,,0.18825,0.02863,0.00176,0.12779,-0.00819,0.03267,spy_2020_2022.csv,1854866
SPY,2020-07-01,2020-07-01T16:00:00-04:00,310.6,2020-11-20,142.04,0.38915068493150684,390.0,put,80.4,81.54,0.0,,,0.18401,-0.97008,0.00165,0.11565,-0.01632,-1.49736,spy_2020_2022.csv,1854866
SPY,2020-07-01,2020-07-01T16:00:00-04:00,310.6,2020-11-20,142.04,0.38915068493150684,395.0,call,0.3,0.33,0.32,9,,0.19065,0.02348,0.00147,0.1093,-0.00647,0.0274,spy_2020_2022.csv,1854867
SPY,2020-07-01,2020-07-01T16:00:00-04:00,310.6,2020-11-20,142.04,0.38915068493150684,395.0,put,85.32,86.38,86.82,10,,0.18045,-0.97895,0.00119,0.08544,-0.01403,-1.52551,spy_2020_2022.csv,1854867
SPY,2020-07-01,2020-07-01T16:00:00-04:00,310.6,2020-11-20,142.04,0.38915068493150684,400.0,call,0.28,0.28,0.28,275,,0.19503,0.02035,0.00133,0.09724,-0.00668,0.02401,spy_2020_2022.csv,1854868
SPY,2020-07-01,2020-07-01T16:00:00-04:00,310.6,2020-11-20,142.04,0.38915068493150684,400.0,put,90.17,91.41,95.1,0,,0.18007,-0.98255,0.00097,0.06654,-0.01212,-1.55059,spy_2020_2022.csv,1854868
SPY,2020-07-01,2020-07-01T16:00:00-04:00,310.6,2020-11-20,142.04,0.38915068493150684,405.0,call,0.2,0.25,0.2,0,,0.19695,0.0173,0.00109,0.08293,-0.00524,0.01993,spy_2020_2022.csv,1854869
SPY,2020-07-01,2020-07-01T16:00:00-04:00,310.6,2020-11-20,142.04,0.38915068493150684,405.0,put,94.52,96.37,0.0,,,0.00011,-1.0,0.0,12.35972,0.0,0.0,spy_2020_2022.csv,1854869
SPY,2020-07-01,2020-07-01T16:00:00-04:00,310.6,2020-11-20,142.04,0.38915068493150684,410.0,call,0.17,0.2,0.18,0,,0.20025,0.01464,0.00091,0.07226,-0.00476,0.01683,spy_2020_2022.csv,1854870
SPY,2020-07-01,2020-07-01T16:00:00-04:00,310.6,2020-11-20,142.04,0.38915068493150684,410.0,put,99.51,101.34,0.0,,,0.0001,-1.0,0.0,12.35823,0.0,0.0,spy_2020_2022.csv,1854870
SPY,2020-07-01,2020-07-01T16:00:00-04:00,310.6,2020-11-20,142.04,0.38915068493150684,415.0,call,0.15,0.18,0.16,878,,0.20381,0.01297,0.00082,0.06371,-0.00463,0.01438,spy_2020_2022.csv,1854871
SPY,2020-07-01,2020-07-01T16:00:00-04:00,310.6,2020-11-20,142.04,0.38915068493150684,415.0,put,105.16,106.32,109.95,1,,0.19296,-0.98706,0.00066,0.04593,-0.01176,-1.61412,spy_2020_2022.csv,1854871
SPY,2020-07-01,2020-07-01T16:00:00-04:00,310.6,2020-11-20,142.04,0.38915068493150684,420.0,call,0.14,0.16,0.15,2,,0.20735,0.01068,0.00068,0.05667,-0.00353,0.01314,spy_2020_2022.csv,1854872
SPY,2020-07-01,2020-07-01T16:00:00-04:00,310.6,2020-11-20,142.04,0.38915068493150684,420.0,put,109.46,111.28,114.9,1,,0.00065,-1.0,0.0,12.35396,0.0,0.0,spy_2020_2022.csv,1854872
SPY,2020-07-01,2020-07-01T16:00:00-04:00,310.6,2020-11-20,142.04,0.38915068493150684,425.0,call,0.1,0.14,0.14,10,,0.21012,0.00936,0.00059,0.0496,-0.00385,0.01113,spy_2020_2022.csv,1854873
SPY,2020-07-01,2020-07-01T16:00:00-04:00,310.6,2020-11-20,142.04,0.38915068493150684,425.0,put,114.42,116.27,115.49,2,,0.00031,-1.0,0.0,12.35173,0.0,0.0,spy_2020_2022.csv,1854873
SPY,2020-07-01,2020-07-01T16:00:00-04:00,310.6,2020-11-20,142.04,0.38915068493150684,430.0,call,0.1,0.13,0.12,1,,0.21488,0.00833,0.00052,0.04572,-0.0033,0.00979,spy_2020_2022.csv,1854874
SPY,2020-07-01,2020-07-01T16:00:00-04:00,310.6,2020-11-20,142.04,0.38915068493150684,430.0,put,120.01,121.26,0.0,,,0.00051,-1.0,0.0,12.34988,0.0,0.0,spy_2020_2022.csv,1854874
SPY,2020-07-01,2020-07-01T16:00:00-04:00,310.6,2020-11-20,142.04,0.38915068493150684,435.0,call,0.09,0.1,0.1,1,,0.21777,0.00751,0.00052,0.04071,-0.00253,0.00924,spy_2020_2022.csv,1854875
SPY,2020-07-01,2020-07-01T16:00:00-04:00,310.6,2020-11-20,142.04,0.38915068493150684,435.0,put,125.0,126.17,135.34,2,,0.0,-1.0,0.0,12.34811,0.0,0.0,spy_2020_2022.csv,1854875
SPY,2020-07-01,2020-07-01T16:00:00-04:00,310.6,2020-11-20,142.04,0.38915068493150684,440.0,call,0.09,0.11,0.1,133,,0.22118,0.00685,0.0004,0.03646,-0.00232,0.00822,spy_2020_2022.csv,1854876
SPY,2020-07-01,2020-07-01T16:00:00-04:00,310.6,2020-11-20,142.04,0.38915068493150684,440.0,put,129.98,131.23,140.3,2,,-0.00022,-1.0,0.0,12.34637,0.0,0.0,spy_2020_2022.csv,1854876
SPY,2020-07-01,2020-07-01T16:00:00-04:00,310.6,2020-11-20,142.04,0.38915068493150684,445.0,call,0.07,0.09,0.08,1,,0.22439,0.00629,0.00044,0.03324,-0.00234,0.00654,spy_2020_2022.csv,1854877
SPY,2020-07-01,2020-07-01T16:00:00-04:00,310.6,2020-11-20,142.04,0.38915068493150684,445.0,put,134.98,136.21,0.0,,,0.00029,-1.0,0.0,12.34405,0.0,0.0,spy_2020_2022.csv,1854877
SPY,2020-07-01,2020-07-01T16:00:00-04:00,310.6,2020-11-20,142.04,0.38915068493150684,450.0,call,0.06,0.08,0.1,1,,0.2273,0.0053,0.00036,0.02992,-0.00261,0.00644,spy_2020_2022.csv,1854878
SPY,2020-07-01,2020-07-01T16:00:00-04:00,310.6,2020-11-20,142.04,0.38915068493150684,450.0,put,139.36,141.2,0.0,,,0.00011,-1.0,0.0,12.34206,0.0,0.0,spy_2020_2022.csv,1854878
SPY,2020-07-01,2020-07-01T16:00:00-04:00,310.6,2020-11-20,142.04,0.38915068493150684,455.0,call,0.06,0.07,0.0,,,0.23348,0.00461,0.00029,0.02924,-0.00261,0.00603,spy_2020_2022.csv,1854879
SPY,2020-07-01,2020-07-01T16:00:00-04:00,310.6,2020-11-20,142.04,0.38915068493150684,455.0,put,144.98,146.19,0.0,,,0.00018,-1.0,0.0,12.34046,0.0,0.0,spy_2020_2022.csv,1854879
SPY,2020-07-01,2020-07-01T16:00:00-04:00,310.6,2020-11-20,142.04,0.38915068493150684,460.0,call,0.06,0.07,0.05,1,,0.23572,0.004,0.00033,0.02572,-0.00182,0.0053,spy_2020_2022.csv,1854880
SPY,2020-07-01,2020-07-01T16:00:00-04:00,310.6,2020-11-20,142.04,0.38915068493150684,460.0,put,149.89,151.18,147.36,6,,0.00013,-1.0,0.0,12.33773,0.0,0.0,spy_2020_2022.csv,1854880
