underlying_symbol,quote_date,valuation_timestamp,underlying_price,expiration,vendor_dte,time_to_maturity,strike,option_type,bid,ask,last,volume,open_interest,vendor_iv,vendor_delta,vendor_gamma,vendor_vega,vendor_theta,vendor_rho,source_file,source_row
SPY,2013-10-17,2013-10-17T16:00:00-04:00,173.21,2013-10-25,8.0,0.021917808219178082,127.0,call,46.11,46.42,0.0,,,0.819,0.99359,0.0008,0.00466,-0.0198,0.03117,spy_options_2013.parquet,1173923
SPY,2013-10-17,2013-10-17T16:00:00-04:00,173.21,2013-10-25,8.0,0.021917808219178082,127.0,put,0.0,0.02,0.0,,,0.69361,-0.00174,0.00031,0.00126,-0.00543,-0.00056,spy_options_2013.parquet,1173923
SPY,2013-10-17,2013-10-17T16:00:00-04:00,173.21,2013-10-25,8.0,0.021917808219178082,128.0,call,45.12,45.41,0.0,,,0.8007,0.99339,0.00086,0.00544,-0.01992,0.0314,spy_options_2013.parquet,1173924
SPY,2013-10-17,2013-10-17T16:00:00-04:00,173.21,2013-10-25,8.0,0.021917808219178082,128.0,put,0.0,0.02,0.0,,,0.67783,-0.00236,0.00033,0.00168,-0.00477,0.0,spy_options_2013.parquet,1173924
SPY,2013-10-17,2013-10-17T16:00:00-04:00,173.21,2013-10-25,8.0,0.021917808219178082,129.0,call,44.11,44.4,0.0,,,0.78154,0.99279,0.0009,0.00545,-0.01953,0.03175,spy_options_2013.parquet,1173925
SPY,2013-10-17,2013-10-17T16:00:00-04:00,173.21,2013-10-25,8.0,0.021917808219178082,129.0,put,0.0,0.02,0.0,,,0.65908,-0.00182,0.00037,0.00192,-0.00465,-0.00045,spy_options_2013.parquet,1173925
SPY,2013-10-17,2013-10-17T16:00:00-04:00,173.21,2013-10-25,8.0,0.021917808219178082,130.0,call,43.12,43.42,0.0,,,0.76392,0.99264,0.00096,0.00525,-0.0194,0.03169,spy_options_2013.parquet,1173926
SPY,2013-10-17,2013-10-17T16:00:00-04:00,173.21,2013-10-25,8.0,0.021917808219178082,130.0,put,0.0,0.02,0.0,,,0.64433,-0.0019,0.00037,0.00205,-0.0052,0.0,spy_options_2013.parquet,1173926
SPY,2013-10-17,2013-10-17T16:00:00-04:00,173.21,2013-10-25,8.0,0.021917808219178082,131.0,call,42.11,42.41,0.0,,,0.7453,0.99244,0.00096,0.00542,-0.01922,0.03233,spy_options_2013.parquet,1173927
SPY,2013-10-17,2013-10-17T16:00:00-04:00,173.21,2013-10-25,8.0,0.021917808219178082,131.0,put,0.0,0.02,0.0,,,0.62851,-0.00228,0.00036,0.00177,-0.00444,-0.00044,spy_options_2013.parquet,1173927
SPY,2013-10-17,2013-10-17T16:00:00-04:00,173.21,2013-10-25,8.0,0.021917808219178082,132.0,call,41.12,41.41,0.0,,,0.72712,0.99244,0.00104,0.00524,-0.02009,0.03261,spy_options_2013.parquet,1173928
SPY,2013-10-17,2013-10-17T16:00:00-04:00,173.21,2013-10-25,8.0,0.021917808219178082,132.0,put,0.0,0.03,0.0,,,0.61328,-0.00234,0.00038,0.00147,-0.00479,-0.00013,spy_options_2013.parquet,1173928
SPY,2013-10-17,2013-10-17T16:00:00-04:00,173.21,2013-10-25,8.0,0.021917808219178082,133.0,call,40.11,40.4,0.0,,,0.70952,0.9922,0.00113,0.00543,-0.01918,0.0327,spy_options_2013.parquet,1173929
SPY,2013-10-17,2013-10-17T16:00:00-04:00,173.21,2013-10-25,8.0,0.021917808219178082,133.0,put,0.0,0.01,0.0,,,0.59626,-0.00182,0.00045,0.00154,-0.0045,-0.00032,spy_options_2013.parquet,1173929
SPY,2013-10-17,2013-10-17T16:00:00-04:00,173.21,2013-10-25,8.0,0.021917808219178082,134.0,call,39.11,39.41,0.0,,,0.69144,0.99243,0.00118,0.00564,-0.01974,0.0329,spy_options_2013.parquet,1173930
SPY,2013-10-17,2013-10-17T16:00:00-04:00,173.21,2013-10-25,8.0,0.021917808219178082,134.0,put,0.0,0.01,0.0,,,0.5456,-0.0013,0.00023,0.0008,-0.00276,0.0,spy_options_2013.parquet,1173930
SPY,2013-10-17,2013-10-17T16:00:00-04:00,173.21,2013-10-25,8.0,0.021917808219178082,135.0,call,38.11,38.4,0.0,,,0.67325,0.99178,0.00117,0.0063,-0.01995,0.03258,spy_options_2013.parquet,1173931
SPY,2013-10-17,2013-10-17T16:00:00-04:00,173.21,2013-10-25,8.0,0.021917808219178082,135.0,put,0.0,0.01,0.0,,,0.56526,-0.00232,0.00048,0.00196,-0.00458,0.0,spy_options_2013.parquet,1173931
SPY,2013-10-17,2013-10-17T16:00:00-04:00,173.21,2013-10-25,8.0,0.021917808219178082,136.0,call,37.11,37.4,0.0,,,0.65517,0.99144,0.00129,0.00647,-0.01918,0.0329,spy_options_2013.parquet,1173932
SPY,2013-10-17,2013-10-17T16:00:00-04:00,173.21,2013-10-25,8.0,0.021917808219178082,136.0,put,0.0,0.01,0.0,,,0.55027,-0.00261,0.00045,0.00235,-0.00472,0.0,spy_options_2013.parquet,1173932
SPY,2013-10-17,2013-10-17T16:00:00-04:00,173.21,2013-10-25,8.0,0.021917808219178082,137.0,call,36.1,36.41,0.0,,,0.63771,0.99186,0.00128,0.00623,-0.01943,0.03332,spy_options_2013.parquet,1173933
SPY,2013-10-17,2013-10-17T16:00:00-04:00,173.21,2013-10-25,8.0,0.021917808219178082,137.0,put,0.0,0.02,0.0,,,0.53421,-0.00263,0.00048,0.00147,-0.00462,0.0,spy_options_2013.parquet,1173933
SPY,2013-10-17,2013-10-17T16:00:00-04:00,173.21,2013-10-25,8.0,0.021917808219178082,138.0,call,35.1,35.41,0.0,,,0.62035,0.99153,0.00144,0.0059,-0.01921,0.03352,spy_options_2013.parquet,1173934
SPY,2013-10-17,2013-10-17T16:00:00-04:00,173.21,2013-10-25,8.0,0.021917808219178082,138.0,put,0.0,0.02,0.0,,,0.5206,-0.00194,0.00054,0.00182,-0.0047,-0.0003,spy_options_2013.parquet,1173934
SPY,2013-10-17,2013-10-17T16:00:00-04:00,173.21,2013-10-25,8.0,0.021917808219178082,139.0,call,34.11,34.42,0.0,,,0.60326,0.99135,0.00143,0.00629,-0.01939,0.03354,spy_options_2013.parquet,1173935
SPY,2013-10-17,2013-10-17T16:00:00-04:00,173.21,2013-10-25,8.0,0.021917808219178082,139.0,put,0.0,0.0,0.0,,,0.47287,-0.00113,0.00032,0.00125,-0.00294,-0.00041,spy_options_2013.parquet,1173935
SPY,2013-10-17,2013-10-17T16:00:00-04:00,173.21,2013-10-25,8.0,0.021917808219178082,140.0,call,33.12,33.4,0.0,,,0.58515,0.99113,0.00154,0.0064,-0.01912,0.03404,spy_options_2013.parquet,1173936
SPY,2013-10-17,2013-10-17T16:00:00-04:00,173.21,2013-10-25,8.0,0.021917808219178082,140.0,put,0.0,0.02,0.0,,,0.4898,-0.00203,0.00061,0.00237,-0.00456,0.0,spy_options_2013.parquet,1173936
SPY,2013-10-17,2013-10-17T16:00:00-04:00,173.21,2013-10-25,8.0,0.021917808219178082,141.0,call,32.11,32.41,0.0,,,0.56814,0.99066,0.00165,0.00632,-0.01889,0.03407,spy_options_2013.parquet,1173937
SPY,2013-10-17,2013-10-17T16:00:00-04:00,173.21,2013-10-25,8.0,0.021917808219178082,141.0,put,0.0,0.01,0.0,,,0.47479,-0.0021,0.00064,0.00255,-0.00466,-0.00061,spy_options_2013.parquet,1173937
SPY,2013-10-17,2013-10-17T16:00:00-04:00,173.21,2013-10-25,8.0,0.021917808219178082,142.0,call,31.1,31.42,0.0,,,0.55107,0.99055,0.00172,0.00742,-0.01899,0.03506,spy_options_2013.parquet,1173938
SPY,2013-10-17,2013-10-17T16:00:00-04:00,173.21,2013-10-25,8.0,0.021917808219178082,142.0,put,0.0,0.02,0.01,10,,0.45934,-0.00257,0.00063,0.00181,-0.00425,-0.00053,spy_options_2013.parquet,1173938
SPY,2013-10-17,2013-10-17T16:00:00-04:00,173.21,2013-10-25,8.0,0.021917808219178082,143.0,call,30.11,30.42,0.0,,,0.53402,0.99034,0.00178,0.00671,-0.019,0.03522,spy_options_2013.parquet,1173939
SPY,2013-10-17,2013-10-17T16:00:00-04:00,173.21,2013-10-25,8.0,0.021917808219178082,143.0,put,0.0,0.03,0.01,50,,0.44477,-0.00248,0.00066,0.00216,-0.005,-0.00011,spy_options_2013.parquet,1173939
SPY,2013-10-17,2013-10-17T16:00:00-04:00,173.21,2013-10-25,8.0,0.021917808219178082,144.0,call,29.11,29.4,0.0,,,0.52258,0.98924,0.00207,0.00748,-0.0205,0.03478,spy_options_2013.parquet,1173940
SPY,2013-10-17,2013-10-17T16:00:00-04:00,173.21,2013-10-25,8.0,0.021917808219178082,144.0,put,0.0,0.02,0.01,394,,0.43037,-0.00316,0.00074,0.00223,-0.00499,-0.00035,spy_options_2013.parquet,1173940
SPY,2013-10-17,2013-10-17T16:00:00-04:00,173.21,2013-10-25,8.0,0.021917808219178082,145.0,call,28.13,28.41,0.0,,,0.50563,0.98881,0.00215,0.00769,-0.02051,0.03562,spy_options_2013.parquet,1173941
SPY,2013-10-17,2013-10-17T16:00:00-04:00,173.21,2013-10-25,8.0,0.021917808219178082,145.0,put,0.0,0.02,0.01,2,,0.41549,-0.00298,0.00079,0.00264,-0.00488,0.0,spy_options_2013.parquet,1173941
SPY,2013-10-17,2013-10-17T16:00:00-04:00,173.21,2013-10-25,8.0,0.021917808219178082,146.0,call,27.12,27.42,0.0,,,0.49411,0.98789,0.00238,0.0091,-0.02111,0.03578,spy_options_2013.parquet,1173942
SPY,2013-10-17,2013-10-17T16:00:00-04:00,173.21,2013-10-25,8.0,0.021917808219178082,146.0,put,0.0,0.02,0.0,,,0.40164,-0.00263,0.00088,0.00284,-0.00494,-0.00036,spy_options_2013.parquet,1173942
SPY,2013-10-17,2013-10-17T16:00:00-04:00,173.21,2013-10-25,8.0,0.021917808219178082,147.0,call,26.12,26.42,0.0,,,0.47683,0.9873,0.00259,0.00876,-0.02141,0.03561,spy_options_2013.parquet,1173943
SPY,2013-10-17,2013-10-17T16:00:00-04:00,173.21,2013-10-25,8.0,0.021917808219178082,147.0,put,0.0,0.02,0.01,72,,0.38502,-0.00276,0.00087,0.00241,-0.00461,-6e-05,spy_options_2013.parquet,1173943
SPY,2013-10-17,2013-10-17T16:00:00-04:00,173.21,2013-10-25,8.0,0.021917808219178082,148.0,call,25.12,25.42,0.0,,,0.45982,0.98685,0.00273,0.00885,-0.02125,0.03624,spy_options_2013.parquet,1173944
SPY,2013-10-17,2013-10-17T16:00:00-04:00,173.21,2013-10-25,8.0,0.021917808219178082,148.0,put,0.0,0.02,0.01,60,,0.37379,-0.00288,0.00099,0.00322,-0.00444,0.0,spy_options_2013.parquet,1173944
SPY,2013-10-17,2013-10-17T16:00:00-04:00,173.21,2013-10-25,8.0,0.021917808219178082,149.0,call,24.12,24.41,0.0,,,0.44229,0.98633,0.00291,0.00993,-0.02104,0.03567,spy_options_2013.parquet,1173945
SPY,2013-10-17,2013-10-17T16:00:00-04:00,173.21,2013-10-25,8.0,0.021917808219178082,149.0,put,0.0,0.02,0.0,,,0.35755,-0.00373,0.00106,0.00275,-0.00452,0.0,spy_options_2013.parquet,1173945
SPY,2013-10-17,2013-10-17T16:00:00-04:00,173.21,2013-10-25,8.0,0.021917808219178082,150.0,call,23.12,23.43,0.0,,,0.42538,0.98535,0.00312,0.00998,-0.02111,0.03646,spy_options_2013.parquet,1173946
SPY,2013-10-17,2013-10-17T16:00:00-04:00,173.21,2013-10-25,8.0,0.021917808219178082,150.0,put,0.01,0.02,0.01,362,,0.35764,-0.00435,0.00141,0.00401,-0.00607,-0.00027,spy_options_2013.parquet,1173946
SPY,2013-10-17,2013-10-17T16:00:00-04:00,173.21,2013-10-25,8.0,0.021917808219178082,151.0,call,22.11,22.43,0.0,,,0.41335,0.9845,0.00351,0.01059,-0.02222,0.03642,spy_options_2013.parquet,1173947
SPY,2013-10-17,2013-10-17T16:00:00-04:00,173.21,2013-10-25,8.0,0.021917808219178082,151.0,put,0.0,0.02,0.0,,,0.32802,-0.0034,0.00119,0.00253,-0.0044,-1e-05,spy_options_2013.parquet,1173947
SPY,2013-10-17,2013-10-17T16:00:00-04:00,173.21,2013-10-25,8.0,0.021917808219178082,152.0,call,21.13,21.42,0.0,,,0.40037,0.98258,0.00398,0.01145,-0.02385,0.03625,spy_options_2013.parquet,1173948
SPY,2013-10-17,2013-10-17T16:00:00-04:00,173.21,2013-10-25,8.0,0.021917808219178082,152.0,put,0.0,0.02,0.02,937,,0.32849,-0.00533,0.0017,0.00447,-0.00603,-0.0006,spy_options_2013.parquet,1173948
SPY,2013-10-17,2013-10-17T16:00:00-04:00,173.21,2013-10-25,8.0,0.021917808219178082,152.5,call,20.63,20.94,0.0,,,0.39155,0.98236,0.00412,0.01191,-0.02341,0.0364,spy_options_2013.parquet,1173949
SPY,2013-10-17,2013-10-17T16:00:00-04:00,173.21,2013-10-25,8.0,0.021917808219178082,152.5,put,0.01,0.02,0.02,331,,0.33119,-0.00686,0.00208,0.00504,-0.00829,-0.00019,spy_options_2013.parquet,1173949
SPY,2013-10-17,2013-10-17T16:00:00-04:00,173.21,2013-10-25,8.0,0.021917808219178082,153.0,call,20.14,20.43,0.0,,,0.38318,0.98183,0.0043,0.01221,-0.02379,0.037,spy_options_2013.parquet,1173950
SPY,2013-10-17,2013-10-17T16:00:00-04:00,173.21,2013-10-25,8.0,0.021917808219178082,153.0,put,0.02,0.02,0.02,,,0.32389,-0.00729,0.00214,0.00544,-0.00825,-0.00018,spy_options_2013.parquet,1173950
SPY,2013-10-17,2013-10-17T16:00:00-04:00,173.21,2013-10-25,8.0,0.021917808219178082,153.5,call,19.63,19.93,0.0,,,0.3745,0.98195,0.00443,0.01206,-0.0235,0.03711,spy_options_2013.parquet,1173951
SPY,2013-10-17,2013-10-17T16:00:00-04:00,173.21,2013-10-25,8.0,0.021917808219178082,153.5,put,0.01,0.03,0.02,89,,0.31632,-0.00662,0.00228,0.00569,-0.00771,-0.00059,spy_options_2013.parquet,1173951
SPY,2013-10-17,2013-10-17T16:00:00-04:00,173.21,2013-10-25,8.0,0.021917808219178082,154.0,call,19.13,19.44,0.0,,,0.36518,0.98067,0.00461,0.01274,-0.02347,0.03744,spy_options_2013.parquet,1173952
SPY,2013-10-17,2013-10-17T16:00:00-04:00,173.21,2013-10-25,8.0,0.021917808219178082,154.0,put,0.01,0.03,0.03,,,0.30937,-0.00691,0.00237,0.00534,-0.00791,-0.0003,spy_options_2013.parquet,1173952
SPY,2013-10-17,2013-10-17T16:00:00-04:00,173.21,2013-10-25,8.0,0.021917808219178082,154.5,call,18.64,18.93,0.0,,,0.35756,0.98024,0.00484,0.01298,-0.02329,0.03693,spy_options_2013.parquet,1173953
SPY,2013-10-17,2013-10-17T16:00:00-04:00,173.21,2013-10-25,8.0,0.021917808219178082,154.5,put,0.01,0.03,0.03,2,,0.30195,-0.00711,0.00251,0.00532,-0.00856,-0.00014,spy_options_2013.parquet,1173953
SPY,2013-10-17,2013-10-17T16:00:00-04:00,173.21,2013-10-25,8.0,0.021917808219178082,155.0,call,18.13,18.44,0.0,,,0.34755,0.98043,0.005,0.01284,-0.02324,0.03769,spy_options_2013.parquet,1173954
SPY,2013-10-17,2013-10-17T16:00:00-04:00,173.21,2013-10-25,8.0,0.021917808219178082,155.0,put,0.01,0.03,0.03,839,,0.29484,-0.00805,0.00264,0.00544,-0.00856,-0.00063,spy_options_2013.parquet,1173954
SPY,2013-10-17,2013-10-17T16:00:00-04:00,173.21,2013-10-25,8.0,0.021917808219178082,155.5,call,17.63,17.93,0.0,,,0.33949,0.9798,0.00527,0.01363,-0.02246,0.03728,spy_options_2013.parquet,1173955
SPY,2013-10-17,2013-10-17T16:00:00-04:00,173.21,2013-10-25,8.0,0.021917808219178082,155.5,put,0.02,0.02,0.03,142,,0.29517,-0.00921,0.0031,0.00714,-0.01013,-0.00049,spy_options_2013.parquet,1173955
SPY,2013-10-17,2013-10-17T16:00:00-04:00,173.21,2013-10-25,8.0,0.021917808219178082,156.0,call,17.13,17.44,0.0,,,0.33435,0.97812,0.00569,0.01368,-0.02404,0.03719,spy_options_2013.parquet,1173956
SPY,2013-10-17,2013-10-17T16:00:00-04:00,173.21,2013-10-25,8.0,0.021917808219178082,156.0,put,0.02,0.03,0.03,349,,0.29334,-0.01062,0.00363,0.00742,-0.01092,-0.00091,spy_options_2013.parquet,1173956
SPY,2013-10-17,2013-10-17T16:00:00-04:00,173.21,2013-10-25,8.0,0.021917808219178082,156.5,call,16.64,16.94,0.0,,,0.32933,0.97705,0.00619,0.01465,-0.02516,0.03775,spy_options_2013.parquet,1173957
SPY,2013-10-17,2013-10-17T16:00:00-04:00,173.21,2013-10-25,8.0,0.021917808219178082,156.5,put,0.02,0.05,0.03,608,,0.28519,-0.01083,0.0037,0.00757,-0.01072,-0.00042,spy_options_2013.parquet,1173957
SPY,2013-10-17,2013-10-17T16:00:00-04:00,173.21,2013-10-25,8.0,0.021917808219178082,157.0,call,16.13,16.44,0.0,,,0.3206,0.97562,0.00649,0.01531,-0.02557,0.03798,spy_options_2013.parquet,1173958
SPY,2013-10-17,2013-10-17T16:00:00-04:00,173.21,2013-10-25,8.0,0.021917808219178082,157.0,put,0.02,0.04,0.03,933,,0.27725,-0.01178,0.00393,0.0078,-0.01149,-0.00092,spy_options_2013.parquet,1173958
SPY,2013-10-17,2013-10-17T16:00:00-04:00,173.21,2013-10-25,8.0,0.021917808219178082,157.5,call,15.66,15.91,0.0,,,0.30784,0.97665,0.00661,0.01541,-0.02329,0.03735,spy_options_2013.parquet,1173959
SPY,2013-10-17,2013-10-17T16:00:00-04:00,173.21,2013-10-25,8.0,0.021917808219178082,157.5,put,0.03,0.04,0.03,100,,0.26969,-0.01192,0.0041,0.00882,-0.01134,-0.00022,spy_options_2013.parquet,1173959
SPY,2013-10-17,2013-10-17T16:00:00-04:00,173.21,2013-10-25,8.0,0.021917808219178082,158.0,call,15.17,15.39,14.58,2,,0.29293,0.97819,0.00651,0.01376,-0.02117,0.03843,spy_options_2013.parquet,1173960
SPY,2013-10-17,2013-10-17T16:00:00-04:00,173.21,2013-10-25,8.0,0.021917808219178082,158.0,put,0.03,0.05,0.04,,,0.26739,-0.01305,0.00475,0.00956,-0.01202,-0.0007,spy_options_2013.parquet,1173960
SPY,2013-10-17,2013-10-17T16:00:00-04:00,173.21,2013-10-25,8.0,0.021917808219178082,158.5,call,14.67,14.91,0.0,,,0.29138,0.97511,0.00728,0.0159,-0.02326,0.03829,spy_options_2013.parquet,1173961
SPY,2013-10-17,2013-10-17T16:00:00-04:00,173.21,2013-10-25,8.0,0.021917808219178082,158.5,put,0.03,0.04,0.04,,,0.25908,-0.01416,0.00505,0.00945,-0.01222,-0.00085,spy_options_2013.parquet,1173961
SPY,2013-10-17,2013-10-17T16:00:00-04:00,173.21,2013-10-25,8.0,0.021917808219178082,159.0,call,14.18,14.41,0.0,,,0.28513,0.97333,0.00793,0.01694,-0.02433,0.03768,spy_options_2013.parquet,1173962
SPY,2013-10-17,2013-10-17T16:00:00-04:00,173.21,2013-10-25,8.0,0.021917808219178082,159.0,put,0.01,0.04,0.05,395,,0.25117,-0.01436,0.00524,0.00974,-0.01238,-0.00039,spy_options_2013.parquet,1173962
SPY,2013-10-17,2013-10-17T16:00:00-04:00,173.21,2013-10-25,8.0,0.021917808219178082,159.5,call,13.68,13.9,0.0,,,0.27369,0.97346,0.00816,0.01602,-0.02335,0.03838,spy_options_2013.parquet,1173963
SPY,2013-10-17,2013-10-17T16:00:00-04:00,173.21,2013-10-25,8.0,0.021917808219178082,159.5,put,0.02,0.05,0.04,65,,0.24787,-0.01649,0.00601,0.01081,-0.01361,-0.00088,spy_options_2013.parquet,1173963
SPY,2013-10-17,2013-10-17T16:00:00-04:00,173.21,2013-10-25,8.0,0.021917808219178082,160.0,call,13.17,13.42,12.0,11,,0.27026,0.97074,0.00907,0.01792,-0.02557,0.03785,spy_options_2013.parquet,1173964
SPY,2013-10-17,2013-10-17T16:00:00-04:00,173.21,2013-10-25,8.0,0.021917808219178082,160.0,put,0.04,0.06,0.04,,,0.24354,-0.01782,0.00674,0.01204,-0.01467,-0.00041,spy_options_2013.parquet,1173964
SPY,2013-10-17,2013-10-17T16:00:00-04:00,173.21,2013-10-25,8.0,0.021917808219178082,160.5,call,12.67,12.92,11.59,1,,0.26189,0.96958,0.00964,0.01844,-0.0254,0.03807,spy_options_2013.parquet,1173965
SPY,2013-10-17,2013-10-17T16:00:00-04:00,173.21,2013-10-25,8.0,0.021917808219178082,160.5,put,0.04,0.05,0.05,98,,0.23582,-0.01872,0.00722,0.01279,-0.01526,-0.0006,spy_options_2013.parquet,1173965
SPY,2013-10-17,2013-10-17T16:00:00-04:00,173.21,2013-10-25,8.0,0.021917808219178082,161.0,call,12.14,12.43,0.0,,,0.24749,0.97182,0.00975,0.0174,-0.02304,0.03863,spy_options_2013.parquet,1173966
SPY,2013-10-17,2013-10-17T16:00:00-04:00,173.21,2013-10-25,8.0,0.021917808219178082,161.0,put,0.05,0.05,0.05,869,,0.22765,-0.01922,0.00764,0.01337,-0.01481,-0.00074,spy_options_2013.parquet,1173966
SPY,2013-10-17,2013-10-17T16:00:00-04:00,173.21,2013-10-25,8.0,0.021917808219178082,161.5,call,11.64,11.94,0.0,,,0.241,0.96879,0.01057,0.01939,-0.02382,0.03852,spy_options_2013.parquet,1173967
SPY,2013-10-17,2013-10-17T16:00:00-04:00,173.21,2013-10-25,8.0,0.021917808219178082,161.5,put,0.04,0.06,0.06,443,,0.22285,-0.02165,0.00858,0.01446,-0.01614,-0.00048,spy_options_2013.parquet,1173967
SPY,2013-10-17,2013-10-17T16:00:00-04:00,173.21,2013-10-25,8.0,0.021917808219178082,162.0,call,11.16,11.44,0.0,,,0.23448,0.96714,0.01166,0.02013,-0.02412,0.03881,spy_options_2013.parquet,1173968
SPY,2013-10-17,2013-10-17T16:00:00-04:00,173.21,2013-10-25,8.0,0.021917808219178082,162.0,put,0.05,0.07,0.05,508,,0.22146,-0.02635,0.01006,0.01664,-0.01822,-0.00146,spy_options_2013.parquet,1173968
SPY,2013-10-17,2013-10-17T16:00:00-04:00,173.21,2013-10-25,8.0,0.021917808219178082,162.5,call,10.67,10.94,0.0,,,0.23252,0.96111,0.01327,0.02251,-0.02764,0.03797,spy_options_2013.parquet,1173969
SPY,2013-10-17,2013-10-17T16:00:00-04:00,173.21,2013-10-25,8.0,0.021917808219178082,162.5,put,0.05,0.07,0.07,386,,0.21268,-0.02719,0.01076,0.01686,-0.01801,-0.00102,spy_options_2013.parquet,1173969
SPY,2013-10-17,2013-10-17T16:00:00-04:00,173.21,2013-10-25,8.0,0.021917808219178082,163.0,call,10.18,10.44,9.73,115,,0.22349,0.96009,0.01419,0.02312,-0.02797,0.0384,spy_options_2013.parquet,1173970
SPY,2013-10-17,2013-10-17T16:00:00-04:00,173.21,2013-10-25,8.0,0.021917808219178082,163.0,put,0.06,0.07,0.08,,,0.207,-0.02951,0.01191,0.01804,-0.01976,-0.00104,spy_options_2013.parquet,1173970
SPY,2013-10-17,2013-10-17T16:00:00-04:00,173.21,2013-10-25,8.0,0.021917808219178082,163.5,call,9.7,9.94,0.0,,,0.21595,0.95677,0.01551,0.025,-0.02793,0.03853,spy_options_2013.parquet,1173971
SPY,2013-10-17,2013-10-17T16:00:00-04:00,173.21,2013-10-25,8.0,0.021917808219178082,163.5,put,0.06,0.08,0.07,,,0.20067,-0.03268,0.01333,0.01982,-0.02062,-0.00182,spy_options_2013.parquet,1173971
SPY,2013-10-17,2013-10-17T16:00:00-04:00,173.21,2013-10-25,8.0,0.021917808219178082,164.0,call,9.19,9.46,8.71,2,,0.20888,0.95348,0.01701,0.02675,-0.02911,0.03859,spy_options_2013.parquet,1173972
SPY,2013-10-17,2013-10-17T16:00:00-04:00,173.21,2013-10-25,8.0,0.021917808219178082,164.0,put,0.05,0.08,0.08,,,0.18981,-0.03178,0.01395,0.01958,-0.01872,-0.00143,spy_options_2013.parquet,1173972
SPY,2013-10-17,2013-10-17T16:00:00-04:00,173.21,2013-10-25,8.0,0.021917808219178082,164.5,call,8.71,8.97,0.0,,,0.20482,0.94757,0.01928,0.0294,-0.0313,0.03834,spy_options_2013.parquet,1173973
SPY,2013-10-17,2013-10-17T16:00:00-04:00,173.21,2013-10-25,8.0,0.021917808219178082,164.5,put,0.07,0.08,0.09,716,,0.18728,-0.03888,0.01644,0.02294,-0.02202,-0.00149,spy_options_2013.parquet,1173973
SPY,2013-10-17,2013-10-17T16:00:00-04:00,173.21,2013-10-25,8.0,0.021917808219178082,165.0,call,8.2,8.4,7.78,12,,0.18277,0.95682,0.01861,0.0256,-0.02403,0.03878,spy_options_2013.parquet,1173974
SPY,2013-10-17,2013-10-17T16:00:00-04:00,173.21,2013-10-25,8.0,0.021917808219178082,165.0,put,0.08,0.1,0.09,,,0.18226,-0.04353,0.01864,0.02544,-0.02423,-0.00144,spy_options_2013.parquet,1173974
SPY,2013-10-17,2013-10-17T16:00:00-04:00,173.21,2013-10-25,8.0,0.021917808219178082,165.5,call,7.71,7.85,6.91,26,,0.16693,0.95928,0.01908,0.02325,-0.02063,0.0389,spy_options_2013.parquet,1173975
SPY,2013-10-17,2013-10-17T16:00:00-04:00,173.21,2013-10-25,8.0,0.021917808219178082,165.5,put,0.08,0.11,0.1,,,0.17313,-0.04578,0.02045,0.02664,-0.02355,-0.00161,spy_options_2013.parquet,1173975
SPY,2013-10-17,2013-10-17T16:00:00-04:00,173.21,2013-10-25,8.0,0.021917808219178082,166.0,call,7.25,7.42,6.83,256,,0.17571,0.94002,0.02491,0.03213,-0.03004,0.03859,spy_options_2013.parquet,1173976
SPY,2013-10-17,2013-10-17T16:00:00-04:00,173.21,2013-10-25,8.0,0.021917808219178082,166.0,put,0.1,0.12,0.1,,,0.17093,-0.05479,0.02401,0.03088,-0.02766,-0.00197,spy_options_2013.parquet,1173976
SPY,2013-10-17,2013-10-17T16:00:00-04:00,173.21,2013-10-25,8.0,0.021917808219178082,166.5,call,6.77,6.88,6.5,1,,0.16082,0.94176,0.02639,0.03139,-0.02704,0.03814,spy_options_2013.parquet,1173977
SPY,2013-10-17,2013-10-17T16:00:00-04:00,173.21,2013-10-25,8.0,0.021917808219178082,166.5,put,0.11,0.13,0.12,,,0.16475,-0.06113,0.02712,0.0337,-0.02849,-0.00221,spy_options_2013.parquet,1173977
SPY,2013-10-17,2013-10-17T16:00:00-04:00,173.21,2013-10-25,8.0,0.021917808219178082,167.0,call,6.29,6.39,6.17,259,,0.15635,0.93334,0.03037,0.03466,-0.02927,0.03827,spy_options_2013.parquet,1173978
SPY,2013-10-17,2013-10-17T16:00:00-04:00,173.21,2013-10-25,8.0,0.021917808219178082,167.0,put,0.12,0.13,0.12,,,0.15629,-0.06713,0.0304,0.03541,-0.02928,-0.00302,spy_options_2013.parquet,1173978
SPY,2013-10-17,2013-10-17T16:00:00-04:00,173.21,2013-10-25,8.0,0.021917808219178082,167.5,call,5.76,5.98,5.68,20,,0.15354,0.91929,0.03575,0.04044,-0.03343,0.03753,spy_options_2013.parquet,1173979
SPY,2013-10-17,2013-10-17T16:00:00-04:00,173.21,2013-10-25,8.0,0.021917808219178082,167.5,put,0.14,0.15,0.14,641,,0.15186,-0.07769,0.03523,0.03984,-0.0324,-0.00374,spy_options_2013.parquet,1173979
SPY,2013-10-17,2013-10-17T16:00:00-04:00,173.21,2013-10-25,8.0,0.021917808219178082,168.0,call,5.34,5.43,5.36,919,,0.14735,0.90936,0.04091,0.04449,-0.0357,0.03753,spy_options_2013.parquet,1173980
SPY,2013-10-17,2013-10-17T16:00:00-04:00,173.21,2013-10-25,8.0,0.021917808219178082,168.0,put,0.16,0.18,0.15,,,0.1469,-0.09045,0.04097,0.04503,-0.03554,-0.00421,spy_options_2013.parquet,1173980
SPY,2013-10-17,2013-10-17T16:00:00-04:00,173.21,2013-10-25,8.0,0.021917808219178082,168.5,call,4.88,4.94,4.6,56,,0.1419,0.89389,0.04744,0.04985,-0.03885,0.03674,spy_options_2013.parquet,1173981
SPY,2013-10-17,2013-10-17T16:00:00-04:00,173.21,2013-10-25,8.0,0.021917808219178082,168.5,put,0.18,0.19,0.18,,,0.13895,-0.10155,0.04694,0.04839,-0.0372,-0.00407,spy_options_2013.parquet,1173981
SPY,2013-10-17,2013-10-17T16:00:00-04:00,173.21,2013-10-25,8.0,0.021917808219178082,169.0,call,4.41,4.47,4.43,691,,0.13661,0.87601,0.05493,0.05589,-0.04181,0.03582,spy_options_2013.parquet,1173982
SPY,2013-10-17,2013-10-17T16:00:00-04:00,173.21,2013-10-25,8.0,0.021917808219178082,169.0,put,0.21,0.23,0.2,,,0.13448,-0.11903,0.05455,0.05473,-0.03986,-0.0049,spy_options_2013.parquet,1173982
SPY,2013-10-17,2013-10-17T16:00:00-04:00,173.21,2013-10-25,8.0,0.021917808219178082,169.5,call,3.95,4.01,4.02,371,,0.13109,0.85663,0.06361,0.06156,-0.04486,0.0356,spy_options_2013.parquet,1173983
SPY,2013-10-17,2013-10-17T16:00:00-04:00,173.21,2013-10-25,8.0,0.021917808219178082,169.5,put,0.25,0.26,0.24,,,0.1292,-0.1411,0.06355,0.06073,-0.04367,-0.00612,spy_options_2013.parquet,1173983
SPY,2013-10-17,2013-10-17T16:00:00-04:00,173.21,2013-10-25,8.0,0.021917808219178082,170.0,call,3.46,3.56,3.46,,,0.1239,0.83409,0.07388,0.06759,-0.04641,0.0346,spy_options_2013.parquet,1173984
SPY,2013-10-17,2013-10-17T16:00:00-04:00,173.21,2013-10-25,8.0,0.021917808219178082,170.0,put,0.29,0.31,0.3,,,0.12455,-0.16737,0.07385,0.06885,-0.04689,-0.00732,spy_options_2013.parquet,1173984
SPY,2013-10-17,2013-10-17T16:00:00-04:00,173.21,2013-10-25,8.0,0.021917808219178082,170.5,call,3.03,3.1,3.12,,,0.11989,0.80264,0.08556,0.07589,-0.05066,0.03338,spy_options_2013.parquet,1173985
SPY,2013-10-17,2013-10-17T16:00:00-04:00,173.21,2013-10-25,8.0,0.021917808219178082,170.5,put,0.36,0.38,0.37,,,0.1204,-0.19871,0.08545,0.07638,-0.05085,-0.00857,spy_options_2013.parquet,1173985
SPY,2013-10-17,2013-10-17T16:00:00-04:00,173.21,2013-10-25,8.0,0.021917808219178082,171.0,call,2.64,2.69,2.63,,,0.11737,0.7599,0.09749,0.08436,-0.05617,0.03205,spy_options_2013.parquet,1173986
SPY,2013-10-17,2013-10-17T16:00:00-04:00,173.21,2013-10-25,8.0,0.021917808219178082,171.0,put,0.44,0.46,0.43,,,0.11653,-0.23916,0.09764,0.08477,-0.0556,-0.00976,spy_options_2013.parquet,1173986
SPY,2013-10-17,2013-10-17T16:00:00-04:00,173.21,2013-10-25,8.0,0.021917808219178082,171.5,call,2.24,2.29,2.22,,,0.11355,0.71324,0.10986,0.093,-0.05946,0.02973,spy_options_2013.parquet,1173987
SPY,2013-10-17,2013-10-17T16:00:00-04:00,173.21,2013-10-25,8.0,0.021917808219178082,171.5,put,0.54,0.56,0.54,,,0.11264,-0.28509,0.11055,0.09277,-0.05918,-0.0125,spy_options_2013.parquet,1173987
SPY,2013-10-17,2013-10-17T16:00:00-04:00,173.21,2013-10-25,8.0,0.021917808219178082,172.0,call,1.87,1.9,1.9,,,0.10933,0.66154,0.12297,0.09987,-0.0616,0.028,spy_options_2013.parquet,1173988
SPY,2013-10-17,2013-10-17T16:00:00-04:00,173.21,2013-10-25,8.0,0.021917808219178082,172.0,put,0.67,0.68,0.66,,,0.11006,-0.33886,0.12238,0.09953,-0.06224,-0.01471,spy_options_2013.parquet,1173988
SPY,2013-10-17,2013-10-17T16:00:00-04:00,173.21,2013-10-25,8.0,0.021917808219178082,172.5,call,1.53,1.56,1.53,,,0.10655,0.60034,0.13311,0.10526,-0.06453,0.02532,spy_options_2013.parquet,1173989
SPY,2013-10-17,2013-10-17T16:00:00-04:00,173.21,2013-10-25,8.0,0.021917808219178082,172.5,put,0.82,0.84,0.85,,,0.10547,-0.39925,0.13415,0.10458,-0.06334,-0.01671,spy_options_2013.parquet,1173989
SPY,2013-10-17,2013-10-17T16:00:00-04:00,173.21,2013-10-25,8.0,0.021917808219178082,173.0,call,1.23,1.25,1.24,,,0.10363,0.53314,0.14128,0.10828,-0.06427,0.02208,spy_options_2013.parquet,1173990
SPY,2013-10-17,2013-10-17T16:00:00-04:00,173.21,2013-10-25,8.0,0.021917808219178082,173.0,put,1.0,1.02,1.01,,,0.10255,-0.46706,0.14239,0.10849,-0.06309,-0.01945,spy_options_2013.parquet,1173990
SPY,2013-10-17,2013-10-17T16:00:00-04:00,173.21,2013-10-25,8.0,0.021917808219178082,173.5,call,0.94,0.96,0.93,,,0.09996,0.46047,0.14621,0.10832,-0.06201,0.01922,spy_options_2013.parquet,1173991
SPY,2013-10-17,2013-10-17T16:00:00-04:00,173.21,2013-10-25,8.0,0.021917808219178082,173.5,put,1.22,1.25,1.23,,,0.10006,-0.53968,0.14599,0.10837,-0.06118,-0.02237,spy_options_2013.parquet,1173991
SPY,2013-10-17,2013-10-17T16:00:00-04:00,173.21,2013-10-25,8.0,0.021917808219178082,174.0,call,0.7,0.72,0.7,,,0.09692,0.38567,0.14449,0.10359,-0.05769,0.01647,spy_options_2013.parquet,1173992
SPY,2013-10-17,2013-10-17T16:00:00-04:00,173.21,2013-10-25,8.0,0.021917808219178082,174.0,put,1.48,1.51,1.44,,,0.09736,-0.61447,0.14494,0.10403,-0.05705,-0.02582,spy_options_2013.parquet,1173992
SPY,2013-10-17,2013-10-17T16:00:00-04:00,173.21,2013-10-25,8.0,0.021917808219178082,174.5,call,0.51,0.52,0.53,,,0.0947,0.31097,0.13752,0.09604,-0.0517,0.01325,spy_options_2013.parquet,1173993
SPY,2013-10-17,2013-10-17T16:00:00-04:00,173.21,2013-10-25,8.0,0.021917808219178082,174.5,put,1.77,1.81,1.8,569,,0.09332,-0.69061,0.13825,0.09559,-0.05086,-0.02803,spy_options_2013.parquet,1173993
SPY,2013-10-17,2013-10-17T16:00:00-04:00,173.21,2013-10-25,8.0,0.021917808219178082,175.0,call,0.35,0.37,0.37,,,0.09206,0.24092,0.12416,0.08503,-0.04423,0.00993,spy_options_2013.parquet,1173994
SPY,2013-10-17,2013-10-17T16:00:00-04:00,173.21,2013-10-25,8.0,0.021917808219178082,175.0,put,2.11,2.17,2.18,741,,0.09146,-0.75905,0.12366,0.08457,-0.04352,-0.02972,spy_options_2013.parquet,1173994
SPY,2013-10-17,2013-10-17T16:00:00-04:00,173.21,2013-10-25,8.0,0.021917808219178082,175.5,call,0.23,0.24,0.25,,,0.0905,0.18064,0.1064,0.07136,-0.03634,0.00757,spy_options_2013.parquet,1173995
SPY,2013-10-17,2013-10-17T16:00:00-04:00,173.21,2013-10-25,8.0,0.021917808219178082,175.5,put,2.46,2.58,2.62,1,,0.0904,-0.82017,0.1048,0.07179,-0.03553,-0.02974,spy_options_2013.parquet,1173995
SPY,2013-10-17,2013-10-17T16:00:00-04:00,173.21,2013-10-25,8.0,0.021917808219178082,176.0,call,0.15,0.17,0.16,,,0.08918,0.12906,0.08653,0.05705,-0.02797,0.00571,spy_options_2013.parquet,1173996
SPY,2013-10-17,2013-10-17T16:00:00-04:00,173.21,2013-10-25,8.0,0.021917808219178082,176.0,put,2.86,3.01,2.97,188,,0.08885,-0.86986,0.0831,0.05744,-0.02818,-0.0289,spy_options_2013.parquet,1173996
SPY,2013-10-17,2013-10-17T16:00:00-04:00,173.21,2013-10-25,8.0,0.021917808219178082,176.5,call,0.1,0.13,0.11,154,,0.09155,0.09503,0.06839,0.04572,-0.02276,0.00415,spy_options_2013.parquet,1173997
SPY,2013-10-17,2013-10-17T16:00:00-04:00,173.21,2013-10-25,8.0,0.021917808219178082,176.5,put,3.31,3.47,0.0,,,0.09074,-0.90118,0.06307,0.04707,-0.02299,-0.02754,spy_options_2013.parquet,1173997
SPY,2013-10-17,2013-10-17T16:00:00-04:00,173.21,2013-10-25,8.0,0.021917808219178082,177.0,call,0.07,0.08,0.07,228,,0.09267,0.06862,0.05259,0.03541,-0.01734,0.00336,spy_options_2013.parquet,1173998
SPY,2013-10-17,2013-10-17T16:00:00-04:00,173.21,2013-10-25,8.0,0.021917808219178082,177.0,put,3.75,3.95,3.84,41,,0.09165,-0.92613,0.04351,0.0374,-0.01834,-0.02368,spy_options_2013.parquet,1173998
SPY,2013-10-17,2013-10-17T16:00:00-04:00,173.21,2013-10-25,8.0,0.021917808219178082,177.5,call,0.05,0.06,0.05,,,0.09512,0.0515,0.0407,0.02823,-0.01408,0.00178,spy_options_2013.parquet,1173999
SPY,2013-10-17,2013-10-17T16:00:00-04:00,173.21,2013-10-25,8.0,0.021917808219178082,177.5,put,4.24,4.47,0.0,,,0.10164,-0.92726,0.03752,0.03719,-0.02075,-0.02389,spy_options_2013.parquet,1173999
SPY,2013-10-17,2013-10-17T16:00:00-04:00,173.21,2013-10-25,8.0,0.021917808219178082,178.0,call,0.02,0.04,0.04,167,,0.09578,0.03505,0.02957,0.02134,-0.01049,0.0017,spy_options_2013.parquet,1174000
SPY,2013-10-17,2013-10-17T16:00:00-04:00,173.21,2013-10-25,8.0,0.021917808219178082,178.0,put,4.72,4.96,5.21,44,,0.10447,-0.93977,0.02473,0.03195,-0.01779,-0.02051,spy_options_2013.parquet,1174000
SPY,2013-10-17,2013-10-17T16:00:00-04:00,173.21,2013-10-25,8.0,0.021917808219178082,178.5,call,0.03,0.04,0.03,136,,0.10008,0.02871,0.02407,0.01742,-0.00927,0.00165,spy_options_2013.parquet,1174001
SPY,2013-10-17,2013-10-17T16:00:00-04:00,173.21,2013-10-25,8.0,0.021917808219178082,178.5,put,5.21,5.45,0.0,,,0.11387,-0.94059,0.02093,0.03135,-0.01859,-0.01925,spy_options_2013.parquet,1174001
SPY,2013-10-17,2013-10-17T16:00:00-04:00,173.21,2013-10-25,8.0,0.021917808219178082,179.0,call,0.0,0.03,0.03,167,,0.10082,0.02004,0.01732,0.01295,-0.00642,0.00065,spy_options_2013.parquet,1174002
SPY,2013-10-17,2013-10-17T16:00:00-04:00,173.21,2013-10-25,8.0,0.021917808219178082,179.0,put,5.71,5.94,0.0,,,0.11972,-0.9444,0.01495,0.02901,-0.01941,-0.01797,spy_options_2013.parquet,1174002
SPY,2013-10-17,2013-10-17T16:00:00-04:00,173.21,2013-10-25,8.0,0.021917808219178082,180.0,call,0.02,0.04,0.02,262,,0.11574,0.01741,0.01362,0.01153,-0.00691,0.0006,spy_options_2013.parquet,1174003
SPY,2013-10-17,2013-10-17T16:00:00-04:00,173.21,2013-10-25,8.0,0.021917808219178082,180.0,put,6.7,6.92,0.0,,,0.13393,-0.94672,0.00862,0.02793,-0.02032,-0.015,spy_options_2013.parquet,1174003
SPY,2013-10-17,2013-10-17T16:00:00-04:00,173.21,2013-10-25,8.0,0.021917808219178082,181.0,call,0.0,1.72,0.0,,,0.3107,0.19042,0.03214,0.07376,-0.12775,0.0076,spy_options_2013.parquet,1174004
SPY,2013-10-17,2013-10-17T16:00:00-04:00,173.21,2013-10-25,8.0,0.021917808219178082,181.0,put,6.11,9.38,0.0,,,,-1.0,0.0,0.0,0.0,0.0,spy_options_2013.parquet,1174004
SPY,2013-10-17,2013-10-17T16:00:00-04:00,173.21,2013-10-25,8.0,0.021917808219178082,182.0,call,0.0,1.73,0.0,,,0.33444,0.1793,0.02886,0.07145,-0.1325,0.00769,spy_options_2013.parquet,1174005
SPY,2013-10-17,2013-10-17T16:00:00-04:00,173.21,2013-10-25,8.0,0.021917808219178082,182.0,put,7.11,10.4,0.0,,,,-1.0,0.0,0.0,0.0,0.0,spy_options_2013.parquet,1174005
SPY,2013-10-17,2013-10-17T16:00:00-04:00,173.21,2013-10-25,8.0,0.021917808219178082,183.0,call,0.0,1.72,0.0,,,0.35739,0.17064,0.02614,0.06861,-0.13655,0.00675,spy_options_2013.parquet,1174006
SPY,2013-10-17,2013-10-17T16:00:00-04:00,173.21,2013-10-25,8.0,0.021917808219178082,183.0,put,8.12,11.4,0.0,,,,-1.0,0.0,0.0,0.0,0.0,spy_options_2013.parquet,1174006
SPY,2013-10-17,2013-10-17T16:00:00-04:00,173.21,2013-10-25,8.0,0.021917808219178082,184.0,call,0.0,1.74,0.0,,,0.37952,0.16253,0.02384,0.06674,-0.14079,0.00716,spy_options_2013.parquet,1174007
SPY,2013-10-17,2013-10-17T16:00:00-04:00,173.21,2013-10-25,8.0,0.021917808219178082,184.0,put,9.1,12.4,0.0,,,,-1.0,0.0,0.0,0.0,0.0,spy_options_2013.parquet,1174007
SPY,2013-10-17,2013-10-17T16:00:00-04:00,173.21,2013-10-25,8.0,0.021917808219178082,185.0,call,0.0,0.01,0.0,,,0.15651,0.00362,0.0027,0.00357,-0.00194,-4e-05,spy_options_2013.parquet,1174008
SPY,2013-10-17,2013-10-17T16:00:00-04:00,173.21,2013-10-25,8.0,0.021917808219178082,185.0,put,11.7,11.91,12.12,8,,0.22185,-0.94455,0.0019,0.02837,-0.01512,-0.01293,spy_options_2013.parquet,1174008
SPY,2013-10-17,2013-10-17T16:00:00-04:00,173.21,2013-10-25,8.0,0.021917808219178082,186.0,call,0.0,1.73,0.0,,,0.42307,0.14989,0.02018,0.06376,-0.14816,0.00622,spy_options_2013.parquet,1174009
SPY,2013-10-17,2013-10-17T16:00:00-04:00,173.21,2013-10-25,8.0,0.021917808219178082,186.0,put,11.1,14.38,0.0,,,,-1.0,0.0,0.0,0.0,0.0,spy_options_2013.parquet,1174009
SPY,2013-10-17,2013-10-17T16:00:00-04:00,173.21,2013-10-25,8.0,0.021917808219178082,187.0,call,0.0,1.73,0.0,,,0.44455,0.1444,0.01876,0.06184,-0.15135,0.00615,spy_options_2013.parquet,1174010
SPY,2013-10-17,2013-10-17T16:00:00-04:00,173.21,2013-10-25,8.0,0.021917808219178082,187.0,put,12.11,15.39,0.0,,,,-1.0,0.0,0.0,0.0,0.0,spy_options_2013.parquet,1174010
SPY,2013-10-17,2013-10-17T16:00:00-04:00,173.21,2013-10-25,8.0,0.021917808219178082,188.0,call,0.0,1.73,0.0,,,0.46484,0.1385,0.01755,0.06063,-0.15431,0.00572,spy_options_2013.parquet,1174011
SPY,2013-10-17,2013-10-17T16:00:00-04:00,173.21,2013-10-25,8.0,0.021917808219178082,188.0,put,13.09,16.3,0.0,,,,-1.0,0.0,0.0,0.0,0.0,spy_options_2013.parquet,1174011
SPY,2013-10-17,2013-10-17T16:00:00-04:00,173.21,2013-11-01,15.0,0.0410958904109589,127.0,call,46.11,46.41,0.0,,,0.61354,0.99304,0.00086,0.00664,-0.01147,0.05491,spy_options_2013.parquet,1174012
SPY,2013-10-17,2013-10-17T16:00:00-04:00,173.21,2013-11-01,15.0,0.0410958904109589,127.0,put,0.0,0.01,0.01,5,,0.52051,-0.00192,0.00027,0.00192,-0.00342,-0.00051,spy_options_2013.parquet,1174012
SPY,2013-10-17,2013-10-17T16:00:00-04:00,173.21,2013-11-01,15.0,0.0410958904109589,128.0,call,45.11,45.41,0.0,,,0.59993,0.99369,0.00092,0.00695,-0.01218,0.05555,spy_options_2013.parquet,1174013
SPY,2013-10-17,2013-10-17T16:00:00-04:00,173.21,2013-11-01,15.0,0.0410958904109589,128.0,put,0.0,0.02,0.0,,,0.50781,-0.00141,0.00037,0.00177,-0.00301,-0.00019,spy_options_2013.parquet,1174013
SPY,2013-10-17,2013-10-17T16:00:00-04:00,173.21,2013-11-01,15.0,0.0410958904109589,129.0,call,44.1,44.4,0.0,,,0.58658,0.99287,0.00087,0.00745,-0.01176,0.05638,spy_options_2013.parquet,1174014
SPY,2013-10-17,2013-10-17T16:00:00-04:00,173.21,2013-11-01,15.0,0.0410958904109589,129.0,put,0.0,0.01,0.0,,,0.49495,-0.00157,0.00036,0.00263,-0.00335,0.0,spy_options_2013.parquet,1174014
SPY,2013-10-17,2013-10-17T16:00:00-04:00,173.21,2013-11-01,15.0,0.0410958904109589,130.0,call,43.12,43.41,0.0,,,0.57923,0.99207,0.00098,0.00765,-0.01303,0.05598,spy_options_2013.parquet,1174015
SPY,2013-10-17,2013-10-17T16:00:00-04:00,173.21,2013-11-01,15.0,0.0410958904109589,130.0,put,0.0,0.02,0.0,,,0.4832,-0.0024,0.0003,0.00187,-0.00251,-0.00027,spy_options_2013.parquet,1174015
SPY,2013-10-17,2013-10-17T16:00:00-04:00,173.21,2013-11-01,15.0,0.0410958904109589,131.0,call,42.12,42.41,0.0,,,0.56549,0.99177,0.00108,0.00799,-0.01293,0.0572,spy_options_2013.parquet,1174016
SPY,2013-10-17,2013-10-17T16:00:00-04:00,173.21,2013-11-01,15.0,0.0410958904109589,131.0,put,0.0,0.02,0.0,,,0.4715,-0.0021,0.00032,0.00213,-0.00344,0.0,spy_options_2013.parquet,1174016
SPY,2013-10-17,2013-10-17T16:00:00-04:00,173.21,2013-11-01,15.0,0.0410958904109589,132.0,call,41.12,41.4,0.0,,,0.55179,0.9921,0.00107,0.00774,-0.01261,0.05746,spy_options_2013.parquet,1174017
SPY,2013-10-17,2013-10-17T16:00:00-04:00,173.21,2013-11-01,15.0,0.0410958904109589,132.0,put,0.0,0.03,0.0,,,0.46044,-0.00205,0.00037,0.00282,-0.00343,-0.00039,spy_options_2013.parquet,1174017
SPY,2013-10-17,2013-10-17T16:00:00-04:00,173.21,2013-11-01,15.0,0.0410958904109589,133.0,call,40.12,40.42,0.0,,,0.53847,0.99135,0.00113,0.00809,-0.0127,0.05764,spy_options_2013.parquet,1174018
SPY,2013-10-17,2013-10-17T16:00:00-04:00,173.21,2013-11-01,15.0,0.0410958904109589,133.0,put,0.0,0.03,0.0,,,0.44676,-0.00183,0.00043,0.00222,-0.003,-4e-05,spy_options_2013.parquet,1174018
SPY,2013-10-17,2013-10-17T16:00:00-04:00,173.21,2013-11-01,15.0,0.0410958904109589,134.0,call,39.12,39.4,0.0,,,0.52478,0.99185,0.0012,0.00784,-0.0124,0.05765,spy_options_2013.parquet,1174019
SPY,2013-10-17,2013-10-17T16:00:00-04:00,173.21,2013-11-01,15.0,0.0410958904109589,134.0,put,0.0,0.01,0.0,,,0.43635,-0.00205,0.0004,0.0027,-0.00349,0.0,spy_options_2013.parquet,1174019
SPY,2013-10-17,2013-10-17T16:00:00-04:00,173.21,2013-11-01,15.0,0.0410958904109589,135.0,call,38.12,38.42,0.0,,,0.51672,0.99104,0.00129,0.00862,-0.0134,0.05819,spy_options_2013.parquet,1174020
SPY,2013-10-17,2013-10-17T16:00:00-04:00,173.21,2013-11-01,15.0,0.0410958904109589,135.0,put,0.0,0.01,0.0,,,0.42406,-0.00249,0.00046,0.0028,-0.00255,-0.00065,spy_options_2013.parquet,1174020
SPY,2013-10-17,2013-10-17T16:00:00-04:00,173.21,2013-11-01,15.0,0.0410958904109589,136.0,call,37.12,37.42,0.0,,,0.50299,0.99082,0.00141,0.00865,-0.01363,0.05886,spy_options_2013.parquet,1174021
SPY,2013-10-17,2013-10-17T16:00:00-04:00,173.21,2013-11-01,15.0,0.0410958904109589,136.0,put,0.0,0.01,0.0,,,0.4131,-0.00248,0.00045,0.00218,-0.00276,0.0,spy_options_2013.parquet,1174021
SPY,2013-10-17,2013-10-17T16:00:00-04:00,173.21,2013-11-01,15.0,0.0410958904109589,137.0,call,36.12,36.41,0.0,,,0.48962,0.98996,0.00146,0.0098,-0.01289,0.05876,spy_options_2013.parquet,1174022
SPY,2013-10-17,2013-10-17T16:00:00-04:00,173.21,2013-11-01,15.0,0.0410958904109589,137.0,put,0.0,0.01,0.0,,,0.40136,-0.00265,0.00049,0.00256,-0.00269,0.0,spy_options_2013.parquet,1174022
SPY,2013-10-17,2013-10-17T16:00:00-04:00,173.21,2013-11-01,15.0,0.0410958904109589,138.0,call,35.12,35.41,0.0,,,0.4764,0.99036,0.00151,0.00909,-0.01382,0.05926,spy_options_2013.parquet,1174023
SPY,2013-10-17,2013-10-17T16:00:00-04:00,173.21,2013-11-01,15.0,0.0410958904109589,138.0,put,0.0,0.02,0.0,,,0.38981,-0.00287,0.00053,0.00246,-0.00246,-0.00041,spy_options_2013.parquet,1174023
SPY,2013-10-17,2013-10-17T16:00:00-04:00,173.21,2013-11-01,15.0,0.0410958904109589,139.0,call,34.12,34.42,0.0,,,0.46269,0.99005,0.00165,0.0098,-0.01375,0.05985,spy_options_2013.parquet,1174024
SPY,2013-10-17,2013-10-17T16:00:00-04:00,173.21,2013-11-01,15.0,0.0410958904109589,139.0,put,0.0,0.02,0.0,,,0.37848,-0.00205,0.00055,0.00272,-0.00248,-0.00069,spy_options_2013.parquet,1174024
SPY,2013-10-17,2013-10-17T16:00:00-04:00,173.21,2013-11-01,15.0,0.0410958904109589,140.0,call,33.13,33.42,0.0,,,0.44909,0.98951,0.00174,0.00984,-0.01282,0.06054,spy_options_2013.parquet,1174025
SPY,2013-10-17,2013-10-17T16:00:00-04:00,173.21,2013-11-01,15.0,0.0410958904109589,140.0,put,0.0,0.01,0.0,,,0.36693,-0.00297,0.00059,0.00334,-0.00295,-0.00035,spy_options_2013.parquet,1174025
SPY,2013-10-17,2013-10-17T16:00:00-04:00,173.21,2013-11-01,15.0,0.0410958904109589,141.0,call,32.11,32.43,0.0,,,0.43641,0.98918,0.00177,0.01039,-0.01283,0.06071,spy_options_2013.parquet,1174026
SPY,2013-10-17,2013-10-17T16:00:00-04:00,173.21,2013-11-01,15.0,0.0410958904109589,141.0,put,0.0,0.03,0.0,,,0.37095,-0.00368,0.0008,0.00425,-0.00436,-0.00042,spy_options_2013.parquet,1174026
SPY,2013-10-17,2013-10-17T16:00:00-04:00,173.21,2013-11-01,15.0,0.0410958904109589,142.0,call,31.13,31.44,0.0,,,0.43172,0.98707,0.00205,0.01166,-0.01518,0.06159,spy_options_2013.parquet,1174027
SPY,2013-10-17,2013-10-17T16:00:00-04:00,173.21,2013-11-01,15.0,0.0410958904109589,142.0,put,0.0,0.03,0.0,,,0.3592,-0.00382,0.00088,0.00389,-0.00392,0.0,spy_options_2013.parquet,1174027
SPY,2013-10-17,2013-10-17T16:00:00-04:00,173.21,2013-11-01,15.0,0.0410958904109589,143.0,call,30.14,30.42,0.0,,,0.41834,0.98693,0.00216,0.01243,-0.01479,0.06183,spy_options_2013.parquet,1174028
SPY,2013-10-17,2013-10-17T16:00:00-04:00,173.21,2013-11-01,15.0,0.0410958904109589,143.0,put,0.0,0.03,0.0,,,0.35946,-0.0053,0.00104,0.00561,-0.00517,-1e-05,spy_options_2013.parquet,1174028
SPY,2013-10-17,2013-10-17T16:00:00-04:00,173.21,2013-11-01,15.0,0.0410958904109589,144.0,call,29.13,29.43,0.0,,,0.4055,0.98714,0.00235,0.01258,-0.01425,0.06228,spy_options_2013.parquet,1174029
SPY,2013-10-17,2013-10-17T16:00:00-04:00,173.21,2013-11-01,15.0,0.0410958904109589,144.0,put,0.01,0.02,0.0,,,0.34651,-0.0048,0.00117,0.0053,-0.00563,0.0,spy_options_2013.parquet,1174029
SPY,2013-10-17,2013-10-17T16:00:00-04:00,173.21,2013-11-01,15.0,0.0410958904109589,145.0,call,28.13,28.43,0.0,,,0.39123,0.98674,0.00249,0.01267,-0.01438,0.06209,spy_options_2013.parquet,1174030
SPY,2013-10-17,2013-10-17T16:00:00-04:00,173.21,2013-11-01,15.0,0.0410958904109589,145.0,put,0.02,0.02,0.0,,,0.34391,-0.00612,0.00134,0.00621,-0.00641,-0.00071,spy_options_2013.parquet,1174030
SPY,2013-10-17,2013-10-17T16:00:00-04:00,173.21,2013-11-01,15.0,0.0410958904109589,146.0,call,27.12,27.44,0.0,,,0.382,0.98538,0.00267,0.01318,-0.0149,0.06299,spy_options_2013.parquet,1174031
SPY,2013-10-17,2013-10-17T16:00:00-04:00,173.21,2013-11-01,15.0,0.0410958904109589,146.0,put,0.02,0.03,0.0,,,0.33888,-0.00718,0.00167,0.00704,-0.00734,-0.00019,spy_options_2013.parquet,1174031
SPY,2013-10-17,2013-10-17T16:00:00-04:00,173.21,2013-11-01,15.0,0.0410958904109589,147.0,call,26.13,26.44,0.0,,,0.37222,0.98349,0.00297,0.01422,-0.01569,0.06325,spy_options_2013.parquet,1174032
SPY,2013-10-17,2013-10-17T16:00:00-04:00,173.21,2013-11-01,15.0,0.0410958904109589,147.0,put,0.01,0.04,0.0,,,0.32757,-0.00782,0.00174,0.00716,-0.0071,-0.00073,spy_options_2013.parquet,1174032
SPY,2013-10-17,2013-10-17T16:00:00-04:00,173.21,2013-11-01,15.0,0.0410958904109589,148.0,call,25.13,25.44,0.0,,,0.35893,0.98366,0.00315,0.01476,-0.01584,0.06316,spy_options_2013.parquet,1174033
SPY,2013-10-17,2013-10-17T16:00:00-04:00,173.21,2013-11-01,15.0,0.0410958904109589,148.0,put,0.02,0.04,0.05,10,,0.30778,-0.0066,0.00172,0.00685,-0.00587,-0.00035,spy_options_2013.parquet,1174033
SPY,2013-10-17,2013-10-17T16:00:00-04:00,173.21,2013-11-01,15.0,0.0410958904109589,149.0,call,24.14,24.43,0.0,,,0.34606,0.98291,0.00342,0.01534,-0.01558,0.06388,spy_options_2013.parquet,1174034
SPY,2013-10-17,2013-10-17T16:00:00-04:00,173.21,2013-11-01,15.0,0.0410958904109589,149.0,put,0.01,0.04,0.06,8,,0.30898,-0.0096,0.00221,0.0089,-0.00792,-0.00038,spy_options_2013.parquet,1174034
SPY,2013-10-17,2013-10-17T16:00:00-04:00,173.21,2013-11-01,15.0,0.0410958904109589,150.0,call,23.16,23.44,22.92,1,,0.3387,0.98059,0.00385,0.0168,-0.01768,0.06402,spy_options_2013.parquet,1174035
SPY,2013-10-17,2013-10-17T16:00:00-04:00,173.21,2013-11-01,15.0,0.0410958904109589,150.0,put,0.02,0.05,0.04,137,,0.29669,-0.00989,0.00239,0.00953,-0.00843,-0.0011,spy_options_2013.parquet,1174035
SPY,2013-10-17,2013-10-17T16:00:00-04:00,173.21,2013-11-01,15.0,0.0410958904109589,151.0,call,22.15,22.45,0.0,,,0.32492,0.98007,0.00411,0.01761,-0.01729,0.06453,spy_options_2013.parquet,1174036
SPY,2013-10-17,2013-10-17T16:00:00-04:00,173.21,2013-11-01,15.0,0.0410958904109589,151.0,put,0.03,0.05,0.0,,,0.29053,-0.01098,0.00275,0.01082,-0.0088,-0.0013,spy_options_2013.parquet,1174036
SPY,2013-10-17,2013-10-17T16:00:00-04:00,173.21,2013-11-01,15.0,0.0410958904109589,152.0,call,21.15,21.45,0.0,,,0.3122,0.97924,0.00443,0.01826,-0.01691,0.06448,spy_options_2013.parquet,1174037
SPY,2013-10-17,2013-10-17T16:00:00-04:00,173.21,2013-11-01,15.0,0.0410958904109589,152.0,put,0.03,0.05,0.05,859,,0.27797,-0.01131,0.00296,0.01059,-0.00835,-0.00086,spy_options_2013.parquet,1174037
SPY,2013-10-17,2013-10-17T16:00:00-04:00,173.21,2013-11-01,15.0,0.0410958904109589,152.5,call,20.65,20.97,0.0,,,0.31015,0.97726,0.00482,0.01962,-0.01825,0.06514,spy_options_2013.parquet,1174038
SPY,2013-10-17,2013-10-17T16:00:00-04:00,173.21,2013-11-01,15.0,0.0410958904109589,152.5,put,0.03,0.05,0.05,293,,0.27098,-0.01142,0.00308,0.01125,-0.00893,-0.00083,spy_options_2013.parquet,1174038
SPY,2013-10-17,2013-10-17T16:00:00-04:00,173.21,2013-11-01,15.0,0.0410958904109589,153.0,call,20.15,20.47,0.0,,,0.30314,0.97688,0.00502,0.02052,-0.01821,0.0655,spy_options_2013.parquet,1174039
SPY,2013-10-17,2013-10-17T16:00:00-04:00,173.21,2013-11-01,15.0,0.0410958904109589,153.0,put,0.03,0.05,0.06,4,,0.26932,-0.01261,0.00346,0.01245,-0.0095,-0.00128,spy_options_2013.parquet,1174039
SPY,2013-10-17,2013-10-17T16:00:00-04:00,173.21,2013-11-01,15.0,0.0410958904109589,153.5,call,19.67,19.96,0.0,,,0.29653,0.97611,0.00525,0.02087,-0.01861,0.06539,spy_options_2013.parquet,1174040
SPY,2013-10-17,2013-10-17T16:00:00-04:00,173.21,2013-11-01,15.0,0.0410958904109589,153.5,put,0.04,0.06,0.06,66,,0.26743,-0.01427,0.00377,0.01384,-0.01089,-0.00161,spy_options_2013.parquet,1174040
SPY,2013-10-17,2013-10-17T16:00:00-04:00,173.21,2013-11-01,15.0,0.0410958904109589,154.0,call,19.16,19.47,0.0,,,0.29207,0.97435,0.00556,0.02123,-0.01868,0.06598,spy_options_2013.parquet,1174041
SPY,2013-10-17,2013-10-17T16:00:00-04:00,173.21,2013-11-01,15.0,0.0410958904109589,154.0,put,0.04,0.06,0.06,587,,0.26116,-0.01424,0.00395,0.01384,-0.0104,-0.00133,spy_options_2013.parquet,1174041
SPY,2013-10-17,2013-10-17T16:00:00-04:00,173.21,2013-11-01,15.0,0.0410958904109589,154.5,call,18.67,18.97,0.0,,,0.28575,0.97361,0.00586,0.02204,-0.01878,0.06557,spy_options_2013.parquet,1174042
SPY,2013-10-17,2013-10-17T16:00:00-04:00,173.21,2013-11-01,15.0,0.0410958904109589,154.5,put,0.05,0.06,0.06,313,,0.25493,-0.01442,0.00409,0.01375,-0.0098,-0.00123,spy_options_2013.parquet,1174042
SPY,2013-10-17,2013-10-17T16:00:00-04:00,173.21,2013-11-01,15.0,0.0410958904109589,155.0,call,18.17,18.49,0.0,,,0.28272,0.97167,0.00638,0.02353,-0.01988,0.06527,spy_options_2013.parquet,1174043
SPY,2013-10-17,2013-10-17T16:00:00-04:00,173.21,2013-11-01,15.0,0.0410958904109589,155.0,put,0.05,0.07,0.07,,,0.25537,-0.01801,0.00466,0.01567,-0.01209,-0.00114,spy_options_2013.parquet,1174043
SPY,2013-10-17,2013-10-17T16:00:00-04:00,173.21,2013-11-01,15.0,0.0410958904109589,155.5,call,17.67,17.97,0.0,,,0.27611,0.97075,0.00663,0.02432,-0.02008,0.06596,spy_options_2013.parquet,1174044
SPY,2013-10-17,2013-10-17T16:00:00-04:00,173.21,2013-11-01,15.0,0.0410958904109589,155.5,put,0.06,0.07,0.08,60,,0.24922,-0.01817,0.0049,0.01639,-0.01198,-0.0013,spy_options_2013.parquet,1174044
SPY,2013-10-17,2013-10-17T16:00:00-04:00,173.21,2013-11-01,15.0,0.0410958904109589,156.0,call,17.18,17.49,0.0,,,0.27119,0.96937,0.00707,0.02456,-0.02033,0.06557,spy_options_2013.parquet,1174045
SPY,2013-10-17,2013-10-17T16:00:00-04:00,173.21,2013-11-01,15.0,0.0410958904109589,156.0,put,0.05,0.07,0.07,837,,0.2429,-0.01836,0.00518,0.01629,-0.0113,-0.00097,spy_options_2013.parquet,1174045
SPY,2013-10-17,2013-10-17T16:00:00-04:00,173.21,2013-11-01,15.0,0.0410958904109589,156.5,call,16.66,17.0,0.0,,,0.26231,0.96958,0.00719,0.02538,-0.01937,0.06578,spy_options_2013.parquet,1174046
SPY,2013-10-17,2013-10-17T16:00:00-04:00,173.21,2013-11-01,15.0,0.0410958904109589,156.5,put,0.06,0.08,0.07,401,,0.23896,-0.0199,0.00557,0.01805,-0.01204,-0.00204,spy_options_2013.parquet,1174046
SPY,2013-10-17,2013-10-17T16:00:00-04:00,173.21,2013-11-01,15.0,0.0410958904109589,157.0,call,16.18,16.49,0.0,,,0.25896,0.96732,0.00781,0.02712,-0.02124,0.06637,spy_options_2013.parquet,1174047
SPY,2013-10-17,2013-10-17T16:00:00-04:00,173.21,2013-11-01,15.0,0.0410958904109589,157.0,put,0.06,0.08,0.09,150,,0.23569,-0.02176,0.00612,0.01899,-0.01333,-0.00144,spy_options_2013.parquet,1174047
SPY,2013-10-17,2013-10-17T16:00:00-04:00,173.21,2013-11-01,15.0,0.0410958904109589,157.5,call,15.69,16.02,0.0,,,0.2562,0.96393,0.00845,0.02842,-0.02196,0.0667,spy_options_2013.parquet,1174048
SPY,2013-10-17,2013-10-17T16:00:00-04:00,173.21,2013-11-01,15.0,0.0410958904109589,157.5,put,0.06,0.08,0.09,29,,0.22887,-0.02243,0.00643,0.01944,-0.01283,-0.00193,spy_options_2013.parquet,1174048
SPY,2013-10-17,2013-10-17T16:00:00-04:00,173.21,2013-11-01,15.0,0.0410958904109589,158.0,call,15.19,15.51,0.0,,,0.24835,0.963,0.00894,0.02932,-0.0217,0.06684,spy_options_2013.parquet,1174049
SPY,2013-10-17,2013-10-17T16:00:00-04:00,173.21,2013-11-01,15.0,0.0410958904109589,158.0,put,0.05,0.09,0.09,136,,0.22488,-0.02382,0.00689,0.02025,-0.01332,-0.00205,spy_options_2013.parquet,1174049
SPY,2013-10-17,2013-10-17T16:00:00-04:00,173.21,2013-11-01,15.0,0.0410958904109589,158.5,call,14.69,15.02,0.0,,,0.245,0.96054,0.00961,0.03116,-0.02311,0.0662,spy_options_2013.parquet,1174050
SPY,2013-10-17,2013-10-17T16:00:00-04:00,173.21,2013-11-01,15.0,0.0410958904109589,158.5,put,0.07,0.09,0.0,,,0.21876,-0.02496,0.00732,0.02099,-0.01334,-0.00141,spy_options_2013.parquet,1174050
SPY,2013-10-17,2013-10-17T16:00:00-04:00,173.21,2013-11-01,15.0,0.0410958904109589,159.0,call,14.22,14.47,0.0,,,0.23309,0.96222,0.0097,0.02957,-0.02119,0.0671,spy_options_2013.parquet,1174051
SPY,2013-10-17,2013-10-17T16:00:00-04:00,173.21,2013-11-01,15.0,0.0410958904109589,159.0,put,0.07,0.09,0.1,82,,0.21398,-0.02666,0.00798,0.02237,-0.01412,-0.00175,spy_options_2013.parquet,1174051
SPY,2013-10-17,2013-10-17T16:00:00-04:00,173.21,2013-11-01,15.0,0.0410958904109589,159.5,call,13.72,13.96,0.0,,,0.22786,0.95987,0.01036,0.03132,-0.02159,0.06721,spy_options_2013.parquet,1174052
SPY,2013-10-17,2013-10-17T16:00:00-04:00,173.21,2013-11-01,15.0,0.0410958904109589,159.5,put,0.07,0.1,0.1,167,,0.21155,-0.03036,0.00884,0.02469,-0.01589,-0.00234,spy_options_2013.parquet,1174052
SPY,2013-10-17,2013-10-17T16:00:00-04:00,173.21,2013-11-01,15.0,0.0410958904109589,160.0,call,13.23,13.49,0.0,,,0.222,0.95776,0.01112,0.03208,-0.02138,0.06684,spy_options_2013.parquet,1174053
SPY,2013-10-17,2013-10-17T16:00:00-04:00,173.21,2013-11-01,15.0,0.0410958904109589,160.0,put,0.08,0.11,0.1,,,0.2067,-0.03175,0.00956,0.02646,-0.01625,-0.00276,spy_options_2013.parquet,1174053
SPY,2013-10-17,2013-10-17T16:00:00-04:00,173.21,2013-11-01,15.0,0.0410958904109589,160.5,call,12.73,12.99,0.0,,,0.21776,0.95517,0.01206,0.03452,-0.02242,0.06649,spy_options_2013.parquet,1174054
SPY,2013-10-17,2013-10-17T16:00:00-04:00,173.21,2013-11-01,15.0,0.0410958904109589,160.5,put,0.09,0.15,0.12,82,,0.20916,-0.03882,0.01111,0.03041,-0.01964,-0.00319,spy_options_2013.parquet,1174054
SPY,2013-10-17,2013-10-17T16:00:00-04:00,173.21,2013-11-01,15.0,0.0410958904109589,161.0,call,12.24,12.48,0.0,,,0.21189,0.95218,0.01287,0.03608,-0.02287,0.06734,spy_options_2013.parquet,1174055
SPY,2013-10-17,2013-10-17T16:00:00-04:00,173.21,2013-11-01,15.0,0.0410958904109589,161.0,put,0.1,0.13,0.12,82,,0.19869,-0.03751,0.01133,0.02957,-0.01765,-0.00299,spy_options_2013.parquet,1174055
SPY,2013-10-17,2013-10-17T16:00:00-04:00,173.21,2013-11-01,15.0,0.0410958904109589,161.5,call,11.74,12.0,0.0,,,0.20661,0.95028,0.0138,0.03746,-0.02357,0.06644,spy_options_2013.parquet,1174056
SPY,2013-10-17,2013-10-17T16:00:00-04:00,173.21,2013-11-01,15.0,0.0410958904109589,161.5,put,0.09,0.12,0.15,31,,0.18988,-0.03723,0.01195,0.02996,-0.01713,-0.00268,spy_options_2013.parquet,1174056
SPY,2013-10-17,2013-10-17T16:00:00-04:00,173.21,2013-11-01,15.0,0.0410958904109589,162.0,call,11.25,11.51,0.0,,,0.20193,0.94652,0.015,0.04006,-0.02454,0.06716,spy_options_2013.parquet,1174057
SPY,2013-10-17,2013-10-17T16:00:00-04:00,173.21,2013-11-01,15.0,0.0410958904109589,162.0,put,0.11,0.12,0.13,773,,0.1878,-0.04242,0.01337,0.03336,-0.01844,-0.00305,spy_options_2013.parquet,1174057
SPY,2013-10-17,2013-10-17T16:00:00-04:00,173.21,2013-11-01,15.0,0.0410958904109589,162.5,call,10.79,11.03,0.0,,,0.19886,0.94009,0.01657,0.04337,-0.02669,0.06684,spy_options_2013.parquet,1174058
SPY,2013-10-17,2013-10-17T16:00:00-04:00,173.21,2013-11-01,15.0,0.0410958904109589,162.5,put,0.12,0.14,0.14,253,,0.18397,-0.0465,0.0146,0.03568,-0.01958,-0.00397,spy_options_2013.parquet,1174058
SPY,2013-10-17,2013-10-17T16:00:00-04:00,173.21,2013-11-01,15.0,0.0410958904109589,163.0,call,10.28,10.46,9.25,9,,0.18554,0.94351,0.01688,0.04119,-0.0232,0.067,spy_options_2013.parquet,1174059
SPY,2013-10-17,2013-10-17T16:00:00-04:00,173.21,2013-11-01,15.0,0.0410958904109589,163.0,put,0.14,0.15,0.15,956,,0.17969,-0.05119,0.01603,0.03784,-0.02088,-0.00409,spy_options_2013.parquet,1174059
SPY,2013-10-17,2013-10-17T16:00:00-04:00,173.21,2013-11-01,15.0,0.0410958904109589,163.5,call,9.8,10.05,0.0,,,0.18754,0.93179,0.01945,0.04785,-0.02775,0.0668,spy_options_2013.parquet,1174060
SPY,2013-10-17,2013-10-17T16:00:00-04:00,173.21,2013-11-01,15.0,0.0410958904109589,163.5,put,0.14,0.17,0.15,353,,0.17507,-0.05544,0.01756,0.04096,-0.02171,-0.00402,spy_options_2013.parquet,1174060
SPY,2013-10-17,2013-10-17T16:00:00-04:00,173.21,2013-11-01,15.0,0.0410958904109589,164.0,call,9.33,9.44,8.05,2,,0.17169,0.93765,0.01958,0.04451,-0.02289,0.06677,spy_options_2013.parquet,1174061
SPY,2013-10-17,2013-10-17T16:00:00-04:00,173.21,2013-11-01,15.0,0.0410958904109589,164.0,put,0.16,0.18,0.16,,,0.17142,-0.06227,0.01962,0.04494,-0.02299,-0.00508,spy_options_2013.parquet,1174061
SPY,2013-10-17,2013-10-17T16:00:00-04:00,173.21,2013-11-01,15.0,0.0410958904109589,164.5,call,8.84,9.03,0.0,,,0.17427,0.92419,0.02262,0.05164,-0.02782,0.06626,spy_options_2013.parquet,1174062
SPY,2013-10-17,2013-10-17T16:00:00-04:00,173.21,2013-11-01,15.0,0.0410958904109589,164.5,put,0.17,0.19,0.18,,,0.16639,-0.06672,0.02152,0.0475,-0.02426,-0.00466,spy_options_2013.parquet,1174062
SPY,2013-10-17,2013-10-17T16:00:00-04:00,173.21,2013-11-01,15.0,0.0410958904109589,165.0,call,8.36,8.53,7.98,100,,0.16938,0.91739,0.02479,0.05491,-0.02846,0.06613,spy_options_2013.parquet,1174063
SPY,2013-10-17,2013-10-17T16:00:00-04:00,173.21,2013-11-01,15.0,0.0410958904109589,165.0,put,0.19,0.22,0.19,,,0.1626,-0.07485,0.0239,0.0513,-0.02559,-0.00548,spy_options_2013.parquet,1174063
SPY,2013-10-17,2013-10-17T16:00:00-04:00,173.21,2013-11-01,15.0,0.0410958904109589,165.5,call,7.88,8.05,0.0,,,0.16467,0.90914,0.02733,0.05879,-0.02972,0.06507,spy_options_2013.parquet,1174064
SPY,2013-10-17,2013-10-17T16:00:00-04:00,173.21,2013-11-01,15.0,0.0410958904109589,165.5,put,0.22,0.23,0.21,376,,0.15913,-0.08247,0.02651,0.05565,-0.02677,-0.00676,spy_options_2013.parquet,1174064
SPY,2013-10-17,2013-10-17T16:00:00-04:00,173.21,2013-11-01,15.0,0.0410958904109589,166.0,call,7.41,7.51,7.01,55,,0.15671,0.90538,0.02968,0.06093,-0.02917,0.06538,spy_options_2013.parquet,1174065
SPY,2013-10-17,2013-10-17T16:00:00-04:00,173.21,2013-11-01,15.0,0.0410958904109589,166.0,put,0.24,0.24,0.25,,,0.15536,-0.0919,0.02948,0.06063,-0.02889,-0.00692,spy_options_2013.parquet,1174065
SPY,2013-10-17,2013-10-17T16:00:00-04:00,173.21,2013-11-01,15.0,0.0410958904109589,166.5,call,6.95,7.04,6.52,100,,0.15304,0.89421,0.03292,0.06583,-0.031,0.06456,spy_options_2013.parquet,1174066
SPY,2013-10-17,2013-10-17T16:00:00-04:00,173.21,2013-11-01,15.0,0.0410958904109589,166.5,put,0.27,0.28,0.27,,,0.15128,-0.10403,0.03278,0.06558,-0.03105,-0.00764,spy_options_2013.parquet,1174066
SPY,2013-10-17,2013-10-17T16:00:00-04:00,173.21,2013-11-01,15.0,0.0410958904109589,167.0,call,6.44,6.65,6.58,68,,0.1521,0.87854,0.03673,0.07354,-0.03443,0.06413,spy_options_2013.parquet,1174067
SPY,2013-10-17,2013-10-17T16:00:00-04:00,173.21,2013-11-01,15.0,0.0410958904109589,167.0,put,0.3,0.32,0.29,,,0.14735,-0.11574,0.03637,0.07066,-0.03218,-0.0089,spy_options_2013.parquet,1174067
SPY,2013-10-17,2013-10-17T16:00:00-04:00,173.21,2013-11-01,15.0,0.0410958904109589,167.5,call,6.01,6.18,6.07,294,,0.14934,0.8618,0.04079,0.07995,-0.0375,0.06288,spy_options_2013.parquet,1174068
SPY,2013-10-17,2013-10-17T16:00:00-04:00,173.21,2013-11-01,15.0,0.0410958904109589,167.5,put,0.35,0.34,0.34,320,,0.14373,-0.12986,0.04049,0.07664,-0.03424,-0.00963,spy_options_2013.parquet,1174068
SPY,2013-10-17,2013-10-17T16:00:00-04:00,173.21,2013-11-01,15.0,0.0410958904109589,168.0,call,5.58,5.66,5.63,684,,0.14274,0.84973,0.04503,0.08482,-0.03831,0.06238,spy_options_2013.parquet,1174069
SPY,2013-10-17,2013-10-17T16:00:00-04:00,173.21,2013-11-01,15.0,0.0410958904109589,168.0,put,0.37,0.41,0.38,,,0.14078,-0.1466,0.04497,0.08336,-0.03611,-0.01121,spy_options_2013.parquet,1174069
SPY,2013-10-17,2013-10-17T16:00:00-04:00,173.21,2013-11-01,15.0,0.0410958904109589,168.5,call,5.13,5.21,5.0,393,,0.13897,0.83274,0.04985,0.09055,-0.03945,0.0611,spy_options_2013.parquet,1174070
SPY,2013-10-17,2013-10-17T16:00:00-04:00,173.21,2013-11-01,15.0,0.0410958904109589,168.5,put,0.44,0.45,0.45,,,0.13681,-0.16472,0.04993,0.09045,-0.03887,-0.01247,spy_options_2013.parquet,1174070
SPY,2013-10-17,2013-10-17T16:00:00-04:00,173.21,2013-11-01,15.0,0.0410958904109589,169.0,call,4.68,4.77,4.76,,,0.13495,0.81109,0.05507,0.0983,-0.04139,0.05954,spy_options_2013.parquet,1174071
SPY,2013-10-17,2013-10-17T16:00:00-04:00,173.21,2013-11-01,15.0,0.0410958904109589,169.0,put,0.49,0.51,0.51,,,0.13353,-0.18587,0.0552,0.09783,-0.0403,-0.01452,spy_options_2013.parquet,1174071
SPY,2013-10-17,2013-10-17T16:00:00-04:00,173.21,2013-11-01,15.0,0.0410958904109589,169.5,call,4.28,4.33,4.33,784,,0.1324,0.78608,0.06053,0.10545,-0.04403,0.05805,spy_options_2013.parquet,1174072
SPY,2013-10-17,2013-10-17T16:00:00-04:00,173.21,2013-11-01,15.0,0.0410958904109589,169.5,put,0.57,0.58,0.58,,,0.13082,-0.21025,0.06089,0.10433,-0.04257,-0.01649,spy_options_2013.parquet,1174072
SPY,2013-10-17,2013-10-17T16:00:00-04:00,173.21,2013-11-01,15.0,0.0410958904109589,170.0,call,3.86,3.9,3.91,,,0.12866,0.76077,0.0666,0.11266,-0.04601,0.05633,spy_options_2013.parquet,1174073
SPY,2013-10-17,2013-10-17T16:00:00-04:00,173.21,2013-11-01,15.0,0.0410958904109589,170.0,put,0.65,0.66,0.65,,,0.1269,-0.2366,0.06692,0.11184,-0.04463,-0.0181,spy_options_2013.parquet,1174073
SPY,2013-10-17,2013-10-17T16:00:00-04:00,173.21,2013-11-01,15.0,0.0410958904109589,170.5,call,3.45,3.49,3.23,619,,0.12574,0.73014,0.07265,0.11989,-0.04753,0.05366,spy_options_2013.parquet,1174074
SPY,2013-10-17,2013-10-17T16:00:00-04:00,173.21,2013-11-01,15.0,0.0410958904109589,170.5,put,0.72,0.75,0.74,702,,0.12357,-0.26727,0.0733,0.11925,-0.04663,-0.02074,spy_options_2013.parquet,1174074
SPY,2013-10-17,2013-10-17T16:00:00-04:00,173.21,2013-11-01,15.0,0.0410958904109589,171.0,call,3.06,3.1,3.12,,,0.12242,0.6968,0.07879,0.12626,-0.04898,0.05111,spy_options_2013.parquet,1174075
SPY,2013-10-17,2013-10-17T16:00:00-04:00,173.21,2013-11-01,15.0,0.0410958904109589,171.0,put,0.84,0.86,0.83,,,0.12037,-0.30096,0.07955,0.12681,-0.04829,-0.02294,spy_options_2013.parquet,1174075
SPY,2013-10-17,2013-10-17T16:00:00-04:00,173.21,2013-11-01,15.0,0.0410958904109589,171.5,call,2.7,2.73,2.7,,,0.11949,0.65898,0.08464,0.13312,-0.05002,0.04886,spy_options_2013.parquet,1174076
SPY,2013-10-17,2013-10-17T16:00:00-04:00,173.21,2013-11-01,15.0,0.0410958904109589,171.5,put,0.95,0.99,0.98,,,0.11758,-0.33874,0.08573,0.13233,-0.04996,-0.02567,spy_options_2013.parquet,1174076
SPY,2013-10-17,2013-10-17T16:00:00-04:00,173.21,2013-11-01,15.0,0.0410958904109589,172.0,call,2.33,2.35,2.35,,,0.11527,0.61923,0.09104,0.13838,-0.05099,0.04638,spy_options_2013.parquet,1174077
SPY,2013-10-17,2013-10-17T16:00:00-04:00,173.21,2013-11-01,15.0,0.0410958904109589,172.0,put,1.11,1.12,1.11,,,0.11471,-0.38071,0.0915,0.13858,-0.05014,-0.02856,spy_options_2013.parquet,1174077
SPY,2013-10-17,2013-10-17T16:00:00-04:00,173.21,2013-11-01,15.0,0.0410958904109589,172.5,call,1.99,2.02,2.0,,,0.11304,0.57392,0.09601,0.14195,-0.05097,0.04244,spy_options_2013.parquet,1174078
SPY,2013-10-17,2013-10-17T16:00:00-04:00,173.21,2013-11-01,15.0,0.0410958904109589,172.5,put,1.28,1.29,1.28,,,0.11152,-0.4252,0.09687,0.14168,-0.05038,-0.03203,spy_options_2013.parquet,1174078
SPY,2013-10-17,2013-10-17T16:00:00-04:00,173.21,2013-11-01,15.0,0.0410958904109589,173.0,call,1.67,1.72,1.69,,,0.11017,0.52523,0.10002,0.14416,-0.0505,0.03948,spy_options_2013.parquet,1174079
SPY,2013-10-17,2013-10-17T16:00:00-04:00,173.21,2013-11-01,15.0,0.0410958904109589,173.0,put,1.45,1.48,1.49,,,0.10852,-0.47445,0.10107,0.14472,-0.04936,-0.03615,spy_options_2013.parquet,1174079
SPY,2013-10-17,2013-10-17T16:00:00-04:00,173.21,2013-11-01,15.0,0.0410958904109589,173.5,call,1.4,1.42,1.41,,,0.10689,0.47504,0.10289,0.14464,-0.04888,0.03551,spy_options_2013.parquet,1174080
SPY,2013-10-17,2013-10-17T16:00:00-04:00,173.21,2013-11-01,15.0,0.0410958904109589,173.5,put,1.67,1.7,1.69,,,0.10659,-0.52577,0.1033,0.14445,-0.04877,-0.03931,spy_options_2013.parquet,1174080
SPY,2013-10-17,2013-10-17T16:00:00-04:00,173.21,2013-11-01,15.0,0.0410958904109589,174.0,call,1.15,1.17,1.17,,,0.10426,0.42221,0.1031,0.14234,-0.0472,0.03194,spy_options_2013.parquet,1174081
SPY,2013-10-17,2013-10-17T16:00:00-04:00,173.21,2013-11-01,15.0,0.0410958904109589,174.0,put,1.91,1.94,1.88,,,0.10371,-0.57876,0.10421,0.14176,-0.0463,-0.04305,spy_options_2013.parquet,1174081
SPY,2013-10-17,2013-10-17T16:00:00-04:00,173.21,2013-11-01,15.0,0.0410958904109589,174.5,call,0.91,0.95,0.95,,,0.10262,0.36836,0.10154,0.13698,-0.04392,0.02742,spy_options_2013.parquet,1174082
SPY,2013-10-17,2013-10-17T16:00:00-04:00,173.21,2013-11-01,15.0,0.0410958904109589,174.5,put,2.19,2.22,2.18,526,,0.10168,-0.63252,0.10226,0.13654,-0.04375,-0.04593,spy_options_2013.parquet,1174082
SPY,2013-10-17,2013-10-17T16:00:00-04:00,173.21,2013-11-01,15.0,0.0410958904109589,175.0,call,0.73,0.75,0.72,,,0.10047,0.3171,0.09753,0.12926,-0.04124,0.02333,spy_options_2013.parquet,1174083
SPY,2013-10-17,2013-10-17T16:00:00-04:00,173.21,2013-11-01,15.0,0.0410958904109589,175.0,put,2.49,2.52,2.47,344,,0.09929,-0.68628,0.09865,0.12852,-0.03987,-0.04944,spy_options_2013.parquet,1174083
SPY,2013-10-17,2013-10-17T16:00:00-04:00,173.21,2013-11-01,15.0,0.0410958904109589,175.5,call,0.56,0.57,0.56,831,,0.09888,0.26579,0.09183,0.11861,-0.03729,0.01943,spy_options_2013.parquet,1174084
SPY,2013-10-17,2013-10-17T16:00:00-04:00,173.21,2013-11-01,15.0,0.0410958904109589,175.5,put,2.82,2.87,2.79,153,,0.09739,-0.7367,0.09199,0.11858,-0.03669,-0.052,spy_options_2013.parquet,1174084
SPY,2013-10-17,2013-10-17T16:00:00-04:00,173.21,2013-11-01,15.0,0.0410958904109589,176.0,call,0.43,0.45,0.44,640,,0.09774,0.21986,0.08376,0.10677,-0.0328,0.01602,spy_options_2013.parquet,1174085
SPY,2013-10-17,2013-10-17T16:00:00-04:00,173.21,2013-11-01,15.0,0.0410958904109589,176.0,put,3.17,3.24,3.59,144,,0.09492,-0.78455,0.08365,0.10591,-0.03208,-0.05353,spy_options_2013.parquet,1174085
SPY,2013-10-17,2013-10-17T16:00:00-04:00,173.21,2013-11-01,15.0,0.0410958904109589,176.5,call,0.32,0.35,0.32,558,,0.09676,0.17875,0.07457,0.09432,-0.02837,0.01326,spy_options_2013.parquet,1174086
SPY,2013-10-17,2013-10-17T16:00:00-04:00,173.21,2013-11-01,15.0,0.0410958904109589,176.5,put,3.53,3.68,4.38,10,,0.09369,-0.82668,0.07342,0.09336,-0.02724,-0.05375,spy_options_2013.parquet,1174086
SPY,2013-10-17,2013-10-17T16:00:00-04:00,173.21,2013-11-01,15.0,0.0410958904109589,177.0,call,0.23,0.26,0.22,,,0.09558,0.1427,0.06488,0.08171,-0.02459,0.01104,spy_options_2013.parquet,1174087
SPY,2013-10-17,2013-10-17T16:00:00-04:00,173.21,2013-11-01,15.0,0.0410958904109589,177.0,put,3.98,4.07,4.42,1,,0.09455,-0.85763,0.06267,0.08217,-0.02359,-0.05246,spy_options_2013.parquet,1174087
SPY,2013-10-17,2013-10-17T16:00:00-04:00,173.21,2013-11-01,15.0,0.0410958904109589,177.5,call,0.18,0.19,0.18,872,,0.09586,0.11304,0.05531,0.07009,-0.02029,0.00843,spy_options_2013.parquet,1174088
SPY,2013-10-17,2013-10-17T16:00:00-04:00,173.21,2013-11-01,15.0,0.0410958904109589,177.5,put,4.43,4.55,0.0,,,0.09645,-0.88154,0.0525,0.07189,-0.0213,-0.05111,spy_options_2013.parquet,1174088
SPY,2013-10-17,2013-10-17T16:00:00-04:00,173.21,2013-11-01,15.0,0.0410958904109589,178.0,call,0.14,0.16,0.12,118,,0.09765,0.09252,0.04675,0.05978,-0.0181,0.00666,spy_options_2013.parquet,1174089
SPY,2013-10-17,2013-10-17T16:00:00-04:00,173.21,2013-11-01,15.0,0.0410958904109589,178.0,put,4.83,4.99,0.0,,,0.09292,-0.91135,0.04025,0.05816,-0.01661,-0.04682,spy_options_2013.parquet,1174089
SPY,2013-10-17,2013-10-17T16:00:00-04:00,173.21,2013-11-01,15.0,0.0410958904109589,178.5,call,0.09,0.11,0.08,51,,0.09725,0.07059,0.03854,0.04945,-0.01482,0.00526,spy_options_2013.parquet,1174090
SPY,2013-10-17,2013-10-17T16:00:00-04:00,173.21,2013-11-01,15.0,0.0410958904109589,178.5,put,5.3,5.5,0.0,,,0.09944,-0.91862,0.03403,0.0541,-0.01634,-0.04511,spy_options_2013.parquet,1174090
SPY,2013-10-17,2013-10-17T16:00:00-04:00,173.21,2013-11-01,15.0,0.0410958904109589,179.0,call,0.07,0.1,0.07,130,,0.09965,0.05852,0.03233,0.04189,-0.01327,0.00467,spy_options_2013.parquet,1174091
SPY,2013-10-17,2013-10-17T16:00:00-04:00,173.21,2013-11-01,15.0,0.0410958904109589,179.0,put,5.77,5.99,0.0,,,0.10173,-0.92783,0.02722,0.04925,-0.01503,-0.04178,spy_options_2013.parquet,1174091
SPY,2013-10-17,2013-10-17T16:00:00-04:00,173.21,2013-11-01,15.0,0.0410958904109589,180.0,call,0.06,0.07,0.05,112,,0.10384,0.04013,0.02275,0.03131,-0.0101,0.00334,spy_options_2013.parquet,1174092
SPY,2013-10-17,2013-10-17T16:00:00-04:00,173.21,2013-11-01,15.0,0.0410958904109589,180.0,put,6.71,7.01,0.0,,,0.1124,-0.93686,0.01839,0.04334,-0.01545,-0.03662,spy_options_2013.parquet,1174092
SPY,2013-10-17,2013-10-17T16:00:00-04:00,173.21,2013-11-01,15.0,0.0410958904109589,181.0,call,0.0,1.73,0.0,,,0.2334,0.19067,0.03211,0.09806,-0.07192,0.01405,spy_options_2013.parquet,1174093
SPY,2013-10-17,2013-10-17T16:00:00-04:00,173.21,2013-11-01,15.0,0.0410958904109589,181.0,put,6.19,9.39,0.0,,,0.10878,-0.94881,0.00158,0.03624,-0.00464,-0.02002,spy_options_2013.parquet,1174093
SPY,2013-10-17,2013-10-17T16:00:00-04:00,173.21,2013-11-01,15.0,0.0410958904109589,182.0,call,0.0,1.73,0.0,,,0.25083,0.17954,0.02878,0.09489,-0.07481,0.01335,spy_options_2013.parquet,1174094
SPY,2013-10-17,2013-10-17T16:00:00-04:00,173.21,2013-11-01,15.0,0.0410958904109589,182.0,put,7.12,10.4,0.0,,,,-1.0,0.0,0.0,0.0,0.0,spy_options_2013.parquet,1174094
SPY,2013-10-17,2013-10-17T16:00:00-04:00,173.21,2013-11-01,15.0,0.0410958904109589,183.0,call,0.0,1.72,0.0,,,0.26774,0.1707,0.0261,0.09232,-0.0769,0.01262,spy_options_2013.parquet,1174095
SPY,2013-10-17,2013-10-17T16:00:00-04:00,173.21,2013-11-01,15.0,0.0410958904109589,183.0,put,8.12,11.4,0.0,,,,-1.0,0.0,0.0,0.0,0.0,spy_options_2013.parquet,1174095
SPY,2013-10-17,2013-10-17T16:00:00-04:00,173.21,2013-11-01,15.0,0.0410958904109589,184.0,call,0.0,1.72,0.0,,,0.2848,0.16291,0.02385,0.08962,-0.07986,0.01215,spy_options_2013.parquet,1174096
SPY,2013-10-17,2013-10-17T16:00:00-04:00,173.21,2013-11-01,15.0,0.0410958904109589,184.0,put,9.11,12.4,0.0,,,,-1.0,0.0,0.0,0.0,0.0,spy_options_2013.parquet,1174096
SPY,2013-10-17,2013-10-17T16:00:00-04:00,173.21,2013-11-01,15.0,0.0410958904109589,185.0,call,0.02,0.03,0.02,,,0.1459,0.01609,0.00762,0.01486,-0.0058,0.00103,spy_options_2013.parquet,1174097
SPY,2013-10-17,2013-10-17T16:00:00-04:00,173.21,2013-11-01,15.0,0.0410958904109589,185.0,put,11.22,13.42,0.0,,,0.26106,-0.87578,0.0195,0.07338,-0.05963,-0.05197,spy_options_2013.parquet,1174097
SPY,2013-10-17,2013-10-17T16:00:00-04:00,173.21,2013-11-01,15.0,0.0410958904109589,186.0,call,0.0,1.73,0.0,,,0.31747,0.14943,0.02023,0.08424,-0.08385,0.01076,spy_options_2013.parquet,1174098
SPY,2013-10-17,2013-10-17T16:00:00-04:00,173.21,2013-11-01,15.0,0.0410958904109589,186.0,put,11.11,14.39,0.0,,,,-1.0,0.0,0.0,0.0,0.0,spy_options_2013.parquet,1174098
SPY,2013-10-17,2013-10-17T16:00:00-04:00,173.21,2013-11-01,15.0,0.0410958904109589,187.0,call,0.0,1.73,0.0,,,0.33369,0.1439,0.01881,0.08196,-0.08571,0.01052,spy_options_2013.parquet,1174099
SPY,2013-10-17,2013-10-17T16:00:00-04:00,173.21,2013-11-01,15.0,0.0410958904109589,187.0,put,12.18,15.4,0.0,,,,-1.0,0.0,0.0,0.0,0.0,spy_options_2013.parquet,1174099
SPY,2013-10-17,2013-10-17T16:00:00-04:00,173.21,2013-11-01,15.0,0.0410958904109589,188.0,call,0.0,1.73,0.0,,,0.34846,0.13871,0.01754,0.07982,-0.08728,0.00983,spy_options_2013.parquet,1174100
SPY,2013-10-17,2013-10-17T16:00:00-04:00,173.21,2013-11-01,15.0,0.0410958904109589,188.0,put,13.2,16.49,0.0,,,0.21943,-0.94022,0.00415,0.04021,-0.02731,-0.02898,spy_options_2013.parquet,1174100
SPY,2013-10-17,2013-10-17T16:00:00-04:00,173.21,2013-11-08,22.04,0.06038356164383561,128.0,call,45.12,45.42,0.0,,,0.51198,0.99229,0.00093,0.00892,-0.01023,0.08021,spy_options_2013.parquet,1174101
SPY,2013-10-17,2013-10-17T16:00:00-04:00,173.21,2013-11-08,22.04,0.06038356164383561,128.0,put,0.0,0.02,0.0,,,0.42439,-0.00176,0.00035,0.00227,-0.00213,-0.0005,spy_options_2013.parquet,1174101
SPY,2013-10-17,2013-10-17T16:00:00-04:00,173.21,2013-11-08,22.04,0.06038356164383561,129.0,call,44.13,44.42,0.0,,,0.49975,0.99214,0.00097,0.00922,-0.00942,0.07987,spy_options_2013.parquet,1174102
SPY,2013-10-17,2013-10-17T16:00:00-04:00,173.21,2013-11-08,22.04,0.06038356164383561,129.0,put,0.0,0.02,0.0,,,0.4127,-0.00164,0.00028,0.00232,-0.00202,-0.00034,spy_options_2013.parquet,1174102
SPY,2013-10-17,2013-10-17T16:00:00-04:00,173.21,2013-11-08,22.04,0.06038356164383561,130.0,call,43.11,43.43,0.0,,,0.48841,0.99149,0.00103,0.00946,-0.00995,0.08072,spy_options_2013.parquet,1174103
SPY,2013-10-17,2013-10-17T16:00:00-04:00,173.21,2013-11-08,22.04,0.06038356164383561,130.0,put,0.0,0.02,0.0,,,0.40324,-0.00184,0.00035,0.00292,-0.00261,-0.00025,spy_options_2013.parquet,1174103
SPY,2013-10-17,2013-10-17T16:00:00-04:00,173.21,2013-11-08,22.04,0.06038356164383561,131.0,call,42.12,42.42,0.0,,,0.47708,0.99197,0.00111,0.01018,-0.00954,0.08153,spy_options_2013.parquet,1174104
SPY,2013-10-17,2013-10-17T16:00:00-04:00,173.21,2013-11-08,22.04,0.06038356164383561,131.0,put,0.0,0.02,0.0,,,0.39356,-0.00205,0.00032,0.00299,-0.00204,-0.00052,spy_options_2013.parquet,1174104
SPY,2013-10-17,2013-10-17T16:00:00-04:00,173.21,2013-11-08,22.04,0.06038356164383561,132.0,call,41.13,41.42,0.0,,,0.46935,0.99112,0.0012,0.01073,-0.01016,0.0822,spy_options_2013.parquet,1174105
SPY,2013-10-17,2013-10-17T16:00:00-04:00,173.21,2013-11-08,22.04,0.06038356164383561,132.0,put,0.0,0.03,0.0,,,0.38416,-0.00234,0.0004,0.00255,-0.00178,-0.00049,spy_options_2013.parquet,1174105
SPY,2013-10-17,2013-10-17T16:00:00-04:00,173.21,2013-11-08,22.04,0.06038356164383561,133.0,call,40.13,40.43,0.0,,,0.46301,0.99031,0.00133,0.01093,-0.01139,0.08257,spy_options_2013.parquet,1174106
SPY,2013-10-17,2013-10-17T16:00:00-04:00,173.21,2013-11-08,22.04,0.06038356164383561,133.0,put,0.0,0.03,0.0,,,0.37258,-0.00186,0.00039,0.00329,-0.00256,-0.00052,spy_options_2013.parquet,1174106
SPY,2013-10-17,2013-10-17T16:00:00-04:00,173.21,2013-11-08,22.04,0.06038356164383561,134.0,call,39.12,39.43,0.0,,,0.45164,0.99038,0.00136,0.01188,-0.01074,0.08281,spy_options_2013.parquet,1174107
SPY,2013-10-17,2013-10-17T16:00:00-04:00,173.21,2013-11-08,22.04,0.06038356164383561,134.0,put,0.0,0.02,0.0,,,0.37874,-0.00346,0.00052,0.00416,-0.00311,-0.00013,spy_options_2013.parquet,1174107
SPY,2013-10-17,2013-10-17T16:00:00-04:00,173.21,2013-11-08,22.04,0.06038356164383561,135.0,call,38.13,38.43,0.0,,,0.43931,0.98942,0.00148,0.01223,-0.01085,0.08349,spy_options_2013.parquet,1174108
SPY,2013-10-17,2013-10-17T16:00:00-04:00,173.21,2013-11-08,22.04,0.06038356164383561,135.0,put,0.0,0.03,0.02,40,,0.36863,-0.00272,0.00055,0.00382,-0.00337,-0.00022,spy_options_2013.parquet,1174108
SPY,2013-10-17,2013-10-17T16:00:00-04:00,173.21,2013-11-08,22.04,0.06038356164383561,136.0,call,37.13,37.43,0.0,,,0.42759,0.98976,0.00153,0.01199,-0.01059,0.08489,spy_options_2013.parquet,1174109
SPY,2013-10-17,2013-10-17T16:00:00-04:00,173.21,2013-11-08,22.04,0.06038356164383561,136.0,put,0.0,0.04,0.02,5,,0.35893,-0.00343,0.00065,0.00385,-0.00278,-0.00069,spy_options_2013.parquet,1174109
SPY,2013-10-17,2013-10-17T16:00:00-04:00,173.21,2013-11-08,22.04,0.06038356164383561,137.0,call,36.12,36.43,0.0,,,0.41635,0.98907,0.0016,0.01206,-0.0108,0.08472,spy_options_2013.parquet,1174110
SPY,2013-10-17,2013-10-17T16:00:00-04:00,173.21,2013-11-08,22.04,0.06038356164383561,137.0,put,0.0,0.04,0.0,,,0.34884,-0.00286,0.0006,0.00443,-0.00264,-0.00043,spy_options_2013.parquet,1174110
SPY,2013-10-17,2013-10-17T16:00:00-04:00,173.21,2013-11-08,22.04,0.06038356164383561,138.0,call,35.13,35.43,0.0,,,0.40502,0.98899,0.00166,0.01235,-0.0106,0.08531,spy_options_2013.parquet,1174111
SPY,2013-10-17,2013-10-17T16:00:00-04:00,173.21,2013-11-08,22.04,0.06038356164383561,138.0,put,0.0,0.04,0.0,,,0.34971,-0.00402,0.0008,0.00589,-0.0035,-0.00039,spy_options_2013.parquet,1174111
SPY,2013-10-17,2013-10-17T16:00:00-04:00,173.21,2013-11-08,22.04,0.06038356164383561,139.0,call,34.13,34.45,0.0,,,0.40065,0.98742,0.0019,0.01423,-0.01215,0.08652,spy_options_2013.parquet,1174112
SPY,2013-10-17,2013-10-17T16:00:00-04:00,173.21,2013-11-08,22.04,0.06038356164383561,139.0,put,0.02,0.05,0.0,,,0.34767,-0.00538,0.00095,0.00696,-0.00436,-0.00077,spy_options_2013.parquet,1174112
SPY,2013-10-17,2013-10-17T16:00:00-04:00,173.21,2013-11-08,22.04,0.06038356164383561,140.0,call,33.14,33.44,0.0,,,0.38992,0.98646,0.00198,0.01467,-0.01239,0.08633,spy_options_2013.parquet,1174113
SPY,2013-10-17,2013-10-17T16:00:00-04:00,173.21,2013-11-08,22.04,0.06038356164383561,140.0,put,0.01,0.04,0.0,,,0.33688,-0.00504,0.00102,0.00636,-0.0042,-0.00094,spy_options_2013.parquet,1174113
SPY,2013-10-17,2013-10-17T16:00:00-04:00,173.21,2013-11-08,22.04,0.06038356164383561,141.0,call,32.14,32.45,0.0,,,0.37819,0.98648,0.00208,0.01449,-0.01183,0.08768,spy_options_2013.parquet,1174114
SPY,2013-10-17,2013-10-17T16:00:00-04:00,173.21,2013-11-08,22.04,0.06038356164383561,141.0,put,0.02,0.05,0.0,,,0.33425,-0.00593,0.00117,0.00776,-0.00529,-0.00025,spy_options_2013.parquet,1174114
SPY,2013-10-17,2013-10-17T16:00:00-04:00,173.21,2013-11-08,22.04,0.06038356164383561,142.0,call,31.14,31.44,0.0,,,0.3701,0.98587,0.00225,0.01564,-0.01197,0.08788,spy_options_2013.parquet,1174115
SPY,2013-10-17,2013-10-17T16:00:00-04:00,173.21,2013-11-08,22.04,0.06038356164383561,142.0,put,0.02,0.03,0.0,,,0.32327,-0.00607,0.0013,0.00804,-0.00567,-0.00086,spy_options_2013.parquet,1174115
SPY,2013-10-17,2013-10-17T16:00:00-04:00,173.21,2013-11-08,22.04,0.06038356164383561,143.0,call,30.14,30.46,0.0,,,0.36139,0.98488,0.00251,0.01722,-0.01286,0.08838,spy_options_2013.parquet,1174116
SPY,2013-10-17,2013-10-17T16:00:00-04:00,173.21,2013-11-08,22.04,0.06038356164383561,143.0,put,0.02,0.05,0.0,,,0.31349,-0.00691,0.00133,0.00842,-0.00564,-0.00081,spy_options_2013.parquet,1174116
SPY,2013-10-17,2013-10-17T16:00:00-04:00,173.21,2013-11-08,22.04,0.06038356164383561,144.0,call,29.15,29.45,0.0,,,0.3501,0.98382,0.00262,0.01713,-0.01272,0.08906,spy_options_2013.parquet,1174117
SPY,2013-10-17,2013-10-17T16:00:00-04:00,173.21,2013-11-08,22.04,0.06038356164383561,144.0,put,0.02,0.05,0.0,,,0.30926,-0.00791,0.00161,0.00923,-0.00578,-0.00126,spy_options_2013.parquet,1174117
SPY,2013-10-17,2013-10-17T16:00:00-04:00,173.21,2013-11-08,22.04,0.06038356164383561,145.0,call,28.15,28.45,0.0,,,0.34126,0.98311,0.00283,0.01794,-0.01361,0.08891,spy_options_2013.parquet,1174118
SPY,2013-10-17,2013-10-17T16:00:00-04:00,173.21,2013-11-08,22.04,0.06038356164383561,145.0,put,0.03,0.06,0.0,,,0.3036,-0.00873,0.00185,0.01013,-0.0067,-0.00095,spy_options_2013.parquet,1174118
SPY,2013-10-17,2013-10-17T16:00:00-04:00,173.21,2013-11-08,22.04,0.06038356164383561,146.0,call,27.15,27.46,0.0,,,0.33257,0.98205,0.00311,0.02004,-0.01389,0.09015,spy_options_2013.parquet,1174119
SPY,2013-10-17,2013-10-17T16:00:00-04:00,173.21,2013-11-08,22.04,0.06038356164383561,146.0,put,0.03,0.06,0.0,,,0.29766,-0.00975,0.00208,0.0121,-0.00748,-0.00142,spy_options_2013.parquet,1174119
SPY,2013-10-17,2013-10-17T16:00:00-04:00,173.21,2013-11-08,22.04,0.06038356164383561,147.0,call,26.16,26.48,0.0,,,0.3237,0.98071,0.00342,0.02075,-0.01417,0.09,spy_options_2013.parquet,1174120
SPY,2013-10-17,2013-10-17T16:00:00-04:00,173.21,2013-11-08,22.04,0.06038356164383561,147.0,put,0.04,0.06,0.0,,,0.29175,-0.01107,0.00232,0.01346,-0.00746,-0.00103,spy_options_2013.parquet,1174120
SPY,2013-10-17,2013-10-17T16:00:00-04:00,173.21,2013-11-08,22.04,0.06038356164383561,148.0,call,25.18,25.46,0.0,,,0.31477,0.9785,0.0037,0.02237,-0.01448,0.09091,spy_options_2013.parquet,1174121
SPY,2013-10-17,2013-10-17T16:00:00-04:00,173.21,2013-11-08,22.04,0.06038356164383561,148.0,put,0.04,0.05,0.0,,,0.28132,-0.01167,0.00251,0.01293,-0.00766,-0.00089,spy_options_2013.parquet,1174121
SPY,2013-10-17,2013-10-17T16:00:00-04:00,173.21,2013-11-08,22.04,0.06038356164383561,149.0,call,24.17,24.48,0.0,,,0.30477,0.97708,0.00399,0.02311,-0.01507,0.09157,spy_options_2013.parquet,1174122
SPY,2013-10-17,2013-10-17T16:00:00-04:00,173.21,2013-11-08,22.04,0.06038356164383561,149.0,put,0.05,0.06,0.0,,,0.27719,-0.01431,0.00296,0.01554,-0.00905,-0.00203,spy_options_2013.parquet,1174122
SPY,2013-10-17,2013-10-17T16:00:00-04:00,173.21,2013-11-08,22.04,0.06038356164383561,150.0,call,23.19,23.49,0.0,,,0.29759,0.97502,0.00452,0.02487,-0.01611,0.0919,spy_options_2013.parquet,1174123
SPY,2013-10-17,2013-10-17T16:00:00-04:00,173.21,2013-11-08,22.04,0.06038356164383561,150.0,put,0.06,0.07,0.0,,,0.26985,-0.01496,0.00327,0.01645,-0.00917,-0.00142,spy_options_2013.parquet,1174123
SPY,2013-10-17,2013-10-17T16:00:00-04:00,173.21,2013-11-08,22.04,0.06038356164383561,151.0,call,22.19,22.49,0.0,,,0.28772,0.97342,0.00488,0.02693,-0.01658,0.09239,spy_options_2013.parquet,1174124
SPY,2013-10-17,2013-10-17T16:00:00-04:00,173.21,2013-11-08,22.04,0.06038356164383561,151.0,put,0.07,0.08,0.08,85,,0.26196,-0.01689,0.00366,0.01829,-0.01017,-0.00192,spy_options_2013.parquet,1174124
SPY,2013-10-17,2013-10-17T16:00:00-04:00,173.21,2013-11-08,22.04,0.06038356164383561,152.0,call,21.19,21.52,0.0,,,0.27926,0.97059,0.00546,0.02884,-0.01698,0.09256,spy_options_2013.parquet,1174125
SPY,2013-10-17,2013-10-17T16:00:00-04:00,173.21,2013-11-08,22.04,0.06038356164383561,152.0,put,0.06,0.1,0.0,,,0.2527,-0.01841,0.00412,0.01942,-0.01056,-0.00207,spy_options_2013.parquet,1174125
SPY,2013-10-17,2013-10-17T16:00:00-04:00,173.21,2013-11-08,22.04,0.06038356164383561,153.0,call,20.2,20.52,0.0,,,0.2692,0.96956,0.00599,0.03027,-0.01758,0.09263,spy_options_2013.parquet,1174126
SPY,2013-10-17,2013-10-17T16:00:00-04:00,173.21,2013-11-08,22.04,0.06038356164383561,153.0,put,0.07,0.09,0.09,20,,0.24416,-0.0204,0.0046,0.02117,-0.01121,-0.00205,spy_options_2013.parquet,1174126
SPY,2013-10-17,2013-10-17T16:00:00-04:00,173.21,2013-11-08,22.04,0.06038356164383561,154.0,call,19.2,19.53,0.0,,,0.26074,0.96586,0.00661,0.03239,-0.01804,0.09363,spy_options_2013.parquet,1174127
SPY,2013-10-17,2013-10-17T16:00:00-04:00,173.21,2013-11-08,22.04,0.06038356164383561,154.0,put,0.07,0.11,0.0,,,0.23807,-0.02249,0.00521,0.02362,-0.01207,-0.00266,spy_options_2013.parquet,1174127
SPY,2013-10-17,2013-10-17T16:00:00-04:00,173.21,2013-11-08,22.04,0.06038356164383561,155.0,call,18.21,18.54,0.0,,,0.25172,0.96318,0.00737,0.0345,-0.01915,0.09376,spy_options_2013.parquet,1174128
SPY,2013-10-17,2013-10-17T16:00:00-04:00,173.21,2013-11-08,22.04,0.06038356164383561,155.0,put,0.08,0.11,0.09,,,0.22658,-0.0237,0.00571,0.02473,-0.0112,-0.00264,spy_options_2013.parquet,1174128
SPY,2013-10-17,2013-10-17T16:00:00-04:00,173.21,2013-11-08,22.04,0.06038356164383561,155.5,call,17.71,18.04,0.0,,,0.24599,0.96201,0.00769,0.03517,-0.01852,0.09347,spy_options_2013.parquet,1174129
SPY,2013-10-17,2013-10-17T16:00:00-04:00,173.21,2013-11-08,22.04,0.06038356164383561,155.5,put,0.09,0.1,0.12,40,,0.22273,-0.02565,0.00609,0.02538,-0.01168,-0.00246,spy_options_2013.parquet,1174129
SPY,2013-10-17,2013-10-17T16:00:00-04:00,173.21,2013-11-08,22.04,0.06038356164383561,156.0,call,17.19,17.51,0.0,,,0.2325,0.96624,0.00751,0.03282,-0.01598,0.09429,spy_options_2013.parquet,1174130
SPY,2013-10-17,2013-10-17T16:00:00-04:00,173.21,2013-11-08,22.04,0.06038356164383561,156.0,put,0.09,0.12,0.12,85,,0.21985,-0.02657,0.00649,0.02752,-0.01252,-0.00264,spy_options_2013.parquet,1174130
SPY,2013-10-17,2013-10-17T16:00:00-04:00,173.21,2013-11-08,22.04,0.06038356164383561,156.5,call,16.74,17.01,0.0,,,0.23178,0.96191,0.00827,0.03666,-0.01807,0.09433,spy_options_2013.parquet,1174131
SPY,2013-10-17,2013-10-17T16:00:00-04:00,173.21,2013-11-08,22.04,0.06038356164383561,156.5,put,0.09,0.12,0.13,15,,0.2161,-0.02867,0.00696,0.02886,-0.01304,-0.00271,spy_options_2013.parquet,1174131
SPY,2013-10-17,2013-10-17T16:00:00-04:00,173.21,2013-11-08,22.04,0.06038356164383561,157.0,call,16.2,16.52,0.0,,,0.22435,0.96116,0.00854,0.03573,-0.01707,0.09475,spy_options_2013.parquet,1174132
SPY,2013-10-17,2013-10-17T16:00:00-04:00,173.21,2013-11-08,22.04,0.06038356164383561,157.0,put,0.09,0.12,0.16,100,,0.21159,-0.03036,0.0074,0.03041,-0.01289,-0.0029,spy_options_2013.parquet,1174132
SPY,2013-10-17,2013-10-17T16:00:00-04:00,173.21,2013-11-08,22.04,0.06038356164383561,157.5,call,15.71,16.03,0.0,,,0.22063,0.9598,0.00901,0.0378,-0.0176,0.09472,spy_options_2013.parquet,1174133
SPY,2013-10-17,2013-10-17T16:00:00-04:00,173.21,2013-11-08,22.04,0.06038356164383561,157.5,put,0.1,0.13,0.0,,,0.20783,-0.03171,0.00792,0.03132,-0.01342,-0.00306,spy_options_2013.parquet,1174133
SPY,2013-10-17,2013-10-17T16:00:00-04:00,173.21,2013-11-08,22.04,0.06038356164383561,158.0,call,15.25,15.52,0.0,,,0.21847,0.95563,0.00984,0.04033,-0.01878,0.09488,spy_options_2013.parquet,1174134
SPY,2013-10-17,2013-10-17T16:00:00-04:00,173.21,2013-11-08,22.04,0.06038356164383561,158.0,put,0.12,0.14,0.13,114,,0.20659,-0.03589,0.0088,0.03479,-0.01534,-0.00353,spy_options_2013.parquet,1174134
SPY,2013-10-17,2013-10-17T16:00:00-04:00,173.21,2013-11-08,22.04,0.06038356164383561,158.5,call,14.78,15.03,0.0,,,0.21596,0.95215,0.01059,0.0432,-0.01983,0.09481,spy_options_2013.parquet,1174135
SPY,2013-10-17,2013-10-17T16:00:00-04:00,173.21,2013-11-08,22.04,0.06038356164383561,158.5,put,0.12,0.14,0.19,40,,0.20085,-0.03642,0.00928,0.035,-0.01482,-0.0042,spy_options_2013.parquet,1174135
SPY,2013-10-17,2013-10-17T16:00:00-04:00,173.21,2013-11-08,22.04,0.06038356164383561,159.0,call,14.26,14.57,0.0,,,0.21161,0.94924,0.01135,0.04528,-0.02098,0.09438,spy_options_2013.parquet,1174136
SPY,2013-10-17,2013-10-17T16:00:00-04:00,173.21,2013-11-08,22.04,0.06038356164383561,159.0,put,0.13,0.15,0.0,,,0.19733,-0.04011,0.01005,0.03744,-0.01545,-0.00411,spy_options_2013.parquet,1174136
SPY,2013-10-17,2013-10-17T16:00:00-04:00,173.21,2013-11-08,22.04,0.06038356164383561,159.5,call,13.77,14.07,0.0,,,0.2079,0.94616,0.01206,0.04743,-0.0215,0.09403,spy_options_2013.parquet,1174137
SPY,2013-10-17,2013-10-17T16:00:00-04:00,173.21,2013-11-08,22.04,0.06038356164383561,159.5,put,0.14,0.16,0.0,,,0.19438,-0.0432,0.01085,0.03979,-0.01606,-0.00488,spy_options_2013.parquet,1174137
SPY,2013-10-17,2013-10-17T16:00:00-04:00,173.21,2013-11-08,22.04,0.06038356164383561,160.0,call,13.29,13.56,0.0,,,0.2033,0.94321,0.01292,0.04988,-0.02154,0.09395,spy_options_2013.parquet,1174138
SPY,2013-10-17,2013-10-17T16:00:00-04:00,173.21,2013-11-08,22.04,0.06038356164383561,160.0,put,0.15,0.16,0.16,6,,0.19004,-0.04563,0.01164,0.04263,-0.01672,-0.0052,spy_options_2013.parquet,1174138
SPY,2013-10-17,2013-10-17T16:00:00-04:00,173.21,2013-11-08,22.04,0.06038356164383561,160.5,call,12.84,12.99,0.0,,,0.19387,0.94368,0.01336,0.04895,-0.02024,0.09457,spy_options_2013.parquet,1174139
SPY,2013-10-17,2013-10-17T16:00:00-04:00,173.21,2013-11-08,22.04,0.06038356164383561,160.5,put,0.16,0.18,0.0,,,0.1863,-0.04977,0.01256,0.04493,-0.01798,-0.00574,spy_options_2013.parquet,1174139
SPY,2013-10-17,2013-10-17T16:00:00-04:00,173.21,2013-11-08,22.04,0.06038356164383561,161.0,call,12.32,12.58,0.0,,,0.19453,0.93605,0.01479,0.05438,-0.02316,0.09444,spy_options_2013.parquet,1174140
SPY,2013-10-17,2013-10-17T16:00:00-04:00,173.21,2013-11-08,22.04,0.06038356164383561,161.0,put,0.16,0.2,0.2,15,,0.18405,-0.05407,0.01368,0.04738,-0.01857,-0.00563,spy_options_2013.parquet,1174140
SPY,2013-10-17,2013-10-17T16:00:00-04:00,173.21,2013-11-08,22.04,0.06038356164383561,161.5,call,11.83,12.03,0.0,,,0.18354,0.93885,0.01513,0.05217,-0.02035,0.09496,spy_options_2013.parquet,1174141
SPY,2013-10-17,2013-10-17T16:00:00-04:00,173.21,2013-11-08,22.04,0.06038356164383561,161.5,put,0.18,0.2,0.0,,,0.1796,-0.05709,0.01477,0.05075,-0.01902,-0.00675,spy_options_2013.parquet,1174141
SPY,2013-10-17,2013-10-17T16:00:00-04:00,173.21,2013-11-08,22.04,0.06038356164383561,162.0,call,11.34,11.61,0.0,,,0.18639,0.92697,0.01708,0.06078,-0.02417,0.09396,spy_options_2013.parquet,1174142
SPY,2013-10-17,2013-10-17T16:00:00-04:00,173.21,2013-11-08,22.04,0.06038356164383561,162.0,put,0.2,0.21,0.22,,,0.17572,-0.06255,0.01598,0.05328,-0.02037,-0.00665,spy_options_2013.parquet,1174142
SPY,2013-10-17,2013-10-17T16:00:00-04:00,173.21,2013-11-08,22.04,0.06038356164383561,162.5,call,10.88,11.0,0.0,,,0.17377,0.93143,0.01755,0.05797,-0.02191,0.09424,spy_options_2013.parquet,1174143
SPY,2013-10-17,2013-10-17T16:00:00-04:00,173.21,2013-11-08,22.04,0.06038356164383561,162.5,put,0.21,0.24,0.26,20,,0.17327,-0.06782,0.01744,0.05739,-0.02087,-0.00773,spy_options_2013.parquet,1174143
SPY,2013-10-17,2013-10-17T16:00:00-04:00,173.21,2013-11-08,22.04,0.06038356164383561,163.0,call,10.42,10.65,0.0,,,0.18096,0.91327,0.02006,0.06809,-0.02677,0.09305,spy_options_2013.parquet,1174144
SPY,2013-10-17,2013-10-17T16:00:00-04:00,173.21,2013-11-08,22.04,0.06038356164383561,163.0,put,0.23,0.26,0.25,11,,0.16953,-0.07386,0.01887,0.06058,-0.02205,-0.00803,spy_options_2013.parquet,1174144
SPY,2013-10-17,2013-10-17T16:00:00-04:00,173.21,2013-11-08,22.04,0.06038356164383561,163.5,call,9.94,10.04,0.0,,,0.16719,0.91825,0.0207,0.06569,-0.0236,0.09352,spy_options_2013.parquet,1174145
SPY,2013-10-17,2013-10-17T16:00:00-04:00,173.21,2013-11-08,22.04,0.06038356164383561,163.5,put,0.25,0.27,0.0,,,0.16544,-0.07931,0.02054,0.06481,-0.02325,-0.00911,spy_options_2013.parquet,1174145
SPY,2013-10-17,2013-10-17T16:00:00-04:00,173.21,2013-11-08,22.04,0.06038356164383561,164.0,call,9.45,9.56,0.0,,,0.16415,0.91119,0.0226,0.07011,-0.02478,0.09377,spy_options_2013.parquet,1174146
SPY,2013-10-17,2013-10-17T16:00:00-04:00,173.21,2013-11-08,22.04,0.06038356164383561,164.0,put,0.29,0.31,0.31,147,,0.16462,-0.0894,0.02255,0.07085,-0.02464,-0.01027,spy_options_2013.parquet,1174146
SPY,2013-10-17,2013-10-17T16:00:00-04:00,173.21,2013-11-08,22.04,0.06038356164383561,164.5,call,8.94,9.22,8.0,9,,0.1669,0.89523,0.02505,0.07874,-0.02879,0.09193,spy_options_2013.parquet,1174147
SPY,2013-10-17,2013-10-17T16:00:00-04:00,173.21,2013-11-08,22.04,0.06038356164383561,164.5,put,0.3,0.33,0.42,609,,0.15934,-0.09527,0.02442,0.07376,-0.02498,-0.01078,spy_options_2013.parquet,1174147
SPY,2013-10-17,2013-10-17T16:00:00-04:00,173.21,2013-11-08,22.04,0.06038356164383561,165.0,call,8.51,8.62,0.0,,,0.15775,0.89356,0.02676,0.07933,-0.02709,0.09245,spy_options_2013.parquet,1174148
SPY,2013-10-17,2013-10-17T16:00:00-04:00,173.21,2013-11-08,22.04,0.06038356164383561,165.0,put,0.32,0.37,0.33,,,0.15676,-0.10417,0.02668,0.07943,-0.02659,-0.01178,spy_options_2013.parquet,1174148
SPY,2013-10-17,2013-10-17T16:00:00-04:00,173.21,2013-11-08,22.04,0.06038356164383561,165.5,call,8.04,8.23,7.6,10,,0.15823,0.87757,0.02936,0.08779,-0.03067,0.09093,spy_options_2013.parquet,1174149
SPY,2013-10-17,2013-10-17T16:00:00-04:00,173.21,2013-11-08,22.04,0.06038356164383561,165.5,put,0.38,0.38,0.38,416,,0.15331,-0.11461,0.02907,0.08424,-0.0283,-0.01255,spy_options_2013.parquet,1174149
SPY,2013-10-17,2013-10-17T16:00:00-04:00,173.21,2013-11-08,22.04,0.06038356164383561,166.0,call,7.56,7.76,0.0,,,0.15431,0.86821,0.0318,0.09245,-0.03066,0.08953,spy_options_2013.parquet,1174150
SPY,2013-10-17,2013-10-17T16:00:00-04:00,173.21,2013-11-08,22.04,0.06038356164383561,166.0,put,0.4,0.43,0.51,637,,0.15097,-0.12611,0.03169,0.09057,-0.02975,-0.01438,spy_options_2013.parquet,1174150
SPY,2013-10-17,2013-10-17T16:00:00-04:00,173.21,2013-11-08,22.04,0.06038356164383561,166.5,call,7.11,7.3,6.73,25,,0.15154,0.85521,0.0346,0.09871,-0.03287,0.08838,spy_options_2013.parquet,1174151
SPY,2013-10-17,2013-10-17T16:00:00-04:00,173.21,2013-11-08,22.04,0.06038356164383561,166.5,put,0.45,0.47,0.53,257,,0.14721,-0.1392,0.03451,0.09616,-0.0305,-0.01497,spy_options_2013.parquet,1174151
SPY,2013-10-17,2013-10-17T16:00:00-04:00,173.21,2013-11-08,22.04,0.06038356164383561,167.0,call,6.65,6.86,6.36,123,,0.14737,0.84241,0.03755,0.10428,-0.03373,0.08736,spy_options_2013.parquet,1174152
SPY,2013-10-17,2013-10-17T16:00:00-04:00,173.21,2013-11-08,22.04,0.06038356164383561,167.0,put,0.5,0.52,0.51,165,,0.14453,-0.15301,0.03757,0.10355,-0.03265,-0.01739,spy_options_2013.parquet,1174152
SPY,2013-10-17,2013-10-17T16:00:00-04:00,173.21,2013-11-08,22.04,0.06038356164383561,167.5,call,6.24,6.34,5.8,116,,0.14303,0.8294,0.04079,0.11038,-0.03406,0.0868,spy_options_2013.parquet,1174153
SPY,2013-10-17,2013-10-17T16:00:00-04:00,173.21,2013-11-08,22.04,0.06038356164383561,167.5,put,0.54,0.59,0.59,102,,0.14198,-0.16889,0.04082,0.10995,-0.03362,-0.01853,spy_options_2013.parquet,1174153
SPY,2013-10-17,2013-10-17T16:00:00-04:00,173.21,2013-11-08,22.04,0.06038356164383561,168.0,call,5.81,5.88,5.59,103,,0.14026,0.81159,0.04418,0.11741,-0.0354,0.08482,spy_options_2013.parquet,1174154
SPY,2013-10-17,2013-10-17T16:00:00-04:00,173.21,2013-11-08,22.04,0.06038356164383561,168.0,put,0.61,0.65,0.6,359,,0.13924,-0.1864,0.04434,0.11695,-0.03539,-0.02061,spy_options_2013.parquet,1174154
SPY,2013-10-17,2013-10-17T16:00:00-04:00,173.21,2013-11-08,22.04,0.06038356164383561,168.5,call,5.39,5.45,5.45,114,,0.13761,0.79308,0.04779,0.12403,-0.03766,0.08326,spy_options_2013.parquet,1174155
SPY,2013-10-17,2013-10-17T16:00:00-04:00,173.21,2013-11-08,22.04,0.06038356164383561,168.5,put,0.68,0.7,0.87,224,,0.13589,-0.20427,0.048,0.1237,-0.03631,-0.02268,spy_options_2013.parquet,1174155
SPY,2013-10-17,2013-10-17T16:00:00-04:00,173.21,2013-11-08,22.04,0.06038356164383561,169.0,call,4.98,5.02,4.62,135,,0.13482,0.77204,0.05156,0.13153,-0.0383,0.08077,spy_options_2013.parquet,1174156
SPY,2013-10-17,2013-10-17T16:00:00-04:00,173.21,2013-11-08,22.04,0.06038356164383561,169.0,put,0.75,0.77,0.75,,,0.13309,-0.22459,0.05204,0.13095,-0.03774,-0.02478,spy_options_2013.parquet,1174156
SPY,2013-10-17,2013-10-17T16:00:00-04:00,173.21,2013-11-08,22.04,0.06038356164383561,169.5,call,4.56,4.6,4.52,150,,0.13144,0.74901,0.0556,0.13834,-0.03948,0.07902,spy_options_2013.parquet,1174157
SPY,2013-10-17,2013-10-17T16:00:00-04:00,173.21,2013-11-08,22.04,0.06038356164383561,169.5,put,0.83,0.85,0.84,199,,0.13031,-0.24845,0.05596,0.13791,-0.0396,-0.02724,spy_options_2013.parquet,1174157
SPY,2013-10-17,2013-10-17T16:00:00-04:00,173.21,2013-11-08,22.04,0.06038356164383561,170.0,call,4.16,4.21,4.24,706,,0.12892,0.72336,0.05956,0.14566,-0.04147,0.07607,spy_options_2013.parquet,1174158
SPY,2013-10-17,2013-10-17T16:00:00-04:00,173.21,2013-11-08,22.04,0.06038356164383561,170.0,put,0.93,0.95,0.97,,,0.12708,-0.27356,0.0602,0.14473,-0.04019,-0.02966,spy_options_2013.parquet,1174158
SPY,2013-10-17,2013-10-17T16:00:00-04:00,173.21,2013-11-08,22.04,0.06038356164383561,170.5,call,3.75,3.87,0.0,,,0.12721,0.69509,0.06346,0.15247,-0.04198,0.07393,spy_options_2013.parquet,1174159
SPY,2013-10-17,2013-10-17T16:00:00-04:00,173.21,2013-11-08,22.04,0.06038356164383561,170.5,put,1.04,1.08,1.29,195,,0.12483,-0.30234,0.06419,0.15189,-0.04198,-0.0333,spy_options_2013.parquet,1174159
SPY,2013-10-17,2013-10-17T16:00:00-04:00,173.21,2013-11-08,22.04,0.06038356164383561,171.0,call,3.39,3.41,3.42,637,,0.12252,0.66692,0.06799,0.15824,-0.04302,0.07063,spy_options_2013.parquet,1174160
SPY,2013-10-17,2013-10-17T16:00:00-04:00,173.21,2013-11-08,22.04,0.06038356164383561,171.0,put,1.15,1.19,1.17,986,,0.1221,-0.33195,0.06853,0.15805,-0.04234,-0.03678,spy_options_2013.parquet,1174160
SPY,2013-10-17,2013-10-17T16:00:00-04:00,173.21,2013-11-08,22.04,0.06038356164383561,171.5,call,3.01,3.09,0.0,,,0.12078,0.63416,0.07172,0.16397,-0.04357,0.0675,spy_options_2013.parquet,1174161
SPY,2013-10-17,2013-10-17T16:00:00-04:00,173.21,2013-11-08,22.04,0.06038356164383561,171.5,put,1.28,1.33,0.0,,,0.11867,-0.36449,0.07255,0.16375,-0.04223,-0.03995,spy_options_2013.parquet,1174161
SPY,2013-10-17,2013-10-17T16:00:00-04:00,173.21,2013-11-08,22.04,0.06038356164383561,172.0,call,2.68,2.7,2.69,672,,0.11714,0.59974,0.0758,0.16747,-0.04286,0.06355,spy_options_2013.parquet,1174162
SPY,2013-10-17,2013-10-17T16:00:00-04:00,173.21,2013-11-08,22.04,0.06038356164383561,172.0,put,1.45,1.46,1.43,775,,0.11593,-0.39911,0.07636,0.168,-0.04241,-0.04336,spy_options_2013.parquet,1174162
SPY,2013-10-17,2013-10-17T16:00:00-04:00,173.21,2013-11-08,22.04,0.06038356164383561,173.0,call,2.05,2.1,2.09,,,0.11308,0.52276,0.0809,0.17326,-0.04267,0.05523,spy_options_2013.parquet,1174163
SPY,2013-10-17,2013-10-17T16:00:00-04:00,173.21,2013-11-08,22.04,0.06038356164383561,173.0,put,1.81,1.84,1.79,957,,0.11098,-0.47644,0.08218,0.17353,-0.04269,-0.0516,spy_options_2013.parquet,1174163
SPY,2013-10-17,2013-10-17T16:00:00-04:00,173.21,2013-11-08,22.04,0.06038356164383561,174.0,call,1.51,1.52,1.52,,,0.10886,0.43883,0.08367,0.17136,-0.0413,0.04703,spy_options_2013.parquet,1174164
SPY,2013-10-17,2013-10-17T16:00:00-04:00,173.21,2013-11-08,22.04,0.06038356164383561,174.0,put,2.25,2.28,2.26,202,,0.10625,-0.56259,0.08534,0.17141,-0.03939,-0.0607,spy_options_2013.parquet,1174164
SPY,2013-10-17,2013-10-17T16:00:00-04:00,173.21,2013-11-08,22.04,0.06038356164383561,175.0,call,1.05,1.07,1.04,,,0.10436,0.35248,0.08193,0.1611,-0.03679,0.03797,spy_options_2013.parquet,1174165
SPY,2013-10-17,2013-10-17T16:00:00-04:00,173.21,2013-11-08,22.04,0.06038356164383561,175.0,put,2.8,2.85,2.79,112,,0.10241,-0.64969,0.08281,0.16111,-0.03649,-0.06793,spy_options_2013.parquet,1174165
SPY,2013-10-17,2013-10-17T16:00:00-04:00,173.21,2013-11-08,22.04,0.06038356164383561,176.0,call,0.72,0.73,0.72,133,,0.10134,0.27006,0.07475,0.1434,-0.03206,0.02863,spy_options_2013.parquet,1174166
SPY,2013-10-17,2013-10-17T16:00:00-04:00,173.21,2013-11-08,22.04,0.06038356164383561,176.0,put,3.45,3.51,0.0,,,0.09996,-0.73418,0.07524,0.14279,-0.03086,-0.07486,spy_options_2013.parquet,1174166
SPY,2013-10-17,2013-10-17T16:00:00-04:00,173.21,2013-11-08,22.04,0.06038356164383561,177.0,call,0.45,0.48,0.0,,,0.09944,0.19519,0.06411,0.12001,-0.02591,0.0208,spy_options_2013.parquet,1174167
SPY,2013-10-17,2013-10-17T16:00:00-04:00,173.21,2013-11-08,22.04,0.06038356164383561,177.0,put,4.14,4.27,0.0,,,0.0957,-0.81287,0.06358,0.11736,-0.02423,-0.07721,spy_options_2013.parquet,1174167
SPY,2013-10-17,2013-10-17T16:00:00-04:00,173.21,2013-11-08,22.04,0.06038356164383561,178.0,call,0.28,0.29,0.25,394,,0.09761,0.1363,0.0513,0.09538,-0.01967,0.01468,spy_options_2013.parquet,1174168
SPY,2013-10-17,2013-10-17T16:00:00-04:00,173.21,2013-11-08,22.04,0.06038356164383561,178.0,put,4.96,5.13,0.0,,,0.09474,-0.86913,0.04866,0.09233,-0.01863,-0.07542,spy_options_2013.parquet,1174168
SPY,2013-10-17,2013-10-17T16:00:00-04:00,173.21,2013-11-15,29.04,0.07956164383561644,117.0,call,56.12,56.43,0.0,,,0.56561,0.99381,0.00065,0.00852,-0.00792,0.09503,spy_options_2013.parquet,1174176
SPY,2013-10-17,2013-10-17T16:00:00-04:00,173.21,2013-11-15,29.04,0.07956164383561644,117.0,put,0.0,0.01,0.0,,,0.44315,-0.00042,0.00014,0.00186,-0.00116,-0.0002,spy_options_2013.parquet,1174176
SPY,2013-10-17,2013-10-17T16:00:00-04:00,173.21,2013-11-15,29.04,0.07956164383561644,118.0,call,55.12,55.42,0.0,,,0.55532,0.99417,0.00068,0.0092,-0.00773,0.09615,spy_options_2013.parquet,1174177
SPY,2013-10-17,2013-10-17T16:00:00-04:00,173.21,2013-11-15,29.04,0.07956164383561644,118.0,put,0.0,0.01,0.01,12,,0.43439,-0.00084,0.0001,0.00096,-0.00086,0.0,spy_options_2013.parquet,1174177
SPY,2013-10-17,2013-10-17T16:00:00-04:00,173.21,2013-11-15,29.04,0.07956164383561644,119.0,call,54.12,54.42,0.0,,,0.54381,0.99322,0.00069,0.00884,-0.00787,0.09724,spy_options_2013.parquet,1174178
SPY,2013-10-17,2013-10-17T16:00:00-04:00,173.21,2013-11-15,29.04,0.07956164383561644,119.0,put,0.0,0.02,0.0,,,0.45194,-0.00127,0.00026,0.00286,-0.00206,-0.0003,spy_options_2013.parquet,1174178
SPY,2013-10-17,2013-10-17T16:00:00-04:00,173.21,2013-11-15,29.04,0.07956164383561644,120.0,call,53.12,53.42,0.0,,,0.53285,0.99297,0.00067,0.00897,-0.00754,0.0972,spy_options_2013.parquet,1174179
SPY,2013-10-17,2013-10-17T16:00:00-04:00,173.21,2013-11-15,29.04,0.07956164383561644,120.0,put,0.02,0.02,0.01,15,,0.45994,-0.00263,0.0003,0.00306,-0.0026,-0.00064,spy_options_2013.parquet,1174179
SPY,2013-10-17,2013-10-17T16:00:00-04:00,173.21,2013-11-15,29.04,0.07956164383561644,121.0,call,52.13,52.42,0.0,,,0.5267,0.99325,0.00077,0.00988,-0.0084,0.09828,spy_options_2013.parquet,1174180
SPY,2013-10-17,2013-10-17T16:00:00-04:00,173.21,2013-11-15,29.04,0.07956164383561644,121.0,put,0.0,0.03,0.0,,,0.43406,-0.0016,0.00027,0.00254,-0.00137,-0.00045,spy_options_2013.parquet,1174180
SPY,2013-10-17,2013-10-17T16:00:00-04:00,173.21,2013-11-15,29.04,0.07956164383561644,122.0,call,51.13,51.41,0.0,,,0.51639,0.99261,0.00078,0.00978,-0.0086,0.09866,spy_options_2013.parquet,1174181
SPY,2013-10-17,2013-10-17T16:00:00-04:00,173.21,2013-11-15,29.04,0.07956164383561644,122.0,put,0.0,0.03,0.0,,,0.42528,-0.00182,0.00029,0.00231,-0.00176,-0.00057,spy_options_2013.parquet,1174181
SPY,2013-10-17,2013-10-17T16:00:00-04:00,173.21,2013-11-15,29.04,0.07956164383561644,123.0,call,50.13,50.43,0.0,,,0.50521,0.99219,0.00081,0.01007,-0.00866,0.09973,spy_options_2013.parquet,1174182
SPY,2013-10-17,2013-10-17T16:00:00-04:00,173.21,2013-11-15,29.04,0.07956164383561644,123.0,put,0.0,0.03,0.0,,,0.41375,-0.00126,0.00026,0.00279,-0.00201,-0.00072,spy_options_2013.parquet,1174182
SPY,2013-10-17,2013-10-17T16:00:00-04:00,173.21,2013-11-15,29.04,0.07956164383561644,124.0,call,49.13,49.41,0.0,,,0.49495,0.9924,0.00089,0.01085,-0.00835,0.1005,spy_options_2013.parquet,1174183
SPY,2013-10-17,2013-10-17T16:00:00-04:00,173.21,2013-11-15,29.04,0.07956164383561644,124.0,put,0.0,0.01,0.02,,,0.40675,-0.00143,0.00023,0.00234,-0.00199,0.0,spy_options_2013.parquet,1174183
SPY,2013-10-17,2013-10-17T16:00:00-04:00,173.21,2013-11-15,29.04,0.07956164383561644,125.0,call,48.13,48.43,0.0,,,0.48881,0.99191,0.00088,0.01063,-0.0084,0.10098,spy_options_2013.parquet,1174184
SPY,2013-10-17,2013-10-17T16:00:00-04:00,173.21,2013-11-15,29.04,0.07956164383561644,125.0,put,0.0,0.02,0.02,,,0.39558,-0.00142,0.00022,0.00293,-0.00124,-0.00025,spy_options_2013.parquet,1174184
SPY,2013-10-17,2013-10-17T16:00:00-04:00,173.21,2013-11-15,29.04,0.07956164383561644,126.0,call,47.13,47.43,0.0,,,0.47772,0.99195,0.00099,0.01168,-0.00866,0.10212,spy_options_2013.parquet,1174185
SPY,2013-10-17,2013-10-17T16:00:00-04:00,173.21,2013-11-15,29.04,0.07956164383561644,126.0,put,0.0,0.02,0.0,,,0.3878,-0.00134,0.00026,0.00303,-0.00204,-0.00047,spy_options_2013.parquet,1174185
SPY,2013-10-17,2013-10-17T16:00:00-04:00,173.21,2013-11-15,29.04,0.07956164383561644,127.0,call,46.13,46.43,0.0,,,0.4668,0.99098,0.001,0.0116,-0.00888,0.10293,spy_options_2013.parquet,1174186
SPY,2013-10-17,2013-10-17T16:00:00-04:00,173.21,2013-11-15,29.04,0.07956164383561644,127.0,put,0.0,0.02,0.02,,,0.37986,-0.00176,0.00029,0.0032,-0.00198,-0.00071,spy_options_2013.parquet,1174186
SPY,2013-10-17,2013-10-17T16:00:00-04:00,173.21,2013-11-15,29.04,0.07956164383561644,128.0,call,45.13,45.42,0.0,,,0.45636,0.99129,0.00102,0.01146,-0.00906,0.10374,spy_options_2013.parquet,1174187
SPY,2013-10-17,2013-10-17T16:00:00-04:00,173.21,2013-11-15,29.04,0.07956164383561644,128.0,put,0.0,0.03,0.01,,,0.38509,-0.00268,0.00041,0.00361,-0.00281,-0.00037,spy_options_2013.parquet,1174187
SPY,2013-10-17,2013-10-17T16:00:00-04:00,173.21,2013-11-15,29.04,0.07956164383561644,129.0,call,44.12,44.43,0.0,,,0.44608,0.99065,0.00112,0.01152,-0.00855,0.10443,spy_options_2013.parquet,1174188
SPY,2013-10-17,2013-10-17T16:00:00-04:00,173.21,2013-11-15,29.04,0.07956164383561644,129.0,put,0.01,0.02,0.01,100,,0.37626,-0.0031,0.0004,0.00438,-0.00289,0.0,spy_options_2013.parquet,1174188
SPY,2013-10-17,2013-10-17T16:00:00-04:00,173.21,2013-11-15,29.04,0.07956164383561644,130.0,call,43.15,43.36,0.0,,,0.41795,0.99257,0.00095,0.01005,-0.00609,0.10622,spy_options_2013.parquet,1174189
SPY,2013-10-17,2013-10-17T16:00:00-04:00,173.21,2013-11-15,29.04,0.07956164383561644,130.0,put,0.0,0.02,0.02,55,,0.35318,-0.00145,0.00031,0.00323,-0.00122,-0.00019,spy_options_2013.parquet,1174189
SPY,2013-10-17,2013-10-17T16:00:00-04:00,173.21,2013-11-15,29.04,0.07956164383561644,131.0,call,42.15,42.36,0.0,,,0.40732,0.99283,0.00099,0.01005,-0.00608,0.10697,spy_options_2013.parquet,1174190
SPY,2013-10-17,2013-10-17T16:00:00-04:00,173.21,2013-11-15,29.04,0.07956164383561644,131.0,put,0.0,0.09,0.01,11,,0.40358,-0.00666,0.00097,0.00957,-0.00589,-0.0011,spy_options_2013.parquet,1174190
SPY,2013-10-17,2013-10-17T16:00:00-04:00,173.21,2013-11-15,29.04,0.07956164383561644,132.0,call,41.17,41.38,0.0,,,0.40714,0.99135,0.00116,0.01098,-0.00764,0.10702,spy_options_2013.parquet,1174191
SPY,2013-10-17,2013-10-17T16:00:00-04:00,173.21,2013-11-15,29.04,0.07956164383561644,132.0,put,0.0,0.03,0.0,,,0.34887,-0.00322,0.00049,0.00465,-0.00192,-0.0004,spy_options_2013.parquet,1174191
SPY,2013-10-17,2013-10-17T16:00:00-04:00,173.21,2013-11-15,29.04,0.07956164383561644,133.0,call,40.17,40.38,0.0,,,0.39655,0.99139,0.00124,0.0118,-0.0079,0.10793,spy_options_2013.parquet,1174192
SPY,2013-10-17,2013-10-17T16:00:00-04:00,173.21,2013-11-15,29.04,0.07956164383561644,133.0,put,0.02,0.02,0.0,,,0.35031,-0.00349,0.00064,0.00521,-0.00333,-0.00088,spy_options_2013.parquet,1174192
SPY,2013-10-17,2013-10-17T16:00:00-04:00,173.21,2013-11-15,29.04,0.07956164383561644,134.0,call,39.16,39.38,0.0,,,0.38716,0.9907,0.00125,0.01154,-0.00772,0.10852,spy_options_2013.parquet,1174193
SPY,2013-10-17,2013-10-17T16:00:00-04:00,173.21,2013-11-15,29.04,0.07956164383561644,134.0,put,0.02,0.02,0.02,30,,0.34182,-0.0033,0.0007,0.00595,-0.00303,-0.00057,spy_options_2013.parquet,1174193
SPY,2013-10-17,2013-10-17T16:00:00-04:00,173.21,2013-11-15,29.04,0.07956164383561644,135.0,call,38.16,38.38,0.0,,,0.37651,0.99045,0.00135,0.01243,-0.00777,0.10949,spy_options_2013.parquet,1174194
SPY,2013-10-17,2013-10-17T16:00:00-04:00,173.21,2013-11-15,29.04,0.07956164383561644,135.0,put,0.01,0.03,0.03,,,0.34095,-0.00508,0.00082,0.0065,-0.00373,-0.00086,spy_options_2013.parquet,1174194
SPY,2013-10-17,2013-10-17T16:00:00-04:00,173.21,2013-11-15,29.04,0.07956164383561644,136.0,call,37.16,37.39,0.0,,,0.37107,0.98978,0.00143,0.0129,-0.0077,0.11032,spy_options_2013.parquet,1174195
SPY,2013-10-17,2013-10-17T16:00:00-04:00,173.21,2013-11-15,29.04,0.07956164383561644,136.0,put,0.01,0.05,0.02,16,,0.33794,-0.00595,0.00094,0.00738,-0.0044,-0.0004,spy_options_2013.parquet,1174195
SPY,2013-10-17,2013-10-17T16:00:00-04:00,173.21,2013-11-15,29.04,0.07956164383561644,137.0,call,36.17,36.38,0.0,,,0.36429,0.98956,0.00161,0.01373,-0.00871,0.11061,spy_options_2013.parquet,1174196
SPY,2013-10-17,2013-10-17T16:00:00-04:00,173.21,2013-11-15,29.04,0.07956164383561644,137.0,put,0.01,0.04,0.0,,,0.32291,-0.00512,0.00087,0.00687,-0.00378,-0.00048,spy_options_2013.parquet,1174196
SPY,2013-10-17,2013-10-17T16:00:00-04:00,173.21,2013-11-15,29.04,0.07956164383561644,138.0,call,35.16,35.4,0.0,,,0.35403,0.98883,0.00163,0.01401,-0.00823,0.11179,spy_options_2013.parquet,1174197
SPY,2013-10-17,2013-10-17T16:00:00-04:00,173.21,2013-11-15,29.04,0.07956164383561644,138.0,put,0.02,0.1,0.03,168,,0.35206,-0.01106,0.00158,0.0139,-0.00812,-0.00166,spy_options_2013.parquet,1174197
SPY,2013-10-17,2013-10-17T16:00:00-04:00,173.21,2013-11-15,29.04,0.07956164383561644,139.0,call,34.17,34.4,0.0,,,0.34764,0.98832,0.00179,0.016,-0.00894,0.11251,spy_options_2013.parquet,1174198
SPY,2013-10-17,2013-10-17T16:00:00-04:00,173.21,2013-11-15,29.04,0.07956164383561644,139.0,put,0.03,0.05,0.05,31,,0.32594,-0.00794,0.00139,0.01114,-0.00578,-0.00073,spy_options_2013.parquet,1174198
SPY,2013-10-17,2013-10-17T16:00:00-04:00,173.21,2013-11-15,29.04,0.07956164383561644,140.0,call,33.18,33.4,31.44,5,,0.34091,0.9869,0.00196,0.01639,-0.00955,0.11343,spy_options_2013.parquet,1174199
SPY,2013-10-17,2013-10-17T16:00:00-04:00,173.21,2013-11-15,29.04,0.07956164383561644,140.0,put,0.02,0.04,0.04,,,0.30685,-0.00728,0.00124,0.00952,-0.00454,-0.00124,spy_options_2013.parquet,1174199
SPY,2013-10-17,2013-10-17T16:00:00-04:00,173.21,2013-11-15,29.04,0.07956164383561644,141.0,call,32.16,32.41,0.0,,,0.3277,0.98741,0.00206,0.01657,-0.00897,0.11439,spy_options_2013.parquet,1174200
SPY,2013-10-17,2013-10-17T16:00:00-04:00,173.21,2013-11-15,29.04,0.07956164383561644,141.0,put,0.03,0.05,0.05,274,,0.30327,-0.00787,0.00145,0.01051,-0.00509,-0.00106,spy_options_2013.parquet,1174200
SPY,2013-10-17,2013-10-17T16:00:00-04:00,173.21,2013-11-15,29.04,0.07956164383561644,142.0,call,31.18,31.4,0.0,,,0.32342,0.98581,0.00228,0.01829,-0.00998,0.11425,spy_options_2013.parquet,1174201
SPY,2013-10-17,2013-10-17T16:00:00-04:00,173.21,2013-11-15,29.04,0.07956164383561644,142.0,put,0.03,0.04,0.05,152,,0.29305,-0.0085,0.00156,0.01116,-0.00486,-0.00124,spy_options_2013.parquet,1174201
SPY,2013-10-17,2013-10-17T16:00:00-04:00,173.21,2013-11-15,29.04,0.07956164383561644,143.0,call,30.2,30.42,0.0,,,0.31892,0.98424,0.00253,0.01992,-0.00988,0.11531,spy_options_2013.parquet,1174202
SPY,2013-10-17,2013-10-17T16:00:00-04:00,173.21,2013-11-15,29.04,0.07956164383561644,143.0,put,0.02,0.08,0.05,404,,0.29632,-0.01115,0.00188,0.01467,-0.00623,-0.00145,spy_options_2013.parquet,1174202
SPY,2013-10-17,2013-10-17T16:00:00-04:00,173.21,2013-11-15,29.04,0.07956164383561644,144.0,call,29.19,29.42,0.0,,,0.30865,0.98345,0.00266,0.02062,-0.01,0.11631,spy_options_2013.parquet,1174203
SPY,2013-10-17,2013-10-17T16:00:00-04:00,173.21,2013-11-15,29.04,0.07956164383561644,144.0,put,0.05,0.05,0.05,441,,0.28673,-0.01097,0.00209,0.01437,-0.00688,-0.00203,spy_options_2013.parquet,1174203
SPY,2013-10-17,2013-10-17T16:00:00-04:00,173.21,2013-11-15,29.04,0.07956164383561644,145.0,call,28.2,28.44,0.0,,,0.3034,0.98193,0.00301,0.02274,-0.01142,0.11614,spy_options_2013.parquet,1174204
SPY,2013-10-17,2013-10-17T16:00:00-04:00,173.21,2013-11-15,29.04,0.07956164383561644,145.0,put,0.05,0.09,0.06,394,,0.28392,-0.01275,0.00232,0.0167,-0.00739,-0.00151,spy_options_2013.parquet,1174204
SPY,2013-10-17,2013-10-17T16:00:00-04:00,173.21,2013-11-15,29.04,0.07956164383561644,146.0,call,27.2,27.42,27.01,4,,0.29372,0.98095,0.00317,0.02257,-0.01123,0.1168,spy_options_2013.parquet,1174205
SPY,2013-10-17,2013-10-17T16:00:00-04:00,173.21,2013-11-15,29.04,0.07956164383561644,146.0,put,0.06,0.07,0.06,161,,0.27354,-0.01363,0.00253,0.01681,-0.00799,-0.00203,spy_options_2013.parquet,1174205
SPY,2013-10-17,2013-10-17T16:00:00-04:00,173.21,2013-11-15,29.04,0.07956164383561644,147.0,call,26.2,26.45,0.0,,,0.28714,0.97926,0.00357,0.02552,-0.01194,0.11746,spy_options_2013.parquet,1174206
SPY,2013-10-17,2013-10-17T16:00:00-04:00,173.21,2013-11-15,29.04,0.07956164383561644,147.0,put,0.07,0.08,0.07,421,,0.27003,-0.01547,0.00285,0.01937,-0.00802,-0.00246,spy_options_2013.parquet,1174206
SPY,2013-10-17,2013-10-17T16:00:00-04:00,173.21,2013-11-15,29.04,0.07956164383561644,148.0,call,25.23,25.45,0.0,,,0.28317,0.97626,0.00399,0.02802,-0.01314,0.11821,spy_options_2013.parquet,1174207
SPY,2013-10-17,2013-10-17T16:00:00-04:00,173.21,2013-11-15,29.04,0.07956164383561644,148.0,put,0.07,0.08,0.08,141,,0.25741,-0.01532,0.00293,0.01912,-0.00801,-0.00261,spy_options_2013.parquet,1174207
SPY,2013-10-17,2013-10-17T16:00:00-04:00,173.21,2013-11-15,29.04,0.07956164383561644,149.0,call,24.22,24.47,0.0,,,0.27386,0.97466,0.00437,0.02916,-0.01302,0.11915,spy_options_2013.parquet,1174208
SPY,2013-10-17,2013-10-17T16:00:00-04:00,173.21,2013-11-15,29.04,0.07956164383561644,149.0,put,0.06,0.09,0.07,243,,0.25311,-0.01729,0.00343,0.02149,-0.00848,-0.00223,spy_options_2013.parquet,1174208
SPY,2013-10-17,2013-10-17T16:00:00-04:00,173.21,2013-11-15,29.04,0.07956164383561644,150.0,call,23.22,23.48,22.7,21,,0.26546,0.97315,0.00474,0.03045,-0.01359,0.11929,spy_options_2013.parquet,1174209
SPY,2013-10-17,2013-10-17T16:00:00-04:00,173.21,2013-11-15,29.04,0.07956164383561644,150.0,put,0.08,0.1,0.08,,,0.24554,-0.01848,0.00373,0.02328,-0.00913,-0.00318,spy_options_2013.parquet,1174209
SPY,2013-10-17,2013-10-17T16:00:00-04:00,173.21,2013-11-15,29.04,0.07956164383561644,151.0,call,22.24,22.48,0.0,,,0.25972,0.96959,0.00525,0.03393,-0.01416,0.11992,spy_options_2013.parquet,1174210
SPY,2013-10-17,2013-10-17T16:00:00-04:00,173.21,2013-11-15,29.04,0.07956164383561644,151.0,put,0.08,0.1,0.1,406,,0.23742,-0.01984,0.00419,0.02458,-0.00979,-0.00253,spy_options_2013.parquet,1174210
SPY,2013-10-17,2013-10-17T16:00:00-04:00,173.21,2013-11-15,29.04,0.07956164383561644,152.0,call,21.25,21.5,20.73,1,,0.25164,0.96727,0.00582,0.0358,-0.015,0.12006,spy_options_2013.parquet,1174211
SPY,2013-10-17,2013-10-17T16:00:00-04:00,173.21,2013-11-15,29.04,0.07956164383561644,152.0,put,0.09,0.11,0.12,827,,0.23406,-0.0236,0.00477,0.02759,-0.01095,-0.0035,spy_options_2013.parquet,1174211
SPY,2013-10-17,2013-10-17T16:00:00-04:00,173.21,2013-11-15,29.04,0.07956164383561644,153.0,call,20.26,20.51,20.04,1,,0.2441,0.96469,0.00641,0.0385,-0.01504,0.12021,spy_options_2013.parquet,1174212
SPY,2013-10-17,2013-10-17T16:00:00-04:00,173.21,2013-11-15,29.04,0.07956164383561644,153.0,put,0.1,0.12,0.11,,,0.22717,-0.02577,0.00541,0.03064,-0.01151,-0.00375,spy_options_2013.parquet,1174212
SPY,2013-10-17,2013-10-17T16:00:00-04:00,173.21,2013-11-15,29.04,0.07956164383561644,154.0,call,19.28,19.51,18.23,1,,0.23573,0.96169,0.00709,0.04105,-0.01612,0.1207,spy_options_2013.parquet,1174213
SPY,2013-10-17,2013-10-17T16:00:00-04:00,173.21,2013-11-15,29.04,0.07956164383561644,154.0,put,0.11,0.13,0.13,,,0.21876,-0.02793,0.006,0.03232,-0.01173,-0.00378,spy_options_2013.parquet,1174213
SPY,2013-10-17,2013-10-17T16:00:00-04:00,173.21,2013-11-15,29.04,0.07956164383561644,155.0,call,18.27,18.54,17.83,3,,0.2275,0.95907,0.0078,0.04402,-0.01596,0.12129,spy_options_2013.parquet,1174214
SPY,2013-10-17,2013-10-17T16:00:00-04:00,173.21,2013-11-15,29.04,0.07956164383561644,155.0,put,0.11,0.15,0.14,,,0.21313,-0.032,0.00679,0.03628,-0.01253,-0.00471,spy_options_2013.parquet,1174214
SPY,2013-10-17,2013-10-17T16:00:00-04:00,173.21,2013-11-15,29.04,0.07956164383561644,156.0,call,17.3,17.56,17.08,14,,0.22149,0.95427,0.00881,0.04819,-0.01769,0.12132,spy_options_2013.parquet,1174215
SPY,2013-10-17,2013-10-17T16:00:00-04:00,173.21,2013-11-15,29.04,0.07956164383561644,156.0,put,0.15,0.16,0.15,,,0.20745,-0.03681,0.00782,0.04027,-0.01393,-0.0058,spy_options_2013.parquet,1174215
SPY,2013-10-17,2013-10-17T16:00:00-04:00,173.21,2013-11-15,29.04,0.07956164383561644,157.0,call,16.3,16.55,15.84,11,,0.21113,0.95076,0.00973,0.05029,-0.01743,0.12227,spy_options_2013.parquet,1174216
SPY,2013-10-17,2013-10-17T16:00:00-04:00,173.21,2013-11-15,29.04,0.07956164383561644,157.0,put,0.16,0.19,0.16,,,0.19966,-0.04017,0.00873,0.04339,-0.01431,-0.00564,spy_options_2013.parquet,1174216
SPY,2013-10-17,2013-10-17T16:00:00-04:00,173.21,2013-11-15,29.04,0.07956164383561644,158.0,call,15.32,15.59,15.13,27,,0.20503,0.9443,0.01099,0.05545,-0.01883,0.12145,spy_options_2013.parquet,1174217
SPY,2013-10-17,2013-10-17T16:00:00-04:00,173.21,2013-11-15,29.04,0.07956164383561644,158.0,put,0.17,0.19,0.19,,,0.19364,-0.04553,0.01,0.04784,-0.01471,-0.00631,spy_options_2013.parquet,1174217
SPY,2013-10-17,2013-10-17T16:00:00-04:00,173.21,2013-11-15,29.04,0.07956164383561644,159.0,call,14.36,14.61,13.89,7,,0.19843,0.93724,0.0125,0.06105,-0.02055,0.1219,spy_options_2013.parquet,1174218
SPY,2013-10-17,2013-10-17T16:00:00-04:00,173.21,2013-11-15,29.04,0.07956164383561644,159.0,put,0.2,0.22,0.21,,,0.18741,-0.05257,0.01151,0.05331,-0.01689,-0.00731,spy_options_2013.parquet,1174218
SPY,2013-10-17,2013-10-17T16:00:00-04:00,173.21,2013-11-15,29.04,0.07956164383561644,160.0,call,13.38,13.53,13.51,55,,0.18175,0.93966,0.01326,0.05904,-0.01805,0.12231,spy_options_2013.parquet,1174219
SPY,2013-10-17,2013-10-17T16:00:00-04:00,173.21,2013-11-15,29.04,0.07956164383561644,160.0,put,0.25,0.26,0.25,,,0.1837,-0.06267,0.0135,0.06177,-0.01836,-0.00936,spy_options_2013.parquet,1174219
SPY,2013-10-17,2013-10-17T16:00:00-04:00,173.21,2013-11-15,29.04,0.07956164383561644,161.0,call,12.42,12.7,11.92,3,,0.1853,0.91916,0.01623,0.07404,-0.0223,0.12049,spy_options_2013.parquet,1174220
SPY,2013-10-17,2013-10-17T16:00:00-04:00,173.21,2013-11-15,29.04,0.07956164383561644,161.0,put,0.27,0.3,0.27,,,0.17607,-0.06976,0.01539,0.06719,-0.01905,-0.01016,spy_options_2013.parquet,1174220
SPY,2013-10-17,2013-10-17T16:00:00-04:00,173.21,2013-11-15,29.04,0.07956164383561644,162.0,call,11.46,11.67,11.58,78,,0.17556,0.9121,0.01822,0.07882,-0.02345,0.12015,spy_options_2013.parquet,1174221
SPY,2013-10-17,2013-10-17T16:00:00-04:00,173.21,2013-11-15,29.04,0.07956164383561644,162.0,put,0.3,0.33,0.31,,,0.16925,-0.08042,0.01781,0.07462,-0.02061,-0.01145,spy_options_2013.parquet,1174221
SPY,2013-10-17,2013-10-17T16:00:00-04:00,173.21,2013-11-15,29.04,0.07956164383561644,163.0,call,10.54,10.65,10.62,316,,0.16603,0.90422,0.02076,0.08442,-0.02325,0.11992,spy_options_2013.parquet,1174222
SPY,2013-10-17,2013-10-17T16:00:00-04:00,173.21,2013-11-15,29.04,0.07956164383561644,163.0,put,0.34,0.38,0.36,,,0.16394,-0.09392,0.02064,0.08369,-0.02246,-0.014,spy_options_2013.parquet,1174222
SPY,2013-10-17,2013-10-17T16:00:00-04:00,173.21,2013-11-15,29.04,0.07956164383561644,164.0,call,9.59,9.7,9.48,,,0.15966,0.88846,0.02399,0.09427,-0.02472,0.11808,spy_options_2013.parquet,1174223
SPY,2013-10-17,2013-10-17T16:00:00-04:00,173.21,2013-11-15,29.04,0.07956164383561644,164.0,put,0.41,0.45,0.42,,,0.1579,-0.10991,0.02395,0.09414,-0.02495,-0.01548,spy_options_2013.parquet,1174223
SPY,2013-10-17,2013-10-17T16:00:00-04:00,173.21,2013-11-15,29.04,0.07956164383561644,165.0,call,8.66,8.83,8.71,393,,0.1565,0.86486,0.02784,0.1077,-0.02789,0.1159,spy_options_2013.parquet,1174224
SPY,2013-10-17,2013-10-17T16:00:00-04:00,173.21,2013-11-15,29.04,0.07956164383561644,165.0,put,0.5,0.51,0.49,,,0.153,-0.12883,0.02779,0.10516,-0.02698,-0.01916,spy_options_2013.parquet,1174224
SPY,2013-10-17,2013-10-17T16:00:00-04:00,173.21,2013-11-15,29.04,0.07956164383561644,166.0,call,7.77,7.87,7.75,,,0.14839,0.84628,0.03212,0.1174,-0.02918,0.11369,spy_options_2013.parquet,1174225
SPY,2013-10-17,2013-10-17T16:00:00-04:00,173.21,2013-11-15,29.04,0.07956164383561644,166.0,put,0.58,0.6,0.6,,,0.14794,-0.15201,0.0321,0.11714,-0.02868,-0.02172,spy_options_2013.parquet,1174225
SPY,2013-10-17,2013-10-17T16:00:00-04:00,173.21,2013-11-15,29.04,0.07956164383561644,167.0,call,6.88,6.99,6.97,,,0.14271,0.81856,0.03708,0.13066,-0.03112,0.11087,spy_options_2013.parquet,1174226
SPY,2013-10-17,2013-10-17T16:00:00-04:00,173.21,2013-11-15,29.04,0.07956164383561644,167.0,put,0.69,0.71,0.7,,,0.14162,-0.17935,0.03719,0.13001,-0.03072,-0.02607,spy_options_2013.parquet,1174226
SPY,2013-10-17,2013-10-17T16:00:00-04:00,173.21,2013-11-15,29.04,0.07956164383561644,168.0,call,6.06,6.1,6.11,,,0.13861,0.78416,0.04241,0.14521,-0.03413,0.10698,spy_options_2013.parquet,1174227
SPY,2013-10-17,2013-10-17T16:00:00-04:00,173.21,2013-11-15,29.04,0.07956164383561644,168.0,put,0.82,0.84,0.85,,,0.13641,-0.21227,0.04276,0.14381,-0.03311,-0.03028,spy_options_2013.parquet,1174227
SPY,2013-10-17,2013-10-17T16:00:00-04:00,173.21,2013-11-15,29.04,0.07956164383561644,169.0,call,5.22,5.27,5.22,,,0.13378,0.74562,0.04831,0.1593,-0.0359,0.1018,spy_options_2013.parquet,1174228
SPY,2013-10-17,2013-10-17T16:00:00-04:00,173.21,2013-11-15,29.04,0.07956164383561644,169.0,put,0.98,1.02,0.98,,,0.13164,-0.25125,0.04863,0.15834,-0.03484,-0.03662,spy_options_2013.parquet,1174228
SPY,2013-10-17,2013-10-17T16:00:00-04:00,173.21,2013-11-15,29.04,0.07956164383561644,170.0,call,4.41,4.48,4.48,,,0.12797,0.7011,0.05456,0.17205,-0.03725,0.09622,spy_options_2013.parquet,1174229
SPY,2013-10-17,2013-10-17T16:00:00-04:00,173.21,2013-11-15,29.04,0.07956164383561644,170.0,put,1.21,1.21,1.21,,,0.12744,-0.29751,0.0548,0.17197,-0.03625,-0.04276,spy_options_2013.parquet,1174229
SPY,2013-10-17,2013-10-17T16:00:00-04:00,173.21,2013-11-15,29.04,0.07956164383561644,171.0,call,3.67,3.72,3.72,,,0.12342,0.64803,0.06036,0.18425,-0.03819,0.08886,spy_options_2013.parquet,1174230
SPY,2013-10-17,2013-10-17T16:00:00-04:00,173.21,2013-11-15,29.04,0.07956164383561644,171.0,put,1.45,1.47,1.47,,,0.1226,-0.35056,0.06106,0.18362,-0.03759,-0.05053,spy_options_2013.parquet,1174230
SPY,2013-10-17,2013-10-17T16:00:00-04:00,173.21,2013-11-15,29.04,0.07956164383561644,172.0,call,3.0,3.03,2.98,,,0.11868,0.58792,0.06584,0.19347,-0.03874,0.08125,spy_options_2013.parquet,1174231
SPY,2013-10-17,2013-10-17T16:00:00-04:00,173.21,2013-11-15,29.04,0.07956164383561644,172.0,put,1.76,1.78,1.75,,,0.11727,-0.41123,0.06666,0.19289,-0.03819,-0.0583,spy_options_2013.parquet,1174231
SPY,2013-10-17,2013-10-17T16:00:00-04:00,173.21,2013-11-15,29.04,0.07956164383561644,173.0,call,2.36,2.4,2.36,,,0.11451,0.52176,0.06999,0.19823,-0.03809,0.0723,spy_options_2013.parquet,1174232
SPY,2013-10-17,2013-10-17T16:00:00-04:00,173.21,2013-11-15,29.04,0.07956164383561644,173.0,put,2.11,2.15,2.14,,,0.11335,-0.47843,0.07096,0.19763,-0.0379,-0.06772,spy_options_2013.parquet,1174232
SPY,2013-10-17,2013-10-17T16:00:00-04:00,173.21,2013-11-15,29.04,0.07956164383561644,174.0,call,1.79,1.83,1.8,,,0.11067,0.44903,0.07236,0.19615,-0.03648,0.06276,spy_options_2013.parquet,1174233
SPY,2013-10-17,2013-10-17T16:00:00-04:00,173.21,2013-11-15,29.04,0.07956164383561644,174.0,put,2.56,2.59,2.57,,,0.10884,-0.5515,0.07321,0.19663,-0.03579,-0.07702,spy_options_2013.parquet,1174233
SPY,2013-10-17,2013-10-17T16:00:00-04:00,173.21,2013-11-15,29.04,0.07956164383561644,175.0,call,1.34,1.34,1.32,,,0.10665,0.37385,0.07169,0.18772,-0.03362,0.0526,spy_options_2013.parquet,1174234
SPY,2013-10-17,2013-10-17T16:00:00-04:00,173.21,2013-11-15,29.04,0.07956164383561644,175.0,put,3.1,3.13,3.08,,,0.10571,-0.6274,0.07222,0.18796,-0.03289,-0.08672,spy_options_2013.parquet,1174234
SPY,2013-10-17,2013-10-17T16:00:00-04:00,173.21,2013-11-15,29.04,0.07956164383561644,176.0,call,0.95,0.96,0.98,,,0.10321,0.29988,0.06767,0.17219,-0.03011,0.04227,spy_options_2013.parquet,1174235
SPY,2013-10-17,2013-10-17T16:00:00-04:00,173.21,2013-11-15,29.04,0.07956164383561644,176.0,put,3.69,3.75,3.69,887,,0.10237,-0.70275,0.06813,0.17217,-0.02896,-0.0943,spy_options_2013.parquet,1174235
SPY,2013-10-17,2013-10-17T16:00:00-04:00,173.21,2013-11-15,29.04,0.07956164383561644,177.0,call,0.67,0.69,0.67,,,0.1016,0.2337,0.06057,0.15178,-0.02557,0.03286,spy_options_2013.parquet,1174236
SPY,2013-10-17,2013-10-17T16:00:00-04:00,173.21,2013-11-15,29.04,0.07956164383561644,177.0,put,4.39,4.47,4.39,199,,0.09875,-0.77213,0.06081,0.15072,-0.02454,-0.09998,spy_options_2013.parquet,1174236
SPY,2013-10-17,2013-10-17T16:00:00-04:00,173.21,2013-11-15,29.04,0.07956164383561644,178.0,call,0.44,0.47,0.45,,,0.10035,0.17501,0.05183,0.12759,-0.0214,0.02449,spy_options_2013.parquet,1174237
SPY,2013-10-17,2013-10-17T16:00:00-04:00,173.21,2013-11-15,29.04,0.07956164383561644,178.0,put,5.15,5.29,5.5,33,,0.09764,-0.8292,0.05077,0.12611,-0.02004,-0.10057,spy_options_2013.parquet,1174237
SPY,2013-10-17,2013-10-17T16:00:00-04:00,173.21,2013-11-15,29.04,0.07956164383561644,179.0,call,0.31,0.32,0.31,,,0.09941,0.12794,0.04223,0.1035,-0.01709,0.01793,spy_options_2013.parquet,1174238
SPY,2013-10-17,2013-10-17T16:00:00-04:00,173.21,2013-11-15,29.04,0.07956164383561644,179.0,put,6.01,6.13,6.35,78,,0.09784,-0.87349,0.03989,0.10335,-0.01634,-0.0975,spy_options_2013.parquet,1174238
SPY,2013-10-17,2013-10-17T16:00:00-04:00,173.21,2013-11-15,29.04,0.07956164383561644,180.0,call,0.19,0.21,0.21,,,0.09942,0.09078,0.03312,0.08131,-0.01297,0.01302,spy_options_2013.parquet,1174239
SPY,2013-10-17,2013-10-17T16:00:00-04:00,173.21,2013-11-15,29.04,0.07956164383561644,180.0,put,6.9,7.05,7.1,84,,0.09919,-0.90498,0.02963,0.08322,-0.01305,-0.08942,spy_options_2013.parquet,1174239
SPY,2013-10-17,2013-10-17T16:00:00-04:00,173.21,2013-11-15,29.04,0.07956164383561644,181.0,call,0.12,0.15,0.15,650,,0.10066,0.06534,0.02546,0.06346,-0.01084,0.00903,spy_options_2013.parquet,1174240
SPY,2013-10-17,2013-10-17T16:00:00-04:00,173.21,2013-11-15,29.04,0.07956164383561644,181.0,put,7.85,7.99,8.3,2,,0.10093,-0.92406,0.02099,0.06984,-0.01202,-0.07969,spy_options_2013.parquet,1174240
SPY,2013-10-17,2013-10-17T16:00:00-04:00,173.21,2013-11-15,29.04,0.07956164383561644,182.0,call,0.1,0.12,0.1,380,,0.10375,0.04916,0.01981,0.05122,-0.00904,0.00668,spy_options_2013.parquet,1174241
SPY,2013-10-17,2013-10-17T16:00:00-04:00,173.21,2013-11-15,29.04,0.07956164383561644,182.0,put,8.78,8.97,9.98,5,,0.10499,-0.93664,0.01375,0.06027,-0.01077,-0.06712,spy_options_2013.parquet,1174241
SPY,2013-10-17,2013-10-17T16:00:00-04:00,173.21,2013-11-15,29.04,0.07956164383561644,183.0,call,0.06,0.08,0.07,730,,0.10332,0.03278,0.01424,0.03649,-0.00589,0.00419,spy_options_2013.parquet,1174242
SPY,2013-10-17,2013-10-17T16:00:00-04:00,173.21,2013-11-15,29.04,0.07956164383561644,183.0,put,9.72,9.97,0.0,,,0.11072,-0.94025,0.00947,0.05631,-0.01047,-0.06013,spy_options_2013.parquet,1174242
SPY,2013-10-17,2013-10-17T16:00:00-04:00,173.21,2013-11-15,29.04,0.07956164383561644,184.0,call,0.04,0.06,0.05,,,0.10482,0.02327,0.01059,0.02776,-0.00419,0.00279,spy_options_2013.parquet,1174243
SPY,2013-10-17,2013-10-17T16:00:00-04:00,173.21,2013-11-15,29.04,0.07956164383561644,184.0,put,10.75,10.95,0.0,,,0.1192,-0.94193,0.00707,0.05505,-0.01065,-0.05583,spy_options_2013.parquet,1174243
SPY,2013-10-17,2013-10-17T16:00:00-04:00,173.21,2013-11-15,29.04,0.07956164383561644,185.0,call,0.03,0.05,0.04,33,,0.11052,0.02,0.00882,0.02424,-0.00415,0.0031,spy_options_2013.parquet,1174244
SPY,2013-10-17,2013-10-17T16:00:00-04:00,173.21,2013-11-15,29.04,0.07956164383561644,185.0,put,11.72,11.93,13.55,10,,0.12705,-0.94286,0.00457,0.05301,-0.01115,-0.04986,spy_options_2013.parquet,1174244
SPY,2013-10-17,2013-10-17T16:00:00-04:00,173.21,2013-11-15,29.04,0.07956164383561644,186.0,call,0.02,0.04,0.02,30,,0.1139,0.01494,0.00679,0.01915,-0.00345,0.00216,spy_options_2013.parquet,1174245
SPY,2013-10-17,2013-10-17T16:00:00-04:00,173.21,2013-11-15,29.04,0.07956164383561644,186.0,put,12.65,12.98,0.0,,,0.13338,-0.94328,0.0026,0.05245,-0.01178,-0.04398,spy_options_2013.parquet,1174245
SPY,2013-10-17,2013-10-17T16:00:00-04:00,173.21,2013-11-15,29.04,0.07956164383561644,187.0,call,0.01,0.01,0.02,12,,0.11012,0.00788,0.0041,0.01136,-0.00156,0.0016,spy_options_2013.parquet,1174246
SPY,2013-10-17,2013-10-17T16:00:00-04:00,173.21,2013-11-15,29.04,0.07956164383561644,187.0,put,13.65,13.96,14.74,1,,0.14137,-0.94306,0.00097,0.05178,-0.01029,-0.03873,spy_options_2013.parquet,1174246
SPY,2013-10-17,2013-10-17T16:00:00-04:00,173.21,2013-11-15,29.04,0.07956164383561644,188.0,call,0.01,0.04,0.01,29,,0.12233,0.01025,0.00436,0.013,-0.00215,0.00152,spy_options_2013.parquet,1174247
SPY,2013-10-17,2013-10-17T16:00:00-04:00,173.21,2013-11-15,29.04,0.07956164383561644,188.0,put,14.72,14.92,0.0,,,0.15387,-0.94221,0.00195,0.05353,-0.01343,-0.04405,spy_options_2013.parquet,1174247
SPY,2013-10-17,2013-10-17T16:00:00-04:00,173.21,2013-11-15,29.04,0.07956164383561644,189.0,call,0.0,0.03,0.01,17,,0.1287,0.00903,0.00395,0.01261,-0.00258,0.00115,spy_options_2013.parquet,1174248
SPY,2013-10-17,2013-10-17T16:00:00-04:00,173.21,2013-11-15,29.04,0.07956164383561644,189.0,put,15.65,15.97,0.0,,,0.16151,-0.94216,0.00111,0.05274,-0.01484,-0.04063,spy_options_2013.parquet,1174248
SPY,2013-10-17,2013-10-17T16:00:00-04:00,173.21,2013-11-15,29.04,0.07956164383561644,190.0,call,0.0,0.02,0.01,15,,0.12502,0.00553,0.00249,0.00782,-0.00142,0.00036,spy_options_2013.parquet,1174249
SPY,2013-10-17,2013-10-17T16:00:00-04:00,173.21,2013-11-15,29.04,0.07956164383561644,190.0,put,16.69,16.92,0.0,,,0.17231,-0.94108,0.00098,0.05395,-0.01524,-0.04131,spy_options_2013.parquet,1174249
SPY,2013-10-17,2013-10-17T16:00:00-04:00,173.21,2013-11-15,29.04,0.07956164383561644,191.0,call,0.0,0.02,0.01,55,,0.13108,0.00507,0.00227,0.00749,-0.00145,0.0012,spy_options_2013.parquet,1174250
SPY,2013-10-17,2013-10-17T16:00:00-04:00,173.21,2013-11-15,29.04,0.07956164383561644,191.0,put,17.66,17.95,0.0,,,0.1817,-0.93993,0.00087,0.05399,-0.01498,-0.04141,spy_options_2013.parquet,1174250
SPY,2013-10-17,2013-10-17T16:00:00-04:00,173.21,2013-11-15,29.04,0.07956164383561644,192.0,call,0.0,0.01,0.02,60,,0.12794,0.00221,0.00128,0.00416,-0.00123,0.00048,spy_options_2013.parquet,1174251
SPY,2013-10-17,2013-10-17T16:00:00-04:00,173.21,2013-11-15,29.04,0.07956164383561644,192.0,put,18.66,18.95,0.0,,,0.19206,-0.93924,0.00075,0.05502,-0.01483,-0.04103,spy_options_2013.parquet,1174251
SPY,2013-10-17,2013-10-17T16:00:00-04:00,173.21,2013-11-15,29.04,0.07956164383561644,193.0,call,0.0,0.01,0.0,,,0.13354,0.00209,0.00119,0.00402,-0.0004,-0.0001,spy_options_2013.parquet,1174252
SPY,2013-10-17,2013-10-17T16:00:00-04:00,173.21,2013-11-15,29.04,0.07956164383561644,193.0,put,19.66,19.96,0.0,,,0.20193,-0.93866,0.00072,0.055,-0.01452,-0.0416,spy_options_2013.parquet,1174252
SPY,2013-10-17,2013-10-17T16:00:00-04:00,173.21,2013-11-15,29.04,0.07956164383561644,194.0,call,0.0,0.01,0.0,,,0.13929,0.00293,0.0011,0.00396,-0.00124,0.00035,spy_options_2013.parquet,1174253
SPY,2013-10-17,2013-10-17T16:00:00-04:00,173.21,2013-11-15,29.04,0.07956164383561644,194.0,put,20.67,20.95,0.0,,,0.2124,-0.93762,0.00062,0.05562,-0.01496,-0.04186,spy_options_2013.parquet,1174253
SPY,2013-10-17,2013-10-17T16:00:00-04:00,173.21,2013-11-15,29.04,0.07956164383561644,195.0,call,0.0,0.02,0.0,,,0.14577,0.00215,0.00102,0.00334,-0.00043,-7e-05,spy_options_2013.parquet,1174254
SPY,2013-10-17,2013-10-17T16:00:00-04:00,173.21,2013-11-15,29.04,0.07956164383561644,195.0,put,21.66,21.95,0.0,,,0.22196,-0.93683,0.00056,0.0557,-0.01458,-0.0422,spy_options_2013.parquet,1174254
SPY,2013-10-17,2013-10-17T16:00:00-04:00,173.21,2013-11-15,29.04,0.07956164383561644,196.0,call,0.0,0.01,0.01,1,,0.15081,0.00188,0.0009,0.0039,-0.00073,0.00044,spy_options_2013.parquet,1174255
SPY,2013-10-17,2013-10-17T16:00:00-04:00,173.21,2013-11-15,29.04,0.07956164383561644,196.0,put,22.66,22.96,0.0,,,0.23197,-0.93571,0.00048,0.05602,-0.01507,-0.04215,spy_options_2013.parquet,1174255
SPY,2013-10-17,2013-10-17T16:00:00-04:00,173.21,2013-11-15,29.04,0.07956164383561644,197.0,call,0.0,0.0,0.0,,,0.15629,0.00244,0.00094,0.00394,-0.00114,0.00053,spy_options_2013.parquet,1174256
SPY,2013-10-17,2013-10-17T16:00:00-04:00,173.21,2013-11-15,29.04,0.07956164383561644,197.0,put,23.66,23.95,0.0,,,0.24271,-0.93451,0.00047,0.05727,-0.01498,-0.04219,spy_options_2013.parquet,1174256
SPY,2013-10-17,2013-10-17T16:00:00-04:00,173.21,2013-11-15,29.04,0.07956164383561644,198.0,call,0.0,0.02,0.0,,,0.16234,0.0021,0.00087,0.00307,-0.00108,0.00065,spy_options_2013.parquet,1174257
SPY,2013-10-17,2013-10-17T16:00:00-04:00,173.21,2013-11-15,29.04,0.07956164383561644,198.0,put,24.66,24.94,0.0,,,0.25254,-0.93394,0.00038,0.0571,-0.015,-0.04223,spy_options_2013.parquet,1174257
SPY,2013-10-17,2013-10-17T16:00:00-04:00,173.21,2013-11-15,29.04,0.07956164383561644,199.0,call,0.0,0.01,0.0,,,0.16712,0.00238,0.00077,0.00367,-0.00124,0.00052,spy_options_2013.parquet,1174258
SPY,2013-10-17,2013-10-17T16:00:00-04:00,173.21,2013-11-15,29.04,0.07956164383561644,199.0,put,25.66,25.94,0.0,,,0.26245,-0.93295,0.00042,0.05743,-0.01479,-0.04294,spy_options_2013.parquet,1174258
SPY,2013-10-17,2013-10-17T16:00:00-04:00,173.21,2013-11-15,29.04,0.07956164383561644,200.0,call,0.0,0.01,0.0,,,0.173,0.00216,0.00076,0.00291,-0.0013,0.0007,spy_options_2013.parquet,1174259
SPY,2013-10-17,2013-10-17T16:00:00-04:00,173.21,2013-11-15,29.04,0.07956164383561644,200.0,put,26.66,26.96,28.1,3,,0.27272,-0.93175,0.00033,0.05836,-0.0152,-0.0428,spy_options_2013.parquet,1174259
SPY,2013-10-17,2013-10-17T16:00:00-04:00,173.21,2013-11-15,29.04,0.07956164383561644,205.0,call,0.0,0.0,0.0,,,0.20001,0.0015,0.00056,0.00295,-0.00091,-0.00016,spy_options_2013.parquet,1174260
SPY,2013-10-17,2013-10-17T16:00:00-04:00,173.21,2013-11-15,29.04,0.07956164383561644,205.0,put,31.65,31.95,0.0,,,0.32289,-0.92823,0.00022,0.06118,-0.01519,-0.0442,spy_options_2013.parquet,1174260
SPY,2013-10-17,2013-10-17T16:00:00-04:00,173.21,2013-11-15,29.04,0.07956164383561644,210.0,call,0.0,0.01,0.0,,,0.22556,0.00188,0.00045,0.00244,-0.00095,5e-05,spy_options_2013.parquet,1174261
SPY,2013-10-17,2013-10-17T16:00:00-04:00,173.21,2013-11-15,29.04,0.07956164383561644,210.0,put,36.67,36.95,0.0,,,0.37281,-0.92357,0.00022,0.06341,-0.01549,-0.04634,spy_options_2013.parquet,1174261
SPY,2013-10-17,2013-10-17T16:00:00-04:00,173.21,2013-11-15,29.04,0.07956164383561644,215.0,call,0.0,0.01,0.0,,,0.25057,0.00135,0.00042,0.0028,-0.00048,-0.00023,spy_options_2013.parquet,1174262
SPY,2013-10-17,2013-10-17T16:00:00-04:00,173.21,2013-11-15,29.04,0.07956164383561644,215.0,put,41.66,41.95,0.0,,,0.42294,-0.9184,0.00016,0.06505,-0.01518,-0.04733,spy_options_2013.parquet,1174262
SPY,2013-10-17,2013-10-17T16:00:00-04:00,173.21,2013-11-15,29.04,0.07956164383561644,220.0,call,0.0,0.01,0.0,,,0.27447,0.0018,0.0003,0.00251,-0.00056,0.00047,spy_options_2013.parquet,1174263
SPY,2013-10-17,2013-10-17T16:00:00-04:00,173.21,2013-11-15,29.04,0.07956164383561644,220.0,put,46.65,46.94,0.0,,,0.47325,-0.91351,0.00013,0.06748,-0.01539,-0.0489,spy_options_2013.parquet,1174263
SPY,2013-10-17,2013-10-17T16:00:00-04:00,173.21,2013-11-22,36.04,0.09873972602739725,159.0,call,14.42,14.75,0.0,,,0.19213,0.92333,0.01353,0.07925,-0.02011,0.14707,spy_options_2013.parquet,1174264
SPY,2013-10-17,2013-10-17T16:00:00-04:00,173.21,2013-11-22,36.04,0.09873972602739725,159.0,put,0.26,0.31,0.32,38,,0.18155,-0.06465,0.01269,0.07022,-0.01671,-0.01132,spy_options_2013.parquet,1174264
SPY,2013-10-17,2013-10-17T16:00:00-04:00,173.21,2013-11-22,36.04,0.09873972602739725,160.0,call,13.45,13.62,0.0,,,0.17472,0.92704,0.01446,0.07714,-0.0177,0.14928,spy_options_2013.parquet,1174265
SPY,2013-10-17,2013-10-17T16:00:00-04:00,173.21,2013-11-22,36.04,0.09873972602739725,160.0,put,0.3,0.35,0.0,,,0.1758,-0.07367,0.01443,0.0769,-0.01824,-0.01347,spy_options_2013.parquet,1174265
SPY,2013-10-17,2013-10-17T16:00:00-04:00,173.21,2013-11-22,36.04,0.09873972602739725,161.0,call,12.53,12.66,0.0,,,0.17166,0.91392,0.01657,0.08705,-0.01997,0.14786,spy_options_2013.parquet,1174266
SPY,2013-10-17,2013-10-17T16:00:00-04:00,173.21,2013-11-22,36.04,0.09873972602739725,161.0,put,0.34,0.41,0.4,203,,0.16992,-0.08425,0.01649,0.08584,-0.01937,-0.01472,spy_options_2013.parquet,1174266
SPY,2013-10-17,2013-10-17T16:00:00-04:00,173.21,2013-11-22,36.04,0.09873972602739725,162.0,call,11.56,11.84,0.0,,,0.17251,0.89412,0.01927,0.101,-0.02356,0.14543,spy_options_2013.parquet,1174267
SPY,2013-10-17,2013-10-17T16:00:00-04:00,173.21,2013-11-22,36.04,0.09873972602739725,162.0,put,0.41,0.46,0.45,2,,0.16575,-0.09791,0.01888,0.09576,-0.02098,-0.01712,spy_options_2013.parquet,1174267
SPY,2013-10-17,2013-10-17T16:00:00-04:00,173.21,2013-11-22,36.04,0.09873972602739725,163.0,call,10.66,10.79,9.7,2,,0.16204,0.88602,0.02168,0.10613,-0.02289,0.14462,spy_options_2013.parquet,1174268
SPY,2013-10-17,2013-10-17T16:00:00-04:00,173.21,2013-11-22,36.04,0.09873972602739725,163.0,put,0.47,0.51,0.56,200,,0.16061,-0.11193,0.02153,0.10587,-0.02242,-0.02055,spy_options_2013.parquet,1174268
SPY,2013-10-17,2013-10-17T16:00:00-04:00,173.21,2013-11-22,36.04,0.09873972602739725,164.0,call,9.75,9.9,0.0,,,0.1588,0.86518,0.02471,0.11897,-0.02554,0.14188,spy_options_2013.parquet,1174269
SPY,2013-10-17,2013-10-17T16:00:00-04:00,173.21,2013-11-22,36.04,0.09873972602739725,164.0,put,0.55,0.58,0.68,7,,0.15496,-0.12902,0.0246,0.11617,-0.02414,-0.02322,spy_options_2013.parquet,1174269
SPY,2013-10-17,2013-10-17T16:00:00-04:00,173.21,2013-11-22,36.04,0.09873972602739725,165.0,call,8.85,8.99,7.73,15,,0.1542,0.84456,0.02806,0.13111,-0.02781,0.1397,spy_options_2013.parquet,1174270
SPY,2013-10-17,2013-10-17T16:00:00-04:00,173.21,2013-11-22,36.04,0.09873972602739725,165.0,put,0.66,0.68,0.72,200,,0.15126,-0.15064,0.02805,0.12933,-0.02612,-0.02717,spy_options_2013.parquet,1174270
SPY,2013-10-17,2013-10-17T16:00:00-04:00,173.21,2013-11-22,36.04,0.09873972602739725,165.5,call,8.34,8.66,0.0,,,0.15379,0.83025,0.0298,0.13916,-0.02906,0.13681,spy_options_2013.parquet,1174271
SPY,2013-10-17,2013-10-17T16:00:00-04:00,173.21,2013-11-22,36.04,0.09873972602739725,165.5,put,0.67,0.74,0.7,1,,0.14793,-0.16044,0.0299,0.13544,-0.02658,-0.02838,spy_options_2013.parquet,1174271
SPY,2013-10-17,2013-10-17T16:00:00-04:00,173.21,2013-11-22,36.04,0.09873972602739725,166.0,call,7.96,8.06,0.0,,,0.14838,0.82302,0.03181,0.14293,-0.02839,0.13595,spy_options_2013.parquet,1174272
SPY,2013-10-17,2013-10-17T16:00:00-04:00,173.21,2013-11-22,36.04,0.09873972602739725,166.0,put,0.74,0.79,0.86,28,,0.14631,-0.17423,0.03192,0.14247,-0.02771,-0.03113,spy_options_2013.parquet,1174272
SPY,2013-10-17,2013-10-17T16:00:00-04:00,173.21,2013-11-22,36.04,0.09873972602739725,166.5,call,7.51,7.65,0.0,,,0.14564,0.80877,0.03383,0.15051,-0.03017,0.13424,spy_options_2013.parquet,1174273
SPY,2013-10-17,2013-10-17T16:00:00-04:00,173.21,2013-11-22,36.04,0.09873972602739725,166.5,put,0.81,0.86,0.0,,,0.14409,-0.18825,0.034,0.14908,-0.0286,-0.03342,spy_options_2013.parquet,1174273
SPY,2013-10-17,2013-10-17T16:00:00-04:00,173.21,2013-11-22,36.04,0.09873972602739725,167.0,call,7.12,7.19,7.2,1,,0.14448,0.79333,0.03588,0.15736,-0.03069,0.1318,spy_options_2013.parquet,1174274
SPY,2013-10-17,2013-10-17T16:00:00-04:00,173.21,2013-11-22,36.04,0.09873972602739725,167.0,put,0.9,0.92,1.1,2,,0.14182,-0.20227,0.03614,0.15609,-0.03011,-0.03583,spy_options_2013.parquet,1174274
SPY,2013-10-17,2013-10-17T16:00:00-04:00,173.21,2013-11-22,36.04,0.09873972602739725,167.5,call,6.69,6.76,0.0,,,0.14098,0.77819,0.03815,0.16333,-0.03189,0.12989,spy_options_2013.parquet,1174275
SPY,2013-10-17,2013-10-17T16:00:00-04:00,173.21,2013-11-22,36.04,0.09873972602739725,167.5,put,0.98,1.0,1.1,1,,0.13964,-0.21824,0.03831,0.16292,-0.03108,-0.03876,spy_options_2013.parquet,1174275
SPY,2013-10-17,2013-10-17T16:00:00-04:00,173.21,2013-11-22,36.04,0.09873972602739725,168.0,call,6.29,6.34,0.0,,,0.13989,0.76112,0.04026,0.17058,-0.032,0.12693,spy_options_2013.parquet,1174276
SPY,2013-10-17,2013-10-17T16:00:00-04:00,173.21,2013-11-22,36.04,0.09873972602739725,168.0,put,1.05,1.09,1.09,123,,0.13705,-0.23555,0.04063,0.16965,-0.03164,-0.04177,spy_options_2013.parquet,1174276
SPY,2013-10-17,2013-10-17T16:00:00-04:00,173.21,2013-11-22,36.04,0.09873972602739725,168.5,call,5.85,5.92,0.0,,,0.13631,0.74466,0.04273,0.1769,-0.03314,0.12457,spy_options_2013.parquet,1174277
SPY,2013-10-17,2013-10-17T16:00:00-04:00,173.21,2013-11-22,36.04,0.09873972602739725,168.5,put,1.15,1.18,1.29,5,,0.1349,-0.25359,0.04303,0.17708,-0.03214,-0.04548,spy_options_2013.parquet,1174277
SPY,2013-10-17,2013-10-17T16:00:00-04:00,173.21,2013-11-22,36.04,0.09873972602739725,169.0,call,5.49,5.53,5.16,5,,0.13474,0.72445,0.0449,0.18438,-0.03407,0.1218,spy_options_2013.parquet,1174278
SPY,2013-10-17,2013-10-17T16:00:00-04:00,173.21,2013-11-22,36.04,0.09873972602739725,169.0,put,1.24,1.27,1.39,21,,0.13245,-0.27286,0.04545,0.18347,-0.03248,-0.04877,spy_options_2013.parquet,1174278
SPY,2013-10-17,2013-10-17T16:00:00-04:00,173.21,2013-11-22,36.04,0.09873972602739725,169.5,call,5.07,5.14,0.0,,,0.1323,0.70378,0.04739,0.19056,-0.03452,0.1188,spy_options_2013.parquet,1174279
SPY,2013-10-17,2013-10-17T16:00:00-04:00,173.21,2013-11-22,36.04,0.09873972602739725,169.5,put,1.33,1.37,1.35,20,,0.13017,-0.29303,0.04791,0.18955,-0.03359,-0.05198,spy_options_2013.parquet,1174279
SPY,2013-10-17,2013-10-17T16:00:00-04:00,173.21,2013-11-22,36.04,0.09873972602739725,170.0,call,4.7,4.75,4.4,62,,0.12979,0.68178,0.04973,0.19713,-0.03465,0.11525,spy_options_2013.parquet,1174280
SPY,2013-10-17,2013-10-17T16:00:00-04:00,173.21,2013-11-22,36.04,0.09873972602739725,170.0,put,1.46,1.49,1.47,205,,0.12849,-0.31613,0.05033,0.19664,-0.03426,-0.05624,spy_options_2013.parquet,1174280
SPY,2013-10-17,2013-10-17T16:00:00-04:00,173.21,2013-11-22,36.04,0.09873972602739725,170.5,call,4.32,4.38,3.3,11,,0.12757,0.65817,0.05212,0.20273,-0.03536,0.11151,spy_options_2013.parquet,1174281
SPY,2013-10-17,2013-10-17T16:00:00-04:00,173.21,2013-11-22,36.04,0.09873972602739725,170.5,put,1.58,1.62,1.65,297,,0.12555,-0.33899,0.05274,0.20178,-0.03458,-0.05997,spy_options_2013.parquet,1174281
SPY,2013-10-17,2013-10-17T16:00:00-04:00,173.21,2013-11-22,36.04,0.09873972602739725,171.0,call,3.97,4.02,3.36,55,,0.12568,0.63388,0.05439,0.2071,-0.03533,0.1068,spy_options_2013.parquet,1174282
SPY,2013-10-17,2013-10-17T16:00:00-04:00,173.21,2013-11-22,36.04,0.09873972602739725,171.0,put,1.72,1.77,1.73,,,0.12336,-0.3646,0.0551,0.20696,-0.03502,-0.06472,spy_options_2013.parquet,1174282
SPY,2013-10-17,2013-10-17T16:00:00-04:00,173.21,2013-11-22,36.04,0.09873972602739725,171.5,call,3.62,3.66,2.83,27,,0.12352,0.60718,0.0564,0.21208,-0.0361,0.10301,spy_options_2013.parquet,1174283
SPY,2013-10-17,2013-10-17T16:00:00-04:00,173.21,2013-11-22,36.04,0.09873972602739725,171.5,put,1.87,1.91,2.09,43,,0.12155,-0.39152,0.05729,0.21138,-0.03543,-0.06949,spy_options_2013.parquet,1174283
SPY,2013-10-17,2013-10-17T16:00:00-04:00,173.21,2013-11-22,36.04,0.09873972602739725,172.0,call,3.28,3.33,3.12,116,,0.12159,0.57944,0.05842,0.21543,-0.03598,0.098,spy_options_2013.parquet,1174284
SPY,2013-10-17,2013-10-17T16:00:00-04:00,173.21,2013-11-22,36.04,0.09873972602739725,172.0,put,2.03,2.07,2.05,386,,0.11932,-0.41885,0.05933,0.21502,-0.03513,-0.07433,spy_options_2013.parquet,1174284
SPY,2013-10-17,2013-10-17T16:00:00-04:00,173.21,2013-11-22,36.04,0.09873972602739725,172.5,call,2.96,3.01,2.82,38,,0.11944,0.55124,0.06027,0.21782,-0.03522,0.09381,spy_options_2013.parquet,1174285
SPY,2013-10-17,2013-10-17T16:00:00-04:00,173.21,2013-11-22,36.04,0.09873972602739725,172.5,put,2.21,2.24,2.48,115,,0.11712,-0.4484,0.06125,0.21826,-0.03495,-0.07892,spy_options_2013.parquet,1174285
SPY,2013-10-17,2013-10-17T16:00:00-04:00,173.21,2013-11-22,36.04,0.09873972602739725,173.0,call,2.66,2.69,2.69,43,,0.11696,0.52044,0.06174,0.21981,-0.03475,0.08911,spy_options_2013.parquet,1174286
SPY,2013-10-17,2013-10-17T16:00:00-04:00,173.21,2013-11-22,36.04,0.09873972602739725,173.0,put,2.4,2.43,2.64,47,,0.11459,-0.47925,0.06296,0.21969,-0.03453,-0.08405,spy_options_2013.parquet,1174286
SPY,2013-10-17,2013-10-17T16:00:00-04:00,173.21,2013-11-22,36.04,0.09873972602739725,173.5,call,2.37,2.41,0.0,,,0.11502,0.48898,0.06289,0.22032,-0.03427,0.08315,spy_options_2013.parquet,1174287
SPY,2013-10-17,2013-10-17T16:00:00-04:00,173.21,2013-11-22,36.04,0.09873972602739725,173.5,put,2.61,2.66,2.63,71,,0.11357,-0.51168,0.06384,0.22005,-0.03378,-0.08985,spy_options_2013.parquet,1174287
SPY,2013-10-17,2013-10-17T16:00:00-04:00,173.21,2013-11-22,36.04,0.09873972602739725,174.0,call,2.09,2.14,2.04,243,,0.11275,0.45682,0.06358,0.21871,-0.03405,0.07781,spy_options_2013.parquet,1174288
SPY,2013-10-17,2013-10-17T16:00:00-04:00,173.21,2013-11-22,36.04,0.09873972602739725,174.0,put,2.85,2.88,2.8,62,,0.11154,-0.5441,0.06457,0.21863,-0.03305,-0.09419,spy_options_2013.parquet,1174288
SPY,2013-10-17,2013-10-17T16:00:00-04:00,173.21,2013-11-22,36.04,0.09873972602739725,174.5,call,1.85,1.88,1.86,169,,0.11074,0.4239,0.06391,0.21642,-0.03308,0.07208,spy_options_2013.parquet,1174289
SPY,2013-10-17,2013-10-17T16:00:00-04:00,173.21,2013-11-22,36.04,0.09873972602739725,174.5,put,3.09,3.13,3.78,28,,0.10966,-0.57753,0.06491,0.21622,-0.03192,-0.09967,spy_options_2013.parquet,1174289
SPY,2013-10-17,2013-10-17T16:00:00-04:00,173.21,2013-11-22,36.04,0.09873972602739725,175.0,call,1.62,1.66,1.63,482,,0.10951,0.39063,0.06365,0.21131,-0.03114,0.06723,spy_options_2013.parquet,1174290
SPY,2013-10-17,2013-10-17T16:00:00-04:00,173.21,2013-11-22,36.04,0.09873972602739725,175.0,put,3.35,3.4,3.34,68,,0.10779,-0.61129,0.06462,0.21182,-0.0312,-0.10516,spy_options_2013.parquet,1174290
SPY,2013-10-17,2013-10-17T16:00:00-04:00,173.21,2013-11-22,36.04,0.09873972602739725,175.5,call,1.4,1.42,1.34,798,,0.10741,0.35757,0.06291,0.2053,-0.03005,0.06094,spy_options_2013.parquet,1174291
SPY,2013-10-17,2013-10-17T16:00:00-04:00,173.21,2013-11-22,36.04,0.09873972602739725,175.5,put,3.63,3.69,4.01,9,,0.10576,-0.64515,0.0637,0.20513,-0.02969,-0.11,spy_options_2013.parquet,1174291
SPY,2013-10-17,2013-10-17T16:00:00-04:00,173.21,2013-11-22,36.04,0.09873972602739725,176.0,call,1.21,1.23,1.2,990,,0.10618,0.3247,0.06135,0.19797,-0.02819,0.05615,spy_options_2013.parquet,1174292
SPY,2013-10-17,2013-10-17T16:00:00-04:00,173.21,2013-11-22,36.04,0.09873972602739725,176.0,put,3.94,3.99,3.95,16,,0.10436,-0.67883,0.06215,0.19745,-0.02794,-0.11427,spy_options_2013.parquet,1174292
SPY,2013-10-17,2013-10-17T16:00:00-04:00,173.21,2013-11-22,36.04,0.09873972602739725,176.5,call,1.04,1.07,0.63,100,,0.10463,0.29217,0.05939,0.18954,-0.02747,0.05062,spy_options_2013.parquet,1174293
SPY,2013-10-17,2013-10-17T16:00:00-04:00,173.21,2013-11-22,36.04,0.09873972602739725,176.5,put,4.25,4.32,0.0,,,0.10265,-0.71202,0.05996,0.18866,-0.026,-0.11791,spy_options_2013.parquet,1174293
SPY,2013-10-17,2013-10-17T16:00:00-04:00,173.21,2013-11-22,36.04,0.09873972602739725,177.0,call,0.88,0.89,0.88,30,,0.10416,0.26114,0.05684,0.17917,-0.02506,0.04533,spy_options_2013.parquet,1174294
SPY,2013-10-17,2013-10-17T16:00:00-04:00,173.21,2013-11-22,36.04,0.09873972602739725,177.0,put,4.61,4.66,0.0,,,0.10103,-0.74348,0.05723,0.17754,-0.02482,-0.12112,spy_options_2013.parquet,1174294
SPY,2013-10-17,2013-10-17T16:00:00-04:00,173.21,2013-11-22,36.04,0.09873972602739725,177.5,call,0.69,0.78,0.0,,,0.10171,0.22915,0.05422,0.16713,-0.02264,0.03912,spy_options_2013.parquet,1174295
SPY,2013-10-17,2013-10-17T16:00:00-04:00,173.21,2013-11-22,36.04,0.09873972602739725,177.5,put,4.92,5.07,0.0,,,0.1001,-0.77343,0.05402,0.16621,-0.02215,-0.12356,spy_options_2013.parquet,1174295
SPY,2013-10-17,2013-10-17T16:00:00-04:00,173.21,2013-11-22,36.04,0.09873972602739725,178.0,call,0.62,0.64,0.53,260,,0.10176,0.20395,0.05062,0.1564,-0.02184,0.03491,spy_options_2013.parquet,1174296
SPY,2013-10-17,2013-10-17T16:00:00-04:00,173.21,2013-11-22,36.04,0.09873972602739725,178.0,put,5.32,5.44,0.0,,,0.09899,-0.80005,0.05013,0.15463,-0.02053,-0.12417,spy_options_2013.parquet,1174296
SPY,2013-10-17,2013-10-17T16:00:00-04:00,173.21,2013-11-22,36.04,0.09873972602739725,178.5,call,0.47,0.55,0.0,,,0.09931,0.17534,0.04703,0.142,-0.01885,0.03039,spy_options_2013.parquet,1174297
SPY,2013-10-17,2013-10-17T16:00:00-04:00,173.21,2013-11-22,36.04,0.09873972602739725,178.5,put,5.69,5.92,0.0,,,0.09993,-0.82221,0.04606,0.14389,-0.01891,-0.12418,spy_options_2013.parquet,1174297
SPY,2013-10-17,2013-10-17T16:00:00-04:00,173.21,2013-11-22,36.04,0.09873972602739725,179.0,call,0.39,0.46,0.4,104,,0.09913,0.15181,0.04311,0.12917,-0.01713,0.02611,spy_options_2013.parquet,1174298
SPY,2013-10-17,2013-10-17T16:00:00-04:00,173.21,2013-11-22,36.04,0.09873972602739725,179.0,put,6.05,6.26,0.0,,,0.09464,-0.85668,0.04133,0.12532,-0.01581,-0.12232,spy_options_2013.parquet,1174298
SPY,2013-10-17,2013-10-17T16:00:00-04:00,173.21,2013-11-22,36.04,0.09873972602739725,180.0,call,0.26,0.31,0.27,107,,0.09825,0.11239,0.03525,0.10462,-0.01421,0.01932,spy_options_2013.parquet,1174299
SPY,2013-10-17,2013-10-17T16:00:00-04:00,173.21,2013-11-22,36.04,0.09873972602739725,180.0,put,6.99,7.12,7.63,3,,0.09725,-0.88643,0.03276,0.10551,-0.01361,-0.11646,spy_options_2013.parquet,1174299
SPY,2013-10-17,2013-10-17T16:00:00-04:00,173.21,2013-11-22,36.04,0.09873972602739725,181.0,call,0.0,4.95,0.0,,,0.24522,0.30045,0.02567,0.19196,-0.06374,0.05017,spy_options_2013.parquet,1174300
SPY,2013-10-17,2013-10-17T16:00:00-04:00,173.21,2013-11-22,36.04,0.09873972602739725,181.0,put,6.17,10.35,0.0,,,0.12465,-0.8579,0.0308,0.12396,-0.02117,-0.12206,spy_options_2013.parquet,1174300
SPY,2013-10-17,2013-10-17T16:00:00-04:00,173.21,2013-11-22,36.04,0.09873972602739725,182.0,call,0.0,4.89,0.0,,,0.25824,0.28741,0.02401,0.18805,-0.06538,0.04824,spy_options_2013.parquet,1174301
SPY,2013-10-17,2013-10-17T16:00:00-04:00,173.21,2013-11-22,36.04,0.09873972602739725,182.0,put,7.27,11.22,0.0,,,0.1344,-0.86844,0.02672,0.11759,-0.02133,-0.12074,spy_options_2013.parquet,1174301
SPY,2013-10-17,2013-10-17T16:00:00-04:00,173.21,2013-11-22,36.04,0.09873972602739725,183.0,call,0.0,4.8,0.0,,,0.26863,0.27386,0.02252,0.18406,-0.06722,0.04582,spy_options_2013.parquet,1174302
SPY,2013-10-17,2013-10-17T16:00:00-04:00,173.21,2013-11-22,36.04,0.09873972602739725,183.0,put,8.24,12.24,0.0,,,0.14437,-0.87636,0.02355,0.1126,-0.02204,-0.11892,spy_options_2013.parquet,1174302
SPY,2013-10-17,2013-10-17T16:00:00-04:00,173.21,2013-11-22,36.04,0.09873972602739725,184.0,call,0.0,4.8,0.0,,,0.2823,0.26549,0.02103,0.18069,-0.06881,0.04424,spy_options_2013.parquet,1174303
SPY,2013-10-17,2013-10-17T16:00:00-04:00,173.21,2013-11-22,36.04,0.09873972602739725,184.0,put,9.22,13.25,0.0,,,0.15372,-0.88166,0.02097,0.109,-0.02266,-0.11812,spy_options_2013.parquet,1174303
SPY,2013-10-17,2013-10-17T16:00:00-04:00,173.21,2013-11-22,36.04,0.09873972602739725,185.0,call,0.04,0.08,0.05,15,,0.106,0.02694,0.01062,0.03433,-0.00458,0.00461,spy_options_2013.parquet,1174304
SPY,2013-10-17,2013-10-17T16:00:00-04:00,173.21,2013-11-22,36.04,0.09873972602739725,185.0,put,11.7,11.94,0.0,,,0.11297,-0.94388,0.00409,0.05867,-0.00898,-0.05931,spy_options_2013.parquet,1174304
SPY,2013-10-17,2013-10-17T16:00:00-04:00,173.21,2013-11-22,36.04,0.09873972602739725,186.0,call,0.0,4.81,0.0,,,0.30759,0.24934,0.01867,0.17505,-0.07289,0.04099,spy_options_2013.parquet,1174305
SPY,2013-10-17,2013-10-17T16:00:00-04:00,173.21,2013-11-22,36.04,0.09873972602739725,186.0,put,11.2,15.18,0.0,,,0.16931,-0.89497,0.01646,0.09896,-0.02191,-0.11324,spy_options_2013.parquet,1174305
SPY,2013-10-17,2013-10-17T16:00:00-04:00,173.21,2013-11-22,36.04,0.09873972602739725,187.0,call,0.0,4.81,0.0,,,0.32016,0.24219,0.01767,0.17258,-0.0751,0.04047,spy_options_2013.parquet,1174306
SPY,2013-10-17,2013-10-17T16:00:00-04:00,173.21,2013-11-22,36.04,0.09873972602739725,187.0,put,12.04,16.23,0.0,,,0.17305,-0.90596,0.01406,0.09059,-0.0214,-0.10832,spy_options_2013.parquet,1174306
SPY,2013-10-17,2013-10-17T16:00:00-04:00,173.21,2013-11-22,36.04,0.09873972602739725,188.0,call,0.0,4.8,0.0,,,0.33298,0.23549,0.01674,0.16966,-0.07621,0.03861,spy_options_2013.parquet,1174307
SPY,2013-10-17,2013-10-17T16:00:00-04:00,173.21,2013-11-22,36.04,0.09873972602739725,188.0,put,13.2,17.12,0.0,,,0.18573,-0.90322,0.01323,0.09225,-0.0234,-0.1089,spy_options_2013.parquet,1174307
SPY,2013-10-17,2013-10-17T16:00:00-04:00,173.21,2013-12-20,64.04,0.17545205479452056,117.0,call,56.17,56.48,0.0,,,0.60115,0.92057,0.00069,0.07924,-0.03518,0.02883,spy_options_2013.parquet,1174357
SPY,2013-10-17,2013-10-17T16:00:00-04:00,173.21,2013-12-20,64.04,0.17545205479452056,117.0,put,0.02,0.06,0.0,,,0.36519,-0.00426,0.0005,0.00956,-0.00253,-0.00118,spy_options_2013.parquet,1174357
SPY,2013-10-17,2013-10-17T16:00:00-04:00,173.21,2013-12-20,64.04,0.17545205479452056,118.0,call,55.18,55.48,0.0,,,0.58619,0.92124,0.00071,0.07946,-0.03359,0.02977,spy_options_2013.parquet,1174358
SPY,2013-10-17,2013-10-17T16:00:00-04:00,173.21,2013-12-20,64.04,0.17545205479452056,118.0,put,0.02,0.05,0.0,,,0.34712,-0.00338,0.00044,0.00785,-0.00186,-0.00083,spy_options_2013.parquet,1174358
SPY,2013-10-17,2013-10-17T16:00:00-04:00,173.21,2013-12-20,64.04,0.17545205479452056,119.0,call,54.19,54.49,0.0,,,0.57093,0.92223,0.0008,0.07936,-0.03252,0.03008,spy_options_2013.parquet,1174359
SPY,2013-10-17,2013-10-17T16:00:00-04:00,173.21,2013-12-20,64.04,0.17545205479452056,119.0,put,0.04,0.06,0.05,321,,0.35993,-0.00575,0.00064,0.01153,-0.00302,-0.00229,spy_options_2013.parquet,1174359
SPY,2013-10-17,2013-10-17T16:00:00-04:00,173.21,2013-12-20,64.04,0.17545205479452056,120.0,call,53.19,53.5,52.94,33,,0.55855,0.92308,0.0008,0.07852,-0.03159,0.03149,spy_options_2013.parquet,1174360
SPY,2013-10-17,2013-10-17T16:00:00-04:00,173.21,2013-12-20,64.04,0.17545205479452056,120.0,put,0.03,0.06,0.05,217,,0.34842,-0.00514,0.0006,0.01111,-0.00308,-0.00187,spy_options_2013.parquet,1174360
SPY,2013-10-17,2013-10-17T16:00:00-04:00,173.21,2013-12-20,64.04,0.17545205479452056,121.0,call,52.2,52.49,0.0,,,0.54413,0.92474,0.00085,0.07834,-0.0311,0.03155,spy_options_2013.parquet,1174361
SPY,2013-10-17,2013-10-17T16:00:00-04:00,173.21,2013-12-20,64.04,0.17545205479452056,121.0,put,0.03,0.06,0.05,1,,0.3414,-0.00583,0.00063,0.01192,-0.00298,-0.00225,spy_options_2013.parquet,1174361
SPY,2013-10-17,2013-10-17T16:00:00-04:00,173.21,2013-12-20,64.04,0.17545205479452056,122.0,call,51.2,51.49,0.0,,,0.53088,0.92549,0.00087,0.07796,-0.02957,0.03255,spy_options_2013.parquet,1174362
SPY,2013-10-17,2013-10-17T16:00:00-04:00,173.21,2013-12-20,64.04,0.17545205479452056,122.0,put,0.03,0.08,0.0,,,0.34219,-0.00687,0.00075,0.01318,-0.00385,-0.00249,spy_options_2013.parquet,1174362
SPY,2013-10-17,2013-10-17T16:00:00-04:00,173.21,2013-12-20,64.04,0.17545205479452056,123.0,call,50.19,50.5,0.0,,,0.51778,0.92593,0.00102,0.07778,-0.02943,0.03442,spy_options_2013.parquet,1174363
SPY,2013-10-17,2013-10-17T16:00:00-04:00,173.21,2013-12-20,64.04,0.17545205479452056,123.0,put,0.02,0.07,0.0,,,0.33106,-0.00575,0.00067,0.01244,-0.00335,-0.002,spy_options_2013.parquet,1174363
SPY,2013-10-17,2013-10-17T16:00:00-04:00,173.21,2013-12-20,64.04,0.17545205479452056,124.0,call,49.19,49.5,0.0,,,0.5048,0.92663,0.00106,0.07761,-0.02859,0.03432,spy_options_2013.parquet,1174364
SPY,2013-10-17,2013-10-17T16:00:00-04:00,173.21,2013-12-20,64.04,0.17545205479452056,124.0,put,0.05,0.06,0.05,20,,0.32793,-0.00671,0.00079,0.01365,-0.00316,-0.00203,spy_options_2013.parquet,1174364
SPY,2013-10-17,2013-10-17T16:00:00-04:00,173.21,2013-12-20,64.04,0.17545205479452056,125.0,call,48.2,48.5,0.0,,,0.4917,0.92778,0.00115,0.07777,-0.0267,0.03545,spy_options_2013.parquet,1174365
SPY,2013-10-17,2013-10-17T16:00:00-04:00,173.21,2013-12-20,64.04,0.17545205479452056,125.0,put,0.03,0.07,0.06,35,,0.324,-0.00756,0.00086,0.01461,-0.0038,-0.00223,spy_options_2013.parquet,1174365
SPY,2013-10-17,2013-10-17T16:00:00-04:00,173.21,2013-12-20,64.04,0.17545205479452056,126.0,call,47.21,47.52,0.0,,,0.48041,0.92863,0.00123,0.07767,-0.02606,0.03769,spy_options_2013.parquet,1174366
SPY,2013-10-17,2013-10-17T16:00:00-04:00,173.21,2013-12-20,64.04,0.17545205479452056,126.0,put,0.03,0.08,0.0,,,0.31614,-0.00784,0.0009,0.01478,-0.00393,-0.00258,spy_options_2013.parquet,1174366
SPY,2013-10-17,2013-10-17T16:00:00-04:00,173.21,2013-12-20,64.04,0.17545205479452056,127.0,call,46.2,46.51,0.0,,,0.4677,0.92938,0.00124,0.07728,-0.02571,0.03777,spy_options_2013.parquet,1174367
SPY,2013-10-17,2013-10-17T16:00:00-04:00,173.21,2013-12-20,64.04,0.17545205479452056,127.0,put,0.04,0.09,0.0,,,0.31223,-0.00863,0.00101,0.01601,-0.0043,-0.00246,spy_options_2013.parquet,1174367
SPY,2013-10-17,2013-10-17T16:00:00-04:00,173.21,2013-12-20,64.04,0.17545205479452056,128.0,call,45.21,45.51,0.0,,,0.4565,0.93031,0.00143,0.07754,-0.02533,0.03984,spy_options_2013.parquet,1174368
SPY,2013-10-17,2013-10-17T16:00:00-04:00,173.21,2013-12-20,64.04,0.17545205479452056,128.0,put,0.04,0.09,0.08,115,,0.30817,-0.00858,0.0011,0.01778,-0.00404,-0.00313,spy_options_2013.parquet,1174368
SPY,2013-10-17,2013-10-17T16:00:00-04:00,173.21,2013-12-20,64.04,0.17545205479452056,129.0,call,44.23,44.53,0.0,,,0.44393,0.93091,0.00152,0.07671,-0.02433,0.04132,spy_options_2013.parquet,1174369
SPY,2013-10-17,2013-10-17T16:00:00-04:00,173.21,2013-12-20,64.04,0.17545205479452056,129.0,put,0.07,0.1,0.0,,,0.30708,-0.01055,0.00119,0.01932,-0.00451,-0.00329,spy_options_2013.parquet,1174369
SPY,2013-10-17,2013-10-17T16:00:00-04:00,173.21,2013-12-20,64.04,0.17545205479452056,130.0,call,43.22,43.52,0.0,,,0.43255,0.93245,0.00164,0.07658,-0.02362,0.04261,spy_options_2013.parquet,1174370
SPY,2013-10-17,2013-10-17T16:00:00-04:00,173.21,2013-12-20,64.04,0.17545205479452056,130.0,put,0.05,0.09,0.08,242,,0.29739,-0.00974,0.00118,0.01948,-0.00474,-0.00357,spy_options_2013.parquet,1174370
SPY,2013-10-17,2013-10-17T16:00:00-04:00,173.21,2013-12-20,64.04,0.17545205479452056,131.0,call,42.23,42.52,0.0,,,0.42046,0.93325,0.00167,0.07616,-0.02298,0.04434,spy_options_2013.parquet,1174371
SPY,2013-10-17,2013-10-17T16:00:00-04:00,173.21,2013-12-20,64.04,0.17545205479452056,131.0,put,0.07,0.11,0.1,1,,0.29712,-0.01199,0.00137,0.02227,-0.00514,-0.00398,spy_options_2013.parquet,1174371
SPY,2013-10-17,2013-10-17T16:00:00-04:00,173.21,2013-12-20,64.04,0.17545205479452056,132.0,call,41.26,41.49,0.0,,,0.40783,0.93365,0.00183,0.07606,-0.02145,0.04497,spy_options_2013.parquet,1174372
SPY,2013-10-17,2013-10-17T16:00:00-04:00,173.21,2013-12-20,64.04,0.17545205479452056,132.0,put,0.1,0.1,0.1,5,,0.29571,-0.0135,0.00155,0.02482,-0.00529,-0.00473,spy_options_2013.parquet,1174372
SPY,2013-10-17,2013-10-17T16:00:00-04:00,173.21,2013-12-20,64.04,0.17545205479452056,133.0,call,40.26,40.48,0.0,,,0.39701,0.93446,0.00187,0.07598,-0.02038,0.04617,spy_options_2013.parquet,1174373
SPY,2013-10-17,2013-10-17T16:00:00-04:00,173.21,2013-12-20,64.04,0.17545205479452056,133.0,put,0.09,0.1,0.0,,,0.28729,-0.01321,0.00157,0.02497,-0.00593,-0.00414,spy_options_2013.parquet,1174373
SPY,2013-10-17,2013-10-17T16:00:00-04:00,173.21,2013-12-20,64.04,0.17545205479452056,134.0,call,39.28,39.49,0.0,,,0.38618,0.93531,0.00207,0.0754,-0.02027,0.04795,spy_options_2013.parquet,1174374
SPY,2013-10-17,2013-10-17T16:00:00-04:00,173.21,2013-12-20,64.04,0.17545205479452056,134.0,put,0.1,0.13,0.12,304,,0.28544,-0.01451,0.00182,0.02783,-0.00654,-0.00435,spy_options_2013.parquet,1174374
SPY,2013-10-17,2013-10-17T16:00:00-04:00,173.21,2013-12-20,64.04,0.17545205479452056,135.0,call,38.28,38.49,0.0,,,0.37607,0.93531,0.00224,0.07561,-0.01959,0.05007,spy_options_2013.parquet,1174375
SPY,2013-10-17,2013-10-17T16:00:00-04:00,173.21,2013-12-20,64.04,0.17545205479452056,135.0,put,0.11,0.13,0.11,217,,0.27972,-0.01555,0.00197,0.02854,-0.00674,-0.00535,spy_options_2013.parquet,1174375
SPY,2013-10-17,2013-10-17T16:00:00-04:00,173.21,2013-12-20,64.04,0.17545205479452056,136.0,call,37.28,37.51,0.0,,,0.36627,0.93562,0.00245,0.07625,-0.0196,0.05323,spy_options_2013.parquet,1174376
SPY,2013-10-17,2013-10-17T16:00:00-04:00,173.21,2013-12-20,64.04,0.17545205479452056,136.0,put,0.11,0.14,0.13,517,,0.27442,-0.01701,0.00211,0.03013,-0.006,-0.00532,spy_options_2013.parquet,1174376
SPY,2013-10-17,2013-10-17T16:00:00-04:00,173.21,2013-12-20,64.04,0.17545205479452056,137.0,call,36.28,36.51,0.0,,,0.35583,0.93693,0.00262,0.07615,-0.01849,0.05506,spy_options_2013.parquet,1174377
SPY,2013-10-17,2013-10-17T16:00:00-04:00,173.21,2013-12-20,64.04,0.17545205479452056,137.0,put,0.11,0.15,0.13,,,0.26791,-0.01752,0.00225,0.03154,-0.00672,-0.00546,spy_options_2013.parquet,1174377
SPY,2013-10-17,2013-10-17T16:00:00-04:00,173.21,2013-12-20,64.04,0.17545205479452056,138.0,call,35.3,35.53,0.0,,,0.34726,0.93627,0.00284,0.07684,-0.01837,0.05802,spy_options_2013.parquet,1174378
SPY,2013-10-17,2013-10-17T16:00:00-04:00,173.21,2013-12-20,64.04,0.17545205479452056,138.0,put,0.12,0.15,0.14,333,,0.26295,-0.0187,0.00239,0.03346,-0.00688,-0.00579,spy_options_2013.parquet,1174378
SPY,2013-10-17,2013-10-17T16:00:00-04:00,173.21,2013-12-20,64.04,0.17545205479452056,139.0,call,34.3,34.54,0.0,,,0.33751,0.93721,0.00306,0.07736,-0.0176,0.06154,spy_options_2013.parquet,1174379
SPY,2013-10-17,2013-10-17T16:00:00-04:00,173.21,2013-12-20,64.04,0.17545205479452056,139.0,put,0.14,0.16,0.15,100,,0.25931,-0.02037,0.00263,0.03597,-0.00765,-0.00704,spy_options_2013.parquet,1174379
SPY,2013-10-17,2013-10-17T16:00:00-04:00,173.21,2013-12-20,64.04,0.17545205479452056,140.0,call,33.31,33.54,0.0,,,0.32865,0.93671,0.00331,0.07812,-0.01701,0.06472,spy_options_2013.parquet,1174380
SPY,2013-10-17,2013-10-17T16:00:00-04:00,173.21,2013-12-20,64.04,0.17545205479452056,140.0,put,0.16,0.17,0.16,,,0.25626,-0.02287,0.00291,0.03923,-0.00834,-0.00777,spy_options_2013.parquet,1174380
SPY,2013-10-17,2013-10-17T16:00:00-04:00,173.21,2013-12-20,64.04,0.17545205479452056,141.0,call,32.32,32.54,0.0,,,0.31889,0.93669,0.00359,0.07919,-0.01668,0.0681,spy_options_2013.parquet,1174381
SPY,2013-10-17,2013-10-17T16:00:00-04:00,173.21,2013-12-20,64.04,0.17545205479452056,141.0,put,0.17,0.18,0.18,632,,0.2496,-0.02418,0.00305,0.04124,-0.0075,-0.00756,spy_options_2013.parquet,1174381
SPY,2013-10-17,2013-10-17T16:00:00-04:00,173.21,2013-12-20,64.04,0.17545205479452056,142.0,call,31.32,31.56,0.0,,,0.31051,0.93667,0.00391,0.07944,-0.01612,0.07118,spy_options_2013.parquet,1174382
SPY,2013-10-17,2013-10-17T16:00:00-04:00,173.21,2013-12-20,64.04,0.17545205479452056,142.0,put,0.19,0.2,0.19,,,0.24826,-0.02721,0.00348,0.04533,-0.0092,-0.00844,spy_options_2013.parquet,1174382
SPY,2013-10-17,2013-10-17T16:00:00-04:00,173.21,2013-12-20,64.04,0.17545205479452056,143.0,call,30.34,30.57,0.0,,,0.30188,0.93547,0.00428,0.08108,-0.0158,0.0749,spy_options_2013.parquet,1174383
SPY,2013-10-17,2013-10-17T16:00:00-04:00,173.21,2013-12-20,64.04,0.17545205479452056,143.0,put,0.19,0.21,0.2,,,0.24251,-0.02927,0.00374,0.04843,-0.00949,-0.00976,spy_options_2013.parquet,1174383
SPY,2013-10-17,2013-10-17T16:00:00-04:00,173.21,2013-12-20,64.04,0.17545205479452056,144.0,call,29.36,29.58,0.0,,,0.29336,0.93541,0.0046,0.08207,-0.01618,0.07889,spy_options_2013.parquet,1174384
SPY,2013-10-17,2013-10-17T16:00:00-04:00,173.21,2013-12-20,64.04,0.17545205479452056,144.0,put,0.2,0.22,0.21,,,0.23662,-0.03039,0.00397,0.05033,-0.00918,-0.00923,spy_options_2013.parquet,1174384
SPY,2013-10-17,2013-10-17T16:00:00-04:00,173.21,2013-12-20,64.04,0.17545205479452056,145.0,call,28.37,28.6,0.0,,,0.2864,0.93328,0.00503,0.0855,-0.01579,0.08504,spy_options_2013.parquet,1174385
SPY,2013-10-17,2013-10-17T16:00:00-04:00,173.21,2013-12-20,64.04,0.17545205479452056,145.0,put,0.22,0.25,0.24,,,0.23384,-0.03383,0.00437,0.05498,-0.0099,-0.01088,spy_options_2013.parquet,1174385
SPY,2013-10-17,2013-10-17T16:00:00-04:00,173.21,2013-12-20,64.04,0.17545205479452056,146.0,call,27.38,27.62,0.0,,,0.27725,0.93278,0.00548,0.08608,-0.01569,0.08808,spy_options_2013.parquet,1174386
SPY,2013-10-17,2013-10-17T16:00:00-04:00,173.21,2013-12-20,64.04,0.17545205479452056,146.0,put,0.22,0.26,0.25,,,0.22791,-0.03631,0.00478,0.05722,-0.00986,-0.01113,spy_options_2013.parquet,1174386
SPY,2013-10-17,2013-10-17T16:00:00-04:00,173.21,2013-12-20,64.04,0.17545205479452056,147.0,call,26.4,26.64,0.0,,,0.27092,0.9309,0.00596,0.0893,-0.01591,0.09365,spy_options_2013.parquet,1174387
SPY,2013-10-17,2013-10-17T16:00:00-04:00,173.21,2013-12-20,64.04,0.17545205479452056,147.0,put,0.26,0.28,0.27,,,0.22281,-0.0387,0.00513,0.06181,-0.01044,-0.0123,spy_options_2013.parquet,1174387
SPY,2013-10-17,2013-10-17T16:00:00-04:00,173.21,2013-12-20,64.04,0.17545205479452056,148.0,call,25.41,25.64,0.0,,,0.26206,0.92917,0.00649,0.09169,-0.01574,0.09716,spy_options_2013.parquet,1174388
SPY,2013-10-17,2013-10-17T16:00:00-04:00,173.21,2013-12-20,64.04,0.17545205479452056,148.0,put,0.27,0.29,0.28,259,,0.21757,-0.04236,0.00565,0.06493,-0.01099,-0.01384,spy_options_2013.parquet,1174388
SPY,2013-10-17,2013-10-17T16:00:00-04:00,173.21,2013-12-20,64.04,0.17545205479452056,149.0,call,24.43,24.67,0.0,,,0.2552,0.92697,0.00713,0.09489,-0.01513,0.10322,spy_options_2013.parquet,1174389
SPY,2013-10-17,2013-10-17T16:00:00-04:00,173.21,2013-12-20,64.04,0.17545205479452056,149.0,put,0.29,0.32,0.31,,,0.21405,-0.04574,0.0062,0.07064,-0.01136,-0.01458,spy_options_2013.parquet,1174389
SPY,2013-10-17,2013-10-17T16:00:00-04:00,173.21,2013-12-20,64.04,0.17545205479452056,150.0,call,23.45,23.7,23.15,5,,0.24816,0.92431,0.00773,0.09813,-0.01566,0.1089,spy_options_2013.parquet,1174390
SPY,2013-10-17,2013-10-17T16:00:00-04:00,173.21,2013-12-20,64.04,0.17545205479452056,150.0,put,0.32,0.34,0.35,,,0.20972,-0.05063,0.00674,0.0755,-0.01248,-0.01659,spy_options_2013.parquet,1174390
SPY,2013-10-17,2013-10-17T16:00:00-04:00,173.21,2013-12-20,64.04,0.17545205479452056,151.0,call,22.47,22.62,0.0,,,0.23712,0.92408,0.00828,0.0986,-0.01443,0.10921,spy_options_2013.parquet,1174391
SPY,2013-10-17,2013-10-17T16:00:00-04:00,173.21,2013-12-20,64.04,0.17545205479452056,151.0,put,0.34,0.38,0.35,,,0.20497,-0.05512,0.0074,0.08066,-0.01288,-0.01728,spy_options_2013.parquet,1174391
SPY,2013-10-17,2013-10-17T16:00:00-04:00,173.21,2013-12-20,64.04,0.17545205479452056,152.0,call,21.51,21.74,0.0,,,0.2351,0.9164,0.00927,0.10773,-0.01614,0.12036,spy_options_2013.parquet,1174392
SPY,2013-10-17,2013-10-17T16:00:00-04:00,173.21,2013-12-20,64.04,0.17545205479452056,152.0,put,0.38,0.4,0.4,,,0.20093,-0.06013,0.00812,0.08722,-0.01345,-0.0196,spy_options_2013.parquet,1174392
SPY,2013-10-17,2013-10-17T16:00:00-04:00,173.21,2013-12-20,64.04,0.17545205479452056,153.0,call,20.53,20.68,19.71,10,,0.22462,0.9154,0.00997,0.10849,-0.01579,0.12213,spy_options_2013.parquet,1174393
SPY,2013-10-17,2013-10-17T16:00:00-04:00,173.21,2013-12-20,64.04,0.17545205479452056,153.0,put,0.4,0.44,0.43,,,0.19672,-0.06615,0.00891,0.09369,-0.01505,-0.02072,spy_options_2013.parquet,1174393
SPY,2013-10-17,2013-10-17T16:00:00-04:00,173.21,2013-12-20,64.04,0.17545205479452056,154.0,call,19.59,19.71,18.7,10,,0.21934,0.90949,0.01088,0.1148,-0.01602,0.12783,spy_options_2013.parquet,1174394
SPY,2013-10-17,2013-10-17T16:00:00-04:00,173.21,2013-12-20,64.04,0.17545205479452056,154.0,put,0.45,0.49,0.51,574,,0.19207,-0.07316,0.00979,0.10076,-0.01575,-0.02365,spy_options_2013.parquet,1174394
SPY,2013-10-17,2013-10-17T16:00:00-04:00,173.21,2013-12-20,64.04,0.17545205479452056,155.0,call,18.62,18.74,18.22,15,,0.21295,0.90289,0.01189,0.12077,-0.01595,0.13353,spy_options_2013.parquet,1174395
SPY,2013-10-17,2013-10-17T16:00:00-04:00,173.21,2013-12-20,64.04,0.17545205479452056,155.0,put,0.52,0.54,0.52,,,0.18927,-0.0811,0.01082,0.10908,-0.01687,-0.02594,spy_options_2013.parquet,1174395
SPY,2013-10-17,2013-10-17T16:00:00-04:00,173.21,2013-12-20,64.04,0.17545205479452056,156.0,call,17.64,17.89,16.8,15,,0.21089,0.8922,0.01305,0.13278,-0.01762,0.14245,spy_options_2013.parquet,1174396
SPY,2013-10-17,2013-10-17T16:00:00-04:00,173.21,2013-12-20,64.04,0.17545205479452056,156.0,put,0.55,0.57,0.57,359,,0.18414,-0.08812,0.01187,0.11668,-0.01711,-0.02874,spy_options_2013.parquet,1174396
SPY,2013-10-17,2013-10-17T16:00:00-04:00,173.21,2013-12-20,64.04,0.17545205479452056,157.0,call,16.7,16.94,16.72,6,,0.20543,0.8844,0.01428,0.13949,-0.01833,0.14745,spy_options_2013.parquet,1174397
SPY,2013-10-17,2013-10-17T16:00:00-04:00,173.21,2013-12-20,64.04,0.17545205479452056,157.0,put,0.62,0.65,0.64,,,0.1806,-0.09827,0.01312,0.12605,-0.01832,-0.03181,spy_options_2013.parquet,1174397
SPY,2013-10-17,2013-10-17T16:00:00-04:00,173.21,2013-12-20,64.04,0.17545205479452056,158.0,call,15.77,15.89,0.0,,,0.19639,0.87782,0.01556,0.14515,-0.01765,0.15072,spy_options_2013.parquet,1174398
SPY,2013-10-17,2013-10-17T16:00:00-04:00,173.21,2013-12-20,64.04,0.17545205479452056,158.0,put,0.68,0.69,0.69,,,0.17684,-0.10865,0.01444,0.13527,-0.01927,-0.03478,spy_options_2013.parquet,1174398
SPY,2013-10-17,2013-10-17T16:00:00-04:00,173.21,2013-12-20,64.04,0.17545205479452056,159.0,call,14.83,15.05,14.39,10,,0.1938,0.86394,0.01691,0.15719,-0.01963,0.15677,spy_options_2013.parquet,1174399
SPY,2013-10-17,2013-10-17T16:00:00-04:00,173.21,2013-12-20,64.04,0.17545205479452056,159.0,put,0.77,0.78,0.79,684,,0.1725,-0.1199,0.01578,0.14552,-0.01972,-0.03834,spy_options_2013.parquet,1174399
SPY,2013-10-17,2013-10-17T16:00:00-04:00,173.21,2013-12-20,64.04,0.17545205479452056,160.0,call,13.91,14.03,13.98,332,,0.18552,0.85547,0.01838,0.16346,-0.01886,0.16058,spy_options_2013.parquet,1174400
SPY,2013-10-17,2013-10-17T16:00:00-04:00,173.21,2013-12-20,64.04,0.17545205479452056,160.0,put,0.86,0.87,0.86,,,0.17011,-0.13362,0.01744,0.15744,-0.02121,-0.04311,spy_options_2013.parquet,1174400
SPY,2013-10-17,2013-10-17T16:00:00-04:00,173.21,2013-12-20,64.04,0.17545205479452056,161.0,call,12.98,13.11,12.66,5,,0.18005,0.84255,0.02008,0.17367,-0.02002,0.16428,spy_options_2013.parquet,1174401
SPY,2013-10-17,2013-10-17T16:00:00-04:00,173.21,2013-12-20,64.04,0.17545205479452056,161.0,put,0.95,0.98,0.96,,,0.16607,-0.14856,0.01912,0.169,-0.02234,-0.04809,spy_options_2013.parquet,1174401
SPY,2013-10-17,2013-10-17T16:00:00-04:00,173.21,2013-12-20,64.04,0.17545205479452056,162.0,call,12.07,12.3,12.16,441,,0.17779,0.8233,0.0217,0.18667,-0.02151,0.16824,spy_options_2013.parquet,1174402
SPY,2013-10-17,2013-10-17T16:00:00-04:00,173.21,2013-12-20,64.04,0.17545205479452056,162.0,put,1.05,1.07,1.07,,,0.16159,-0.16492,0.02092,0.18139,-0.02383,-0.05302,spy_options_2013.parquet,1174402
SPY,2013-10-17,2013-10-17T16:00:00-04:00,173.21,2013-12-20,64.04,0.17545205479452056,163.0,call,11.18,11.31,11.22,9,,0.17012,0.80997,0.0236,0.197,-0.02121,0.17071,spy_options_2013.parquet,1174403
SPY,2013-10-17,2013-10-17T16:00:00-04:00,173.21,2013-12-20,64.04,0.17545205479452056,163.0,put,1.17,1.23,1.18,,,0.15907,-0.1843,0.02284,0.19423,-0.02505,-0.05859,spy_options_2013.parquet,1174403
SPY,2013-10-17,2013-10-17T16:00:00-04:00,173.21,2013-12-20,64.04,0.17545205479452056,164.0,call,10.29,10.43,10.4,145,,0.16598,0.79064,0.02555,0.20822,-0.02224,0.17269,spy_options_2013.parquet,1174404
SPY,2013-10-17,2013-10-17T16:00:00-04:00,173.21,2013-12-20,64.04,0.17545205479452056,164.0,put,1.33,1.37,1.32,,,0.15601,-0.20438,0.02494,0.20753,-0.02636,-0.06585,spy_options_2013.parquet,1174404
SPY,2013-10-17,2013-10-17T16:00:00-04:00,173.21,2013-12-20,64.04,0.17545205479452056,165.0,call,9.47,9.56,9.5,720,,0.16149,0.76874,0.02758,0.22114,-0.02277,0.17335,spy_options_2013.parquet,1174405
SPY,2013-10-17,2013-10-17T16:00:00-04:00,173.21,2013-12-20,64.04,0.17545205479452056,165.0,put,1.48,1.5,1.5,,,0.15166,-0.22623,0.02709,0.21939,-0.02718,-0.0722,spy_options_2013.parquet,1174405
SPY,2013-10-17,2013-10-17T16:00:00-04:00,173.21,2013-12-20,64.04,0.17545205479452056,166.0,call,8.66,8.71,8.67,130,,0.15743,0.74337,0.02966,0.23316,-0.02384,0.17339,spy_options_2013.parquet,1174406
SPY,2013-10-17,2013-10-17T16:00:00-04:00,173.21,2013-12-20,64.04,0.17545205479452056,166.0,put,1.67,1.69,1.7,,,0.14833,-0.25139,0.02943,0.23312,-0.02796,-0.081,spy_options_2013.parquet,1174406
SPY,2013-10-17,2013-10-17T16:00:00-04:00,173.21,2013-12-20,64.04,0.17545205479452056,167.0,call,7.84,7.9,7.84,374,,0.15326,0.71712,0.03186,0.24564,-0.02481,0.17187,spy_options_2013.parquet,1174407
SPY,2013-10-17,2013-10-17T16:00:00-04:00,173.21,2013-12-20,64.04,0.17545205479452056,167.0,put,1.89,1.91,1.88,,,0.14536,-0.27964,0.03171,0.24494,-0.0292,-0.08921,spy_options_2013.parquet,1174407
SPY,2013-10-17,2013-10-17T16:00:00-04:00,173.21,2013-12-20,64.04,0.17545205479452056,168.0,call,7.03,7.08,7.02,227,,0.14803,0.68877,0.03414,0.25681,-0.02546,0.16997,spy_options_2013.parquet,1174408
SPY,2013-10-17,2013-10-17T16:00:00-04:00,173.21,2013-12-20,64.04,0.17545205479452056,168.0,put,2.11,2.14,2.11,,,0.1421,-0.30977,0.03397,0.25752,-0.03008,-0.09936,spy_options_2013.parquet,1174408
SPY,2013-10-17,2013-10-17T16:00:00-04:00,173.21,2013-12-20,64.04,0.17545205479452056,169.0,call,6.27,6.33,6.28,305,,0.14422,0.65768,0.03637,0.26755,-0.02585,0.16617,spy_options_2013.parquet,1174409
SPY,2013-10-17,2013-10-17T16:00:00-04:00,173.21,2013-12-20,64.04,0.17545205479452056,169.0,put,2.38,2.41,2.36,,,0.13853,-0.34182,0.03632,0.26762,-0.03077,-0.10982,spy_options_2013.parquet,1174409
SPY,2013-10-17,2013-10-17T16:00:00-04:00,173.21,2013-12-20,64.04,0.17545205479452056,170.0,call,5.54,5.58,5.57,,,0.13895,0.62272,0.03862,0.27568,-0.0252,0.16152,spy_options_2013.parquet,1174410
SPY,2013-10-17,2013-10-17T16:00:00-04:00,173.21,2013-12-20,64.04,0.17545205479452056,170.0,put,2.67,2.7,2.7,,,0.13576,-0.37754,0.03842,0.27735,-0.03212,-0.12159,spy_options_2013.parquet,1174410
SPY,2013-10-17,2013-10-17T16:00:00-04:00,173.21,2013-12-20,64.04,0.17545205479452056,171.0,call,4.84,4.89,4.87,,,0.13487,0.58482,0.04053,0.28308,-0.0258,0.15481,spy_options_2013.parquet,1174411
SPY,2013-10-17,2013-10-17T16:00:00-04:00,173.21,2013-12-20,64.04,0.17545205479452056,171.0,put,3.01,3.04,3.04,,,0.13264,-0.41576,0.04018,0.28417,-0.03164,-0.13406,spy_options_2013.parquet,1174411
SPY,2013-10-17,2013-10-17T16:00:00-04:00,173.21,2013-12-20,64.04,0.17545205479452056,172.0,call,4.16,4.22,4.2,,,0.1307,0.54494,0.04231,0.28896,-0.02565,0.14735,spy_options_2013.parquet,1174412
SPY,2013-10-17,2013-10-17T16:00:00-04:00,173.21,2013-12-20,64.04,0.17545205479452056,172.0,put,3.4,3.41,3.41,,,0.12932,-0.45689,0.04174,0.28864,-0.03185,-0.14704,spy_options_2013.parquet,1174412
SPY,2013-10-17,2013-10-17T16:00:00-04:00,173.21,2013-12-20,64.04,0.17545205479452056,173.0,call,3.56,3.62,3.6,,,0.12701,0.50166,0.04363,0.29054,-0.02539,0.13765,spy_options_2013.parquet,1174413
SPY,2013-10-17,2013-10-17T16:00:00-04:00,173.21,2013-12-20,64.04,0.17545205479452056,173.0,put,3.81,3.86,3.85,,,0.12692,-0.49891,0.04275,0.29044,-0.03256,-0.16026,spy_options_2013.parquet,1174413
SPY,2013-10-17,2013-10-17T16:00:00-04:00,173.21,2013-12-20,64.04,0.17545205479452056,174.0,call,3.01,3.04,3.0,,,0.12372,0.45618,0.04446,0.28933,-0.02461,0.1273,spy_options_2013.parquet,1174414
SPY,2013-10-17,2013-10-17T16:00:00-04:00,173.21,2013-12-20,64.04,0.17545205479452056,174.0,put,4.27,4.33,4.3,,,0.12507,-0.54261,0.0434,0.28866,-0.03132,-0.17487,spy_options_2013.parquet,1174414
SPY,2013-10-17,2013-10-17T16:00:00-04:00,173.21,2013-12-20,64.04,0.17545205479452056,175.0,call,2.49,2.52,2.49,,,0.12003,0.40967,0.0448,0.28287,-0.02321,0.11599,spy_options_2013.parquet,1174415
SPY,2013-10-17,2013-10-17T16:00:00-04:00,173.21,2013-12-20,64.04,0.17545205479452056,175.0,put,4.82,4.85,4.81,848,,0.12249,-0.58704,0.04319,0.28367,-0.03161,-0.18943,spy_options_2013.parquet,1174415
SPY,2013-10-17,2013-10-17T16:00:00-04:00,173.21,2013-12-20,64.04,0.17545205479452056,176.0,call,2.04,2.07,2.04,,,0.11764,0.36233,0.04418,0.27328,-0.02215,0.10392,spy_options_2013.parquet,1174416
SPY,2013-10-17,2013-10-17T16:00:00-04:00,173.21,2013-12-20,64.04,0.17545205479452056,176.0,put,5.41,5.47,5.8,63,,0.12194,-0.6313,0.04221,0.27462,-0.03039,-0.20455,spy_options_2013.parquet,1174416
SPY,2013-10-17,2013-10-17T16:00:00-04:00,173.21,2013-12-20,64.04,0.17545205479452056,177.0,call,1.65,1.67,1.65,,,0.1146,0.31582,0.04273,0.25992,-0.02033,0.0918,spy_options_2013.parquet,1174417
SPY,2013-10-17,2013-10-17T16:00:00-04:00,173.21,2013-12-20,64.04,0.17545205479452056,177.0,put,6.04,6.1,6.08,363,,0.11996,-0.67311,0.0408,0.26201,-0.02928,-0.21876,spy_options_2013.parquet,1174417
SPY,2013-10-17,2013-10-17T16:00:00-04:00,173.21,2013-12-20,64.04,0.17545205479452056,178.0,call,1.31,1.33,1.32,,,0.11226,0.2702,0.04065,0.24155,-0.0192,0.07902,spy_options_2013.parquet,1174418
SPY,2013-10-17,2013-10-17T16:00:00-04:00,173.21,2013-12-20,64.04,0.17545205479452056,178.0,put,6.74,6.83,6.7,15,,0.12071,-0.71245,0.03852,0.24761,-0.02772,-0.23154,spy_options_2013.parquet,1174418
SPY,2013-10-17,2013-10-17T16:00:00-04:00,173.21,2013-12-20,64.04,0.17545205479452056,179.0,call,1.02,1.05,1.04,,,0.11041,0.22935,0.03773,0.22138,-0.01734,0.06769,spy_options_2013.parquet,1174419
SPY,2013-10-17,2013-10-17T16:00:00-04:00,173.21,2013-12-20,64.04,0.17545205479452056,179.0,put,7.49,7.59,7.5,5,,0.12032,-0.74843,0.03598,0.23171,-0.02648,-0.24436,spy_options_2013.parquet,1174419
SPY,2013-10-17,2013-10-17T16:00:00-04:00,173.21,2013-12-20,64.04,0.17545205479452056,180.0,call,0.81,0.83,0.8,,,0.10935,0.1915,0.03433,0.19933,-0.01581,0.0566,spy_options_2013.parquet,1174420
SPY,2013-10-17,2013-10-17T16:00:00-04:00,173.21,2013-12-20,64.04,0.17545205479452056,180.0,put,8.27,8.42,8.34,768,,0.12156,-0.77907,0.03313,0.21489,-0.02589,-0.2546,spy_options_2013.parquet,1174420
SPY,2013-10-17,2013-10-17T16:00:00-04:00,173.21,2013-12-20,64.04,0.17545205479452056,181.0,call,0.63,0.65,0.61,,,0.10786,0.15674,0.0306,0.17645,-0.01308,0.0473,spy_options_2013.parquet,1174421
SPY,2013-10-17,2013-10-17T16:00:00-04:00,173.21,2013-12-20,64.04,0.17545205479452056,181.0,put,9.1,9.28,10.34,4,,0.12341,-0.80635,0.03022,0.1986,-0.02461,-0.26512,spy_options_2013.parquet,1174421
SPY,2013-10-17,2013-10-17T16:00:00-04:00,173.21,2013-12-20,64.04,0.17545205479452056,182.0,call,0.47,0.49,0.48,,,0.10656,0.12788,0.02677,0.15347,-0.0121,0.0386,spy_options_2013.parquet,1174422
SPY,2013-10-17,2013-10-17T16:00:00-04:00,173.21,2013-12-20,64.04,0.17545205479452056,182.0,put,9.95,10.18,10.05,18,,0.1255,-0.82912,0.02739,0.18352,-0.02358,-0.27354,spy_options_2013.parquet,1174422
SPY,2013-10-17,2013-10-17T16:00:00-04:00,173.21,2013-12-20,64.04,0.17545205479452056,183.0,call,0.37,0.39,0.35,,,0.10649,0.10382,0.0231,0.13313,-0.01026,0.03122,spy_options_2013.parquet,1174423
SPY,2013-10-17,2013-10-17T16:00:00-04:00,173.21,2013-12-20,64.04,0.17545205479452056,183.0,put,10.86,11.08,10.94,10,,0.12823,-0.84767,0.02473,0.16977,-0.02292,-0.28124,spy_options_2013.parquet,1174423
SPY,2013-10-17,2013-10-17T16:00:00-04:00,173.21,2013-12-20,64.04,0.17545205479452056,184.0,call,0.26,0.3,0.29,,,0.10648,0.08266,0.01959,0.11154,-0.00866,0.02508,spy_options_2013.parquet,1174424
SPY,2013-10-17,2013-10-17T16:00:00-04:00,173.21,2013-12-20,64.04,0.17545205479452056,184.0,put,11.8,12.03,0.0,,,0.13232,-0.86223,0.02242,0.15919,-0.02231,-0.28686,spy_options_2013.parquet,1174424
SPY,2013-10-17,2013-10-17T16:00:00-04:00,173.21,2013-12-20,64.04,0.17545205479452056,185.0,call,0.21,0.24,0.24,485,,0.10725,0.0664,0.01665,0.09601,-0.00725,0.02025,spy_options_2013.parquet,1174425
SPY,2013-10-17,2013-10-17T16:00:00-04:00,173.21,2013-12-20,64.04,0.17545205479452056,185.0,put,12.74,12.97,0.0,,,0.13708,-0.87377,0.02035,0.14863,-0.02236,-0.29206,spy_options_2013.parquet,1174425
SPY,2013-10-17,2013-10-17T16:00:00-04:00,173.21,2013-12-20,64.04,0.17545205479452056,186.0,call,0.16,0.2,0.17,5,,0.10834,0.05425,0.01405,0.08172,-0.0067,0.01657,spy_options_2013.parquet,1174426
SPY,2013-10-17,2013-10-17T16:00:00-04:00,173.21,2013-12-20,64.04,0.17545205479452056,186.0,put,13.71,13.94,0.0,,,0.14153,-0.88359,0.01852,0.14019,-0.02193,-0.29657,spy_options_2013.parquet,1174426
SPY,2013-10-17,2013-10-17T16:00:00-04:00,173.21,2013-12-20,64.04,0.17545205479452056,187.0,call,0.13,0.14,0.12,18,,0.10868,0.0441,0.01171,0.06864,-0.00517,0.01347,spy_options_2013.parquet,1174427
SPY,2013-10-17,2013-10-17T16:00:00-04:00,173.21,2013-12-20,64.04,0.17545205479452056,187.0,put,14.67,14.92,0.0,,,0.1471,-0.8924,0.017,0.13264,-0.02184,-0.30094,spy_options_2013.parquet,1174427
SPY,2013-10-17,2013-10-17T16:00:00-04:00,173.21,2013-12-20,64.04,0.17545205479452056,188.0,call,0.11,0.14,0.07,25,,0.11176,0.0372,0.01007,0.06083,-0.00461,0.01094,spy_options_2013.parquet,1174428
SPY,2013-10-17,2013-10-17T16:00:00-04:00,173.21,2013-12-20,64.04,0.17545205479452056,188.0,put,15.65,15.88,0.0,,,0.15255,-0.89799,0.01568,0.1277,-0.02181,-0.30458,spy_options_2013.parquet,1174428
SPY,2013-10-17,2013-10-17T16:00:00-04:00,173.21,2013-12-20,64.04,0.17545205479452056,189.0,call,0.08,0.11,0.07,100,,0.11186,0.02999,0.00836,0.05128,-0.00427,0.00881,spy_options_2013.parquet,1174429
SPY,2013-10-17,2013-10-17T16:00:00-04:00,173.21,2013-12-20,64.04,0.17545205479452056,189.0,put,16.63,16.88,0.0,,,0.15728,-0.90396,0.01451,0.12209,-0.02088,-0.30834,spy_options_2013.parquet,1174429
SPY,2013-10-17,2013-10-17T16:00:00-04:00,173.21,2013-12-20,64.04,0.17545205479452056,190.0,call,0.05,0.1,0.08,123,,0.11335,0.02419,0.00689,0.04308,-0.00299,0.00711,spy_options_2013.parquet,1174430
SPY,2013-10-17,2013-10-17T16:00:00-04:00,173.21,2013-12-20,64.04,0.17545205479452056,190.0,put,17.62,17.86,0.0,,,0.16301,-0.90864,0.01349,0.11756,-0.0215,-0.31196,spy_options_2013.parquet,1174430
SPY,2013-10-17,2013-10-17T16:00:00-04:00,173.21,2013-12-20,64.04,0.17545205479452056,191.0,call,0.05,0.08,0.05,2,,0.11635,0.0206,0.00598,0.03817,-0.0032,0.00648,spy_options_2013.parquet,1174431
SPY,2013-10-17,2013-10-17T16:00:00-04:00,173.21,2013-12-20,64.04,0.17545205479452056,191.0,put,18.59,18.88,0.0,,,0.16924,-0.91197,0.01264,0.11399,-0.02141,-0.31398,spy_options_2013.parquet,1174431
SPY,2013-10-17,2013-10-17T16:00:00-04:00,173.21,2013-12-20,64.04,0.17545205479452056,192.0,call,0.03,0.06,0.0,,,0.11824,0.01758,0.00513,0.03321,-0.00254,0.00584,spy_options_2013.parquet,1174432
SPY,2013-10-17,2013-10-17T16:00:00-04:00,173.21,2013-12-20,64.04,0.17545205479452056,192.0,put,19.58,19.87,0.0,,,0.17493,-0.91579,0.01182,0.11046,-0.02104,-0.31731,spy_options_2013.parquet,1174432
SPY,2013-10-17,2013-10-17T16:00:00-04:00,173.21,2013-12-20,64.04,0.17545205479452056,193.0,call,0.03,0.06,0.0,,,0.1195,0.01499,0.00425,0.02809,-0.00252,0.00458,spy_options_2013.parquet,1174433
SPY,2013-10-17,2013-10-17T16:00:00-04:00,173.21,2013-12-20,64.04,0.17545205479452056,193.0,put,20.59,20.87,0.0,,,0.18226,-0.91821,0.01112,0.10805,-0.02174,-0.31949,spy_options_2013.parquet,1174433
SPY,2013-10-17,2013-10-17T16:00:00-04:00,173.21,2013-12-20,64.04,0.17545205479452056,194.0,call,0.02,0.05,0.0,,,0.12062,0.01199,0.00349,0.02238,-0.00166,0.00334,spy_options_2013.parquet,1174434
SPY,2013-10-17,2013-10-17T16:00:00-04:00,173.21,2013-12-20,64.04,0.17545205479452056,194.0,put,21.58,21.86,0.0,,,0.18755,-0.9211,0.01043,0.10489,-0.02146,-0.32214,spy_options_2013.parquet,1174434
SPY,2013-10-17,2013-10-17T16:00:00-04:00,173.21,2013-12-20,64.04,0.17545205479452056,195.0,call,0.01,0.05,0.0,,,0.124,0.01097,0.00325,0.02209,-0.00227,0.00385,spy_options_2013.parquet,1174435
SPY,2013-10-17,2013-10-17T16:00:00-04:00,173.21,2013-12-20,64.04,0.17545205479452056,195.0,put,22.57,22.86,0.0,,,0.19298,-0.9237,0.00988,0.10222,-0.02204,-0.32504,spy_options_2013.parquet,1174435
SPY,2013-10-17,2013-10-17T16:00:00-04:00,173.21,2013-12-20,64.04,0.17545205479452056,196.0,call,0.02,0.04,0.0,,,0.1267,0.00969,0.00283,0.01911,-0.00191,0.00305,spy_options_2013.parquet,1174436
SPY,2013-10-17,2013-10-17T16:00:00-04:00,173.21,2013-12-20,64.04,0.17545205479452056,196.0,put,23.56,23.85,0.0,,,0.19865,-0.92641,0.00939,0.09879,-0.02145,-0.32753,spy_options_2013.parquet,1174436
SPY,2013-10-17,2013-10-17T16:00:00-04:00,173.21,2013-12-20,64.04,0.17545205479452056,197.0,call,0.01,0.05,0.0,,,0.12816,0.00857,0.00241,0.01668,-0.00117,0.00281,spy_options_2013.parquet,1174437
SPY,2013-10-17,2013-10-17T16:00:00-04:00,173.21,2013-12-20,64.04,0.17545205479452056,197.0,put,24.57,24.84,0.0,,,0.20508,-0.92775,0.00896,0.09782,-0.02238,-0.33023,spy_options_2013.parquet,1174437
SPY,2013-10-17,2013-10-17T16:00:00-04:00,173.21,2013-12-20,64.04,0.17545205479452056,198.0,call,0.01,0.03,0.0,,,0.12885,0.00691,0.00197,0.01344,-0.00134,0.00188,spy_options_2013.parquet,1174438
SPY,2013-10-17,2013-10-17T16:00:00-04:00,173.21,2013-12-20,64.04,0.17545205479452056,198.0,put,25.55,25.85,0.0,,,0.21031,-0.93045,0.0085,0.09464,-0.02193,-0.33282,spy_options_2013.parquet,1174438
SPY,2013-10-17,2013-10-17T16:00:00-04:00,173.21,2013-12-20,64.04,0.17545205479452056,199.0,call,0.01,0.02,0.0,,,0.13302,0.00685,0.00184,0.01339,-0.00129,0.0018,spy_options_2013.parquet,1174439
SPY,2013-10-17,2013-10-17T16:00:00-04:00,173.21,2013-12-20,64.04,0.17545205479452056,199.0,put,26.55,26.84,0.0,,,0.21528,-0.93173,0.00809,0.09268,-0.02163,-0.33481,spy_options_2013.parquet,1174439
SPY,2013-10-17,2013-10-17T16:00:00-04:00,173.21,2013-12-20,64.04,0.17545205479452056,200.0,call,0.0,0.02,0.02,30,,0.12808,0.0033,0.00117,0.00853,-0.00044,0.00135,spy_options_2013.parquet,1174440
SPY,2013-10-17,2013-10-17T16:00:00-04:00,173.21,2013-12-20,64.04,0.17545205479452056,200.0,put,27.56,27.85,28.2,1,,0.22108,-0.93385,0.00775,0.09093,-0.02213,-0.33734,spy_options_2013.parquet,1174440
SPY,2013-10-17,2013-10-17T16:00:00-04:00,173.21,2013-12-20,64.04,0.17545205479452056,205.0,call,0.0,0.02,0.01,100,,0.1472,0.00358,0.00089,0.00724,-0.00037,0.00092,spy_options_2013.parquet,1174441
SPY,2013-10-17,2013-10-17T16:00:00-04:00,173.21,2013-12-20,64.04,0.17545205479452056,205.0,put,32.53,32.84,0.0,,,0.24848,-0.94066,0.0063,0.08371,-0.02268,-0.34813,spy_options_2013.parquet,1174441
SPY,2013-10-17,2013-10-17T16:00:00-04:00,173.21,2013-12-20,64.04,0.17545205479452056,210.0,call,0.0,0.02,0.0,,,0.16573,0.0033,0.00072,0.00622,-0.00085,0.00057,spy_options_2013.parquet,1174442
SPY,2013-10-17,2013-10-17T16:00:00-04:00,173.21,2013-12-20,64.04,0.17545205479452056,210.0,put,37.54,37.83,38.86,26,,0.27576,-0.94542,0.00532,0.07832,-0.02349,-0.35886,spy_options_2013.parquet,1174442
SPY,2013-10-17,2013-10-17T16:00:00-04:00,173.21,2013-12-20,64.04,0.17545205479452056,215.0,call,0.0,0.03,0.0,,,0.18351,0.00233,0.00062,0.00651,-0.00083,0.0008,spy_options_2013.parquet,1174443
SPY,2013-10-17,2013-10-17T16:00:00-04:00,173.21,2013-12-20,64.04,0.17545205479452056,215.0,put,42.53,42.82,0.0,,,0.29963,-0.94947,0.00449,0.07209,-0.02305,-0.36821,spy_options_2013.parquet,1174443
SPY,2013-10-17,2013-10-17T16:00:00-04:00,173.21,2013-12-20,64.04,0.17545205479452056,220.0,call,0.0,0.02,0.0,,,0.18793,0.00174,0.00035,0.00365,-0.00046,0.00031,spy_options_2013.parquet,1174444
SPY,2013-10-17,2013-10-17T16:00:00-04:00,173.21,2013-12-20,64.04,0.17545205479452056,220.0,put,47.54,47.78,48.3,440,,0.32196,-0.95329,0.00391,0.06762,-0.02304,-0.37838,spy_options_2013.parquet,1174444
SPY,2013-10-17,2013-10-17T16:00:00-04:00,173.21,2013-12-31,75.04,0.20558904109589043,117.0,call,56.2,56.41,0.0,,,0.55966,0.92267,0.00082,0.0831,-0.02828,0.03277,spy_options_2013.parquet,1174454
SPY,2013-10-17,2013-10-17T16:00:00-04:00,173.21,2013-12-31,75.04,0.20558904109589043,117.0,put,0.02,0.06,0.0,,,0.34151,-0.00526,0.00051,0.01127,-0.00228,-0.00173,spy_options_2013.parquet,1174454
SPY,2013-10-17,2013-10-17T16:00:00-04:00,173.21,2013-12-31,75.04,0.20558904109589043,118.0,call,55.21,55.42,0.0,,,0.54689,0.92361,0.00092,0.08359,-0.02795,0.0344,spy_options_2013.parquet,1174455
SPY,2013-10-17,2013-10-17T16:00:00-04:00,173.21,2013-12-31,75.04,0.20558904109589043,118.0,put,0.03,0.06,0.0,,,0.33487,-0.00479,0.00056,0.0113,-0.00296,-0.00203,spy_options_2013.parquet,1174455
SPY,2013-10-17,2013-10-17T16:00:00-04:00,173.21,2013-12-31,75.04,0.20558904109589043,119.0,call,54.21,54.44,0.0,,,0.53397,0.92477,0.00096,0.08273,-0.02665,0.03533,spy_options_2013.parquet,1174456
SPY,2013-10-17,2013-10-17T16:00:00-04:00,173.21,2013-12-31,75.04,0.20558904109589043,119.0,put,0.03,0.07,0.0,,,0.33603,-0.00647,0.00069,0.01342,-0.00349,-0.00194,spy_options_2013.parquet,1174456
SPY,2013-10-17,2013-10-17T16:00:00-04:00,173.21,2013-12-31,75.04,0.20558904109589043,120.0,call,53.2,53.43,0.0,,,0.52015,0.92618,0.00104,0.08217,-0.02554,0.03556,spy_options_2013.parquet,1174457
SPY,2013-10-17,2013-10-17T16:00:00-04:00,173.21,2013-12-31,75.04,0.20558904109589043,120.0,put,0.04,0.07,0.0,,,0.32947,-0.0063,0.00072,0.01425,-0.00271,-0.00256,spy_options_2013.parquet,1174457
SPY,2013-10-17,2013-10-17T16:00:00-04:00,173.21,2013-12-31,75.04,0.20558904109589043,121.0,call,52.23,52.42,0.0,,,0.50858,0.92711,0.00111,0.0827,-0.02491,0.03706,spy_options_2013.parquet,1174458
SPY,2013-10-17,2013-10-17T16:00:00-04:00,173.21,2013-12-31,75.04,0.20558904109589043,121.0,put,0.04,0.08,0.0,,,0.32595,-0.00671,0.00074,0.01495,-0.00303,-0.00309,spy_options_2013.parquet,1174458
SPY,2013-10-17,2013-10-17T16:00:00-04:00,173.21,2013-12-31,75.04,0.20558904109589043,122.0,call,51.22,51.45,0.0,,,0.49649,0.92781,0.00115,0.08188,-0.02383,0.03816,spy_options_2013.parquet,1174459
SPY,2013-10-17,2013-10-17T16:00:00-04:00,173.21,2013-12-31,75.04,0.20558904109589043,122.0,put,0.06,0.08,0.0,,,0.32214,-0.00739,0.00079,0.01642,-0.00383,-0.0031,spy_options_2013.parquet,1174459
SPY,2013-10-17,2013-10-17T16:00:00-04:00,173.21,2013-12-31,75.04,0.20558904109589043,123.0,call,50.21,50.44,0.0,,,0.48381,0.92839,0.00122,0.0814,-0.02325,0.03915,spy_options_2013.parquet,1174460
SPY,2013-10-17,2013-10-17T16:00:00-04:00,173.21,2013-12-31,75.04,0.20558904109589043,123.0,put,0.07,0.08,0.0,,,0.31771,-0.00822,0.00091,0.01731,-0.00413,-0.00327,spy_options_2013.parquet,1174460
SPY,2013-10-17,2013-10-17T16:00:00-04:00,173.21,2013-12-31,75.04,0.20558904109589043,124.0,call,49.23,49.45,0.0,,,0.47195,0.92975,0.00127,0.08117,-0.02325,0.0401,spy_options_2013.parquet,1174461
SPY,2013-10-17,2013-10-17T16:00:00-04:00,173.21,2013-12-31,75.04,0.20558904109589043,124.0,put,0.07,0.09,0.0,,,0.31427,-0.0086,0.0009,0.01872,-0.00424,-0.00374,spy_options_2013.parquet,1174461
SPY,2013-10-17,2013-10-17T16:00:00-04:00,173.21,2013-12-31,75.04,0.20558904109589043,125.0,call,48.22,48.45,0.0,,,0.46059,0.93102,0.00137,0.08094,-0.02227,0.04186,spy_options_2013.parquet,1174462
SPY,2013-10-17,2013-10-17T16:00:00-04:00,173.21,2013-12-31,75.04,0.20558904109589043,125.0,put,0.08,0.09,0.0,,,0.30946,-0.00965,0.00101,0.01932,-0.00395,-0.00345,spy_options_2013.parquet,1174462
SPY,2013-10-17,2013-10-17T16:00:00-04:00,173.21,2013-12-31,75.04,0.20558904109589043,126.0,call,47.22,47.45,0.0,,,0.44854,0.93137,0.00139,0.08039,-0.02133,0.0424,spy_options_2013.parquet,1174463
SPY,2013-10-17,2013-10-17T16:00:00-04:00,173.21,2013-12-31,75.04,0.20558904109589043,126.0,put,0.06,0.09,0.0,,,0.30483,-0.01022,0.00107,0.02098,-0.00437,-0.00389,spy_options_2013.parquet,1174463
SPY,2013-10-17,2013-10-17T16:00:00-04:00,173.21,2013-12-31,75.04,0.20558904109589043,127.0,call,46.25,46.46,0.0,,,0.43772,0.9321,0.00155,0.08084,-0.02121,0.04447,spy_options_2013.parquet,1174464
SPY,2013-10-17,2013-10-17T16:00:00-04:00,173.21,2013-12-31,75.04,0.20558904109589043,127.0,put,0.07,0.11,0.0,,,0.29885,-0.01,0.00116,0.02107,-0.00397,-0.00404,spy_options_2013.parquet,1174464
SPY,2013-10-17,2013-10-17T16:00:00-04:00,173.21,2013-12-31,75.04,0.20558904109589043,128.0,call,45.25,45.46,0.0,,,0.42636,0.93354,0.0017,0.07954,-0.02022,0.04533,spy_options_2013.parquet,1174465
SPY,2013-10-17,2013-10-17T16:00:00-04:00,173.21,2013-12-31,75.04,0.20558904109589043,128.0,put,0.08,0.1,0.1,110,,0.2936,-0.01097,0.0012,0.02269,-0.00448,-0.00392,spy_options_2013.parquet,1174465
SPY,2013-10-17,2013-10-17T16:00:00-04:00,173.21,2013-12-31,75.04,0.20558904109589043,129.0,call,44.25,44.47,0.0,,,0.4165,0.93369,0.00175,0.08019,-0.01911,0.04814,spy_options_2013.parquet,1174466
SPY,2013-10-17,2013-10-17T16:00:00-04:00,173.21,2013-12-31,75.04,0.20558904109589043,129.0,put,0.08,0.1,0.0,,,0.29142,-0.0125,0.00137,0.02442,-0.00499,-0.00503,spy_options_2013.parquet,1174466
SPY,2013-10-17,2013-10-17T16:00:00-04:00,173.21,2013-12-31,75.04,0.20558904109589043,130.0,call,43.25,43.46,0.0,,,0.40479,0.93526,0.0019,0.08,-0.01895,0.04912,spy_options_2013.parquet,1174467
SPY,2013-10-17,2013-10-17T16:00:00-04:00,173.21,2013-12-31,75.04,0.20558904109589043,130.0,put,0.09,0.12,0.1,10,,0.28837,-0.01284,0.0015,0.02696,-0.00554,-0.00496,spy_options_2013.parquet,1174467
SPY,2013-10-17,2013-10-17T16:00:00-04:00,173.21,2013-12-31,75.04,0.20558904109589043,131.0,call,42.25,42.48,0.0,,,0.39531,0.93512,0.00203,0.07982,-0.01849,0.0513,spy_options_2013.parquet,1174468
SPY,2013-10-17,2013-10-17T16:00:00-04:00,173.21,2013-12-31,75.04,0.20558904109589043,131.0,put,0.1,0.14,0.0,,,0.28286,-0.01427,0.00162,0.02819,-0.00548,-0.00561,spy_options_2013.parquet,1174468
SPY,2013-10-17,2013-10-17T16:00:00-04:00,173.21,2013-12-31,75.04,0.20558904109589043,132.0,call,41.27,41.49,0.0,,,0.38603,0.93552,0.00226,0.07971,-0.01742,0.05469,spy_options_2013.parquet,1174469
SPY,2013-10-17,2013-10-17T16:00:00-04:00,173.21,2013-12-31,75.04,0.20558904109589043,132.0,put,0.11,0.14,0.0,,,0.27975,-0.01506,0.00174,0.02988,-0.00517,-0.0053,spy_options_2013.parquet,1174469
SPY,2013-10-17,2013-10-17T16:00:00-04:00,173.21,2013-12-31,75.04,0.20558904109589043,133.0,call,40.27,40.49,0.0,,,0.37482,0.93692,0.00239,0.07961,-0.017,0.05569,spy_options_2013.parquet,1174470
SPY,2013-10-17,2013-10-17T16:00:00-04:00,173.21,2013-12-31,75.04,0.20558904109589043,133.0,put,0.1,0.14,0.0,,,0.27111,-0.01472,0.00181,0.02986,-0.00542,-0.00551,spy_options_2013.parquet,1174470
SPY,2013-10-17,2013-10-17T16:00:00-04:00,173.21,2013-12-31,75.04,0.20558904109589043,134.0,call,39.29,39.5,0.0,,,0.3657,0.93675,0.00251,0.08003,-0.01665,0.05885,spy_options_2013.parquet,1174471
SPY,2013-10-17,2013-10-17T16:00:00-04:00,173.21,2013-12-31,75.04,0.20558904109589043,134.0,put,0.13,0.16,0.0,,,0.27046,-0.01742,0.00198,0.03382,-0.00597,-0.007,spy_options_2013.parquet,1174471
SPY,2013-10-17,2013-10-17T16:00:00-04:00,173.21,2013-12-31,75.04,0.20558904109589043,135.0,call,38.27,38.51,0.0,,,0.35669,0.93714,0.00266,0.07995,-0.01659,0.06085,spy_options_2013.parquet,1174472
SPY,2013-10-17,2013-10-17T16:00:00-04:00,173.21,2013-12-31,75.04,0.20558904109589043,135.0,put,0.14,0.17,0.0,,,0.26748,-0.01956,0.00224,0.0374,-0.00627,-0.00676,spy_options_2013.parquet,1174472
SPY,2013-10-17,2013-10-17T16:00:00-04:00,173.21,2013-12-31,75.04,0.20558904109589043,136.0,call,37.28,37.51,0.0,,,0.34654,0.93766,0.00285,0.08008,-0.01615,0.06413,spy_options_2013.parquet,1174473
SPY,2013-10-17,2013-10-17T16:00:00-04:00,173.21,2013-12-31,75.04,0.20558904109589043,136.0,put,0.12,0.19,0.0,,,0.26077,-0.01928,0.00236,0.0375,-0.00695,-0.00736,spy_options_2013.parquet,1174473
SPY,2013-10-17,2013-10-17T16:00:00-04:00,173.21,2013-12-31,75.04,0.20558904109589043,137.0,call,36.3,36.52,0.0,,,0.33818,0.93844,0.00309,0.08112,-0.01548,0.06726,spy_options_2013.parquet,1174474
SPY,2013-10-17,2013-10-17T16:00:00-04:00,173.21,2013-12-31,75.04,0.20558904109589043,137.0,put,0.16,0.19,0.19,30,,0.25912,-0.02226,0.00262,0.04158,-0.00695,-0.00853,spy_options_2013.parquet,1174474
SPY,2013-10-17,2013-10-17T16:00:00-04:00,173.21,2013-12-31,75.04,0.20558904109589043,138.0,call,35.31,35.54,0.0,,,0.32919,0.93784,0.00338,0.08179,-0.01497,0.07053,spy_options_2013.parquet,1174475
SPY,2013-10-17,2013-10-17T16:00:00-04:00,173.21,2013-12-31,75.04,0.20558904109589043,138.0,put,0.18,0.21,0.2,101,,0.25569,-0.02376,0.00277,0.04493,-0.00734,-0.00898,spy_options_2013.parquet,1174475
SPY,2013-10-17,2013-10-17T16:00:00-04:00,173.21,2013-12-31,75.04,0.20558904109589043,139.0,call,34.33,34.54,0.0,,,0.32146,0.9383,0.00363,0.08319,-0.01491,0.07393,spy_options_2013.parquet,1174476
SPY,2013-10-17,2013-10-17T16:00:00-04:00,173.21,2013-12-31,75.04,0.20558904109589043,139.0,put,0.18,0.22,0.0,,,0.25164,-0.0262,0.00305,0.0474,-0.00781,-0.01027,spy_options_2013.parquet,1174476
SPY,2013-10-17,2013-10-17T16:00:00-04:00,173.21,2013-12-31,75.04,0.20558904109589043,140.0,call,33.33,33.54,0.0,,,0.3118,0.93793,0.0039,0.08339,-0.01472,0.0768,spy_options_2013.parquet,1174477
SPY,2013-10-17,2013-10-17T16:00:00-04:00,173.21,2013-12-31,75.04,0.20558904109589043,140.0,put,0.19,0.24,0.21,270,,0.24774,-0.02776,0.00326,0.05071,-0.00836,-0.0106,spy_options_2013.parquet,1174477
SPY,2013-10-17,2013-10-17T16:00:00-04:00,173.21,2013-12-31,75.04,0.20558904109589043,141.0,call,32.35,32.55,0.0,,,0.30361,0.93708,0.0042,0.08511,-0.01426,0.08076,spy_options_2013.parquet,1174478
SPY,2013-10-17,2013-10-17T16:00:00-04:00,173.21,2013-12-31,75.04,0.20558904109589043,141.0,put,0.2,0.24,0.0,,,0.24097,-0.02915,0.0035,0.05292,-0.00904,-0.01073,spy_options_2013.parquet,1174478
SPY,2013-10-17,2013-10-17T16:00:00-04:00,173.21,2013-12-31,75.04,0.20558904109589043,142.0,call,31.34,31.56,0.0,,,0.297,0.93622,0.00456,0.08688,-0.01382,0.0855,spy_options_2013.parquet,1174479
SPY,2013-10-17,2013-10-17T16:00:00-04:00,173.21,2013-12-31,75.04,0.20558904109589043,142.0,put,0.23,0.28,0.0,,,0.23918,-0.03288,0.00386,0.05699,-0.00929,-0.01175,spy_options_2013.parquet,1174479
SPY,2013-10-17,2013-10-17T16:00:00-04:00,173.21,2013-12-31,75.04,0.20558904109589043,143.0,call,30.36,30.58,0.0,,,0.28876,0.93586,0.00492,0.08843,-0.01397,0.08947,spy_options_2013.parquet,1174480
SPY,2013-10-17,2013-10-17T16:00:00-04:00,173.21,2013-12-31,75.04,0.20558904109589043,143.0,put,0.24,0.27,0.26,10,,0.23237,-0.03378,0.0041,0.05949,-0.00903,-0.01259,spy_options_2013.parquet,1174480
SPY,2013-10-17,2013-10-17T16:00:00-04:00,173.21,2013-12-31,75.04,0.20558904109589043,144.0,call,29.36,29.6,0.0,,,0.28165,0.93499,0.00541,0.09062,-0.01337,0.09443,spy_options_2013.parquet,1174481
SPY,2013-10-17,2013-10-17T16:00:00-04:00,173.21,2013-12-31,75.04,0.20558904109589043,144.0,put,0.26,0.29,0.0,,,0.22869,-0.03657,0.00448,0.06343,-0.00963,-0.01371,spy_options_2013.parquet,1174481
SPY,2013-10-17,2013-10-17T16:00:00-04:00,173.21,2013-12-31,75.04,0.20558904109589043,145.0,call,28.38,28.6,27.91,1,,0.27338,0.93334,0.00581,0.09183,-0.01368,0.09941,spy_options_2013.parquet,1174482
SPY,2013-10-17,2013-10-17T16:00:00-04:00,173.21,2013-12-31,75.04,0.20558904109589043,145.0,put,0.28,0.31,0.0,,,0.22392,-0.03942,0.00486,0.06739,-0.00996,-0.01481,spy_options_2013.parquet,1174482
SPY,2013-10-17,2013-10-17T16:00:00-04:00,173.21,2013-12-31,75.04,0.20558904109589043,146.0,call,27.4,27.62,0.0,,,0.26671,0.93146,0.00629,0.09548,-0.01383,0.10496,spy_options_2013.parquet,1174483
SPY,2013-10-17,2013-10-17T16:00:00-04:00,173.21,2013-12-31,75.04,0.20558904109589043,146.0,put,0.3,0.33,0.0,,,0.22006,-0.04318,0.00523,0.07155,-0.01067,-0.01635,spy_options_2013.parquet,1174483
SPY,2013-10-17,2013-10-17T16:00:00-04:00,173.21,2013-12-31,75.04,0.20558904109589043,147.0,call,26.42,26.65,0.0,,,0.2604,0.9286,0.00682,0.09903,-0.01324,0.11003,spy_options_2013.parquet,1174484
SPY,2013-10-17,2013-10-17T16:00:00-04:00,173.21,2013-12-31,75.04,0.20558904109589043,147.0,put,0.32,0.36,0.42,2,,0.21534,-0.04671,0.00572,0.07734,-0.01076,-0.01741,spy_options_2013.parquet,1174484
SPY,2013-10-17,2013-10-17T16:00:00-04:00,173.21,2013-12-31,75.04,0.20558904109589043,148.0,call,25.44,25.68,0.0,,,0.2529,0.92668,0.00736,0.10288,-0.0136,0.11589,spy_options_2013.parquet,1174485
SPY,2013-10-17,2013-10-17T16:00:00-04:00,173.21,2013-12-31,75.04,0.20558904109589043,148.0,put,0.35,0.38,0.0,,,0.21101,-0.05083,0.00622,0.08182,-0.01146,-0.01919,spy_options_2013.parquet,1174485
SPY,2013-10-17,2013-10-17T16:00:00-04:00,173.21,2013-12-31,75.04,0.20558904109589043,149.0,call,24.46,24.69,0.0,,,0.24639,0.92375,0.00799,0.10619,-0.01356,0.12175,spy_options_2013.parquet,1174486
SPY,2013-10-17,2013-10-17T16:00:00-04:00,173.21,2013-12-31,75.04,0.20558904109589043,149.0,put,0.37,0.42,0.42,8,,0.20743,-0.05518,0.00683,0.08777,-0.01272,-0.02044,spy_options_2013.parquet,1174486
SPY,2013-10-17,2013-10-17T16:00:00-04:00,173.21,2013-12-31,75.04,0.20558904109589043,150.0,call,23.49,23.72,0.0,,,0.24078,0.91908,0.00873,0.11112,-0.01373,0.12745,spy_options_2013.parquet,1174487
SPY,2013-10-17,2013-10-17T16:00:00-04:00,173.21,2013-12-31,75.04,0.20558904109589043,150.0,put,0.41,0.45,0.44,581,,0.20395,-0.05991,0.00736,0.09392,-0.01349,-0.02238,spy_options_2013.parquet,1174487
SPY,2013-10-17,2013-10-17T16:00:00-04:00,173.21,2013-12-31,75.04,0.20558904109589043,151.0,call,22.51,22.76,22.16,2,,0.23455,0.9152,0.00946,0.11637,-0.01456,0.13362,spy_options_2013.parquet,1174488
SPY,2013-10-17,2013-10-17T16:00:00-04:00,173.21,2013-12-31,75.04,0.20558904109589043,151.0,put,0.43,0.49,0.48,32,,0.1989,-0.06456,0.00803,0.09931,-0.01318,-0.02392,spy_options_2013.parquet,1174488
SPY,2013-10-17,2013-10-17T16:00:00-04:00,173.21,2013-12-31,75.04,0.20558904109589043,152.0,call,21.55,21.8,0.0,,,0.22932,0.91009,0.01022,0.12259,-0.01424,0.14026,spy_options_2013.parquet,1174489
SPY,2013-10-17,2013-10-17T16:00:00-04:00,173.21,2013-12-31,75.04,0.20558904109589043,152.0,put,0.48,0.52,0.57,30,,0.19503,-0.07035,0.00873,0.10711,-0.0147,-0.02681,spy_options_2013.parquet,1174489
SPY,2013-10-17,2013-10-17T16:00:00-04:00,173.21,2013-12-31,75.04,0.20558904109589043,153.0,call,20.58,20.81,0.0,,,0.22305,0.90406,0.01104,0.12874,-0.01474,0.14612,spy_options_2013.parquet,1174490
SPY,2013-10-17,2013-10-17T16:00:00-04:00,173.21,2013-12-31,75.04,0.20558904109589043,153.0,put,0.52,0.58,0.0,,,0.19154,-0.07738,0.00965,0.11512,-0.01491,-0.02923,spy_options_2013.parquet,1174490
SPY,2013-10-17,2013-10-17T16:00:00-04:00,173.21,2013-12-31,75.04,0.20558904109589043,154.0,call,19.62,19.85,0.0,,,0.21685,0.89885,0.01197,0.13479,-0.01496,0.15128,spy_options_2013.parquet,1174491
SPY,2013-10-17,2013-10-17T16:00:00-04:00,173.21,2013-12-31,75.04,0.20558904109589043,154.0,put,0.57,0.62,0.6,316,,0.18749,-0.08557,0.01046,0.12312,-0.01626,-0.03223,spy_options_2013.parquet,1174491
SPY,2013-10-17,2013-10-17T16:00:00-04:00,173.21,2013-12-31,75.04,0.20558904109589043,155.0,call,18.67,18.91,17.95,25,,0.2117,0.8903,0.01298,0.14337,-0.01599,0.15754,spy_options_2013.parquet,1174492
SPY,2013-10-17,2013-10-17T16:00:00-04:00,173.21,2013-12-31,75.04,0.20558904109589043,155.0,put,0.65,0.67,0.64,,,0.18379,-0.09361,0.01144,0.13171,-0.01703,-0.03531,spy_options_2013.parquet,1174492
SPY,2013-10-17,2013-10-17T16:00:00-04:00,173.21,2013-12-31,75.04,0.20558904109589043,156.0,call,17.71,17.93,0.0,,,0.20535,0.88277,0.01393,0.15114,-0.01624,0.16245,spy_options_2013.parquet,1174493
SPY,2013-10-17,2013-10-17T16:00:00-04:00,173.21,2013-12-31,75.04,0.20558904109589043,156.0,put,0.7,0.73,0.77,,,0.18051,-0.10286,0.01251,0.1409,-0.01795,-0.03848,spy_options_2013.parquet,1174493
SPY,2013-10-17,2013-10-17T16:00:00-04:00,173.21,2013-12-31,75.04,0.20558904109589043,157.0,call,16.78,16.99,0.0,,,0.20038,0.87445,0.01512,0.15902,-0.01638,0.16809,spy_options_2013.parquet,1174494
SPY,2013-10-17,2013-10-17T16:00:00-04:00,173.21,2013-12-31,75.04,0.20558904109589043,157.0,put,0.77,0.82,0.93,30,,0.17637,-0.11208,0.01366,0.15058,-0.01853,-0.04203,spy_options_2013.parquet,1174494
SPY,2013-10-17,2013-10-17T16:00:00-04:00,173.21,2013-12-31,75.04,0.20558904109589043,158.0,call,15.84,16.07,0.0,,,0.19539,0.86322,0.01627,0.16885,-0.01698,0.17363,spy_options_2013.parquet,1174495
SPY,2013-10-17,2013-10-17T16:00:00-04:00,173.21,2013-12-31,75.04,0.20558904109589043,158.0,put,0.85,0.89,0.88,14,,0.17306,-0.12337,0.01492,0.16101,-0.01898,-0.04662,spy_options_2013.parquet,1174495
SPY,2013-10-17,2013-10-17T16:00:00-04:00,173.21,2013-12-31,75.04,0.20558904109589043,159.0,call,14.91,15.13,0.0,,,0.19027,0.85152,0.01759,0.17947,-0.01723,0.17783,spy_options_2013.parquet,1174496
SPY,2013-10-17,2013-10-17T16:00:00-04:00,173.21,2013-12-31,75.04,0.20558904109589043,159.0,put,0.93,0.98,1.02,650,,0.16972,-0.13644,0.01624,0.17271,-0.02083,-0.05146,spy_options_2013.parquet,1174496
SPY,2013-10-17,2013-10-17T16:00:00-04:00,173.21,2013-12-31,75.04,0.20558904109589043,160.0,call,13.98,14.22,14.11,7,,0.18518,0.83889,0.01892,0.19004,-0.01833,0.18294,spy_options_2013.parquet,1174497
SPY,2013-10-17,2013-10-17T16:00:00-04:00,173.21,2013-12-31,75.04,0.20558904109589043,160.0,put,1.03,1.08,1.04,683,,0.16604,-0.15015,0.01776,0.18407,-0.02112,-0.05579,spy_options_2013.parquet,1174497
SPY,2013-10-17,2013-10-17T16:00:00-04:00,173.21,2013-12-31,75.04,0.20558904109589043,161.0,call,13.08,13.31,0.0,,,0.18009,0.82435,0.02036,0.20099,-0.01868,0.18604,spy_options_2013.parquet,1174498
SPY,2013-10-17,2013-10-17T16:00:00-04:00,173.21,2013-12-31,75.04,0.20558904109589043,161.0,put,1.15,1.19,1.24,544,,0.16224,-0.16485,0.0193,0.19605,-0.02274,-0.06159,spy_options_2013.parquet,1174498
SPY,2013-10-17,2013-10-17T16:00:00-04:00,173.21,2013-12-31,75.04,0.20558904109589043,162.0,call,12.18,12.41,0.0,,,0.17567,0.80856,0.02193,0.21139,-0.01972,0.18898,spy_options_2013.parquet,1174499
SPY,2013-10-17,2013-10-17T16:00:00-04:00,173.21,2013-12-31,75.04,0.20558904109589043,162.0,put,1.27,1.31,1.38,348,,0.15873,-0.18191,0.02096,0.20817,-0.02377,-0.06864,spy_options_2013.parquet,1174499
SPY,2013-10-17,2013-10-17T16:00:00-04:00,173.21,2013-12-31,75.04,0.20558904109589043,163.0,call,11.32,11.43,0.0,,,0.16877,0.794,0.02373,0.22196,-0.01938,0.19161,spy_options_2013.parquet,1174500
SPY,2013-10-17,2013-10-17T16:00:00-04:00,173.21,2013-12-31,75.04,0.20558904109589043,163.0,put,1.42,1.46,1.53,86,,0.15541,-0.20085,0.0228,0.22132,-0.02477,-0.0751,spy_options_2013.parquet,1174500
SPY,2013-10-17,2013-10-17T16:00:00-04:00,173.21,2013-12-31,75.04,0.20558904109589043,164.0,call,10.45,10.55,10.21,1,,0.16427,0.77446,0.02546,0.23364,-0.0199,0.19297,spy_options_2013.parquet,1174501
SPY,2013-10-17,2013-10-17T16:00:00-04:00,173.21,2013-12-31,75.04,0.20558904109589043,164.0,put,1.56,1.6,1.62,123,,0.15218,-0.22076,0.02466,0.23394,-0.02568,-0.08273,spy_options_2013.parquet,1174501
SPY,2013-10-17,2013-10-17T16:00:00-04:00,173.21,2013-12-31,75.04,0.20558904109589043,165.0,call,9.61,9.69,9.53,387,,0.15983,0.75332,0.02735,0.24643,-0.02106,0.19386,spy_options_2013.parquet,1174502
SPY,2013-10-17,2013-10-17T16:00:00-04:00,173.21,2013-12-31,75.04,0.20558904109589043,165.0,put,1.74,1.78,1.75,638,,0.149,-0.24414,0.02654,0.24724,-0.02668,-0.09133,spy_options_2013.parquet,1174502
SPY,2013-10-17,2013-10-17T16:00:00-04:00,173.21,2013-12-31,75.04,0.20558904109589043,166.0,call,8.78,8.86,8.24,20,,0.15469,0.72976,0.02921,0.25873,-0.02097,0.19353,spy_options_2013.parquet,1174503
SPY,2013-10-17,2013-10-17T16:00:00-04:00,173.21,2013-12-31,75.04,0.20558904109589043,166.0,put,1.92,1.97,2.11,108,,0.14596,-0.26788,0.0286,0.26016,-0.02704,-0.10059,spy_options_2013.parquet,1174503
SPY,2013-10-17,2013-10-17T16:00:00-04:00,173.21,2013-12-31,75.04,0.20558904109589043,167.0,call,7.99,8.04,7.84,360,,0.15116,0.70334,0.03104,0.27043,-0.02183,0.19173,spy_options_2013.parquet,1174504
SPY,2013-10-17,2013-10-17T16:00:00-04:00,173.21,2013-12-31,75.04,0.20558904109589043,167.0,put,2.15,2.19,2.34,75,,0.14266,-0.29484,0.03067,0.27178,-0.02862,-0.11048,spy_options_2013.parquet,1174504
SPY,2013-10-17,2013-10-17T16:00:00-04:00,173.21,2013-12-31,75.04,0.20558904109589043,168.0,call,7.18,7.28,7.22,432,,0.14724,0.67493,0.0329,0.28142,-0.02265,0.18988,spy_options_2013.parquet,1174505
SPY,2013-10-17,2013-10-17T16:00:00-04:00,173.21,2013-12-31,75.04,0.20558904109589043,168.0,put,2.4,2.45,2.41,242,,0.13909,-0.32507,0.03256,0.28362,-0.02925,-0.12161,spy_options_2013.parquet,1174505
SPY,2013-10-17,2013-10-17T16:00:00-04:00,173.21,2013-12-31,75.04,0.20558904109589043,169.0,call,6.44,6.5,6.49,124,,0.14263,0.64451,0.03476,0.29163,-0.02299,0.18558,spy_options_2013.parquet,1174506
SPY,2013-10-17,2013-10-17T16:00:00-04:00,173.21,2013-12-31,75.04,0.20558904109589043,169.0,put,2.68,2.72,2.68,474,,0.13584,-0.3563,0.03455,0.29375,-0.0299,-0.13444,spy_options_2013.parquet,1174506
SPY,2013-10-17,2013-10-17T16:00:00-04:00,173.21,2013-12-31,75.04,0.20558904109589043,170.0,call,5.71,5.78,5.76,675,,0.13869,0.61091,0.03662,0.30053,-0.02319,0.18052,spy_options_2013.parquet,1174507
SPY,2013-10-17,2013-10-17T16:00:00-04:00,173.21,2013-12-31,75.04,0.20558904109589043,170.0,put,2.98,3.04,2.98,,,0.1335,-0.39101,0.03633,0.30239,-0.02971,-0.14674,spy_options_2013.parquet,1174507
SPY,2013-10-17,2013-10-17T16:00:00-04:00,173.21,2013-12-31,75.04,0.20558904109589043,175.0,call,2.7,2.74,2.74,,,0.12026,0.41078,0.04156,0.30645,-0.02091,0.13341,spy_options_2013.parquet,1174508
SPY,2013-10-17,2013-10-17T16:00:00-04:00,173.21,2013-12-31,75.04,0.20558904109589043,175.0,put,5.11,5.19,5.3,,,0.12022,-0.58892,0.04079,0.30585,-0.0292,-0.22262,spy_options_2013.parquet,1174508
SPY,2013-10-17,2013-10-17T16:00:00-04:00,173.21,2013-12-31,75.04,0.20558904109589043,180.0,call,0.93,0.97,0.93,,,0.10805,0.20287,0.03314,0.2231,-0.01425,0.06944,spy_options_2013.parquet,1174509
SPY,2013-10-17,2013-10-17T16:00:00-04:00,173.21,2013-12-31,75.04,0.20558904109589043,180.0,put,8.39,8.63,8.65,10,,0.11292,-0.78337,0.03238,0.22936,-0.02394,-0.30028,spy_options_2013.parquet,1174509
SPY,2013-10-17,2013-10-17T16:00:00-04:00,173.21,2013-12-31,75.04,0.20558904109589043,185.0,call,0.26,0.3,0.23,200,,0.10536,0.07639,0.01723,0.11477,-0.00724,0.02702,spy_options_2013.parquet,1174510
SPY,2013-10-17,2013-10-17T16:00:00-04:00,173.21,2013-12-31,75.04,0.20558904109589043,185.0,put,12.85,13.03,0.0,,,0.12002,-0.89019,0.01926,0.14444,-0.01884,-0.3474,spy_options_2013.parquet,1174510
SPY,2013-10-17,2013-10-17T16:00:00-04:00,173.21,2013-12-31,75.04,0.20558904109589043,190.0,call,0.08,0.12,0.08,239,,0.11119,0.02952,0.0078,0.05409,-0.00318,0.01033,spy_options_2013.parquet,1174511
SPY,2013-10-17,2013-10-17T16:00:00-04:00,173.21,2013-12-31,75.04,0.20558904109589043,190.0,put,17.6,17.93,0.0,,,0.13762,-0.93018,0.01172,0.10043,-0.01709,-0.37211,spy_options_2013.parquet,1174511
SPY,2013-10-17,2013-10-17T16:00:00-04:00,173.21,2013-12-31,75.04,0.20558904109589043,195.0,call,0.01,0.07,0.0,,,0.11846,0.01275,0.00341,0.02587,-0.00159,0.0047,spy_options_2013.parquet,1174512
SPY,2013-10-17,2013-10-17T16:00:00-04:00,173.21,2013-12-31,75.04,0.20558904109589043,195.0,put,22.58,22.82,0.0,,,0.15768,-0.94745,0.00804,0.07866,-0.01696,-0.38935,spy_options_2013.parquet,1174512
SPY,2013-10-17,2013-10-17T16:00:00-04:00,173.21,2014-01-17,92.04,0.25216438356164383,117.0,call,56.21,56.43,0.0,,,0.50854,0.92314,0.00089,0.09221,-0.02284,0.04231,spy_options_2013.parquet,1174554
SPY,2013-10-17,2013-10-17T16:00:00-04:00,173.21,2014-01-17,92.04,0.25216438356164383,117.0,put,0.06,0.07,0.0,,,0.32537,-0.00709,0.00073,0.01727,-0.00324,-0.00381,spy_options_2013.parquet,1174554
SPY,2013-10-17,2013-10-17T16:00:00-04:00,173.21,2014-01-17,92.04,0.25216438356164383,118.0,call,55.22,55.43,0.0,,,0.49609,0.92463,0.00098,0.09141,-0.02242,0.04227,spy_options_2013.parquet,1174555
SPY,2013-10-17,2013-10-17T16:00:00-04:00,173.21,2014-01-17,92.04,0.25216438356164383,118.0,put,0.08,0.09,0.1,1,,0.32458,-0.00818,0.00081,0.01914,-0.00302,-0.00399,spy_options_2013.parquet,1174555
SPY,2013-10-17,2013-10-17T16:00:00-04:00,173.21,2014-01-17,92.04,0.25216438356164383,119.0,call,54.21,54.43,0.0,,,0.48585,0.92547,0.00098,0.09196,-0.02208,0.04405,spy_options_2013.parquet,1174556
SPY,2013-10-17,2013-10-17T16:00:00-04:00,173.21,2014-01-17,92.04,0.25216438356164383,119.0,put,0.06,0.1,0.0,,,0.31973,-0.00891,0.00087,0.02055,-0.00405,-0.00364,spy_options_2013.parquet,1174556
SPY,2013-10-17,2013-10-17T16:00:00-04:00,173.21,2014-01-17,92.04,0.25216438356164383,120.0,call,53.22,53.45,0.0,,,0.47311,0.92661,0.00105,0.09099,-0.0208,0.04499,spy_options_2013.parquet,1174557
SPY,2013-10-17,2013-10-17T16:00:00-04:00,173.21,2014-01-17,92.04,0.25216438356164383,120.0,put,0.08,0.1,0.1,1,,0.31783,-0.00974,0.00089,0.02289,-0.00349,-0.00428,spy_options_2013.parquet,1174557
SPY,2013-10-17,2013-10-17T16:00:00-04:00,173.21,2014-01-17,92.04,0.25216438356164383,121.0,call,52.22,52.46,0.0,,,0.46211,0.92677,0.00114,0.09086,-0.02056,0.04634,spy_options_2013.parquet,1174558
SPY,2013-10-17,2013-10-17T16:00:00-04:00,173.21,2014-01-17,92.04,0.25216438356164383,121.0,put,0.08,0.11,0.0,,,0.31379,-0.01068,0.00097,0.02414,-0.0036,-0.00427,spy_options_2013.parquet,1174558
SPY,2013-10-17,2013-10-17T16:00:00-04:00,173.21,2014-01-17,92.04,0.25216438356164383,122.0,call,51.22,51.45,0.0,,,0.45157,0.92801,0.00117,0.09021,-0.01959,0.04818,spy_options_2013.parquet,1174559
SPY,2013-10-17,2013-10-17T16:00:00-04:00,173.21,2014-01-17,92.04,0.25216438356164383,122.0,put,0.09,0.13,0.0,,,0.30946,-0.01034,0.00107,0.025,-0.00428,-0.00548,spy_options_2013.parquet,1174559
SPY,2013-10-17,2013-10-17T16:00:00-04:00,173.21,2014-01-17,92.04,0.25216438356164383,123.0,call,50.23,50.46,0.0,,,0.43949,0.92884,0.00133,0.08972,-0.01863,0.0492,spy_options_2013.parquet,1174560
SPY,2013-10-17,2013-10-17T16:00:00-04:00,173.21,2014-01-17,92.04,0.25216438356164383,123.0,put,0.1,0.15,0.0,,,0.3106,-0.01226,0.00122,0.02886,-0.00443,-0.00631,spy_options_2013.parquet,1174560
SPY,2013-10-17,2013-10-17T16:00:00-04:00,173.21,2014-01-17,92.04,0.25216438356164383,124.0,call,49.23,49.46,0.0,,,0.4301,0.92974,0.00137,0.08941,-0.01884,0.05123,spy_options_2013.parquet,1174561
SPY,2013-10-17,2013-10-17T16:00:00-04:00,173.21,2014-01-17,92.04,0.25216438356164383,124.0,put,0.1,0.13,0.0,,,0.30041,-0.01192,0.00119,0.02703,-0.00428,-0.00519,spy_options_2013.parquet,1174561
SPY,2013-10-17,2013-10-17T16:00:00-04:00,173.21,2014-01-17,92.04,0.25216438356164383,125.0,call,48.24,48.47,0.0,,,0.41856,0.93102,0.0015,0.08963,-0.01785,0.05266,spy_options_2013.parquet,1174562
SPY,2013-10-17,2013-10-17T16:00:00-04:00,173.21,2014-01-17,92.04,0.25216438356164383,125.0,put,0.13,0.15,0.12,62,,0.29859,-0.01344,0.00129,0.03019,-0.0054,-0.00595,spy_options_2013.parquet,1174562
SPY,2013-10-17,2013-10-17T16:00:00-04:00,173.21,2014-01-17,92.04,0.25216438356164383,126.0,call,47.24,47.47,0.0,,,0.40896,0.93179,0.00157,0.08903,-0.01753,0.05456,spy_options_2013.parquet,1174563
SPY,2013-10-17,2013-10-17T16:00:00-04:00,173.21,2014-01-17,92.04,0.25216438356164383,126.0,put,0.13,0.14,0.0,,,0.29453,-0.01443,0.00141,0.03134,-0.00488,-0.00692,spy_options_2013.parquet,1174563
SPY,2013-10-17,2013-10-17T16:00:00-04:00,173.21,2014-01-17,92.04,0.25216438356164383,127.0,call,46.26,46.47,0.0,,,0.39917,0.93237,0.00165,0.08907,-0.01661,0.05558,spy_options_2013.parquet,1174564
SPY,2013-10-17,2013-10-17T16:00:00-04:00,173.21,2014-01-17,92.04,0.25216438356164383,127.0,put,0.13,0.15,0.0,,,0.28952,-0.01465,0.0015,0.03266,-0.00473,-0.00739,spy_options_2013.parquet,1174564
SPY,2013-10-17,2013-10-17T16:00:00-04:00,173.21,2014-01-17,92.04,0.25216438356164383,128.0,call,45.26,45.48,0.0,,,0.38972,0.93305,0.00178,0.08896,-0.01646,0.059,spy_options_2013.parquet,1174565
SPY,2013-10-17,2013-10-17T16:00:00-04:00,173.21,2014-01-17,92.04,0.25216438356164383,128.0,put,0.13,0.16,0.0,,,0.28447,-0.01555,0.0016,0.03431,-0.00541,-0.00696,spy_options_2013.parquet,1174565
SPY,2013-10-17,2013-10-17T16:00:00-04:00,173.21,2014-01-17,92.04,0.25216438356164383,129.0,call,44.26,44.49,0.0,,,0.38002,0.93447,0.0019,0.08839,-0.01571,0.06049,spy_options_2013.parquet,1174566
SPY,2013-10-17,2013-10-17T16:00:00-04:00,173.21,2014-01-17,92.04,0.25216438356164383,129.0,put,0.14,0.17,0.18,295,,0.28181,-0.01732,0.00174,0.03733,-0.00573,-0.00828,spy_options_2013.parquet,1174566
SPY,2013-10-17,2013-10-17T16:00:00-04:00,173.21,2014-01-17,92.04,0.25216438356164383,130.0,call,43.27,43.5,0.0,,,0.37018,0.93514,0.00211,0.08864,-0.01512,0.06306,spy_options_2013.parquet,1174567
SPY,2013-10-17,2013-10-17T16:00:00-04:00,173.21,2014-01-17,92.04,0.25216438356164383,130.0,put,0.16,0.18,0.18,60,,0.27939,-0.01836,0.00191,0.03986,-0.00567,-0.00904,spy_options_2013.parquet,1174567
SPY,2013-10-17,2013-10-17T16:00:00-04:00,173.21,2014-01-17,92.04,0.25216438356164383,131.0,call,42.27,42.51,0.0,,,0.36196,0.93506,0.00225,0.08891,-0.01484,0.06661,spy_options_2013.parquet,1174568
SPY,2013-10-17,2013-10-17T16:00:00-04:00,173.21,2014-01-17,92.04,0.25216438356164383,131.0,put,0.17,0.19,0.0,,,0.27384,-0.02008,0.00203,0.04171,-0.00594,-0.00941,spy_options_2013.parquet,1174568
SPY,2013-10-17,2013-10-17T16:00:00-04:00,173.21,2014-01-17,92.04,0.25216438356164383,132.0,call,41.29,41.51,0.0,,,0.35181,0.93604,0.00236,0.08877,-0.01477,0.06902,spy_options_2013.parquet,1174569
SPY,2013-10-17,2013-10-17T16:00:00-04:00,173.21,2014-01-17,92.04,0.25216438356164383,132.0,put,0.18,0.2,0.21,36,,0.26959,-0.02081,0.00216,0.04399,-0.00609,-0.00971,spy_options_2013.parquet,1174569
SPY,2013-10-17,2013-10-17T16:00:00-04:00,173.21,2014-01-17,92.04,0.25216438356164383,133.0,call,40.29,40.51,0.0,,,0.34365,0.93666,0.00251,0.08933,-0.0142,0.07162,spy_options_2013.parquet,1174570
SPY,2013-10-17,2013-10-17T16:00:00-04:00,173.21,2014-01-17,92.04,0.25216438356164383,133.0,put,0.18,0.22,0.22,501,,0.26611,-0.02255,0.00232,0.04649,-0.00637,-0.01025,spy_options_2013.parquet,1174570
SPY,2013-10-17,2013-10-17T16:00:00-04:00,173.21,2014-01-17,92.04,0.25216438356164383,134.0,call,39.3,39.52,0.0,,,0.33498,0.93619,0.00274,0.08992,-0.01339,0.07564,spy_options_2013.parquet,1174571
SPY,2013-10-17,2013-10-17T16:00:00-04:00,173.21,2014-01-17,92.04,0.25216438356164383,134.0,put,0.2,0.24,0.24,306,,0.26197,-0.0235,0.00245,0.04915,-0.00697,-0.01149,spy_options_2013.parquet,1174571
SPY,2013-10-17,2013-10-17T16:00:00-04:00,173.21,2014-01-17,92.04,0.25216438356164383,135.0,call,38.31,38.53,0.0,,,0.32696,0.93647,0.00296,0.09049,-0.01346,0.07955,spy_options_2013.parquet,1174572
SPY,2013-10-17,2013-10-17T16:00:00-04:00,173.21,2014-01-17,92.04,0.25216438356164383,135.0,put,0.23,0.26,0.25,,,0.2601,-0.02655,0.00273,0.05403,-0.00799,-0.01233,spy_options_2013.parquet,1174572
SPY,2013-10-17,2013-10-17T16:00:00-04:00,173.21,2014-01-17,92.04,0.25216438356164383,136.0,call,37.33,37.54,0.0,,,0.31878,0.9367,0.00318,0.09134,-0.01358,0.08346,spy_options_2013.parquet,1174573
SPY,2013-10-17,2013-10-17T16:00:00-04:00,173.21,2014-01-17,92.04,0.25216438356164383,136.0,put,0.23,0.25,0.0,,,0.25355,-0.02689,0.00286,0.05516,-0.00773,-0.0124,spy_options_2013.parquet,1174573
SPY,2013-10-17,2013-10-17T16:00:00-04:00,173.21,2014-01-17,92.04,0.25216438356164383,137.0,call,36.33,36.54,0.0,,,0.31099,0.93696,0.00338,0.09169,-0.01287,0.08765,spy_options_2013.parquet,1174574
SPY,2013-10-17,2013-10-17T16:00:00-04:00,173.21,2014-01-17,92.04,0.25216438356164383,137.0,put,0.26,0.26,0.28,871,,0.2498,-0.02965,0.00306,0.0589,-0.00765,-0.01353,spy_options_2013.parquet,1174574
SPY,2013-10-17,2013-10-17T16:00:00-04:00,173.21,2014-01-17,92.04,0.25216438356164383,138.0,call,35.33,35.55,0.0,,,0.30349,0.93662,0.00361,0.09322,-0.01278,0.09173,spy_options_2013.parquet,1174575
SPY,2013-10-17,2013-10-17T16:00:00-04:00,173.21,2014-01-17,92.04,0.25216438356164383,138.0,put,0.26,0.29,0.3,54,,0.24664,-0.03209,0.00332,0.06204,-0.00884,-0.01514,spy_options_2013.parquet,1174575
SPY,2013-10-17,2013-10-17T16:00:00-04:00,173.21,2014-01-17,92.04,0.25216438356164383,139.0,call,34.35,34.57,0.0,,,0.29516,0.9365,0.00394,0.09402,-0.01278,0.09616,spy_options_2013.parquet,1174576
SPY,2013-10-17,2013-10-17T16:00:00-04:00,173.21,2014-01-17,92.04,0.25216438356164383,139.0,put,0.27,0.31,0.32,21,,0.24236,-0.03352,0.00355,0.06608,-0.00849,-0.01534,spy_options_2013.parquet,1174576
SPY,2013-10-17,2013-10-17T16:00:00-04:00,173.21,2014-01-17,92.04,0.25216438356164383,140.0,call,33.36,33.58,33.5,90,,0.28848,0.93572,0.00423,0.09566,-0.01225,0.10176,spy_options_2013.parquet,1174577
SPY,2013-10-17,2013-10-17T16:00:00-04:00,173.21,2014-01-17,92.04,0.25216438356164383,140.0,put,0.32,0.33,0.31,,,0.23965,-0.03699,0.00387,0.07076,-0.00988,-0.01747,spy_options_2013.parquet,1174577
SPY,2013-10-17,2013-10-17T16:00:00-04:00,173.21,2014-01-17,92.04,0.25216438356164383,141.0,call,32.37,32.6,0.0,,,0.28117,0.93479,0.00452,0.09771,-0.01218,0.10645,spy_options_2013.parquet,1174578
SPY,2013-10-17,2013-10-17T16:00:00-04:00,173.21,2014-01-17,92.04,0.25216438356164383,141.0,put,0.32,0.35,0.35,,,0.23434,-0.03851,0.0041,0.07314,-0.00938,-0.01835,spy_options_2013.parquet,1174578
SPY,2013-10-17,2013-10-17T16:00:00-04:00,173.21,2014-01-17,92.04,0.25216438356164383,142.0,call,31.39,31.61,0.0,,,0.27448,0.93405,0.00497,0.09929,-0.01172,0.11202,spy_options_2013.parquet,1174579
SPY,2013-10-17,2013-10-17T16:00:00-04:00,173.21,2014-01-17,92.04,0.25216438356164383,142.0,put,0.35,0.39,0.38,,,0.23257,-0.04229,0.00446,0.0797,-0.01034,-0.01942,spy_options_2013.parquet,1174579
SPY,2013-10-17,2013-10-17T16:00:00-04:00,173.21,2014-01-17,92.04,0.25216438356164383,143.0,call,30.4,30.63,28.81,6,,0.26803,0.93238,0.0053,0.10251,-0.0123,0.11735,spy_options_2013.parquet,1174580
SPY,2013-10-17,2013-10-17T16:00:00-04:00,173.21,2014-01-17,92.04,0.25216438356164383,143.0,put,0.36,0.4,0.0,,,0.22768,-0.04508,0.00481,0.08266,-0.01036,-0.02052,spy_options_2013.parquet,1174580
SPY,2013-10-17,2013-10-17T16:00:00-04:00,173.21,2014-01-17,92.04,0.25216438356164383,144.0,call,29.42,29.65,0.0,,,0.26135,0.9304,0.00574,0.10486,-0.01162,0.12306,spy_options_2013.parquet,1174581
SPY,2013-10-17,2013-10-17T16:00:00-04:00,173.21,2014-01-17,92.04,0.25216438356164383,144.0,put,0.4,0.42,0.4,11,,0.22282,-0.04819,0.00519,0.08794,-0.0113,-0.02237,spy_options_2013.parquet,1174581
SPY,2013-10-17,2013-10-17T16:00:00-04:00,173.21,2014-01-17,92.04,0.25216438356164383,145.0,call,28.44,28.67,26.9,3,,0.25471,0.92929,0.00617,0.10855,-0.01206,0.12968,spy_options_2013.parquet,1174582
SPY,2013-10-17,2013-10-17T16:00:00-04:00,173.21,2014-01-17,92.04,0.25216438356164383,145.0,put,0.41,0.45,0.45,219,,0.21871,-0.05202,0.00555,0.09262,-0.01142,-0.02444,spy_options_2013.parquet,1174582
SPY,2013-10-17,2013-10-17T16:00:00-04:00,173.21,2014-01-17,92.04,0.25216438356164383,146.0,call,27.48,27.69,0.0,,,0.24839,0.92617,0.00666,0.11224,-0.01236,0.13643,spy_options_2013.parquet,1174583
SPY,2013-10-17,2013-10-17T16:00:00-04:00,173.21,2014-01-17,92.04,0.25216438356164383,146.0,put,0.45,0.48,0.5,51,,0.21594,-0.05625,0.00601,0.09841,-0.01164,-0.02619,spy_options_2013.parquet,1174583
SPY,2013-10-17,2013-10-17T16:00:00-04:00,173.21,2014-01-17,92.04,0.25216438356164383,147.0,call,26.49,26.67,0.0,,,0.24177,0.92483,0.00713,0.11476,-0.01133,0.14032,spy_options_2013.parquet,1174584
SPY,2013-10-17,2013-10-17T16:00:00-04:00,173.21,2014-01-17,92.04,0.25216438356164383,147.0,put,0.5,0.52,0.54,,,0.21227,-0.06102,0.00646,0.10436,-0.01216,-0.02794,spy_options_2013.parquet,1174584
SPY,2013-10-17,2013-10-17T16:00:00-04:00,173.21,2014-01-17,92.04,0.25216438356164383,148.0,call,25.53,25.7,0.0,,,0.23653,0.92124,0.00775,0.12051,-0.01154,0.14846,spy_options_2013.parquet,1174585
SPY,2013-10-17,2013-10-17T16:00:00-04:00,173.21,2014-01-17,92.04,0.25216438356164383,148.0,put,0.52,0.56,0.61,20,,0.20845,-0.06472,0.00697,0.11128,-0.01313,-0.03051,spy_options_2013.parquet,1174585
SPY,2013-10-17,2013-10-17T16:00:00-04:00,173.21,2014-01-17,92.04,0.25216438356164383,149.0,call,24.55,24.75,0.0,,,0.23085,0.91735,0.00838,0.12629,-0.01236,0.15602,spy_options_2013.parquet,1174586
SPY,2013-10-17,2013-10-17T16:00:00-04:00,173.21,2014-01-17,92.04,0.25216438356164383,149.0,put,0.56,0.6,0.61,20,,0.20442,-0.07063,0.00756,0.11748,-0.01365,-0.03238,spy_options_2013.parquet,1174586
SPY,2013-10-17,2013-10-17T16:00:00-04:00,173.21,2014-01-17,92.04,0.25216438356164383,150.0,call,23.58,23.75,23.66,19,,0.22497,0.91279,0.00909,0.13077,-0.01254,0.16191,spy_options_2013.parquet,1174587
SPY,2013-10-17,2013-10-17T16:00:00-04:00,173.21,2014-01-17,92.04,0.25216438356164383,150.0,put,0.61,0.64,0.63,,,0.20097,-0.07608,0.00813,0.12466,-0.01428,-0.03544,spy_options_2013.parquet,1174587
SPY,2013-10-17,2013-10-17T16:00:00-04:00,173.21,2014-01-17,92.04,0.25216438356164383,151.0,call,22.6,22.81,0.0,,,0.22037,0.90837,0.00975,0.13769,-0.01306,0.16957,spy_options_2013.parquet,1174588
SPY,2013-10-17,2013-10-17T16:00:00-04:00,173.21,2014-01-17,92.04,0.25216438356164383,151.0,put,0.65,0.69,0.67,737,,0.1974,-0.08215,0.00885,0.1331,-0.01422,-0.03784,spy_options_2013.parquet,1174588
SPY,2013-10-17,2013-10-17T16:00:00-04:00,173.21,2014-01-17,92.04,0.25216438356164383,152.0,call,21.66,21.83,0.0,,,0.21478,0.90225,0.01054,0.14514,-0.01302,0.17692,spy_options_2013.parquet,1174589
SPY,2013-10-17,2013-10-17T16:00:00-04:00,173.21,2014-01-17,92.04,0.25216438356164383,152.0,put,0.72,0.74,0.76,349,,0.19396,-0.08963,0.0095,0.14072,-0.01488,-0.04158,spy_options_2013.parquet,1174589
SPY,2013-10-17,2013-10-17T16:00:00-04:00,173.21,2014-01-17,92.04,0.25216438356164383,153.0,call,20.7,20.89,0.0,,,0.20973,0.89565,0.01141,0.1526,-0.01324,0.18459,spy_options_2013.parquet,1174590
SPY,2013-10-17,2013-10-17T16:00:00-04:00,173.21,2014-01-17,92.04,0.25216438356164383,153.0,put,0.78,0.81,0.84,821,,0.1907,-0.09691,0.01028,0.1498,-0.01594,-0.04503,spy_options_2013.parquet,1174590
SPY,2013-10-17,2013-10-17T16:00:00-04:00,173.21,2014-01-17,92.04,0.25216438356164383,154.0,call,19.75,19.93,0.0,,,0.20508,0.8881,0.01222,0.16082,-0.01427,0.19091,spy_options_2013.parquet,1174591
SPY,2013-10-17,2013-10-17T16:00:00-04:00,173.21,2014-01-17,92.04,0.25216438356164383,154.0,put,0.83,0.87,0.86,930,,0.18657,-0.10554,0.0112,0.15893,-0.01635,-0.0488,spy_options_2013.parquet,1174591
SPY,2013-10-17,2013-10-17T16:00:00-04:00,173.21,2014-01-17,92.04,0.25216438356164383,155.0,call,18.82,19.0,18.45,17,,0.20031,0.87913,0.01311,0.17054,-0.01483,0.19822,spy_options_2013.parquet,1174592
SPY,2013-10-17,2013-10-17T16:00:00-04:00,173.21,2014-01-17,92.04,0.25216438356164383,155.0,put,0.91,0.95,0.93,,,0.18325,-0.11433,0.01209,0.16859,-0.01725,-0.05302,spy_options_2013.parquet,1174592
SPY,2013-10-17,2013-10-17T16:00:00-04:00,173.21,2014-01-17,92.04,0.25216438356164383,156.0,call,17.87,18.1,16.64,5,,0.1965,0.86937,0.01412,0.18026,-0.01468,0.20544,spy_options_2013.parquet,1174593
SPY,2013-10-17,2013-10-17T16:00:00-04:00,173.21,2014-01-17,92.04,0.25216438356164383,156.0,put,0.99,1.02,1.0,403,,0.17938,-0.12361,0.01304,0.17869,-0.01836,-0.05687,spy_options_2013.parquet,1174593
SPY,2013-10-17,2013-10-17T16:00:00-04:00,173.21,2014-01-17,92.04,0.25216438356164383,157.0,call,16.96,17.13,16.5,70,,0.19139,0.86024,0.01521,0.18956,-0.01548,0.2103,spy_options_2013.parquet,1174594
SPY,2013-10-17,2013-10-17T16:00:00-04:00,173.21,2014-01-17,92.04,0.25216438356164383,157.0,put,1.08,1.11,1.07,,,0.17635,-0.13541,0.01409,0.18983,-0.01908,-0.06266,spy_options_2013.parquet,1174594
SPY,2013-10-17,2013-10-17T16:00:00-04:00,173.21,2014-01-17,92.04,0.25216438356164383,158.0,call,16.03,16.22,0.0,,,0.18696,0.84916,0.01628,0.20039,-0.01636,0.21637,spy_options_2013.parquet,1174595
SPY,2013-10-17,2013-10-17T16:00:00-04:00,173.21,2014-01-17,92.04,0.25216438356164383,158.0,put,1.18,1.22,1.17,536,,0.17308,-0.14706,0.01518,0.20106,-0.02012,-0.06748,spy_options_2013.parquet,1174595
SPY,2013-10-17,2013-10-17T16:00:00-04:00,173.21,2014-01-17,92.04,0.25216438356164383,159.0,call,15.11,15.3,14.7,6,,0.18259,0.83712,0.01744,0.2109,-0.01599,0.22172,spy_options_2013.parquet,1174596
SPY,2013-10-17,2013-10-17T16:00:00-04:00,173.21,2014-01-17,92.04,0.25216438356164383,159.0,put,1.28,1.33,1.3,813,,0.16956,-0.15941,0.01634,0.21204,-0.02086,-0.07393,spy_options_2013.parquet,1174596
SPY,2013-10-17,2013-10-17T16:00:00-04:00,173.21,2014-01-17,92.04,0.25216438356164383,160.0,call,14.22,14.39,14.34,62,,0.17818,0.82436,0.0187,0.22216,-0.01664,0.22604,spy_options_2013.parquet,1174597
SPY,2013-10-17,2013-10-17T16:00:00-04:00,173.21,2014-01-17,92.04,0.25216438356164383,160.0,put,1.4,1.45,1.42,,,0.16714,-0.17447,0.01757,0.22408,-0.02157,-0.08077,spy_options_2013.parquet,1174597
SPY,2013-10-17,2013-10-17T16:00:00-04:00,173.21,2014-01-17,92.04,0.25216438356164383,161.0,call,13.33,13.49,13.0,49,,0.17453,0.80844,0.02001,0.23469,-0.01727,0.22907,spy_options_2013.parquet,1174598
SPY,2013-10-17,2013-10-17T16:00:00-04:00,173.21,2014-01-17,92.04,0.25216438356164383,161.0,put,1.54,1.56,1.56,883,,0.1633,-0.1898,0.01894,0.23667,-0.02243,-0.08765,spy_options_2013.parquet,1174598
SPY,2013-10-17,2013-10-17T16:00:00-04:00,173.21,2014-01-17,92.04,0.25216438356164383,162.0,call,12.44,12.66,12.0,72,,0.17047,0.79192,0.02131,0.24706,-0.01773,0.23238,spy_options_2013.parquet,1174599
SPY,2013-10-17,2013-10-17T16:00:00-04:00,173.21,2014-01-17,92.04,0.25216438356164383,162.0,put,1.68,1.71,1.74,,,0.16005,-0.20605,0.02031,0.24931,-0.02357,-0.09558,spy_options_2013.parquet,1174599
SPY,2013-10-17,2013-10-17T16:00:00-04:00,173.21,2014-01-17,92.04,0.25216438356164383,163.0,call,11.58,11.71,11.5,23,,0.1648,0.77572,0.02277,0.25764,-0.01818,0.23417,spy_options_2013.parquet,1174600
SPY,2013-10-17,2013-10-17T16:00:00-04:00,173.21,2014-01-17,92.04,0.25216438356164383,163.0,put,1.85,1.87,1.84,,,0.1566,-0.22447,0.02184,0.2618,-0.02341,-0.10438,spy_options_2013.parquet,1174600
SPY,2013-10-17,2013-10-17T16:00:00-04:00,173.21,2014-01-17,92.04,0.25216438356164383,164.0,call,10.74,10.86,10.35,212,,0.16113,0.75645,0.0243,0.27,-0.019,0.23538,spy_options_2013.parquet,1174601
SPY,2013-10-17,2013-10-17T16:00:00-04:00,173.21,2014-01-17,92.04,0.25216438356164383,164.0,put,2.02,2.05,2.03,,,0.15444,-0.24501,0.02327,0.27398,-0.02507,-0.11321,spy_options_2013.parquet,1174601
SPY,2013-10-17,2013-10-17T16:00:00-04:00,173.21,2014-01-17,92.04,0.25216438356164383,165.0,call,9.94,10.0,9.97,,,0.15717,0.73569,0.02577,0.28339,-0.01899,0.23518,spy_options_2013.parquet,1174602
SPY,2013-10-17,2013-10-17T16:00:00-04:00,173.21,2014-01-17,92.04,0.25216438356164383,165.0,put,2.22,2.23,2.26,,,0.15073,-0.26601,0.02486,0.28672,-0.02562,-0.12288,spy_options_2013.parquet,1174602
SPY,2013-10-17,2013-10-17T16:00:00-04:00,173.21,2014-01-17,92.04,0.25216438356164383,166.0,call,9.15,9.2,9.08,632,,0.15359,0.71191,0.02722,0.29508,-0.02042,0.23462,spy_options_2013.parquet,1174603
SPY,2013-10-17,2013-10-17T16:00:00-04:00,173.21,2014-01-17,92.04,0.25216438356164383,166.0,put,2.42,2.47,2.44,,,0.14786,-0.28998,0.02636,0.29846,-0.0262,-0.13371,spy_options_2013.parquet,1174603
SPY,2013-10-17,2013-10-17T16:00:00-04:00,173.21,2014-01-17,92.04,0.25216438356164383,167.0,call,8.35,8.42,8.4,341,,0.1499,0.68749,0.02876,0.30643,-0.02078,0.23223,spy_options_2013.parquet,1174604
SPY,2013-10-17,2013-10-17T16:00:00-04:00,173.21,2014-01-17,92.04,0.25216438356164383,167.0,put,2.68,2.71,2.68,,,0.14474,-0.31505,0.02799,0.31004,-0.02628,-0.1456,spy_options_2013.parquet,1174604
SPY,2013-10-17,2013-10-17T16:00:00-04:00,173.21,2014-01-17,92.04,0.25216438356164383,168.0,call,7.6,7.64,7.52,219,,0.14567,0.66003,0.03024,0.31738,-0.02024,0.2287,spy_options_2013.parquet,1174605
SPY,2013-10-17,2013-10-17T16:00:00-04:00,173.21,2014-01-17,92.04,0.25216438356164383,168.0,put,2.93,2.98,2.93,,,0.14209,-0.34261,0.02948,0.32033,-0.02753,-0.15892,spy_options_2013.parquet,1174605
SPY,2013-10-17,2013-10-17T16:00:00-04:00,173.21,2014-01-17,92.04,0.25216438356164383,169.0,call,6.85,6.89,6.9,,,0.14202,0.63217,0.03174,0.32652,-0.02131,0.22366,spy_options_2013.parquet,1174606
SPY,2013-10-17,2013-10-17T16:00:00-04:00,173.21,2014-01-17,92.04,0.25216438356164383,169.0,put,3.23,3.26,3.24,,,0.13957,-0.3707,0.03103,0.32948,-0.02745,-0.17233,spy_options_2013.parquet,1174606
SPY,2013-10-17,2013-10-17T16:00:00-04:00,173.21,2014-01-17,92.04,0.25216438356164383,170.0,call,6.16,6.2,6.2,,,0.13943,0.60077,0.03305,0.33515,-0.02145,0.21769,spy_options_2013.parquet,1174607
SPY,2013-10-17,2013-10-17T16:00:00-04:00,173.21,2014-01-17,92.04,0.25216438356164383,170.0,put,3.54,3.59,3.56,,,0.13582,-0.40195,0.03236,0.33699,-0.02798,-0.18648,spy_options_2013.parquet,1174607
SPY,2013-10-17,2013-10-17T16:00:00-04:00,173.21,2014-01-17,92.04,0.25216438356164383,171.0,call,5.47,5.51,5.47,,,0.13492,0.56848,0.03435,0.34144,-0.02108,0.20956,spy_options_2013.parquet,1174608
SPY,2013-10-17,2013-10-17T16:00:00-04:00,173.21,2014-01-17,92.04,0.25216438356164383,171.0,put,3.88,3.94,3.92,,,0.13389,-0.434,0.03359,0.34247,-0.0278,-0.20159,spy_options_2013.parquet,1174608
SPY,2013-10-17,2013-10-17T16:00:00-04:00,173.21,2014-01-17,92.04,0.25216438356164383,172.0,call,4.85,4.87,4.84,,,0.13205,0.53387,0.03536,0.34493,-0.02117,0.2011,spy_options_2013.parquet,1174609
SPY,2013-10-17,2013-10-17T16:00:00-04:00,173.21,2014-01-17,92.04,0.25216438356164383,172.0,put,4.28,4.32,4.27,,,0.13068,-0.46782,0.03468,0.34645,-0.02852,-0.2179,spy_options_2013.parquet,1174609
SPY,2013-10-17,2013-10-17T16:00:00-04:00,173.21,2014-01-17,92.04,0.25216438356164383,173.0,call,4.24,4.27,4.23,,,0.12921,0.49786,0.03625,0.34673,-0.02012,0.19058,spy_options_2013.parquet,1174610
SPY,2013-10-17,2013-10-17T16:00:00-04:00,173.21,2014-01-17,92.04,0.25216438356164383,173.0,put,4.7,4.75,4.74,,,0.12836,-0.50402,0.03544,0.34727,-0.02762,-0.23394,spy_options_2013.parquet,1174610
SPY,2013-10-17,2013-10-17T16:00:00-04:00,173.21,2014-01-17,92.04,0.25216438356164383,174.0,call,3.68,3.71,3.71,,,0.12579,0.46039,0.03675,0.34534,-0.02035,0.17841,spy_options_2013.parquet,1174611
SPY,2013-10-17,2013-10-17T16:00:00-04:00,173.21,2014-01-17,92.04,0.25216438356164383,174.0,put,5.15,5.19,5.17,,,0.12544,-0.54042,0.03597,0.34567,-0.02762,-0.25142,spy_options_2013.parquet,1174611
SPY,2013-10-17,2013-10-17T16:00:00-04:00,173.21,2014-01-17,92.04,0.25216438356164383,175.0,call,3.16,3.18,3.18,,,0.12298,0.42194,0.03699,0.34039,-0.01928,0.16568,spy_options_2013.parquet,1174612
SPY,2013-10-17,2013-10-17T16:00:00-04:00,173.21,2014-01-17,92.04,0.25216438356164383,175.0,put,5.65,5.71,5.67,757,,0.12272,-0.57772,0.03615,0.33983,-0.02689,-0.26962,spy_options_2013.parquet,1174612
SPY,2013-10-17,2013-10-17T16:00:00-04:00,173.21,2014-01-17,92.04,0.25216438356164383,176.0,call,2.69,2.71,2.67,,,0.12064,0.38193,0.03679,0.33231,-0.01853,0.15266,spy_options_2013.parquet,1174613
SPY,2013-10-17,2013-10-17T16:00:00-04:00,173.21,2014-01-17,92.04,0.25216438356164383,176.0,put,6.2,6.26,6.16,28,,0.12038,-0.61558,0.03601,0.33201,-0.02694,-0.28796,spy_options_2013.parquet,1174613
SPY,2013-10-17,2013-10-17T16:00:00-04:00,173.21,2014-01-17,92.04,0.25216438356164383,177.0,call,2.26,2.28,2.26,,,0.1175,0.34333,0.03609,0.32022,-0.01782,0.13891,spy_options_2013.parquet,1174614
SPY,2013-10-17,2013-10-17T16:00:00-04:00,173.21,2014-01-17,92.04,0.25216438356164383,177.0,put,6.8,6.88,7.0,17,,0.11884,-0.65252,0.03522,0.32037,-0.02584,-0.30559,spy_options_2013.parquet,1174614
SPY,2013-10-17,2013-10-17T16:00:00-04:00,173.21,2014-01-17,92.04,0.25216438356164383,178.0,call,1.88,1.91,1.88,,,0.11507,0.30437,0.03509,0.30509,-0.01708,0.12441,spy_options_2013.parquet,1174615
SPY,2013-10-17,2013-10-17T16:00:00-04:00,173.21,2014-01-17,92.04,0.25216438356164383,178.0,put,7.43,7.5,7.37,14,,0.11679,-0.69004,0.0342,0.30624,-0.02477,-0.32332,spy_options_2013.parquet,1174615
SPY,2013-10-17,2013-10-17T16:00:00-04:00,173.21,2014-01-17,92.04,0.25216438356164383,179.0,call,1.54,1.57,1.54,393,,0.11272,0.26648,0.03354,0.28678,-0.01526,0.10962,spy_options_2013.parquet,1174616
SPY,2013-10-17,2013-10-17T16:00:00-04:00,173.21,2014-01-17,92.04,0.25216438356164383,179.0,put,8.13,8.18,8.13,44,,0.11596,-0.72492,0.03274,0.28907,-0.02392,-0.34037,spy_options_2013.parquet,1174616
SPY,2013-10-17,2013-10-17T16:00:00-04:00,173.21,2014-01-17,92.04,0.25216438356164383,180.0,call,1.26,1.29,1.26,956,,0.11066,0.23182,0.0316,0.26634,-0.0142,0.09605,spy_options_2013.parquet,1174617
SPY,2013-10-17,2013-10-17T16:00:00-04:00,173.21,2014-01-17,92.04,0.25216438356164383,180.0,put,8.83,8.95,8.82,58,,0.11443,-0.75748,0.03084,0.27018,-0.0224,-0.35692,spy_options_2013.parquet,1174617
SPY,2013-10-17,2013-10-17T16:00:00-04:00,173.21,2014-01-17,92.04,0.25216438356164383,181.0,call,1.01,1.04,1.0,576,,0.1096,0.19843,0.02928,0.24393,-0.01289,0.08306,spy_options_2013.parquet,1174618
SPY,2013-10-17,2013-10-17T16:00:00-04:00,173.21,2014-01-17,92.04,0.25216438356164383,181.0,put,9.57,9.73,9.68,1,,0.11355,-0.78919,0.02874,0.2491,-0.02152,-0.3727,spy_options_2013.parquet,1174618
SPY,2013-10-17,2013-10-17T16:00:00-04:00,173.21,2014-01-17,92.04,0.25216438356164383,182.0,call,0.81,0.84,0.76,466,,0.10795,0.16865,0.02671,0.22042,-0.01126,0.07062,spy_options_2013.parquet,1174619
SPY,2013-10-17,2013-10-17T16:00:00-04:00,173.21,2014-01-17,92.04,0.25216438356164383,182.0,put,10.31,10.61,10.65,3,,0.11339,-0.81557,0.02645,0.22916,-0.02038,-0.38616,spy_options_2013.parquet,1174619
SPY,2013-10-17,2013-10-17T16:00:00-04:00,173.21,2014-01-17,92.04,0.25216438356164383,183.0,call,0.65,0.68,0.56,690,,0.10725,0.14211,0.02406,0.19752,-0.00983,0.05978,spy_options_2013.parquet,1174620
SPY,2013-10-17,2013-10-17T16:00:00-04:00,173.21,2014-01-17,92.04,0.25216438356164383,183.0,put,11.2,11.45,0.0,,,0.11364,-0.8382,0.02411,0.21054,-0.0199,-0.39836,spy_options_2013.parquet,1174620
SPY,2013-10-17,2013-10-17T16:00:00-04:00,173.21,2014-01-17,92.04,0.25216438356164383,184.0,call,0.51,0.55,0.44,219,,0.10614,0.11794,0.02145,0.17428,-0.0091,0.05076,spy_options_2013.parquet,1174621
SPY,2013-10-17,2013-10-17T16:00:00-04:00,173.21,2014-01-17,92.04,0.25216438356164383,184.0,put,12.07,12.33,0.0,,,0.11369,-0.85917,0.02191,0.1907,-0.01834,-0.40979,spy_options_2013.parquet,1174621
SPY,2013-10-17,2013-10-17T16:00:00-04:00,173.21,2014-01-17,92.04,0.25216438356164383,185.0,call,0.41,0.44,0.4,,,0.10577,0.09879,0.01884,0.15392,-0.00759,0.04271,spy_options_2013.parquet,1174622
SPY,2013-10-17,2013-10-17T16:00:00-04:00,173.21,2014-01-17,92.04,0.25216438356164383,185.0,put,13.0,13.17,13.05,13,,0.1145,-0.87818,0.01972,0.17229,-0.01789,-0.42011,spy_options_2013.parquet,1174622
SPY,2013-10-17,2013-10-17T16:00:00-04:00,173.21,2014-01-17,92.04,0.25216438356164383,186.0,call,0.32,0.35,0.23,,,0.10537,0.08159,0.01644,0.13276,-0.00727,0.0354,spy_options_2013.parquet,1174623
SPY,2013-10-17,2013-10-17T16:00:00-04:00,173.21,2014-01-17,92.04,0.25216438356164383,186.0,put,13.9,14.15,14.04,5,,0.117,-0.89058,0.01781,0.15909,-0.01717,-0.42825,spy_options_2013.parquet,1174623
SPY,2013-10-17,2013-10-17T16:00:00-04:00,173.21,2014-01-17,92.04,0.25216438356164383,187.0,call,0.25,0.28,0.26,10,,0.10601,0.06813,0.01421,0.11523,-0.00603,0.02901,spy_options_2013.parquet,1174624
SPY,2013-10-17,2013-10-17T16:00:00-04:00,173.21,2014-01-17,92.04,0.25216438356164383,187.0,put,14.81,15.08,0.0,,,0.1171,-0.90509,0.01592,0.1421,-0.0162,-0.43776,spy_options_2013.parquet,1174624
SPY,2013-10-17,2013-10-17T16:00:00-04:00,173.21,2014-01-17,92.04,0.25216438356164383,188.0,call,0.22,0.22,0.19,1,,0.10576,0.05679,0.01233,0.10057,-0.00542,0.02423,spy_options_2013.parquet,1174625
SPY,2013-10-17,2013-10-17T16:00:00-04:00,173.21,2014-01-17,92.04,0.25216438356164383,188.0,put,15.76,16.05,0.0,,,0.11895,-0.91499,0.0143,0.13018,-0.0157,-0.44418,spy_options_2013.parquet,1174625
SPY,2013-10-17,2013-10-17T16:00:00-04:00,173.21,2014-01-17,92.04,0.25216438356164383,189.0,call,0.17,0.19,0.0,,,0.10591,0.04654,0.01044,0.08645,-0.00451,0.02028,spy_options_2013.parquet,1174626
SPY,2013-10-17,2013-10-17T16:00:00-04:00,173.21,2014-01-17,92.04,0.25216438356164383,189.0,put,16.71,17.0,0.0,,,0.1216,-0.92427,0.01287,0.11911,-0.0152,-0.44992,spy_options_2013.parquet,1174626
SPY,2013-10-17,2013-10-17T16:00:00-04:00,173.21,2014-01-17,92.04,0.25216438356164383,190.0,call,0.13,0.15,0.14,101,,0.10725,0.0388,0.00906,0.07469,-0.00415,0.01647,spy_options_2013.parquet,1174627
SPY,2013-10-17,2013-10-17T16:00:00-04:00,173.21,2014-01-17,92.04,0.25216438356164383,190.0,put,17.71,17.94,0.0,,,0.12419,-0.93043,0.01167,0.11114,-0.01517,-0.4562,spy_options_2013.parquet,1174627
SPY,2013-10-17,2013-10-17T16:00:00-04:00,173.21,2014-01-17,92.04,0.25216438356164383,191.0,call,0.11,0.14,0.0,,,0.10945,0.03403,0.00785,0.06647,-0.00318,0.0146,spy_options_2013.parquet,1174628
SPY,2013-10-17,2013-10-17T16:00:00-04:00,173.21,2014-01-17,92.04,0.25216438356164383,191.0,put,18.66,18.95,0.0,,,0.12727,-0.9359,0.01065,0.10379,-0.01446,-0.46076,spy_options_2013.parquet,1174628
SPY,2013-10-17,2013-10-17T16:00:00-04:00,173.21,2014-01-17,92.04,0.25216438356164383,192.0,call,0.09,0.11,0.0,,,0.11054,0.0293,0.0068,0.05808,-0.00345,0.01198,spy_options_2013.parquet,1174629
SPY,2013-10-17,2013-10-17T16:00:00-04:00,173.21,2014-01-17,92.04,0.25216438356164383,192.0,put,19.64,19.93,20.28,2,,0.13029,-0.94084,0.00974,0.09772,-0.01421,-0.46474,spy_options_2013.parquet,1174629
SPY,2013-10-17,2013-10-17T16:00:00-04:00,173.21,2014-01-17,92.04,0.25216438356164383,193.0,call,0.07,0.1,0.0,,,0.11208,0.02488,0.00595,0.05141,-0.00311,0.01054,spy_options_2013.parquet,1174630
SPY,2013-10-17,2013-10-17T16:00:00-04:00,173.21,2014-01-17,92.04,0.25216438356164383,193.0,put,20.62,20.91,0.0,,,0.13327,-0.94507,0.00894,0.09088,-0.01404,-0.47004,spy_options_2013.parquet,1174630
SPY,2013-10-17,2013-10-17T16:00:00-04:00,173.21,2014-01-17,92.04,0.25216438356164383,194.0,call,0.05,0.1,0.0,,,0.11424,0.02187,0.00527,0.04691,-0.0029,0.00936,spy_options_2013.parquet,1174631
SPY,2013-10-17,2013-10-17T16:00:00-04:00,173.21,2014-01-17,92.04,0.25216438356164383,194.0,put,21.61,21.9,0.0,,,0.13689,-0.94761,0.00826,0.08703,-0.01382,-0.47372,spy_options_2013.parquet,1174631
SPY,2013-10-17,2013-10-17T16:00:00-04:00,173.21,2014-01-17,92.04,0.25216438356164383,195.0,call,0.05,0.1,0.0,,,0.11608,0.01954,0.00462,0.04163,-0.00258,0.00853,spy_options_2013.parquet,1174632
SPY,2013-10-17,2013-10-17T16:00:00-04:00,173.21,2014-01-17,92.04,0.25216438356164383,195.0,put,22.64,22.86,0.0,,,0.14103,-0.95116,0.00766,0.08228,-0.01338,-0.47678,spy_options_2013.parquet,1174632
SPY,2013-10-17,2013-10-17T16:00:00-04:00,173.21,2014-01-17,92.04,0.25216438356164383,196.0,call,0.05,0.07,0.0,,,0.11587,0.01578,0.00388,0.03437,-0.0017,0.00624,spy_options_2013.parquet,1174633
SPY,2013-10-17,2013-10-17T16:00:00-04:00,173.21,2014-01-17,92.04,0.25216438356164383,196.0,put,23.59,23.88,0.0,,,0.14432,-0.95305,0.00711,0.07874,-0.01357,-0.48093,spy_options_2013.parquet,1174633
SPY,2013-10-17,2013-10-17T16:00:00-04:00,173.21,2014-01-17,92.04,0.25216438356164383,197.0,call,0.04,0.07,0.0,,,0.12028,0.01542,0.00358,0.03387,-0.00206,0.00695,spy_options_2013.parquet,1174634
SPY,2013-10-17,2013-10-17T16:00:00-04:00,173.21,2014-01-17,92.04,0.25216438356164383,197.0,put,24.58,24.86,0.0,,,0.14684,-0.95643,0.00667,0.0748,-0.01309,-0.48454,spy_options_2013.parquet,1174634
SPY,2013-10-17,2013-10-17T16:00:00-04:00,173.21,2014-01-17,92.04,0.25216438356164383,198.0,call,0.02,0.07,0.0,,,0.12021,0.01272,0.00307,0.02932,-0.00137,0.00541,spy_options_2013.parquet,1174635
SPY,2013-10-17,2013-10-17T16:00:00-04:00,173.21,2014-01-17,92.04,0.25216438356164383,198.0,put,25.57,25.86,0.0,,,0.15031,-0.95876,0.00619,0.07165,-0.01372,-0.48799,spy_options_2013.parquet,1174635
SPY,2013-10-17,2013-10-17T16:00:00-04:00,173.21,2014-01-17,92.04,0.25216438356164383,199.0,call,0.03,0.05,0.0,,,0.12204,0.01062,0.00272,0.02593,-0.00158,0.00434,spy_options_2013.parquet,1174636
SPY,2013-10-17,2013-10-17T16:00:00-04:00,173.21,2014-01-17,92.04,0.25216438356164383,199.0,put,26.57,26.87,0.0,,,0.15535,-0.95879,0.00591,0.06941,-0.01365,-0.49127,spy_options_2013.parquet,1174636
SPY,2013-10-17,2013-10-17T16:00:00-04:00,173.21,2014-01-17,92.04,0.25216438356164383,200.0,call,0.02,0.04,0.0,,,0.12361,0.00999,0.00237,0.02371,-0.00161,0.00438,spy_options_2013.parquet,1174637
SPY,2013-10-17,2013-10-17T16:00:00-04:00,173.21,2014-01-17,92.04,0.25216438356164383,200.0,put,27.58,27.82,27.69,23,,0.15672,-0.96322,0.0054,0.06373,-0.01285,-0.49545,spy_options_2013.parquet,1174637
SPY,2013-10-17,2013-10-17T16:00:00-04:00,173.21,2014-01-17,92.04,0.25216438356164383,205.0,call,0.01,0.04,0.02,65,,0.1359,0.00673,0.00153,0.01702,-0.00066,0.00288,spy_options_2013.parquet,1174638
SPY,2013-10-17,2013-10-17T16:00:00-04:00,173.21,2014-01-17,92.04,0.25216438356164383,205.0,put,32.58,32.8,0.0,,,0.17753,-0.96665,0.0043,0.05832,-0.01344,-0.50978,spy_options_2013.parquet,1174638
SPY,2013-10-17,2013-10-17T16:00:00-04:00,173.21,2014-01-17,92.04,0.25216438356164383,210.0,call,0.0,0.05,0.0,,,0.15331,0.00604,0.0013,0.0156,-0.0016,0.00292,spy_options_2013.parquet,1174639
SPY,2013-10-17,2013-10-17T16:00:00-04:00,173.21,2014-01-17,92.04,0.25216438356164383,210.0,put,37.58,37.79,0.0,,,0.19587,-0.96994,0.00349,0.05241,-0.01303,-0.52387,spy_options_2013.parquet,1174639
SPY,2013-10-17,2013-10-17T16:00:00-04:00,173.21,2014-01-17,92.04,0.25216438356164383,215.0,call,0.01,0.02,0.0,,,0.15998,0.00366,0.00081,0.00953,-0.00068,0.0014,spy_options_2013.parquet,1174640
SPY,2013-10-17,2013-10-17T16:00:00-04:00,173.21,2014-01-17,92.04,0.25216438356164383,215.0,put,42.54,42.78,0.0,,,0.21075,-0.97447,0.00276,0.0446,-0.01292,-0.53848,spy_options_2013.parquet,1174640
SPY,2013-10-17,2013-10-17T16:00:00-04:00,173.21,2014-01-17,92.04,0.25216438356164383,220.0,call,0.0,0.02,0.0,,,0.16883,0.00277,0.00056,0.00625,-0.0003,0.00141,spy_options_2013.parquet,1174641
SPY,2013-10-17,2013-10-17T16:00:00-04:00,173.21,2014-01-17,92.04,0.25216438356164383,220.0,put,47.54,47.78,48.15,360,,0.22748,-0.97576,0.00237,0.04191,-0.0129,-0.55169,spy_options_2013.parquet,1174641
SPY,2013-10-17,2013-10-17T16:00:00-04:00,173.21,2014-03-21,155.0,0.4246575342465753,117.0,call,56.24,56.46,0.0,,,0.40725,0.92651,0.00139,0.11396,-0.01262,0.07726,spy_options_2013.parquet,1174676
SPY,2013-10-17,2013-10-17T16:00:00-04:00,173.21,2014-03-21,155.0,0.4246575342465753,117.0,put,0.23,0.27,0.0,,,0.29639,-0.01802,0.00136,0.05128,-0.00535,-0.0144,spy_options_2013.parquet,1174676
SPY,2013-10-17,2013-10-17T16:00:00-04:00,173.21,2014-03-21,155.0,0.4246575342465753,118.0,call,55.25,55.46,0.0,,,0.39873,0.92756,0.00148,0.11396,-0.01216,0.07977,spy_options_2013.parquet,1174677
SPY,2013-10-17,2013-10-17T16:00:00-04:00,173.21,2014-03-21,155.0,0.4246575342465753,118.0,put,0.23,0.27,0.0,,,0.29218,-0.01885,0.00145,0.05334,-0.00561,-0.01533,spy_options_2013.parquet,1174677
SPY,2013-10-17,2013-10-17T16:00:00-04:00,173.21,2014-03-21,155.0,0.4246575342465753,119.0,call,54.25,54.47,0.0,,,0.38952,0.92907,0.00153,0.11413,-0.01237,0.08207,spy_options_2013.parquet,1174678
SPY,2013-10-17,2013-10-17T16:00:00-04:00,173.21,2014-03-21,155.0,0.4246575342465753,119.0,put,0.25,0.29,0.0,,,0.29046,-0.0208,0.00149,0.05669,-0.00579,-0.01616,spy_options_2013.parquet,1174678
SPY,2013-10-17,2013-10-17T16:00:00-04:00,173.21,2014-03-21,155.0,0.4246575342465753,120.0,call,53.25,53.48,0.0,,,0.38126,0.93022,0.00162,0.11328,-0.01148,0.08489,spy_options_2013.parquet,1174679
SPY,2013-10-17,2013-10-17T16:00:00-04:00,173.21,2014-03-21,155.0,0.4246575342465753,120.0,put,0.28,0.3,0.32,7,,0.288,-0.02218,0.00164,0.06064,-0.00546,-0.01776,spy_options_2013.parquet,1174679
SPY,2013-10-17,2013-10-17T16:00:00-04:00,173.21,2014-03-21,155.0,0.4246575342465753,121.0,call,52.27,52.5,0.0,,,0.37234,0.93052,0.00172,0.11335,-0.01165,0.08816,spy_options_2013.parquet,1174680
SPY,2013-10-17,2013-10-17T16:00:00-04:00,173.21,2014-03-21,155.0,0.4246575342465753,121.0,put,0.28,0.31,0.3,100,,0.28356,-0.02264,0.00166,0.06181,-0.00555,-0.0179,spy_options_2013.parquet,1174680
SPY,2013-10-17,2013-10-17T16:00:00-04:00,173.21,2014-03-21,155.0,0.4246575342465753,122.0,call,51.28,51.5,0.0,,,0.36545,0.93127,0.0019,0.11408,-0.01149,0.09199,spy_options_2013.parquet,1174681
SPY,2013-10-17,2013-10-17T16:00:00-04:00,173.21,2014-03-21,155.0,0.4246575342465753,122.0,put,0.29,0.33,0.0,,,0.27985,-0.02456,0.00184,0.06482,-0.00571,-0.0189,spy_options_2013.parquet,1174681
SPY,2013-10-17,2013-10-17T16:00:00-04:00,173.21,2014-03-21,155.0,0.4246575342465753,123.0,call,50.3,50.48,0.0,,,0.35601,0.93225,0.00193,0.11237,-0.01048,0.09316,spy_options_2013.parquet,1174682
SPY,2013-10-17,2013-10-17T16:00:00-04:00,173.21,2014-03-21,155.0,0.4246575342465753,123.0,put,0.31,0.35,0.0,,,0.27742,-0.02631,0.0019,0.06802,-0.00598,-0.02056,spy_options_2013.parquet,1174682
SPY,2013-10-17,2013-10-17T16:00:00-04:00,173.21,2014-03-21,155.0,0.4246575342465753,124.0,call,49.29,49.51,0.0,,,0.34855,0.93251,0.00205,0.11317,-0.01021,0.0967,spy_options_2013.parquet,1174683
SPY,2013-10-17,2013-10-17T16:00:00-04:00,173.21,2014-03-21,155.0,0.4246575342465753,124.0,put,0.33,0.37,0.0,,,0.2735,-0.0273,0.00207,0.07073,-0.00593,-0.02124,spy_options_2013.parquet,1174683
SPY,2013-10-17,2013-10-17T16:00:00-04:00,173.21,2014-03-21,155.0,0.4246575342465753,125.0,call,48.3,48.52,0.0,,,0.34076,0.93322,0.00228,0.11299,-0.01033,0.10071,spy_options_2013.parquet,1174684
SPY,2013-10-17,2013-10-17T16:00:00-04:00,173.21,2014-03-21,155.0,0.4246575342465753,125.0,put,0.36,0.37,0.38,203,,0.27167,-0.02917,0.00214,0.07614,-0.00719,-0.02312,spy_options_2013.parquet,1174684
SPY,2013-10-17,2013-10-17T16:00:00-04:00,173.21,2014-03-21,155.0,0.4246575342465753,126.0,call,47.32,47.52,0.0,,,0.33302,0.93392,0.00241,0.1142,-0.00954,0.10544,spy_options_2013.parquet,1174685
SPY,2013-10-17,2013-10-17T16:00:00-04:00,173.21,2014-03-21,155.0,0.4246575342465753,126.0,put,0.37,0.4,0.0,,,0.26759,-0.03026,0.00232,0.07797,-0.00675,-0.02467,spy_options_2013.parquet,1174685
SPY,2013-10-17,2013-10-17T16:00:00-04:00,173.21,2014-03-21,155.0,0.4246575342465753,127.0,call,46.33,46.56,0.0,,,0.3267,0.9345,0.00248,0.11439,-0.00987,0.11085,spy_options_2013.parquet,1174686
SPY,2013-10-17,2013-10-17T16:00:00-04:00,173.21,2014-03-21,155.0,0.4246575342465753,127.0,put,0.39,0.42,0.52,4,,0.26444,-0.03223,0.00239,0.08219,-0.00767,-0.02528,spy_options_2013.parquet,1174686
SPY,2013-10-17,2013-10-17T16:00:00-04:00,173.21,2014-03-21,155.0,0.4246575342465753,128.0,call,45.34,45.55,0.0,,,0.32057,0.93379,0.00267,0.11581,-0.00991,0.11674,spy_options_2013.parquet,1174687
SPY,2013-10-17,2013-10-17T16:00:00-04:00,173.21,2014-03-21,155.0,0.4246575342465753,128.0,put,0.41,0.45,0.0,,,0.26096,-0.03453,0.00256,0.08676,-0.0077,-0.02727,spy_options_2013.parquet,1174687
SPY,2013-10-17,2013-10-17T16:00:00-04:00,173.21,2014-03-21,155.0,0.4246575342465753,129.0,call,44.35,44.57,0.0,,,0.31261,0.93487,0.00285,0.11644,-0.00913,0.12122,spy_options_2013.parquet,1174688
SPY,2013-10-17,2013-10-17T16:00:00-04:00,173.21,2014-03-21,155.0,0.4246575342465753,129.0,put,0.45,0.47,0.0,,,0.25799,-0.03645,0.00274,0.09081,-0.00729,-0.02927,spy_options_2013.parquet,1174688
SPY,2013-10-17,2013-10-17T16:00:00-04:00,173.21,2014-03-21,155.0,0.4246575342465753,130.0,call,43.35,43.57,0.0,,,0.30589,0.93414,0.00308,0.11758,-0.00967,0.12611,spy_options_2013.parquet,1174689
SPY,2013-10-17,2013-10-17T16:00:00-04:00,173.21,2014-03-21,155.0,0.4246575342465753,130.0,put,0.46,0.5,0.49,13,,0.25521,-0.03845,0.0029,0.09559,-0.00798,-0.03109,spy_options_2013.parquet,1174689
SPY,2013-10-17,2013-10-17T16:00:00-04:00,173.21,2014-03-21,155.0,0.4246575342465753,131.0,call,42.38,42.6,0.0,,,0.29977,0.93453,0.00324,0.11952,-0.00871,0.13315,spy_options_2013.parquet,1174690
SPY,2013-10-17,2013-10-17T16:00:00-04:00,173.21,2014-03-21,155.0,0.4246575342465753,131.0,put,0.48,0.52,0.0,,,0.25096,-0.04098,0.00305,0.0987,-0.00849,-0.03224,spy_options_2013.parquet,1174690
SPY,2013-10-17,2013-10-17T16:00:00-04:00,173.21,2014-03-21,155.0,0.4246575342465753,132.0,call,41.38,41.6,0.0,,,0.29412,0.93367,0.0034,0.12087,-0.00908,0.13946,spy_options_2013.parquet,1174691
SPY,2013-10-17,2013-10-17T16:00:00-04:00,173.21,2014-03-21,155.0,0.4246575342465753,132.0,put,0.53,0.54,0.0,,,0.24925,-0.04366,0.00328,0.10502,-0.00825,-0.0348,spy_options_2013.parquet,1174691
SPY,2013-10-17,2013-10-17T16:00:00-04:00,173.21,2014-03-21,155.0,0.4246575342465753,133.0,call,40.41,40.63,0.0,,,0.28762,0.93368,0.0037,0.12277,-0.00926,0.14647,spy_options_2013.parquet,1174692
SPY,2013-10-17,2013-10-17T16:00:00-04:00,173.21,2014-03-21,155.0,0.4246575342465753,133.0,put,0.55,0.57,0.0,,,0.24563,-0.04607,0.0035,0.10951,-0.00894,-0.03702,spy_options_2013.parquet,1174692
SPY,2013-10-17,2013-10-17T16:00:00-04:00,173.21,2014-03-21,155.0,0.4246575342465753,134.0,call,39.43,39.65,0.0,,,0.28295,0.9322,0.00392,0.12553,-0.00892,0.15427,spy_options_2013.parquet,1174693
SPY,2013-10-17,2013-10-17T16:00:00-04:00,173.21,2014-03-21,155.0,0.4246575342465753,134.0,put,0.58,0.63,0.65,587,,0.24315,-0.04932,0.00366,0.11498,-0.00974,-0.03926,spy_options_2013.parquet,1174693
SPY,2013-10-17,2013-10-17T16:00:00-04:00,173.21,2014-03-21,155.0,0.4246575342465753,135.0,call,38.45,38.66,0.0,,,0.27704,0.93122,0.00419,0.12847,-0.00926,0.16136,spy_options_2013.parquet,1174694
SPY,2013-10-17,2013-10-17T16:00:00-04:00,173.21,2014-03-21,155.0,0.4246575342465753,135.0,put,0.62,0.63,0.63,354,,0.23901,-0.05138,0.00393,0.12014,-0.00962,-0.04078,spy_options_2013.parquet,1174694
SPY,2013-10-17,2013-10-17T16:00:00-04:00,173.21,2014-03-21,155.0,0.4246575342465753,136.0,call,37.47,37.69,0.0,,,0.27117,0.93002,0.00447,0.13207,-0.00868,0.16973,spy_options_2013.parquet,1174695
SPY,2013-10-17,2013-10-17T16:00:00-04:00,173.21,2014-03-21,155.0,0.4246575342465753,136.0,put,0.66,0.69,0.69,,,0.23691,-0.05523,0.00413,0.126,-0.01037,-0.04341,spy_options_2013.parquet,1174695
SPY,2013-10-17,2013-10-17T16:00:00-04:00,173.21,2014-03-21,155.0,0.4246575342465753,137.0,call,36.49,36.71,0.0,,,0.26555,0.92904,0.0048,0.13504,-0.00888,0.17825,spy_options_2013.parquet,1174696
SPY,2013-10-17,2013-10-17T16:00:00-04:00,173.21,2014-03-21,155.0,0.4246575342465753,137.0,put,0.69,0.74,0.0,,,0.23399,-0.05828,0.00442,0.13257,-0.01042,-0.04691,spy_options_2013.parquet,1174696
SPY,2013-10-17,2013-10-17T16:00:00-04:00,173.21,2014-03-21,155.0,0.4246575342465753,138.0,call,35.52,35.75,0.0,,,0.26186,0.92645,0.00512,0.14072,-0.00941,0.18824,spy_options_2013.parquet,1174697
SPY,2013-10-17,2013-10-17T16:00:00-04:00,173.21,2014-03-21,155.0,0.4246575342465753,138.0,put,0.73,0.77,0.77,12,,0.23059,-0.06209,0.00464,0.13882,-0.01114,-0.04891,spy_options_2013.parquet,1174697
SPY,2013-10-17,2013-10-17T16:00:00-04:00,173.21,2014-03-21,155.0,0.4246575342465753,139.0,call,34.54,34.78,0.0,,,0.25642,0.92452,0.00539,0.14465,-0.00878,0.19762,spy_options_2013.parquet,1174698
SPY,2013-10-17,2013-10-17T16:00:00-04:00,173.21,2014-03-21,155.0,0.4246575342465753,139.0,put,0.77,0.81,0.85,20,,0.22748,-0.06635,0.00497,0.14479,-0.01084,-0.05215,spy_options_2013.parquet,1174698
SPY,2013-10-17,2013-10-17T16:00:00-04:00,173.21,2014-03-21,155.0,0.4246575342465753,140.0,call,33.57,33.82,0.0,,,0.25179,0.92163,0.00578,0.14995,-0.00893,0.20695,spy_options_2013.parquet,1174699
SPY,2013-10-17,2013-10-17T16:00:00-04:00,173.21,2014-03-21,155.0,0.4246575342465753,140.0,put,0.83,0.86,0.84,,,0.22583,-0.07089,0.00526,0.15242,-0.01189,-0.05544,spy_options_2013.parquet,1174699
SPY,2013-10-17,2013-10-17T16:00:00-04:00,173.21,2014-03-21,155.0,0.4246575342465753,141.0,call,32.6,32.85,0.0,,,0.24724,0.91893,0.00617,0.15491,-0.00941,0.2154,spy_options_2013.parquet,1174700
SPY,2013-10-17,2013-10-17T16:00:00-04:00,173.21,2014-03-21,155.0,0.4246575342465753,141.0,put,0.86,0.91,0.91,,,0.22102,-0.07424,0.00562,0.15871,-0.01224,-0.05853,spy_options_2013.parquet,1174700
SPY,2013-10-17,2013-10-17T16:00:00-04:00,173.21,2014-03-21,155.0,0.4246575342465753,142.0,call,31.64,31.87,31.55,10,,0.24308,0.91545,0.00648,0.16062,-0.00954,0.22583,spy_options_2013.parquet,1174701
SPY,2013-10-17,2013-10-17T16:00:00-04:00,173.21,2014-03-21,155.0,0.4246575342465753,142.0,put,0.95,0.96,0.95,703,,0.21921,-0.07944,0.00594,0.16741,-0.01249,-0.06306,spy_options_2013.parquet,1174701
SPY,2013-10-17,2013-10-17T16:00:00-04:00,173.21,2014-03-21,155.0,0.4246575342465753,143.0,call,30.67,30.91,0.0,,,0.23839,0.91139,0.00689,0.16712,-0.00949,0.23491,spy_options_2013.parquet,1174702
SPY,2013-10-17,2013-10-17T16:00:00-04:00,173.21,2014-03-21,155.0,0.4246575342465753,143.0,put,0.99,1.01,1.0,408,,0.21679,-0.08425,0.00626,0.17461,-0.01322,-0.06679,spy_options_2013.parquet,1174702
SPY,2013-10-17,2013-10-17T16:00:00-04:00,173.21,2014-03-21,155.0,0.4246575342465753,144.0,call,29.72,29.93,0.0,,,0.23292,0.90906,0.0073,0.17316,-0.01005,0.24296,spy_options_2013.parquet,1174703
SPY,2013-10-17,2013-10-17T16:00:00-04:00,173.21,2014-03-21,155.0,0.4246575342465753,144.0,put,1.05,1.07,1.09,,,0.21354,-0.0896,0.00669,0.18312,-0.01312,-0.07069,spy_options_2013.parquet,1174703
SPY,2013-10-17,2013-10-17T16:00:00-04:00,173.21,2014-03-21,155.0,0.4246575342465753,145.0,call,28.78,28.98,28.57,2,,0.23009,0.90365,0.00777,0.1808,-0.00961,0.25349,spy_options_2013.parquet,1174704
SPY,2013-10-17,2013-10-17T16:00:00-04:00,173.21,2014-03-21,155.0,0.4246575342465753,145.0,put,1.13,1.14,1.13,588,,0.21113,-0.09477,0.0071,0.19079,-0.01349,-0.07549,spy_options_2013.parquet,1174704
SPY,2013-10-17,2013-10-17T16:00:00-04:00,173.21,2014-03-21,155.0,0.4246575342465753,146.0,call,27.81,28.02,27.63,1,,0.22599,0.89918,0.00831,0.18861,-0.01018,0.26422,spy_options_2013.parquet,1174705
SPY,2013-10-17,2013-10-17T16:00:00-04:00,173.21,2014-03-21,155.0,0.4246575342465753,146.0,put,1.19,1.21,1.21,449,,0.20834,-0.10072,0.00749,0.1995,-0.01366,-0.08031,spy_options_2013.parquet,1174705
SPY,2013-10-17,2013-10-17T16:00:00-04:00,173.21,2014-03-21,155.0,0.4246575342465753,147.0,call,26.88,27.06,0.0,,,0.22228,0.89309,0.00878,0.19746,-0.01059,0.27414,spy_options_2013.parquet,1174706
SPY,2013-10-17,2013-10-17T16:00:00-04:00,173.21,2014-03-21,155.0,0.4246575342465753,147.0,put,1.26,1.29,1.27,,,0.20514,-0.10779,0.00796,0.20946,-0.0143,-0.08491,spy_options_2013.parquet,1174706
SPY,2013-10-17,2013-10-17T16:00:00-04:00,173.21,2014-03-21,155.0,0.4246575342465753,148.0,call,25.94,26.13,0.0,,,0.2177,0.8874,0.00929,0.20656,-0.01054,0.28381,spy_options_2013.parquet,1174707
SPY,2013-10-17,2013-10-17T16:00:00-04:00,173.21,2014-03-21,155.0,0.4246575342465753,148.0,put,1.34,1.36,1.37,73,,0.20264,-0.1137,0.0084,0.21779,-0.01504,-0.08976,spy_options_2013.parquet,1174707
SPY,2013-10-17,2013-10-17T16:00:00-04:00,173.21,2014-03-21,155.0,0.4246575342465753,149.0,call,25.0,25.19,24.79,2,,0.21408,0.88084,0.00984,0.21522,-0.01151,0.29272,spy_options_2013.parquet,1174708
SPY,2013-10-17,2013-10-17T16:00:00-04:00,173.21,2014-03-21,155.0,0.4246575342465753,149.0,put,1.37,1.47,0.0,,,0.19899,-0.12086,0.0089,0.22709,-0.0154,-0.09471,spy_options_2013.parquet,1174708
SPY,2013-10-17,2013-10-17T16:00:00-04:00,173.21,2014-03-21,155.0,0.4246575342465753,150.0,call,24.08,24.25,0.0,,,0.21053,0.87413,0.01035,0.2246,-0.01093,0.30119,spy_options_2013.parquet,1174709
SPY,2013-10-17,2013-10-17T16:00:00-04:00,173.21,2014-03-21,155.0,0.4246575342465753,150.0,put,1.5,1.55,1.59,,,0.19657,-0.12881,0.00944,0.23755,-0.01601,-0.10191,spy_options_2013.parquet,1174709
SPY,2013-10-17,2013-10-17T16:00:00-04:00,173.21,2014-03-21,155.0,0.4246575342465753,151.0,call,23.15,23.32,0.0,,,0.20745,0.86613,0.01096,0.23519,-0.01186,0.30995,spy_options_2013.parquet,1174710
SPY,2013-10-17,2013-10-17T16:00:00-04:00,173.21,2014-03-21,155.0,0.4246575342465753,151.0,put,1.62,1.64,1.68,507,,0.19471,-0.1378,0.00997,0.24876,-0.01686,-0.10913,spy_options_2013.parquet,1174710
SPY,2013-10-17,2013-10-17T16:00:00-04:00,173.21,2014-03-21,155.0,0.4246575342465753,152.0,call,22.24,22.41,0.0,,,0.20354,0.85772,0.01151,0.24617,-0.01203,0.31873,spy_options_2013.parquet,1174711
SPY,2013-10-17,2013-10-17T16:00:00-04:00,173.21,2014-03-21,155.0,0.4246575342465753,152.0,put,1.73,1.75,1.76,485,,0.19127,-0.14609,0.01054,0.25889,-0.01695,-0.11549,spy_options_2013.parquet,1174711
SPY,2013-10-17,2013-10-17T16:00:00-04:00,173.21,2014-03-21,155.0,0.4246575342465753,153.0,call,21.32,21.49,0.0,,,0.20089,0.84813,0.01213,0.2579,-0.01245,0.32632,spy_options_2013.parquet,1174712
SPY,2013-10-17,2013-10-17T16:00:00-04:00,173.21,2014-03-21,155.0,0.4246575342465753,153.0,put,1.84,1.86,1.9,11,,0.18876,-0.1562,0.01111,0.27017,-0.01769,-0.12297,spy_options_2013.parquet,1174712
SPY,2013-10-17,2013-10-17T16:00:00-04:00,173.21,2014-03-21,155.0,0.4246575342465753,154.0,call,20.42,20.59,19.57,1,,0.19717,0.83808,0.01281,0.26872,-0.01334,0.3346,spy_options_2013.parquet,1174713
SPY,2013-10-17,2013-10-17T16:00:00-04:00,173.21,2014-03-21,155.0,0.4246575342465753,154.0,put,1.94,1.99,2.03,223,,0.18652,-0.16558,0.01177,0.28089,-0.01842,-0.13137,spy_options_2013.parquet,1174713
SPY,2013-10-17,2013-10-17T16:00:00-04:00,173.21,2014-03-21,155.0,0.4246575342465753,155.0,call,19.52,19.7,0.0,,,0.19384,0.82868,0.01346,0.28071,-0.01342,0.34042,spy_options_2013.parquet,1174714
SPY,2013-10-17,2013-10-17T16:00:00-04:00,173.21,2014-03-21,155.0,0.4246575342465753,155.0,put,2.06,2.11,2.09,,,0.18294,-0.17561,0.01247,0.29235,-0.0187,-0.13895,spy_options_2013.parquet,1174714
SPY,2013-10-17,2013-10-17T16:00:00-04:00,173.21,2014-03-21,155.0,0.4246575342465753,156.0,call,18.63,18.84,17.5,3,,0.19081,0.81709,0.01414,0.29263,-0.0133,0.34727,spy_options_2013.parquet,1174715
SPY,2013-10-17,2013-10-17T16:00:00-04:00,173.21,2014-03-21,155.0,0.4246575342465753,156.0,put,2.21,2.25,2.31,410,,0.18039,-0.18713,0.01306,0.30343,-0.01913,-0.14775,spy_options_2013.parquet,1174715
SPY,2013-10-17,2013-10-17T16:00:00-04:00,173.21,2014-03-21,155.0,0.4246575342465753,157.0,call,17.75,17.97,0.0,,,0.18703,0.80507,0.01489,0.3046,-0.01425,0.35253,spy_options_2013.parquet,1174716
SPY,2013-10-17,2013-10-17T16:00:00-04:00,173.21,2014-03-21,155.0,0.4246575342465753,157.0,put,2.36,2.38,2.44,522,,0.1784,-0.19904,0.01377,0.31511,-0.01993,-0.15764,spy_options_2013.parquet,1174716
SPY,2013-10-17,2013-10-17T16:00:00-04:00,173.21,2014-03-21,155.0,0.4246575342465753,158.0,call,16.87,17.1,0.0,,,0.18412,0.79273,0.01558,0.31583,-0.01427,0.35624,spy_options_2013.parquet,1174717
SPY,2013-10-17,2013-10-17T16:00:00-04:00,173.21,2014-03-21,155.0,0.4246575342465753,158.0,put,2.52,2.55,2.65,228,,0.17562,-0.21236,0.01455,0.32645,-0.02023,-0.16717,spy_options_2013.parquet,1174717
SPY,2013-10-17,2013-10-17T16:00:00-04:00,173.21,2014-03-21,155.0,0.4246575342465753,159.0,call,16.06,16.17,0.0,,,0.18008,0.78031,0.01632,0.32837,-0.0151,0.35997,spy_options_2013.parquet,1174718
SPY,2013-10-17,2013-10-17T16:00:00-04:00,173.21,2014-03-21,155.0,0.4246575342465753,159.0,put,2.7,2.72,2.81,47,,0.17286,-0.22543,0.01532,0.33918,-0.02065,-0.17872,spy_options_2013.parquet,1174718
SPY,2013-10-17,2013-10-17T16:00:00-04:00,173.21,2014-03-21,155.0,0.4246575342465753,160.0,call,15.21,15.33,14.75,72,,0.17716,0.76603,0.01707,0.34001,-0.01499,0.36363,spy_options_2013.parquet,1174719
SPY,2013-10-17,2013-10-17T16:00:00-04:00,173.21,2014-03-21,155.0,0.4246575342465753,160.0,put,2.86,2.92,2.87,507,,0.17092,-0.23991,0.01599,0.35004,-0.02085,-0.18926,spy_options_2013.parquet,1174719
SPY,2013-10-17,2013-10-17T16:00:00-04:00,173.21,2014-03-21,155.0,0.4246575342465753,161.0,call,14.39,14.5,14.47,99,,0.17464,0.75007,0.01786,0.35272,-0.01519,0.36559,spy_options_2013.parquet,1174720
SPY,2013-10-17,2013-10-17T16:00:00-04:00,173.21,2014-03-21,155.0,0.4246575342465753,161.0,put,3.08,3.1,3.2,7,,0.16756,-0.25507,0.01681,0.36153,-0.02182,-0.20146,spy_options_2013.parquet,1174720
SPY,2013-10-17,2013-10-17T16:00:00-04:00,173.21,2014-03-21,155.0,0.4246575342465753,162.0,call,13.55,13.66,13.39,71,,0.17124,0.73447,0.01864,0.36408,-0.01595,0.36663,spy_options_2013.parquet,1174721
SPY,2013-10-17,2013-10-17T16:00:00-04:00,173.21,2014-03-21,155.0,0.4246575342465753,162.0,put,3.28,3.3,3.28,,,0.16565,-0.2709,0.01764,0.37351,-0.02161,-0.21435,spy_options_2013.parquet,1174721
SPY,2013-10-17,2013-10-17T16:00:00-04:00,173.21,2014-03-21,155.0,0.4246575342465753,163.0,call,12.74,12.86,12.4,32,,0.16811,0.71842,0.01949,0.3751,-0.01624,0.36678,spy_options_2013.parquet,1174722
SPY,2013-10-17,2013-10-17T16:00:00-04:00,173.21,2014-03-21,155.0,0.4246575342465753,163.0,put,3.49,3.54,3.65,106,,0.16286,-0.28749,0.01839,0.38471,-0.02195,-0.2275,spy_options_2013.parquet,1174722
SPY,2013-10-17,2013-10-17T16:00:00-04:00,173.21,2014-03-21,155.0,0.4246575342465753,164.0,call,11.97,12.08,11.99,38,,0.16543,0.6995,0.02016,0.38726,-0.01611,0.36604,spy_options_2013.parquet,1174723
SPY,2013-10-17,2013-10-17T16:00:00-04:00,173.21,2014-03-21,155.0,0.4246575342465753,164.0,put,3.72,3.78,3.87,686,,0.16053,-0.30481,0.01923,0.39449,-0.02242,-0.24114,spy_options_2013.parquet,1174723
SPY,2013-10-17,2013-10-17T16:00:00-04:00,173.21,2014-03-21,155.0,0.4246575342465753,165.0,call,11.22,11.3,10.8,17,,0.16195,0.68112,0.02103,0.39791,-0.01596,0.3637,spy_options_2013.parquet,1174724
SPY,2013-10-17,2013-10-17T16:00:00-04:00,173.21,2014-03-21,155.0,0.4246575342465753,165.0,put,3.99,4.04,4.0,,,0.15788,-0.32369,0.02001,0.40505,-0.02361,-0.25642,spy_options_2013.parquet,1174724
SPY,2013-10-17,2013-10-17T16:00:00-04:00,173.21,2014-03-21,155.0,0.4246575342465753,166.0,call,10.48,10.58,10.07,125,,0.16031,0.66097,0.02162,0.40877,-0.0167,0.36014,spy_options_2013.parquet,1174725
SPY,2013-10-17,2013-10-17T16:00:00-04:00,173.21,2014-03-21,155.0,0.4246575342465753,166.0,put,4.27,4.31,4.27,511,,0.15538,-0.34351,0.02072,0.41448,-0.02357,-0.27225,spy_options_2013.parquet,1174725
SPY,2013-10-17,2013-10-17T16:00:00-04:00,173.21,2014-03-21,155.0,0.4246575342465753,167.0,call,9.75,9.8,8.71,20,,0.15693,0.64034,0.02243,0.41753,-0.01723,0.35628,spy_options_2013.parquet,1174726
SPY,2013-10-17,2013-10-17T16:00:00-04:00,173.21,2014-03-21,155.0,0.4246575342465753,167.0,put,4.55,4.6,4.56,219,,0.15313,-0.36372,0.02159,0.42267,-0.02381,-0.28851,spy_options_2013.parquet,1174726
SPY,2013-10-17,2013-10-17T16:00:00-04:00,173.21,2014-03-21,155.0,0.4246575342465753,168.0,call,9.01,9.1,8.67,53,,0.15435,0.61835,0.0232,0.4264,-0.01722,0.35025,spy_options_2013.parquet,1174727
SPY,2013-10-17,2013-10-17T16:00:00-04:00,173.21,2014-03-21,155.0,0.4246575342465753,168.0,put,4.86,4.92,4.84,415,,0.15035,-0.3846,0.0223,0.43076,-0.02418,-0.30579,spy_options_2013.parquet,1174727
SPY,2013-10-17,2013-10-17T16:00:00-04:00,173.21,2014-03-21,155.0,0.4246575342465753,169.0,call,8.36,8.4,8.07,111,,0.15083,0.59595,0.02387,0.43335,-0.01654,0.34382,spy_options_2013.parquet,1174728
SPY,2013-10-17,2013-10-17T16:00:00-04:00,173.21,2014-03-21,155.0,0.4246575342465753,169.0,put,5.2,5.25,5.22,187,,0.14825,-0.40751,0.02293,0.43708,-0.02406,-0.32358,spy_options_2013.parquet,1174728
SPY,2013-10-17,2013-10-17T16:00:00-04:00,173.21,2014-03-21,155.0,0.4246575342465753,170.0,call,7.69,7.73,7.72,538,,0.14852,0.57186,0.02441,0.43908,-0.01684,0.33561,spy_options_2013.parquet,1174729
SPY,2013-10-17,2013-10-17T16:00:00-04:00,173.21,2014-03-21,155.0,0.4246575342465753,170.0,put,5.56,5.61,5.55,489,,0.14583,-0.43068,0.02366,0.44247,-0.02416,-0.34274,spy_options_2013.parquet,1174729
SPY,2013-10-17,2013-10-17T16:00:00-04:00,173.21,2014-03-21,155.0,0.4246575342465753,171.0,call,7.04,7.09,7.07,54,,0.1458,0.54699,0.02498,0.44398,-0.01649,0.32625,spy_options_2013.parquet,1174730
SPY,2013-10-17,2013-10-17T16:00:00-04:00,173.21,2014-03-21,155.0,0.4246575342465753,171.0,put,5.94,5.99,6.04,338,,0.14433,-0.45441,0.02421,0.44627,-0.02465,-0.36166,spy_options_2013.parquet,1174730
SPY,2013-10-17,2013-10-17T16:00:00-04:00,173.21,2014-03-21,155.0,0.4246575342465753,172.0,call,6.42,6.47,6.45,394,,0.14354,0.52207,0.0255,0.44649,-0.0165,0.31683,spy_options_2013.parquet,1174731
SPY,2013-10-17,2013-10-17T16:00:00-04:00,173.21,2014-03-21,155.0,0.4246575342465753,172.0,put,6.35,6.4,6.36,408,,0.1418,-0.47956,0.02469,0.4481,-0.02432,-0.38141,spy_options_2013.parquet,1174731
SPY,2013-10-17,2013-10-17T16:00:00-04:00,173.21,2014-03-21,155.0,0.4246575342465753,173.0,call,5.83,5.88,5.86,,,0.14066,0.49601,0.02592,0.44714,-0.01653,0.30474,spy_options_2013.parquet,1174732
SPY,2013-10-17,2013-10-17T16:00:00-04:00,173.21,2014-03-21,155.0,0.4246575342465753,173.0,put,6.78,6.84,6.81,,,0.13941,-0.50442,0.0251,0.44807,-0.02385,-0.40284,spy_options_2013.parquet,1174732
SPY,2013-10-17,2013-10-17T16:00:00-04:00,173.21,2014-03-21,155.0,0.4246575342465753,174.0,call,5.26,5.31,5.24,745,,0.13797,0.46841,0.02617,0.44672,-0.01593,0.29263,spy_options_2013.parquet,1174733
SPY,2013-10-17,2013-10-17T16:00:00-04:00,173.21,2014-03-21,155.0,0.4246575342465753,174.0,put,7.23,7.29,7.4,195,,0.13769,-0.53104,0.02538,0.44691,-0.0244,-0.42435,spy_options_2013.parquet,1174733
SPY,2013-10-17,2013-10-17T16:00:00-04:00,173.21,2014-03-21,155.0,0.4246575342465753,175.0,call,4.74,4.79,4.72,318,,0.13617,0.44146,0.02632,0.4434,-0.01653,0.27907,spy_options_2013.parquet,1174734
SPY,2013-10-17,2013-10-17T16:00:00-04:00,173.21,2014-03-21,155.0,0.4246575342465753,175.0,put,7.74,7.8,0.0,,,0.13537,-0.5576,0.02556,0.44319,-0.02347,-0.44599,spy_options_2013.parquet,1174734
SPY,2013-10-17,2013-10-17T16:00:00-04:00,173.21,2014-03-21,155.0,0.4246575342465753,176.0,call,4.23,4.26,4.0,218,,0.13261,0.4128,0.02641,0.43746,-0.0155,0.26457,spy_options_2013.parquet,1174735
SPY,2013-10-17,2013-10-17T16:00:00-04:00,173.21,2014-03-21,155.0,0.4246575342465753,176.0,put,8.25,8.31,8.78,1,,0.13364,-0.58471,0.02563,0.43717,-0.0237,-0.46761,spy_options_2013.parquet,1174735
SPY,2013-10-17,2013-10-17T16:00:00-04:00,173.21,2014-03-21,155.0,0.4246575342465753,177.0,call,3.76,3.81,3.76,,,0.13138,0.38569,0.02632,0.43048,-0.01484,0.24908,spy_options_2013.parquet,1174736
SPY,2013-10-17,2013-10-17T16:00:00-04:00,173.21,2014-03-21,155.0,0.4246575342465753,177.0,put,8.8,8.88,9.04,111,,0.13147,-0.61134,0.02547,0.42967,-0.02286,-0.49037,spy_options_2013.parquet,1174736
SPY,2013-10-17,2013-10-17T16:00:00-04:00,173.21,2014-03-21,155.0,0.4246575342465753,178.0,call,3.33,3.37,3.33,146,,0.12832,0.35711,0.02611,0.42032,-0.01493,0.23395,spy_options_2013.parquet,1174737
SPY,2013-10-17,2013-10-17T16:00:00-04:00,173.21,2014-03-21,155.0,0.4246575342465753,178.0,put,9.39,9.46,9.53,50,,0.12989,-0.63845,0.0253,0.41923,-0.02225,-0.51294,spy_options_2013.parquet,1174737
SPY,2013-10-17,2013-10-17T16:00:00-04:00,173.21,2014-03-21,155.0,0.4246575342465753,179.0,call,2.92,2.96,2.82,82,,0.12671,0.32875,0.02569,0.40713,-0.01393,0.21698,spy_options_2013.parquet,1174738
SPY,2013-10-17,2013-10-17T16:00:00-04:00,173.21,2014-03-21,155.0,0.4246575342465753,179.0,put,10.0,10.08,0.0,,,0.12789,-0.66525,0.02482,0.40722,-0.02214,-0.53449,spy_options_2013.parquet,1174738
SPY,2013-10-17,2013-10-17T16:00:00-04:00,173.21,2014-03-21,155.0,0.4246575342465753,180.0,call,2.56,2.6,2.55,510,,0.12486,0.3009,0.02506,0.39246,-0.0132,0.20142,spy_options_2013.parquet,1174739
SPY,2013-10-17,2013-10-17T16:00:00-04:00,173.21,2014-03-21,155.0,0.4246575342465753,180.0,put,10.66,10.74,10.82,27,,0.12696,-0.69052,0.02421,0.39322,-0.0218,-0.55647,spy_options_2013.parquet,1174739
SPY,2013-10-17,2013-10-17T16:00:00-04:00,173.21,2014-03-21,155.0,0.4246575342465753,181.0,call,2.21,2.26,2.16,719,,0.12275,0.27432,0.0243,0.37552,-0.01244,0.18441,spy_options_2013.parquet,1174740
SPY,2013-10-17,2013-10-17T16:00:00-04:00,173.21,2014-03-21,155.0,0.4246575342465753,181.0,put,11.34,11.42,11.36,24,,0.12478,-0.71627,0.02352,0.37785,-0.02135,-0.57839,spy_options_2013.parquet,1174740
SPY,2013-10-17,2013-10-17T16:00:00-04:00,173.21,2014-03-21,155.0,0.4246575342465753,182.0,call,1.91,1.98,1.64,134,,0.12055,0.24848,0.02338,0.35775,-0.01197,0.16907,spy_options_2013.parquet,1174741
SPY,2013-10-17,2013-10-17T16:00:00-04:00,173.21,2014-03-21,155.0,0.4246575342465753,182.0,put,11.99,12.15,12.46,4,,0.12317,-0.74196,0.02273,0.35976,-0.01998,-0.59977,spy_options_2013.parquet,1174741
SPY,2013-10-17,2013-10-17T16:00:00-04:00,173.21,2014-03-21,155.0,0.4246575342465753,183.0,call,1.64,1.67,1.4,145,,0.11865,0.222,0.02232,0.33685,-0.01152,0.15222,spy_options_2013.parquet,1174742
SPY,2013-10-17,2013-10-17T16:00:00-04:00,173.21,2014-03-21,155.0,0.4246575342465753,183.0,put,12.73,12.89,0.0,,,0.12192,-0.76462,0.02176,0.34116,-0.01983,-0.62059,spy_options_2013.parquet,1174742
SPY,2013-10-17,2013-10-17T16:00:00-04:00,173.21,2014-03-21,155.0,0.4246575342465753,184.0,call,1.4,1.43,1.43,,,0.11687,0.19831,0.02114,0.31515,-0.01005,0.13641,spy_options_2013.parquet,1174743
SPY,2013-10-17,2013-10-17T16:00:00-04:00,173.21,2014-03-21,155.0,0.4246575342465753,184.0,put,13.51,13.74,0.0,,,0.12246,-0.78529,0.02064,0.32295,-0.01943,-0.63896,spy_options_2013.parquet,1174743
SPY,2013-10-17,2013-10-17T16:00:00-04:00,173.21,2014-03-21,155.0,0.4246575342465753,185.0,call,1.2,1.23,1.21,168,,0.1159,0.17668,0.01984,0.29404,-0.00999,0.12208,spy_options_2013.parquet,1174744
SPY,2013-10-17,2013-10-17T16:00:00-04:00,173.21,2014-03-21,155.0,0.4246575342465753,185.0,put,14.35,14.53,0.0,,,0.12186,-0.80331,0.01946,0.30548,-0.01858,-0.65674,spy_options_2013.parquet,1174744
SPY,2013-10-17,2013-10-17T16:00:00-04:00,173.21,2014-03-21,155.0,0.4246575342465753,186.0,call,0.99,1.05,0.0,,,0.11429,0.15531,0.01852,0.27125,-0.00871,0.1081,spy_options_2013.parquet,1174745
SPY,2013-10-17,2013-10-17T16:00:00-04:00,173.21,2014-03-21,155.0,0.4246575342465753,186.0,put,15.18,15.33,0.0,,,0.12112,-0.82338,0.01829,0.28498,-0.01778,-0.67486,spy_options_2013.parquet,1174745
SPY,2013-10-17,2013-10-17T16:00:00-04:00,173.21,2014-03-21,155.0,0.4246575342465753,187.0,call,0.83,0.89,0.0,,,0.11369,0.137,0.01708,0.24879,-0.00772,0.09574,spy_options_2013.parquet,1174746
SPY,2013-10-17,2013-10-17T16:00:00-04:00,173.21,2014-03-21,155.0,0.4246575342465753,187.0,put,16.01,16.21,0.0,,,0.12157,-0.83934,0.01718,0.26693,-0.01712,-0.68984,spy_options_2013.parquet,1174746
SPY,2013-10-17,2013-10-17T16:00:00-04:00,173.21,2014-03-21,155.0,0.4246575342465753,188.0,call,0.71,0.74,0.66,209,,0.11309,0.11961,0.01565,0.22638,-0.00757,0.08367,spy_options_2013.parquet,1174747
SPY,2013-10-17,2013-10-17T16:00:00-04:00,173.21,2014-03-21,155.0,0.4246575342465753,188.0,put,16.9,17.05,0.0,,,0.12147,-0.85564,0.016,0.24734,-0.01682,-0.70508,spy_options_2013.parquet,1174747
SPY,2013-10-17,2013-10-17T16:00:00-04:00,173.21,2014-03-21,155.0,0.4246575342465753,189.0,call,0.58,0.63,0.47,80,,0.11147,0.10302,0.01429,0.20454,-0.00599,0.07323,spy_options_2013.parquet,1174748
SPY,2013-10-17,2013-10-17T16:00:00-04:00,173.21,2014-03-21,155.0,0.4246575342465753,189.0,put,17.78,17.98,0.0,,,0.12271,-0.86673,0.01492,0.23316,-0.01645,-0.71801,spy_options_2013.parquet,1174748
SPY,2013-10-17,2013-10-17T16:00:00-04:00,173.21,2014-03-21,155.0,0.4246575342465753,190.0,call,0.49,0.52,0.46,20,,0.11072,0.08904,0.01286,0.18416,-0.00578,0.06369,spy_options_2013.parquet,1174749
SPY,2013-10-17,2013-10-17T16:00:00-04:00,173.21,2014-03-21,155.0,0.4246575342465753,190.0,put,18.71,18.89,0.0,,,0.1231,-0.87889,0.01381,0.21792,-0.01551,-0.73087,spy_options_2013.parquet,1174749
SPY,2013-10-17,2013-10-17T16:00:00-04:00,173.21,2014-03-21,155.0,0.4246575342465753,191.0,call,0.41,0.44,0.0,,,0.11033,0.07787,0.01168,0.1652,-0.0056,0.05548,spy_options_2013.parquet,1174750
SPY,2013-10-17,2013-10-17T16:00:00-04:00,173.21,2014-03-21,155.0,0.4246575342465753,191.0,put,19.59,19.83,0.0,,,0.12282,-0.89032,0.01279,0.20153,-0.01535,-0.7427,spy_options_2013.parquet,1174750
SPY,2013-10-17,2013-10-17T16:00:00-04:00,173.21,2014-03-21,155.0,0.4246575342465753,192.0,call,0.32,0.36,0.28,20,,0.10928,0.06653,0.01038,0.14678,-0.00434,0.04698,spy_options_2013.parquet,1174751
SPY,2013-10-17,2013-10-17T16:00:00-04:00,173.21,2014-03-21,155.0,0.4246575342465753,192.0,put,20.52,20.77,0.0,,,0.12426,-0.89901,0.01181,0.18827,-0.01439,-0.75314,spy_options_2013.parquet,1174751
SPY,2013-10-17,2013-10-17T16:00:00-04:00,173.21,2014-03-21,155.0,0.4246575342465753,193.0,call,0.3,0.33,0.0,,,0.11084,0.05849,0.00933,0.13341,-0.00403,0.04218,spy_options_2013.parquet,1174752
SPY,2013-10-17,2013-10-17T16:00:00-04:00,173.21,2014-03-21,155.0,0.4246575342465753,193.0,put,21.47,21.72,0.0,,,0.12554,-0.90679,0.01101,0.17765,-0.01491,-0.76263,spy_options_2013.parquet,1174752
SPY,2013-10-17,2013-10-17T16:00:00-04:00,173.21,2014-03-21,155.0,0.4246575342465753,194.0,call,0.24,0.27,0.23,309,,0.11032,0.05065,0.00834,0.11934,-0.00392,0.03675,spy_options_2013.parquet,1174753
SPY,2013-10-17,2013-10-17T16:00:00-04:00,173.21,2014-03-21,155.0,0.4246575342465753,194.0,put,22.45,22.67,0.0,,,0.12734,-0.91305,0.01022,0.16676,-0.01449,-0.77193,spy_options_2013.parquet,1174753
SPY,2013-10-17,2013-10-17T16:00:00-04:00,173.21,2014-03-21,155.0,0.4246575342465753,195.0,call,0.2,0.23,0.2,300,,0.10972,0.04281,0.00736,0.10549,-0.00356,0.03122,spy_options_2013.parquet,1174754
SPY,2013-10-17,2013-10-17T16:00:00-04:00,173.21,2014-03-21,155.0,0.4246575342465753,195.0,put,23.37,23.61,0.0,,,0.12787,-0.92169,0.00936,0.15373,-0.01411,-0.78251,spy_options_2013.parquet,1174754
SPY,2013-10-17,2013-10-17T16:00:00-04:00,173.21,2014-03-21,155.0,0.4246575342465753,196.0,call,0.18,0.22,0.16,479,,0.11142,0.03943,0.00673,0.09713,-0.00342,0.02797,spy_options_2013.parquet,1174755
SPY,2013-10-17,2013-10-17T16:00:00-04:00,173.21,2014-03-21,155.0,0.4246575342465753,196.0,put,23.77,26.05,0.0,,,0.15525,-0.88534,0.01047,0.2076,-0.01769,-0.76185,spy_options_2013.parquet,1174755
SPY,2013-10-17,2013-10-17T16:00:00-04:00,173.21,2014-03-21,155.0,0.4246575342465753,197.0,call,0.16,0.19,0.15,120,,0.11207,0.03385,0.00591,0.08675,-0.00231,0.02464,spy_options_2013.parquet,1174756
SPY,2013-10-17,2013-10-17T16:00:00-04:00,173.21,2014-03-21,155.0,0.4246575342465753,197.0,put,24.69,27.03,0.0,,,0.15697,-0.89184,0.00986,0.1986,-0.01722,-0.77074,spy_options_2013.parquet,1174756
SPY,2013-10-17,2013-10-17T16:00:00-04:00,173.21,2014-03-21,155.0,0.4246575342465753,198.0,call,0.13,0.15,0.0,,,0.11245,0.02969,0.00529,0.07827,-0.00224,0.02206,spy_options_2013.parquet,1174757
SPY,2013-10-17,2013-10-17T16:00:00-04:00,173.21,2014-03-21,155.0,0.4246575342465753,198.0,put,25.7,28.01,0.0,,,0.15982,-0.89586,0.00949,0.19436,-0.01774,-0.77716,spy_options_2013.parquet,1174757
SPY,2013-10-17,2013-10-17T16:00:00-04:00,173.21,2014-03-21,155.0,0.4246575342465753,199.0,call,0.11,0.15,0.11,100,,0.11378,0.02695,0.00485,0.0715,-0.00192,0.01919,spy_options_2013.parquet,1174758
SPY,2013-10-17,2013-10-17T16:00:00-04:00,173.21,2014-03-21,155.0,0.4246575342465753,199.0,put,26.66,29.0,0.0,,,0.16298,-0.89876,0.00901,0.1891,-0.01756,-0.78353,spy_options_2013.parquet,1174758
SPY,2013-10-17,2013-10-17T16:00:00-04:00,173.21,2014-03-21,155.0,0.4246575342465753,200.0,call,0.11,0.12,0.09,25,,0.11458,0.02425,0.00434,0.06556,-0.00178,0.01763,spy_options_2013.parquet,1174759
SPY,2013-10-17,2013-10-17T16:00:00-04:00,173.21,2014-03-21,155.0,0.4246575342465753,200.0,put,27.74,29.94,28.67,10,,0.1681,-0.89959,0.00868,0.18782,-0.01718,-0.7889,spy_options_2013.parquet,1174759
SPY,2013-10-17,2013-10-17T16:00:00-04:00,173.21,2014-03-21,155.0,0.4246575342465753,205.0,call,0.05,0.09,0.0,,,0.1202,0.01366,0.00257,0.04155,-0.00164,0.01023,spy_options_2013.parquet,1174760
SPY,2013-10-17,2013-10-17T16:00:00-04:00,173.21,2014-03-21,155.0,0.4246575342465753,205.0,put,32.7,34.95,0.0,,,0.18736,-0.90879,0.00721,0.17323,-0.01741,-0.81718,spy_options_2013.parquet,1174760
SPY,2013-10-17,2013-10-17T16:00:00-04:00,173.21,2014-03-21,155.0,0.4246575342465753,210.0,call,0.02,0.06,0.0,,,0.12781,0.00944,0.00173,0.02948,-0.00143,0.0072,spy_options_2013.parquet,1174761
SPY,2013-10-17,2013-10-17T16:00:00-04:00,173.21,2014-03-21,155.0,0.4246575342465753,210.0,put,38.19,38.44,0.0,,,0.1661,-0.9558,0.00427,0.0907,-0.0128,-0.8705,spy_options_2013.parquet,1174761
SPY,2013-10-17,2013-10-17T16:00:00-04:00,173.21,2014-03-21,155.0,0.4246575342465753,215.0,call,0.01,0.05,0.04,274,,0.13529,0.00593,0.00112,0.02041,-0.00045,0.00465,spy_options_2013.parquet,1174762
SPY,2013-10-17,2013-10-17T16:00:00-04:00,173.21,2014-03-21,155.0,0.4246575342465753,215.0,put,43.18,43.42,0.0,,,0.17966,-0.96009,0.00354,0.08202,-0.01235,-0.89533,spy_options_2013.parquet,1174762
SPY,2013-10-17,2013-10-17T16:00:00-04:00,173.21,2014-03-31,165.0,0.4520547945205479,120.0,call,53.28,53.52,0.0,,,0.37416,0.92955,0.00176,0.11855,-0.01087,0.09524,spy_options_2013.parquet,1174767
SPY,2013-10-17,2013-10-17T16:00:00-04:00,173.21,2014-03-31,165.0,0.4520547945205479,120.0,put,0.29,0.33,0.0,,,0.28245,-0.02336,0.00166,0.06423,-0.00598,-0.02002,spy_options_2013.parquet,1174767
SPY,2013-10-17,2013-10-17T16:00:00-04:00,173.21,2014-03-31,165.0,0.4520547945205479,125.0,call,48.32,48.57,0.0,,,0.33561,0.93258,0.00237,0.11992,-0.00968,0.115,spy_options_2013.parquet,1174768
SPY,2013-10-17,2013-10-17T16:00:00-04:00,173.21,2014-03-31,165.0,0.4520547945205479,125.0,put,0.37,0.43,0.41,30,,0.26674,-0.03076,0.00226,0.0818,-0.00666,-0.02675,spy_options_2013.parquet,1174768
SPY,2013-10-17,2013-10-17T16:00:00-04:00,173.21,2014-03-31,165.0,0.4520547945205479,130.0,call,43.4,43.63,0.0,,,0.30254,0.93294,0.00328,0.12463,-0.00861,0.14224,spy_options_2013.parquet,1174769
SPY,2013-10-17,2013-10-17T16:00:00-04:00,173.21,2014-03-31,165.0,0.4520547945205479,130.0,put,0.51,0.56,0.53,30,,0.25196,-0.04204,0.00306,0.10416,-0.00822,-0.0354,spy_options_2013.parquet,1174769
SPY,2013-10-17,2013-10-17T16:00:00-04:00,173.21,2014-03-31,165.0,0.4520547945205479,135.0,call,38.47,38.65,0.0,,,0.27101,0.93116,0.00433,0.13245,-0.00836,0.17171,spy_options_2013.parquet,1174770
SPY,2013-10-17,2013-10-17T16:00:00-04:00,173.21,2014-03-31,165.0,0.4520547945205479,135.0,put,0.67,0.72,0.7,1,,0.23685,-0.05595,0.00407,0.13104,-0.00967,-0.04698,spy_options_2013.parquet,1174770
SPY,2013-10-17,2013-10-17T16:00:00-04:00,173.21,2014-03-31,165.0,0.4520547945205479,140.0,call,33.61,33.78,0.0,,,0.24738,0.92104,0.00589,0.15548,-0.00866,0.21923,spy_options_2013.parquet,1174771
SPY,2013-10-17,2013-10-17T16:00:00-04:00,173.21,2014-03-31,165.0,0.4520547945205479,140.0,put,0.88,0.95,1.05,20,,0.22209,-0.07373,0.00539,0.16315,-0.01179,-0.06194,spy_options_2013.parquet,1174771
SPY,2013-10-17,2013-10-17T16:00:00-04:00,173.21,2014-03-31,165.0,0.4520547945205479,145.0,call,28.82,28.99,0.0,,,0.22697,0.90072,0.00792,0.19109,-0.01005,0.27063,spy_options_2013.parquet,1174772
SPY,2013-10-17,2013-10-17T16:00:00-04:00,173.21,2014-03-31,165.0,0.4520547945205479,145.0,put,1.18,1.25,1.29,8,,0.20847,-0.09983,0.00722,0.20413,-0.0136,-0.08349,spy_options_2013.parquet,1174772
SPY,2013-10-17,2013-10-17T16:00:00-04:00,173.21,2014-03-31,165.0,0.4520547945205479,150.0,call,24.11,24.3,23.4,1,,0.20833,0.87041,0.01045,0.23704,-0.01063,0.31952,spy_options_2013.parquet,1174773
SPY,2013-10-17,2013-10-17T16:00:00-04:00,173.21,2014-03-31,165.0,0.4520547945205479,150.0,put,1.62,1.68,1.88,14,,0.19478,-0.13502,0.00945,0.25213,-0.01632,-0.11362,spy_options_2013.parquet,1174773
SPY,2013-10-17,2013-10-17T16:00:00-04:00,173.21,2014-03-31,165.0,0.4520547945205479,152.0,call,22.29,22.48,0.0,,,0.20113,0.85331,0.01165,0.25863,-0.01202,0.33748,spy_options_2013.parquet,1174774
SPY,2013-10-17,2013-10-17T16:00:00-04:00,173.21,2014-03-31,165.0,0.4520547945205479,152.0,put,1.82,1.89,0.0,,,0.1899,-0.15201,0.01056,0.27366,-0.01654,-0.12832,spy_options_2013.parquet,1174774
SPY,2013-10-17,2013-10-17T16:00:00-04:00,173.21,2014-03-31,165.0,0.4520547945205479,153.0,call,21.38,21.56,0.0,,,0.19777,0.8444,0.01225,0.26982,-0.01251,0.34491,spy_options_2013.parquet,1174775
SPY,2013-10-17,2013-10-17T16:00:00-04:00,173.21,2014-03-31,165.0,0.4520547945205479,153.0,put,1.95,2.01,2.14,100,,0.18716,-0.16124,0.01117,0.28548,-0.01764,-0.13585,spy_options_2013.parquet,1174775
SPY,2013-10-17,2013-10-17T16:00:00-04:00,173.21,2014-03-31,165.0,0.4520547945205479,154.0,call,20.48,20.68,0.0,,,0.19475,0.83426,0.01291,0.28222,-0.01239,0.3524,spy_options_2013.parquet,1174776
SPY,2013-10-17,2013-10-17T16:00:00-04:00,173.21,2014-03-31,165.0,0.4520547945205479,154.0,put,2.07,2.13,2.18,60,,0.18448,-0.1719,0.0118,0.2964,-0.01801,-0.14467,spy_options_2013.parquet,1174776
SPY,2013-10-17,2013-10-17T16:00:00-04:00,173.21,2014-03-31,165.0,0.4520547945205479,155.0,call,19.6,19.77,0.0,,,0.192,0.82341,0.01346,0.2942,-0.0125,0.35932,spy_options_2013.parquet,1174777
SPY,2013-10-17,2013-10-17T16:00:00-04:00,173.21,2014-03-31,165.0,0.4520547945205479,155.0,put,2.21,2.27,2.33,62,,0.18219,-0.18251,0.0124,0.30739,-0.01876,-0.15374,spy_options_2013.parquet,1174777
SPY,2013-10-17,2013-10-17T16:00:00-04:00,173.21,2014-03-31,165.0,0.4520547945205479,156.0,call,18.72,18.89,0.0,,,0.18904,0.81239,0.01413,0.30605,-0.01346,0.36574,spy_options_2013.parquet,1174778
SPY,2013-10-17,2013-10-17T16:00:00-04:00,173.21,2014-03-31,165.0,0.4520547945205479,156.0,put,2.37,2.41,0.0,,,0.18,-0.19359,0.01301,0.3201,-0.01888,-0.16335,spy_options_2013.parquet,1174778
SPY,2013-10-17,2013-10-17T16:00:00-04:00,173.21,2014-03-31,165.0,0.4520547945205479,157.0,call,17.85,18.06,0.0,,,0.18615,0.80005,0.01476,0.31864,-0.01315,0.37198,spy_options_2013.parquet,1174779
SPY,2013-10-17,2013-10-17T16:00:00-04:00,173.21,2014-03-31,165.0,0.4520547945205479,157.0,put,2.52,2.57,0.0,,,0.17771,-0.20576,0.01366,0.33123,-0.01953,-0.17305,spy_options_2013.parquet,1174779
SPY,2013-10-17,2013-10-17T16:00:00-04:00,173.21,2014-03-31,165.0,0.4520547945205479,158.0,call,17.0,17.14,0.0,,,0.18285,0.78813,0.01554,0.33019,-0.01393,0.3756,spy_options_2013.parquet,1174780
SPY,2013-10-17,2013-10-17T16:00:00-04:00,173.21,2014-03-31,165.0,0.4520547945205479,158.0,put,2.68,2.73,3.23,27,,0.17495,-0.2178,0.01441,0.34272,-0.0198,-0.18405,spy_options_2013.parquet,1174780
SPY,2013-10-17,2013-10-17T16:00:00-04:00,173.21,2014-03-31,165.0,0.4520547945205479,159.0,call,16.15,16.27,0.0,,,0.17917,0.77453,0.01627,0.34243,-0.01414,0.37894,spy_options_2013.parquet,1174781
SPY,2013-10-17,2013-10-17T16:00:00-04:00,173.21,2014-03-31,165.0,0.4520547945205479,159.0,put,2.85,2.91,3.25,56,,0.17198,-0.23112,0.01514,0.35477,-0.02032,-0.19543,spy_options_2013.parquet,1174781
SPY,2013-10-17,2013-10-17T16:00:00-04:00,173.21,2014-03-31,165.0,0.4520547945205479,160.0,call,15.31,15.44,14.94,1,,0.17627,0.76094,0.01694,0.35492,-0.01427,0.38195,spy_options_2013.parquet,1174782
SPY,2013-10-17,2013-10-17T16:00:00-04:00,173.21,2014-03-31,165.0,0.4520547945205479,160.0,put,3.04,3.08,3.19,32,,0.16949,-0.24559,0.01582,0.3659,-0.02102,-0.20741,spy_options_2013.parquet,1174782
SPY,2013-10-17,2013-10-17T16:00:00-04:00,173.21,2014-03-31,165.0,0.4520547945205479,161.0,call,14.47,14.59,0.0,,,0.1726,0.74585,0.0177,0.36708,-0.01468,0.38383,spy_options_2013.parquet,1174783
SPY,2013-10-17,2013-10-17T16:00:00-04:00,173.21,2014-03-31,165.0,0.4520547945205479,161.0,put,3.24,3.3,0.0,,,0.16695,-0.26008,0.01662,0.37797,-0.02069,-0.2196,spy_options_2013.parquet,1174783
SPY,2013-10-17,2013-10-17T16:00:00-04:00,173.21,2014-03-31,165.0,0.4520547945205479,165.0,call,11.32,11.43,10.98,2,,0.16196,0.67674,0.0206,0.41212,-0.01605,0.38224,spy_options_2013.parquet,1174784
SPY,2013-10-17,2013-10-17T16:00:00-04:00,173.21,2014-03-31,165.0,0.4520547945205479,165.0,put,4.19,4.22,4.35,87,,0.15685,-0.32819,0.01959,0.41989,-0.02284,-0.27729,spy_options_2013.parquet,1174784
SPY,2013-10-17,2013-10-17T16:00:00-04:00,173.21,2014-03-31,165.0,0.4520547945205479,170.0,call,7.81,7.88,7.48,178,,0.14779,0.56982,0.02386,0.4536,-0.0167,0.35365,spy_options_2013.parquet,1174785
SPY,2013-10-17,2013-10-17T16:00:00-04:00,173.21,2014-03-31,165.0,0.4520547945205479,170.0,put,5.76,5.83,5.98,20,,0.14544,-0.43289,0.023,0.45611,-0.02369,-0.36725,spy_options_2013.parquet,1174785
SPY,2013-10-17,2013-10-17T16:00:00-04:00,173.21,2014-03-31,165.0,0.4520547945205479,171.0,call,7.18,7.24,0.0,,,0.14588,0.54556,0.02439,0.45796,-0.01599,0.34391,spy_options_2013.parquet,1174786
SPY,2013-10-17,2013-10-17T16:00:00-04:00,173.21,2014-03-31,165.0,0.4520547945205479,171.0,put,6.15,6.2,6.31,147,,0.14327,-0.45647,0.02357,0.45997,-0.02367,-0.38793,spy_options_2013.parquet,1174786
SPY,2013-10-17,2013-10-17T16:00:00-04:00,173.21,2014-03-31,165.0,0.4520547945205479,172.0,call,6.55,6.61,6.35,29,,0.14225,0.52034,0.02495,0.4603,-0.01565,0.33305,spy_options_2013.parquet,1174787
SPY,2013-10-17,2013-10-17T16:00:00-04:00,173.21,2014-03-31,165.0,0.4520547945205479,172.0,put,6.57,6.62,6.58,16,,0.14092,-0.48071,0.02401,0.46156,-0.02401,-0.40834,spy_options_2013.parquet,1174787
SPY,2013-10-17,2013-10-17T16:00:00-04:00,173.21,2014-03-31,165.0,0.4520547945205479,173.0,call,5.96,6.01,0.0,,,0.13986,0.49511,0.02526,0.46129,-0.01625,0.32146,spy_options_2013.parquet,1174788
SPY,2013-10-17,2013-10-17T16:00:00-04:00,173.21,2014-03-31,165.0,0.4520547945205479,173.0,put,6.99,7.04,7.35,44,,0.13901,-0.50572,0.02446,0.46214,-0.02386,-0.43,spy_options_2013.parquet,1174788
SPY,2013-10-17,2013-10-17T16:00:00-04:00,173.21,2014-03-31,165.0,0.4520547945205479,174.0,call,5.39,5.48,5.1,71,,0.13771,0.46868,0.02551,0.45973,-0.01562,0.30886,spy_options_2013.parquet,1174789
SPY,2013-10-17,2013-10-17T16:00:00-04:00,173.21,2014-03-31,165.0,0.4520547945205479,174.0,put,7.44,7.5,7.8,3,,0.13616,-0.53172,0.0247,0.45991,-0.02355,-0.45191,spy_options_2013.parquet,1174789
SPY,2013-10-17,2013-10-17T16:00:00-04:00,173.21,2014-03-31,165.0,0.4520547945205479,175.0,call,4.87,4.92,4.62,37,,0.13519,0.44216,0.02574,0.4569,-0.01515,0.29507,spy_options_2013.parquet,1174790
SPY,2013-10-17,2013-10-17T16:00:00-04:00,173.21,2014-03-31,165.0,0.4520547945205479,175.0,put,7.92,7.99,8.14,20,,0.13419,-0.55769,0.02495,0.45646,-0.02322,-0.47514,spy_options_2013.parquet,1174790
SPY,2013-10-17,2013-10-17T16:00:00-04:00,173.21,2014-03-31,165.0,0.4520547945205479,180.0,call,2.67,2.7,2.64,430,,0.12426,0.30531,0.02451,0.40761,-0.01314,0.21531,spy_options_2013.parquet,1174791
SPY,2013-10-17,2013-10-17T16:00:00-04:00,173.21,2014-03-31,165.0,0.4520547945205479,180.0,put,10.82,10.93,0.0,,,0.12587,-0.68741,0.02372,0.40697,-0.02144,-0.5911,spy_options_2013.parquet,1174791
SPY,2013-10-17,2013-10-17T16:00:00-04:00,173.21,2014-03-31,165.0,0.4520547945205479,185.0,call,1.26,1.33,1.2,3,,0.11563,0.18254,0.01965,0.30893,-0.00958,0.13363,spy_options_2013.parquet,1174792
SPY,2013-10-17,2013-10-17T16:00:00-04:00,173.21,2014-03-31,165.0,0.4520547945205479,185.0,put,14.46,14.61,0.0,,,0.1195,-0.80365,0.01936,0.31436,-0.01783,-0.69883,spy_options_2013.parquet,1174792
SPY,2013-10-17,2013-10-17T16:00:00-04:00,173.21,2014-03-31,165.0,0.4520547945205479,190.0,call,0.54,0.58,0.51,15,,0.11119,0.09561,0.01311,0.19883,-0.00625,0.07114,spy_options_2013.parquet,1174793
SPY,2013-10-17,2013-10-17T16:00:00-04:00,173.21,2014-03-31,165.0,0.4520547945205479,190.0,put,18.74,18.96,0.0,,,0.11739,-0.88375,0.01353,0.21691,-0.01529,-0.78092,spy_options_2013.parquet,1174793
SPY,2013-10-17,2013-10-17T16:00:00-04:00,173.21,2014-03-31,165.0,0.4520547945205479,195.0,call,0.22,0.27,0.0,,,0.10935,0.04654,0.00766,0.11551,-0.00343,0.03572,spy_options_2013.parquet,1174794
SPY,2013-10-17,2013-10-17T16:00:00-04:00,173.21,2014-03-31,165.0,0.4520547945205479,195.0,put,23.41,23.64,0.0,,,0.12007,-0.92832,0.00887,0.14585,-0.01269,-0.83713,spy_options_2013.parquet,1174794
SPY,2013-10-17,2013-10-17T16:00:00-04:00,173.21,2014-03-31,165.0,0.4520547945205479,200.0,call,0.1,0.14,0.0,,,0.11411,0.02601,0.00462,0.07274,-0.00239,0.02049,spy_options_2013.parquet,1174795
SPY,2013-10-17,2013-10-17T16:00:00-04:00,173.21,2014-03-31,165.0,0.4520547945205479,200.0,put,28.27,28.52,0.0,,,0.12741,-0.94995,0.00604,0.10424,-0.0116,-0.87746,spy_options_2013.parquet,1174795
