underlying_symbol,quote_date,valuation_timestamp,underlying_price,expiration,vendor_dte,time_to_maturity,strike,option_type,bid,ask,last,volume,open_interest,vendor_iv,vendor_delta,vendor_gamma,vendor_vega,vendor_theta,vendor_rho,source_file,source_row
SPY,2016-07-20,2016-07-20T16:00:00-04:00,217.09,2016-07-29,9.0,0.024657534246575342,150.0,call,66.97,67.18,0.0,,,,1.0,0.0,0.0,-0.00047,0.04102,spy_options_2016.parquet,2446243
SPY,2016-07-20,2016-07-20T16:00:00-04:00,217.09,2016-07-29,9.0,0.024657534246575342,150.0,put,0.0,0.0,0.0,,,0.71256,-0.00075,0.00012,0.00096,-0.00263,-0.00025,spy_options_2016.parquet,2446243
SPY,2016-07-20,2016-07-20T16:00:00-04:00,217.09,2016-07-29,9.0,0.024657534246575342,155.0,call,61.96,62.18,0.0,,,,1.0,0.0,0.0,-0.00012,0.04201,spy_options_2016.parquet,2446244
SPY,2016-07-20,2016-07-20T16:00:00-04:00,217.09,2016-07-29,9.0,0.024657534246575342,155.0,put,0.0,0.01,0.0,,,0.653,-0.00084,0.00013,0.00129,-0.00253,-0.00021,spy_options_2016.parquet,2446244
SPY,2016-07-20,2016-07-20T16:00:00-04:00,217.09,2016-07-29,9.0,0.024657534246575342,160.0,call,56.99,57.2,0.0,,,0.59418,0.99876,0.00014,0.00102,-0.00232,0.04382,spy_options_2016.parquet,2446245
SPY,2016-07-20,2016-07-20T16:00:00-04:00,217.09,2016-07-29,9.0,0.024657534246575342,160.0,put,0.0,0.01,0.0,,,0.59572,-0.00069,0.0001,0.00079,-0.00223,0.0,spy_options_2016.parquet,2446245
SPY,2016-07-20,2016-07-20T16:00:00-04:00,217.09,2016-07-29,9.0,0.024657534246575342,165.0,call,51.98,52.18,0.0,,,,1.0,0.0,0.0,0.0,0.04516,spy_options_2016.parquet,2446246
SPY,2016-07-20,2016-07-20T16:00:00-04:00,217.09,2016-07-29,9.0,0.024657534246575342,165.0,put,0.0,0.01,0.0,,,0.54012,-0.001,0.00014,0.00125,-0.00246,-0.00022,spy_options_2016.parquet,2446246
SPY,2016-07-20,2016-07-20T16:00:00-04:00,217.09,2016-07-29,9.0,0.024657534246575342,170.0,call,46.95,47.19,0.0,,,,1.0,0.0,0.0,0.0,0.04687,spy_options_2016.parquet,2446247
SPY,2016-07-20,2016-07-20T16:00:00-04:00,217.09,2016-07-29,9.0,0.024657534246575342,170.0,put,0.0,0.01,0.0,,,0.48546,-0.0014,0.00018,0.00154,-0.00238,-0.00027,spy_options_2016.parquet,2446247
SPY,2016-07-20,2016-07-20T16:00:00-04:00,217.09,2016-07-29,9.0,0.024657534246575342,175.0,call,41.96,42.18,0.0,,,,1.0,0.0,0.0,0.0,0.04743,spy_options_2016.parquet,2446248
SPY,2016-07-20,2016-07-20T16:00:00-04:00,217.09,2016-07-29,9.0,0.024657534246575342,175.0,put,0.0,0.01,0.01,0,,0.43162,-0.00122,0.00021,0.00116,-0.00206,-1e-05,spy_options_2016.parquet,2446248
SPY,2016-07-20,2016-07-20T16:00:00-04:00,217.09,2016-07-29,9.0,0.024657534246575342,176.0,call,40.97,41.19,0.0,,,,1.0,0.0,0.0,0.0,0.048,spy_options_2016.parquet,2446249
SPY,2016-07-20,2016-07-20T16:00:00-04:00,217.09,2016-07-29,9.0,0.024657534246575342,176.0,put,0.0,0.01,0.01,0,,0.4213,-0.00073,0.00027,0.00181,-0.00248,-7e-05,spy_options_2016.parquet,2446249
SPY,2016-07-20,2016-07-20T16:00:00-04:00,217.09,2016-07-29,9.0,0.024657534246575342,177.0,call,39.97,40.19,0.0,,,,1.0,0.0,0.0,-0.00036,0.04836,spy_options_2016.parquet,2446250
SPY,2016-07-20,2016-07-20T16:00:00-04:00,217.09,2016-07-29,9.0,0.024657534246575342,177.0,put,0.0,0.0,0.01,6,,0.41047,-0.00147,0.00022,0.0011,-0.00232,-0.00026,spy_options_2016.parquet,2446250
SPY,2016-07-20,2016-07-20T16:00:00-04:00,217.09,2016-07-29,9.0,0.024657534246575342,178.0,call,38.97,39.19,0.0,,,,1.0,0.0,0.0,-0.00016,0.04878,spy_options_2016.parquet,2446251
SPY,2016-07-20,2016-07-20T16:00:00-04:00,217.09,2016-07-29,9.0,0.024657534246575342,178.0,put,0.0,0.0,0.01,6,,0.39992,-0.00155,0.00029,0.0012,-0.00247,0.0,spy_options_2016.parquet,2446251
SPY,2016-07-20,2016-07-20T16:00:00-04:00,217.09,2016-07-29,9.0,0.024657534246575342,179.0,call,38.01,38.21,0.0,,,0.43026,0.99664,0.0006,0.00304,-0.0065,0.0491,spy_options_2016.parquet,2446252
SPY,2016-07-20,2016-07-20T16:00:00-04:00,217.09,2016-07-29,9.0,0.024657534246575342,179.0,put,0.02,0.02,0.0,,,0.43246,-0.00301,0.00063,0.00371,-0.00597,0.0,spy_options_2016.parquet,2446252
SPY,2016-07-20,2016-07-20T16:00:00-04:00,217.09,2016-07-29,9.0,0.024657534246575342,180.0,call,36.97,37.19,0.0,,,,1.0,0.0,0.0,0.0,0.04942,spy_options_2016.parquet,2446253
SPY,2016-07-20,2016-07-20T16:00:00-04:00,217.09,2016-07-29,9.0,0.024657534246575342,180.0,put,0.01,0.03,0.01,0,,0.42037,-0.00272,0.0006,0.0031,-0.00595,-0.00014,spy_options_2016.parquet,2446253
SPY,2016-07-20,2016-07-20T16:00:00-04:00,217.09,2016-07-29,9.0,0.024657534246575342,180.5,call,36.47,36.69,0.0,,,,1.0,0.0,0.0,-0.00043,0.04914,spy_options_2016.parquet,2446254
SPY,2016-07-20,2016-07-20T16:00:00-04:00,217.09,2016-07-29,9.0,0.024657534246575342,180.5,put,0.01,0.01,0.0,,,0.41489,-0.00339,0.00065,0.00378,-0.00643,-0.00018,spy_options_2016.parquet,2446254
SPY,2016-07-20,2016-07-20T16:00:00-04:00,217.09,2016-07-29,9.0,0.024657534246575342,181.0,call,35.98,36.2,0.0,,,0.36375,0.99884,0.00032,0.00105,-0.00236,0.0491,spy_options_2016.parquet,2446255
SPY,2016-07-20,2016-07-20T16:00:00-04:00,217.09,2016-07-29,9.0,0.024657534246575342,181.0,put,0.01,0.02,0.0,,,0.41004,-0.00374,0.00065,0.00335,-0.0065,0.0,spy_options_2016.parquet,2446255
SPY,2016-07-20,2016-07-20T16:00:00-04:00,217.09,2016-07-29,9.0,0.024657534246575342,181.5,call,35.5,35.7,0.0,,,0.36385,0.99887,0.00036,0.0015,-0.00277,0.04971,spy_options_2016.parquet,2446256
SPY,2016-07-20,2016-07-20T16:00:00-04:00,217.09,2016-07-29,9.0,0.024657534246575342,181.5,put,0.0,0.0,0.01,1,,0.36426,-0.00142,0.00034,0.00168,-0.00242,0.0,spy_options_2016.parquet,2446256
SPY,2016-07-20,2016-07-20T16:00:00-04:00,217.09,2016-07-29,9.0,0.024657534246575342,182.0,call,34.97,35.19,0.0,,,,1.0,0.0,0.0,-5e-05,0.0497,spy_options_2016.parquet,2446257
SPY,2016-07-20,2016-07-20T16:00:00-04:00,217.09,2016-07-29,9.0,0.024657534246575342,182.0,put,0.01,0.02,0.0,,,0.39805,-0.00369,0.00067,0.00367,-0.00615,-0.00014,spy_options_2016.parquet,2446257
SPY,2016-07-20,2016-07-20T16:00:00-04:00,217.09,2016-07-29,9.0,0.024657534246575342,182.5,call,34.47,34.69,0.0,,,,1.0,0.0,0.0,0.0,0.04972,spy_options_2016.parquet,2446258
SPY,2016-07-20,2016-07-20T16:00:00-04:00,217.09,2016-07-29,9.0,0.024657534246575342,182.5,put,0.01,0.01,0.0,,,0.39263,-0.00346,0.00071,0.00346,-0.00665,-0.00063,spy_options_2016.parquet,2446258
SPY,2016-07-20,2016-07-20T16:00:00-04:00,217.09,2016-07-29,9.0,0.024657534246575342,183.0,call,33.97,34.18,0.0,,,,1.0,0.0,0.0,0.0,0.04996,spy_options_2016.parquet,2446259
SPY,2016-07-20,2016-07-20T16:00:00-04:00,217.09,2016-07-29,9.0,0.024657534246575342,183.0,put,0.01,0.02,0.0,,,0.38725,-0.00334,0.00079,0.00339,-0.00604,-0.00027,spy_options_2016.parquet,2446259
SPY,2016-07-20,2016-07-20T16:00:00-04:00,217.09,2016-07-29,9.0,0.024657534246575342,183.5,call,33.47,33.69,0.0,,,,1.0,0.0,0.0,-0.00021,0.05029,spy_options_2016.parquet,2446260
SPY,2016-07-20,2016-07-20T16:00:00-04:00,217.09,2016-07-29,9.0,0.024657534246575342,183.5,put,0.01,0.02,0.0,,,0.38202,-0.00313,0.00081,0.00426,-0.00632,-0.00027,spy_options_2016.parquet,2446260
SPY,2016-07-20,2016-07-20T16:00:00-04:00,217.09,2016-07-29,9.0,0.024657534246575342,184.0,call,32.97,33.19,0.0,,,,1.0,0.0,0.0,0.0,0.05029,spy_options_2016.parquet,2446261
SPY,2016-07-20,2016-07-20T16:00:00-04:00,217.09,2016-07-29,9.0,0.024657534246575342,184.0,put,0.01,0.02,0.0,,,0.37601,-0.00404,0.00079,0.00375,-0.00612,-0.00054,spy_options_2016.parquet,2446261
SPY,2016-07-20,2016-07-20T16:00:00-04:00,217.09,2016-07-29,9.0,0.024657534246575342,184.5,call,32.48,32.7,0.0,,,,1.0,0.0,0.0,0.0,0.05079,spy_options_2016.parquet,2446262
SPY,2016-07-20,2016-07-20T16:00:00-04:00,217.09,2016-07-29,9.0,0.024657534246575342,184.5,put,0.01,0.03,0.0,,,0.37045,-0.00363,0.00082,0.00409,-0.00637,0.0,spy_options_2016.parquet,2446262
SPY,2016-07-20,2016-07-20T16:00:00-04:00,217.09,2016-07-29,9.0,0.024657534246575342,185.0,call,31.97,32.18,0.0,,,,1.0,0.0,0.0,-0.00038,0.05038,spy_options_2016.parquet,2446263
SPY,2016-07-20,2016-07-20T16:00:00-04:00,217.09,2016-07-29,9.0,0.024657534246575342,185.0,put,0.01,0.03,0.02,4,,0.36365,-0.00326,0.00082,0.00399,-0.00578,-0.00054,spy_options_2016.parquet,2446263
SPY,2016-07-20,2016-07-20T16:00:00-04:00,217.09,2016-07-29,9.0,0.024657534246575342,185.5,call,31.46,31.7,0.0,,,,1.0,0.0,0.0,0.0,0.05046,spy_options_2016.parquet,2446264
SPY,2016-07-20,2016-07-20T16:00:00-04:00,217.09,2016-07-29,9.0,0.024657534246575342,185.5,put,0.0,0.02,0.0,,,0.35894,-0.00355,0.00087,0.0045,-0.00626,-0.00067,spy_options_2016.parquet,2446264
SPY,2016-07-20,2016-07-20T16:00:00-04:00,217.09,2016-07-29,9.0,0.024657534246575342,186.0,call,30.97,31.19,0.0,,,,1.0,0.0,0.0,0.0,0.05061,spy_options_2016.parquet,2446265
SPY,2016-07-20,2016-07-20T16:00:00-04:00,217.09,2016-07-29,9.0,0.024657534246575342,186.0,put,0.01,0.02,0.0,,,0.35308,-0.00369,0.00085,0.00404,-0.00633,0.0,spy_options_2016.parquet,2446265
SPY,2016-07-20,2016-07-20T16:00:00-04:00,217.09,2016-07-29,9.0,0.024657534246575342,186.5,call,30.49,30.7,0.0,,,-0.00027,1.0,0.0,0.0,0.0,0.05154,spy_options_2016.parquet,2446266
SPY,2016-07-20,2016-07-20T16:00:00-04:00,217.09,2016-07-29,9.0,0.024657534246575342,186.5,put,0.0,0.02,0.0,,,0.34787,-0.00356,0.00089,0.00434,-0.00644,0.0,spy_options_2016.parquet,2446266
SPY,2016-07-20,2016-07-20T16:00:00-04:00,217.09,2016-07-29,9.0,0.024657534246575342,187.0,call,29.98,30.19,0.0,,,-0.00028,1.0,0.0,0.0,0.0,0.05087,spy_options_2016.parquet,2446267
SPY,2016-07-20,2016-07-20T16:00:00-04:00,217.09,2016-07-29,9.0,0.024657534246575342,187.0,put,0.01,0.02,0.01,1,,0.34245,-0.00373,0.00091,0.00439,-0.00644,0.0,spy_options_2016.parquet,2446267
SPY,2016-07-20,2016-07-20T16:00:00-04:00,217.09,2016-07-29,9.0,0.024657534246575342,187.5,call,29.49,29.7,0.0,,,4e-05,1.0,0.0,0.0,-0.00035,0.05157,spy_options_2016.parquet,2446268
SPY,2016-07-20,2016-07-20T16:00:00-04:00,217.09,2016-07-29,9.0,0.024657534246575342,187.5,put,0.01,0.03,0.0,,,0.33711,-0.00382,0.00093,0.00389,-0.006,0.0,spy_options_2016.parquet,2446268
SPY,2016-07-20,2016-07-20T16:00:00-04:00,217.09,2016-07-29,9.0,0.024657534246575342,188.0,call,28.99,29.19,0.0,,,-0.00044,1.0,0.0,0.0,-0.00051,0.0513,spy_options_2016.parquet,2446269
SPY,2016-07-20,2016-07-20T16:00:00-04:00,217.09,2016-07-29,9.0,0.024657534246575342,188.0,put,0.0,0.02,0.02,10,,0.33179,-0.00391,0.00103,0.0048,-0.00626,-8e-05,spy_options_2016.parquet,2446269
SPY,2016-07-20,2016-07-20T16:00:00-04:00,217.09,2016-07-29,9.0,0.024657534246575342,188.5,call,28.52,28.72,0.0,,,0.34387,0.99401,0.00137,0.00649,-0.0096,0.05133,spy_options_2016.parquet,2446270
SPY,2016-07-20,2016-07-20T16:00:00-04:00,217.09,2016-07-29,9.0,0.024657534246575342,188.5,put,0.01,0.02,0.0,,,0.32571,-0.00364,0.00097,0.00467,-0.00564,0.0,spy_options_2016.parquet,2446270
SPY,2016-07-20,2016-07-20T16:00:00-04:00,217.09,2016-07-29,9.0,0.024657534246575342,189.0,call,27.98,28.2,0.0,,,0.2866,0.99806,0.00049,0.00153,-0.00274,0.05189,spy_options_2016.parquet,2446271
SPY,2016-07-20,2016-07-20T16:00:00-04:00,217.09,2016-07-29,9.0,0.024657534246575342,189.0,put,0.01,0.02,0.01,21,,0.31956,-0.00376,0.00104,0.00441,-0.00609,-0.00053,spy_options_2016.parquet,2446271
SPY,2016-07-20,2016-07-20T16:00:00-04:00,217.09,2016-07-29,9.0,0.024657534246575342,189.5,call,27.49,27.71,0.0,,,0.31364,0.99549,0.00107,0.00392,-0.00549,0.05179,spy_options_2016.parquet,2446272
SPY,2016-07-20,2016-07-20T16:00:00-04:00,217.09,2016-07-29,9.0,0.024657534246575342,189.5,put,0.02,0.02,0.0,,,0.31471,-0.00461,0.00105,0.00484,-0.00568,-0.00063,spy_options_2016.parquet,2446272
SPY,2016-07-20,2016-07-20T16:00:00-04:00,217.09,2016-07-29,9.0,0.024657534246575342,190.0,call,26.99,27.19,27.21,8,,0.00037,1.0,0.0,0.0,-0.00018,0.05204,spy_options_2016.parquet,2446273
SPY,2016-07-20,2016-07-20T16:00:00-04:00,217.09,2016-07-29,9.0,0.024657534246575342,190.0,put,0.01,0.02,0.01,9,,0.30883,-0.00474,0.00113,0.00434,-0.00574,-8e-05,spy_options_2016.parquet,2446273
SPY,2016-07-20,2016-07-20T16:00:00-04:00,217.09,2016-07-29,9.0,0.024657534246575342,190.5,call,26.48,26.7,0.0,,,3e-05,1.0,0.0,0.0,0.0,0.05238,spy_options_2016.parquet,2446274
SPY,2016-07-20,2016-07-20T16:00:00-04:00,217.09,2016-07-29,9.0,0.024657534246575342,190.5,put,0.01,0.02,0.0,,,0.30386,-0.00402,0.00119,0.00435,-0.00599,-0.00058,spy_options_2016.parquet,2446274
SPY,2016-07-20,2016-07-20T16:00:00-04:00,217.09,2016-07-29,9.0,0.024657534246575342,191.0,call,25.98,26.19,0.0,,,5e-05,1.0,0.0,0.0,-0.00029,0.05259,spy_options_2016.parquet,2446275
SPY,2016-07-20,2016-07-20T16:00:00-04:00,217.09,2016-07-29,9.0,0.024657534246575342,191.0,put,0.01,0.02,0.0,,,0.29889,-0.00457,0.00122,0.00515,-0.00605,-0.00051,spy_options_2016.parquet,2446275
SPY,2016-07-20,2016-07-20T16:00:00-04:00,217.09,2016-07-29,9.0,0.024657534246575342,191.5,call,25.48,25.7,0.0,,,0.00046,1.0,0.0,0.0,0.0,0.05277,spy_options_2016.parquet,2446276
SPY,2016-07-20,2016-07-20T16:00:00-04:00,217.09,2016-07-29,9.0,0.024657534246575342,191.5,put,0.01,0.02,0.0,,,0.29281,-0.00478,0.00125,0.00497,-0.00613,-0.00075,spy_options_2016.parquet,2446276
SPY,2016-07-20,2016-07-20T16:00:00-04:00,217.09,2016-07-29,9.0,0.024657534246575342,192.0,call,24.97,25.2,0.0,,,-0.00044,1.0,0.0,0.0,0.0,0.05267,spy_options_2016.parquet,2446277
SPY,2016-07-20,2016-07-20T16:00:00-04:00,217.09,2016-07-29,9.0,0.024657534246575342,192.0,put,0.01,0.03,0.03,0,,0.28796,-0.0047,0.00134,0.00484,-0.00646,-0.00018,spy_options_2016.parquet,2446277
SPY,2016-07-20,2016-07-20T16:00:00-04:00,217.09,2016-07-29,9.0,0.024657534246575342,192.5,call,24.47,24.7,0.0,,,0.00027,1.0,0.0,0.0,-0.00039,0.05284,spy_options_2016.parquet,2446278
SPY,2016-07-20,2016-07-20T16:00:00-04:00,217.09,2016-07-29,9.0,0.024657534246575342,192.5,put,0.02,0.02,0.0,,,0.2832,-0.00504,0.00138,0.00458,-0.00595,-0.00071,spy_options_2016.parquet,2446278
SPY,2016-07-20,2016-07-20T16:00:00-04:00,217.09,2016-07-29,9.0,0.024657534246575342,193.0,call,23.99,24.21,0.0,,,0.26356,0.99666,0.001,0.0033,-0.00375,0.05245,spy_options_2016.parquet,2446279
SPY,2016-07-20,2016-07-20T16:00:00-04:00,217.09,2016-07-29,9.0,0.024657534246575342,193.0,put,0.01,0.02,0.02,6,,0.27596,-0.00443,0.00136,0.00537,-0.00614,-0.0005,spy_options_2016.parquet,2446279
SPY,2016-07-20,2016-07-20T16:00:00-04:00,217.09,2016-07-29,9.0,0.024657534246575342,193.5,call,23.49,23.71,0.0,,,0.25844,0.99653,0.00113,0.00396,-0.00439,0.05297,spy_options_2016.parquet,2446280
SPY,2016-07-20,2016-07-20T16:00:00-04:00,217.09,2016-07-29,9.0,0.024657534246575342,193.5,put,0.0,0.02,0.0,,,0.27008,-0.0049,0.00144,0.00477,-0.00549,-4e-05,spy_options_2016.parquet,2446280
SPY,2016-07-20,2016-07-20T16:00:00-04:00,217.09,2016-07-29,9.0,0.024657534246575342,194.0,call,22.98,23.21,0.0,,,0.25279,0.99667,0.00112,0.00371,-0.00385,0.05274,spy_options_2016.parquet,2446281
SPY,2016-07-20,2016-07-20T16:00:00-04:00,217.09,2016-07-29,9.0,0.024657534246575342,194.0,put,0.01,0.02,0.03,236,,0.26498,-0.00455,0.00146,0.0048,-0.00604,0.0,spy_options_2016.parquet,2446281
SPY,2016-07-20,2016-07-20T16:00:00-04:00,217.09,2016-07-29,9.0,0.024657534246575342,194.5,call,22.5,22.72,0.0,,,0.25892,0.99546,0.00154,0.00528,-0.00571,0.05321,spy_options_2016.parquet,2446282
SPY,2016-07-20,2016-07-20T16:00:00-04:00,217.09,2016-07-29,9.0,0.024657534246575342,194.5,put,0.02,0.03,0.02,118,,0.27553,-0.00705,0.00204,0.00799,-0.00875,-0.00023,spy_options_2016.parquet,2446282
SPY,2016-07-20,2016-07-20T16:00:00-04:00,217.09,2016-07-29,9.0,0.024657534246575342,195.0,call,21.99,22.21,0.0,,,0.2533,0.99487,0.00154,0.00477,-0.00549,0.05345,spy_options_2016.parquet,2446283
SPY,2016-07-20,2016-07-20T16:00:00-04:00,217.09,2016-07-29,9.0,0.024657534246575342,195.0,put,0.03,0.02,0.02,145,,0.2702,-0.00778,0.00217,0.00714,-0.0093,-0.00058,spy_options_2016.parquet,2446283
SPY,2016-07-20,2016-07-20T16:00:00-04:00,217.09,2016-07-29,9.0,0.024657534246575342,195.5,call,21.48,21.71,0.0,,,0.23806,0.9968,0.0013,0.00352,-0.00367,0.05331,spy_options_2016.parquet,2446284
SPY,2016-07-20,2016-07-20T16:00:00-04:00,217.09,2016-07-29,9.0,0.024657534246575342,195.5,put,0.02,0.04,0.0,,,0.26378,-0.00729,0.00226,0.00731,-0.00898,-0.00043,spy_options_2016.parquet,2446284
SPY,2016-07-20,2016-07-20T16:00:00-04:00,217.09,2016-07-29,9.0,0.024657534246575342,196.0,call,21.0,21.21,0.0,,,0.23301,0.99605,0.00128,0.00407,-0.00368,0.05348,spy_options_2016.parquet,2446285
SPY,2016-07-20,2016-07-20T16:00:00-04:00,217.09,2016-07-29,9.0,0.024657534246575342,196.0,put,0.03,0.03,0.02,25,,0.25837,-0.00813,0.00238,0.00807,-0.00894,-0.00023,spy_options_2016.parquet,2446285
SPY,2016-07-20,2016-07-20T16:00:00-04:00,217.09,2016-07-29,9.0,0.024657534246575342,196.5,call,20.52,20.7,0.0,,,0.23709,0.99455,0.00182,0.00591,-0.00559,0.05318,spy_options_2016.parquet,2446286
SPY,2016-07-20,2016-07-20T16:00:00-04:00,217.09,2016-07-29,9.0,0.024657534246575342,196.5,put,0.02,0.03,0.04,0,,0.25277,-0.00832,0.00249,0.00836,-0.0088,-0.00059,spy_options_2016.parquet,2446286
SPY,2016-07-20,2016-07-20T16:00:00-04:00,217.09,2016-07-29,9.0,0.024657534246575342,197.0,call,20.01,20.2,0.0,,,0.23251,0.99413,0.00183,0.00522,-0.00565,0.054,spy_options_2016.parquet,2446287
SPY,2016-07-20,2016-07-20T16:00:00-04:00,217.09,2016-07-29,9.0,0.024657534246575342,197.0,put,0.02,0.03,0.03,370,,0.2472,-0.00815,0.00259,0.00864,-0.00901,-0.00027,spy_options_2016.parquet,2446287
SPY,2016-07-20,2016-07-20T16:00:00-04:00,217.09,2016-07-29,9.0,0.024657534246575342,197.5,call,19.51,19.7,0.0,,,0.21546,0.99617,0.00142,0.00364,-0.00382,0.05352,spy_options_2016.parquet,2446288
SPY,2016-07-20,2016-07-20T16:00:00-04:00,217.09,2016-07-29,9.0,0.024657534246575342,197.5,put,0.03,0.03,0.03,20,,0.2418,-0.00879,0.00268,0.00889,-0.00928,-0.00015,spy_options_2016.parquet,2446288
SPY,2016-07-20,2016-07-20T16:00:00-04:00,217.09,2016-07-29,9.0,0.024657534246575342,198.0,call,19.01,19.2,0.0,,,0.21082,0.99629,0.00155,0.00422,-0.00418,0.05405,spy_options_2016.parquet,2446289
SPY,2016-07-20,2016-07-20T16:00:00-04:00,217.09,2016-07-29,9.0,0.024657534246575342,198.0,put,0.03,0.02,0.03,,,0.23601,-0.00837,0.00275,0.00885,-0.00935,-0.00086,spy_options_2016.parquet,2446289
SPY,2016-07-20,2016-07-20T16:00:00-04:00,217.09,2016-07-29,9.0,0.024657534246575342,198.5,call,18.51,18.71,0.0,,,0.22381,0.99222,0.00251,0.00761,-0.00698,0.05431,spy_options_2016.parquet,2446290
SPY,2016-07-20,2016-07-20T16:00:00-04:00,217.09,2016-07-29,9.0,0.024657534246575342,198.5,put,0.01,0.03,0.03,87,,0.22986,-0.00937,0.0029,0.00912,-0.00912,-0.00084,spy_options_2016.parquet,2446290
SPY,2016-07-20,2016-07-20T16:00:00-04:00,217.09,2016-07-29,9.0,0.024657534246575342,199.0,call,18.04,18.21,18.1,6,,0.23441,0.98845,0.00363,0.0113,-0.01205,0.05384,spy_options_2016.parquet,2446291
SPY,2016-07-20,2016-07-20T16:00:00-04:00,217.09,2016-07-29,9.0,0.024657534246575342,199.0,put,0.03,0.04,0.03,275,,0.22956,-0.0104,0.00342,0.00985,-0.00991,-0.00098,spy_options_2016.parquet,2446291
SPY,2016-07-20,2016-07-20T16:00:00-04:00,217.09,2016-07-29,9.0,0.024657534246575342,199.5,call,17.51,17.71,0.0,,,0.21222,0.99193,0.00277,0.00753,-0.0076,0.05435,spy_options_2016.parquet,2446292
SPY,2016-07-20,2016-07-20T16:00:00-04:00,217.09,2016-07-29,9.0,0.024657534246575342,199.5,put,0.02,0.04,0.03,166,,0.2284,-0.01214,0.00381,0.01149,-0.01163,-0.00034,spy_options_2016.parquet,2446292
SPY,2016-07-20,2016-07-20T16:00:00-04:00,217.09,2016-07-29,9.0,0.024657534246575342,200.0,call,17.03,17.2,17.23,25,,0.22196,0.98729,0.00403,0.01175,-0.01202,0.05425,spy_options_2016.parquet,2446293
SPY,2016-07-20,2016-07-20T16:00:00-04:00,217.09,2016-07-29,9.0,0.024657534246575342,200.0,put,0.03,0.04,0.03,,,0.22287,-0.01231,0.00404,0.012,-0.01201,-0.00113,spy_options_2016.parquet,2446293
SPY,2016-07-20,2016-07-20T16:00:00-04:00,217.09,2016-07-29,9.0,0.024657534246575342,200.5,call,16.52,16.72,15.42,0,,0.2068,0.99051,0.00352,0.00889,-0.00876,0.05408,spy_options_2016.parquet,2446294
SPY,2016-07-20,2016-07-20T16:00:00-04:00,217.09,2016-07-29,9.0,0.024657534246575342,200.5,put,0.04,0.03,0.04,334,,0.21685,-0.01301,0.00423,0.01247,-0.01166,-0.00027,spy_options_2016.parquet,2446294
SPY,2016-07-20,2016-07-20T16:00:00-04:00,217.09,2016-07-29,9.0,0.024657534246575342,201.0,call,16.04,16.24,14.98,0,,0.21865,0.98392,0.00502,0.01377,-0.01411,0.05438,spy_options_2016.parquet,2446295
SPY,2016-07-20,2016-07-20T16:00:00-04:00,217.09,2016-07-29,9.0,0.024657534246575342,201.0,put,0.03,0.04,0.04,401,,0.21064,-0.01313,0.00448,0.01246,-0.01111,-0.00112,spy_options_2016.parquet,2446295
SPY,2016-07-20,2016-07-20T16:00:00-04:00,217.09,2016-07-29,9.0,0.024657534246575342,201.5,call,15.52,15.72,15.83,10,,0.20033,0.98861,0.00433,0.0107,-0.01017,0.054,spy_options_2016.parquet,2446296
SPY,2016-07-20,2016-07-20T16:00:00-04:00,217.09,2016-07-29,9.0,0.024657534246575342,201.5,put,0.03,0.04,0.04,248,,0.20515,-0.01357,0.00467,0.0127,-0.01192,-0.00066,spy_options_2016.parquet,2446296
SPY,2016-07-20,2016-07-20T16:00:00-04:00,217.09,2016-07-29,9.0,0.024657534246575342,202.0,call,15.02,15.21,13.86,0,,0.18987,0.98941,0.00406,0.01007,-0.00825,0.05457,spy_options_2016.parquet,2446297
SPY,2016-07-20,2016-07-20T16:00:00-04:00,217.09,2016-07-29,9.0,0.024657534246575342,202.0,put,0.05,0.04,0.04,571,,0.20593,-0.01669,0.00563,0.01507,-0.01363,-0.00077,spy_options_2016.parquet,2446297
SPY,2016-07-20,2016-07-20T16:00:00-04:00,217.09,2016-07-29,9.0,0.024657534246575342,202.5,call,14.54,14.72,0.0,,,0.19323,0.98569,0.0052,0.01263,-0.01135,0.05437,spy_options_2016.parquet,2446298
SPY,2016-07-20,2016-07-20T16:00:00-04:00,217.09,2016-07-29,9.0,0.024657534246575342,202.5,put,0.04,0.05,0.05,579,,0.20021,-0.0172,0.00592,0.01499,-0.014,-0.00067,spy_options_2016.parquet,2446298
SPY,2016-07-20,2016-07-20T16:00:00-04:00,217.09,2016-07-29,9.0,0.024657534246575342,203.0,call,14.05,14.22,14.18,2,,0.19419,0.98215,0.00619,0.01556,-0.0134,0.05432,spy_options_2016.parquet,2446299
SPY,2016-07-20,2016-07-20T16:00:00-04:00,217.09,2016-07-29,9.0,0.024657534246575342,203.0,put,0.04,0.04,0.04,,,0.19468,-0.01753,0.00628,0.01579,-0.01349,-0.0014,spy_options_2016.parquet,2446299
SPY,2016-07-20,2016-07-20T16:00:00-04:00,217.09,2016-07-29,9.0,0.024657534246575342,203.5,call,13.54,13.73,12.5,0,,0.19079,0.98032,0.00696,0.0169,-0.01525,0.0542,spy_options_2016.parquet,2446300
SPY,2016-07-20,2016-07-20T16:00:00-04:00,217.09,2016-07-29,9.0,0.024657534246575342,203.5,put,0.05,0.06,0.05,540,,0.18781,-0.01861,0.00658,0.01626,-0.01418,-0.00086,spy_options_2016.parquet,2446300
SPY,2016-07-20,2016-07-20T16:00:00-04:00,217.09,2016-07-29,9.0,0.024657534246575342,204.0,call,13.03,13.22,11.89,0,,0.17472,0.98477,0.00612,0.01398,-0.01073,0.05484,spy_options_2016.parquet,2446301
SPY,2016-07-20,2016-07-20T16:00:00-04:00,217.09,2016-07-29,9.0,0.024657534246575342,204.0,put,0.05,0.06,0.05,950,,0.18783,-0.02129,0.00775,0.0185,-0.01626,-0.00151,spy_options_2016.parquet,2446301
SPY,2016-07-20,2016-07-20T16:00:00-04:00,217.09,2016-07-29,9.0,0.024657534246575342,204.5,call,12.53,12.72,12.79,2,,0.17304,0.98203,0.00704,0.01587,-0.01277,0.05467,spy_options_2016.parquet,2446302
SPY,2016-07-20,2016-07-20T16:00:00-04:00,217.09,2016-07-29,9.0,0.024657534246575342,204.5,put,0.05,0.07,0.05,103,,0.18102,-0.02221,0.00815,0.01969,-0.01629,-0.0015,spy_options_2016.parquet,2446302
SPY,2016-07-20,2016-07-20T16:00:00-04:00,217.09,2016-07-29,9.0,0.024657534246575342,205.0,call,12.07,12.24,12.21,49,,0.18193,0.9726,0.0097,0.02288,-0.01968,0.05438,spy_options_2016.parquet,2446303
SPY,2016-07-20,2016-07-20T16:00:00-04:00,217.09,2016-07-29,9.0,0.024657534246575342,205.0,put,0.04,0.06,0.05,436,,0.17533,-0.02292,0.00867,0.01974,-0.01589,-0.00148,spy_options_2016.parquet,2446303
SPY,2016-07-20,2016-07-20T16:00:00-04:00,217.09,2016-07-29,9.0,0.024657534246575342,205.5,call,11.54,11.73,0.0,,,0.16344,0.97951,0.00841,0.01736,-0.01325,0.05535,spy_options_2016.parquet,2446304
SPY,2016-07-20,2016-07-20T16:00:00-04:00,217.09,2016-07-29,9.0,0.024657534246575342,205.5,put,0.06,0.07,0.06,83,,0.17321,-0.02741,0.01004,0.02313,-0.01811,-0.00148,spy_options_2016.parquet,2446304
SPY,2016-07-20,2016-07-20T16:00:00-04:00,217.09,2016-07-29,9.0,0.024657534246575342,206.0,call,11.07,11.23,11.2,2,,0.1671,0.97211,0.01062,0.02319,-0.0183,0.05445,spy_options_2016.parquet,2446305
SPY,2016-07-20,2016-07-20T16:00:00-04:00,217.09,2016-07-29,9.0,0.024657534246575342,206.0,put,0.05,0.07,0.07,146,,0.16711,-0.02759,0.01074,0.02322,-0.01818,-0.00136,spy_options_2016.parquet,2446305
SPY,2016-07-20,2016-07-20T16:00:00-04:00,217.09,2016-07-29,9.0,0.024657534246575342,206.5,call,10.56,10.75,10.71,13,,0.16289,0.96918,0.01182,0.02514,-0.01931,0.05466,spy_options_2016.parquet,2446306
SPY,2016-07-20,2016-07-20T16:00:00-04:00,217.09,2016-07-29,9.0,0.024657534246575342,206.5,put,0.06,0.08,0.07,51,,0.16052,-0.02876,0.01143,0.02383,-0.01778,-0.00154,spy_options_2016.parquet,2446306
SPY,2016-07-20,2016-07-20T16:00:00-04:00,217.09,2016-07-29,9.0,0.024657534246575342,207.0,call,10.09,10.26,10.44,36,,0.16002,0.96562,0.01344,0.02716,-0.02115,0.05411,spy_options_2016.parquet,2446307
SPY,2016-07-20,2016-07-20T16:00:00-04:00,217.09,2016-07-29,9.0,0.024657534246575342,207.0,put,0.07,0.08,0.08,,,0.15824,-0.03356,0.01313,0.02676,-0.01947,-0.00232,spy_options_2016.parquet,2446307
SPY,2016-07-20,2016-07-20T16:00:00-04:00,217.09,2016-07-29,9.0,0.024657534246575342,207.5,call,9.6,9.76,9.76,325,,0.15478,0.9627,0.01481,0.02933,-0.02111,0.05482,spy_options_2016.parquet,2446308
SPY,2016-07-20,2016-07-20T16:00:00-04:00,217.09,2016-07-29,9.0,0.024657534246575342,207.5,put,0.07,0.08,0.08,,,0.15141,-0.03508,0.01408,0.0275,-0.02011,-0.00239,spy_options_2016.parquet,2446308
SPY,2016-07-20,2016-07-20T16:00:00-04:00,217.09,2016-07-29,9.0,0.024657534246575342,208.0,call,9.11,9.26,9.34,55,,0.1492,0.95947,0.01627,0.03149,-0.02259,0.05454,spy_options_2016.parquet,2446309
SPY,2016-07-20,2016-07-20T16:00:00-04:00,217.09,2016-07-29,9.0,0.024657534246575342,208.0,put,0.08,0.09,0.08,393,,0.14762,-0.03949,0.01602,0.03076,-0.0216,-0.00194,spy_options_2016.parquet,2446309
SPY,2016-07-20,2016-07-20T16:00:00-04:00,217.09,2016-07-29,9.0,0.024657534246575342,208.5,call,8.61,8.8,8.74,11,,0.1488,0.95096,0.01902,0.03592,-0.02578,0.05401,spy_options_2016.parquet,2446310
SPY,2016-07-20,2016-07-20T16:00:00-04:00,217.09,2016-07-29,9.0,0.024657534246575342,208.5,put,0.1,0.1,0.1,56,,0.14455,-0.04435,0.01802,0.03348,-0.02258,-0.00239,spy_options_2016.parquet,2446310
SPY,2016-07-20,2016-07-20T16:00:00-04:00,217.09,2016-07-29,9.0,0.024657534246575342,209.0,call,8.12,8.28,8.38,55,,0.14136,0.94943,0.0206,0.03735,-0.02582,0.0541,spy_options_2016.parquet,2446311
SPY,2016-07-20,2016-07-20T16:00:00-04:00,217.09,2016-07-29,9.0,0.024657534246575342,209.0,put,0.1,0.1,0.1,759,,0.14022,-0.04926,0.02038,0.03712,-0.02472,-0.00299,spy_options_2016.parquet,2446311
SPY,2016-07-20,2016-07-20T16:00:00-04:00,217.09,2016-07-29,9.0,0.024657534246575342,209.5,call,7.64,7.76,7.83,29,,0.13458,0.94696,0.02249,0.03921,-0.02553,0.05403,spy_options_2016.parquet,2446312
SPY,2016-07-20,2016-07-20T16:00:00-04:00,217.09,2016-07-29,9.0,0.024657534246575342,209.5,put,0.11,0.12,0.11,884,,0.13582,-0.05497,0.02292,0.04009,-0.02583,-0.00299,spy_options_2016.parquet,2446312
SPY,2016-07-20,2016-07-20T16:00:00-04:00,217.09,2016-07-29,9.0,0.024657534246575342,210.0,call,7.15,7.28,7.36,137,,0.13056,0.93904,0.02567,0.04358,-0.02686,0.05406,spy_options_2016.parquet,2446313
SPY,2016-07-20,2016-07-20T16:00:00-04:00,217.09,2016-07-29,9.0,0.024657534246575342,210.0,put,0.14,0.14,0.13,,,0.13303,-0.06383,0.02631,0.04532,-0.02931,-0.00403,spy_options_2016.parquet,2446313
SPY,2016-07-20,2016-07-20T16:00:00-04:00,217.09,2016-07-29,9.0,0.024657534246575342,210.5,call,6.68,6.78,6.76,14,,0.12665,0.93057,0.02922,0.0476,-0.02933,0.05343,spy_options_2016.parquet,2446314
SPY,2016-07-20,2016-07-20T16:00:00-04:00,217.09,2016-07-29,9.0,0.024657534246575342,210.5,put,0.15,0.16,0.15,677,,0.12985,-0.07374,0.03007,0.05094,-0.03215,-0.00395,spy_options_2016.parquet,2446314
SPY,2016-07-20,2016-07-20T16:00:00-04:00,217.09,2016-07-29,9.0,0.024657534246575342,211.0,call,6.2,6.3,6.38,77,,0.12311,0.92099,0.03349,0.05281,-0.0315,0.05278,spy_options_2016.parquet,2446315
SPY,2016-07-20,2016-07-20T16:00:00-04:00,217.09,2016-07-29,9.0,0.024657534246575342,211.0,put,0.17,0.18,0.18,,,0.12523,-0.08418,0.03415,0.05542,-0.03362,-0.00523,spy_options_2016.parquet,2446315
SPY,2016-07-20,2016-07-20T16:00:00-04:00,217.09,2016-07-29,9.0,0.024657534246575342,211.5,call,5.72,5.82,5.96,6,,0.11878,0.91,0.03817,0.05799,-0.03401,0.05246,spy_options_2016.parquet,2446316
SPY,2016-07-20,2016-07-20T16:00:00-04:00,217.09,2016-07-29,9.0,0.024657534246575342,211.5,put,0.19,0.2,0.2,,,0.12167,-0.09528,0.03877,0.06106,-0.0358,-0.00532,spy_options_2016.parquet,2446316
SPY,2016-07-20,2016-07-20T16:00:00-04:00,217.09,2016-07-29,9.0,0.024657534246575342,212.0,call,5.26,5.35,5.44,,,0.11586,0.89378,0.04404,0.06591,-0.03795,0.05158,spy_options_2016.parquet,2446317
SPY,2016-07-20,2016-07-20T16:00:00-04:00,217.09,2016-07-29,9.0,0.024657534246575342,212.0,put,0.24,0.25,0.23,,,0.11913,-0.11259,0.04462,0.06883,-0.04007,-0.00629,spy_options_2016.parquet,2446317
SPY,2016-07-20,2016-07-20T16:00:00-04:00,217.09,2016-07-29,9.0,0.024657534246575342,212.5,call,4.8,4.89,4.85,,,0.11344,0.87502,0.05058,0.07355,-0.04163,0.05039,spy_options_2016.parquet,2446318
SPY,2016-07-20,2016-07-20T16:00:00-04:00,217.09,2016-07-29,9.0,0.024657534246575342,212.5,put,0.27,0.27,0.25,,,0.11488,-0.12792,0.05081,0.07549,-0.0426,-0.00778,spy_options_2016.parquet,2446318
SPY,2016-07-20,2016-07-20T16:00:00-04:00,217.09,2016-07-29,9.0,0.024657534246575342,213.0,call,4.36,4.43,4.39,663,,0.11052,0.85386,0.05787,0.08221,-0.04538,0.04952,spy_options_2016.parquet,2446319
SPY,2016-07-20,2016-07-20T16:00:00-04:00,217.09,2016-07-29,9.0,0.024657534246575342,213.0,put,0.31,0.33,0.31,,,0.11154,-0.15046,0.05796,0.08403,-0.04628,-0.00861,spy_options_2016.parquet,2446319
SPY,2016-07-20,2016-07-20T16:00:00-04:00,217.09,2016-07-29,9.0,0.024657534246575342,213.5,call,3.9,3.98,4.07,73,,0.10639,0.82987,0.06608,0.0908,-0.04845,0.04786,spy_options_2016.parquet,2446320
SPY,2016-07-20,2016-07-20T16:00:00-04:00,217.09,2016-07-29,9.0,0.024657534246575342,213.5,put,0.37,0.38,0.36,,,0.10851,-0.17369,0.06595,0.09233,-0.05041,-0.01019,spy_options_2016.parquet,2446320
SPY,2016-07-20,2016-07-20T16:00:00-04:00,217.09,2016-07-29,9.0,0.024657534246575342,214.0,call,3.49,3.55,3.59,400,,0.10447,0.79812,0.07474,0.10148,-0.05385,0.04677,spy_options_2016.parquet,2446321
SPY,2016-07-20,2016-07-20T16:00:00-04:00,217.09,2016-07-29,9.0,0.024657534246575342,214.0,put,0.44,0.44,0.42,,,0.10525,-0.20338,0.07461,0.10147,-0.05354,-0.01192,spy_options_2016.parquet,2446321
SPY,2016-07-20,2016-07-20T16:00:00-04:00,217.09,2016-07-29,9.0,0.024657534246575342,214.5,call,3.07,3.15,3.23,516,,0.10304,0.76242,0.0837,0.11107,-0.05762,0.04424,spy_options_2016.parquet,2446322
SPY,2016-07-20,2016-07-20T16:00:00-04:00,217.09,2016-07-29,9.0,0.024657534246575342,214.5,put,0.52,0.53,0.52,,,0.1026,-0.23701,0.08391,0.1113,-0.05761,-0.01428,spy_options_2016.parquet,2446322
SPY,2016-07-20,2016-07-20T16:00:00-04:00,217.09,2016-07-29,9.0,0.024657534246575342,215.0,call,2.67,2.72,2.7,,,0.0987,0.72538,0.09386,0.11978,-0.05992,0.0422,spy_options_2016.parquet,2446323
SPY,2016-07-20,2016-07-20T16:00:00-04:00,217.09,2016-07-29,9.0,0.024657534246575342,215.0,put,0.6,0.63,0.62,,,0.09938,-0.27597,0.09328,0.11994,-0.06099,-0.01661,spy_options_2016.parquet,2446323
SPY,2016-07-20,2016-07-20T16:00:00-04:00,217.09,2016-07-29,9.0,0.024657534246575342,215.5,call,2.29,2.33,2.37,,,0.09657,0.68041,0.10322,0.12863,-0.0633,0.03983,spy_options_2016.parquet,2446324
SPY,2016-07-20,2016-07-20T16:00:00-04:00,217.09,2016-07-29,9.0,0.024657534246575342,215.5,put,0.72,0.73,0.69,,,0.09679,-0.31973,0.10292,0.12881,-0.06352,-0.01932,spy_options_2016.parquet,2446324
SPY,2016-07-20,2016-07-20T16:00:00-04:00,217.09,2016-07-29,9.0,0.024657534246575342,216.0,call,1.94,1.97,2.03,,,0.09419,0.63043,0.11208,0.13512,-0.06507,0.0372,spy_options_2016.parquet,2446325
SPY,2016-07-20,2016-07-20T16:00:00-04:00,217.09,2016-07-29,9.0,0.024657534246575342,216.0,put,0.86,0.88,0.87,,,0.09345,-0.36945,0.11203,0.13532,-0.06518,-0.0218,spy_options_2016.parquet,2446325
SPY,2016-07-20,2016-07-20T16:00:00-04:00,217.09,2016-07-29,9.0,0.024657534246575342,216.5,call,1.6,1.63,1.71,,,0.09099,0.57508,0.11979,0.14088,-0.06605,0.03362,spy_options_2016.parquet,2446326
SPY,2016-07-20,2016-07-20T16:00:00-04:00,217.09,2016-07-29,9.0,0.024657534246575342,216.5,put,1.01,1.04,1.03,,,0.09134,-0.42542,0.11972,0.14124,-0.06612,-0.02559,spy_options_2016.parquet,2446326
SPY,2016-07-20,2016-07-20T16:00:00-04:00,217.09,2016-07-29,9.0,0.024657534246575342,217.0,call,1.32,1.32,1.33,,,0.08829,0.51407,0.12527,0.14277,-0.06539,0.03064,spy_options_2016.parquet,2446327
SPY,2016-07-20,2016-07-20T16:00:00-04:00,217.09,2016-07-29,9.0,0.024657534246575342,217.0,put,1.21,1.25,1.23,,,0.08813,-0.48586,0.12509,0.14336,-0.065,-0.02879,spy_options_2016.parquet,2446327
SPY,2016-07-20,2016-07-20T16:00:00-04:00,217.09,2016-07-29,9.0,0.024657534246575342,217.5,call,1.04,1.05,1.05,,,0.08627,0.45084,0.12756,0.1423,-0.06324,0.02614,spy_options_2016.parquet,2446328
SPY,2016-07-20,2016-07-20T16:00:00-04:00,217.09,2016-07-29,9.0,0.024657534246575342,217.5,put,1.44,1.46,1.45,,,0.08643,-0.54952,0.12786,0.14244,-0.06232,-0.03191,spy_options_2016.parquet,2446328
SPY,2016-07-20,2016-07-20T16:00:00-04:00,217.09,2016-07-29,9.0,0.024657534246575342,218.0,call,0.79,0.82,0.79,,,0.08348,0.38367,0.12724,0.13749,-0.05838,0.02245,spy_options_2016.parquet,2446329
SPY,2016-07-20,2016-07-20T16:00:00-04:00,217.09,2016-07-29,9.0,0.024657534246575342,218.0,put,1.69,1.73,1.72,,,0.08292,-0.61591,0.12743,0.13681,-0.05852,-0.03531,spy_options_2016.parquet,2446329
SPY,2016-07-20,2016-07-20T16:00:00-04:00,217.09,2016-07-29,9.0,0.024657534246575342,218.5,call,0.6,0.61,0.65,,,0.08111,0.31807,0.1218,0.12831,-0.05296,0.01897,spy_options_2016.parquet,2446330
SPY,2016-07-20,2016-07-20T16:00:00-04:00,217.09,2016-07-29,9.0,0.024657534246575342,218.5,put,1.99,2.04,1.92,497,,0.0819,-0.68102,0.12146,0.12811,-0.05353,-0.03809,spy_options_2016.parquet,2446330
SPY,2016-07-20,2016-07-20T16:00:00-04:00,217.09,2016-07-29,9.0,0.024657534246575342,219.0,call,0.43,0.46,0.45,,,0.08033,0.25585,0.11201,0.11557,-0.0472,0.01528,spy_options_2016.parquet,2446331
SPY,2016-07-20,2016-07-20T16:00:00-04:00,217.09,2016-07-29,9.0,0.024657534246575342,219.0,put,2.31,2.38,2.32,573,,0.08031,-0.74222,0.11105,0.11637,-0.04724,-0.04044,spy_options_2016.parquet,2446331
SPY,2016-07-20,2016-07-20T16:00:00-04:00,217.09,2016-07-29,9.0,0.024657534246575342,219.5,call,0.33,0.33,0.35,,,0.08008,0.20341,0.09864,0.10189,-0.04117,0.01218,spy_options_2016.parquet,2446332
SPY,2016-07-20,2016-07-20T16:00:00-04:00,217.09,2016-07-29,9.0,0.024657534246575342,219.5,put,2.69,2.79,2.74,230,,0.08055,-0.7939,0.09738,0.10257,-0.0414,-0.04168,spy_options_2016.parquet,2446332
SPY,2016-07-20,2016-07-20T16:00:00-04:00,217.09,2016-07-29,9.0,0.024657534246575342,220.0,call,0.24,0.24,0.25,,,0.0795,0.15809,0.08429,0.08612,-0.03399,0.00912,spy_options_2016.parquet,2446333
SPY,2016-07-20,2016-07-20T16:00:00-04:00,217.09,2016-07-29,9.0,0.024657534246575342,220.0,put,3.1,3.19,3.04,388,,0.08053,-0.83796,0.08245,0.08817,-0.03517,-0.04141,spy_options_2016.parquet,2446333
SPY,2016-07-20,2016-07-20T16:00:00-04:00,217.09,2016-07-29,9.0,0.024657534246575342,220.5,call,0.16,0.18,0.18,,,0.08082,0.12321,0.07016,0.07309,-0.02889,0.00687,spy_options_2016.parquet,2446334
SPY,2016-07-20,2016-07-20T16:00:00-04:00,217.09,2016-07-29,9.0,0.024657534246575342,220.5,put,3.53,3.64,3.4,3,,0.08154,-0.87137,0.06777,0.07598,-0.03016,-0.04129,spy_options_2016.parquet,2446334
SPY,2016-07-20,2016-07-20T16:00:00-04:00,217.09,2016-07-29,9.0,0.024657534246575342,221.0,call,0.12,0.13,0.14,,,0.08295,0.09775,0.05788,0.0616,-0.02473,0.00605,spy_options_2016.parquet,2446335
SPY,2016-07-20,2016-07-20T16:00:00-04:00,217.09,2016-07-29,9.0,0.024657534246575342,221.0,put,3.99,4.1,4.0,79,,0.0834,-0.89735,0.05429,0.06486,-0.02629,-0.03901,spy_options_2016.parquet,2446335
SPY,2016-07-20,2016-07-20T16:00:00-04:00,217.09,2016-07-29,9.0,0.024657534246575342,221.5,call,0.1,0.1,0.1,514,,0.08474,0.0768,0.04739,0.05168,-0.02092,0.00455,spy_options_2016.parquet,2446336
SPY,2016-07-20,2016-07-20T16:00:00-04:00,217.09,2016-07-29,9.0,0.024657534246575342,221.5,put,4.42,4.58,4.89,2,,0.08296,-0.92012,0.04031,0.0531,-0.02146,-0.03481,spy_options_2016.parquet,2446336
SPY,2016-07-20,2016-07-20T16:00:00-04:00,217.09,2016-07-29,9.0,0.024657534246575342,222.0,call,0.08,0.09,0.09,645,,0.0876,0.06282,0.03906,0.04392,-0.01897,0.00359,spy_options_2016.parquet,2446337
SPY,2016-07-20,2016-07-20T16:00:00-04:00,217.09,2016-07-29,9.0,0.024657534246575342,222.0,put,4.9,5.08,5.05,30,,0.08849,-0.92757,0.03278,0.049,-0.02059,-0.03291,spy_options_2016.parquet,2446337
SPY,2016-07-20,2016-07-20T16:00:00-04:00,217.09,2016-07-29,9.0,0.024657534246575342,222.5,call,0.06,0.06,0.07,38,,0.08934,0.04915,0.03158,0.03614,-0.01559,0.0029,spy_options_2016.parquet,2446338
SPY,2016-07-20,2016-07-20T16:00:00-04:00,217.09,2016-07-29,9.0,0.024657534246575342,222.5,put,5.37,5.55,5.19,7,,0.08982,-0.93843,0.02299,0.04261,-0.01838,-0.02874,spy_options_2016.parquet,2446338
SPY,2016-07-20,2016-07-20T16:00:00-04:00,217.09,2016-07-29,9.0,0.024657534246575342,223.0,call,0.05,0.07,0.06,,,0.09309,0.04071,0.02636,0.03167,-0.01409,0.00252,spy_options_2016.parquet,2446339
SPY,2016-07-20,2016-07-20T16:00:00-04:00,217.09,2016-07-29,9.0,0.024657534246575342,223.0,put,5.88,6.05,0.0,,,0.09793,-0.93876,0.021,0.04256,-0.01987,-0.02917,spy_options_2016.parquet,2446339
SPY,2016-07-20,2016-07-20T16:00:00-04:00,217.09,2016-07-29,9.0,0.024657534246575342,224.0,call,0.04,0.04,0.04,,,0.09713,0.02607,0.01747,0.02171,-0.00951,0.00142,spy_options_2016.parquet,2446340
SPY,2016-07-20,2016-07-20T16:00:00-04:00,217.09,2016-07-29,9.0,0.024657534246575342,224.0,put,6.86,7.03,6.85,10,,0.10633,-0.9458,0.01102,0.03725,-0.02017,-0.02261,spy_options_2016.parquet,2446340
SPY,2016-07-20,2016-07-20T16:00:00-04:00,217.09,2016-07-29,9.0,0.024657534246575342,225.0,call,0.03,0.04,0.04,3,,0.10878,0.02415,0.01439,0.02016,-0.01027,0.00174,spy_options_2016.parquet,2446341
SPY,2016-07-20,2016-07-20T16:00:00-04:00,217.09,2016-07-29,9.0,0.024657534246575342,225.0,put,7.84,8.0,7.9,11,,0.11555,-0.94865,0.00535,0.03635,-0.01955,-0.01881,spy_options_2016.parquet,2446341
SPY,2016-07-20,2016-07-20T16:00:00-04:00,217.09,2016-07-29,9.0,0.024657534246575342,226.0,call,0.03,0.02,0.02,0,,0.11458,0.01741,0.01026,0.01555,-0.00777,0.00113,spy_options_2016.parquet,2446342
SPY,2016-07-20,2016-07-20T16:00:00-04:00,217.09,2016-07-29,9.0,0.024657534246575342,226.0,put,8.84,9.05,0.0,,,0.13407,-0.94591,0.00695,0.0374,-0.02446,-0.02168,spy_options_2016.parquet,2446342
SPY,2016-07-20,2016-07-20T16:00:00-04:00,217.09,2016-07-29,9.0,0.024657534246575342,227.0,call,0.03,0.02,0.01,50,,0.12524,0.0159,0.00881,0.01414,-0.00772,0.00085,spy_options_2016.parquet,2446343
SPY,2016-07-20,2016-07-20T16:00:00-04:00,217.09,2016-07-29,9.0,0.024657534246575342,227.0,put,9.85,10.05,0.0,,,0.14588,-0.94615,0.00492,0.03647,-0.0272,-0.02001,spy_options_2016.parquet,2446343
SPY,2016-07-20,2016-07-20T16:00:00-04:00,217.09,2016-07-29,9.0,0.024657534246575342,230.0,call,0.01,0.02,0.02,0,,0.14562,0.00825,0.00445,0.00823,-0.00535,1e-05,spy_options_2016.parquet,2446344
SPY,2016-07-20,2016-07-20T16:00:00-04:00,217.09,2016-07-29,9.0,0.024657534246575342,230.0,put,12.83,13.05,0.0,,,0.18811,-0.94528,0.00296,0.03713,-0.02992,-0.01899,spy_options_2016.parquet,2446344
SPY,2016-07-20,2016-07-20T16:00:00-04:00,217.09,2016-07-29,9.0,0.024657534246575342,235.0,call,0.0,0.01,0.01,182,,0.17178,0.0023,0.00134,0.00264,-0.00246,0.00034,spy_options_2016.parquet,2446345
SPY,2016-07-20,2016-07-20T16:00:00-04:00,217.09,2016-07-29,9.0,0.024657534246575342,235.0,put,17.83,18.04,0.0,,,0.25763,-0.94242,0.00162,0.03866,-0.0301,-0.01899,spy_options_2016.parquet,2446345
SPY,2016-07-20,2016-07-20T16:00:00-04:00,217.09,2016-07-29,9.0,0.024657534246575342,240.0,call,0.0,0.0,0.01,0,,0.21185,0.00264,0.00094,0.00283,-0.00263,8e-05,spy_options_2016.parquet,2446346
SPY,2016-07-20,2016-07-20T16:00:00-04:00,217.09,2016-07-29,9.0,0.024657534246575342,240.0,put,22.83,23.05,0.0,,,0.32659,-0.93954,0.00094,0.0391,-0.03061,-0.0182,spy_options_2016.parquet,2446346
SPY,2016-07-20,2016-07-20T16:00:00-04:00,217.09,2016-08-05,16.0,0.043835616438356165,150.0,call,66.97,67.19,0.0,,,,1.0,0.0,0.0,0.0,0.06994,spy_options_2016.parquet,2446347
SPY,2016-07-20,2016-07-20T16:00:00-04:00,217.09,2016-08-05,16.0,0.043835616438356165,150.0,put,0.0,0.0,0.01,0,,0.54684,-0.00026,0.00011,0.00163,-0.00205,-0.00013,spy_options_2016.parquet,2446347
SPY,2016-07-20,2016-07-20T16:00:00-04:00,217.09,2016-08-05,16.0,0.043835616438356165,155.0,call,61.97,62.19,0.0,,,,1.0,0.0,0.0,-0.00033,0.07226,spy_options_2016.parquet,2446348
SPY,2016-07-20,2016-07-20T16:00:00-04:00,217.09,2016-08-05,16.0,0.043835616438356165,155.0,put,0.0,0.0,0.0,,,0.50078,-0.00035,9e-05,0.00099,-0.00116,0.0,spy_options_2016.parquet,2446348
SPY,2016-07-20,2016-07-20T16:00:00-04:00,217.09,2016-08-05,16.0,0.043835616438356165,160.0,call,56.97,57.19,0.0,,,,1.0,0.0,0.0,0.0,0.07454,spy_options_2016.parquet,2446349
SPY,2016-07-20,2016-07-20T16:00:00-04:00,217.09,2016-08-05,16.0,0.043835616438356165,160.0,put,0.0,0.02,0.0,,,0.45723,-0.0011,0.00014,0.00176,-0.00145,0.0,spy_options_2016.parquet,2446349
SPY,2016-07-20,2016-07-20T16:00:00-04:00,217.09,2016-08-05,16.0,0.043835616438356165,165.0,call,51.98,52.18,0.0,,,,1.0,0.0,0.0,-3e-05,0.07663,spy_options_2016.parquet,2446350
SPY,2016-07-20,2016-07-20T16:00:00-04:00,217.09,2016-08-05,16.0,0.043835616438356165,165.0,put,0.0,0.01,0.0,,,0.41375,-0.00094,0.00019,0.00131,-0.00141,-0.00013,spy_options_2016.parquet,2446350
SPY,2016-07-20,2016-07-20T16:00:00-04:00,217.09,2016-08-05,16.0,0.043835616438356165,170.0,call,46.98,47.21,0.0,,,0.00011,1.0,0.0,0.0,-0.00012,0.07893,spy_options_2016.parquet,2446351
SPY,2016-07-20,2016-07-20T16:00:00-04:00,217.09,2016-08-05,16.0,0.043835616438356165,170.0,put,0.01,0.01,0.02,1,,0.41124,-0.00217,0.00043,0.00365,-0.00366,-0.00074,spy_options_2016.parquet,2446351
SPY,2016-07-20,2016-07-20T16:00:00-04:00,217.09,2016-08-05,16.0,0.043835616438356165,175.0,call,41.99,42.21,0.0,,,0.34925,0.99817,0.00039,0.00314,-0.00288,0.08142,spy_options_2016.parquet,2446352
SPY,2016-07-20,2016-07-20T16:00:00-04:00,217.09,2016-08-05,16.0,0.043835616438356165,175.0,put,0.02,0.03,0.0,,,0.36771,-0.00269,0.00049,0.00388,-0.00422,-0.00038,spy_options_2016.parquet,2446352
SPY,2016-07-20,2016-07-20T16:00:00-04:00,217.09,2016-08-05,16.0,0.043835616438356165,180.0,call,37.0,37.21,0.0,,,0.32114,0.99669,0.00062,0.00438,-0.00416,0.08359,spy_options_2016.parquet,2446353
SPY,2016-07-20,2016-07-20T16:00:00-04:00,217.09,2016-08-05,16.0,0.043835616438356165,180.0,put,0.01,0.02,0.03,0,,0.32277,-0.00296,0.00065,0.00488,-0.00353,0.0,spy_options_2016.parquet,2446353
SPY,2016-07-20,2016-07-20T16:00:00-04:00,217.09,2016-08-05,16.0,0.043835616438356165,185.0,call,32.01,32.22,0.0,,,0.29496,0.99429,0.00112,0.00748,-0.00631,0.08565,spy_options_2016.parquet,2446354
SPY,2016-07-20,2016-07-20T16:00:00-04:00,217.09,2016-08-05,16.0,0.043835616438356165,185.0,put,0.01,0.03,0.03,1,,0.29527,-0.00594,0.00113,0.00763,-0.00638,-0.00084,spy_options_2016.parquet,2446354
SPY,2016-07-20,2016-07-20T16:00:00-04:00,217.09,2016-08-05,16.0,0.043835616438356165,186.0,call,31.04,31.24,0.0,,,0.3069,0.99081,0.00165,0.01115,-0.01,0.0859,spy_options_2016.parquet,2446355
SPY,2016-07-20,2016-07-20T16:00:00-04:00,217.09,2016-08-05,16.0,0.043835616438356165,186.0,put,0.02,0.03,0.03,5,,0.28728,-0.00574,0.00122,0.00722,-0.00596,-0.00023,spy_options_2016.parquet,2446355
SPY,2016-07-20,2016-07-20T16:00:00-04:00,217.09,2016-08-05,16.0,0.043835616438356165,187.0,call,30.04,30.25,0.0,,,0.30203,0.99029,0.00189,0.01267,-0.01032,0.08578,spy_options_2016.parquet,2446356
SPY,2016-07-20,2016-07-20T16:00:00-04:00,217.09,2016-08-05,16.0,0.043835616438356165,187.0,put,0.02,0.03,0.0,,,0.27833,-0.00615,0.00131,0.00833,-0.0062,-0.0007,spy_options_2016.parquet,2446356
SPY,2016-07-20,2016-07-20T16:00:00-04:00,217.09,2016-08-05,16.0,0.043835616438356165,188.0,call,29.05,29.24,0.0,,,0.28805,0.99078,0.00186,0.01225,-0.00988,0.08633,spy_options_2016.parquet,2446357
SPY,2016-07-20,2016-07-20T16:00:00-04:00,217.09,2016-08-05,16.0,0.043835616438356165,188.0,put,0.01,0.03,0.05,0,,0.26859,-0.00651,0.0014,0.00852,-0.00556,-0.00106,spy_options_2016.parquet,2446357
SPY,2016-07-20,2016-07-20T16:00:00-04:00,217.09,2016-08-05,16.0,0.043835616438356165,189.0,call,28.01,28.21,0.0,,,0.2586,0.99403,0.00138,0.00801,-0.00524,0.08688,spy_options_2016.parquet,2446358
SPY,2016-07-20,2016-07-20T16:00:00-04:00,217.09,2016-08-05,16.0,0.043835616438356165,189.0,put,0.02,0.03,0.05,0,,0.27055,-0.00795,0.00175,0.01045,-0.00762,-0.00067,spy_options_2016.parquet,2446358
SPY,2016-07-20,2016-07-20T16:00:00-04:00,217.09,2016-08-05,16.0,0.043835616438356165,190.0,call,27.05,27.24,27.2,4,,0.27647,0.9884,0.00239,0.01416,-0.01115,0.08752,spy_options_2016.parquet,2446359
SPY,2016-07-20,2016-07-20T16:00:00-04:00,217.09,2016-08-05,16.0,0.043835616438356165,190.0,put,0.03,0.03,0.04,200,,0.26217,-0.00863,0.0019,0.01111,-0.00742,-0.00137,spy_options_2016.parquet,2446359
SPY,2016-07-20,2016-07-20T16:00:00-04:00,217.09,2016-08-05,16.0,0.043835616438356165,191.0,call,26.06,26.25,0.0,,,0.27045,0.98727,0.00266,0.01562,-0.01178,0.08707,spy_options_2016.parquet,2446360
SPY,2016-07-20,2016-07-20T16:00:00-04:00,217.09,2016-08-05,16.0,0.043835616438356165,191.0,put,0.03,0.03,0.0,,,0.25249,-0.009,0.00196,0.01158,-0.00729,-0.00041,spy_options_2016.parquet,2446360
SPY,2016-07-20,2016-07-20T16:00:00-04:00,217.09,2016-08-05,16.0,0.043835616438356165,192.0,call,25.04,25.24,0.0,,,0.25758,0.98752,0.00276,0.01553,-0.01124,0.08761,spy_options_2016.parquet,2446361
SPY,2016-07-20,2016-07-20T16:00:00-04:00,217.09,2016-08-05,16.0,0.043835616438356165,192.0,put,0.03,0.04,0.06,0,,0.24299,-0.00873,0.00207,0.01171,-0.00721,-0.0006,spy_options_2016.parquet,2446361
SPY,2016-07-20,2016-07-20T16:00:00-04:00,217.09,2016-08-05,16.0,0.043835616438356165,193.0,call,24.06,24.25,0.0,,,0.25371,0.98488,0.00317,0.01806,-0.01245,0.08852,spy_options_2016.parquet,2446362
SPY,2016-07-20,2016-07-20T16:00:00-04:00,217.09,2016-08-05,16.0,0.043835616438356165,193.0,put,0.04,0.05,0.05,100,,0.24239,-0.01172,0.00264,0.01442,-0.00933,-0.00161,spy_options_2016.parquet,2446362
SPY,2016-07-20,2016-07-20T16:00:00-04:00,217.09,2016-08-05,16.0,0.043835616438356165,194.0,call,23.06,23.24,0.0,,,0.2443,0.98455,0.00334,0.01798,-0.01195,0.08827,spy_options_2016.parquet,2446363
SPY,2016-07-20,2016-07-20T16:00:00-04:00,217.09,2016-08-05,16.0,0.043835616438356165,194.0,put,0.05,0.05,0.05,302,,0.23299,-0.01142,0.00279,0.01432,-0.00904,-0.0009,spy_options_2016.parquet,2446363
SPY,2016-07-20,2016-07-20T16:00:00-04:00,217.09,2016-08-05,16.0,0.043835616438356165,194.5,call,22.56,22.75,0.0,,,0.24014,0.98398,0.00352,0.01819,-0.01274,0.08912,spy_options_2016.parquet,2446364
SPY,2016-07-20,2016-07-20T16:00:00-04:00,217.09,2016-08-05,16.0,0.043835616438356165,194.5,put,0.05,0.06,0.06,717,,0.23476,-0.01428,0.00328,0.01704,-0.01123,-0.00175,spy_options_2016.parquet,2446364
SPY,2016-07-20,2016-07-20T16:00:00-04:00,217.09,2016-08-05,16.0,0.043835616438356165,195.0,call,22.08,22.25,0.0,,,0.23942,0.9823,0.00389,0.02035,-0.01375,0.089,spy_options_2016.parquet,2446365
SPY,2016-07-20,2016-07-20T16:00:00-04:00,217.09,2016-08-05,16.0,0.043835616438356165,195.0,put,0.05,0.06,0.07,0,,0.22966,-0.01469,0.00332,0.01699,-0.01054,-0.00191,spy_options_2016.parquet,2446365
SPY,2016-07-20,2016-07-20T16:00:00-04:00,217.09,2016-08-05,16.0,0.043835616438356165,195.5,call,21.58,21.76,0.0,,,0.23467,0.98209,0.00407,0.02055,-0.01395,0.08868,spy_options_2016.parquet,2446366
SPY,2016-07-20,2016-07-20T16:00:00-04:00,217.09,2016-08-05,16.0,0.043835616438356165,195.5,put,0.05,0.05,0.08,0,,0.22473,-0.0146,0.0035,0.01738,-0.01034,-0.00196,spy_options_2016.parquet,2446366
SPY,2016-07-20,2016-07-20T16:00:00-04:00,217.09,2016-08-05,16.0,0.043835616438356165,196.0,call,21.08,21.26,0.0,,,0.23208,0.98035,0.00432,0.02198,-0.01456,0.08874,spy_options_2016.parquet,2446367
SPY,2016-07-20,2016-07-20T16:00:00-04:00,217.09,2016-08-05,16.0,0.043835616438356165,196.0,put,0.05,0.06,0.06,12,,0.21992,-0.01481,0.00359,0.01818,-0.01081,-0.00121,spy_options_2016.parquet,2446367
SPY,2016-07-20,2016-07-20T16:00:00-04:00,217.09,2016-08-05,16.0,0.043835616438356165,196.5,call,20.58,20.76,0.0,,,0.22503,0.98065,0.0044,0.02165,-0.01327,0.08918,spy_options_2016.parquet,2446368
SPY,2016-07-20,2016-07-20T16:00:00-04:00,217.09,2016-08-05,16.0,0.043835616438356165,196.5,put,0.05,0.07,0.06,355,,0.22066,-0.01699,0.00412,0.02026,-0.01188,-0.00178,spy_options_2016.parquet,2446368
SPY,2016-07-20,2016-07-20T16:00:00-04:00,217.09,2016-08-05,16.0,0.043835616438356165,197.0,call,20.05,20.26,0.0,,,0.2134,0.98401,0.0041,0.01917,-0.01108,0.0904,spy_options_2016.parquet,2446369
SPY,2016-07-20,2016-07-20T16:00:00-04:00,217.09,2016-08-05,16.0,0.043835616438356165,197.0,put,0.06,0.07,0.07,11,,0.21592,-0.01714,0.00431,0.02053,-0.01219,-0.00184,spy_options_2016.parquet,2446369
SPY,2016-07-20,2016-07-20T16:00:00-04:00,217.09,2016-08-05,16.0,0.043835616438356165,197.5,call,19.58,19.77,0.0,,,0.21958,0.97866,0.00504,0.02448,-0.01496,0.08953,spy_options_2016.parquet,2446370
SPY,2016-07-20,2016-07-20T16:00:00-04:00,217.09,2016-08-05,16.0,0.043835616438356165,197.5,put,0.06,0.06,0.1,0,,0.21098,-0.01806,0.00441,0.02107,-0.01164,-0.00144,spy_options_2016.parquet,2446370
SPY,2016-07-20,2016-07-20T16:00:00-04:00,217.09,2016-08-05,16.0,0.043835616438356165,198.0,call,19.08,19.28,0.0,,,0.21473,0.97783,0.00523,0.02465,-0.01497,0.09025,spy_options_2016.parquet,2446371
SPY,2016-07-20,2016-07-20T16:00:00-04:00,217.09,2016-08-05,16.0,0.043835616438356165,198.0,put,0.06,0.07,0.07,20,,0.2066,-0.01776,0.00461,0.02161,-0.0125,-0.00218,spy_options_2016.parquet,2446371
SPY,2016-07-20,2016-07-20T16:00:00-04:00,217.09,2016-08-05,16.0,0.043835616438356165,198.5,call,18.58,18.76,18.07,3,,0.20974,0.9773,0.00547,0.02554,-0.01501,0.08964,spy_options_2016.parquet,2446372
SPY,2016-07-20,2016-07-20T16:00:00-04:00,217.09,2016-08-05,16.0,0.043835616438356165,198.5,put,0.07,0.07,0.11,0,,0.20582,-0.02037,0.00513,0.02343,-0.01364,-0.00192,spy_options_2016.parquet,2446372
SPY,2016-07-20,2016-07-20T16:00:00-04:00,217.09,2016-08-05,16.0,0.043835616438356165,199.0,call,18.08,18.28,17.15,0,,0.20826,0.97467,0.00604,0.02711,-0.01622,0.09041,spy_options_2016.parquet,2446373
SPY,2016-07-20,2016-07-20T16:00:00-04:00,217.09,2016-08-05,16.0,0.043835616438356165,199.0,put,0.06,0.07,0.08,80,,0.2006,-0.02102,0.00545,0.02394,-0.01368,-0.00244,spy_options_2016.parquet,2446373
SPY,2016-07-20,2016-07-20T16:00:00-04:00,217.09,2016-08-05,16.0,0.043835616438356165,199.5,call,17.59,17.79,0.0,,,0.20373,0.9747,0.00631,0.02847,-0.01644,0.09009,spy_options_2016.parquet,2446374
SPY,2016-07-20,2016-07-20T16:00:00-04:00,217.09,2016-08-05,16.0,0.043835616438356165,199.5,put,0.07,0.09,0.08,60,,0.19565,-0.02147,0.00562,0.02405,-0.01325,-0.00252,spy_options_2016.parquet,2446374
SPY,2016-07-20,2016-07-20T16:00:00-04:00,217.09,2016-08-05,16.0,0.043835616438356165,200.0,call,17.09,17.27,17.34,9,,0.19847,0.97388,0.00652,0.02802,-0.01606,0.0899,spy_options_2016.parquet,2446375
SPY,2016-07-20,2016-07-20T16:00:00-04:00,217.09,2016-08-05,16.0,0.043835616438356165,200.0,put,0.07,0.1,0.08,167,,0.19474,-0.02387,0.00622,0.02653,-0.01485,-0.00218,spy_options_2016.parquet,2446375
SPY,2016-07-20,2016-07-20T16:00:00-04:00,217.09,2016-08-05,16.0,0.043835616438356165,200.5,call,16.61,16.79,0.0,,,0.19834,0.97027,0.00728,0.03199,-0.01803,0.09047,spy_options_2016.parquet,2446376
SPY,2016-07-20,2016-07-20T16:00:00-04:00,217.09,2016-08-05,16.0,0.043835616438356165,200.5,put,0.08,0.09,0.09,462,,0.18981,-0.02457,0.00656,0.028,-0.0143,-0.00294,spy_options_2016.parquet,2446376
SPY,2016-07-20,2016-07-20T16:00:00-04:00,217.09,2016-08-05,16.0,0.043835616438356165,201.0,call,16.11,16.27,16.31,100,,0.18954,0.97128,0.00729,0.03103,-0.01639,0.09018,spy_options_2016.parquet,2446377
SPY,2016-07-20,2016-07-20T16:00:00-04:00,217.09,2016-08-05,16.0,0.043835616438356165,201.0,put,0.1,0.1,0.1,40,,0.18829,-0.02797,0.00726,0.03004,-0.01604,-0.00263,spy_options_2016.parquet,2446377
SPY,2016-07-20,2016-07-20T16:00:00-04:00,217.09,2016-08-05,16.0,0.043835616438356165,201.5,call,15.59,15.78,14.39,0,,0.1828,0.9716,0.00754,0.02997,-0.01557,0.09066,spy_options_2016.parquet,2446378
SPY,2016-07-20,2016-07-20T16:00:00-04:00,217.09,2016-08-05,16.0,0.043835616438356165,201.5,put,0.09,0.1,0.13,0,,0.18327,-0.0283,0.00762,0.0311,-0.01607,-0.00336,spy_options_2016.parquet,2446378
SPY,2016-07-20,2016-07-20T16:00:00-04:00,217.09,2016-08-05,16.0,0.043835616438356165,202.0,call,15.12,15.29,15.37,5,,0.18368,0.96691,0.00859,0.03478,-0.01833,0.09076,spy_options_2016.parquet,2446379
SPY,2016-07-20,2016-07-20T16:00:00-04:00,217.09,2016-08-05,16.0,0.043835616438356165,202.0,put,0.1,0.11,0.11,29,,0.18093,-0.03153,0.00833,0.03311,-0.01712,-0.00327,spy_options_2016.parquet,2446379
SPY,2016-07-20,2016-07-20T16:00:00-04:00,217.09,2016-08-05,16.0,0.043835616438356165,202.5,call,14.6,14.78,0.0,,,0.17572,0.96774,0.00873,0.03341,-0.01649,0.0909,spy_options_2016.parquet,2446380
SPY,2016-07-20,2016-07-20T16:00:00-04:00,217.09,2016-08-05,16.0,0.043835616438356165,202.5,put,0.09,0.12,0.13,2,,0.17803,-0.03355,0.00887,0.035,-0.01699,-0.00324,spy_options_2016.parquet,2446380
SPY,2016-07-20,2016-07-20T16:00:00-04:00,217.09,2016-08-05,16.0,0.043835616438356165,203.0,call,14.13,14.33,13.62,5,,0.17886,0.96041,0.01013,0.03945,-0.02075,0.09078,spy_options_2016.parquet,2446381
SPY,2016-07-20,2016-07-20T16:00:00-04:00,217.09,2016-08-05,16.0,0.043835616438356165,203.0,put,0.11,0.12,0.12,873,,0.17383,-0.0347,0.00954,0.03715,-0.01835,-0.0033,spy_options_2016.parquet,2446381
SPY,2016-07-20,2016-07-20T16:00:00-04:00,217.09,2016-08-05,16.0,0.043835616438356165,203.5,call,13.63,13.82,0.0,,,0.17316,0.96007,0.01064,0.04043,-0.01976,0.09074,spy_options_2016.parquet,2446382
SPY,2016-07-20,2016-07-20T16:00:00-04:00,217.09,2016-08-05,16.0,0.043835616438356165,203.5,put,0.12,0.13,0.12,229,,0.17073,-0.03799,0.01045,0.03888,-0.01872,-0.00367,spy_options_2016.parquet,2446382
SPY,2016-07-20,2016-07-20T16:00:00-04:00,217.09,2016-08-05,16.0,0.043835616438356165,204.0,call,13.15,13.31,13.39,8,,0.16896,0.95768,0.0114,0.04278,-0.02084,0.09057,spy_options_2016.parquet,2446383
SPY,2016-07-20,2016-07-20T16:00:00-04:00,217.09,2016-08-05,16.0,0.043835616438356165,204.0,put,0.12,0.13,0.12,261,,0.1657,-0.0394,0.01095,0.04064,-0.01843,-0.0041,spy_options_2016.parquet,2446383
SPY,2016-07-20,2016-07-20T16:00:00-04:00,217.09,2016-08-05,16.0,0.043835616438356165,204.5,call,12.66,12.84,13.03,2,,0.16793,0.95224,0.01272,0.04686,-0.02305,0.09066,spy_options_2016.parquet,2446384
SPY,2016-07-20,2016-07-20T16:00:00-04:00,217.09,2016-08-05,16.0,0.043835616438356165,204.5,put,0.13,0.14,0.15,36,,0.16241,-0.04293,0.01194,0.04346,-0.01954,-0.00468,spy_options_2016.parquet,2446384
SPY,2016-07-20,2016-07-20T16:00:00-04:00,217.09,2016-08-05,16.0,0.043835616438356165,205.0,call,12.17,12.34,12.53,8,,0.16329,0.94973,0.01352,0.04874,-0.02326,0.09006,spy_options_2016.parquet,2446385
SPY,2016-07-20,2016-07-20T16:00:00-04:00,217.09,2016-08-05,16.0,0.043835616438356165,205.0,put,0.14,0.16,0.16,307,,0.1612,-0.04716,0.01311,0.04682,-0.02165,-0.00517,spy_options_2016.parquet,2446385
SPY,2016-07-20,2016-07-20T16:00:00-04:00,217.09,2016-08-05,16.0,0.043835616438356165,205.5,call,11.67,11.83,0.0,,,0.15823,0.94817,0.01437,0.04951,-0.02289,0.09078,spy_options_2016.parquet,2446386
SPY,2016-07-20,2016-07-20T16:00:00-04:00,217.09,2016-08-05,16.0,0.043835616438356165,205.5,put,0.15,0.16,0.16,10,,0.15648,-0.04999,0.01406,0.04913,-0.0221,-0.00526,spy_options_2016.parquet,2446386
SPY,2016-07-20,2016-07-20T16:00:00-04:00,217.09,2016-08-05,16.0,0.043835616438356165,206.0,call,11.19,11.35,10.03,0,,0.15502,0.94266,0.01573,0.05327,-0.02428,0.08998,spy_options_2016.parquet,2446387
SPY,2016-07-20,2016-07-20T16:00:00-04:00,217.09,2016-08-05,16.0,0.043835616438356165,206.0,put,0.17,0.18,0.19,,,0.15488,-0.05609,0.01566,0.05301,-0.02398,-0.00602,spy_options_2016.parquet,2446387
SPY,2016-07-20,2016-07-20T16:00:00-04:00,217.09,2016-08-05,16.0,0.043835616438356165,206.5,call,10.73,10.84,9.8,0,,0.15242,0.93783,0.01711,0.05724,-0.02498,0.0902,spy_options_2016.parquet,2446388
SPY,2016-07-20,2016-07-20T16:00:00-04:00,217.09,2016-08-05,16.0,0.043835616438356165,206.5,put,0.17,0.2,0.18,99,,0.15045,-0.06016,0.01693,0.05664,-0.02387,-0.00593,spy_options_2016.parquet,2446388
SPY,2016-07-20,2016-07-20T16:00:00-04:00,217.09,2016-08-05,16.0,0.043835616438356165,207.0,call,10.22,10.37,9.49,0,,0.14948,0.93305,0.01869,0.06096,-0.02632,0.08962,spy_options_2016.parquet,2446389
SPY,2016-07-20,2016-07-20T16:00:00-04:00,217.09,2016-08-05,16.0,0.043835616438356165,207.0,put,0.2,0.2,0.2,58,,0.1484,-0.06663,0.0186,0.06087,-0.02567,-0.00642,spy_options_2016.parquet,2446389
SPY,2016-07-20,2016-07-20T16:00:00-04:00,217.09,2016-08-05,16.0,0.043835616438356165,207.5,call,9.75,9.87,9.64,10,,0.14576,0.92728,0.02035,0.06505,-0.0273,0.08929,spy_options_2016.parquet,2446390
SPY,2016-07-20,2016-07-20T16:00:00-04:00,217.09,2016-08-05,16.0,0.043835616438356165,207.5,put,0.21,0.22,0.22,365,,0.14374,-0.07055,0.02014,0.06384,-0.02649,-0.00699,spy_options_2016.parquet,2446390
SPY,2016-07-20,2016-07-20T16:00:00-04:00,217.09,2016-08-05,16.0,0.043835616438356165,208.0,call,9.27,9.4,9.48,3,,0.14359,0.91912,0.02233,0.07003,-0.02945,0.08825,spy_options_2016.parquet,2446391
SPY,2016-07-20,2016-07-20T16:00:00-04:00,217.09,2016-08-05,16.0,0.043835616438356165,208.0,put,0.22,0.24,0.25,,,0.14135,-0.07804,0.02202,0.06877,-0.02833,-0.00779,spy_options_2016.parquet,2446391
SPY,2016-07-20,2016-07-20T16:00:00-04:00,217.09,2016-08-05,16.0,0.043835616438356165,208.5,call,8.8,8.94,0.0,,,0.14133,0.90998,0.02458,0.07619,-0.03126,0.08754,spy_options_2016.parquet,2446392
SPY,2016-07-20,2016-07-20T16:00:00-04:00,217.09,2016-08-05,16.0,0.043835616438356165,208.5,put,0.27,0.27,0.28,183,,0.13911,-0.08696,0.02433,0.07483,-0.03047,-0.00928,spy_options_2016.parquet,2446392
SPY,2016-07-20,2016-07-20T16:00:00-04:00,217.09,2016-08-05,16.0,0.043835616438356165,209.0,call,8.34,8.44,8.49,10,,0.13688,0.90371,0.02669,0.07985,-0.03201,0.08699,spy_options_2016.parquet,2446393
SPY,2016-07-20,2016-07-20T16:00:00-04:00,217.09,2016-08-05,16.0,0.043835616438356165,209.0,put,0.28,0.29,0.3,163,,0.13536,-0.09475,0.02657,0.07996,-0.03071,-0.00938,spy_options_2016.parquet,2446393
SPY,2016-07-20,2016-07-20T16:00:00-04:00,217.09,2016-08-05,16.0,0.043835616438356165,209.5,call,7.86,7.97,7.7,4,,0.13379,0.89465,0.02918,0.08584,-0.03306,0.087,spy_options_2016.parquet,2446394
SPY,2016-07-20,2016-07-20T16:00:00-04:00,217.09,2016-08-05,16.0,0.043835616438356165,209.5,put,0.32,0.33,0.32,237,,0.13272,-0.10459,0.02913,0.08559,-0.03311,-0.01088,spy_options_2016.parquet,2446394
SPY,2016-07-20,2016-07-20T16:00:00-04:00,217.09,2016-08-05,16.0,0.043835616438356165,210.0,call,7.4,7.5,7.51,167,,0.13104,0.88347,0.03204,0.09211,-0.03497,0.08595,spy_options_2016.parquet,2446395
SPY,2016-07-20,2016-07-20T16:00:00-04:00,217.09,2016-08-05,16.0,0.043835616438356165,210.0,put,0.35,0.36,0.35,,,0.13033,-0.11702,0.03207,0.09259,-0.03514,-0.01183,spy_options_2016.parquet,2446395
SPY,2016-07-20,2016-07-20T16:00:00-04:00,217.09,2016-08-05,16.0,0.043835616438356165,210.5,call,6.94,7.04,7.14,4,,0.128,0.87021,0.03516,0.09901,-0.03702,0.08448,spy_options_2016.parquet,2446396
SPY,2016-07-20,2016-07-20T16:00:00-04:00,217.09,2016-08-05,16.0,0.043835616438356165,210.5,put,0.4,0.4,0.4,204,,0.12832,-0.13005,0.03518,0.09896,-0.03765,-0.01284,spy_options_2016.parquet,2446396
SPY,2016-07-20,2016-07-20T16:00:00-04:00,217.09,2016-08-05,16.0,0.043835616438356165,211.0,call,6.48,6.58,6.63,37,,0.12479,0.85703,0.03853,0.10526,-0.03868,0.08376,spy_options_2016.parquet,2446397
SPY,2016-07-20,2016-07-20T16:00:00-04:00,217.09,2016-08-05,16.0,0.043835616438356165,211.0,put,0.43,0.45,0.44,,,0.12487,-0.14279,0.03854,0.10586,-0.03898,-0.01488,spy_options_2016.parquet,2446397
SPY,2016-07-20,2016-07-20T16:00:00-04:00,217.09,2016-08-05,16.0,0.043835616438356165,211.5,call,6.03,6.11,5.24,0,,0.12208,0.8425,0.04216,0.11331,-0.04047,0.08202,spy_options_2016.parquet,2446398
SPY,2016-07-20,2016-07-20T16:00:00-04:00,217.09,2016-08-05,16.0,0.043835616438356165,211.5,put,0.48,0.5,0.46,60,,0.12272,-0.1591,0.04218,0.11388,-0.04081,-0.01669,spy_options_2016.parquet,2446398
SPY,2016-07-20,2016-07-20T16:00:00-04:00,217.09,2016-08-05,16.0,0.043835616438356165,212.0,call,5.59,5.67,5.75,63,,0.11992,0.82436,0.04609,0.12084,-0.04285,0.08042,spy_options_2016.parquet,2446399
SPY,2016-07-20,2016-07-20T16:00:00-04:00,217.09,2016-08-05,16.0,0.043835616438356165,212.0,put,0.53,0.55,0.53,,,0.12025,-0.17624,0.04604,0.12133,-0.04242,-0.01828,spy_options_2016.parquet,2446399
SPY,2016-07-20,2016-07-20T16:00:00-04:00,217.09,2016-08-05,16.0,0.043835616438356165,212.5,call,5.15,5.22,5.27,80,,0.11668,0.80625,0.05038,0.12899,-0.04432,0.07912,spy_options_2016.parquet,2446400
SPY,2016-07-20,2016-07-20T16:00:00-04:00,217.09,2016-08-05,16.0,0.043835616438356165,212.5,put,0.6,0.61,0.58,410,,0.11762,-0.19581,0.05027,0.12962,-0.04522,-0.02005,spy_options_2016.parquet,2446400
SPY,2016-07-20,2016-07-20T16:00:00-04:00,217.09,2016-08-05,16.0,0.043835616438356165,213.0,call,4.74,4.79,4.76,238,,0.11489,0.78317,0.05473,0.13758,-0.04716,0.07655,spy_options_2016.parquet,2446401
SPY,2016-07-20,2016-07-20T16:00:00-04:00,217.09,2016-08-05,16.0,0.043835616438356165,213.0,put,0.67,0.68,0.65,,,0.11424,-0.21729,0.05471,0.13798,-0.04671,-0.02196,spy_options_2016.parquet,2446401
SPY,2016-07-20,2016-07-20T16:00:00-04:00,217.09,2016-08-05,16.0,0.043835616438356165,213.5,call,4.31,4.38,4.46,113,,0.11188,0.75849,0.05944,0.14585,-0.0482,0.07453,spy_options_2016.parquet,2446402
SPY,2016-07-20,2016-07-20T16:00:00-04:00,217.09,2016-08-05,16.0,0.043835616438356165,213.5,put,0.74,0.76,0.72,,,0.11205,-0.24077,0.05949,0.1456,-0.04787,-0.02414,spy_options_2016.parquet,2446402
SPY,2016-07-20,2016-07-20T16:00:00-04:00,217.09,2016-08-05,16.0,0.043835616438356165,214.0,call,3.92,3.96,4.05,576,,0.10906,0.73207,0.0642,0.15428,-0.05014,0.07179,spy_options_2016.parquet,2446403
SPY,2016-07-20,2016-07-20T16:00:00-04:00,217.09,2016-08-05,16.0,0.043835616438356165,214.0,put,0.85,0.85,0.81,,,0.11008,-0.26767,0.06426,0.15437,-0.04985,-0.02675,spy_options_2016.parquet,2446403
SPY,2016-07-20,2016-07-20T16:00:00-04:00,217.09,2016-08-05,16.0,0.043835616438356165,214.5,call,3.5,3.57,3.67,108,,0.10665,0.70228,0.06917,0.16265,-0.05165,0.06908,spy_options_2016.parquet,2446404
SPY,2016-07-20,2016-07-20T16:00:00-04:00,217.09,2016-08-05,16.0,0.043835616438356165,214.5,put,0.96,0.96,0.93,,,0.1072,-0.29745,0.0691,0.16214,-0.05177,-0.03027,spy_options_2016.parquet,2446404
SPY,2016-07-20,2016-07-20T16:00:00-04:00,217.09,2016-08-05,16.0,0.043835616438356165,215.0,call,3.16,3.19,3.15,,,0.10515,0.66976,0.07365,0.17013,-0.05325,0.06643,spy_options_2016.parquet,2446405
SPY,2016-07-20,2016-07-20T16:00:00-04:00,217.09,2016-08-05,16.0,0.043835616438356165,215.0,put,1.07,1.09,1.05,,,0.10417,-0.32971,0.07413,0.16944,-0.05237,-0.0336,spy_options_2016.parquet,2446405
SPY,2016-07-20,2016-07-20T16:00:00-04:00,217.09,2016-08-05,16.0,0.043835616438356165,215.5,call,2.8,2.82,2.79,441,,0.10241,0.63462,0.07827,0.17625,-0.05385,0.06268,spy_options_2016.parquet,2446406
SPY,2016-07-20,2016-07-20T16:00:00-04:00,217.09,2016-08-05,16.0,0.043835616438356165,215.5,put,1.19,1.22,1.17,,,0.10148,-0.36446,0.07901,0.17562,-0.05363,-0.03651,spy_options_2016.parquet,2446406
SPY,2016-07-20,2016-07-20T16:00:00-04:00,217.09,2016-08-05,16.0,0.043835616438356165,216.0,call,2.43,2.48,2.56,,,0.10016,0.59708,0.08284,0.18135,-0.05382,0.0593,spy_options_2016.parquet,2446407
SPY,2016-07-20,2016-07-20T16:00:00-04:00,217.09,2016-08-05,16.0,0.043835616438356165,216.0,put,1.35,1.36,1.3,,,0.09944,-0.40281,0.08303,0.18115,-0.05376,-0.04069,spy_options_2016.parquet,2446407
SPY,2016-07-20,2016-07-20T16:00:00-04:00,217.09,2016-08-05,16.0,0.043835616438356165,216.5,call,2.12,2.14,2.12,650,,0.09736,0.55565,0.08651,0.1848,-0.05426,0.05556,spy_options_2016.parquet,2446408
SPY,2016-07-20,2016-07-20T16:00:00-04:00,217.09,2016-08-05,16.0,0.043835616438356165,216.5,put,1.52,1.54,1.47,,,0.09721,-0.44448,0.08689,0.18536,-0.05325,-0.0445,spy_options_2016.parquet,2446408
SPY,2016-07-20,2016-07-20T16:00:00-04:00,217.09,2016-08-05,16.0,0.043835616438356165,217.0,call,1.81,1.82,1.9,,,0.09527,0.51272,0.08964,0.18667,-0.05299,0.05134,spy_options_2016.parquet,2446409
SPY,2016-07-20,2016-07-20T16:00:00-04:00,217.09,2016-08-05,16.0,0.043835616438356165,217.0,put,1.7,1.73,1.73,,,0.09468,-0.48783,0.08993,0.18659,-0.05266,-0.04876,spy_options_2016.parquet,2446409
SPY,2016-07-20,2016-07-20T16:00:00-04:00,217.09,2016-08-05,16.0,0.043835616438356165,217.5,call,1.53,1.54,1.56,,,0.09263,0.4667,0.09169,0.18627,-0.05147,0.04673,spy_options_2016.parquet,2446410
SPY,2016-07-20,2016-07-20T16:00:00-04:00,217.09,2016-08-05,16.0,0.043835616438356165,217.5,put,1.92,1.94,1.88,,,0.09203,-0.53424,0.09222,0.18597,-0.05149,-0.05314,spy_options_2016.parquet,2446410
SPY,2016-07-20,2016-07-20T16:00:00-04:00,217.09,2016-08-05,16.0,0.043835616438356165,218.0,call,1.27,1.28,1.31,,,0.09052,0.41882,0.09206,0.1834,-0.04963,0.04203,spy_options_2016.parquet,2446411
SPY,2016-07-20,2016-07-20T16:00:00-04:00,217.09,2016-08-05,16.0,0.043835616438356165,218.0,put,2.15,2.18,2.16,898,,0.08927,-0.58148,0.09301,0.1832,-0.04897,-0.05712,spy_options_2016.parquet,2446411
SPY,2016-07-20,2016-07-20T16:00:00-04:00,217.09,2016-08-05,16.0,0.043835616438356165,218.5,call,1.04,1.07,1.11,,,0.08877,0.37086,0.09109,0.17707,-0.047,0.03726,spy_options_2016.parquet,2446412
SPY,2016-07-20,2016-07-20T16:00:00-04:00,217.09,2016-08-05,16.0,0.043835616438356165,218.5,put,2.43,2.46,2.35,317,,0.08815,-0.63019,0.09163,0.17708,-0.0467,-0.06126,spy_options_2016.parquet,2446412
SPY,2016-07-20,2016-07-20T16:00:00-04:00,217.09,2016-08-05,16.0,0.043835616438356165,219.0,call,0.84,0.85,0.87,,,0.08637,0.32301,0.08857,0.16809,-0.04292,0.03241,spy_options_2016.parquet,2446413
SPY,2016-07-20,2016-07-20T16:00:00-04:00,217.09,2016-08-05,16.0,0.043835616438356165,219.0,put,2.72,2.76,2.7,395,,0.08598,-0.67808,0.08876,0.16811,-0.04253,-0.06471,spy_options_2016.parquet,2446413
SPY,2016-07-20,2016-07-20T16:00:00-04:00,217.09,2016-08-05,16.0,0.043835616438356165,219.5,call,0.67,0.68,0.68,,,0.08549,0.27666,0.08402,0.15698,-0.03996,0.02796,spy_options_2016.parquet,2446414
SPY,2016-07-20,2016-07-20T16:00:00-04:00,217.09,2016-08-05,16.0,0.043835616438356165,219.5,put,3.05,3.11,3.08,174,,0.08536,-0.72271,0.0838,0.15663,-0.03944,-0.06765,spy_options_2016.parquet,2446414
SPY,2016-07-20,2016-07-20T16:00:00-04:00,217.09,2016-08-05,16.0,0.043835616438356165,220.0,call,0.54,0.54,0.57,,,0.08388,0.23454,0.07789,0.14346,-0.03544,0.02319,spy_options_2016.parquet,2446415
SPY,2016-07-20,2016-07-20T16:00:00-04:00,217.09,2016-08-05,16.0,0.043835616438356165,220.0,put,3.4,3.48,3.33,239,,0.08437,-0.76597,0.0774,0.14419,-0.03557,-0.07045,spy_options_2016.parquet,2446415
SPY,2016-07-20,2016-07-20T16:00:00-04:00,217.09,2016-08-05,16.0,0.043835616438356165,220.5,call,0.4,0.43,0.43,,,0.08312,0.19534,0.0707,0.12916,-0.03215,0.01986,spy_options_2016.parquet,2446416
SPY,2016-07-20,2016-07-20T16:00:00-04:00,217.09,2016-08-05,16.0,0.043835616438356165,220.5,put,3.79,3.87,3.7,95,,0.08333,-0.80323,0.06979,0.13027,-0.03163,-0.07176,spy_options_2016.parquet,2446416
SPY,2016-07-20,2016-07-20T16:00:00-04:00,217.09,2016-08-05,16.0,0.043835616438356165,221.0,call,0.32,0.34,0.35,,,0.08353,0.16282,0.06298,0.11532,-0.02831,0.01632,spy_options_2016.parquet,2446417
SPY,2016-07-20,2016-07-20T16:00:00-04:00,217.09,2016-08-05,16.0,0.043835616438356165,221.0,put,4.2,4.27,4.12,3,,0.08333,-0.83527,0.06165,0.11632,-0.02857,-0.07133,spy_options_2016.parquet,2446417
SPY,2016-07-20,2016-07-20T16:00:00-04:00,217.09,2016-08-05,16.0,0.043835616438356165,221.5,call,0.26,0.27,0.27,,,0.08377,0.13453,0.05536,0.10167,-0.02528,0.01316,spy_options_2016.parquet,2446418
SPY,2016-07-20,2016-07-20T16:00:00-04:00,217.09,2016-08-05,16.0,0.043835616438356165,221.5,put,4.57,4.72,0.0,,,0.08124,-0.87017,0.05261,0.09962,-0.02347,-0.06888,spy_options_2016.parquet,2446418
SPY,2016-07-20,2016-07-20T16:00:00-04:00,217.09,2016-08-05,16.0,0.043835616438356165,222.0,call,0.19,0.21,0.21,,,0.08414,0.10966,0.04781,0.0882,-0.02125,0.01071,spy_options_2016.parquet,2446419
SPY,2016-07-20,2016-07-20T16:00:00-04:00,217.09,2016-08-05,16.0,0.043835616438356165,222.0,put,5.07,5.18,5.06,5,,0.08505,-0.88371,0.0455,0.09133,-0.02283,-0.06753,spy_options_2016.parquet,2446419
SPY,2016-07-20,2016-07-20T16:00:00-04:00,217.09,2016-08-05,16.0,0.043835616438356165,222.5,call,0.16,0.16,0.17,,,0.08501,0.09072,0.04114,0.07663,-0.019,0.009,spy_options_2016.parquet,2446420
SPY,2016-07-20,2016-07-20T16:00:00-04:00,217.09,2016-08-05,16.0,0.043835616438356165,222.5,put,5.5,5.62,5.46,1,,0.08495,-0.90384,0.03763,0.07972,-0.01991,-0.06429,spy_options_2016.parquet,2446420
SPY,2016-07-20,2016-07-20T16:00:00-04:00,217.09,2016-08-05,16.0,0.043835616438356165,223.0,call,0.14,0.16,0.14,426,,0.08768,0.07844,0.03592,0.06889,-0.01787,0.00773,spy_options_2016.parquet,2446421
SPY,2016-07-20,2016-07-20T16:00:00-04:00,217.09,2016-08-05,16.0,0.043835616438356165,223.0,put,5.95,6.14,0.0,,,0.08663,-0.91709,0.03107,0.07148,-0.01828,-0.06014,spy_options_2016.parquet,2446421
SPY,2016-07-20,2016-07-20T16:00:00-04:00,217.09,2016-08-05,16.0,0.043835616438356165,224.0,call,0.09,0.1,0.1,139,,0.08997,0.05363,0.02603,0.05128,-0.01311,0.00528,spy_options_2016.parquet,2446422
SPY,2016-07-20,2016-07-20T16:00:00-04:00,217.09,2016-08-05,16.0,0.043835616438356165,224.0,put,6.89,7.09,0.0,,,0.08941,-0.93648,0.01871,0.0565,-0.01411,-0.05023,spy_options_2016.parquet,2446422
SPY,2016-07-20,2016-07-20T16:00:00-04:00,217.09,2016-08-05,16.0,0.043835616438356165,225.0,call,0.07,0.08,0.08,351,,0.09507,0.04222,0.02003,0.042,-0.01098,0.00463,spy_options_2016.parquet,2446423
SPY,2016-07-20,2016-07-20T16:00:00-04:00,217.09,2016-08-05,16.0,0.043835616438356165,225.0,put,7.88,8.05,7.93,10,,0.09659,-0.94146,0.01296,0.05229,-0.01482,-0.04443,spy_options_2016.parquet,2446423
SPY,2016-07-20,2016-07-20T16:00:00-04:00,217.09,2016-08-05,16.0,0.043835616438356165,227.5,call,0.04,0.05,0.04,35,,0.10916,0.02314,0.01094,0.02619,-0.00831,0.00273,spy_options_2016.parquet,2446424
SPY,2016-07-20,2016-07-20T16:00:00-04:00,217.09,2016-08-05,16.0,0.043835616438356165,227.5,put,10.34,10.56,0.0,,,0.11968,-0.94517,0.00579,0.0493,-0.01732,-0.03657,spy_options_2016.parquet,2446424
SPY,2016-07-20,2016-07-20T16:00:00-04:00,217.09,2016-08-05,16.0,0.043835616438356165,230.0,call,0.03,0.04,0.03,0,,0.11873,0.01314,0.0059,0.01588,-0.00474,0.00147,spy_options_2016.parquet,2446425
SPY,2016-07-20,2016-07-20T16:00:00-04:00,217.09,2016-08-05,16.0,0.043835616438356165,230.0,put,12.83,13.05,0.0,,,0.14412,-0.94583,0.00304,0.04899,-0.02092,-0.03285,spy_options_2016.parquet,2446425
SPY,2016-07-20,2016-07-20T16:00:00-04:00,217.09,2016-08-05,16.0,0.043835616438356165,232.5,call,0.01,0.01,0.0,,,0.13048,0.00751,0.00345,0.00965,-0.0038,0.0005,spy_options_2016.parquet,2446426
SPY,2016-07-20,2016-07-20T16:00:00-04:00,217.09,2016-08-05,16.0,0.043835616438356165,232.5,put,15.33,15.55,0.0,,,0.1705,-0.9438,0.00209,0.04928,-0.02483,-0.03156,spy_options_2016.parquet,2446426
SPY,2016-07-20,2016-07-20T16:00:00-04:00,217.09,2016-08-05,16.0,0.043835616438356165,235.0,call,0.01,0.01,0.01,35,,0.14729,0.00654,0.00264,0.00875,-0.00385,0.00095,spy_options_2016.parquet,2446427
SPY,2016-07-20,2016-07-20T16:00:00-04:00,217.09,2016-08-05,16.0,0.043835616438356165,235.0,put,17.82,18.04,0.0,,,0.19535,-0.94245,0.00111,0.05,-0.02,-0.02956,spy_options_2016.parquet,2446427
SPY,2016-07-20,2016-07-20T16:00:00-04:00,217.09,2016-08-05,16.0,0.043835616438356165,237.5,call,0.01,0.02,0.0,,,0.16531,0.0061,0.00222,0.00819,-0.00345,0.00049,spy_options_2016.parquet,2446428
SPY,2016-07-20,2016-07-20T16:00:00-04:00,217.09,2016-08-05,16.0,0.043835616438356165,237.5,put,20.32,20.54,0.0,,,0.22147,-0.9417,0.00079,0.05073,-0.02035,-0.02941,spy_options_2016.parquet,2446428
SPY,2016-07-20,2016-07-20T16:00:00-04:00,217.09,2016-08-05,16.0,0.043835616438356165,240.0,call,0.0,0.01,0.0,,,0.16304,0.00181,0.00096,0.00368,-0.00142,0.00028,spy_options_2016.parquet,2446429
SPY,2016-07-20,2016-07-20T16:00:00-04:00,217.09,2016-08-05,16.0,0.043835616438356165,240.0,put,22.82,23.03,0.0,,,0.24934,-0.93899,0.00083,0.05122,-0.02537,-0.03063,spy_options_2016.parquet,2446429
SPY,2016-07-20,2016-07-20T16:00:00-04:00,217.09,2016-08-05,16.0,0.043835616438356165,242.5,call,0.0,0.02,0.0,,,0.17827,0.0019,0.00081,0.00267,-0.00154,0.0002,spy_options_2016.parquet,2446430
SPY,2016-07-20,2016-07-20T16:00:00-04:00,217.09,2016-08-05,16.0,0.043835616438356165,242.5,put,25.32,25.54,0.0,,,0.27611,-0.93795,0.0007,0.05283,-0.02568,-0.03094,spy_options_2016.parquet,2446430
SPY,2016-07-20,2016-07-20T16:00:00-04:00,217.09,2016-08-05,16.0,0.043835616438356165,245.0,call,0.0,0.02,0.0,,,0.19273,0.00225,0.00067,0.00312,-0.00152,-6e-05,spy_options_2016.parquet,2446431
SPY,2016-07-20,2016-07-20T16:00:00-04:00,217.09,2016-08-05,16.0,0.043835616438356165,245.0,put,27.81,28.03,0.0,,,0.30038,-0.93616,0.00027,0.05334,-0.01038,-0.02902,spy_options_2016.parquet,2446431
SPY,2016-07-20,2016-07-20T16:00:00-04:00,217.09,2016-08-12,23.0,0.06301369863013699,170.0,call,47.0,47.22,0.0,,,0.34406,0.99752,0.00035,0.00418,-0.00321,0.11133,spy_options_2016.parquet,2446432
SPY,2016-07-20,2016-07-20T16:00:00-04:00,217.09,2016-08-12,23.0,0.06301369863013699,170.0,put,0.01,0.02,0.0,,,0.34613,-0.00304,0.00046,0.00478,-0.00337,-0.00018,spy_options_2016.parquet,2446432
SPY,2016-07-20,2016-07-20T16:00:00-04:00,217.09,2016-08-12,23.0,0.06301369863013699,175.0,call,42.04,42.26,0.0,,,0.35568,0.9916,0.00111,0.01198,-0.00867,0.11337,spy_options_2016.parquet,2446433
SPY,2016-07-20,2016-07-20T16:00:00-04:00,217.09,2016-08-12,23.0,0.06301369863013699,175.0,put,0.02,0.03,0.03,11,,0.32508,-0.00407,0.0007,0.00728,-0.00495,-0.00106,spy_options_2016.parquet,2446433
SPY,2016-07-20,2016-07-20T16:00:00-04:00,217.09,2016-08-12,23.0,0.06301369863013699,180.0,call,37.04,37.23,0.0,,,0.2967,0.99403,0.00103,0.01006,-0.00615,0.11782,spy_options_2016.parquet,2446434
SPY,2016-07-20,2016-07-20T16:00:00-04:00,217.09,2016-08-12,23.0,0.06301369863013699,180.0,put,0.02,0.05,0.04,7,,0.29806,-0.00667,0.00113,0.01041,-0.00542,-0.00059,spy_options_2016.parquet,2446434
SPY,2016-07-20,2016-07-20T16:00:00-04:00,217.09,2016-08-12,23.0,0.06301369863013699,185.0,call,32.07,32.24,0.0,,,0.27651,0.98856,0.00192,0.01614,-0.00863,0.12006,spy_options_2016.parquet,2446435
SPY,2016-07-20,2016-07-20T16:00:00-04:00,217.09,2016-08-12,23.0,0.06301369863013699,185.0,put,0.04,0.04,0.05,11,,0.26706,-0.00844,0.00162,0.01331,-0.00732,-0.00144,spy_options_2016.parquet,2446435
SPY,2016-07-20,2016-07-20T16:00:00-04:00,217.09,2016-08-12,23.0,0.06301369863013699,190.0,call,27.09,27.26,27.0,20,,0.24831,0.9838,0.00302,0.02313,-0.01149,0.12278,spy_options_2016.parquet,2446436
SPY,2016-07-20,2016-07-20T16:00:00-04:00,217.09,2016-08-12,23.0,0.06301369863013699,190.0,put,0.06,0.07,0.06,88,,0.23882,-0.01392,0.00258,0.02012,-0.00925,-0.00217,spy_options_2016.parquet,2446436
SPY,2016-07-20,2016-07-20T16:00:00-04:00,217.09,2016-08-12,23.0,0.06301369863013699,194.0,call,23.09,23.28,0.0,,,0.21738,0.97939,0.00412,0.02749,-0.01201,0.12469,spy_options_2016.parquet,2446437
SPY,2016-07-20,2016-07-20T16:00:00-04:00,217.09,2016-08-12,23.0,0.06301369863013699,194.0,put,0.08,0.1,0.12,0,,0.2143,-0.01899,0.00391,0.02612,-0.01078,-0.00258,spy_options_2016.parquet,2446437
SPY,2016-07-20,2016-07-20T16:00:00-04:00,217.09,2016-08-12,23.0,0.06301369863013699,194.5,call,22.6,22.77,0.0,,,0.21373,0.97879,0.0042,0.02839,-0.01224,0.12484,spy_options_2016.parquet,2446438
SPY,2016-07-20,2016-07-20T16:00:00-04:00,217.09,2016-08-12,23.0,0.06301369863013699,194.5,put,0.07,0.09,0.0,,,0.21035,-0.01977,0.00407,0.02662,-0.01149,-0.00309,spy_options_2016.parquet,2446438
SPY,2016-07-20,2016-07-20T16:00:00-04:00,217.09,2016-08-12,23.0,0.06301369863013699,195.0,call,22.09,22.28,0.0,,,0.20873,0.97834,0.00434,0.0285,-0.01153,0.12484,spy_options_2016.parquet,2446439
SPY,2016-07-20,2016-07-20T16:00:00-04:00,217.09,2016-08-12,23.0,0.06301369863013699,195.0,put,0.1,0.1,0.09,30,,0.20955,-0.02139,0.00438,0.02929,-0.01246,-0.00353,spy_options_2016.parquet,2446439
SPY,2016-07-20,2016-07-20T16:00:00-04:00,217.09,2016-08-12,23.0,0.06301369863013699,195.5,call,21.6,21.79,0.0,,,0.20806,0.97628,0.00476,0.03055,-0.01299,0.12543,spy_options_2016.parquet,2446440
SPY,2016-07-20,2016-07-20T16:00:00-04:00,217.09,2016-08-12,23.0,0.06301369863013699,195.5,put,0.09,0.1,0.0,,,0.20559,-0.02211,0.00462,0.02906,-0.01239,-0.00346,spy_options_2016.parquet,2446440
SPY,2016-07-20,2016-07-20T16:00:00-04:00,217.09,2016-08-12,23.0,0.06301369863013699,196.0,call,21.1,21.3,0.0,,,0.20371,0.97604,0.00495,0.03112,-0.01275,0.1256,spy_options_2016.parquet,2446441
SPY,2016-07-20,2016-07-20T16:00:00-04:00,217.09,2016-08-12,23.0,0.06301369863013699,196.0,put,0.1,0.11,0.13,0,,0.20489,-0.02446,0.00493,0.03167,-0.01343,-0.00312,spy_options_2016.parquet,2446441
SPY,2016-07-20,2016-07-20T16:00:00-04:00,217.09,2016-08-12,23.0,0.06301369863013699,196.5,call,20.61,20.78,0.0,,,0.20189,0.9751,0.00523,0.03302,-0.01385,0.12568,spy_options_2016.parquet,2446442
SPY,2016-07-20,2016-07-20T16:00:00-04:00,217.09,2016-08-12,23.0,0.06301369863013699,196.5,put,0.1,0.11,0.1,8,,0.19997,-0.02443,0.00515,0.0328,-0.01341,-0.00326,spy_options_2016.parquet,2446442
SPY,2016-07-20,2016-07-20T16:00:00-04:00,217.09,2016-08-12,23.0,0.06301369863013699,197.0,call,20.11,20.3,0.0,,,0.19855,0.97381,0.00558,0.03427,-0.01371,0.12604,spy_options_2016.parquet,2446443
SPY,2016-07-20,2016-07-20T16:00:00-04:00,217.09,2016-08-12,23.0,0.06301369863013699,197.0,put,0.11,0.11,0.11,1,,0.19877,-0.02633,0.0056,0.03496,-0.01386,-0.00415,spy_options_2016.parquet,2446443
SPY,2016-07-20,2016-07-20T16:00:00-04:00,217.09,2016-08-12,23.0,0.06301369863013699,197.5,call,19.62,19.81,0.0,,,0.19546,0.97193,0.00591,0.03538,-0.01456,0.1255,spy_options_2016.parquet,2446444
SPY,2016-07-20,2016-07-20T16:00:00-04:00,217.09,2016-08-12,23.0,0.06301369863013699,197.5,put,0.11,0.11,0.0,,,0.19413,-0.02757,0.00583,0.03498,-0.01362,-0.00401,spy_options_2016.parquet,2446444
SPY,2016-07-20,2016-07-20T16:00:00-04:00,217.09,2016-08-12,23.0,0.06301369863013699,198.0,call,19.14,19.29,19.33,3,,0.19298,0.97041,0.00626,0.03713,-0.01458,0.12604,spy_options_2016.parquet,2446445
SPY,2016-07-20,2016-07-20T16:00:00-04:00,217.09,2016-08-12,23.0,0.06301369863013699,198.0,put,0.13,0.13,0.13,,,0.19268,-0.02917,0.00624,0.03766,-0.01478,-0.0041,spy_options_2016.parquet,2446445
SPY,2016-07-20,2016-07-20T16:00:00-04:00,217.09,2016-08-12,23.0,0.06301369863013699,198.5,call,18.63,18.82,0.0,,,0.18979,0.96954,0.00662,0.03871,-0.01494,0.12635,spy_options_2016.parquet,2446446
SPY,2016-07-20,2016-07-20T16:00:00-04:00,217.09,2016-08-12,23.0,0.06301369863013699,198.5,put,0.12,0.14,0.0,,,0.18844,-0.02988,0.00651,0.03836,-0.01487,-0.00473,spy_options_2016.parquet,2446446
SPY,2016-07-20,2016-07-20T16:00:00-04:00,217.09,2016-08-12,23.0,0.06301369863013699,199.0,call,18.14,18.31,18.3,5,,0.18783,0.96628,0.00714,0.04114,-0.01545,0.12637,spy_options_2016.parquet,2446447
SPY,2016-07-20,2016-07-20T16:00:00-04:00,217.09,2016-08-12,23.0,0.06301369863013699,199.0,put,0.12,0.15,0.13,3,,0.18663,-0.03231,0.00699,0.0405,-0.01549,-0.0049,spy_options_2016.parquet,2446447
SPY,2016-07-20,2016-07-20T16:00:00-04:00,217.09,2016-08-12,23.0,0.06301369863013699,199.5,call,17.65,17.83,0.0,,,0.18562,0.96474,0.00765,0.04329,-0.01627,0.12587,spy_options_2016.parquet,2446448
SPY,2016-07-20,2016-07-20T16:00:00-04:00,217.09,2016-08-12,23.0,0.06301369863013699,199.5,put,0.13,0.14,0.14,100,,0.18228,-0.03378,0.0073,0.0417,-0.01577,-0.00447,spy_options_2016.parquet,2446448
SPY,2016-07-20,2016-07-20T16:00:00-04:00,217.09,2016-08-12,23.0,0.06301369863013699,200.0,call,17.15,17.33,17.51,10,,0.18306,0.96139,0.00818,0.04614,-0.01692,0.12549,spy_options_2016.parquet,2446449
SPY,2016-07-20,2016-07-20T16:00:00-04:00,217.09,2016-08-12,23.0,0.06301369863013699,200.0,put,0.15,0.15,0.15,91,,0.17974,-0.03579,0.00787,0.0445,-0.01619,-0.00512,spy_options_2016.parquet,2446449
SPY,2016-07-20,2016-07-20T16:00:00-04:00,217.09,2016-08-12,23.0,0.06301369863013699,200.5,call,16.68,16.84,0.0,,,0.17913,0.95984,0.00862,0.04747,-0.01743,0.12574,spy_options_2016.parquet,2446450
SPY,2016-07-20,2016-07-20T16:00:00-04:00,217.09,2016-08-12,23.0,0.06301369863013699,200.5,put,0.15,0.16,0.23,0,,0.17734,-0.03891,0.00843,0.04682,-0.01707,-0.00579,spy_options_2016.parquet,2446450
SPY,2016-07-20,2016-07-20T16:00:00-04:00,217.09,2016-08-12,23.0,0.06301369863013699,201.0,call,16.17,16.35,0.0,,,0.1762,0.95792,0.00916,0.05004,-0.01776,0.12554,spy_options_2016.parquet,2446451
SPY,2016-07-20,2016-07-20T16:00:00-04:00,217.09,2016-08-12,23.0,0.06301369863013699,201.0,put,0.16,0.17,0.16,5,,0.17553,-0.04089,0.00901,0.04952,-0.01704,-0.00562,spy_options_2016.parquet,2446451
SPY,2016-07-20,2016-07-20T16:00:00-04:00,217.09,2016-08-12,23.0,0.06301369863013699,201.5,call,15.68,15.85,0.0,,,0.17304,0.95522,0.00973,0.05223,-0.0189,0.12544,spy_options_2016.parquet,2446452
SPY,2016-07-20,2016-07-20T16:00:00-04:00,217.09,2016-08-12,23.0,0.06301369863013699,201.5,put,0.17,0.18,0.17,5,,0.1727,-0.04341,0.00971,0.05172,-0.0185,-0.00618,spy_options_2016.parquet,2446452
SPY,2016-07-20,2016-07-20T16:00:00-04:00,217.09,2016-08-12,23.0,0.06301369863013699,202.0,call,15.24,15.37,0.0,,,0.17488,0.94901,0.0109,0.05848,-0.02102,0.12498,spy_options_2016.parquet,2446453
SPY,2016-07-20,2016-07-20T16:00:00-04:00,217.09,2016-08-12,23.0,0.06301369863013699,202.0,put,0.17,0.19,0.19,6,,0.17006,-0.04678,0.01035,0.05431,-0.01905,-0.00646,spy_options_2016.parquet,2446453
SPY,2016-07-20,2016-07-20T16:00:00-04:00,217.09,2016-08-12,23.0,0.06301369863013699,202.5,call,14.72,14.89,0.0,,,0.16954,0.94781,0.01132,0.05891,-0.02077,0.12587,spy_options_2016.parquet,2446454
SPY,2016-07-20,2016-07-20T16:00:00-04:00,217.09,2016-08-12,23.0,0.06301369863013699,202.5,put,0.19,0.2,0.21,25,,0.16725,-0.04925,0.01102,0.05792,-0.01957,-0.00679,spy_options_2016.parquet,2446454
SPY,2016-07-20,2016-07-20T16:00:00-04:00,217.09,2016-08-12,23.0,0.06301369863013699,203.0,call,14.26,14.38,13.36,0,,0.16664,0.94421,0.01208,0.06235,-0.02129,0.12546,spy_options_2016.parquet,2446455
SPY,2016-07-20,2016-07-20T16:00:00-04:00,217.09,2016-08-12,23.0,0.06301369863013699,203.0,put,0.19,0.22,0.22,11,,0.16375,-0.05268,0.0118,0.06034,-0.01957,-0.0073,spy_options_2016.parquet,2446455
SPY,2016-07-20,2016-07-20T16:00:00-04:00,217.09,2016-08-12,23.0,0.06301369863013699,203.5,call,13.75,13.91,0.0,,,0.16357,0.9411,0.01289,0.0653,-0.02169,0.12562,spy_options_2016.parquet,2446456
SPY,2016-07-20,2016-07-20T16:00:00-04:00,217.09,2016-08-12,23.0,0.06301369863013699,203.5,put,0.21,0.22,0.24,2,,0.16076,-0.0558,0.01256,0.06257,-0.02016,-0.00842,spy_options_2016.parquet,2446456
SPY,2016-07-20,2016-07-20T16:00:00-04:00,217.09,2016-08-12,23.0,0.06301369863013699,204.0,call,13.28,13.39,13.51,11,,0.16046,0.93777,0.01372,0.0679,-0.02202,0.1251,spy_options_2016.parquet,2446457
SPY,2016-07-20,2016-07-20T16:00:00-04:00,217.09,2016-08-12,23.0,0.06301369863013699,204.0,put,0.22,0.24,0.25,11,,0.15746,-0.05942,0.01355,0.0666,-0.02125,-0.00828,spy_options_2016.parquet,2446457
SPY,2016-07-20,2016-07-20T16:00:00-04:00,217.09,2016-08-12,23.0,0.06301369863013699,204.5,call,12.8,12.93,0.0,,,0.15877,0.93186,0.01489,0.07318,-0.02353,0.12451,spy_options_2016.parquet,2446458
SPY,2016-07-20,2016-07-20T16:00:00-04:00,217.09,2016-08-12,23.0,0.06301369863013699,204.5,put,0.24,0.26,0.26,3,,0.15558,-0.0651,0.01459,0.07075,-0.02305,-0.00954,spy_options_2016.parquet,2446458
SPY,2016-07-20,2016-07-20T16:00:00-04:00,217.09,2016-08-12,23.0,0.06301369863013699,205.0,call,12.31,12.45,11.76,2,,0.15642,0.92635,0.01598,0.07778,-0.02513,0.1241,spy_options_2016.parquet,2446459
SPY,2016-07-20,2016-07-20T16:00:00-04:00,217.09,2016-08-12,23.0,0.06301369863013699,205.0,put,0.26,0.28,0.25,106,,0.15329,-0.06938,0.01566,0.07477,-0.02322,-0.01046,spy_options_2016.parquet,2446459
SPY,2016-07-20,2016-07-20T16:00:00-04:00,217.09,2016-08-12,23.0,0.06301369863013699,205.5,call,11.85,11.96,11.27,2,,0.15477,0.91974,0.01729,0.08253,-0.02623,0.12361,spy_options_2016.parquet,2446460
SPY,2016-07-20,2016-07-20T16:00:00-04:00,217.09,2016-08-12,23.0,0.06301369863013699,205.5,put,0.28,0.29,0.28,203,,0.15096,-0.07443,0.01686,0.0792,-0.0248,-0.0109,spy_options_2016.parquet,2446460
SPY,2016-07-20,2016-07-20T16:00:00-04:00,217.09,2016-08-12,23.0,0.06301369863013699,206.0,call,11.35,11.48,11.47,10,,0.14989,0.91639,0.01835,0.08571,-0.02634,0.12277,spy_options_2016.parquet,2446461
SPY,2016-07-20,2016-07-20T16:00:00-04:00,217.09,2016-08-12,23.0,0.06301369863013699,206.0,put,0.3,0.31,0.31,15,,0.14836,-0.08,0.01813,0.08347,-0.02496,-0.0119,spy_options_2016.parquet,2446461
SPY,2016-07-20,2016-07-20T16:00:00-04:00,217.09,2016-08-12,23.0,0.06301369863013699,206.5,call,10.88,11.03,0.0,,,0.14905,0.90811,0.01992,0.09147,-0.02809,0.12237,spy_options_2016.parquet,2446462
SPY,2016-07-20,2016-07-20T16:00:00-04:00,217.09,2016-08-12,23.0,0.06301369863013699,206.5,put,0.31,0.33,0.36,3,,0.14472,-0.08579,0.01946,0.0876,-0.02586,-0.0121,spy_options_2016.parquet,2446462
SPY,2016-07-20,2016-07-20T16:00:00-04:00,217.09,2016-08-12,23.0,0.06301369863013699,207.0,call,10.39,10.53,10.62,4,,0.14489,0.9034,0.02124,0.09477,-0.02875,0.12182,spy_options_2016.parquet,2446463
SPY,2016-07-20,2016-07-20T16:00:00-04:00,217.09,2016-08-12,23.0,0.06301369863013699,207.0,put,0.34,0.37,0.37,717,,0.14228,-0.09306,0.02098,0.09284,-0.02707,-0.01298,spy_options_2016.parquet,2446463
SPY,2016-07-20,2016-07-20T16:00:00-04:00,217.09,2016-08-12,23.0,0.06301369863013699,207.5,call,9.94,10.04,10.14,1,,0.14254,0.89588,0.02288,0.10045,-0.02938,0.12092,spy_options_2016.parquet,2446464
SPY,2016-07-20,2016-07-20T16:00:00-04:00,217.09,2016-08-12,23.0,0.06301369863013699,207.5,put,0.38,0.39,0.56,0,,0.13993,-0.10153,0.02269,0.09928,-0.02863,-0.0145,spy_options_2016.parquet,2446464
SPY,2016-07-20,2016-07-20T16:00:00-04:00,217.09,2016-08-12,23.0,0.06301369863013699,208.0,call,9.47,9.56,8.6,0,,0.13891,0.88895,0.02459,0.10578,-0.0304,0.12029,spy_options_2016.parquet,2446465
SPY,2016-07-20,2016-07-20T16:00:00-04:00,217.09,2016-08-12,23.0,0.06301369863013699,208.0,put,0.4,0.42,0.43,45,,0.13793,-0.10929,0.02447,0.10437,-0.02964,-0.01548,spy_options_2016.parquet,2446465
SPY,2016-07-20,2016-07-20T16:00:00-04:00,217.09,2016-08-12,23.0,0.06301369863013699,208.5,call,8.98,9.13,8.48,5,,0.13707,0.87891,0.02645,0.11183,-0.03211,0.11975,spy_options_2016.parquet,2446466
SPY,2016-07-20,2016-07-20T16:00:00-04:00,217.09,2016-08-12,23.0,0.06301369863013699,208.5,put,0.44,0.45,0.68,0,,0.13534,-0.11829,0.02636,0.11076,-0.03111,-0.01701,spy_options_2016.parquet,2446466
SPY,2016-07-20,2016-07-20T16:00:00-04:00,217.09,2016-08-12,23.0,0.06301369863013699,209.0,call,8.54,8.62,8.73,10,,0.13428,0.86969,0.02843,0.11824,-0.03284,0.11836,spy_options_2016.parquet,2446467
SPY,2016-07-20,2016-07-20T16:00:00-04:00,217.09,2016-08-12,23.0,0.06301369863013699,209.0,put,0.46,0.49,0.48,,,0.13278,-0.12792,0.02845,0.11692,-0.03239,-0.01842,spy_options_2016.parquet,2446467
SPY,2016-07-20,2016-07-20T16:00:00-04:00,217.09,2016-08-12,23.0,0.06301369863013699,209.5,call,8.07,8.2,0.0,,,0.13206,0.85639,0.0307,0.12617,-0.03449,0.11677,spy_options_2016.parquet,2446468
SPY,2016-07-20,2016-07-20T16:00:00-04:00,217.09,2016-08-12,23.0,0.06301369863013699,209.5,put,0.52,0.52,0.52,26,,0.13025,-0.13943,0.03067,0.12341,-0.03375,-0.01976,spy_options_2016.parquet,2446468
SPY,2016-07-20,2016-07-20T16:00:00-04:00,217.09,2016-08-12,23.0,0.06301369863013699,210.0,call,7.63,7.72,7.7,66,,0.12892,0.84585,0.03301,0.13167,-0.0353,0.11572,spy_options_2016.parquet,2446469
SPY,2016-07-20,2016-07-20T16:00:00-04:00,217.09,2016-08-12,23.0,0.06301369863013699,210.0,put,0.56,0.57,0.57,588,,0.12816,-0.15161,0.03301,0.13177,-0.03481,-0.02196,spy_options_2016.parquet,2446469
SPY,2016-07-20,2016-07-20T16:00:00-04:00,217.09,2016-08-12,23.0,0.06301369863013699,210.5,call,7.19,7.25,7.45,2,,0.12684,0.83311,0.03553,0.13879,-0.03655,0.11382,spy_options_2016.parquet,2446470
SPY,2016-07-20,2016-07-20T16:00:00-04:00,217.09,2016-08-12,23.0,0.06301369863013699,210.5,put,0.62,0.63,0.6,370,,0.12564,-0.16509,0.03549,0.13856,-0.03581,-0.02369,spy_options_2016.parquet,2446470
SPY,2016-07-20,2016-07-20T16:00:00-04:00,217.09,2016-08-12,23.0,0.06301369863013699,211.0,call,6.74,6.82,6.85,23,,0.12431,0.8185,0.03818,0.14615,-0.03764,0.11271,spy_options_2016.parquet,2446471
SPY,2016-07-20,2016-07-20T16:00:00-04:00,217.09,2016-08-12,23.0,0.06301369863013699,211.0,put,0.66,0.69,0.66,61,,0.12279,-0.17899,0.03826,0.1456,-0.03712,-0.02592,spy_options_2016.parquet,2446471
SPY,2016-07-20,2016-07-20T16:00:00-04:00,217.09,2016-08-12,23.0,0.06301369863013699,211.5,call,6.32,6.39,6.32,4,,0.12214,0.80256,0.04092,0.15442,-0.03904,0.11054,spy_options_2016.parquet,2446472
SPY,2016-07-20,2016-07-20T16:00:00-04:00,217.09,2016-08-12,23.0,0.06301369863013699,211.5,put,0.73,0.73,0.73,176,,0.12004,-0.19519,0.04108,0.15375,-0.03859,-0.02844,spy_options_2016.parquet,2446472
SPY,2016-07-20,2016-07-20T16:00:00-04:00,217.09,2016-08-12,23.0,0.06301369863013699,212.0,call,5.89,5.94,6.09,306,,0.11922,0.78621,0.04392,0.16213,-0.04049,0.10863,spy_options_2016.parquet,2446473
SPY,2016-07-20,2016-07-20T16:00:00-04:00,217.09,2016-08-12,23.0,0.06301369863013699,212.0,put,0.79,0.81,0.78,200,,0.11805,-0.21179,0.04417,0.16182,-0.03945,-0.03078,spy_options_2016.parquet,2446473
SPY,2016-07-20,2016-07-20T16:00:00-04:00,217.09,2016-08-12,23.0,0.06301369863013699,212.5,call,5.46,5.52,5.56,6,,0.11682,0.76688,0.04706,0.17002,-0.0416,0.10581,spy_options_2016.parquet,2446474
SPY,2016-07-20,2016-07-20T16:00:00-04:00,217.09,2016-08-12,23.0,0.06301369863013699,212.5,put,0.86,0.88,0.85,90,,0.11508,-0.2303,0.04739,0.16889,-0.04074,-0.03297,spy_options_2016.parquet,2446474
SPY,2016-07-20,2016-07-20T16:00:00-04:00,217.09,2016-08-12,23.0,0.06301369863013699,213.0,call,5.05,5.11,5.22,195,,0.11423,0.74655,0.05029,0.17867,-0.04277,0.10263,spy_options_2016.parquet,2446475
SPY,2016-07-20,2016-07-20T16:00:00-04:00,217.09,2016-08-12,23.0,0.06301369863013699,213.0,put,0.95,0.98,0.93,735,,0.11278,-0.25178,0.05056,0.17756,-0.04202,-0.03664,spy_options_2016.parquet,2446475
SPY,2016-07-20,2016-07-20T16:00:00-04:00,217.09,2016-08-12,23.0,0.06301369863013699,213.5,call,4.64,4.69,4.74,342,,0.11198,0.72427,0.05366,0.18555,-0.04355,0.1006,spy_options_2016.parquet,2446476
SPY,2016-07-20,2016-07-20T16:00:00-04:00,217.09,2016-08-12,23.0,0.06301369863013699,213.5,put,1.04,1.06,1.02,364,,0.11052,-0.27309,0.05406,0.18588,-0.0425,-0.03937,spy_options_2016.parquet,2446476
SPY,2016-07-20,2016-07-20T16:00:00-04:00,217.09,2016-08-12,23.0,0.06301369863013699,214.0,call,4.24,4.3,4.41,322,,0.11004,0.6995,0.05694,0.19374,-0.04475,0.09649,spy_options_2016.parquet,2446477
SPY,2016-07-20,2016-07-20T16:00:00-04:00,217.09,2016-08-12,23.0,0.06301369863013699,214.0,put,1.14,1.17,1.14,839,,0.10842,-0.29748,0.05758,0.19318,-0.04425,-0.04235,spy_options_2016.parquet,2446477
SPY,2016-07-20,2016-07-20T16:00:00-04:00,217.09,2016-08-12,23.0,0.06301369863013699,214.5,call,3.87,3.9,3.91,50,,0.10683,0.6737,0.06034,0.20048,-0.04556,0.09307,spy_options_2016.parquet,2446478
SPY,2016-07-20,2016-07-20T16:00:00-04:00,217.09,2016-08-12,23.0,0.06301369863013699,214.5,put,1.24,1.28,1.25,,,0.10549,-0.32464,0.06098,0.19995,-0.04437,-0.04659,spy_options_2016.parquet,2446478
SPY,2016-07-20,2016-07-20T16:00:00-04:00,217.09,2016-08-12,23.0,0.06301369863013699,215.0,call,3.49,3.54,3.6,73,,0.10475,0.64536,0.06369,0.20756,-0.04609,0.0897,spy_options_2016.parquet,2446479
SPY,2016-07-20,2016-07-20T16:00:00-04:00,217.09,2016-08-12,23.0,0.06301369863013699,215.0,put,1.39,1.41,1.38,,,0.10402,-0.35328,0.06424,0.20705,-0.04541,-0.05029,spy_options_2016.parquet,2446479
SPY,2016-07-20,2016-07-20T16:00:00-04:00,217.09,2016-08-12,23.0,0.06301369863013699,215.5,call,3.13,3.17,3.15,392,,0.10236,0.61552,0.06705,0.21246,-0.04589,0.08578,spy_options_2016.parquet,2446480
SPY,2016-07-20,2016-07-20T16:00:00-04:00,217.09,2016-08-12,23.0,0.06301369863013699,215.5,put,1.53,1.55,1.52,,,0.10177,-0.38401,0.06756,0.2131,-0.04512,-0.05494,spy_options_2016.parquet,2446480
SPY,2016-07-20,2016-07-20T16:00:00-04:00,217.09,2016-08-12,23.0,0.06301369863013699,216.0,call,2.8,2.82,2.86,208,,0.10048,0.58289,0.06993,0.21724,-0.04578,0.08164,spy_options_2016.parquet,2446481
SPY,2016-07-20,2016-07-20T16:00:00-04:00,217.09,2016-08-12,23.0,0.06301369863013699,216.0,put,1.7,1.71,1.66,,,0.09905,-0.41673,0.07048,0.21676,-0.04563,-0.05923,spy_options_2016.parquet,2446481
SPY,2016-07-20,2016-07-20T16:00:00-04:00,217.09,2016-08-12,23.0,0.06301369863013699,216.5,call,2.48,2.5,2.56,114,,0.09816,0.54854,0.07245,0.22089,-0.0459,0.07676,spy_options_2016.parquet,2446482
SPY,2016-07-20,2016-07-20T16:00:00-04:00,217.09,2016-08-12,23.0,0.06301369863013699,216.5,put,1.86,1.88,1.81,421,,0.09666,-0.45096,0.07321,0.21998,-0.04512,-0.06423,spy_options_2016.parquet,2446482
SPY,2016-07-20,2016-07-20T16:00:00-04:00,217.09,2016-08-12,23.0,0.06301369863013699,217.0,call,2.16,2.18,2.19,867,,0.09554,0.5121,0.07491,0.22155,-0.04474,0.07178,spy_options_2016.parquet,2446483
SPY,2016-07-20,2016-07-20T16:00:00-04:00,217.09,2016-08-12,23.0,0.06301369863013699,217.0,put,2.05,2.06,2.04,,,0.09491,-0.48767,0.07538,0.22207,-0.04403,-0.06897,spy_options_2016.parquet,2446483
SPY,2016-07-20,2016-07-20T16:00:00-04:00,217.09,2016-08-12,23.0,0.06301369863013699,217.5,call,1.87,1.89,1.93,318,,0.0938,0.47302,0.07649,0.22117,-0.04369,0.06595,spy_options_2016.parquet,2446484
SPY,2016-07-20,2016-07-20T16:00:00-04:00,217.09,2016-08-12,23.0,0.06301369863013699,217.5,put,2.25,2.28,2.22,401,,0.09299,-0.52639,0.07725,0.22117,-0.04342,-0.07439,spy_options_2016.parquet,2446484
SPY,2016-07-20,2016-07-20T16:00:00-04:00,217.09,2016-08-12,23.0,0.06301369863013699,218.0,call,1.6,1.63,1.6,745,,0.09193,0.43404,0.07723,0.21846,-0.04177,0.06135,spy_options_2016.parquet,2446485
SPY,2016-07-20,2016-07-20T16:00:00-04:00,217.09,2016-08-12,23.0,0.06301369863013699,218.0,put,2.48,2.51,2.42,384,,0.08983,-0.56724,0.07821,0.21848,-0.04105,-0.07935,spy_options_2016.parquet,2446485
SPY,2016-07-20,2016-07-20T16:00:00-04:00,217.09,2016-08-12,23.0,0.06301369863013699,218.5,call,1.35,1.37,1.41,533,,0.0888,0.39266,0.07752,0.21417,-0.03988,0.05555,spy_options_2016.parquet,2446486
SPY,2016-07-20,2016-07-20T16:00:00-04:00,217.09,2016-08-12,23.0,0.06301369863013699,218.5,put,2.74,2.75,2.75,148,,0.08779,-0.60864,0.07831,0.21377,-0.03989,-0.08435,spy_options_2016.parquet,2446486
SPY,2016-07-20,2016-07-20T16:00:00-04:00,217.09,2016-08-12,23.0,0.06301369863013699,219.0,call,1.13,1.16,1.18,660,,0.08723,0.35225,0.07641,0.20623,-0.03816,0.04974,spy_options_2016.parquet,2446487
SPY,2016-07-20,2016-07-20T16:00:00-04:00,217.09,2016-08-12,23.0,0.06301369863013699,219.0,put,3.0,3.04,2.93,45,,0.086,-0.65037,0.07727,0.20593,-0.03765,-0.08865,spy_options_2016.parquet,2446487
SPY,2016-07-20,2016-07-20T16:00:00-04:00,217.09,2016-08-12,23.0,0.06301369863013699,219.5,call,0.94,0.96,0.98,674,,0.08552,0.31246,0.07394,0.1973,-0.0354,0.04363,spy_options_2016.parquet,2446488
SPY,2016-07-20,2016-07-20T16:00:00-04:00,217.09,2016-08-12,23.0,0.06301369863013699,219.5,put,3.31,3.35,3.21,171,,0.08421,-0.69055,0.07472,0.19636,-0.03458,-0.09339,spy_options_2016.parquet,2446488
SPY,2016-07-20,2016-07-20T16:00:00-04:00,217.09,2016-08-12,23.0,0.06301369863013699,220.0,call,0.75,0.78,0.76,,,0.08438,0.27238,0.0708,0.18445,-0.03296,0.03883,spy_options_2016.parquet,2446489
SPY,2016-07-20,2016-07-20T16:00:00-04:00,217.09,2016-08-12,23.0,0.06301369863013699,220.0,put,3.63,3.68,3.57,259,,0.08337,-0.73024,0.07111,0.1845,-0.03181,-0.09681,spy_options_2016.parquet,2446489
SPY,2016-07-20,2016-07-20T16:00:00-04:00,217.09,2016-08-12,23.0,0.06301369863013699,220.5,call,0.63,0.64,0.68,263,,0.08267,0.23554,0.06657,0.17084,-0.02979,0.03298,spy_options_2016.parquet,2446490
SPY,2016-07-20,2016-07-20T16:00:00-04:00,217.09,2016-08-12,23.0,0.06301369863013699,220.5,put,4.0,4.04,4.86,0,,0.0814,-0.7679,0.06653,0.17,-0.02927,-0.09952,spy_options_2016.parquet,2446490
SPY,2016-07-20,2016-07-20T16:00:00-04:00,217.09,2016-08-12,23.0,0.06301369863013699,221.0,call,0.49,0.52,0.51,,,0.0817,0.2012,0.06149,0.15664,-0.02737,0.02825,spy_options_2016.parquet,2446491
SPY,2016-07-20,2016-07-20T16:00:00-04:00,217.09,2016-08-12,23.0,0.06301369863013699,221.0,put,4.36,4.43,4.43,1,,0.0805,-0.80179,0.06095,0.1551,-0.02581,-0.10067,spy_options_2016.parquet,2446491
SPY,2016-07-20,2016-07-20T16:00:00-04:00,217.09,2016-08-12,23.0,0.06301369863013699,221.5,call,0.39,0.43,0.43,450,,0.08159,0.17078,0.05592,0.14121,-0.02425,0.02451,spy_options_2016.parquet,2446492
SPY,2016-07-20,2016-07-20T16:00:00-04:00,217.09,2016-08-12,23.0,0.06301369863013699,221.5,put,4.73,4.84,0.0,,,0.07916,-0.8338,0.05481,0.1392,-0.02316,-0.10064,spy_options_2016.parquet,2446492
SPY,2016-07-20,2016-07-20T16:00:00-04:00,217.09,2016-08-12,23.0,0.06301369863013699,222.0,call,0.34,0.33,0.35,611,,0.08148,0.14494,0.05014,0.12727,-0.02177,0.02014,spy_options_2016.parquet,2446493
SPY,2016-07-20,2016-07-20T16:00:00-04:00,217.09,2016-08-12,23.0,0.06301369863013699,222.0,put,5.2,5.26,5.21,142,,0.08041,-0.85516,0.0485,0.12703,-0.02153,-0.09976,spy_options_2016.parquet,2446493
SPY,2016-07-20,2016-07-20T16:00:00-04:00,217.09,2016-08-12,23.0,0.06301369863013699,222.5,call,0.27,0.28,0.28,,,0.08125,0.12141,0.04454,0.11218,-0.01938,0.01747,spy_options_2016.parquet,2446494
SPY,2016-07-20,2016-07-20T16:00:00-04:00,217.09,2016-08-12,23.0,0.06301369863013699,222.5,put,5.59,5.73,0.0,,,0.08006,-0.87941,0.04199,0.11249,-0.01844,-0.09652,spy_options_2016.parquet,2446494
SPY,2016-07-20,2016-07-20T16:00:00-04:00,217.09,2016-08-12,23.0,0.06301369863013699,223.0,call,0.2,0.23,0.22,118,,0.0819,0.10264,0.03911,0.09939,-0.01668,0.01445,spy_options_2016.parquet,2446495
SPY,2016-07-20,2016-07-20T16:00:00-04:00,217.09,2016-08-12,23.0,0.06301369863013699,223.0,put,6.04,6.18,0.0,,,0.08074,-0.89658,0.0359,0.09957,-0.01636,-0.09271,spy_options_2016.parquet,2446495
SPY,2016-07-20,2016-07-20T16:00:00-04:00,217.09,2016-08-12,23.0,0.06301369863013699,224.0,call,0.15,0.15,0.16,104,,0.08458,0.07497,0.0301,0.07824,-0.01394,0.01063,spy_options_2016.parquet,2446496
SPY,2016-07-20,2016-07-20T16:00:00-04:00,217.09,2016-08-12,23.0,0.06301369863013699,224.0,put,6.94,7.12,0.0,,,0.08117,-0.92464,0.02411,0.07787,-0.01287,-0.07975,spy_options_2016.parquet,2446496
SPY,2016-07-20,2016-07-20T16:00:00-04:00,217.09,2016-08-12,23.0,0.06301369863013699,225.0,call,0.11,0.12,0.12,104,,0.08761,0.05626,0.0233,0.06316,-0.01111,0.00749,spy_options_2016.parquet,2446497
SPY,2016-07-20,2016-07-20T16:00:00-04:00,217.09,2016-08-12,23.0,0.06301369863013699,225.0,put,7.92,8.08,8.44,1,,0.08644,-0.93478,0.01683,0.06939,-0.0126,-0.07126,spy_options_2016.parquet,2446497
SPY,2016-07-20,2016-07-20T16:00:00-04:00,217.09,2016-08-12,23.0,0.06301369863013699,227.5,call,0.06,0.07,0.06,60,,0.09764,0.03092,0.01302,0.03957,-0.00782,0.00392,spy_options_2016.parquet,2446498
SPY,2016-07-20,2016-07-20T16:00:00-04:00,217.09,2016-08-12,23.0,0.06301369863013699,227.5,put,10.38,10.53,0.0,,,0.10141,-0.9454,0.00642,0.05892,-0.01251,-0.05203,spy_options_2016.parquet,2446498
SPY,2016-07-20,2016-07-20T16:00:00-04:00,217.09,2016-08-12,23.0,0.06301369863013699,230.0,call,0.04,0.05,0.03,40,,0.10502,0.01647,0.00704,0.0227,-0.00493,0.00191,spy_options_2016.parquet,2446499
SPY,2016-07-20,2016-07-20T16:00:00-04:00,217.09,2016-08-12,23.0,0.06301369863013699,230.0,put,12.83,13.03,12.9,4,,0.12088,-0.94578,0.00257,0.05713,-0.01427,-0.04347,spy_options_2016.parquet,2446499
SPY,2016-07-20,2016-07-20T16:00:00-04:00,217.09,2016-08-12,23.0,0.06301369863013699,232.5,call,0.03,0.02,0.03,100,,0.11618,0.01111,0.00458,0.01685,-0.00403,0.00159,spy_options_2016.parquet,2446500
SPY,2016-07-20,2016-07-20T16:00:00-04:00,217.09,2016-08-12,23.0,0.06301369863013699,232.5,put,15.3,15.52,0.0,,,0.13942,-0.94505,0.0004,0.05744,-0.00485,-0.0374,spy_options_2016.parquet,2446500
SPY,2016-07-20,2016-07-20T16:00:00-04:00,217.09,2016-08-12,23.0,0.06301369863013699,235.0,call,0.0,0.01,0.02,0,,0.12396,0.00707,0.00264,0.01074,-0.00287,0.0009,spy_options_2016.parquet,2446501
SPY,2016-07-20,2016-07-20T16:00:00-04:00,217.09,2016-08-12,23.0,0.06301369863013699,235.0,put,17.8,18.02,0.0,,,0.16212,-0.94321,0.00037,0.05839,-0.00544,-0.03795,spy_options_2016.parquet,2446501
SPY,2016-07-20,2016-07-20T16:00:00-04:00,217.09,2016-08-12,23.0,0.06301369863013699,237.5,call,0.0,0.01,0.0,,,0.1388,0.00587,0.00226,0.00955,-0.00224,0.00118,spy_options_2016.parquet,2446502
SPY,2016-07-20,2016-07-20T16:00:00-04:00,217.09,2016-08-12,23.0,0.06301369863013699,237.5,put,20.32,20.52,0.0,,,0.18426,-0.94157,0.00027,0.05993,-0.00457,-0.03844,spy_options_2016.parquet,2446502
SPY,2016-07-20,2016-07-20T16:00:00-04:00,217.09,2016-08-12,23.0,0.06301369863013699,240.0,call,0.01,0.02,0.0,,,0.15272,0.00516,0.00186,0.00855,-0.00318,0.00065,spy_options_2016.parquet,2446503
SPY,2016-07-20,2016-07-20T16:00:00-04:00,217.09,2016-08-12,23.0,0.06301369863013699,240.0,put,22.81,23.03,0.0,,,0.20648,-0.94005,0.00018,0.06061,-0.0053,-0.03881,spy_options_2016.parquet,2446503
SPY,2016-07-20,2016-07-20T16:00:00-04:00,217.09,2016-08-12,23.0,0.06301369863013699,242.5,call,0.0,0.01,0.0,,,0.14932,0.00225,0.00079,0.00352,-0.00133,0.00035,spy_options_2016.parquet,2446504
SPY,2016-07-20,2016-07-20T16:00:00-04:00,217.09,2016-08-12,23.0,0.06301369863013699,242.5,put,25.31,25.55,0.0,,,0.23171,-0.93756,0.00056,0.06221,-0.02045,-0.04204,spy_options_2016.parquet,2446504
SPY,2016-07-20,2016-07-20T16:00:00-04:00,217.09,2016-08-19,30.0,0.0821917808219178,146.0,call,70.99,71.19,0.0,,,0.0003,1.0,0.0,0.0,0.0,0.12424,spy_options_2016.parquet,2446535
SPY,2016-07-20,2016-07-20T16:00:00-04:00,217.09,2016-08-19,30.0,0.0821917808219178,146.0,put,0.0,0.01,0.0,,,0.43223,-0.00035,7e-05,0.00124,-0.0009,-0.00054,spy_options_2016.parquet,2446535
SPY,2016-07-20,2016-07-20T16:00:00-04:00,217.09,2016-08-19,30.0,0.0821917808219178,147.0,call,69.99,70.21,0.0,,,0.41628,0.99939,8e-05,0.00078,-0.00084,0.12509,spy_options_2016.parquet,2446536
SPY,2016-07-20,2016-07-20T16:00:00-04:00,217.09,2016-08-19,30.0,0.0821917808219178,147.0,put,0.0,0.0,0.0,,,0.42546,-0.00036,0.00012,0.00149,-0.00093,-0.00031,spy_options_2016.parquet,2446536
SPY,2016-07-20,2016-07-20T16:00:00-04:00,217.09,2016-08-19,30.0,0.0821917808219178,148.0,call,68.99,69.2,0.0,,,0.40912,0.99976,0.0001,0.00161,-0.00061,0.12549,spy_options_2016.parquet,2446537
SPY,2016-07-20,2016-07-20T16:00:00-04:00,217.09,2016-08-19,30.0,0.0821917808219178,148.0,put,0.0,0.01,0.01,200,,0.41896,-0.00081,5e-05,0.00193,-0.00056,-0.00059,spy_options_2016.parquet,2446537
SPY,2016-07-20,2016-07-20T16:00:00-04:00,217.09,2016-08-19,30.0,0.0821917808219178,149.0,call,68.01,68.2,0.0,,,0.44967,0.99866,0.00015,0.00331,-0.00197,0.12601,spy_options_2016.parquet,2446538
SPY,2016-07-20,2016-07-20T16:00:00-04:00,217.09,2016-08-19,30.0,0.0821917808219178,149.0,put,0.0,0.02,0.0,,,0.45255,-0.00188,0.00021,0.00368,-0.00256,-0.00035,spy_options_2016.parquet,2446538
SPY,2016-07-20,2016-07-20T16:00:00-04:00,217.09,2016-08-19,30.0,0.0821917808219178,150.0,call,67.01,67.22,0.0,,,0.4742,0.99699,0.00033,0.00613,-0.00421,0.12718,spy_options_2016.parquet,2446539
SPY,2016-07-20,2016-07-20T16:00:00-04:00,217.09,2016-08-19,30.0,0.0821917808219178,150.0,put,0.01,0.03,0.01,0,,0.44525,-0.00228,0.0002,0.00403,-0.00203,-0.00047,spy_options_2016.parquet,2446539
SPY,2016-07-20,2016-07-20T16:00:00-04:00,217.09,2016-08-19,30.0,0.0821917808219178,151.0,call,66.0,66.2,0.0,,,0.41882,0.99897,0.00015,0.00269,-0.00204,0.12745,spy_options_2016.parquet,2446540
SPY,2016-07-20,2016-07-20T16:00:00-04:00,217.09,2016-08-19,30.0,0.0821917808219178,151.0,put,0.01,0.02,0.0,,,0.43843,-0.00178,0.00017,0.00359,-0.0025,-0.00044,spy_options_2016.parquet,2446540
SPY,2016-07-20,2016-07-20T16:00:00-04:00,217.09,2016-08-19,30.0,0.0821917808219178,152.0,call,64.99,65.2,0.0,,,0.38222,0.99949,0.0001,0.00167,-0.0007,0.12884,spy_options_2016.parquet,2446541
SPY,2016-07-20,2016-07-20T16:00:00-04:00,217.09,2016-08-19,30.0,0.0821917808219178,152.0,put,0.0,0.02,0.0,,,0.43086,-0.00226,0.00018,0.00402,-0.00209,-0.00073,spy_options_2016.parquet,2446541
SPY,2016-07-20,2016-07-20T16:00:00-04:00,217.09,2016-08-19,30.0,0.0821917808219178,153.0,call,64.01,64.21,0.0,,,0.40326,0.99859,0.00019,0.00231,-0.00125,0.12947,spy_options_2016.parquet,2446542
SPY,2016-07-20,2016-07-20T16:00:00-04:00,217.09,2016-08-19,30.0,0.0821917808219178,153.0,put,0.01,0.02,0.0,,,0.42379,-0.00202,0.00024,0.00361,-0.00232,0.0,spy_options_2016.parquet,2446542
SPY,2016-07-20,2016-07-20T16:00:00-04:00,217.09,2016-08-19,30.0,0.0821917808219178,154.0,call,62.99,63.21,0.0,,,0.37064,0.99937,0.00013,0.00096,-0.00102,0.13061,spy_options_2016.parquet,2446543
SPY,2016-07-20,2016-07-20T16:00:00-04:00,217.09,2016-08-19,30.0,0.0821917808219178,154.0,put,0.01,0.02,0.0,,,0.4174,-0.0022,0.00022,0.00377,-0.00257,-0.00065,spy_options_2016.parquet,2446543
SPY,2016-07-20,2016-07-20T16:00:00-04:00,217.09,2016-08-19,30.0,0.0821917808219178,155.0,call,62.0,62.2,0.0,,,0.40574,0.99863,0.00021,0.00383,-0.00239,0.13118,spy_options_2016.parquet,2446544
SPY,2016-07-20,2016-07-20T16:00:00-04:00,217.09,2016-08-19,30.0,0.0821917808219178,155.0,put,0.0,0.02,0.02,0,,0.40826,-0.00223,0.00028,0.00368,-0.00283,-0.00085,spy_options_2016.parquet,2446544
SPY,2016-07-20,2016-07-20T16:00:00-04:00,217.09,2016-08-19,30.0,0.0821917808219178,156.0,call,61.0,61.21,0.0,,,0.39912,0.99805,0.00026,0.00353,-0.00211,0.13246,spy_options_2016.parquet,2446545
SPY,2016-07-20,2016-07-20T16:00:00-04:00,217.09,2016-08-19,30.0,0.0821917808219178,156.0,put,0.01,0.02,0.02,0,,0.4026,-0.00163,0.00026,0.00448,-0.0025,0.0,spy_options_2016.parquet,2446545
SPY,2016-07-20,2016-07-20T16:00:00-04:00,217.09,2016-08-19,30.0,0.0821917808219178,157.0,call,60.01,60.21,0.0,,,0.40381,0.99721,0.00028,0.00461,-0.00273,0.13287,spy_options_2016.parquet,2446546
SPY,2016-07-20,2016-07-20T16:00:00-04:00,217.09,2016-08-19,30.0,0.0821917808219178,157.0,put,0.01,0.02,0.0,,,0.39406,-0.0022,0.00026,0.00418,-0.00213,-0.00028,spy_options_2016.parquet,2446546
SPY,2016-07-20,2016-07-20T16:00:00-04:00,217.09,2016-08-19,30.0,0.0821917808219178,158.0,call,59.01,59.21,0.0,,,0.39578,0.99767,0.00029,0.00502,-0.00269,0.1332,spy_options_2016.parquet,2446547
SPY,2016-07-20,2016-07-20T16:00:00-04:00,217.09,2016-08-19,30.0,0.0821917808219178,158.0,put,0.01,0.03,0.0,,,0.38698,-0.0023,0.00023,0.00433,-0.0029,-0.00064,spy_options_2016.parquet,2446547
SPY,2016-07-20,2016-07-20T16:00:00-04:00,217.09,2016-08-19,30.0,0.0821917808219178,159.0,call,58.01,58.21,0.0,,,0.37758,0.99849,0.00026,0.00434,-0.0018,0.13497,spy_options_2016.parquet,2446548
SPY,2016-07-20,2016-07-20T16:00:00-04:00,217.09,2016-08-19,30.0,0.0821917808219178,159.0,put,0.01,0.03,0.02,10,,0.38095,-0.00237,0.00022,0.00423,-0.00211,-0.0005,spy_options_2016.parquet,2446548
SPY,2016-07-20,2016-07-20T16:00:00-04:00,217.09,2016-08-19,30.0,0.0821917808219178,160.0,call,57.01,57.21,0.0,,,0.38124,0.99763,0.00035,0.00527,-0.00319,0.13517,spy_options_2016.parquet,2446549
SPY,2016-07-20,2016-07-20T16:00:00-04:00,217.09,2016-08-19,30.0,0.0821917808219178,160.0,put,0.01,0.02,0.01,4,,0.37424,-0.00247,0.00032,0.00414,-0.00209,-0.00078,spy_options_2016.parquet,2446549
SPY,2016-07-20,2016-07-20T16:00:00-04:00,217.09,2016-08-19,30.0,0.0821917808219178,161.0,call,56.0,56.22,0.0,,,0.36296,0.99784,0.00028,0.00408,-0.0023,0.13593,spy_options_2016.parquet,2446550
SPY,2016-07-20,2016-07-20T16:00:00-04:00,217.09,2016-08-19,30.0,0.0821917808219178,161.0,put,0.01,0.03,0.02,100,,0.3665,-0.00173,0.00035,0.00419,-0.00284,-0.00025,spy_options_2016.parquet,2446550
SPY,2016-07-20,2016-07-20T16:00:00-04:00,217.09,2016-08-19,30.0,0.0821917808219178,162.0,call,55.0,55.23,0.0,,,0.37624,0.99659,0.00037,0.00609,-0.00382,0.13682,spy_options_2016.parquet,2446551
SPY,2016-07-20,2016-07-20T16:00:00-04:00,217.09,2016-08-19,30.0,0.0821917808219178,162.0,put,0.0,0.02,0.02,400,,0.35888,-0.00211,0.00032,0.0039,-0.00282,-0.00044,spy_options_2016.parquet,2446551
SPY,2016-07-20,2016-07-20T16:00:00-04:00,217.09,2016-08-19,30.0,0.0821917808219178,163.0,call,54.01,54.23,0.0,,,0.36921,0.99683,0.00046,0.00645,-0.00363,0.13729,spy_options_2016.parquet,2446552
SPY,2016-07-20,2016-07-20T16:00:00-04:00,217.09,2016-08-19,30.0,0.0821917808219178,163.0,put,0.01,0.02,0.02,260,,0.35252,-0.00175,0.00031,0.00437,-0.00267,-0.00012,spy_options_2016.parquet,2446552
SPY,2016-07-20,2016-07-20T16:00:00-04:00,217.09,2016-08-19,30.0,0.0821917808219178,164.0,call,53.01,53.22,0.0,,,0.36952,0.99631,0.00049,0.00704,-0.00454,0.13865,spy_options_2016.parquet,2446553
SPY,2016-07-20,2016-07-20T16:00:00-04:00,217.09,2016-08-19,30.0,0.0821917808219178,164.0,put,0.01,0.02,0.0,,,0.3459,-0.00223,0.00032,0.00477,-0.00224,-7e-05,spy_options_2016.parquet,2446553
SPY,2016-07-20,2016-07-20T16:00:00-04:00,217.09,2016-08-19,30.0,0.0821917808219178,165.0,call,52.02,52.22,0.0,,,0.3618,0.99616,0.0005,0.00737,-0.00397,0.13901,spy_options_2016.parquet,2446554
SPY,2016-07-20,2016-07-20T16:00:00-04:00,217.09,2016-08-19,30.0,0.0821917808219178,165.0,put,0.02,0.04,0.03,0,,0.35649,-0.00342,0.00051,0.00688,-0.00355,-0.00034,spy_options_2016.parquet,2446554
SPY,2016-07-20,2016-07-20T16:00:00-04:00,217.09,2016-08-19,30.0,0.0821917808219178,166.0,call,51.01,51.22,0.0,,,0.34763,0.99688,0.00048,0.00677,-0.00357,0.14041,spy_options_2016.parquet,2446555
SPY,2016-07-20,2016-07-20T16:00:00-04:00,217.09,2016-08-19,30.0,0.0821917808219178,166.0,put,0.02,0.03,0.03,,,0.34884,-0.00384,0.00052,0.00688,-0.00368,-0.00098,spy_options_2016.parquet,2446555
SPY,2016-07-20,2016-07-20T16:00:00-04:00,217.09,2016-08-19,30.0,0.0821917808219178,167.0,call,50.02,50.23,0.0,,,0.35322,0.99583,0.00062,0.00843,-0.00439,0.14068,spy_options_2016.parquet,2446556
SPY,2016-07-20,2016-07-20T16:00:00-04:00,217.09,2016-08-19,30.0,0.0821917808219178,167.0,put,0.01,0.03,0.03,,,0.34256,-0.00363,0.00047,0.00705,-0.00367,-0.00096,spy_options_2016.parquet,2446556
SPY,2016-07-20,2016-07-20T16:00:00-04:00,217.09,2016-08-19,30.0,0.0821917808219178,168.0,call,49.03,49.23,0.0,,,0.34604,0.99556,0.00059,0.00863,-0.00522,0.14145,spy_options_2016.parquet,2446557
SPY,2016-07-20,2016-07-20T16:00:00-04:00,217.09,2016-08-19,30.0,0.0821917808219178,168.0,put,0.02,0.03,0.04,0,,0.33573,-0.00338,0.00054,0.00752,-0.0041,-0.00033,spy_options_2016.parquet,2446557
SPY,2016-07-20,2016-07-20T16:00:00-04:00,217.09,2016-08-19,30.0,0.0821917808219178,169.0,call,48.03,48.23,0.0,,,0.33902,0.99562,0.0006,0.0085,-0.0043,0.14246,spy_options_2016.parquet,2446558
SPY,2016-07-20,2016-07-20T16:00:00-04:00,217.09,2016-08-19,30.0,0.0821917808219178,169.0,put,0.01,0.04,0.0,,,0.3282,-0.00415,0.00059,0.00687,-0.00364,-0.00092,spy_options_2016.parquet,2446558
SPY,2016-07-20,2016-07-20T16:00:00-04:00,217.09,2016-08-19,30.0,0.0821917808219178,170.0,call,47.03,47.22,0.0,,,0.33167,0.99524,0.00064,0.00929,-0.00511,0.14317,spy_options_2016.parquet,2446559
SPY,2016-07-20,2016-07-20T16:00:00-04:00,217.09,2016-08-19,30.0,0.0821917808219178,170.0,put,0.02,0.03,0.03,10,,0.32073,-0.0036,0.00058,0.00781,-0.00348,-0.00054,spy_options_2016.parquet,2446559
SPY,2016-07-20,2016-07-20T16:00:00-04:00,217.09,2016-08-19,30.0,0.0821917808219178,170.5,call,46.57,46.74,0.0,,,0.35007,0.99264,0.00097,0.01348,-0.00731,0.1433,spy_options_2016.parquet,2446560
SPY,2016-07-20,2016-07-20T16:00:00-04:00,217.09,2016-08-19,30.0,0.0821917808219178,170.5,put,0.02,0.03,0.0,,,0.31797,-0.00428,0.00055,0.00751,-0.0036,-0.00072,spy_options_2016.parquet,2446560
SPY,2016-07-20,2016-07-20T16:00:00-04:00,217.09,2016-08-19,30.0,0.0821917808219178,171.0,call,46.04,46.22,0.0,,,0.32451,0.99513,0.00069,0.00887,-0.00444,0.14449,spy_options_2016.parquet,2446561
SPY,2016-07-20,2016-07-20T16:00:00-04:00,217.09,2016-08-19,30.0,0.0821917808219178,171.0,put,0.03,0.04,0.03,,,0.32597,-0.00549,0.00068,0.01,-0.00487,-0.00127,spy_options_2016.parquet,2446561
SPY,2016-07-20,2016-07-20T16:00:00-04:00,217.09,2016-08-19,30.0,0.0821917808219178,171.5,call,45.53,45.72,0.0,,,0.32109,0.99459,0.00071,0.00916,-0.00441,0.14498,spy_options_2016.parquet,2446562
SPY,2016-07-20,2016-07-20T16:00:00-04:00,217.09,2016-08-19,30.0,0.0821917808219178,171.5,put,0.03,0.03,0.04,0,,0.3224,-0.00492,0.00073,0.00927,-0.00505,-0.00123,spy_options_2016.parquet,2446562
SPY,2016-07-20,2016-07-20T16:00:00-04:00,217.09,2016-08-19,30.0,0.0821917808219178,172.0,call,45.05,45.26,0.0,,,0.34231,0.99095,0.0011,0.01493,-0.00747,0.14466,spy_options_2016.parquet,2446563
SPY,2016-07-20,2016-07-20T16:00:00-04:00,217.09,2016-08-19,30.0,0.0821917808219178,172.0,put,0.03,0.04,0.03,59,,0.31915,-0.00514,0.00078,0.00985,-0.00456,-0.00075,spy_options_2016.parquet,2446563
SPY,2016-07-20,2016-07-20T16:00:00-04:00,217.09,2016-08-19,30.0,0.0821917808219178,172.5,call,44.56,44.75,0.0,,,0.33863,0.99113,0.00108,0.01532,-0.00753,0.14487,spy_options_2016.parquet,2446564
SPY,2016-07-20,2016-07-20T16:00:00-04:00,217.09,2016-08-19,30.0,0.0821917808219178,172.5,put,0.03,0.03,0.0,,,0.3157,-0.00571,0.00082,0.01027,-0.00483,-0.00085,spy_options_2016.parquet,2446564
SPY,2016-07-20,2016-07-20T16:00:00-04:00,217.09,2016-08-19,30.0,0.0821917808219178,173.0,call,44.03,44.22,0.0,,,0.31967,0.99348,0.00088,0.01138,-0.00559,0.14541,spy_options_2016.parquet,2446565
SPY,2016-07-20,2016-07-20T16:00:00-04:00,217.09,2016-08-19,30.0,0.0821917808219178,173.0,put,0.03,0.04,0.04,,,0.31186,-0.00528,0.00077,0.00984,-0.00492,-0.00108,spy_options_2016.parquet,2446565
SPY,2016-07-20,2016-07-20T16:00:00-04:00,217.09,2016-08-19,30.0,0.0821917808219178,173.5,call,43.54,43.73,0.0,,,0.31629,0.9938,0.00089,0.0114,-0.0053,0.14565,spy_options_2016.parquet,2446566
SPY,2016-07-20,2016-07-20T16:00:00-04:00,217.09,2016-08-19,30.0,0.0821917808219178,173.5,put,0.03,0.04,0.05,0,,0.30835,-0.00527,0.00081,0.00963,-0.0044,-0.0014,spy_options_2016.parquet,2446566
SPY,2016-07-20,2016-07-20T16:00:00-04:00,217.09,2016-08-19,30.0,0.0821917808219178,174.0,call,43.07,43.26,0.0,,,0.3331,0.99031,0.00123,0.01729,-0.00841,0.14568,spy_options_2016.parquet,2446567
SPY,2016-07-20,2016-07-20T16:00:00-04:00,217.09,2016-08-19,30.0,0.0821917808219178,174.0,put,0.03,0.03,0.03,31,,0.30448,-0.00553,0.00084,0.01054,-0.00516,-0.00073,spy_options_2016.parquet,2446567
SPY,2016-07-20,2016-07-20T16:00:00-04:00,217.09,2016-08-19,30.0,0.0821917808219178,174.5,call,42.56,42.75,0.0,,,0.32319,0.99075,0.00119,0.01557,-0.00777,0.14631,spy_options_2016.parquet,2446568
SPY,2016-07-20,2016-07-20T16:00:00-04:00,217.09,2016-08-19,30.0,0.0821917808219178,174.5,put,0.04,0.03,0.0,,,0.30083,-0.00544,0.00084,0.01061,-0.00504,-0.00072,spy_options_2016.parquet,2446568
SPY,2016-07-20,2016-07-20T16:00:00-04:00,217.09,2016-08-19,30.0,0.0821917808219178,175.0,call,42.04,42.23,0.0,,,0.30491,0.99372,0.00095,0.01215,-0.00589,0.14731,spy_options_2016.parquet,2446569
SPY,2016-07-20,2016-07-20T16:00:00-04:00,217.09,2016-08-19,30.0,0.0821917808219178,175.0,put,0.03,0.04,0.04,28,,0.29742,-0.00558,0.00083,0.01074,-0.00491,-0.00082,spy_options_2016.parquet,2446569
SPY,2016-07-20,2016-07-20T16:00:00-04:00,217.09,2016-08-19,30.0,0.0821917808219178,175.5,call,41.57,41.76,0.0,,,0.32178,0.98952,0.00132,0.0172,-0.00868,0.14718,spy_options_2016.parquet,2446570
SPY,2016-07-20,2016-07-20T16:00:00-04:00,217.09,2016-08-19,30.0,0.0821917808219178,175.5,put,0.04,0.04,0.0,,,0.29335,-0.00545,0.00092,0.0102,-0.00495,-0.00112,spy_options_2016.parquet,2446570
SPY,2016-07-20,2016-07-20T16:00:00-04:00,217.09,2016-08-19,30.0,0.0821917808219178,176.0,call,41.06,41.27,0.0,,,0.31851,0.98913,0.00134,0.01792,-0.00875,0.14781,spy_options_2016.parquet,2446571
SPY,2016-07-20,2016-07-20T16:00:00-04:00,217.09,2016-08-19,30.0,0.0821917808219178,176.0,put,0.04,0.04,0.04,9,,0.28993,-0.0061,0.00094,0.01041,-0.00503,-0.00147,spy_options_2016.parquet,2446571
SPY,2016-07-20,2016-07-20T16:00:00-04:00,217.09,2016-08-19,30.0,0.0821917808219178,176.5,call,40.55,40.73,0.0,,,0.30223,0.99127,0.00115,0.01465,-0.00659,0.14795,spy_options_2016.parquet,2446572
SPY,2016-07-20,2016-07-20T16:00:00-04:00,217.09,2016-08-19,30.0,0.0821917808219178,176.5,put,0.04,0.06,0.0,,,0.29589,-0.00768,0.00112,0.01301,-0.00593,-0.00132,spy_options_2016.parquet,2446572
SPY,2016-07-20,2016-07-20T16:00:00-04:00,217.09,2016-08-19,30.0,0.0821917808219178,177.0,call,40.04,40.24,0.0,,,0.29778,0.99167,0.00121,0.01465,-0.00712,0.14847,spy_options_2016.parquet,2446573
SPY,2016-07-20,2016-07-20T16:00:00-04:00,217.09,2016-08-19,30.0,0.0821917808219178,177.0,put,0.04,0.06,0.05,46,,0.29165,-0.0077,0.00107,0.01275,-0.00565,-0.00159,spy_options_2016.parquet,2446573
SPY,2016-07-20,2016-07-20T16:00:00-04:00,217.09,2016-08-19,30.0,0.0821917808219178,177.5,call,39.57,39.77,0.0,,,0.31203,0.9878,0.00159,0.01992,-0.0096,0.14846,spy_options_2016.parquet,2446574
SPY,2016-07-20,2016-07-20T16:00:00-04:00,217.09,2016-08-19,30.0,0.0821917808219178,177.5,put,0.04,0.06,0.0,,,0.28802,-0.00759,0.00109,0.01316,-0.00534,-0.00116,spy_options_2016.parquet,2446574
SPY,2016-07-20,2016-07-20T16:00:00-04:00,217.09,2016-08-19,30.0,0.0821917808219178,178.0,call,39.07,39.24,0.0,,,0.29771,0.9905,0.00141,0.01636,-0.00742,0.1491,spy_options_2016.parquet,2446575
SPY,2016-07-20,2016-07-20T16:00:00-04:00,217.09,2016-08-19,30.0,0.0821917808219178,178.0,put,0.04,0.05,0.03,10,,0.28425,-0.00792,0.00113,0.01343,-0.00582,-0.00137,spy_options_2016.parquet,2446575
SPY,2016-07-20,2016-07-20T16:00:00-04:00,217.09,2016-08-19,30.0,0.0821917808219178,178.5,call,38.58,38.77,0.0,,,0.30482,0.98764,0.00164,0.02017,-0.00919,0.14908,spy_options_2016.parquet,2446576
SPY,2016-07-20,2016-07-20T16:00:00-04:00,217.09,2016-08-19,30.0,0.0821917808219178,178.5,put,0.04,0.05,0.07,0,,0.28079,-0.00728,0.0012,0.0134,-0.00548,-0.00101,spy_options_2016.parquet,2446576
SPY,2016-07-20,2016-07-20T16:00:00-04:00,217.09,2016-08-19,30.0,0.0821917808219178,179.0,call,38.08,38.27,0.0,,,0.30056,0.98771,0.00171,0.02,-0.00983,0.14932,spy_options_2016.parquet,2446577
SPY,2016-07-20,2016-07-20T16:00:00-04:00,217.09,2016-08-19,30.0,0.0821917808219178,179.0,put,0.03,0.05,0.04,150,,0.27721,-0.00718,0.0012,0.01325,-0.00581,-0.0013,spy_options_2016.parquet,2446577
SPY,2016-07-20,2016-07-20T16:00:00-04:00,217.09,2016-08-19,30.0,0.0821917808219178,179.5,call,37.57,37.75,0.0,,,0.28638,0.99031,0.00151,0.0168,-0.00724,0.15015,spy_options_2016.parquet,2446578
SPY,2016-07-20,2016-07-20T16:00:00-04:00,217.09,2016-08-19,30.0,0.0821917808219178,179.5,put,0.04,0.06,0.0,,,0.27435,-0.0079,0.00125,0.01369,-0.00599,-0.00131,spy_options_2016.parquet,2446578
SPY,2016-07-20,2016-07-20T16:00:00-04:00,217.09,2016-08-19,30.0,0.0821917808219178,180.0,call,37.08,37.26,0.0,,,0.29073,0.98843,0.00172,0.01951,-0.00941,0.15043,spy_options_2016.parquet,2446579
SPY,2016-07-20,2016-07-20T16:00:00-04:00,217.09,2016-08-19,30.0,0.0821917808219178,180.0,put,0.05,0.05,0.06,39,,0.27685,-0.00921,0.00141,0.01545,-0.00656,-0.00143,spy_options_2016.parquet,2446579
SPY,2016-07-20,2016-07-20T16:00:00-04:00,217.09,2016-08-19,30.0,0.0821917808219178,180.5,call,36.58,36.77,0.0,,,0.28904,0.98763,0.00185,0.02082,-0.00938,0.15057,spy_options_2016.parquet,2446580
SPY,2016-07-20,2016-07-20T16:00:00-04:00,217.09,2016-08-19,30.0,0.0821917808219178,180.5,put,0.05,0.06,0.0,,,0.27321,-0.0095,0.00143,0.0161,-0.00702,-0.00217,spy_options_2016.parquet,2446580
SPY,2016-07-20,2016-07-20T16:00:00-04:00,217.09,2016-08-19,30.0,0.0821917808219178,181.0,call,36.06,36.24,0.0,,,0.27513,0.98971,0.00161,0.01775,-0.00707,0.15156,spy_options_2016.parquet,2446581
SPY,2016-07-20,2016-07-20T16:00:00-04:00,217.09,2016-08-19,30.0,0.0821917808219178,181.0,put,0.05,0.05,0.05,2,,0.26953,-0.0092,0.00143,0.01611,-0.00717,-0.00197,spy_options_2016.parquet,2446581
SPY,2016-07-20,2016-07-20T16:00:00-04:00,217.09,2016-08-19,30.0,0.0821917808219178,181.5,call,35.59,35.77,0.0,,,0.28656,0.98589,0.00198,0.02259,-0.01035,0.1518,spy_options_2016.parquet,2446582
SPY,2016-07-20,2016-07-20T16:00:00-04:00,217.09,2016-08-19,30.0,0.0821917808219178,181.5,put,0.06,0.06,0.0,,,0.26689,-0.00906,0.00152,0.0162,-0.00676,-0.00154,spy_options_2016.parquet,2446582
SPY,2016-07-20,2016-07-20T16:00:00-04:00,217.09,2016-08-19,30.0,0.0821917808219178,182.0,call,35.11,35.29,0.0,,,0.2841,0.98526,0.00212,0.02418,-0.01114,0.15147,spy_options_2016.parquet,2446583
SPY,2016-07-20,2016-07-20T16:00:00-04:00,217.09,2016-08-19,30.0,0.0821917808219178,182.0,put,0.04,0.06,0.06,7,,0.26298,-0.00979,0.0016,0.01607,-0.00622,-0.00214,spy_options_2016.parquet,2446583
SPY,2016-07-20,2016-07-20T16:00:00-04:00,217.09,2016-08-19,30.0,0.0821917808219178,182.5,call,34.57,34.76,0.0,,,0.2691,0.98818,0.0019,0.02012,-0.00799,0.15238,spy_options_2016.parquet,2446584
SPY,2016-07-20,2016-07-20T16:00:00-04:00,217.09,2016-08-19,30.0,0.0821917808219178,182.5,put,0.05,0.06,0.0,,,0.25872,-0.01014,0.00157,0.01668,-0.00705,-0.00164,spy_options_2016.parquet,2446584
SPY,2016-07-20,2016-07-20T16:00:00-04:00,217.09,2016-08-19,30.0,0.0821917808219178,183.0,call,34.07,34.26,0.0,,,0.26544,0.98727,0.0019,0.02039,-0.00871,0.15317,spy_options_2016.parquet,2446585
SPY,2016-07-20,2016-07-20T16:00:00-04:00,217.09,2016-08-19,30.0,0.0821917808219178,183.0,put,0.06,0.07,0.07,19,,0.26077,-0.01121,0.00181,0.01843,-0.00712,-0.0018,spy_options_2016.parquet,2446585
SPY,2016-07-20,2016-07-20T16:00:00-04:00,217.09,2016-08-19,30.0,0.0821917808219178,183.5,call,33.59,33.79,0.0,,,0.27518,0.9837,0.00235,0.02588,-0.01084,0.15274,spy_options_2016.parquet,2446586
SPY,2016-07-20,2016-07-20T16:00:00-04:00,217.09,2016-08-19,30.0,0.0821917808219178,183.5,put,0.06,0.07,0.0,,,0.25789,-0.0118,0.00178,0.01923,-0.00744,-0.0022,spy_options_2016.parquet,2446586
SPY,2016-07-20,2016-07-20T16:00:00-04:00,217.09,2016-08-19,30.0,0.0821917808219178,184.0,call,33.07,33.27,0.0,,,0.26306,0.98591,0.0021,0.02262,-0.00942,0.15372,spy_options_2016.parquet,2446587
SPY,2016-07-20,2016-07-20T16:00:00-04:00,217.09,2016-08-19,30.0,0.0821917808219178,184.0,put,0.06,0.07,0.06,47,,0.25365,-0.01194,0.00186,0.01938,-0.00776,-0.0025,spy_options_2016.parquet,2446587
SPY,2016-07-20,2016-07-20T16:00:00-04:00,217.09,2016-08-19,30.0,0.0821917808219178,184.5,call,32.58,32.77,0.0,,,0.2589,0.98569,0.0022,0.02274,-0.00969,0.1543,spy_options_2016.parquet,2446588
SPY,2016-07-20,2016-07-20T16:00:00-04:00,217.09,2016-08-19,30.0,0.0821917808219178,184.5,put,0.06,0.06,0.0,,,0.2499,-0.0117,0.00188,0.0197,-0.00741,-0.00179,spy_options_2016.parquet,2446588
SPY,2016-07-20,2016-07-20T16:00:00-04:00,217.09,2016-08-19,30.0,0.0821917808219178,185.0,call,32.08,32.27,32.37,1,,0.25525,0.98546,0.00228,0.023,-0.00971,0.15388,spy_options_2016.parquet,2446589
SPY,2016-07-20,2016-07-20T16:00:00-04:00,217.09,2016-08-19,30.0,0.0821917808219178,185.0,put,0.07,0.08,0.07,,,0.25173,-0.01313,0.00211,0.02209,-0.00808,-0.00248,spy_options_2016.parquet,2446589
SPY,2016-07-20,2016-07-20T16:00:00-04:00,217.09,2016-08-19,30.0,0.0821917808219178,185.5,call,31.61,31.8,0.0,,,0.26345,0.98194,0.00273,0.02848,-0.01213,0.15375,spy_options_2016.parquet,2446590
SPY,2016-07-20,2016-07-20T16:00:00-04:00,217.09,2016-08-19,30.0,0.0821917808219178,185.5,put,0.08,0.08,0.0,,,0.24814,-0.01354,0.0022,0.02205,-0.0084,-0.00257,spy_options_2016.parquet,2446590
SPY,2016-07-20,2016-07-20T16:00:00-04:00,217.09,2016-08-19,30.0,0.0821917808219178,186.0,call,31.08,31.28,31.22,47,,0.25144,0.98433,0.00247,0.02513,-0.01037,0.15504,spy_options_2016.parquet,2446591
SPY,2016-07-20,2016-07-20T16:00:00-04:00,217.09,2016-08-19,30.0,0.0821917808219178,186.0,put,0.07,0.08,0.07,35,,0.24439,-0.01394,0.00226,0.02269,-0.00853,-0.00209,spy_options_2016.parquet,2446591
SPY,2016-07-20,2016-07-20T16:00:00-04:00,217.09,2016-08-19,30.0,0.0821917808219178,186.5,call,30.59,30.78,0.0,,,0.24824,0.98402,0.00257,0.02536,-0.01048,0.15476,spy_options_2016.parquet,2446592
SPY,2016-07-20,2016-07-20T16:00:00-04:00,217.09,2016-08-19,30.0,0.0821917808219178,186.5,put,0.07,0.08,0.11,0,,0.24085,-0.01353,0.00232,0.0225,-0.0087,-0.00211,spy_options_2016.parquet,2446592
SPY,2016-07-20,2016-07-20T16:00:00-04:00,217.09,2016-08-19,30.0,0.0821917808219178,187.0,call,30.11,30.28,30.42,5,,0.24588,0.98294,0.00278,0.02675,-0.01012,0.15498,spy_options_2016.parquet,2446593
SPY,2016-07-20,2016-07-20T16:00:00-04:00,217.09,2016-08-19,30.0,0.0821917808219178,187.0,put,0.08,0.08,0.08,180,,0.24083,-0.01529,0.00254,0.02423,-0.00882,-0.00308,spy_options_2016.parquet,2446593
SPY,2016-07-20,2016-07-20T16:00:00-04:00,217.09,2016-08-19,30.0,0.0821917808219178,187.5,call,29.63,29.81,0.0,,,0.25214,0.97886,0.0032,0.03178,-0.01281,0.15521,spy_options_2016.parquet,2446594
SPY,2016-07-20,2016-07-20T16:00:00-04:00,217.09,2016-08-19,30.0,0.0821917808219178,187.5,put,0.08,0.09,0.0,,,0.23718,-0.01593,0.00262,0.02539,-0.00932,-0.00311,spy_options_2016.parquet,2446594
SPY,2016-07-20,2016-07-20T16:00:00-04:00,217.09,2016-08-19,30.0,0.0821917808219178,188.0,call,29.11,29.3,29.31,27,,0.24062,0.98149,0.00297,0.02841,-0.01091,0.1563,spy_options_2016.parquet,2446595
SPY,2016-07-20,2016-07-20T16:00:00-04:00,217.09,2016-08-19,30.0,0.0821917808219178,188.0,put,0.08,0.09,0.08,40,,0.23366,-0.01592,0.00268,0.02571,-0.00949,-0.00264,spy_options_2016.parquet,2446595
SPY,2016-07-20,2016-07-20T16:00:00-04:00,217.09,2016-08-19,30.0,0.0821917808219178,188.5,call,28.61,28.79,0.0,,,0.2384,0.98045,0.00308,0.02941,-0.01103,0.15614,spy_options_2016.parquet,2446596
SPY,2016-07-20,2016-07-20T16:00:00-04:00,217.09,2016-08-19,30.0,0.0821917808219178,188.5,put,0.08,0.09,0.09,220,,0.22959,-0.0165,0.0028,0.02582,-0.00962,-0.00333,spy_options_2016.parquet,2446596
SPY,2016-07-20,2016-07-20T16:00:00-04:00,217.09,2016-08-19,30.0,0.0821917808219178,189.0,call,28.11,28.3,28.21,107,,0.23613,0.9801,0.00326,0.03108,-0.01146,0.15611,spy_options_2016.parquet,2446597
SPY,2016-07-20,2016-07-20T16:00:00-04:00,217.09,2016-08-19,30.0,0.0821917808219178,189.0,put,0.09,0.11,0.09,160,,0.22957,-0.01748,0.00297,0.02831,-0.00984,-0.00379,spy_options_2016.parquet,2446597
SPY,2016-07-20,2016-07-20T16:00:00-04:00,217.09,2016-08-19,30.0,0.0821917808219178,189.5,call,27.61,27.79,0.0,,,0.23187,0.97991,0.00335,0.03088,-0.01194,0.15658,spy_options_2016.parquet,2446598
SPY,2016-07-20,2016-07-20T16:00:00-04:00,217.09,2016-08-19,30.0,0.0821917808219178,189.5,put,0.08,0.1,0.13,0,,0.22561,-0.01831,0.00306,0.02816,-0.01021,-0.0032,spy_options_2016.parquet,2446598
SPY,2016-07-20,2016-07-20T16:00:00-04:00,217.09,2016-08-19,30.0,0.0821917808219178,190.0,call,27.13,27.3,27.2,28,,0.23408,0.97695,0.00378,0.03542,-0.01344,0.15682,spy_options_2016.parquet,2446599
SPY,2016-07-20,2016-07-20T16:00:00-04:00,217.09,2016-08-19,30.0,0.0821917808219178,190.0,put,0.09,0.11,0.1,,,0.22255,-0.01821,0.00316,0.02822,-0.00967,-0.00373,spy_options_2016.parquet,2446599
SPY,2016-07-20,2016-07-20T16:00:00-04:00,217.09,2016-08-19,30.0,0.0821917808219178,190.5,call,26.62,26.8,0.0,,,0.2265,0.97795,0.00368,0.03323,-0.01203,0.15769,spy_options_2016.parquet,2446600
SPY,2016-07-20,2016-07-20T16:00:00-04:00,217.09,2016-08-19,30.0,0.0821917808219178,190.5,put,0.09,0.1,0.1,5,,0.22223,-0.02043,0.00347,0.03096,-0.01032,-0.00339,spy_options_2016.parquet,2446600
SPY,2016-07-20,2016-07-20T16:00:00-04:00,217.09,2016-08-19,30.0,0.0821917808219178,191.0,call,26.13,26.3,26.26,4,,0.22485,0.97607,0.00385,0.03504,-0.01255,0.15799,spy_options_2016.parquet,2446601
SPY,2016-07-20,2016-07-20T16:00:00-04:00,217.09,2016-08-19,30.0,0.0821917808219178,191.0,put,0.1,0.12,0.1,628,,0.21776,-0.02006,0.00359,0.03111,-0.01024,-0.00372,spy_options_2016.parquet,2446601
SPY,2016-07-20,2016-07-20T16:00:00-04:00,217.09,2016-08-19,30.0,0.0821917808219178,191.5,call,25.63,25.82,0.0,,,0.22265,0.9757,0.0041,0.03604,-0.01295,0.15773,spy_options_2016.parquet,2446602
SPY,2016-07-20,2016-07-20T16:00:00-04:00,217.09,2016-08-19,30.0,0.0821917808219178,191.5,put,0.11,0.11,0.11,47,,0.21764,-0.0224,0.00384,0.03355,-0.01111,-0.00399,spy_options_2016.parquet,2446602
SPY,2016-07-20,2016-07-20T16:00:00-04:00,217.09,2016-08-19,30.0,0.0821917808219178,192.0,call,25.16,25.35,0.0,,,0.22485,0.97122,0.00461,0.04139,-0.0142,0.15794,spy_options_2016.parquet,2446603
SPY,2016-07-20,2016-07-20T16:00:00-04:00,217.09,2016-08-19,30.0,0.0821917808219178,192.0,put,0.11,0.12,0.11,,,0.21291,-0.02206,0.00395,0.03425,-0.01101,-0.00412,spy_options_2016.parquet,2446603
SPY,2016-07-20,2016-07-20T16:00:00-04:00,217.09,2016-08-19,30.0,0.0821917808219178,192.5,call,24.65,24.83,0.0,,,0.21713,0.97282,0.00449,0.03949,-0.01356,0.1581,spy_options_2016.parquet,2446604
SPY,2016-07-20,2016-07-20T16:00:00-04:00,217.09,2016-08-19,30.0,0.0821917808219178,192.5,put,0.13,0.13,0.12,60,,0.21227,-0.02373,0.00426,0.03585,-0.01248,-0.00487,spy_options_2016.parquet,2446604
SPY,2016-07-20,2016-07-20T16:00:00-04:00,217.09,2016-08-19,30.0,0.0821917808219178,193.0,call,24.17,24.33,23.6,20,,0.21774,0.97022,0.0049,0.04244,-0.01444,0.15809,spy_options_2016.parquet,2446605
SPY,2016-07-20,2016-07-20T16:00:00-04:00,217.09,2016-08-19,30.0,0.0821917808219178,193.0,put,0.13,0.13,0.13,,,0.20897,-0.02481,0.00439,0.03679,-0.01234,-0.00447,spy_options_2016.parquet,2446605
SPY,2016-07-20,2016-07-20T16:00:00-04:00,217.09,2016-08-19,30.0,0.0821917808219178,193.5,call,23.65,23.83,0.0,,,0.21148,0.97068,0.00497,0.04157,-0.01444,0.15857,spy_options_2016.parquet,2446606
SPY,2016-07-20,2016-07-20T16:00:00-04:00,217.09,2016-08-19,30.0,0.0821917808219178,193.5,put,0.14,0.14,0.13,10,,0.20697,-0.02681,0.00469,0.03955,-0.01271,-0.00482,spy_options_2016.parquet,2446606
SPY,2016-07-20,2016-07-20T16:00:00-04:00,217.09,2016-08-19,30.0,0.0821917808219178,194.0,call,23.15,23.34,23.0,7,,0.20897,0.97009,0.00515,0.04311,-0.01454,0.15941,spy_options_2016.parquet,2446607
SPY,2016-07-20,2016-07-20T16:00:00-04:00,217.09,2016-08-19,30.0,0.0821917808219178,194.0,put,0.12,0.14,0.14,,,0.20374,-0.02691,0.00488,0.0393,-0.01253,-0.00516,spy_options_2016.parquet,2446607
SPY,2016-07-20,2016-07-20T16:00:00-04:00,217.09,2016-08-19,30.0,0.0821917808219178,194.5,call,22.67,22.84,0.0,,,0.20474,0.96908,0.0054,0.044,-0.01453,0.15968,spy_options_2016.parquet,2446608
SPY,2016-07-20,2016-07-20T16:00:00-04:00,217.09,2016-08-19,30.0,0.0821917808219178,194.5,put,0.15,0.16,0.14,527,,0.20179,-0.02871,0.00512,0.04186,-0.01378,-0.00501,spy_options_2016.parquet,2446608
SPY,2016-07-20,2016-07-20T16:00:00-04:00,217.09,2016-08-19,30.0,0.0821917808219178,195.0,call,22.19,22.36,22.41,113,,0.20591,0.96547,0.00591,0.04885,-0.01626,0.15921,spy_options_2016.parquet,2446609
SPY,2016-07-20,2016-07-20T16:00:00-04:00,217.09,2016-08-19,30.0,0.0821917808219178,195.0,put,0.13,0.14,0.14,,,0.19818,-0.02958,0.00531,0.043,-0.01364,-0.00565,spy_options_2016.parquet,2446609
SPY,2016-07-20,2016-07-20T16:00:00-04:00,217.09,2016-08-19,30.0,0.0821917808219178,195.5,call,21.7,21.87,0.0,,,0.20458,0.96337,0.00627,0.05091,-0.01701,0.15906,spy_options_2016.parquet,2446610
SPY,2016-07-20,2016-07-20T16:00:00-04:00,217.09,2016-08-19,30.0,0.0821917808219178,195.5,put,0.15,0.16,0.2,0,,0.19578,-0.031,0.00566,0.04488,-0.01398,-0.00585,spy_options_2016.parquet,2446610
SPY,2016-07-20,2016-07-20T16:00:00-04:00,217.09,2016-08-19,30.0,0.0821917808219178,196.0,call,21.21,21.38,21.35,2,,0.20098,0.96171,0.00651,0.05259,-0.01714,0.15909,spy_options_2016.parquet,2446611
SPY,2016-07-20,2016-07-20T16:00:00-04:00,217.09,2016-08-19,30.0,0.0821917808219178,196.0,put,0.16,0.17,0.17,108,,0.19395,-0.03358,0.00601,0.04791,-0.01419,-0.006,spy_options_2016.parquet,2446611
SPY,2016-07-20,2016-07-20T16:00:00-04:00,217.09,2016-08-19,30.0,0.0821917808219178,196.5,call,20.69,20.87,0.0,,,0.19481,0.96239,0.00658,0.05175,-0.01561,0.15956,spy_options_2016.parquet,2446612
SPY,2016-07-20,2016-07-20T16:00:00-04:00,217.09,2016-08-19,30.0,0.0821917808219178,196.5,put,0.16,0.16,0.17,24,,0.19064,-0.03454,0.00625,0.0479,-0.01477,-0.00655,spy_options_2016.parquet,2446612
SPY,2016-07-20,2016-07-20T16:00:00-04:00,217.09,2016-08-19,30.0,0.0821917808219178,197.0,call,20.19,20.39,20.29,269,,0.19267,0.96083,0.007,0.05382,-0.01645,0.15961,spy_options_2016.parquet,2446613
SPY,2016-07-20,2016-07-20T16:00:00-04:00,217.09,2016-08-19,30.0,0.0821917808219178,197.0,put,0.18,0.18,0.18,801,,0.18882,-0.03577,0.00672,0.0505,-0.01478,-0.00715,spy_options_2016.parquet,2446613
SPY,2016-07-20,2016-07-20T16:00:00-04:00,217.09,2016-08-19,30.0,0.0821917808219178,197.5,call,19.72,19.89,0.0,,,0.19102,0.95845,0.00742,0.05611,-0.01685,0.15969,spy_options_2016.parquet,2446614
SPY,2016-07-20,2016-07-20T16:00:00-04:00,217.09,2016-08-19,30.0,0.0821917808219178,197.5,put,0.18,0.2,0.19,102,,0.18634,-0.03852,0.00708,0.05354,-0.01511,-0.0073,spy_options_2016.parquet,2446614
SPY,2016-07-20,2016-07-20T16:00:00-04:00,217.09,2016-08-19,30.0,0.0821917808219178,198.0,call,19.25,19.4,19.45,5,,0.19096,0.954,0.00802,0.06083,-0.0189,0.15926,spy_options_2016.parquet,2446615
SPY,2016-07-20,2016-07-20T16:00:00-04:00,217.09,2016-08-19,30.0,0.0821917808219178,198.0,put,0.19,0.2,0.2,427,,0.18378,-0.04104,0.00751,0.05537,-0.01656,-0.00776,spy_options_2016.parquet,2446615
SPY,2016-07-20,2016-07-20T16:00:00-04:00,217.09,2016-08-19,30.0,0.0821917808219178,198.5,call,18.76,18.91,18.25,3,,0.18833,0.95218,0.00843,0.06345,-0.01915,0.15934,spy_options_2016.parquet,2446616
SPY,2016-07-20,2016-07-20T16:00:00-04:00,217.09,2016-08-19,30.0,0.0821917808219178,198.5,put,0.21,0.22,0.21,130,,0.18149,-0.04312,0.00796,0.05834,-0.01679,-0.00839,spy_options_2016.parquet,2446616
SPY,2016-07-20,2016-07-20T16:00:00-04:00,217.09,2016-08-19,30.0,0.0821917808219178,199.0,call,18.29,18.42,17.66,0,,0.18574,0.94853,0.00893,0.06613,-0.02015,0.15887,spy_options_2016.parquet,2446617
SPY,2016-07-20,2016-07-20T16:00:00-04:00,217.09,2016-08-19,30.0,0.0821917808219178,199.0,put,0.2,0.22,0.22,144,,0.17967,-0.04543,0.00844,0.06064,-0.01712,-0.00858,spy_options_2016.parquet,2446617
SPY,2016-07-20,2016-07-20T16:00:00-04:00,217.09,2016-08-19,30.0,0.0821917808219178,199.5,call,17.79,17.93,0.0,,,0.18285,0.94591,0.00938,0.06931,-0.02019,0.15954,spy_options_2016.parquet,2446618
SPY,2016-07-20,2016-07-20T16:00:00-04:00,217.09,2016-08-19,30.0,0.0821917808219178,199.5,put,0.21,0.23,0.23,239,,0.17665,-0.04751,0.0089,0.06291,-0.01786,-0.00853,spy_options_2016.parquet,2446618
SPY,2016-07-20,2016-07-20T16:00:00-04:00,217.09,2016-08-19,30.0,0.0821917808219178,200.0,call,17.3,17.42,17.6,196,,0.17875,0.94485,0.00984,0.06976,-0.02017,0.15919,spy_options_2016.parquet,2446619
SPY,2016-07-20,2016-07-20T16:00:00-04:00,217.09,2016-08-19,30.0,0.0821917808219178,200.0,put,0.22,0.25,0.24,,,0.17406,-0.05058,0.0094,0.06621,-0.01769,-0.00918,spy_options_2016.parquet,2446619
SPY,2016-07-20,2016-07-20T16:00:00-04:00,217.09,2016-08-19,30.0,0.0821917808219178,200.5,call,16.82,16.96,0.0,,,0.1784,0.94025,0.01047,0.07468,-0.02101,0.15849,spy_options_2016.parquet,2446620
SPY,2016-07-20,2016-07-20T16:00:00-04:00,217.09,2016-08-19,30.0,0.0821917808219178,200.5,put,0.24,0.25,0.25,238,,0.17269,-0.05461,0.01004,0.07019,-0.01923,-0.0097,spy_options_2016.parquet,2446620
SPY,2016-07-20,2016-07-20T16:00:00-04:00,217.09,2016-08-19,30.0,0.0821917808219178,201.0,call,16.34,16.47,15.34,0,,0.1753,0.9372,0.01112,0.07771,-0.02211,0.15856,spy_options_2016.parquet,2446621
SPY,2016-07-20,2016-07-20T16:00:00-04:00,217.09,2016-08-19,30.0,0.0821917808219178,201.0,put,0.26,0.27,0.26,829,,0.16947,-0.05669,0.01067,0.07263,-0.01962,-0.01065,spy_options_2016.parquet,2446621
SPY,2016-07-20,2016-07-20T16:00:00-04:00,217.09,2016-08-19,30.0,0.0821917808219178,201.5,call,15.85,15.99,0.0,,,0.17325,0.93418,0.0118,0.08179,-0.02247,0.15868,spy_options_2016.parquet,2446622
SPY,2016-07-20,2016-07-20T16:00:00-04:00,217.09,2016-08-19,30.0,0.0821917808219178,201.5,put,0.28,0.27,0.28,488,,0.1663,-0.05965,0.01124,0.07535,-0.01948,-0.0112,spy_options_2016.parquet,2446622
SPY,2016-07-20,2016-07-20T16:00:00-04:00,217.09,2016-08-19,30.0,0.0821917808219178,202.0,call,15.35,15.48,15.57,70,,0.16808,0.93237,0.01226,0.08269,-0.02228,0.1592,spy_options_2016.parquet,2446623
SPY,2016-07-20,2016-07-20T16:00:00-04:00,217.09,2016-08-19,30.0,0.0821917808219178,202.0,put,0.29,0.29,0.29,,,0.16496,-0.06424,0.012,0.08001,-0.02054,-0.01186,spy_options_2016.parquet,2446623
SPY,2016-07-20,2016-07-20T16:00:00-04:00,217.09,2016-08-19,30.0,0.0821917808219178,202.5,call,14.89,15.02,0.0,,,0.16783,0.92636,0.01316,0.08844,-0.02397,0.15759,spy_options_2016.parquet,2446624
SPY,2016-07-20,2016-07-20T16:00:00-04:00,217.09,2016-08-19,30.0,0.0821917808219178,202.5,put,0.31,0.33,0.32,208,,0.16293,-0.06855,0.01272,0.08362,-0.02175,-0.01258,spy_options_2016.parquet,2446624
SPY,2016-07-20,2016-07-20T16:00:00-04:00,217.09,2016-08-19,30.0,0.0821917808219178,203.0,call,14.39,14.5,14.48,22,,0.163,0.92496,0.01382,0.08989,-0.02299,0.15788,spy_options_2016.parquet,2446625
SPY,2016-07-20,2016-07-20T16:00:00-04:00,217.09,2016-08-19,30.0,0.0821917808219178,203.0,put,0.34,0.34,0.33,,,0.16094,-0.07262,0.01358,0.08781,-0.02198,-0.0141,spy_options_2016.parquet,2446625
SPY,2016-07-20,2016-07-20T16:00:00-04:00,217.09,2016-08-19,30.0,0.0821917808219178,203.5,call,13.92,14.02,12.96,0,,0.16105,0.91949,0.01461,0.09427,-0.02395,0.1571,spy_options_2016.parquet,2446626
SPY,2016-07-20,2016-07-20T16:00:00-04:00,217.09,2016-08-19,30.0,0.0821917808219178,203.5,put,0.34,0.35,0.36,,,0.15826,-0.07698,0.01446,0.09256,-0.02303,-0.01404,spy_options_2016.parquet,2446626
SPY,2016-07-20,2016-07-20T16:00:00-04:00,217.09,2016-08-19,30.0,0.0821917808219178,204.0,call,13.44,13.55,13.65,136,,0.15843,0.91374,0.01563,0.09921,-0.0252,0.15688,spy_options_2016.parquet,2446627
SPY,2016-07-20,2016-07-20T16:00:00-04:00,217.09,2016-08-19,30.0,0.0821917808219178,204.0,put,0.37,0.38,0.37,,,0.15632,-0.08181,0.01539,0.09661,-0.02416,-0.0158,spy_options_2016.parquet,2446627
SPY,2016-07-20,2016-07-20T16:00:00-04:00,217.09,2016-08-19,30.0,0.0821917808219178,204.5,call,12.95,13.1,0.0,,,0.15702,0.9079,0.01666,0.10533,-0.02686,0.15629,spy_options_2016.parquet,2446628
SPY,2016-07-20,2016-07-20T16:00:00-04:00,217.09,2016-08-19,30.0,0.0821917808219178,204.5,put,0.39,0.39,0.4,801,,0.15357,-0.08643,0.01631,0.1005,-0.02423,-0.01622,spy_options_2016.parquet,2446628
SPY,2016-07-20,2016-07-20T16:00:00-04:00,217.09,2016-08-19,30.0,0.0821917808219178,205.0,call,12.49,12.58,12.72,177,,0.15368,0.90341,0.01754,0.10805,-0.02621,0.15585,spy_options_2016.parquet,2446629
SPY,2016-07-20,2016-07-20T16:00:00-04:00,217.09,2016-08-19,30.0,0.0821917808219178,205.0,put,0.41,0.44,0.42,,,0.15168,-0.0928,0.01742,0.10617,-0.02529,-0.01797,spy_options_2016.parquet,2446629
SPY,2016-07-20,2016-07-20T16:00:00-04:00,217.09,2016-08-19,30.0,0.0821917808219178,205.5,call,12.02,12.15,0.0,,,0.15292,0.89541,0.01881,0.1153,-0.02871,0.15509,spy_options_2016.parquet,2446630
SPY,2016-07-20,2016-07-20T16:00:00-04:00,217.09,2016-08-19,30.0,0.0821917808219178,205.5,put,0.44,0.44,0.45,,,0.14836,-0.09819,0.01844,0.11032,-0.02654,-0.01826,spy_options_2016.parquet,2446630
SPY,2016-07-20,2016-07-20T16:00:00-04:00,217.09,2016-08-19,30.0,0.0821917808219178,206.0,call,11.55,11.65,11.69,141,,0.14872,0.89001,0.01991,0.11819,-0.02843,0.15448,spy_options_2016.parquet,2446631
SPY,2016-07-20,2016-07-20T16:00:00-04:00,217.09,2016-08-19,30.0,0.0821917808219178,206.0,put,0.47,0.48,0.47,,,0.1467,-0.10509,0.01966,0.1157,-0.0266,-0.01937,spy_options_2016.parquet,2446631
SPY,2016-07-20,2016-07-20T16:00:00-04:00,217.09,2016-08-19,30.0,0.0821917808219178,206.5,call,11.08,11.18,10.65,18,,0.14693,0.88277,0.02112,0.12438,-0.02992,0.15301,spy_options_2016.parquet,2446632
SPY,2016-07-20,2016-07-20T16:00:00-04:00,217.09,2016-08-19,30.0,0.0821917808219178,206.5,put,0.51,0.51,0.5,386,,0.14462,-0.11364,0.02103,0.12216,-0.02803,-0.02127,spy_options_2016.parquet,2446632
SPY,2016-07-20,2016-07-20T16:00:00-04:00,217.09,2016-08-19,30.0,0.0821917808219178,207.0,call,10.62,10.71,10.68,257,,0.14406,0.87564,0.02247,0.12971,-0.03032,0.15191,spy_options_2016.parquet,2446633
SPY,2016-07-20,2016-07-20T16:00:00-04:00,217.09,2016-08-19,30.0,0.0821917808219178,207.0,put,0.54,0.54,0.55,,,0.1416,-0.12057,0.02235,0.12806,-0.02874,-0.02259,spy_options_2016.parquet,2446633
SPY,2016-07-20,2016-07-20T16:00:00-04:00,217.09,2016-08-19,30.0,0.0821917808219178,207.5,call,10.16,10.29,10.3,10,,0.14313,0.86509,0.02392,0.13767,-0.03126,0.15068,spy_options_2016.parquet,2446634
SPY,2016-07-20,2016-07-20T16:00:00-04:00,217.09,2016-08-19,30.0,0.0821917808219178,207.5,put,0.58,0.59,0.59,242,,0.14012,-0.12924,0.02381,0.13389,-0.02974,-0.02401,spy_options_2016.parquet,2446634
SPY,2016-07-20,2016-07-20T16:00:00-04:00,217.09,2016-08-19,30.0,0.0821917808219178,208.0,call,9.7,9.79,9.91,65,,0.13951,0.858,0.02542,0.14212,-0.03184,0.1503,spy_options_2016.parquet,2446635
SPY,2016-07-20,2016-07-20T16:00:00-04:00,217.09,2016-08-19,30.0,0.0821917808219178,208.0,put,0.61,0.63,0.62,,,0.13731,-0.13715,0.02536,0.14003,-0.03058,-0.02611,spy_options_2016.parquet,2446635
SPY,2016-07-20,2016-07-20T16:00:00-04:00,217.09,2016-08-19,30.0,0.0821917808219178,208.5,call,9.25,9.33,9.39,1,,0.13792,0.84847,0.02702,0.14856,-0.03288,0.14789,spy_options_2016.parquet,2446636
SPY,2016-07-20,2016-07-20T16:00:00-04:00,217.09,2016-08-19,30.0,0.0821917808219178,208.5,put,0.66,0.69,0.65,273,,0.13576,-0.1485,0.02706,0.14703,-0.03209,-0.02783,spy_options_2016.parquet,2446636
SPY,2016-07-20,2016-07-20T16:00:00-04:00,217.09,2016-08-19,30.0,0.0821917808219178,209.0,call,8.8,8.87,8.89,191,,0.13501,0.83693,0.02871,0.15592,-0.03431,0.14664,spy_options_2016.parquet,2446637
SPY,2016-07-20,2016-07-20T16:00:00-04:00,217.09,2016-08-19,30.0,0.0821917808219178,209.0,put,0.71,0.72,0.71,,,0.13268,-0.15925,0.02876,0.15393,-0.03314,-0.03014,spy_options_2016.parquet,2446637
SPY,2016-07-20,2016-07-20T16:00:00-04:00,217.09,2016-08-19,30.0,0.0821917808219178,209.5,call,8.36,8.45,7.36,0,,0.1342,0.82505,0.03048,0.16344,-0.03486,0.14521,spy_options_2016.parquet,2446638
SPY,2016-07-20,2016-07-20T16:00:00-04:00,217.09,2016-08-19,30.0,0.0821917808219178,209.5,put,0.76,0.78,0.74,557,,0.13116,-0.17086,0.03063,0.16106,-0.03417,-0.0324,spy_options_2016.parquet,2446638
SPY,2016-07-20,2016-07-20T16:00:00-04:00,217.09,2016-08-19,30.0,0.0821917808219178,210.0,call,7.92,7.99,7.98,581,,0.1308,0.81335,0.0324,0.16943,-0.03621,0.14331,spy_options_2016.parquet,2446639
SPY,2016-07-20,2016-07-20T16:00:00-04:00,217.09,2016-08-19,30.0,0.0821917808219178,210.0,put,0.82,0.85,0.82,,,0.129,-0.18301,0.03252,0.16848,-0.03454,-0.03437,spy_options_2016.parquet,2446639
SPY,2016-07-20,2016-07-20T16:00:00-04:00,217.09,2016-08-19,30.0,0.0821917808219178,210.5,call,7.47,7.56,7.72,22,,0.12849,0.79978,0.03445,0.17653,-0.037,0.14128,spy_options_2016.parquet,2446640
SPY,2016-07-20,2016-07-20T16:00:00-04:00,217.09,2016-08-19,30.0,0.0821917808219178,210.5,put,0.88,0.91,0.88,196,,0.12676,-0.19702,0.03456,0.17612,-0.03585,-0.03695,spy_options_2016.parquet,2446640
SPY,2016-07-20,2016-07-20T16:00:00-04:00,217.09,2016-08-19,30.0,0.0821917808219178,211.0,call,7.05,7.12,7.2,927,,0.12668,0.78543,0.03652,0.18474,-0.03781,0.13915,spy_options_2016.parquet,2446641
SPY,2016-07-20,2016-07-20T16:00:00-04:00,217.09,2016-08-19,30.0,0.0821917808219178,211.0,put,0.95,0.95,0.92,,,0.12401,-0.21043,0.03675,0.1826,-0.03666,-0.03923,spy_options_2016.parquet,2446641
SPY,2016-07-20,2016-07-20T16:00:00-04:00,217.09,2016-08-19,30.0,0.0821917808219178,211.5,call,6.63,6.69,6.7,387,,0.12394,0.77042,0.0387,0.19176,-0.03885,0.13648,spy_options_2016.parquet,2446642
SPY,2016-07-20,2016-07-20T16:00:00-04:00,217.09,2016-08-19,30.0,0.0821917808219178,211.5,put,1.01,1.04,1.0,,,0.12198,-0.22667,0.03893,0.19121,-0.03776,-0.04271,spy_options_2016.parquet,2446642
SPY,2016-07-20,2016-07-20T16:00:00-04:00,217.09,2016-08-19,30.0,0.0821917808219178,212.0,call,6.21,6.27,6.25,945,,0.1216,0.7543,0.04097,0.19907,-0.03951,0.13409,spy_options_2016.parquet,2446643
SPY,2016-07-20,2016-07-20T16:00:00-04:00,217.09,2016-08-19,30.0,0.0821917808219178,212.0,put,1.1,1.13,1.08,,,0.12013,-0.2434,0.04124,0.19787,-0.03814,-0.04526,spy_options_2016.parquet,2446643
SPY,2016-07-20,2016-07-20T16:00:00-04:00,217.09,2016-08-19,30.0,0.0821917808219178,212.5,call,5.79,5.85,5.87,593,,0.11949,0.73682,0.04328,0.20625,-0.04043,0.13065,spy_options_2016.parquet,2446644
SPY,2016-07-20,2016-07-20T16:00:00-04:00,217.09,2016-08-19,30.0,0.0821917808219178,212.5,put,1.19,1.21,1.16,,,0.11815,-0.26123,0.04356,0.20602,-0.03946,-0.04832,spy_options_2016.parquet,2446644
SPY,2016-07-20,2016-07-20T16:00:00-04:00,217.09,2016-08-19,30.0,0.0821917808219178,213.0,call,5.39,5.46,5.52,921,,0.11772,0.71739,0.04561,0.21407,-0.04068,0.12767,spy_options_2016.parquet,2446645
SPY,2016-07-20,2016-07-20T16:00:00-04:00,217.09,2016-08-19,30.0,0.0821917808219178,213.0,put,1.29,1.3,1.26,,,0.11568,-0.28074,0.04601,0.21294,-0.04048,-0.05247,spy_options_2016.parquet,2446645
SPY,2016-07-20,2016-07-20T16:00:00-04:00,217.09,2016-08-19,30.0,0.0821917808219178,213.5,call,4.99,5.05,5.12,,,0.11504,0.697,0.04813,0.22052,-0.0409,0.12367,spy_options_2016.parquet,2446646
SPY,2016-07-20,2016-07-20T16:00:00-04:00,217.09,2016-08-19,30.0,0.0821917808219178,213.5,put,1.39,1.4,1.36,,,0.11388,-0.30119,0.04853,0.22029,-0.04083,-0.0561,spy_options_2016.parquet,2446646
SPY,2016-07-20,2016-07-20T16:00:00-04:00,217.09,2016-08-19,30.0,0.0821917808219178,214.0,call,4.63,4.65,4.68,,,0.11308,0.67436,0.05031,0.22812,-0.04186,0.12044,spy_options_2016.parquet,2446647
SPY,2016-07-20,2016-07-20T16:00:00-04:00,217.09,2016-08-19,30.0,0.0821917808219178,214.0,put,1.5,1.52,1.47,,,0.11158,-0.32352,0.05103,0.22734,-0.04119,-0.06028,spy_options_2016.parquet,2446647
SPY,2016-07-20,2016-07-20T16:00:00-04:00,217.09,2016-08-19,30.0,0.0821917808219178,214.5,call,4.26,4.27,4.31,,,0.11103,0.6508,0.05271,0.23422,-0.04185,0.11584,spy_options_2016.parquet,2446648
SPY,2016-07-20,2016-07-20T16:00:00-04:00,217.09,2016-08-19,30.0,0.0821917808219178,214.5,put,1.64,1.64,1.59,,,0.10922,-0.34721,0.05348,0.23326,-0.04111,-0.06437,spy_options_2016.parquet,2446648
SPY,2016-07-20,2016-07-20T16:00:00-04:00,217.09,2016-08-19,30.0,0.0821917808219178,215.0,call,3.89,3.91,3.9,,,0.10865,0.62609,0.05515,0.23994,-0.04231,0.11252,spy_options_2016.parquet,2446649
SPY,2016-07-20,2016-07-20T16:00:00-04:00,217.09,2016-08-19,30.0,0.0821917808219178,215.0,put,1.76,1.76,1.78,,,0.10646,-0.37223,0.05595,0.23979,-0.04146,-0.06919,spy_options_2016.parquet,2446649
SPY,2016-07-20,2016-07-20T16:00:00-04:00,217.09,2016-08-19,30.0,0.0821917808219178,215.5,call,3.54,3.56,3.6,,,0.1064,0.59966,0.05729,0.24421,-0.04217,0.10789,spy_options_2016.parquet,2446650
SPY,2016-07-20,2016-07-20T16:00:00-04:00,217.09,2016-08-19,30.0,0.0821917808219178,215.5,put,1.91,1.92,1.89,,,0.10446,-0.39923,0.05821,0.24422,-0.04118,-0.07419,spy_options_2016.parquet,2446650
SPY,2016-07-20,2016-07-20T16:00:00-04:00,217.09,2016-08-19,30.0,0.0821917808219178,216.0,call,3.2,3.2,3.2,,,0.10418,0.57193,0.05952,0.24841,-0.04219,0.10295,spy_options_2016.parquet,2446651
SPY,2016-07-20,2016-07-20T16:00:00-04:00,217.09,2016-08-19,30.0,0.0821917808219178,216.0,put,2.06,2.08,2.08,,,0.10236,-0.42709,0.06048,0.24849,-0.04166,-0.07916,spy_options_2016.parquet,2446651
SPY,2016-07-20,2016-07-20T16:00:00-04:00,217.09,2016-08-19,30.0,0.0821917808219178,216.5,call,2.87,2.89,2.89,,,0.10171,0.54214,0.06139,0.25069,-0.04188,0.09785,spy_options_2016.parquet,2446652
SPY,2016-07-20,2016-07-20T16:00:00-04:00,217.09,2016-08-19,30.0,0.0821917808219178,216.5,put,2.24,2.27,2.24,,,0.10062,-0.45684,0.06226,0.25057,-0.04063,-0.08434,spy_options_2016.parquet,2446652
SPY,2016-07-20,2016-07-20T16:00:00-04:00,217.09,2016-08-19,30.0,0.0821917808219178,217.0,call,2.57,2.57,2.59,,,0.09965,0.5118,0.0631,0.25187,-0.04105,0.09254,spy_options_2016.parquet,2446653
SPY,2016-07-20,2016-07-20T16:00:00-04:00,217.09,2016-08-19,30.0,0.0821917808219178,217.0,put,2.42,2.45,2.43,,,0.09844,-0.48856,0.06417,0.25208,-0.04012,-0.08989,spy_options_2016.parquet,2446653
SPY,2016-07-20,2016-07-20T16:00:00-04:00,217.09,2016-08-19,30.0,0.0821917808219178,217.5,call,2.26,2.28,2.34,,,0.09731,0.47968,0.06443,0.25191,-0.04032,0.08626,spy_options_2016.parquet,2446654
SPY,2016-07-20,2016-07-20T16:00:00-04:00,217.09,2016-08-19,30.0,0.0821917808219178,217.5,put,2.62,2.64,2.64,,,0.09592,-0.52113,0.06562,0.25174,-0.03913,-0.09468,spy_options_2016.parquet,2446654
SPY,2016-07-20,2016-07-20T16:00:00-04:00,217.09,2016-08-19,30.0,0.0821917808219178,218.0,call,1.97,2.0,1.99,,,0.09531,0.44558,0.06535,0.25033,-0.03888,0.08039,spy_options_2016.parquet,2446655
SPY,2016-07-20,2016-07-20T16:00:00-04:00,217.09,2016-08-19,30.0,0.0821917808219178,218.0,put,2.85,2.88,2.85,,,0.09362,-0.5553,0.06634,0.24956,-0.03867,-0.10115,spy_options_2016.parquet,2446655
SPY,2016-07-20,2016-07-20T16:00:00-04:00,217.09,2016-08-19,30.0,0.0821917808219178,218.5,call,1.72,1.73,1.79,,,0.09332,0.41212,0.06563,0.2465,-0.03747,0.07444,spy_options_2016.parquet,2446656
SPY,2016-07-20,2016-07-20T16:00:00-04:00,217.09,2016-08-19,30.0,0.0821917808219178,218.5,put,3.09,3.11,3.05,,,0.09202,-0.58958,0.0667,0.24594,-0.03647,-0.10591,spy_options_2016.parquet,2446656
SPY,2016-07-20,2016-07-20T16:00:00-04:00,217.09,2016-08-19,30.0,0.0821917808219178,219.0,call,1.48,1.51,1.52,,,0.0922,0.3771,0.06528,0.24015,-0.03563,0.06866,spy_options_2016.parquet,2446657
SPY,2016-07-20,2016-07-20T16:00:00-04:00,217.09,2016-08-19,30.0,0.0821917808219178,219.0,put,3.35,3.37,3.42,,,0.09021,-0.6252,0.06642,0.24022,-0.03476,-0.11151,spy_options_2016.parquet,2446657
SPY,2016-07-20,2016-07-20T16:00:00-04:00,217.09,2016-08-19,30.0,0.0821917808219178,219.5,call,1.27,1.3,1.28,,,0.08995,0.3423,0.06449,0.2319,-0.03416,0.06207,spy_options_2016.parquet,2446658
SPY,2016-07-20,2016-07-20T16:00:00-04:00,217.09,2016-08-19,30.0,0.0821917808219178,219.5,put,3.62,3.66,3.69,769,,0.08824,-0.66165,0.06552,0.23154,-0.03313,-0.11714,spy_options_2016.parquet,2446658
SPY,2016-07-20,2016-07-20T16:00:00-04:00,217.09,2016-08-19,30.0,0.0821917808219178,220.0,call,1.08,1.09,1.09,,,0.08871,0.30719,0.06286,0.22203,-0.03166,0.05554,spy_options_2016.parquet,2446659
SPY,2016-07-20,2016-07-20T16:00:00-04:00,217.09,2016-08-19,30.0,0.0821917808219178,220.0,put,3.92,3.96,3.94,,,0.08633,-0.69754,0.06391,0.22067,-0.03077,-0.12157,spy_options_2016.parquet,2446659
SPY,2016-07-20,2016-07-20T16:00:00-04:00,217.09,2016-08-19,30.0,0.0821917808219178,220.5,call,0.89,0.92,0.94,,,0.08641,0.27334,0.06057,0.21044,-0.02946,0.04916,spy_options_2016.parquet,2446660
SPY,2016-07-20,2016-07-20T16:00:00-04:00,217.09,2016-08-19,30.0,0.0821917808219178,220.5,put,4.22,4.31,4.12,5,,0.08491,-0.73168,0.06117,0.20871,-0.02818,-0.12508,spy_options_2016.parquet,2446660
SPY,2016-07-20,2016-07-20T16:00:00-04:00,217.09,2016-08-19,30.0,0.0821917808219178,221.0,call,0.75,0.77,0.79,,,0.08604,0.2407,0.0576,0.19693,-0.02708,0.04378,spy_options_2016.parquet,2446661
SPY,2016-07-20,2016-07-20T16:00:00-04:00,217.09,2016-08-19,30.0,0.0821917808219178,221.0,put,4.57,4.66,4.5,,,0.08322,-0.76508,0.05791,0.19462,-0.02654,-0.12768,spy_options_2016.parquet,2446661
SPY,2016-07-20,2016-07-20T16:00:00-04:00,217.09,2016-08-19,30.0,0.0821917808219178,221.5,call,0.63,0.64,0.64,,,0.08412,0.21041,0.05399,0.18232,-0.02509,0.03836,spy_options_2016.parquet,2446662
SPY,2016-07-20,2016-07-20T16:00:00-04:00,217.09,2016-08-19,30.0,0.0821917808219178,221.5,put,4.94,5.04,0.0,,,0.08222,-0.79601,0.05384,0.17988,-0.02373,-0.12969,spy_options_2016.parquet,2446662
SPY,2016-07-20,2016-07-20T16:00:00-04:00,217.09,2016-08-19,30.0,0.0821917808219178,222.0,call,0.51,0.53,0.53,,,0.08377,0.18352,0.05005,0.16777,-0.02258,0.03314,spy_options_2016.parquet,2446663
SPY,2016-07-20,2016-07-20T16:00:00-04:00,217.09,2016-08-19,30.0,0.0821917808219178,222.0,put,5.34,5.44,5.3,427,,0.08126,-0.82196,0.04933,0.16527,-0.02106,-0.12973,spy_options_2016.parquet,2446663
SPY,2016-07-20,2016-07-20T16:00:00-04:00,217.09,2016-08-19,30.0,0.0821917808219178,222.5,call,0.43,0.45,0.44,,,0.08336,0.1587,0.04583,0.15304,-0.0203,0.02937,spy_options_2016.parquet,2446664
SPY,2016-07-20,2016-07-20T16:00:00-04:00,217.09,2016-08-19,30.0,0.0821917808219178,222.5,put,5.74,5.86,5.66,51,,0.0808,-0.84644,0.04455,0.14999,-0.01991,-0.12887,spy_options_2016.parquet,2446664
SPY,2016-07-20,2016-07-20T16:00:00-04:00,217.09,2016-08-19,30.0,0.0821917808219178,223.0,call,0.36,0.36,0.36,,,0.08296,0.13541,0.04155,0.13801,-0.01884,0.02484,spy_options_2016.parquet,2446665
SPY,2016-07-20,2016-07-20T16:00:00-04:00,217.09,2016-08-19,30.0,0.0821917808219178,223.0,put,6.15,6.27,6.2,10,,0.07998,-0.87055,0.03935,0.13345,-0.0174,-0.12629,spy_options_2016.parquet,2446665
SPY,2016-07-20,2016-07-20T16:00:00-04:00,217.09,2016-08-19,30.0,0.0821917808219178,223.5,call,0.29,0.29,0.32,,,0.08249,0.11584,0.0374,0.12406,-0.0163,0.02155,spy_options_2016.parquet,2446666
SPY,2016-07-20,2016-07-20T16:00:00-04:00,217.09,2016-08-19,30.0,0.0821917808219178,223.5,put,6.61,6.73,0.0,,,0.07994,-0.88806,0.03452,0.12071,-0.01574,-0.1226,spy_options_2016.parquet,2446666
SPY,2016-07-20,2016-07-20T16:00:00-04:00,217.09,2016-08-19,30.0,0.0821917808219178,224.0,call,0.26,0.26,0.26,,,0.08377,0.10266,0.03355,0.11275,-0.01482,0.01885,spy_options_2016.parquet,2446667
SPY,2016-07-20,2016-07-20T16:00:00-04:00,217.09,2016-08-19,30.0,0.0821917808219178,224.0,put,7.08,7.19,7.14,,,0.08144,-0.89967,0.03026,0.11114,-0.01466,-0.11829,spy_options_2016.parquet,2446667
SPY,2016-07-20,2016-07-20T16:00:00-04:00,217.09,2016-08-19,30.0,0.0821917808219178,224.5,call,0.2,0.22,0.22,738,,0.084,0.0885,0.02993,0.1015,-0.01381,0.01625,spy_options_2016.parquet,2446668
SPY,2016-07-20,2016-07-20T16:00:00-04:00,217.09,2016-08-19,30.0,0.0821917808219178,224.5,put,7.52,7.68,0.0,,,0.08299,-0.91124,0.02613,0.10173,-0.01348,-0.1131,spy_options_2016.parquet,2446668
SPY,2016-07-20,2016-07-20T16:00:00-04:00,217.09,2016-08-19,30.0,0.0821917808219178,225.0,call,0.17,0.18,0.18,,,0.08581,0.07648,0.02674,0.09085,-0.01271,0.01445,spy_options_2016.parquet,2446669
SPY,2016-07-20,2016-07-20T16:00:00-04:00,217.09,2016-08-19,30.0,0.0821917808219178,225.0,put,7.96,8.09,8.06,,,0.07988,-0.92792,0.01978,0.08515,-0.01068,-0.09997,spy_options_2016.parquet,2446669
SPY,2016-07-20,2016-07-20T16:00:00-04:00,217.09,2016-08-19,30.0,0.0821917808219178,226.0,call,0.14,0.16,0.14,618,,0.08888,0.06112,0.02151,0.07643,-0.01049,0.01081,spy_options_2016.parquet,2446670
SPY,2016-07-20,2016-07-20T16:00:00-04:00,217.09,2016-08-19,30.0,0.0821917808219178,226.0,put,8.94,9.12,8.99,1,,0.08816,-0.93108,0.01647,0.08233,-0.01176,-0.09599,spy_options_2016.parquet,2446670
SPY,2016-07-20,2016-07-20T16:00:00-04:00,217.09,2016-08-19,30.0,0.0821917808219178,227.0,call,0.09,0.11,0.11,813,,0.08951,0.04546,0.01681,0.0604,-0.00839,0.00875,spy_options_2016.parquet,2446671
SPY,2016-07-20,2016-07-20T16:00:00-04:00,217.09,2016-08-19,30.0,0.0821917808219178,227.0,put,9.88,10.06,0.0,,,0.08886,-0.94264,0.00935,0.07041,-0.00982,-0.07628,spy_options_2016.parquet,2446671
SPY,2016-07-20,2016-07-20T16:00:00-04:00,217.09,2016-08-19,30.0,0.0821917808219178,227.5,call,0.09,0.1,0.1,,,0.09146,0.04114,0.01511,0.05572,-0.00786,0.00752,spy_options_2016.parquet,2446672
SPY,2016-07-20,2016-07-20T16:00:00-04:00,217.09,2016-08-19,30.0,0.0821917808219178,227.5,put,10.4,10.56,0.0,,,0.09239,-0.94269,0.00855,0.06975,-0.01061,-0.07555,spy_options_2016.parquet,2446672
SPY,2016-07-20,2016-07-20T16:00:00-04:00,217.09,2016-08-19,30.0,0.0821917808219178,228.0,call,0.07,0.08,0.09,246,,0.09342,0.03664,0.01359,0.05023,-0.00782,0.00683,spy_options_2016.parquet,2446673
SPY,2016-07-20,2016-07-20T16:00:00-04:00,217.09,2016-08-19,30.0,0.0821917808219178,228.0,put,10.86,11.05,0.0,,,0.0945,-0.94467,0.00646,0.0672,-0.00977,-0.06911,spy_options_2016.parquet,2446673
SPY,2016-07-20,2016-07-20T16:00:00-04:00,217.09,2016-08-19,30.0,0.0821917808219178,229.0,call,0.07,0.08,0.07,75,,0.09812,0.03147,0.01141,0.04492,-0.007,0.00566,spy_options_2016.parquet,2446674
SPY,2016-07-20,2016-07-20T16:00:00-04:00,217.09,2016-08-19,30.0,0.0821917808219178,229.0,put,11.87,12.05,12.69,5,,0.10178,-0.9442,0.00551,0.0676,-0.01129,-0.06707,spy_options_2016.parquet,2446674
SPY,2016-07-20,2016-07-20T16:00:00-04:00,217.09,2016-08-19,30.0,0.0821917808219178,230.0,call,0.05,0.06,0.06,201,,0.09907,0.02354,0.00887,0.03518,-0.00509,0.00437,spy_options_2016.parquet,2446675
SPY,2016-07-20,2016-07-20T16:00:00-04:00,217.09,2016-08-19,30.0,0.0821917808219178,230.0,put,12.86,13.03,12.82,15,,0.10726,-0.94544,0.00301,0.0658,-0.01147,-0.05806,spy_options_2016.parquet,2446675
SPY,2016-07-20,2016-07-20T16:00:00-04:00,217.09,2016-08-19,30.0,0.0821917808219178,232.5,call,0.03,0.03,0.03,0,,0.1076,0.01484,0.00556,0.02421,-0.00434,0.00295,spy_options_2016.parquet,2446676
SPY,2016-07-20,2016-07-20T16:00:00-04:00,217.09,2016-08-19,30.0,0.0821917808219178,232.5,put,15.34,15.54,0.0,,,0.12683,-0.9436,0.00251,0.06705,-0.01399,-0.05863,spy_options_2016.parquet,2446676
SPY,2016-07-20,2016-07-20T16:00:00-04:00,217.09,2016-08-19,30.0,0.0821917808219178,235.0,call,0.02,0.03,0.03,,,0.11699,0.01042,0.00366,0.01672,-0.00281,0.00225,spy_options_2016.parquet,2446677
SPY,2016-07-20,2016-07-20T16:00:00-04:00,217.09,2016-08-19,30.0,0.0821917808219178,235.0,put,17.83,18.04,0.0,,,0.14586,-0.94295,0.00134,0.06736,-0.01587,-0.05483,spy_options_2016.parquet,2446677
SPY,2016-07-20,2016-07-20T16:00:00-04:00,217.09,2016-08-19,30.0,0.0821917808219178,237.5,call,0.02,0.03,0.0,,,0.13008,0.00945,0.00305,0.01556,-0.0033,0.00154,spy_options_2016.parquet,2446678
SPY,2016-07-20,2016-07-20T16:00:00-04:00,217.09,2016-08-19,30.0,0.0821917808219178,237.5,put,20.34,20.54,0.0,,,0.16512,-0.94153,0.00103,0.06792,-0.01865,-0.05503,spy_options_2016.parquet,2446678
SPY,2016-07-20,2016-07-20T16:00:00-04:00,217.09,2016-08-19,30.0,0.0821917808219178,240.0,call,0.02,0.02,0.02,16,,0.13452,0.00586,0.00191,0.00987,-0.00185,0.00149,spy_options_2016.parquet,2446679
SPY,2016-07-20,2016-07-20T16:00:00-04:00,217.09,2016-08-19,30.0,0.0821917808219178,240.0,put,22.83,23.01,0.0,,,0.1835,-0.93946,0.00048,0.06912,-0.01454,-0.05285,spy_options_2016.parquet,2446679
SPY,2016-07-20,2016-07-20T16:00:00-04:00,217.09,2016-08-19,30.0,0.0821917808219178,242.5,call,0.01,0.02,0.01,,,0.14643,0.00513,0.00164,0.0091,-0.00205,0.00113,spy_options_2016.parquet,2446680
SPY,2016-07-20,2016-07-20T16:00:00-04:00,217.09,2016-08-19,30.0,0.0821917808219178,242.5,put,25.33,25.54,0.0,,,0.20426,-0.93802,0.00069,0.07076,-0.02292,-0.05559,spy_options_2016.parquet,2446680
SPY,2016-07-20,2016-07-20T16:00:00-04:00,217.09,2016-08-19,30.0,0.0821917808219178,245.0,call,0.0,0.0,0.01,10,,0.14217,0.00201,0.0007,0.00392,-0.0009,-8e-05,spy_options_2016.parquet,2446681
SPY,2016-07-20,2016-07-20T16:00:00-04:00,217.09,2016-08-19,30.0,0.0821917808219178,245.0,put,27.83,28.02,27.9,10,,0.22292,-0.93602,0.00035,0.07149,-0.01506,-0.05372,spy_options_2016.parquet,2446681
SPY,2016-07-20,2016-07-20T16:00:00-04:00,217.09,2016-08-19,30.0,0.0821917808219178,250.0,call,0.0,0.01,0.0,,,0.16438,0.00139,0.00056,0.00331,-0.00098,0.00075,spy_options_2016.parquet,2446682
SPY,2016-07-20,2016-07-20T16:00:00-04:00,217.09,2016-08-19,30.0,0.0821917808219178,250.0,put,32.83,33.05,0.0,,,0.26313,-0.93301,0.00042,0.07452,-0.02508,-0.05704,spy_options_2016.parquet,2446682
SPY,2016-07-20,2016-07-20T16:00:00-04:00,217.09,2016-08-19,30.0,0.0821917808219178,255.0,call,0.0,0.0,0.0,,,0.18442,0.00193,0.00045,0.00345,-0.00096,0.00044,spy_options_2016.parquet,2446683
SPY,2016-07-20,2016-07-20T16:00:00-04:00,217.09,2016-08-19,30.0,0.0821917808219178,255.0,put,37.84,38.04,0.0,,,0.30281,-0.92911,0.00032,0.0768,-0.0248,-0.05761,spy_options_2016.parquet,2446683
SPY,2016-07-20,2016-07-20T16:00:00-04:00,217.09,2016-08-19,30.0,0.0821917808219178,260.0,call,0.0,0.01,0.0,,,0.20507,0.00164,0.00034,0.00267,-0.00081,0.00038,spy_options_2016.parquet,2446684
SPY,2016-07-20,2016-07-20T16:00:00-04:00,217.09,2016-08-19,30.0,0.0821917808219178,260.0,put,42.82,43.04,0.0,,,0.3423,-0.92496,0.00018,0.07899,-0.02486,-0.05891,spy_options_2016.parquet,2446684
SPY,2016-07-20,2016-07-20T16:00:00-04:00,217.09,2016-08-19,30.0,0.0821917808219178,265.0,call,0.0,0.01,0.0,,,0.22427,0.00095,0.00035,0.00242,-0.00074,0.00046,spy_options_2016.parquet,2446685
SPY,2016-07-20,2016-07-20T16:00:00-04:00,217.09,2016-08-19,30.0,0.0821917808219178,265.0,put,47.83,48.04,0.0,,,0.38188,-0.922,0.00017,0.08167,-0.02479,-0.06029,spy_options_2016.parquet,2446685
SPY,2016-07-20,2016-07-20T16:00:00-04:00,217.09,2016-08-19,30.0,0.0821917808219178,270.0,call,0.0,0.0,0.0,,,0.24388,0.00124,0.00025,0.00256,-0.00122,0.00063,spy_options_2016.parquet,2446686
SPY,2016-07-20,2016-07-20T16:00:00-04:00,217.09,2016-08-19,30.0,0.0821917808219178,270.0,put,52.81,53.02,0.0,,,0.42002,-0.91761,5e-05,0.0835,-0.0104,-0.06113,spy_options_2016.parquet,2446686
SPY,2016-07-20,2016-07-20T16:00:00-04:00,217.09,2016-08-19,30.0,0.0821917808219178,275.0,call,0.0,0.02,0.0,,,0.2614,0.00114,0.00018,0.00189,-0.00107,8e-05,spy_options_2016.parquet,2446687
SPY,2016-07-20,2016-07-20T16:00:00-04:00,217.09,2016-08-19,30.0,0.0821917808219178,275.0,put,57.82,58.02,0.0,,,0.45896,-0.91379,1e-05,0.08587,-0.00992,-0.06242,spy_options_2016.parquet,2446687
SPY,2016-07-20,2016-07-20T16:00:00-04:00,217.09,2016-08-19,30.0,0.0821917808219178,280.0,call,0.0,0.02,0.0,,,0.27978,0.00084,0.00024,0.0023,-0.00112,0.00017,spy_options_2016.parquet,2446688
SPY,2016-07-20,2016-07-20T16:00:00-04:00,217.09,2016-08-19,30.0,0.0821917808219178,280.0,put,62.82,63.02,0.0,,,0.49818,-0.91084,3e-05,0.08808,-0.01045,-0.06446,spy_options_2016.parquet,2446688
SPY,2016-07-20,2016-07-20T16:00:00-04:00,217.09,2016-08-19,30.0,0.0821917808219178,285.0,call,0.0,0.01,0.0,,,0.29732,0.00117,0.00018,0.00233,-0.00053,0.0003,spy_options_2016.parquet,2446689
SPY,2016-07-20,2016-07-20T16:00:00-04:00,217.09,2016-08-19,30.0,0.0821917808219178,285.0,put,67.83,68.02,0.0,,,0.53768,-0.90679,2e-05,0.08991,-0.00992,-0.06601,spy_options_2016.parquet,2446689
SPY,2016-07-20,2016-07-20T16:00:00-04:00,217.09,2016-08-19,30.0,0.0821917808219178,290.0,call,0.0,0.0,0.0,,,0.31455,0.00068,0.00011,0.00172,-0.00122,0.0002,spy_options_2016.parquet,2446690
SPY,2016-07-20,2016-07-20T16:00:00-04:00,217.09,2016-08-19,30.0,0.0821917808219178,290.0,put,72.83,73.03,0.0,,,0.57721,-0.90278,-1e-05,0.09232,-0.01033,-0.06691,spy_options_2016.parquet,2446690
SPY,2016-07-20,2016-07-20T16:00:00-04:00,217.09,2016-08-19,30.0,0.0821917808219178,295.0,call,0.0,0.01,0.0,,,0.33133,0.00066,0.00018,0.00162,-0.0009,-3e-05,spy_options_2016.parquet,2446691
SPY,2016-07-20,2016-07-20T16:00:00-04:00,217.09,2016-08-19,30.0,0.0821917808219178,295.0,put,77.82,78.02,0.0,,,0.61751,-0.89858,7e-05,0.09449,-0.01039,-0.06916,spy_options_2016.parquet,2446691
SPY,2016-07-20,2016-07-20T16:00:00-04:00,217.09,2016-08-19,30.0,0.0821917808219178,300.0,call,0.0,0.01,0.0,,,0.34832,0.00111,9e-05,0.00219,-0.00087,0.00047,spy_options_2016.parquet,2446692
SPY,2016-07-20,2016-07-20T16:00:00-04:00,217.09,2016-08-19,30.0,0.0821917808219178,300.0,put,82.82,83.01,0.0,,,0.65654,-0.89448,4e-05,0.09714,-0.01066,-0.07049,spy_options_2016.parquet,2446692
SPY,2016-07-20,2016-07-20T16:00:00-04:00,217.09,2016-08-19,30.0,0.0821917808219178,305.0,call,0.0,0.01,0.0,,,0.36475,0.00117,8e-05,0.00225,-0.00077,-0.00021,spy_options_2016.parquet,2446693
SPY,2016-07-20,2016-07-20T16:00:00-04:00,217.09,2016-08-19,30.0,0.0821917808219178,305.0,put,87.82,88.02,0.0,,,0.69654,-0.89011,-1e-05,0.09935,-0.01032,-0.07229,spy_options_2016.parquet,2446693
SPY,2016-07-20,2016-07-20T16:00:00-04:00,217.09,2016-08-19,30.0,0.0821917808219178,310.0,call,0.0,0.01,0.0,,,0.38024,0.00083,7e-05,0.00166,-0.00062,3e-05,spy_options_2016.parquet,2446694
SPY,2016-07-20,2016-07-20T16:00:00-04:00,217.09,2016-08-19,30.0,0.0821917808219178,310.0,put,92.83,93.04,0.0,,,0.73751,-0.88549,5e-05,0.10167,-0.02531,-0.07396,spy_options_2016.parquet,2446694
SPY,2016-07-20,2016-07-20T16:00:00-04:00,217.09,2016-08-26,37.0,0.10136986301369863,170.0,call,47.05,47.23,0.0,,,0.31702,0.99267,0.00096,0.01385,-0.00565,0.17479,spy_options_2016.parquet,2446695
SPY,2016-07-20,2016-07-20T16:00:00-04:00,217.09,2016-08-26,37.0,0.10136986301369863,170.0,put,0.04,0.05,0.05,41,,0.31018,-0.0067,0.00084,0.01231,-0.00498,-0.00193,spy_options_2016.parquet,2446695
SPY,2016-07-20,2016-07-20T16:00:00-04:00,217.09,2016-08-26,37.0,0.10136986301369863,175.0,call,42.07,42.25,0.0,,,0.2922,0.98989,0.00129,0.01855,-0.00651,0.18006,spy_options_2016.parquet,2446696
SPY,2016-07-20,2016-07-20T16:00:00-04:00,217.09,2016-08-26,37.0,0.10136986301369863,175.0,put,0.05,0.06,0.06,515,,0.28394,-0.00793,0.00107,0.01559,-0.00597,-0.00175,spy_options_2016.parquet,2446696
SPY,2016-07-20,2016-07-20T16:00:00-04:00,217.09,2016-08-26,37.0,0.10136986301369863,180.0,call,37.09,37.28,0.0,,,0.26918,0.98611,0.00191,0.025,-0.00907,0.18426,spy_options_2016.parquet,2446697
SPY,2016-07-20,2016-07-20T16:00:00-04:00,217.09,2016-08-26,37.0,0.10136986301369863,180.0,put,0.07,0.08,0.08,500,,0.26103,-0.01208,0.00169,0.02189,-0.00703,-0.00238,spy_options_2016.parquet,2446697
SPY,2016-07-20,2016-07-20T16:00:00-04:00,217.09,2016-08-26,37.0,0.10136986301369863,185.0,call,32.17,32.34,0.0,,,0.25476,0.97713,0.00306,0.03847,-0.01223,0.18685,spy_options_2016.parquet,2446698
SPY,2016-07-20,2016-07-20T16:00:00-04:00,217.09,2016-08-26,37.0,0.10136986301369863,185.0,put,0.12,0.12,0.1,20,,0.2412,-0.01804,0.00265,0.03117,-0.00963,-0.00438,spy_options_2016.parquet,2446698
SPY,2016-07-20,2016-07-20T16:00:00-04:00,217.09,2016-08-26,37.0,0.10136986301369863,190.0,call,27.19,27.37,0.0,,,0.22409,0.97017,0.00439,0.04816,-0.01407,0.19095,spy_options_2016.parquet,2446699
SPY,2016-07-20,2016-07-20T16:00:00-04:00,217.09,2016-08-26,37.0,0.10136986301369863,190.0,put,0.14,0.15,0.15,275,,0.21682,-0.02611,0.00398,0.04315,-0.01176,-0.0063,spy_options_2016.parquet,2446699
SPY,2016-07-20,2016-07-20T16:00:00-04:00,217.09,2016-08-26,37.0,0.10136986301369863,194.5,call,22.76,22.92,0.0,,,0.20219,0.95706,0.00641,0.0642,-0.0173,0.19194,spy_options_2016.parquet,2446700
SPY,2016-07-20,2016-07-20T16:00:00-04:00,217.09,2016-08-26,37.0,0.10136986301369863,194.5,put,0.22,0.23,0.3,0,,0.19706,-0.03942,0.00612,0.06003,-0.01488,-0.00923,spy_options_2016.parquet,2446700
SPY,2016-07-20,2016-07-20T16:00:00-04:00,217.09,2016-08-26,37.0,0.10136986301369863,195.0,call,22.26,22.44,0.0,,,0.19992,0.9549,0.0068,0.06701,-0.01689,0.19237,spy_options_2016.parquet,2446701
SPY,2016-07-20,2016-07-20T16:00:00-04:00,217.09,2016-08-26,37.0,0.10136986301369863,195.0,put,0.23,0.24,0.24,4,,0.19488,-0.0418,0.00648,0.06288,-0.01589,-0.00912,spy_options_2016.parquet,2446701
SPY,2016-07-20,2016-07-20T16:00:00-04:00,217.09,2016-08-26,37.0,0.10136986301369863,195.5,call,21.82,21.96,0.0,,,0.19979,0.95136,0.00717,0.07073,-0.01807,0.19252,spy_options_2016.parquet,2446702
SPY,2016-07-20,2016-07-20T16:00:00-04:00,217.09,2016-08-26,37.0,0.10136986301369863,195.5,put,0.24,0.25,0.0,,,0.19331,-0.04376,0.00678,0.06501,-0.01625,-0.01012,spy_options_2016.parquet,2446702
SPY,2016-07-20,2016-07-20T16:00:00-04:00,217.09,2016-08-26,37.0,0.10136986301369863,196.0,call,21.31,21.47,0.0,,,0.19695,0.94911,0.00759,0.07338,-0.01874,0.19209,spy_options_2016.parquet,2446703
SPY,2016-07-20,2016-07-20T16:00:00-04:00,217.09,2016-08-26,37.0,0.10136986301369863,196.0,put,0.25,0.27,0.35,0,,0.19196,-0.04632,0.00718,0.06813,-0.01644,-0.01067,spy_options_2016.parquet,2446703
SPY,2016-07-20,2016-07-20T16:00:00-04:00,217.09,2016-08-26,37.0,0.10136986301369863,196.5,call,20.84,20.97,0.0,,,0.19558,0.94638,0.00791,0.07644,-0.01957,0.19203,spy_options_2016.parquet,2446704
SPY,2016-07-20,2016-07-20T16:00:00-04:00,217.09,2016-08-26,37.0,0.10136986301369863,196.5,put,0.27,0.28,0.0,,,0.18868,-0.0483,0.00754,0.07083,-0.01753,-0.01085,spy_options_2016.parquet,2446704
SPY,2016-07-20,2016-07-20T16:00:00-04:00,217.09,2016-08-26,37.0,0.10136986301369863,197.0,call,20.34,20.49,20.16,7,,0.19183,0.94538,0.00821,0.07767,-0.01975,0.19184,spy_options_2016.parquet,2446705
SPY,2016-07-20,2016-07-20T16:00:00-04:00,217.09,2016-08-26,37.0,0.10136986301369863,197.0,put,0.26,0.29,0.28,4,,0.18661,-0.04989,0.00792,0.07251,-0.01713,-0.01178,spy_options_2016.parquet,2446705
SPY,2016-07-20,2016-07-20T16:00:00-04:00,217.09,2016-08-26,37.0,0.10136986301369863,197.5,call,19.86,20.0,0.0,,,0.19057,0.94198,0.00867,0.08147,-0.0204,0.1922,spy_options_2016.parquet,2446706
SPY,2016-07-20,2016-07-20T16:00:00-04:00,217.09,2016-08-26,37.0,0.10136986301369863,197.5,put,0.28,0.29,0.29,502,,0.18494,-0.05282,0.00832,0.07623,-0.01853,-0.01226,spy_options_2016.parquet,2446706
SPY,2016-07-20,2016-07-20T16:00:00-04:00,217.09,2016-08-26,37.0,0.10136986301369863,198.0,call,19.38,19.52,0.0,,,0.18817,0.93826,0.00914,0.08588,-0.02127,0.19195,spy_options_2016.parquet,2446707
SPY,2016-07-20,2016-07-20T16:00:00-04:00,217.09,2016-08-26,37.0,0.10136986301369863,198.0,put,0.3,0.32,0.32,144,,0.1829,-0.05551,0.00882,0.07908,-0.01845,-0.01298,spy_options_2016.parquet,2446707
SPY,2016-07-20,2016-07-20T16:00:00-04:00,217.09,2016-08-26,37.0,0.10136986301369863,198.5,call,18.88,19.03,0.0,,,0.18582,0.93655,0.00962,0.08758,-0.0211,0.1921,spy_options_2016.parquet,2446708
SPY,2016-07-20,2016-07-20T16:00:00-04:00,217.09,2016-08-26,37.0,0.10136986301369863,198.5,put,0.31,0.32,0.34,2,,0.18068,-0.05867,0.00922,0.08249,-0.01924,-0.01334,spy_options_2016.parquet,2446708
SPY,2016-07-20,2016-07-20T16:00:00-04:00,217.09,2016-08-26,37.0,0.10136986301369863,199.0,call,18.42,18.54,0.0,,,0.18326,0.93287,0.01003,0.09066,-0.02176,0.19141,spy_options_2016.parquet,2446709
SPY,2016-07-20,2016-07-20T16:00:00-04:00,217.09,2016-08-26,37.0,0.10136986301369863,199.0,put,0.34,0.34,0.37,1,,0.17855,-0.06111,0.00976,0.08527,-0.02,-0.01378,spy_options_2016.parquet,2446709
SPY,2016-07-20,2016-07-20T16:00:00-04:00,217.09,2016-08-26,37.0,0.10136986301369863,199.5,call,17.93,18.06,0.0,,,0.18146,0.92937,0.0106,0.09431,-0.02278,0.19178,spy_options_2016.parquet,2446710
SPY,2016-07-20,2016-07-20T16:00:00-04:00,217.09,2016-08-26,37.0,0.10136986301369863,199.5,put,0.34,0.37,0.36,8,,0.17619,-0.06518,0.01028,0.08928,-0.02075,-0.01498,spy_options_2016.parquet,2446710
SPY,2016-07-20,2016-07-20T16:00:00-04:00,217.09,2016-08-26,37.0,0.10136986301369863,200.0,call,17.45,17.57,16.31,0,,0.17897,0.92606,0.01114,0.09893,-0.02328,0.19054,spy_options_2016.parquet,2446711
SPY,2016-07-20,2016-07-20T16:00:00-04:00,217.09,2016-08-26,37.0,0.10136986301369863,200.0,put,0.37,0.38,0.37,708,,0.17447,-0.06823,0.0108,0.0927,-0.02088,-0.01586,spy_options_2016.parquet,2446711
SPY,2016-07-20,2016-07-20T16:00:00-04:00,217.09,2016-08-26,37.0,0.10136986301369863,200.5,call,16.97,17.1,15.91,0,,0.17735,0.92249,0.01169,0.1027,-0.02376,0.19022,spy_options_2016.parquet,2446712
SPY,2016-07-20,2016-07-20T16:00:00-04:00,217.09,2016-08-26,37.0,0.10136986301369863,200.5,put,0.39,0.4,0.0,,,0.17198,-0.07181,0.0114,0.09697,-0.0214,-0.01692,spy_options_2016.parquet,2446712
SPY,2016-07-20,2016-07-20T16:00:00-04:00,217.09,2016-08-26,37.0,0.10136986301369863,201.0,call,16.49,16.62,0.0,,,0.17509,0.91843,0.01237,0.10597,-0.02419,0.19001,spy_options_2016.parquet,2446713
SPY,2016-07-20,2016-07-20T16:00:00-04:00,217.09,2016-08-26,37.0,0.10136986301369863,201.0,put,0.4,0.42,0.42,20,,0.16913,-0.07554,0.01196,0.09988,-0.02184,-0.01773,spy_options_2016.parquet,2446713
SPY,2016-07-20,2016-07-20T16:00:00-04:00,217.09,2016-08-26,37.0,0.10136986301369863,201.5,call,16.0,16.14,0.0,,,0.17113,0.91608,0.0129,0.10928,-0.02427,0.19035,spy_options_2016.parquet,2446714
SPY,2016-07-20,2016-07-20T16:00:00-04:00,217.09,2016-08-26,37.0,0.10136986301369863,201.5,put,0.43,0.44,0.44,16,,0.1674,-0.07986,0.01267,0.10487,-0.02251,-0.01847,spy_options_2016.parquet,2446714
SPY,2016-07-20,2016-07-20T16:00:00-04:00,217.09,2016-08-26,37.0,0.10136986301369863,202.0,call,15.53,15.66,0.0,,,0.17004,0.91014,0.01357,0.1143,-0.02495,0.18993,spy_options_2016.parquet,2446715
SPY,2016-07-20,2016-07-20T16:00:00-04:00,217.09,2016-08-26,37.0,0.10136986301369863,202.0,put,0.46,0.46,0.47,41,,0.16532,-0.0836,0.01329,0.1083,-0.02376,-0.01986,spy_options_2016.parquet,2446715
SPY,2016-07-20,2016-07-20T16:00:00-04:00,217.09,2016-08-26,37.0,0.10136986301369863,202.5,call,15.05,15.17,14.0,0,,0.16662,0.90661,0.01433,0.11732,-0.0256,0.18888,spy_options_2016.parquet,2446716
SPY,2016-07-20,2016-07-20T16:00:00-04:00,217.09,2016-08-26,37.0,0.10136986301369863,202.5,put,0.47,0.48,0.47,2,,0.16356,-0.08865,0.01409,0.11288,-0.02392,-0.02056,spy_options_2016.parquet,2446716
SPY,2016-07-20,2016-07-20T16:00:00-04:00,217.09,2016-08-26,37.0,0.10136986301369863,203.0,call,14.55,14.71,14.66,1,,0.1642,0.90224,0.015,0.12143,-0.02646,0.1888,spy_options_2016.parquet,2446717
SPY,2016-07-20,2016-07-20T16:00:00-04:00,217.09,2016-08-26,37.0,0.10136986301369863,203.0,put,0.5,0.51,0.49,19,,0.16093,-0.09399,0.01481,0.11736,-0.02486,-0.0213,spy_options_2016.parquet,2446717
SPY,2016-07-20,2016-07-20T16:00:00-04:00,217.09,2016-08-26,37.0,0.10136986301369863,203.5,call,14.09,14.24,0.0,,,0.16206,0.8966,0.01581,0.12702,-0.02687,0.18822,spy_options_2016.parquet,2446718
SPY,2016-07-20,2016-07-20T16:00:00-04:00,217.09,2016-08-26,37.0,0.10136986301369863,203.5,put,0.52,0.54,0.68,0,,0.15875,-0.09977,0.01573,0.12264,-0.02572,-0.02276,spy_options_2016.parquet,2446718
SPY,2016-07-20,2016-07-20T16:00:00-04:00,217.09,2016-08-26,37.0,0.10136986301369863,204.0,call,13.65,13.75,13.79,2,,0.16056,0.88993,0.01667,0.13188,-0.02781,0.18712,spy_options_2016.parquet,2446719
SPY,2016-07-20,2016-07-20T16:00:00-04:00,217.09,2016-08-26,37.0,0.10136986301369863,204.0,put,0.55,0.58,0.55,12,,0.1571,-0.10457,0.01655,0.12767,-0.02609,-0.0244,spy_options_2016.parquet,2446719
SPY,2016-07-20,2016-07-20T16:00:00-04:00,217.09,2016-08-26,37.0,0.10136986301369863,204.5,call,13.17,13.3,0.0,,,0.15843,0.88396,0.01759,0.1366,-0.0287,0.1857,spy_options_2016.parquet,2446720
SPY,2016-07-20,2016-07-20T16:00:00-04:00,217.09,2016-08-26,37.0,0.10136986301369863,204.5,put,0.58,0.6,0.61,24,,0.15424,-0.11031,0.01739,0.13288,-0.02699,-0.02575,spy_options_2016.parquet,2446720
SPY,2016-07-20,2016-07-20T16:00:00-04:00,217.09,2016-08-26,37.0,0.10136986301369863,205.0,call,12.7,12.81,12.86,1,,0.1554,0.87861,0.01855,0.14237,-0.02902,0.18542,spy_options_2016.parquet,2446721
SPY,2016-07-20,2016-07-20T16:00:00-04:00,217.09,2016-08-26,37.0,0.10136986301369863,205.0,put,0.63,0.64,0.62,131,,0.15274,-0.11677,0.0184,0.1379,-0.02774,-0.02656,spy_options_2016.parquet,2446721
SPY,2016-07-20,2016-07-20T16:00:00-04:00,217.09,2016-08-26,37.0,0.10136986301369863,205.5,call,12.24,12.36,0.0,,,0.15368,0.87109,0.01955,0.14768,-0.02983,0.18425,spy_options_2016.parquet,2446722
SPY,2016-07-20,2016-07-20T16:00:00-04:00,217.09,2016-08-26,37.0,0.10136986301369863,205.5,put,0.64,0.67,0.64,6,,0.14995,-0.12344,0.01947,0.14356,-0.02871,-0.02862,spy_options_2016.parquet,2446722
SPY,2016-07-20,2016-07-20T16:00:00-04:00,217.09,2016-08-26,37.0,0.10136986301369863,206.0,call,11.78,11.9,12.0,2,,0.15153,0.86329,0.02059,0.1537,-0.03066,0.18322,spy_options_2016.parquet,2446723
SPY,2016-07-20,2016-07-20T16:00:00-04:00,217.09,2016-08-26,37.0,0.10136986301369863,206.0,put,0.69,0.71,0.69,44,,0.14794,-0.13135,0.02048,0.15,-0.02862,-0.02993,spy_options_2016.parquet,2446723
SPY,2016-07-20,2016-07-20T16:00:00-04:00,217.09,2016-08-26,37.0,0.10136986301369863,206.5,call,11.33,11.43,0.0,,,0.14906,0.85619,0.02166,0.15895,-0.03133,0.18186,spy_options_2016.parquet,2446724
SPY,2016-07-20,2016-07-20T16:00:00-04:00,217.09,2016-08-26,37.0,0.10136986301369863,206.5,put,0.73,0.75,0.94,0,,0.14573,-0.13886,0.02164,0.15602,-0.02935,-0.03174,spy_options_2016.parquet,2446724
SPY,2016-07-20,2016-07-20T16:00:00-04:00,217.09,2016-08-26,37.0,0.10136986301369863,207.0,call,10.86,10.98,11.07,7,,0.14689,0.84764,0.02291,0.16547,-0.03135,0.18034,spy_options_2016.parquet,2446725
SPY,2016-07-20,2016-07-20T16:00:00-04:00,217.09,2016-08-26,37.0,0.10136986301369863,207.0,put,0.77,0.79,0.76,8,,0.14359,-0.14739,0.02285,0.16185,-0.03005,-0.03425,spy_options_2016.parquet,2446725
SPY,2016-07-20,2016-07-20T16:00:00-04:00,217.09,2016-08-26,37.0,0.10136986301369863,207.5,call,10.43,10.5,10.54,3,,0.14428,0.84014,0.02412,0.17072,-0.03282,0.17902,spy_options_2016.parquet,2446726
SPY,2016-07-20,2016-07-20T16:00:00-04:00,217.09,2016-08-26,37.0,0.10136986301369863,207.5,put,0.82,0.84,0.79,19,,0.14217,-0.15586,0.02409,0.16797,-0.03141,-0.03625,spy_options_2016.parquet,2446726
SPY,2016-07-20,2016-07-20T16:00:00-04:00,217.09,2016-08-26,37.0,0.10136986301369863,208.0,call,9.97,10.05,9.55,6,,0.14247,0.83007,0.02539,0.17761,-0.03368,0.17672,spy_options_2016.parquet,2446727
SPY,2016-07-20,2016-07-20T16:00:00-04:00,217.09,2016-08-26,37.0,0.10136986301369863,208.0,put,0.87,0.89,0.9,54,,0.1398,-0.1656,0.02541,0.17444,-0.03199,-0.03803,spy_options_2016.parquet,2446727
SPY,2016-07-20,2016-07-20T16:00:00-04:00,217.09,2016-08-26,37.0,0.10136986301369863,208.5,call,9.52,9.63,9.23,2,,0.14069,0.81911,0.02674,0.18485,-0.03445,0.17475,spy_options_2016.parquet,2446728
SPY,2016-07-20,2016-07-20T16:00:00-04:00,217.09,2016-08-26,37.0,0.10136986301369863,208.5,put,0.92,0.95,0.91,34,,0.13781,-0.1759,0.02682,0.18199,-0.03295,-0.04044,spy_options_2016.parquet,2446728
SPY,2016-07-20,2016-07-20T16:00:00-04:00,217.09,2016-08-26,37.0,0.10136986301369863,209.0,call,9.07,9.16,9.23,8,,0.13809,0.80993,0.02814,0.19011,-0.03417,0.17318,spy_options_2016.parquet,2446729
SPY,2016-07-20,2016-07-20T16:00:00-04:00,217.09,2016-08-26,37.0,0.10136986301369863,209.0,put,0.99,1.0,0.97,74,,0.13549,-0.18658,0.02823,0.18885,-0.03354,-0.04322,spy_options_2016.parquet,2446729
SPY,2016-07-20,2016-07-20T16:00:00-04:00,217.09,2016-08-26,37.0,0.10136986301369863,209.5,call,8.63,8.73,8.77,7,,0.1355,0.79801,0.02966,0.19765,-0.03562,0.17108,spy_options_2016.parquet,2446730
SPY,2016-07-20,2016-07-20T16:00:00-04:00,217.09,2016-08-26,37.0,0.10136986301369863,209.5,put,1.05,1.07,1.05,31,,0.13396,-0.1979,0.02979,0.19564,-0.03401,-0.04579,spy_options_2016.parquet,2446730
SPY,2016-07-20,2016-07-20T16:00:00-04:00,217.09,2016-08-26,37.0,0.10136986301369863,210.0,call,8.21,8.28,8.43,340,,0.13343,0.78593,0.03122,0.2041,-0.03562,0.16924,spy_options_2016.parquet,2446731
SPY,2016-07-20,2016-07-20T16:00:00-04:00,217.09,2016-08-26,37.0,0.10136986301369863,210.0,put,1.11,1.13,1.08,192,,0.13073,-0.20994,0.03143,0.20226,-0.03505,-0.04815,spy_options_2016.parquet,2446731
SPY,2016-07-20,2016-07-20T16:00:00-04:00,217.09,2016-08-26,37.0,0.10136986301369863,210.5,call,7.79,7.87,7.29,1,,0.13119,0.77337,0.03279,0.21132,-0.03689,0.16622,spy_options_2016.parquet,2446732
SPY,2016-07-20,2016-07-20T16:00:00-04:00,217.09,2016-08-26,37.0,0.10136986301369863,210.5,put,1.19,1.2,1.15,135,,0.12963,-0.22327,0.03298,0.20979,-0.03583,-0.05168,spy_options_2016.parquet,2446732
SPY,2016-07-20,2016-07-20T16:00:00-04:00,217.09,2016-08-26,37.0,0.10136986301369863,211.0,call,7.36,7.44,7.49,8,,0.12929,0.75999,0.03449,0.21847,-0.03747,0.16411,spy_options_2016.parquet,2446733
SPY,2016-07-20,2016-07-20T16:00:00-04:00,217.09,2016-08-26,37.0,0.10136986301369863,211.0,put,1.25,1.28,1.24,96,,0.12751,-0.23719,0.03471,0.21718,-0.03612,-0.05449,spy_options_2016.parquet,2446733
SPY,2016-07-20,2016-07-20T16:00:00-04:00,217.09,2016-08-26,37.0,0.10136986301369863,211.5,call,6.93,7.03,0.0,,,0.12685,0.74516,0.0362,0.2249,-0.03762,0.16091,spy_options_2016.parquet,2446734
SPY,2016-07-20,2016-07-20T16:00:00-04:00,217.09,2016-08-26,37.0,0.10136986301369863,211.5,put,1.33,1.36,1.54,0,,0.12558,-0.2524,0.03644,0.22414,-0.03698,-0.05749,spy_options_2016.parquet,2446734
SPY,2016-07-20,2016-07-20T16:00:00-04:00,217.09,2016-08-26,37.0,0.10136986301369863,212.0,call,6.53,6.61,6.71,14,,0.12457,0.72914,0.03801,0.23236,-0.03848,0.15772,spy_options_2016.parquet,2446735
SPY,2016-07-20,2016-07-20T16:00:00-04:00,217.09,2016-08-26,37.0,0.10136986301369863,212.0,put,1.43,1.45,1.39,96,,0.12266,-0.26787,0.03829,0.23094,-0.03727,-0.06122,spy_options_2016.parquet,2446735
SPY,2016-07-20,2016-07-20T16:00:00-04:00,217.09,2016-08-26,37.0,0.10136986301369863,212.5,call,6.12,6.21,6.21,1,,0.12247,0.71244,0.03966,0.23932,-0.03896,0.15449,spy_options_2016.parquet,2446736
SPY,2016-07-20,2016-07-20T16:00:00-04:00,217.09,2016-08-26,37.0,0.10136986301369863,212.5,put,1.52,1.56,1.49,13,,0.12092,-0.28502,0.04011,0.23801,-0.03833,-0.06556,spy_options_2016.parquet,2446736
SPY,2016-07-20,2016-07-20T16:00:00-04:00,217.09,2016-08-26,37.0,0.10136986301369863,213.0,call,5.75,5.8,5.94,103,,0.1201,0.69443,0.04158,0.24539,-0.03959,0.15122,spy_options_2016.parquet,2446737
SPY,2016-07-20,2016-07-20T16:00:00-04:00,217.09,2016-08-26,37.0,0.10136986301369863,213.0,put,1.62,1.65,1.58,59,,0.11843,-0.30281,0.04204,0.24482,-0.03816,-0.06871,spy_options_2016.parquet,2446737
SPY,2016-07-20,2016-07-20T16:00:00-04:00,217.09,2016-08-26,37.0,0.10136986301369863,213.5,call,5.36,5.42,5.29,3,,0.11906,0.67543,0.04325,0.25241,-0.03998,0.14677,spy_options_2016.parquet,2446738
SPY,2016-07-20,2016-07-20T16:00:00-04:00,217.09,2016-08-26,37.0,0.10136986301369863,213.5,put,1.73,1.75,1.69,13,,0.11585,-0.32158,0.04399,0.25079,-0.03855,-0.07381,spy_options_2016.parquet,2446738
SPY,2016-07-20,2016-07-20T16:00:00-04:00,217.09,2016-08-26,37.0,0.10136986301369863,214.0,call,4.97,5.02,5.12,28,,0.11608,0.6555,0.04524,0.25835,-0.03995,0.14354,spy_options_2016.parquet,2446739
SPY,2016-07-20,2016-07-20T16:00:00-04:00,217.09,2016-08-26,37.0,0.10136986301369863,214.0,put,1.85,1.88,1.81,235,,0.11429,-0.34152,0.04581,0.25725,-0.03869,-0.07781,spy_options_2016.parquet,2446739
SPY,2016-07-20,2016-07-20T16:00:00-04:00,217.09,2016-08-26,37.0,0.10136986301369863,214.5,call,4.61,4.65,4.74,372,,0.11361,0.63449,0.04711,0.26326,-0.04002,0.13845,spy_options_2016.parquet,2446740
SPY,2016-07-20,2016-07-20T16:00:00-04:00,217.09,2016-08-26,37.0,0.10136986301369863,214.5,put,1.98,1.99,1.93,18,,0.11244,-0.36274,0.0478,0.26327,-0.039,-0.08257,spy_options_2016.parquet,2446740
SPY,2016-07-20,2016-07-20T16:00:00-04:00,217.09,2016-08-26,37.0,0.10136986301369863,215.0,call,4.25,4.29,4.33,143,,0.11236,0.61232,0.04878,0.26855,-0.03983,0.13449,spy_options_2016.parquet,2446741
SPY,2016-07-20,2016-07-20T16:00:00-04:00,217.09,2016-08-26,37.0,0.10136986301369863,215.0,put,2.11,2.13,2.08,,,0.11039,-0.38551,0.04966,0.2677,-0.03914,-0.0877,spy_options_2016.parquet,2446741
SPY,2016-07-20,2016-07-20T16:00:00-04:00,217.09,2016-08-26,37.0,0.10136986301369863,215.5,call,3.89,3.94,3.95,16,,0.11019,0.58899,0.0505,0.27196,-0.04003,0.12868,spy_options_2016.parquet,2446742
SPY,2016-07-20,2016-07-20T16:00:00-04:00,217.09,2016-08-26,37.0,0.10136986301369863,215.5,put,2.26,2.27,2.22,,,0.10772,-0.40957,0.05152,0.27186,-0.0385,-0.09304,spy_options_2016.parquet,2446742
SPY,2016-07-20,2016-07-20T16:00:00-04:00,217.09,2016-08-26,37.0,0.10136986301369863,216.0,call,3.56,3.59,3.65,89,,0.10784,0.56431,0.05215,0.27609,-0.03931,0.12437,spy_options_2016.parquet,2446743
SPY,2016-07-20,2016-07-20T16:00:00-04:00,217.09,2016-08-26,37.0,0.10136986301369863,216.0,put,2.42,2.45,2.4,,,0.10515,-0.43415,0.05323,0.27583,-0.03831,-0.09858,spy_options_2016.parquet,2446743
SPY,2016-07-20,2016-07-20T16:00:00-04:00,217.09,2016-08-26,37.0,0.10136986301369863,216.5,call,3.24,3.28,3.41,76,,0.10622,0.539,0.05361,0.27799,-0.0393,0.11808,spy_options_2016.parquet,2446744
SPY,2016-07-20,2016-07-20T16:00:00-04:00,217.09,2016-08-26,37.0,0.10136986301369863,216.5,put,2.59,2.62,2.56,535,,0.10343,-0.46114,0.05456,0.27752,-0.03831,-0.10363,spy_options_2016.parquet,2446744
SPY,2016-07-20,2016-07-20T16:00:00-04:00,217.09,2016-08-26,37.0,0.10136986301369863,217.0,call,2.92,2.96,3.03,423,,0.10338,0.51211,0.05545,0.27942,-0.03796,0.11291,spy_options_2016.parquet,2446745
SPY,2016-07-20,2016-07-20T16:00:00-04:00,217.09,2016-08-26,37.0,0.10136986301369863,217.0,put,2.78,2.81,2.74,881,,0.10128,-0.48875,0.0564,0.27968,-0.03769,-0.11028,spy_options_2016.parquet,2446745
SPY,2016-07-20,2016-07-20T16:00:00-04:00,217.09,2016-08-26,37.0,0.10136986301369863,217.5,call,2.63,2.65,2.68,279,,0.10145,0.48398,0.05608,0.27867,-0.03748,0.10659,spy_options_2016.parquet,2446746
SPY,2016-07-20,2016-07-20T16:00:00-04:00,217.09,2016-08-26,37.0,0.10136986301369863,217.5,put,2.98,3.01,3.02,135,,0.09996,-0.5173,0.05702,0.27956,-0.03663,-0.11568,spy_options_2016.parquet,2446746
SPY,2016-07-20,2016-07-20T16:00:00-04:00,217.09,2016-08-26,37.0,0.10136986301369863,218.0,call,2.34,2.37,2.45,,,0.09925,0.45432,0.05688,0.27802,-0.03618,0.10007,spy_options_2016.parquet,2446747
SPY,2016-07-20,2016-07-20T16:00:00-04:00,217.09,2016-08-26,37.0,0.10136986301369863,218.0,put,3.18,3.21,3.16,39,,0.09709,-0.54659,0.05799,0.27749,-0.03622,-0.12202,spy_options_2016.parquet,2446747
SPY,2016-07-20,2016-07-20T16:00:00-04:00,217.09,2016-08-26,37.0,0.10136986301369863,218.5,call,2.08,2.1,2.23,,,0.0979,0.42478,0.05738,0.27439,-0.0357,0.09431,spy_options_2016.parquet,2446748
SPY,2016-07-20,2016-07-20T16:00:00-04:00,217.09,2016-08-26,37.0,0.10136986301369863,218.5,put,3.41,3.45,3.4,39,,0.09564,-0.5774,0.05849,0.27404,-0.03465,-0.12775,spy_options_2016.parquet,2446748
SPY,2016-07-20,2016-07-20T16:00:00-04:00,217.09,2016-08-26,37.0,0.10136986301369863,219.0,call,1.81,1.84,1.83,291,,0.09544,0.39351,0.05756,0.26941,-0.0336,0.08732,spy_options_2016.parquet,2446749
SPY,2016-07-20,2016-07-20T16:00:00-04:00,217.09,2016-08-26,37.0,0.10136986301369863,219.0,put,3.67,3.7,3.61,94,,0.09319,-0.60851,0.0586,0.26936,-0.03357,-0.13406,spy_options_2016.parquet,2446749
SPY,2016-07-20,2016-07-20T16:00:00-04:00,217.09,2016-08-26,37.0,0.10136986301369863,219.5,call,1.58,1.61,1.69,94,,0.09343,0.36251,0.05727,0.26317,-0.03206,0.08048,spy_options_2016.parquet,2446750
SPY,2016-07-20,2016-07-20T16:00:00-04:00,217.09,2016-08-26,37.0,0.10136986301369863,219.5,put,3.94,3.97,3.9,1,,0.09146,-0.63935,0.05815,0.26206,-0.03164,-0.14,spy_options_2016.parquet,2446750
SPY,2016-07-20,2016-07-20T16:00:00-04:00,217.09,2016-08-26,37.0,0.10136986301369863,220.0,call,1.37,1.39,1.45,213,,0.09194,0.33183,0.05655,0.25464,-0.03044,0.0741,spy_options_2016.parquet,2446751
SPY,2016-07-20,2016-07-20T16:00:00-04:00,217.09,2016-08-26,37.0,0.10136986301369863,220.0,put,4.24,4.26,4.12,408,,0.08955,-0.67162,0.05719,0.25371,-0.03051,-0.14497,spy_options_2016.parquet,2446751
SPY,2016-07-20,2016-07-20T16:00:00-04:00,217.09,2016-08-26,37.0,0.10136986301369863,220.5,call,1.19,1.19,1.23,106,,0.09026,0.30162,0.05515,0.24464,-0.02868,0.06651,spy_options_2016.parquet,2446752
SPY,2016-07-20,2016-07-20T16:00:00-04:00,217.09,2016-08-26,37.0,0.10136986301369863,220.5,put,4.54,4.57,5.29,0,,0.0882,-0.70313,0.05583,0.24228,-0.02796,-0.14962,spy_options_2016.parquet,2446752
SPY,2016-07-20,2016-07-20T16:00:00-04:00,217.09,2016-08-26,37.0,0.10136986301369863,221.0,call,1.0,1.04,1.06,,,0.08899,0.27067,0.05342,0.23241,-0.02704,0.06048,spy_options_2016.parquet,2446753
SPY,2016-07-20,2016-07-20T16:00:00-04:00,217.09,2016-08-26,37.0,0.10136986301369863,221.0,put,4.83,4.9,5.27,1,,0.08584,-0.73481,0.05396,0.2298,-0.02565,-0.15447,spy_options_2016.parquet,2446753
SPY,2016-07-20,2016-07-20T16:00:00-04:00,217.09,2016-08-26,37.0,0.10136986301369863,221.5,call,0.85,0.89,0.93,22,,0.08714,0.24252,0.05106,0.21986,-0.02493,0.0541,spy_options_2016.parquet,2446754
SPY,2016-07-20,2016-07-20T16:00:00-04:00,217.09,2016-08-26,37.0,0.10136986301369863,221.5,put,5.18,5.27,6.31,0,,0.08542,-0.76346,0.05128,0.21633,-0.02405,-0.15731,spy_options_2016.parquet,2446754
SPY,2016-07-20,2016-07-20T16:00:00-04:00,217.09,2016-08-26,37.0,0.10136986301369863,222.0,call,0.72,0.75,0.77,90,,0.08623,0.21447,0.04836,0.20498,-0.02306,0.04759,spy_options_2016.parquet,2446755
SPY,2016-07-20,2016-07-20T16:00:00-04:00,217.09,2016-08-26,37.0,0.10136986301369863,222.0,put,5.54,5.62,5.56,21,,0.08337,-0.79203,0.04822,0.20104,-0.02154,-0.1591,spy_options_2016.parquet,2446755
SPY,2016-07-20,2016-07-20T16:00:00-04:00,217.09,2016-08-26,37.0,0.10136986301369863,222.5,call,0.6,0.63,0.64,246,,0.08575,0.19002,0.04531,0.19092,-0.02195,0.04201,spy_options_2016.parquet,2446756
SPY,2016-07-20,2016-07-20T16:00:00-04:00,217.09,2016-08-26,37.0,0.10136986301369863,222.5,put,5.93,6.01,6.15,1,,0.08194,-0.81842,0.04471,0.18516,-0.01984,-0.15997,spy_options_2016.parquet,2446756
SPY,2016-07-20,2016-07-20T16:00:00-04:00,217.09,2016-08-26,37.0,0.10136986301369863,223.0,call,0.51,0.53,0.54,197,,0.0851,0.16668,0.04205,0.17566,-0.01909,0.03721,spy_options_2016.parquet,2446757
SPY,2016-07-20,2016-07-20T16:00:00-04:00,217.09,2016-08-26,37.0,0.10136986301369863,223.0,put,6.32,6.44,0.0,,,0.08195,-0.83937,0.04094,0.17125,-0.01835,-0.15867,spy_options_2016.parquet,2446757
SPY,2016-07-20,2016-07-20T16:00:00-04:00,217.09,2016-08-26,37.0,0.10136986301369863,224.0,call,0.37,0.37,0.39,93,,0.08453,0.12873,0.03536,0.14807,-0.0164,0.02849,spy_options_2016.parquet,2446758
SPY,2016-07-20,2016-07-20T16:00:00-04:00,217.09,2016-08-26,37.0,0.10136986301369863,224.0,put,7.17,7.28,0.0,,,0.08049,-0.87935,0.03296,0.14114,-0.015,-0.15216,spy_options_2016.parquet,2446758
SPY,2016-07-20,2016-07-20T16:00:00-04:00,217.09,2016-08-26,37.0,0.10136986301369863,225.0,call,0.28,0.28,0.28,179,,0.08504,0.09832,0.0292,0.12276,-0.01317,0.0221,spy_options_2016.parquet,2446759
SPY,2016-07-20,2016-07-20T16:00:00-04:00,217.09,2016-08-26,37.0,0.10136986301369863,225.0,put,8.09,8.2,8.0,18,,0.08187,-0.90407,0.02573,0.11952,-0.01285,-0.14191,spy_options_2016.parquet,2446759
SPY,2016-07-20,2016-07-20T16:00:00-04:00,217.09,2016-08-26,37.0,0.10136986301369863,227.5,call,0.14,0.15,0.17,75,,0.08971,0.05462,0.01765,0.07883,-0.00921,0.01225,spy_options_2016.parquet,2446760
SPY,2016-07-20,2016-07-20T16:00:00-04:00,217.09,2016-08-26,37.0,0.10136986301369863,227.5,put,10.44,10.59,10.57,112,,0.08802,-0.93566,0.01182,0.08564,-0.01005,-0.10815,spy_options_2016.parquet,2446760
SPY,2016-07-20,2016-07-20T16:00:00-04:00,217.09,2016-08-26,37.0,0.10136986301369863,230.0,call,0.09,0.1,0.1,33,,0.09865,0.03574,0.01132,0.05502,-0.00702,0.00796,spy_options_2016.parquet,2446761
SPY,2016-07-20,2016-07-20T16:00:00-04:00,217.09,2016-08-26,37.0,0.10136986301369863,230.0,put,12.86,13.05,13.2,1,,0.09866,-0.94424,0.00434,0.07426,-0.00965,-0.07826,spy_options_2016.parquet,2446761
SPY,2016-07-20,2016-07-20T16:00:00-04:00,217.09,2016-08-26,37.0,0.10136986301369863,232.5,call,0.06,0.08,0.06,3,,0.10613,0.02396,0.00751,0.03955,-0.00564,0.00481,spy_options_2016.parquet,2446762
SPY,2016-07-20,2016-07-20T16:00:00-04:00,217.09,2016-08-26,37.0,0.10136986301369863,232.5,put,15.33,15.53,0.0,,,0.11336,-0.94447,0.00149,0.07304,-0.01117,-0.06489,spy_options_2016.parquet,2446762
SPY,2016-07-20,2016-07-20T16:00:00-04:00,217.09,2016-08-26,37.0,0.10136986301369863,235.0,call,0.04,0.05,0.05,1,,0.11343,0.01626,0.00501,0.02858,-0.00455,0.0031,spy_options_2016.parquet,2446763
SPY,2016-07-20,2016-07-20T16:00:00-04:00,217.09,2016-08-26,37.0,0.10136986301369863,235.0,put,17.85,18.02,0.0,,,0.13097,-0.94225,0.0013,0.07458,-0.01269,-0.06701,spy_options_2016.parquet,2446763
SPY,2016-07-20,2016-07-20T16:00:00-04:00,217.09,2016-08-26,37.0,0.10136986301369863,237.5,call,0.03,0.04,0.04,0,,0.12204,0.01231,0.00362,0.02262,-0.00328,0.00263,spy_options_2016.parquet,2446764
SPY,2016-07-20,2016-07-20T16:00:00-04:00,217.09,2016-08-26,37.0,0.10136986301369863,237.5,put,20.33,20.54,0.0,,,0.14936,-0.94127,0.001,0.07572,-0.01449,-0.06636,spy_options_2016.parquet,2446764
SPY,2016-07-20,2016-07-20T16:00:00-04:00,217.09,2016-08-26,37.0,0.10136986301369863,240.0,call,0.03,0.02,0.02,1,,0.12922,0.00833,0.00254,0.01658,-0.00248,0.00173,spy_options_2016.parquet,2446765
SPY,2016-07-20,2016-07-20T16:00:00-04:00,217.09,2016-08-26,37.0,0.10136986301369863,240.0,put,22.8,23.01,0.0,,,-0.00047,-1.0,0.0,0.0,0.0,0.0,spy_options_2016.parquet,2446765
SPY,2016-07-20,2016-07-20T16:00:00-04:00,217.09,2016-08-26,37.0,0.10136986301369863,242.5,call,0.01,0.02,0.02,0,,0.13306,0.0053,0.00155,0.0106,-0.0014,0.00095,spy_options_2016.parquet,2446766
SPY,2016-07-20,2016-07-20T16:00:00-04:00,217.09,2016-08-26,37.0,0.10136986301369863,242.5,put,25.33,25.52,0.0,,,0.18221,-0.93761,0.00012,0.07752,-0.00536,-0.05301,spy_options_2016.parquet,2446766
SPY,2016-07-20,2016-07-20T16:00:00-04:00,217.09,2016-08-26,37.0,0.10136986301369863,245.0,call,0.01,0.03,0.01,0,,0.1432,0.0043,0.00137,0.0102,-0.00176,0.00136,spy_options_2016.parquet,2446767
SPY,2016-07-20,2016-07-20T16:00:00-04:00,217.09,2016-08-26,37.0,0.10136986301369863,245.0,put,27.81,28.01,0.0,,,-4e-05,-1.0,0.0,0.0,0.0,0.0,spy_options_2016.parquet,2446767
SPY,2016-07-20,2016-07-20T16:00:00-04:00,217.09,2016-09-16,58.0,0.1589041095890411,150.0,call,66.99,67.26,0.0,,,0.57857,0.92557,0.00054,0.09014,-0.04035,0.02682,spy_options_2016.parquet,2446785
SPY,2016-07-20,2016-07-20T16:00:00-04:00,217.09,2016-09-16,58.0,0.1589041095890411,150.0,put,0.06,0.06,0.06,240,,0.36701,-0.0055,0.00046,0.01276,-0.00359,-0.00142,spy_options_2016.parquet,2446785
SPY,2016-07-20,2016-07-20T16:00:00-04:00,217.09,2016-09-16,58.0,0.1589041095890411,155.0,call,62.02,62.3,0.0,,,0.52469,0.9292,0.00072,0.08936,-0.03679,0.03126,spy_options_2016.parquet,2446786
SPY,2016-07-20,2016-07-20T16:00:00-04:00,217.09,2016-09-16,58.0,0.1589041095890411,155.0,put,0.06,0.07,0.07,,,0.34331,-0.00632,0.00058,0.01541,-0.00418,-0.00235,spy_options_2016.parquet,2446786
SPY,2016-07-20,2016-07-20T16:00:00-04:00,217.09,2016-09-16,58.0,0.1589041095890411,156.0,call,61.04,61.31,0.0,,,0.51499,0.93015,0.0008,0.08949,-0.03558,0.03308,spy_options_2016.parquet,2446787
SPY,2016-07-20,2016-07-20T16:00:00-04:00,217.09,2016-09-16,58.0,0.1589041095890411,156.0,put,0.06,0.07,0.08,0,,0.33775,-0.00678,0.00058,0.01596,-0.00455,-0.00234,spy_options_2016.parquet,2446787
SPY,2016-07-20,2016-07-20T16:00:00-04:00,217.09,2016-09-16,58.0,0.1589041095890411,157.0,call,60.05,60.31,0.0,,,0.50443,0.93087,0.00081,0.08892,-0.03472,0.03367,spy_options_2016.parquet,2446788
SPY,2016-07-20,2016-07-20T16:00:00-04:00,217.09,2016-09-16,58.0,0.1589041095890411,157.0,put,0.06,0.07,0.09,0,,0.33187,-0.00658,0.00066,0.01628,-0.00404,-0.00261,spy_options_2016.parquet,2446788
SPY,2016-07-20,2016-07-20T16:00:00-04:00,217.09,2016-09-16,58.0,0.1589041095890411,158.0,call,59.01,59.29,0.0,,,0.49121,0.93149,0.00079,0.08742,-0.03369,0.03188,spy_options_2016.parquet,2446789
SPY,2016-07-20,2016-07-20T16:00:00-04:00,217.09,2016-09-16,58.0,0.1589041095890411,158.0,put,0.07,0.09,0.08,209,,0.33171,-0.00797,0.00067,0.01782,-0.00499,-0.00303,spy_options_2016.parquet,2446789
SPY,2016-07-20,2016-07-20T16:00:00-04:00,217.09,2016-09-16,58.0,0.1589041095890411,159.0,call,58.03,58.3,0.0,,,0.4811,0.93234,0.00087,0.08696,-0.03281,0.03328,spy_options_2016.parquet,2446790
SPY,2016-07-20,2016-07-20T16:00:00-04:00,217.09,2016-09-16,58.0,0.1589041095890411,159.0,put,0.06,0.09,0.09,0,,0.32578,-0.00776,0.00074,0.01796,-0.00509,-0.00331,spy_options_2016.parquet,2446790
SPY,2016-07-20,2016-07-20T16:00:00-04:00,217.09,2016-09-16,58.0,0.1589041095890411,160.0,call,57.04,57.29,0.0,,,0.47087,0.93377,0.00087,0.08678,-0.03153,0.03363,spy_options_2016.parquet,2446791
SPY,2016-07-20,2016-07-20T16:00:00-04:00,217.09,2016-09-16,58.0,0.1589041095890411,160.0,put,0.07,0.08,0.08,856,,0.31996,-0.00804,0.0008,0.01838,-0.00543,-0.00307,spy_options_2016.parquet,2446791
SPY,2016-07-20,2016-07-20T16:00:00-04:00,217.09,2016-09-16,58.0,0.1589041095890411,161.0,call,56.04,56.32,0.0,,,0.46183,0.93369,0.00094,0.08659,-0.03106,0.03551,spy_options_2016.parquet,2446792
SPY,2016-07-20,2016-07-20T16:00:00-04:00,217.09,2016-09-16,58.0,0.1589041095890411,161.0,put,0.08,0.09,0.09,68,,0.31863,-0.00877,0.00088,0.02037,-0.0059,-0.00301,spy_options_2016.parquet,2446792
SPY,2016-07-20,2016-07-20T16:00:00-04:00,217.09,2016-09-16,58.0,0.1589041095890411,162.0,call,55.04,55.33,0.0,,,0.45143,0.9344,0.00099,0.08576,-0.02976,0.03651,spy_options_2016.parquet,2446793
SPY,2016-07-20,2016-07-20T16:00:00-04:00,217.09,2016-09-16,58.0,0.1589041095890411,162.0,put,0.08,0.09,0.11,0,,0.31256,-0.00902,0.00085,0.02084,-0.0055,-0.00355,spy_options_2016.parquet,2446793
SPY,2016-07-20,2016-07-20T16:00:00-04:00,217.09,2016-09-16,58.0,0.1589041095890411,163.0,call,54.05,54.32,0.0,,,0.44119,0.93518,0.0011,0.08585,-0.0293,0.03661,spy_options_2016.parquet,2446794
SPY,2016-07-20,2016-07-20T16:00:00-04:00,217.09,2016-09-16,58.0,0.1589041095890411,163.0,put,0.09,0.1,0.1,50,,0.31157,-0.0097,0.00095,0.02357,-0.00636,-0.00345,spy_options_2016.parquet,2446794
SPY,2016-07-20,2016-07-20T16:00:00-04:00,217.09,2016-09-16,58.0,0.1589041095890411,164.0,call,53.07,53.35,0.0,,,0.43453,0.93538,0.0012,0.08653,-0.02882,0.04005,spy_options_2016.parquet,2446795
SPY,2016-07-20,2016-07-20T16:00:00-04:00,217.09,2016-09-16,58.0,0.1589041095890411,164.0,put,0.08,0.1,0.12,0,,0.30596,-0.01021,0.00105,0.02318,-0.00588,-0.00355,spy_options_2016.parquet,2446795
SPY,2016-07-20,2016-07-20T16:00:00-04:00,217.09,2016-09-16,58.0,0.1589041095890411,165.0,call,52.06,52.32,0.0,,,0.42313,0.93642,0.00124,0.08484,-0.02748,0.03991,spy_options_2016.parquet,2446796
SPY,2016-07-20,2016-07-20T16:00:00-04:00,217.09,2016-09-16,58.0,0.1589041095890411,165.0,put,0.1,0.11,0.13,0,,0.30403,-0.01139,0.00111,0.02576,-0.00675,-0.00455,spy_options_2016.parquet,2446796
SPY,2016-07-20,2016-07-20T16:00:00-04:00,217.09,2016-09-16,58.0,0.1589041095890411,166.0,call,51.06,51.33,0.0,,,0.41399,0.93774,0.00131,0.08466,-0.02723,0.04063,spy_options_2016.parquet,2446797
SPY,2016-07-20,2016-07-20T16:00:00-04:00,217.09,2016-09-16,58.0,0.1589041095890411,166.0,put,0.1,0.11,0.13,0,,0.29799,-0.01161,0.0011,0.02609,-0.00611,-0.00404,spy_options_2016.parquet,2446797
SPY,2016-07-20,2016-07-20T16:00:00-04:00,217.09,2016-09-16,58.0,0.1589041095890411,167.0,call,50.08,50.34,0.0,,,0.40544,0.93864,0.00142,0.08445,-0.02585,0.04305,spy_options_2016.parquet,2446798
SPY,2016-07-20,2016-07-20T16:00:00-04:00,217.09,2016-09-16,58.0,0.1589041095890411,167.0,put,0.12,0.13,0.12,3,,0.29497,-0.01237,0.00126,0.02779,-0.0067,-0.00435,spy_options_2016.parquet,2446798
SPY,2016-07-20,2016-07-20T16:00:00-04:00,217.09,2016-09-16,58.0,0.1589041095890411,168.0,call,49.08,49.35,0.0,,,0.39556,0.93858,0.00141,0.08385,-0.02501,0.04369,spy_options_2016.parquet,2446799
SPY,2016-07-20,2016-07-20T16:00:00-04:00,217.09,2016-09-16,58.0,0.1589041095890411,168.0,put,0.12,0.14,0.12,177,,0.29294,-0.01357,0.00139,0.03008,-0.00737,-0.00477,spy_options_2016.parquet,2446799
SPY,2016-07-20,2016-07-20T16:00:00-04:00,217.09,2016-09-16,58.0,0.1589041095890411,169.0,call,48.08,48.36,0.0,,,0.38725,0.9399,0.00161,0.08421,-0.02437,0.04524,spy_options_2016.parquet,2446800
SPY,2016-07-20,2016-07-20T16:00:00-04:00,217.09,2016-09-16,58.0,0.1589041095890411,169.0,put,0.12,0.13,0.16,0,,0.28701,-0.01322,0.0014,0.03015,-0.00753,-0.00493,spy_options_2016.parquet,2446800
SPY,2016-07-20,2016-07-20T16:00:00-04:00,217.09,2016-09-16,58.0,0.1589041095890411,170.0,call,47.09,47.36,0.0,,,0.37929,0.93987,0.00174,0.08451,-0.02369,0.04768,spy_options_2016.parquet,2446801
SPY,2016-07-20,2016-07-20T16:00:00-04:00,217.09,2016-09-16,58.0,0.1589041095890411,170.0,put,0.13,0.14,0.14,,,0.28363,-0.01517,0.00149,0.03233,-0.00785,-0.00535,spy_options_2016.parquet,2446801
SPY,2016-07-20,2016-07-20T16:00:00-04:00,217.09,2016-09-16,58.0,0.1589041095890411,171.0,call,46.09,46.36,0.0,,,0.36987,0.94064,0.00184,0.08403,-0.02375,0.04921,spy_options_2016.parquet,2446802
SPY,2016-07-20,2016-07-20T16:00:00-04:00,217.09,2016-09-16,58.0,0.1589041095890411,171.0,put,0.14,0.16,0.14,30,,0.28046,-0.01633,0.00166,0.03485,-0.00801,-0.00558,spy_options_2016.parquet,2446802
SPY,2016-07-20,2016-07-20T16:00:00-04:00,217.09,2016-09-16,58.0,0.1589041095890411,172.0,call,45.11,45.37,0.0,,,0.3629,0.94066,0.00198,0.08514,-0.02246,0.05216,spy_options_2016.parquet,2446803
SPY,2016-07-20,2016-07-20T16:00:00-04:00,217.09,2016-09-16,58.0,0.1589041095890411,172.0,put,0.13,0.16,0.15,131,,0.27648,-0.01635,0.00169,0.0359,-0.00812,-0.00629,spy_options_2016.parquet,2446803
SPY,2016-07-20,2016-07-20T16:00:00-04:00,217.09,2016-09-16,58.0,0.1589041095890411,173.0,call,44.1,44.38,0.0,,,0.35428,0.94132,0.00213,0.08511,-0.02243,0.05464,spy_options_2016.parquet,2446804
SPY,2016-07-20,2016-07-20T16:00:00-04:00,217.09,2016-09-16,58.0,0.1589041095890411,173.0,put,0.15,0.16,0.16,76,,0.27156,-0.01796,0.00183,0.03733,-0.00843,-0.00687,spy_options_2016.parquet,2446804
SPY,2016-07-20,2016-07-20T16:00:00-04:00,217.09,2016-09-16,58.0,0.1589041095890411,174.0,call,43.14,43.39,0.0,,,0.34778,0.9408,0.00218,0.08591,-0.02161,0.05772,spy_options_2016.parquet,2446805
SPY,2016-07-20,2016-07-20T16:00:00-04:00,217.09,2016-09-16,58.0,0.1589041095890411,174.0,put,0.16,0.19,0.17,148,,0.26978,-0.01901,0.002,0.04066,-0.00954,-0.00666,spy_options_2016.parquet,2446805
SPY,2016-07-20,2016-07-20T16:00:00-04:00,217.09,2016-09-16,58.0,0.1589041095890411,175.0,call,42.15,42.39,42.52,2,,0.34103,0.94075,0.00238,0.08707,-0.02208,0.06222,spy_options_2016.parquet,2446806
SPY,2016-07-20,2016-07-20T16:00:00-04:00,217.09,2016-09-16,58.0,0.1589041095890411,175.0,put,0.16,0.17,0.18,,,0.26389,-0.01952,0.00207,0.04257,-0.00963,-0.00775,spy_options_2016.parquet,2446806
SPY,2016-07-20,2016-07-20T16:00:00-04:00,217.09,2016-09-16,58.0,0.1589041095890411,176.0,call,41.17,41.43,0.0,,,0.33496,0.94036,0.00261,0.08841,-0.02161,0.06687,spy_options_2016.parquet,2446807
SPY,2016-07-20,2016-07-20T16:00:00-04:00,217.09,2016-09-16,58.0,0.1589041095890411,176.0,put,0.19,0.2,0.23,0,,0.26296,-0.02213,0.00229,0.04633,-0.01034,-0.008,spy_options_2016.parquet,2446807
SPY,2016-07-20,2016-07-20T16:00:00-04:00,217.09,2016-09-16,58.0,0.1589041095890411,177.0,call,40.15,40.42,0.0,,,0.32495,0.94184,0.00277,0.08715,-0.02048,0.06712,spy_options_2016.parquet,2446808
SPY,2016-07-20,2016-07-20T16:00:00-04:00,217.09,2016-09-16,58.0,0.1589041095890411,177.0,put,0.2,0.21,0.2,168,,0.25828,-0.02297,0.00246,0.04809,-0.01029,-0.00858,spy_options_2016.parquet,2446808
SPY,2016-07-20,2016-07-20T16:00:00-04:00,217.09,2016-09-16,58.0,0.1589041095890411,178.0,call,39.16,39.43,0.0,,,0.31747,0.94157,0.00289,0.08733,-0.02027,0.06983,spy_options_2016.parquet,2446809
SPY,2016-07-20,2016-07-20T16:00:00-04:00,217.09,2016-09-16,58.0,0.1589041095890411,178.0,put,0.21,0.23,0.22,59,,0.25413,-0.02468,0.00257,0.05063,-0.01132,-0.00867,spy_options_2016.parquet,2446809
SPY,2016-07-20,2016-07-20T16:00:00-04:00,217.09,2016-09-16,58.0,0.1589041095890411,179.0,call,38.2,38.47,0.0,,,0.31317,0.94003,0.00321,0.09102,-0.02022,0.07664,spy_options_2016.parquet,2446810
SPY,2016-07-20,2016-07-20T16:00:00-04:00,217.09,2016-09-16,58.0,0.1589041095890411,179.0,put,0.22,0.23,0.24,55,,0.25052,-0.02578,0.00281,0.05326,-0.01138,-0.00912,spy_options_2016.parquet,2446810
SPY,2016-07-20,2016-07-20T16:00:00-04:00,217.09,2016-09-16,58.0,0.1589041095890411,180.0,call,37.2,37.45,0.0,,,0.30351,0.94125,0.00335,0.08951,-0.02005,0.07706,spy_options_2016.parquet,2446811
SPY,2016-07-20,2016-07-20T16:00:00-04:00,217.09,2016-09-16,58.0,0.1589041095890411,180.0,put,0.24,0.25,0.25,,,0.24781,-0.02837,0.00301,0.05643,-0.01202,-0.01004,spy_options_2016.parquet,2446811
SPY,2016-07-20,2016-07-20T16:00:00-04:00,217.09,2016-09-16,58.0,0.1589041095890411,181.0,call,36.24,36.48,36.49,1,,0.30009,0.93869,0.00369,0.09367,-0.01961,0.08381,spy_options_2016.parquet,2446812
SPY,2016-07-20,2016-07-20T16:00:00-04:00,217.09,2016-09-16,58.0,0.1589041095890411,181.0,put,0.25,0.26,0.26,119,,0.24266,-0.03017,0.00322,0.05979,-0.01278,-0.01088,spy_options_2016.parquet,2446812
SPY,2016-07-20,2016-07-20T16:00:00-04:00,217.09,2016-09-16,58.0,0.1589041095890411,182.0,call,35.22,35.47,0.0,,,0.2915,0.93903,0.00392,0.09332,-0.01899,0.08569,spy_options_2016.parquet,2446813
SPY,2016-07-20,2016-07-20T16:00:00-04:00,217.09,2016-09-16,58.0,0.1589041095890411,182.0,put,0.27,0.28,0.28,117,,0.23991,-0.03221,0.00345,0.06336,-0.01308,-0.01225,spy_options_2016.parquet,2446813
SPY,2016-07-20,2016-07-20T16:00:00-04:00,217.09,2016-09-16,58.0,0.1589041095890411,183.0,call,34.26,34.52,0.0,,,0.28744,0.93665,0.00432,0.09739,-0.02029,0.09349,spy_options_2016.parquet,2446814
SPY,2016-07-20,2016-07-20T16:00:00-04:00,217.09,2016-09-16,58.0,0.1589041095890411,183.0,put,0.28,0.3,0.29,410,,0.23707,-0.03466,0.00376,0.06733,-0.0139,-0.01313,spy_options_2016.parquet,2446814
SPY,2016-07-20,2016-07-20T16:00:00-04:00,217.09,2016-09-16,58.0,0.1589041095890411,184.0,call,33.3,33.48,32.75,30,,0.27986,0.93673,0.0046,0.09868,-0.01938,0.09552,spy_options_2016.parquet,2446815
SPY,2016-07-20,2016-07-20T16:00:00-04:00,217.09,2016-09-16,58.0,0.1589041095890411,184.0,put,0.31,0.32,0.31,146,,0.23366,-0.03794,0.00401,0.07169,-0.01409,-0.01376,spy_options_2016.parquet,2446815
SPY,2016-07-20,2016-07-20T16:00:00-04:00,217.09,2016-09-16,58.0,0.1589041095890411,185.0,call,32.31,32.53,32.61,1,,0.27444,0.93379,0.00497,0.10261,-0.01933,0.10203,spy_options_2016.parquet,2446816
SPY,2016-07-20,2016-07-20T16:00:00-04:00,217.09,2016-09-16,58.0,0.1589041095890411,185.0,put,0.33,0.34,0.33,,,0.22928,-0.03975,0.00426,0.07555,-0.01519,-0.01409,spy_options_2016.parquet,2446816
SPY,2016-07-20,2016-07-20T16:00:00-04:00,217.09,2016-09-16,58.0,0.1589041095890411,186.0,call,31.33,31.55,31.47,47,,0.26829,0.93292,0.0053,0.10448,-0.01919,0.1056,spy_options_2016.parquet,2446817
SPY,2016-07-20,2016-07-20T16:00:00-04:00,217.09,2016-09-16,58.0,0.1589041095890411,186.0,put,0.35,0.36,0.36,,,0.2258,-0.04256,0.00458,0.07892,-0.01556,-0.01547,spy_options_2016.parquet,2446817
SPY,2016-07-20,2016-07-20T16:00:00-04:00,217.09,2016-09-16,58.0,0.1589041095890411,187.0,call,30.34,30.57,30.67,5,,0.26246,0.93038,0.00569,0.1081,-0.01988,0.11191,spy_options_2016.parquet,2446818
SPY,2016-07-20,2016-07-20T16:00:00-04:00,217.09,2016-09-16,58.0,0.1589041095890411,187.0,put,0.37,0.38,0.37,59,,0.22124,-0.04542,0.00492,0.08361,-0.01587,-0.01674,spy_options_2016.parquet,2446818
SPY,2016-07-20,2016-07-20T16:00:00-04:00,217.09,2016-09-16,58.0,0.1589041095890411,188.0,call,29.37,29.58,29.49,7,,0.25762,0.92813,0.00616,0.11173,-0.01983,0.117,spy_options_2016.parquet,2446819
SPY,2016-07-20,2016-07-20T16:00:00-04:00,217.09,2016-09-16,58.0,0.1589041095890411,188.0,put,0.41,0.4,0.4,263,,0.21834,-0.04915,0.00536,0.0891,-0.01668,-0.01811,spy_options_2016.parquet,2446819
SPY,2016-07-20,2016-07-20T16:00:00-04:00,217.09,2016-09-16,58.0,0.1589041095890411,189.0,call,28.4,28.6,28.67,143,,0.2518,0.92494,0.00666,0.11586,-0.01973,0.12261,spy_options_2016.parquet,2446820
SPY,2016-07-20,2016-07-20T16:00:00-04:00,217.09,2016-09-16,58.0,0.1589041095890411,189.0,put,0.43,0.44,0.43,147,,0.21529,-0.05365,0.0058,0.09421,-0.01763,-0.01901,spy_options_2016.parquet,2446820
SPY,2016-07-20,2016-07-20T16:00:00-04:00,217.09,2016-09-16,58.0,0.1589041095890411,190.0,call,27.42,27.64,27.71,80,,0.24686,0.92221,0.0071,0.12003,-0.02036,0.12697,spy_options_2016.parquet,2446821
SPY,2016-07-20,2016-07-20T16:00:00-04:00,217.09,2016-09-16,58.0,0.1589041095890411,190.0,put,0.46,0.48,0.46,,,0.211,-0.05677,0.00617,0.10045,-0.01888,-0.0208,spy_options_2016.parquet,2446821
SPY,2016-07-20,2016-07-20T16:00:00-04:00,217.09,2016-09-16,58.0,0.1589041095890411,191.0,call,26.47,26.68,26.61,4,,0.24237,0.91737,0.00772,0.12675,-0.02059,0.13415,spy_options_2016.parquet,2446822
SPY,2016-07-20,2016-07-20T16:00:00-04:00,217.09,2016-09-16,58.0,0.1589041095890411,191.0,put,0.49,0.5,0.49,872,,0.20727,-0.06128,0.00672,0.10589,-0.01861,-0.02214,spy_options_2016.parquet,2446822
SPY,2016-07-20,2016-07-20T16:00:00-04:00,217.09,2016-09-16,58.0,0.1589041095890411,192.0,call,25.48,25.69,0.0,,,0.23625,0.91438,0.00822,0.13012,-0.02055,0.13862,spy_options_2016.parquet,2446823
SPY,2016-07-20,2016-07-20T16:00:00-04:00,217.09,2016-09-16,58.0,0.1589041095890411,192.0,put,0.53,0.54,0.53,573,,0.20379,-0.06624,0.00726,0.11253,-0.02046,-0.02418,spy_options_2016.parquet,2446823
SPY,2016-07-20,2016-07-20T16:00:00-04:00,217.09,2016-09-16,58.0,0.1589041095890411,193.0,call,24.54,24.73,0.0,,,0.23147,0.91009,0.00881,0.13704,-0.02136,0.14408,spy_options_2016.parquet,2446824
SPY,2016-07-20,2016-07-20T16:00:00-04:00,217.09,2016-09-16,58.0,0.1589041095890411,193.0,put,0.57,0.58,0.58,98,,0.20034,-0.0712,0.00784,0.1193,-0.02103,-0.02558,spy_options_2016.parquet,2446824
SPY,2016-07-20,2016-07-20T16:00:00-04:00,217.09,2016-09-16,58.0,0.1589041095890411,194.0,call,23.6,23.7,23.83,39,,0.22551,0.90561,0.00944,0.14128,-0.02187,0.14848,spy_options_2016.parquet,2446825
SPY,2016-07-20,2016-07-20T16:00:00-04:00,217.09,2016-09-16,58.0,0.1589041095890411,194.0,put,0.6,0.63,0.61,134,,0.19638,-0.07688,0.00836,0.12614,-0.02189,-0.02761,spy_options_2016.parquet,2446825
SPY,2016-07-20,2016-07-20T16:00:00-04:00,217.09,2016-09-16,58.0,0.1589041095890411,195.0,call,22.64,22.73,22.89,37,,0.22017,0.90067,0.01013,0.14834,-0.022,0.15357,spy_options_2016.parquet,2446826
SPY,2016-07-20,2016-07-20T16:00:00-04:00,217.09,2016-09-16,58.0,0.1589041095890411,195.0,put,0.66,0.67,0.66,,,0.19391,-0.08327,0.00904,0.13333,-0.02235,-0.03057,spy_options_2016.parquet,2446826
SPY,2016-07-20,2016-07-20T16:00:00-04:00,217.09,2016-09-16,58.0,0.1589041095890411,196.0,call,21.64,21.84,21.77,1,,0.21575,0.89336,0.01087,0.15554,-0.02279,0.1584,spy_options_2016.parquet,2446827
SPY,2016-07-20,2016-07-20T16:00:00-04:00,217.09,2016-09-16,58.0,0.1589041095890411,196.0,put,0.7,0.72,0.72,208,,0.19014,-0.09035,0.00979,0.14213,-0.02379,-0.03266,spy_options_2016.parquet,2446827
SPY,2016-07-20,2016-07-20T16:00:00-04:00,217.09,2016-09-16,58.0,0.1589041095890411,197.0,call,20.71,20.91,0.0,,,0.21168,0.8859,0.01171,0.16401,-0.02363,0.16478,spy_options_2016.parquet,2446828
SPY,2016-07-20,2016-07-20T16:00:00-04:00,217.09,2016-09-16,58.0,0.1589041095890411,197.0,put,0.77,0.78,0.78,58,,0.18599,-0.09752,0.01054,0.15036,-0.02452,-0.03579,spy_options_2016.parquet,2446828
SPY,2016-07-20,2016-07-20T16:00:00-04:00,217.09,2016-09-16,58.0,0.1589041095890411,198.0,call,19.78,19.88,19.99,2,,0.20513,0.87992,0.01254,0.16991,-0.02365,0.16809,spy_options_2016.parquet,2446829
SPY,2016-07-20,2016-07-20T16:00:00-04:00,217.09,2016-09-16,58.0,0.1589041095890411,198.0,put,0.82,0.83,0.83,,,0.18206,-0.10546,0.0114,0.1582,-0.02557,-0.0377,spy_options_2016.parquet,2446829
SPY,2016-07-20,2016-07-20T16:00:00-04:00,217.09,2016-09-16,58.0,0.1589041095890411,199.0,call,18.81,18.99,18.02,0,,0.20106,0.87091,0.01336,0.17973,-0.02469,0.17358,spy_options_2016.parquet,2446830
SPY,2016-07-20,2016-07-20T16:00:00-04:00,217.09,2016-09-16,58.0,0.1589041095890411,199.0,put,0.89,0.89,0.91,,,0.17954,-0.11364,0.01233,0.16801,-0.02668,-0.04146,spy_options_2016.parquet,2446830
SPY,2016-07-20,2016-07-20T16:00:00-04:00,217.09,2016-09-16,58.0,0.1589041095890411,200.0,call,17.88,18.0,17.95,18,,0.19566,0.86425,0.01435,0.18716,-0.02508,0.17643,spy_options_2016.parquet,2446831
SPY,2016-07-20,2016-07-20T16:00:00-04:00,217.09,2016-09-16,58.0,0.1589041095890411,200.0,put,0.96,0.97,0.96,,,0.1758,-0.12344,0.01333,0.17764,-0.02723,-0.04438,spy_options_2016.parquet,2446831
SPY,2016-07-20,2016-07-20T16:00:00-04:00,217.09,2016-09-16,58.0,0.1589041095890411,201.0,call,16.95,17.05,17.0,1,,0.19089,0.8546,0.01542,0.19595,-0.02604,0.18049,spy_options_2016.parquet,2446832
SPY,2016-07-20,2016-07-20T16:00:00-04:00,217.09,2016-09-16,58.0,0.1589041095890411,201.0,put,1.02,1.04,1.06,,,0.17218,-0.13373,0.01438,0.18826,-0.02924,-0.04809,spy_options_2016.parquet,2446832
SPY,2016-07-20,2016-07-20T16:00:00-04:00,217.09,2016-09-16,58.0,0.1589041095890411,202.0,call,16.01,16.19,16.25,10,,0.18646,0.84248,0.01649,0.20721,-0.02701,0.18483,spy_options_2016.parquet,2446833
SPY,2016-07-20,2016-07-20T16:00:00-04:00,217.09,2016-09-16,58.0,0.1589041095890411,202.0,put,1.12,1.14,1.1,341,,0.1684,-0.14486,0.01548,0.19868,-0.02984,-0.05297,spy_options_2016.parquet,2446833
SPY,2016-07-20,2016-07-20T16:00:00-04:00,217.09,2016-09-16,58.0,0.1589041095890411,203.0,call,15.1,15.2,15.1,15,,0.18084,0.8321,0.01765,0.21611,-0.02746,0.18705,spy_options_2016.parquet,2446834
SPY,2016-07-20,2016-07-20T16:00:00-04:00,217.09,2016-09-16,58.0,0.1589041095890411,203.0,put,1.21,1.22,1.23,338,,0.16433,-0.15678,0.01673,0.20955,-0.0304,-0.05683,spy_options_2016.parquet,2446834
SPY,2016-07-20,2016-07-20T16:00:00-04:00,217.09,2016-09-16,58.0,0.1589041095890411,204.0,call,14.19,14.29,14.44,64,,0.17632,0.81904,0.01889,0.22692,-0.02798,0.19008,spy_options_2016.parquet,2446835
SPY,2016-07-20,2016-07-20T16:00:00-04:00,217.09,2016-09-16,58.0,0.1589041095890411,204.0,put,1.31,1.33,1.32,,,0.16057,-0.17023,0.01811,0.22088,-0.0316,-0.0623,spy_options_2016.parquet,2446835
SPY,2016-07-20,2016-07-20T16:00:00-04:00,217.09,2016-09-16,58.0,0.1589041095890411,205.0,call,13.29,13.39,13.49,187,,0.17145,0.80562,0.02022,0.23709,-0.02776,0.19206,spy_options_2016.parquet,2446836
SPY,2016-07-20,2016-07-20T16:00:00-04:00,217.09,2016-09-16,58.0,0.1589041095890411,205.0,put,1.43,1.44,1.41,,,0.15758,-0.18521,0.0195,0.23289,-0.03286,-0.06757,spy_options_2016.parquet,2446836
SPY,2016-07-20,2016-07-20T16:00:00-04:00,217.09,2016-09-16,58.0,0.1589041095890411,206.0,call,12.4,12.47,12.6,35,,0.16654,0.79001,0.02163,0.24833,-0.02853,0.19383,spy_options_2016.parquet,2446837
SPY,2016-07-20,2016-07-20T16:00:00-04:00,217.09,2016-09-16,58.0,0.1589041095890411,206.0,put,1.55,1.58,1.53,,,0.15384,-0.20206,0.02104,0.24573,-0.0338,-0.07351,spy_options_2016.parquet,2446837
SPY,2016-07-20,2016-07-20T16:00:00-04:00,217.09,2016-09-16,58.0,0.1589041095890411,207.0,call,11.51,11.6,11.75,44,,0.16199,0.77291,0.02302,0.25983,-0.02976,0.19504,spy_options_2016.parquet,2446838
SPY,2016-07-20,2016-07-20T16:00:00-04:00,217.09,2016-09-16,58.0,0.1589041095890411,207.0,put,1.69,1.71,1.68,,,0.14946,-0.21977,0.02259,0.25774,-0.03521,-0.0797,spy_options_2016.parquet,2446838
SPY,2016-07-20,2016-07-20T16:00:00-04:00,217.09,2016-09-16,58.0,0.1589041095890411,208.0,call,10.66,10.72,10.78,29,,0.15827,0.75477,0.02457,0.27181,-0.02996,0.19502,spy_options_2016.parquet,2446839
SPY,2016-07-20,2016-07-20T16:00:00-04:00,217.09,2016-09-16,58.0,0.1589041095890411,208.0,put,1.84,1.85,1.82,,,0.14621,-0.23935,0.0243,0.27083,-0.03596,-0.08639,spy_options_2016.parquet,2446839
SPY,2016-07-20,2016-07-20T16:00:00-04:00,217.09,2016-09-16,58.0,0.1589041095890411,209.0,call,9.81,9.87,9.98,114,,0.15321,0.7343,0.02625,0.28354,-0.03014,0.19442,spy_options_2016.parquet,2446840
SPY,2016-07-20,2016-07-20T16:00:00-04:00,217.09,2016-09-16,58.0,0.1589041095890411,209.0,put,2.02,2.03,1.98,423,,0.14291,-0.26061,0.02603,0.28347,-0.03681,-0.09422,spy_options_2016.parquet,2446840
SPY,2016-07-20,2016-07-20T16:00:00-04:00,217.09,2016-09-16,58.0,0.1589041095890411,210.0,call,8.98,9.02,9.03,,,0.14858,0.71239,0.02801,0.29478,-0.03107,0.19344,spy_options_2016.parquet,2446841
SPY,2016-07-20,2016-07-20T16:00:00-04:00,217.09,2016-09-16,58.0,0.1589041095890411,210.0,put,2.19,2.21,2.2,,,0.13834,-0.28322,0.0279,0.29513,-0.03777,-0.1033,spy_options_2016.parquet,2446841
SPY,2016-07-20,2016-07-20T16:00:00-04:00,217.09,2016-09-16,58.0,0.1589041095890411,211.0,call,8.15,8.21,8.16,407,,0.14424,0.68863,0.02979,0.30593,-0.03082,0.19093,spy_options_2016.parquet,2446842
SPY,2016-07-20,2016-07-20T16:00:00-04:00,217.09,2016-09-16,58.0,0.1589041095890411,211.0,put,2.4,2.42,2.37,963,,0.13569,-0.30932,0.02978,0.30702,-0.03856,-0.11234,spy_options_2016.parquet,2446842
SPY,2016-07-20,2016-07-20T16:00:00-04:00,217.09,2016-09-16,58.0,0.1589041095890411,212.0,call,7.38,7.42,7.46,,,0.13928,0.66114,0.03155,0.31702,-0.03121,0.18696,spy_options_2016.parquet,2446843
SPY,2016-07-20,2016-07-20T16:00:00-04:00,217.09,2016-09-16,58.0,0.1589041095890411,212.0,put,2.62,2.66,2.62,,,0.13168,-0.3365,0.03167,0.3174,-0.0393,-0.12239,spy_options_2016.parquet,2446843
SPY,2016-07-20,2016-07-20T16:00:00-04:00,217.09,2016-09-16,58.0,0.1589041095890411,213.0,call,6.61,6.63,6.7,931,,0.13513,0.63241,0.0334,0.32638,-0.03118,0.18276,spy_options_2016.parquet,2446844
SPY,2016-07-20,2016-07-20T16:00:00-04:00,217.09,2016-09-16,58.0,0.1589041095890411,213.0,put,2.88,2.92,2.88,,,0.12814,-0.36689,0.03355,0.32822,-0.04003,-0.13291,spy_options_2016.parquet,2446844
SPY,2016-07-20,2016-07-20T16:00:00-04:00,217.09,2016-09-16,58.0,0.1589041095890411,214.0,call,5.86,5.88,5.87,,,0.13096,0.60099,0.03518,0.33489,-0.03119,0.17727,spy_options_2016.parquet,2446845
SPY,2016-07-20,2016-07-20T16:00:00-04:00,217.09,2016-09-16,58.0,0.1589041095890411,214.0,put,3.17,3.19,3.16,,,0.12448,-0.39888,0.03547,0.3363,-0.03962,-0.1451,spy_options_2016.parquet,2446845
SPY,2016-07-20,2016-07-20T16:00:00-04:00,217.09,2016-09-16,58.0,0.1589041095890411,215.0,call,5.13,5.16,5.23,,,0.12596,0.56725,0.03693,0.34073,-0.03165,0.17037,spy_options_2016.parquet,2446846
SPY,2016-07-20,2016-07-20T16:00:00-04:00,217.09,2016-09-16,58.0,0.1589041095890411,215.0,put,3.48,3.51,3.46,,,0.12118,-0.43423,0.0372,0.34214,-0.03967,-0.15815,spy_options_2016.parquet,2446846
SPY,2016-07-20,2016-07-20T16:00:00-04:00,217.09,2016-09-16,58.0,0.1589041095890411,216.0,call,4.45,4.47,4.56,,,0.12095,0.53021,0.03851,0.345,-0.03026,0.16157,spy_options_2016.parquet,2446847
SPY,2016-07-20,2016-07-20T16:00:00-04:00,217.09,2016-09-16,58.0,0.1589041095890411,216.0,put,3.86,3.87,3.88,,,0.1173,-0.47217,0.03863,0.34674,-0.03954,-0.17116,spy_options_2016.parquet,2446847
SPY,2016-07-20,2016-07-20T16:00:00-04:00,217.09,2016-09-16,58.0,0.1589041095890411,217.0,call,3.8,3.83,3.83,,,0.11717,0.49073,0.03987,0.34668,-0.02934,0.15219,spy_options_2016.parquet,2446848
SPY,2016-07-20,2016-07-20T16:00:00-04:00,217.09,2016-09-16,58.0,0.1589041095890411,217.0,put,4.24,4.27,4.25,,,0.11479,-0.51101,0.03984,0.34668,-0.03948,-0.18579,spy_options_2016.parquet,2446848
SPY,2016-07-20,2016-07-20T16:00:00-04:00,217.09,2016-09-16,58.0,0.1589041095890411,218.0,call,3.2,3.23,3.25,,,0.11293,0.44847,0.04091,0.34416,-0.02815,0.14182,spy_options_2016.parquet,2446849
SPY,2016-07-20,2016-07-20T16:00:00-04:00,217.09,2016-09-16,58.0,0.1589041095890411,218.0,put,4.69,4.71,4.72,,,0.11128,-0.55268,0.04058,0.34401,-0.03851,-0.20153,spy_options_2016.parquet,2446849
SPY,2016-07-20,2016-07-20T16:00:00-04:00,217.09,2016-09-16,58.0,0.1589041095890411,219.0,call,2.68,2.69,2.74,,,0.10909,0.40461,0.04139,0.33717,-0.02705,0.12928,spy_options_2016.parquet,2446850
SPY,2016-07-20,2016-07-20T16:00:00-04:00,217.09,2016-09-16,58.0,0.1589041095890411,219.0,put,5.18,5.22,5.22,128,,0.10858,-0.59541,0.04075,0.33657,-0.03745,-0.21773,spy_options_2016.parquet,2446850
SPY,2016-07-20,2016-07-20T16:00:00-04:00,217.09,2016-09-16,58.0,0.1589041095890411,220.0,call,2.16,2.19,2.2,,,0.10547,0.35936,0.0413,0.32533,-0.02546,0.11617,spy_options_2016.parquet,2446851
SPY,2016-07-20,2016-07-20T16:00:00-04:00,217.09,2016-09-16,58.0,0.1589041095890411,220.0,put,5.72,5.78,5.63,,,0.10599,-0.63931,0.04034,0.32507,-0.0358,-0.23343,spy_options_2016.parquet,2446851
SPY,2016-07-20,2016-07-20T16:00:00-04:00,217.09,2016-09-16,58.0,0.1589041095890411,221.0,call,1.74,1.76,1.76,,,0.10182,0.31329,0.04036,0.3084,-0.02331,0.10269,spy_options_2016.parquet,2446852
SPY,2016-07-20,2016-07-20T16:00:00-04:00,217.09,2016-09-16,58.0,0.1589041095890411,221.0,put,6.35,6.41,6.35,748,,0.10423,-0.68039,0.03908,0.3097,-0.03447,-0.24941,spy_options_2016.parquet,2446852
SPY,2016-07-20,2016-07-20T16:00:00-04:00,217.09,2016-09-16,58.0,0.1589041095890411,222.0,call,1.37,1.4,1.38,,,0.09875,0.26904,0.03854,0.28763,-0.02085,0.0891,spy_options_2016.parquet,2446853
SPY,2016-07-20,2016-07-20T16:00:00-04:00,217.09,2016-09-16,58.0,0.1589041095890411,222.0,put,7.01,7.1,6.92,894,,0.10272,-0.72033,0.03721,0.29114,-0.03358,-0.26438,spy_options_2016.parquet,2446853
SPY,2016-07-20,2016-07-20T16:00:00-04:00,217.09,2016-09-16,58.0,0.1589041095890411,223.0,call,1.07,1.09,1.08,,,0.09603,0.22626,0.03602,0.26237,-0.01895,0.07584,spy_options_2016.parquet,2446854
SPY,2016-07-20,2016-07-20T16:00:00-04:00,217.09,2016-09-16,58.0,0.1589041095890411,223.0,put,7.75,7.84,7.73,673,,0.10267,-0.75665,0.03469,0.27123,-0.03184,-0.27786,spy_options_2016.parquet,2446854
SPY,2016-07-20,2016-07-20T16:00:00-04:00,217.09,2016-09-16,58.0,0.1589041095890411,224.0,call,0.83,0.85,0.83,,,0.09461,0.18838,0.03287,0.2359,-0.0169,0.06287,spy_options_2016.parquet,2446855
SPY,2016-07-20,2016-07-20T16:00:00-04:00,217.09,2016-09-16,58.0,0.1589041095890411,224.0,put,8.52,8.64,8.45,471,,0.10306,-0.78836,0.03199,0.25016,-0.03078,-0.29039,spy_options_2016.parquet,2446855
SPY,2016-07-20,2016-07-20T16:00:00-04:00,217.09,2016-09-16,58.0,0.1589041095890411,225.0,call,0.65,0.67,0.67,,,0.09338,0.15593,0.02937,0.21005,-0.0151,0.05261,spy_options_2016.parquet,2446856
SPY,2016-07-20,2016-07-20T16:00:00-04:00,217.09,2016-09-16,58.0,0.1589041095890411,225.0,put,9.36,9.48,9.46,116,,0.10345,-0.81603,0.02911,0.22876,-0.02931,-0.30177,spy_options_2016.parquet,2446856
SPY,2016-07-20,2016-07-20T16:00:00-04:00,217.09,2016-09-16,58.0,0.1589041095890411,230.0,call,0.22,0.23,0.23,,,0.09675,0.06229,0.01452,0.10805,-0.00775,0.02095,spy_options_2016.parquet,2446857
SPY,2016-07-20,2016-07-20T16:00:00-04:00,217.09,2016-09-16,58.0,0.1589041095890411,230.0,put,14.01,14.14,13.85,24,,0.11972,-0.89035,0.01769,0.16024,-0.02574,-0.33445,spy_options_2016.parquet,2446857
SPY,2016-07-20,2016-07-20T16:00:00-04:00,217.09,2016-09-16,58.0,0.1589041095890411,235.0,call,0.11,0.12,0.11,,,0.1068,0.02988,0.00721,0.05925,-0.00501,0.0101,spy_options_2016.parquet,2446858
SPY,2016-07-20,2016-07-20T16:00:00-04:00,217.09,2016-09-16,58.0,0.1589041095890411,235.0,put,18.86,19.07,0.0,,,0.1408,-0.92063,0.01169,0.1252,-0.02468,-0.35348,spy_options_2016.parquet,2446858
SPY,2016-07-20,2016-07-20T16:00:00-04:00,217.09,2016-09-16,58.0,0.1589041095890411,240.0,call,0.06,0.07,0.07,67,,0.12031,0.01787,0.00405,0.03839,-0.00391,0.00619,spy_options_2016.parquet,2446859
SPY,2016-07-20,2016-07-20T16:00:00-04:00,217.09,2016-09-16,58.0,0.1589041095890411,240.0,put,23.81,24.11,25.19,0,,0.16669,-0.93223,0.00876,0.11059,-0.02561,-0.36554,spy_options_2016.parquet,2446859
SPY,2016-07-20,2016-07-20T16:00:00-04:00,217.09,2016-09-16,58.0,0.1589041095890411,245.0,call,0.03,0.04,0.03,0,,0.12956,0.00966,0.0022,0.02231,-0.00231,0.00301,spy_options_2016.parquet,2446860
SPY,2016-07-20,2016-07-20T16:00:00-04:00,217.09,2016-09-16,58.0,0.1589041095890411,245.0,put,28.77,29.08,28.78,25,,0.18877,-0.94117,0.00678,0.0976,-0.0255,-0.37676,spy_options_2016.parquet,2446860
SPY,2016-07-20,2016-07-20T16:00:00-04:00,217.09,2016-09-16,58.0,0.1589041095890411,250.0,call,0.02,0.04,0.02,1,,0.14212,0.00628,0.00142,0.01629,-0.00145,0.00183,spy_options_2016.parquet,2446861
SPY,2016-07-20,2016-07-20T16:00:00-04:00,217.09,2016-09-16,58.0,0.1589041095890411,250.0,put,33.76,34.07,0.0,,,0.21036,-0.94826,0.00543,0.08785,-0.02538,-0.38713,spy_options_2016.parquet,2446861
SPY,2016-07-20,2016-07-20T16:00:00-04:00,217.09,2016-09-16,58.0,0.1589041095890411,255.0,call,0.01,0.01,0.0,,,0.15045,0.00381,0.00081,0.0098,-0.00111,0.00104,spy_options_2016.parquet,2446862
SPY,2016-07-20,2016-07-20T16:00:00-04:00,217.09,2016-09-16,58.0,0.1589041095890411,255.0,put,38.76,39.05,0.0,,,0.23299,-0.95326,0.00454,0.08095,-0.02667,-0.3969,spy_options_2016.parquet,2446862
SPY,2016-07-20,2016-07-20T16:00:00-04:00,217.09,2016-09-16,58.0,0.1589041095890411,260.0,call,0.0,0.01,0.0,,,0.15023,0.00156,0.00037,0.00398,-0.00038,0.00088,spy_options_2016.parquet,2446863
SPY,2016-07-20,2016-07-20T16:00:00-04:00,217.09,2016-09-16,58.0,0.1589041095890411,260.0,put,43.73,44.04,0.0,,,0.25221,-0.95749,0.00384,0.07472,-0.02578,-0.40653,spy_options_2016.parquet,2446863
SPY,2016-07-20,2016-07-20T16:00:00-04:00,217.09,2016-09-16,58.0,0.1589041095890411,265.0,call,0.0,0.0,0.0,,,0.16464,0.00121,0.0003,0.00328,-0.00082,-5e-05,spy_options_2016.parquet,2446864
SPY,2016-07-20,2016-07-20T16:00:00-04:00,217.09,2016-09-16,58.0,0.1589041095890411,265.0,put,48.74,49.03,0.0,,,0.27246,-0.96004,0.00338,0.06955,-0.02691,-0.41611,spy_options_2016.parquet,2446864
SPY,2016-07-20,2016-07-20T16:00:00-04:00,217.09,2016-09-16,58.0,0.1589041095890411,270.0,call,0.0,0.0,0.0,,,0.17903,0.00115,0.00025,0.00383,-0.00061,-7e-05,spy_options_2016.parquet,2446865
SPY,2016-07-20,2016-07-20T16:00:00-04:00,217.09,2016-09-16,58.0,0.1589041095890411,270.0,put,53.73,54.03,0.0,,,0.29208,-0.9628,0.00295,0.06563,-0.02681,-0.42425,spy_options_2016.parquet,2446865
SPY,2016-07-20,2016-07-20T16:00:00-04:00,217.09,2016-09-16,58.0,0.1589041095890411,275.0,call,0.0,0.02,0.0,,,0.19244,0.00152,0.00025,0.00346,-0.00064,0.00063,spy_options_2016.parquet,2446866
SPY,2016-07-20,2016-07-20T16:00:00-04:00,217.09,2016-09-16,58.0,0.1589041095890411,275.0,put,58.72,59.02,0.0,,,0.31079,-0.96541,0.00266,0.06166,-0.02667,-0.43333,spy_options_2016.parquet,2446866
SPY,2016-07-20,2016-07-20T16:00:00-04:00,217.09,2016-09-16,58.0,0.1589041095890411,280.0,call,0.0,0.01,0.0,,,0.20502,0.00115,0.00019,0.00337,-0.00071,0.00082,spy_options_2016.parquet,2446867
SPY,2016-07-20,2016-07-20T16:00:00-04:00,217.09,2016-09-16,58.0,0.1589041095890411,280.0,put,63.72,64.01,0.0,,,0.3282,-0.96684,0.00232,0.05848,-0.02649,-0.44245,spy_options_2016.parquet,2446867
SPY,2016-07-20,2016-07-20T16:00:00-04:00,217.09,2016-09-16,58.0,0.1589041095890411,285.0,call,0.0,0.01,0.0,,,0.21823,0.00109,0.00016,0.00319,-0.00026,0.00051,spy_options_2016.parquet,2446868
SPY,2016-07-20,2016-07-20T16:00:00-04:00,217.09,2016-09-16,58.0,0.1589041095890411,285.0,put,68.71,69.02,0.0,,,0.34592,-0.96889,0.00211,0.05564,-0.02656,-0.45151,spy_options_2016.parquet,2446868
SPY,2016-07-20,2016-07-20T16:00:00-04:00,217.09,2016-09-16,58.0,0.1589041095890411,290.0,call,0.0,0.0,0.0,,,0.23081,0.00088,0.00017,0.00274,-0.00075,-1e-05,spy_options_2016.parquet,2446869
SPY,2016-07-20,2016-07-20T16:00:00-04:00,217.09,2016-09-16,58.0,0.1589041095890411,290.0,put,73.7,73.99,0.0,,,0.36195,-0.97052,0.00196,0.05351,-0.02672,-0.46015,spy_options_2016.parquet,2446869
SPY,2016-07-20,2016-07-20T16:00:00-04:00,217.09,2016-09-16,58.0,0.1589041095890411,295.0,call,0.0,0.01,0.0,,,0.24282,0.00099,0.00015,0.00291,-0.00051,6e-05,spy_options_2016.parquet,2446870
SPY,2016-07-20,2016-07-20T16:00:00-04:00,217.09,2016-09-16,58.0,0.1589041095890411,295.0,put,78.69,78.99,0.0,,,0.37718,-0.9722,0.00174,0.05062,-0.02615,-0.46817,spy_options_2016.parquet,2446870
SPY,2016-07-20,2016-07-20T16:00:00-04:00,217.09,2016-09-16,58.0,0.1589041095890411,300.0,call,0.0,0.01,0.0,,,0.25436,0.00133,0.0001,0.00281,-0.0005,0.00012,spy_options_2016.parquet,2446871
SPY,2016-07-20,2016-07-20T16:00:00-04:00,217.09,2016-09-16,58.0,0.1589041095890411,300.0,put,83.69,83.99,0.0,,,0.39423,-0.97377,0.0016,0.04861,-0.02683,-0.47703,spy_options_2016.parquet,2446871
SPY,2016-07-20,2016-07-20T16:00:00-04:00,217.09,2016-09-16,58.0,0.1589041095890411,305.0,call,0.0,0.0,0.0,,,0.26595,0.00047,9e-05,0.00228,-0.00087,0.00036,spy_options_2016.parquet,2446872
SPY,2016-07-20,2016-07-20T16:00:00-04:00,217.09,2016-09-16,58.0,0.1589041095890411,305.0,put,88.68,88.97,88.75,1,,0.40845,-0.97484,0.00145,0.04651,-0.02678,-0.48535,spy_options_2016.parquet,2446872
SPY,2016-07-20,2016-07-20T16:00:00-04:00,217.09,2016-09-16,58.0,0.1589041095890411,310.0,call,0.0,0.01,0.0,,,0.27828,0.00096,9e-05,0.00263,-0.0004,0.00028,spy_options_2016.parquet,2446873
SPY,2016-07-20,2016-07-20T16:00:00-04:00,217.09,2016-09-16,58.0,0.1589041095890411,310.0,put,93.68,93.98,0.0,,,0.42393,-0.97585,0.00144,0.04507,-0.02669,-0.49343,spy_options_2016.parquet,2446873
SPY,2016-07-20,2016-07-20T16:00:00-04:00,217.09,2016-09-16,58.0,0.1589041095890411,315.0,call,0.0,0.01,0.0,,,0.28872,0.00118,0.0001,0.00232,-0.00103,0.00013,spy_options_2016.parquet,2446874
SPY,2016-07-20,2016-07-20T16:00:00-04:00,217.09,2016-09-16,58.0,0.1589041095890411,315.0,put,98.68,98.97,0.0,,,0.43853,-0.97618,0.00132,0.0435,-0.02622,-0.50173,spy_options_2016.parquet,2446874
SPY,2016-07-20,2016-07-20T16:00:00-04:00,217.09,2016-09-30,72.0,0.19726027397260273,150.0,call,67.0,67.28,0.0,,,0.52661,0.92673,0.0007,0.09882,-0.03289,0.03512,spy_options_2016.parquet,2446879
SPY,2016-07-20,2016-07-20T16:00:00-04:00,217.09,2016-09-30,72.0,0.19726027397260273,150.0,put,0.07,0.09,0.09,9,,0.34638,-0.00713,0.0006,0.01977,-0.0043,-0.00365,spy_options_2016.parquet,2446879
SPY,2016-07-20,2016-07-20T16:00:00-04:00,217.09,2016-09-30,72.0,0.19726027397260273,155.0,call,62.02,62.28,0.0,,,0.47579,0.9311,0.00084,0.09623,-0.02829,0.03915,spy_options_2016.parquet,2446880
SPY,2016-07-20,2016-07-20T16:00:00-04:00,217.09,2016-09-30,72.0,0.19726027397260273,155.0,put,0.1,0.12,0.0,,,0.32761,-0.00987,0.00084,0.02456,-0.00519,-0.00439,spy_options_2016.parquet,2446880
SPY,2016-07-20,2016-07-20T16:00:00-04:00,217.09,2016-09-30,72.0,0.19726027397260273,160.0,call,57.04,57.32,0.0,,,0.42991,0.93506,0.0011,0.09376,-0.02496,0.04459,spy_options_2016.parquet,2446881
SPY,2016-07-20,2016-07-20T16:00:00-04:00,217.09,2016-09-30,72.0,0.19726027397260273,160.0,put,0.13,0.13,0.14,2,,0.31016,-0.01217,0.00109,0.03153,-0.00657,-0.00528,spy_options_2016.parquet,2446881
SPY,2016-07-20,2016-07-20T16:00:00-04:00,217.09,2016-09-30,72.0,0.19726027397260273,161.0,call,56.05,56.32,0.0,,,0.42077,0.93599,0.00124,0.09382,-0.02422,0.04543,spy_options_2016.parquet,2446882
SPY,2016-07-20,2016-07-20T16:00:00-04:00,217.09,2016-09-30,72.0,0.19726027397260273,161.0,put,0.13,0.15,0.0,,,0.30576,-0.01252,0.00107,0.03227,-0.00634,-0.00556,spy_options_2016.parquet,2446882
SPY,2016-07-20,2016-07-20T16:00:00-04:00,217.09,2016-09-30,72.0,0.19726027397260273,162.0,call,55.06,55.32,0.0,,,0.41289,0.93655,0.00129,0.0929,-0.02358,0.04716,spy_options_2016.parquet,2446883
SPY,2016-07-20,2016-07-20T16:00:00-04:00,217.09,2016-09-30,72.0,0.19726027397260273,162.0,put,0.15,0.15,0.0,,,0.30162,-0.01395,0.0012,0.03403,-0.00693,-0.0064,spy_options_2016.parquet,2446883
SPY,2016-07-20,2016-07-20T16:00:00-04:00,217.09,2016-09-30,72.0,0.19726027397260273,163.0,call,54.06,54.33,0.0,,,0.40423,0.93785,0.00137,0.09273,-0.02271,0.04877,spy_options_2016.parquet,2446884
SPY,2016-07-20,2016-07-20T16:00:00-04:00,217.09,2016-09-30,72.0,0.19726027397260273,163.0,put,0.14,0.16,0.0,,,0.29896,-0.01469,0.00127,0.03602,-0.00721,-0.00651,spy_options_2016.parquet,2446884
SPY,2016-07-20,2016-07-20T16:00:00-04:00,217.09,2016-09-30,72.0,0.19726027397260273,164.0,call,53.07,53.34,0.0,,,0.39579,0.93846,0.00147,0.09307,-0.02264,0.05044,spy_options_2016.parquet,2446885
SPY,2016-07-20,2016-07-20T16:00:00-04:00,217.09,2016-09-30,72.0,0.19726027397260273,164.0,put,0.15,0.18,0.0,,,0.29471,-0.01498,0.00129,0.03685,-0.00757,-0.00689,spy_options_2016.parquet,2446885
SPY,2016-07-20,2016-07-20T16:00:00-04:00,217.09,2016-09-30,72.0,0.19726027397260273,165.0,call,52.07,52.35,0.0,,,0.38691,0.93918,0.0015,0.09197,-0.02118,0.05184,spy_options_2016.parquet,2446886
SPY,2016-07-20,2016-07-20T16:00:00-04:00,217.09,2016-09-30,72.0,0.19726027397260273,165.0,put,0.17,0.18,0.18,25,,0.29293,-0.01662,0.00143,0.03926,-0.00767,-0.00739,spy_options_2016.parquet,2446886
SPY,2016-07-20,2016-07-20T16:00:00-04:00,217.09,2016-09-30,72.0,0.19726027397260273,166.0,call,51.1,51.37,0.0,,,0.38262,0.93851,0.00174,0.09379,-0.02176,0.05757,spy_options_2016.parquet,2446887
SPY,2016-07-20,2016-07-20T16:00:00-04:00,217.09,2016-09-30,72.0,0.19726027397260273,166.0,put,0.17,0.19,0.21,0,,0.28808,-0.0174,0.00155,0.04114,-0.0084,-0.00752,spy_options_2016.parquet,2446887
SPY,2016-07-20,2016-07-20T16:00:00-04:00,217.09,2016-09-30,72.0,0.19726027397260273,167.0,call,50.08,50.36,0.0,,,0.37239,0.9396,0.00178,0.0924,-0.0203,0.05703,spy_options_2016.parquet,2446888
SPY,2016-07-20,2016-07-20T16:00:00-04:00,217.09,2016-09-30,72.0,0.19726027397260273,167.0,put,0.18,0.21,0.0,,,0.28514,-0.01808,0.00156,0.04319,-0.00833,-0.00869,spy_options_2016.parquet,2446888
SPY,2016-07-20,2016-07-20T16:00:00-04:00,217.09,2016-09-30,72.0,0.19726027397260273,168.0,call,49.1,49.37,0.0,,,0.36459,0.94083,0.00188,0.09269,-0.0205,0.05916,spy_options_2016.parquet,2446889
SPY,2016-07-20,2016-07-20T16:00:00-04:00,217.09,2016-09-30,72.0,0.19726027397260273,168.0,put,0.19,0.21,0.0,,,0.28102,-0.01956,0.00173,0.04569,-0.00846,-0.00838,spy_options_2016.parquet,2446889
SPY,2016-07-20,2016-07-20T16:00:00-04:00,217.09,2016-09-30,72.0,0.19726027397260273,169.0,call,48.14,48.39,0.0,,,0.35973,0.93985,0.00198,0.09407,-0.02014,0.06528,spy_options_2016.parquet,2446890
SPY,2016-07-20,2016-07-20T16:00:00-04:00,217.09,2016-09-30,72.0,0.19726027397260273,169.0,put,0.2,0.22,0.0,,,0.27825,-0.01978,0.00182,0.04722,-0.00878,-0.00971,spy_options_2016.parquet,2446890
SPY,2016-07-20,2016-07-20T16:00:00-04:00,217.09,2016-09-30,72.0,0.19726027397260273,170.0,call,47.12,47.39,0.0,,,0.35001,0.94134,0.00214,0.09342,-0.01872,0.06515,spy_options_2016.parquet,2446891
SPY,2016-07-20,2016-07-20T16:00:00-04:00,217.09,2016-09-30,72.0,0.19726027397260273,170.0,put,0.22,0.23,0.23,,,0.27529,-0.0216,0.00196,0.05004,-0.00953,-0.00985,spy_options_2016.parquet,2446891
SPY,2016-07-20,2016-07-20T16:00:00-04:00,217.09,2016-09-30,72.0,0.19726027397260273,171.0,call,46.13,46.4,0.0,,,0.34326,0.94147,0.00226,0.09314,-0.0188,0.06861,spy_options_2016.parquet,2446892
SPY,2016-07-20,2016-07-20T16:00:00-04:00,217.09,2016-09-30,72.0,0.19726027397260273,171.0,put,0.23,0.24,0.23,,,0.27158,-0.02329,0.00203,0.05247,-0.01043,-0.0106,spy_options_2016.parquet,2446892
SPY,2016-07-20,2016-07-20T16:00:00-04:00,217.09,2016-09-30,72.0,0.19726027397260273,172.0,call,45.14,45.41,0.0,,,0.33537,0.94182,0.0024,0.09347,-0.01867,0.07084,spy_options_2016.parquet,2446893
SPY,2016-07-20,2016-07-20T16:00:00-04:00,217.09,2016-09-30,72.0,0.19726027397260273,172.0,put,0.24,0.25,0.3,0,,0.26702,-0.02378,0.00222,0.05491,-0.01047,-0.01059,spy_options_2016.parquet,2446893
SPY,2016-07-20,2016-07-20T16:00:00-04:00,217.09,2016-09-30,72.0,0.19726027397260273,173.0,call,44.15,44.43,0.0,,,0.32869,0.94193,0.00254,0.09426,-0.01821,0.07442,spy_options_2016.parquet,2446894
SPY,2016-07-20,2016-07-20T16:00:00-04:00,217.09,2016-09-30,72.0,0.19726027397260273,173.0,put,0.26,0.26,0.0,,,0.26434,-0.02538,0.0023,0.05796,-0.01115,-0.01179,spy_options_2016.parquet,2446894
SPY,2016-07-20,2016-07-20T16:00:00-04:00,217.09,2016-09-30,72.0,0.19726027397260273,174.0,call,43.16,43.43,0.0,,,0.32234,0.94124,0.00272,0.09508,-0.01788,0.07819,spy_options_2016.parquet,2446895
SPY,2016-07-20,2016-07-20T16:00:00-04:00,217.09,2016-09-30,72.0,0.19726027397260273,174.0,put,0.27,0.28,0.0,,,0.26063,-0.02722,0.00248,0.06103,-0.01132,-0.01221,spy_options_2016.parquet,2446895
SPY,2016-07-20,2016-07-20T16:00:00-04:00,217.09,2016-09-30,72.0,0.19726027397260273,175.0,call,42.19,42.42,0.0,,,0.31555,0.94111,0.00285,0.09626,-0.01717,0.0823,spy_options_2016.parquet,2446896
SPY,2016-07-20,2016-07-20T16:00:00-04:00,217.09,2016-09-30,72.0,0.19726027397260273,175.0,put,0.28,0.29,0.36,0,,0.2577,-0.02941,0.00262,0.06361,-0.01138,-0.013,spy_options_2016.parquet,2446896
SPY,2016-07-20,2016-07-20T16:00:00-04:00,217.09,2016-09-30,72.0,0.19726027397260273,176.0,call,41.19,41.45,0.0,,,0.30953,0.94143,0.00313,0.09766,-0.01764,0.08644,spy_options_2016.parquet,2446897
SPY,2016-07-20,2016-07-20T16:00:00-04:00,217.09,2016-09-30,72.0,0.19726027397260273,176.0,put,0.29,0.31,0.0,,,0.25498,-0.03124,0.00282,0.06732,-0.01253,-0.01407,spy_options_2016.parquet,2446897
SPY,2016-07-20,2016-07-20T16:00:00-04:00,217.09,2016-09-30,72.0,0.19726027397260273,177.0,call,40.23,40.46,0.0,,,0.30441,0.93975,0.00329,0.09978,-0.01702,0.0927,spy_options_2016.parquet,2446898
SPY,2016-07-20,2016-07-20T16:00:00-04:00,217.09,2016-09-30,72.0,0.19726027397260273,177.0,put,0.32,0.32,0.0,,,0.25051,-0.03283,0.00299,0.07057,-0.01264,-0.01522,spy_options_2016.parquet,2446898
SPY,2016-07-20,2016-07-20T16:00:00-04:00,217.09,2016-09-30,72.0,0.19726027397260273,178.0,call,39.27,39.48,0.0,,,0.29894,0.93871,0.00358,0.10281,-0.01693,0.09904,spy_options_2016.parquet,2446899
SPY,2016-07-20,2016-07-20T16:00:00-04:00,217.09,2016-09-30,72.0,0.19726027397260273,178.0,put,0.34,0.35,0.34,500,,0.24743,-0.03505,0.00325,0.07447,-0.01272,-0.01571,spy_options_2016.parquet,2446899
SPY,2016-07-20,2016-07-20T16:00:00-04:00,217.09,2016-09-30,72.0,0.19726027397260273,179.0,call,38.28,38.49,0.0,,,0.29367,0.93779,0.00385,0.10498,-0.01744,0.10327,spy_options_2016.parquet,2446900
SPY,2016-07-20,2016-07-20T16:00:00-04:00,217.09,2016-09-30,72.0,0.19726027397260273,179.0,put,0.36,0.38,0.36,525,,0.24398,-0.03684,0.00346,0.07875,-0.01313,-0.0169,spy_options_2016.parquet,2446900
SPY,2016-07-20,2016-07-20T16:00:00-04:00,217.09,2016-09-30,72.0,0.19726027397260273,180.0,call,37.28,37.5,0.0,,,0.2873,0.93758,0.00408,0.10652,-0.01699,0.10716,spy_options_2016.parquet,2446901
SPY,2016-07-20,2016-07-20T16:00:00-04:00,217.09,2016-09-30,72.0,0.19726027397260273,180.0,put,0.38,0.4,0.39,,,0.24185,-0.04006,0.00365,0.08268,-0.01435,-0.01826,spy_options_2016.parquet,2446901
SPY,2016-07-20,2016-07-20T16:00:00-04:00,217.09,2016-09-30,72.0,0.19726027397260273,181.0,call,36.29,36.52,0.0,,,0.28064,0.93608,0.00435,0.10856,-0.01705,0.11097,spy_options_2016.parquet,2446902
SPY,2016-07-20,2016-07-20T16:00:00-04:00,217.09,2016-09-30,72.0,0.19726027397260273,181.0,put,0.4,0.41,0.0,,,0.23777,-0.0422,0.00384,0.08649,-0.01454,-0.01931,spy_options_2016.parquet,2446902
SPY,2016-07-20,2016-07-20T16:00:00-04:00,217.09,2016-09-30,72.0,0.19726027397260273,182.0,call,35.31,35.54,0.0,,,0.2754,0.93456,0.00467,0.11155,-0.01645,0.11802,spy_options_2016.parquet,2446903
SPY,2016-07-20,2016-07-20T16:00:00-04:00,217.09,2016-09-30,72.0,0.19726027397260273,182.0,put,0.44,0.44,0.5,0,,0.23469,-0.04458,0.00409,0.09163,-0.01506,-0.02064,spy_options_2016.parquet,2446903
SPY,2016-07-20,2016-07-20T16:00:00-04:00,217.09,2016-09-30,72.0,0.19726027397260273,183.0,call,34.36,34.57,0.0,,,0.27207,0.93239,0.00501,0.11686,-0.01693,0.12487,spy_options_2016.parquet,2446904
SPY,2016-07-20,2016-07-20T16:00:00-04:00,217.09,2016-09-30,72.0,0.19726027397260273,183.0,put,0.45,0.47,0.46,1,,0.23166,-0.04803,0.0044,0.0962,-0.01592,-0.02164,spy_options_2016.parquet,2446904
SPY,2016-07-20,2016-07-20T16:00:00-04:00,217.09,2016-09-30,72.0,0.19726027397260273,184.0,call,33.35,33.59,0.0,,,0.2658,0.93111,0.00537,0.11919,-0.01762,0.12951,spy_options_2016.parquet,2446905
SPY,2016-07-20,2016-07-20T16:00:00-04:00,217.09,2016-09-30,72.0,0.19726027397260273,184.0,put,0.5,0.5,0.49,2,,0.22873,-0.05108,0.00472,0.10189,-0.01613,-0.02297,spy_options_2016.parquet,2446905
SPY,2016-07-20,2016-07-20T16:00:00-04:00,217.09,2016-09-30,72.0,0.19726027397260273,185.0,call,32.38,32.61,0.0,,,0.25962,0.9282,0.00569,0.12265,-0.01733,0.1345,spy_options_2016.parquet,2446906
SPY,2016-07-20,2016-07-20T16:00:00-04:00,217.09,2016-09-30,72.0,0.19726027397260273,185.0,put,0.51,0.52,0.52,,,0.22501,-0.05456,0.00507,0.10687,-0.0169,-0.02441,spy_options_2016.parquet,2446906
SPY,2016-07-20,2016-07-20T16:00:00-04:00,217.09,2016-09-30,72.0,0.19726027397260273,186.0,call,31.44,31.64,0.0,,,0.25568,0.92476,0.0061,0.12849,-0.01789,0.14199,spy_options_2016.parquet,2446907
SPY,2016-07-20,2016-07-20T16:00:00-04:00,217.09,2016-09-30,72.0,0.19726027397260273,186.0,put,0.55,0.56,0.56,44,,0.2211,-0.05748,0.00535,0.11224,-0.01785,-0.02626,spy_options_2016.parquet,2446907
SPY,2016-07-20,2016-07-20T16:00:00-04:00,217.09,2016-09-30,72.0,0.19726027397260273,187.0,call,30.44,30.67,0.0,,,0.25133,0.92229,0.00654,0.13234,-0.01836,0.14783,spy_options_2016.parquet,2446908
SPY,2016-07-20,2016-07-20T16:00:00-04:00,217.09,2016-09-30,72.0,0.19726027397260273,187.0,put,0.59,0.61,0.59,671,,0.21835,-0.0623,0.00576,0.11841,-0.01845,-0.02855,spy_options_2016.parquet,2446908
SPY,2016-07-20,2016-07-20T16:00:00-04:00,217.09,2016-09-30,72.0,0.19726027397260273,188.0,call,29.48,29.69,0.0,,,0.2458,0.91936,0.00696,0.13738,-0.01823,0.15347,spy_options_2016.parquet,2446909
SPY,2016-07-20,2016-07-20T16:00:00-04:00,217.09,2016-09-30,72.0,0.19726027397260273,188.0,put,0.61,0.64,0.64,13,,0.21543,-0.06614,0.00618,0.12475,-0.01909,-0.02961,spy_options_2016.parquet,2446909
SPY,2016-07-20,2016-07-20T16:00:00-04:00,217.09,2016-09-30,72.0,0.19726027397260273,189.0,call,28.5,28.72,0.0,,,0.24115,0.9161,0.00744,0.14185,-0.0185,0.15997,spy_options_2016.parquet,2446910
SPY,2016-07-20,2016-07-20T16:00:00-04:00,217.09,2016-09-30,72.0,0.19726027397260273,189.0,put,0.66,0.67,0.68,43,,0.21206,-0.07101,0.00662,0.13117,-0.0196,-0.03248,spy_options_2016.parquet,2446910
SPY,2016-07-20,2016-07-20T16:00:00-04:00,217.09,2016-09-30,72.0,0.19726027397260273,190.0,call,27.58,27.69,27.84,5,,0.23511,0.91309,0.00785,0.14708,-0.01842,0.16393,spy_options_2016.parquet,2446911
SPY,2016-07-20,2016-07-20T16:00:00-04:00,217.09,2016-09-30,72.0,0.19726027397260273,190.0,put,0.71,0.72,0.72,,,0.20851,-0.07586,0.007,0.1379,-0.02081,-0.0339,spy_options_2016.parquet,2446911
SPY,2016-07-20,2016-07-20T16:00:00-04:00,217.09,2016-09-30,72.0,0.19726027397260273,191.0,call,26.58,26.79,0.0,,,0.23122,0.90744,0.00847,0.15445,-0.01909,0.17099,spy_options_2016.parquet,2446912
SPY,2016-07-20,2016-07-20T16:00:00-04:00,217.09,2016-09-30,72.0,0.19726027397260273,191.0,put,0.75,0.77,0.76,1,,0.20498,-0.08116,0.0075,0.14568,-0.02157,-0.03628,spy_options_2016.parquet,2446912
SPY,2016-07-20,2016-07-20T16:00:00-04:00,217.09,2016-09-30,72.0,0.19726027397260273,192.0,call,25.63,25.83,0.0,,,0.22703,0.90251,0.009,0.16109,-0.01949,0.17816,spy_options_2016.parquet,2446913
SPY,2016-07-20,2016-07-20T16:00:00-04:00,217.09,2016-09-30,72.0,0.19726027397260273,192.0,put,0.79,0.82,0.94,0,,0.20202,-0.08603,0.00797,0.15241,-0.02198,-0.03949,spy_options_2016.parquet,2446913
SPY,2016-07-20,2016-07-20T16:00:00-04:00,217.09,2016-09-30,72.0,0.19726027397260273,193.0,call,24.67,24.87,24.84,5,,0.22306,0.89651,0.00958,0.16775,-0.02008,0.18305,spy_options_2016.parquet,2446914
SPY,2016-07-20,2016-07-20T16:00:00-04:00,217.09,2016-09-30,72.0,0.19726027397260273,193.0,put,0.86,0.88,0.85,102,,0.19926,-0.09312,0.00863,0.16132,-0.02262,-0.04169,spy_options_2016.parquet,2446914
SPY,2016-07-20,2016-07-20T16:00:00-04:00,217.09,2016-09-30,72.0,0.19726027397260273,194.0,call,23.71,23.91,0.0,,,0.21855,0.89088,0.01013,0.17546,-0.02006,0.18862,spy_options_2016.parquet,2446915
SPY,2016-07-20,2016-07-20T16:00:00-04:00,217.09,2016-09-30,72.0,0.19726027397260273,194.0,put,0.91,0.92,0.92,585,,0.19556,-0.09882,0.00912,0.16895,-0.02392,-0.04436,spy_options_2016.parquet,2446915
SPY,2016-07-20,2016-07-20T16:00:00-04:00,217.09,2016-09-30,72.0,0.19726027397260273,195.0,call,22.76,22.95,0.0,,,0.21346,0.88527,0.01076,0.18279,-0.0208,0.1942,spy_options_2016.parquet,2446916
SPY,2016-07-20,2016-07-20T16:00:00-04:00,217.09,2016-09-30,72.0,0.19726027397260273,195.0,put,0.98,1.0,0.98,635,,0.19307,-0.10588,0.00982,0.17776,-0.02451,-0.04773,spy_options_2016.parquet,2446916
SPY,2016-07-20,2016-07-20T16:00:00-04:00,217.09,2016-09-30,72.0,0.19726027397260273,196.0,call,21.82,22.02,21.96,5,,0.20904,0.87767,0.01151,0.19195,-0.0214,0.19928,spy_options_2016.parquet,2446917
SPY,2016-07-20,2016-07-20T16:00:00-04:00,217.09,2016-09-30,72.0,0.19726027397260273,196.0,put,1.04,1.06,1.04,11,,0.18916,-0.11368,0.01044,0.18654,-0.02555,-0.05182,spy_options_2016.parquet,2446917
SPY,2016-07-20,2016-07-20T16:00:00-04:00,217.09,2016-09-30,72.0,0.19726027397260273,197.0,call,20.89,21.07,0.0,,,0.20454,0.87073,0.01223,0.19942,-0.02191,0.20461,spy_options_2016.parquet,2446918
SPY,2016-07-20,2016-07-20T16:00:00-04:00,217.09,2016-09-30,72.0,0.19726027397260273,197.0,put,1.11,1.13,1.29,0,,0.1859,-0.12134,0.01118,0.19589,-0.02671,-0.05513,spy_options_2016.parquet,2446918
SPY,2016-07-20,2016-07-20T16:00:00-04:00,217.09,2016-09-30,72.0,0.19726027397260273,198.0,call,19.96,20.11,20.09,8,,0.20022,0.86309,0.01296,0.20759,-0.02262,0.20847,spy_options_2016.parquet,2446919
SPY,2016-07-20,2016-07-20T16:00:00-04:00,217.09,2016-09-30,72.0,0.19726027397260273,198.0,put,1.19,1.2,1.21,21,,0.1825,-0.13066,0.01194,0.20498,-0.02697,-0.05865,spy_options_2016.parquet,2446919
SPY,2016-07-20,2016-07-20T16:00:00-04:00,217.09,2016-09-30,72.0,0.19726027397260273,199.0,call,19.02,19.19,19.15,5,,0.19644,0.85293,0.01382,0.21815,-0.02269,0.2143,spy_options_2016.parquet,2446920
SPY,2016-07-20,2016-07-20T16:00:00-04:00,217.09,2016-09-30,72.0,0.19726027397260273,199.0,put,1.26,1.29,1.37,10,,0.17918,-0.14013,0.01275,0.21561,-0.02748,-0.06328,spy_options_2016.parquet,2446920
SPY,2016-07-20,2016-07-20T16:00:00-04:00,217.09,2016-09-30,72.0,0.19726027397260273,200.0,call,18.09,18.21,18.21,68,,0.19069,0.84573,0.01465,0.22608,-0.02339,0.21657,spy_options_2016.parquet,2446921
SPY,2016-07-20,2016-07-20T16:00:00-04:00,217.09,2016-09-30,72.0,0.19726027397260273,200.0,put,1.36,1.39,1.35,,,0.17586,-0.14985,0.01361,0.2259,-0.02866,-0.06822,spy_options_2016.parquet,2446921
SPY,2016-07-20,2016-07-20T16:00:00-04:00,217.09,2016-09-30,72.0,0.19726027397260273,201.0,call,17.17,17.28,16.27,0,,0.18606,0.83545,0.01562,0.23571,-0.02383,0.22046,spy_options_2016.parquet,2446922
SPY,2016-07-20,2016-07-20T16:00:00-04:00,217.09,2016-09-30,72.0,0.19726027397260273,201.0,put,1.47,1.46,1.44,879,,0.17181,-0.16094,0.01459,0.23645,-0.02924,-0.07265,spy_options_2016.parquet,2446922
SPY,2016-07-20,2016-07-20T16:00:00-04:00,217.09,2016-09-30,72.0,0.19726027397260273,202.0,call,16.25,16.36,16.44,4,,0.18193,0.82447,0.01658,0.24706,-0.02435,0.22404,spy_options_2016.parquet,2446923
SPY,2016-07-20,2016-07-20T16:00:00-04:00,217.09,2016-09-30,72.0,0.19726027397260273,202.0,put,1.56,1.57,1.57,1,,0.16844,-0.1726,0.01562,0.24749,-0.03044,-0.07782,spy_options_2016.parquet,2446923
SPY,2016-07-20,2016-07-20T16:00:00-04:00,217.09,2016-09-30,72.0,0.19726027397260273,203.0,call,15.33,15.52,14.45,0,,0.17784,0.81052,0.01758,0.25873,-0.02532,0.22677,spy_options_2016.parquet,2446924
SPY,2016-07-20,2016-07-20T16:00:00-04:00,217.09,2016-09-30,72.0,0.19726027397260273,203.0,put,1.67,1.69,1.7,26,,0.16465,-0.18511,0.01662,0.25848,-0.03134,-0.0836,spy_options_2016.parquet,2446924
SPY,2016-07-20,2016-07-20T16:00:00-04:00,217.09,2016-09-30,72.0,0.19726027397260273,204.0,call,14.47,14.61,0.0,,,0.17385,0.79727,0.01855,0.27005,-0.02534,0.2295,spy_options_2016.parquet,2446925
SPY,2016-07-20,2016-07-20T16:00:00-04:00,217.09,2016-09-30,72.0,0.19726027397260273,204.0,put,1.79,1.82,1.77,21,,0.16165,-0.19863,0.01771,0.27062,-0.03227,-0.08978,spy_options_2016.parquet,2446925
SPY,2016-07-20,2016-07-20T16:00:00-04:00,217.09,2016-09-30,72.0,0.19726027397260273,205.0,call,13.57,13.67,13.69,96,,0.16863,0.78411,0.01982,0.2806,-0.02625,0.23115,spy_options_2016.parquet,2446926
SPY,2016-07-20,2016-07-20T16:00:00-04:00,217.09,2016-09-30,72.0,0.19726027397260273,205.0,put,1.91,1.94,1.89,430,,0.15833,-0.21323,0.01898,0.28168,-0.03274,-0.09678,spy_options_2016.parquet,2446926
SPY,2016-07-20,2016-07-20T16:00:00-04:00,217.09,2016-09-30,72.0,0.19726027397260273,206.0,call,12.69,12.79,12.75,27,,0.16464,0.76847,0.02095,0.29205,-0.0263,0.23218,spy_options_2016.parquet,2446927
SPY,2016-07-20,2016-07-20T16:00:00-04:00,217.09,2016-09-30,72.0,0.19726027397260273,206.0,put,2.07,2.09,2.09,319,,0.15459,-0.2299,0.02017,0.29449,-0.03393,-0.10352,spy_options_2016.parquet,2446927
SPY,2016-07-20,2016-07-20T16:00:00-04:00,217.09,2016-09-30,72.0,0.19726027397260273,207.0,call,11.83,11.92,12.05,14,,0.16048,0.752,0.02222,0.30363,-0.02688,0.23229,spy_options_2016.parquet,2446928
SPY,2016-07-20,2016-07-20T16:00:00-04:00,217.09,2016-09-30,72.0,0.19726027397260273,207.0,put,2.22,2.25,2.26,11,,0.15089,-0.2476,0.02148,0.30641,-0.03508,-0.11196,spy_options_2016.parquet,2446928
SPY,2016-07-20,2016-07-20T16:00:00-04:00,217.09,2016-09-30,72.0,0.19726027397260273,208.0,call,10.99,11.06,11.0,3,,0.15663,0.73361,0.0235,0.31505,-0.02734,0.23271,spy_options_2016.parquet,2446929
SPY,2016-07-20,2016-07-20T16:00:00-04:00,217.09,2016-09-30,72.0,0.19726027397260273,208.0,put,2.38,2.42,2.37,29,,0.14787,-0.26616,0.02286,0.31804,-0.03532,-0.12027,spy_options_2016.parquet,2446929
SPY,2016-07-20,2016-07-20T16:00:00-04:00,217.09,2016-09-30,72.0,0.19726027397260273,209.0,call,10.15,10.22,10.27,80,,0.15182,0.71416,0.02489,0.32633,-0.0276,0.23135,spy_options_2016.parquet,2446930
SPY,2016-07-20,2016-07-20T16:00:00-04:00,217.09,2016-09-30,72.0,0.19726027397260273,209.0,put,2.59,2.62,2.61,29,,0.14467,-0.28688,0.02422,0.32929,-0.03639,-0.12972,spy_options_2016.parquet,2446930
SPY,2016-07-20,2016-07-20T16:00:00-04:00,217.09,2016-09-30,72.0,0.19726027397260273,210.0,call,9.32,9.38,9.42,84,,0.14759,0.69333,0.02624,0.33737,-0.02768,0.22907,spy_options_2016.parquet,2446931
SPY,2016-07-20,2016-07-20T16:00:00-04:00,217.09,2016-09-30,72.0,0.19726027397260273,210.0,put,2.78,2.81,2.81,546,,0.14094,-0.30877,0.02567,0.34041,-0.03701,-0.13983,spy_options_2016.parquet,2446931
SPY,2016-07-20,2016-07-20T16:00:00-04:00,217.09,2016-09-30,72.0,0.19726027397260273,211.0,call,8.52,8.58,8.53,23,,0.14364,0.66944,0.02772,0.34809,-0.02771,0.22613,spy_options_2016.parquet,2446932
SPY,2016-07-20,2016-07-20T16:00:00-04:00,217.09,2016-09-30,72.0,0.19726027397260273,211.0,put,2.99,3.03,3.03,114,,0.1374,-0.33202,0.02722,0.3517,-0.03643,-0.14982,spy_options_2016.parquet,2446932
SPY,2016-07-20,2016-07-20T16:00:00-04:00,217.09,2016-09-30,72.0,0.19726027397260273,212.0,call,7.74,7.81,7.86,58,,0.13978,0.64407,0.02912,0.3582,-0.02794,0.22217,spy_options_2016.parquet,2446933
SPY,2016-07-20,2016-07-20T16:00:00-04:00,217.09,2016-09-30,72.0,0.19726027397260273,212.0,put,3.24,3.27,3.22,344,,0.13369,-0.35752,0.0287,0.36162,-0.0373,-0.16202,spy_options_2016.parquet,2446933
SPY,2016-07-20,2016-07-20T16:00:00-04:00,217.09,2016-09-30,72.0,0.19726027397260273,213.0,call,6.98,7.08,6.73,2,,0.13544,0.61696,0.03045,0.36692,-0.02857,0.21698,spy_options_2016.parquet,2446934
SPY,2016-07-20,2016-07-20T16:00:00-04:00,217.09,2016-09-30,72.0,0.19726027397260273,213.0,put,3.51,3.55,3.46,19,,0.12961,-0.38478,0.03017,0.3697,-0.03716,-0.17389,spy_options_2016.parquet,2446934
SPY,2016-07-20,2016-07-20T16:00:00-04:00,217.09,2016-09-30,72.0,0.19726027397260273,214.0,call,6.25,6.31,6.38,30,,0.13095,0.58875,0.03194,0.37471,-0.02811,0.21057,spy_options_2016.parquet,2446935
SPY,2016-07-20,2016-07-20T16:00:00-04:00,217.09,2016-09-30,72.0,0.19726027397260273,214.0,put,3.79,3.83,3.77,332,,0.12676,-0.41459,0.03159,0.37659,-0.03799,-0.18778,spy_options_2016.parquet,2446935
SPY,2016-07-20,2016-07-20T16:00:00-04:00,217.09,2016-09-30,72.0,0.19726027397260273,215.0,call,5.54,5.6,5.78,32,,0.12734,0.55713,0.03328,0.3808,-0.02711,0.20292,spy_options_2016.parquet,2446936
SPY,2016-07-20,2016-07-20T16:00:00-04:00,217.09,2016-09-30,72.0,0.19726027397260273,215.0,put,4.13,4.17,4.1,,,0.1228,-0.44573,0.033,0.38234,-0.03776,-0.2013,spy_options_2016.parquet,2446936
SPY,2016-07-20,2016-07-20T16:00:00-04:00,217.09,2016-09-30,72.0,0.19726027397260273,216.0,call,4.86,4.92,5.02,35,,0.12282,0.52371,0.03474,0.38368,-0.02737,0.19426,spy_options_2016.parquet,2446937
SPY,2016-07-20,2016-07-20T16:00:00-04:00,217.09,2016-09-30,72.0,0.19726027397260273,216.0,put,4.47,4.51,4.48,832,,0.11915,-0.47896,0.03416,0.38491,-0.03761,-0.21663,spy_options_2016.parquet,2446937
SPY,2016-07-20,2016-07-20T16:00:00-04:00,217.09,2016-09-30,72.0,0.19726027397260273,217.0,call,4.22,4.28,4.33,48,,0.11901,0.48878,0.03552,0.38502,-0.02595,0.18414,spy_options_2016.parquet,2446938
SPY,2016-07-20,2016-07-20T16:00:00-04:00,217.09,2016-09-30,72.0,0.19726027397260273,217.0,put,4.86,4.9,4.83,301,,0.1166,-0.51487,0.0352,0.38506,-0.03716,-0.23272,spy_options_2016.parquet,2446938
SPY,2016-07-20,2016-07-20T16:00:00-04:00,217.09,2016-09-30,72.0,0.19726027397260273,218.0,call,3.63,3.67,3.75,90,,0.11521,0.45103,0.03628,0.38216,-0.02525,0.17299,spy_options_2016.parquet,2446939
SPY,2016-07-20,2016-07-20T16:00:00-04:00,217.09,2016-09-30,72.0,0.19726027397260273,218.0,put,5.29,5.34,5.24,573,,0.11319,-0.55148,0.03586,0.38198,-0.03598,-0.24961,spy_options_2016.parquet,2446939
SPY,2016-07-20,2016-07-20T16:00:00-04:00,217.09,2016-09-30,72.0,0.19726027397260273,219.0,call,3.08,3.13,3.18,94,,0.11124,0.41127,0.03677,0.37604,-0.024,0.15979,spy_options_2016.parquet,2446940
SPY,2016-07-20,2016-07-20T16:00:00-04:00,217.09,2016-09-30,72.0,0.19726027397260273,219.0,put,5.75,5.81,5.73,45,,0.11027,-0.5904,0.03629,0.37543,-0.03507,-0.26742,spy_options_2016.parquet,2446940
SPY,2016-07-20,2016-07-20T16:00:00-04:00,217.09,2016-09-30,72.0,0.19726027397260273,220.0,call,2.57,2.61,2.61,172,,0.10726,0.37146,0.03676,0.36522,-0.02313,0.14612,spy_options_2016.parquet,2446941
SPY,2016-07-20,2016-07-20T16:00:00-04:00,217.09,2016-09-30,72.0,0.19726027397260273,220.0,put,6.28,6.33,6.22,137,,0.10706,-0.6291,0.03626,0.36469,-0.03428,-0.28543,spy_options_2016.parquet,2446941
SPY,2016-07-20,2016-07-20T16:00:00-04:00,217.09,2016-09-30,72.0,0.19726027397260273,225.0,call,0.84,0.87,0.89,607,,0.09408,0.17764,0.0287,0.25376,-0.01444,0.074,spy_options_2016.parquet,2446942
SPY,2016-07-20,2016-07-20T16:00:00-04:00,217.09,2016-09-30,72.0,0.19726027397260273,225.0,put,9.64,9.76,9.56,98,,0.09749,-0.8105,0.02827,0.25996,-0.02712,-0.37089,spy_options_2016.parquet,2446942
SPY,2016-07-20,2016-07-20T16:00:00-04:00,217.09,2016-09-30,72.0,0.19726027397260273,230.0,call,0.28,0.3,0.31,898,,0.0938,0.07316,0.01529,0.13556,-0.00746,0.03038,spy_options_2016.parquet,2446943
SPY,2016-07-20,2016-07-20T16:00:00-04:00,217.09,2016-09-30,72.0,0.19726027397260273,230.0,put,14.08,14.24,13.99,50,,0.10149,-0.90604,0.01651,0.15802,-0.02187,-0.42128,spy_options_2016.parquet,2446943
SPY,2016-07-20,2016-07-20T16:00:00-04:00,217.09,2016-09-30,72.0,0.19726027397260273,235.0,call,0.11,0.14,0.12,9,,0.1009,0.03427,0.00777,0.07507,-0.00459,0.01419,spy_options_2016.parquet,2446944
SPY,2016-07-20,2016-07-20T16:00:00-04:00,217.09,2016-09-30,72.0,0.19726027397260273,235.0,put,18.87,19.13,0.0,,,0.11433,-0.94166,0.00986,0.10588,-0.01891,-0.44684,spy_options_2016.parquet,2446944
SPY,2016-07-20,2016-07-20T16:00:00-04:00,217.09,2016-09-30,72.0,0.19726027397260273,240.0,call,0.07,0.07,0.0,,,0.11183,0.01915,0.00433,0.04633,-0.00301,0.00846,spy_options_2016.parquet,2446945
SPY,2016-07-20,2016-07-20T16:00:00-04:00,217.09,2016-09-30,72.0,0.19726027397260273,240.0,put,23.81,24.09,0.0,,,0.12972,-0.95735,0.00671,0.08165,-0.01814,-0.46274,spy_options_2016.parquet,2446945
SPY,2016-07-20,2016-07-20T16:00:00-04:00,217.09,2016-09-30,72.0,0.19726027397260273,245.0,call,0.03,0.05,0.05,7,,0.11901,0.00993,0.00232,0.02701,-0.0024,0.00444,spy_options_2016.parquet,2446946
SPY,2016-07-20,2016-07-20T16:00:00-04:00,217.09,2016-09-30,72.0,0.19726027397260273,245.0,put,28.81,29.08,0.0,,,0.14973,-0.96277,0.00512,0.07263,-0.01842,-0.47558,spy_options_2016.parquet,2446946
SPY,2016-07-20,2016-07-20T16:00:00-04:00,217.09,2016-09-30,72.0,0.19726027397260273,250.0,call,0.02,0.04,0.0,,,0.13069,0.00682,0.0016,0.02033,-0.00178,0.00331,spy_options_2016.parquet,2446947
SPY,2016-07-20,2016-07-20T16:00:00-04:00,217.09,2016-09-30,72.0,0.19726027397260273,250.0,put,33.78,34.06,0.0,,,0.16614,-0.96828,0.00394,0.06244,-0.01828,-0.48758,spy_options_2016.parquet,2446947
SPY,2016-07-20,2016-07-20T16:00:00-04:00,217.09,2016-09-30,72.0,0.19726027397260273,300.0,call,0.0,0.01,0.0,,,0.22926,0.00058,0.00012,0.0026,-0.00036,6e-05,spy_options_2016.parquet,2446948
SPY,2016-07-20,2016-07-20T16:00:00-04:00,217.09,2016-09-30,72.0,0.19726027397260273,300.0,put,83.7,83.99,0.0,,,0.30293,-0.98699,0.00085,0.02424,-0.01619,-0.59603,spy_options_2016.parquet,2446948
SPY,2016-07-20,2016-07-20T16:00:00-04:00,217.09,2016-09-30,72.0,0.19726027397260273,305.0,call,0.0,0.02,0.0,,,0.23972,0.00041,7e-05,0.00269,-0.00015,0.00071,spy_options_2016.parquet,2446949
SPY,2016-07-20,2016-07-20T16:00:00-04:00,217.09,2016-09-30,72.0,0.19726027397260273,305.0,put,88.68,88.98,0.0,,,0.31017,-0.9878,0.00073,0.02136,-0.01575,-0.60594,spy_options_2016.parquet,2446949
SPY,2016-07-20,2016-07-20T16:00:00-04:00,217.09,2016-09-30,72.0,0.19726027397260273,310.0,call,0.0,0.01,0.0,,,0.24989,0.00058,6e-05,0.00283,-0.00054,0.0005,spy_options_2016.parquet,2446950
SPY,2016-07-20,2016-07-20T16:00:00-04:00,217.09,2016-09-30,72.0,0.19726027397260273,310.0,put,93.66,93.95,0.0,,,0.30886,-0.9902,0.00053,0.01496,-0.01508,-0.61769,spy_options_2016.parquet,2446950
SPY,2016-07-20,2016-07-20T16:00:00-04:00,217.09,2016-09-30,72.0,0.19726027397260273,315.0,call,0.0,0.01,0.0,,,0.2605,0.00052,0.00012,0.00261,-0.00027,0.0004,spy_options_2016.parquet,2446951
SPY,2016-07-20,2016-07-20T16:00:00-04:00,217.09,2016-09-30,72.0,0.19726027397260273,315.0,put,98.66,98.94,0.0,,,0.31344,-0.99164,0.00045,0.01219,-0.01443,-0.62821,spy_options_2016.parquet,2446951
SPY,2016-07-20,2016-07-20T16:00:00-04:00,217.09,2016-10-21,93.0,0.2547945205479452,146.0,call,71.01,71.29,0.0,,,0.50808,0.92424,0.00064,0.11232,-0.02776,0.04653,spy_options_2016.parquet,2446978
SPY,2016-07-20,2016-07-20T16:00:00-04:00,217.09,2016-10-21,93.0,0.2547945205479452,146.0,put,0.11,0.13,0.0,,,0.34173,-0.00888,0.00069,0.02805,-0.0053,-0.00559,spy_options_2016.parquet,2446978
SPY,2016-07-20,2016-07-20T16:00:00-04:00,217.09,2016-10-21,93.0,0.2547945205479452,147.0,call,70.03,70.28,0.0,,,0.49865,0.92575,0.00071,0.11219,-0.02719,0.04711,spy_options_2016.parquet,2446979
SPY,2016-07-20,2016-07-20T16:00:00-04:00,217.09,2016-10-21,93.0,0.2547945205479452,147.0,put,0.12,0.14,0.0,,,0.33632,-0.00909,0.00066,0.02823,-0.00511,-0.00538,spy_options_2016.parquet,2446979
SPY,2016-07-20,2016-07-20T16:00:00-04:00,217.09,2016-10-21,93.0,0.2547945205479452,148.0,call,69.02,69.31,0.0,,,0.48932,0.9267,0.00073,0.11148,-0.02619,0.04762,spy_options_2016.parquet,2446980
SPY,2016-07-20,2016-07-20T16:00:00-04:00,217.09,2016-10-21,93.0,0.2547945205479452,148.0,put,0.13,0.13,0.0,,,0.33453,-0.00995,0.0007,0.03007,-0.00537,-0.00642,spy_options_2016.parquet,2446980
SPY,2016-07-20,2016-07-20T16:00:00-04:00,217.09,2016-10-21,93.0,0.2547945205479452,149.0,call,68.04,68.3,0.0,,,0.47971,0.92746,0.00079,0.11162,-0.02523,0.04884,spy_options_2016.parquet,2446981
SPY,2016-07-20,2016-07-20T16:00:00-04:00,217.09,2016-10-21,93.0,0.2547945205479452,149.0,put,0.13,0.13,0.15,4,,0.32854,-0.0102,0.00079,0.03048,-0.00506,-0.006,spy_options_2016.parquet,2446981
SPY,2016-07-20,2016-07-20T16:00:00-04:00,217.09,2016-10-21,93.0,0.2547945205479452,150.0,call,67.04,67.31,0.0,,,0.47086,0.92792,0.00086,0.11062,-0.02545,0.05049,spy_options_2016.parquet,2446982
SPY,2016-07-20,2016-07-20T16:00:00-04:00,217.09,2016-10-21,93.0,0.2547945205479452,150.0,put,0.14,0.15,0.14,15,,0.3269,-0.01151,0.00078,0.03236,-0.00553,-0.00617,spy_options_2016.parquet,2446982
SPY,2016-07-20,2016-07-20T16:00:00-04:00,217.09,2016-10-21,93.0,0.2547945205479452,151.0,call,66.05,66.31,0.0,,,0.46117,0.92932,0.00083,0.10976,-0.02392,0.05094,spy_options_2016.parquet,2446983
SPY,2016-07-20,2016-07-20T16:00:00-04:00,217.09,2016-10-21,93.0,0.2547945205479452,151.0,put,0.15,0.15,0.15,10,,0.3249,-0.0118,0.0009,0.03463,-0.0062,-0.00708,spy_options_2016.parquet,2446983
SPY,2016-07-20,2016-07-20T16:00:00-04:00,217.09,2016-10-21,93.0,0.2547945205479452,152.0,call,65.05,65.33,0.0,,,0.45325,0.92982,0.00095,0.10957,-0.02351,0.05272,spy_options_2016.parquet,2446984
SPY,2016-07-20,2016-07-20T16:00:00-04:00,217.09,2016-10-21,93.0,0.2547945205479452,152.0,put,0.16,0.16,0.0,,,0.31925,-0.01245,0.00091,0.03417,-0.00583,-0.0072,spy_options_2016.parquet,2446984
SPY,2016-07-20,2016-07-20T16:00:00-04:00,217.09,2016-10-21,93.0,0.2547945205479452,153.0,call,64.05,64.32,0.0,,,0.44421,0.93069,0.00096,0.10968,-0.02272,0.05322,spy_options_2016.parquet,2446985
SPY,2016-07-20,2016-07-20T16:00:00-04:00,217.09,2016-10-21,93.0,0.2547945205479452,153.0,put,0.16,0.16,0.0,,,0.31634,-0.01313,0.00097,0.03644,-0.00579,-0.00781,spy_options_2016.parquet,2446985
SPY,2016-07-20,2016-07-20T16:00:00-04:00,217.09,2016-10-21,93.0,0.2547945205479452,154.0,call,63.07,63.33,0.0,,,0.43634,0.9308,0.00106,0.10894,-0.02227,0.0549,spy_options_2016.parquet,2446986
SPY,2016-07-20,2016-07-20T16:00:00-04:00,217.09,2016-10-21,93.0,0.2547945205479452,154.0,put,0.17,0.18,0.0,,,0.31399,-0.01367,0.00104,0.03883,-0.00638,-0.00848,spy_options_2016.parquet,2446986
SPY,2016-07-20,2016-07-20T16:00:00-04:00,217.09,2016-10-21,93.0,0.2547945205479452,155.0,call,62.06,62.33,0.0,,,0.42666,0.93202,0.00105,0.10887,-0.02193,0.05609,spy_options_2016.parquet,2446987
SPY,2016-07-20,2016-07-20T16:00:00-04:00,217.09,2016-10-21,93.0,0.2547945205479452,155.0,put,0.17,0.2,0.0,,,0.31136,-0.01441,0.00111,0.04004,-0.00723,-0.00882,spy_options_2016.parquet,2446987
SPY,2016-07-20,2016-07-20T16:00:00-04:00,217.09,2016-10-21,93.0,0.2547945205479452,156.0,call,61.06,61.34,0.0,,,0.41957,0.93302,0.00109,0.1081,-0.02103,0.05801,spy_options_2016.parquet,2446988
SPY,2016-07-20,2016-07-20T16:00:00-04:00,217.09,2016-10-21,93.0,0.2547945205479452,156.0,put,0.2,0.2,0.0,,,0.30889,-0.01538,0.00108,0.04226,-0.00696,-0.00881,spy_options_2016.parquet,2446988
SPY,2016-07-20,2016-07-20T16:00:00-04:00,217.09,2016-10-21,93.0,0.2547945205479452,157.0,call,60.08,60.34,0.0,,,0.41159,0.93369,0.0012,0.10855,-0.0213,0.05991,spy_options_2016.parquet,2446989
SPY,2016-07-20,2016-07-20T16:00:00-04:00,217.09,2016-10-21,93.0,0.2547945205479452,157.0,put,0.2,0.21,0.24,0,,0.30508,-0.01619,0.00118,0.04428,-0.00726,-0.00986,spy_options_2016.parquet,2446989
SPY,2016-07-20,2016-07-20T16:00:00-04:00,217.09,2016-10-21,93.0,0.2547945205479452,158.0,call,59.09,59.35,0.0,,,0.40299,0.93438,0.00128,0.10774,-0.02047,0.06095,spy_options_2016.parquet,2446990
SPY,2016-07-20,2016-07-20T16:00:00-04:00,217.09,2016-10-21,93.0,0.2547945205479452,158.0,put,0.2,0.22,0.0,,,0.30176,-0.01696,0.00121,0.04609,-0.00774,-0.0095,spy_options_2016.parquet,2446990
SPY,2016-07-20,2016-07-20T16:00:00-04:00,217.09,2016-10-21,93.0,0.2547945205479452,159.0,call,58.09,58.36,0.0,,,0.39581,0.93474,0.00129,0.10787,-0.01993,0.06324,spy_options_2016.parquet,2446991
SPY,2016-07-20,2016-07-20T16:00:00-04:00,217.09,2016-10-21,93.0,0.2547945205479452,159.0,put,0.21,0.23,0.0,,,0.2984,-0.01718,0.00137,0.04736,-0.00762,-0.0107,spy_options_2016.parquet,2446991
SPY,2016-07-20,2016-07-20T16:00:00-04:00,217.09,2016-10-21,93.0,0.2547945205479452,160.0,call,57.09,57.34,57.0,10,,0.3861,0.93623,0.00135,0.10601,-0.01939,0.06339,spy_options_2016.parquet,2446992
SPY,2016-07-20,2016-07-20T16:00:00-04:00,217.09,2016-10-21,93.0,0.2547945205479452,160.0,put,0.23,0.24,0.25,1,,0.29605,-0.01857,0.00137,0.05096,-0.00859,-0.01081,spy_options_2016.parquet,2446992
SPY,2016-07-20,2016-07-20T16:00:00-04:00,217.09,2016-10-21,93.0,0.2547945205479452,161.0,call,56.11,56.37,0.0,,,0.38067,0.93634,0.00152,0.10704,-0.01923,0.06899,spy_options_2016.parquet,2446993
SPY,2016-07-20,2016-07-20T16:00:00-04:00,217.09,2016-10-21,93.0,0.2547945205479452,161.0,put,0.24,0.25,0.25,3,,0.29252,-0.02008,0.00148,0.05249,-0.00836,-0.01188,spy_options_2016.parquet,2446993
SPY,2016-07-20,2016-07-20T16:00:00-04:00,217.09,2016-10-21,93.0,0.2547945205479452,162.0,call,55.09,55.37,0.0,,,0.37193,0.93673,0.00156,0.10582,-0.01826,0.06835,spy_options_2016.parquet,2446994
SPY,2016-07-20,2016-07-20T16:00:00-04:00,217.09,2016-10-21,93.0,0.2547945205479452,162.0,put,0.24,0.26,0.31,0,,0.28894,-0.0209,0.00157,0.05481,-0.0082,-0.01179,spy_options_2016.parquet,2446994
SPY,2016-07-20,2016-07-20T16:00:00-04:00,217.09,2016-10-21,93.0,0.2547945205479452,163.0,call,54.13,54.38,0.0,,,0.36536,0.93706,0.00165,0.10655,-0.01765,0.07296,spy_options_2016.parquet,2446995
SPY,2016-07-20,2016-07-20T16:00:00-04:00,217.09,2016-10-21,93.0,0.2547945205479452,163.0,put,0.25,0.27,0.27,1,,0.28539,-0.02185,0.00166,0.05704,-0.00845,-0.01232,spy_options_2016.parquet,2446995
SPY,2016-07-20,2016-07-20T16:00:00-04:00,217.09,2016-10-21,93.0,0.2547945205479452,164.0,call,53.14,53.4,0.0,,,0.35923,0.93753,0.00178,0.10776,-0.0177,0.07679,spy_options_2016.parquet,2446996
SPY,2016-07-20,2016-07-20T16:00:00-04:00,217.09,2016-10-21,93.0,0.2547945205479452,164.0,put,0.27,0.29,0.3,3,,0.28377,-0.02346,0.00176,0.06081,-0.00939,-0.01328,spy_options_2016.parquet,2446996
SPY,2016-07-20,2016-07-20T16:00:00-04:00,217.09,2016-10-21,93.0,0.2547945205479452,165.0,call,52.15,52.41,0.0,,,0.35265,0.93798,0.00187,0.10744,-0.01741,0.08034,spy_options_2016.parquet,2446997
SPY,2016-07-20,2016-07-20T16:00:00-04:00,217.09,2016-10-21,93.0,0.2547945205479452,165.0,put,0.29,0.3,0.3,11,,0.27937,-0.02417,0.00187,0.06255,-0.00913,-0.01465,spy_options_2016.parquet,2446997
SPY,2016-07-20,2016-07-20T16:00:00-04:00,217.09,2016-10-21,93.0,0.2547945205479452,166.0,call,51.16,51.42,0.0,,,0.34531,0.93841,0.00197,0.10855,-0.0168,0.08338,spy_options_2016.parquet,2446998
SPY,2016-07-20,2016-07-20T16:00:00-04:00,217.09,2016-10-21,93.0,0.2547945205479452,166.0,put,0.32,0.31,0.32,102,,0.27709,-0.02538,0.00198,0.06628,-0.00982,-0.01525,spy_options_2016.parquet,2446998
SPY,2016-07-20,2016-07-20T16:00:00-04:00,217.09,2016-10-21,93.0,0.2547945205479452,167.0,call,50.16,50.42,0.0,,,0.3385,0.93905,0.00206,0.10788,-0.01601,0.08628,spy_options_2016.parquet,2446999
SPY,2016-07-20,2016-07-20T16:00:00-04:00,217.09,2016-10-21,93.0,0.2547945205479452,167.0,put,0.33,0.33,0.39,0,,0.27307,-0.02658,0.0021,0.06805,-0.01014,-0.01579,spy_options_2016.parquet,2446999
SPY,2016-07-20,2016-07-20T16:00:00-04:00,217.09,2016-10-21,93.0,0.2547945205479452,168.0,call,49.18,49.45,0.0,,,0.33316,0.93834,0.00226,0.10961,-0.01587,0.09182,spy_options_2016.parquet,2447000
SPY,2016-07-20,2016-07-20T16:00:00-04:00,217.09,2016-10-21,93.0,0.2547945205479452,168.0,put,0.34,0.36,0.35,102,,0.27105,-0.02855,0.00219,0.07205,-0.01105,-0.01646,spy_options_2016.parquet,2447000
SPY,2016-07-20,2016-07-20T16:00:00-04:00,217.09,2016-10-21,93.0,0.2547945205479452,169.0,call,48.2,48.45,0.0,,,0.32564,0.93882,0.00239,0.10954,-0.01635,0.09439,spy_options_2016.parquet,2447001
SPY,2016-07-20,2016-07-20T16:00:00-04:00,217.09,2016-10-21,93.0,0.2547945205479452,169.0,put,0.36,0.37,0.36,180,,0.26778,-0.02992,0.00229,0.07557,-0.01063,-0.01812,spy_options_2016.parquet,2447001
SPY,2016-07-20,2016-07-20T16:00:00-04:00,217.09,2016-10-21,93.0,0.2547945205479452,170.0,call,47.21,47.45,0.0,,,0.32012,0.93883,0.00254,0.11079,-0.01543,0.09813,spy_options_2016.parquet,2447002
SPY,2016-07-20,2016-07-20T16:00:00-04:00,217.09,2016-10-21,93.0,0.2547945205479452,170.0,put,0.38,0.39,0.38,184,,0.26547,-0.03206,0.00245,0.07929,-0.01171,-0.01943,spy_options_2016.parquet,2447002
SPY,2016-07-20,2016-07-20T16:00:00-04:00,217.09,2016-10-21,93.0,0.2547945205479452,171.0,call,46.22,46.47,0.0,,,0.31384,0.93905,0.00262,0.11157,-0.01558,0.10236,spy_options_2016.parquet,2447003
SPY,2016-07-20,2016-07-20T16:00:00-04:00,217.09,2016-10-21,93.0,0.2547945205479452,171.0,put,0.4,0.41,0.48,0,,0.26276,-0.03387,0.00261,0.08313,-0.012,-0.01978,spy_options_2016.parquet,2447003
SPY,2016-07-20,2016-07-20T16:00:00-04:00,217.09,2016-10-21,93.0,0.2547945205479452,172.0,call,45.23,45.49,0.0,,,0.30765,0.93863,0.00285,0.11226,-0.0152,0.10773,spy_options_2016.parquet,2447004
SPY,2016-07-20,2016-07-20T16:00:00-04:00,217.09,2016-10-21,93.0,0.2547945205479452,172.0,put,0.42,0.43,0.42,70,,0.25914,-0.03565,0.00279,0.08617,-0.01204,-0.021,spy_options_2016.parquet,2447004
SPY,2016-07-20,2016-07-20T16:00:00-04:00,217.09,2016-10-21,93.0,0.2547945205479452,173.0,call,44.26,44.5,0.0,,,0.30277,0.93759,0.00306,0.11497,-0.01481,0.1138,spy_options_2016.parquet,2447005
SPY,2016-07-20,2016-07-20T16:00:00-04:00,217.09,2016-10-21,93.0,0.2547945205479452,173.0,put,0.45,0.46,0.45,162,,0.2559,-0.03778,0.00293,0.09067,-0.01308,-0.02186,spy_options_2016.parquet,2447005
SPY,2016-07-20,2016-07-20T16:00:00-04:00,217.09,2016-10-21,93.0,0.2547945205479452,174.0,call,43.28,43.52,0.0,,,0.297,0.93765,0.00325,0.11718,-0.01557,0.11954,spy_options_2016.parquet,2447006
SPY,2016-07-20,2016-07-20T16:00:00-04:00,217.09,2016-10-21,93.0,0.2547945205479452,174.0,put,0.48,0.49,0.47,400,,0.25348,-0.04019,0.00305,0.09511,-0.0136,-0.02405,spy_options_2016.parquet,2447006
SPY,2016-07-20,2016-07-20T16:00:00-04:00,217.09,2016-10-21,93.0,0.2547945205479452,175.0,call,42.3,42.53,0.0,,,0.2917,0.93658,0.00338,0.11932,-0.01475,0.12424,spy_options_2016.parquet,2447007
SPY,2016-07-20,2016-07-20T16:00:00-04:00,217.09,2016-10-21,93.0,0.2547945205479452,175.0,put,0.49,0.5,0.49,,,0.24996,-0.04181,0.00331,0.09923,-0.01404,-0.02455,spy_options_2016.parquet,2447007
SPY,2016-07-20,2016-07-20T16:00:00-04:00,217.09,2016-10-21,93.0,0.2547945205479452,176.0,call,41.32,41.56,0.0,,,0.28758,0.93504,0.00363,0.1222,-0.01534,0.13206,spy_options_2016.parquet,2447008
SPY,2016-07-20,2016-07-20T16:00:00-04:00,217.09,2016-10-21,93.0,0.2547945205479452,176.0,put,0.52,0.53,0.52,,,0.24727,-0.04423,0.00349,0.10335,-0.0136,-0.02637,spy_options_2016.parquet,2447008
SPY,2016-07-20,2016-07-20T16:00:00-04:00,217.09,2016-10-21,93.0,0.2547945205479452,177.0,call,40.34,40.57,0.0,,,0.28233,0.93402,0.00392,0.12448,-0.01455,0.13788,spy_options_2016.parquet,2447009
SPY,2016-07-20,2016-07-20T16:00:00-04:00,217.09,2016-10-21,93.0,0.2547945205479452,177.0,put,0.54,0.57,0.55,48,,0.24445,-0.04765,0.00365,0.10907,-0.01461,-0.02826,spy_options_2016.parquet,2447009
SPY,2016-07-20,2016-07-20T16:00:00-04:00,217.09,2016-10-21,93.0,0.2547945205479452,178.0,call,39.35,39.59,0.0,,,0.27653,0.93267,0.00413,0.12814,-0.01536,0.14371,spy_options_2016.parquet,2447010
SPY,2016-07-20,2016-07-20T16:00:00-04:00,217.09,2016-10-21,93.0,0.2547945205479452,178.0,put,0.58,0.59,0.61,2,,0.24165,-0.05047,0.00389,0.11416,-0.01502,-0.02915,spy_options_2016.parquet,2447010
SPY,2016-07-20,2016-07-20T16:00:00-04:00,217.09,2016-10-21,93.0,0.2547945205479452,179.0,call,38.38,38.61,0.0,,,0.2716,0.93147,0.00443,0.13064,-0.0148,0.15056,spy_options_2016.parquet,2447011
SPY,2016-07-20,2016-07-20T16:00:00-04:00,217.09,2016-10-21,93.0,0.2547945205479452,179.0,put,0.6,0.62,0.62,2,,0.23847,-0.05316,0.00406,0.11857,-0.01521,-0.03137,spy_options_2016.parquet,2447011
SPY,2016-07-20,2016-07-20T16:00:00-04:00,217.09,2016-10-21,93.0,0.2547945205479452,180.0,call,37.4,37.63,0.0,,,0.26654,0.9296,0.00464,0.13398,-0.01506,0.15674,spy_options_2016.parquet,2447012
SPY,2016-07-20,2016-07-20T16:00:00-04:00,217.09,2016-10-21,93.0,0.2547945205479452,180.0,put,0.64,0.65,0.64,214,,0.23527,-0.05622,0.00434,0.12352,-0.01583,-0.03309,spy_options_2016.parquet,2447012
SPY,2016-07-20,2016-07-20T16:00:00-04:00,217.09,2016-10-21,93.0,0.2547945205479452,181.0,call,36.45,36.67,0.0,,,0.26335,0.92664,0.00499,0.13981,-0.01544,0.16502,spy_options_2016.parquet,2447013
SPY,2016-07-20,2016-07-20T16:00:00-04:00,217.09,2016-10-21,93.0,0.2547945205479452,181.0,put,0.69,0.69,0.7,2,,0.23242,-0.0596,0.00457,0.12954,-0.01714,-0.03446,spy_options_2016.parquet,2447013
SPY,2016-07-20,2016-07-20T16:00:00-04:00,217.09,2016-10-21,93.0,0.2547945205479452,182.0,call,35.47,35.69,0.0,,,0.25846,0.92523,0.00533,0.14391,-0.0158,0.17169,spy_options_2016.parquet,2447014
SPY,2016-07-20,2016-07-20T16:00:00-04:00,217.09,2016-10-21,93.0,0.2547945205479452,182.0,put,0.72,0.73,0.71,202,,0.22989,-0.06336,0.00487,0.13552,-0.01764,-0.03654,spy_options_2016.parquet,2447014
SPY,2016-07-20,2016-07-20T16:00:00-04:00,217.09,2016-10-21,93.0,0.2547945205479452,183.0,call,34.51,34.72,0.0,,,0.2538,0.92187,0.00561,0.1487,-0.01568,0.17925,spy_options_2016.parquet,2447015
SPY,2016-07-20,2016-07-20T16:00:00-04:00,217.09,2016-10-21,93.0,0.2547945205479452,183.0,put,0.76,0.78,0.76,202,,0.22724,-0.0665,0.0052,0.14167,-0.01775,-0.03875,spy_options_2016.parquet,2447015
SPY,2016-07-20,2016-07-20T16:00:00-04:00,217.09,2016-10-21,93.0,0.2547945205479452,184.0,call,33.53,33.74,0.0,,,0.24973,0.91967,0.006,0.1536,-0.01564,0.18556,spy_options_2016.parquet,2447016
SPY,2016-07-20,2016-07-20T16:00:00-04:00,217.09,2016-10-21,93.0,0.2547945205479452,184.0,put,0.81,0.8,0.78,129,,0.22405,-0.07002,0.00548,0.14829,-0.01789,-0.04094,spy_options_2016.parquet,2447016
SPY,2016-07-20,2016-07-20T16:00:00-04:00,217.09,2016-10-21,93.0,0.2547945205479452,185.0,call,32.57,32.78,0.0,,,0.24603,0.91636,0.00629,0.15965,-0.016,0.19379,spy_options_2016.parquet,2447017
SPY,2016-07-20,2016-07-20T16:00:00-04:00,217.09,2016-10-21,93.0,0.2547945205479452,185.0,put,0.84,0.85,0.83,746,,0.22078,-0.07474,0.00578,0.15464,-0.01916,-0.04364,spy_options_2016.parquet,2447017
SPY,2016-07-20,2016-07-20T16:00:00-04:00,217.09,2016-10-21,93.0,0.2547945205479452,186.0,call,31.62,31.75,31.15,30,,0.23923,0.91421,0.00663,0.16226,-0.01557,0.19745,spy_options_2016.parquet,2447018
SPY,2016-07-20,2016-07-20T16:00:00-04:00,217.09,2016-10-21,93.0,0.2547945205479452,186.0,put,0.89,0.89,0.88,15,,0.21766,-0.07921,0.0061,0.16148,-0.01977,-0.04584,spy_options_2016.parquet,2447018
SPY,2016-07-20,2016-07-20T16:00:00-04:00,217.09,2016-10-21,93.0,0.2547945205479452,187.0,call,30.64,30.85,0.0,,,0.23696,0.90919,0.00706,0.17129,-0.01705,0.20697,spy_options_2016.parquet,2447019
SPY,2016-07-20,2016-07-20T16:00:00-04:00,217.09,2016-10-21,93.0,0.2547945205479452,187.0,put,0.94,0.94,0.95,,,0.21538,-0.08329,0.00652,0.16835,-0.02057,-0.04894,spy_options_2016.parquet,2447019
SPY,2016-07-20,2016-07-20T16:00:00-04:00,217.09,2016-10-21,93.0,0.2547945205479452,188.0,call,29.69,29.91,0.0,,,0.23378,0.90402,0.00754,0.17844,-0.01716,0.21484,spy_options_2016.parquet,2447020
SPY,2016-07-20,2016-07-20T16:00:00-04:00,217.09,2016-10-21,93.0,0.2547945205479452,188.0,put,0.99,1.0,1.01,81,,0.21202,-0.08824,0.00686,0.17561,-0.02096,-0.05155,spy_options_2016.parquet,2447020
SPY,2016-07-20,2016-07-20T16:00:00-04:00,217.09,2016-10-21,93.0,0.2547945205479452,189.0,call,28.74,28.93,28.93,35,,0.22929,0.89939,0.00797,0.18544,-0.01797,0.22163,spy_options_2016.parquet,2447021
SPY,2016-07-20,2016-07-20T16:00:00-04:00,217.09,2016-10-21,93.0,0.2547945205479452,189.0,put,1.05,1.06,1.06,3,,0.20869,-0.09403,0.00727,0.18374,-0.0212,-0.05544,spy_options_2016.parquet,2447021
SPY,2016-07-20,2016-07-20T16:00:00-04:00,217.09,2016-10-21,93.0,0.2547945205479452,190.0,call,27.78,27.91,27.3,10,,0.22335,0.89671,0.00838,0.18913,-0.0172,0.2264,spy_options_2016.parquet,2447022
SPY,2016-07-20,2016-07-20T16:00:00-04:00,217.09,2016-10-21,93.0,0.2547945205479452,190.0,put,1.1,1.12,1.11,123,,0.20553,-0.09865,0.00769,0.1915,-0.02156,-0.0581,spy_options_2016.parquet,2447022
SPY,2016-07-20,2016-07-20T16:00:00-04:00,217.09,2016-10-21,93.0,0.2547945205479452,191.0,call,26.82,27.03,0.0,,,0.2209,0.88983,0.00887,0.19972,-0.01792,0.23537,spy_options_2016.parquet,2447023
SPY,2016-07-20,2016-07-20T16:00:00-04:00,217.09,2016-10-21,93.0,0.2547945205479452,191.0,put,1.17,1.18,1.18,112,,0.20233,-0.1052,0.00811,0.20066,-0.02243,-0.06156,spy_options_2016.parquet,2447023
SPY,2016-07-20,2016-07-20T16:00:00-04:00,217.09,2016-10-21,93.0,0.2547945205479452,192.0,call,25.87,26.09,0.0,,,0.21742,0.88478,0.00938,0.2075,-0.0186,0.24104,spy_options_2016.parquet,2447024
SPY,2016-07-20,2016-07-20T16:00:00-04:00,217.09,2016-10-21,93.0,0.2547945205479452,192.0,put,1.23,1.25,1.21,14,,0.19951,-0.1113,0.00861,0.20908,-0.02315,-0.0658,spy_options_2016.parquet,2447024
SPY,2016-07-20,2016-07-20T16:00:00-04:00,217.09,2016-10-21,93.0,0.2547945205479452,193.0,call,24.94,25.15,24.18,0,,0.21378,0.87842,0.00996,0.21669,-0.01941,0.24769,spy_options_2016.parquet,2447025
SPY,2016-07-20,2016-07-20T16:00:00-04:00,217.09,2016-10-21,93.0,0.2547945205479452,193.0,put,1.3,1.33,1.32,156,,0.19614,-0.11777,0.00914,0.21757,-0.02404,-0.06908,spy_options_2016.parquet,2447025
SPY,2016-07-20,2016-07-20T16:00:00-04:00,217.09,2016-10-21,93.0,0.2547945205479452,194.0,call,23.99,24.2,23.15,0,,0.20949,0.87148,0.01052,0.22515,-0.01919,0.25341,spy_options_2016.parquet,2447026
SPY,2016-07-20,2016-07-20T16:00:00-04:00,217.09,2016-10-21,93.0,0.2547945205479452,194.0,put,1.38,1.38,1.38,112,,0.19335,-0.12499,0.00961,0.22691,-0.02508,-0.07333,spy_options_2016.parquet,2447026
SPY,2016-07-20,2016-07-20T16:00:00-04:00,217.09,2016-10-21,93.0,0.2547945205479452,195.0,call,23.05,23.26,22.21,0,,0.20576,0.86483,0.01109,0.23323,-0.02003,0.25922,spy_options_2016.parquet,2447027
SPY,2016-07-20,2016-07-20T16:00:00-04:00,217.09,2016-10-21,93.0,0.2547945205479452,195.0,put,1.46,1.46,1.45,,,0.19028,-0.13295,0.01026,0.23648,-0.02512,-0.07835,spy_options_2016.parquet,2447027
SPY,2016-07-20,2016-07-20T16:00:00-04:00,217.09,2016-10-21,93.0,0.2547945205479452,196.0,call,22.15,22.34,0.0,,,0.20264,0.85609,0.01163,0.24403,-0.02086,0.26457,spy_options_2016.parquet,2447028
SPY,2016-07-20,2016-07-20T16:00:00-04:00,217.09,2016-10-21,93.0,0.2547945205479452,196.0,put,1.53,1.56,1.55,263,,0.18712,-0.14089,0.01079,0.2456,-0.02605,-0.0823,spy_options_2016.parquet,2447028
SPY,2016-07-20,2016-07-20T16:00:00-04:00,217.09,2016-10-21,93.0,0.2547945205479452,197.0,call,21.22,21.4,0.0,,,0.19847,0.84864,0.01233,0.25313,-0.02078,0.2704,spy_options_2016.parquet,2447029
SPY,2016-07-20,2016-07-20T16:00:00-04:00,217.09,2016-10-21,93.0,0.2547945205479452,197.0,put,1.64,1.66,1.65,510,,0.18467,-0.14924,0.01143,0.25579,-0.02657,-0.08797,spy_options_2016.parquet,2447029
SPY,2016-07-20,2016-07-20T16:00:00-04:00,217.09,2016-10-21,93.0,0.2547945205479452,198.0,call,20.32,20.47,0.0,,,0.19431,0.83922,0.01299,0.26316,-0.02178,0.27478,spy_options_2016.parquet,2447030
SPY,2016-07-20,2016-07-20T16:00:00-04:00,217.09,2016-10-21,93.0,0.2547945205479452,198.0,put,1.72,1.75,1.72,975,,0.18178,-0.15854,0.01209,0.26662,-0.02769,-0.09346,spy_options_2016.parquet,2447030
SPY,2016-07-20,2016-07-20T16:00:00-04:00,217.09,2016-10-21,93.0,0.2547945205479452,199.0,call,19.39,19.56,0.0,,,0.19013,0.83001,0.01366,0.27288,-0.02146,0.27875,spy_options_2016.parquet,2447031
SPY,2016-07-20,2016-07-20T16:00:00-04:00,217.09,2016-10-21,93.0,0.2547945205479452,199.0,put,1.82,1.84,1.81,803,,0.17751,-0.16829,0.01283,0.27637,-0.02772,-0.09869,spy_options_2016.parquet,2447031
SPY,2016-07-20,2016-07-20T16:00:00-04:00,217.09,2016-10-21,93.0,0.2547945205479452,200.0,call,18.49,18.6,18.77,171,,0.18608,0.8213,0.01439,0.28287,-0.0217,0.28221,spy_options_2016.parquet,2447032
SPY,2016-07-20,2016-07-20T16:00:00-04:00,217.09,2016-10-21,93.0,0.2547945205479452,200.0,put,1.93,1.96,1.92,,,0.17435,-0.17864,0.01351,0.28762,-0.02909,-0.1047,spy_options_2016.parquet,2447032
SPY,2016-07-20,2016-07-20T16:00:00-04:00,217.09,2016-10-21,93.0,0.2547945205479452,201.0,call,17.61,17.74,0.0,,,0.18281,0.80858,0.01515,0.29511,-0.02265,0.28567,spy_options_2016.parquet,2447033
SPY,2016-07-20,2016-07-20T16:00:00-04:00,217.09,2016-10-21,93.0,0.2547945205479452,201.0,put,2.07,2.07,2.08,562,,0.17185,-0.19009,0.01437,0.29893,-0.02947,-0.11182,spy_options_2016.parquet,2447033
SPY,2016-07-20,2016-07-20T16:00:00-04:00,217.09,2016-10-21,93.0,0.2547945205479452,202.0,call,16.71,16.85,0.0,,,0.17967,0.79741,0.016,0.30606,-0.02348,0.28889,spy_options_2016.parquet,2447034
SPY,2016-07-20,2016-07-20T16:00:00-04:00,217.09,2016-10-21,93.0,0.2547945205479452,202.0,put,2.18,2.2,2.2,645,,0.16862,-0.20256,0.0152,0.30943,-0.02967,-0.11879,spy_options_2016.parquet,2447034
SPY,2016-07-20,2016-07-20T16:00:00-04:00,217.09,2016-10-21,93.0,0.2547945205479452,203.0,call,15.82,15.92,15.93,52,,0.17465,0.78538,0.01679,0.31639,-0.02302,0.29101,spy_options_2016.parquet,2447035
SPY,2016-07-20,2016-07-20T16:00:00-04:00,217.09,2016-10-21,93.0,0.2547945205479452,203.0,put,2.31,2.33,2.32,332,,0.16519,-0.21428,0.01601,0.32088,-0.03073,-0.12614,spy_options_2016.parquet,2447035
SPY,2016-07-20,2016-07-20T16:00:00-04:00,217.09,2016-10-21,93.0,0.2547945205479452,204.0,call,14.94,15.08,14.99,111,,0.17139,0.77149,0.01764,0.32835,-0.02412,0.29281,spy_options_2016.parquet,2447036
SPY,2016-07-20,2016-07-20T16:00:00-04:00,217.09,2016-10-21,93.0,0.2547945205479452,204.0,put,2.45,2.47,2.43,,,0.16195,-0.22836,0.01689,0.33212,-0.03148,-0.13333,spy_options_2016.parquet,2447036
SPY,2016-07-20,2016-07-20T16:00:00-04:00,217.09,2016-10-21,93.0,0.2547945205479452,205.0,call,14.07,14.21,14.36,87,,0.1674,0.75789,0.0186,0.33906,-0.02426,0.29378,spy_options_2016.parquet,2447037
SPY,2016-07-20,2016-07-20T16:00:00-04:00,217.09,2016-10-21,93.0,0.2547945205479452,205.0,put,2.61,2.62,2.59,,,0.15876,-0.24241,0.01788,0.34394,-0.03165,-0.14207,spy_options_2016.parquet,2447037
SPY,2016-07-20,2016-07-20T16:00:00-04:00,217.09,2016-10-21,93.0,0.2547945205479452,206.0,call,13.22,13.35,13.32,8,,0.1635,0.74268,0.0195,0.35101,-0.02503,0.29411,spy_options_2016.parquet,2447038
SPY,2016-07-20,2016-07-20T16:00:00-04:00,217.09,2016-10-21,93.0,0.2547945205479452,206.0,put,2.77,2.79,2.74,705,,0.15515,-0.25856,0.01887,0.35489,-0.03225,-0.15193,spy_options_2016.parquet,2447038
SPY,2016-07-20,2016-07-20T16:00:00-04:00,217.09,2016-10-21,93.0,0.2547945205479452,207.0,call,12.38,12.48,12.53,47,,0.16038,0.72601,0.02048,0.36218,-0.02447,0.29368,spy_options_2016.parquet,2447039
SPY,2016-07-20,2016-07-20T16:00:00-04:00,217.09,2016-10-21,93.0,0.2547945205479452,207.0,put,2.95,2.97,2.94,338,,0.15277,-0.27481,0.01987,0.36677,-0.03306,-0.16102,spy_options_2016.parquet,2447039
SPY,2016-07-20,2016-07-20T16:00:00-04:00,217.09,2016-10-21,93.0,0.2547945205479452,208.0,call,11.56,11.64,11.65,2,,0.15655,0.70911,0.02156,0.37346,-0.02468,0.29201,spy_options_2016.parquet,2447040
SPY,2016-07-20,2016-07-20T16:00:00-04:00,217.09,2016-10-21,93.0,0.2547945205479452,208.0,put,3.15,3.16,3.14,666,,0.1487,-0.29234,0.02091,0.37792,-0.03298,-0.1711,spy_options_2016.parquet,2447040
SPY,2016-07-20,2016-07-20T16:00:00-04:00,217.09,2016-10-21,93.0,0.2547945205479452,209.0,call,10.74,10.83,10.88,8,,0.15181,0.69031,0.02252,0.38424,-0.02521,0.29029,spy_options_2016.parquet,2447041
SPY,2016-07-20,2016-07-20T16:00:00-04:00,217.09,2016-10-21,93.0,0.2547945205479452,209.0,put,3.34,3.36,3.31,869,,0.14587,-0.31192,0.02202,0.38851,-0.0338,-0.18225,spy_options_2016.parquet,2447041
SPY,2016-07-20,2016-07-20T16:00:00-04:00,217.09,2016-10-21,93.0,0.2547945205479452,210.0,call,9.97,10.03,10.06,51,,0.14912,0.66992,0.0235,0.39445,-0.02565,0.28692,spy_options_2016.parquet,2447042
SPY,2016-07-20,2016-07-20T16:00:00-04:00,217.09,2016-10-21,93.0,0.2547945205479452,210.0,put,3.56,3.58,3.54,,,0.14212,-0.33124,0.0231,0.39818,-0.03419,-0.19413,spy_options_2016.parquet,2447042
SPY,2016-07-20,2016-07-20T16:00:00-04:00,217.09,2016-10-21,93.0,0.2547945205479452,211.0,call,9.2,9.23,9.29,101,,0.14585,0.64845,0.02456,0.40497,-0.02521,0.28296,spy_options_2016.parquet,2447043
SPY,2016-07-20,2016-07-20T16:00:00-04:00,217.09,2016-10-21,93.0,0.2547945205479452,211.0,put,3.79,3.83,3.84,,,0.13902,-0.35336,0.02419,0.40756,-0.03363,-0.20692,spy_options_2016.parquet,2447043
SPY,2016-07-20,2016-07-20T16:00:00-04:00,217.09,2016-10-21,93.0,0.2547945205479452,212.0,call,8.43,8.46,8.53,203,,0.14187,0.62563,0.02559,0.41321,-0.02573,0.27857,spy_options_2016.parquet,2447044
SPY,2016-07-20,2016-07-20T16:00:00-04:00,217.09,2016-10-21,93.0,0.2547945205479452,212.0,put,4.06,4.08,4.07,,,0.13558,-0.37657,0.02527,0.41718,-0.0342,-0.22077,spy_options_2016.parquet,2447044
SPY,2016-07-20,2016-07-20T16:00:00-04:00,217.09,2016-10-21,93.0,0.2547945205479452,213.0,call,7.7,7.72,7.79,695,,0.13763,0.60147,0.02668,0.42166,-0.02585,0.27191,spy_options_2016.parquet,2447045
SPY,2016-07-20,2016-07-20T16:00:00-04:00,217.09,2016-10-21,93.0,0.2547945205479452,213.0,put,4.33,4.36,4.34,988,,0.13257,-0.40027,0.02642,0.4239,-0.03413,-0.2348,spy_options_2016.parquet,2447045
SPY,2016-07-20,2016-07-20T16:00:00-04:00,217.09,2016-10-21,93.0,0.2547945205479452,214.0,call,6.98,7.01,7.04,181,,0.13388,0.57614,0.02764,0.42752,-0.02497,0.26473,spy_options_2016.parquet,2447046
SPY,2016-07-20,2016-07-20T16:00:00-04:00,217.09,2016-10-21,93.0,0.2547945205479452,214.0,put,4.63,4.66,4.6,,,0.1287,-0.42698,0.02746,0.43057,-0.03398,-0.25066,spy_options_2016.parquet,2447046
SPY,2016-07-20,2016-07-20T16:00:00-04:00,217.09,2016-10-21,93.0,0.2547945205479452,215.0,call,6.27,6.31,6.37,850,,0.13046,0.54821,0.02865,0.43228,-0.02467,0.25606,spy_options_2016.parquet,2447047
SPY,2016-07-20,2016-07-20T16:00:00-04:00,217.09,2016-10-21,93.0,0.2547945205479452,215.0,put,4.95,4.98,4.93,946,,0.12626,-0.45429,0.02853,0.43454,-0.03404,-0.26613,spy_options_2016.parquet,2447047
SPY,2016-07-20,2016-07-20T16:00:00-04:00,217.09,2016-10-21,93.0,0.2547945205479452,216.0,call,5.61,5.64,5.66,,,0.12691,0.51929,0.02965,0.43581,-0.02441,0.24587,spy_options_2016.parquet,2447048
SPY,2016-07-20,2016-07-20T16:00:00-04:00,217.09,2016-10-21,93.0,0.2547945205479452,216.0,put,5.29,5.32,5.22,,,0.12196,-0.48331,0.02947,0.43704,-0.03409,-0.28314,spy_options_2016.parquet,2447048
SPY,2016-07-20,2016-07-20T16:00:00-04:00,217.09,2016-10-21,93.0,0.2547945205479452,217.0,call,4.97,5.0,5.05,,,0.12286,0.48917,0.0303,0.4363,-0.02427,0.23494,spy_options_2016.parquet,2447049
SPY,2016-07-20,2016-07-20T16:00:00-04:00,217.09,2016-10-21,93.0,0.2547945205479452,217.0,put,5.67,5.7,5.64,,,0.11865,-0.51382,0.03027,0.43667,-0.0335,-0.30216,spy_options_2016.parquet,2447049
SPY,2016-07-20,2016-07-20T16:00:00-04:00,217.09,2016-10-21,93.0,0.2547945205479452,218.0,call,4.36,4.39,4.45,509,,0.1195,0.45725,0.03082,0.43369,-0.02323,0.22328,spy_options_2016.parquet,2447050
SPY,2016-07-20,2016-07-20T16:00:00-04:00,217.09,2016-10-21,93.0,0.2547945205479452,218.0,put,6.09,6.12,6.04,343,,0.11543,-0.54632,0.0309,0.43387,-0.03225,-0.32097,spy_options_2016.parquet,2447050
SPY,2016-07-20,2016-07-20T16:00:00-04:00,217.09,2016-10-21,93.0,0.2547945205479452,219.0,call,3.8,3.81,3.86,571,,0.11604,0.4234,0.03132,0.42887,-0.02208,0.20907,spy_options_2016.parquet,2447051
SPY,2016-07-20,2016-07-20T16:00:00-04:00,217.09,2016-10-21,93.0,0.2547945205479452,219.0,put,6.54,6.57,6.48,737,,0.11221,-0.57953,0.03135,0.42824,-0.03183,-0.34095,spy_options_2016.parquet,2447051
SPY,2016-07-20,2016-07-20T16:00:00-04:00,217.09,2016-10-21,93.0,0.2547945205479452,220.0,call,3.26,3.28,3.31,,,0.11294,0.38922,0.03146,0.42037,-0.02125,0.19478,spy_options_2016.parquet,2447052
SPY,2016-07-20,2016-07-20T16:00:00-04:00,217.09,2016-10-21,93.0,0.2547945205479452,220.0,put,7.0,7.06,7.02,,,0.10884,-0.61397,0.03166,0.41877,-0.03062,-0.36123,spy_options_2016.parquet,2447052
SPY,2016-07-20,2016-07-20T16:00:00-04:00,217.09,2016-10-21,93.0,0.2547945205479452,221.0,call,2.78,2.78,2.83,,,0.10879,0.35434,0.03146,0.40791,-0.02049,0.1786,spy_options_2016.parquet,2447053
SPY,2016-07-20,2016-07-20T16:00:00-04:00,217.09,2016-10-21,93.0,0.2547945205479452,221.0,put,7.53,7.58,7.51,708,,0.10558,-0.64939,0.03153,0.40519,-0.03001,-0.3823,spy_options_2016.parquet,2447053
SPY,2016-07-20,2016-07-20T16:00:00-04:00,217.09,2016-10-21,93.0,0.2547945205479452,222.0,call,2.32,2.34,2.35,,,0.10647,0.31857,0.03094,0.39198,-0.01904,0.16325,spy_options_2016.parquet,2447054
SPY,2016-07-20,2016-07-20T16:00:00-04:00,217.09,2016-10-21,93.0,0.2547945205479452,222.0,put,8.1,8.16,8.04,817,,0.10242,-0.68525,0.03103,0.38727,-0.0289,-0.40403,spy_options_2016.parquet,2447054
SPY,2016-07-20,2016-07-20T16:00:00-04:00,217.09,2016-10-21,93.0,0.2547945205479452,223.0,call,1.94,1.95,1.95,,,0.10312,0.28315,0.03009,0.37179,-0.01744,0.14582,spy_options_2016.parquet,2447055
SPY,2016-07-20,2016-07-20T16:00:00-04:00,217.09,2016-10-21,93.0,0.2547945205479452,223.0,put,8.7,8.78,8.73,,,0.10026,-0.72154,0.03017,0.36561,-0.02754,-0.42568,spy_options_2016.parquet,2447055
SPY,2016-07-20,2016-07-20T16:00:00-04:00,217.09,2016-10-21,93.0,0.2547945205479452,224.0,call,1.59,1.61,1.63,676,,0.1011,0.24927,0.0288,0.34899,-0.01606,0.13004,spy_options_2016.parquet,2447056
SPY,2016-07-20,2016-07-20T16:00:00-04:00,217.09,2016-10-21,93.0,0.2547945205479452,224.0,put,9.37,9.47,9.36,184,,0.0979,-0.75521,0.02878,0.34255,-0.02631,-0.44558,spy_options_2016.parquet,2447056
SPY,2016-07-20,2016-07-20T16:00:00-04:00,217.09,2016-10-21,93.0,0.2547945205479452,225.0,call,1.29,1.3,1.33,,,0.09859,0.21605,0.02727,0.32333,-0.01421,0.11394,spy_options_2016.parquet,2447057
SPY,2016-07-20,2016-07-20T16:00:00-04:00,217.09,2016-10-21,93.0,0.2547945205479452,225.0,put,10.07,10.19,9.99,56,,0.09497,-0.78818,0.02715,0.31416,-0.02461,-0.46631,spy_options_2016.parquet,2447057
SPY,2016-07-20,2016-07-20T16:00:00-04:00,217.09,2016-10-21,93.0,0.2547945205479452,226.0,call,1.06,1.07,1.09,475,,0.09721,0.18712,0.02539,0.29593,-0.01372,0.09847,spy_options_2016.parquet,2447058
SPY,2016-07-20,2016-07-20T16:00:00-04:00,217.09,2016-10-21,93.0,0.2547945205479452,226.0,put,10.84,10.95,10.77,3,,0.09362,-0.81772,0.02516,0.2866,-0.02313,-0.48437,spy_options_2016.parquet,2447058
SPY,2016-07-20,2016-07-20T16:00:00-04:00,217.09,2016-10-21,93.0,0.2547945205479452,227.0,call,0.84,0.86,0.87,21,,0.09559,0.15933,0.02327,0.2673,-0.01135,0.08482,spy_options_2016.parquet,2447059
SPY,2016-07-20,2016-07-20T16:00:00-04:00,217.09,2016-10-21,93.0,0.2547945205479452,227.0,put,11.65,11.77,11.68,3,,0.09205,-0.84397,0.02303,0.25768,-0.02219,-0.50138,spy_options_2016.parquet,2447059
SPY,2016-07-20,2016-07-20T16:00:00-04:00,217.09,2016-10-21,93.0,0.2547945205479452,228.0,call,0.69,0.7,0.71,,,0.09382,0.13582,0.02102,0.24095,-0.01075,0.07218,spy_options_2016.parquet,2447060
SPY,2016-07-20,2016-07-20T16:00:00-04:00,217.09,2016-10-21,93.0,0.2547945205479452,228.0,put,12.46,12.64,0.0,,,0.09168,-0.86787,0.02074,0.22861,-0.02064,-0.51784,spy_options_2016.parquet,2447060
SPY,2016-07-20,2016-07-20T16:00:00-04:00,217.09,2016-10-21,93.0,0.2547945205479452,229.0,call,0.56,0.57,0.6,577,,0.09329,0.11485,0.01884,0.21453,-0.00897,0.06151,spy_options_2016.parquet,2447061
SPY,2016-07-20,2016-07-20T16:00:00-04:00,217.09,2016-10-21,93.0,0.2547945205479452,229.0,put,13.33,13.54,13.58,4,,0.09057,-0.8879,0.01839,0.20312,-0.01928,-0.53051,spy_options_2016.parquet,2447061
SPY,2016-07-20,2016-07-20T16:00:00-04:00,217.09,2016-10-21,93.0,0.2547945205479452,230.0,call,0.46,0.47,0.49,,,0.09321,0.09746,0.0168,0.19116,-0.00865,0.05255,spy_options_2016.parquet,2447062
SPY,2016-07-20,2016-07-20T16:00:00-04:00,217.09,2016-10-21,93.0,0.2547945205479452,230.0,put,14.2,14.45,14.08,151,,0.08967,-0.90779,0.01617,0.17525,-0.01795,-0.54373,spy_options_2016.parquet,2447062
SPY,2016-07-20,2016-07-20T16:00:00-04:00,217.09,2016-10-21,93.0,0.2547945205479452,231.0,call,0.39,0.39,0.37,467,,0.09416,0.08362,0.01491,0.1699,-0.00706,0.04545,spy_options_2016.parquet,2447063
SPY,2016-07-20,2016-07-20T16:00:00-04:00,217.09,2016-10-21,93.0,0.2547945205479452,231.0,put,15.13,15.37,0.0,,,0.08976,-0.92083,0.0142,0.15502,-0.01737,-0.55366,spy_options_2016.parquet,2447063
SPY,2016-07-20,2016-07-20T16:00:00-04:00,217.09,2016-10-21,93.0,0.2547945205479452,232.0,call,0.31,0.34,0.34,370,,0.09458,0.07154,0.01316,0.15261,-0.00724,0.03886,spy_options_2016.parquet,2447064
SPY,2016-07-20,2016-07-20T16:00:00-04:00,217.09,2016-10-21,93.0,0.2547945205479452,232.0,put,16.06,16.31,0.0,,,0.09026,-0.93327,0.01228,0.1339,-0.01668,-0.56315,spy_options_2016.parquet,2447064
SPY,2016-07-20,2016-07-20T16:00:00-04:00,217.09,2016-10-21,93.0,0.2547945205479452,233.0,call,0.26,0.29,0.28,932,,0.09472,0.06215,0.01169,0.13591,-0.00581,0.03327,spy_options_2016.parquet,2447065
SPY,2016-07-20,2016-07-20T16:00:00-04:00,217.09,2016-10-21,93.0,0.2547945205479452,233.0,put,17.03,17.28,0.0,,,0.09158,-0.9413,0.01082,0.12026,-0.01571,-0.57028,spy_options_2016.parquet,2447065
SPY,2016-07-20,2016-07-20T16:00:00-04:00,217.09,2016-10-21,93.0,0.2547945205479452,234.0,call,0.23,0.23,0.2,974,,0.096,0.05391,0.01034,0.1213,-0.00533,0.02875,spy_options_2016.parquet,2447066
SPY,2016-07-20,2016-07-20T16:00:00-04:00,217.09,2016-10-21,93.0,0.2547945205479452,234.0,put,17.97,18.23,0.0,,,0.09068,-0.95229,0.0092,0.10139,-0.01539,-0.57811,spy_options_2016.parquet,2447066
SPY,2016-07-20,2016-07-20T16:00:00-04:00,217.09,2016-10-21,93.0,0.2547945205479452,235.0,call,0.2,0.22,0.18,10,,0.09712,0.0472,0.00913,0.10934,-0.00555,0.02598,spy_options_2016.parquet,2447067
SPY,2016-07-20,2016-07-20T16:00:00-04:00,217.09,2016-10-21,93.0,0.2547945205479452,235.0,put,18.94,19.21,0.0,,,0.09147,-0.95899,0.00797,0.08822,-0.01486,-0.58462,spy_options_2016.parquet,2447067
SPY,2016-07-20,2016-07-20T16:00:00-04:00,217.09,2016-10-21,93.0,0.2547945205479452,236.0,call,0.17,0.18,0.0,,,0.0986,0.04053,0.00808,0.0979,-0.00445,0.02183,spy_options_2016.parquet,2447068
SPY,2016-07-20,2016-07-20T16:00:00-04:00,217.09,2016-10-21,93.0,0.2547945205479452,236.0,put,19.94,20.18,0.0,,,0.09275,-0.96398,0.00692,0.07797,-0.01405,-0.58986,spy_options_2016.parquet,2447068
SPY,2016-07-20,2016-07-20T16:00:00-04:00,217.09,2016-10-21,93.0,0.2547945205479452,237.0,call,0.15,0.16,0.17,50,,0.09965,0.03632,0.00714,0.08878,-0.00433,0.01923,spy_options_2016.parquet,2447069
SPY,2016-07-20,2016-07-20T16:00:00-04:00,217.09,2016-10-21,93.0,0.2547945205479452,237.0,put,20.89,21.16,0.0,,,0.09268,-0.96927,0.00589,0.0665,-0.0137,-0.59525,spy_options_2016.parquet,2447069
SPY,2016-07-20,2016-07-20T16:00:00-04:00,217.09,2016-10-21,93.0,0.2547945205479452,238.0,call,0.14,0.15,0.1,1,,0.10138,0.03184,0.00637,0.07941,-0.00363,0.01692,spy_options_2016.parquet,2447070
SPY,2016-07-20,2016-07-20T16:00:00-04:00,217.09,2016-10-21,93.0,0.2547945205479452,238.0,put,21.89,22.14,0.0,,,0.09427,-0.97191,0.00521,0.05979,-0.0131,-0.60001,spy_options_2016.parquet,2447070
SPY,2016-07-20,2016-07-20T16:00:00-04:00,217.09,2016-10-21,93.0,0.2547945205479452,239.0,call,0.11,0.13,0.09,0,,0.10174,0.02717,0.00561,0.07086,-0.00329,0.01483,spy_options_2016.parquet,2447071
SPY,2016-07-20,2016-07-20T16:00:00-04:00,217.09,2016-10-21,93.0,0.2547945205479452,239.0,put,22.86,23.13,0.0,,,0.09389,-0.97654,0.00433,0.04964,-0.01356,-0.60474,spy_options_2016.parquet,2447071
SPY,2016-07-20,2016-07-20T16:00:00-04:00,217.09,2016-10-21,93.0,0.2547945205479452,240.0,call,0.1,0.11,0.11,33,,0.10381,0.02452,0.00509,0.06508,-0.00307,0.01321,spy_options_2016.parquet,2447072
SPY,2016-07-20,2016-07-20T16:00:00-04:00,217.09,2016-10-21,93.0,0.2547945205479452,240.0,put,23.85,24.1,24.0,20,,0.09259,-0.98174,0.00347,0.03844,-0.0124,-0.6098,spy_options_2016.parquet,2447072
SPY,2016-07-20,2016-07-20T16:00:00-04:00,217.09,2016-10-21,93.0,0.2547945205479452,241.0,call,0.09,0.11,0.0,,,0.10563,0.02271,0.00452,0.05945,-0.003,0.01187,spy_options_2016.parquet,2447073
SPY,2016-07-20,2016-07-20T16:00:00-04:00,217.09,2016-10-21,93.0,0.2547945205479452,241.0,put,24.83,25.1,0.0,,,0.09372,-0.98408,0.00288,0.03282,-0.01248,-0.6143,spy_options_2016.parquet,2447073
SPY,2016-07-20,2016-07-20T16:00:00-04:00,217.09,2016-10-21,93.0,0.2547945205479452,242.0,call,0.09,0.09,0.0,,,0.10729,0.02007,0.00409,0.05471,-0.00275,0.01139,spy_options_2016.parquet,2447074
SPY,2016-07-20,2016-07-20T16:00:00-04:00,217.09,2016-10-21,93.0,0.2547945205479452,242.0,put,25.82,26.09,0.0,,,0.09337,-0.98642,0.00231,0.02545,-0.0123,-0.61809,spy_options_2016.parquet,2447074
SPY,2016-07-20,2016-07-20T16:00:00-04:00,217.09,2016-10-21,93.0,0.2547945205479452,243.0,call,0.07,0.09,0.08,,,0.10889,0.01788,0.00363,0.04854,-0.00276,0.00935,spy_options_2016.parquet,2447075
SPY,2016-07-20,2016-07-20T16:00:00-04:00,217.09,2016-10-21,93.0,0.2547945205479452,243.0,put,26.84,27.12,0.0,,,0.10238,-0.98276,0.00287,0.03626,-0.0122,-0.6189,spy_options_2016.parquet,2447075
SPY,2016-07-20,2016-07-20T16:00:00-04:00,217.09,2016-10-21,93.0,0.2547945205479452,244.0,call,0.06,0.07,0.07,,,0.10974,0.01508,0.00321,0.04378,-0.00271,0.00822,spy_options_2016.parquet,2447076
SPY,2016-07-20,2016-07-20T16:00:00-04:00,217.09,2016-10-21,93.0,0.2547945205479452,244.0,put,27.81,28.12,27.81,25,,0.10378,-0.98408,0.00264,0.03242,-0.01235,-0.62126,spy_options_2016.parquet,2447076
SPY,2016-07-20,2016-07-20T16:00:00-04:00,217.09,2016-10-21,93.0,0.2547945205479452,245.0,call,0.04,0.06,0.0,,,0.11037,0.01305,0.0028,0.03827,-0.00242,0.00761,spy_options_2016.parquet,2447077
SPY,2016-07-20,2016-07-20T16:00:00-04:00,217.09,2016-10-21,93.0,0.2547945205479452,245.0,put,28.81,29.1,0.0,,,0.10117,-0.98779,0.0019,0.02416,-0.01217,-0.62646,spy_options_2016.parquet,2447077
SPY,2016-07-20,2016-07-20T16:00:00-04:00,217.09,2016-10-21,93.0,0.2547945205479452,246.0,call,0.05,0.05,0.06,,,0.11363,0.01279,0.00264,0.03748,-0.00211,0.00715,spy_options_2016.parquet,2447078
SPY,2016-07-20,2016-07-20T16:00:00-04:00,217.09,2016-10-21,93.0,0.2547945205479452,246.0,put,29.81,30.1,0.0,,,0.10427,-0.98789,0.00183,0.0238,-0.01165,-0.62869,spy_options_2016.parquet,2447078
SPY,2016-07-20,2016-07-20T16:00:00-04:00,217.09,2016-10-21,93.0,0.2547945205479452,247.0,call,0.05,0.05,0.05,,,0.11373,0.01107,0.00228,0.03212,-0.00174,0.00608,spy_options_2016.parquet,2447079
SPY,2016-07-20,2016-07-20T16:00:00-04:00,217.09,2016-10-21,93.0,0.2547945205479452,247.0,put,30.78,31.07,0.0,,,0.00033,-1.0,0.0,-309.10007,0.0,0.0,spy_options_2016.parquet,2447079
SPY,2016-07-20,2016-07-20T16:00:00-04:00,217.09,2016-10-21,93.0,0.2547945205479452,248.0,call,0.04,0.06,0.05,,,0.1165,0.01045,0.00218,0.03145,-0.0014,0.00573,spy_options_2016.parquet,2447080
SPY,2016-07-20,2016-07-20T16:00:00-04:00,217.09,2016-10-21,93.0,0.2547945205479452,248.0,put,31.79,32.09,0.0,,,0.1017,-0.99152,0.00109,0.01301,-0.0118,-0.63635,spy_options_2016.parquet,2447080
SPY,2016-07-20,2016-07-20T16:00:00-04:00,217.09,2016-10-21,93.0,0.2547945205479452,249.0,call,0.04,0.04,0.04,745,,0.11886,0.01004,0.00204,0.03113,-0.00181,0.00554,spy_options_2016.parquet,2447081
SPY,2016-07-20,2016-07-20T16:00:00-04:00,217.09,2016-10-21,93.0,0.2547945205479452,249.0,put,32.78,33.05,0.0,,,0.00032,-1.0,0.0,-329.10046,0.0,0.0,spy_options_2016.parquet,2447081
SPY,2016-07-20,2016-07-20T16:00:00-04:00,217.09,2016-10-21,93.0,0.2547945205479452,250.0,call,0.03,0.04,0.0,,,0.11804,0.00776,0.00176,0.02585,-0.00131,0.00477,spy_options_2016.parquet,2447082
SPY,2016-07-20,2016-07-20T16:00:00-04:00,217.09,2016-10-21,93.0,0.2547945205479452,250.0,put,33.79,34.08,0.0,,,0.09428,-0.9943,0.00037,0.00458,-0.01147,-0.64275,spy_options_2016.parquet,2447082
SPY,2016-07-20,2016-07-20T16:00:00-04:00,217.09,2016-10-21,93.0,0.2547945205479452,255.0,call,0.02,0.03,0.0,,,0.12761,0.00527,0.00118,0.01812,-0.00129,0.00318,spy_options_2016.parquet,2447083
SPY,2016-07-20,2016-07-20T16:00:00-04:00,217.09,2016-10-21,93.0,0.2547945205479452,255.0,put,38.77,39.06,0.0,,,0.00069,-1.0,0.0,-389.09986,0.0,0.0,spy_options_2016.parquet,2447083
SPY,2016-07-20,2016-07-20T16:00:00-04:00,217.09,2016-10-21,93.0,0.2547945205479452,260.0,call,0.02,0.02,0.0,,,0.13315,0.00381,0.00067,0.01128,-0.00051,0.00195,spy_options_2016.parquet,2447084
SPY,2016-07-20,2016-07-20T16:00:00-04:00,217.09,2016-10-21,93.0,0.2547945205479452,260.0,put,43.75,44.05,0.0,,,0.00018,-1.0,0.0,-439.09976,0.0,0.0,spy_options_2016.parquet,2447084
SPY,2016-07-20,2016-07-20T16:00:00-04:00,217.09,2016-10-21,93.0,0.2547945205479452,265.0,call,0.02,0.03,0.01,0,,0.14522,0.00351,0.00064,0.01054,-0.00083,0.00214,spy_options_2016.parquet,2447085
SPY,2016-07-20,2016-07-20T16:00:00-04:00,217.09,2016-10-21,93.0,0.2547945205479452,265.0,put,48.74,49.04,0.0,,,9e-05,-1.0,0.0,-489.09968,0.0,0.0,spy_options_2016.parquet,2447085
SPY,2016-07-20,2016-07-20T16:00:00-04:00,217.09,2016-10-21,93.0,0.2547945205479452,270.0,call,0.0,0.02,0.01,5,,0.14294,0.00132,0.00023,0.0043,-0.00076,0.00038,spy_options_2016.parquet,2447086
SPY,2016-07-20,2016-07-20T16:00:00-04:00,217.09,2016-10-21,93.0,0.2547945205479452,270.0,put,53.72,54.04,0.0,,,0.00057,-1.0,0.0,-539.10025,0.0,0.0,spy_options_2016.parquet,2447086
SPY,2016-07-20,2016-07-20T16:00:00-04:00,217.09,2016-10-21,93.0,0.2547945205479452,275.0,call,0.0,0.01,0.0,,,0.15343,0.00066,0.0002,0.00429,-0.00026,0.00067,spy_options_2016.parquet,2447087
SPY,2016-07-20,2016-07-20T16:00:00-04:00,217.09,2016-10-21,93.0,0.2547945205479452,275.0,put,58.7,59.0,0.0,,,-0.00026,-1.0,0.0,-589.09969,0.0,0.0,spy_options_2016.parquet,2447087
SPY,2016-07-20,2016-07-20T16:00:00-04:00,217.09,2016-10-21,93.0,0.2547945205479452,280.0,call,0.0,0.01,0.0,,,0.16396,0.00138,0.00014,0.00369,-0.00077,0.00017,spy_options_2016.parquet,2447088
SPY,2016-07-20,2016-07-20T16:00:00-04:00,217.09,2016-10-21,93.0,0.2547945205479452,280.0,put,63.7,64.02,0.0,,,0.00011,-1.0,0.0,-639.1004,0.0,0.0,spy_options_2016.parquet,2447088
SPY,2016-07-20,2016-07-20T16:00:00-04:00,217.09,2016-10-21,93.0,0.2547945205479452,285.0,call,0.0,0.0,0.0,,,0.17332,0.00051,0.0002,0.0034,-0.00031,0.0001,spy_options_2016.parquet,2447089
SPY,2016-07-20,2016-07-20T16:00:00-04:00,217.09,2016-10-21,93.0,0.2547945205479452,285.0,put,68.71,69.01,0.0,,,-0.00016,-1.0,0.0,-689.0999,0.0,0.0,spy_options_2016.parquet,2447089
SPY,2016-07-20,2016-07-20T16:00:00-04:00,217.09,2016-10-21,93.0,0.2547945205479452,290.0,call,0.0,0.01,0.0,,,0.1834,0.00098,0.00014,0.00365,-9e-05,0.00054,spy_options_2016.parquet,2447090
SPY,2016-07-20,2016-07-20T16:00:00-04:00,217.09,2016-10-21,93.0,0.2547945205479452,290.0,put,73.69,73.98,0.0,,,0.0,-1.0,0.0,-739.10014,0.0,0.0,spy_options_2016.parquet,2447090
SPY,2016-07-20,2016-07-20T16:00:00-04:00,217.09,2016-10-21,93.0,0.2547945205479452,295.0,call,0.0,0.02,0.0,,,0.19295,0.001,0.00015,0.00344,0.0,0.0001,spy_options_2016.parquet,2447091
SPY,2016-07-20,2016-07-20T16:00:00-04:00,217.09,2016-10-21,93.0,0.2547945205479452,295.0,put,78.68,78.98,0.0,,,-8e-05,-1.0,0.0,-789.10045,0.0,0.0,spy_options_2016.parquet,2447091
SPY,2016-07-20,2016-07-20T16:00:00-04:00,217.09,2016-10-21,93.0,0.2547945205479452,300.0,call,0.0,0.01,0.0,,,0.20261,0.00123,0.00011,0.00309,-0.00064,0.00035,spy_options_2016.parquet,2447092
SPY,2016-07-20,2016-07-20T16:00:00-04:00,217.09,2016-10-21,93.0,0.2547945205479452,300.0,put,83.69,83.99,0.0,,,-0.0003,-1.0,0.0,-839.10014,0.0,0.0,spy_options_2016.parquet,2447092
SPY,2016-07-20,2016-07-20T16:00:00-04:00,217.09,2016-10-21,93.0,0.2547945205479452,305.0,call,0.0,0.02,0.0,,,0.21162,0.00088,0.00014,0.00332,-6e-05,0.00071,spy_options_2016.parquet,2447093
SPY,2016-07-20,2016-07-20T16:00:00-04:00,217.09,2016-10-21,93.0,0.2547945205479452,305.0,put,88.68,88.98,0.0,,,0.00048,-1.0,0.0,-889.09999,0.0,0.0,spy_options_2016.parquet,2447093
SPY,2016-07-20,2016-07-20T16:00:00-04:00,217.09,2016-11-18,121.04,0.3316164383561644,150.0,call,67.06,67.33,0.0,,,0.41665,0.92819,0.00095,0.12593,-0.01889,0.06892,spy_options_2016.parquet,2447100
SPY,2016-07-20,2016-07-20T16:00:00-04:00,217.09,2016-11-18,121.04,0.3316164383561644,150.0,put,0.26,0.27,0.31,0,,0.31529,-0.0183,0.00107,0.056,-0.00771,-0.01405,spy_options_2016.parquet,2447100
SPY,2016-07-20,2016-07-20T16:00:00-04:00,217.09,2016-11-18,121.04,0.3316164383561644,151.0,call,66.07,66.33,0.0,,,0.40964,0.92856,0.00096,0.12614,-0.01918,0.07083,spy_options_2016.parquet,2447101
SPY,2016-07-20,2016-07-20T16:00:00-04:00,217.09,2016-11-18,121.04,0.3316164383561644,151.0,put,0.27,0.29,0.0,,,0.31218,-0.01915,0.00119,0.05747,-0.00779,-0.01508,spy_options_2016.parquet,2447101
SPY,2016-07-20,2016-07-20T16:00:00-04:00,217.09,2016-11-18,121.04,0.3316164383561644,152.0,call,65.08,65.35,0.0,,,0.40198,0.93017,0.00099,0.12622,-0.01834,0.07358,spy_options_2016.parquet,2447102
SPY,2016-07-20,2016-07-20T16:00:00-04:00,217.09,2016-11-18,121.04,0.3316164383561644,152.0,put,0.28,0.3,0.3,2,,0.30804,-0.01954,0.00121,0.05973,-0.00738,-0.01512,spy_options_2016.parquet,2447102
SPY,2016-07-20,2016-07-20T16:00:00-04:00,217.09,2016-11-18,121.04,0.3316164383561644,153.0,call,64.08,64.35,0.0,,,0.39353,0.93022,0.00103,0.12455,-0.01762,0.07462,spy_options_2016.parquet,2447103
SPY,2016-07-20,2016-07-20T16:00:00-04:00,217.09,2016-11-18,121.04,0.3316164383561644,153.0,put,0.3,0.32,0.32,2,,0.30618,-0.02019,0.0013,0.06233,-0.00768,-0.01602,spy_options_2016.parquet,2447103
SPY,2016-07-20,2016-07-20T16:00:00-04:00,217.09,2016-11-18,121.04,0.3316164383561644,154.0,call,63.1,63.37,0.0,,,0.38716,0.9307,0.00115,0.12566,-0.01717,0.07808,spy_options_2016.parquet,2447104
SPY,2016-07-20,2016-07-20T16:00:00-04:00,217.09,2016-11-18,121.04,0.3316164383561644,154.0,put,0.33,0.34,0.0,,,0.30377,-0.02236,0.00137,0.06512,-0.00801,-0.01746,spy_options_2016.parquet,2447104
SPY,2016-07-20,2016-07-20T16:00:00-04:00,217.09,2016-11-18,121.04,0.3316164383561644,155.0,call,62.11,62.37,0.0,,,0.38066,0.9318,0.00115,0.12547,-0.01759,0.08066,spy_options_2016.parquet,2447105
SPY,2016-07-20,2016-07-20T16:00:00-04:00,217.09,2016-11-18,121.04,0.3316164383561644,155.0,put,0.33,0.35,0.0,,,0.30029,-0.02309,0.00145,0.06771,-0.00859,-0.01804,spy_options_2016.parquet,2447105
SPY,2016-07-20,2016-07-20T16:00:00-04:00,217.09,2016-11-18,121.04,0.3316164383561644,156.0,call,61.12,61.37,0.0,,,0.37321,0.93213,0.0013,0.12528,-0.01695,0.08336,spy_options_2016.parquet,2447106
SPY,2016-07-20,2016-07-20T16:00:00-04:00,217.09,2016-11-18,121.04,0.3316164383561644,156.0,put,0.35,0.37,0.0,,,0.29864,-0.02427,0.00154,0.07054,-0.00912,-0.01841,spy_options_2016.parquet,2447106
SPY,2016-07-20,2016-07-20T16:00:00-04:00,217.09,2016-11-18,121.04,0.3316164383561644,157.0,call,60.13,60.39,0.0,,,0.36639,0.93287,0.00136,0.12465,-0.01603,0.08614,spy_options_2016.parquet,2447107
SPY,2016-07-20,2016-07-20T16:00:00-04:00,217.09,2016-11-18,121.04,0.3316164383561644,157.0,put,0.36,0.38,0.0,,,0.29494,-0.02539,0.0016,0.07332,-0.00894,-0.01956,spy_options_2016.parquet,2447107
SPY,2016-07-20,2016-07-20T16:00:00-04:00,217.09,2016-11-18,121.04,0.3316164383561644,158.0,call,59.14,59.4,0.0,,,0.36022,0.93318,0.00138,0.1252,-0.01568,0.08951,spy_options_2016.parquet,2447108
SPY,2016-07-20,2016-07-20T16:00:00-04:00,217.09,2016-11-18,121.04,0.3316164383561644,158.0,put,0.38,0.39,0.0,,,0.29234,-0.02613,0.00161,0.07689,-0.0093,-0.02043,spy_options_2016.parquet,2447108
SPY,2016-07-20,2016-07-20T16:00:00-04:00,217.09,2016-11-18,121.04,0.3316164383561644,159.0,call,58.15,58.42,0.0,,,0.35408,0.9335,0.00147,0.12514,-0.01569,0.09421,spy_options_2016.parquet,2447109
SPY,2016-07-20,2016-07-20T16:00:00-04:00,217.09,2016-11-18,121.04,0.3316164383561644,159.0,put,0.4,0.41,0.0,,,0.28931,-0.02786,0.0017,0.07977,-0.00952,-0.02148,spy_options_2016.parquet,2447109
SPY,2016-07-20,2016-07-20T16:00:00-04:00,217.09,2016-11-18,121.04,0.3316164383561644,160.0,call,57.19,57.44,0.0,,,0.34916,0.93344,0.00162,0.12759,-0.01524,0.10131,spy_options_2016.parquet,2447110
SPY,2016-07-20,2016-07-20T16:00:00-04:00,217.09,2016-11-18,121.04,0.3316164383561644,160.0,put,0.42,0.43,0.49,0,,0.28681,-0.02938,0.00182,0.08299,-0.00982,-0.02248,spy_options_2016.parquet,2447110
SPY,2016-07-20,2016-07-20T16:00:00-04:00,217.09,2016-11-18,121.04,0.3316164383561644,161.0,call,56.22,56.44,0.0,,,0.34284,0.93406,0.00168,0.12766,-0.01551,0.10561,spy_options_2016.parquet,2447111
SPY,2016-07-20,2016-07-20T16:00:00-04:00,217.09,2016-11-18,121.04,0.3316164383561644,161.0,put,0.44,0.45,0.0,,,0.28294,-0.03061,0.00191,0.08574,-0.00981,-0.0229,spy_options_2016.parquet,2447111
SPY,2016-07-20,2016-07-20T16:00:00-04:00,217.09,2016-11-18,121.04,0.3316164383561644,162.0,call,55.23,55.47,0.0,,,0.33729,0.93404,0.00187,0.12829,-0.01547,0.11042,spy_options_2016.parquet,2447112
SPY,2016-07-20,2016-07-20T16:00:00-04:00,217.09,2016-11-18,121.04,0.3316164383561644,162.0,put,0.45,0.48,0.0,,,0.28063,-0.03125,0.00206,0.08907,-0.01081,-0.02408,spy_options_2016.parquet,2447112
SPY,2016-07-20,2016-07-20T16:00:00-04:00,217.09,2016-11-18,121.04,0.3316164383561644,163.0,call,54.24,54.47,0.0,,,0.33091,0.93392,0.00187,0.12939,-0.01534,0.11386,spy_options_2016.parquet,2447113
SPY,2016-07-20,2016-07-20T16:00:00-04:00,217.09,2016-11-18,121.04,0.3316164383561644,163.0,put,0.47,0.5,0.0,,,0.27713,-0.03295,0.00215,0.0923,-0.0103,-0.02563,spy_options_2016.parquet,2447113
SPY,2016-07-20,2016-07-20T16:00:00-04:00,217.09,2016-11-18,121.04,0.3316164383561644,164.0,call,53.25,53.48,0.0,,,0.32495,0.93466,0.00207,0.13005,-0.01468,0.11813,spy_options_2016.parquet,2447114
SPY,2016-07-20,2016-07-20T16:00:00-04:00,217.09,2016-11-18,121.04,0.3316164383561644,164.0,put,0.5,0.51,0.52,2,,0.27604,-0.03507,0.00226,0.09759,-0.01118,-0.02704,spy_options_2016.parquet,2447114
SPY,2016-07-20,2016-07-20T16:00:00-04:00,217.09,2016-11-18,121.04,0.3316164383561644,165.0,call,52.28,52.5,0.0,,,0.31967,0.93443,0.00219,0.1315,-0.01468,0.12518,spy_options_2016.parquet,2447115
SPY,2016-07-20,2016-07-20T16:00:00-04:00,217.09,2016-11-18,121.04,0.3316164383561644,165.0,put,0.52,0.55,0.53,52,,0.27293,-0.03628,0.00231,0.1008,-0.0117,-0.02801,spy_options_2016.parquet,2447115
SPY,2016-07-20,2016-07-20T16:00:00-04:00,217.09,2016-11-18,121.04,0.3316164383561644,166.0,call,51.3,51.51,0.0,,,0.31428,0.93441,0.00229,0.13309,-0.01475,0.13133,spy_options_2016.parquet,2447116
SPY,2016-07-20,2016-07-20T16:00:00-04:00,217.09,2016-11-18,121.04,0.3316164383561644,166.0,put,0.54,0.56,0.57,1,,0.2696,-0.03821,0.00245,0.10441,-0.01191,-0.02975,spy_options_2016.parquet,2447116
SPY,2016-07-20,2016-07-20T16:00:00-04:00,217.09,2016-11-18,121.04,0.3316164383561644,167.0,call,50.31,50.54,0.0,,,0.30969,0.934,0.00241,0.1348,-0.01428,0.13757,spy_options_2016.parquet,2447117
SPY,2016-07-20,2016-07-20T16:00:00-04:00,217.09,2016-11-18,121.04,0.3316164383561644,167.0,put,0.58,0.59,0.0,,,0.26708,-0.0404,0.00259,0.10908,-0.01223,-0.03168,spy_options_2016.parquet,2447117
SPY,2016-07-20,2016-07-20T16:00:00-04:00,217.09,2016-11-18,121.04,0.3316164383561644,168.0,call,49.34,49.55,0.0,,,0.30381,0.93385,0.00258,0.13641,-0.01419,0.14253,spy_options_2016.parquet,2447118
SPY,2016-07-20,2016-07-20T16:00:00-04:00,217.09,2016-11-18,121.04,0.3316164383561644,168.0,put,0.6,0.62,0.62,1,,0.26498,-0.0423,0.00273,0.11323,-0.01264,-0.03251,spy_options_2016.parquet,2447118
SPY,2016-07-20,2016-07-20T16:00:00-04:00,217.09,2016-11-18,121.04,0.3316164383561644,169.0,call,48.35,48.57,0.0,,,0.29902,0.93353,0.00274,0.13833,-0.01375,0.14992,spy_options_2016.parquet,2447119
SPY,2016-07-20,2016-07-20T16:00:00-04:00,217.09,2016-11-18,121.04,0.3316164383561644,169.0,put,0.62,0.64,0.64,6,,0.26114,-0.04426,0.0029,0.11735,-0.01309,-0.03413,spy_options_2016.parquet,2447119
SPY,2016-07-20,2016-07-20T16:00:00-04:00,217.09,2016-11-18,121.04,0.3316164383561644,170.0,call,47.37,47.58,0.0,,,0.29319,0.93333,0.00287,0.13905,-0.01415,0.15431,spy_options_2016.parquet,2447120
SPY,2016-07-20,2016-07-20T16:00:00-04:00,217.09,2016-11-18,121.04,0.3316164383561644,170.0,put,0.64,0.68,0.66,5,,0.2591,-0.04661,0.00297,0.12249,-0.01296,-0.03614,spy_options_2016.parquet,2447120
SPY,2016-07-20,2016-07-20T16:00:00-04:00,217.09,2016-11-18,121.04,0.3316164383561644,171.0,call,46.41,46.61,0.0,,,0.28969,0.93196,0.00309,0.14284,-0.01386,0.16441,spy_options_2016.parquet,2447121
SPY,2016-07-20,2016-07-20T16:00:00-04:00,217.09,2016-11-18,121.04,0.3316164383561644,171.0,put,0.69,0.71,0.79,0,,0.2564,-0.04967,0.00321,0.12802,-0.01413,-0.03845,spy_options_2016.parquet,2447121
SPY,2016-07-20,2016-07-20T16:00:00-04:00,217.09,2016-11-18,121.04,0.3316164383561644,172.0,call,45.43,45.63,0.0,,,0.28452,0.93028,0.00321,0.14571,-0.01438,0.17171,spy_options_2016.parquet,2447122
SPY,2016-07-20,2016-07-20T16:00:00-04:00,217.09,2016-11-18,121.04,0.3316164383561644,172.0,put,0.72,0.74,0.75,14,,0.25348,-0.05143,0.00329,0.13275,-0.01465,-0.04037,spy_options_2016.parquet,2447122
SPY,2016-07-20,2016-07-20T16:00:00-04:00,217.09,2016-11-18,121.04,0.3316164383561644,173.0,call,44.45,44.66,0.0,,,0.28069,0.92939,0.00348,0.14966,-0.01389,0.17943,spy_options_2016.parquet,2447123
SPY,2016-07-20,2016-07-20T16:00:00-04:00,217.09,2016-11-18,121.04,0.3316164383561644,173.0,put,0.75,0.77,0.75,38,,0.25042,-0.05353,0.00348,0.13749,-0.01424,-0.04193,spy_options_2016.parquet,2447123
SPY,2016-07-20,2016-07-20T16:00:00-04:00,217.09,2016-11-18,121.04,0.3316164383561644,174.0,call,43.48,43.69,0.0,,,0.27606,0.92793,0.00366,0.15226,-0.01353,0.18611,spy_options_2016.parquet,2447124
SPY,2016-07-20,2016-07-20T16:00:00-04:00,217.09,2016-11-18,121.04,0.3316164383561644,174.0,put,0.79,0.81,0.8,3,,0.24865,-0.05684,0.00363,0.14307,-0.0149,-0.04374,spy_options_2016.parquet,2447124
SPY,2016-07-20,2016-07-20T16:00:00-04:00,217.09,2016-11-18,121.04,0.3316164383561644,175.0,call,42.5,42.71,0.0,,,0.27172,0.9267,0.00389,0.15678,-0.01414,0.19592,spy_options_2016.parquet,2447125
SPY,2016-07-20,2016-07-20T16:00:00-04:00,217.09,2016-11-18,121.04,0.3316164383561644,175.0,put,0.83,0.85,0.84,35,,0.24521,-0.06024,0.00382,0.14903,-0.01591,-0.04648,spy_options_2016.parquet,2447125
SPY,2016-07-20,2016-07-20T16:00:00-04:00,217.09,2016-11-18,121.04,0.3316164383561644,176.0,call,41.53,41.75,0.0,,,0.26745,0.92494,0.00405,0.16056,-0.01425,0.20453,spy_options_2016.parquet,2447126
SPY,2016-07-20,2016-07-20T16:00:00-04:00,217.09,2016-11-18,121.04,0.3316164383561644,176.0,put,0.86,0.89,0.9,1,,0.24299,-0.06253,0.00409,0.15496,-0.0155,-0.04841,spy_options_2016.parquet,2447126
SPY,2016-07-20,2016-07-20T16:00:00-04:00,217.09,2016-11-18,121.04,0.3316164383561644,177.0,call,40.54,40.78,0.0,,,0.26305,0.92393,0.0043,0.16335,-0.01372,0.21013,spy_options_2016.parquet,2447127
SPY,2016-07-20,2016-07-20T16:00:00-04:00,217.09,2016-11-18,121.04,0.3316164383561644,177.0,put,0.92,0.93,0.95,1,,0.24044,-0.06665,0.00431,0.16108,-0.01621,-0.05076,spy_options_2016.parquet,2447127
SPY,2016-07-20,2016-07-20T16:00:00-04:00,217.09,2016-11-18,121.04,0.3316164383561644,178.0,call,39.58,39.82,0.0,,,0.25956,0.9215,0.00453,0.16899,-0.01478,0.22009,spy_options_2016.parquet,2447128
SPY,2016-07-20,2016-07-20T16:00:00-04:00,217.09,2016-11-18,121.04,0.3316164383561644,178.0,put,0.96,0.98,0.99,1,,0.23733,-0.06962,0.00446,0.16793,-0.01732,-0.05378,spy_options_2016.parquet,2447128
SPY,2016-07-20,2016-07-20T16:00:00-04:00,217.09,2016-11-18,121.04,0.3316164383561644,179.0,call,38.64,38.84,0.0,,,0.25544,0.91819,0.00481,0.17539,-0.01471,0.22969,spy_options_2016.parquet,2447129
SPY,2016-07-20,2016-07-20T16:00:00-04:00,217.09,2016-11-18,121.04,0.3316164383561644,179.0,put,1.0,1.02,1.04,1,,0.23497,-0.0732,0.00473,0.17321,-0.01681,-0.05589,spy_options_2016.parquet,2447129
SPY,2016-07-20,2016-07-20T16:00:00-04:00,217.09,2016-11-18,121.04,0.3316164383561644,180.0,call,37.68,37.88,0.0,,,0.25206,0.9154,0.00514,0.1804,-0.01471,0.23879,spy_options_2016.parquet,2447130
SPY,2016-07-20,2016-07-20T16:00:00-04:00,217.09,2016-11-18,121.04,0.3316164383561644,180.0,put,1.05,1.06,1.06,47,,0.23188,-0.0764,0.00489,0.18038,-0.01768,-0.05864,spy_options_2016.parquet,2447130
SPY,2016-07-20,2016-07-20T16:00:00-04:00,217.09,2016-11-18,121.04,0.3316164383561644,181.0,call,36.73,36.91,0.0,,,0.24803,0.91189,0.00539,0.18706,-0.01532,0.24747,spy_options_2016.parquet,2447131
SPY,2016-07-20,2016-07-20T16:00:00-04:00,217.09,2016-11-18,121.04,0.3316164383561644,181.0,put,1.09,1.12,1.14,1,,0.22914,-0.08066,0.00516,0.18681,-0.01833,-0.06235,spy_options_2016.parquet,2447131
SPY,2016-07-20,2016-07-20T16:00:00-04:00,217.09,2016-11-18,121.04,0.3316164383561644,182.0,call,35.74,35.96,0.0,,,0.24486,0.90905,0.00566,0.19265,-0.01548,0.2555,spy_options_2016.parquet,2447132
SPY,2016-07-20,2016-07-20T16:00:00-04:00,217.09,2016-11-18,121.04,0.3316164383561644,182.0,put,1.17,1.18,1.2,1,,0.22699,-0.08491,0.00543,0.19422,-0.01908,-0.06571,spy_options_2016.parquet,2447132
SPY,2016-07-20,2016-07-20T16:00:00-04:00,217.09,2016-11-18,121.04,0.3316164383561644,183.0,call,34.81,35.01,0.0,,,0.24104,0.90613,0.00601,0.19923,-0.01611,0.26477,spy_options_2016.parquet,2447133
SPY,2016-07-20,2016-07-20T16:00:00-04:00,217.09,2016-11-18,121.04,0.3316164383561644,183.0,put,1.2,1.24,1.2,41,,0.22374,-0.08885,0.00567,0.20109,-0.01912,-0.06869,spy_options_2016.parquet,2447133
SPY,2016-07-20,2016-07-20T16:00:00-04:00,217.09,2016-11-18,121.04,0.3316164383561644,184.0,call,33.87,34.05,0.0,,,0.23757,0.90189,0.00629,0.2065,-0.01558,0.2733,spy_options_2016.parquet,2447134
SPY,2016-07-20,2016-07-20T16:00:00-04:00,217.09,2016-11-18,121.04,0.3316164383561644,184.0,put,1.27,1.29,1.28,59,,0.2217,-0.09354,0.00598,0.20914,-0.02003,-0.07238,spy_options_2016.parquet,2447134
SPY,2016-07-20,2016-07-20T16:00:00-04:00,217.09,2016-11-18,121.04,0.3316164383561644,185.0,call,32.9,33.08,0.0,,,0.23418,0.89806,0.00666,0.21225,-0.01631,0.28069,spy_options_2016.parquet,2447135
SPY,2016-07-20,2016-07-20T16:00:00-04:00,217.09,2016-11-18,121.04,0.3316164383561644,185.0,put,1.33,1.35,1.33,12,,0.21805,-0.09764,0.00633,0.21656,-0.01987,-0.07569,spy_options_2016.parquet,2447135
SPY,2016-07-20,2016-07-20T16:00:00-04:00,217.09,2016-11-18,121.04,0.3316164383561644,186.0,call,31.94,32.15,0.0,,,0.23018,0.89388,0.00698,0.21985,-0.01681,0.28887,spy_options_2016.parquet,2447136
SPY,2016-07-20,2016-07-20T16:00:00-04:00,217.09,2016-11-18,121.04,0.3316164383561644,186.0,put,1.4,1.43,1.41,16,,0.21562,-0.10383,0.00661,0.22493,-0.02081,-0.08005,spy_options_2016.parquet,2447136
SPY,2016-07-20,2016-07-20T16:00:00-04:00,217.09,2016-11-18,121.04,0.3316164383561644,187.0,call,31.01,31.21,0.0,,,0.22735,0.88935,0.00734,0.22834,-0.01715,0.29706,spy_options_2016.parquet,2447137
SPY,2016-07-20,2016-07-20T16:00:00-04:00,217.09,2016-11-18,121.04,0.3316164383561644,187.0,put,1.46,1.48,1.48,17,,0.21353,-0.10823,0.00696,0.23307,-0.02128,-0.08405,spy_options_2016.parquet,2447137
SPY,2016-07-20,2016-07-20T16:00:00-04:00,217.09,2016-11-18,121.04,0.3316164383561644,188.0,call,30.08,30.18,30.26,21,,0.22284,0.88518,0.00776,0.23423,-0.01655,0.30334,spy_options_2016.parquet,2447138
SPY,2016-07-20,2016-07-20T16:00:00-04:00,217.09,2016-11-18,121.04,0.3316164383561644,188.0,put,1.53,1.57,1.57,7,,0.21007,-0.1143,0.00726,0.24223,-0.02192,-0.08756,spy_options_2016.parquet,2447138
SPY,2016-07-20,2016-07-20T16:00:00-04:00,217.09,2016-11-18,121.04,0.3316164383561644,189.0,call,29.13,29.33,0.0,,,0.22098,0.87824,0.00818,0.24467,-0.01782,0.31347,spy_options_2016.parquet,2447139
SPY,2016-07-20,2016-07-20T16:00:00-04:00,217.09,2016-11-18,121.04,0.3316164383561644,189.0,put,1.61,1.62,1.62,115,,0.20792,-0.11943,0.0077,0.2508,-0.02281,-0.09185,spy_options_2016.parquet,2447139
SPY,2016-07-20,2016-07-20T16:00:00-04:00,217.09,2016-11-18,121.04,0.3316164383561644,190.0,call,28.2,28.39,28.47,30,,0.21765,0.87299,0.00859,0.25414,-0.01814,0.32137,spy_options_2016.parquet,2447140
SPY,2016-07-20,2016-07-20T16:00:00-04:00,217.09,2016-11-18,121.04,0.3316164383561644,190.0,put,1.69,1.71,1.7,82,,0.20447,-0.12557,0.00807,0.25901,-0.02309,-0.09664,spy_options_2016.parquet,2447140
SPY,2016-07-20,2016-07-20T16:00:00-04:00,217.09,2016-11-18,121.04,0.3316164383561644,191.0,call,27.28,27.41,27.5,1,,0.21255,0.86739,0.00897,0.26078,-0.0179,0.32692,spy_options_2016.parquet,2447141
SPY,2016-07-20,2016-07-20T16:00:00-04:00,217.09,2016-11-18,121.04,0.3316164383561644,191.0,put,1.78,1.8,1.81,6,,0.2021,-0.13247,0.00845,0.26883,-0.02351,-0.10234,spy_options_2016.parquet,2447141
SPY,2016-07-20,2016-07-20T16:00:00-04:00,217.09,2016-11-18,121.04,0.3316164383561644,192.0,call,26.36,26.55,0.0,,,0.21076,0.86003,0.00937,0.27197,-0.01843,0.33475,spy_options_2016.parquet,2447142
SPY,2016-07-20,2016-07-20T16:00:00-04:00,217.09,2016-11-18,121.04,0.3316164383561644,192.0,put,1.86,1.88,1.87,47,,0.199,-0.13997,0.00888,0.27781,-0.02386,-0.10771,spy_options_2016.parquet,2447142
SPY,2016-07-20,2016-07-20T16:00:00-04:00,217.09,2016-11-18,121.04,0.3316164383561644,193.0,call,25.43,25.55,25.49,20,,0.20678,0.85455,0.00984,0.28,-0.01912,0.3403,spy_options_2016.parquet,2447143
SPY,2016-07-20,2016-07-20T16:00:00-04:00,217.09,2016-11-18,121.04,0.3316164383561644,193.0,put,1.96,1.98,1.95,41,,0.19665,-0.14718,0.00928,0.28768,-0.02474,-0.1134,spy_options_2016.parquet,2447143
SPY,2016-07-20,2016-07-20T16:00:00-04:00,217.09,2016-11-18,121.04,0.3316164383561644,194.0,call,24.53,24.64,24.7,30,,0.2037,0.84677,0.01034,0.29044,-0.01894,0.34651,spy_options_2016.parquet,2447144
SPY,2016-07-20,2016-07-20T16:00:00-04:00,217.09,2016-11-18,121.04,0.3316164383561644,194.0,put,2.04,2.08,2.05,161,,0.19368,-0.15437,0.00974,0.29785,-0.02487,-0.11874,spy_options_2016.parquet,2447144
SPY,2016-07-20,2016-07-20T16:00:00-04:00,217.09,2016-11-18,121.04,0.3316164383561644,195.0,call,23.62,23.72,23.87,4,,0.19986,0.8386,0.01089,0.30025,-0.02021,0.3518,spy_options_2016.parquet,2447145
SPY,2016-07-20,2016-07-20T16:00:00-04:00,217.09,2016-11-18,121.04,0.3316164383561644,195.0,put,2.16,2.18,2.18,336,,0.1906,-0.16286,0.01018,0.30792,-0.02512,-0.12559,spy_options_2016.parquet,2447145
SPY,2016-07-20,2016-07-20T16:00:00-04:00,217.09,2016-11-18,121.04,0.3316164383561644,196.0,call,22.72,22.82,22.71,5,,0.19727,0.83035,0.01139,0.31087,-0.02032,0.35707,spy_options_2016.parquet,2447146
SPY,2016-07-20,2016-07-20T16:00:00-04:00,217.09,2016-11-18,121.04,0.3316164383561644,196.0,put,2.28,2.28,2.24,72,,0.18816,-0.17058,0.01073,0.31842,-0.02632,-0.13138,spy_options_2016.parquet,2447146
SPY,2016-07-20,2016-07-20T16:00:00-04:00,217.09,2016-11-18,121.04,0.3316164383561644,197.0,call,21.83,21.93,21.9,7,,0.19432,0.82162,0.0119,0.3215,-0.02096,0.36204,spy_options_2016.parquet,2447147
SPY,2016-07-20,2016-07-20T16:00:00-04:00,217.09,2016-11-18,121.04,0.3316164383561644,197.0,put,2.38,2.41,2.34,52,,0.18504,-0.1801,0.01122,0.32805,-0.02705,-0.13822,spy_options_2016.parquet,2447147
SPY,2016-07-20,2016-07-20T16:00:00-04:00,217.09,2016-11-18,121.04,0.3316164383561644,198.0,call,20.93,21.03,20.93,71,,0.19108,0.81201,0.01246,0.33257,-0.02113,0.36684,spy_options_2016.parquet,2447148
SPY,2016-07-20,2016-07-20T16:00:00-04:00,217.09,2016-11-18,121.04,0.3316164383561644,198.0,put,2.51,2.54,2.52,110,,0.18258,-0.18967,0.01179,0.33873,-0.02701,-0.1454,spy_options_2016.parquet,2447148
SPY,2016-07-20,2016-07-20T16:00:00-04:00,217.09,2016-11-18,121.04,0.3316164383561644,199.0,call,20.06,20.16,20.25,5,,0.18812,0.80166,0.01295,0.34324,-0.0212,0.37099,spy_options_2016.parquet,2447149
SPY,2016-07-20,2016-07-20T16:00:00-04:00,217.09,2016-11-18,121.04,0.3316164383561644,199.0,put,2.63,2.66,2.61,154,,0.18007,-0.19929,0.01233,0.34954,-0.02793,-0.15383,spy_options_2016.parquet,2447149
SPY,2016-07-20,2016-07-20T16:00:00-04:00,217.09,2016-11-18,121.04,0.3316164383561644,200.0,call,19.16,19.31,0.0,,,0.18481,0.79116,0.01353,0.35533,-0.0219,0.37361,spy_options_2016.parquet,2447150
SPY,2016-07-20,2016-07-20T16:00:00-04:00,217.09,2016-11-18,121.04,0.3316164383561644,200.0,put,2.76,2.79,2.76,898,,0.17687,-0.20994,0.01292,0.36029,-0.02797,-0.1612,spy_options_2016.parquet,2447150
SPY,2016-07-20,2016-07-20T16:00:00-04:00,217.09,2016-11-18,121.04,0.3316164383561644,201.0,call,18.3,18.43,0.0,,,0.18172,0.78,0.0142,0.36609,-0.02251,0.37679,spy_options_2016.parquet,2447151
SPY,2016-07-20,2016-07-20T16:00:00-04:00,217.09,2016-11-18,121.04,0.3316164383561644,201.0,put,2.91,2.95,2.91,113,,0.17402,-0.22162,0.01355,0.37131,-0.02898,-0.17031,spy_options_2016.parquet,2447151
SPY,2016-07-20,2016-07-20T16:00:00-04:00,217.09,2016-11-18,121.04,0.3316164383561644,202.0,call,17.43,17.58,0.0,,,0.1786,0.76763,0.01472,0.37723,-0.02235,0.37888,spy_options_2016.parquet,2447152
SPY,2016-07-20,2016-07-20T16:00:00-04:00,217.09,2016-11-18,121.04,0.3316164383561644,202.0,put,3.06,3.09,3.05,106,,0.17152,-0.23306,0.01415,0.38323,-0.02925,-0.17913,spy_options_2016.parquet,2447152
SPY,2016-07-20,2016-07-20T16:00:00-04:00,217.09,2016-11-18,121.04,0.3316164383561644,203.0,call,16.58,16.72,0.0,,,0.17534,0.75549,0.01544,0.38827,-0.02319,0.37978,spy_options_2016.parquet,2447153
SPY,2016-07-20,2016-07-20T16:00:00-04:00,217.09,2016-11-18,121.04,0.3316164383561644,203.0,put,3.2,3.25,3.23,222,,0.16828,-0.24542,0.01484,0.3935,-0.02913,-0.18807,spy_options_2016.parquet,2447153
SPY,2016-07-20,2016-07-20T16:00:00-04:00,217.09,2016-11-18,121.04,0.3316164383561644,204.0,call,15.75,15.87,0.0,,,0.17224,0.74273,0.01608,0.39955,-0.02277,0.38044,spy_options_2016.parquet,2447154
SPY,2016-07-20,2016-07-20T16:00:00-04:00,217.09,2016-11-18,121.04,0.3316164383561644,204.0,put,3.37,3.42,3.4,30,,0.16597,-0.25836,0.01551,0.40429,-0.02992,-0.19818,spy_options_2016.parquet,2447154
SPY,2016-07-20,2016-07-20T16:00:00-04:00,217.09,2016-11-18,121.04,0.3316164383561644,205.0,call,14.9,15.03,0.0,,,0.16966,0.72917,0.0167,0.41071,-0.02355,0.3805,spy_options_2016.parquet,2447155
SPY,2016-07-20,2016-07-20T16:00:00-04:00,217.09,2016-11-18,121.04,0.3316164383561644,205.0,put,3.55,3.6,3.56,413,,0.16238,-0.27243,0.01626,0.41487,-0.03052,-0.20874,spy_options_2016.parquet,2447155
SPY,2016-07-20,2016-07-20T16:00:00-04:00,217.09,2016-11-18,121.04,0.3316164383561644,206.0,call,14.09,14.2,14.11,30,,0.1662,0.7144,0.01745,0.42139,-0.02404,0.37967,spy_options_2016.parquet,2447156
SPY,2016-07-20,2016-07-20T16:00:00-04:00,217.09,2016-11-18,121.04,0.3316164383561644,206.0,put,3.75,3.78,3.73,64,,0.15943,-0.28626,0.01695,0.42577,-0.03066,-0.22044,spy_options_2016.parquet,2447156
SPY,2016-07-20,2016-07-20T16:00:00-04:00,217.09,2016-11-18,121.04,0.3316164383561644,207.0,call,13.27,13.41,13.48,2,,0.16349,0.69844,0.01813,0.43196,-0.02394,0.37748,spy_options_2016.parquet,2447157
SPY,2016-07-20,2016-07-20T16:00:00-04:00,217.09,2016-11-18,121.04,0.3316164383561644,207.0,put,3.95,3.99,3.96,59,,0.15639,-0.30191,0.01764,0.4358,-0.03045,-0.23175,spy_options_2016.parquet,2447157
SPY,2016-07-20,2016-07-20T16:00:00-04:00,217.09,2016-11-18,121.04,0.3316164383561644,208.0,call,12.5,12.58,11.6,0,,0.15942,0.68242,0.01886,0.44255,-0.02371,0.37527,spy_options_2016.parquet,2447158
SPY,2016-07-20,2016-07-20T16:00:00-04:00,217.09,2016-11-18,121.04,0.3316164383561644,208.0,put,4.15,4.2,4.16,30,,0.15326,-0.31805,0.01843,0.44623,-0.03096,-0.24453,spy_options_2016.parquet,2447158
SPY,2016-07-20,2016-07-20T16:00:00-04:00,217.09,2016-11-18,121.04,0.3316164383561644,209.0,call,11.71,11.8,11.79,1,,0.15652,0.66536,0.01955,0.452,-0.02443,0.37139,spy_options_2016.parquet,2447159
SPY,2016-07-20,2016-07-20T16:00:00-04:00,217.09,2016-11-18,121.04,0.3316164383561644,209.0,put,4.4,4.43,4.41,4,,0.15094,-0.33491,0.01922,0.45587,-0.03141,-0.2581,spy_options_2016.parquet,2447159
SPY,2016-07-20,2016-07-20T16:00:00-04:00,217.09,2016-11-18,121.04,0.3316164383561644,210.0,call,10.95,11.05,11.0,1,,0.15381,0.64748,0.02018,0.46117,-0.02475,0.36756,spy_options_2016.parquet,2447160
SPY,2016-07-20,2016-07-20T16:00:00-04:00,217.09,2016-11-18,121.04,0.3316164383561644,210.0,put,4.64,4.68,4.61,,,0.14748,-0.35276,0.01996,0.46504,-0.03143,-0.2721,spy_options_2016.parquet,2447160
SPY,2016-07-20,2016-07-20T16:00:00-04:00,217.09,2016-11-18,121.04,0.3316164383561644,211.0,call,10.21,10.27,10.25,16,,0.15072,0.62843,0.02091,0.47058,-0.02408,0.36221,spy_options_2016.parquet,2447161
SPY,2016-07-20,2016-07-20T16:00:00-04:00,217.09,2016-11-18,121.04,0.3316164383561644,211.0,put,4.89,4.93,4.86,,,0.14468,-0.37183,0.02071,0.4726,-0.03173,-0.28602,spy_options_2016.parquet,2447161
SPY,2016-07-20,2016-07-20T16:00:00-04:00,217.09,2016-11-18,121.04,0.3316164383561644,212.0,call,9.47,9.54,9.15,6,,0.14772,0.60851,0.02168,0.47731,-0.02469,0.35578,spy_options_2016.parquet,2447162
SPY,2016-07-20,2016-07-20T16:00:00-04:00,217.09,2016-11-18,121.04,0.3316164383561644,212.0,put,5.16,5.2,5.13,153,,0.14161,-0.39217,0.02147,0.48082,-0.03118,-0.30188,spy_options_2016.parquet,2447162
SPY,2016-07-20,2016-07-20T16:00:00-04:00,217.09,2016-11-18,121.04,0.3316164383561644,213.0,call,8.75,8.83,0.0,,,0.14397,0.58782,0.02235,0.48406,-0.0244,0.34778,spy_options_2016.parquet,2447163
SPY,2016-07-20,2016-07-20T16:00:00-04:00,217.09,2016-11-18,121.04,0.3316164383561644,213.0,put,5.45,5.5,5.44,119,,0.13882,-0.41339,0.02229,0.48691,-0.03139,-0.31746,spy_options_2016.parquet,2447163
SPY,2016-07-20,2016-07-20T16:00:00-04:00,217.09,2016-11-18,121.04,0.3316164383561644,214.0,call,8.04,8.12,8.24,6,,0.14149,0.56575,0.02295,0.48949,-0.02444,0.33957,spy_options_2016.parquet,2447164
SPY,2016-07-20,2016-07-20T16:00:00-04:00,217.09,2016-11-18,121.04,0.3316164383561644,214.0,put,5.75,5.79,5.79,89,,0.1353,-0.43493,0.02304,0.49217,-0.03151,-0.33524,spy_options_2016.parquet,2447164
SPY,2016-07-20,2016-07-20T16:00:00-04:00,217.09,2016-11-18,121.04,0.3316164383561644,215.0,call,7.37,7.45,7.37,9,,0.13841,0.54235,0.02358,0.49454,-0.02357,0.32975,spy_options_2016.parquet,2447165
SPY,2016-07-20,2016-07-20T16:00:00-04:00,217.09,2016-11-18,121.04,0.3316164383561644,215.0,put,6.09,6.14,6.09,356,,0.13274,-0.45857,0.02372,0.49597,-0.03099,-0.35318,spy_options_2016.parquet,2447165
SPY,2016-07-20,2016-07-20T16:00:00-04:00,217.09,2016-11-18,121.04,0.3316164383561644,216.0,call,6.7,6.8,6.82,48,,0.13493,0.51897,0.02428,0.49707,-0.0231,0.31966,spy_options_2016.parquet,2447166
SPY,2016-07-20,2016-07-20T16:00:00-04:00,217.09,2016-11-18,121.04,0.3316164383561644,216.0,put,6.44,6.49,6.49,173,,0.12968,-0.4828,0.02438,0.49751,-0.03098,-0.37127,spy_options_2016.parquet,2447166
SPY,2016-07-20,2016-07-20T16:00:00-04:00,217.09,2016-11-18,121.04,0.3316164383561644,217.0,call,6.09,6.15,6.23,140,,0.13135,0.49382,0.0247,0.4974,-0.02256,0.30712,spy_options_2016.parquet,2447167
SPY,2016-07-20,2016-07-20T16:00:00-04:00,217.09,2016-11-18,121.04,0.3316164383561644,217.0,put,6.82,6.87,6.8,156,,0.12703,-0.5083,0.02497,0.49753,-0.03033,-0.39123,spy_options_2016.parquet,2447167
SPY,2016-07-20,2016-07-20T16:00:00-04:00,217.09,2016-11-18,121.04,0.3316164383561644,218.0,call,5.48,5.55,5.64,568,,0.12916,0.46733,0.02514,0.49641,-0.02287,0.295,spy_options_2016.parquet,2447168
SPY,2016-07-20,2016-07-20T16:00:00-04:00,217.09,2016-11-18,121.04,0.3316164383561644,218.0,put,7.22,7.26,7.19,70,,0.12392,-0.53496,0.0255,0.49579,-0.0299,-0.41197,spy_options_2016.parquet,2447168
SPY,2016-07-20,2016-07-20T16:00:00-04:00,217.09,2016-11-18,121.04,0.3316164383561644,219.0,call,4.91,4.97,5.01,631,,0.12594,0.44066,0.02548,0.49254,-0.02221,0.28125,spy_options_2016.parquet,2447169
SPY,2016-07-20,2016-07-20T16:00:00-04:00,217.09,2016-11-18,121.04,0.3316164383561644,219.0,put,7.65,7.7,7.72,56,,0.12057,-0.56231,0.02585,0.49117,-0.02916,-0.43333,spy_options_2016.parquet,2447169
SPY,2016-07-20,2016-07-20T16:00:00-04:00,217.09,2016-11-18,121.04,0.3316164383561644,220.0,call,4.36,4.42,4.43,,,0.12271,0.41315,0.02578,0.48646,-0.02076,0.2662,spy_options_2016.parquet,2447170
SPY,2016-07-20,2016-07-20T16:00:00-04:00,217.09,2016-11-18,121.04,0.3316164383561644,220.0,put,8.11,8.16,7.95,20,,0.11815,-0.59063,0.02617,0.4839,-0.02864,-0.45551,spy_options_2016.parquet,2447170
SPY,2016-07-20,2016-07-20T16:00:00-04:00,217.09,2016-11-18,121.04,0.3316164383561644,221.0,call,3.85,3.91,3.83,103,,0.1201,0.38505,0.02578,0.47752,-0.02059,0.24982,spy_options_2016.parquet,2447171
SPY,2016-07-20,2016-07-20T16:00:00-04:00,217.09,2016-11-18,121.04,0.3316164383561644,221.0,put,8.6,8.64,8.53,123,,0.11435,-0.61983,0.02629,0.47408,-0.02751,-0.47798,spy_options_2016.parquet,2447171
SPY,2016-07-20,2016-07-20T16:00:00-04:00,217.09,2016-11-18,121.04,0.3316164383561644,222.0,call,3.38,3.41,3.51,91,,0.11707,0.35591,0.02574,0.46606,-0.01936,0.23336,spy_options_2016.parquet,2447172
SPY,2016-07-20,2016-07-20T16:00:00-04:00,217.09,2016-11-18,121.04,0.3316164383561644,222.0,put,9.12,9.17,8.96,16,,0.11179,-0.64941,0.02617,0.46137,-0.02693,-0.50126,spy_options_2016.parquet,2447172
SPY,2016-07-20,2016-07-20T16:00:00-04:00,217.09,2016-11-18,121.04,0.3316164383561644,223.0,call,2.94,2.98,3.01,32,,0.11461,0.327,0.02543,0.45116,-0.01867,0.21684,spy_options_2016.parquet,2447173
SPY,2016-07-20,2016-07-20T16:00:00-04:00,217.09,2016-11-18,121.04,0.3316164383561644,223.0,put,9.67,9.75,9.68,134,,0.10922,-0.67997,0.0259,0.44413,-0.02555,-0.525,spy_options_2016.parquet,2447173
SPY,2016-07-20,2016-07-20T16:00:00-04:00,217.09,2016-11-18,121.04,0.3316164383561644,224.0,call,2.54,2.57,2.6,265,,0.11173,0.2977,0.02498,0.43418,-0.01691,0.19907,spy_options_2016.parquet,2447174
SPY,2016-07-20,2016-07-20T16:00:00-04:00,217.09,2016-11-18,121.04,0.3316164383561644,224.0,put,10.25,10.34,10.22,102,,0.10631,-0.71037,0.02552,0.42505,-0.02502,-0.54917,spy_options_2016.parquet,2447174
SPY,2016-07-20,2016-07-20T16:00:00-04:00,217.09,2016-11-18,121.04,0.3316164383561644,225.0,call,2.17,2.2,2.25,,,0.10894,0.2696,0.02425,0.41363,-0.01629,0.18077,spy_options_2016.parquet,2447175
SPY,2016-07-20,2016-07-20T16:00:00-04:00,217.09,2016-11-18,121.04,0.3316164383561644,225.0,put,10.89,11.01,10.85,91,,0.10384,-0.73954,0.02472,0.40252,-0.02385,-0.57292,spy_options_2016.parquet,2447175
SPY,2016-07-20,2016-07-20T16:00:00-04:00,217.09,2016-11-18,121.04,0.3316164383561644,230.0,call,0.88,0.92,0.96,,,0.10001,0.14437,0.01815,0.28535,-0.01065,0.09929,spy_options_2016.parquet,2447176
SPY,2016-07-20,2016-07-20T16:00:00-04:00,217.09,2016-11-18,121.04,0.3316164383561644,230.0,put,14.61,14.79,14.55,3,,0.09139,-0.87177,0.01764,0.25465,-0.01785,-0.68118,spy_options_2016.parquet,2447176
SPY,2016-07-20,2016-07-20T16:00:00-04:00,217.09,2016-11-18,121.04,0.3316164383561644,235.0,call,0.36,0.39,0.36,82,,0.09741,0.06971,0.01106,0.16982,-0.00587,0.04965,spy_options_2016.parquet,2447177
SPY,2016-07-20,2016-07-20T16:00:00-04:00,217.09,2016-11-18,121.04,0.3316164383561644,235.0,put,19.09,19.28,19.01,4,,0.08305,-0.9535,0.00855,0.11191,-0.0124,-0.75555,spy_options_2016.parquet,2447177
SPY,2016-07-20,2016-07-20T16:00:00-04:00,217.09,2016-11-18,121.04,0.3316164383561644,240.0,call,0.18,0.19,0.21,658,,0.09996,0.03655,0.00639,0.10176,-0.00389,0.02613,spy_options_2016.parquet,2447178
SPY,2016-07-20,2016-07-20T16:00:00-04:00,217.09,2016-11-18,121.04,0.3316164383561644,240.0,put,23.92,24.17,0.0,,,0.07556,-0.98684,0.00234,0.02741,-0.00973,-0.79617,spy_options_2016.parquet,2447178
SPY,2016-07-20,2016-07-20T16:00:00-04:00,217.09,2016-11-18,121.04,0.3316164383561644,245.0,call,0.09,0.12,0.12,233,,0.10582,0.02037,0.00383,0.06427,-0.00277,0.01487,spy_options_2016.parquet,2447179
SPY,2016-07-20,2016-07-20T16:00:00-04:00,217.09,2016-11-18,121.04,0.3316164383561644,245.0,put,28.83,29.09,0.0,,,7e-05,-1.0,0.0,-289.09978,0.0,0.0,spy_options_2016.parquet,2447179
SPY,2016-07-20,2016-07-20T16:00:00-04:00,217.09,2016-11-18,121.04,0.3316164383561644,250.0,call,0.06,0.09,0.0,,,0.11308,0.01386,0.00239,0.04453,-0.00232,0.00992,spy_options_2016.parquet,2447180
SPY,2016-07-20,2016-07-20T16:00:00-04:00,217.09,2016-11-18,121.04,0.3316164383561644,250.0,put,33.8,34.08,33.75,2,,0.00068,-1.0,0.0,-339.09974,0.0,0.0,spy_options_2016.parquet,2447180
SPY,2016-07-20,2016-07-20T16:00:00-04:00,217.09,2016-11-18,121.04,0.3316164383561644,255.0,call,0.03,0.05,0.0,,,0.11823,0.00813,0.0015,0.02874,-0.00089,0.00546,spy_options_2016.parquet,2447181
SPY,2016-07-20,2016-07-20T16:00:00-04:00,217.09,2016-11-18,121.04,0.3316164383561644,255.0,put,38.76,39.07,0.0,,,0.00035,-1.0,0.0,-389.10032,0.0,0.0,spy_options_2016.parquet,2447181
SPY,2016-07-20,2016-07-20T16:00:00-04:00,217.09,2016-11-18,121.04,0.3316164383561644,260.0,call,0.02,0.04,0.0,,,0.12644,0.00628,0.00103,0.02236,-0.00077,0.00456,spy_options_2016.parquet,2447182
SPY,2016-07-20,2016-07-20T16:00:00-04:00,217.09,2016-11-18,121.04,0.3316164383561644,260.0,put,43.76,44.05,0.0,,,0.00063,-1.0,0.0,-439.09952,0.0,0.0,spy_options_2016.parquet,2447182
SPY,2016-07-20,2016-07-20T16:00:00-04:00,217.09,2016-11-18,121.04,0.3316164383561644,265.0,call,0.01,0.03,0.0,,,0.13165,0.00368,0.00076,0.01495,-0.00092,0.00304,spy_options_2016.parquet,2447183
SPY,2016-07-20,2016-07-20T16:00:00-04:00,217.09,2016-11-18,121.04,0.3316164383561644,265.0,put,48.74,49.03,0.0,,,0.00062,-1.0,0.0,-489.10026,0.0,0.0,spy_options_2016.parquet,2447183
SPY,2016-07-20,2016-07-20T16:00:00-04:00,217.09,2016-11-18,121.04,0.3316164383561644,270.0,call,0.0,0.03,0.0,,,0.1383,0.00332,0.00054,0.01134,-0.00086,0.00173,spy_options_2016.parquet,2447184
SPY,2016-07-20,2016-07-20T16:00:00-04:00,217.09,2016-11-18,121.04,0.3316164383561644,270.0,put,53.72,54.02,0.0,,,0.00043,-1.0,0.0,-539.09985,0.0,0.0,spy_options_2016.parquet,2447184
SPY,2016-07-20,2016-07-20T16:00:00-04:00,217.09,2016-11-18,121.04,0.3316164383561644,275.0,call,0.0,0.02,0.0,,,0.14309,0.00184,0.00033,0.00822,-0.00055,0.00123,spy_options_2016.parquet,2447185
SPY,2016-07-20,2016-07-20T16:00:00-04:00,217.09,2016-11-18,121.04,0.3316164383561644,275.0,put,58.72,59.02,0.0,,,-0.00011,-1.0,0.0,-589.09986,0.0,0.0,spy_options_2016.parquet,2447185
SPY,2016-07-20,2016-07-20T16:00:00-04:00,217.09,2016-11-18,121.04,0.3316164383561644,280.0,call,0.0,0.02,0.0,,,0.15289,0.00219,0.00029,0.00752,-0.00056,0.00095,spy_options_2016.parquet,2447186
SPY,2016-07-20,2016-07-20T16:00:00-04:00,217.09,2016-11-18,121.04,0.3316164383561644,280.0,put,63.71,64.01,0.0,,,-0.00011,-1.0,0.0,-639.09988,0.0,0.0,spy_options_2016.parquet,2447186
SPY,2016-07-20,2016-07-20T16:00:00-04:00,217.09,2016-11-18,121.04,0.3316164383561644,285.0,call,0.0,0.02,0.0,,,0.16202,0.00171,0.00032,0.00678,-0.00014,0.00134,spy_options_2016.parquet,2447187
SPY,2016-07-20,2016-07-20T16:00:00-04:00,217.09,2016-11-18,121.04,0.3316164383561644,285.0,put,68.7,68.99,0.0,,,0.0005,-1.0,0.0,-689.09953,0.0,0.0,spy_options_2016.parquet,2447187
SPY,2016-07-20,2016-07-20T16:00:00-04:00,217.09,2016-11-18,121.04,0.3316164383561644,290.0,call,0.0,0.02,0.0,,,0.17178,0.00153,0.00029,0.00747,-0.00032,0.00126,spy_options_2016.parquet,2447188
SPY,2016-07-20,2016-07-20T16:00:00-04:00,217.09,2016-11-18,121.04,0.3316164383561644,290.0,put,73.7,74.0,0.0,,,-0.00025,-1.0,0.0,-739.09982,0.0,0.0,spy_options_2016.parquet,2447188
SPY,2016-07-20,2016-07-20T16:00:00-04:00,217.09,2016-11-18,121.04,0.3316164383561644,295.0,call,0.0,0.01,0.0,,,0.1798,0.00149,0.00025,0.00651,-0.00083,0.00141,spy_options_2016.parquet,2447189
SPY,2016-07-20,2016-07-20T16:00:00-04:00,217.09,2016-11-18,121.04,0.3316164383561644,295.0,put,78.7,78.99,0.0,,,0.00051,-1.0,0.0,-789.10004,0.0,0.0,spy_options_2016.parquet,2447189
SPY,2016-07-20,2016-07-20T16:00:00-04:00,217.09,2016-11-18,121.04,0.3316164383561644,300.0,call,0.0,0.01,0.0,,,0.18954,0.0018,0.00018,0.0065,-0.00026,0.00062,spy_options_2016.parquet,2447190
SPY,2016-07-20,2016-07-20T16:00:00-04:00,217.09,2016-11-18,121.04,0.3316164383561644,300.0,put,83.67,83.98,83.78,1,,0.00067,-1.0,0.0,-839.09991,0.0,0.0,spy_options_2016.parquet,2447190
SPY,2016-07-20,2016-07-20T16:00:00-04:00,217.09,2016-11-18,121.04,0.3316164383561644,305.0,call,0.0,0.02,0.0,,,0.19631,0.00141,0.00018,0.00553,-0.00026,0.00138,spy_options_2016.parquet,2447191
SPY,2016-07-20,2016-07-20T16:00:00-04:00,217.09,2016-11-18,121.04,0.3316164383561644,305.0,put,88.68,88.98,0.0,,,0.00011,-1.0,0.0,-889.10022,0.0,0.0,spy_options_2016.parquet,2447191
SPY,2016-07-20,2016-07-20T16:00:00-04:00,217.09,2016-11-18,121.04,0.3316164383561644,310.0,call,0.0,0.02,0.0,,,0.20552,0.00108,0.00021,0.00567,-0.00011,0.00145,spy_options_2016.parquet,2447192
SPY,2016-07-20,2016-07-20T16:00:00-04:00,217.09,2016-11-18,121.04,0.3316164383561644,310.0,put,93.68,93.96,0.0,,,0.00046,-1.0,0.0,-939.10019,0.0,0.0,spy_options_2016.parquet,2447192
SPY,2016-07-20,2016-07-20T16:00:00-04:00,217.09,2016-11-18,121.04,0.3316164383561644,315.0,call,0.0,0.01,0.0,,,0.20237,0.00043,0.00012,0.00327,0.0,6e-05,spy_options_2016.parquet,2447193
SPY,2016-07-20,2016-07-20T16:00:00-04:00,217.09,2016-11-18,121.04,0.3316164383561644,315.0,put,98.66,98.97,0.0,,,0.00069,-1.0,0.0,-989.09965,0.0,0.0,spy_options_2016.parquet,2447193
SPY,2016-07-20,2016-07-20T16:00:00-04:00,217.09,2016-12-16,149.04,0.40832876712328764,150.0,call,67.09,67.41,0.0,,,0.40554,0.93655,0.00185,0.12542,-0.01344,0.09301,spy_options_2016.parquet,2447223
SPY,2016-07-20,2016-07-20T16:00:00-04:00,217.09,2016-12-16,149.04,0.40832876712328764,150.0,put,0.4,0.43,0.42,254,,0.29946,-0.02484,0.00141,0.08109,-0.00799,-0.02345,spy_options_2016.parquet,2447223
SPY,2016-07-20,2016-07-20T16:00:00-04:00,217.09,2016-12-16,149.04,0.40832876712328764,155.0,call,62.14,62.45,0.0,,,0.37431,0.9388,0.00223,0.12667,-0.01173,0.10755,spy_options_2016.parquet,2447224
SPY,2016-07-20,2016-07-20T16:00:00-04:00,217.09,2016-12-16,149.04,0.40832876712328764,155.0,put,0.51,0.54,0.54,107,,0.28737,-0.03142,0.00175,0.09749,-0.01002,-0.02988,spy_options_2016.parquet,2447224
SPY,2016-07-20,2016-07-20T16:00:00-04:00,217.09,2016-12-16,149.04,0.40832876712328764,160.0,call,57.23,57.52,0.0,,,0.34658,0.93897,0.00283,0.13235,-0.01086,0.13117,spy_options_2016.parquet,2447225
SPY,2016-07-20,2016-07-20T16:00:00-04:00,217.09,2016-12-16,149.04,0.40832876712328764,160.0,put,0.64,0.65,0.63,4,,0.2741,-0.03904,0.00222,0.11742,-0.01156,-0.03773,spy_options_2016.parquet,2447225
SPY,2016-07-20,2016-07-20T16:00:00-04:00,217.09,2016-12-16,149.04,0.40832876712328764,165.0,call,52.35,52.62,0.0,,,0.32366,0.93457,0.00356,0.14739,-0.01155,0.16338,spy_options_2016.parquet,2447226
SPY,2016-07-20,2016-07-20T16:00:00-04:00,217.09,2016-12-16,149.04,0.40832876712328764,165.0,put,0.78,0.8,0.78,,,0.26151,-0.04883,0.00279,0.14026,-0.01351,-0.04698,spy_options_2016.parquet,2447226
SPY,2016-07-20,2016-07-20T16:00:00-04:00,217.09,2016-12-16,149.04,0.40832876712328764,170.0,call,47.44,47.74,0.0,,,0.30124,0.92772,0.00436,0.16554,-0.01188,0.19729,spy_options_2016.parquet,2447227
SPY,2016-07-20,2016-07-20T16:00:00-04:00,217.09,2016-12-16,149.04,0.40832876712328764,170.0,put,0.97,0.99,0.99,198,,0.24849,-0.06169,0.00347,0.16822,-0.01494,-0.05917,spy_options_2016.parquet,2447227
SPY,2016-07-20,2016-07-20T16:00:00-04:00,217.09,2016-12-16,149.04,0.40832876712328764,174.0,call,43.62,43.85,0.0,,,0.28604,0.91789,0.00515,0.18769,-0.01269,0.22926,spy_options_2016.parquet,2447228
SPY,2016-07-20,2016-07-20T16:00:00-04:00,217.09,2016-12-16,149.04,0.40832876712328764,174.0,put,1.16,1.19,0.0,,,0.23884,-0.0736,0.00416,0.19353,-0.01623,-0.07052,spy_options_2016.parquet,2447228
SPY,2016-07-20,2016-07-20T16:00:00-04:00,217.09,2016-12-16,149.04,0.40832876712328764,175.0,call,42.65,42.88,42.9,9,,0.28202,0.91555,0.00546,0.19352,-0.01218,0.23678,spy_options_2016.parquet,2447229
SPY,2016-07-20,2016-07-20T16:00:00-04:00,217.09,2016-12-16,149.04,0.40832876712328764,175.0,put,1.21,1.23,1.21,281,,0.23645,-0.07771,0.00438,0.20058,-0.0171,-0.07398,spy_options_2016.parquet,2447229
SPY,2016-07-20,2016-07-20T16:00:00-04:00,217.09,2016-12-16,149.04,0.40832876712328764,176.0,call,41.65,41.94,0.0,,,0.27849,0.91257,0.00564,0.1994,-0.01291,0.24296,spy_options_2016.parquet,2447230
SPY,2016-07-20,2016-07-20T16:00:00-04:00,217.09,2016-12-16,149.04,0.40832876712328764,176.0,put,1.26,1.28,1.4,0,,0.23373,-0.08105,0.00463,0.20777,-0.01758,-0.07692,spy_options_2016.parquet,2447230
SPY,2016-07-20,2016-07-20T16:00:00-04:00,217.09,2016-12-16,149.04,0.40832876712328764,177.0,call,40.71,40.96,40.96,1,,0.2747,0.90994,0.00592,0.20577,-0.01228,0.25076,spy_options_2016.parquet,2447231
SPY,2016-07-20,2016-07-20T16:00:00-04:00,217.09,2016-12-16,149.04,0.40832876712328764,177.0,put,1.32,1.34,0.0,,,0.23127,-0.08405,0.00478,0.2146,-0.01842,-0.08046,spy_options_2016.parquet,2447231
SPY,2016-07-20,2016-07-20T16:00:00-04:00,217.09,2016-12-16,149.04,0.40832876712328764,178.0,call,39.75,40.02,38.78,0,,0.27157,0.9053,0.00615,0.21305,-0.01311,0.26005,spy_options_2016.parquet,2447232
SPY,2016-07-20,2016-07-20T16:00:00-04:00,217.09,2016-12-16,149.04,0.40832876712328764,178.0,put,1.37,1.41,1.35,40,,0.22837,-0.0884,0.00502,0.22224,-0.01868,-0.08419,spy_options_2016.parquet,2447232
SPY,2016-07-20,2016-07-20T16:00:00-04:00,217.09,2016-12-16,149.04,0.40832876712328764,179.0,call,38.83,39.05,38.99,3,,0.26809,0.90179,0.00642,0.22141,-0.01328,0.26865,spy_options_2016.parquet,2447233
SPY,2016-07-20,2016-07-20T16:00:00-04:00,217.09,2016-12-16,149.04,0.40832876712328764,179.0,put,1.44,1.46,1.43,44,,0.22631,-0.09267,0.00521,0.23046,-0.01867,-0.08871,spy_options_2016.parquet,2447233
SPY,2016-07-20,2016-07-20T16:00:00-04:00,217.09,2016-12-16,149.04,0.40832876712328764,180.0,call,37.85,38.09,37.91,13,,0.26483,0.8979,0.00665,0.22793,-0.01367,0.27588,spy_options_2016.parquet,2447234
SPY,2016-07-20,2016-07-20T16:00:00-04:00,217.09,2016-12-16,149.04,0.40832876712328764,180.0,put,1.5,1.53,1.49,770,,0.22355,-0.0975,0.00548,0.23842,-0.01935,-0.09268,spy_options_2016.parquet,2447234
SPY,2016-07-20,2016-07-20T16:00:00-04:00,217.09,2016-12-16,149.04,0.40832876712328764,181.0,call,36.93,37.15,37.1,3,,0.2609,0.89311,0.00686,0.23691,-0.01432,0.28343,spy_options_2016.parquet,2447235
SPY,2016-07-20,2016-07-20T16:00:00-04:00,217.09,2016-12-16,149.04,0.40832876712328764,181.0,put,1.57,1.59,1.76,0,,0.2211,-0.10126,0.00576,0.24611,-0.02012,-0.09739,spy_options_2016.parquet,2447235
SPY,2016-07-20,2016-07-20T16:00:00-04:00,217.09,2016-12-16,149.04,0.40832876712328764,182.0,call,35.96,36.2,36.05,15,,0.25708,0.88882,0.0072,0.24427,-0.01404,0.29123,spy_options_2016.parquet,2447236
SPY,2016-07-20,2016-07-20T16:00:00-04:00,217.09,2016-12-16,149.04,0.40832876712328764,182.0,put,1.64,1.66,1.65,6,,0.21926,-0.10642,0.00604,0.25449,-0.02047,-0.10156,spy_options_2016.parquet,2447236
SPY,2016-07-20,2016-07-20T16:00:00-04:00,217.09,2016-12-16,149.04,0.40832876712328764,183.0,call,35.03,35.27,34.11,0,,0.2547,0.88422,0.00747,0.25275,-0.01424,0.29947,spy_options_2016.parquet,2447237
SPY,2016-07-20,2016-07-20T16:00:00-04:00,217.09,2016-12-16,149.04,0.40832876712328764,183.0,put,1.71,1.74,1.71,12,,0.21625,-0.11153,0.00625,0.26228,-0.02119,-0.10637,spy_options_2016.parquet,2447237
SPY,2016-07-20,2016-07-20T16:00:00-04:00,217.09,2016-12-16,149.04,0.40832876712328764,184.0,call,34.1,34.32,0.0,,,0.25068,0.87927,0.00774,0.26213,-0.01438,0.30606,spy_options_2016.parquet,2447238
SPY,2016-07-20,2016-07-20T16:00:00-04:00,217.09,2016-12-16,149.04,0.40832876712328764,184.0,put,1.78,1.81,1.97,0,,0.21437,-0.11636,0.00656,0.27145,-0.02148,-0.11082,spy_options_2016.parquet,2447238
SPY,2016-07-20,2016-07-20T16:00:00-04:00,217.09,2016-12-16,149.04,0.40832876712328764,185.0,call,33.12,33.38,33.29,36,,0.24721,0.87426,0.00804,0.26974,-0.01535,0.31311,spy_options_2016.parquet,2447239
SPY,2016-07-20,2016-07-20T16:00:00-04:00,217.09,2016-12-16,149.04,0.40832876712328764,185.0,put,1.86,1.9,1.86,57,,0.21165,-0.12158,0.00685,0.27995,-0.02218,-0.11584,spy_options_2016.parquet,2447239
SPY,2016-07-20,2016-07-20T16:00:00-04:00,217.09,2016-12-16,149.04,0.40832876712328764,186.0,call,32.2,32.44,32.27,1,,0.24436,0.86857,0.00835,0.27825,-0.015,0.31978,spy_options_2016.parquet,2447240
SPY,2016-07-20,2016-07-20T16:00:00-04:00,217.09,2016-12-16,149.04,0.40832876712328764,186.0,put,1.95,1.97,2.0,1,,0.20835,-0.12778,0.00712,0.28915,-0.02239,-0.12186,spy_options_2016.parquet,2447240
SPY,2016-07-20,2016-07-20T16:00:00-04:00,217.09,2016-12-16,149.04,0.40832876712328764,187.0,call,31.27,31.5,0.0,,,0.24016,0.86281,0.00871,0.28723,-0.01521,0.32622,spy_options_2016.parquet,2447241
SPY,2016-07-20,2016-07-20T16:00:00-04:00,217.09,2016-12-16,149.04,0.40832876712328764,187.0,put,2.04,2.08,2.21,0,,0.20654,-0.13382,0.0075,0.29814,-0.02283,-0.1277,spy_options_2016.parquet,2447241
SPY,2016-07-20,2016-07-20T16:00:00-04:00,217.09,2016-12-16,149.04,0.40832876712328764,188.0,call,30.36,30.57,30.38,10,,0.23757,0.85635,0.00902,0.29817,-0.01624,0.3337,spy_options_2016.parquet,2447242
SPY,2016-07-20,2016-07-20T16:00:00-04:00,217.09,2016-12-16,149.04,0.40832876712328764,188.0,put,2.14,2.16,0.0,,,0.20336,-0.14002,0.00783,0.30782,-0.02363,-0.13344,spy_options_2016.parquet,2447242
SPY,2016-07-20,2016-07-20T16:00:00-04:00,217.09,2016-12-16,149.04,0.40832876712328764,189.0,call,29.44,29.64,29.57,11,,0.23488,0.84947,0.00937,0.30751,-0.01596,0.34009,spy_options_2016.parquet,2447243
SPY,2016-07-20,2016-07-20T16:00:00-04:00,217.09,2016-12-16,149.04,0.40832876712328764,189.0,put,2.23,2.26,0.0,,,0.20081,-0.1465,0.00816,0.31798,-0.0234,-0.13958,spy_options_2016.parquet,2447243
SPY,2016-07-20,2016-07-20T16:00:00-04:00,217.09,2016-12-16,149.04,0.40832876712328764,190.0,call,28.51,28.73,28.63,17,,0.23116,0.84357,0.00969,0.31609,-0.01625,0.34558,spy_options_2016.parquet,2447244
SPY,2016-07-20,2016-07-20T16:00:00-04:00,217.09,2016-12-16,149.04,0.40832876712328764,190.0,put,2.33,2.36,2.33,,,0.19864,-0.15297,0.00851,0.32816,-0.02459,-0.14588,spy_options_2016.parquet,2447244
SPY,2016-07-20,2016-07-20T16:00:00-04:00,217.09,2016-12-16,149.04,0.40832876712328764,191.0,call,27.62,27.83,27.79,5,,0.22747,0.83552,0.01006,0.32726,-0.01737,0.35197,spy_options_2016.parquet,2447245
SPY,2016-07-20,2016-07-20T16:00:00-04:00,217.09,2016-12-16,149.04,0.40832876712328764,191.0,put,2.43,2.46,2.41,1,,0.19566,-0.16072,0.00886,0.33808,-0.0246,-0.1535,spy_options_2016.parquet,2447245
SPY,2016-07-20,2016-07-20T16:00:00-04:00,217.09,2016-12-16,149.04,0.40832876712328764,192.0,call,26.7,26.91,26.81,2,,0.2241,0.82877,0.01039,0.33677,-0.01755,0.35739,spy_options_2016.parquet,2447246
SPY,2016-07-20,2016-07-20T16:00:00-04:00,217.09,2016-12-16,149.04,0.40832876712328764,192.0,put,2.54,2.58,2.84,0,,0.19331,-0.16745,0.00924,0.34812,-0.02547,-0.15982,spy_options_2016.parquet,2447246
SPY,2016-07-20,2016-07-20T16:00:00-04:00,217.09,2016-12-16,149.04,0.40832876712328764,193.0,call,25.78,26.0,26.04,2,,0.22072,0.82104,0.01074,0.34694,-0.0179,0.36158,spy_options_2016.parquet,2447247
SPY,2016-07-20,2016-07-20T16:00:00-04:00,217.09,2016-12-16,149.04,0.40832876712328764,193.0,put,2.66,2.7,2.65,50,,0.19043,-0.1762,0.00973,0.35825,-0.0259,-0.16804,spy_options_2016.parquet,2447247
SPY,2016-07-20,2016-07-20T16:00:00-04:00,217.09,2016-12-16,149.04,0.40832876712328764,194.0,call,24.91,25.11,0.0,,,0.21827,0.81258,0.01117,0.35795,-0.01847,0.36685,spy_options_2016.parquet,2447248
SPY,2016-07-20,2016-07-20T16:00:00-04:00,217.09,2016-12-16,149.04,0.40832876712328764,194.0,put,2.77,2.82,2.76,17,,0.18866,-0.1838,0.01017,0.36827,-0.026,-0.1759,spy_options_2016.parquet,2447248
SPY,2016-07-20,2016-07-20T16:00:00-04:00,217.09,2016-12-16,149.04,0.40832876712328764,195.0,call,24.02,24.21,24.17,4,,0.21463,0.80402,0.01156,0.36843,-0.01835,0.37154,spy_options_2016.parquet,2447249
SPY,2016-07-20,2016-07-20T16:00:00-04:00,217.09,2016-12-16,149.04,0.40832876712328764,195.0,put,2.91,2.95,2.89,193,,0.18551,-0.19352,0.01057,0.37976,-0.02696,-0.18433,spy_options_2016.parquet,2447249
SPY,2016-07-20,2016-07-20T16:00:00-04:00,217.09,2016-12-16,149.04,0.40832876712328764,196.0,call,23.14,23.32,0.0,,,0.21162,0.7951,0.01194,0.37868,-0.01867,0.37612,spy_options_2016.parquet,2447250
SPY,2016-07-20,2016-07-20T16:00:00-04:00,217.09,2016-12-16,149.04,0.40832876712328764,196.0,put,3.04,3.1,3.05,78,,0.18298,-0.20253,0.01102,0.38965,-0.02777,-0.19294,spy_options_2016.parquet,2447250
SPY,2016-07-20,2016-07-20T16:00:00-04:00,217.09,2016-12-16,149.04,0.40832876712328764,197.0,call,22.23,22.44,0.0,,,0.20823,0.78551,0.01235,0.38892,-0.01843,0.37916,spy_options_2016.parquet,2447251
SPY,2016-07-20,2016-07-20T16:00:00-04:00,217.09,2016-12-16,149.04,0.40832876712328764,197.0,put,3.17,3.23,3.15,24,,0.18062,-0.21134,0.01146,0.40062,-0.02748,-0.20142,spy_options_2016.parquet,2447251
SPY,2016-07-20,2016-07-20T16:00:00-04:00,217.09,2016-12-16,149.04,0.40832876712328764,198.0,call,21.37,21.55,21.46,1,,0.20494,0.77608,0.01278,0.40008,-0.01878,0.38282,spy_options_2016.parquet,2447252
SPY,2016-07-20,2016-07-20T16:00:00-04:00,217.09,2016-12-16,149.04,0.40832876712328764,198.0,put,3.33,3.37,3.36,6,,0.17811,-0.22181,0.01194,0.41145,-0.02816,-0.21188,spy_options_2016.parquet,2447252
SPY,2016-07-20,2016-07-20T16:00:00-04:00,217.09,2016-12-16,149.04,0.40832876712328764,199.0,call,20.51,20.7,0.0,,,0.2023,0.76515,0.01317,0.41088,-0.01969,0.3854,spy_options_2016.parquet,2447253
SPY,2016-07-20,2016-07-20T16:00:00-04:00,217.09,2016-12-16,149.04,0.40832876712328764,199.0,put,3.47,3.52,3.85,0,,0.17515,-0.23174,0.01248,0.42237,-0.02895,-0.22105,spy_options_2016.parquet,2447253
SPY,2016-07-20,2016-07-20T16:00:00-04:00,217.09,2016-12-16,149.04,0.40832876712328764,200.0,call,19.66,19.83,19.75,104,,0.19902,0.75419,0.01362,0.42091,-0.01974,0.38799,spy_options_2016.parquet,2447254
SPY,2016-07-20,2016-07-20T16:00:00-04:00,217.09,2016-12-16,149.04,0.40832876712328764,200.0,put,3.65,3.7,3.64,673,,0.17255,-0.24392,0.01302,0.43367,-0.02929,-0.23178,spy_options_2016.parquet,2447254
SPY,2016-07-20,2016-07-20T16:00:00-04:00,217.09,2016-12-16,149.04,0.40832876712328764,201.0,call,18.8,18.99,18.05,0,,0.19572,0.74316,0.01406,0.43258,-0.01966,0.39005,spy_options_2016.parquet,2447255
SPY,2016-07-20,2016-07-20T16:00:00-04:00,217.09,2016-12-16,149.04,0.40832876712328764,201.0,put,3.82,3.87,3.76,150,,0.1703,-0.25511,0.01345,0.44403,-0.02961,-0.24317,spy_options_2016.parquet,2447255
SPY,2016-07-20,2016-07-20T16:00:00-04:00,217.09,2016-12-16,149.04,0.40832876712328764,202.0,call,17.99,18.14,0.0,,,0.19261,0.73124,0.01454,0.4429,-0.02014,0.39125,spy_options_2016.parquet,2447256
SPY,2016-07-20,2016-07-20T16:00:00-04:00,217.09,2016-12-16,149.04,0.40832876712328764,202.0,put,3.99,4.06,4.36,0,,0.16682,-0.26723,0.01404,0.45448,-0.0297,-0.25445,spy_options_2016.parquet,2447256
SPY,2016-07-20,2016-07-20T16:00:00-04:00,217.09,2016-12-16,149.04,0.40832876712328764,203.0,call,17.12,17.28,0.0,,,0.18887,0.71957,0.01504,0.45325,-0.02059,0.39161,spy_options_2016.parquet,2447257
SPY,2016-07-20,2016-07-20T16:00:00-04:00,217.09,2016-12-16,149.04,0.40832876712328764,203.0,put,4.19,4.24,4.17,12,,0.16478,-0.28035,0.01457,0.46483,-0.03088,-0.26684,spy_options_2016.parquet,2447257
SPY,2016-07-20,2016-07-20T16:00:00-04:00,217.09,2016-12-16,149.04,0.40832876712328764,204.0,call,16.34,16.47,0.0,,,0.1857,0.70575,0.01554,0.46366,-0.02046,0.39262,spy_options_2016.parquet,2447258
SPY,2016-07-20,2016-07-20T16:00:00-04:00,217.09,2016-12-16,149.04,0.40832876712328764,204.0,put,4.4,4.44,4.33,10,,0.16233,-0.29299,0.01515,0.47537,-0.03074,-0.27946,spy_options_2016.parquet,2447258
SPY,2016-07-20,2016-07-20T16:00:00-04:00,217.09,2016-12-16,149.04,0.40832876712328764,205.0,call,15.5,15.65,15.75,32,,0.18288,0.69237,0.01598,0.47335,-0.02049,0.39182,spy_options_2016.parquet,2447259
SPY,2016-07-20,2016-07-20T16:00:00-04:00,217.09,2016-12-16,149.04,0.40832876712328764,205.0,put,4.6,4.66,4.58,,,0.15923,-0.30719,0.01579,0.48516,-0.03079,-0.2933,spy_options_2016.parquet,2447259
SPY,2016-07-20,2016-07-20T16:00:00-04:00,217.09,2016-12-16,149.04,0.40832876712328764,206.0,call,14.7,14.84,14.8,3,,0.17969,0.67832,0.01647,0.48352,-0.02062,0.39088,spy_options_2016.parquet,2447260
SPY,2016-07-20,2016-07-20T16:00:00-04:00,217.09,2016-12-16,149.04,0.40832876712328764,206.0,put,4.82,4.87,4.78,238,,0.15674,-0.32211,0.01635,0.4955,-0.03144,-0.30718,spy_options_2016.parquet,2447260
SPY,2016-07-20,2016-07-20T16:00:00-04:00,217.09,2016-12-16,149.04,0.40832876712328764,207.0,call,13.93,14.04,13.8,2,,0.17613,0.66384,0.01693,0.49219,-0.0209,0.38876,spy_options_2016.parquet,2447261
SPY,2016-07-20,2016-07-20T16:00:00-04:00,217.09,2016-12-16,149.04,0.40832876712328764,207.0,put,5.05,5.12,5.05,2,,0.15418,-0.33761,0.01694,0.50409,-0.03177,-0.32181,spy_options_2016.parquet,2447261
SPY,2016-07-20,2016-07-20T16:00:00-04:00,217.09,2016-12-16,149.04,0.40832876712328764,208.0,call,13.14,13.28,13.21,1,,0.17353,0.64795,0.01744,0.501,-0.02057,0.3868,spy_options_2016.parquet,2447262
SPY,2016-07-20,2016-07-20T16:00:00-04:00,217.09,2016-12-16,149.04,0.40832876712328764,208.0,put,5.3,5.36,5.3,4,,0.15093,-0.3537,0.0176,0.51354,-0.03247,-0.33675,spy_options_2016.parquet,2447262
SPY,2016-07-20,2016-07-20T16:00:00-04:00,217.09,2016-12-16,149.04,0.40832876712328764,209.0,call,12.37,12.5,12.55,5,,0.17047,0.63251,0.01788,0.50945,-0.02093,0.38351,spy_options_2016.parquet,2447263
SPY,2016-07-20,2016-07-20T16:00:00-04:00,217.09,2016-12-16,149.04,0.40832876712328764,209.0,put,5.56,5.62,5.6,210,,0.14825,-0.37087,0.01815,0.52102,-0.03228,-0.35288,spy_options_2016.parquet,2447263
SPY,2016-07-20,2016-07-20T16:00:00-04:00,217.09,2016-12-16,149.04,0.40832876712328764,210.0,call,11.63,11.73,11.7,332,,0.16648,0.61579,0.01833,0.51762,-0.02062,0.38004,spy_options_2016.parquet,2447264
SPY,2016-07-20,2016-07-20T16:00:00-04:00,217.09,2016-12-16,149.04,0.40832876712328764,210.0,put,5.83,5.89,5.83,,,0.14553,-0.38767,0.01878,0.5282,-0.03257,-0.36974,spy_options_2016.parquet,2447264
SPY,2016-07-20,2016-07-20T16:00:00-04:00,217.09,2016-12-16,149.04,0.40832876712328764,211.0,call,10.91,11.01,11.03,4,,0.16373,0.59811,0.01882,0.52422,-0.02076,0.37452,spy_options_2016.parquet,2447265
SPY,2016-07-20,2016-07-20T16:00:00-04:00,217.09,2016-12-16,149.04,0.40832876712328764,211.0,put,6.12,6.17,6.14,72,,0.14273,-0.40647,0.01939,0.53521,-0.03304,-0.3874,spy_options_2016.parquet,2447265
SPY,2016-07-20,2016-07-20T16:00:00-04:00,217.09,2016-12-16,149.04,0.40832876712328764,212.0,call,10.19,10.3,10.3,27,,0.16042,0.57947,0.01923,0.53015,-0.02042,0.3692,spy_options_2016.parquet,2447266
SPY,2016-07-20,2016-07-20T16:00:00-04:00,217.09,2016-12-16,149.04,0.40832876712328764,212.0,put,6.42,6.48,6.45,,,0.13944,-0.42642,0.01998,0.53997,-0.03306,-0.40637,spy_options_2016.parquet,2447266
SPY,2016-07-20,2016-07-20T16:00:00-04:00,217.09,2016-12-16,149.04,0.40832876712328764,213.0,call,9.49,9.58,9.7,63,,0.15763,0.56096,0.01967,0.53488,-0.02039,0.36309,spy_options_2016.parquet,2447267
SPY,2016-07-20,2016-07-20T16:00:00-04:00,217.09,2016-12-16,149.04,0.40832876712328764,213.0,put,6.73,6.79,6.72,28,,0.13644,-0.44634,0.02057,0.54375,-0.03285,-0.42612,spy_options_2016.parquet,2447267
SPY,2016-07-20,2016-07-20T16:00:00-04:00,217.09,2016-12-16,149.04,0.40832876712328764,214.0,call,8.81,8.89,9.0,,,0.15469,0.5414,0.02019,0.53936,-0.02074,0.35531,spy_options_2016.parquet,2447268
SPY,2016-07-20,2016-07-20T16:00:00-04:00,217.09,2016-12-16,149.04,0.40832876712328764,214.0,put,7.08,7.13,7.12,68,,0.1338,-0.4671,0.02112,0.54676,-0.03229,-0.44557,spy_options_2016.parquet,2447268
SPY,2016-07-20,2016-07-20T16:00:00-04:00,217.09,2016-12-16,149.04,0.40832876712328764,215.0,call,8.13,8.23,8.32,54,,0.15164,0.52058,0.02053,0.54216,-0.02052,0.34739,spy_options_2016.parquet,2447269
SPY,2016-07-20,2016-07-20T16:00:00-04:00,217.09,2016-12-16,149.04,0.40832876712328764,215.0,put,7.45,7.5,7.41,124,,0.1307,-0.48894,0.02155,0.54787,-0.03242,-0.46738,spy_options_2016.parquet,2447269
SPY,2016-07-20,2016-07-20T16:00:00-04:00,217.09,2016-12-16,149.04,0.40832876712328764,216.0,call,7.49,7.57,7.63,35,,0.14851,0.50006,0.02078,0.54357,-0.01985,0.33797,spy_options_2016.parquet,2447270
SPY,2016-07-20,2016-07-20T16:00:00-04:00,217.09,2016-12-16,149.04,0.40832876712328764,216.0,put,7.83,7.89,7.85,451,,0.12826,-0.51216,0.02204,0.54793,-0.03293,-0.48921,spy_options_2016.parquet,2447270
SPY,2016-07-20,2016-07-20T16:00:00-04:00,217.09,2016-12-16,149.04,0.40832876712328764,217.0,call,6.86,6.95,6.94,253,,0.14487,0.47839,0.02112,0.54336,-0.01941,0.32795,spy_options_2016.parquet,2447271
SPY,2016-07-20,2016-07-20T16:00:00-04:00,217.09,2016-12-16,149.04,0.40832876712328764,217.0,put,8.21,8.29,8.29,157,,0.12513,-0.53566,0.02246,0.545,-0.03266,-0.51218,spy_options_2016.parquet,2447271
SPY,2016-07-20,2016-07-20T16:00:00-04:00,217.09,2016-12-16,149.04,0.40832876712328764,218.0,call,6.27,6.35,6.4,518,,0.14208,0.45508,0.02134,0.5411,-0.01898,0.31677,spy_options_2016.parquet,2447272
SPY,2016-07-20,2016-07-20T16:00:00-04:00,217.09,2016-12-16,149.04,0.40832876712328764,218.0,put,8.64,8.72,8.6,62,,0.1226,-0.56053,0.0228,0.53991,-0.03181,-0.53598,spy_options_2016.parquet,2447272
SPY,2016-07-20,2016-07-20T16:00:00-04:00,217.09,2016-12-16,149.04,0.40832876712328764,219.0,call,5.69,5.77,5.79,312,,0.13877,0.43275,0.02156,0.53709,-0.01843,0.30483,spy_options_2016.parquet,2447273
SPY,2016-07-20,2016-07-20T16:00:00-04:00,217.09,2016-12-16,149.04,0.40832876712328764,219.0,put,9.11,9.18,9.01,10,,0.11917,-0.58557,0.02303,0.53342,-0.0313,-0.56017,spy_options_2016.parquet,2447273
SPY,2016-07-20,2016-07-20T16:00:00-04:00,217.09,2016-12-16,149.04,0.40832876712328764,220.0,call,5.14,5.22,5.29,18,,0.13581,0.40865,0.02166,0.53155,-0.01842,0.29263,spy_options_2016.parquet,2447274
SPY,2016-07-20,2016-07-20T16:00:00-04:00,217.09,2016-12-16,149.04,0.40832876712328764,220.0,put,9.58,9.65,9.6,44,,0.1168,-0.61269,0.02322,0.52338,-0.03135,-0.58487,spy_options_2016.parquet,2447274
SPY,2016-07-20,2016-07-20T16:00:00-04:00,217.09,2016-12-16,149.04,0.40832876712328764,221.0,call,4.62,4.68,4.68,70,,0.13271,0.3851,0.02171,0.52318,-0.01699,0.27871,spy_options_2016.parquet,2447275
SPY,2016-07-20,2016-07-20T16:00:00-04:00,217.09,2016-12-16,149.04,0.40832876712328764,221.0,put,10.08,10.15,0.0,,,0.11365,-0.63875,0.02323,0.51069,-0.03088,-0.61098,spy_options_2016.parquet,2447275
SPY,2016-07-20,2016-07-20T16:00:00-04:00,217.09,2016-12-16,149.04,0.40832876712328764,222.0,call,4.13,4.19,4.28,120,,0.13033,0.36043,0.02162,0.51265,-0.01632,0.26388,spy_options_2016.parquet,2447276
SPY,2016-07-20,2016-07-20T16:00:00-04:00,217.09,2016-12-16,149.04,0.40832876712328764,222.0,put,10.62,10.69,0.0,,,0.11005,-0.66625,0.02314,0.49494,-0.02987,-0.63784,spy_options_2016.parquet,2447276
SPY,2016-07-20,2016-07-20T16:00:00-04:00,217.09,2016-12-16,149.04,0.40832876712328764,223.0,call,3.67,3.73,3.79,70,,0.12685,0.33528,0.02141,0.50046,-0.01586,0.24934,spy_options_2016.parquet,2447277
SPY,2016-07-20,2016-07-20T16:00:00-04:00,217.09,2016-12-16,149.04,0.40832876712328764,223.0,put,11.2,11.26,0.0,,,0.10719,-0.69493,0.02281,0.47531,-0.02931,-0.6653,spy_options_2016.parquet,2447277
SPY,2016-07-20,2016-07-20T16:00:00-04:00,217.09,2016-12-16,149.04,0.40832876712328764,224.0,call,3.25,3.3,3.31,71,,0.12508,0.31115,0.02115,0.48519,-0.0156,0.23396,spy_options_2016.parquet,2447278
SPY,2016-07-20,2016-07-20T16:00:00-04:00,217.09,2016-12-16,149.04,0.40832876712328764,224.0,put,11.78,11.87,0.0,,,0.10401,-0.7235,0.02241,0.45312,-0.02862,-0.69276,spy_options_2016.parquet,2447278
SPY,2016-07-20,2016-07-20T16:00:00-04:00,217.09,2016-12-16,149.04,0.40832876712328764,225.0,call,2.83,2.9,2.92,,,0.1221,0.28586,0.02074,0.46761,-0.01462,0.21738,spy_options_2016.parquet,2447279
SPY,2016-07-20,2016-07-20T16:00:00-04:00,217.09,2016-12-16,149.04,0.40832876712328764,225.0,put,12.39,12.5,12.49,1,,0.10145,-0.75202,0.02185,0.4261,-0.02766,-0.72099,spy_options_2016.parquet,2447279
SPY,2016-07-20,2016-07-20T16:00:00-04:00,217.09,2016-12-16,149.04,0.40832876712328764,230.0,call,1.36,1.38,1.39,,,0.11117,0.17229,0.01686,0.35431,-0.00994,0.13841,spy_options_2016.parquet,2447280
SPY,2016-07-20,2016-07-20T16:00:00-04:00,217.09,2016-12-16,149.04,0.40832876712328764,230.0,put,15.93,16.14,16.12,2,,0.08163,-0.89425,0.01464,0.23127,-0.02213,-0.86355,spy_options_2016.parquet,2447280
SPY,2016-07-20,2016-07-20T16:00:00-04:00,217.09,2016-12-16,149.04,0.40832876712328764,235.0,call,0.61,0.63,0.65,,,0.10556,0.09356,0.01152,0.23316,-0.00655,0.07776,spy_options_2016.parquet,2447281
SPY,2016-07-20,2016-07-20T16:00:00-04:00,217.09,2016-12-16,149.04,0.40832876712328764,235.0,put,20.21,20.48,0.0,,,0.00054,-1.0,0.0,-189.10034,0.0,0.0,spy_options_2016.parquet,2447281
SPY,2016-07-20,2016-07-20T16:00:00-04:00,217.09,2016-12-16,149.04,0.40832876712328764,240.0,call,0.29,0.31,0.3,22,,0.10479,0.05012,0.00716,0.14585,-0.00439,0.04264,spy_options_2016.parquet,2447282
SPY,2016-07-20,2016-07-20T16:00:00-04:00,217.09,2016-12-16,149.04,0.40832876712328764,240.0,put,24.91,25.19,24.82,45,,0.00058,-1.0,0.0,-239.10025,0.0,0.0,spy_options_2016.parquet,2447282
SPY,2016-07-20,2016-07-20T16:00:00-04:00,217.09,2016-12-16,149.04,0.40832876712328764,245.0,call,0.16,0.17,0.0,,,0.10745,0.02814,0.0044,0.09255,-0.00306,0.02454,spy_options_2016.parquet,2447283
SPY,2016-07-20,2016-07-20T16:00:00-04:00,217.09,2016-12-16,149.04,0.40832876712328764,245.0,put,29.79,30.05,0.0,,,0.00035,-1.0,0.0,-289.10026,0.0,0.0,spy_options_2016.parquet,2447283
SPY,2016-07-20,2016-07-20T16:00:00-04:00,217.09,2016-12-16,149.04,0.40832876712328764,250.0,call,0.09,0.11,0.1,419,,0.11207,0.01842,0.00287,0.06258,-0.00207,0.01591,spy_options_2016.parquet,2447284
SPY,2016-07-20,2016-07-20T16:00:00-04:00,217.09,2016-12-16,149.04,0.40832876712328764,250.0,put,34.7,35.02,34.75,1,,-0.00034,-1.0,0.0,-339.09967,0.0,0.0,spy_options_2016.parquet,2447284
SPY,2016-07-20,2016-07-20T16:00:00-04:00,217.09,2016-12-16,149.04,0.40832876712328764,255.0,call,0.05,0.08,0.05,1,,0.11777,0.01228,0.00191,0.04419,-0.00111,0.01018,spy_options_2016.parquet,2447285
SPY,2016-07-20,2016-07-20T16:00:00-04:00,217.09,2016-12-16,149.04,0.40832876712328764,255.0,put,39.66,39.97,0.0,,,0.00067,-1.0,0.0,-389.10021,0.0,0.0,spy_options_2016.parquet,2447285
SPY,2016-07-20,2016-07-20T16:00:00-04:00,217.09,2016-12-16,149.04,0.40832876712328764,260.0,call,0.02,0.06,0.0,,,0.12369,0.00812,0.00133,0.03208,-0.00095,0.00714,spy_options_2016.parquet,2447286
SPY,2016-07-20,2016-07-20T16:00:00-04:00,217.09,2016-12-16,149.04,0.40832876712328764,260.0,put,44.6,44.95,0.0,,,0.0002,-1.0,0.0,-439.09982,0.0,0.0,spy_options_2016.parquet,2447286
SPY,2016-07-20,2016-07-20T16:00:00-04:00,217.09,2016-12-16,149.04,0.40832876712328764,265.0,call,0.03,0.04,0.0,,,0.12802,0.00516,0.00087,0.02222,-0.00034,0.00479,spy_options_2016.parquet,2447287
SPY,2016-07-20,2016-07-20T16:00:00-04:00,217.09,2016-12-16,149.04,0.40832876712328764,265.0,put,49.59,49.91,0.0,,,0.00056,-1.0,0.0,-489.10027,0.0,0.0,spy_options_2016.parquet,2447287
SPY,2016-07-20,2016-07-20T16:00:00-04:00,217.09,2016-12-16,149.04,0.40832876712328764,270.0,call,0.01,0.03,0.01,0,,0.13237,0.0039,0.00056,0.01596,-0.00106,0.00285,spy_options_2016.parquet,2447288
SPY,2016-07-20,2016-07-20T16:00:00-04:00,217.09,2016-12-16,149.04,0.40832876712328764,270.0,put,54.56,54.88,0.0,,,-0.00025,-1.0,0.0,-539.1001,0.0,0.0,spy_options_2016.parquet,2447288
SPY,2016-07-20,2016-07-20T16:00:00-04:00,217.09,2016-12-16,149.04,0.40832876712328764,275.0,call,0.0,0.03,0.0,,,0.13739,0.00316,0.00046,0.01168,-0.00038,0.00244,spy_options_2016.parquet,2447289
SPY,2016-07-20,2016-07-20T16:00:00-04:00,217.09,2016-12-16,149.04,0.40832876712328764,275.0,put,59.54,59.85,0.0,,,0.00046,-1.0,0.0,-589.0996,0.0,0.0,spy_options_2016.parquet,2447289
SPY,2016-07-20,2016-07-20T16:00:00-04:00,217.09,2016-12-16,149.04,0.40832876712328764,280.0,call,0.0,0.03,0.0,,,0.14077,0.00224,0.00026,0.00834,-0.00049,0.00168,spy_options_2016.parquet,2447290
SPY,2016-07-20,2016-07-20T16:00:00-04:00,217.09,2016-12-16,149.04,0.40832876712328764,280.0,put,64.52,64.88,0.0,,,0.00021,-1.0,0.0,-639.10023,0.0,0.0,spy_options_2016.parquet,2447290
SPY,2016-07-20,2016-07-20T16:00:00-04:00,217.09,2016-12-16,149.04,0.40832876712328764,285.0,call,0.0,0.02,0.0,,,0.1502,0.00174,0.00024,0.00805,-0.00014,0.00186,spy_options_2016.parquet,2447291
SPY,2016-07-20,2016-07-20T16:00:00-04:00,217.09,2016-12-16,149.04,0.40832876712328764,285.0,put,69.5,69.86,0.0,,,0.00017,-1.0,0.0,-689.10021,0.0,0.0,spy_options_2016.parquet,2447291
SPY,2016-07-20,2016-07-20T16:00:00-04:00,217.09,2016-12-16,149.04,0.40832876712328764,290.0,call,0.0,0.02,0.0,,,0.15766,0.0021,0.00028,0.00729,0.0,0.00185,spy_options_2016.parquet,2447292
SPY,2016-07-20,2016-07-20T16:00:00-04:00,217.09,2016-12-16,149.04,0.40832876712328764,290.0,put,74.49,74.85,74.69,2,,0.00035,-1.0,0.0,-739.10014,0.0,0.0,spy_options_2016.parquet,2447292
SPY,2016-07-20,2016-07-20T16:00:00-04:00,217.09,2016-12-16,149.04,0.40832876712328764,295.0,call,0.0,0.02,0.0,,,0.16521,0.00148,0.00024,0.00695,-0.00085,0.00139,spy_options_2016.parquet,2447293
SPY,2016-07-20,2016-07-20T16:00:00-04:00,217.09,2016-12-16,149.04,0.40832876712328764,295.0,put,79.46,79.8,0.0,,,0.00053,-1.0,0.0,-789.10026,0.0,0.0,spy_options_2016.parquet,2447293
SPY,2016-07-20,2016-07-20T16:00:00-04:00,217.09,2016-12-16,149.04,0.40832876712328764,300.0,call,0.0,0.02,0.0,,,0.17427,0.00196,0.00024,0.00671,-0.00039,0.00086,spy_options_2016.parquet,2447294
SPY,2016-07-20,2016-07-20T16:00:00-04:00,217.09,2016-12-16,149.04,0.40832876712328764,300.0,put,84.44,84.8,0.0,,,-2e-05,-1.0,0.0,-839.09998,0.0,0.0,spy_options_2016.parquet,2447294
SPY,2016-07-20,2016-07-20T16:00:00-04:00,217.09,2016-12-16,149.04,0.40832876712328764,305.0,call,0.0,0.02,0.0,,,0.18211,0.00117,0.00024,0.00704,-0.00051,0.00152,spy_options_2016.parquet,2447295
SPY,2016-07-20,2016-07-20T16:00:00-04:00,217.09,2016-12-16,149.04,0.40832876712328764,305.0,put,89.43,89.8,0.0,,,-0.00027,-1.0,0.0,-889.10005,0.0,0.0,spy_options_2016.parquet,2447295
SPY,2016-07-20,2016-07-20T16:00:00-04:00,217.09,2016-12-16,149.04,0.40832876712328764,310.0,call,0.0,0.03,0.0,,,0.18837,0.00157,0.00018,0.00615,-1e-05,0.00122,spy_options_2016.parquet,2447296
SPY,2016-07-20,2016-07-20T16:00:00-04:00,217.09,2016-12-16,149.04,0.40832876712328764,310.0,put,94.4,94.76,94.55,29,,0.0005,-1.0,0.0,-939.09971,0.0,0.0,spy_options_2016.parquet,2447296
SPY,2016-07-20,2016-07-20T16:00:00-04:00,217.09,2016-12-16,149.04,0.40832876712328764,315.0,call,0.0,0.01,0.0,,,0.19587,0.00147,0.00016,0.00666,0.0,0.00141,spy_options_2016.parquet,2447297
SPY,2016-07-20,2016-07-20T16:00:00-04:00,217.09,2016-12-16,149.04,0.40832876712328764,315.0,put,99.38,99.73,99.73,34,,0.00029,-1.0,0.0,-989.09963,0.0,0.0,spy_options_2016.parquet,2447297
SPY,2016-07-20,2016-07-20T16:00:00-04:00,217.09,2016-12-30,163.04,0.4466849315068493,150.0,call,67.08,67.41,0.0,,,0.37689,0.93299,0.00149,0.13923,-0.01318,0.10378,spy_options_2016.parquet,2447302
SPY,2016-07-20,2016-07-20T16:00:00-04:00,217.09,2016-12-30,163.04,0.4466849315068493,150.0,put,0.49,0.51,0.52,4,,0.29831,-0.02817,0.00147,0.09332,-0.00924,-0.02989,spy_options_2016.parquet,2447302
SPY,2016-07-20,2016-07-20T16:00:00-04:00,217.09,2016-12-30,163.04,0.4466849315068493,155.0,call,62.18,62.46,0.0,,,0.34695,0.93508,0.00184,0.14076,-0.01202,0.12391,spy_options_2016.parquet,2447303
SPY,2016-07-20,2016-07-20T16:00:00-04:00,217.09,2016-12-30,163.04,0.4466849315068493,155.0,put,0.61,0.61,0.62,7,,0.28467,-0.03508,0.00189,0.11108,-0.00966,-0.03678,spy_options_2016.parquet,2447303
SPY,2016-07-20,2016-07-20T16:00:00-04:00,217.09,2016-12-30,163.04,0.4466849315068493,160.0,call,57.27,57.53,0.0,,,0.32128,0.93449,0.00239,0.14716,-0.01184,0.15445,spy_options_2016.parquet,2447304
SPY,2016-07-20,2016-07-20T16:00:00-04:00,217.09,2016-12-30,163.04,0.4466849315068493,160.0,put,0.74,0.78,0.77,4,,0.2737,-0.04372,0.0023,0.13373,-0.01112,-0.04597,spy_options_2016.parquet,2447304
SPY,2016-07-20,2016-07-20T16:00:00-04:00,217.09,2016-12-30,163.04,0.4466849315068493,165.0,call,52.37,52.66,0.0,,,0.29894,0.93165,0.00302,0.16037,-0.01109,0.191,spy_options_2016.parquet,2447305
SPY,2016-07-20,2016-07-20T16:00:00-04:00,217.09,2016-12-30,163.04,0.4466849315068493,165.0,put,0.92,0.94,0.9,5,,0.26058,-0.05336,0.00282,0.15815,-0.01316,-0.05626,spy_options_2016.parquet,2447305
SPY,2016-07-20,2016-07-20T16:00:00-04:00,217.09,2016-12-30,163.04,0.4466849315068493,170.0,call,47.52,47.78,0.0,,,0.27854,0.9255,0.00385,0.17889,-0.01143,0.23397,spy_options_2016.parquet,2447306
SPY,2016-07-20,2016-07-20T16:00:00-04:00,217.09,2016-12-30,163.04,0.4466849315068493,170.0,put,1.11,1.15,1.14,33,,0.24883,-0.06715,0.00359,0.18795,-0.01505,-0.07036,spy_options_2016.parquet,2447306
SPY,2016-07-20,2016-07-20T16:00:00-04:00,217.09,2016-12-30,163.04,0.4466849315068493,175.0,call,42.68,42.96,42.77,5,,0.26082,0.91502,0.00484,0.20601,-0.0125,0.28071,spy_options_2016.parquet,2447307
SPY,2016-07-20,2016-07-20T16:00:00-04:00,217.09,2016-12-30,163.04,0.4466849315068493,175.0,put,1.39,1.4,1.38,106,,0.23653,-0.08297,0.00441,0.22217,-0.01705,-0.08732,spy_options_2016.parquet,2447307
SPY,2016-07-20,2016-07-20T16:00:00-04:00,217.09,2016-12-30,163.04,0.4466849315068493,180.0,call,37.91,38.19,38.02,1,,0.24371,0.89818,0.00609,0.24054,-0.01337,0.32886,spy_options_2016.parquet,2447308
SPY,2016-07-20,2016-07-20T16:00:00-04:00,217.09,2016-12-30,163.04,0.4466849315068493,180.0,put,1.69,1.73,1.74,5,,0.22507,-0.10301,0.0055,0.26067,-0.01894,-0.10813,spy_options_2016.parquet,2447308
SPY,2016-07-20,2016-07-20T16:00:00-04:00,217.09,2016-12-30,163.04,0.4466849315068493,185.0,call,33.25,33.47,33.36,2,,0.2289,0.87493,0.00753,0.28485,-0.01507,0.37568,spy_options_2016.parquet,2447309
SPY,2016-07-20,2016-07-20T16:00:00-04:00,217.09,2016-12-30,163.04,0.4466849315068493,185.0,put,2.09,2.13,2.12,5,,0.21253,-0.12841,0.00679,0.30392,-0.02151,-0.13409,spy_options_2016.parquet,2447309
SPY,2016-07-20,2016-07-20T16:00:00-04:00,217.09,2016-12-30,163.04,0.4466849315068493,190.0,call,28.65,28.86,28.69,37,,0.21525,0.84485,0.00908,0.33426,-0.01626,0.41504,spy_options_2016.parquet,2447310
SPY,2016-07-20,2016-07-20T16:00:00-04:00,217.09,2016-12-30,163.04,0.4466849315068493,190.0,put,2.59,2.63,2.61,23,,0.20133,-0.15953,0.00827,0.35209,-0.02334,-0.16675,spy_options_2016.parquet,2447310
SPY,2016-07-20,2016-07-20T16:00:00-04:00,217.09,2016-12-30,163.04,0.4466849315068493,195.0,call,24.18,24.37,24.3,1,,0.20071,0.80578,0.01092,0.38767,-0.01792,0.44518,spy_options_2016.parquet,2447311
SPY,2016-07-20,2016-07-20T16:00:00-04:00,217.09,2016-12-30,163.04,0.4466849315068493,195.0,put,3.21,3.25,3.24,890,,0.18857,-0.19846,0.0101,0.40373,-0.02549,-0.20755,spy_options_2016.parquet,2447311
SPY,2016-07-20,2016-07-20T16:00:00-04:00,217.09,2016-12-30,163.04,0.4466849315068493,200.0,call,19.85,20.03,19.86,23,,0.18669,0.75757,0.01309,0.44325,-0.01952,0.46307,spy_options_2016.parquet,2447312
SPY,2016-07-20,2016-07-20T16:00:00-04:00,217.09,2016-12-30,163.04,0.4466849315068493,200.0,put,3.99,4.04,4.02,831,,0.17622,-0.24671,0.01229,0.45745,-0.02707,-0.25867,spy_options_2016.parquet,2447312
SPY,2016-07-20,2016-07-20T16:00:00-04:00,217.09,2016-12-30,163.04,0.4466849315068493,201.0,call,19.02,19.19,19.21,4,,0.18421,0.74584,0.01351,0.45518,-0.0199,0.4646,spy_options_2016.parquet,2447313
SPY,2016-07-20,2016-07-20T16:00:00-04:00,217.09,2016-12-30,163.04,0.4466849315068493,201.0,put,4.18,4.22,4.42,0,,0.17387,-0.25763,0.01268,0.46774,-0.02801,-0.27069,spy_options_2016.parquet,2447313
SPY,2016-07-20,2016-07-20T16:00:00-04:00,217.09,2016-12-30,163.04,0.4466849315068493,202.0,call,18.19,18.34,18.2,3,,0.18046,0.73481,0.014,0.46667,-0.02004,0.46638,spy_options_2016.parquet,2447314
SPY,2016-07-20,2016-07-20T16:00:00-04:00,217.09,2016-12-30,163.04,0.4466849315068493,202.0,put,4.34,4.4,0.0,,,0.1719,-0.26919,0.01315,0.47824,-0.02793,-0.28221,spy_options_2016.parquet,2447314
SPY,2016-07-20,2016-07-20T16:00:00-04:00,217.09,2016-12-30,163.04,0.4466849315068493,203.0,call,17.38,17.52,17.39,2,,0.17793,0.72277,0.01443,0.47674,-0.01967,0.46638,spy_options_2016.parquet,2447315
SPY,2016-07-20,2016-07-20T16:00:00-04:00,217.09,2016-12-30,163.04,0.4466849315068493,203.0,put,4.55,4.61,4.5,2,,0.16922,-0.28165,0.01362,0.48899,-0.02864,-0.29493,spy_options_2016.parquet,2447315
SPY,2016-07-20,2016-07-20T16:00:00-04:00,217.09,2016-12-30,163.04,0.4466849315068493,204.0,call,16.56,16.7,16.67,5,,0.17491,0.70947,0.0149,0.4883,-0.02008,0.46698,spy_options_2016.parquet,2447316
SPY,2016-07-20,2016-07-20T16:00:00-04:00,217.09,2016-12-30,163.04,0.4466849315068493,204.0,put,4.76,4.82,4.7,1,,0.16697,-0.29444,0.01417,0.49847,-0.02881,-0.3079,spy_options_2016.parquet,2447316
SPY,2016-07-20,2016-07-20T16:00:00-04:00,217.09,2016-12-30,163.04,0.4466849315068493,205.0,call,15.76,15.91,15.75,3,,0.17239,0.69611,0.01531,0.49867,-0.02032,0.46549,spy_options_2016.parquet,2447317
SPY,2016-07-20,2016-07-20T16:00:00-04:00,217.09,2016-12-30,163.04,0.4466849315068493,205.0,put,4.97,5.02,5.04,85,,0.16429,-0.30737,0.01463,0.50924,-0.02883,-0.32223,spy_options_2016.parquet,2447317
SPY,2016-07-20,2016-07-20T16:00:00-04:00,217.09,2016-12-30,163.04,0.4466849315068493,206.0,call,14.95,15.11,0.0,,,0.16946,0.68282,0.01586,0.5089,-0.02026,0.4639,spy_options_2016.parquet,2447318
SPY,2016-07-20,2016-07-20T16:00:00-04:00,217.09,2016-12-30,163.04,0.4466849315068493,206.0,put,5.21,5.26,5.14,41,,0.16121,-0.32151,0.01516,0.51836,-0.02926,-0.33713,spy_options_2016.parquet,2447318
SPY,2016-07-20,2016-07-20T16:00:00-04:00,217.09,2016-12-30,163.04,0.4466849315068493,207.0,call,14.18,14.31,0.0,,,0.16682,0.66771,0.01629,0.51807,-0.02075,0.46133,spy_options_2016.parquet,2447319
SPY,2016-07-20,2016-07-20T16:00:00-04:00,217.09,2016-12-30,163.04,0.4466849315068493,207.0,put,5.44,5.5,5.43,4,,0.15901,-0.33578,0.01563,0.52743,-0.02943,-0.35182,spy_options_2016.parquet,2447319
SPY,2016-07-20,2016-07-20T16:00:00-04:00,217.09,2016-12-30,163.04,0.4466849315068493,208.0,call,13.41,13.54,13.43,2,,0.16416,0.65306,0.01674,0.52727,-0.02093,0.45844,spy_options_2016.parquet,2447320
SPY,2016-07-20,2016-07-20T16:00:00-04:00,217.09,2016-12-30,163.04,0.4466849315068493,208.0,put,5.7,5.76,5.7,33,,0.15634,-0.35006,0.01614,0.53599,-0.02973,-0.36745,spy_options_2016.parquet,2447320
SPY,2016-07-20,2016-07-20T16:00:00-04:00,217.09,2016-12-30,163.04,0.4466849315068493,209.0,call,12.67,12.78,12.35,1,,0.16163,0.6375,0.01726,0.53583,-0.0202,0.45384,spy_options_2016.parquet,2447321
SPY,2016-07-20,2016-07-20T16:00:00-04:00,217.09,2016-12-30,163.04,0.4466849315068493,209.0,put,5.96,6.01,6.03,959,,0.15424,-0.36615,0.01666,0.54367,-0.02998,-0.38418,spy_options_2016.parquet,2447321
SPY,2016-07-20,2016-07-20T16:00:00-04:00,217.09,2016-12-30,163.04,0.4466849315068493,210.0,call,11.92,12.02,12.02,24,,0.1585,0.62068,0.0177,0.54414,-0.02098,0.44876,spy_options_2016.parquet,2447322
SPY,2016-07-20,2016-07-20T16:00:00-04:00,217.09,2016-12-30,163.04,0.4466849315068493,210.0,put,6.24,6.3,6.21,15,,0.15115,-0.38272,0.01723,0.55165,-0.0303,-0.40042,spy_options_2016.parquet,2447322
SPY,2016-07-20,2016-07-20T16:00:00-04:00,217.09,2016-12-30,163.04,0.4466849315068493,211.0,call,11.19,11.3,11.24,2,,0.15522,0.6042,0.01814,0.55202,-0.02081,0.44317,spy_options_2016.parquet,2447323
SPY,2016-07-20,2016-07-20T16:00:00-04:00,217.09,2016-12-30,163.04,0.4466849315068493,211.0,put,6.52,6.59,0.0,,,0.14874,-0.39934,0.01771,0.5579,-0.02974,-0.4182,spy_options_2016.parquet,2447323
SPY,2016-07-20,2016-07-20T16:00:00-04:00,217.09,2016-12-30,163.04,0.4466849315068493,212.0,call,10.49,10.59,0.0,,,0.15333,0.58655,0.01861,0.55823,-0.02051,0.43685,spy_options_2016.parquet,2447324
SPY,2016-07-20,2016-07-20T16:00:00-04:00,217.09,2016-12-30,163.04,0.4466849315068493,212.0,put,6.84,6.9,6.87,15,,0.14629,-0.41647,0.01822,0.56367,-0.03001,-0.43747,spy_options_2016.parquet,2447324
SPY,2016-07-20,2016-07-20T16:00:00-04:00,217.09,2016-12-30,163.04,0.4466849315068493,213.0,call,9.79,9.88,9.8,84,,0.1507,0.56833,0.01911,0.56316,-0.02046,0.42852,spy_options_2016.parquet,2447325
SPY,2016-07-20,2016-07-20T16:00:00-04:00,217.09,2016-12-30,163.04,0.4466849315068493,213.0,put,7.16,7.23,7.09,12,,0.14384,-0.43506,0.01868,0.56827,-0.03041,-0.45672,spy_options_2016.parquet,2447325
SPY,2016-07-20,2016-07-20T16:00:00-04:00,217.09,2016-12-30,163.04,0.4466849315068493,214.0,call,9.11,9.2,8.48,0,,0.14699,0.54863,0.01952,0.56815,-0.01971,0.4197,spy_options_2016.parquet,2447326
SPY,2016-07-20,2016-07-20T16:00:00-04:00,217.09,2016-12-30,163.04,0.4466849315068493,214.0,put,7.49,7.57,7.49,6,,0.14102,-0.45399,0.01914,0.57163,-0.02964,-0.47686,spy_options_2016.parquet,2447326
SPY,2016-07-20,2016-07-20T16:00:00-04:00,217.09,2016-12-30,163.04,0.4466849315068493,215.0,call,8.45,8.55,8.38,8,,0.14493,0.52884,0.0199,0.57135,-0.01961,0.41003,spy_options_2016.parquet,2447327
SPY,2016-07-20,2016-07-20T16:00:00-04:00,217.09,2016-12-30,163.04,0.4466849315068493,215.0,put,7.86,7.93,7.86,13,,0.13882,-0.47391,0.01953,0.57415,-0.03,-0.49733,spy_options_2016.parquet,2447327
SPY,2016-07-20,2016-07-20T16:00:00-04:00,217.09,2016-12-30,163.04,0.4466849315068493,216.0,call,7.81,7.89,7.3,0,,0.14204,0.50889,0.02028,0.57269,-0.01985,0.39908,spy_options_2016.parquet,2447328
SPY,2016-07-20,2016-07-20T16:00:00-04:00,217.09,2016-12-30,163.04,0.4466849315068493,216.0,put,8.24,8.32,8.15,4,,0.13591,-0.49416,0.01992,0.57501,-0.02947,-0.51893,spy_options_2016.parquet,2447328
SPY,2016-07-20,2016-07-20T16:00:00-04:00,217.09,2016-12-30,163.04,0.4466849315068493,217.0,call,7.21,7.26,7.25,14,,0.13935,0.48772,0.02056,0.57314,-0.01918,0.3876,spy_options_2016.parquet,2447329
SPY,2016-07-20,2016-07-20T16:00:00-04:00,217.09,2016-12-30,163.04,0.4466849315068493,217.0,put,8.64,8.72,8.6,50,,0.1336,-0.51505,0.02031,0.57441,-0.02975,-0.54074,spy_options_2016.parquet,2447329
SPY,2016-07-20,2016-07-20T16:00:00-04:00,217.09,2016-12-30,163.04,0.4466849315068493,218.0,call,6.59,6.65,6.6,10,,0.13642,0.46606,0.02085,0.57159,-0.01915,0.37397,spy_options_2016.parquet,2447330
SPY,2016-07-20,2016-07-20T16:00:00-04:00,217.09,2016-12-30,163.04,0.4466849315068493,218.0,put,9.06,9.14,9.05,50,,0.131,-0.53648,0.02062,0.57208,-0.02944,-0.5645,spy_options_2016.parquet,2447330
SPY,2016-07-20,2016-07-20T16:00:00-04:00,217.09,2016-12-30,163.04,0.4466849315068493,219.0,call,6.02,6.07,6.01,6,,0.13325,0.44334,0.02107,0.56865,-0.0185,0.36082,spy_options_2016.parquet,2447331
SPY,2016-07-20,2016-07-20T16:00:00-04:00,217.09,2016-12-30,163.04,0.4466849315068493,219.0,put,9.51,9.59,0.0,,,0.12897,-0.55925,0.02087,0.56738,-0.02849,-0.5877,spy_options_2016.parquet,2447331
SPY,2016-07-20,2016-07-20T16:00:00-04:00,217.09,2016-12-30,163.04,0.4466849315068493,220.0,call,5.45,5.53,5.59,177,,0.13052,0.42091,0.0212,0.56347,-0.01787,0.34545,spy_options_2016.parquet,2447332
SPY,2016-07-20,2016-07-20T16:00:00-04:00,217.09,2016-12-30,163.04,0.4466849315068493,220.0,put,9.98,10.06,10.01,2,,0.12605,-0.58168,0.02098,0.56171,-0.02853,-0.61196,spy_options_2016.parquet,2447332
SPY,2016-07-20,2016-07-20T16:00:00-04:00,217.09,2016-12-30,163.04,0.4466849315068493,221.0,call,4.92,5.0,4.95,22,,0.12808,0.39726,0.02125,0.55634,-0.01772,0.32968,spy_options_2016.parquet,2447333
SPY,2016-07-20,2016-07-20T16:00:00-04:00,217.09,2016-12-30,163.04,0.4466849315068493,221.0,put,10.47,10.55,0.0,,,0.12446,-0.60529,0.02104,0.55288,-0.028,-0.63695,spy_options_2016.parquet,2447333
SPY,2016-07-20,2016-07-20T16:00:00-04:00,217.09,2016-12-30,163.04,0.4466849315068493,222.0,call,4.43,4.5,4.52,14,,0.12525,0.37402,0.02131,0.54645,-0.0167,0.31344,spy_options_2016.parquet,2447334
SPY,2016-07-20,2016-07-20T16:00:00-04:00,217.09,2016-12-30,163.04,0.4466849315068493,222.0,put,10.98,11.08,0.0,,,0.12204,-0.62811,0.02108,0.54229,-0.02784,-0.66244,spy_options_2016.parquet,2447334
SPY,2016-07-20,2016-07-20T16:00:00-04:00,217.09,2016-12-30,163.04,0.4466849315068493,223.0,call,3.97,4.03,4.04,2,,0.12355,0.34986,0.02119,0.53506,-0.0159,0.29626,spy_options_2016.parquet,2447335
SPY,2016-07-20,2016-07-20T16:00:00-04:00,217.09,2016-12-30,163.04,0.4466849315068493,223.0,put,11.54,11.65,0.0,,,0.11956,-0.65157,0.02095,0.52965,-0.02706,-0.68783,spy_options_2016.parquet,2447335
SPY,2016-07-20,2016-07-20T16:00:00-04:00,217.09,2016-12-30,163.04,0.4466849315068493,224.0,call,3.53,3.59,3.62,26,,0.12052,0.32559,0.02094,0.52008,-0.016,0.27924,spy_options_2016.parquet,2447336
SPY,2016-07-20,2016-07-20T16:00:00-04:00,217.09,2016-12-30,163.04,0.4466849315068493,224.0,put,12.11,12.23,0.0,,,0.11708,-0.67568,0.02074,0.5139,-0.02621,-0.71357,spy_options_2016.parquet,2447336
SPY,2016-07-20,2016-07-20T16:00:00-04:00,217.09,2016-12-30,163.04,0.4466849315068493,225.0,call,3.13,3.18,3.18,32,,0.11801,0.30139,0.02064,0.50389,-0.01483,0.26024,spy_options_2016.parquet,2447337
SPY,2016-07-20,2016-07-20T16:00:00-04:00,217.09,2016-12-30,163.04,0.4466849315068493,225.0,put,12.73,12.84,12.66,2,,0.11462,-0.69948,0.02044,0.49733,-0.02602,-0.73968,spy_options_2016.parquet,2447337
SPY,2016-07-20,2016-07-20T16:00:00-04:00,217.09,2016-12-30,163.04,0.4466849315068493,230.0,call,1.54,1.6,1.57,5,,0.10789,0.18925,0.01736,0.39314,-0.01069,0.16969,spy_options_2016.parquet,2447338
SPY,2016-07-20,2016-07-20T16:00:00-04:00,217.09,2016-12-30,163.04,0.4466849315068493,230.0,put,16.17,16.4,0.0,,,0.10559,-0.81093,0.01712,0.38001,-0.022,-0.8636,spy_options_2016.parquet,2447338
SPY,2016-07-20,2016-07-20T16:00:00-04:00,217.09,2016-12-30,163.04,0.4466849315068493,235.0,call,0.7,0.73,0.75,54,,0.10209,0.1042,0.01227,0.26371,-0.00681,0.09589,spy_options_2016.parquet,2447339
SPY,2016-07-20,2016-07-20T16:00:00-04:00,217.09,2016-12-30,163.04,0.4466849315068493,235.0,put,20.34,20.62,0.0,,,0.09958,-0.89352,0.01188,0.25084,-0.01832,-0.96291,spy_options_2016.parquet,2447339
SPY,2016-07-20,2016-07-20T16:00:00-04:00,217.09,2016-12-30,163.04,0.4466849315068493,240.0,call,0.33,0.35,0.36,,,0.10078,0.05601,0.00777,0.16574,-0.00439,0.05269,spy_options_2016.parquet,2447340
SPY,2016-07-20,2016-07-20T16:00:00-04:00,217.09,2016-12-30,163.04,0.4466849315068493,240.0,put,24.97,25.26,0.0,,,0.09657,-0.94276,0.0071,0.14583,-0.01543,-1.03141,spy_options_2016.parquet,2447340
SPY,2016-07-20,2016-07-20T16:00:00-04:00,217.09,2016-12-30,163.04,0.4466849315068493,245.0,call,0.17,0.19,0.13,40,,0.10243,0.03126,0.00477,0.10472,-0.00251,0.02982,spy_options_2016.parquet,2447341
SPY,2016-07-20,2016-07-20T16:00:00-04:00,217.09,2016-12-30,163.04,0.4466849315068493,245.0,put,29.78,30.1,0.0,,,0.09497,-0.96927,0.00373,0.07528,-0.01353,-1.07955,spy_options_2016.parquet,2447341
SPY,2016-07-20,2016-07-20T16:00:00-04:00,217.09,2016-12-30,163.04,0.4466849315068493,250.0,call,0.11,0.12,0.12,200,,0.10697,0.0199,0.00306,0.071,-0.00242,0.01865,spy_options_2016.parquet,2447342
SPY,2016-07-20,2016-07-20T16:00:00-04:00,217.09,2016-12-30,163.04,0.4466849315068493,250.0,put,34.71,35.02,0.0,,,0.09251,-0.98306,0.00167,0.03386,-0.01276,-1.11448,spy_options_2016.parquet,2447342
SPY,2016-07-20,2016-07-20T16:00:00-04:00,217.09,2016-12-30,163.04,0.4466849315068493,255.0,call,0.07,0.08,0.0,,,0.11175,0.01241,0.00198,0.04916,-0.00127,0.01193,spy_options_2016.parquet,2447343
SPY,2016-07-20,2016-07-20T16:00:00-04:00,217.09,2016-12-30,163.04,0.4466849315068493,255.0,put,39.65,39.96,0.0,,,0.0002,-1.0,0.0,-389.09987,0.0,0.0,spy_options_2016.parquet,2447343
SPY,2016-07-20,2016-07-20T16:00:00-04:00,217.09,2016-12-30,163.04,0.4466849315068493,260.0,call,0.05,0.06,0.0,,,0.11804,0.00888,0.00141,0.03666,-0.00113,0.00879,spy_options_2016.parquet,2447344
SPY,2016-07-20,2016-07-20T16:00:00-04:00,217.09,2016-12-30,163.04,0.4466849315068493,260.0,put,44.61,44.94,0.0,,,0.00026,-1.0,0.0,-439.09983,0.0,0.0,spy_options_2016.parquet,2447344
SPY,2016-07-20,2016-07-20T16:00:00-04:00,217.09,2016-12-30,163.04,0.4466849315068493,265.0,call,0.02,0.06,0.0,,,0.12247,0.00623,0.00102,0.02688,-0.00126,0.0061,spy_options_2016.parquet,2447345
SPY,2016-07-20,2016-07-20T16:00:00-04:00,217.09,2016-12-30,163.04,0.4466849315068493,265.0,put,49.58,49.9,0.0,,,0.00041,-1.0,0.0,-489.10021,0.0,0.0,spy_options_2016.parquet,2447345
SPY,2016-07-20,2016-07-20T16:00:00-04:00,217.09,2016-12-30,163.04,0.4466849315068493,300.0,call,0.0,0.01,0.0,,,0.16442,0.00199,0.00025,0.00753,0.0,0.00101,spy_options_2016.parquet,2447346
SPY,2016-07-20,2016-07-20T16:00:00-04:00,217.09,2016-12-30,163.04,0.4466849315068493,300.0,put,84.44,84.76,0.0,,,-2e-05,-1.0,0.0,-839.10049,0.0,0.0,spy_options_2016.parquet,2447346
SPY,2016-07-20,2016-07-20T16:00:00-04:00,217.09,2016-12-30,163.04,0.4466849315068493,305.0,call,0.0,0.02,0.0,,,0.17106,0.00168,0.00023,0.00702,-0.00046,0.00139,spy_options_2016.parquet,2447347
SPY,2016-07-20,2016-07-20T16:00:00-04:00,217.09,2016-12-30,163.04,0.4466849315068493,305.0,put,89.41,89.78,0.0,,,0.00063,-1.0,0.0,-889.0996,0.0,0.0,spy_options_2016.parquet,2447347
SPY,2016-07-20,2016-07-20T16:00:00-04:00,217.09,2016-12-30,163.04,0.4466849315068493,310.0,call,0.0,0.02,0.0,,,0.17869,0.00092,0.0002,0.00699,-0.00048,0.001,spy_options_2016.parquet,2447348
SPY,2016-07-20,2016-07-20T16:00:00-04:00,217.09,2016-12-30,163.04,0.4466849315068493,310.0,put,94.39,94.77,0.0,,,0.00061,-1.0,0.0,-939.10016,0.0,0.0,spy_options_2016.parquet,2447348
SPY,2016-07-20,2016-07-20T16:00:00-04:00,217.09,2016-12-30,163.04,0.4466849315068493,315.0,call,0.0,0.02,0.0,,,0.18553,0.00186,0.00016,0.00654,-0.00075,0.00079,spy_options_2016.parquet,2447349
SPY,2016-07-20,2016-07-20T16:00:00-04:00,217.09,2016-12-30,163.04,0.4466849315068493,315.0,put,99.37,99.74,100.59,0,,-3e-05,-1.0,0.0,-989.1004,0.0,0.0,spy_options_2016.parquet,2447349
