underlying_symbol,quote_date,valuation_timestamp,underlying_price,expiration,vendor_dte,time_to_maturity,strike,option_type,bid,ask,last,volume,open_interest,vendor_iv,vendor_delta,vendor_gamma,vendor_vega,vendor_theta,vendor_rho,source_file,source_row
SPY,2011-10-31,2011-10-31T16:00:00-04:00,125.4,2011-11-18,18.04,0.049424657534246574,100.0,call,25.32,25.71,27.19,1,,0.62716,0.93752,0.00353,0.02984,-0.04357,0.01094,spy_options_2011.parquet,497090
SPY,2011-10-31,2011-10-31T16:00:00-04:00,125.4,2011-11-18,18.04,0.049424657534246574,100.0,put,0.11,0.12,0.12,,,0.49719,-0.02067,0.00355,0.01398,-0.01836,-0.0014,spy_options_2011.parquet,497090
SPY,2011-10-31,2011-10-31T16:00:00-04:00,125.4,2011-11-18,18.04,0.049424657534246574,101.0,call,24.45,24.72,26.01,1,,0.62262,0.93393,0.0044,0.03179,-0.04621,0.0146,spy_options_2011.parquet,497091
SPY,2011-10-31,2011-10-31T16:00:00-04:00,125.4,2011-11-18,18.04,0.049424657534246574,101.0,put,0.12,0.12,0.07,,,0.48448,-0.0229,0.00399,0.01582,-0.01945,-0.00185,spy_options_2011.parquet,497091
SPY,2011-10-31,2011-10-31T16:00:00-04:00,125.4,2011-11-18,18.04,0.049424657534246574,102.0,call,23.37,23.75,26.5,72,,0.58635,0.93683,0.00461,0.03057,-0.04162,0.01393,spy_options_2011.parquet,497092
SPY,2011-10-31,2011-10-31T16:00:00-04:00,125.4,2011-11-18,18.04,0.049424657534246574,102.0,put,0.13,0.16,0.12,,,0.47415,-0.02615,0.00449,0.01688,-0.02095,-0.00209,spy_options_2011.parquet,497092
SPY,2011-10-31,2011-10-31T16:00:00-04:00,125.4,2011-11-18,18.04,0.049424657534246574,103.0,call,22.4,22.77,24.94,0,,0.56851,0.93512,0.00536,0.03165,-0.04124,0.01552,spy_options_2011.parquet,497093
SPY,2011-10-31,2011-10-31T16:00:00-04:00,125.4,2011-11-18,18.04,0.049424657534246574,103.0,put,0.16,0.16,0.13,993,,0.46599,-0.02989,0.00512,0.01889,-0.02368,-0.00157,spy_options_2011.parquet,497093
SPY,2011-10-31,2011-10-31T16:00:00-04:00,125.4,2011-11-18,18.04,0.049424657534246574,104.0,call,21.46,21.78,24.65,3,,0.55481,0.9328,0.00624,0.03346,-0.04208,0.01758,spy_options_2011.parquet,497094
SPY,2011-10-31,2011-10-31T16:00:00-04:00,125.4,2011-11-18,18.04,0.049424657534246574,104.0,put,0.17,0.18,0.15,,,0.45339,-0.03343,0.00565,0.02148,-0.02498,-0.00244,spy_options_2011.parquet,497094
SPY,2011-10-31,2011-10-31T16:00:00-04:00,125.4,2011-11-18,18.04,0.049424657534246574,105.0,call,20.46,20.78,21.96,30,,0.53073,0.93193,0.00688,0.03455,-0.04133,0.01833,spy_options_2011.parquet,497095
SPY,2011-10-31,2011-10-31T16:00:00-04:00,125.4,2011-11-18,18.04,0.049424657534246574,105.0,put,0.18,0.2,0.19,,,0.44262,-0.037,0.00644,0.02327,-0.02693,-0.0026,spy_options_2011.parquet,497095
SPY,2011-10-31,2011-10-31T16:00:00-04:00,125.4,2011-11-18,18.04,0.049424657534246574,106.0,call,19.61,19.81,18.93,0,,0.53145,0.92285,0.00833,0.03862,-0.04672,0.02161,spy_options_2011.parquet,497096
SPY,2011-10-31,2011-10-31T16:00:00-04:00,125.4,2011-11-18,18.04,0.049424657534246574,106.0,put,0.21,0.23,0.18,,,0.43275,-0.04246,0.00722,0.02546,-0.02954,-0.00278,spy_options_2011.parquet,497096
SPY,2011-10-31,2011-10-31T16:00:00-04:00,125.4,2011-11-18,18.04,0.049424657534246574,107.0,call,18.64,18.84,21.41,139,,0.51441,0.9182,0.0093,0.04082,-0.04719,0.02352,spy_options_2011.parquet,497097
SPY,2011-10-31,2011-10-31T16:00:00-04:00,125.4,2011-11-18,18.04,0.049424657534246574,107.0,put,0.24,0.25,0.23,,,0.42177,-0.0471,0.00814,0.0284,-0.03125,-0.00296,spy_options_2011.parquet,497097
SPY,2011-10-31,2011-10-31T16:00:00-04:00,125.4,2011-11-18,18.04,0.049424657534246574,108.0,call,17.67,17.87,18.42,252,,0.49733,0.914,0.01052,0.04317,-0.04738,0.02476,spy_options_2011.parquet,497098
SPY,2011-10-31,2011-10-31T16:00:00-04:00,125.4,2011-11-18,18.04,0.049424657534246574,108.0,put,0.27,0.29,0.27,,,0.412,-0.05348,0.00922,0.03084,-0.03411,-0.00388,spy_options_2011.parquet,497098
SPY,2011-10-31,2011-10-31T16:00:00-04:00,125.4,2011-11-18,18.04,0.049424657534246574,109.0,call,16.71,16.9,17.45,84,,0.48062,0.90786,0.01172,0.04484,-0.04914,0.02687,spy_options_2011.parquet,497099
SPY,2011-10-31,2011-10-31T16:00:00-04:00,125.4,2011-11-18,18.04,0.049424657534246574,109.0,put,0.3,0.32,0.31,,,0.40175,-0.06046,0.01042,0.0338,-0.03687,-0.00432,spy_options_2011.parquet,497099
SPY,2011-10-31,2011-10-31T16:00:00-04:00,125.4,2011-11-18,18.04,0.049424657534246574,110.0,call,15.69,15.93,15.85,243,,0.45827,0.90476,0.01298,0.04719,-0.04783,0.02747,spy_options_2011.parquet,497100
SPY,2011-10-31,2011-10-31T16:00:00-04:00,125.4,2011-11-18,18.04,0.049424657534246574,110.0,put,0.34,0.34,0.35,,,0.38982,-0.06772,0.01179,0.0378,-0.03925,-0.00411,spy_options_2011.parquet,497100
SPY,2011-10-31,2011-10-31T16:00:00-04:00,125.4,2011-11-18,18.04,0.049424657534246574,111.0,call,14.73,14.98,15.0,120,,0.44323,0.89662,0.01454,0.05003,-0.04926,0.02932,spy_options_2011.parquet,497101
SPY,2011-10-31,2011-10-31T16:00:00-04:00,125.4,2011-11-18,18.04,0.049424657534246574,111.0,put,0.37,0.4,0.39,,,0.37964,-0.07695,0.01329,0.04151,-0.04157,-0.00516,spy_options_2011.parquet,497101
SPY,2011-10-31,2011-10-31T16:00:00-04:00,125.4,2011-11-18,18.04,0.049424657534246574,112.0,call,13.83,14.03,14.2,19,,0.43276,0.8845,0.01636,0.054,-0.05272,0.03133,spy_options_2011.parquet,497102
SPY,2011-10-31,2011-10-31T16:00:00-04:00,125.4,2011-11-18,18.04,0.049424657534246574,112.0,put,0.43,0.46,0.45,,,0.37012,-0.08807,0.01508,0.04595,-0.04557,-0.0063,spy_options_2011.parquet,497102
SPY,2011-10-31,2011-10-31T16:00:00-04:00,125.4,2011-11-18,18.04,0.049424657534246574,113.0,call,12.89,13.09,13.37,87,,0.41984,0.87219,0.0182,0.05882,-0.05508,0.03221,spy_options_2011.parquet,497103
SPY,2011-10-31,2011-10-31T16:00:00-04:00,125.4,2011-11-18,18.04,0.049424657534246574,113.0,put,0.49,0.51,0.51,,,0.35912,-0.09914,0.01701,0.04983,-0.04831,-0.00699,spy_options_2011.parquet,497103
SPY,2011-10-31,2011-10-31T16:00:00-04:00,125.4,2011-11-18,18.04,0.049424657534246574,114.0,call,11.96,12.15,11.97,225,,0.40459,0.85963,0.02021,0.06239,-0.05717,0.03358,spy_options_2011.parquet,497104
SPY,2011-10-31,2011-10-31T16:00:00-04:00,125.4,2011-11-18,18.04,0.049424657534246574,114.0,put,0.56,0.59,0.58,,,0.35017,-0.11397,0.01925,0.05467,-0.05245,-0.00815,spy_options_2011.parquet,497104
SPY,2011-10-31,2011-10-31T16:00:00-04:00,125.4,2011-11-18,18.04,0.049424657534246574,115.0,call,11.03,11.24,11.3,,,0.39021,0.84508,0.02254,0.06768,-0.05924,0.03472,spy_options_2011.parquet,497105
SPY,2011-10-31,2011-10-31T16:00:00-04:00,125.4,2011-11-18,18.04,0.049424657534246574,115.0,put,0.66,0.67,0.67,,,0.3407,-0.13128,0.02178,0.06048,-0.05618,-0.00933,spy_options_2011.parquet,497105
SPY,2011-10-31,2011-10-31T16:00:00-04:00,125.4,2011-11-18,18.04,0.049424657534246574,116.0,call,10.16,10.33,10.45,460,,0.38022,0.82594,0.02496,0.07228,-0.06313,0.03579,spy_options_2011.parquet,497106
SPY,2011-10-31,2011-10-31T16:00:00-04:00,125.4,2011-11-18,18.04,0.049424657534246574,116.0,put,0.74,0.77,0.76,,,0.33054,-0.14899,0.02459,0.06666,-0.06036,-0.00989,spy_options_2011.parquet,497106
SPY,2011-10-31,2011-10-31T16:00:00-04:00,125.4,2011-11-18,18.04,0.049424657534246574,117.0,call,9.29,9.44,9.29,839,,0.36845,0.80452,0.02752,0.07818,-0.06637,0.03706,spy_options_2011.parquet,497107
SPY,2011-10-31,2011-10-31T16:00:00-04:00,125.4,2011-11-18,18.04,0.049424657534246574,117.0,put,0.87,0.89,0.85,,,0.32266,-0.17214,0.02755,0.07305,-0.06471,-0.01199,spy_options_2011.parquet,497107
SPY,2011-10-31,2011-10-31T16:00:00-04:00,125.4,2011-11-18,18.04,0.049424657534246574,118.0,call,8.38,8.57,8.62,230,,0.35263,0.78343,0.03046,0.08349,-0.06773,0.03665,spy_options_2011.parquet,497108
SPY,2011-10-31,2011-10-31T16:00:00-04:00,125.4,2011-11-18,18.04,0.049424657534246574,118.0,put,0.99,1.02,1.02,,,0.31229,-0.19597,0.03094,0.07859,-0.06802,-0.01379,spy_options_2011.parquet,497108
SPY,2011-10-31,2011-10-31T16:00:00-04:00,125.4,2011-11-18,18.04,0.049424657534246574,119.0,call,7.48,7.68,7.78,560,,0.33598,0.76015,0.03382,0.08853,-0.06898,0.03754,spy_options_2011.parquet,497109
SPY,2011-10-31,2011-10-31T16:00:00-04:00,125.4,2011-11-18,18.04,0.049424657534246574,119.0,put,1.14,1.18,1.18,,,0.30338,-0.22395,0.03448,0.08569,-0.07211,-0.01491,spy_options_2011.parquet,497109
SPY,2011-10-31,2011-10-31T16:00:00-04:00,125.4,2011-11-18,18.04,0.049424657534246574,120.0,call,6.76,6.84,6.76,,,0.33026,0.72635,0.03656,0.09481,-0.07344,0.03663,spy_options_2011.parquet,497110
SPY,2011-10-31,2011-10-31T16:00:00-04:00,125.4,2011-11-18,18.04,0.049424657534246574,120.0,put,1.34,1.34,1.35,,,0.29414,-0.25608,0.03823,0.09213,-0.07627,-0.01747,spy_options_2011.parquet,497110
SPY,2011-10-31,2011-10-31T16:00:00-04:00,125.4,2011-11-18,18.04,0.049424657534246574,121.0,call,5.94,6.06,6.35,,,0.31876,0.69307,0.03982,0.09993,-0.07457,0.03667,spy_options_2011.parquet,497111
SPY,2011-10-31,2011-10-31T16:00:00-04:00,125.4,2011-11-18,18.04,0.049424657534246574,121.0,put,1.54,1.56,1.54,,,0.28478,-0.2925,0.04207,0.09797,-0.07884,-0.02034,spy_options_2011.parquet,497111
SPY,2011-10-31,2011-10-31T16:00:00-04:00,125.4,2011-11-18,18.04,0.049424657534246574,122.0,call,5.17,5.29,5.2,,,0.30693,0.65583,0.04295,0.10479,-0.07612,0.03494,spy_options_2011.parquet,497112
SPY,2011-10-31,2011-10-31T16:00:00-04:00,125.4,2011-11-18,18.04,0.049424657534246574,122.0,put,1.8,1.81,1.81,,,0.27607,-0.33345,0.046,0.10335,-0.08155,-0.0228,spy_options_2011.parquet,497112
SPY,2011-10-31,2011-10-31T16:00:00-04:00,125.4,2011-11-18,18.04,0.049424657534246574,123.0,call,4.47,4.55,4.5,,,0.296,0.61399,0.04609,0.10886,-0.07741,0.03375,spy_options_2011.parquet,497113
SPY,2011-10-31,2011-10-31T16:00:00-04:00,125.4,2011-11-18,18.04,0.049424657534246574,123.0,put,2.09,2.09,2.1,,,0.26671,-0.3788,0.04971,0.10871,-0.08302,-0.02543,spy_options_2011.parquet,497113
SPY,2011-10-31,2011-10-31T16:00:00-04:00,125.4,2011-11-18,18.04,0.049424657534246574,124.0,call,3.81,3.85,3.8,,,0.28653,0.56851,0.04875,0.1123,-0.07739,0.03271,spy_options_2011.parquet,497114
SPY,2011-10-31,2011-10-31T16:00:00-04:00,125.4,2011-11-18,18.04,0.049424657534246574,124.0,put,2.4,2.42,2.42,,,0.25763,-0.4284,0.0531,0.11218,-0.08407,-0.02955,spy_options_2011.parquet,497114
SPY,2011-10-31,2011-10-31T16:00:00-04:00,125.4,2011-11-18,18.04,0.049424657534246574,125.0,call,3.17,3.21,3.18,,,0.27602,0.51848,0.05126,0.11395,-0.07625,0.03012,spy_options_2011.parquet,497115
SPY,2011-10-31,2011-10-31T16:00:00-04:00,125.4,2011-11-18,18.04,0.049424657534246574,125.0,put,2.77,2.78,2.78,,,0.24849,-0.48291,0.05594,0.11343,-0.08348,-0.03334,spy_options_2011.parquet,497115
SPY,2011-10-31,2011-10-31T16:00:00-04:00,125.4,2011-11-18,18.04,0.049424657534246574,126.0,call,2.61,2.64,2.6,,,0.26768,0.46572,0.05249,0.11386,-0.07372,0.02706,spy_options_2011.parquet,497116
SPY,2011-10-31,2011-10-31T16:00:00-04:00,125.4,2011-11-18,18.04,0.049424657534246574,126.0,put,3.19,3.21,3.22,,,0.23805,-0.54128,0.05821,0.11306,-0.08053,-0.03652,spy_options_2011.parquet,497116
SPY,2011-10-31,2011-10-31T16:00:00-04:00,125.4,2011-11-18,18.04,0.049424657534246574,127.0,call,2.09,2.1,2.09,,,0.25723,0.41018,0.05315,0.1113,-0.07018,0.02498,spy_options_2011.parquet,497117
SPY,2011-10-31,2011-10-31T16:00:00-04:00,125.4,2011-11-18,18.04,0.049424657534246574,127.0,put,3.67,3.69,3.7,,,0.22854,-0.60254,0.05885,0.10952,-0.07676,-0.04157,spy_options_2011.parquet,497117
SPY,2011-10-31,2011-10-31T16:00:00-04:00,125.4,2011-11-18,18.04,0.049424657534246574,128.0,call,1.63,1.65,1.63,,,0.2481,0.35284,0.0526,0.1063,-0.06491,0.02123,spy_options_2011.parquet,497118
SPY,2011-10-31,2011-10-31T16:00:00-04:00,125.4,2011-11-18,18.04,0.049424657534246574,128.0,put,4.17,4.26,4.2,,,0.21663,-0.66861,0.05831,0.10371,-0.07014,-0.04559,spy_options_2011.parquet,497118
SPY,2011-10-31,2011-10-31T16:00:00-04:00,125.4,2011-11-18,18.04,0.049424657534246574,129.0,call,1.23,1.26,1.24,,,0.24076,0.29655,0.05043,0.09897,-0.05904,0.01815,spy_options_2011.parquet,497119
SPY,2011-10-31,2011-10-31T16:00:00-04:00,125.4,2011-11-18,18.04,0.049424657534246574,129.0,put,4.78,4.86,4.75,,,0.2045,-0.73598,0.0556,0.09275,-0.06249,-0.05001,spy_options_2011.parquet,497119
SPY,2011-10-31,2011-10-31T16:00:00-04:00,125.4,2011-11-18,18.04,0.049424657534246574,130.0,call,0.93,0.94,0.92,,,0.23277,0.24277,0.04704,0.08941,-0.05118,0.015,spy_options_2011.parquet,497120
SPY,2011-10-31,2011-10-31T16:00:00-04:00,125.4,2011-11-18,18.04,0.049424657534246574,130.0,put,5.39,5.52,5.52,,,0.18712,-0.80851,0.05043,0.07726,-0.05096,-0.05583,spy_options_2011.parquet,497120
SPY,2011-10-31,2011-10-31T16:00:00-04:00,125.4,2011-11-18,18.04,0.049424657534246574,131.0,call,0.65,0.68,0.66,,,0.22476,0.19042,0.0424,0.07745,-0.04315,0.01218,spy_options_2011.parquet,497121
SPY,2011-10-31,2011-10-31T16:00:00-04:00,125.4,2011-11-18,18.04,0.049424657534246574,131.0,put,6.14,6.28,6.19,,,0.17408,-0.87221,0.04155,0.0588,-0.04112,-0.06049,spy_options_2011.parquet,497121
SPY,2011-10-31,2011-10-31T16:00:00-04:00,125.4,2011-11-18,18.04,0.049424657534246574,132.0,call,0.44,0.46,0.46,,,0.2172,0.14442,0.03661,0.0656,-0.03449,0.00947,spy_options_2011.parquet,497122
SPY,2011-10-31,2011-10-31T16:00:00-04:00,125.4,2011-11-18,18.04,0.049424657534246574,132.0,put,6.95,7.14,6.98,,,0.15579,-0.93014,0.02922,0.0378,-0.03018,-0.06469,spy_options_2011.parquet,497122
SPY,2011-10-31,2011-10-31T16:00:00-04:00,125.4,2011-11-18,18.04,0.049424657534246574,133.0,call,0.29,0.3,0.31,,,0.2102,0.10517,0.03022,0.05214,-0.02636,0.0064,spy_options_2011.parquet,497123
SPY,2011-10-31,2011-10-31T16:00:00-04:00,125.4,2011-11-18,18.04,0.049424657534246574,133.0,put,7.79,7.91,7.82,,,0.00037,-0.99743,0.0,0.0,-0.01667,-0.06881,spy_options_2011.parquet,497123
SPY,2011-10-31,2011-10-31T16:00:00-04:00,125.4,2011-11-18,18.04,0.049424657534246574,134.0,call,0.18,0.2,0.2,,,0.20508,0.0741,0.02387,0.03983,-0.02027,0.00496,spy_options_2011.parquet,497124
SPY,2011-10-31,2011-10-31T16:00:00-04:00,125.4,2011-11-18,18.04,0.049424657534246574,134.0,put,8.67,9.01,8.8,744,,0.00041,-0.99766,0.0,0.0,-0.01677,-0.06953,spy_options_2011.parquet,497124
SPY,2011-10-31,2011-10-31T16:00:00-04:00,125.4,2011-11-18,18.04,0.049424657534246574,135.0,call,0.12,0.13,0.13,,,0.2032,0.05233,0.01841,0.03083,-0.01547,0.00311,spy_options_2011.parquet,497125
SPY,2011-10-31,2011-10-31T16:00:00-04:00,125.4,2011-11-18,18.04,0.049424657534246574,135.0,put,9.6,9.75,9.58,,,0.00081,-1.0,0.0,-105.99951,0.0,0.0,spy_options_2011.parquet,497125
SPY,2011-10-31,2011-10-31T16:00:00-04:00,125.4,2011-11-18,18.04,0.049424657534246574,136.0,call,0.08,0.08,0.07,,,0.1982,0.03419,0.01326,0.02186,-0.01046,0.00225,spy_options_2011.parquet,497126
SPY,2011-10-31,2011-10-31T16:00:00-04:00,125.4,2011-11-18,18.04,0.049424657534246574,136.0,put,10.48,10.7,8.95,87,,,-1.0,0.0,-116.00037,0.0,0.0,spy_options_2011.parquet,497126
SPY,2011-10-31,2011-10-31T16:00:00-04:00,125.4,2011-11-18,18.04,0.049424657534246574,137.0,call,0.05,0.04,0.06,,,0.19574,0.02184,0.00937,0.01491,-0.0067,0.00191,spy_options_2011.parquet,497127
SPY,2011-10-31,2011-10-31T16:00:00-04:00,125.4,2011-11-18,18.04,0.049424657534246574,137.0,put,11.45,11.87,11.4,193,,0.0005,-0.99706,0.0,0.0,-0.01645,-0.07161,spy_options_2011.parquet,497127
SPY,2011-10-31,2011-10-31T16:00:00-04:00,125.4,2011-11-18,18.04,0.049424657534246574,138.0,call,0.02,0.04,0.03,,,0.19205,0.01283,0.00615,0.00997,-0.00457,0.00064,spy_options_2011.parquet,497128
SPY,2011-10-31,2011-10-31T16:00:00-04:00,125.4,2011-11-18,18.04,0.049424657534246574,138.0,put,12.44,12.86,11.55,1,,0.00076,-1.0,0.0,-135.99963,0.0,0.0,spy_options_2011.parquet,497128
SPY,2011-10-31,2011-10-31T16:00:00-04:00,125.4,2011-11-18,18.04,0.049424657534246574,139.0,call,0.01,0.02,0.03,35,,0.1916,0.00826,0.00416,0.00694,-0.00312,0.00042,spy_options_2011.parquet,497129
SPY,2011-10-31,2011-10-31T16:00:00-04:00,125.4,2011-11-18,18.04,0.049424657534246574,139.0,put,13.42,13.79,11.87,49,,0.00045,-0.99748,0.0,0.0,-0.01602,-0.07214,spy_options_2011.parquet,497129
SPY,2011-10-31,2011-10-31T16:00:00-04:00,125.4,2011-11-18,18.04,0.049424657534246574,140.0,call,0.01,0.02,0.02,150,,0.20341,0.00771,0.00376,0.00654,-0.00263,0.00074,spy_options_2011.parquet,497130
SPY,2011-10-31,2011-10-31T16:00:00-04:00,125.4,2011-11-18,18.04,0.049424657534246574,140.0,put,14.42,14.78,14.4,4,,-0.0001,-1.0,0.0,-156.00035,0.0,0.0,spy_options_2011.parquet,497130
SPY,2011-10-31,2011-10-31T16:00:00-04:00,125.4,2011-11-18,18.04,0.049424657534246574,141.0,call,0.0,0.01,0.02,211,,0.19013,0.00289,0.00169,0.00298,-0.00143,-3e-05,spy_options_2011.parquet,497131
SPY,2011-10-31,2011-10-31T16:00:00-04:00,125.4,2011-11-18,18.04,0.049424657534246574,141.0,put,15.43,15.71,16.73,0,,,-1.0,0.0,-166.00036,0.0,0.0,spy_options_2011.parquet,497131
SPY,2011-10-31,2011-10-31T16:00:00-04:00,125.4,2011-11-18,18.04,0.049424657534246574,142.0,call,0.0,0.01,0.02,570,,0.19983,0.00285,0.00155,0.0023,-0.00149,0.00052,spy_options_2011.parquet,497132
SPY,2011-10-31,2011-10-31T16:00:00-04:00,125.4,2011-11-18,18.04,0.049424657534246574,142.0,put,16.42,16.8,13.4,3,,-9e-05,-0.99763,0.0,0.0,-0.01604,-0.07383,spy_options_2011.parquet,497132
SPY,2011-10-31,2011-10-31T16:00:00-04:00,125.4,2011-11-18,18.04,0.049424657534246574,143.0,call,0.01,0.03,0.02,50,,0.23665,0.00741,0.0029,0.00574,-0.00346,0.00056,spy_options_2011.parquet,497133
SPY,2011-10-31,2011-10-31T16:00:00-04:00,125.4,2011-11-18,18.04,0.049424657534246574,143.0,put,17.42,17.83,14.65,11,,0.00025,-0.99797,0.0,0.0,-0.016,-0.07434,spy_options_2011.parquet,497133
SPY,2011-10-31,2011-10-31T16:00:00-04:00,125.4,2011-11-18,18.04,0.049424657534246574,144.0,call,0.0,0.0,0.01,0,,0.21932,0.00273,0.00128,0.00226,-0.0013,0.0001,spy_options_2011.parquet,497134
SPY,2011-10-31,2011-10-31T16:00:00-04:00,125.4,2011-11-18,18.04,0.049424657534246574,144.0,put,18.41,18.71,16.97,1,,,-1.0,0.0,-195.99973,0.0,0.0,spy_options_2011.parquet,497134
SPY,2011-10-31,2011-10-31T16:00:00-04:00,125.4,2011-11-18,18.04,0.049424657534246574,145.0,call,0.0,0.01,0.02,1,,0.2295,0.00307,0.0012,0.00264,-0.00148,0.00028,spy_options_2011.parquet,497135
SPY,2011-10-31,2011-10-31T16:00:00-04:00,125.4,2011-11-18,18.04,0.049424657534246574,145.0,put,19.41,19.7,16.77,3,,,-1.0,0.0,-206.0005,0.0,0.0,spy_options_2011.parquet,497135
SPY,2011-10-31,2011-10-31T16:00:00-04:00,125.4,2011-11-18,18.04,0.049424657534246574,146.0,call,0.0,0.01,0.02,10,,0.23878,0.00275,0.00111,0.0024,-0.00148,-0.00029,spy_options_2011.parquet,497136
SPY,2011-10-31,2011-10-31T16:00:00-04:00,125.4,2011-11-18,18.04,0.049424657534246574,146.0,put,20.4,20.7,17.65,11,,,-1.0,0.0,-216.00033,0.0,0.0,spy_options_2011.parquet,497136
SPY,2011-10-31,2011-10-31T16:00:00-04:00,125.4,2011-11-18,18.04,0.049424657534246574,147.0,call,0.0,0.01,0.01,19,,0.24882,0.00269,0.00108,0.00189,-0.00077,-6e-05,spy_options_2011.parquet,497137
SPY,2011-10-31,2011-10-31T16:00:00-04:00,125.4,2011-11-18,18.04,0.049424657534246574,147.0,put,21.41,21.71,18.65,11,,,-1.0,0.0,-226.00019,0.0,0.0,spy_options_2011.parquet,497137
SPY,2011-10-31,2011-10-31T16:00:00-04:00,125.4,2011-11-18,18.04,0.049424657534246574,148.0,call,0.0,0.02,0.01,0,,0.25796,0.00263,0.00096,0.00246,-0.00124,0.00029,spy_options_2011.parquet,497138
SPY,2011-10-31,2011-10-31T16:00:00-04:00,125.4,2011-11-18,18.04,0.049424657534246574,148.0,put,22.41,22.69,19.77,11,,,-1.0,0.0,-236.00044,0.0,0.0,spy_options_2011.parquet,497138
SPY,2011-10-31,2011-10-31T16:00:00-04:00,125.4,2011-11-18,18.04,0.049424657534246574,149.0,call,0.0,0.01,0.01,0,,0.26776,0.00203,0.0009,0.00251,-0.00126,0.00013,spy_options_2011.parquet,497139
SPY,2011-10-31,2011-10-31T16:00:00-04:00,125.4,2011-11-18,18.04,0.049424657534246574,149.0,put,23.41,23.7,25.49,0,,,-1.0,0.0,-246.0002,0.0,0.0,spy_options_2011.parquet,497139
SPY,2011-10-31,2011-10-31T16:00:00-04:00,125.4,2011-11-18,18.04,0.049424657534246574,150.0,call,0.0,0.01,0.01,0,,0.27618,0.00211,0.00088,0.00191,-0.00129,0.00025,spy_options_2011.parquet,497140
SPY,2011-10-31,2011-10-31T16:00:00-04:00,125.4,2011-11-18,18.04,0.049424657534246574,150.0,put,24.42,24.69,26.49,0,,,-1.0,0.0,-256.00011,0.0,0.0,spy_options_2011.parquet,497140
SPY,2011-10-31,2011-10-31T16:00:00-04:00,125.4,2011-11-18,18.04,0.049424657534246574,151.0,call,0.0,0.0,0.03,0,,0.2856,0.0018,0.0008,0.00155,-0.00081,-7e-05,spy_options_2011.parquet,497141
SPY,2011-10-31,2011-10-31T16:00:00-04:00,125.4,2011-11-18,18.04,0.049424657534246574,151.0,put,25.41,25.82,27.49,0,,0.00083,-0.99755,0.0,0.0,-0.01668,-0.07846,spy_options_2011.parquet,497141
SPY,2011-10-31,2011-10-31T16:00:00-04:00,125.4,2011-11-18,18.04,0.049424657534246574,152.0,call,0.0,0.01,0.01,0,,0.29402,0.00175,0.00079,0.00154,-0.00107,0.00013,spy_options_2011.parquet,497142
SPY,2011-10-31,2011-10-31T16:00:00-04:00,125.4,2011-11-18,18.04,0.049424657534246574,152.0,put,26.38,26.79,27.72,0,,,-1.0,0.0,-275.9999,0.0,0.0,spy_options_2011.parquet,497142
SPY,2011-10-31,2011-10-31T16:00:00-04:00,125.4,2011-11-18,18.04,0.049424657534246574,153.0,call,0.0,0.01,0.01,0,,0.3032,0.00216,0.0007,0.00191,-0.00107,0.00021,spy_options_2011.parquet,497143
SPY,2011-10-31,2011-10-31T16:00:00-04:00,125.4,2011-11-18,18.04,0.049424657534246574,153.0,put,27.37,27.79,28.72,0,,,-1.0,0.0,-286.00046,0.0,0.0,spy_options_2011.parquet,497143
SPY,2011-10-31,2011-10-31T16:00:00-04:00,125.4,2011-11-18,18.04,0.049424657534246574,154.0,call,0.0,0.01,0.01,0,,0.31268,0.00233,0.00071,0.00141,-0.00155,0.00031,spy_options_2011.parquet,497144
SPY,2011-10-31,2011-10-31T16:00:00-04:00,125.4,2011-11-18,18.04,0.049424657534246574,154.0,put,28.37,28.79,29.72,0,,,-1.0,0.0,-296.00029,0.0,0.0,spy_options_2011.parquet,497144
SPY,2011-10-31,2011-10-31T16:00:00-04:00,125.4,2011-11-18,18.04,0.049424657534246574,155.0,call,0.0,0.01,0.01,0,,0.3209,0.00191,0.00067,0.00193,-0.00115,-0.0001,spy_options_2011.parquet,497145
SPY,2011-10-31,2011-10-31T16:00:00-04:00,125.4,2011-11-18,18.04,0.049424657534246574,155.0,put,29.38,29.79,30.72,0,,,-1.0,0.0,-306.00022,0.0,0.0,spy_options_2011.parquet,497145
SPY,2011-10-31,2011-10-31T16:00:00-04:00,125.4,2011-11-18,18.04,0.049424657534246574,156.0,call,0.0,0.01,0.01,0,,0.32925,0.00195,0.00058,0.00143,-0.00105,-0.00022,spy_options_2011.parquet,497146
SPY,2011-10-31,2011-10-31T16:00:00-04:00,125.4,2011-11-18,18.04,0.049424657534246574,156.0,put,30.36,30.79,31.72,0,,,-1.0,0.0,-315.99953,0.0,0.0,spy_options_2011.parquet,497146
SPY,2011-10-31,2011-10-31T16:00:00-04:00,125.4,2011-11-18,18.04,0.049424657534246574,157.0,call,0.0,0.01,0.01,0,,0.33824,0.00221,0.00059,0.00179,-0.0012,-0.00018,spy_options_2011.parquet,497147
SPY,2011-10-31,2011-10-31T16:00:00-04:00,125.4,2011-11-18,18.04,0.049424657534246574,157.0,put,31.37,31.8,32.72,0,,,-1.0,0.0,-325.99972,0.0,0.0,spy_options_2011.parquet,497147
SPY,2011-10-31,2011-10-31T16:00:00-04:00,125.4,2011-11-18,18.04,0.049424657534246574,158.0,call,0.0,0.01,0.01,0,,0.3462,0.00191,0.00056,0.00159,-0.00162,3e-05,spy_options_2011.parquet,497148
SPY,2011-10-31,2011-10-31T16:00:00-04:00,125.4,2011-11-18,18.04,0.049424657534246574,158.0,put,32.43,32.82,33.72,0,,0.00011,-0.99734,0.0,0.0,-0.01632,-0.08208,spy_options_2011.parquet,497148
SPY,2011-10-31,2011-10-31T16:00:00-04:00,125.4,2011-11-18,18.04,0.049424657534246574,159.0,call,0.0,0.0,0.01,0,,0.35565,0.00193,0.00059,0.0014,-0.00144,0.00024,spy_options_2011.parquet,497149
SPY,2011-10-31,2011-10-31T16:00:00-04:00,125.4,2011-11-18,18.04,0.049424657534246574,159.0,put,33.37,33.79,34.72,0,,,-1.0,0.0,-346.00023,0.0,0.0,spy_options_2011.parquet,497149
SPY,2011-10-31,2011-10-31T16:00:00-04:00,125.4,2011-11-18,18.04,0.049424657534246574,160.0,call,0.0,0.01,0.01,0,,0.36312,0.00191,0.00051,0.00198,-0.00088,0.00038,spy_options_2011.parquet,497150
SPY,2011-10-31,2011-10-31T16:00:00-04:00,125.4,2011-11-18,18.04,0.049424657534246574,160.0,put,34.44,34.82,33.03,10,,0.00011,-0.9973,0.0,0.0,-0.01664,-0.08365,spy_options_2011.parquet,497150
SPY,2011-10-31,2011-10-31T16:00:00-04:00,125.4,2011-11-18,18.04,0.049424657534246574,85.0,call,40.26,40.63,39.03,0,,1.08379,0.92154,0.00079,0.03037,-0.04474,0.0051,spy_options_2011.parquet,497075
SPY,2011-10-31,2011-10-31T16:00:00-04:00,125.4,2011-11-18,18.04,0.049424657534246574,85.0,put,0.01,0.03,0.02,186,,0.65966,-0.00401,0.00068,0.00386,-0.00563,-0.00047,spy_options_2011.parquet,497075
SPY,2011-10-31,2011-10-31T16:00:00-04:00,125.4,2011-11-18,18.04,0.049424657534246574,86.0,call,39.26,39.63,38.28,0,,1.04467,0.92293,0.00077,0.03063,-0.04087,0.00547,spy_options_2011.parquet,497076
SPY,2011-10-31,2011-10-31T16:00:00-04:00,125.4,2011-11-18,18.04,0.049424657534246574,86.0,put,0.02,0.04,0.02,40,,0.64183,-0.00422,0.00072,0.004,-0.00588,-0.00063,spy_options_2011.parquet,497076
SPY,2011-10-31,2011-10-31T16:00:00-04:00,125.4,2011-11-18,18.04,0.049424657534246574,87.0,call,38.25,38.64,37.32,0,,1.0094,0.92433,0.00086,0.03068,-0.04547,0.00547,spy_options_2011.parquet,497077
SPY,2011-10-31,2011-10-31T16:00:00-04:00,125.4,2011-11-18,18.04,0.049424657534246574,87.0,put,0.03,0.03,0.02,,,0.62379,-0.00474,0.00067,0.00369,-0.00573,-0.00032,spy_options_2011.parquet,497077
SPY,2011-10-31,2011-10-31T16:00:00-04:00,125.4,2011-11-18,18.04,0.049424657534246574,88.0,call,37.27,37.65,33.44,0,,0.97536,0.92537,0.00094,0.03059,-0.04984,0.00581,spy_options_2011.parquet,497078
SPY,2011-10-31,2011-10-31T16:00:00-04:00,125.4,2011-11-18,18.04,0.049424657534246574,88.0,put,0.03,0.05,0.02,45,,0.62989,-0.00617,0.00089,0.00449,-0.00764,-0.00028,spy_options_2011.parquet,497078
SPY,2011-10-31,2011-10-31T16:00:00-04:00,125.4,2011-11-18,18.04,0.049424657534246574,89.0,call,36.27,36.65,26.21,0,,0.94234,0.92659,0.00112,0.02977,-0.05588,0.00547,spy_options_2011.parquet,497079
SPY,2011-10-31,2011-10-31T16:00:00-04:00,125.4,2011-11-18,18.04,0.049424657534246574,89.0,put,0.04,0.04,0.03,,,0.61125,-0.00636,0.00101,0.00455,-0.00741,-0.00041,spy_options_2011.parquet,497079
SPY,2011-10-31,2011-10-31T16:00:00-04:00,125.4,2011-11-18,18.04,0.049424657534246574,90.0,call,35.27,35.66,38.65,5,,0.90735,0.92783,0.00114,0.02998,-0.05502,0.00659,spy_options_2011.parquet,497080
SPY,2011-10-31,2011-10-31T16:00:00-04:00,125.4,2011-11-18,18.04,0.049424657534246574,90.0,put,0.04,0.04,0.04,,,0.59245,-0.00589,0.00101,0.0049,-0.00725,-0.00067,spy_options_2011.parquet,497080
SPY,2011-10-31,2011-10-31T16:00:00-04:00,125.4,2011-11-18,18.04,0.049424657534246574,91.0,call,34.27,34.65,24.97,0,,0.87606,0.92988,0.00125,0.0292,-0.06039,0.00661,spy_options_2011.parquet,497081
SPY,2011-10-31,2011-10-31T16:00:00-04:00,125.4,2011-11-18,18.04,0.049424657534246574,91.0,put,0.04,0.05,0.04,20,,0.59274,-0.00741,0.00123,0.00615,-0.00897,-0.0003,spy_options_2011.parquet,497081
SPY,2011-10-31,2011-10-31T16:00:00-04:00,125.4,2011-11-18,18.04,0.049424657534246574,92.0,call,33.28,33.65,27.77,0,,0.84347,0.93103,0.00137,0.02915,-0.06007,0.00614,spy_options_2011.parquet,497082
SPY,2011-10-31,2011-10-31T16:00:00-04:00,125.4,2011-11-18,18.04,0.049424657534246574,92.0,put,0.05,0.05,0.03,50,,0.57414,-0.00839,0.00134,0.00671,-0.00928,-0.00014,spy_options_2011.parquet,497082
SPY,2011-10-31,2011-10-31T16:00:00-04:00,125.4,2011-11-18,18.04,0.049424657534246574,93.0,call,32.28,32.66,31.36,0,,0.81501,0.93185,0.00156,0.02887,-0.05817,0.00686,spy_options_2011.parquet,497083
SPY,2011-10-31,2011-10-31T16:00:00-04:00,125.4,2011-11-18,18.04,0.049424657534246574,93.0,put,0.05,0.06,0.05,540,,0.57069,-0.00908,0.0016,0.00687,-0.0103,-0.00062,spy_options_2011.parquet,497083
SPY,2011-10-31,2011-10-31T16:00:00-04:00,125.4,2011-11-18,18.04,0.049424657534246574,94.0,call,31.29,31.66,30.45,0,,0.78322,0.93326,0.00175,0.02893,-0.05492,0.00758,spy_options_2011.parquet,497084
SPY,2011-10-31,2011-10-31T16:00:00-04:00,125.4,2011-11-18,18.04,0.049424657534246574,94.0,put,0.05,0.07,0.05,570,,0.55893,-0.01079,0.00179,0.00839,-0.01175,-0.00028,spy_options_2011.parquet,497084
SPY,2011-10-31,2011-10-31T16:00:00-04:00,125.4,2011-11-18,18.04,0.049424657534246574,95.0,call,30.28,30.67,33.45,6,,0.75617,0.93436,0.00193,0.02893,-0.05364,0.00753,spy_options_2011.parquet,497085
SPY,2011-10-31,2011-10-31T16:00:00-04:00,125.4,2011-11-18,18.04,0.049424657534246574,95.0,put,0.06,0.07,0.07,804,,0.547,-0.01129,0.0019,0.00837,-0.01156,-0.00036,spy_options_2011.parquet,497085
SPY,2011-10-31,2011-10-31T16:00:00-04:00,125.4,2011-11-18,18.04,0.049424657534246574,96.0,call,29.29,29.68,32.72,0,,0.72819,0.93552,0.00218,0.0292,-0.05084,0.00849,spy_options_2011.parquet,497086
SPY,2011-10-31,2011-10-31T16:00:00-04:00,125.4,2011-11-18,18.04,0.049424657534246574,96.0,put,0.07,0.08,0.06,65,,0.53883,-0.0134,0.00226,0.00994,-0.01382,-0.00114,spy_options_2011.parquet,497086
SPY,2011-10-31,2011-10-31T16:00:00-04:00,125.4,2011-11-18,18.04,0.049424657534246574,97.0,call,28.29,28.69,27.49,0,,0.7023,0.93615,0.00252,0.02945,-0.04846,0.00914,spy_options_2011.parquet,497087
SPY,2011-10-31,2011-10-31T16:00:00-04:00,125.4,2011-11-18,18.04,0.049424657534246574,97.0,put,0.08,0.09,0.06,,,0.52973,-0.01527,0.00251,0.01051,-0.01499,-0.00064,spy_options_2011.parquet,497087
SPY,2011-10-31,2011-10-31T16:00:00-04:00,125.4,2011-11-18,18.04,0.049424657534246574,98.0,call,27.33,27.69,28.9,5,,0.67794,0.93621,0.0028,0.02935,-0.04703,0.00984,spy_options_2011.parquet,497088
SPY,2011-10-31,2011-10-31T16:00:00-04:00,125.4,2011-11-18,18.04,0.049424657534246574,98.0,put,0.09,0.1,0.09,56,,0.52015,-0.01687,0.00283,0.01253,-0.01579,-0.00082,spy_options_2011.parquet,497088
SPY,2011-10-31,2011-10-31T16:00:00-04:00,125.4,2011-11-18,18.04,0.049424657534246574,99.0,call,26.34,26.69,25.43,0,,0.65353,0.93768,0.00314,0.0295,-0.04528,0.01056,spy_options_2011.parquet,497089
SPY,2011-10-31,2011-10-31T16:00:00-04:00,125.4,2011-11-18,18.04,0.049424657534246574,99.0,put,0.1,0.1,0.06,,,0.50909,-0.01916,0.00315,0.01367,-0.01758,-0.00171,spy_options_2011.parquet,497089
SPY,2011-10-31,2011-10-31T16:00:00-04:00,125.4,2011-12-16,46.04,0.12613698630136985,100.0,call,25.81,26.05,26.55,350,,0.50205,0.90998,0.00703,0.06652,-0.02866,0.04979,spy_options_2011.parquet,497204
SPY,2011-10-31,2011-10-31T16:00:00-04:00,125.4,2011-12-16,46.04,0.12613698630136985,100.0,put,0.51,0.53,0.49,,,0.41735,-0.06062,0.00635,0.05345,-0.02445,-0.0108,spy_options_2011.parquet,497204
SPY,2011-10-31,2011-10-31T16:00:00-04:00,125.4,2011-12-16,46.04,0.12613698630136985,101.0,call,24.81,25.09,25.4,10,,0.48821,0.90793,0.00762,0.069,-0.02869,0.05191,spy_options_2011.parquet,497205
SPY,2011-10-31,2011-10-31T16:00:00-04:00,125.4,2011-12-16,46.04,0.12613698630136985,101.0,put,0.56,0.58,0.5,,,0.41052,-0.06683,0.00697,0.05806,-0.02609,-0.01136,spy_options_2011.parquet,497205
SPY,2011-10-31,2011-10-31T16:00:00-04:00,125.4,2011-12-16,46.04,0.12613698630136985,102.0,call,23.9,24.14,25.46,20,,0.47932,0.90112,0.00831,0.07304,-0.02979,0.05606,spy_options_2011.parquet,497206
SPY,2011-10-31,2011-10-31T16:00:00-04:00,125.4,2011-12-16,46.04,0.12613698630136985,102.0,put,0.6,0.64,0.6,,,0.40309,-0.07175,0.00756,0.06183,-0.02745,-0.01198,spy_options_2011.parquet,497206
SPY,2011-10-31,2011-10-31T16:00:00-04:00,125.4,2011-12-16,46.04,0.12613698630136985,103.0,call,22.94,23.19,25.37,10,,0.46798,0.89676,0.00901,0.07576,-0.02987,0.05869,spy_options_2011.parquet,497207
SPY,2011-10-31,2011-10-31T16:00:00-04:00,125.4,2011-12-16,46.04,0.12613698630136985,103.0,put,0.65,0.68,0.61,,,0.39607,-0.0788,0.00824,0.06579,-0.02893,-0.01306,spy_options_2011.parquet,497207
SPY,2011-10-31,2011-10-31T16:00:00-04:00,125.4,2011-12-16,46.04,0.12613698630136985,104.0,call,21.99,22.21,20.62,0,,0.45625,0.89107,0.00975,0.07986,-0.03082,0.0609,spy_options_2011.parquet,497208
SPY,2011-10-31,2011-10-31T16:00:00-04:00,125.4,2011-12-16,46.04,0.12613698630136985,104.0,put,0.73,0.74,0.65,,,0.38912,-0.08515,0.00891,0.06979,-0.03018,-0.0143,spy_options_2011.parquet,497208
SPY,2011-10-31,2011-10-31T16:00:00-04:00,125.4,2011-12-16,46.04,0.12613698630136985,105.0,call,21.06,21.28,21.9,1,,0.44692,0.88435,0.01051,0.08402,-0.03178,0.06312,spy_options_2011.parquet,497209
SPY,2011-10-31,2011-10-31T16:00:00-04:00,125.4,2011-12-16,46.04,0.12613698630136985,105.0,put,0.78,0.8,0.8,,,0.3816,-0.09342,0.00962,0.07492,-0.03183,-0.01563,spy_options_2011.parquet,497209
SPY,2011-10-31,2011-10-31T16:00:00-04:00,125.4,2011-12-16,46.04,0.12613698630136985,106.0,call,20.12,20.34,22.95,119,,0.4369,0.87704,0.0113,0.08754,-0.03229,0.06596,spy_options_2011.parquet,497210
SPY,2011-10-31,2011-10-31T16:00:00-04:00,125.4,2011-12-16,46.04,0.12613698630136985,106.0,put,0.85,0.88,0.8,,,0.3755,-0.10193,0.01052,0.08023,-0.03305,-0.01789,spy_options_2011.parquet,497210
SPY,2011-10-31,2011-10-31T16:00:00-04:00,125.4,2011-12-16,46.04,0.12613698630136985,107.0,call,19.18,19.41,21.82,15,,0.42638,0.86873,0.01218,0.09237,-0.03314,0.06817,spy_options_2011.parquet,497211
SPY,2011-10-31,2011-10-31T16:00:00-04:00,125.4,2011-12-16,46.04,0.12613698630136985,107.0,put,0.94,0.96,0.93,,,0.36912,-0.11076,0.01134,0.08519,-0.0349,-0.01904,spy_options_2011.parquet,497211
SPY,2011-10-31,2011-10-31T16:00:00-04:00,125.4,2011-12-16,46.04,0.12613698630136985,108.0,call,18.26,18.49,20.87,15,,0.41727,0.85918,0.01306,0.09728,-0.03462,0.07074,spy_options_2011.parquet,497212
SPY,2011-10-31,2011-10-31T16:00:00-04:00,125.4,2011-12-16,46.04,0.12613698630136985,108.0,put,1.02,1.04,0.96,,,0.36168,-0.12016,0.01229,0.08964,-0.03709,-0.02054,spy_options_2011.parquet,497212
SPY,2011-10-31,2011-10-31T16:00:00-04:00,125.4,2011-12-16,46.04,0.12613698630136985,109.0,call,17.35,17.57,19.92,56,,0.40783,0.84938,0.01398,0.10199,-0.03537,0.07254,spy_options_2011.parquet,497213
SPY,2011-10-31,2011-10-31T16:00:00-04:00,125.4,2011-12-16,46.04,0.12613698630136985,109.0,put,1.11,1.14,1.04,,,0.35556,-0.13147,0.01332,0.09627,-0.03855,-0.02242,spy_options_2011.parquet,497213
SPY,2011-10-31,2011-10-31T16:00:00-04:00,125.4,2011-12-16,46.04,0.12613698630136985,110.0,call,16.43,16.66,17.5,12,,0.39821,0.83877,0.01499,0.10759,-0.03641,0.07453,spy_options_2011.parquet,497214
SPY,2011-10-31,2011-10-31T16:00:00-04:00,125.4,2011-12-16,46.04,0.12613698630136985,110.0,put,1.22,1.23,1.23,,,0.34861,-0.14378,0.0144,0.10161,-0.0398,-0.02471,spy_options_2011.parquet,497214
SPY,2011-10-31,2011-10-31T16:00:00-04:00,125.4,2011-12-16,46.04,0.12613698630136985,111.0,call,15.53,15.7,16.69,8,,0.38602,0.82777,0.01616,0.11166,-0.03699,0.07616,spy_options_2011.parquet,497215
SPY,2011-10-31,2011-10-31T16:00:00-04:00,125.4,2011-12-16,46.04,0.12613698630136985,111.0,put,1.32,1.37,1.3,,,0.34238,-0.15677,0.0156,0.10768,-0.04175,-0.0266,spy_options_2011.parquet,497215
SPY,2011-10-31,2011-10-31T16:00:00-04:00,125.4,2011-12-16,46.04,0.12613698630136985,112.0,call,14.65,14.87,17.17,81,,0.38037,0.8133,0.01718,0.11874,-0.03865,0.0789,spy_options_2011.parquet,497216
SPY,2011-10-31,2011-10-31T16:00:00-04:00,125.4,2011-12-16,46.04,0.12613698630136985,112.0,put,1.45,1.48,1.46,,,0.33572,-0.17079,0.0168,0.11348,-0.04365,-0.02981,spy_options_2011.parquet,497216
SPY,2011-10-31,2011-10-31T16:00:00-04:00,125.4,2011-12-16,46.04,0.12613698630136985,113.0,call,13.76,13.98,14.86,35,,0.37073,0.79949,0.01835,0.12357,-0.03973,0.08023,spy_options_2011.parquet,497217
SPY,2011-10-31,2011-10-31T16:00:00-04:00,125.4,2011-12-16,46.04,0.12613698630136985,113.0,put,1.58,1.61,1.57,,,0.32873,-0.18624,0.01806,0.11981,-0.04539,-0.03198,spy_options_2011.parquet,497217
SPY,2011-10-31,2011-10-31T16:00:00-04:00,125.4,2011-12-16,46.04,0.12613698630136985,114.0,call,12.88,13.08,14.03,1,,0.35992,0.78471,0.01958,0.12894,-0.03991,0.08099,spy_options_2011.parquet,497218
SPY,2011-10-31,2011-10-31T16:00:00-04:00,125.4,2011-12-16,46.04,0.12613698630136985,114.0,put,1.72,1.75,1.75,,,0.32158,-0.20242,0.01944,0.12671,-0.0469,-0.03499,spy_options_2011.parquet,497218
SPY,2011-10-31,2011-10-31T16:00:00-04:00,125.4,2011-12-16,46.04,0.12613698630136985,115.0,call,12.03,12.25,13.31,8,,0.35246,0.7675,0.02081,0.13491,-0.04132,0.08155,spy_options_2011.parquet,497219
SPY,2011-10-31,2011-10-31T16:00:00-04:00,125.4,2011-12-16,46.04,0.12613698630136985,115.0,put,1.89,1.93,1.9,,,0.31599,-0.22058,0.02083,0.13252,-0.04887,-0.03756,spy_options_2011.parquet,497219
SPY,2011-10-31,2011-10-31T16:00:00-04:00,125.4,2011-12-16,46.04,0.12613698630136985,116.0,call,11.22,11.39,11.66,103,,0.3438,0.74848,0.02209,0.14133,-0.0429,0.08169,spy_options_2011.parquet,497220
SPY,2011-10-31,2011-10-31T16:00:00-04:00,125.4,2011-12-16,46.04,0.12613698630136985,116.0,put,2.06,2.11,2.03,,,0.30993,-0.24034,0.02222,0.1399,-0.04965,-0.04157,spy_options_2011.parquet,497220
SPY,2011-10-31,2011-10-31T16:00:00-04:00,125.4,2011-12-16,46.04,0.12613698630136985,117.0,call,10.35,10.55,11.05,14,,0.33416,0.72949,0.02352,0.14627,-0.04316,0.08259,spy_options_2011.parquet,497221
SPY,2011-10-31,2011-10-31T16:00:00-04:00,125.4,2011-12-16,46.04,0.12613698630136985,117.0,put,2.27,2.29,2.25,,,0.30365,-0.26085,0.02373,0.14616,-0.05193,-0.04546,spy_options_2011.parquet,497221
SPY,2011-10-31,2011-10-31T16:00:00-04:00,125.4,2011-12-16,46.04,0.12613698630136985,118.0,call,9.56,9.78,9.98,229,,0.32726,0.70768,0.02476,0.15219,-0.04456,0.08174,spy_options_2011.parquet,497222
SPY,2011-10-31,2011-10-31T16:00:00-04:00,125.4,2011-12-16,46.04,0.12613698630136985,118.0,put,2.48,2.53,2.52,,,0.29631,-0.28372,0.02525,0.15219,-0.05258,-0.04886,spy_options_2011.parquet,497222
SPY,2011-10-31,2011-10-31T16:00:00-04:00,125.4,2011-12-16,46.04,0.12613698630136985,119.0,call,8.81,9.01,8.8,299,,0.32034,0.68346,0.02601,0.15824,-0.04501,0.08169,spy_options_2011.parquet,497223
SPY,2011-10-31,2011-10-31T16:00:00-04:00,125.4,2011-12-16,46.04,0.12613698630136985,119.0,put,2.72,2.76,2.75,,,0.2903,-0.3082,0.0269,0.15805,-0.05361,-0.05326,spy_options_2011.parquet,497223
SPY,2011-10-31,2011-10-31T16:00:00-04:00,125.4,2011-12-16,46.04,0.12613698630136985,120.0,call,8.08,8.2,8.08,,,0.31119,0.65994,0.02743,0.16347,-0.04506,0.0801,spy_options_2011.parquet,497224
SPY,2011-10-31,2011-10-31T16:00:00-04:00,125.4,2011-12-16,46.04,0.12613698630136985,120.0,put,2.99,3.0,3.0,,,0.28351,-0.33378,0.02838,0.16358,-0.055,-0.05806,spy_options_2011.parquet,497224
SPY,2011-10-31,2011-10-31T16:00:00-04:00,125.4,2011-12-16,46.04,0.12613698630136985,121.0,call,7.32,7.45,7.58,179,,0.30309,0.633,0.02884,0.16758,-0.04542,0.07953,spy_options_2011.parquet,497225
SPY,2011-10-31,2011-10-31T16:00:00-04:00,125.4,2011-12-16,46.04,0.12613698630136985,121.0,put,3.25,3.3,3.2,,,0.278,-0.36232,0.02993,0.16788,-0.05598,-0.06286,spy_options_2011.parquet,497225
SPY,2011-10-31,2011-10-31T16:00:00-04:00,125.4,2011-12-16,46.04,0.12613698630136985,122.0,call,6.61,6.74,6.75,340,,0.29511,0.60539,0.03007,0.17206,-0.04586,0.07705,spy_options_2011.parquet,497226
SPY,2011-10-31,2011-10-31T16:00:00-04:00,125.4,2011-12-16,46.04,0.12613698630136985,122.0,put,3.57,3.62,3.38,,,0.27188,-0.3926,0.03134,0.17229,-0.05651,-0.06837,spy_options_2011.parquet,497226
SPY,2011-10-31,2011-10-31T16:00:00-04:00,125.4,2011-12-16,46.04,0.12613698630136985,123.0,call,5.93,6.03,6.06,753,,0.28669,0.57474,0.03137,0.17474,-0.04588,0.07493,spy_options_2011.parquet,497227
SPY,2011-10-31,2011-10-31T16:00:00-04:00,125.4,2011-12-16,46.04,0.12613698630136985,123.0,put,3.88,3.95,3.91,,,0.26512,-0.42348,0.03275,0.17576,-0.0566,-0.0735,spy_options_2011.parquet,497227
SPY,2011-10-31,2011-10-31T16:00:00-04:00,125.4,2011-12-16,46.04,0.12613698630136985,124.0,call,5.27,5.34,5.37,,,0.2784,0.54325,0.03256,0.17739,-0.04455,0.07197,spy_options_2011.parquet,497228
SPY,2011-10-31,2011-10-31T16:00:00-04:00,125.4,2011-12-16,46.04,0.12613698630136985,124.0,put,4.28,4.3,4.26,,,0.25868,-0.4568,0.03388,0.1774,-0.05697,-0.0791,spy_options_2011.parquet,497228
SPY,2011-10-31,2011-10-31T16:00:00-04:00,125.4,2011-12-16,46.04,0.12613698630136985,125.0,call,4.66,4.7,4.78,,,0.2712,0.50996,0.03364,0.17852,-0.04414,0.06913,spy_options_2011.parquet,497229
SPY,2011-10-31,2011-10-31T16:00:00-04:00,125.4,2011-12-16,46.04,0.12613698630136985,125.0,put,4.66,4.73,4.68,,,0.25233,-0.49232,0.03498,0.17827,-0.05608,-0.08567,spy_options_2011.parquet,497229
SPY,2011-10-31,2011-10-31T16:00:00-04:00,125.4,2011-12-16,46.04,0.12613698630136985,126.0,call,4.07,4.11,4.08,,,0.26348,0.47437,0.03428,0.17832,-0.04269,0.0655,spy_options_2011.parquet,497230
SPY,2011-10-31,2011-10-31T16:00:00-04:00,125.4,2011-12-16,46.04,0.12613698630136985,126.0,put,5.08,5.15,5.11,,,0.2453,-0.5286,0.03581,0.17765,-0.05569,-0.09192,spy_options_2011.parquet,497230
SPY,2011-10-31,2011-10-31T16:00:00-04:00,125.4,2011-12-16,46.04,0.12613698630136985,127.0,call,3.51,3.55,3.52,,,0.25562,0.43851,0.03481,0.17644,-0.04124,0.06162,spy_options_2011.parquet,497231
SPY,2011-10-31,2011-10-31T16:00:00-04:00,125.4,2011-12-16,46.04,0.12613698630136985,127.0,put,5.53,5.64,5.57,,,0.23912,-0.56659,0.03634,0.17574,-0.0538,-0.09914,spy_options_2011.parquet,497231
SPY,2011-10-31,2011-10-31T16:00:00-04:00,125.4,2011-12-16,46.04,0.12613698630136985,128.0,call,3.02,3.04,3.02,,,0.24959,0.40031,0.03503,0.17325,-0.03954,0.05718,spy_options_2011.parquet,497232
SPY,2011-10-31,2011-10-31T16:00:00-04:00,125.4,2011-12-16,46.04,0.12613698630136985,128.0,put,6.05,6.15,6.02,,,0.23251,-0.60596,0.03648,0.17163,-0.05231,-0.10547,spy_options_2011.parquet,497232
SPY,2011-10-31,2011-10-31T16:00:00-04:00,125.4,2011-12-16,46.04,0.12613698630136985,129.0,call,2.54,2.57,2.6,,,0.24229,0.36267,0.03484,0.16797,-0.03791,0.05255,spy_options_2011.parquet,497233
SPY,2011-10-31,2011-10-31T16:00:00-04:00,125.4,2011-12-16,46.04,0.12613698630136985,129.0,put,6.57,6.7,6.71,,,0.22519,-0.64625,0.03636,0.16551,-0.0506,-0.1132,spy_options_2011.parquet,497233
SPY,2011-10-31,2011-10-31T16:00:00-04:00,125.4,2011-12-16,46.04,0.12613698630136985,130.0,call,2.13,2.15,2.15,,,0.23609,0.32439,0.0342,0.16092,-0.03507,0.04763,spy_options_2011.parquet,497234
SPY,2011-10-31,2011-10-31T16:00:00-04:00,125.4,2011-12-16,46.04,0.12613698630136985,130.0,put,7.17,7.35,7.2,,,0.2207,-0.68482,0.03538,0.15808,-0.04805,-0.11992,spy_options_2011.parquet,497234
SPY,2011-10-31,2011-10-31T16:00:00-04:00,125.4,2011-12-16,46.04,0.12613698630136985,131.0,call,1.76,1.79,1.8,,,0.23011,0.28637,0.03313,0.15314,-0.0332,0.04231,spy_options_2011.parquet,497235
SPY,2011-10-31,2011-10-31T16:00:00-04:00,125.4,2011-12-16,46.04,0.12613698630136985,131.0,put,7.81,7.96,7.45,358,,0.21353,-0.72623,0.03424,0.14779,-0.04594,-0.12703,spy_options_2011.parquet,497235
SPY,2011-10-31,2011-10-31T16:00:00-04:00,125.4,2011-12-16,46.04,0.12613698630136985,132.0,call,1.42,1.44,1.45,,,0.22335,0.24852,0.03171,0.14215,-0.02953,0.03724,spy_options_2011.parquet,497236
SPY,2011-10-31,2011-10-31T16:00:00-04:00,125.4,2011-12-16,46.04,0.12613698630136985,132.0,put,8.49,8.66,8.57,759,,0.20692,-0.76386,0.03245,0.13587,-0.04303,-0.13472,spy_options_2011.parquet,497236
SPY,2011-10-31,2011-10-31T16:00:00-04:00,125.4,2011-12-16,46.04,0.12613698630136985,133.0,call,1.14,1.17,1.16,,,0.21849,0.2136,0.02986,0.13074,-0.02662,0.03212,spy_options_2011.parquet,497237
SPY,2011-10-31,2011-10-31T16:00:00-04:00,125.4,2011-12-16,46.04,0.12613698630136985,133.0,put,9.22,9.39,9.19,515,,0.20153,-0.8009,0.03018,0.12247,-0.03939,-0.14171,spy_options_2011.parquet,497237
SPY,2011-10-31,2011-10-31T16:00:00-04:00,125.4,2011-12-16,46.04,0.12613698630136985,134.0,call,0.89,0.91,0.93,,,0.21253,0.17999,0.02755,0.11783,-0.02388,0.02745,spy_options_2011.parquet,497238
SPY,2011-10-31,2011-10-31T16:00:00-04:00,125.4,2011-12-16,46.04,0.12613698630136985,134.0,put,9.98,10.16,9.92,190,,0.19426,-0.83708,0.02741,0.10786,-0.03634,-0.14833,spy_options_2011.parquet,497238
SPY,2011-10-31,2011-10-31T16:00:00-04:00,125.4,2011-12-16,46.04,0.12613698630136985,135.0,call,0.7,0.73,0.7,,,0.20852,0.15132,0.02498,0.105,-0.02065,0.02279,spy_options_2011.parquet,497239
SPY,2011-10-31,2011-10-31T16:00:00-04:00,125.4,2011-12-16,46.04,0.12613698630136985,135.0,put,10.79,11.0,10.74,,,0.18972,-0.867,0.02425,0.09335,-0.03301,-0.15401,spy_options_2011.parquet,497239
SPY,2011-10-31,2011-10-31T16:00:00-04:00,125.4,2011-12-16,46.04,0.12613698630136985,136.0,call,0.53,0.55,0.53,,,0.20361,0.12186,0.02219,0.09147,-0.0181,0.01827,spy_options_2011.parquet,497240
SPY,2011-10-31,2011-10-31T16:00:00-04:00,125.4,2011-12-16,46.04,0.12613698630136985,136.0,put,11.62,11.85,11.4,28,,0.1836,-0.89686,0.02078,0.07749,-0.03003,-0.15948,spy_options_2011.parquet,497240
SPY,2011-10-31,2011-10-31T16:00:00-04:00,125.4,2011-12-16,46.04,0.12613698630136985,137.0,call,0.39,0.41,0.44,,,0.19885,0.0985,0.01942,0.07877,-0.01459,0.01499,spy_options_2011.parquet,497241
SPY,2011-10-31,2011-10-31T16:00:00-04:00,125.4,2011-12-16,46.04,0.12613698630136985,137.0,put,12.49,12.72,11.09,2,,0.17536,-0.92439,0.01701,0.06021,-0.02598,-0.1654,spy_options_2011.parquet,497241
SPY,2011-10-31,2011-10-31T16:00:00-04:00,125.4,2011-12-16,46.04,0.12613698630136985,138.0,call,0.29,0.33,0.3,,,0.1959,0.07848,0.01658,0.06596,-0.01196,0.01245,spy_options_2011.parquet,497242
SPY,2011-10-31,2011-10-31T16:00:00-04:00,125.4,2011-12-16,46.04,0.12613698630136985,138.0,put,13.41,13.63,12.82,113,,0.16779,-0.94555,0.01324,0.0449,-0.024,-0.17036,spy_options_2011.parquet,497242
SPY,2011-10-31,2011-10-31T16:00:00-04:00,125.4,2011-12-16,46.04,0.12613698630136985,139.0,call,0.22,0.23,0.24,,,0.19333,0.06101,0.01395,0.05487,-0.01045,0.01006,spy_options_2011.parquet,497243
SPY,2011-10-31,2011-10-31T16:00:00-04:00,125.4,2011-12-16,46.04,0.12613698630136985,139.0,put,14.33,14.66,13.75,131,,0.17149,-0.95381,0.01126,0.03955,-0.02307,-0.17269,spy_options_2011.parquet,497243
SPY,2011-10-31,2011-10-31T16:00:00-04:00,125.4,2011-12-16,46.04,0.12613698630136985,140.0,call,0.16,0.17,0.18,606,,0.19023,0.04715,0.01162,0.04525,-0.00807,0.00772,spy_options_2011.parquet,497244
SPY,2011-10-31,2011-10-31T16:00:00-04:00,125.4,2011-12-16,46.04,0.12613698630136985,140.0,put,15.28,15.6,14.55,105,,0.16148,-0.97059,0.00766,0.02477,-0.0198,-0.17688,spy_options_2011.parquet,497244
SPY,2011-10-31,2011-10-31T16:00:00-04:00,125.4,2011-12-16,46.04,0.12613698630136985,141.0,call,0.11,0.13,0.14,564,,0.1895,0.03724,0.00956,0.03721,-0.00662,0.00551,spy_options_2011.parquet,497245
SPY,2011-10-31,2011-10-31T16:00:00-04:00,125.4,2011-12-16,46.04,0.12613698630136985,141.0,put,16.26,16.62,12.57,0,,0.16942,-0.97118,0.00704,0.02407,-0.01999,-0.17743,spy_options_2011.parquet,497245
SPY,2011-10-31,2011-10-31T16:00:00-04:00,125.4,2011-12-16,46.04,0.12613698630136985,142.0,call,0.1,0.1,0.12,124,,0.18988,0.02984,0.00791,0.03083,-0.00559,0.00473,spy_options_2011.parquet,497246
SPY,2011-10-31,2011-10-31T16:00:00-04:00,125.4,2011-12-16,46.04,0.12613698630136985,142.0,put,17.22,17.58,16.62,66,,0.15838,-0.98192,0.00428,0.01408,-0.01803,-0.18053,spy_options_2011.parquet,497246
SPY,2011-10-31,2011-10-31T16:00:00-04:00,125.4,2011-12-16,46.04,0.12613698630136985,143.0,call,0.05,0.08,0.08,850,,0.18842,0.0225,0.0063,0.02454,-0.00445,0.00403,spy_options_2011.parquet,497247
SPY,2011-10-31,2011-10-31T16:00:00-04:00,125.4,2011-12-16,46.04,0.12613698630136985,143.0,put,18.21,18.56,15.68,11,,0.14497,-0.98908,0.00197,0.00599,-0.01671,-0.18367,spy_options_2011.parquet,497247
SPY,2011-10-31,2011-10-31T16:00:00-04:00,125.4,2011-12-16,46.04,0.12613698630136985,144.0,call,0.05,0.07,0.07,17,,0.19007,0.01775,0.00522,0.01987,-0.00399,0.00276,spy_options_2011.parquet,497248
SPY,2011-10-31,2011-10-31T16:00:00-04:00,125.4,2011-12-16,46.04,0.12613698630136985,144.0,put,19.19,19.53,16.52,10,,-0.00012,-1.0,0.0,-196.00025,0.0,0.0,spy_options_2011.parquet,497248
SPY,2011-10-31,2011-10-31T16:00:00-04:00,125.4,2011-12-16,46.04,0.12613698630136985,145.0,call,0.05,0.04,0.06,143,,0.19157,0.01481,0.00444,0.01764,-0.00308,0.00269,spy_options_2011.parquet,497249
SPY,2011-10-31,2011-10-31T16:00:00-04:00,125.4,2011-12-16,46.04,0.12613698630136985,145.0,put,20.18,20.58,17.5,11,,0.16456,-0.98798,0.00212,0.00679,-0.01798,-0.18535,spy_options_2011.parquet,497249
SPY,2011-10-31,2011-10-31T16:00:00-04:00,125.4,2011-12-16,46.04,0.12613698630136985,146.0,call,0.03,0.04,0.05,52,,0.19298,0.01182,0.00364,0.01401,-0.00227,0.00222,spy_options_2011.parquet,497250
SPY,2011-10-31,2011-10-31T16:00:00-04:00,125.4,2011-12-16,46.04,0.12613698630136985,146.0,put,21.17,21.46,18.49,11,,0.00032,-1.0,0.0,-216.00049,0.0,0.0,spy_options_2011.parquet,497250
SPY,2011-10-31,2011-10-31T16:00:00-04:00,125.4,2011-12-16,46.04,0.12613698630136985,147.0,call,0.02,0.03,0.04,50,,0.19152,0.00892,0.00275,0.0114,-0.00236,0.00165,spy_options_2011.parquet,497251
SPY,2011-10-31,2011-10-31T16:00:00-04:00,125.4,2011-12-16,46.04,0.12613698630136985,147.0,put,22.17,22.59,19.48,22,,0.15619,-0.99216,0.00077,0.00245,-0.01691,-0.18842,spy_options_2011.parquet,497251
SPY,2011-10-31,2011-10-31T16:00:00-04:00,125.4,2011-12-16,46.04,0.12613698630136985,148.0,call,0.02,0.03,0.03,321,,0.19899,0.00831,0.00265,0.01033,-0.00204,0.00149,spy_options_2011.parquet,497252
SPY,2011-10-31,2011-10-31T16:00:00-04:00,125.4,2011-12-16,46.04,0.12613698630136985,148.0,put,23.16,23.45,20.45,42,,-0.00016,-1.0,0.0,-235.99969,0.0,0.0,spy_options_2011.parquet,497252
SPY,2011-10-31,2011-10-31T16:00:00-04:00,125.4,2011-12-16,46.04,0.12613698630136985,149.0,call,0.02,0.02,0.03,0,,0.19295,0.00582,0.00185,0.00689,-0.00178,0.00082,spy_options_2011.parquet,497253
SPY,2011-10-31,2011-10-31T16:00:00-04:00,125.4,2011-12-16,46.04,0.12613698630136985,149.0,put,24.17,24.57,21.37,11,,0.00028,-1.0,0.0,-245.99954,0.0,0.0,spy_options_2011.parquet,497253
SPY,2011-10-31,2011-10-31T16:00:00-04:00,125.4,2011-12-16,46.04,0.12613698630136985,150.0,call,0.01,0.02,0.03,145,,0.19953,0.00511,0.00168,0.00751,-0.00113,0.0006,spy_options_2011.parquet,497254
SPY,2011-10-31,2011-10-31T16:00:00-04:00,125.4,2011-12-16,46.04,0.12613698630136985,150.0,put,25.16,25.57,24.5,8,,0.00016,-1.0,0.0,-255.99999,0.0,0.0,spy_options_2011.parquet,497254
SPY,2011-10-31,2011-10-31T16:00:00-04:00,125.4,2011-12-16,46.04,0.12613698630136985,151.0,call,0.02,0.03,0.02,20,,0.20593,0.00494,0.00158,0.00656,-0.00124,0.00113,spy_options_2011.parquet,497255
SPY,2011-10-31,2011-10-31T16:00:00-04:00,125.4,2011-12-16,46.04,0.12613698630136985,151.0,put,26.16,26.57,25.53,79,,0.00073,-1.0,0.0,-266.00047,0.0,0.0,spy_options_2011.parquet,497255
SPY,2011-10-31,2011-10-31T16:00:00-04:00,125.4,2011-12-16,46.04,0.12613698630136985,152.0,call,0.0,0.03,0.06,0,,0.20347,0.00383,0.0012,0.00504,-0.00116,0.00064,spy_options_2011.parquet,497256
SPY,2011-10-31,2011-10-31T16:00:00-04:00,125.4,2011-12-16,46.04,0.12613698630136985,152.0,put,27.16,27.56,28.76,0,,5e-05,-1.0,0.0,-275.99961,0.0,0.0,spy_options_2011.parquet,497256
SPY,2011-10-31,2011-10-31T16:00:00-04:00,125.4,2011-12-16,46.04,0.12613698630136985,153.0,call,0.0,0.03,0.05,0,,0.20988,0.00346,0.00113,0.00447,-0.00108,0.00039,spy_options_2011.parquet,497257
SPY,2011-10-31,2011-10-31T16:00:00-04:00,125.4,2011-12-16,46.04,0.12613698630136985,153.0,put,28.18,28.56,29.76,0,,0.00054,-1.0,0.0,-285.99991,0.0,0.0,spy_options_2011.parquet,497257
SPY,2011-10-31,2011-10-31T16:00:00-04:00,125.4,2011-12-16,46.04,0.12613698630136985,154.0,call,0.0,0.01,0.04,0,,0.20226,0.002,0.00071,0.003,-0.0006,0.00066,spy_options_2011.parquet,497258
SPY,2011-10-31,2011-10-31T16:00:00-04:00,125.4,2011-12-16,46.04,0.12613698630136985,154.0,put,29.12,29.54,26.03,0,,0.00068,-1.0,0.0,-296.00001,0.0,0.0,spy_options_2011.parquet,497258
SPY,2011-10-31,2011-10-31T16:00:00-04:00,125.4,2011-12-16,46.04,0.12613698630136985,155.0,call,0.0,0.01,0.01,0,,0.2069,0.00154,0.00059,0.00317,-0.00036,0.00061,spy_options_2011.parquet,497259
SPY,2011-10-31,2011-10-31T16:00:00-04:00,125.4,2011-12-16,46.04,0.12613698630136985,155.0,put,30.12,30.54,31.85,0,,0.00074,-1.0,0.0,-305.99979,0.0,0.0,spy_options_2011.parquet,497259
SPY,2011-10-31,2011-10-31T16:00:00-04:00,125.4,2011-12-16,46.04,0.12613698630136985,156.0,call,0.0,0.01,0.01,10,,0.21233,0.00204,0.00062,0.00243,-0.00097,8e-05,spy_options_2011.parquet,497260
SPY,2011-10-31,2011-10-31T16:00:00-04:00,125.4,2011-12-16,46.04,0.12613698630136985,156.0,put,31.12,31.54,32.59,0,,0.00048,-1.0,0.0,-316.00007,0.0,0.0,spy_options_2011.parquet,497260
SPY,2011-10-31,2011-10-31T16:00:00-04:00,125.4,2011-12-16,46.04,0.12613698630136985,157.0,call,0.0,0.01,0.01,5,,0.21802,0.002,0.00055,0.00279,-0.00044,0.00021,spy_options_2011.parquet,497261
SPY,2011-10-31,2011-10-31T16:00:00-04:00,125.4,2011-12-16,46.04,0.12613698630136985,157.0,put,32.16,32.56,33.46,0,,0.00053,-1.0,0.0,-326.00029,0.0,0.0,spy_options_2011.parquet,497261
SPY,2011-10-31,2011-10-31T16:00:00-04:00,125.4,2011-12-16,46.04,0.12613698630136985,158.0,call,0.0,0.02,0.03,0,,0.22378,0.00219,0.00061,0.00297,-0.00069,-0.00015,spy_options_2011.parquet,497262
SPY,2011-10-31,2011-10-31T16:00:00-04:00,125.4,2011-12-16,46.04,0.12613698630136985,158.0,put,33.11,33.54,34.46,0,,0.00064,-1.0,0.0,-336.00017,0.0,0.0,spy_options_2011.parquet,497262
SPY,2011-10-31,2011-10-31T16:00:00-04:00,125.4,2011-12-16,46.04,0.12613698630136985,159.0,call,0.0,0.01,0.0,,,0.22949,0.00125,0.00049,0.0025,-0.00092,0.00034,spy_options_2011.parquet,497263
SPY,2011-10-31,2011-10-31T16:00:00-04:00,125.4,2011-12-16,46.04,0.12613698630136985,159.0,put,34.11,34.54,35.46,0,,0.00023,-1.0,0.0,-345.99979,0.0,0.0,spy_options_2011.parquet,497263
SPY,2011-10-31,2011-10-31T16:00:00-04:00,125.4,2011-12-16,46.04,0.12613698630136985,160.0,call,0.0,0.01,0.01,0,,0.23448,0.00204,0.00051,0.002,-0.00052,-1e-05,spy_options_2011.parquet,497264
SPY,2011-10-31,2011-10-31T16:00:00-04:00,125.4,2011-12-16,46.04,0.12613698630136985,160.0,put,35.1,35.54,38.45,0,,0.0001,-1.0,0.0,-356.0,0.0,0.0,spy_options_2011.parquet,497264
SPY,2011-10-31,2011-10-31T16:00:00-04:00,125.4,2011-12-16,46.04,0.12613698630136985,161.0,call,0.0,0.01,0.0,,,0.23968,0.00214,0.00047,0.00277,-0.00088,0.00017,spy_options_2011.parquet,497265
SPY,2011-10-31,2011-10-31T16:00:00-04:00,125.4,2011-12-16,46.04,0.12613698630136985,161.0,put,36.1,36.54,39.45,0,,-0.00016,-1.0,0.0,-366.00024,0.0,0.0,spy_options_2011.parquet,497265
SPY,2011-10-31,2011-10-31T16:00:00-04:00,125.4,2011-12-16,46.04,0.12613698630136985,162.0,call,0.0,0.01,0.0,,,0.24507,0.00129,0.00043,0.00272,-0.00024,0.00015,spy_options_2011.parquet,497266
SPY,2011-10-31,2011-10-31T16:00:00-04:00,125.4,2011-12-16,46.04,0.12613698630136985,162.0,put,37.14,37.56,40.45,0,,-1e-05,-1.0,0.0,-376.00005,0.0,0.0,spy_options_2011.parquet,497266
SPY,2011-10-31,2011-10-31T16:00:00-04:00,125.4,2011-12-16,46.04,0.12613698630136985,163.0,call,0.0,0.01,0.0,,,0.25031,0.00127,0.00046,0.00201,-0.00088,0.00069,spy_options_2011.parquet,497267
SPY,2011-10-31,2011-10-31T16:00:00-04:00,125.4,2011-12-16,46.04,0.12613698630136985,163.0,put,38.15,38.55,39.85,0,,0.00017,-1.0,0.0,-386.00009,0.0,0.0,spy_options_2011.parquet,497267
SPY,2011-10-31,2011-10-31T16:00:00-04:00,125.4,2011-12-16,46.04,0.12613698630136985,164.0,call,0.0,0.01,0.0,,,0.25485,0.00143,0.0004,0.00185,-0.00107,3e-05,spy_options_2011.parquet,497268
SPY,2011-10-31,2011-10-31T16:00:00-04:00,125.4,2011-12-16,46.04,0.12613698630136985,164.0,put,39.17,39.55,40.49,0,,0.00018,-1.0,0.0,-395.99999,0.0,0.0,spy_options_2011.parquet,497268
SPY,2011-10-31,2011-10-31T16:00:00-04:00,125.4,2011-12-16,46.04,0.12613698630136985,165.0,call,0.0,0.01,0.05,0,,0.25971,0.00146,0.00041,0.00207,-0.0006,0.00012,spy_options_2011.parquet,497269
SPY,2011-10-31,2011-10-31T16:00:00-04:00,125.4,2011-12-16,46.04,0.12613698630136985,165.0,put,40.15,40.56,37.44,125,,0.00058,-1.0,0.0,-406.00011,0.0,0.0,spy_options_2011.parquet,497269
SPY,2011-10-31,2011-10-31T16:00:00-04:00,125.4,2011-12-16,46.04,0.12613698630136985,170.0,call,0.0,0.01,0.04,0,,0.28454,0.00158,0.00038,0.00238,-0.00015,0.0002,spy_options_2011.parquet,497270
SPY,2011-10-31,2011-10-31T16:00:00-04:00,125.4,2011-12-16,46.04,0.12613698630136985,170.0,put,45.1,45.53,61.6,0,,0.00032,-1.0,0.0,-455.99979,0.0,0.0,spy_options_2011.parquet,497270
SPY,2011-10-31,2011-10-31T16:00:00-04:00,125.4,2011-12-16,46.04,0.12613698630136985,175.0,call,0.0,0.01,0.01,0,,0.30936,0.0009,0.00028,0.0017,-0.0003,2e-05,spy_options_2011.parquet,497271
SPY,2011-10-31,2011-10-31T16:00:00-04:00,125.4,2011-12-16,46.04,0.12613698630136985,175.0,put,50.15,50.55,63.47,0,,0.00037,-1.0,0.0,-506.00027,0.0,0.0,spy_options_2011.parquet,497271
SPY,2011-10-31,2011-10-31T16:00:00-04:00,125.4,2011-12-16,46.04,0.12613698630136985,180.0,call,0.0,0.01,0.01,0,,0.33232,0.00163,0.00029,0.00196,-0.00106,0.00052,spy_options_2011.parquet,497272
SPY,2011-10-31,2011-10-31T16:00:00-04:00,125.4,2011-12-16,46.04,0.12613698630136985,180.0,put,55.14,55.54,68.02,0,,-5e-05,-1.0,0.0,-556.00015,0.0,0.0,spy_options_2011.parquet,497272
SPY,2011-10-31,2011-10-31T16:00:00-04:00,125.4,2011-12-16,46.04,0.12613698630136985,185.0,call,0.0,0.02,0.01,0,,0.35459,0.001,0.00024,0.00137,-0.00018,0.00012,spy_options_2011.parquet,497273
SPY,2011-10-31,2011-10-31T16:00:00-04:00,125.4,2011-12-16,46.04,0.12613698630136985,185.0,put,60.09,60.52,62.21,0,,0.00053,-1.0,0.0,-606.00049,0.0,0.0,spy_options_2011.parquet,497273
SPY,2011-10-31,2011-10-31T16:00:00-04:00,125.4,2011-12-16,46.04,0.12613698630136985,85.0,call,40.35,40.73,43.41,25,,0.7347,0.92486,0.00182,0.04749,-0.03226,0.01853,spy_options_2011.parquet,497189
SPY,2011-10-31,2011-10-31T16:00:00-04:00,125.4,2011-12-16,46.04,0.12613698630136985,85.0,put,0.14,0.16,0.1,2,,0.52524,-0.01691,0.00175,0.01828,-0.01065,-0.00327,spy_options_2011.parquet,497189
SPY,2011-10-31,2011-10-31T16:00:00-04:00,125.4,2011-12-16,46.04,0.12613698630136985,86.0,call,39.36,39.73,30.42,0,,0.71282,0.92585,0.00202,0.04744,-0.0309,0.01883,spy_options_2011.parquet,497190
SPY,2011-10-31,2011-10-31T16:00:00-04:00,125.4,2011-12-16,46.04,0.12613698630136985,86.0,put,0.16,0.17,0.1,90,,0.51808,-0.01818,0.00189,0.02029,-0.01167,-0.00298,spy_options_2011.parquet,497190
SPY,2011-10-31,2011-10-31T16:00:00-04:00,125.4,2011-12-16,46.04,0.12613698630136985,87.0,call,38.39,38.75,37.52,0,,0.69359,0.92671,0.00215,0.04784,-0.03052,0.02043,spy_options_2011.parquet,497191
SPY,2011-10-31,2011-10-31T16:00:00-04:00,125.4,2011-12-16,46.04,0.12613698630136985,87.0,put,0.16,0.19,0.11,3,,0.50969,-0.01986,0.00208,0.02101,-0.0113,-0.0036,spy_options_2011.parquet,497191
SPY,2011-10-31,2011-10-31T16:00:00-04:00,125.4,2011-12-16,46.04,0.12613698630136985,88.0,call,37.38,37.77,32.59,0,,0.67296,0.92738,0.00235,0.04736,-0.0292,0.0217,spy_options_2011.parquet,497192
SPY,2011-10-31,2011-10-31T16:00:00-04:00,125.4,2011-12-16,46.04,0.12613698630136985,88.0,put,0.18,0.19,0.16,12,,0.50153,-0.02097,0.0023,0.02343,-0.01266,-0.00416,spy_options_2011.parquet,497192
SPY,2011-10-31,2011-10-31T16:00:00-04:00,125.4,2011-12-16,46.04,0.12613698630136985,89.0,call,36.41,36.79,35.04,0,,0.6546,0.92811,0.00264,0.04782,-0.02819,0.02272,spy_options_2011.parquet,497193
SPY,2011-10-31,2011-10-31T16:00:00-04:00,125.4,2011-12-16,46.04,0.12613698630136985,89.0,put,0.19,0.22,0.15,,,0.49569,-0.02387,0.00249,0.02494,-0.01328,-0.00452,spy_options_2011.parquet,497193
SPY,2011-10-31,2011-10-31T16:00:00-04:00,125.4,2011-12-16,46.04,0.12613698630136985,90.0,call,35.4,35.8,36.83,42,,0.63269,0.92895,0.00278,0.04795,-0.02723,0.02341,spy_options_2011.parquet,497194
SPY,2011-10-31,2011-10-31T16:00:00-04:00,125.4,2011-12-16,46.04,0.12613698630136985,90.0,put,0.21,0.24,0.21,,,0.48778,-0.02586,0.00268,0.02642,-0.01379,-0.00426,spy_options_2011.parquet,497194
SPY,2011-10-31,2011-10-31T16:00:00-04:00,125.4,2011-12-16,46.04,0.12613698630136985,91.0,call,34.44,34.81,30.21,0,,0.61866,0.92878,0.00313,0.04934,-0.02714,0.02601,spy_options_2011.parquet,497195
SPY,2011-10-31,2011-10-31T16:00:00-04:00,125.4,2011-12-16,46.04,0.12613698630136985,91.0,put,0.24,0.25,0.23,223,,0.48052,-0.02745,0.00295,0.02847,-0.01464,-0.0052,spy_options_2011.parquet,497195
SPY,2011-10-31,2011-10-31T16:00:00-04:00,125.4,2011-12-16,46.04,0.12613698630136985,92.0,call,33.46,33.83,36.38,22,,0.60307,0.92812,0.00344,0.05004,-0.02646,0.02856,spy_options_2011.parquet,497196
SPY,2011-10-31,2011-10-31T16:00:00-04:00,125.4,2011-12-16,46.04,0.12613698630136985,92.0,put,0.26,0.29,0.25,,,0.4741,-0.03016,0.00328,0.03159,-0.01617,-0.00521,spy_options_2011.parquet,497196
SPY,2011-10-31,2011-10-31T16:00:00-04:00,125.4,2011-12-16,46.04,0.12613698630136985,93.0,call,32.48,32.85,35.39,40,,0.58698,0.92768,0.00378,0.05102,-0.02604,0.03085,spy_options_2011.parquet,497197
SPY,2011-10-31,2011-10-31T16:00:00-04:00,125.4,2011-12-16,46.04,0.12613698630136985,93.0,put,0.29,0.3,0.27,,,0.46624,-0.03354,0.0035,0.03362,-0.01636,-0.00607,spy_options_2011.parquet,497197
SPY,2011-10-31,2011-10-31T16:00:00-04:00,125.4,2011-12-16,46.04,0.12613698630136985,94.0,call,31.5,31.87,34.78,0,,0.5698,0.92714,0.00411,0.05164,-0.02634,0.03235,spy_options_2011.parquet,497198
SPY,2011-10-31,2011-10-31T16:00:00-04:00,125.4,2011-12-16,46.04,0.12613698630136985,94.0,put,0.31,0.34,0.3,,,0.46019,-0.03618,0.0039,0.03566,-0.01792,-0.00645,spy_options_2011.parquet,497198
SPY,2011-10-31,2011-10-31T16:00:00-04:00,125.4,2011-12-16,46.04,0.12613698630136985,95.0,call,30.55,30.89,33.34,44,,0.55948,0.92514,0.00449,0.05439,-0.02666,0.03526,spy_options_2011.parquet,497199
SPY,2011-10-31,2011-10-31T16:00:00-04:00,125.4,2011-12-16,46.04,0.12613698630136985,95.0,put,0.34,0.35,0.32,,,0.45306,-0.03963,0.00415,0.03886,-0.01865,-0.00637,spy_options_2011.parquet,497199
SPY,2011-10-31,2011-10-31T16:00:00-04:00,125.4,2011-12-16,46.04,0.12613698630136985,96.0,call,29.59,29.93,28.07,0,,0.54638,0.92375,0.00497,0.05587,-0.02637,0.03781,spy_options_2011.parquet,497200
SPY,2011-10-31,2011-10-31T16:00:00-04:00,125.4,2011-12-16,46.04,0.12613698630136985,96.0,put,0.37,0.37,0.31,116,,0.44391,-0.04318,0.00452,0.04115,-0.01962,-0.00752,spy_options_2011.parquet,497200
SPY,2011-10-31,2011-10-31T16:00:00-04:00,125.4,2011-12-16,46.04,0.12613698630136985,97.0,call,28.61,28.95,31.45,22,,0.53222,0.92203,0.0054,0.05783,-0.02632,0.04039,spy_options_2011.parquet,497201
SPY,2011-10-31,2011-10-31T16:00:00-04:00,125.4,2011-12-16,46.04,0.12613698630136985,97.0,put,0.4,0.42,0.36,778,,0.43926,-0.04703,0.00494,0.04453,-0.02112,-0.0079,spy_options_2011.parquet,497201
SPY,2011-10-31,2011-10-31T16:00:00-04:00,125.4,2011-12-16,46.04,0.12613698630136985,98.0,call,27.64,27.98,30.47,36,,0.51907,0.92011,0.00591,0.05904,-0.02614,0.04275,spy_options_2011.parquet,497202
SPY,2011-10-31,2011-10-31T16:00:00-04:00,125.4,2011-12-16,46.04,0.12613698630136985,98.0,put,0.43,0.46,0.39,813,,0.43087,-0.05145,0.00544,0.04726,-0.02203,-0.00895,spy_options_2011.parquet,497202
SPY,2011-10-31,2011-10-31T16:00:00-04:00,125.4,2011-12-16,46.04,0.12613698630136985,99.0,call,26.68,27.0,29.54,199,,0.50697,0.91624,0.00639,0.06153,-0.02731,0.046,spy_options_2011.parquet,497203
SPY,2011-10-31,2011-10-31T16:00:00-04:00,125.4,2011-12-16,46.04,0.12613698630136985,99.0,put,0.47,0.49,0.42,193,,0.42373,-0.05604,0.00593,0.05031,-0.02325,-0.00982,spy_options_2011.parquet,497203
SPY,2011-10-31,2011-10-31T16:00:00-04:00,125.4,2011-12-30,60.04,0.1644931506849315,100.0,call,25.77,26.12,28.55,1,,0.45279,0.90811,0.0075,0.07744,-0.02191,0.06386,spy_options_2011.parquet,497299
SPY,2011-10-31,2011-10-31T16:00:00-04:00,125.4,2011-12-30,60.04,0.1644931506849315,100.0,put,0.69,0.73,0.69,161,,0.39327,-0.07406,0.00697,0.07147,-0.02405,-0.01652,spy_options_2011.parquet,497299
SPY,2011-10-31,2011-10-31T16:00:00-04:00,125.4,2011-12-30,60.04,0.1644931506849315,101.0,call,24.84,25.18,24.05,0,,0.44578,0.90237,0.00815,0.08167,-0.02311,0.06823,spy_options_2011.parquet,497300
SPY,2011-10-31,2011-10-31T16:00:00-04:00,125.4,2011-12-30,60.04,0.1644931506849315,101.0,put,0.74,0.8,0.58,10,,0.3871,-0.08067,0.00749,0.07623,-0.0257,-0.01826,spy_options_2011.parquet,497300
SPY,2011-10-31,2011-10-31T16:00:00-04:00,125.4,2011-12-30,60.04,0.1644931506849315,102.0,call,23.89,24.23,21.82,0,,0.43624,0.89739,0.00879,0.0861,-0.02339,0.07141,spy_options_2011.parquet,497301
SPY,2011-10-31,2011-10-31T16:00:00-04:00,125.4,2011-12-30,60.04,0.1644931506849315,102.0,put,0.81,0.85,0.72,0,,0.38196,-0.08763,0.00809,0.08114,-0.02703,-0.02018,spy_options_2011.parquet,497301
SPY,2011-10-31,2011-10-31T16:00:00-04:00,125.4,2011-12-30,60.04,0.1644931506849315,103.0,call,22.95,23.29,13.58,0,,0.42667,0.89059,0.00941,0.08977,-0.02482,0.07478,spy_options_2011.parquet,497302
SPY,2011-10-31,2011-10-31T16:00:00-04:00,125.4,2011-12-30,60.04,0.1644931506849315,103.0,put,0.88,0.93,0.61,0,,0.37573,-0.09407,0.00876,0.08632,-0.02751,-0.02133,spy_options_2011.parquet,497302
SPY,2011-10-31,2011-10-31T16:00:00-04:00,125.4,2011-12-30,60.04,0.1644931506849315,104.0,call,22.01,22.34,12.62,0,,0.41868,0.88374,0.01019,0.0949,-0.02511,0.07894,spy_options_2011.parquet,497303
SPY,2011-10-31,2011-10-31T16:00:00-04:00,125.4,2011-12-30,60.04,0.1644931506849315,104.0,put,0.96,1.0,0.91,30,,0.36901,-0.1016,0.00936,0.09155,-0.02873,-0.02284,spy_options_2011.parquet,497303
SPY,2011-10-31,2011-10-31T16:00:00-04:00,125.4,2011-12-30,60.04,0.1644931506849315,105.0,call,21.01,21.41,20.17,0,,0.40547,0.8793,0.01095,0.0978,-0.02477,0.08121,spy_options_2011.parquet,497304
SPY,2011-10-31,2011-10-31T16:00:00-04:00,125.4,2011-12-30,60.04,0.1644931506849315,105.0,put,1.03,1.08,0.83,11,,0.3621,-0.11037,0.01014,0.09637,-0.03049,-0.02466,spy_options_2011.parquet,497304
SPY,2011-10-31,2011-10-31T16:00:00-04:00,125.4,2011-12-30,60.04,0.1644931506849315,106.0,call,20.15,20.49,19.39,0,,0.40092,0.86815,0.01169,0.10502,-0.02644,0.08461,spy_options_2011.parquet,497305
SPY,2011-10-31,2011-10-31T16:00:00-04:00,125.4,2011-12-30,60.04,0.1644931506849315,106.0,put,1.12,1.17,0.91,5,,0.35621,-0.11899,0.01086,0.10232,-0.03133,-0.02703,spy_options_2011.parquet,497305
SPY,2011-10-31,2011-10-31T16:00:00-04:00,125.4,2011-12-30,60.04,0.1644931506849315,107.0,call,19.24,19.57,15.56,0,,0.39336,0.85876,0.01248,0.10992,-0.02721,0.0878,spy_options_2011.parquet,497306
SPY,2011-10-31,2011-10-31T16:00:00-04:00,125.4,2011-12-30,60.04,0.1644931506849315,107.0,put,1.22,1.27,1.1,238,,0.35063,-0.12927,0.01174,0.10831,-0.03262,-0.02915,spy_options_2011.parquet,497306
SPY,2011-10-31,2011-10-31T16:00:00-04:00,125.4,2011-12-30,60.04,0.1644931506849315,108.0,call,18.44,18.67,14.07,0,,0.39024,0.84597,0.01325,0.11706,-0.02955,0.09113,spy_options_2011.parquet,497307
SPY,2011-10-31,2011-10-31T16:00:00-04:00,125.4,2011-12-30,60.04,0.1644931506849315,108.0,put,1.34,1.37,1.09,265,,0.34524,-0.14048,0.01258,0.1138,-0.03418,-0.03172,spy_options_2011.parquet,497307
SPY,2011-10-31,2011-10-31T16:00:00-04:00,125.4,2011-12-30,60.04,0.1644931506849315,109.0,call,17.54,17.75,16.43,0,,0.38091,0.83577,0.01418,0.12308,-0.02979,0.09344,spy_options_2011.parquet,497308
SPY,2011-10-31,2011-10-31T16:00:00-04:00,125.4,2011-12-30,60.04,0.1644931506849315,109.0,put,1.46,1.48,1.15,235,,0.33986,-0.15152,0.01349,0.12049,-0.03625,-0.03421,spy_options_2011.parquet,497308
SPY,2011-10-31,2011-10-31T16:00:00-04:00,125.4,2011-12-30,60.04,0.1644931506849315,110.0,call,16.63,16.85,16.2,0,,0.37267,0.82517,0.01504,0.12821,-0.03063,0.09581,spy_options_2011.parquet,497309
SPY,2011-10-31,2011-10-31T16:00:00-04:00,125.4,2011-12-30,60.04,0.1644931506849315,110.0,put,1.56,1.61,1.59,395,,0.33368,-0.16403,0.01442,0.1261,-0.03669,-0.03743,spy_options_2011.parquet,497309
SPY,2011-10-31,2011-10-31T16:00:00-04:00,125.4,2011-12-30,60.04,0.1644931506849315,111.0,call,15.75,15.97,15.08,0,,0.36482,0.81209,0.01602,0.13444,-0.03156,0.09811,spy_options_2011.parquet,497310
SPY,2011-10-31,2011-10-31T16:00:00-04:00,125.4,2011-12-30,60.04,0.1644931506849315,111.0,put,1.67,1.74,1.63,145,,0.32694,-0.17647,0.01548,0.13216,-0.03837,-0.04004,spy_options_2011.parquet,497310
SPY,2011-10-31,2011-10-31T16:00:00-04:00,125.4,2011-12-30,60.04,0.1644931506849315,112.0,call,14.88,15.08,14.92,0,,0.35736,0.79838,0.01698,0.1411,-0.03278,0.09987,spy_options_2011.parquet,497311
SPY,2011-10-31,2011-10-31T16:00:00-04:00,125.4,2011-12-30,60.04,0.1644931506849315,112.0,put,1.84,1.9,1.45,200,,0.32269,-0.19206,0.01649,0.13942,-0.03953,-0.04369,spy_options_2011.parquet,497311
SPY,2011-10-31,2011-10-31T16:00:00-04:00,125.4,2011-12-30,60.04,0.1644931506849315,113.0,call,14.02,14.23,16.14,0,,0.34916,0.78339,0.01797,0.1468,-0.03317,0.10144,spy_options_2011.parquet,497312
SPY,2011-10-31,2011-10-31T16:00:00-04:00,125.4,2011-12-30,60.04,0.1644931506849315,113.0,put,1.98,2.07,2.0,,,0.3158,-0.20747,0.01755,0.14598,-0.04068,-0.04665,spy_options_2011.parquet,497312
SPY,2011-10-31,2011-10-31T16:00:00-04:00,125.4,2011-12-30,60.04,0.1644931506849315,114.0,call,13.14,13.35,13.84,4,,0.34006,0.7694,0.01915,0.15308,-0.0337,0.10161,spy_options_2011.parquet,497313
SPY,2011-10-31,2011-10-31T16:00:00-04:00,125.4,2011-12-30,60.04,0.1644931506849315,114.0,put,2.16,2.22,2.16,813,,0.31001,-0.22375,0.01873,0.15285,-0.04268,-0.04997,spy_options_2011.parquet,497313
SPY,2011-10-31,2011-10-31T16:00:00-04:00,125.4,2011-12-30,60.04,0.1644931506849315,115.0,call,12.36,12.55,12.91,3,,0.33537,0.75022,0.02004,0.15999,-0.03494,0.1031,spy_options_2011.parquet,497314
SPY,2011-10-31,2011-10-31T16:00:00-04:00,125.4,2011-12-30,60.04,0.1644931506849315,115.0,put,2.32,2.4,2.29,114,,0.30288,-0.24047,0.01999,0.15849,-0.04356,-0.054,spy_options_2011.parquet,497314
SPY,2011-10-31,2011-10-31T16:00:00-04:00,125.4,2011-12-30,60.04,0.1644931506849315,116.0,call,11.52,11.72,10.71,0,,0.32741,0.73216,0.02114,0.16599,-0.03576,0.10386,spy_options_2011.parquet,497315
SPY,2011-10-31,2011-10-31T16:00:00-04:00,125.4,2011-12-30,60.04,0.1644931506849315,116.0,put,2.52,2.62,2.43,,,0.2987,-0.26002,0.02116,0.16536,-0.04426,-0.05866,spy_options_2011.parquet,497315
SPY,2011-10-31,2011-10-31T16:00:00-04:00,125.4,2011-12-30,60.04,0.1644931506849315,117.0,call,10.65,10.89,11.76,3,,0.31747,0.71487,0.02247,0.17135,-0.03655,0.10337,spy_options_2011.parquet,497316
SPY,2011-10-31,2011-10-31T16:00:00-04:00,125.4,2011-12-30,60.04,0.1644931506849315,117.0,put,2.72,2.83,2.55,,,0.2925,-0.28073,0.02233,0.172,-0.04599,-0.06291,spy_options_2011.parquet,497316
SPY,2011-10-31,2011-10-31T16:00:00-04:00,125.4,2011-12-30,60.04,0.1644931506849315,118.0,call,9.87,10.09,10.34,51,,0.31074,0.69326,0.02363,0.17693,-0.03685,0.10261,spy_options_2011.parquet,497317
SPY,2011-10-31,2011-10-31T16:00:00-04:00,125.4,2011-12-30,60.04,0.1644931506849315,118.0,put,2.95,3.05,2.67,106,,0.28667,-0.30213,0.02364,0.17782,-0.04675,-0.06823,spy_options_2011.parquet,497317
SPY,2011-10-31,2011-10-31T16:00:00-04:00,125.4,2011-12-30,60.04,0.1644931506849315,119.0,call,9.11,9.34,10.46,0,,0.30456,0.67087,0.02466,0.18259,-0.03699,0.1027,spy_options_2011.parquet,497318
SPY,2011-10-31,2011-10-31T16:00:00-04:00,125.4,2011-12-30,60.04,0.1644931506849315,119.0,put,3.27,3.3,3.2,10,,0.28097,-0.32485,0.02486,0.18411,-0.04741,-0.07398,spy_options_2011.parquet,497318
SPY,2011-10-31,2011-10-31T16:00:00-04:00,125.4,2011-12-30,60.04,0.1644931506849315,120.0,call,8.38,8.57,9.18,24,,0.29672,0.64744,0.02577,0.18761,-0.03736,0.10066,spy_options_2011.parquet,497319
SPY,2011-10-31,2011-10-31T16:00:00-04:00,125.4,2011-12-30,60.04,0.1644931506849315,120.0,put,3.49,3.55,3.54,672,,0.27395,-0.34863,0.02629,0.1887,-0.04766,-0.07875,spy_options_2011.parquet,497319
SPY,2011-10-31,2011-10-31T16:00:00-04:00,125.4,2011-12-30,60.04,0.1644931506849315,121.0,call,7.69,7.88,9.4,1,,0.2916,0.62164,0.02663,0.19219,-0.03829,0.09898,spy_options_2011.parquet,497320
SPY,2011-10-31,2011-10-31T16:00:00-04:00,125.4,2011-12-30,60.04,0.1644931506849315,121.0,put,3.77,3.86,3.15,8,,0.26821,-0.37544,0.0274,0.1936,-0.04894,-0.08467,spy_options_2011.parquet,497320
SPY,2011-10-31,2011-10-31T16:00:00-04:00,125.4,2011-12-30,60.04,0.1644931506849315,122.0,call,7.01,7.17,7.67,15,,0.2852,0.59597,0.02767,0.19603,-0.03831,0.09745,spy_options_2011.parquet,497321
SPY,2011-10-31,2011-10-31T16:00:00-04:00,125.4,2011-12-30,60.04,0.1644931506849315,122.0,put,4.09,4.2,4.1,112,,0.26226,-0.40277,0.0286,0.19748,-0.04853,-0.09154,spy_options_2011.parquet,497321
SPY,2011-10-31,2011-10-31T16:00:00-04:00,125.4,2011-12-30,60.04,0.1644931506849315,123.0,call,6.35,6.42,7.02,9,,0.27692,0.56842,0.02883,0.19905,-0.0378,0.094,spy_options_2011.parquet,497322
SPY,2011-10-31,2011-10-31T16:00:00-04:00,125.4,2011-12-30,60.04,0.1644931506849315,123.0,put,4.42,4.53,4.19,141,,0.25673,-0.43173,0.02976,0.20061,-0.04866,-0.09801,spy_options_2011.parquet,497322
SPY,2011-10-31,2011-10-31T16:00:00-04:00,125.4,2011-12-30,60.04,0.1644931506849315,124.0,call,5.69,5.73,6.59,1,,0.26936,0.53833,0.02982,0.20153,-0.03768,0.09122,spy_options_2011.parquet,497323
SPY,2011-10-31,2011-10-31T16:00:00-04:00,125.4,2011-12-30,60.04,0.1644931506849315,124.0,put,4.8,4.91,4.5,96,,0.25034,-0.46186,0.0307,0.20262,-0.04918,-0.10458,spy_options_2011.parquet,497323
SPY,2011-10-31,2011-10-31T16:00:00-04:00,125.4,2011-12-30,60.04,0.1644931506849315,125.0,call,5.07,5.12,5.25,936,,0.26325,0.50752,0.03053,0.20282,-0.03691,0.08749,spy_options_2011.parquet,497324
SPY,2011-10-31,2011-10-31T16:00:00-04:00,125.4,2011-12-30,60.04,0.1644931506849315,125.0,put,5.2,5.3,5.3,,,0.24381,-0.49419,0.03163,0.2028,-0.04898,-0.1119,spy_options_2011.parquet,497324
SPY,2011-10-31,2011-10-31T16:00:00-04:00,125.4,2011-12-30,60.04,0.1644931506849315,126.0,call,4.49,4.54,4.57,57,,0.25572,0.47562,0.03106,0.20256,-0.03585,0.08384,spy_options_2011.parquet,497325
SPY,2011-10-31,2011-10-31T16:00:00-04:00,125.4,2011-12-30,60.04,0.1644931506849315,126.0,put,5.6,5.74,5.3,,,0.23808,-0.52771,0.0324,0.2022,-0.04766,-0.12037,spy_options_2011.parquet,497325
SPY,2011-10-31,2011-10-31T16:00:00-04:00,125.4,2011-12-30,60.04,0.1644931506849315,127.0,call,3.95,3.98,3.95,397,,0.24988,0.44292,0.03151,0.20088,-0.03489,0.07897,spy_options_2011.parquet,497326
SPY,2011-10-31,2011-10-31T16:00:00-04:00,125.4,2011-12-30,60.04,0.1644931506849315,127.0,put,6.06,6.2,5.73,304,,0.23122,-0.56227,0.03287,0.20053,-0.04683,-0.12823,spy_options_2011.parquet,497326
SPY,2011-10-31,2011-10-31T16:00:00-04:00,125.4,2011-12-30,60.04,0.1644931506849315,128.0,call,3.45,3.48,3.61,103,,0.2444,0.40971,0.03163,0.19781,-0.03379,0.07402,spy_options_2011.parquet,497327
SPY,2011-10-31,2011-10-31T16:00:00-04:00,125.4,2011-12-30,60.04,0.1644931506849315,128.0,put,6.57,6.69,6.23,21,,0.22503,-0.59773,0.03313,0.19568,-0.04575,-0.13622,spy_options_2011.parquet,497327
SPY,2011-10-31,2011-10-31T16:00:00-04:00,125.4,2011-12-30,60.04,0.1644931506849315,129.0,call,2.97,2.98,3.14,534,,0.238,0.37479,0.03162,0.19305,-0.03211,0.06824,spy_options_2011.parquet,497328
SPY,2011-10-31,2011-10-31T16:00:00-04:00,125.4,2011-12-30,60.04,0.1644931506849315,129.0,put,7.07,7.26,5.16,21,,0.21861,-0.63511,0.03314,0.19067,-0.04387,-0.14467,spy_options_2011.parquet,497328
SPY,2011-10-31,2011-10-31T16:00:00-04:00,125.4,2011-12-30,60.04,0.1644931506849315,130.0,call,2.52,2.56,2.61,554,,0.23181,0.33988,0.03122,0.18665,-0.03047,0.06272,spy_options_2011.parquet,497329
SPY,2011-10-31,2011-10-31T16:00:00-04:00,125.4,2011-12-30,60.04,0.1644931506849315,130.0,put,7.66,7.84,7.77,22,,0.21345,-0.6713,0.03261,0.18275,-0.04312,-0.15322,spy_options_2011.parquet,497329
SPY,2011-10-31,2011-10-31T16:00:00-04:00,125.4,2011-12-30,60.04,0.1644931506849315,131.0,call,2.12,2.16,2.3,54,,0.2258,0.30519,0.03056,0.17922,-0.02858,0.05746,spy_options_2011.parquet,497330
SPY,2011-10-31,2011-10-31T16:00:00-04:00,125.4,2011-12-30,60.04,0.1644931506849315,131.0,put,8.26,8.42,7.12,2,,0.20652,-0.70911,0.03191,0.17301,-0.04009,-0.16289,spy_options_2011.parquet,497330
SPY,2011-10-31,2011-10-31T16:00:00-04:00,125.4,2011-12-30,60.04,0.1644931506849315,132.0,call,1.77,1.81,1.8,596,,0.21988,0.27078,0.02963,0.16885,-0.02676,0.05186,spy_options_2011.parquet,497331
SPY,2011-10-31,2011-10-31T16:00:00-04:00,125.4,2011-12-30,60.04,0.1644931506849315,132.0,put,8.9,9.1,8.65,15,,0.20077,-0.74534,0.03064,0.1608,-0.0386,-0.17079,spy_options_2011.parquet,497331
SPY,2011-10-31,2011-10-31T16:00:00-04:00,125.4,2011-12-30,60.04,0.1644931506849315,133.0,call,1.46,1.49,1.81,153,,0.2154,0.23824,0.02818,0.1584,-0.02398,0.04598,spy_options_2011.parquet,497332
SPY,2011-10-31,2011-10-31T16:00:00-04:00,125.4,2011-12-30,60.04,0.1644931506849315,133.0,put,9.6,9.8,8.6,300,,0.19419,-0.78167,0.02892,0.14766,-0.03549,-0.17953,spy_options_2011.parquet,497332
SPY,2011-10-31,2011-10-31T16:00:00-04:00,125.4,2011-12-30,60.04,0.1644931506849315,134.0,call,1.18,1.22,1.35,339,,0.21034,0.20656,0.02662,0.14627,-0.02174,0.04009,spy_options_2011.parquet,497333
SPY,2011-10-31,2011-10-31T16:00:00-04:00,125.4,2011-12-30,60.04,0.1644931506849315,134.0,put,10.32,10.57,10.92,0,,0.18776,-0.81605,0.02683,0.13285,-0.03335,-0.18788,spy_options_2011.parquet,497333
SPY,2011-10-31,2011-10-31T16:00:00-04:00,125.4,2011-12-30,60.04,0.1644931506849315,135.0,call,0.95,0.99,1.0,286,,0.20577,0.1769,0.02465,0.13309,-0.01982,0.034,spy_options_2011.parquet,497334
SPY,2011-10-31,2011-10-31T16:00:00-04:00,125.4,2011-12-30,60.04,0.1644931506849315,135.0,put,11.1,11.37,11.0,37,,0.18289,-0.84802,0.02428,0.11652,-0.03104,-0.19642,spy_options_2011.parquet,497334
SPY,2011-10-31,2011-10-31T16:00:00-04:00,125.4,2011-12-30,60.04,0.1644931506849315,136.0,call,0.72,0.79,0.95,282,,0.20126,0.14861,0.02259,0.11842,-0.01724,0.02938,spy_options_2011.parquet,497335
SPY,2011-10-31,2011-10-31T16:00:00-04:00,125.4,2011-12-30,60.04,0.1644931506849315,136.0,put,11.9,12.22,17.16,0,,0.17735,-0.8756,0.02143,0.10043,-0.02848,-0.20399,spy_options_2011.parquet,497335
SPY,2011-10-31,2011-10-31T16:00:00-04:00,125.4,2011-12-30,60.04,0.1644931506849315,137.0,call,0.56,0.61,0.61,37,,0.19581,0.12299,0.02022,0.10395,-0.01488,0.02397,spy_options_2011.parquet,497336
SPY,2011-10-31,2011-10-31T16:00:00-04:00,125.4,2011-12-30,60.04,0.1644931506849315,137.0,put,12.74,12.97,11.57,6,,0.16348,-0.91339,0.01755,0.07546,-0.02433,-0.21275,spy_options_2011.parquet,497336
SPY,2011-10-31,2011-10-31T16:00:00-04:00,125.4,2011-12-30,60.04,0.1644931506849315,138.0,call,0.44,0.48,0.56,628,,0.19263,0.10104,0.0179,0.09062,-0.01234,0.01958,spy_options_2011.parquet,497337
SPY,2011-10-31,2011-10-31T16:00:00-04:00,125.4,2011-12-30,60.04,0.1644931506849315,138.0,put,13.59,13.84,12.74,6,,0.15248,-0.94108,0.01342,0.05343,-0.02099,-0.21986,spy_options_2011.parquet,497337
SPY,2011-10-31,2011-10-31T16:00:00-04:00,125.4,2011-12-30,60.04,0.1644931506849315,139.0,call,0.33,0.37,0.4,80,,0.19031,0.08206,0.01563,0.07799,-0.01113,0.01616,spy_options_2011.parquet,497338
SPY,2011-10-31,2011-10-31T16:00:00-04:00,125.4,2011-12-30,60.04,0.1644931506849315,139.0,put,14.49,14.81,16.26,0,,0.14488,-0.96005,0.00983,0.037,-0.0199,-0.22532,spy_options_2011.parquet,497338
SPY,2011-10-31,2011-10-31T16:00:00-04:00,125.4,2011-12-30,60.04,0.1644931506849315,140.0,call,0.24,0.3,0.3,1,,0.18702,0.06612,0.01342,0.06648,-0.00913,0.01366,spy_options_2011.parquet,497339
SPY,2011-10-31,2011-10-31T16:00:00-04:00,125.4,2011-12-30,60.04,0.1644931506849315,140.0,put,15.42,15.71,16.88,0,,0.09859,-0.99091,0.00112,0.00274,-0.01563,-0.23381,spy_options_2011.parquet,497339
SPY,2011-10-31,2011-10-31T16:00:00-04:00,125.4,2011-12-30,60.04,0.1644931506849315,141.0,call,0.19,0.23,0.21,135,,0.18526,0.05289,0.01134,0.0553,-0.00746,0.01093,spy_options_2011.parquet,497340
SPY,2011-10-31,2011-10-31T16:00:00-04:00,125.4,2011-12-30,60.04,0.1644931506849315,141.0,put,16.34,16.67,18.34,0,,-0.00016,-1.0,0.0,-165.9998,0.0,0.0,spy_options_2011.parquet,497340
SPY,2011-10-31,2011-10-31T16:00:00-04:00,125.4,2011-12-30,60.04,0.1644931506849315,142.0,call,0.13,0.19,0.19,200,,0.18387,0.04307,0.00963,0.04734,-0.00674,0.00846,spy_options_2011.parquet,497341
SPY,2011-10-31,2011-10-31T16:00:00-04:00,125.4,2011-12-30,60.04,0.1644931506849315,142.0,put,17.32,17.73,19.27,0,,0.00064,-1.0,0.0,-176.00038,0.0,0.0,spy_options_2011.parquet,497341
SPY,2011-10-31,2011-10-31T16:00:00-04:00,125.4,2011-12-30,60.04,0.1644931506849315,143.0,call,0.07,0.15,0.14,20,,0.18074,0.03209,0.00789,0.03781,-0.00498,0.00617,spy_options_2011.parquet,497342
SPY,2011-10-31,2011-10-31T16:00:00-04:00,125.4,2011-12-30,60.04,0.1644931506849315,143.0,put,18.25,18.69,15.55,3,,0.00014,-1.0,0.0,-186.00007,0.0,0.0,spy_options_2011.parquet,497342
SPY,2011-10-31,2011-10-31T16:00:00-04:00,125.4,2011-12-30,60.04,0.1644931506849315,144.0,call,0.06,0.13,0.11,2,,0.18126,0.02608,0.00658,0.03147,-0.00419,0.00491,spy_options_2011.parquet,497343
SPY,2011-10-31,2011-10-31T16:00:00-04:00,125.4,2011-12-30,60.04,0.1644931506849315,144.0,put,19.22,19.64,22.39,0,,0.00015,-1.0,0.0,-195.99977,0.0,0.0,spy_options_2011.parquet,497343
SPY,2011-10-31,2011-10-31T16:00:00-04:00,125.4,2011-12-30,60.04,0.1644931506849315,145.0,call,0.04,0.09,0.08,27,,0.1808,0.0208,0.00541,0.02601,-0.00307,0.004,spy_options_2011.parquet,497344
SPY,2011-10-31,2011-10-31T16:00:00-04:00,125.4,2011-12-30,60.04,0.1644931506849315,145.0,put,20.21,20.63,21.67,0,,0.00067,-1.0,0.0,-205.99964,0.0,0.0,spy_options_2011.parquet,497344
SPY,2011-10-31,2011-10-31T16:00:00-04:00,125.4,2011-12-30,60.04,0.1644931506849315,146.0,call,0.02,0.08,0.06,0,,0.17919,0.01611,0.00432,0.02066,-0.0028,0.00348,spy_options_2011.parquet,497345
SPY,2011-10-31,2011-10-31T16:00:00-04:00,125.4,2011-12-30,60.04,0.1644931506849315,146.0,put,21.2,21.61,22.5,0,,0.00038,-1.0,0.0,-215.99984,0.0,0.0,spy_options_2011.parquet,497345
SPY,2011-10-31,2011-10-31T16:00:00-04:00,125.4,2011-12-30,60.04,0.1644931506849315,147.0,call,0.0,0.06,0.07,5,,0.17965,0.01259,0.00362,0.01767,-0.00204,0.00245,spy_options_2011.parquet,497346
SPY,2011-10-31,2011-10-31T16:00:00-04:00,125.4,2011-12-30,60.04,0.1644931506849315,147.0,put,22.18,22.6,23.49,0,,0.00023,-1.0,0.0,-225.99995,0.0,0.0,spy_options_2011.parquet,497346
SPY,2011-10-31,2011-10-31T16:00:00-04:00,125.4,2011-12-30,60.04,0.1644931506849315,148.0,call,0.01,0.07,0.05,0,,0.18284,0.01109,0.00315,0.01506,-0.00206,0.00184,spy_options_2011.parquet,497347
SPY,2011-10-31,2011-10-31T16:00:00-04:00,125.4,2011-12-30,60.04,0.1644931506849315,148.0,put,23.18,23.56,16.79,0,,-0.00013,-1.0,0.0,-236.00018,0.0,0.0,spy_options_2011.parquet,497347
SPY,2011-10-31,2011-10-31T16:00:00-04:00,125.4,2011-12-30,60.04,0.1644931506849315,149.0,call,0.01,0.06,0.03,0,,0.1857,0.01003,0.00266,0.01367,-0.00155,0.00243,spy_options_2011.parquet,497348
SPY,2011-10-31,2011-10-31T16:00:00-04:00,125.4,2011-12-30,60.04,0.1644931506849315,149.0,put,24.12,24.55,17.59,0,,7e-05,-1.0,0.0,-245.99976,0.0,0.0,spy_options_2011.parquet,497348
SPY,2011-10-31,2011-10-31T16:00:00-04:00,125.4,2011-12-30,60.04,0.1644931506849315,150.0,call,0.0,0.04,0.03,0,,0.18245,0.00708,0.00202,0.01034,-0.00134,0.00115,spy_options_2011.parquet,497349
SPY,2011-10-31,2011-10-31T16:00:00-04:00,125.4,2011-12-30,60.04,0.1644931506849315,150.0,put,25.16,25.56,23.69,0,,0.00066,-1.0,0.0,-255.9996,0.0,0.0,spy_options_2011.parquet,497349
SPY,2011-10-31,2011-10-31T16:00:00-04:00,125.4,2011-12-30,60.04,0.1644931506849315,151.0,call,0.0,0.04,0.04,0,,0.18852,0.00619,0.00193,0.00992,-0.00143,0.00168,spy_options_2011.parquet,497350
SPY,2011-10-31,2011-10-31T16:00:00-04:00,125.4,2011-12-30,60.04,0.1644931506849315,151.0,put,26.12,26.55,19.49,0,,-0.00015,-1.0,0.0,-265.99953,0.0,0.0,spy_options_2011.parquet,497350
SPY,2011-10-31,2011-10-31T16:00:00-04:00,125.4,2011-12-30,60.04,0.1644931506849315,152.0,call,0.0,0.04,0.03,0,,0.19384,0.00676,0.00184,0.0091,-0.00128,0.00155,spy_options_2011.parquet,497351
SPY,2011-10-31,2011-10-31T16:00:00-04:00,125.4,2011-12-30,60.04,0.1644931506849315,152.0,put,27.12,27.55,28.47,0,,-1e-05,-1.0,0.0,-276.00046,0.0,0.0,spy_options_2011.parquet,497351
SPY,2011-10-31,2011-10-31T16:00:00-04:00,125.4,2011-12-30,60.04,0.1644931506849315,153.0,call,0.0,0.04,0.0,,,0.19955,0.00618,0.00176,0.00873,-0.0013,0.00167,spy_options_2011.parquet,497352
SPY,2011-10-31,2011-10-31T16:00:00-04:00,125.4,2011-12-30,60.04,0.1644931506849315,153.0,put,28.12,28.55,29.47,0,,0.00043,-1.0,0.0,-285.9995,0.0,0.0,spy_options_2011.parquet,497352
SPY,2011-10-31,2011-10-31T16:00:00-04:00,125.4,2011-12-30,60.04,0.1644931506849315,154.0,call,0.0,0.03,0.0,,,0.19929,0.00454,0.00134,0.00774,-0.00078,0.00076,spy_options_2011.parquet,497353
SPY,2011-10-31,2011-10-31T16:00:00-04:00,125.4,2011-12-30,60.04,0.1644931506849315,154.0,put,29.15,29.58,0.0,,,-4e-05,-1.0,0.0,-295.99953,0.0,0.0,spy_options_2011.parquet,497353
SPY,2011-10-31,2011-10-31T16:00:00-04:00,125.4,2011-12-30,60.04,0.1644931506849315,155.0,call,0.0,0.03,0.09,0,,0.20425,0.00432,0.0013,0.0068,-0.00149,0.0008,spy_options_2011.parquet,497354
SPY,2011-10-31,2011-10-31T16:00:00-04:00,125.4,2011-12-30,60.04,0.1644931506849315,155.0,put,30.15,30.56,31.51,0,,0.00054,-1.0,0.0,-306.00016,0.0,0.0,spy_options_2011.parquet,497354
SPY,2011-10-31,2011-10-31T16:00:00-04:00,125.4,2011-12-30,60.04,0.1644931506849315,156.0,call,0.0,0.02,0.03,0,,0.20962,0.00417,0.00124,0.00731,-0.00078,0.00083,spy_options_2011.parquet,497355
SPY,2011-10-31,2011-10-31T16:00:00-04:00,125.4,2011-12-30,60.04,0.1644931506849315,156.0,put,31.11,31.54,32.6,0,,-0.00014,-1.0,0.0,-315.99995,0.0,0.0,spy_options_2011.parquet,497355
SPY,2011-10-31,2011-10-31T16:00:00-04:00,125.4,2011-12-30,60.04,0.1644931506849315,157.0,call,0.0,0.03,0.0,,,0.21431,0.00458,0.0012,0.00698,-0.00081,0.00049,spy_options_2011.parquet,497356
SPY,2011-10-31,2011-10-31T16:00:00-04:00,125.4,2011-12-30,60.04,0.1644931506849315,157.0,put,32.19,32.56,33.6,0,,0.00027,-1.0,0.0,-325.99976,0.0,0.0,spy_options_2011.parquet,497356
SPY,2011-10-31,2011-10-31T16:00:00-04:00,125.4,2011-12-30,60.04,0.1644931506849315,158.0,call,0.0,0.03,0.0,,,0.21969,0.00435,0.00115,0.00719,-0.00077,0.0006,spy_options_2011.parquet,497357
SPY,2011-10-31,2011-10-31T16:00:00-04:00,125.4,2011-12-30,60.04,0.1644931506849315,158.0,put,33.12,33.54,34.6,0,,0.00077,-1.0,0.0,-336.00022,0.0,0.0,spy_options_2011.parquet,497357
SPY,2011-10-31,2011-10-31T16:00:00-04:00,125.4,2011-12-30,60.04,0.1644931506849315,159.0,call,0.0,0.03,0.0,,,0.22483,0.0047,0.00115,0.00637,-0.00065,0.00075,spy_options_2011.parquet,497358
SPY,2011-10-31,2011-10-31T16:00:00-04:00,125.4,2011-12-30,60.04,0.1644931506849315,159.0,put,34.16,34.56,36.23,0,,-0.0002,-1.0,0.0,-346.00012,0.0,0.0,spy_options_2011.parquet,497358
SPY,2011-10-31,2011-10-31T16:00:00-04:00,125.4,2011-12-30,60.04,0.1644931506849315,160.0,call,0.0,0.03,0.0,,,0.22953,0.00403,0.00105,0.00683,-0.0008,0.00101,spy_options_2011.parquet,497359
SPY,2011-10-31,2011-10-31T16:00:00-04:00,125.4,2011-12-30,60.04,0.1644931506849315,160.0,put,35.1,35.53,51.42,0,,8e-05,-1.0,0.0,-356.00006,0.0,0.0,spy_options_2011.parquet,497359
SPY,2011-10-31,2011-10-31T16:00:00-04:00,125.4,2011-12-30,60.04,0.1644931506849315,85.0,call,40.28,40.7,31.32,0,,0.64398,0.92876,0.00195,0.05058,-0.02336,0.02121,spy_options_2011.parquet,497284
SPY,2011-10-31,2011-10-31T16:00:00-04:00,125.4,2011-12-30,60.04,0.1644931506849315,85.0,put,0.21,0.25,0.17,3,,0.4919,-0.02297,0.00209,0.02781,-0.01163,-0.0053,spy_options_2011.parquet,497284
SPY,2011-10-31,2011-10-31T16:00:00-04:00,125.4,2011-12-30,60.04,0.1644931506849315,86.0,call,39.33,39.76,42.45,11,,0.63422,0.92737,0.00226,0.05275,-0.02363,0.02512,spy_options_2011.parquet,497285
SPY,2011-10-31,2011-10-31T16:00:00-04:00,125.4,2011-12-30,60.04,0.1644931506849315,86.0,put,0.23,0.27,0.65,0,,0.48634,-0.02441,0.00235,0.02993,-0.01234,-0.00556,spy_options_2011.parquet,497285
SPY,2011-10-31,2011-10-31T16:00:00-04:00,125.4,2011-12-30,60.04,0.1644931506849315,87.0,call,38.28,38.69,41.37,21,,0.60163,0.93187,0.00225,0.04948,-0.02049,0.02169,spy_options_2011.parquet,497286
SPY,2011-10-31,2011-10-31T16:00:00-04:00,125.4,2011-12-30,60.04,0.1644931506849315,87.0,put,0.25,0.29,0.4,0,,0.47912,-0.02682,0.00255,0.03199,-0.01242,-0.00605,spy_options_2011.parquet,497286
SPY,2011-10-31,2011-10-31T16:00:00-04:00,125.4,2011-12-30,60.04,0.1644931506849315,88.0,call,37.36,37.79,40.38,21,,0.59982,0.92844,0.00271,0.05374,-0.02242,0.02783,spy_options_2011.parquet,497287
SPY,2011-10-31,2011-10-31T16:00:00-04:00,125.4,2011-12-30,60.04,0.1644931506849315,88.0,put,0.27,0.31,0.43,0,,0.47222,-0.0287,0.00275,0.03387,-0.01375,-0.00649,spy_options_2011.parquet,497287
SPY,2011-10-31,2011-10-31T16:00:00-04:00,125.4,2011-12-30,60.04,0.1644931506849315,89.0,call,36.37,36.81,39.48,11,,0.58398,0.9291,0.00294,0.05321,-0.02106,0.03014,spy_options_2011.parquet,497288
SPY,2011-10-31,2011-10-31T16:00:00-04:00,125.4,2011-12-30,60.04,0.1644931506849315,89.0,put,0.29,0.33,0.28,0,,0.46426,-0.0315,0.00295,0.03601,-0.01366,-0.00689,spy_options_2011.parquet,497288
SPY,2011-10-31,2011-10-31T16:00:00-04:00,125.4,2011-12-30,60.04,0.1644931506849315,90.0,call,35.41,35.84,38.85,30,,0.57107,0.92821,0.00324,0.05555,-0.02121,0.03277,spy_options_2011.parquet,497289
SPY,2011-10-31,2011-10-31T16:00:00-04:00,125.4,2011-12-30,60.04,0.1644931506849315,90.0,put,0.31,0.35,0.26,0,,0.45784,-0.03409,0.00314,0.03794,-0.01438,-0.00773,spy_options_2011.parquet,497289
SPY,2011-10-31,2011-10-31T16:00:00-04:00,125.4,2011-12-30,60.04,0.1644931506849315,91.0,call,34.41,34.83,37.71,10,,0.55315,0.92954,0.00351,0.05489,-0.02049,0.03396,spy_options_2011.parquet,497290
SPY,2011-10-31,2011-10-31T16:00:00-04:00,125.4,2011-12-30,60.04,0.1644931506849315,91.0,put,0.35,0.38,0.28,0,,0.4525,-0.03712,0.0035,0.04083,-0.0157,-0.00858,spy_options_2011.parquet,497290
SPY,2011-10-31,2011-10-31T16:00:00-04:00,125.4,2011-12-30,60.04,0.1644931506849315,92.0,call,33.44,33.87,30.24,0,,0.54108,0.9288,0.00383,0.05693,-0.02011,0.03725,spy_options_2011.parquet,497291
SPY,2011-10-31,2011-10-31T16:00:00-04:00,125.4,2011-12-30,60.04,0.1644931506849315,92.0,put,0.38,0.4,0.28,300,,0.44669,-0.04019,0.00374,0.04441,-0.01637,-0.00866,spy_options_2011.parquet,497291
SPY,2011-10-31,2011-10-31T16:00:00-04:00,125.4,2011-12-30,60.04,0.1644931506849315,93.0,call,32.47,32.89,28.9,0,,0.52664,0.92784,0.00419,0.05814,-0.02026,0.03958,spy_options_2011.parquet,497292
SPY,2011-10-31,2011-10-31T16:00:00-04:00,125.4,2011-12-30,60.04,0.1644931506849315,93.0,put,0.41,0.42,0.61,0,,0.43846,-0.04275,0.00402,0.04646,-0.01726,-0.00935,spy_options_2011.parquet,497292
SPY,2011-10-31,2011-10-31T16:00:00-04:00,125.4,2011-12-30,60.04,0.1644931506849315,94.0,call,31.56,31.92,28.4,0,,0.5214,0.92472,0.00466,0.06218,-0.02127,0.0448,spy_options_2011.parquet,497293
SPY,2011-10-31,2011-10-31T16:00:00-04:00,125.4,2011-12-30,60.04,0.1644931506849315,94.0,put,0.44,0.46,0.32,32,,0.43188,-0.04623,0.00439,0.04926,-0.01856,-0.01056,spy_options_2011.parquet,497293
SPY,2011-10-31,2011-10-31T16:00:00-04:00,125.4,2011-12-30,60.04,0.1644931506849315,95.0,call,30.6,30.95,32.03,42,,0.50892,0.92267,0.00509,0.06356,-0.02171,0.04864,spy_options_2011.parquet,497294
SPY,2011-10-31,2011-10-31T16:00:00-04:00,125.4,2011-12-30,60.04,0.1644931506849315,95.0,put,0.48,0.51,0.34,1,,0.42617,-0.05048,0.00473,0.05302,-0.01975,-0.01186,spy_options_2011.parquet,497294
SPY,2011-10-31,2011-10-31T16:00:00-04:00,125.4,2011-12-30,60.04,0.1644931506849315,96.0,call,29.64,29.98,20.78,0,,0.49806,0.91971,0.00545,0.0665,-0.02179,0.05161,spy_options_2011.parquet,497295
SPY,2011-10-31,2011-10-31T16:00:00-04:00,125.4,2011-12-30,60.04,0.1644931506849315,96.0,put,0.51,0.54,0.39,,,0.41969,-0.05491,0.00513,0.0568,-0.02061,-0.0122,spy_options_2011.parquet,497295
SPY,2011-10-31,2011-10-31T16:00:00-04:00,125.4,2011-12-30,60.04,0.1644931506849315,97.0,call,28.67,29.01,21.08,0,,0.48718,0.91749,0.00599,0.06928,-0.02143,0.05488,spy_options_2011.parquet,497296
SPY,2011-10-31,2011-10-31T16:00:00-04:00,125.4,2011-12-30,60.04,0.1644931506849315,97.0,put,0.54,0.58,0.47,330,,0.41152,-0.05802,0.00549,0.06016,-0.02078,-0.01318,spy_options_2011.parquet,497296
SPY,2011-10-31,2011-10-31T16:00:00-04:00,125.4,2011-12-30,60.04,0.1644931506849315,98.0,call,27.71,28.05,24.65,0,,0.47592,0.91472,0.00641,0.07196,-0.02203,0.05775,spy_options_2011.parquet,497297
SPY,2011-10-31,2011-10-31T16:00:00-04:00,125.4,2011-12-30,60.04,0.1644931506849315,98.0,put,0.59,0.64,0.47,640,,0.4054,-0.06356,0.00595,0.06329,-0.02236,-0.01439,spy_options_2011.parquet,497297
SPY,2011-10-31,2011-10-31T16:00:00-04:00,125.4,2011-12-30,60.04,0.1644931506849315,99.0,call,26.75,27.08,28.44,0,,0.46592,0.91087,0.00695,0.07503,-0.02252,0.062,spy_options_2011.parquet,497298
SPY,2011-10-31,2011-10-31T16:00:00-04:00,125.4,2011-12-30,60.04,0.1644931506849315,99.0,put,0.64,0.67,0.51,310,,0.39968,-0.06847,0.00641,0.06783,-0.02285,-0.01547,spy_options_2011.parquet,497298
SPY,2011-10-31,2011-10-31T16:00:00-04:00,125.4,2012-01-20,81.04,0.22202739726027398,100.0,call,26.0,26.33,26.8,2,,0.41829,0.89405,0.0079,0.10098,-0.02007,0.09392,spy_options_2011.parquet,497413
SPY,2011-10-31,2011-10-31T16:00:00-04:00,125.4,2012-01-20,81.04,0.22202739726027398,100.0,put,1.02,1.07,1.02,708,,0.37436,-0.09323,0.00742,0.09925,-0.02357,-0.02869,spy_options_2011.parquet,497413
SPY,2011-10-31,2011-10-31T16:00:00-04:00,125.4,2012-01-20,81.04,0.22202739726027398,101.0,call,25.04,25.38,22.19,0,,0.40833,0.88863,0.00838,0.10483,-0.02082,0.09749,spy_options_2011.parquet,497414
SPY,2011-10-31,2011-10-31T16:00:00-04:00,125.4,2012-01-20,81.04,0.22202739726027398,101.0,put,1.1,1.15,1.08,60,,0.36941,-0.10052,0.00801,0.10393,-0.02502,-0.0305,spy_options_2011.parquet,497414
SPY,2011-10-31,2011-10-31T16:00:00-04:00,125.4,2012-01-20,81.04,0.22202739726027398,102.0,call,24.12,24.45,25.66,0,,0.40143,0.88286,0.00896,0.10994,-0.02097,0.10212,spy_options_2011.parquet,497415
SPY,2011-10-31,2011-10-31T16:00:00-04:00,125.4,2012-01-20,81.04,0.22202739726027398,102.0,put,1.18,1.23,1.16,482,,0.36359,-0.1079,0.00851,0.10981,-0.0258,-0.03327,spy_options_2011.parquet,497415
SPY,2011-10-31,2011-10-31T16:00:00-04:00,125.4,2012-01-20,81.04,0.22202739726027398,103.0,call,23.19,23.53,19.48,0,,0.39398,0.87616,0.00963,0.11531,-0.02176,0.10618,spy_options_2011.parquet,497416
SPY,2011-10-31,2011-10-31T16:00:00-04:00,125.4,2012-01-20,81.04,0.22202739726027398,103.0,put,1.27,1.31,1.24,55,,0.3582,-0.11584,0.00912,0.11549,-0.02702,-0.03522,spy_options_2011.parquet,497416
SPY,2011-10-31,2011-10-31T16:00:00-04:00,125.4,2012-01-20,81.04,0.22202739726027398,104.0,call,22.26,22.61,23.8,1,,0.38672,0.8681,0.01031,0.12095,-0.022,0.11044,spy_options_2011.parquet,497417
SPY,2011-10-31,2011-10-31T16:00:00-04:00,125.4,2012-01-20,81.04,0.22202739726027398,104.0,put,1.36,1.41,1.18,655,,0.35333,-0.12322,0.00966,0.12088,-0.02776,-0.03757,spy_options_2011.parquet,497417
SPY,2011-10-31,2011-10-31T16:00:00-04:00,125.4,2012-01-20,81.04,0.22202739726027398,105.0,call,21.36,21.69,24.31,47,,0.37973,0.86024,0.01094,0.12604,-0.02316,0.1142,spy_options_2011.parquet,497418
SPY,2011-10-31,2011-10-31T16:00:00-04:00,125.4,2012-01-20,81.04,0.22202739726027398,105.0,put,1.47,1.53,1.43,502,,0.34777,-0.13308,0.01038,0.12699,-0.02831,-0.04097,spy_options_2011.parquet,497418
SPY,2011-10-31,2011-10-31T16:00:00-04:00,125.4,2012-01-20,81.04,0.22202739726027398,106.0,call,20.48,20.74,21.95,10,,0.37193,0.8513,0.01165,0.13171,-0.02387,0.11734,spy_options_2011.parquet,497419
SPY,2011-10-31,2011-10-31T16:00:00-04:00,125.4,2012-01-20,81.04,0.22202739726027398,106.0,put,1.59,1.63,1.48,60,,0.3426,-0.14197,0.01104,0.13354,-0.02958,-0.04368,spy_options_2011.parquet,497419
SPY,2011-10-31,2011-10-31T16:00:00-04:00,125.4,2012-01-20,81.04,0.22202739726027398,107.0,call,19.59,19.89,16.9,0,,0.36698,0.84089,0.01227,0.13931,-0.02412,0.12144,spy_options_2011.parquet,497420
SPY,2011-10-31,2011-10-31T16:00:00-04:00,125.4,2012-01-20,81.04,0.22202739726027398,107.0,put,1.69,1.76,1.54,282,,0.33832,-0.15298,0.01174,0.13965,-0.03128,-0.04657,spy_options_2011.parquet,497420
SPY,2011-10-31,2011-10-31T16:00:00-04:00,125.4,2012-01-20,81.04,0.22202739726027398,108.0,call,18.68,19.0,21.72,0,,0.35974,0.83088,0.01305,0.14513,-0.02522,0.12486,spy_options_2011.parquet,497421
SPY,2011-10-31,2011-10-31T16:00:00-04:00,125.4,2012-01-20,81.04,0.22202739726027398,108.0,put,1.82,1.87,1.68,214,,0.3325,-0.16372,0.01243,0.14664,-0.03144,-0.05028,spy_options_2011.parquet,497421
SPY,2011-10-31,2011-10-31T16:00:00-04:00,125.4,2012-01-20,81.04,0.22202739726027398,109.0,call,17.8,18.11,20.71,0,,0.35353,0.81904,0.01383,0.15163,-0.02628,0.12718,spy_options_2011.parquet,497422
SPY,2011-10-31,2011-10-31T16:00:00-04:00,125.4,2012-01-20,81.04,0.22202739726027398,109.0,put,1.95,1.99,1.59,19,,0.32649,-0.17488,0.01323,0.15265,-0.03306,-0.05369,spy_options_2011.parquet,497422
SPY,2011-10-31,2011-10-31T16:00:00-04:00,125.4,2012-01-20,81.04,0.22202739726027398,110.0,call,17.04,17.25,17.9,2,,0.3508,0.80492,0.01451,0.15916,-0.02703,0.13038,spy_options_2011.parquet,497423
SPY,2011-10-31,2011-10-31T16:00:00-04:00,125.4,2012-01-20,81.04,0.22202739726027398,110.0,put,2.09,2.15,2.07,,,0.32128,-0.1877,0.014,0.15983,-0.03409,-0.05802,spy_options_2011.parquet,497423
SPY,2011-10-31,2011-10-31T16:00:00-04:00,125.4,2012-01-20,81.04,0.22202739726027398,111.0,call,16.15,16.38,18.73,0,,0.34238,0.79277,0.01537,0.16533,-0.02811,0.1317,spy_options_2011.parquet,497424
SPY,2011-10-31,2011-10-31T16:00:00-04:00,125.4,2012-01-20,81.04,0.22202739726027398,111.0,put,2.25,2.3,2.01,11,,0.31614,-0.2012,0.01486,0.16608,-0.03471,-0.06156,spy_options_2011.parquet,497424
SPY,2011-10-31,2011-10-31T16:00:00-04:00,125.4,2012-01-20,81.04,0.22202739726027398,112.0,call,15.33,15.53,17.67,22,,0.3372,0.7785,0.0161,0.17253,-0.02869,0.13418,spy_options_2011.parquet,497425
SPY,2011-10-31,2011-10-31T16:00:00-04:00,125.4,2012-01-20,81.04,0.22202739726027398,112.0,put,2.42,2.48,2.05,,,0.31092,-0.21489,0.01576,0.1734,-0.0356,-0.06592,spy_options_2011.parquet,497425
SPY,2011-10-31,2011-10-31T16:00:00-04:00,125.4,2012-01-20,81.04,0.22202739726027398,113.0,call,14.5,14.68,14.97,,,0.3307,0.76491,0.01694,0.17932,-0.02868,0.13495,spy_options_2011.parquet,497426
SPY,2011-10-31,2011-10-31T16:00:00-04:00,125.4,2012-01-20,81.04,0.22202739726027398,113.0,put,2.58,2.66,2.46,,,0.30551,-0.23018,0.0166,0.1801,-0.0365,-0.0706,spy_options_2011.parquet,497426
SPY,2011-10-31,2011-10-31T16:00:00-04:00,125.4,2012-01-20,81.04,0.22202739726027398,114.0,call,13.6,13.86,14.65,151,,0.32277,0.75033,0.01795,0.18538,-0.02969,0.13599,spy_options_2011.parquet,497427
SPY,2011-10-31,2011-10-31T16:00:00-04:00,125.4,2012-01-20,81.04,0.22202739726027398,114.0,put,2.77,2.85,2.6,456,,0.3003,-0.24549,0.01753,0.18654,-0.03717,-0.07518,spy_options_2011.parquet,497427
SPY,2011-10-31,2011-10-31T16:00:00-04:00,125.4,2012-01-20,81.04,0.22202739726027398,115.0,call,12.78,13.04,13.49,116,,0.3159,0.73306,0.01878,0.19159,-0.03021,0.13656,spy_options_2011.parquet,497428
SPY,2011-10-31,2011-10-31T16:00:00-04:00,125.4,2012-01-20,81.04,0.22202739726027398,115.0,put,2.97,3.06,2.75,,,0.29532,-0.26216,0.01849,0.19294,-0.03784,-0.08029,spy_options_2011.parquet,497428
SPY,2011-10-31,2011-10-31T16:00:00-04:00,125.4,2012-01-20,81.04,0.22202739726027398,116.0,call,12.06,12.23,14.28,152,,0.31196,0.7149,0.01964,0.19795,-0.03035,0.13681,spy_options_2011.parquet,497429
SPY,2011-10-31,2011-10-31T16:00:00-04:00,125.4,2012-01-20,81.04,0.22202739726027398,116.0,put,3.19,3.26,2.98,428,,0.28973,-0.28043,0.01951,0.19882,-0.03847,-0.08601,spy_options_2011.parquet,497429
SPY,2011-10-31,2011-10-31T16:00:00-04:00,125.4,2012-01-20,81.04,0.22202739726027398,117.0,call,11.26,11.47,12.06,102,,0.30558,0.69624,0.02043,0.20463,-0.03096,0.13713,spy_options_2011.parquet,497430
SPY,2011-10-31,2011-10-31T16:00:00-04:00,125.4,2012-01-20,81.04,0.22202739726027398,117.0,put,3.4,3.49,3.16,,,0.28416,-0.29889,0.0205,0.20485,-0.03948,-0.09231,spy_options_2011.parquet,497430
SPY,2011-10-31,2011-10-31T16:00:00-04:00,125.4,2012-01-20,81.04,0.22202739726027398,118.0,call,10.44,10.69,11.46,36,,0.29793,0.67771,0.02144,0.21001,-0.03102,0.13609,spy_options_2011.parquet,497431
SPY,2011-10-31,2011-10-31T16:00:00-04:00,125.4,2012-01-20,81.04,0.22202739726027398,118.0,put,3.66,3.74,3.25,870,,0.27834,-0.31912,0.02142,0.21156,-0.04011,-0.09804,spy_options_2011.parquet,497431
SPY,2011-10-31,2011-10-31T16:00:00-04:00,125.4,2012-01-20,81.04,0.22202739726027398,119.0,call,9.71,9.95,10.22,76,,0.29275,0.65667,0.02231,0.216,-0.03226,0.13504,spy_options_2011.parquet,497432
SPY,2011-10-31,2011-10-31T16:00:00-04:00,125.4,2012-01-20,81.04,0.22202739726027398,119.0,put,3.94,4.01,3.93,,,0.27391,-0.33997,0.02245,0.21616,-0.04087,-0.10451,spy_options_2011.parquet,497432
SPY,2011-10-31,2011-10-31T16:00:00-04:00,125.4,2012-01-20,81.04,0.22202739726027398,120.0,call,9.03,9.16,9.19,,,0.28624,0.63504,0.02319,0.22021,-0.03188,0.13362,spy_options_2011.parquet,497433
SPY,2011-10-31,2011-10-31T16:00:00-04:00,125.4,2012-01-20,81.04,0.22202739726027398,120.0,put,4.22,4.28,4.21,,,0.2679,-0.36259,0.02344,0.22165,-0.04057,-0.11129,spy_options_2011.parquet,497433
SPY,2011-10-31,2011-10-31T16:00:00-04:00,125.4,2012-01-20,81.04,0.22202739726027398,121.0,call,8.29,8.43,8.63,407,,0.27933,0.61289,0.0241,0.22433,-0.03194,0.13109,spy_options_2011.parquet,497434
SPY,2011-10-31,2011-10-31T16:00:00-04:00,125.4,2012-01-20,81.04,0.22202739726027398,121.0,put,4.53,4.59,4.26,,,0.26332,-0.38637,0.02434,0.22593,-0.04157,-0.11935,spy_options_2011.parquet,497434
SPY,2011-10-31,2011-10-31T16:00:00-04:00,125.4,2012-01-20,81.04,0.22202739726027398,122.0,call,7.62,7.74,7.87,542,,0.27395,0.5885,0.02488,0.22836,-0.03187,0.12879,spy_options_2011.parquet,497435
SPY,2011-10-31,2011-10-31T16:00:00-04:00,125.4,2012-01-20,81.04,0.22202739726027398,122.0,put,4.84,4.93,4.64,,,0.25714,-0.41087,0.02522,0.23003,-0.04145,-0.12624,spy_options_2011.parquet,497435
SPY,2011-10-31,2011-10-31T16:00:00-04:00,125.4,2012-01-20,81.04,0.22202739726027398,123.0,call,6.98,7.06,7.21,829,,0.26803,0.56365,0.02561,0.23206,-0.03134,0.12496,spy_options_2011.parquet,497436
SPY,2011-10-31,2011-10-31T16:00:00-04:00,125.4,2012-01-20,81.04,0.22202739726027398,123.0,put,5.2,5.28,4.96,,,0.25262,-0.43642,0.02606,0.2324,-0.04142,-0.13435,spy_options_2011.parquet,497436
SPY,2011-10-31,2011-10-31T16:00:00-04:00,125.4,2012-01-20,81.04,0.22202739726027398,124.0,call,6.35,6.42,6.53,,,0.26233,0.53661,0.02632,0.23357,-0.03157,0.1209,spy_options_2011.parquet,497437
SPY,2011-10-31,2011-10-31T16:00:00-04:00,125.4,2012-01-20,81.04,0.22202739726027398,124.0,put,5.57,5.66,5.65,,,0.2466,-0.46322,0.02687,0.23426,-0.04123,-0.1428,spy_options_2011.parquet,497437
SPY,2011-10-31,2011-10-31T16:00:00-04:00,125.4,2012-01-20,81.04,0.22202739726027398,125.0,call,5.74,5.8,5.85,,,0.25657,0.50933,0.02697,0.23495,-0.03119,0.11696,spy_options_2011.parquet,497438
SPY,2011-10-31,2011-10-31T16:00:00-04:00,125.4,2012-01-20,81.04,0.22202739726027398,125.0,put,5.98,6.07,6.0,,,0.24131,-0.49083,0.02755,0.23507,-0.04135,-0.15197,spy_options_2011.parquet,497438
SPY,2011-10-31,2011-10-31T16:00:00-04:00,125.4,2012-01-20,81.04,0.22202739726027398,126.0,call,5.15,5.2,5.21,,,0.2511,0.48193,0.02743,0.23527,-0.03074,0.11266,spy_options_2011.parquet,497439
SPY,2011-10-31,2011-10-31T16:00:00-04:00,125.4,2012-01-20,81.04,0.22202739726027398,126.0,put,6.39,6.48,6.39,,,0.23582,-0.52013,0.02815,0.23488,-0.04052,-0.16109,spy_options_2011.parquet,497439
SPY,2011-10-31,2011-10-31T16:00:00-04:00,125.4,2012-01-20,81.04,0.22202739726027398,127.0,call,4.57,4.7,4.74,,,0.24579,0.45227,0.02766,0.23391,-0.0301,0.10737,spy_options_2011.parquet,497440
SPY,2011-10-31,2011-10-31T16:00:00-04:00,125.4,2012-01-20,81.04,0.22202739726027398,127.0,put,6.85,6.94,6.81,,,0.23061,-0.5503,0.02865,0.23236,-0.03999,-0.17031,spy_options_2011.parquet,497440
SPY,2011-10-31,2011-10-31T16:00:00-04:00,125.4,2012-01-20,81.04,0.22202739726027398,128.0,call,4.08,4.15,4.2,,,0.23986,0.42264,0.0279,0.23138,-0.02918,0.1016,spy_options_2011.parquet,497441
SPY,2011-10-31,2011-10-31T16:00:00-04:00,125.4,2012-01-20,81.04,0.22202739726027398,128.0,put,7.33,7.43,7.3,,,0.22435,-0.58167,0.02893,0.22943,-0.03914,-0.18068,spy_options_2011.parquet,497441
SPY,2011-10-31,2011-10-31T16:00:00-04:00,125.4,2012-01-20,81.04,0.22202739726027398,129.0,call,3.59,3.64,3.88,742,,0.23474,0.39216,0.02801,0.22739,-0.02762,0.09492,spy_options_2011.parquet,497442
SPY,2011-10-31,2011-10-31T16:00:00-04:00,125.4,2012-01-20,81.04,0.22202739726027398,129.0,put,7.85,7.95,7.82,,,0.21983,-0.61274,0.02897,0.22502,-0.0376,-0.19025,spy_options_2011.parquet,497442
SPY,2011-10-31,2011-10-31T16:00:00-04:00,125.4,2012-01-20,81.04,0.22202739726027398,130.0,call,3.15,3.2,3.17,,,0.23041,0.36202,0.02787,0.22103,-0.02686,0.08904,spy_options_2011.parquet,497443
SPY,2011-10-31,2011-10-31T16:00:00-04:00,125.4,2012-01-20,81.04,0.22202739726027398,130.0,put,8.39,8.5,8.4,,,0.21394,-0.64547,0.02887,0.21761,-0.03702,-0.20069,spy_options_2011.parquet,497443
SPY,2011-10-31,2011-10-31T16:00:00-04:00,125.4,2012-01-20,81.04,0.22202739726027398,131.0,call,2.72,2.77,2.84,,,0.22492,0.33108,0.0275,0.21461,-0.02499,0.08197,spy_options_2011.parquet,497444
SPY,2011-10-31,2011-10-31T16:00:00-04:00,125.4,2012-01-20,81.04,0.22202739726027398,131.0,put,8.97,9.08,9.0,258,,0.20761,-0.67796,0.0285,0.20997,-0.03573,-0.21091,spy_options_2011.parquet,497444
SPY,2011-10-31,2011-10-31T16:00:00-04:00,125.4,2012-01-20,81.04,0.22202739726027398,132.0,call,2.35,2.38,2.44,,,0.21978,0.30125,0.02688,0.20633,-0.02413,0.07545,spy_options_2011.parquet,497445
SPY,2011-10-31,2011-10-31T16:00:00-04:00,125.4,2012-01-20,81.04,0.22202739726027398,132.0,put,9.57,9.71,9.22,195,,0.20264,-0.71102,0.02787,0.19957,-0.03374,-0.22218,spy_options_2011.parquet,497445
SPY,2011-10-31,2011-10-31T16:00:00-04:00,125.4,2012-01-20,81.04,0.22202739726027398,133.0,call,1.98,2.05,2.16,684,,0.21549,0.27092,0.02606,0.19633,-0.02272,0.06851,spy_options_2011.parquet,497446
SPY,2011-10-31,2011-10-31T16:00:00-04:00,125.4,2012-01-20,81.04,0.22202739726027398,133.0,put,10.23,10.38,9.9,374,,0.19708,-0.74322,0.02693,0.18691,-0.03224,-0.2328,spy_options_2011.parquet,497446
SPY,2011-10-31,2011-10-31T16:00:00-04:00,125.4,2012-01-20,81.04,0.22202739726027398,134.0,call,1.67,1.73,1.76,211,,0.21067,0.24192,0.02506,0.18459,-0.02048,0.06166,spy_options_2011.parquet,497447
SPY,2011-10-31,2011-10-31T16:00:00-04:00,125.4,2012-01-20,81.04,0.22202739726027398,134.0,put,10.87,11.07,10.45,339,,0.1899,-0.77696,0.02576,0.17226,-0.03006,-0.24332,spy_options_2011.parquet,497447
SPY,2011-10-31,2011-10-31T16:00:00-04:00,125.4,2012-01-20,81.04,0.22202739726027398,135.0,call,1.4,1.45,1.41,778,,0.20682,0.21388,0.02391,0.17273,-0.01869,0.05567,spy_options_2011.parquet,497448
SPY,2011-10-31,2011-10-31T16:00:00-04:00,125.4,2012-01-20,81.04,0.22202739726027398,135.0,put,11.59,11.79,11.29,392,,0.18349,-0.80943,0.02419,0.1567,-0.02805,-0.25365,spy_options_2011.parquet,497448
SPY,2011-10-31,2011-10-31T16:00:00-04:00,125.4,2012-01-20,81.04,0.22202739726027398,136.0,call,1.15,1.19,1.25,171,,0.20266,0.18719,0.02243,0.15912,-0.01742,0.04858,spy_options_2011.parquet,497449
SPY,2011-10-31,2011-10-31T16:00:00-04:00,125.4,2012-01-20,81.04,0.22202739726027398,136.0,put,12.31,12.58,12.05,128,,0.17725,-0.83988,0.02221,0.13867,-0.02612,-0.26469,spy_options_2011.parquet,497449
SPY,2011-10-31,2011-10-31T16:00:00-04:00,125.4,2012-01-20,81.04,0.22202739726027398,137.0,call,0.96,1.0,1.12,141,,0.19971,0.16312,0.02093,0.14682,-0.01596,0.04235,spy_options_2011.parquet,497450
SPY,2011-10-31,2011-10-31T16:00:00-04:00,125.4,2012-01-20,81.04,0.22202739726027398,137.0,put,13.1,13.35,11.98,164,,0.16942,-0.87148,0.01988,0.11863,-0.0235,-0.27479,spy_options_2011.parquet,497450
SPY,2011-10-31,2011-10-31T16:00:00-04:00,125.4,2012-01-20,81.04,0.22202739726027398,138.0,call,0.78,0.81,0.85,186,,0.19482,0.13957,0.01924,0.13156,-0.0136,0.037,spy_options_2011.parquet,497451
SPY,2011-10-31,2011-10-31T16:00:00-04:00,125.4,2012-01-20,81.04,0.22202739726027398,138.0,put,13.91,14.18,13.55,184,,0.16117,-0.89976,0.01712,0.09723,-0.02089,-0.28458,spy_options_2011.parquet,497451
SPY,2011-10-31,2011-10-31T16:00:00-04:00,125.4,2012-01-20,81.04,0.22202739726027398,139.0,call,0.63,0.66,0.69,46,,0.19185,0.1187,0.01745,0.11769,-0.0118,0.0315,spy_options_2011.parquet,497452
SPY,2011-10-31,2011-10-31T16:00:00-04:00,125.4,2012-01-20,81.04,0.22202739726027398,139.0,put,14.76,15.0,14.04,10,,0.15006,-0.92849,0.0138,0.07362,-0.01901,-0.29505,spy_options_2011.parquet,497452
SPY,2011-10-31,2011-10-31T16:00:00-04:00,125.4,2012-01-20,81.04,0.22202739726027398,140.0,call,0.49,0.52,0.52,442,,0.18861,0.09972,0.01562,0.10414,-0.01107,0.02692,spy_options_2011.parquet,497453
SPY,2011-10-31,2011-10-31T16:00:00-04:00,125.4,2012-01-20,81.04,0.22202739726027398,140.0,put,15.65,15.85,15.25,26,,0.13563,-0.95724,0.00952,0.04547,-0.01593,-0.30436,spy_options_2011.parquet,497453
SPY,2011-10-31,2011-10-31T16:00:00-04:00,125.4,2012-01-20,81.04,0.22202739726027398,141.0,call,0.39,0.42,0.44,39,,0.18648,0.08299,0.01385,0.09092,-0.00913,0.02189,spy_options_2011.parquet,497454
SPY,2011-10-31,2011-10-31T16:00:00-04:00,125.4,2012-01-20,81.04,0.22202739726027398,141.0,put,16.52,16.92,27.82,0,,0.13332,-0.96657,0.00732,0.03407,-0.01519,-0.30947,spy_options_2011.parquet,497454
SPY,2011-10-31,2011-10-31T16:00:00-04:00,125.4,2012-01-20,81.04,0.22202739726027398,142.0,call,0.29,0.33,0.38,102,,0.18283,0.06802,0.01209,0.0788,-0.00814,0.01822,spy_options_2011.parquet,497455
SPY,2011-10-31,2011-10-31T16:00:00-04:00,125.4,2012-01-20,81.04,0.22202739726027398,142.0,put,17.44,17.84,28.88,0,,0.0007,-1.0,0.0,-175.99996,0.0,0.0,spy_options_2011.parquet,497455
SPY,2011-10-31,2011-10-31T16:00:00-04:00,125.4,2012-01-20,81.04,0.22202739726027398,143.0,call,0.22,0.27,0.27,1,,0.18118,0.05665,0.01054,0.06771,-0.00685,0.0155,spy_options_2011.parquet,497456
SPY,2011-10-31,2011-10-31T16:00:00-04:00,125.4,2012-01-20,81.04,0.22202739726027398,143.0,put,18.37,18.8,22.61,0,,3e-05,-1.0,0.0,-186.00024,0.0,0.0,spy_options_2011.parquet,497456
SPY,2011-10-31,2011-10-31T16:00:00-04:00,125.4,2012-01-20,81.04,0.22202739726027398,144.0,call,0.18,0.22,0.23,20,,0.18023,0.04635,0.00914,0.05841,-0.00604,0.01243,spy_options_2011.parquet,497457
SPY,2011-10-31,2011-10-31T16:00:00-04:00,125.4,2012-01-20,81.04,0.22202739726027398,144.0,put,19.32,19.76,17.96,0,,5e-05,-1.0,0.0,-195.99966,0.0,0.0,spy_options_2011.parquet,497457
SPY,2011-10-31,2011-10-31T16:00:00-04:00,125.4,2012-01-20,81.04,0.22202739726027398,145.0,call,0.13,0.16,0.18,30,,0.17871,0.03782,0.00771,0.04913,-0.0052,0.01051,spy_options_2011.parquet,497458
SPY,2011-10-31,2011-10-31T16:00:00-04:00,125.4,2012-01-20,81.04,0.22202739726027398,145.0,put,20.27,20.71,22.85,0,,-0.00028,-1.0,0.0,-206.00034,0.0,0.0,spy_options_2011.parquet,497458
SPY,2011-10-31,2011-10-31T16:00:00-04:00,125.4,2012-01-20,81.04,0.22202739726027398,146.0,call,0.1,0.15,0.12,9,,0.17726,0.03021,0.00654,0.0415,-0.00372,0.0086,spy_options_2011.parquet,497459
SPY,2011-10-31,2011-10-31T16:00:00-04:00,125.4,2012-01-20,81.04,0.22202739726027398,146.0,put,21.23,21.68,23.12,0,,-0.00022,-1.0,0.0,-216.00012,0.0,0.0,spy_options_2011.parquet,497459
SPY,2011-10-31,2011-10-31T16:00:00-04:00,125.4,2012-01-20,81.04,0.22202739726027398,147.0,call,0.08,0.12,0.06,0,,0.17614,0.02471,0.00557,0.0346,-0.0037,0.00639,spy_options_2011.parquet,497460
SPY,2011-10-31,2011-10-31T16:00:00-04:00,125.4,2012-01-20,81.04,0.22202739726027398,147.0,put,22.22,22.64,30.63,0,,-0.00015,-1.0,0.0,-226.0001,0.0,0.0,spy_options_2011.parquet,497460
SPY,2011-10-31,2011-10-31T16:00:00-04:00,125.4,2012-01-20,81.04,0.22202739726027398,148.0,call,0.07,0.09,0.1,0,,0.17724,0.02145,0.00481,0.03065,-0.00295,0.0062,spy_options_2011.parquet,497461
SPY,2011-10-31,2011-10-31T16:00:00-04:00,125.4,2012-01-20,81.04,0.22202739726027398,148.0,put,23.19,23.63,27.35,0,,-0.00028,-1.0,0.0,-235.99966,0.0,0.0,spy_options_2011.parquet,497461
SPY,2011-10-31,2011-10-31T16:00:00-04:00,125.4,2012-01-20,81.04,0.22202739726027398,149.0,call,0.04,0.07,0.08,0,,0.17325,0.01573,0.00376,0.02322,-0.00262,0.00459,spy_options_2011.parquet,497462
SPY,2011-10-31,2011-10-31T16:00:00-04:00,125.4,2012-01-20,81.04,0.22202739726027398,149.0,put,24.19,24.62,25.48,0,,0.00042,-1.0,0.0,-246.00049,0.0,0.0,spy_options_2011.parquet,497462
SPY,2011-10-31,2011-10-31T16:00:00-04:00,125.4,2012-01-20,81.04,0.22202739726027398,150.0,call,0.03,0.06,0.05,,,0.17422,0.01236,0.00316,0.01954,-0.00209,0.00345,spy_options_2011.parquet,497463
SPY,2011-10-31,2011-10-31T16:00:00-04:00,125.4,2012-01-20,81.04,0.22202739726027398,150.0,put,25.18,25.6,24.36,202,,0.00047,-1.0,0.0,-255.99977,0.0,0.0,spy_options_2011.parquet,497463
SPY,2011-10-31,2011-10-31T16:00:00-04:00,125.4,2012-01-20,81.04,0.22202739726027398,151.0,call,0.02,0.05,0.1,0,,0.17434,0.00994,0.00268,0.01694,-0.00139,0.00258,spy_options_2011.parquet,497464
SPY,2011-10-31,2011-10-31T16:00:00-04:00,125.4,2012-01-20,81.04,0.22202739726027398,151.0,put,26.18,26.59,23.13,15,,0.00036,-1.0,0.0,-266.00011,0.0,0.0,spy_options_2011.parquet,497464
SPY,2011-10-31,2011-10-31T16:00:00-04:00,125.4,2012-01-20,81.04,0.22202739726027398,152.0,call,0.01,0.03,0.04,0,,0.17178,0.00784,0.00208,0.01274,-0.00081,0.00176,spy_options_2011.parquet,497465
SPY,2011-10-31,2011-10-31T16:00:00-04:00,125.4,2012-01-20,81.04,0.22202739726027398,152.0,put,27.13,27.56,24.59,20,,-0.00026,-1.0,0.0,-275.99993,0.0,0.0,spy_options_2011.parquet,497465
SPY,2011-10-31,2011-10-31T16:00:00-04:00,125.4,2012-01-20,81.04,0.22202739726027398,153.0,call,0.0,0.04,0.18,0,,0.17727,0.00722,0.00193,0.01274,-0.00153,0.00184,spy_options_2011.parquet,497466
SPY,2011-10-31,2011-10-31T16:00:00-04:00,125.4,2012-01-20,81.04,0.22202739726027398,153.0,put,28.13,28.56,20.8,0,,-0.00018,-1.0,0.0,-286.00045,0.0,0.0,spy_options_2011.parquet,497466
SPY,2011-10-31,2011-10-31T16:00:00-04:00,125.4,2012-01-20,81.04,0.22202739726027398,154.0,call,0.0,0.02,0.05,0,,0.17176,0.00479,0.00139,0.00861,-0.00096,0.00108,spy_options_2011.parquet,497467
SPY,2011-10-31,2011-10-31T16:00:00-04:00,125.4,2012-01-20,81.04,0.22202739726027398,154.0,put,29.12,29.54,22.32,0,,0.00021,-1.0,0.0,-296.00039,0.0,0.0,spy_options_2011.parquet,497467
SPY,2011-10-31,2011-10-31T16:00:00-04:00,125.4,2012-01-20,81.04,0.22202739726027398,155.0,call,0.0,0.03,0.04,0,,0.17642,0.00489,0.0013,0.00781,-0.00074,0.00174,spy_options_2011.parquet,497468
SPY,2011-10-31,2011-10-31T16:00:00-04:00,125.4,2012-01-20,81.04,0.22202739726027398,155.0,put,30.15,30.55,27.5,1,,9e-05,-1.0,0.0,-305.99962,0.0,0.0,spy_options_2011.parquet,497468
SPY,2011-10-31,2011-10-31T16:00:00-04:00,125.4,2012-01-20,81.04,0.22202739726027398,156.0,call,0.0,0.01,0.02,0,,0.17418,0.00363,0.00099,0.00612,-0.00026,0.00134,spy_options_2011.parquet,497469
SPY,2011-10-31,2011-10-31T16:00:00-04:00,125.4,2012-01-20,81.04,0.22202739726027398,156.0,put,31.13,31.53,32.46,0,,0.00041,-1.0,0.0,-316.00005,0.0,0.0,spy_options_2011.parquet,497469
SPY,2011-10-31,2011-10-31T16:00:00-04:00,125.4,2012-01-20,81.04,0.22202739726027398,157.0,call,0.0,0.02,0.01,0,,0.17795,0.00277,0.00094,0.00577,-0.00107,0.00122,spy_options_2011.parquet,497470
SPY,2011-10-31,2011-10-31T16:00:00-04:00,125.4,2012-01-20,81.04,0.22202739726027398,157.0,put,32.1,32.54,33.46,0,,0.00056,-1.0,0.0,-326.00045,0.0,0.0,spy_options_2011.parquet,497470
SPY,2011-10-31,2011-10-31T16:00:00-04:00,125.4,2012-01-20,81.04,0.22202739726027398,158.0,call,0.0,0.02,0.03,0,,0.18265,0.00267,0.00088,0.00571,-0.00105,0.00045,spy_options_2011.parquet,497471
SPY,2011-10-31,2011-10-31T16:00:00-04:00,125.4,2012-01-20,81.04,0.22202739726027398,158.0,put,33.11,33.54,0.0,,,0.00041,-1.0,0.0,-335.99991,0.0,0.0,spy_options_2011.parquet,497471
SPY,2011-10-31,2011-10-31T16:00:00-04:00,125.4,2012-01-20,81.04,0.22202739726027398,159.0,call,0.0,0.02,0.0,,,0.18621,0.00325,0.00088,0.00551,-0.00077,0.00132,spy_options_2011.parquet,497472
SPY,2011-10-31,2011-10-31T16:00:00-04:00,125.4,2012-01-20,81.04,0.22202739726027398,159.0,put,34.12,34.53,0.0,,,-0.00024,-1.0,0.0,-346.00014,0.0,0.0,spy_options_2011.parquet,497472
SPY,2011-10-31,2011-10-31T16:00:00-04:00,125.4,2012-01-20,81.04,0.22202739726027398,160.0,call,0.0,0.02,0.03,0,,0.19117,0.0036,0.00087,0.00594,-0.00073,0.00089,spy_options_2011.parquet,497473
SPY,2011-10-31,2011-10-31T16:00:00-04:00,125.4,2012-01-20,81.04,0.22202739726027398,160.0,put,35.11,35.54,46.61,0,,0.00035,-1.0,0.0,-356.00011,0.0,0.0,spy_options_2011.parquet,497473
SPY,2011-10-31,2011-10-31T16:00:00-04:00,125.4,2012-01-20,81.04,0.22202739726027398,161.0,call,0.0,0.02,0.0,,,0.19537,0.00328,0.00075,0.00576,-0.00036,0.00057,spy_options_2011.parquet,497474
SPY,2011-10-31,2011-10-31T16:00:00-04:00,125.4,2012-01-20,81.04,0.22202739726027398,161.0,put,36.16,36.58,37.84,0,,-1e-05,-1.0,0.0,-366.00034,0.0,0.0,spy_options_2011.parquet,497474
SPY,2011-10-31,2011-10-31T16:00:00-04:00,125.4,2012-01-20,81.04,0.22202739726027398,162.0,call,0.0,0.01,0.0,,,0.199,0.00324,0.00074,0.00528,-0.00031,0.00064,spy_options_2011.parquet,497475
SPY,2011-10-31,2011-10-31T16:00:00-04:00,125.4,2012-01-20,81.04,0.22202739726027398,162.0,put,37.16,37.58,38.84,0,,-0.0002,-1.0,0.0,-375.99969,0.0,0.0,spy_options_2011.parquet,497475
SPY,2011-10-31,2011-10-31T16:00:00-04:00,125.4,2012-01-20,81.04,0.22202739726027398,163.0,call,0.0,0.02,0.0,,,0.20381,0.00328,0.00074,0.00521,-0.00082,0.00101,spy_options_2011.parquet,497476
SPY,2011-10-31,2011-10-31T16:00:00-04:00,125.4,2012-01-20,81.04,0.22202739726027398,163.0,put,38.14,38.58,39.59,0,,0.00034,-1.0,0.0,-386.00032,0.0,0.0,spy_options_2011.parquet,497476
SPY,2011-10-31,2011-10-31T16:00:00-04:00,125.4,2012-01-20,81.04,0.22202739726027398,164.0,call,0.0,0.02,0.0,,,0.20742,0.00303,0.00068,0.00521,-0.00019,0.00072,spy_options_2011.parquet,497477
SPY,2011-10-31,2011-10-31T16:00:00-04:00,125.4,2012-01-20,81.04,0.22202739726027398,164.0,put,39.14,39.58,40.59,0,,0.00046,-1.0,0.0,-396.00001,0.0,0.0,spy_options_2011.parquet,497477
SPY,2011-10-31,2011-10-31T16:00:00-04:00,125.4,2012-01-20,81.04,0.22202739726027398,165.0,call,0.0,0.02,0.03,0,,0.21196,0.00228,0.00073,0.00554,-0.00041,0.00074,spy_options_2011.parquet,497478
SPY,2011-10-31,2011-10-31T16:00:00-04:00,125.4,2012-01-20,81.04,0.22202739726027398,165.0,put,40.11,40.53,41.59,0,,0.00017,-1.0,0.0,-405.99966,0.0,0.0,spy_options_2011.parquet,497478
SPY,2011-10-31,2011-10-31T16:00:00-04:00,125.4,2012-01-20,81.04,0.22202739726027398,170.0,call,0.0,0.02,0.01,0,,0.21713,0.00171,0.00037,0.00294,-1e-05,-1e-05,spy_options_2011.parquet,497479
SPY,2011-10-31,2011-10-31T16:00:00-04:00,125.4,2012-01-20,81.04,0.22202739726027398,170.0,put,45.11,45.53,56.06,0,,0.00058,-1.0,0.0,-455.99968,0.0,0.0,spy_options_2011.parquet,497479
SPY,2011-10-31,2011-10-31T16:00:00-04:00,125.4,2012-01-20,81.04,0.22202739726027398,175.0,call,0.0,0.02,0.03,0,,0.2355,0.00153,0.00035,0.00223,-0.00027,0.00022,spy_options_2011.parquet,497480
SPY,2011-10-31,2011-10-31T16:00:00-04:00,125.4,2012-01-20,81.04,0.22202739726027398,175.0,put,50.14,50.54,43.15,0,,-0.0001,-1.0,0.0,-506.00003,0.0,0.0,spy_options_2011.parquet,497480
SPY,2011-10-31,2011-10-31T16:00:00-04:00,125.4,2012-01-20,81.04,0.22202739726027398,180.0,call,0.0,0.01,0.01,0,,0.25262,0.0016,0.00032,0.00224,-0.00046,0.00011,spy_options_2011.parquet,497481
SPY,2011-10-31,2011-10-31T16:00:00-04:00,125.4,2012-01-20,81.04,0.22202739726027398,180.0,put,55.1,55.51,65.29,0,,0.00021,-1.0,0.0,-556.00016,0.0,0.0,spy_options_2011.parquet,497481
SPY,2011-10-31,2011-10-31T16:00:00-04:00,125.4,2012-01-20,81.04,0.22202739726027398,185.0,call,0.0,0.0,0.0,,,0.26923,0.00156,0.00021,0.0022,-0.00018,0.0002,spy_options_2011.parquet,497482
SPY,2011-10-31,2011-10-31T16:00:00-04:00,125.4,2012-01-20,81.04,0.22202739726027398,185.0,put,60.09,60.53,57.03,0,,-6e-05,-1.0,0.0,-606.00038,0.0,0.0,spy_options_2011.parquet,497482
SPY,2011-10-31,2011-10-31T16:00:00-04:00,125.4,2012-01-20,81.04,0.22202739726027398,85.0,call,40.42,40.81,39.1,0,,0.58035,0.92392,0.00234,0.06465,-0.01876,0.03766,spy_options_2011.parquet,497398
SPY,2011-10-31,2011-10-31T16:00:00-04:00,125.4,2012-01-20,81.04,0.22202739726027398,85.0,put,0.34,0.38,0.29,38,,0.46046,-0.03123,0.00259,0.04192,-0.01241,-0.00932,spy_options_2011.parquet,497398
SPY,2011-10-31,2011-10-31T16:00:00-04:00,125.4,2012-01-20,81.04,0.22202739726027398,86.0,call,39.45,39.83,0.0,,,0.56633,0.9236,0.00263,0.0644,-0.01861,0.04051,spy_options_2011.parquet,497399
SPY,2011-10-31,2011-10-31T16:00:00-04:00,125.4,2012-01-20,81.04,0.22202739726027398,86.0,put,0.36,0.41,0.34,0,,0.45406,-0.03396,0.00279,0.04485,-0.01252,-0.01002,spy_options_2011.parquet,497399
SPY,2011-10-31,2011-10-31T16:00:00-04:00,125.4,2012-01-20,81.04,0.22202739726027398,87.0,call,38.48,38.85,0.0,,,0.55179,0.92417,0.00278,0.06557,-0.01817,0.0429,spy_options_2011.parquet,497400
SPY,2011-10-31,2011-10-31T16:00:00-04:00,125.4,2012-01-20,81.04,0.22202739726027398,87.0,put,0.39,0.45,0.33,298,,0.44844,-0.03694,0.00301,0.04702,-0.01341,-0.01114,spy_options_2011.parquet,497400
SPY,2011-10-31,2011-10-31T16:00:00-04:00,125.4,2012-01-20,81.04,0.22202739726027398,88.0,call,37.5,37.88,23.73,0,,0.53847,0.92416,0.00308,0.06628,-0.01785,0.04584,spy_options_2011.parquet,497401
SPY,2011-10-31,2011-10-31T16:00:00-04:00,125.4,2012-01-20,81.04,0.22202739726027398,88.0,put,0.43,0.47,0.4,20,,0.44172,-0.03937,0.00319,0.05024,-0.01445,-0.01252,spy_options_2011.parquet,497401
SPY,2011-10-31,2011-10-31T16:00:00-04:00,125.4,2012-01-20,81.04,0.22202739726027398,89.0,call,36.51,36.89,26.36,0,,0.52406,0.92418,0.00329,0.06719,-0.01758,0.04853,spy_options_2011.parquet,497402
SPY,2011-10-31,2011-10-31T16:00:00-04:00,125.4,2012-01-20,81.04,0.22202739726027398,89.0,put,0.47,0.5,0.39,300,,0.43706,-0.04206,0.00351,0.05317,-0.01465,-0.01296,spy_options_2011.parquet,497402
SPY,2011-10-31,2011-10-31T16:00:00-04:00,125.4,2012-01-20,81.04,0.22202739726027398,90.0,call,35.56,35.92,38.29,0,,0.51452,0.92283,0.00367,0.06944,-0.0179,0.05277,spy_options_2011.parquet,497403
SPY,2011-10-31,2011-10-31T16:00:00-04:00,125.4,2012-01-20,81.04,0.22202739726027398,90.0,put,0.5,0.53,0.49,45,,0.43149,-0.04528,0.00371,0.05719,-0.01503,-0.01362,spy_options_2011.parquet,497403
SPY,2011-10-31,2011-10-31T16:00:00-04:00,125.4,2012-01-20,81.04,0.22202739726027398,91.0,call,34.55,34.95,37.02,0,,0.50016,0.92269,0.00393,0.07091,-0.01732,0.05479,spy_options_2011.parquet,497404
SPY,2011-10-31,2011-10-31T16:00:00-04:00,125.4,2012-01-20,81.04,0.22202739726027398,91.0,put,0.53,0.57,0.9,0,,0.42421,-0.04844,0.00404,0.06024,-0.01578,-0.01516,spy_options_2011.parquet,497404
SPY,2011-10-31,2011-10-31T16:00:00-04:00,125.4,2012-01-20,81.04,0.22202739726027398,92.0,call,33.63,33.98,20.03,0,,0.49217,0.92071,0.00427,0.07364,-0.01801,0.05953,spy_options_2011.parquet,497405
SPY,2011-10-31,2011-10-31T16:00:00-04:00,125.4,2012-01-20,81.04,0.22202739726027398,92.0,put,0.58,0.61,0.45,0,,0.41791,-0.05204,0.00427,0.06304,-0.01676,-0.01605,spy_options_2011.parquet,497405
SPY,2011-10-31,2011-10-31T16:00:00-04:00,125.4,2012-01-20,81.04,0.22202739726027398,93.0,call,32.66,33.0,20.72,0,,0.4803,0.91891,0.00461,0.07559,-0.0174,0.06369,spy_options_2011.parquet,497406
SPY,2011-10-31,2011-10-31T16:00:00-04:00,125.4,2012-01-20,81.04,0.22202739726027398,93.0,put,0.62,0.65,0.52,10,,0.41266,-0.05642,0.00457,0.06686,-0.01766,-0.01721,spy_options_2011.parquet,497406
SPY,2011-10-31,2011-10-31T16:00:00-04:00,125.4,2012-01-20,81.04,0.22202739726027398,94.0,call,31.7,32.04,31.06,0,,0.47011,0.91653,0.005,0.07875,-0.01823,0.06791,spy_options_2011.parquet,497407
SPY,2011-10-31,2011-10-31T16:00:00-04:00,125.4,2012-01-20,81.04,0.22202739726027398,94.0,put,0.67,0.7,0.5,0,,0.40754,-0.06016,0.00494,0.07115,-0.01884,-0.019,spy_options_2011.parquet,497407
SPY,2011-10-31,2011-10-31T16:00:00-04:00,125.4,2012-01-20,81.04,0.22202739726027398,95.0,call,30.73,31.08,33.4,0,,0.45973,0.9149,0.00544,0.08084,-0.01762,0.07179,spy_options_2011.parquet,497408
SPY,2011-10-31,2011-10-31T16:00:00-04:00,125.4,2012-01-20,81.04,0.22202739726027398,95.0,put,0.7,0.76,0.69,502,,0.40182,-0.06478,0.00531,0.07539,-0.01911,-0.02,spy_options_2011.parquet,497408
SPY,2011-10-31,2011-10-31T16:00:00-04:00,125.4,2012-01-20,81.04,0.22202739726027398,96.0,call,29.79,30.12,22.38,0,,0.45144,0.91136,0.00586,0.08407,-0.01792,0.07595,spy_options_2011.parquet,497409
SPY,2011-10-31,2011-10-31T16:00:00-04:00,125.4,2012-01-20,81.04,0.22202739726027398,96.0,put,0.77,0.79,0.75,10,,0.39637,-0.06972,0.0057,0.0796,-0.02047,-0.02185,spy_options_2011.parquet,497409
SPY,2011-10-31,2011-10-31T16:00:00-04:00,125.4,2012-01-20,81.04,0.22202739726027398,97.0,call,28.8,29.17,17.17,0,,0.44174,0.90834,0.0063,0.08816,-0.01869,0.08037,spy_options_2011.parquet,497410
SPY,2011-10-31,2011-10-31T16:00:00-04:00,125.4,2012-01-20,81.04,0.22202739726027398,97.0,put,0.81,0.86,0.8,20,,0.39041,-0.07445,0.00613,0.0842,-0.02078,-0.02325,spy_options_2011.parquet,497410
SPY,2011-10-31,2011-10-31T16:00:00-04:00,125.4,2012-01-20,81.04,0.22202739726027398,98.0,call,27.89,28.22,18.25,0,,0.43445,0.90327,0.00682,0.09252,-0.01969,0.0856,spy_options_2011.parquet,497411
SPY,2011-10-31,2011-10-31T16:00:00-04:00,125.4,2012-01-20,81.04,0.22202739726027398,98.0,put,0.89,0.94,0.87,70,,0.38608,-0.08136,0.00655,0.0891,-0.02195,-0.02527,spy_options_2011.parquet,497411
SPY,2011-10-31,2011-10-31T16:00:00-04:00,125.4,2012-01-20,81.04,0.22202739726027398,99.0,call,26.93,27.27,30.1,22,,0.42538,0.89945,0.00732,0.09636,-0.01936,0.0893,spy_options_2011.parquet,497412
SPY,2011-10-31,2011-10-31T16:00:00-04:00,125.4,2012-01-20,81.04,0.22202739726027398,99.0,put,0.96,1.0,0.94,23,,0.38077,-0.08702,0.00696,0.09399,-0.02326,-0.02681,spy_options_2011.parquet,497412
SPY,2011-10-31,2011-10-31T16:00:00-04:00,125.4,2012-02-17,109.04,0.2987397260273973,100.0,call,26.33,26.7,28.04,0,,0.38972,0.87661,0.00795,0.13211,-0.01825,0.13685,spy_options_2011.parquet,497524
SPY,2011-10-31,2011-10-31T16:00:00-04:00,125.4,2012-02-17,109.04,0.2987397260273973,100.0,put,1.51,1.58,1.37,14,,0.36282,-0.11599,0.00774,0.13346,-0.02277,-0.0486,spy_options_2011.parquet,497524
SPY,2011-10-31,2011-10-31T16:00:00-04:00,125.4,2012-02-17,109.04,0.2987397260273973,101.0,call,25.49,25.78,0.0,,,0.3865,0.86822,0.00843,0.13883,-0.01935,0.14217,spy_options_2011.parquet,497525
SPY,2011-10-31,2011-10-31T16:00:00-04:00,125.4,2012-02-17,109.04,0.2987397260273973,101.0,put,1.61,1.69,1.22,0,,0.35818,-0.12313,0.00826,0.13984,-0.02403,-0.05159,spy_options_2011.parquet,497525
SPY,2011-10-31,2011-10-31T16:00:00-04:00,125.4,2012-02-17,109.04,0.2987397260273973,102.0,call,24.58,24.86,0.0,,,0.37983,0.86107,0.00896,0.14417,-0.02009,0.14729,spy_options_2011.parquet,497526
SPY,2011-10-31,2011-10-31T16:00:00-04:00,125.4,2012-02-17,109.04,0.2987397260273973,102.0,put,1.72,1.8,1.5,266,,0.35397,-0.13084,0.00869,0.14626,-0.02491,-0.05484,spy_options_2011.parquet,497526
SPY,2011-10-31,2011-10-31T16:00:00-04:00,125.4,2012-02-17,109.04,0.2987397260273973,103.0,call,23.66,23.96,0.0,,,0.37266,0.85477,0.0095,0.15044,-0.02082,0.15187,spy_options_2011.parquet,497527
SPY,2011-10-31,2011-10-31T16:00:00-04:00,125.4,2012-02-17,109.04,0.2987397260273973,103.0,put,1.82,1.93,1.61,1,,0.35005,-0.14037,0.00919,0.15225,-0.02582,-0.05856,spy_options_2011.parquet,497527
SPY,2011-10-31,2011-10-31T16:00:00-04:00,125.4,2012-02-17,109.04,0.2987397260273973,104.0,call,22.79,23.07,21.79,0,,0.36815,0.84592,0.01006,0.15727,-0.02137,0.15671,spy_options_2011.parquet,497528
SPY,2011-10-31,2011-10-31T16:00:00-04:00,125.4,2012-02-17,109.04,0.2987397260273973,104.0,put,1.95,2.02,1.62,886,,0.34442,-0.14854,0.00976,0.1584,-0.02658,-0.0617,spy_options_2011.parquet,497528
SPY,2011-10-31,2011-10-31T16:00:00-04:00,125.4,2012-02-17,109.04,0.2987397260273973,105.0,call,21.89,22.18,23.45,0,,0.3615,0.83737,0.01064,0.16332,-0.02212,0.16062,spy_options_2011.parquet,497529
SPY,2011-10-31,2011-10-31T16:00:00-04:00,125.4,2012-02-17,109.04,0.2987397260273973,105.0,put,2.06,2.15,1.73,886,,0.34012,-0.15761,0.01031,0.1648,-0.02728,-0.06559,spy_options_2011.parquet,497529
SPY,2011-10-31,2011-10-31T16:00:00-04:00,125.4,2012-02-17,109.04,0.2987397260273973,106.0,call,21.0,21.29,22.54,0,,0.35541,0.82838,0.0112,0.16984,-0.02194,0.16426,spy_options_2011.parquet,497530
SPY,2011-10-31,2011-10-31T16:00:00-04:00,125.4,2012-02-17,109.04,0.2987397260273973,106.0,put,2.21,2.26,1.84,183,,0.33447,-0.1672,0.01081,0.17148,-0.02755,-0.07002,spy_options_2011.parquet,497530
SPY,2011-10-31,2011-10-31T16:00:00-04:00,125.4,2012-02-17,109.04,0.2987397260273973,107.0,call,20.11,20.43,21.65,0,,0.34969,0.81815,0.01178,0.17614,-0.02273,0.16727,spy_options_2011.parquet,497531
SPY,2011-10-31,2011-10-31T16:00:00-04:00,125.4,2012-02-17,109.04,0.2987397260273973,107.0,put,2.34,2.41,1.95,704,,0.3296,-0.17777,0.01142,0.17812,-0.02843,-0.07363,spy_options_2011.parquet,497531
SPY,2011-10-31,2011-10-31T16:00:00-04:00,125.4,2012-02-17,109.04,0.2987397260273973,108.0,call,19.29,19.58,22.09,0,,0.34564,0.80728,0.01239,0.1836,-0.02369,0.17089,spy_options_2011.parquet,497532
SPY,2011-10-31,2011-10-31T16:00:00-04:00,125.4,2012-02-17,109.04,0.2987397260273973,108.0,put,2.48,2.57,2.12,26,,0.32479,-0.188,0.01205,0.18554,-0.02896,-0.07905,spy_options_2011.parquet,497532
SPY,2011-10-31,2011-10-31T16:00:00-04:00,125.4,2012-02-17,109.04,0.2987397260273973,109.0,call,18.43,18.72,19.9,0,,0.3396,0.79605,0.01301,0.18992,-0.02451,0.17392,spy_options_2011.parquet,497533
SPY,2011-10-31,2011-10-31T16:00:00-04:00,125.4,2012-02-17,109.04,0.2987397260273973,109.0,put,2.66,2.73,3.57,0,,0.32016,-0.19991,0.01267,0.19161,-0.02946,-0.08311,spy_options_2011.parquet,497533
SPY,2011-10-31,2011-10-31T16:00:00-04:00,125.4,2012-02-17,109.04,0.2987397260273973,110.0,call,17.55,17.88,18.8,2,,0.33392,0.78424,0.01362,0.19695,-0.02444,0.17603,spy_options_2011.parquet,497534
SPY,2011-10-31,2011-10-31T16:00:00-04:00,125.4,2012-02-17,109.04,0.2987397260273973,110.0,put,2.82,2.9,2.73,139,,0.31629,-0.21222,0.01332,0.19909,-0.03016,-0.08903,spy_options_2011.parquet,497534
SPY,2011-10-31,2011-10-31T16:00:00-04:00,125.4,2012-02-17,109.04,0.2987397260273973,111.0,call,16.81,17.04,18.17,0,,0.32992,0.77016,0.01426,0.20454,-0.02541,0.17809,spy_options_2011.parquet,497535
SPY,2011-10-31,2011-10-31T16:00:00-04:00,125.4,2012-02-17,109.04,0.2987397260273973,111.0,put,2.99,3.09,2.45,10,,0.3108,-0.22478,0.01397,0.20536,-0.03173,-0.09447,spy_options_2011.parquet,497535
SPY,2011-10-31,2011-10-31T16:00:00-04:00,125.4,2012-02-17,109.04,0.2987397260273973,112.0,call,15.99,16.22,17.33,0,,0.32501,0.75688,0.01486,0.2116,-0.02625,0.17955,spy_options_2011.parquet,497536
SPY,2011-10-31,2011-10-31T16:00:00-04:00,125.4,2012-02-17,109.04,0.2987397260273973,112.0,put,3.17,3.24,2.54,1,,0.30559,-0.23776,0.01469,0.21175,-0.03177,-0.0994,spy_options_2011.parquet,497536
SPY,2011-10-31,2011-10-31T16:00:00-04:00,125.4,2012-02-17,109.04,0.2987397260273973,113.0,call,15.07,15.38,15.83,18,,0.31652,0.74472,0.01572,0.21666,-0.02592,0.18137,spy_options_2011.parquet,497537
SPY,2011-10-31,2011-10-31T16:00:00-04:00,125.4,2012-02-17,109.04,0.2987397260273973,113.0,put,3.38,3.46,2.88,997,,0.30073,-0.25249,0.01533,0.21892,-0.0324,-0.10573,spy_options_2011.parquet,497537
SPY,2011-10-31,2011-10-31T16:00:00-04:00,125.4,2012-02-17,109.04,0.2987397260273973,114.0,call,14.38,14.6,15.02,18,,0.31412,0.72792,0.01625,0.22456,-0.02622,0.18133,spy_options_2011.parquet,497538
SPY,2011-10-31,2011-10-31T16:00:00-04:00,125.4,2012-02-17,109.04,0.2987397260273973,114.0,put,3.59,3.68,3.13,35,,0.29631,-0.26755,0.01608,0.22528,-0.03317,-0.11176,spy_options_2011.parquet,497538
SPY,2011-10-31,2011-10-31T16:00:00-04:00,125.4,2012-02-17,109.04,0.2987397260273973,115.0,call,13.56,13.83,12.82,0,,0.30815,0.71293,0.01694,0.23077,-0.02663,0.18212,spy_options_2011.parquet,497539
SPY,2011-10-31,2011-10-31T16:00:00-04:00,125.4,2012-02-17,109.04,0.2987397260273973,115.0,put,3.82,3.91,3.26,323,,0.29198,-0.28288,0.01678,0.23203,-0.03316,-0.11827,spy_options_2011.parquet,497539
SPY,2011-10-31,2011-10-31T16:00:00-04:00,125.4,2012-02-17,109.04,0.2987397260273973,116.0,call,12.79,13.06,12.02,0,,0.30354,0.69734,0.01759,0.23694,-0.02713,0.18166,spy_options_2011.parquet,497540
SPY,2011-10-31,2011-10-31T16:00:00-04:00,125.4,2012-02-17,109.04,0.2987397260273973,116.0,put,4.05,4.14,3.46,1,,0.28644,-0.29954,0.01753,0.2378,-0.03394,-0.12497,spy_options_2011.parquet,497540
SPY,2011-10-31,2011-10-31T16:00:00-04:00,125.4,2012-02-17,109.04,0.2987397260273973,117.0,call,12.08,12.3,11.56,0,,0.29918,0.67978,0.01824,0.24308,-0.02743,0.181,spy_options_2011.parquet,497541
SPY,2011-10-31,2011-10-31T16:00:00-04:00,125.4,2012-02-17,109.04,0.2987397260273973,117.0,put,4.3,4.4,3.77,260,,0.28217,-0.31626,0.01828,0.24364,-0.0349,-0.13272,spy_options_2011.parquet,497541
SPY,2011-10-31,2011-10-31T16:00:00-04:00,125.4,2012-02-17,109.04,0.2987397260273973,118.0,call,11.27,11.57,13.4,0,,0.29276,0.66186,0.01898,0.24853,-0.02764,0.18018,spy_options_2011.parquet,497542
SPY,2011-10-31,2011-10-31T16:00:00-04:00,125.4,2012-02-17,109.04,0.2987397260273973,118.0,put,4.58,4.66,3.93,272,,0.27748,-0.33505,0.01896,0.24907,-0.03472,-0.14052,spy_options_2011.parquet,497542
SPY,2011-10-31,2011-10-31T16:00:00-04:00,125.4,2012-02-17,109.04,0.2987397260273973,119.0,call,10.57,10.84,11.76,0,,0.2883,0.64354,0.01962,0.25339,-0.02804,0.17788,spy_options_2011.parquet,497543
SPY,2011-10-31,2011-10-31T16:00:00-04:00,125.4,2012-02-17,109.04,0.2987397260273973,119.0,put,4.86,4.94,4.18,203,,0.2724,-0.35329,0.01969,0.25434,-0.03485,-0.14871,spy_options_2011.parquet,497543
SPY,2011-10-31,2011-10-31T16:00:00-04:00,125.4,2012-02-17,109.04,0.2987397260273973,120.0,call,9.86,10.14,10.73,33,,0.28334,0.62403,0.0202,0.25773,-0.02784,0.17641,spy_options_2011.parquet,497544
SPY,2011-10-31,2011-10-31T16:00:00-04:00,125.4,2012-02-17,109.04,0.2987397260273973,120.0,put,5.16,5.25,5.0,311,,0.26766,-0.37396,0.02043,0.25953,-0.0356,-0.1563,spy_options_2011.parquet,497544
SPY,2011-10-31,2011-10-31T16:00:00-04:00,125.4,2012-02-17,109.04,0.2987397260273973,121.0,call,9.21,9.45,9.48,10,,0.27925,0.60327,0.02076,0.26269,-0.02856,0.1737,spy_options_2011.parquet,497545
SPY,2011-10-31,2011-10-31T16:00:00-04:00,125.4,2012-02-17,109.04,0.2987397260273973,121.0,put,5.48,5.58,4.85,5,,0.26321,-0.39381,0.02109,0.26318,-0.0357,-0.16508,spy_options_2011.parquet,497545
SPY,2011-10-31,2011-10-31T16:00:00-04:00,125.4,2012-02-17,109.04,0.2987397260273973,122.0,call,8.57,8.67,9.0,16,,0.27306,0.5823,0.02147,0.26622,-0.02832,0.16973,spy_options_2011.parquet,497546
SPY,2011-10-31,2011-10-31T16:00:00-04:00,125.4,2012-02-17,109.04,0.2987397260273973,122.0,put,5.82,5.9,5.63,8,,0.25788,-0.41596,0.02183,0.26699,-0.03506,-0.175,spy_options_2011.parquet,497546
SPY,2011-10-31,2011-10-31T16:00:00-04:00,125.4,2012-02-17,109.04,0.2987397260273973,123.0,call,7.91,8.05,9.9,0,,0.26783,0.56056,0.02207,0.26908,-0.02785,0.1668,spy_options_2011.parquet,497547
SPY,2011-10-31,2011-10-31T16:00:00-04:00,125.4,2012-02-17,109.04,0.2987397260273973,123.0,put,6.17,6.25,5.94,159,,0.25341,-0.43833,0.02244,0.26941,-0.03544,-0.1841,spy_options_2011.parquet,497547
SPY,2011-10-31,2011-10-31T16:00:00-04:00,125.4,2012-02-17,109.04,0.2987397260273973,124.0,call,7.28,7.42,8.02,45,,0.26285,0.53804,0.02258,0.27092,-0.02738,0.16163,spy_options_2011.parquet,497548
SPY,2011-10-31,2011-10-31T16:00:00-04:00,125.4,2012-02-17,109.04,0.2987397260273973,124.0,put,6.54,6.65,5.96,28,,0.24857,-0.46134,0.02304,0.27156,-0.03501,-0.19375,spy_options_2011.parquet,497548
SPY,2011-10-31,2011-10-31T16:00:00-04:00,125.4,2012-02-17,109.04,0.2987397260273973,125.0,call,6.69,6.8,7.48,50,,0.25828,0.51497,0.02294,0.27225,-0.02791,0.15716,spy_options_2011.parquet,497549
SPY,2011-10-31,2011-10-31T16:00:00-04:00,125.4,2012-02-17,109.04,0.2987397260273973,125.0,put,6.93,7.03,6.1,325,,0.24376,-0.4855,0.02364,0.2719,-0.03501,-0.20442,spy_options_2011.parquet,497549
SPY,2011-10-31,2011-10-31T16:00:00-04:00,125.4,2012-02-17,109.04,0.2987397260273973,126.0,call,6.11,6.2,6.39,22,,0.25306,0.48991,0.02336,0.27218,-0.02689,0.15201,spy_options_2011.parquet,497550
SPY,2011-10-31,2011-10-31T16:00:00-04:00,125.4,2012-02-17,109.04,0.2987397260273973,126.0,put,7.37,7.46,7.0,401,,0.23893,-0.51053,0.02398,0.2718,-0.03427,-0.2153,spy_options_2011.parquet,497550
SPY,2011-10-31,2011-10-31T16:00:00-04:00,125.4,2012-02-17,109.04,0.2987397260273973,127.0,call,5.56,5.67,6.2,13,,0.24927,0.46557,0.02356,0.27139,-0.02619,0.14599,spy_options_2011.parquet,497551
SPY,2011-10-31,2011-10-31T16:00:00-04:00,125.4,2012-02-17,109.04,0.2987397260273973,127.0,put,7.75,7.92,7.33,27,,0.23292,-0.53666,0.02452,0.27114,-0.03392,-0.22636,spy_options_2011.parquet,497551
SPY,2011-10-31,2011-10-31T16:00:00-04:00,125.4,2012-02-17,109.04,0.2987397260273973,128.0,call,5.05,5.14,5.45,18,,0.24414,0.44091,0.02381,0.26978,-0.02604,0.14003,spy_options_2011.parquet,497552
SPY,2011-10-31,2011-10-31T16:00:00-04:00,125.4,2012-02-17,109.04,0.2987397260273973,128.0,put,8.26,8.4,7.42,3,,0.22836,-0.56232,0.02479,0.26797,-0.03335,-0.23781,spy_options_2011.parquet,497552
SPY,2011-10-31,2011-10-31T16:00:00-04:00,125.4,2012-02-17,109.04,0.2987397260273973,129.0,call,4.53,4.65,5.08,6,,0.23932,0.41547,0.02399,0.26613,-0.02548,0.13308,spy_options_2011.parquet,497553
SPY,2011-10-31,2011-10-31T16:00:00-04:00,125.4,2012-02-17,109.04,0.2987397260273973,129.0,put,8.7,8.87,8.41,16,,0.22249,-0.58984,0.02511,0.26432,-0.03253,-0.24905,spy_options_2011.parquet,497553
SPY,2011-10-31,2011-10-31T16:00:00-04:00,125.4,2012-02-17,109.04,0.2987397260273973,130.0,call,4.06,4.15,4.56,,,0.23514,0.3896,0.02397,0.26189,-0.02496,0.12617,spy_options_2011.parquet,497554
SPY,2011-10-31,2011-10-31T16:00:00-04:00,125.4,2012-02-17,109.04,0.2987397260273973,130.0,put,9.23,9.43,9.1,27,,0.21744,-0.61784,0.02514,0.25892,-0.03224,-0.2617,spy_options_2011.parquet,497554
SPY,2011-10-31,2011-10-31T16:00:00-04:00,125.4,2012-02-17,109.04,0.2987397260273973,131.0,call,3.58,3.7,3.77,13,,0.22945,0.3627,0.02393,0.2564,-0.02344,0.11915,spy_options_2011.parquet,497555
SPY,2011-10-31,2011-10-31T16:00:00-04:00,125.4,2012-02-17,109.04,0.2987397260273973,131.0,put,9.77,10.0,9.48,21,,0.21375,-0.64541,0.025,0.25282,-0.03105,-0.27305,spy_options_2011.parquet,497555
SPY,2011-10-31,2011-10-31T16:00:00-04:00,125.4,2012-02-17,109.04,0.2987397260273973,132.0,call,3.18,3.29,3.3,37,,0.22575,0.33589,0.02365,0.25025,-0.02291,0.11192,spy_options_2011.parquet,497556
SPY,2011-10-31,2011-10-31T16:00:00-04:00,125.4,2012-02-17,109.04,0.2987397260273973,132.0,put,10.37,10.63,10.12,2,,0.20964,-0.67248,0.02462,0.24432,-0.02971,-0.28525,spy_options_2011.parquet,497556
SPY,2011-10-31,2011-10-31T16:00:00-04:00,125.4,2012-02-17,109.04,0.2987397260273973,133.0,call,2.81,2.91,3.08,22,,0.22269,0.3106,0.0233,0.24215,-0.02191,0.10357,spy_options_2011.parquet,497557
SPY,2011-10-31,2011-10-31T16:00:00-04:00,125.4,2012-02-17,109.04,0.2987397260273973,133.0,put,10.98,11.16,10.58,3,,0.20304,-0.70287,0.02431,0.23388,-0.02869,-0.29909,spy_options_2011.parquet,497557
SPY,2011-10-31,2011-10-31T16:00:00-04:00,125.4,2012-02-17,109.04,0.2987397260273973,134.0,call,2.45,2.54,2.78,2,,0.21723,0.2846,0.02279,0.23222,-0.02069,0.09553,spy_options_2011.parquet,497558
SPY,2011-10-31,2011-10-31T16:00:00-04:00,125.4,2012-02-17,109.04,0.2987397260273973,134.0,put,11.61,11.85,11.33,144,,0.19886,-0.72993,0.02369,0.2227,-0.02746,-0.31114,spy_options_2011.parquet,497558
SPY,2011-10-31,2011-10-31T16:00:00-04:00,125.4,2012-02-17,109.04,0.2987397260273973,135.0,call,2.1,2.22,2.45,25,,0.21361,0.25882,0.02218,0.22239,-0.01912,0.08765,spy_options_2011.parquet,497559
SPY,2011-10-31,2011-10-31T16:00:00-04:00,125.4,2012-02-17,109.04,0.2987397260273973,135.0,put,12.29,12.49,11.99,114,,0.19335,-0.75937,0.02287,0.20903,-0.02552,-0.32436,spy_options_2011.parquet,497559
SPY,2011-10-31,2011-10-31T16:00:00-04:00,125.4,2012-02-17,109.04,0.2987397260273973,136.0,call,1.83,1.9,2.62,0,,0.20956,0.23464,0.02137,0.21038,-0.01763,0.08027,spy_options_2011.parquet,497560
SPY,2011-10-31,2011-10-31T16:00:00-04:00,125.4,2012-02-17,109.04,0.2987397260273973,136.0,put,12.98,13.25,14.75,0,,0.18904,-0.78545,0.02178,0.19538,-0.02459,-0.33613,spy_options_2011.parquet,497560
SPY,2011-10-31,2011-10-31T16:00:00-04:00,125.4,2012-02-17,109.04,0.2987397260273973,137.0,call,1.56,1.65,1.83,5,,0.20572,0.21016,0.02045,0.19838,-0.01621,0.07301,spy_options_2011.parquet,497561
SPY,2011-10-31,2011-10-31T16:00:00-04:00,125.4,2012-02-17,109.04,0.2987397260273973,137.0,put,13.7,13.97,11.74,0,,0.18245,-0.81325,0.0206,0.17813,-0.02299,-0.34892,spy_options_2011.parquet,497561
SPY,2011-10-31,2011-10-31T16:00:00-04:00,125.4,2012-02-17,109.04,0.2987397260273973,138.0,call,1.32,1.41,1.58,22,,0.2025,0.18774,0.01941,0.18487,-0.01541,0.06505,spy_options_2011.parquet,497562
SPY,2011-10-31,2011-10-31T16:00:00-04:00,125.4,2012-02-17,109.04,0.2987397260273973,138.0,put,14.46,14.8,0.0,,,0.17915,-0.83736,0.01916,0.16314,-0.02181,-0.35981,spy_options_2011.parquet,497562
SPY,2011-10-31,2011-10-31T16:00:00-04:00,125.4,2012-02-17,109.04,0.2987397260273973,139.0,call,1.08,1.19,1.3,10,,0.19836,0.1652,0.01828,0.1704,-0.01374,0.0578,spy_options_2011.parquet,497563
SPY,2011-10-31,2011-10-31T16:00:00-04:00,125.4,2012-02-17,109.04,0.2987397260273973,139.0,put,15.25,15.6,0.0,,,0.17423,-0.86147,0.01762,0.1451,-0.01982,-0.37195,spy_options_2011.parquet,497563
SPY,2011-10-31,2011-10-31T16:00:00-04:00,125.4,2012-02-17,109.04,0.2987397260273973,140.0,call,0.9,1.01,1.11,11,,0.19539,0.14507,0.01696,0.15696,-0.01215,0.05101,spy_options_2011.parquet,497564
SPY,2011-10-31,2011-10-31T16:00:00-04:00,125.4,2012-02-17,109.04,0.2987397260273973,140.0,put,16.06,16.49,13.44,19,,0.17036,-0.88202,0.01592,0.12868,-0.01853,-0.38253,spy_options_2011.parquet,497564
SPY,2011-10-31,2011-10-31T16:00:00-04:00,125.4,2012-02-17,109.04,0.2987397260273973,141.0,call,0.75,0.84,0.85,13,,0.19303,0.12715,0.01571,0.14347,-0.01116,0.04471,spy_options_2011.parquet,497565
SPY,2011-10-31,2011-10-31T16:00:00-04:00,125.4,2012-02-17,109.04,0.2987397260273973,141.0,put,16.9,17.33,0.0,,,0.1639,-0.90469,0.01399,0.10899,-0.01687,-0.3927,spy_options_2011.parquet,497565
SPY,2011-10-31,2011-10-31T16:00:00-04:00,125.4,2012-02-17,109.04,0.2987397260273973,142.0,call,0.61,0.7,1.08,0,,0.18955,0.10976,0.01439,0.12888,-0.00984,0.03909,spy_options_2011.parquet,497566
SPY,2011-10-31,2011-10-31T16:00:00-04:00,125.4,2012-02-17,109.04,0.2987397260273973,142.0,put,17.77,18.19,0.0,,,0.15591,-0.92647,0.01175,0.08692,-0.01486,-0.40401,spy_options_2011.parquet,497566
SPY,2011-10-31,2011-10-31T16:00:00-04:00,125.4,2012-02-17,109.04,0.2987397260273973,143.0,call,0.49,0.57,0.63,2,,0.18621,0.09349,0.01295,0.11544,-0.00829,0.03299,spy_options_2011.parquet,497567
SPY,2011-10-31,2011-10-31T16:00:00-04:00,125.4,2012-02-17,109.04,0.2987397260273973,143.0,put,18.64,19.07,0.0,,,0.14609,-0.94758,0.00923,0.06371,-0.01339,-0.41466,spy_options_2011.parquet,497567
SPY,2011-10-31,2011-10-31T16:00:00-04:00,125.4,2012-02-17,109.04,0.2987397260273973,144.0,call,0.41,0.47,0.0,,,0.18379,0.07958,0.01162,0.10143,-0.00764,0.02854,spy_options_2011.parquet,497568
SPY,2011-10-31,2011-10-31T16:00:00-04:00,125.4,2012-02-17,109.04,0.2987397260273973,144.0,put,19.52,19.89,0.0,,,0.11124,-0.98243,0.00302,0.01581,-0.01066,-0.43063,spy_options_2011.parquet,497568
SPY,2011-10-31,2011-10-31T16:00:00-04:00,125.4,2012-02-17,109.04,0.2987397260273973,145.0,call,0.32,0.38,0.45,75,,0.18071,0.06679,0.01033,0.08942,-0.00623,0.0241,spy_options_2011.parquet,497569
SPY,2011-10-31,2011-10-31T16:00:00-04:00,125.4,2012-02-17,109.04,0.2987397260273973,145.0,put,20.46,20.91,17.75,0,,0.10215,-0.98783,0.00141,0.00628,-0.00982,-0.43581,spy_options_2011.parquet,497569
SPY,2011-10-31,2011-10-31T16:00:00-04:00,125.4,2012-02-17,109.04,0.2987397260273973,146.0,call,0.25,0.31,0.35,0,,0.17919,0.05594,0.00911,0.07794,-0.0054,0.01957,spy_options_2011.parquet,497570
SPY,2011-10-31,2011-10-31T16:00:00-04:00,125.4,2012-02-17,109.04,0.2987397260273973,146.0,put,21.39,21.84,0.0,,,-1e-05,-1.0,0.0,-216.00017,0.0,0.0,spy_options_2011.parquet,497570
SPY,2011-10-31,2011-10-31T16:00:00-04:00,125.4,2012-02-17,109.04,0.2987397260273973,147.0,call,0.21,0.27,0.34,0,,0.17802,0.04744,0.00814,0.06941,-0.00485,0.01772,spy_options_2011.parquet,497571
SPY,2011-10-31,2011-10-31T16:00:00-04:00,125.4,2012-02-17,109.04,0.2987397260273973,147.0,put,22.37,22.8,20.89,0,,-0.00018,-1.0,0.0,-225.99957,0.0,0.0,spy_options_2011.parquet,497571
SPY,2011-10-31,2011-10-31T16:00:00-04:00,125.4,2012-02-17,109.04,0.2987397260273973,148.0,call,0.16,0.23,0.21,6,,0.17675,0.03995,0.00713,0.0593,-0.00447,0.01451,spy_options_2011.parquet,497572
SPY,2011-10-31,2011-10-31T16:00:00-04:00,125.4,2012-02-17,109.04,0.2987397260273973,148.0,put,23.3,23.73,0.0,,,0.00043,-1.0,0.0,-235.99991,0.0,0.0,spy_options_2011.parquet,497572
SPY,2011-10-31,2011-10-31T16:00:00-04:00,125.4,2012-02-17,109.04,0.2987397260273973,149.0,call,0.12,0.19,0.0,,,0.17478,0.03295,0.0061,0.05133,-0.00321,0.01194,spy_options_2011.parquet,497573
SPY,2011-10-31,2011-10-31T16:00:00-04:00,125.4,2012-02-17,109.04,0.2987397260273973,149.0,put,24.26,24.7,0.0,,,0.0005,-1.0,0.0,-245.99976,0.0,0.0,spy_options_2011.parquet,497573
SPY,2011-10-31,2011-10-31T16:00:00-04:00,125.4,2012-02-17,109.04,0.2987397260273973,150.0,call,0.09,0.15,0.0,,,0.1735,0.0272,0.00518,0.04305,-0.00301,0.00959,spy_options_2011.parquet,497574
SPY,2011-10-31,2011-10-31T16:00:00-04:00,125.4,2012-02-17,109.04,0.2987397260273973,150.0,put,24.44,25.76,0.0,,,5e-05,-1.0,0.0,-256.00044,0.0,0.0,spy_options_2011.parquet,497574
SPY,2011-10-31,2011-10-31T16:00:00-04:00,125.4,2012-02-17,109.04,0.2987397260273973,151.0,call,0.07,0.13,0.0,,,0.17348,0.02316,0.00455,0.03828,-0.00306,0.00808,spy_options_2011.parquet,497575
SPY,2011-10-31,2011-10-31T16:00:00-04:00,125.4,2012-02-17,109.04,0.2987397260273973,151.0,put,26.21,26.65,27.66,0,,2e-05,-1.0,0.0,-266.00028,0.0,0.0,spy_options_2011.parquet,497575
SPY,2011-10-31,2011-10-31T16:00:00-04:00,125.4,2012-02-17,109.04,0.2987397260273973,152.0,call,0.05,0.11,0.0,,,0.17276,0.01934,0.00393,0.03233,-0.00271,0.00652,spy_options_2011.parquet,497576
SPY,2011-10-31,2011-10-31T16:00:00-04:00,125.4,2012-02-17,109.04,0.2987397260273973,152.0,put,27.2,27.62,0.0,,,0.0,-1.0,0.0,-276.00037,0.0,0.0,spy_options_2011.parquet,497576
SPY,2011-10-31,2011-10-31T16:00:00-04:00,125.4,2012-02-17,109.04,0.2987397260273973,153.0,call,0.03,0.09,0.09,10,,0.17114,0.01533,0.00325,0.0265,-0.00233,0.00582,spy_options_2011.parquet,497577
SPY,2011-10-31,2011-10-31T16:00:00-04:00,125.4,2012-02-17,109.04,0.2987397260273973,153.0,put,28.19,28.61,0.0,,,0.00049,-1.0,0.0,-286.00017,0.0,0.0,spy_options_2011.parquet,497577
SPY,2011-10-31,2011-10-31T16:00:00-04:00,125.4,2012-02-17,109.04,0.2987397260273973,154.0,call,0.02,0.08,0.0,,,0.17101,0.01268,0.00281,0.02283,-0.00147,0.00499,spy_options_2011.parquet,497578
SPY,2011-10-31,2011-10-31T16:00:00-04:00,125.4,2012-02-17,109.04,0.2987397260273973,154.0,put,29.2,29.6,30.62,0,,0.00061,-1.0,0.0,-295.99959,0.0,0.0,spy_options_2011.parquet,497578
SPY,2011-10-31,2011-10-31T16:00:00-04:00,125.4,2012-02-17,109.04,0.2987397260273973,155.0,call,0.01,0.07,0.0,,,0.17072,0.01022,0.00234,0.01965,-0.00127,0.00369,spy_options_2011.parquet,497579
SPY,2011-10-31,2011-10-31T16:00:00-04:00,125.4,2012-02-17,109.04,0.2987397260273973,155.0,put,30.17,30.56,31.62,0,,0.00035,-1.0,0.0,-305.99995,0.0,0.0,spy_options_2011.parquet,497579
SPY,2011-10-31,2011-10-31T16:00:00-04:00,125.4,2012-02-17,109.04,0.2987397260273973,156.0,call,0.01,0.06,0.0,,,0.17214,0.00957,0.00204,0.01764,-0.00108,0.00312,spy_options_2011.parquet,497580
SPY,2011-10-31,2011-10-31T16:00:00-04:00,125.4,2012-02-17,109.04,0.2987397260273973,156.0,put,31.16,31.58,0.0,,,0.00034,-1.0,0.0,-315.99992,0.0,0.0,spy_options_2011.parquet,497580
SPY,2011-10-31,2011-10-31T16:00:00-04:00,125.4,2012-02-17,109.04,0.2987397260273973,157.0,call,0.0,0.05,0.0,,,0.17281,0.00812,0.00181,0.01538,-0.0008,0.00318,spy_options_2011.parquet,497581
SPY,2011-10-31,2011-10-31T16:00:00-04:00,125.4,2012-02-17,109.04,0.2987397260273973,157.0,put,32.16,32.55,0.0,,,0.00025,-1.0,0.0,-326.00032,0.0,0.0,spy_options_2011.parquet,497581
SPY,2011-10-31,2011-10-31T16:00:00-04:00,125.4,2012-02-17,109.04,0.2987397260273973,158.0,call,0.0,0.05,0.0,,,0.17302,0.00674,0.00154,0.01359,-0.00125,0.00289,spy_options_2011.parquet,497582
SPY,2011-10-31,2011-10-31T16:00:00-04:00,125.4,2012-02-17,109.04,0.2987397260273973,158.0,put,33.15,33.56,0.0,,,0.00046,-1.0,0.0,-335.99959,0.0,0.0,spy_options_2011.parquet,497582
SPY,2011-10-31,2011-10-31T16:00:00-04:00,125.4,2012-02-17,109.04,0.2987397260273973,159.0,call,0.0,0.04,0.0,,,0.17316,0.00588,0.00135,0.01085,-0.00109,0.00157,spy_options_2011.parquet,497583
SPY,2011-10-31,2011-10-31T16:00:00-04:00,125.4,2012-02-17,109.04,0.2987397260273973,159.0,put,34.15,34.54,0.0,,,0.00019,-1.0,0.0,-346.00032,0.0,0.0,spy_options_2011.parquet,497583
SPY,2011-10-31,2011-10-31T16:00:00-04:00,125.4,2012-02-17,109.04,0.2987397260273973,160.0,call,0.0,0.04,0.0,,,0.17695,0.00539,0.00125,0.011,-0.00062,0.0021,spy_options_2011.parquet,497584
SPY,2011-10-31,2011-10-31T16:00:00-04:00,125.4,2012-02-17,109.04,0.2987397260273973,160.0,put,35.15,35.56,0.0,,,0.00019,-1.0,0.0,-356.00005,0.0,0.0,spy_options_2011.parquet,497584
SPY,2011-10-31,2011-10-31T16:00:00-04:00,125.4,2012-02-17,109.04,0.2987397260273973,161.0,call,0.0,0.04,0.0,,,0.18129,0.00535,0.00116,0.01012,-0.00075,0.00219,spy_options_2011.parquet,497585
SPY,2011-10-31,2011-10-31T16:00:00-04:00,125.4,2012-02-17,109.04,0.2987397260273973,161.0,put,36.17,36.56,0.0,,,0.00027,-1.0,0.0,-366.0001,0.0,0.0,spy_options_2011.parquet,497585
SPY,2011-10-31,2011-10-31T16:00:00-04:00,125.4,2012-02-17,109.04,0.2987397260273973,162.0,call,0.0,0.03,0.0,,,0.18492,0.00535,0.00122,0.01063,-0.00057,0.00178,spy_options_2011.parquet,497586
SPY,2011-10-31,2011-10-31T16:00:00-04:00,125.4,2012-02-17,109.04,0.2987397260273973,162.0,put,37.17,37.55,0.0,,,0.00059,-1.0,0.0,-375.99988,0.0,0.0,spy_options_2011.parquet,497586
SPY,2011-10-31,2011-10-31T16:00:00-04:00,125.4,2012-02-17,109.04,0.2987397260273973,163.0,call,0.0,0.04,0.0,,,0.18853,0.00457,0.00115,0.01003,-0.00098,0.00171,spy_options_2011.parquet,497587
SPY,2011-10-31,2011-10-31T16:00:00-04:00,125.4,2012-02-17,109.04,0.2987397260273973,163.0,put,38.13,38.55,0.0,,,0.00012,-1.0,0.0,-386.00019,0.0,0.0,spy_options_2011.parquet,497587
SPY,2011-10-31,2011-10-31T16:00:00-04:00,125.4,2012-02-17,109.04,0.2987397260273973,164.0,call,0.0,0.04,0.0,,,0.19246,0.00466,0.00105,0.01028,-0.00056,0.00167,spy_options_2011.parquet,497588
SPY,2011-10-31,2011-10-31T16:00:00-04:00,125.4,2012-02-17,109.04,0.2987397260273973,164.0,put,39.14,39.53,0.0,,,0.00021,-1.0,0.0,-396.00035,0.0,0.0,spy_options_2011.parquet,497588
SPY,2011-10-31,2011-10-31T16:00:00-04:00,125.4,2012-02-17,109.04,0.2987397260273973,165.0,call,0.0,0.02,0.0,,,0.18991,0.00366,0.00086,0.00837,-0.00079,0.00168,spy_options_2011.parquet,497589
SPY,2011-10-31,2011-10-31T16:00:00-04:00,125.4,2012-02-17,109.04,0.2987397260273973,165.0,put,40.15,40.53,37.46,125,,0.00035,-1.0,0.0,-406.00035,0.0,0.0,spy_options_2011.parquet,497589
SPY,2011-10-31,2011-10-31T16:00:00-04:00,125.4,2012-02-17,109.04,0.2987397260273973,166.0,call,0.0,0.03,0.0,,,0.19436,0.00392,0.0008,0.00793,-0.00083,0.00137,spy_options_2011.parquet,497590
SPY,2011-10-31,2011-10-31T16:00:00-04:00,125.4,2012-02-17,109.04,0.2987397260273973,166.0,put,41.14,41.53,0.0,,,0.00013,-1.0,0.0,-416.00008,0.0,0.0,spy_options_2011.parquet,497590
SPY,2011-10-31,2011-10-31T16:00:00-04:00,125.4,2012-02-17,109.04,0.2987397260273973,167.0,call,0.0,0.03,0.0,,,0.19683,0.00412,0.00084,0.00768,-0.00046,0.00159,spy_options_2011.parquet,497591
SPY,2011-10-31,2011-10-31T16:00:00-04:00,125.4,2012-02-17,109.04,0.2987397260273973,167.0,put,42.14,42.55,0.0,,,0.00046,-1.0,0.0,-425.99971,0.0,0.0,spy_options_2011.parquet,497591
SPY,2011-10-31,2011-10-31T16:00:00-04:00,125.4,2012-02-17,109.04,0.2987397260273973,168.0,call,0.0,0.03,0.0,,,0.20107,0.00348,0.00079,0.00796,-0.00113,0.0009,spy_options_2011.parquet,497592
SPY,2011-10-31,2011-10-31T16:00:00-04:00,125.4,2012-02-17,109.04,0.2987397260273973,168.0,put,43.16,43.54,0.0,,,-0.00017,-1.0,0.0,-435.99991,0.0,0.0,spy_options_2011.parquet,497592
SPY,2011-10-31,2011-10-31T16:00:00-04:00,125.4,2012-02-17,109.04,0.2987397260273973,169.0,call,0.0,0.04,0.0,,,0.20389,0.0036,0.00076,0.00759,-0.001,0.00116,spy_options_2011.parquet,497593
SPY,2011-10-31,2011-10-31T16:00:00-04:00,125.4,2012-02-17,109.04,0.2987397260273973,169.0,put,44.16,44.54,0.0,,,-0.00022,-1.0,0.0,-445.99995,0.0,0.0,spy_options_2011.parquet,497593
SPY,2011-10-31,2011-10-31T16:00:00-04:00,125.4,2012-02-17,109.04,0.2987397260273973,170.0,call,0.0,0.04,0.0,,,0.20782,0.00323,0.00074,0.00743,-0.00018,0.00089,spy_options_2011.parquet,497594
SPY,2011-10-31,2011-10-31T16:00:00-04:00,125.4,2012-02-17,109.04,0.2987397260273973,170.0,put,45.17,45.55,0.0,,,0.00015,-1.0,0.0,-455.99965,0.0,0.0,spy_options_2011.parquet,497594
SPY,2011-10-31,2011-10-31T16:00:00-04:00,125.4,2012-02-17,109.04,0.2987397260273973,85.0,call,40.54,40.92,0.0,,,0.51798,0.91924,0.00258,0.07931,-0.01622,0.05903,spy_options_2011.parquet,497509
SPY,2011-10-31,2011-10-31T16:00:00-04:00,125.4,2012-02-17,109.04,0.2987397260273973,85.0,put,0.58,0.64,0.5,0,,0.43914,-0.04447,0.00312,0.0645,-0.01289,-0.01885,spy_options_2011.parquet,497509
SPY,2011-10-31,2011-10-31T16:00:00-04:00,125.4,2012-02-17,109.04,0.2987397260273973,86.0,call,39.56,39.95,0.0,,,0.50448,0.91907,0.00282,0.08031,-0.01524,0.06223,spy_options_2011.parquet,497510
SPY,2011-10-31,2011-10-31T16:00:00-04:00,125.4,2012-02-17,109.04,0.2987397260273973,86.0,put,0.61,0.66,0.0,,,0.43368,-0.04758,0.00334,0.0674,-0.01418,-0.01963,spy_options_2011.parquet,497510
SPY,2011-10-31,2011-10-31T16:00:00-04:00,125.4,2012-02-17,109.04,0.2987397260273973,87.0,call,38.66,38.97,40.42,0,,0.49785,0.91686,0.00314,0.08378,-0.01572,0.06859,spy_options_2011.parquet,497511
SPY,2011-10-31,2011-10-31T16:00:00-04:00,125.4,2012-02-17,109.04,0.2987397260273973,87.0,put,0.65,0.69,0.91,0,,0.42807,-0.05002,0.0035,0.07157,-0.01427,-0.02057,spy_options_2011.parquet,497511
SPY,2011-10-31,2011-10-31T16:00:00-04:00,125.4,2012-02-17,109.04,0.2987397260273973,88.0,call,37.72,38.02,39.49,0,,0.48937,0.91596,0.00339,0.08684,-0.01601,0.07473,spy_options_2011.parquet,497512
SPY,2011-10-31,2011-10-31T16:00:00-04:00,125.4,2012-02-17,109.04,0.2987397260273973,88.0,put,0.71,0.75,0.0,,,0.42365,-0.05364,0.00378,0.07498,-0.01509,-0.0228,spy_options_2011.parquet,497512
SPY,2011-10-31,2011-10-31T16:00:00-04:00,125.4,2012-02-17,109.04,0.2987397260273973,89.0,call,36.78,37.06,0.0,,,0.48015,0.91378,0.00371,0.08978,-0.01647,0.07982,spy_options_2011.parquet,497513
SPY,2011-10-31,2011-10-31T16:00:00-04:00,125.4,2012-02-17,109.04,0.2987397260273973,89.0,put,0.76,0.79,1.19,0,,0.41837,-0.05753,0.00398,0.07897,-0.01522,-0.02434,spy_options_2011.parquet,497513
SPY,2011-10-31,2011-10-31T16:00:00-04:00,125.4,2012-02-17,109.04,0.2987397260273973,90.0,call,35.77,36.1,37.53,0,,0.46786,0.91417,0.00391,0.09057,-0.01565,0.08347,spy_options_2011.parquet,497514
SPY,2011-10-31,2011-10-31T16:00:00-04:00,125.4,2012-02-17,109.04,0.2987397260273973,90.0,put,0.82,0.84,0.63,0,,0.41235,-0.06139,0.00429,0.08365,-0.01631,-0.02578,spy_options_2011.parquet,497514
SPY,2011-10-31,2011-10-31T16:00:00-04:00,125.4,2012-02-17,109.04,0.2987397260273973,91.0,call,34.8,35.14,36.53,0,,0.45706,0.9123,0.0042,0.09329,-0.01607,0.08725,spy_options_2011.parquet,497515
SPY,2011-10-31,2011-10-31T16:00:00-04:00,125.4,2012-02-17,109.04,0.2987397260273973,91.0,put,0.86,0.9,1.16,0,,0.40765,-0.06548,0.0045,0.08776,-0.01692,-0.02773,spy_options_2011.parquet,497515
SPY,2011-10-31,2011-10-31T16:00:00-04:00,125.4,2012-02-17,109.04,0.2987397260273973,92.0,call,33.89,34.17,35.58,0,,0.45098,0.90886,0.00457,0.09779,-0.01587,0.09398,spy_options_2011.parquet,497516
SPY,2011-10-31,2011-10-31T16:00:00-04:00,125.4,2012-02-17,109.04,0.2987397260273973,92.0,put,0.92,0.97,0.83,0,,0.40317,-0.06971,0.00483,0.09255,-0.01723,-0.02907,spy_options_2011.parquet,497516
SPY,2011-10-31,2011-10-31T16:00:00-04:00,125.4,2012-02-17,109.04,0.2987397260273973,93.0,call,32.96,33.23,34.67,0,,0.4438,0.90603,0.0049,0.10089,-0.01691,0.10034,spy_options_2011.parquet,497517
SPY,2011-10-31,2011-10-31T16:00:00-04:00,125.4,2012-02-17,109.04,0.2987397260273973,93.0,put,0.99,1.02,1.31,0,,0.39805,-0.0746,0.00511,0.09664,-0.01867,-0.03104,spy_options_2011.parquet,497517
SPY,2011-10-31,2011-10-31T16:00:00-04:00,125.4,2012-02-17,109.04,0.2987397260273973,94.0,call,31.94,32.29,0.0,,,0.43249,0.90428,0.00531,0.10321,-0.01672,0.10448,spy_options_2011.parquet,497518
SPY,2011-10-31,2011-10-31T16:00:00-04:00,125.4,2012-02-17,109.04,0.2987397260273973,94.0,put,1.04,1.1,1.38,0,,0.393,-0.07924,0.00544,0.10211,-0.01939,-0.03318,spy_options_2011.parquet,497518
SPY,2011-10-31,2011-10-31T16:00:00-04:00,125.4,2012-02-17,109.04,0.2987397260273973,95.0,call,31.06,31.34,32.71,0,,0.42719,0.89998,0.00569,0.10877,-0.01657,0.11091,spy_options_2011.parquet,497519
SPY,2011-10-31,2011-10-31T16:00:00-04:00,125.4,2012-02-17,109.04,0.2987397260273973,95.0,put,1.11,1.16,0.97,3,,0.38794,-0.08518,0.00578,0.10662,-0.01977,-0.03531,spy_options_2011.parquet,497519
SPY,2011-10-31,2011-10-31T16:00:00-04:00,125.4,2012-02-17,109.04,0.2987397260273973,96.0,call,30.1,30.4,31.76,0,,0.41915,0.89651,0.00612,0.11283,-0.0175,0.116,spy_options_2011.parquet,497520
SPY,2011-10-31,2011-10-31T16:00:00-04:00,125.4,2012-02-17,109.04,0.2987397260273973,96.0,put,1.19,1.23,0.98,6,,0.3827,-0.08978,0.00617,0.11149,-0.01989,-0.03773,spy_options_2011.parquet,497520
SPY,2011-10-31,2011-10-31T16:00:00-04:00,125.4,2012-02-17,109.04,0.2987397260273973,97.0,call,29.17,29.47,30.85,0,,0.41336,0.89089,0.00658,0.11789,-0.01813,0.1222,spy_options_2011.parquet,497521
SPY,2011-10-31,2011-10-31T16:00:00-04:00,125.4,2012-02-17,109.04,0.2987397260273973,97.0,put,1.26,1.31,1.04,2,,0.37793,-0.09644,0.0065,0.1168,-0.02114,-0.03991,spy_options_2011.parquet,497521
SPY,2011-10-31,2011-10-31T16:00:00-04:00,125.4,2012-02-17,109.04,0.2987397260273973,98.0,call,28.21,28.54,29.91,0,,0.40467,0.88679,0.00699,0.12211,-0.01809,0.12604,spy_options_2011.parquet,497522
SPY,2011-10-31,2011-10-31T16:00:00-04:00,125.4,2012-02-17,109.04,0.2987397260273973,98.0,put,1.34,1.4,1.12,0,,0.37342,-0.10285,0.00697,0.12275,-0.0221,-0.04246,spy_options_2011.parquet,497522
SPY,2011-10-31,2011-10-31T16:00:00-04:00,125.4,2012-02-17,109.04,0.2987397260273973,99.0,call,27.26,27.61,28.94,0,,0.39678,0.8827,0.00746,0.12658,-0.01826,0.13165,spy_options_2011.parquet,497523
SPY,2011-10-31,2011-10-31T16:00:00-04:00,125.4,2012-02-17,109.04,0.2987397260273973,99.0,put,1.42,1.5,1.85,0,,0.36848,-0.10868,0.00731,0.12865,-0.02288,-0.04536,spy_options_2011.parquet,497523
SPY,2011-10-31,2011-10-31T16:00:00-04:00,125.4,2012-03-16,137.0,0.37534246575342467,100.0,call,26.72,27.0,27.91,4,,0.38149,0.85916,0.00825,0.16278,-0.01704,0.17374,spy_options_2011.parquet,497647
SPY,2011-10-31,2011-10-31T16:00:00-04:00,125.4,2012-03-16,137.0,0.37534246575342467,100.0,put,2.05,2.12,1.77,125,,0.35597,-0.1355,0.00797,0.1674,-0.02311,-0.07219,spy_options_2011.parquet,497647
SPY,2011-10-31,2011-10-31T16:00:00-04:00,125.4,2012-03-16,137.0,0.37534246575342467,101.0,call,25.77,26.1,27.4,0,,0.37381,0.85271,0.00868,0.1679,-0.01786,0.17819,spy_options_2011.parquet,497648
SPY,2011-10-31,2011-10-31T16:00:00-04:00,125.4,2012-03-16,137.0,0.37534246575342467,101.0,put,2.17,2.25,2.06,1,,0.35159,-0.14333,0.00832,0.17438,-0.02376,-0.07642,spy_options_2011.parquet,497648
SPY,2011-10-31,2011-10-31T16:00:00-04:00,125.4,2012-03-16,137.0,0.37534246575342467,102.0,call,24.87,25.2,22.73,0,,0.36832,0.8456,0.0092,0.17466,-0.01844,0.18348,spy_options_2011.parquet,497649
SPY,2011-10-31,2011-10-31T16:00:00-04:00,125.4,2012-03-16,137.0,0.37534246575342467,102.0,put,2.3,2.37,1.83,0,,0.34751,-0.15198,0.00876,0.18024,-0.02391,-0.08068,spy_options_2011.parquet,497649
SPY,2011-10-31,2011-10-31T16:00:00-04:00,125.4,2012-03-16,137.0,0.37534246575342467,103.0,call,24.01,24.32,25.59,0,,0.36363,0.83714,0.00961,0.18078,-0.01831,0.1877,spy_options_2011.parquet,497650
SPY,2011-10-31,2011-10-31T16:00:00-04:00,125.4,2012-03-16,137.0,0.37534246575342467,103.0,put,2.42,2.49,1.88,0,,0.34171,-0.16007,0.00919,0.18719,-0.02469,-0.08548,spy_options_2011.parquet,497650
SPY,2011-10-31,2011-10-31T16:00:00-04:00,125.4,2012-03-16,137.0,0.37534246575342467,104.0,call,23.12,23.44,24.68,0,,0.35764,0.8284,0.01014,0.18818,-0.01907,0.19201,spy_options_2011.parquet,497651
SPY,2011-10-31,2011-10-31T16:00:00-04:00,125.4,2012-03-16,137.0,0.37534246575342467,104.0,put,2.57,2.68,2.29,55,,0.33877,-0.1702,0.00967,0.19427,-0.02578,-0.09011,spy_options_2011.parquet,497651
SPY,2011-10-31,2011-10-31T16:00:00-04:00,125.4,2012-03-16,137.0,0.37534246575342467,105.0,call,22.34,22.59,25.05,81,,0.35577,0.81756,0.01056,0.19619,-0.01952,0.19735,spy_options_2011.parquet,497652
SPY,2011-10-31,2011-10-31T16:00:00-04:00,125.4,2012-03-16,137.0,0.37534246575342467,105.0,put,2.72,2.79,2.38,19,,0.33297,-0.17904,0.0101,0.20031,-0.02644,-0.0946,spy_options_2011.parquet,497652
SPY,2011-10-31,2011-10-31T16:00:00-04:00,125.4,2012-03-16,137.0,0.37534246575342467,106.0,call,21.37,21.73,11.79,0,,0.3475,0.8101,0.01111,0.20221,-0.01965,0.20072,spy_options_2011.parquet,497653
SPY,2011-10-31,2011-10-31T16:00:00-04:00,125.4,2012-03-16,137.0,0.37534246575342467,106.0,put,2.87,2.93,2.23,4,,0.32839,-0.18866,0.01056,0.20709,-0.02636,-0.10003,spy_options_2011.parquet,497653
SPY,2011-10-31,2011-10-31T16:00:00-04:00,125.4,2012-03-16,137.0,0.37534246575342467,107.0,call,20.53,20.89,22.04,0,,0.34331,0.79886,0.01159,0.2095,-0.02081,0.2043,spy_options_2011.parquet,497654
SPY,2011-10-31,2011-10-31T16:00:00-04:00,125.4,2012-03-16,137.0,0.37534246575342467,107.0,put,3.03,3.09,2.44,0,,0.32412,-0.19843,0.01113,0.21411,-0.02706,-0.10548,spy_options_2011.parquet,497654
SPY,2011-10-31,2011-10-31T16:00:00-04:00,125.4,2012-03-16,137.0,0.37534246575342467,108.0,call,19.79,20.04,22.02,6,,0.34046,0.78701,0.01201,0.21689,-0.021,0.20782,spy_options_2011.parquet,497655
SPY,2011-10-31,2011-10-31T16:00:00-04:00,125.4,2012-03-16,137.0,0.37534246575342467,108.0,put,3.2,3.27,3.17,10,,0.32038,-0.20984,0.01159,0.22065,-0.02783,-0.11189,spy_options_2011.parquet,497655
SPY,2011-10-31,2011-10-31T16:00:00-04:00,125.4,2012-03-16,137.0,0.37534246575342467,109.0,call,18.92,19.18,21.04,6,,0.33396,0.77666,0.01258,0.2239,-0.02196,0.20984,spy_options_2011.parquet,497656
SPY,2011-10-31,2011-10-31T16:00:00-04:00,125.4,2012-03-16,137.0,0.37534246575342467,109.0,put,3.37,3.47,2.52,1,,0.31535,-0.22103,0.01214,0.2273,-0.02871,-0.11738,spy_options_2011.parquet,497656
SPY,2011-10-31,2011-10-31T16:00:00-04:00,125.4,2012-03-16,137.0,0.37534246575342467,110.0,call,18.16,18.39,18.5,16,,0.33095,0.76359,0.0131,0.23129,-0.02259,0.21279,spy_options_2011.parquet,497657
SPY,2011-10-31,2011-10-31T16:00:00-04:00,125.4,2012-03-16,137.0,0.37534246575342467,110.0,put,3.59,3.68,3.42,,,0.31205,-0.23322,0.01269,0.23516,-0.02948,-0.12416,spy_options_2011.parquet,497657
SPY,2011-10-31,2011-10-31T16:00:00-04:00,125.4,2012-03-16,137.0,0.37534246575342467,111.0,call,17.29,17.58,18.54,0,,0.3251,0.75162,0.01367,0.23792,-0.02291,0.21444,spy_options_2011.parquet,497658
SPY,2011-10-31,2011-10-31T16:00:00-04:00,125.4,2012-03-16,137.0,0.37534246575342467,111.0,put,3.78,3.85,3.28,130,,0.30691,-0.24585,0.01328,0.2413,-0.02932,-0.13058,spy_options_2011.parquet,497658
SPY,2011-10-31,2011-10-31T16:00:00-04:00,125.4,2012-03-16,137.0,0.37534246575342467,112.0,call,16.49,16.75,18.75,0,,0.31991,0.73867,0.01421,0.24475,-0.02272,0.2165,spy_options_2011.parquet,497659
SPY,2011-10-31,2011-10-31T16:00:00-04:00,125.4,2012-03-16,137.0,0.37534246575342467,112.0,put,3.99,4.06,3.48,761,,0.30265,-0.25821,0.01377,0.24744,-0.0301,-0.13816,spy_options_2011.parquet,497659
SPY,2011-10-31,2011-10-31T16:00:00-04:00,125.4,2012-03-16,137.0,0.37534246575342467,113.0,call,15.68,15.95,17.49,0,,0.31428,0.72527,0.01475,0.25158,-0.02296,0.21726,spy_options_2011.parquet,497660
SPY,2011-10-31,2011-10-31T16:00:00-04:00,125.4,2012-03-16,137.0,0.37534246575342467,113.0,put,4.22,4.29,4.19,,,0.29835,-0.27166,0.01431,0.2548,-0.03,-0.14517,spy_options_2011.parquet,497660
SPY,2011-10-31,2011-10-31T16:00:00-04:00,125.4,2012-03-16,137.0,0.37534246575342467,114.0,call,14.95,15.21,17.0,0,,0.31153,0.71088,0.01522,0.2578,-0.02334,0.21752,spy_options_2011.parquet,497661
SPY,2011-10-31,2011-10-31T16:00:00-04:00,125.4,2012-03-16,137.0,0.37534246575342467,114.0,put,4.42,4.51,4.47,19,,0.29332,-0.28609,0.01491,0.26038,-0.03025,-0.15234,spy_options_2011.parquet,497661
SPY,2011-10-31,2011-10-31T16:00:00-04:00,125.4,2012-03-16,137.0,0.37534246575342467,115.0,call,14.21,14.43,15.16,,,0.30681,0.69546,0.01579,0.26448,-0.02355,0.2173,spy_options_2011.parquet,497662
SPY,2011-10-31,2011-10-31T16:00:00-04:00,125.4,2012-03-16,137.0,0.37534246575342467,115.0,put,4.69,4.76,4.7,,,0.2897,-0.30127,0.01549,0.26637,-0.0308,-0.16067,spy_options_2011.parquet,497662
SPY,2011-10-31,2011-10-31T16:00:00-04:00,125.4,2012-03-16,137.0,0.37534246575342467,116.0,call,13.47,13.67,15.42,4,,0.30193,0.67995,0.01623,0.27045,-0.02407,0.21685,spy_options_2011.parquet,497663
SPY,2011-10-31,2011-10-31T16:00:00-04:00,125.4,2012-03-16,137.0,0.37534246575342467,116.0,put,4.95,5.03,4.48,,,0.28491,-0.31667,0.01612,0.2722,-0.03164,-0.16927,spy_options_2011.parquet,497663
SPY,2011-10-31,2011-10-31T16:00:00-04:00,125.4,2012-03-16,137.0,0.37534246575342467,117.0,call,12.71,12.92,14.57,5,,0.29774,0.66376,0.01678,0.27569,-0.02403,0.2164,spy_options_2011.parquet,497664
SPY,2011-10-31,2011-10-31T16:00:00-04:00,125.4,2012-03-16,137.0,0.37534246575342467,117.0,put,5.21,5.31,4.08,0,,0.28055,-0.33266,0.01668,0.27818,-0.03223,-0.17728,spy_options_2011.parquet,497664
SPY,2011-10-31,2011-10-31T16:00:00-04:00,125.4,2012-03-16,137.0,0.37534246575342467,118.0,call,11.87,12.22,12.38,65,,0.2903,0.64824,0.01745,0.28093,-0.02434,0.21474,spy_options_2011.parquet,497665
SPY,2011-10-31,2011-10-31T16:00:00-04:00,125.4,2012-03-16,137.0,0.37534246575342467,118.0,put,5.52,5.61,4.86,9,,0.2766,-0.34965,0.01719,0.28373,-0.03169,-0.18712,spy_options_2011.parquet,497665
SPY,2011-10-31,2011-10-31T16:00:00-04:00,125.4,2012-03-16,137.0,0.37534246575342467,119.0,call,11.22,11.49,11.6,10,,0.28659,0.63085,0.01789,0.28586,-0.02463,0.21271,spy_options_2011.parquet,497666
SPY,2011-10-31,2011-10-31T16:00:00-04:00,125.4,2012-03-16,137.0,0.37534246575342467,119.0,put,5.79,5.9,5.15,12,,0.27152,-0.3671,0.01783,0.28782,-0.03226,-0.19602,spy_options_2011.parquet,497666
SPY,2011-10-31,2011-10-31T16:00:00-04:00,125.4,2012-03-16,137.0,0.37534246575342467,120.0,call,10.59,10.8,11.04,,,0.28346,0.61188,0.01835,0.29086,-0.02431,0.21097,spy_options_2011.parquet,497667
SPY,2011-10-31,2011-10-31T16:00:00-04:00,125.4,2012-03-16,137.0,0.37534246575342467,120.0,put,6.14,6.22,6.0,,,0.26793,-0.38585,0.01834,0.29274,-0.03246,-0.20555,spy_options_2011.parquet,497667
SPY,2011-10-31,2011-10-31T16:00:00-04:00,125.4,2012-03-16,137.0,0.37534246575342467,121.0,call,9.92,10.14,10.27,1,,0.27864,0.5937,0.01877,0.295,-0.02498,0.20756,spy_options_2011.parquet,497668
SPY,2011-10-31,2011-10-31T16:00:00-04:00,125.4,2012-03-16,137.0,0.37534246575342467,121.0,put,6.47,6.56,6.3,,,0.2641,-0.40375,0.01889,0.29573,-0.03288,-0.21652,spy_options_2011.parquet,497668
SPY,2011-10-31,2011-10-31T16:00:00-04:00,125.4,2012-03-16,137.0,0.37534246575342467,122.0,call,9.26,9.37,9.58,,,0.27207,0.57423,0.01941,0.29825,-0.02453,0.20474,spy_options_2011.parquet,497669
SPY,2011-10-31,2011-10-31T16:00:00-04:00,125.4,2012-03-16,137.0,0.37534246575342467,122.0,put,6.83,6.9,5.37,22,,0.25903,-0.42381,0.0194,0.29873,-0.03228,-0.22708,spy_options_2011.parquet,497669
SPY,2011-10-31,2011-10-31T16:00:00-04:00,125.4,2012-03-16,137.0,0.37534246575342467,123.0,call,8.62,8.75,8.75,10,,0.26854,0.55459,0.01982,0.30066,-0.02475,0.20038,spy_options_2011.parquet,497670
SPY,2011-10-31,2011-10-31T16:00:00-04:00,125.4,2012-03-16,137.0,0.37534246575342467,123.0,put,7.18,7.28,6.85,35,,0.25442,-0.44416,0.01992,0.30129,-0.03268,-0.23761,spy_options_2011.parquet,497670
SPY,2011-10-31,2011-10-31T16:00:00-04:00,125.4,2012-03-16,137.0,0.37534246575342467,124.0,call,8.04,8.14,8.17,,,0.26416,0.53453,0.02016,0.30296,-0.02387,0.19551,spy_options_2011.parquet,497671
SPY,2011-10-31,2011-10-31T16:00:00-04:00,125.4,2012-03-16,137.0,0.37534246575342467,124.0,put,7.58,7.69,7.23,,,0.25069,-0.46496,0.0204,0.30285,-0.03285,-0.24925,spy_options_2011.parquet,497671
SPY,2011-10-31,2011-10-31T16:00:00-04:00,125.4,2012-03-16,137.0,0.37534246575342467,125.0,call,7.42,7.51,7.78,615,,0.25922,0.51314,0.02061,0.30344,-0.02427,0.19074,spy_options_2011.parquet,497672
SPY,2011-10-31,2011-10-31T16:00:00-04:00,125.4,2012-03-16,137.0,0.37534246575342467,125.0,put,8.0,8.11,7.62,434,,0.24663,-0.48569,0.02077,0.30394,-0.03278,-0.26114,spy_options_2011.parquet,497672
SPY,2011-10-31,2011-10-31T16:00:00-04:00,125.4,2012-03-16,137.0,0.37534246575342467,126.0,call,6.84,6.93,7.1,129,,0.25541,0.49188,0.02084,0.30408,-0.02324,0.18487,spy_options_2011.parquet,497673
SPY,2011-10-31,2011-10-31T16:00:00-04:00,125.4,2012-03-16,137.0,0.37534246575342467,126.0,put,8.42,8.53,8.18,798,,0.24246,-0.50817,0.02117,0.30376,-0.03173,-0.27321,spy_options_2011.parquet,497673
SPY,2011-10-31,2011-10-31T16:00:00-04:00,125.4,2012-03-16,137.0,0.37534246575342467,127.0,call,6.28,6.36,6.35,,,0.25059,0.46947,0.02112,0.3035,-0.02323,0.17916,spy_options_2011.parquet,497674
SPY,2011-10-31,2011-10-31T16:00:00-04:00,125.4,2012-03-16,137.0,0.37534246575342467,127.0,put,8.81,8.99,8.56,,,0.23726,-0.53052,0.02148,0.30227,-0.03196,-0.28512,spy_options_2011.parquet,497674
SPY,2011-10-31,2011-10-31T16:00:00-04:00,125.4,2012-03-16,137.0,0.37534246575342467,128.0,call,5.75,5.84,6.0,214,,0.24609,0.44688,0.02127,0.3015,-0.02307,0.17324,spy_options_2011.parquet,497675
SPY,2011-10-31,2011-10-31T16:00:00-04:00,125.4,2012-03-16,137.0,0.37534246575342467,128.0,put,9.29,9.48,9.1,30,,0.23289,-0.5545,0.02171,0.3006,-0.03074,-0.29834,spy_options_2011.parquet,497675
SPY,2011-10-31,2011-10-31T16:00:00-04:00,125.4,2012-03-16,137.0,0.37534246575342467,129.0,call,5.22,5.32,6.55,7,,0.24174,0.42387,0.02148,0.29904,-0.02248,0.16558,spy_options_2011.parquet,497676
SPY,2011-10-31,2011-10-31T16:00:00-04:00,125.4,2012-03-16,137.0,0.37534246575342467,129.0,put,9.8,9.97,8.99,4,,0.22839,-0.57731,0.02187,0.29719,-0.03079,-0.31148,spy_options_2011.parquet,497676
SPY,2011-10-31,2011-10-31T16:00:00-04:00,125.4,2012-03-16,137.0,0.37534246575342467,130.0,call,4.77,4.85,4.89,,,0.23787,0.40082,0.02146,0.29514,-0.02212,0.15832,spy_options_2011.parquet,497677
SPY,2011-10-31,2011-10-31T16:00:00-04:00,125.4,2012-03-16,137.0,0.37534246575342467,130.0,put,10.32,10.55,10.3,654,,0.22523,-0.60156,0.02192,0.29317,-0.03026,-0.32445,spy_options_2011.parquet,497677
SPY,2011-10-31,2011-10-31T16:00:00-04:00,125.4,2012-03-16,137.0,0.37534246575342467,131.0,call,4.29,4.39,5.34,30,,0.23305,0.37733,0.02148,0.29028,-0.02087,0.15115,spy_options_2011.parquet,497678
SPY,2011-10-31,2011-10-31T16:00:00-04:00,125.4,2012-03-16,137.0,0.37534246575342467,131.0,put,10.83,11.04,10.0,4,,0.21881,-0.62697,0.02204,0.28708,-0.02926,-0.33839,spy_options_2011.parquet,497678
SPY,2011-10-31,2011-10-31T16:00:00-04:00,125.4,2012-03-16,137.0,0.37534246575342467,132.0,call,3.87,3.94,3.95,12,,0.22927,0.35366,0.02126,0.28402,-0.0203,0.14291,spy_options_2011.parquet,497679
SPY,2011-10-31,2011-10-31T16:00:00-04:00,125.4,2012-03-16,137.0,0.37534246575342467,132.0,put,11.41,11.61,10.55,2,,0.21461,-0.65071,0.02183,0.27914,-0.02896,-0.35221,spy_options_2011.parquet,497679
SPY,2011-10-31,2011-10-31T16:00:00-04:00,125.4,2012-03-16,137.0,0.37534246575342467,133.0,call,3.46,3.52,3.69,15,,0.22497,0.33035,0.02106,0.27762,-0.01991,0.13441,spy_options_2011.parquet,497680
SPY,2011-10-31,2011-10-31T16:00:00-04:00,125.4,2012-03-16,137.0,0.37534246575342467,133.0,put,12.01,12.23,10.05,0,,0.21126,-0.67533,0.02159,0.27103,-0.02823,-0.3656,spy_options_2011.parquet,497680
SPY,2011-10-31,2011-10-31T16:00:00-04:00,125.4,2012-03-16,137.0,0.37534246575342467,134.0,call,3.08,3.16,3.13,30,,0.22202,0.30664,0.02078,0.26881,-0.01813,0.12606,spy_options_2011.parquet,497681
SPY,2011-10-31,2011-10-31T16:00:00-04:00,125.4,2012-03-16,137.0,0.37534246575342467,134.0,put,12.63,12.86,11.98,7,,0.20736,-0.69969,0.02123,0.26191,-0.02658,-0.3796,spy_options_2011.parquet,497681
SPY,2011-10-31,2011-10-31T16:00:00-04:00,125.4,2012-03-16,137.0,0.37534246575342467,135.0,call,2.72,2.8,2.87,112,,0.21773,0.28398,0.02037,0.25952,-0.01721,0.11835,spy_options_2011.parquet,497682
SPY,2011-10-31,2011-10-31T16:00:00-04:00,125.4,2012-03-16,137.0,0.37534246575342467,135.0,put,13.3,13.54,12.51,2,,0.20316,-0.72382,0.0207,0.2514,-0.02585,-0.39342,spy_options_2011.parquet,497682
SPY,2011-10-31,2011-10-31T16:00:00-04:00,125.4,2012-03-16,137.0,0.37534246575342467,136.0,call,2.4,2.46,3.04,1,,0.2135,0.26075,0.01983,0.24922,-0.01708,0.10957,spy_options_2011.parquet,497683
SPY,2011-10-31,2011-10-31T16:00:00-04:00,125.4,2012-03-16,137.0,0.37534246575342467,136.0,put,13.97,14.22,14.53,0,,0.19944,-0.74859,0.02013,0.23832,-0.02539,-0.40774,spy_options_2011.parquet,497683
SPY,2011-10-31,2011-10-31T16:00:00-04:00,125.4,2012-03-16,137.0,0.37534246575342467,137.0,call,2.1,2.15,2.83,0,,0.21021,0.23786,0.01928,0.23766,-0.0158,0.10111,spy_options_2011.parquet,497684
SPY,2011-10-31,2011-10-31T16:00:00-04:00,125.4,2012-03-16,137.0,0.37534246575342467,137.0,put,14.7,14.91,13.72,2,,0.19474,-0.77249,0.01942,0.22459,-0.0235,-0.42155,spy_options_2011.parquet,497684
SPY,2011-10-31,2011-10-31T16:00:00-04:00,125.4,2012-03-16,137.0,0.37534246575342467,138.0,call,1.8,1.88,2.11,1,,0.20609,0.21607,0.01857,0.22454,-0.01478,0.09179,spy_options_2011.parquet,497685
SPY,2011-10-31,2011-10-31T16:00:00-04:00,125.4,2012-03-16,137.0,0.37534246575342467,138.0,put,15.4,15.63,19.92,0,,0.18979,-0.79594,0.01863,0.20984,-0.02305,-0.43561,spy_options_2011.parquet,497685
SPY,2011-10-31,2011-10-31T16:00:00-04:00,125.4,2012-03-16,137.0,0.37534246575342467,139.0,call,1.58,1.63,1.71,1,,0.20345,0.1957,0.01772,0.21197,-0.01368,0.08376,spy_options_2011.parquet,497686
SPY,2011-10-31,2011-10-31T16:00:00-04:00,125.4,2012-03-16,137.0,0.37534246575342467,139.0,put,16.12,16.65,14.38,0,,0.19143,-0.81036,0.01756,0.19979,-0.0225,-0.44549,spy_options_2011.parquet,497686
SPY,2011-10-31,2011-10-31T16:00:00-04:00,125.4,2012-03-16,137.0,0.37534246575342467,140.0,call,1.36,1.42,1.54,1,,0.20007,0.17597,0.01681,0.19855,-0.01231,0.07583,spy_options_2011.parquet,497687
SPY,2011-10-31,2011-10-31T16:00:00-04:00,125.4,2012-03-16,137.0,0.37534246575342467,140.0,put,16.96,17.37,16.26,20,,0.18784,-0.8314,0.0166,0.18419,-0.02089,-0.4584,spy_options_2011.parquet,497687
SPY,2011-10-31,2011-10-31T16:00:00-04:00,125.4,2012-03-16,137.0,0.37534246575342467,141.0,call,1.15,1.21,1.6,0,,0.19668,0.15767,0.01585,0.1851,-0.0116,0.06817,spy_options_2011.parquet,497688
SPY,2011-10-31,2011-10-31T16:00:00-04:00,125.4,2012-03-16,137.0,0.37534246575342467,141.0,put,17.76,18.18,16.56,7,,0.18264,-0.85164,0.01544,0.16856,-0.02038,-0.4712,spy_options_2011.parquet,497688
SPY,2011-10-31,2011-10-31T16:00:00-04:00,125.4,2012-03-16,137.0,0.37534246575342467,142.0,call,0.98,1.02,1.06,3,,0.19434,0.13946,0.01491,0.17116,-0.01018,0.06082,spy_options_2011.parquet,497689
SPY,2011-10-31,2011-10-31T16:00:00-04:00,125.4,2012-03-16,137.0,0.37534246575342467,142.0,put,18.59,19.01,24.15,0,,0.1797,-0.87061,0.01428,0.15151,-0.01937,-0.48339,spy_options_2011.parquet,497689
SPY,2011-10-31,2011-10-31T16:00:00-04:00,125.4,2012-03-16,137.0,0.37534246575342467,143.0,call,0.82,0.87,1.11,0,,0.19111,0.12204,0.01385,0.15655,-0.00992,0.05375,spy_options_2011.parquet,497690
SPY,2011-10-31,2011-10-31T16:00:00-04:00,125.4,2012-03-16,137.0,0.37534246575342467,143.0,put,19.41,19.87,29.32,0,,0.17424,-0.8896,0.01296,0.1344,-0.01812,-0.49585,spy_options_2011.parquet,497690
SPY,2011-10-31,2011-10-31T16:00:00-04:00,125.4,2012-03-16,137.0,0.37534246575342467,144.0,call,0.68,0.75,0.77,2,,0.18765,0.10737,0.01275,0.14242,-0.00858,0.04761,spy_options_2011.parquet,497691
SPY,2011-10-31,2011-10-31T16:00:00-04:00,125.4,2012-03-16,137.0,0.37534246575342467,144.0,put,20.3,20.73,22.75,0,,0.17093,-0.90499,0.01165,0.11822,-0.01649,-0.50627,spy_options_2011.parquet,497691
SPY,2011-10-31,2011-10-31T16:00:00-04:00,125.4,2012-03-16,137.0,0.37534246575342467,145.0,call,0.55,0.63,0.82,3,,0.1849,0.09246,0.01162,0.12785,-0.00774,0.04125,spy_options_2011.parquet,497692
SPY,2011-10-31,2011-10-31T16:00:00-04:00,125.4,2012-03-16,137.0,0.37534246575342467,145.0,put,21.2,21.62,20.44,5,,0.16687,-0.91942,0.01025,0.1014,-0.01624,-0.51654,spy_options_2011.parquet,497692
SPY,2011-10-31,2011-10-31T16:00:00-04:00,125.4,2012-03-16,137.0,0.37534246575342467,146.0,call,0.46,0.52,0.66,25,,0.18217,0.07991,0.01051,0.11473,-0.00664,0.0351,spy_options_2011.parquet,497693
SPY,2011-10-31,2011-10-31T16:00:00-04:00,125.4,2012-03-16,137.0,0.37534246575342467,146.0,put,22.12,22.5,25.1,0,,0.16115,-0.9344,0.00883,0.08405,-0.01438,-0.52727,spy_options_2011.parquet,497693
SPY,2011-10-31,2011-10-31T16:00:00-04:00,125.4,2012-03-16,137.0,0.37534246575342467,147.0,call,0.36,0.42,0.45,0,,0.1799,0.06792,0.00943,0.10086,-0.00549,0.03009,spy_options_2011.parquet,497694
SPY,2011-10-31,2011-10-31T16:00:00-04:00,125.4,2012-03-16,137.0,0.37534246575342467,147.0,put,23.01,23.43,26.65,0,,0.15346,-0.94985,0.00713,0.06446,-0.01306,-0.5376,spy_options_2011.parquet,497694
SPY,2011-10-31,2011-10-31T16:00:00-04:00,125.4,2012-03-16,137.0,0.37534246575342467,148.0,call,0.3,0.36,0.39,0,,0.1778,0.05852,0.00849,0.08988,-0.00551,0.02576,spy_options_2011.parquet,497695
SPY,2011-10-31,2011-10-31T16:00:00-04:00,125.4,2012-03-16,137.0,0.37534246575342467,148.0,put,23.94,24.39,19.43,0,,0.15056,-0.95731,0.00594,0.05338,-0.01267,-0.54518,spy_options_2011.parquet,497695
SPY,2011-10-31,2011-10-31T16:00:00-04:00,125.4,2012-03-16,137.0,0.37534246575342467,149.0,call,0.24,0.3,0.34,2,,0.176,0.04946,0.00749,0.07956,-0.00487,0.0219,spy_options_2011.parquet,497696
SPY,2011-10-31,2011-10-31T16:00:00-04:00,125.4,2012-03-16,137.0,0.37534246575342467,149.0,put,24.89,25.33,29.44,0,,0.14317,-0.9686,0.00447,0.03795,-0.01202,-0.55333,spy_options_2011.parquet,497696
SPY,2011-10-31,2011-10-31T16:00:00-04:00,125.4,2012-03-16,137.0,0.37534246575342467,150.0,call,0.22,0.25,0.26,21,,0.17555,0.0436,0.00679,0.07076,-0.00428,0.01966,spy_options_2011.parquet,497697
SPY,2011-10-31,2011-10-31T16:00:00-04:00,125.4,2012-03-16,137.0,0.37534246575342467,150.0,put,25.85,26.29,23.1,2,,0.12909,-0.97956,0.0024,0.01854,-0.01136,-0.56226,spy_options_2011.parquet,497697
SPY,2011-10-31,2011-10-31T16:00:00-04:00,125.4,2012-03-16,137.0,0.37534246575342467,151.0,call,0.15,0.2,0.27,0,,0.173,0.03569,0.00584,0.0605,-0.00386,0.01591,spy_options_2011.parquet,497698
SPY,2011-10-31,2011-10-31T16:00:00-04:00,125.4,2012-03-16,137.0,0.37534246575342467,151.0,put,26.79,27.26,0.0,,,4e-05,-1.0,0.0,-265.99968,0.0,0.0,spy_options_2011.parquet,497698
SPY,2011-10-31,2011-10-31T16:00:00-04:00,125.4,2012-03-16,137.0,0.37534246575342467,152.0,call,0.12,0.18,0.17,0,,0.17226,0.03068,0.00516,0.05296,-0.00338,0.01371,spy_options_2011.parquet,497699
SPY,2011-10-31,2011-10-31T16:00:00-04:00,125.4,2012-03-16,137.0,0.37534246575342467,152.0,put,27.77,28.21,32.29,0,,0.00049,-1.0,0.0,-275.99972,0.0,0.0,spy_options_2011.parquet,497699
SPY,2011-10-31,2011-10-31T16:00:00-04:00,125.4,2012-03-16,137.0,0.37534246575342467,153.0,call,0.09,0.16,0.16,17,,0.17189,0.02585,0.00459,0.04635,-0.00238,0.01214,spy_options_2011.parquet,497700
SPY,2011-10-31,2011-10-31T16:00:00-04:00,125.4,2012-03-16,137.0,0.37534246575342467,153.0,put,28.74,29.17,25.96,50,,6e-05,-1.0,0.0,-286.00017,0.0,0.0,spy_options_2011.parquet,497700
SPY,2011-10-31,2011-10-31T16:00:00-04:00,125.4,2012-03-16,137.0,0.37534246575342467,154.0,call,0.07,0.14,0.12,0,,0.17121,0.02254,0.00396,0.04077,-0.00199,0.00981,spy_options_2011.parquet,497701
SPY,2011-10-31,2011-10-31T16:00:00-04:00,125.4,2012-03-16,137.0,0.37534246575342467,154.0,put,29.72,30.17,31.16,0,,0.0003,-1.0,0.0,-296.0,0.0,0.0,spy_options_2011.parquet,497701
SPY,2011-10-31,2011-10-31T16:00:00-04:00,125.4,2012-03-16,137.0,0.37534246575342467,155.0,call,0.06,0.11,0.1,800,,0.17055,0.01806,0.00343,0.03524,-0.0023,0.00792,spy_options_2011.parquet,497702
SPY,2011-10-31,2011-10-31T16:00:00-04:00,125.4,2012-03-16,137.0,0.37534246575342467,155.0,put,30.7,31.13,32.14,0,,0.00014,-1.0,0.0,-305.99955,0.0,0.0,spy_options_2011.parquet,497702
SPY,2011-10-31,2011-10-31T16:00:00-04:00,125.4,2012-03-16,137.0,0.37534246575342467,156.0,call,0.04,0.1,0.1,0,,0.16983,0.01542,0.00298,0.03006,-0.00195,0.00678,spy_options_2011.parquet,497703
SPY,2011-10-31,2011-10-31T16:00:00-04:00,125.4,2012-03-16,137.0,0.37534246575342467,156.0,put,31.69,32.12,32.62,0,,-6e-05,-1.0,0.0,-315.99998,0.0,0.0,spy_options_2011.parquet,497703
SPY,2011-10-31,2011-10-31T16:00:00-04:00,125.4,2012-03-16,137.0,0.37534246575342467,157.0,call,0.04,0.09,0.11,0,,0.17047,0.01391,0.00267,0.02695,-0.00113,0.00571,spy_options_2011.parquet,497704
SPY,2011-10-31,2011-10-31T16:00:00-04:00,125.4,2012-03-16,137.0,0.37534246575342467,157.0,put,32.68,33.1,45.17,0,,-0.00011,-1.0,0.0,-326.00025,0.0,0.0,spy_options_2011.parquet,497704
SPY,2011-10-31,2011-10-31T16:00:00-04:00,125.4,2012-03-16,137.0,0.37534246575342467,158.0,call,0.02,0.07,0.12,0,,0.16974,0.01153,0.00228,0.02361,-0.00167,0.00497,spy_options_2011.parquet,497705
SPY,2011-10-31,2011-10-31T16:00:00-04:00,125.4,2012-03-16,137.0,0.37534246575342467,158.0,put,33.66,34.09,35.1,0,,-0.00029,-1.0,0.0,-335.9996,0.0,0.0,spy_options_2011.parquet,497705
SPY,2011-10-31,2011-10-31T16:00:00-04:00,125.4,2012-03-16,137.0,0.37534246575342467,159.0,call,0.01,0.07,0.04,0,,0.16855,0.00935,0.00194,0.02027,-0.00089,0.00476,spy_options_2011.parquet,497706
SPY,2011-10-31,2011-10-31T16:00:00-04:00,125.4,2012-03-16,137.0,0.37534246575342467,159.0,put,34.66,35.08,36.09,0,,-0.00012,-1.0,0.0,-345.99963,0.0,0.0,spy_options_2011.parquet,497706
SPY,2011-10-31,2011-10-31T16:00:00-04:00,125.4,2012-03-16,137.0,0.37534246575342467,160.0,call,0.01,0.06,0.1,0,,0.16979,0.00793,0.00168,0.01762,-0.00089,0.00417,spy_options_2011.parquet,497707
SPY,2011-10-31,2011-10-31T16:00:00-04:00,125.4,2012-03-16,137.0,0.37534246575342467,160.0,put,35.66,36.07,48.14,0,,0.00014,-1.0,0.0,-355.99976,0.0,0.0,spy_options_2011.parquet,497707
SPY,2011-10-31,2011-10-31T16:00:00-04:00,125.4,2012-03-16,137.0,0.37534246575342467,161.0,call,0.01,0.04,0.06,0,,0.17032,0.00719,0.0015,0.01568,-0.00129,0.00358,spy_options_2011.parquet,497708
SPY,2011-10-31,2011-10-31T16:00:00-04:00,125.4,2012-03-16,137.0,0.37534246575342467,161.0,put,36.62,37.04,37.98,0,,0.00045,-1.0,0.0,-365.99974,0.0,0.0,spy_options_2011.parquet,497708
SPY,2011-10-31,2011-10-31T16:00:00-04:00,125.4,2012-03-16,137.0,0.37534246575342467,162.0,call,0.0,0.05,0.03,0,,0.17093,0.00654,0.00129,0.01354,-0.00105,0.00309,spy_options_2011.parquet,497709
SPY,2011-10-31,2011-10-31T16:00:00-04:00,125.4,2012-03-16,137.0,0.37534246575342467,162.0,put,37.67,38.05,39.08,0,,0.00015,-1.0,0.0,-375.99954,0.0,0.0,spy_options_2011.parquet,497709
SPY,2011-10-31,2011-10-31T16:00:00-04:00,125.4,2012-03-16,137.0,0.37534246575342467,163.0,call,0.0,0.05,0.06,0,,0.17004,0.00472,0.00116,0.01103,-0.00098,0.00283,spy_options_2011.parquet,497710
SPY,2011-10-31,2011-10-31T16:00:00-04:00,125.4,2012-03-16,137.0,0.37534246575342467,163.0,put,38.6,39.03,51.81,0,,0.00047,-1.0,0.0,-386.00041,0.0,0.0,spy_options_2011.parquet,497710
SPY,2011-10-31,2011-10-31T16:00:00-04:00,125.4,2012-03-16,137.0,0.37534246575342467,164.0,call,0.0,0.03,0.03,0,,0.17295,0.00494,0.00104,0.01134,-0.00086,0.00253,spy_options_2011.parquet,497711
SPY,2011-10-31,2011-10-31T16:00:00-04:00,125.4,2012-03-16,137.0,0.37534246575342467,164.0,put,39.64,40.04,52.8,0,,0.00038,-1.0,0.0,-395.99951,0.0,0.0,spy_options_2011.parquet,497711
SPY,2011-10-31,2011-10-31T16:00:00-04:00,125.4,2012-03-16,137.0,0.37534246575342467,165.0,call,0.0,0.03,0.09,0,,0.17635,0.00489,0.00101,0.01072,-0.00039,0.00206,spy_options_2011.parquet,497712
SPY,2011-10-31,2011-10-31T16:00:00-04:00,125.4,2012-03-16,137.0,0.37534246575342467,165.0,put,40.59,41.01,50.2,0,,0.0004,-1.0,0.0,-405.99993,0.0,0.0,spy_options_2011.parquet,497712
SPY,2011-10-31,2011-10-31T16:00:00-04:00,125.4,2012-03-16,137.0,0.37534246575342467,166.0,call,0.0,0.04,0.01,1,,0.17968,0.00445,0.00101,0.01087,-0.00082,0.00245,spy_options_2011.parquet,497713
SPY,2011-10-31,2011-10-31T16:00:00-04:00,125.4,2012-03-16,137.0,0.37534246575342467,166.0,put,41.62,42.02,54.79,0,,0.00052,-1.0,0.0,-415.99999,0.0,0.0,spy_options_2011.parquet,497713
SPY,2011-10-31,2011-10-31T16:00:00-04:00,125.4,2012-03-16,137.0,0.37534246575342467,167.0,call,0.0,0.04,0.04,0,,0.18274,0.00468,0.00099,0.01084,-0.00069,0.00227,spy_options_2011.parquet,497714
SPY,2011-10-31,2011-10-31T16:00:00-04:00,125.4,2012-03-16,137.0,0.37534246575342467,167.0,put,42.63,43.02,55.79,0,,0.00018,-1.0,0.0,-426.00042,0.0,0.0,spy_options_2011.parquet,497714
SPY,2011-10-31,2011-10-31T16:00:00-04:00,125.4,2012-03-16,137.0,0.37534246575342467,168.0,call,0.0,0.03,0.04,0,,0.18586,0.00455,0.00095,0.01085,-0.00041,0.00233,spy_options_2011.parquet,497715
SPY,2011-10-31,2011-10-31T16:00:00-04:00,125.4,2012-03-16,137.0,0.37534246575342467,168.0,put,43.58,44.01,56.78,0,,-0.0002,-1.0,0.0,-436.00036,0.0,0.0,spy_options_2011.parquet,497715
SPY,2011-10-31,2011-10-31T16:00:00-04:00,125.4,2012-03-16,137.0,0.37534246575342467,169.0,call,0.0,0.04,0.24,0,,0.18956,0.00434,0.00093,0.01082,-0.00066,0.00214,spy_options_2011.parquet,497716
SPY,2011-10-31,2011-10-31T16:00:00-04:00,125.4,2012-03-16,137.0,0.37534246575342467,169.0,put,44.58,45.01,57.9,0,,-0.00026,-1.0,0.0,-445.99975,0.0,0.0,spy_options_2011.parquet,497716
SPY,2011-10-31,2011-10-31T16:00:00-04:00,125.4,2012-03-16,137.0,0.37534246575342467,170.0,call,0.0,0.03,0.17,0,,0.18697,0.00373,0.00078,0.00851,-6e-05,0.00124,spy_options_2011.parquet,497717
SPY,2011-10-31,2011-10-31T16:00:00-04:00,125.4,2012-03-16,137.0,0.37534246575342467,170.0,put,45.62,46.01,56.8,0,,0.00026,-1.0,0.0,-455.99962,0.0,0.0,spy_options_2011.parquet,497717
SPY,2011-10-31,2011-10-31T16:00:00-04:00,125.4,2012-03-16,137.0,0.37534246575342467,171.0,call,0.0,0.03,0.05,0,,0.19054,0.00365,0.00067,0.008,-0.00088,0.00114,spy_options_2011.parquet,497718
SPY,2011-10-31,2011-10-31T16:00:00-04:00,125.4,2012-03-16,137.0,0.37534246575342467,171.0,put,46.58,47.0,59.73,0,,0.00064,-1.0,0.0,-465.99979,0.0,0.0,spy_options_2011.parquet,497718
SPY,2011-10-31,2011-10-31T16:00:00-04:00,125.4,2012-03-16,137.0,0.37534246575342467,172.0,call,0.0,0.03,0.02,0,,0.19359,0.00311,0.00064,0.00814,-0.00074,0.00197,spy_options_2011.parquet,497719
SPY,2011-10-31,2011-10-31T16:00:00-04:00,125.4,2012-03-16,137.0,0.37534246575342467,172.0,put,47.61,48.02,64.53,0,,0.00033,-1.0,0.0,-476.00001,0.0,0.0,spy_options_2011.parquet,497719
SPY,2011-10-31,2011-10-31T16:00:00-04:00,125.4,2012-03-16,137.0,0.37534246575342467,173.0,call,0.0,0.02,0.0,,,0.19519,0.00337,0.00067,0.00755,-0.00074,0.00146,spy_options_2011.parquet,497720
SPY,2011-10-31,2011-10-31T16:00:00-04:00,125.4,2012-03-16,137.0,0.37534246575342467,173.0,put,48.56,49.0,65.53,0,,0.00023,-1.0,0.0,-486.00022,0.0,0.0,spy_options_2011.parquet,497720
SPY,2011-10-31,2011-10-31T16:00:00-04:00,125.4,2012-03-16,137.0,0.37534246575342467,174.0,call,0.0,0.04,0.02,0,,0.19961,0.00314,0.00066,0.00802,-0.00031,0.00194,spy_options_2011.parquet,497721
SPY,2011-10-31,2011-10-31T16:00:00-04:00,125.4,2012-03-16,137.0,0.37534246575342467,174.0,put,49.63,50.02,66.52,0,,0.00044,-1.0,0.0,-495.99976,0.0,0.0,spy_options_2011.parquet,497721
SPY,2011-10-31,2011-10-31T16:00:00-04:00,125.4,2012-03-16,137.0,0.37534246575342467,175.0,call,0.0,0.02,0.0,,,0.20213,0.00357,0.00062,0.00758,-0.0006,0.00105,spy_options_2011.parquet,497722
SPY,2011-10-31,2011-10-31T16:00:00-04:00,125.4,2012-03-16,137.0,0.37534246575342467,175.0,put,50.57,50.99,67.52,0,,0.00061,-1.0,0.0,-505.99964,0.0,0.0,spy_options_2011.parquet,497722
SPY,2011-10-31,2011-10-31T16:00:00-04:00,125.4,2012-03-16,137.0,0.37534246575342467,180.0,call,0.0,0.03,0.01,0,,0.21625,0.00327,0.00057,0.00747,-0.00085,0.00182,spy_options_2011.parquet,497723
SPY,2011-10-31,2011-10-31T16:00:00-04:00,125.4,2012-03-16,137.0,0.37534246575342467,180.0,put,55.56,55.98,72.5,0,,0.00025,-1.0,0.0,-556.0004,0.0,0.0,spy_options_2011.parquet,497723
SPY,2011-10-31,2011-10-31T16:00:00-04:00,125.4,2012-03-16,137.0,0.37534246575342467,185.0,call,0.0,0.02,0.03,0,,0.2302,0.00266,0.00048,0.00665,-0.00086,0.00127,spy_options_2011.parquet,497724
SPY,2011-10-31,2011-10-31T16:00:00-04:00,125.4,2012-03-16,137.0,0.37534246575342467,185.0,put,60.55,60.96,77.49,0,,-9e-05,-1.0,0.0,-605.99955,0.0,0.0,spy_options_2011.parquet,497724
SPY,2011-10-31,2011-10-31T16:00:00-04:00,125.4,2012-03-16,137.0,0.37534246575342467,85.0,call,40.68,41.03,33.5,0,,0.48824,0.91489,0.00314,0.09444,-0.01383,0.08325,spy_options_2011.parquet,497633
SPY,2011-10-31,2011-10-31T16:00:00-04:00,125.4,2012-03-16,137.0,0.37534246575342467,85.0,put,0.86,0.88,0.66,47,,0.42339,-0.05678,0.00342,0.0875,-0.01385,-0.03037,spy_options_2011.parquet,497633
SPY,2011-10-31,2011-10-31T16:00:00-04:00,125.4,2012-03-16,137.0,0.37534246575342467,86.0,call,39.75,40.07,27.99,0,,0.48006,0.91368,0.00339,0.09721,-0.0134,0.08884,spy_options_2011.parquet,497634
SPY,2011-10-31,2011-10-31T16:00:00-04:00,125.4,2012-03-16,137.0,0.37534246575342467,86.0,put,0.91,0.95,0.79,100,,0.41908,-0.06051,0.00371,0.09156,-0.01463,-0.03189,spy_options_2011.parquet,497634
SPY,2011-10-31,2011-10-31T16:00:00-04:00,125.4,2012-03-16,137.0,0.37534246575342467,87.0,call,38.75,39.12,40.53,0,,0.46882,0.91273,0.00362,0.09882,-0.01339,0.09275,spy_options_2011.parquet,497635
SPY,2011-10-31,2011-10-31T16:00:00-04:00,125.4,2012-03-16,137.0,0.37534246575342467,87.0,put,0.97,1.01,0.86,215,,0.41485,-0.06373,0.00392,0.09602,-0.01525,-0.03404,spy_options_2011.parquet,497635
SPY,2011-10-31,2011-10-31T16:00:00-04:00,125.4,2012-03-16,137.0,0.37534246575342467,88.0,call,37.88,38.16,0.0,,,0.46333,0.90975,0.00393,0.10443,-0.01358,0.10146,spy_options_2011.parquet,497636
SPY,2011-10-31,2011-10-31T16:00:00-04:00,125.4,2012-03-16,137.0,0.37534246575342467,88.0,put,1.02,1.08,0.92,,,0.4101,-0.06747,0.00411,0.10095,-0.01569,-0.03622,spy_options_2011.parquet,497636
SPY,2011-10-31,2011-10-31T16:00:00-04:00,125.4,2012-03-16,137.0,0.37534246575342467,89.0,call,36.83,37.21,23.47,0,,0.45144,0.90911,0.00422,0.10569,-0.01398,0.10487,spy_options_2011.parquet,497637
SPY,2011-10-31,2011-10-31T16:00:00-04:00,125.4,2012-03-16,137.0,0.37534246575342467,89.0,put,1.1,1.13,0.97,441,,0.40582,-0.07179,0.00437,0.10563,-0.0158,-0.03886,spy_options_2011.parquet,497637
SPY,2011-10-31,2011-10-31T16:00:00-04:00,125.4,2012-03-16,137.0,0.37534246575342467,90.0,call,35.93,36.26,36.5,30,,0.44404,0.907,0.00448,0.10946,-0.01361,0.11194,spy_options_2011.parquet,497638
SPY,2011-10-31,2011-10-31T16:00:00-04:00,125.4,2012-03-16,137.0,0.37534246575342467,90.0,put,1.16,1.22,1.14,,,0.40148,-0.07624,0.00463,0.11097,-0.01686,-0.0408,spy_options_2011.parquet,497638
SPY,2011-10-31,2011-10-31T16:00:00-04:00,125.4,2012-03-16,137.0,0.37534246575342467,91.0,call,35.02,35.32,36.71,0,,0.43873,0.90274,0.00481,0.11442,-0.014,0.11881,spy_options_2011.parquet,497639
SPY,2011-10-31,2011-10-31T16:00:00-04:00,125.4,2012-03-16,137.0,0.37534246575342467,91.0,put,1.23,1.27,1.08,271,,0.39625,-0.08143,0.00489,0.11573,-0.0173,-0.04315,spy_options_2011.parquet,497639
SPY,2011-10-31,2011-10-31T16:00:00-04:00,125.4,2012-03-16,137.0,0.37534246575342467,92.0,call,34.07,34.37,36.7,92,,0.43095,0.90035,0.00515,0.11896,-0.01488,0.1245,spy_options_2011.parquet,497640
SPY,2011-10-31,2011-10-31T16:00:00-04:00,125.4,2012-03-16,137.0,0.37534246575342467,92.0,put,1.31,1.35,1.15,351,,0.39175,-0.08638,0.00521,0.1212,-0.01839,-0.04579,spy_options_2011.parquet,497640
SPY,2011-10-31,2011-10-31T16:00:00-04:00,125.4,2012-03-16,137.0,0.37534246575342467,93.0,call,33.1,33.44,34.83,0,,0.42273,0.89687,0.00547,0.12261,-0.01477,0.13017,spy_options_2011.parquet,497641
SPY,2011-10-31,2011-10-31T16:00:00-04:00,125.4,2012-03-16,137.0,0.37534246575342467,93.0,put,1.38,1.43,1.27,410,,0.38715,-0.09175,0.00551,0.12576,-0.01848,-0.04859,spy_options_2011.parquet,497641
SPY,2011-10-31,2011-10-31T16:00:00-04:00,125.4,2012-03-16,137.0,0.37534246575342467,95.0,call,31.22,31.57,19.55,0,,0.40879,0.88925,0.00617,0.13154,-0.01482,0.14309,spy_options_2011.parquet,497642
SPY,2011-10-31,2011-10-31T16:00:00-04:00,125.4,2012-03-16,137.0,0.37534246575342467,95.0,put,1.55,1.61,1.3,15,,0.37817,-0.10263,0.00612,0.13726,-0.0195,-0.05481,spy_options_2011.parquet,497642
SPY,2011-10-31,2011-10-31T16:00:00-04:00,125.4,2012-03-16,137.0,0.37534246575342467,96.0,call,30.28,30.65,23.22,0,,0.40245,0.88447,0.00659,0.13725,-0.01546,0.14852,spy_options_2011.parquet,497643
SPY,2011-10-31,2011-10-31T16:00:00-04:00,125.4,2012-03-16,137.0,0.37534246575342467,96.0,put,1.64,1.7,1.37,0,,0.37429,-0.109,0.00642,0.14343,-0.02036,-0.05767,spy_options_2011.parquet,497643
SPY,2011-10-31,2011-10-31T16:00:00-04:00,125.4,2012-03-16,137.0,0.37534246575342467,97.0,call,29.38,29.72,22.14,0,,0.3964,0.87833,0.00703,0.14349,-0.01623,0.15543,spy_options_2011.parquet,497644
SPY,2011-10-31,2011-10-31T16:00:00-04:00,125.4,2012-03-16,137.0,0.37534246575342467,97.0,put,1.73,1.8,2.18,0,,0.36947,-0.11467,0.00676,0.14909,-0.02148,-0.06104,spy_options_2011.parquet,497644
SPY,2011-10-31,2011-10-31T16:00:00-04:00,125.4,2012-03-16,137.0,0.37534246575342467,98.0,call,28.46,28.81,24.0,0,,0.39071,0.87353,0.00739,0.14844,-0.0168,0.16119,spy_options_2011.parquet,497645
SPY,2011-10-31,2011-10-31T16:00:00-04:00,125.4,2012-03-16,137.0,0.37534246575342467,98.0,put,1.84,1.91,1.78,2,,0.36488,-0.12182,0.00713,0.15458,-0.02173,-0.06487,spy_options_2011.parquet,497645
SPY,2011-10-31,2011-10-31T16:00:00-04:00,125.4,2012-03-16,137.0,0.37534246575342467,99.0,call,27.54,27.9,19.43,0,,0.38416,0.86684,0.00782,0.15436,-0.01635,0.16691,spy_options_2011.parquet,497646
SPY,2011-10-31,2011-10-31T16:00:00-04:00,125.4,2012-03-16,137.0,0.37534246575342467,99.0,put,1.94,2.01,2.32,0,,0.35995,-0.12806,0.0075,0.16097,-0.02214,-0.06818,spy_options_2011.parquet,497646
SPY,2011-10-31,2011-10-31T16:00:00-04:00,125.4,2012-03-30,151.0,0.4136986301369863,100.0,call,26.79,27.12,15.26,0,,0.37184,0.85418,0.00829,0.17346,-0.01683,0.19025,spy_options_2011.parquet,497734
SPY,2011-10-31,2011-10-31T16:00:00-04:00,125.4,2012-03-30,151.0,0.4136986301369863,100.0,put,2.25,2.35,1.79,32,,0.34951,-0.14284,0.00792,0.18126,-0.02227,-0.0843,spy_options_2011.parquet,497734
SPY,2011-10-31,2011-10-31T16:00:00-04:00,125.4,2012-03-30,151.0,0.4136986301369863,101.0,call,25.9,26.23,27.5,0,,0.3664,0.84744,0.00869,0.18023,-0.01699,0.19585,spy_options_2011.parquet,497735
SPY,2011-10-31,2011-10-31T16:00:00-04:00,125.4,2012-03-30,151.0,0.4136986301369863,101.0,put,2.37,2.49,1.93,0,,0.34534,-0.15026,0.0083,0.18801,-0.02291,-0.08859,spy_options_2011.parquet,497735
SPY,2011-10-31,2011-10-31T16:00:00-04:00,125.4,2012-03-30,151.0,0.4136986301369863,102.0,call,25.01,25.36,26.62,0,,0.36189,0.83903,0.00913,0.18768,-0.01736,0.20155,spy_options_2011.parquet,497736
SPY,2011-10-31,2011-10-31T16:00:00-04:00,125.4,2012-03-30,151.0,0.4136986301369863,102.0,put,2.49,2.62,3.95,0,,0.3412,-0.15834,0.00874,0.19456,-0.02359,-0.09379,spy_options_2011.parquet,497736
SPY,2011-10-31,2011-10-31T16:00:00-04:00,125.4,2012-03-30,151.0,0.4136986301369863,103.0,call,24.14,24.49,25.73,0,,0.35672,0.83031,0.00954,0.19467,-0.01813,0.20724,spy_options_2011.parquet,497737
SPY,2011-10-31,2011-10-31T16:00:00-04:00,125.4,2012-03-30,151.0,0.4136986301369863,103.0,put,2.64,2.76,2.41,0,,0.33693,-0.16688,0.00912,0.20157,-0.02377,-0.09881,spy_options_2011.parquet,497737
SPY,2011-10-31,2011-10-31T16:00:00-04:00,125.4,2012-03-30,151.0,0.4136986301369863,104.0,call,23.29,23.63,24.85,0,,0.35293,0.8211,0.01002,0.20196,-0.01821,0.21146,spy_options_2011.parquet,497738
SPY,2011-10-31,2011-10-31T16:00:00-04:00,125.4,2012-03-30,151.0,0.4136986301369863,104.0,put,2.77,2.91,4.36,0,,0.3327,-0.17557,0.00955,0.20834,-0.02458,-0.10322,spy_options_2011.parquet,497738
SPY,2011-10-31,2011-10-31T16:00:00-04:00,125.4,2012-03-30,151.0,0.4136986301369863,105.0,call,22.41,22.76,23.97,0,,0.34757,0.81211,0.01047,0.20873,-0.01869,0.21596,spy_options_2011.parquet,497739
SPY,2011-10-31,2011-10-31T16:00:00-04:00,125.4,2012-03-30,151.0,0.4136986301369863,105.0,put,2.93,3.09,3.75,0,,0.3291,-0.1854,0.01002,0.21602,-0.0257,-0.10972,spy_options_2011.parquet,497739
SPY,2011-10-31,2011-10-31T16:00:00-04:00,125.4,2012-03-30,151.0,0.4136986301369863,106.0,call,21.41,21.89,22.09,0,,0.3384,0.80512,0.0111,0.21448,-0.01897,0.21953,spy_options_2011.parquet,497740
SPY,2011-10-31,2011-10-31T16:00:00-04:00,125.4,2012-03-30,151.0,0.4136986301369863,106.0,put,3.1,3.22,2.76,0,,0.3237,-0.19531,0.01053,0.22195,-0.0258,-0.11526,spy_options_2011.parquet,497740
SPY,2011-10-31,2011-10-31T16:00:00-04:00,125.4,2012-03-30,151.0,0.4136986301369863,107.0,call,20.66,21.07,21.25,0,,0.33642,0.79374,0.01152,0.22265,-0.01911,0.22364,spy_options_2011.parquet,497741
SPY,2011-10-31,2011-10-31T16:00:00-04:00,125.4,2012-03-30,151.0,0.4136986301369863,107.0,put,3.26,3.39,2.9,0,,0.31954,-0.20567,0.01097,0.22885,-0.0263,-0.12153,spy_options_2011.parquet,497741
SPY,2011-10-31,2011-10-31T16:00:00-04:00,125.4,2012-03-30,151.0,0.4136986301369863,108.0,call,19.9,20.22,21.36,0,,0.3332,0.78142,0.01195,0.23058,-0.01996,0.22624,spy_options_2011.parquet,497742
SPY,2011-10-31,2011-10-31T16:00:00-04:00,125.4,2012-03-30,151.0,0.4136986301369863,108.0,put,3.42,3.58,4.18,0,,0.31513,-0.21623,0.01146,0.23605,-0.02637,-0.12706,spy_options_2011.parquet,497742
SPY,2011-10-31,2011-10-31T16:00:00-04:00,125.4,2012-03-30,151.0,0.4136986301369863,109.0,call,19.04,19.42,19.53,33,,0.32837,0.77118,0.01239,0.23771,-0.02081,0.22896,spy_options_2011.parquet,497743
SPY,2011-10-31,2011-10-31T16:00:00-04:00,125.4,2012-03-30,151.0,0.4136986301369863,109.0,put,3.64,3.77,2.94,10,,0.31217,-0.22787,0.01194,0.2432,-0.02734,-0.13485,spy_options_2011.parquet,497743
SPY,2011-10-31,2011-10-31T16:00:00-04:00,125.4,2012-03-30,151.0,0.4136986301369863,110.0,call,18.34,18.58,20.25,0,,0.32579,0.75731,0.01285,0.24632,-0.02118,0.23196,spy_options_2011.parquet,497744
SPY,2011-10-31,2011-10-31T16:00:00-04:00,125.4,2012-03-30,151.0,0.4136986301369863,110.0,put,3.85,3.99,3.2,0,,0.30842,-0.2404,0.0124,0.25039,-0.02735,-0.14157,spy_options_2011.parquet,497744
SPY,2011-10-31,2011-10-31T16:00:00-04:00,125.4,2012-03-30,151.0,0.4136986301369863,111.0,call,17.56,17.78,17.9,195,,0.3209,0.74481,0.01336,0.25345,-0.02137,0.23409,spy_options_2011.parquet,497745
SPY,2011-10-31,2011-10-31T16:00:00-04:00,125.4,2012-03-30,151.0,0.4136986301369863,111.0,put,4.01,4.17,6.17,0,,0.302,-0.25202,0.01295,0.25615,-0.02815,-0.14846,spy_options_2011.parquet,497745
SPY,2011-10-31,2011-10-31T16:00:00-04:00,125.4,2012-03-30,151.0,0.4136986301369863,112.0,call,16.72,17.0,15.41,0,,0.31621,0.7325,0.01379,0.25962,-0.02137,0.23491,spy_options_2011.parquet,497746
SPY,2011-10-31,2011-10-31T16:00:00-04:00,125.4,2012-03-30,151.0,0.4136986301369863,112.0,put,4.27,4.39,3.85,5,,0.29873,-0.26452,0.01341,0.26369,-0.02888,-0.15649,spy_options_2011.parquet,497746
SPY,2011-10-31,2011-10-31T16:00:00-04:00,125.4,2012-03-30,151.0,0.4136986301369863,113.0,call,15.96,16.21,14.43,0,,0.31136,0.71884,0.01433,0.26642,-0.02178,0.23615,spy_options_2011.parquet,497747
SPY,2011-10-31,2011-10-31T16:00:00-04:00,125.4,2012-03-30,151.0,0.4136986301369863,113.0,put,4.5,4.64,3.61,10,,0.29522,-0.2784,0.01399,0.26955,-0.02904,-0.16406,spy_options_2011.parquet,497747
SPY,2011-10-31,2011-10-31T16:00:00-04:00,125.4,2012-03-30,151.0,0.4136986301369863,114.0,call,15.11,15.43,16.71,0,,0.30564,0.70582,0.01485,0.27247,-0.02196,0.23631,spy_options_2011.parquet,497748
SPY,2011-10-31,2011-10-31T16:00:00-04:00,125.4,2012-03-30,151.0,0.4136986301369863,114.0,put,4.76,4.87,3.86,0,,0.29057,-0.29262,0.01453,0.27638,-0.02935,-0.17211,spy_options_2011.parquet,497748
SPY,2011-10-31,2011-10-31T16:00:00-04:00,125.4,2012-03-30,151.0,0.4136986301369863,115.0,call,14.43,14.68,16.45,0,,0.30249,0.69049,0.01533,0.27978,-0.02274,0.237,spy_options_2011.parquet,497749
SPY,2011-10-31,2011-10-31T16:00:00-04:00,125.4,2012-03-30,151.0,0.4136986301369863,115.0,put,5.0,5.13,4.4,40,,0.28715,-0.30724,0.01504,0.28183,-0.02927,-0.1808,spy_options_2011.parquet,497749
SPY,2011-10-31,2011-10-31T16:00:00-04:00,125.4,2012-03-30,151.0,0.4136986301369863,116.0,call,13.61,13.94,13.88,0,,0.29667,0.676,0.01592,0.28537,-0.02246,0.23672,spy_options_2011.parquet,497750
SPY,2011-10-31,2011-10-31T16:00:00-04:00,125.4,2012-03-30,151.0,0.4136986301369863,116.0,put,5.25,5.39,5.1,7,,0.28219,-0.32212,0.01557,0.28784,-0.03002,-0.19029,spy_options_2011.parquet,497750
SPY,2011-10-31,2011-10-31T16:00:00-04:00,125.4,2012-03-30,151.0,0.4136986301369863,117.0,call,12.94,13.2,15.09,0,,0.2938,0.6593,0.01632,0.29143,-0.02307,0.23493,spy_options_2011.parquet,497751
SPY,2011-10-31,2011-10-31T16:00:00-04:00,125.4,2012-03-30,151.0,0.4136986301369863,117.0,put,5.55,5.67,4.45,2,,0.27821,-0.33785,0.01614,0.29363,-0.03059,-0.19939,spy_options_2011.parquet,497751
SPY,2011-10-31,2011-10-31T16:00:00-04:00,125.4,2012-03-30,151.0,0.4136986301369863,118.0,call,12.18,12.49,12.55,112,,0.28802,0.64358,0.01686,0.29653,-0.02311,0.23365,spy_options_2011.parquet,497752
SPY,2011-10-31,2011-10-31T16:00:00-04:00,125.4,2012-03-30,151.0,0.4136986301369863,118.0,put,5.84,5.98,4.73,0,,0.27421,-0.35441,0.01665,0.29868,-0.03087,-0.20896,spy_options_2011.parquet,497752
SPY,2011-10-31,2011-10-31T16:00:00-04:00,125.4,2012-03-30,151.0,0.4136986301369863,119.0,call,11.55,11.78,8.84,0,,0.28504,0.62645,0.01724,0.30129,-0.02321,0.2319,spy_options_2011.parquet,497753
SPY,2011-10-31,2011-10-31T16:00:00-04:00,125.4,2012-03-30,151.0,0.4136986301369863,119.0,put,6.15,6.27,4.98,21,,0.27038,-0.37094,0.01716,0.30362,-0.03029,-0.21909,spy_options_2011.parquet,497753
SPY,2011-10-31,2011-10-31T16:00:00-04:00,125.4,2012-03-30,151.0,0.4136986301369863,120.0,call,10.88,11.1,12.49,7,,0.28087,0.6091,0.01764,0.30596,-0.02278,0.22959,spy_options_2011.parquet,497754
SPY,2011-10-31,2011-10-31T16:00:00-04:00,125.4,2012-03-30,151.0,0.4136986301369863,120.0,put,6.44,6.62,5.75,40,,0.26599,-0.38868,0.0177,0.30707,-0.03036,-0.23005,spy_options_2011.parquet,497754
SPY,2011-10-31,2011-10-31T16:00:00-04:00,125.4,2012-03-30,151.0,0.4136986301369863,121.0,call,10.19,10.43,10.72,1,,0.27625,0.59114,0.01808,0.30931,-0.02308,0.22658,spy_options_2011.parquet,497755
SPY,2011-10-31,2011-10-31T16:00:00-04:00,125.4,2012-03-30,151.0,0.4136986301369863,121.0,put,6.81,6.95,6.03,0,,0.26134,-0.40634,0.01818,0.3111,-0.03082,-0.24108,spy_options_2011.parquet,497755
SPY,2011-10-31,2011-10-31T16:00:00-04:00,125.4,2012-03-30,151.0,0.4136986301369863,122.0,call,9.5,9.7,8.96,0,,0.26996,0.57288,0.01865,0.31246,-0.0229,0.22283,spy_options_2011.parquet,497756
SPY,2011-10-31,2011-10-31T16:00:00-04:00,125.4,2012-03-30,151.0,0.4136986301369863,122.0,put,7.17,7.32,7.92,0,,0.25771,-0.42595,0.01866,0.3144,-0.03083,-0.25258,spy_options_2011.parquet,497756
SPY,2011-10-31,2011-10-31T16:00:00-04:00,125.4,2012-03-30,151.0,0.4136986301369863,123.0,call,8.84,9.07,9.4,277,,0.26542,0.55338,0.01905,0.3152,-0.02304,0.21884,spy_options_2011.parquet,497757
SPY,2011-10-31,2011-10-31T16:00:00-04:00,125.4,2012-03-30,151.0,0.4136986301369863,123.0,put,7.55,7.68,9.28,0,,0.25384,-0.44497,0.01904,0.31657,-0.03103,-0.2638,spy_options_2011.parquet,497757
SPY,2011-10-31,2011-10-31T16:00:00-04:00,125.4,2012-03-30,151.0,0.4136986301369863,124.0,call,8.25,8.44,9.03,79,,0.26161,0.53315,0.01944,0.31765,-0.02292,0.21393,spy_options_2011.parquet,497758
SPY,2011-10-31,2011-10-31T16:00:00-04:00,125.4,2012-03-30,151.0,0.4136986301369863,124.0,put,7.92,8.09,8.0,50,,0.24892,-0.46527,0.01946,0.31772,-0.03116,-0.27579,spy_options_2011.parquet,497758
SPY,2011-10-31,2011-10-31T16:00:00-04:00,125.4,2012-03-30,151.0,0.4136986301369863,125.0,call,7.66,7.85,8.53,4,,0.25788,0.51353,0.0198,0.31833,-0.02283,0.20885,spy_options_2011.parquet,497759
SPY,2011-10-31,2011-10-31T16:00:00-04:00,125.4,2012-03-30,151.0,0.4136986301369863,125.0,put,8.35,8.5,7.7,54,,0.24478,-0.48533,0.0199,0.31846,-0.03024,-0.28876,spy_options_2011.parquet,497759
SPY,2011-10-31,2011-10-31T16:00:00-04:00,125.4,2012-03-30,151.0,0.4136986301369863,126.0,call,7.11,7.25,8.1,0,,0.25405,0.49294,0.01994,0.31887,-0.02268,0.20233,spy_options_2011.parquet,497760
SPY,2011-10-31,2011-10-31T16:00:00-04:00,125.4,2012-03-30,151.0,0.4136986301369863,126.0,put,8.77,8.92,8.02,184,,0.24101,-0.50656,0.0202,0.319,-0.03068,-0.30147,spy_options_2011.parquet,497760
SPY,2011-10-31,2011-10-31T16:00:00-04:00,125.4,2012-03-30,151.0,0.4136986301369863,127.0,call,6.56,6.73,8.11,12,,0.25047,0.47167,0.02019,0.31803,-0.02249,0.1965,spy_options_2011.parquet,497761
SPY,2011-10-31,2011-10-31T16:00:00-04:00,125.4,2012-03-30,151.0,0.4136986301369863,127.0,put,9.2,9.38,8.61,28,,0.23631,-0.52885,0.02053,0.31776,-0.03019,-0.31416,spy_options_2011.parquet,497761
SPY,2011-10-31,2011-10-31T16:00:00-04:00,125.4,2012-03-30,151.0,0.4136986301369863,128.0,call,6.07,6.19,7.51,19,,0.24624,0.45023,0.02028,0.3173,-0.02208,0.18986,spy_options_2011.parquet,497762
SPY,2011-10-31,2011-10-31T16:00:00-04:00,125.4,2012-03-30,151.0,0.4136986301369863,128.0,put,9.7,9.85,7.82,10,,0.23253,-0.55015,0.0207,0.31543,-0.02987,-0.32805,spy_options_2011.parquet,497762
SPY,2011-10-31,2011-10-31T16:00:00-04:00,125.4,2012-03-30,151.0,0.4136986301369863,129.0,call,5.57,5.66,6.77,3,,0.24184,0.42871,0.02042,0.3141,-0.02138,0.18339,spy_options_2011.parquet,497763
SPY,2011-10-31,2011-10-31T16:00:00-04:00,125.4,2012-03-30,151.0,0.4136986301369863,129.0,put,10.17,10.35,8.8,0,,0.2275,-0.57296,0.02095,0.31187,-0.02954,-0.34195,spy_options_2011.parquet,497763
SPY,2011-10-31,2011-10-31T16:00:00-04:00,125.4,2012-03-30,151.0,0.4136986301369863,130.0,call,5.07,5.17,5.29,92,,0.23845,0.40597,0.02052,0.31074,-0.02106,0.17567,spy_options_2011.parquet,497764
SPY,2011-10-31,2011-10-31T16:00:00-04:00,125.4,2012-03-30,151.0,0.4136986301369863,130.0,put,10.69,10.87,9.68,6,,0.22412,-0.5965,0.02099,0.30763,-0.02839,-0.35626,spy_options_2011.parquet,497764
SPY,2011-10-31,2011-10-31T16:00:00-04:00,125.4,2012-03-30,151.0,0.4136986301369863,131.0,call,4.56,4.7,5.6,1,,0.23315,0.38357,0.02056,0.30653,-0.02026,0.16705,spy_options_2011.parquet,497765
SPY,2011-10-31,2011-10-31T16:00:00-04:00,125.4,2012-03-30,151.0,0.4136986301369863,131.0,put,11.17,11.42,9.65,0,,0.21861,-0.62056,0.02115,0.30268,-0.02841,-0.37067,spy_options_2011.parquet,497765
SPY,2011-10-31,2011-10-31T16:00:00-04:00,125.4,2012-03-30,151.0,0.4136986301369863,132.0,call,4.13,4.28,4.75,0,,0.23,0.36116,0.02045,0.30065,-0.01989,0.15951,spy_options_2011.parquet,497766
SPY,2011-10-31,2011-10-31T16:00:00-04:00,125.4,2012-03-30,151.0,0.4136986301369863,132.0,put,11.73,11.98,9.96,0,,0.21496,-0.64341,0.02107,0.29551,-0.02712,-0.38546,spy_options_2011.parquet,497766
SPY,2011-10-31,2011-10-31T16:00:00-04:00,125.4,2012-03-30,151.0,0.4136986301369863,133.0,call,3.7,3.85,4.04,0,,0.22549,0.33761,0.02035,0.29314,-0.01843,0.15114,spy_options_2011.parquet,497767
SPY,2011-10-31,2011-10-31T16:00:00-04:00,125.4,2012-03-30,151.0,0.4136986301369863,133.0,put,12.33,12.57,17.79,0,,0.21087,-0.66812,0.02086,0.2868,-0.02665,-0.40065,spy_options_2011.parquet,497767
SPY,2011-10-31,2011-10-31T16:00:00-04:00,125.4,2012-03-30,151.0,0.4136986301369863,134.0,call,3.33,3.47,4.2,21,,0.22213,0.31664,0.01996,0.28539,-0.01832,0.14228,spy_options_2011.parquet,497768
SPY,2011-10-31,2011-10-31T16:00:00-04:00,125.4,2012-03-30,151.0,0.4136986301369863,134.0,put,12.95,13.2,13.6,0,,0.20702,-0.69161,0.02051,0.27799,-0.02566,-0.41486,spy_options_2011.parquet,497768
SPY,2011-10-31,2011-10-31T16:00:00-04:00,125.4,2012-03-30,151.0,0.4136986301369863,135.0,call,3.0,3.09,3.3,4,,0.2195,0.2941,0.01962,0.27729,-0.01747,0.13405,spy_options_2011.parquet,497769
SPY,2011-10-31,2011-10-31T16:00:00-04:00,125.4,2012-03-30,151.0,0.4136986301369863,135.0,put,13.59,13.86,12.4,0,,0.2029,-0.71408,0.02018,0.26738,-0.02488,-0.43031,spy_options_2011.parquet,497769
SPY,2011-10-31,2011-10-31T16:00:00-04:00,125.4,2012-03-30,151.0,0.4136986301369863,136.0,call,2.68,2.77,3.4,2,,0.21567,0.27282,0.01918,0.26686,-0.01607,0.12517,spy_options_2011.parquet,497770
SPY,2011-10-31,2011-10-31T16:00:00-04:00,125.4,2012-03-30,151.0,0.4136986301369863,136.0,put,14.25,14.51,21.38,0,,0.1981,-0.73841,0.01973,0.25542,-0.02448,-0.44508,spy_options_2011.parquet,497770
SPY,2011-10-31,2011-10-31T16:00:00-04:00,125.4,2012-03-30,151.0,0.4136986301369863,137.0,call,2.35,2.45,3.11,0,,0.21197,0.2507,0.0187,0.25673,-0.01554,0.1161,spy_options_2011.parquet,497771
SPY,2011-10-31,2011-10-31T16:00:00-04:00,125.4,2012-03-30,151.0,0.4136986301369863,137.0,put,14.95,15.19,15.46,0,,0.19412,-0.76247,0.01908,0.24171,-0.02276,-0.46055,spy_options_2011.parquet,497771
SPY,2011-10-31,2011-10-31T16:00:00-04:00,125.4,2012-03-30,151.0,0.4136986301369863,138.0,call,2.07,2.17,2.1,0,,0.20852,0.22996,0.01812,0.24463,-0.01497,0.10703,spy_options_2011.parquet,497772
SPY,2011-10-31,2011-10-31T16:00:00-04:00,125.4,2012-03-30,151.0,0.4136986301369863,138.0,put,15.66,15.95,16.16,0,,0.19041,-0.78323,0.01834,0.22793,-0.0226,-0.47506,spy_options_2011.parquet,497772
SPY,2011-10-31,2011-10-31T16:00:00-04:00,125.4,2012-03-30,151.0,0.4136986301369863,139.0,call,1.8,1.9,2.06,0,,0.20563,0.20979,0.01737,0.23158,-0.01355,0.09789,spy_options_2011.parquet,497773
SPY,2011-10-31,2011-10-31T16:00:00-04:00,125.4,2012-03-30,151.0,0.4136986301369863,139.0,put,16.4,16.91,24.76,0,,0.19076,-0.79864,0.01741,0.21742,-0.02148,-0.48604,spy_options_2011.parquet,497773
SPY,2011-10-31,2011-10-31T16:00:00-04:00,125.4,2012-03-30,151.0,0.4136986301369863,140.0,call,1.53,1.67,2.0,0,,0.20139,0.18936,0.01668,0.21854,-0.01227,0.08894,spy_options_2011.parquet,497774
SPY,2011-10-31,2011-10-31T16:00:00-04:00,125.4,2012-03-30,151.0,0.4136986301369863,140.0,put,17.15,17.67,22.9,0,,0.18638,-0.82087,0.01652,0.20188,-0.02085,-0.50066,spy_options_2011.parquet,497774
SPY,2011-10-31,2011-10-31T16:00:00-04:00,125.4,2012-03-30,151.0,0.4136986301369863,141.0,call,1.33,1.45,1.84,0,,0.19875,0.17161,0.01585,0.20489,-0.01169,0.08147,spy_options_2011.parquet,497775
SPY,2011-10-31,2011-10-31T16:00:00-04:00,125.4,2012-03-30,151.0,0.4136986301369863,141.0,put,17.95,18.45,0.0,,,0.18236,-0.84087,0.01551,0.18525,-0.01918,-0.51461,spy_options_2011.parquet,497775
SPY,2011-10-31,2011-10-31T16:00:00-04:00,125.4,2012-03-30,151.0,0.4136986301369863,142.0,call,1.14,1.24,1.4,0,,0.19557,0.15369,0.01499,0.19143,-0.01082,0.0728,spy_options_2011.parquet,497776
SPY,2011-10-31,2011-10-31T16:00:00-04:00,125.4,2012-03-30,151.0,0.4136986301369863,142.0,put,18.64,19.38,24.51,0,,0.17788,-0.86063,0.01443,0.16833,-0.01816,-0.52785,spy_options_2011.parquet,497776
SPY,2011-10-31,2011-10-31T16:00:00-04:00,125.4,2012-03-30,151.0,0.4136986301369863,143.0,call,0.98,1.08,1.21,0,,0.19331,0.13715,0.01406,0.17722,-0.00978,0.06568,spy_options_2011.parquet,497777
SPY,2011-10-31,2011-10-31T16:00:00-04:00,125.4,2012-03-30,151.0,0.4136986301369863,143.0,put,19.59,20.11,0.0,,,0.17454,-0.87852,0.01321,0.1511,-0.01776,-0.54095,spy_options_2011.parquet,497777
SPY,2011-10-31,2011-10-31T16:00:00-04:00,125.4,2012-03-30,151.0,0.4136986301369863,144.0,call,0.81,0.92,1.05,0,,0.19058,0.12075,0.01313,0.16308,-0.00918,0.05804,spy_options_2011.parquet,497778
SPY,2011-10-31,2011-10-31T16:00:00-04:00,125.4,2012-03-30,151.0,0.4136986301369863,144.0,put,20.48,20.89,0.0,,,0.16795,-0.89796,0.01188,0.13065,-0.01586,-0.55418,spy_options_2011.parquet,497778
SPY,2011-10-31,2011-10-31T16:00:00-04:00,125.4,2012-03-30,151.0,0.4136986301369863,145.0,call,0.69,0.76,1.0,0,,0.18695,0.10538,0.01207,0.1478,-0.00767,0.05074,spy_options_2011.parquet,497779
SPY,2011-10-31,2011-10-31T16:00:00-04:00,125.4,2012-03-30,151.0,0.4136986301369863,145.0,put,21.33,21.76,29.24,0,,0.16245,-0.91484,0.01045,0.11095,-0.01505,-0.56748,spy_options_2011.parquet,497779
SPY,2011-10-31,2011-10-31T16:00:00-04:00,125.4,2012-03-30,151.0,0.4136986301369863,146.0,call,0.58,0.67,0.81,0,,0.18468,0.0934,0.01116,0.13516,-0.0068,0.04485,spy_options_2011.parquet,497780
SPY,2011-10-31,2011-10-31T16:00:00-04:00,125.4,2012-03-30,151.0,0.4136986301369863,146.0,put,22.21,22.64,25.19,0,,0.15626,-0.93171,0.0089,0.09102,-0.01363,-0.57977,spy_options_2011.parquet,497780
SPY,2011-10-31,2011-10-31T16:00:00-04:00,125.4,2012-03-30,151.0,0.4136986301369863,147.0,call,0.48,0.54,0.46,0,,0.18174,0.07977,0.01015,0.1202,-0.0063,0.03962,spy_options_2011.parquet,497781
SPY,2011-10-31,2011-10-31T16:00:00-04:00,125.4,2012-03-30,151.0,0.4136986301369863,147.0,put,23.14,23.54,34.3,0,,0.15023,-0.9452,0.00746,0.07285,-0.01362,-0.59084,spy_options_2011.parquet,497781
SPY,2011-10-31,2011-10-31T16:00:00-04:00,125.4,2012-03-30,151.0,0.4136986301369863,148.0,call,0.39,0.46,0.54,6,,0.18018,0.06952,0.00918,0.10821,-0.00516,0.0338,spy_options_2011.parquet,497782
SPY,2011-10-31,2011-10-31T16:00:00-04:00,125.4,2012-03-30,151.0,0.4136986301369863,148.0,put,24.03,24.45,27.02,0,,0.13813,-0.96274,0.00525,0.04761,-0.01225,-0.60345,spy_options_2011.parquet,497782
SPY,2011-10-31,2011-10-31T16:00:00-04:00,125.4,2012-03-30,151.0,0.4136986301369863,149.0,call,0.33,0.39,0.42,0,,0.17771,0.06002,0.00825,0.09665,-0.0047,0.02919,spy_options_2011.parquet,497783
SPY,2011-10-31,2011-10-31T16:00:00-04:00,125.4,2012-03-30,151.0,0.4136986301369863,149.0,put,24.95,25.46,0.0,,,0.13588,-0.9688,0.00423,0.03709,-0.0111,-0.61068,spy_options_2011.parquet,497783
SPY,2011-10-31,2011-10-31T16:00:00-04:00,125.4,2012-03-30,151.0,0.4136986301369863,150.0,call,0.25,0.34,0.21,0,,0.17677,0.05106,0.00738,0.08605,-0.00425,0.02577,spy_options_2011.parquet,497784
SPY,2011-10-31,2011-10-31T16:00:00-04:00,125.4,2012-03-30,151.0,0.4136986301369863,150.0,put,25.92,26.36,37.9,0,,0.09949,-0.9863,0.00069,0.00415,-0.01028,-0.62315,spy_options_2011.parquet,497784
SPY,2011-10-31,2011-10-31T16:00:00-04:00,125.4,2012-03-30,151.0,0.4136986301369863,151.0,call,0.21,0.29,0.15,0,,0.17522,0.04446,0.00664,0.0766,-0.00389,0.02243,spy_options_2011.parquet,497785
SPY,2011-10-31,2011-10-31T16:00:00-04:00,125.4,2012-03-30,151.0,0.4136986301369863,151.0,put,26.85,27.3,0.0,,,0.00015,-1.0,0.0,-265.99978,0.0,0.0,spy_options_2011.parquet,497785
SPY,2011-10-31,2011-10-31T16:00:00-04:00,125.4,2012-03-30,151.0,0.4136986301369863,152.0,call,0.17,0.25,0.2,0,,0.17424,0.03861,0.00591,0.06793,-0.0038,0.0191,spy_options_2011.parquet,497786
SPY,2011-10-31,2011-10-31T16:00:00-04:00,125.4,2012-03-30,151.0,0.4136986301369863,152.0,put,27.82,28.26,31.61,0,,-0.00028,-1.0,0.0,-276.00003,0.0,0.0,spy_options_2011.parquet,497786
SPY,2011-10-31,2011-10-31T16:00:00-04:00,125.4,2012-03-30,151.0,0.4136986301369863,153.0,call,0.13,0.21,0.0,,,0.17291,0.03212,0.00522,0.05941,-0.00316,0.01617,spy_options_2011.parquet,497787
SPY,2011-10-31,2011-10-31T16:00:00-04:00,125.4,2012-03-30,151.0,0.4136986301369863,153.0,put,28.77,29.22,40.67,0,,0.00058,-1.0,0.0,-286.00046,0.0,0.0,spy_options_2011.parquet,497787
SPY,2011-10-31,2011-10-31T16:00:00-04:00,125.4,2012-03-30,151.0,0.4136986301369863,154.0,call,0.09,0.19,0.0,,,0.17172,0.02711,0.00454,0.05182,-0.00308,0.01362,spy_options_2011.parquet,497788
SPY,2011-10-31,2011-10-31T16:00:00-04:00,125.4,2012-03-30,151.0,0.4136986301369863,154.0,put,29.76,30.19,0.0,,,0.0,-1.0,0.0,-295.99961,0.0,0.0,spy_options_2011.parquet,497788
SPY,2011-10-31,2011-10-31T16:00:00-04:00,125.4,2012-03-30,151.0,0.4136986301369863,155.0,call,0.09,0.15,0.15,0,,0.16993,0.02349,0.00395,0.04532,-0.00183,0.01121,spy_options_2011.parquet,497789
SPY,2011-10-31,2011-10-31T16:00:00-04:00,125.4,2012-03-30,151.0,0.4136986301369863,155.0,put,30.72,31.16,31.44,0,,-0.0002,-1.0,0.0,-305.9999,0.0,0.0,spy_options_2011.parquet,497789
SPY,2011-10-31,2011-10-31T16:00:00-04:00,125.4,2012-03-30,151.0,0.4136986301369863,156.0,call,0.06,0.13,0.0,,,0.16907,0.0195,0.00353,0.03889,-0.00152,0.01025,spy_options_2011.parquet,497790
SPY,2011-10-31,2011-10-31T16:00:00-04:00,125.4,2012-03-30,151.0,0.4136986301369863,156.0,put,31.69,32.14,33.01,0,,0.00043,-1.0,0.0,-315.99994,0.0,0.0,spy_options_2011.parquet,497790
SPY,2011-10-31,2011-10-31T16:00:00-04:00,125.4,2012-03-30,151.0,0.4136986301369863,157.0,call,0.04,0.12,0.0,,,0.16801,0.01629,0.00293,0.03271,-0.00199,0.00788,spy_options_2011.parquet,497791
SPY,2011-10-31,2011-10-31T16:00:00-04:00,125.4,2012-03-30,151.0,0.4136986301369863,157.0,put,32.68,33.12,42.37,0,,7e-05,-1.0,0.0,-326.0003,0.0,0.0,spy_options_2011.parquet,497791
SPY,2011-10-31,2011-10-31T16:00:00-04:00,125.4,2012-03-30,151.0,0.4136986301369863,158.0,call,0.03,0.09,0.0,,,0.16604,0.01356,0.0025,0.02746,-0.00185,0.00617,spy_options_2011.parquet,497792
SPY,2011-10-31,2011-10-31T16:00:00-04:00,125.4,2012-03-30,151.0,0.4136986301369863,158.0,put,33.68,34.1,43.79,0,,5e-05,-1.0,0.0,-336.00045,0.0,0.0,spy_options_2011.parquet,497792
SPY,2011-10-31,2011-10-31T16:00:00-04:00,125.4,2012-03-30,151.0,0.4136986301369863,159.0,call,0.01,0.09,0.0,,,0.16641,0.01129,0.00218,0.02381,-0.00157,0.00597,spy_options_2011.parquet,497793
SPY,2011-10-31,2011-10-31T16:00:00-04:00,125.4,2012-03-30,151.0,0.4136986301369863,159.0,put,34.66,35.09,44.35,0,,-0.00027,-1.0,0.0,-346.00037,0.0,0.0,spy_options_2011.parquet,497793
SPY,2011-10-31,2011-10-31T16:00:00-04:00,125.4,2012-03-30,151.0,0.4136986301369863,160.0,call,0.0,0.09,0.31,0,,0.16503,0.00943,0.00188,0.02077,-0.0011,0.00517,spy_options_2011.parquet,497794
SPY,2011-10-31,2011-10-31T16:00:00-04:00,125.4,2012-03-30,151.0,0.4136986301369863,160.0,put,35.66,36.09,37.09,0,,0.00067,-1.0,0.0,-355.99988,0.0,0.0,spy_options_2011.parquet,497794
SPY,2011-10-31,2011-10-31T16:00:00-04:00,125.4,2012-03-30,151.0,0.4136986301369863,161.0,call,0.0,0.07,0.0,,,0.16618,0.00831,0.00166,0.01874,-0.00129,0.00448,spy_options_2011.parquet,497795
SPY,2011-10-31,2011-10-31T16:00:00-04:00,125.4,2012-03-30,151.0,0.4136986301369863,161.0,put,36.65,37.07,36.77,0,,0.00057,-1.0,0.0,-366.00007,0.0,0.0,spy_options_2011.parquet,497795
SPY,2011-10-31,2011-10-31T16:00:00-04:00,125.4,2012-03-30,151.0,0.4136986301369863,162.0,call,0.0,0.05,0.0,,,0.16624,0.00706,0.00149,0.01648,-0.00034,0.00324,spy_options_2011.parquet,497796
SPY,2011-10-31,2011-10-31T16:00:00-04:00,125.4,2012-03-30,151.0,0.4136986301369863,162.0,put,37.65,38.06,41.56,0,,0.00019,-1.0,0.0,-375.99989,0.0,0.0,spy_options_2011.parquet,497796
SPY,2011-10-31,2011-10-31T16:00:00-04:00,125.4,2012-03-30,151.0,0.4136986301369863,163.0,call,0.0,0.05,0.0,,,0.16632,0.00634,0.00131,0.01376,-0.00027,0.00274,spy_options_2011.parquet,497797
SPY,2011-10-31,2011-10-31T16:00:00-04:00,125.4,2012-03-30,151.0,0.4136986301369863,163.0,put,38.6,39.03,42.55,0,,0.00019,-1.0,0.0,-386.00031,0.0,0.0,spy_options_2011.parquet,497797
SPY,2011-10-31,2011-10-31T16:00:00-04:00,125.4,2012-03-30,151.0,0.4136986301369863,164.0,call,0.0,0.04,0.0,,,0.16924,0.00556,0.0012,0.01361,-0.00043,0.00299,spy_options_2011.parquet,497798
SPY,2011-10-31,2011-10-31T16:00:00-04:00,125.4,2012-03-30,151.0,0.4136986301369863,164.0,put,39.63,40.05,43.53,0,,0.00057,-1.0,0.0,-395.99964,0.0,0.0,spy_options_2011.parquet,497798
SPY,2011-10-31,2011-10-31T16:00:00-04:00,125.4,2012-03-30,151.0,0.4136986301369863,165.0,call,0.0,0.03,0.13,0,,0.16861,0.00439,0.00106,0.01201,-0.00034,0.00287,spy_options_2011.parquet,497799
SPY,2011-10-31,2011-10-31T16:00:00-04:00,125.4,2012-03-30,151.0,0.4136986301369863,165.0,put,40.59,41.02,44.52,0,,-0.00017,-1.0,0.0,-406.00038,0.0,0.0,spy_options_2011.parquet,497799
SPY,2011-10-31,2011-10-31T16:00:00-04:00,125.4,2012-03-30,151.0,0.4136986301369863,166.0,call,0.0,0.04,0.0,,,0.17185,0.00454,0.00098,0.01159,-0.00011,0.00261,spy_options_2011.parquet,497800
SPY,2011-10-31,2011-10-31T16:00:00-04:00,125.4,2012-03-30,151.0,0.4136986301369863,166.0,put,41.66,42.03,45.51,0,,2e-05,-1.0,0.0,-415.99954,0.0,0.0,spy_options_2011.parquet,497800
SPY,2011-10-31,2011-10-31T16:00:00-04:00,125.4,2012-03-30,151.0,0.4136986301369863,167.0,call,0.0,0.04,0.0,,,0.17475,0.00516,0.00097,0.0109,-0.00046,0.00243,spy_options_2011.parquet,497801
SPY,2011-10-31,2011-10-31T16:00:00-04:00,125.4,2012-03-30,151.0,0.4136986301369863,167.0,put,42.57,43.01,46.5,0,,0.00026,-1.0,0.0,-426.00032,0.0,0.0,spy_options_2011.parquet,497801
SPY,2011-10-31,2011-10-31T16:00:00-04:00,125.4,2012-03-30,151.0,0.4136986301369863,168.0,call,0.0,0.04,0.0,,,0.17742,0.00458,0.00097,0.01103,-0.0008,0.00264,spy_options_2011.parquet,497802
SPY,2011-10-31,2011-10-31T16:00:00-04:00,125.4,2012-03-30,151.0,0.4136986301369863,168.0,put,43.58,44.01,47.5,0,,0.00055,-1.0,0.0,-436.00015,0.0,0.0,spy_options_2011.parquet,497802
SPY,2011-10-31,2011-10-31T16:00:00-04:00,125.4,2012-03-30,151.0,0.4136986301369863,169.0,call,0.0,0.05,0.0,,,0.1814,0.0045,0.00096,0.01075,-0.00018,0.00203,spy_options_2011.parquet,497803
SPY,2011-10-31,2011-10-31T16:00:00-04:00,125.4,2012-03-30,151.0,0.4136986301369863,169.0,put,44.61,45.01,55.97,0,,0.00058,-1.0,0.0,-446.00047,0.0,0.0,spy_options_2011.parquet,497803
SPY,2011-10-31,2011-10-31T16:00:00-04:00,125.4,2012-03-30,151.0,0.4136986301369863,170.0,call,0.0,0.04,0.06,0,,0.18447,0.00403,0.00083,0.0108,-0.00036,0.00255,spy_options_2011.parquet,497804
SPY,2011-10-31,2011-10-31T16:00:00-04:00,125.4,2012-03-30,151.0,0.4136986301369863,170.0,put,45.58,45.99,49.29,0,,0.00029,-1.0,0.0,-456.0005,0.0,0.0,spy_options_2011.parquet,497804
SPY,2011-10-31,2011-10-31T16:00:00-04:00,125.4,2012-03-30,151.0,0.4136986301369863,85.0,call,40.73,41.1,42.43,0,,0.47248,0.91318,0.00329,0.10129,-0.01233,0.09413,spy_options_2011.parquet,497726
SPY,2011-10-31,2011-10-31T16:00:00-04:00,125.4,2012-03-30,151.0,0.4136986301369863,85.0,put,0.95,1.02,1.79,0,,0.41478,-0.06115,0.00355,0.09666,-0.01334,-0.03531,spy_options_2011.parquet,497726
SPY,2011-10-31,2011-10-31T16:00:00-04:00,125.4,2012-03-30,151.0,0.4136986301369863,90.0,call,35.98,36.33,37.64,0,,0.43183,0.90397,0.00461,0.11805,-0.01352,0.12611,spy_options_2011.parquet,497727
SPY,2011-10-31,2011-10-31T16:00:00-04:00,125.4,2012-03-30,151.0,0.4136986301369863,90.0,put,1.29,1.37,1.12,100,,0.39308,-0.08168,0.00469,0.12212,-0.01616,-0.04835,spy_options_2011.parquet,497727
SPY,2011-10-31,2011-10-31T16:00:00-04:00,125.4,2012-03-30,151.0,0.4136986301369863,94.0,call,32.23,32.61,25.51,0,,0.40503,0.8888,0.00599,0.13716,-0.01459,0.1528,spy_options_2011.parquet,497728
SPY,2011-10-31,2011-10-31T16:00:00-04:00,125.4,2012-03-30,151.0,0.4136986301369863,94.0,put,1.59,1.72,2.65,0,,0.37556,-0.10267,0.00586,0.14424,-0.01921,-0.06009,spy_options_2011.parquet,497728
SPY,2011-10-31,2011-10-31T16:00:00-04:00,125.4,2012-03-30,151.0,0.4136986301369863,95.0,call,31.32,31.67,32.99,0,,0.39998,0.88445,0.00632,0.14291,-0.01466,0.15981,spy_options_2011.parquet,497729
SPY,2011-10-31,2011-10-31T16:00:00-04:00,125.4,2012-03-30,151.0,0.4136986301369863,95.0,put,1.72,1.8,1.38,0,,0.37184,-0.10913,0.00616,0.15,-0.01963,-0.06444,spy_options_2011.parquet,497729
SPY,2011-10-31,2011-10-31T16:00:00-04:00,125.4,2012-03-30,151.0,0.4136986301369863,96.0,call,30.39,30.75,32.05,0,,0.39357,0.87945,0.00672,0.14807,-0.01444,0.16591,spy_options_2011.parquet,497730
SPY,2011-10-31,2011-10-31T16:00:00-04:00,125.4,2012-03-30,151.0,0.4136986301369863,96.0,put,1.78,1.92,3.1,0,,0.3673,-0.11472,0.00646,0.15671,-0.02023,-0.06784,spy_options_2011.parquet,497730
SPY,2011-10-31,2011-10-31T16:00:00-04:00,125.4,2012-03-30,151.0,0.4136986301369863,97.0,call,29.49,29.84,31.13,0,,0.38778,0.8735,0.00708,0.15443,-0.01536,0.17223,spy_options_2011.parquet,497731
SPY,2011-10-31,2011-10-31T16:00:00-04:00,125.4,2012-03-30,151.0,0.4136986301369863,97.0,put,1.89,2.01,2.73,0,,0.36271,-0.12103,0.00687,0.16226,-0.02012,-0.07154,spy_options_2011.parquet,497731
SPY,2011-10-31,2011-10-31T16:00:00-04:00,125.4,2012-03-30,151.0,0.4136986301369863,98.0,call,28.56,28.93,24.41,0,,0.38205,0.86788,0.00745,0.16087,-0.01604,0.17807,spy_options_2011.parquet,497732
SPY,2011-10-31,2011-10-31T16:00:00-04:00,125.4,2012-03-30,151.0,0.4136986301369863,98.0,put,2.01,2.12,1.87,0,,0.35839,-0.12829,0.00724,0.1692,-0.02143,-0.07496,spy_options_2011.parquet,497732
SPY,2011-10-31,2011-10-31T16:00:00-04:00,125.4,2012-03-30,151.0,0.4136986301369863,99.0,call,27.67,28.04,17.88,0,,0.37711,0.86121,0.00788,0.16736,-0.0163,0.18483,spy_options_2011.parquet,497733
SPY,2011-10-31,2011-10-31T16:00:00-04:00,125.4,2012-03-30,151.0,0.4136986301369863,99.0,put,2.12,2.24,1.99,0,,0.35491,-0.1355,0.00759,0.17558,-0.02179,-0.07952,spy_options_2011.parquet,497733
