underlying_symbol,quote_date,valuation_timestamp,underlying_price,expiration,vendor_dte,time_to_maturity,strike,option_type,bid,ask,last,volume,open_interest,vendor_iv,vendor_delta,vendor_gamma,vendor_vega,vendor_theta,vendor_rho,source_file,source_row
SPY,2016-12-02,2016-12-02T16:00:00-05:00,219.7,2016-12-09,7.0,0.019178082191780823,175.0,call,44.52,44.74,0.0,,,,1.0,0.0,0.0,0.0,0.0388,spy_options_2016.parquet,2660695
SPY,2016-12-02,2016-12-02T16:00:00-05:00,219.7,2016-12-09,7.0,0.019178082191780823,175.0,put,0.0,0.01,0.01,1,,0.50644,-0.00111,0.00025,0.00151,-0.00282,-0.00018,spy_options_2016.parquet,2660695
SPY,2016-12-02,2016-12-02T16:00:00-05:00,219.7,2016-12-09,7.0,0.019178082191780823,180.0,call,39.54,39.77,0.0,,,,1.0,0.0,0.0,-0.00016,0.03962,spy_options_2016.parquet,2660696
SPY,2016-12-02,2016-12-02T16:00:00-05:00,219.7,2016-12-09,7.0,0.019178082191780823,180.0,put,0.0,0.01,0.01,310,,0.44834,-0.00135,0.00025,0.00156,-0.0028,-0.00018,spy_options_2016.parquet,2660696
SPY,2016-12-02,2016-12-02T16:00:00-05:00,219.7,2016-12-09,7.0,0.019178082191780823,185.0,call,34.56,34.77,0.0,,,,1.0,0.0,0.0,0.0,0.04026,spy_options_2016.parquet,2660697
SPY,2016-12-02,2016-12-02T16:00:00-05:00,219.7,2016-12-09,7.0,0.019178082191780823,185.0,put,0.01,0.01,0.01,400,,0.43488,-0.00309,0.00068,0.00351,-0.0076,0.0,spy_options_2016.parquet,2660697
SPY,2016-12-02,2016-12-02T16:00:00-05:00,219.7,2016-12-09,7.0,0.019178082191780823,190.0,call,29.49,29.7,0.0,,,,1.0,0.0,0.0,0.0,0.04136,spy_options_2016.parquet,2660698
SPY,2016-12-02,2016-12-02T16:00:00-05:00,219.7,2016-12-09,7.0,0.019178082191780823,190.0,put,0.01,0.03,0.02,,,0.37342,-0.0044,0.00096,0.00393,-0.00774,-4e-05,spy_options_2016.parquet,2660698
SPY,2016-12-02,2016-12-02T16:00:00-05:00,219.7,2016-12-09,7.0,0.019178082191780823,195.0,call,24.55,24.78,24.92,10,,-0.00048,1.0,0.0,0.0,0.0,0.04287,spy_options_2016.parquet,2660699
SPY,2016-12-02,2016-12-02T16:00:00-05:00,219.7,2016-12-09,7.0,0.019178082191780823,195.0,put,0.02,0.03,0.03,,,0.33089,-0.00688,0.00176,0.00592,-0.01134,-0.00061,spy_options_2016.parquet,2660699
SPY,2016-12-02,2016-12-02T16:00:00-05:00,219.7,2016-12-09,7.0,0.019178082191780823,195.5,call,24.02,24.22,0.0,,,,1.0,0.0,0.0,-0.00023,0.0427,spy_options_2016.parquet,2660700
SPY,2016-12-02,2016-12-02T16:00:00-05:00,219.7,2016-12-09,7.0,0.019178082191780823,195.5,put,0.02,0.04,0.02,432,,0.32502,-0.00674,0.00192,0.00651,-0.01098,-0.00084,spy_options_2016.parquet,2660700
SPY,2016-12-02,2016-12-02T16:00:00-05:00,219.7,2016-12-09,7.0,0.019178082191780823,196.0,call,23.5,23.72,0.0,,,,1.0,0.0,0.0,0.0,0.04291,spy_options_2016.parquet,2660701
SPY,2016-12-02,2016-12-02T16:00:00-05:00,219.7,2016-12-09,7.0,0.019178082191780823,196.0,put,0.02,0.03,0.03,444,,0.31923,-0.00727,0.00195,0.0063,-0.01132,-0.00014,spy_options_2016.parquet,2660701
SPY,2016-12-02,2016-12-02T16:00:00-05:00,219.7,2016-12-09,7.0,0.019178082191780823,196.5,call,23.07,23.29,23.37,1,,0.26285,0.99827,0.0007,0.00236,-0.00244,0.04256,spy_options_2016.parquet,2660702
SPY,2016-12-02,2016-12-02T16:00:00-05:00,219.7,2016-12-09,7.0,0.019178082191780823,196.5,put,0.03,0.02,0.02,427,,0.31186,-0.00696,0.00197,0.00658,-0.01139,0.0,spy_options_2016.parquet,2660702
SPY,2016-12-02,2016-12-02T16:00:00-05:00,219.7,2016-12-09,7.0,0.019178082191780823,197.0,call,22.52,22.72,0.0,,,,1.0,0.0,0.0,0.0,0.04318,spy_options_2016.parquet,2660703
SPY,2016-12-02,2016-12-02T16:00:00-05:00,219.7,2016-12-09,7.0,0.019178082191780823,197.0,put,0.03,0.04,0.03,453,,0.31841,-0.00989,0.0025,0.00911,-0.01496,-0.00082,spy_options_2016.parquet,2660703
SPY,2016-12-02,2016-12-02T16:00:00-05:00,219.7,2016-12-09,7.0,0.019178082191780823,197.5,call,22.06,22.3,0.0,,,0.26922,0.99639,0.00121,0.00304,-0.00503,0.04305,spy_options_2016.parquet,2660704
SPY,2016-12-02,2016-12-02T16:00:00-05:00,219.7,2016-12-09,7.0,0.019178082191780823,197.5,put,0.03,0.05,0.03,438,,0.31265,-0.00984,0.00269,0.00867,-0.01485,-0.00014,spy_options_2016.parquet,2660704
SPY,2016-12-02,2016-12-02T16:00:00-05:00,219.7,2016-12-09,7.0,0.019178082191780823,198.0,call,21.5,21.73,0.0,,,,1.0,0.0,0.0,0.0,0.04304,spy_options_2016.parquet,2660705
SPY,2016-12-02,2016-12-02T16:00:00-05:00,219.7,2016-12-09,7.0,0.019178082191780823,198.0,put,0.03,0.03,0.03,,,0.30529,-0.01048,0.00272,0.00879,-0.01417,-0.00074,spy_options_2016.parquet,2660705
SPY,2016-12-02,2016-12-02T16:00:00-05:00,219.7,2016-12-09,7.0,0.019178082191780823,198.5,call,21.01,21.22,0.0,,,,1.0,0.0,0.0,0.0,0.04315,spy_options_2016.parquet,2660706
SPY,2016-12-02,2016-12-02T16:00:00-05:00,219.7,2016-12-09,7.0,0.019178082191780823,198.5,put,0.03,0.04,0.03,677,,0.29865,-0.00998,0.00287,0.00877,-0.01453,-0.00091,spy_options_2016.parquet,2660706
SPY,2016-12-02,2016-12-02T16:00:00-05:00,219.7,2016-12-09,7.0,0.019178082191780823,199.0,call,20.51,20.71,0.0,,,,1.0,0.0,0.0,-0.00051,0.04374,spy_options_2016.parquet,2660707
SPY,2016-12-02,2016-12-02T16:00:00-05:00,219.7,2016-12-09,7.0,0.019178082191780823,199.0,put,0.02,0.04,0.04,,,0.29215,-0.01102,0.00294,0.00947,-0.01409,-0.00058,spy_options_2016.parquet,2660707
SPY,2016-12-02,2016-12-02T16:00:00-05:00,219.7,2016-12-09,7.0,0.019178082191780823,199.5,call,20.02,20.21,0.0,,,,1.0,0.0,0.0,0.0,0.04388,spy_options_2016.parquet,2660708
SPY,2016-12-02,2016-12-02T16:00:00-05:00,219.7,2016-12-09,7.0,0.019178082191780823,199.5,put,0.03,0.03,0.03,,,0.28538,-0.01028,0.00302,0.00895,-0.01408,-0.00036,spy_options_2016.parquet,2660708
SPY,2016-12-02,2016-12-02T16:00:00-05:00,219.7,2016-12-09,7.0,0.019178082191780823,200.0,call,19.53,19.72,19.43,0,,,1.0,0.0,0.0,0.0,0.04332,spy_options_2016.parquet,2660709
SPY,2016-12-02,2016-12-02T16:00:00-05:00,219.7,2016-12-09,7.0,0.019178082191780823,200.0,put,0.03,0.04,0.04,,,0.27935,-0.01129,0.00324,0.01004,-0.01411,-0.00065,spy_options_2016.parquet,2660709
SPY,2016-12-02,2016-12-02T16:00:00-05:00,219.7,2016-12-09,7.0,0.019178082191780823,200.5,call,19.08,19.28,0.0,,,0.23399,0.9959,0.00153,0.00408,-0.00421,0.04372,spy_options_2016.parquet,2660710
SPY,2016-12-02,2016-12-02T16:00:00-05:00,219.7,2016-12-09,7.0,0.019178082191780823,200.5,put,0.03,0.05,0.04,804,,0.28255,-0.01375,0.00386,0.01178,-0.01733,-0.0005,spy_options_2016.parquet,2660710
SPY,2016-12-02,2016-12-02T16:00:00-05:00,219.7,2016-12-09,7.0,0.019178082191780823,201.0,call,18.55,18.76,0.0,,,,1.0,0.0,0.0,-0.00036,0.04373,spy_options_2016.parquet,2660711
SPY,2016-12-02,2016-12-02T16:00:00-05:00,219.7,2016-12-09,7.0,0.019178082191780823,201.0,put,0.04,0.05,0.04,577,,0.27581,-0.01359,0.00399,0.01189,-0.01793,-0.00055,spy_options_2016.parquet,2660711
SPY,2016-12-02,2016-12-02T16:00:00-05:00,219.7,2016-12-09,7.0,0.019178082191780823,201.5,call,18.07,18.25,0.0,,,,1.0,0.0,0.0,0.0,0.04368,spy_options_2016.parquet,2660712
SPY,2016-12-02,2016-12-02T16:00:00-05:00,219.7,2016-12-09,7.0,0.019178082191780823,201.5,put,0.04,0.06,0.04,,,0.26937,-0.01421,0.00422,0.01231,-0.01782,-0.00053,spy_options_2016.parquet,2660712
SPY,2016-12-02,2016-12-02T16:00:00-05:00,219.7,2016-12-09,7.0,0.019178082191780823,202.0,call,17.51,17.73,17.34,1,,,1.0,0.0,0.0,0.0,0.04396,spy_options_2016.parquet,2660713
SPY,2016-12-02,2016-12-02T16:00:00-05:00,219.7,2016-12-09,7.0,0.019178082191780823,202.0,put,0.04,0.04,0.04,594,,0.26221,-0.01438,0.00438,0.01226,-0.01796,-0.00051,spy_options_2016.parquet,2660713
SPY,2016-12-02,2016-12-02T16:00:00-05:00,219.7,2016-12-09,7.0,0.019178082191780823,202.5,call,17.07,17.3,0.0,,,0.21087,0.99576,0.00188,0.00377,-0.00416,0.04387,spy_options_2016.parquet,2660714
SPY,2016-12-02,2016-12-02T16:00:00-05:00,219.7,2016-12-09,7.0,0.019178082191780823,202.5,put,0.05,0.05,0.05,807,,0.25612,-0.01522,0.00453,0.01253,-0.01784,-0.00113,spy_options_2016.parquet,2660714
SPY,2016-12-02,2016-12-02T16:00:00-05:00,219.7,2016-12-09,7.0,0.019178082191780823,203.0,call,16.6,16.77,0.0,,,0.20538,0.99595,0.00198,0.00471,-0.00454,0.04415,spy_options_2016.parquet,2660715
SPY,2016-12-02,2016-12-02T16:00:00-05:00,219.7,2016-12-09,7.0,0.019178082191780823,203.0,put,0.05,0.06,0.05,873,,0.25643,-0.01808,0.00532,0.01488,-0.02091,-0.00114,spy_options_2016.parquet,2660715
SPY,2016-12-02,2016-12-02T16:00:00-05:00,219.7,2016-12-09,7.0,0.019178082191780823,203.5,call,16.04,16.25,0.0,,,,1.0,0.0,0.0,-0.00037,0.04501,spy_options_2016.parquet,2660716
SPY,2016-12-02,2016-12-02T16:00:00-05:00,219.7,2016-12-09,7.0,0.019178082191780823,203.5,put,0.04,0.07,0.06,607,,0.24926,-0.01811,0.00559,0.01517,-0.02086,-0.00105,spy_options_2016.parquet,2660716
SPY,2016-12-02,2016-12-02T16:00:00-05:00,219.7,2016-12-09,7.0,0.019178082191780823,204.0,call,15.53,15.74,15.54,1,,,1.0,0.0,0.0,-0.00051,0.04508,spy_options_2016.parquet,2660717
SPY,2016-12-02,2016-12-02T16:00:00-05:00,219.7,2016-12-09,7.0,0.019178082191780823,204.0,put,0.05,0.06,0.05,421,,0.24253,-0.01867,0.00584,0.01558,-0.02,-0.00106,spy_options_2016.parquet,2660717
SPY,2016-12-02,2016-12-02T16:00:00-05:00,219.7,2016-12-09,7.0,0.019178082191780823,204.5,call,15.06,15.25,0.0,,,,1.0,0.0,0.0,-0.00028,0.04438,spy_options_2016.parquet,2660718
SPY,2016-12-02,2016-12-02T16:00:00-05:00,219.7,2016-12-09,7.0,0.019178082191780823,204.5,put,0.05,0.06,0.06,566,,0.23614,-0.01902,0.00618,0.0155,-0.02029,-0.00051,spy_options_2016.parquet,2660718
SPY,2016-12-02,2016-12-02T16:00:00-05:00,219.7,2016-12-09,7.0,0.019178082191780823,205.0,call,14.61,14.81,0.0,,,0.21398,0.98555,0.00513,0.01202,-0.01421,0.04399,spy_options_2016.parquet,2660719
SPY,2016-12-02,2016-12-02T16:00:00-05:00,219.7,2016-12-09,7.0,0.019178082191780823,205.0,put,0.06,0.06,0.07,,,0.23499,-0.02272,0.00697,0.0173,-0.02281,-0.00084,spy_options_2016.parquet,2660719
SPY,2016-12-02,2016-12-02T16:00:00-05:00,219.7,2016-12-09,7.0,0.019178082191780823,205.5,call,14.08,14.25,0.0,,,,1.0,0.0,0.0,0.0,0.04472,spy_options_2016.parquet,2660720
SPY,2016-12-02,2016-12-02T16:00:00-05:00,219.7,2016-12-09,7.0,0.019178082191780823,205.5,put,0.06,0.07,0.06,591,,0.22786,-0.02283,0.00737,0.01801,-0.02298,-0.00125,spy_options_2016.parquet,2660720
SPY,2016-12-02,2016-12-02T16:00:00-05:00,219.7,2016-12-09,7.0,0.019178082191780823,206.0,call,13.56,13.75,0.0,,,,1.0,0.0,0.0,-0.00014,0.04551,spy_options_2016.parquet,2660721
SPY,2016-12-02,2016-12-02T16:00:00-05:00,219.7,2016-12-09,7.0,0.019178082191780823,206.0,put,0.06,0.07,0.07,,,0.22126,-0.02409,0.00779,0.01823,-0.02272,-0.00103,spy_options_2016.parquet,2660721
SPY,2016-12-02,2016-12-02T16:00:00-05:00,219.7,2016-12-09,7.0,0.019178082191780823,206.5,call,13.09,13.32,0.0,,,0.19034,0.98635,0.00561,0.01095,-0.01214,0.04457,spy_options_2016.parquet,2660722
SPY,2016-12-02,2016-12-02T16:00:00-05:00,219.7,2016-12-09,7.0,0.019178082191780823,206.5,put,0.06,0.08,0.07,531,,0.2192,-0.02704,0.00884,0.02052,-0.02567,-0.00161,spy_options_2016.parquet,2660722
SPY,2016-12-02,2016-12-02T16:00:00-05:00,219.7,2016-12-09,7.0,0.019178082191780823,207.0,call,12.57,12.76,12.85,2,,-7e-05,1.0,0.0,0.0,0.0,0.04576,spy_options_2016.parquet,2660723
SPY,2016-12-02,2016-12-02T16:00:00-05:00,219.7,2016-12-09,7.0,0.019178082191780823,207.0,put,0.07,0.08,0.08,499,,0.21181,-0.02802,0.00936,0.02148,-0.02568,-0.00184,spy_options_2016.parquet,2660723
SPY,2016-12-02,2016-12-02T16:00:00-05:00,219.7,2016-12-09,7.0,0.019178082191780823,207.5,call,12.12,12.32,0.0,,,0.18504,0.98253,0.00731,0.01458,-0.01512,0.04409,spy_options_2016.parquet,2660724
SPY,2016-12-02,2016-12-02T16:00:00-05:00,219.7,2016-12-09,7.0,0.019178082191780823,207.5,put,0.07,0.08,0.08,,,0.20464,-0.02895,0.00994,0.02197,-0.02563,-0.00177,spy_options_2016.parquet,2660724
SPY,2016-12-02,2016-12-02T16:00:00-05:00,219.7,2016-12-09,7.0,0.019178082191780823,208.0,call,11.65,11.84,0.0,,,0.19489,0.97184,0.01017,0.02107,-0.02383,0.04467,spy_options_2016.parquet,2660725
SPY,2016-12-02,2016-12-02T16:00:00-05:00,219.7,2016-12-09,7.0,0.019178082191780823,208.0,put,0.09,0.08,0.08,,,0.20202,-0.03309,0.01112,0.02361,-0.02802,-0.00152,spy_options_2016.parquet,2660725
SPY,2016-12-02,2016-12-02T16:00:00-05:00,219.7,2016-12-09,7.0,0.019178082191780823,208.5,call,11.09,11.26,11.58,5,,0.14237,0.99358,0.00392,0.00595,-0.00485,0.04553,spy_options_2016.parquet,2660726
SPY,2016-12-02,2016-12-02T16:00:00-05:00,219.7,2016-12-09,7.0,0.019178082191780823,208.5,put,0.08,0.09,0.09,429,,0.19415,-0.03334,0.01189,0.02478,-0.02737,-0.00123,spy_options_2016.parquet,2660726
SPY,2016-12-02,2016-12-02T16:00:00-05:00,219.7,2016-12-09,7.0,0.019178082191780823,209.0,call,10.59,10.78,11.0,4,,0.14343,0.99098,0.00539,0.00806,-0.006,0.0457,spy_options_2016.parquet,2660727
SPY,2016-12-02,2016-12-02T16:00:00-05:00,219.7,2016-12-09,7.0,0.019178082191780823,209.0,put,0.08,0.09,0.09,652,,0.18717,-0.03463,0.01268,0.02536,-0.02753,-0.00188,spy_options_2016.parquet,2660727
SPY,2016-12-02,2016-12-02T16:00:00-05:00,219.7,2016-12-09,7.0,0.019178082191780823,209.5,call,10.11,10.28,0.0,,,0.14306,0.98823,0.00677,0.01069,-0.00763,0.04518,spy_options_2016.parquet,2660728
SPY,2016-12-02,2016-12-02T16:00:00-05:00,219.7,2016-12-09,7.0,0.019178082191780823,209.5,put,0.09,0.1,0.09,,,0.18339,-0.03913,0.01424,0.02808,-0.02974,-0.00176,spy_options_2016.parquet,2660728
SPY,2016-12-02,2016-12-02T16:00:00-05:00,219.7,2016-12-09,7.0,0.019178082191780823,210.0,call,9.61,9.79,9.71,212,,0.14392,0.98254,0.00903,0.01331,-0.01142,0.04518,spy_options_2016.parquet,2660729
SPY,2016-12-02,2016-12-02T16:00:00-05:00,219.7,2016-12-09,7.0,0.019178082191780823,210.0,put,0.11,0.11,0.11,,,0.17897,-0.04327,0.01587,0.03025,-0.03176,-0.00238,spy_options_2016.parquet,2660729
SPY,2016-12-02,2016-12-02T16:00:00-05:00,219.7,2016-12-09,7.0,0.019178082191780823,210.5,call,9.17,9.33,9.29,0,,0.16413,0.9607,0.01575,0.0272,-0.02618,0.04386,spy_options_2016.parquet,2660730
SPY,2016-12-02,2016-12-02T16:00:00-05:00,219.7,2016-12-09,7.0,0.019178082191780823,210.5,put,0.11,0.12,0.12,605,,0.17513,-0.04826,0.01766,0.03299,-0.03399,-0.00276,spy_options_2016.parquet,2660730
SPY,2016-12-02,2016-12-02T16:00:00-05:00,219.7,2016-12-09,7.0,0.019178082191780823,211.0,call,8.64,8.79,9.0,200,,0.14306,0.97209,0.0137,0.02085,-0.01641,0.04505,spy_options_2016.parquet,2660731
SPY,2016-12-02,2016-12-02T16:00:00-05:00,219.7,2016-12-09,7.0,0.019178082191780823,211.0,put,0.12,0.13,0.12,,,0.16981,-0.0529,0.0196,0.0357,-0.03563,-0.00234,spy_options_2016.parquet,2660731
SPY,2016-12-02,2016-12-02T16:00:00-05:00,219.7,2016-12-09,7.0,0.019178082191780823,211.5,call,8.2,8.36,0.0,,,0.15697,0.94923,0.02032,0.03413,-0.03157,0.04342,spy_options_2016.parquet,2660732
SPY,2016-12-02,2016-12-02T16:00:00-05:00,219.7,2016-12-09,7.0,0.019178082191780823,211.5,put,0.12,0.14,0.14,,,0.16406,-0.05879,0.02175,0.03855,-0.03736,-0.00275,spy_options_2016.parquet,2660732
SPY,2016-12-02,2016-12-02T16:00:00-05:00,219.7,2016-12-09,7.0,0.019178082191780823,212.0,call,7.71,7.9,7.94,28,,0.15661,0.93916,0.02368,0.03962,-0.03617,0.04397,spy_options_2016.parquet,2660733
SPY,2016-12-02,2016-12-02T16:00:00-05:00,219.7,2016-12-09,7.0,0.019178082191780823,212.0,put,0.15,0.17,0.16,,,0.16116,-0.06653,0.02467,0.042,-0.04046,-0.00357,spy_options_2016.parquet,2660733
SPY,2016-12-02,2016-12-02T16:00:00-05:00,219.7,2016-12-09,7.0,0.019178082191780823,212.5,call,7.18,7.33,7.31,0,,0.13431,0.95361,0.0223,0.03128,-0.02516,0.04405,spy_options_2016.parquet,2660734
SPY,2016-12-02,2016-12-02T16:00:00-05:00,219.7,2016-12-09,7.0,0.019178082191780823,212.5,put,0.17,0.16,0.17,,,0.15554,-0.07324,0.02737,0.04545,-0.04192,-0.00338,spy_options_2016.parquet,2660734
SPY,2016-12-02,2016-12-02T16:00:00-05:00,219.7,2016-12-09,7.0,0.019178082191780823,213.0,call,6.72,6.85,7.05,9,,0.13497,0.93993,0.02724,0.039,-0.03108,0.04386,spy_options_2016.parquet,2660735
SPY,2016-12-02,2016-12-02T16:00:00-05:00,219.7,2016-12-09,7.0,0.019178082191780823,213.0,put,0.18,0.19,0.19,,,0.15071,-0.08253,0.03089,0.05002,-0.04545,-0.00383,spy_options_2016.parquet,2660735
SPY,2016-12-02,2016-12-02T16:00:00-05:00,219.7,2016-12-09,7.0,0.019178082191780823,213.5,call,6.23,6.39,6.18,21,,0.13147,0.92916,0.0315,0.04342,-0.03505,0.04374,spy_options_2016.parquet,2660736
SPY,2016-12-02,2016-12-02T16:00:00-05:00,219.7,2016-12-09,7.0,0.019178082191780823,213.5,put,0.21,0.22,0.22,,,0.14755,-0.09424,0.03509,0.05476,-0.04979,-0.00461,spy_options_2016.parquet,2660736
SPY,2016-12-02,2016-12-02T16:00:00-05:00,219.7,2016-12-09,7.0,0.019178082191780823,214.0,call,5.77,5.92,5.9,122,,0.13129,0.91176,0.0373,0.05214,-0.0414,0.04213,spy_options_2016.parquet,2660737
SPY,2016-12-02,2016-12-02T16:00:00-05:00,219.7,2016-12-09,7.0,0.019178082191780823,214.0,put,0.24,0.24,0.23,,,0.14445,-0.10793,0.03965,0.06051,-0.05337,-0.00525,spy_options_2016.parquet,2660737
SPY,2016-12-02,2016-12-02T16:00:00-05:00,219.7,2016-12-09,7.0,0.019178082191780823,214.5,call,5.31,5.45,5.27,215,,0.12789,0.89788,0.04297,0.05829,-0.04512,0.04222,spy_options_2016.parquet,2660738
SPY,2016-12-02,2016-12-02T16:00:00-05:00,219.7,2016-12-09,7.0,0.019178082191780823,214.5,put,0.28,0.29,0.29,,,0.14068,-0.12392,0.04482,0.06685,-0.05759,-0.00644,spy_options_2016.parquet,2660738
SPY,2016-12-02,2016-12-02T16:00:00-05:00,219.7,2016-12-09,7.0,0.019178082191780823,215.0,call,4.88,5.05,4.98,83,,0.13361,0.864,0.05028,0.07078,-0.05836,0.04036,spy_options_2016.parquet,2660739
SPY,2016-12-02,2016-12-02T16:00:00-05:00,219.7,2016-12-09,7.0,0.019178082191780823,215.0,put,0.31,0.33,0.33,,,0.13666,-0.14207,0.05053,0.07304,-0.06227,-0.00699,spy_options_2016.parquet,2660739
SPY,2016-12-02,2016-12-02T16:00:00-05:00,219.7,2016-12-09,7.0,0.019178082191780823,215.5,call,4.47,4.62,4.39,10,,0.13238,0.83826,0.05692,0.07995,-0.06634,0.03916,spy_options_2016.parquet,2660740
SPY,2016-12-02,2016-12-02T16:00:00-05:00,219.7,2016-12-09,7.0,0.019178082191780823,215.5,put,0.37,0.37,0.37,,,0.13194,-0.1604,0.05695,0.07903,-0.06553,-0.00781,spy_options_2016.parquet,2660740
SPY,2016-12-02,2016-12-02T16:00:00-05:00,219.7,2016-12-09,7.0,0.019178082191780823,216.0,call,4.01,4.09,4.1,220,,0.1234,0.82407,0.06445,0.08451,-0.06508,0.03871,spy_options_2016.parquet,2660741
SPY,2016-12-02,2016-12-02T16:00:00-05:00,219.7,2016-12-09,7.0,0.019178082191780823,216.0,put,0.42,0.44,0.42,,,0.12988,-0.18716,0.06382,0.08724,-0.07096,-0.00953,spy_options_2016.parquet,2660741
SPY,2016-12-02,2016-12-02T16:00:00-05:00,219.7,2016-12-09,7.0,0.019178082191780823,216.5,call,3.59,3.67,3.55,90,,0.12067,0.79441,0.07238,0.09293,-0.07064,0.03743,spy_options_2016.parquet,2660742
SPY,2016-12-02,2016-12-02T16:00:00-05:00,219.7,2016-12-09,7.0,0.019178082191780823,216.5,put,0.48,0.51,0.5,,,0.12507,-0.21276,0.07158,0.09436,-0.07498,-0.01057,spy_options_2016.parquet,2660742
SPY,2016-12-02,2016-12-02T16:00:00-05:00,219.7,2016-12-09,7.0,0.019178082191780823,217.0,call,3.18,3.2,3.31,,,0.11501,0.76589,0.08175,0.09973,-0.07363,0.03647,spy_options_2016.parquet,2660743
SPY,2016-12-02,2016-12-02T16:00:00-05:00,219.7,2016-12-09,7.0,0.019178082191780823,217.0,put,0.58,0.58,0.6,,,0.12168,-0.24622,0.07946,0.10219,-0.07992,-0.0116,spy_options_2016.parquet,2660743
SPY,2016-12-02,2016-12-02T16:00:00-05:00,219.7,2016-12-09,7.0,0.019178082191780823,217.5,call,2.8,2.85,2.81,,,0.11586,0.72107,0.08911,0.10891,-0.08054,0.03379,spy_options_2016.parquet,2660744
SPY,2016-12-02,2016-12-02T16:00:00-05:00,219.7,2016-12-09,7.0,0.019178082191780823,217.5,put,0.69,0.69,0.69,,,0.11872,-0.28305,0.08765,0.10986,-0.08353,-0.01352,spy_options_2016.parquet,2660744
SPY,2016-12-02,2016-12-02T16:00:00-05:00,219.7,2016-12-09,7.0,0.019178082191780823,218.0,call,2.4,2.42,2.46,,,0.10967,0.683,0.09955,0.11545,-0.082,0.03257,spy_options_2016.parquet,2660745
SPY,2016-12-02,2016-12-02T16:00:00-05:00,219.7,2016-12-09,7.0,0.019178082191780823,218.0,put,0.81,0.81,0.82,,,0.1164,-0.32586,0.09508,0.11762,-0.08725,-0.01569,spy_options_2016.parquet,2660745
SPY,2016-12-02,2016-12-02T16:00:00-05:00,219.7,2016-12-09,7.0,0.019178082191780823,218.5,call,2.04,2.05,2.11,,,0.10753,0.63449,0.10784,0.12263,-0.0847,0.03012,spy_options_2016.parquet,2660746
SPY,2016-12-02,2016-12-02T16:00:00-05:00,219.7,2016-12-09,7.0,0.019178082191780823,218.5,put,0.93,0.95,0.95,,,0.11249,-0.37062,0.10358,0.12284,-0.08852,-0.0178,spy_options_2016.parquet,2660746
SPY,2016-12-02,2016-12-02T16:00:00-05:00,219.7,2016-12-09,7.0,0.019178082191780823,219.0,call,1.69,1.71,1.7,,,0.10299,0.58252,0.11623,0.12685,-0.08492,0.02785,spy_options_2016.parquet,2660747
SPY,2016-12-02,2016-12-02T16:00:00-05:00,219.7,2016-12-09,7.0,0.019178082191780823,219.0,put,1.08,1.1,1.11,,,0.10815,-0.42061,0.11125,0.12761,-0.08833,-0.01979,spy_options_2016.parquet,2660747
SPY,2016-12-02,2016-12-02T16:00:00-05:00,219.7,2016-12-09,7.0,0.019178082191780823,219.5,call,1.39,1.41,1.42,,,0.10148,0.52399,0.12044,0.12949,-0.08544,0.02523,spy_options_2016.parquet,2660748
SPY,2016-12-02,2016-12-02T16:00:00-05:00,219.7,2016-12-09,7.0,0.019178082191780823,219.5,put,1.3,1.31,1.32,,,0.10667,-0.47712,0.11465,0.12948,-0.0888,-0.02287,spy_options_2016.parquet,2660748
SPY,2016-12-02,2016-12-02T16:00:00-05:00,219.7,2016-12-09,7.0,0.019178082191780823,220.0,call,1.11,1.13,1.12,,,0.09858,0.46156,0.12405,0.12948,-0.08184,0.02165,spy_options_2016.parquet,2660749
SPY,2016-12-02,2016-12-02T16:00:00-05:00,219.7,2016-12-09,7.0,0.019178082191780823,220.0,put,1.48,1.51,1.5,,,0.1018,-0.53613,0.11963,0.12867,-0.08491,-0.02573,spy_options_2016.parquet,2660749
SPY,2016-12-02,2016-12-02T16:00:00-05:00,219.7,2016-12-09,7.0,0.019178082191780823,220.5,call,0.88,0.89,0.87,,,0.09709,0.3985,0.12281,0.12592,-0.07804,0.01891,spy_options_2016.parquet,2660750
SPY,2016-12-02,2016-12-02T16:00:00-05:00,219.7,2016-12-09,7.0,0.019178082191780823,220.5,put,1.75,1.78,1.74,,,0.1004,-0.59655,0.11801,0.12607,-0.08191,-0.02826,spy_options_2016.parquet,2660750
SPY,2016-12-02,2016-12-02T16:00:00-05:00,219.7,2016-12-09,7.0,0.019178082191780823,221.0,call,0.67,0.69,0.64,,,0.09399,0.3356,0.1188,0.11825,-0.07205,0.01634,spy_options_2016.parquet,2660751
SPY,2016-12-02,2016-12-02T16:00:00-05:00,219.7,2016-12-09,7.0,0.019178082191780823,221.0,put,2.03,2.08,2.07,,,0.09879,-0.65769,0.11441,0.11983,-0.07544,-0.03022,spy_options_2016.parquet,2660751
SPY,2016-12-02,2016-12-02T16:00:00-05:00,219.7,2016-12-09,7.0,0.019178082191780823,221.5,call,0.48,0.48,0.48,,,0.09047,0.27061,0.11227,0.10782,-0.06253,0.0133,spy_options_2016.parquet,2660752
SPY,2016-12-02,2016-12-02T16:00:00-05:00,219.7,2016-12-09,7.0,0.019178082191780823,221.5,put,2.31,2.36,2.33,,,0.09322,-0.72419,0.10995,0.10925,-0.0642,-0.03281,spy_options_2016.parquet,2660752
SPY,2016-12-02,2016-12-02T16:00:00-05:00,219.7,2016-12-09,7.0,0.019178082191780823,222.0,call,0.34,0.34,0.34,,,0.0887,0.21281,0.1007,0.09415,-0.05248,0.00989,spy_options_2016.parquet,2660753
SPY,2016-12-02,2016-12-02T16:00:00-05:00,219.7,2016-12-09,7.0,0.019178082191780823,222.0,put,2.72,2.87,2.72,,,0.10005,-0.75824,0.09488,0.10141,-0.06461,-0.03336,spy_options_2016.parquet,2660753
SPY,2016-12-02,2016-12-02T16:00:00-05:00,219.7,2016-12-09,7.0,0.019178082191780823,222.5,call,0.25,0.25,0.24,,,0.08809,0.16357,0.08662,0.08067,-0.0441,0.00756,spy_options_2016.parquet,2660754
SPY,2016-12-02,2016-12-02T16:00:00-05:00,219.7,2016-12-09,7.0,0.019178082191780823,222.5,put,3.1,3.26,3.32,119,,0.09971,-0.80319,0.08383,0.09009,-0.05703,-0.03375,spy_options_2016.parquet,2660754
SPY,2016-12-02,2016-12-02T16:00:00-05:00,219.7,2016-12-09,7.0,0.019178082191780823,223.0,call,0.16,0.18,0.17,,,0.08576,0.11998,0.07154,0.06523,-0.03459,0.00611,spy_options_2016.parquet,2660755
SPY,2016-12-02,2016-12-02T16:00:00-05:00,219.7,2016-12-09,7.0,0.019178082191780823,223.0,put,3.51,3.67,3.48,257,,0.10016,-0.84053,0.07214,0.07867,-0.04901,-0.03409,spy_options_2016.parquet,2660755
SPY,2016-12-02,2016-12-02T16:00:00-05:00,219.7,2016-12-09,7.0,0.019178082191780823,223.5,call,0.1,0.11,0.11,,,0.08458,0.08459,0.05635,0.04986,-0.02603,0.00358,spy_options_2016.parquet,2660756
SPY,2016-12-02,2016-12-02T16:00:00-05:00,219.7,2016-12-09,7.0,0.019178082191780823,223.5,put,3.9,4.08,4.19,17,,0.095,-0.88584,0.05788,0.06221,-0.03629,-0.03265,spy_options_2016.parquet,2660756
SPY,2016-12-02,2016-12-02T16:00:00-05:00,219.7,2016-12-09,7.0,0.019178082191780823,224.0,call,0.08,0.09,0.08,,,0.08589,0.06284,0.04419,0.03984,-0.02008,0.00258,spy_options_2016.parquet,2660757
SPY,2016-12-02,2016-12-02T16:00:00-05:00,219.7,2016-12-09,7.0,0.019178082191780823,224.0,put,4.37,4.55,4.6,86,,0.09988,-0.90215,0.04761,0.05652,-0.03413,-0.03124,spy_options_2016.parquet,2660757
SPY,2016-12-02,2016-12-02T16:00:00-05:00,219.7,2016-12-09,7.0,0.019178082191780823,224.5,call,0.04,0.04,0.05,,,0.08479,0.04082,0.03223,0.02824,-0.01406,0.00233,spy_options_2016.parquet,2660758
SPY,2016-12-02,2016-12-02T16:00:00-05:00,219.7,2016-12-09,7.0,0.019178082191780823,224.5,put,4.85,5.03,5.25,5,,0.10284,-0.91599,0.03851,0.04938,-0.03132,-0.02955,spy_options_2016.parquet,2660758
SPY,2016-12-02,2016-12-02T16:00:00-05:00,219.7,2016-12-09,7.0,0.019178082191780823,225.0,call,0.04,0.04,0.04,,,0.08736,0.03163,0.02521,0.02299,-0.01195,0.00136,spy_options_2016.parquet,2660759
SPY,2016-12-02,2016-12-02T16:00:00-05:00,219.7,2016-12-09,7.0,0.019178082191780823,225.0,put,5.32,5.5,5.72,92,,0.10486,-0.92972,0.02899,0.04287,-0.02741,-0.02606,spy_options_2016.parquet,2660759
SPY,2016-12-02,2016-12-02T16:00:00-05:00,219.7,2016-12-09,7.0,0.019178082191780823,225.5,call,0.02,0.03,0.03,,,0.08813,0.02278,0.01897,0.01804,-0.00929,0.00078,spy_options_2016.parquet,2660760
SPY,2016-12-02,2016-12-02T16:00:00-05:00,219.7,2016-12-09,7.0,0.019178082191780823,225.5,put,5.83,6.0,0.0,,,0.11487,-0.92879,0.02682,0.04347,-0.03009,-0.02639,spy_options_2016.parquet,2660760
SPY,2016-12-02,2016-12-02T16:00:00-05:00,219.7,2016-12-09,7.0,0.019178082191780823,226.0,call,0.02,0.02,0.02,,,0.09462,0.02139,0.01686,0.01671,-0.00888,0.00139,spy_options_2016.parquet,2660761
SPY,2016-12-02,2016-12-02T16:00:00-05:00,219.7,2016-12-09,7.0,0.019178082191780823,226.0,put,6.36,6.54,6.54,0,,0.12912,-0.92229,0.02723,0.04689,-0.03627,-0.02844,spy_options_2016.parquet,2660761
SPY,2016-12-02,2016-12-02T16:00:00-05:00,219.7,2016-12-09,7.0,0.019178082191780823,226.5,call,0.0,0.02,0.02,969,,0.0939,0.0141,0.01175,0.01177,-0.00588,0.00029,spy_options_2016.parquet,2660762
SPY,2016-12-02,2016-12-02T16:00:00-05:00,219.7,2016-12-09,7.0,0.019178082191780823,226.5,put,6.86,7.07,6.52,0,,0.13998,-0.92156,0.02525,0.0469,-0.03985,-0.02792,spy_options_2016.parquet,2660762
SPY,2016-12-02,2016-12-02T16:00:00-05:00,219.7,2016-12-09,7.0,0.019178082191780823,227.0,call,0.01,0.02,0.02,,,0.09951,0.01309,0.01064,0.01152,-0.00637,0.00066,spy_options_2016.parquet,2660763
SPY,2016-12-02,2016-12-02T16:00:00-05:00,219.7,2016-12-09,7.0,0.019178082191780823,227.0,put,7.34,7.51,7.62,212,,0.13848,-0.93427,0.0189,0.04057,-0.0343,-0.02495,spy_options_2016.parquet,2660763
SPY,2016-12-02,2016-12-02T16:00:00-05:00,219.7,2016-12-09,7.0,0.019178082191780823,227.5,call,0.01,0.03,0.01,,,0.10539,0.01255,0.00959,0.01052,-0.00621,0.00038,spy_options_2016.parquet,2660764
SPY,2016-12-02,2016-12-02T16:00:00-05:00,219.7,2016-12-09,7.0,0.019178082191780823,227.5,put,7.85,8.04,0.0,,,0.15273,-0.92915,0.01951,0.04294,-0.03991,-0.02624,spy_options_2016.parquet,2660764
SPY,2016-12-02,2016-12-02T16:00:00-05:00,219.7,2016-12-09,7.0,0.019178082191780823,228.0,call,0.01,0.03,0.02,,,0.11109,0.01179,0.00877,0.01011,-0.00632,0.00038,spy_options_2016.parquet,2660765
SPY,2016-12-02,2016-12-02T16:00:00-05:00,219.7,2016-12-09,7.0,0.019178082191780823,228.0,put,8.28,8.49,8.69,52,,0.14593,-0.94242,0.01184,0.03663,-0.03289,-0.02128,spy_options_2016.parquet,2660765
SPY,2016-12-02,2016-12-02T16:00:00-05:00,219.7,2016-12-09,7.0,0.019178082191780823,228.5,call,0.01,0.02,0.01,,,0.11735,0.01195,0.00805,0.00994,-0.00651,0.00052,spy_options_2016.parquet,2660766
SPY,2016-12-02,2016-12-02T16:00:00-05:00,219.7,2016-12-09,7.0,0.019178082191780823,228.5,put,8.78,9.0,0.0,,,0.1538,-0.94286,0.01069,0.03582,-0.03423,-0.02061,spy_options_2016.parquet,2660766
SPY,2016-12-02,2016-12-02T16:00:00-05:00,219.7,2016-12-09,7.0,0.019178082191780823,229.0,call,0.02,0.02,0.02,957,,0.12208,0.01114,0.00736,0.01,-0.00646,0.00081,spy_options_2016.parquet,2660767
SPY,2016-12-02,2016-12-02T16:00:00-05:00,219.7,2016-12-09,7.0,0.019178082191780823,229.0,put,9.37,9.57,9.6,0,,0.18224,-0.92771,0.01656,0.04394,-0.04859,-0.02609,spy_options_2016.parquet,2660767
SPY,2016-12-02,2016-12-02T16:00:00-05:00,219.7,2016-12-09,7.0,0.019178082191780823,229.5,call,0.0,0.02,0.01,924,,0.1277,0.0107,0.00677,0.00875,-0.00656,0.00042,spy_options_2016.parquet,2660768
SPY,2016-12-02,2016-12-02T16:00:00-05:00,219.7,2016-12-09,7.0,0.019178082191780823,229.5,put,9.84,10.06,0.0,,,0.18321,-0.93376,0.01371,0.04052,-0.04526,-0.0249,spy_options_2016.parquet,2660768
SPY,2016-12-02,2016-12-02T16:00:00-05:00,219.7,2016-12-09,7.0,0.019178082191780823,230.0,call,0.01,0.02,0.02,315,,0.13344,0.0102,0.0063,0.0092,-0.00667,0.00085,spy_options_2016.parquet,2660769
SPY,2016-12-02,2016-12-02T16:00:00-05:00,219.7,2016-12-09,7.0,0.019178082191780823,230.0,put,10.33,10.55,10.36,34,,0.19138,-0.93431,0.01259,0.04027,-0.04678,-0.02447,spy_options_2016.parquet,2660769
SPY,2016-12-02,2016-12-02T16:00:00-05:00,219.7,2016-12-09,7.0,0.019178082191780823,230.5,call,0.01,0.01,0.01,310,,0.13867,0.01038,0.00585,0.00864,-0.00677,0.00061,spy_options_2016.parquet,2660770
SPY,2016-12-02,2016-12-02T16:00:00-05:00,219.7,2016-12-09,7.0,0.019178082191780823,230.5,put,10.78,11.0,0.0,,,0.18337,-0.94351,0.00695,0.03514,-0.03974,-0.01864,spy_options_2016.parquet,2660770
SPY,2016-12-02,2016-12-02T16:00:00-05:00,219.7,2016-12-09,7.0,0.019178082191780823,231.0,call,0.0,0.0,0.03,0,,0.12702,0.00436,0.00279,0.00406,-0.00252,0.00018,spy_options_2016.parquet,2660771
SPY,2016-12-02,2016-12-02T16:00:00-05:00,219.7,2016-12-09,7.0,0.019178082191780823,231.0,put,11.27,11.5,0.0,,,0.1904,-0.94407,0.00641,0.03461,-0.04137,-0.01893,spy_options_2016.parquet,2660771
SPY,2016-12-02,2016-12-02T16:00:00-05:00,219.7,2016-12-09,7.0,0.019178082191780823,231.5,call,0.0,0.01,0.03,0,,0.13256,0.00402,0.00267,0.0036,-0.0021,-9e-05,spy_options_2016.parquet,2660772
SPY,2016-12-02,2016-12-02T16:00:00-05:00,219.7,2016-12-09,7.0,0.019178082191780823,231.5,put,11.77,11.98,0.0,,,0.19539,-0.94477,0.00504,0.03475,-0.04155,-0.01765,spy_options_2016.parquet,2660772
SPY,2016-12-02,2016-12-02T16:00:00-05:00,219.7,2016-12-09,7.0,0.019178082191780823,232.0,call,0.0,0.02,0.01,52,,0.13703,0.00389,0.00247,0.00361,-0.00204,8e-05,spy_options_2016.parquet,2660773
SPY,2016-12-02,2016-12-02T16:00:00-05:00,219.7,2016-12-09,7.0,0.019178082191780823,232.0,put,12.27,12.5,0.0,,,0.20616,-0.94387,0.00551,0.03526,-0.04517,-0.01877,spy_options_2016.parquet,2660773
SPY,2016-12-02,2016-12-02T16:00:00-05:00,219.7,2016-12-09,7.0,0.019178082191780823,232.5,call,0.0,0.01,0.01,,,0.14197,0.00306,0.00226,0.00316,-0.00246,0.00066,spy_options_2016.parquet,2660774
SPY,2016-12-02,2016-12-02T16:00:00-05:00,219.7,2016-12-09,7.0,0.019178082191780823,232.5,put,12.83,13.04,0.0,,,0.22859,-0.93655,0.0086,0.03878,-0.05438,-0.02232,spy_options_2016.parquet,2660774
SPY,2016-12-02,2016-12-02T16:00:00-05:00,219.7,2016-12-09,7.0,0.019178082191780823,233.0,call,0.0,0.0,0.02,,,0.14675,0.00339,0.00221,0.00349,-0.00283,0.00019,spy_options_2016.parquet,2660775
SPY,2016-12-02,2016-12-02T16:00:00-05:00,219.7,2016-12-09,7.0,0.019178082191780823,233.0,put,13.29,13.51,13.35,1,,0.22707,-0.94168,0.00613,0.03565,-0.05068,-0.01959,spy_options_2016.parquet,2660775
SPY,2016-12-02,2016-12-02T16:00:00-05:00,219.7,2016-12-09,7.0,0.019178082191780823,233.5,call,0.0,0.01,0.01,,,0.15144,0.0032,0.00205,0.00314,-0.00262,-0.00019,spy_options_2016.parquet,2660776
SPY,2016-12-02,2016-12-02T16:00:00-05:00,219.7,2016-12-09,7.0,0.019178082191780823,233.5,put,13.78,14.01,0.0,,,0.22879,-0.94351,0.00438,0.03448,-0.05036,-0.01767,spy_options_2016.parquet,2660776
SPY,2016-12-02,2016-12-02T16:00:00-05:00,219.7,2016-12-09,7.0,0.019178082191780823,234.0,call,0.0,0.01,0.0,,,0.15609,0.00364,0.00195,0.00331,-0.00279,-5e-05,spy_options_2016.parquet,2660777
SPY,2016-12-02,2016-12-02T16:00:00-05:00,219.7,2016-12-09,7.0,0.019178082191780823,234.0,put,14.26,14.48,0.0,,,0.23419,-0.94418,0.00348,0.03421,-0.04445,-0.01704,spy_options_2016.parquet,2660777
SPY,2016-12-02,2016-12-02T16:00:00-05:00,219.7,2016-12-09,7.0,0.019178082191780823,234.5,call,0.0,0.01,0.0,,,0.16087,0.00307,0.00184,0.00268,-0.00221,0.00058,spy_options_2016.parquet,2660778
SPY,2016-12-02,2016-12-02T16:00:00-05:00,219.7,2016-12-09,7.0,0.019178082191780823,234.5,put,14.84,15.06,0.0,,,0.2621,-0.93703,0.00714,0.03841,-0.06176,-0.0216,spy_options_2016.parquet,2660778
SPY,2016-12-02,2016-12-02T16:00:00-05:00,219.7,2016-12-09,7.0,0.019178082191780823,235.0,call,0.0,0.0,0.02,5,,0.16611,0.00321,0.00178,0.00279,-0.00214,-0.00028,spy_options_2016.parquet,2660779
SPY,2016-12-02,2016-12-02T16:00:00-05:00,219.7,2016-12-09,7.0,0.019178082191780823,235.0,put,15.34,15.55,0.0,,,0.26705,-0.938,0.00627,0.03751,-0.06225,-0.02094,spy_options_2016.parquet,2660779
SPY,2016-12-02,2016-12-02T16:00:00-05:00,219.7,2016-12-09,7.0,0.019178082191780823,235.5,call,0.0,0.01,0.0,,,0.17021,0.00314,0.00171,0.00264,-0.00247,0.00015,spy_options_2016.parquet,2660780
SPY,2016-12-02,2016-12-02T16:00:00-05:00,219.7,2016-12-09,7.0,0.019178082191780823,235.5,put,15.76,15.99,0.0,,,0.2569,-0.94319,0.00292,0.03506,-0.04452,-0.01683,spy_options_2016.parquet,2660780
SPY,2016-12-02,2016-12-02T16:00:00-05:00,219.7,2016-12-09,7.0,0.019178082191780823,236.0,call,0.0,0.02,0.0,,,0.1746,0.00288,0.00154,0.00255,-0.00253,2e-05,spy_options_2016.parquet,2660781
SPY,2016-12-02,2016-12-02T16:00:00-05:00,219.7,2016-12-09,7.0,0.019178082191780823,236.0,put,16.26,16.49,0.0,,,0.26486,-0.94266,0.00277,0.03436,-0.04567,-0.01682,spy_options_2016.parquet,2660781
SPY,2016-12-02,2016-12-02T16:00:00-05:00,219.7,2016-12-09,7.0,0.019178082191780823,236.5,call,0.0,0.01,0.01,0,,0.17989,0.00263,0.00146,0.00291,-0.00298,0.00025,spy_options_2016.parquet,2660782
SPY,2016-12-02,2016-12-02T16:00:00-05:00,219.7,2016-12-09,7.0,0.019178082191780823,236.5,put,16.76,16.99,0.0,,,0.27238,-0.9423,0.00261,0.035,-0.04517,-0.01602,spy_options_2016.parquet,2660782
SPY,2016-12-02,2016-12-02T16:00:00-05:00,219.7,2016-12-09,7.0,0.019178082191780823,237.0,call,0.0,0.01,0.01,0,,0.18477,0.00261,0.0014,0.00309,-0.00214,-5e-05,spy_options_2016.parquet,2660783
SPY,2016-12-02,2016-12-02T16:00:00-05:00,219.7,2016-12-09,7.0,0.019178082191780823,237.0,put,17.28,17.49,0.0,,,0.28085,-0.94239,0.00262,0.03548,-0.05004,-0.01682,spy_options_2016.parquet,2660783
SPY,2016-12-02,2016-12-02T16:00:00-05:00,219.7,2016-12-09,7.0,0.019178082191780823,237.5,call,0.0,0.0,0.01,0,,0.18903,0.00271,0.00133,0.00315,-0.00269,-0.00018,spy_options_2016.parquet,2660784
SPY,2016-12-02,2016-12-02T16:00:00-05:00,219.7,2016-12-09,7.0,0.019178082191780823,237.5,put,17.77,17.99,0.0,,,0.28861,-0.94197,0.00247,0.03507,-0.0503,-0.01627,spy_options_2016.parquet,2660784
SPY,2016-12-02,2016-12-02T16:00:00-05:00,219.7,2016-12-09,7.0,0.019178082191780823,238.0,call,0.0,0.0,0.0,,,0.19358,0.00314,0.0013,0.00312,-0.00255,0.00022,spy_options_2016.parquet,2660785
SPY,2016-12-02,2016-12-02T16:00:00-05:00,219.7,2016-12-09,7.0,0.019178082191780823,238.0,put,18.27,18.5,0.0,,,0.29688,-0.94141,0.00236,0.03487,-0.0497,-0.01622,spy_options_2016.parquet,2660785
SPY,2016-12-02,2016-12-02T16:00:00-05:00,219.7,2016-12-09,7.0,0.019178082191780823,238.5,call,0.0,0.01,0.0,,,0.19791,0.00283,0.00131,0.00286,-0.00262,-0.00013,spy_options_2016.parquet,2660786
SPY,2016-12-02,2016-12-02T16:00:00-05:00,219.7,2016-12-09,7.0,0.019178082191780823,238.5,put,18.76,19.0,0.0,,,0.30421,-0.94099,0.00223,0.0349,-0.05029,-0.01657,spy_options_2016.parquet,2660786
SPY,2016-12-02,2016-12-02T16:00:00-05:00,219.7,2016-12-09,7.0,0.019178082191780823,239.0,call,0.0,0.01,0.0,,,0.20273,0.00278,0.00124,0.00253,-0.003,0.00025,spy_options_2016.parquet,2660787
SPY,2016-12-02,2016-12-02T16:00:00-05:00,219.7,2016-12-09,7.0,0.019178082191780823,239.0,put,19.27,19.49,0.0,,,0.31192,-0.94063,0.00215,0.03554,-0.05044,-0.01673,spy_options_2016.parquet,2660787
SPY,2016-12-02,2016-12-02T16:00:00-05:00,219.7,2016-12-09,7.0,0.019178082191780823,239.5,call,0.0,0.01,0.0,,,0.20665,0.00293,0.00117,0.00303,-0.00305,0.0001,spy_options_2016.parquet,2660788
SPY,2016-12-02,2016-12-02T16:00:00-05:00,219.7,2016-12-09,7.0,0.019178082191780823,239.5,put,19.77,19.99,0.0,,,0.31884,-0.94034,0.00206,0.03576,-0.04968,-0.01661,spy_options_2016.parquet,2660788
SPY,2016-12-02,2016-12-02T16:00:00-05:00,219.7,2016-12-09,7.0,0.019178082191780823,240.0,call,0.0,0.01,0.01,5,,0.21193,0.0021,0.00115,0.00218,-0.00248,0.00046,spy_options_2016.parquet,2660789
SPY,2016-12-02,2016-12-02T16:00:00-05:00,219.7,2016-12-09,7.0,0.019178082191780823,240.0,put,20.27,20.48,20.02,2,,0.32738,-0.94037,0.00191,0.03549,-0.05004,-0.01591,spy_options_2016.parquet,2660789
SPY,2016-12-02,2016-12-02T16:00:00-05:00,219.7,2016-12-09,7.0,0.019178082191780823,242.5,call,0.0,0.01,0.0,,,0.23416,0.00209,0.00089,0.00266,-0.00289,-0.00032,spy_options_2016.parquet,2660790
SPY,2016-12-02,2016-12-02T16:00:00-05:00,219.7,2016-12-09,7.0,0.019178082191780823,242.5,put,22.77,22.99,0.0,,,0.36544,-0.93865,0.00152,0.03661,-0.05033,-0.0166,spy_options_2016.parquet,2660790
SPY,2016-12-02,2016-12-02T16:00:00-05:00,219.7,2016-12-09,7.0,0.019178082191780823,245.0,call,0.0,0.01,0.0,,,0.2552,0.00253,0.0008,0.00182,-0.00296,0.00023,spy_options_2016.parquet,2660791
SPY,2016-12-02,2016-12-02T16:00:00-05:00,219.7,2016-12-09,7.0,0.019178082191780823,245.0,put,25.25,25.47,0.0,,,0.3982,-0.93737,0.00083,0.03604,-0.03032,-0.01493,spy_options_2016.parquet,2660791
SPY,2016-12-02,2016-12-02T16:00:00-05:00,219.7,2016-12-09,7.0,0.019178082191780823,247.5,call,0.0,0.01,0.0,,,0.27749,0.00179,0.0007,0.00174,-0.00251,-0.0004,spy_options_2016.parquet,2660792
SPY,2016-12-02,2016-12-02T16:00:00-05:00,219.7,2016-12-09,7.0,0.019178082191780823,247.5,put,27.75,27.97,0.0,,,0.43651,-0.93634,0.00061,0.03709,-0.02965,-0.01461,spy_options_2016.parquet,2660792
SPY,2016-12-02,2016-12-02T16:00:00-05:00,219.7,2016-12-09,7.0,0.019178082191780823,250.0,call,0.0,0.01,0.0,,,0.29802,0.00143,0.00064,0.0022,-0.00243,0.00027,spy_options_2016.parquet,2660793
SPY,2016-12-02,2016-12-02T16:00:00-05:00,219.7,2016-12-09,7.0,0.019178082191780823,250.0,put,30.25,30.46,0.0,,,0.47505,-0.93489,0.00051,0.03734,-0.03019,-0.01492,spy_options_2016.parquet,2660793
SPY,2016-12-02,2016-12-02T16:00:00-05:00,219.7,2016-12-09,7.0,0.019178082191780823,252.5,call,0.0,0.01,0.0,,,0.3188,0.00181,0.00051,0.00177,-0.00236,0.00048,spy_options_2016.parquet,2660794
SPY,2016-12-02,2016-12-02T16:00:00-05:00,219.7,2016-12-09,7.0,0.019178082191780823,252.5,put,32.77,32.99,0.0,,,0.51838,-0.93207,0.00073,0.03825,-0.05021,-0.01647,spy_options_2016.parquet,2660794
SPY,2016-12-02,2016-12-02T16:00:00-05:00,219.7,2016-12-09,7.0,0.019178082191780823,255.0,call,0.0,0.01,0.0,,,0.33928,0.00164,0.0005,0.00189,-0.00272,0.00013,spy_options_2016.parquet,2660795
SPY,2016-12-02,2016-12-02T16:00:00-05:00,219.7,2016-12-09,7.0,0.019178082191780823,255.0,put,35.25,35.49,0.0,,,0.55546,-0.93108,0.00059,0.03928,-0.04465,-0.01626,spy_options_2016.parquet,2660795
SPY,2016-12-02,2016-12-02T16:00:00-05:00,219.7,2016-12-09,7.0,0.019178082191780823,257.5,call,0.0,0.01,0.0,,,0.35952,0.00181,0.00042,0.00172,-0.00297,0.00015,spy_options_2016.parquet,2660796
SPY,2016-12-02,2016-12-02T16:00:00-05:00,219.7,2016-12-09,7.0,0.019178082191780823,257.5,put,37.84,38.03,0.0,,,0.60899,-0.92769,0.00111,0.04046,-0.10596,-0.01793,spy_options_2016.parquet,2660796
SPY,2016-12-02,2016-12-02T16:00:00-05:00,219.7,2016-12-14,12.0,0.03287671232876712,175.0,call,44.55,44.75,0.0,,,,1.0,0.0,0.0,-1e-05,0.06243,spy_options_2016.parquet,2660797
SPY,2016-12-02,2016-12-02T16:00:00-05:00,219.7,2016-12-14,12.0,0.03287671232876712,175.0,put,0.01,0.03,0.0,,,0.43995,-0.00258,0.00041,0.00382,-0.00549,-0.00061,spy_options_2016.parquet,2660797
SPY,2016-12-02,2016-12-02T16:00:00-05:00,219.7,2016-12-14,12.0,0.03287671232876712,180.0,call,39.55,39.77,0.0,,,,1.0,0.0,0.0,0.0,0.06431,spy_options_2016.parquet,2660798
SPY,2016-12-02,2016-12-02T16:00:00-05:00,219.7,2016-12-14,12.0,0.03287671232876712,180.0,put,0.01,0.02,0.02,1,,0.38984,-0.00302,0.00058,0.0041,-0.00471,-3e-05,spy_options_2016.parquet,2660798
SPY,2016-12-02,2016-12-02T16:00:00-05:00,219.7,2016-12-14,12.0,0.03287671232876712,185.0,call,34.58,34.79,0.0,,,0.33968,0.99633,0.00069,0.0038,-0.00456,0.066,spy_options_2016.parquet,2660799
SPY,2016-12-02,2016-12-02T16:00:00-05:00,219.7,2016-12-14,12.0,0.03287671232876712,185.0,put,0.02,0.02,0.02,0,,0.35954,-0.00505,0.00101,0.00602,-0.00759,-6e-05,spy_options_2016.parquet,2660799
SPY,2016-12-02,2016-12-02T16:00:00-05:00,219.7,2016-12-14,12.0,0.03287671232876712,186.0,call,33.57,33.73,0.0,,,,1.0,0.0,0.0,0.0,0.06638,spy_options_2016.parquet,2660800
SPY,2016-12-02,2016-12-02T16:00:00-05:00,219.7,2016-12-14,12.0,0.03287671232876712,186.0,put,0.02,0.02,0.0,,,0.34967,-0.00575,0.001,0.00621,-0.00784,-0.00083,spy_options_2016.parquet,2660800
SPY,2016-12-02,2016-12-02T16:00:00-05:00,219.7,2016-12-14,12.0,0.03287671232876712,187.0,call,32.52,32.73,0.0,,,,1.0,0.0,0.0,0.0,0.0663,spy_options_2016.parquet,2660801
SPY,2016-12-02,2016-12-02T16:00:00-05:00,219.7,2016-12-14,12.0,0.03287671232876712,187.0,put,0.02,0.04,0.0,,,0.33974,-0.00528,0.0011,0.00644,-0.00722,0.0,spy_options_2016.parquet,2660801
SPY,2016-12-02,2016-12-02T16:00:00-05:00,219.7,2016-12-14,12.0,0.03287671232876712,188.0,call,31.51,31.73,0.0,,,,1.0,0.0,0.0,-0.00016,0.06653,spy_options_2016.parquet,2660802
SPY,2016-12-02,2016-12-02T16:00:00-05:00,219.7,2016-12-14,12.0,0.03287671232876712,188.0,put,0.02,0.03,0.0,,,0.32931,-0.00604,0.00117,0.00714,-0.00716,-0.00035,spy_options_2016.parquet,2660802
SPY,2016-12-02,2016-12-02T16:00:00-05:00,219.7,2016-12-14,12.0,0.03287671232876712,189.0,call,30.52,30.73,0.0,,,,1.0,0.0,0.0,0.0,0.06763,spy_options_2016.parquet,2660803
SPY,2016-12-02,2016-12-02T16:00:00-05:00,219.7,2016-12-14,12.0,0.03287671232876712,189.0,put,0.03,0.03,0.0,,,0.31993,-0.00535,0.00125,0.00664,-0.00791,-0.00028,spy_options_2016.parquet,2660803
SPY,2016-12-02,2016-12-02T16:00:00-05:00,219.7,2016-12-14,12.0,0.03287671232876712,190.0,call,29.52,29.71,0.0,,,,1.0,0.0,0.0,0.0,0.06786,spy_options_2016.parquet,2660804
SPY,2016-12-02,2016-12-02T16:00:00-05:00,219.7,2016-12-14,12.0,0.03287671232876712,190.0,put,0.04,0.04,0.03,196,,0.32213,-0.00786,0.00164,0.0087,-0.01033,-0.00091,spy_options_2016.parquet,2660804
SPY,2016-12-02,2016-12-02T16:00:00-05:00,219.7,2016-12-14,12.0,0.03287671232876712,191.0,call,28.52,28.74,0.0,,,,1.0,0.0,0.0,-0.00042,0.0681,spy_options_2016.parquet,2660805
SPY,2016-12-02,2016-12-02T16:00:00-05:00,219.7,2016-12-14,12.0,0.03287671232876712,191.0,put,0.03,0.04,0.0,,,0.31122,-0.00799,0.00171,0.00895,-0.01,-0.00014,spy_options_2016.parquet,2660805
SPY,2016-12-02,2016-12-02T16:00:00-05:00,219.7,2016-12-14,12.0,0.03287671232876712,192.0,call,27.56,27.72,0.0,,,,1.0,0.0,0.0,0.0,0.06816,spy_options_2016.parquet,2660806
SPY,2016-12-02,2016-12-02T16:00:00-05:00,219.7,2016-12-14,12.0,0.03287671232876712,192.0,put,0.02,0.04,0.04,0,,0.30181,-0.00808,0.00178,0.00912,-0.01005,-0.00042,spy_options_2016.parquet,2660806
SPY,2016-12-02,2016-12-02T16:00:00-05:00,219.7,2016-12-14,12.0,0.03287671232876712,193.0,call,26.65,26.79,0.0,,,0.30385,0.98873,0.0023,0.01235,-0.01297,0.06756,spy_options_2016.parquet,2660807
SPY,2016-12-02,2016-12-02T16:00:00-05:00,219.7,2016-12-14,12.0,0.03287671232876712,193.0,put,0.04,0.04,0.0,,,0.30108,-0.01032,0.00219,0.01171,-0.01211,-0.0011,spy_options_2016.parquet,2660807
SPY,2016-12-02,2016-12-02T16:00:00-05:00,219.7,2016-12-14,12.0,0.03287671232876712,194.0,call,25.58,25.74,0.0,,,,1.0,0.0,0.0,-0.00047,0.06909,spy_options_2016.parquet,2660808
SPY,2016-12-02,2016-12-02T16:00:00-05:00,219.7,2016-12-14,12.0,0.03287671232876712,194.0,put,0.04,0.06,0.0,,,0.29011,-0.01047,0.00234,0.01137,-0.01176,-0.00116,spy_options_2016.parquet,2660808
SPY,2016-12-02,2016-12-02T16:00:00-05:00,219.7,2016-12-14,12.0,0.03287671232876712,195.0,call,24.58,24.75,0.0,,,,1.0,0.0,0.0,0.0,0.06946,spy_options_2016.parquet,2660809
SPY,2016-12-02,2016-12-02T16:00:00-05:00,219.7,2016-12-14,12.0,0.03287671232876712,195.0,put,0.05,0.04,0.05,0,,0.27915,-0.01072,0.0025,0.01222,-0.0122,-0.00053,spy_options_2016.parquet,2660809
SPY,2016-12-02,2016-12-02T16:00:00-05:00,219.7,2016-12-14,12.0,0.03287671232876712,196.0,call,23.58,23.75,0.0,,,,1.0,0.0,0.0,-0.00054,0.06979,spy_options_2016.parquet,2660810
SPY,2016-12-02,2016-12-02T16:00:00-05:00,219.7,2016-12-14,12.0,0.03287671232876712,196.0,put,0.04,0.07,0.05,10,,0.27679,-0.01312,0.003,0.01399,-0.01382,-0.00081,spy_options_2016.parquet,2660810
SPY,2016-12-02,2016-12-02T16:00:00-05:00,219.7,2016-12-14,12.0,0.03287671232876712,197.0,call,22.61,22.8,0.0,,,0.25793,0.98804,0.00287,0.01263,-0.01175,0.06959,spy_options_2016.parquet,2660811
SPY,2016-12-02,2016-12-02T16:00:00-05:00,219.7,2016-12-14,12.0,0.03287671232876712,197.0,put,0.04,0.06,0.05,1,,0.266,-0.01364,0.00327,0.01494,-0.01439,-0.00071,spy_options_2016.parquet,2660811
SPY,2016-12-02,2016-12-02T16:00:00-05:00,219.7,2016-12-14,12.0,0.03287671232876712,198.0,call,21.62,21.82,0.0,,,0.24732,0.98752,0.00308,0.0136,-0.01167,0.0699,spy_options_2016.parquet,2660812
SPY,2016-12-02,2016-12-02T16:00:00-05:00,219.7,2016-12-14,12.0,0.03287671232876712,198.0,put,0.06,0.07,0.06,2,,0.26077,-0.0161,0.00381,0.01729,-0.01616,-0.00159,spy_options_2016.parquet,2660812
SPY,2016-12-02,2016-12-02T16:00:00-05:00,219.7,2016-12-14,12.0,0.03287671232876712,199.0,call,20.58,20.75,0.0,,,,1.0,0.0,0.0,-0.00033,0.07113,spy_options_2016.parquet,2660813
SPY,2016-12-02,2016-12-02T16:00:00-05:00,219.7,2016-12-14,12.0,0.03287671232876712,199.0,put,0.06,0.07,0.07,821,,0.25031,-0.01697,0.0041,0.01796,-0.01584,-0.00096,spy_options_2016.parquet,2660813
SPY,2016-12-02,2016-12-02T16:00:00-05:00,219.7,2016-12-14,12.0,0.03287671232876712,200.0,call,19.65,19.83,0.0,,,0.2396,0.98231,0.00446,0.01813,-0.0156,0.06979,spy_options_2016.parquet,2660814
SPY,2016-12-02,2016-12-02T16:00:00-05:00,219.7,2016-12-14,12.0,0.03287671232876712,200.0,put,0.08,0.07,0.07,100,,0.24439,-0.02,0.00475,0.02035,-0.01719,-0.00151,spy_options_2016.parquet,2660814
SPY,2016-12-02,2016-12-02T16:00:00-05:00,219.7,2016-12-14,12.0,0.03287671232876712,200.5,call,19.15,19.33,0.0,,,0.23585,0.98037,0.00473,0.01956,-0.01684,0.07033,spy_options_2016.parquet,2660815
SPY,2016-12-02,2016-12-02T16:00:00-05:00,219.7,2016-12-14,12.0,0.03287671232876712,200.5,put,0.07,0.08,0.0,,,0.23903,-0.02055,0.0049,0.02067,-0.01702,-0.00205,spy_options_2016.parquet,2660815
SPY,2016-12-02,2016-12-02T16:00:00-05:00,219.7,2016-12-14,12.0,0.03287671232876712,201.0,call,18.6,18.79,0.0,,,0.19383,0.99311,0.00249,0.00881,-0.00568,0.07108,spy_options_2016.parquet,2660816
SPY,2016-12-02,2016-12-02T16:00:00-05:00,219.7,2016-12-14,12.0,0.03287671232876712,201.0,put,0.08,0.09,0.0,,,0.23776,-0.02241,0.00549,0.02239,-0.01931,-0.00149,spy_options_2016.parquet,2660816
SPY,2016-12-02,2016-12-02T16:00:00-05:00,219.7,2016-12-14,12.0,0.03287671232876712,201.5,call,18.14,18.33,0.0,,,0.22456,0.98051,0.00521,0.01999,-0.01675,0.07044,spy_options_2016.parquet,2660817
SPY,2016-12-02,2016-12-02T16:00:00-05:00,219.7,2016-12-14,12.0,0.03287671232876712,201.5,put,0.07,0.09,0.11,0,,0.23206,-0.02283,0.00571,0.02338,-0.01928,-0.00178,spy_options_2016.parquet,2660817
SPY,2016-12-02,2016-12-02T16:00:00-05:00,219.7,2016-12-14,12.0,0.03287671232876712,202.0,call,17.6,17.79,18.12,5,,0.19476,0.98908,0.00346,0.01166,-0.00773,0.07058,spy_options_2016.parquet,2660818
SPY,2016-12-02,2016-12-02T16:00:00-05:00,219.7,2016-12-14,12.0,0.03287671232876712,202.0,put,0.09,0.1,0.07,88,,0.23101,-0.02552,0.00627,0.02472,-0.021,-0.0019,spy_options_2016.parquet,2660818
SPY,2016-12-02,2016-12-02T16:00:00-05:00,219.7,2016-12-14,12.0,0.03287671232876712,202.5,call,17.16,17.3,0.0,,,0.209,0.98114,0.00519,0.01854,-0.01442,0.07106,spy_options_2016.parquet,2660819
SPY,2016-12-02,2016-12-02T16:00:00-05:00,219.7,2016-12-14,12.0,0.03287671232876712,202.5,put,0.09,0.1,0.1,0,,0.22466,-0.02622,0.00655,0.02519,-0.02092,-0.00168,spy_options_2016.parquet,2660819
SPY,2016-12-02,2016-12-02T16:00:00-05:00,219.7,2016-12-14,12.0,0.03287671232876712,203.0,call,16.72,16.85,0.0,,,0.22781,0.96808,0.00749,0.02957,-0.02516,0.07011,spy_options_2016.parquet,2660820
SPY,2016-12-02,2016-12-02T16:00:00-05:00,219.7,2016-12-14,12.0,0.03287671232876712,203.0,put,0.1,0.12,0.1,66,,0.22271,-0.02846,0.00714,0.0279,-0.02227,-0.00244,spy_options_2016.parquet,2660820
SPY,2016-12-02,2016-12-02T16:00:00-05:00,219.7,2016-12-14,12.0,0.03287671232876712,203.5,call,16.16,16.34,0.0,,,0.20672,0.97621,0.00661,0.0233,-0.01782,0.0704,spy_options_2016.parquet,2660821
SPY,2016-12-02,2016-12-02T16:00:00-05:00,219.7,2016-12-14,12.0,0.03287671232876712,203.5,put,0.12,0.12,0.12,11,,0.22071,-0.03144,0.00776,0.02969,-0.02371,-0.00244,spy_options_2016.parquet,2660821
SPY,2016-12-02,2016-12-02T16:00:00-05:00,219.7,2016-12-14,12.0,0.03287671232876712,204.0,call,15.68,15.83,0.0,,,0.20227,0.97519,0.0069,0.02448,-0.01744,0.07081,spy_options_2016.parquet,2660822
SPY,2016-12-02,2016-12-02T16:00:00-05:00,219.7,2016-12-14,12.0,0.03287671232876712,204.0,put,0.11,0.12,0.12,23,,0.21456,-0.03249,0.00811,0.03009,-0.02359,-0.00299,spy_options_2016.parquet,2660822
SPY,2016-12-02,2016-12-02T16:00:00-05:00,219.7,2016-12-14,12.0,0.03287671232876712,204.5,call,15.18,15.32,0.0,,,0.19658,0.97455,0.00729,0.02417,-0.01774,0.07112,spy_options_2016.parquet,2660823
SPY,2016-12-02,2016-12-02T16:00:00-05:00,219.7,2016-12-14,12.0,0.03287671232876712,204.5,put,0.12,0.13,0.13,11,,0.21213,-0.03503,0.00889,0.03228,-0.0249,-0.00305,spy_options_2016.parquet,2660823
SPY,2016-12-02,2016-12-02T16:00:00-05:00,219.7,2016-12-14,12.0,0.03287671232876712,205.0,call,14.71,14.9,14.65,0,,0.20924,0.96225,0.00958,0.03466,-0.02602,0.0702,spy_options_2016.parquet,2660824
SPY,2016-12-02,2016-12-02T16:00:00-05:00,219.7,2016-12-14,12.0,0.03287671232876712,205.0,put,0.13,0.14,0.13,16,,0.20947,-0.03853,0.00959,0.03467,-0.02672,-0.00279,spy_options_2016.parquet,2660824
SPY,2016-12-02,2016-12-02T16:00:00-05:00,219.7,2016-12-14,12.0,0.03287671232876712,205.5,call,14.15,14.34,0.0,,,0.18444,0.9727,0.00812,0.02532,-0.01765,0.07099,spy_options_2016.parquet,2660825
SPY,2016-12-02,2016-12-02T16:00:00-05:00,219.7,2016-12-14,12.0,0.03287671232876712,205.5,put,0.14,0.14,0.14,80,,0.20564,-0.04094,0.01036,0.03661,-0.02778,-0.00324,spy_options_2016.parquet,2660825
SPY,2016-12-02,2016-12-02T16:00:00-05:00,219.7,2016-12-14,12.0,0.03287671232876712,206.0,call,13.69,13.88,0.0,,,0.19108,0.96367,0.00995,0.0331,-0.02329,0.07059,spy_options_2016.parquet,2660826
SPY,2016-12-02,2016-12-02T16:00:00-05:00,219.7,2016-12-14,12.0,0.03287671232876712,206.0,put,0.14,0.15,0.12,88,,0.20211,-0.04405,0.01119,0.03902,-0.02903,-0.0038,spy_options_2016.parquet,2660826
SPY,2016-12-02,2016-12-02T16:00:00-05:00,219.7,2016-12-14,12.0,0.03287671232876712,206.5,call,13.22,13.39,0.0,,,0.1908,0.95839,0.01118,0.03632,-0.02607,0.07015,spy_options_2016.parquet,2660827
SPY,2016-12-02,2016-12-02T16:00:00-05:00,219.7,2016-12-14,12.0,0.03287671232876712,206.5,put,0.16,0.17,0.22,0,,0.1986,-0.04801,0.01202,0.04113,-0.03039,-0.00416,spy_options_2016.parquet,2660827
SPY,2016-12-02,2016-12-02T16:00:00-05:00,219.7,2016-12-14,12.0,0.03287671232876712,207.0,call,12.69,12.84,0.0,,,0.17334,0.96692,0.01031,0.03046,-0.01903,0.07124,spy_options_2016.parquet,2660828
SPY,2016-12-02,2016-12-02T16:00:00-05:00,219.7,2016-12-14,12.0,0.03287671232876712,207.0,put,0.17,0.18,0.17,118,,0.19495,-0.05145,0.01301,0.04387,-0.03111,-0.0037,spy_options_2016.parquet,2660828
SPY,2016-12-02,2016-12-02T16:00:00-05:00,219.7,2016-12-14,12.0,0.03287671232876712,207.5,call,12.24,12.37,12.35,15,,0.18009,0.9547,0.01264,0.03946,-0.02628,0.07014,spy_options_2016.parquet,2660829
SPY,2016-12-02,2016-12-02T16:00:00-05:00,219.7,2016-12-14,12.0,0.03287671232876712,207.5,put,0.18,0.19,0.25,0,,0.19092,-0.05497,0.01395,0.04645,-0.03225,-0.00472,spy_options_2016.parquet,2660829
SPY,2016-12-02,2016-12-02T16:00:00-05:00,219.7,2016-12-14,12.0,0.03287671232876712,208.0,call,11.73,11.87,0.0,,,0.17105,0.95636,0.0131,0.03862,-0.02455,0.07016,spy_options_2016.parquet,2660830
SPY,2016-12-02,2016-12-02T16:00:00-05:00,219.7,2016-12-14,12.0,0.03287671232876712,208.0,put,0.2,0.21,0.21,33,,0.18851,-0.06065,0.01528,0.04938,-0.0345,-0.00503,spy_options_2016.parquet,2660830
SPY,2016-12-02,2016-12-02T16:00:00-05:00,219.7,2016-12-14,12.0,0.03287671232876712,208.5,call,11.24,11.39,0.0,,,0.17033,0.94974,0.01462,0.04252,-0.02702,0.07066,spy_options_2016.parquet,2660831
SPY,2016-12-02,2016-12-02T16:00:00-05:00,219.7,2016-12-14,12.0,0.03287671232876712,208.5,put,0.21,0.22,0.29,0,,0.18356,-0.06389,0.01648,0.05189,-0.03546,-0.00522,spy_options_2016.parquet,2660831
SPY,2016-12-02,2016-12-02T16:00:00-05:00,219.7,2016-12-14,12.0,0.03287671232876712,209.0,call,10.83,11.0,11.46,0,,0.18175,0.92887,0.01799,0.05596,-0.03851,0.06894,spy_options_2016.parquet,2660832
SPY,2016-12-02,2016-12-02T16:00:00-05:00,219.7,2016-12-14,12.0,0.03287671232876712,209.0,put,0.22,0.25,0.24,10,,0.18133,-0.06985,0.01792,0.05619,-0.03811,-0.00526,spy_options_2016.parquet,2660832
SPY,2016-12-02,2016-12-02T16:00:00-05:00,219.7,2016-12-14,12.0,0.03287671232876712,209.5,call,10.35,10.51,0.0,,,0.17815,0.92299,0.01947,0.06019,-0.0404,0.06865,spy_options_2016.parquet,2660833
SPY,2016-12-02,2016-12-02T16:00:00-05:00,219.7,2016-12-14,12.0,0.03287671232876712,209.5,put,0.25,0.25,0.27,1,,0.17702,-0.07532,0.01932,0.05927,-0.03928,-0.00608,spy_options_2016.parquet,2660833
SPY,2016-12-02,2016-12-02T16:00:00-05:00,219.7,2016-12-14,12.0,0.03287671232876712,210.0,call,9.8,9.94,9.76,0,,0.16127,0.93242,0.01952,0.05387,-0.03242,0.06975,spy_options_2016.parquet,2660834
SPY,2016-12-02,2016-12-02T16:00:00-05:00,219.7,2016-12-14,12.0,0.03287671232876712,210.0,put,0.27,0.28,0.28,535,,0.17315,-0.08165,0.02102,0.06324,-0.04123,-0.00626,spy_options_2016.parquet,2660834
SPY,2016-12-02,2016-12-02T16:00:00-05:00,219.7,2016-12-14,12.0,0.03287671232876712,210.5,call,9.33,9.47,0.0,,,0.15959,0.92408,0.02168,0.05914,-0.03586,0.06853,spy_options_2016.parquet,2660835
SPY,2016-12-02,2016-12-02T16:00:00-05:00,219.7,2016-12-14,12.0,0.03287671232876712,210.5,put,0.29,0.3,0.38,0,,0.17055,-0.08903,0.02291,0.06692,-0.04353,-0.00739,spy_options_2016.parquet,2660835
SPY,2016-12-02,2016-12-02T16:00:00-05:00,219.7,2016-12-14,12.0,0.03287671232876712,211.0,call,8.85,8.99,8.88,0,,0.15596,0.91658,0.02371,0.0637,-0.03776,0.06811,spy_options_2016.parquet,2660836
SPY,2016-12-02,2016-12-02T16:00:00-05:00,219.7,2016-12-14,12.0,0.03287671232876712,211.0,put,0.31,0.33,0.35,12,,0.16761,-0.09785,0.02498,0.07183,-0.04532,-0.00736,spy_options_2016.parquet,2660836
SPY,2016-12-02,2016-12-02T16:00:00-05:00,219.7,2016-12-14,12.0,0.03287671232876712,211.5,call,8.39,8.52,0.0,,,0.15467,0.90618,0.02617,0.0693,-0.04097,0.06811,spy_options_2016.parquet,2660837
SPY,2016-12-02,2016-12-02T16:00:00-05:00,219.7,2016-12-14,12.0,0.03287671232876712,211.5,put,0.33,0.35,0.37,1,,0.16274,-0.10586,0.02706,0.07618,-0.04662,-0.00829,spy_options_2016.parquet,2660837
SPY,2016-12-02,2016-12-02T16:00:00-05:00,219.7,2016-12-14,12.0,0.03287671232876712,212.0,call,7.93,8.05,8.11,0,,0.15267,0.89368,0.02887,0.07571,-0.04413,0.06691,spy_options_2016.parquet,2660838
SPY,2016-12-02,2016-12-02T16:00:00-05:00,219.7,2016-12-14,12.0,0.03287671232876712,212.0,put,0.38,0.39,0.41,59,,0.16071,-0.11671,0.02957,0.08158,-0.04957,-0.00941,spy_options_2016.parquet,2660838
SPY,2016-12-02,2016-12-02T16:00:00-05:00,219.7,2016-12-14,12.0,0.03287671232876712,212.5,call,7.45,7.6,0.0,,,0.14801,0.88445,0.03158,0.08021,-0.04607,0.06677,spy_options_2016.parquet,2660839
SPY,2016-12-02,2016-12-02T16:00:00-05:00,219.7,2016-12-14,12.0,0.03287671232876712,212.5,put,0.41,0.43,0.45,66,,0.15658,-0.12813,0.03222,0.08661,-0.05153,-0.00976,spy_options_2016.parquet,2660839
SPY,2016-12-02,2016-12-02T16:00:00-05:00,219.7,2016-12-14,12.0,0.03287671232876712,213.0,call,7.03,7.19,7.0,23,,0.15151,0.86202,0.03495,0.09151,-0.0526,0.06534,spy_options_2016.parquet,2660840
SPY,2016-12-02,2016-12-02T16:00:00-05:00,219.7,2016-12-14,12.0,0.03287671232876712,213.0,put,0.47,0.47,0.45,,,0.15352,-0.14078,0.03505,0.09272,-0.05443,-0.01149,spy_options_2016.parquet,2660840
SPY,2016-12-02,2016-12-02T16:00:00-05:00,219.7,2016-12-14,12.0,0.03287671232876712,213.5,call,6.56,6.68,0.0,,,0.1441,0.85514,0.03807,0.09443,-0.05244,0.06429,spy_options_2016.parquet,2660841
SPY,2016-12-02,2016-12-02T16:00:00-05:00,219.7,2016-12-14,12.0,0.03287671232876712,213.5,put,0.5,0.51,0.51,536,,0.1504,-0.15473,0.03814,0.09899,-0.05736,-0.01186,spy_options_2016.parquet,2660841
SPY,2016-12-02,2016-12-02T16:00:00-05:00,219.7,2016-12-14,12.0,0.03287671232876712,214.0,call,6.14,6.3,6.13,865,,0.14676,0.83078,0.04144,0.10464,-0.05874,0.06242,spy_options_2016.parquet,2660842
SPY,2016-12-02,2016-12-02T16:00:00-05:00,219.7,2016-12-14,12.0,0.03287671232876712,214.0,put,0.55,0.57,0.59,60,,0.14755,-0.17015,0.04147,0.10539,-0.05932,-0.01342,spy_options_2016.parquet,2660842
SPY,2016-12-02,2016-12-02T16:00:00-05:00,219.7,2016-12-14,12.0,0.03287671232876712,214.5,call,5.69,5.79,0.0,,,0.13935,0.82033,0.0453,0.10833,-0.0589,0.0625,spy_options_2016.parquet,2660843
SPY,2016-12-02,2016-12-02T16:00:00-05:00,219.7,2016-12-14,12.0,0.03287671232876712,214.5,put,0.61,0.63,0.67,70,,0.1447,-0.18658,0.04493,0.11119,-0.06197,-0.0143,spy_options_2016.parquet,2660843
SPY,2016-12-02,2016-12-02T16:00:00-05:00,219.7,2016-12-14,12.0,0.03287671232876712,215.0,call,5.3,5.41,5.24,,,0.14083,0.79517,0.04882,0.11779,-0.0643,0.06027,spy_options_2016.parquet,2660844
SPY,2016-12-02,2016-12-02T16:00:00-05:00,219.7,2016-12-14,12.0,0.03287671232876712,215.0,put,0.69,0.7,0.68,165,,0.14096,-0.20659,0.04866,0.11867,-0.06438,-0.01664,spy_options_2016.parquet,2660844
SPY,2016-12-02,2016-12-02T16:00:00-05:00,219.7,2016-12-14,12.0,0.03287671232876712,215.5,call,4.83,4.92,4.92,3,,0.13355,0.77951,0.05342,0.12246,-0.06327,0.05958,spy_options_2016.parquet,2660845
SPY,2016-12-02,2016-12-02T16:00:00-05:00,219.7,2016-12-14,12.0,0.03287671232876712,215.5,put,0.76,0.79,0.71,2,,0.13877,-0.22862,0.05246,0.12566,-0.06817,-0.01757,spy_options_2016.parquet,2660845
SPY,2016-12-02,2016-12-02T16:00:00-05:00,219.7,2016-12-14,12.0,0.03287671232876712,216.0,call,4.42,4.48,4.52,,,0.13073,0.75657,0.05784,0.13017,-0.06616,0.05729,spy_options_2016.parquet,2660846
SPY,2016-12-02,2016-12-02T16:00:00-05:00,219.7,2016-12-14,12.0,0.03287671232876712,216.0,put,0.83,0.85,0.85,152,,0.13412,-0.24919,0.05693,0.13185,-0.06866,-0.01994,spy_options_2016.parquet,2660846
SPY,2016-12-02,2016-12-02T16:00:00-05:00,219.7,2016-12-14,12.0,0.03287671232876712,216.5,call,4.03,4.08,4.11,386,,0.12802,0.73033,0.06229,0.13669,-0.06786,0.05564,spy_options_2016.parquet,2660847
SPY,2016-12-02,2016-12-02T16:00:00-05:00,219.7,2016-12-14,12.0,0.03287671232876712,216.5,put,0.94,0.95,0.95,,,0.13317,-0.27615,0.06081,0.13838,-0.07151,-0.02189,spy_options_2016.parquet,2660847
SPY,2016-12-02,2016-12-02T16:00:00-05:00,219.7,2016-12-14,12.0,0.03287671232876712,217.0,call,3.65,3.69,3.72,,,0.12564,0.70093,0.06659,0.14339,-0.07094,0.05367,spy_options_2016.parquet,2660848
SPY,2016-12-02,2016-12-02T16:00:00-05:00,219.7,2016-12-14,12.0,0.03287671232876712,217.0,put,1.04,1.07,1.05,,,0.1299,-0.30444,0.06504,0.1454,-0.07348,-0.02398,spy_options_2016.parquet,2660848
SPY,2016-12-02,2016-12-02T16:00:00-05:00,219.7,2016-12-14,12.0,0.03287671232876712,217.5,call,3.28,3.31,3.22,213,,0.12372,0.66976,0.07091,0.15064,-0.07272,0.05091,spy_options_2016.parquet,2660849
SPY,2016-12-02,2016-12-02T16:00:00-05:00,219.7,2016-12-14,12.0,0.03287671232876712,217.5,put,1.15,1.18,1.22,205,,0.12605,-0.33426,0.06957,0.15117,-0.07443,-0.02642,spy_options_2016.parquet,2660849
SPY,2016-12-02,2016-12-02T16:00:00-05:00,219.7,2016-12-14,12.0,0.03287671232876712,218.0,call,2.93,2.99,2.94,547,,0.12245,0.63348,0.07423,0.1564,-0.07427,0.04815,spy_options_2016.parquet,2660850
SPY,2016-12-02,2016-12-02T16:00:00-05:00,219.7,2016-12-14,12.0,0.03287671232876712,218.0,put,1.3,1.31,1.28,207,,0.12274,-0.36709,0.07384,0.15632,-0.07492,-0.02883,spy_options_2016.parquet,2660850
SPY,2016-12-02,2016-12-02T16:00:00-05:00,219.7,2016-12-14,12.0,0.03287671232876712,218.5,call,2.56,2.59,2.55,188,,0.11754,0.59946,0.07955,0.16051,-0.07368,0.04603,spy_options_2016.parquet,2660851
SPY,2016-12-02,2016-12-02T16:00:00-05:00,219.7,2016-12-14,12.0,0.03287671232876712,218.5,put,1.45,1.48,1.44,,,0.12067,-0.40316,0.07714,0.16007,-0.07597,-0.03173,spy_options_2016.parquet,2660851
SPY,2016-12-02,2016-12-02T16:00:00-05:00,219.7,2016-12-14,12.0,0.03287671232876712,219.0,call,2.25,2.3,2.26,328,,0.11655,0.55961,0.08153,0.16392,-0.0751,0.04272,spy_options_2016.parquet,2660852
SPY,2016-12-02,2016-12-02T16:00:00-05:00,219.7,2016-12-14,12.0,0.03287671232876712,219.0,put,1.62,1.65,1.61,846,,0.11745,-0.44106,0.08093,0.16305,-0.0754,-0.03464,spy_options_2016.parquet,2660852
SPY,2016-12-02,2016-12-02T16:00:00-05:00,219.7,2016-12-14,12.0,0.03287671232876712,219.5,call,1.92,1.96,2.05,,,0.11256,0.51896,0.08547,0.16486,-0.07305,0.03952,spy_options_2016.parquet,2660853
SPY,2016-12-02,2016-12-02T16:00:00-05:00,219.7,2016-12-14,12.0,0.03287671232876712,219.5,put,1.82,1.84,1.7,,,0.11588,-0.48147,0.08273,0.16476,-0.07529,-0.03723,spy_options_2016.parquet,2660853
SPY,2016-12-02,2016-12-02T16:00:00-05:00,219.7,2016-12-14,12.0,0.03287671232876712,220.0,call,1.66,1.67,1.64,,,0.11078,0.47515,0.08686,0.16513,-0.07126,0.03635,spy_options_2016.parquet,2660854
SPY,2016-12-02,2016-12-02T16:00:00-05:00,219.7,2016-12-14,12.0,0.03287671232876712,220.0,put,1.99,2.04,2.06,,,0.11198,-0.52441,0.08599,0.16548,-0.07257,-0.0407,spy_options_2016.parquet,2660854
SPY,2016-12-02,2016-12-02T16:00:00-05:00,219.7,2016-12-14,12.0,0.03287671232876712,220.5,call,1.38,1.4,1.42,,,0.10747,0.43023,0.08822,0.16274,-0.06852,0.03339,spy_options_2016.parquet,2660855
SPY,2016-12-02,2016-12-02T16:00:00-05:00,219.7,2016-12-14,12.0,0.03287671232876712,220.5,put,2.27,2.3,2.16,,,0.11104,-0.56704,0.08534,0.16328,-0.07071,-0.04341,spy_options_2016.parquet,2660855
SPY,2016-12-02,2016-12-02T16:00:00-05:00,219.7,2016-12-14,12.0,0.03287671232876712,221.0,call,1.15,1.17,1.17,833,,0.1052,0.38479,0.08762,0.15856,-0.06557,0.02915,spy_options_2016.parquet,2660856
SPY,2016-12-02,2016-12-02T16:00:00-05:00,219.7,2016-12-14,12.0,0.03287671232876712,221.0,put,2.49,2.56,2.22,,,0.1073,-0.61258,0.08581,0.15842,-0.06653,-0.04639,spy_options_2016.parquet,2660856
SPY,2016-12-02,2016-12-02T16:00:00-05:00,219.7,2016-12-14,12.0,0.03287671232876712,221.5,call,0.92,0.93,0.96,,,0.10224,0.33647,0.08648,0.15113,-0.06003,0.02609,spy_options_2016.parquet,2660857
SPY,2016-12-02,2016-12-02T16:00:00-05:00,219.7,2016-12-14,12.0,0.03287671232876712,221.5,put,2.76,2.83,3.0,63,,0.10416,-0.65931,0.08473,0.15219,-0.06158,-0.04902,spy_options_2016.parquet,2660857
SPY,2016-12-02,2016-12-02T16:00:00-05:00,219.7,2016-12-14,12.0,0.03287671232876712,222.0,call,0.76,0.79,0.78,441,,0.10221,0.29504,0.08158,0.14306,-0.05672,0.02265,spy_options_2016.parquet,2660858
SPY,2016-12-02,2016-12-02T16:00:00-05:00,219.7,2016-12-14,12.0,0.03287671232876712,222.0,put,3.07,3.14,3.1,112,,0.10178,-0.70603,0.0817,0.14301,-0.05692,-0.05162,spy_options_2016.parquet,2660858
SPY,2016-12-02,2016-12-02T16:00:00-05:00,219.7,2016-12-14,12.0,0.03287671232876712,222.5,call,0.59,0.62,0.61,495,,0.09898,0.24912,0.07755,0.13128,-0.04988,0.0193,spy_options_2016.parquet,2660859
SPY,2016-12-02,2016-12-02T16:00:00-05:00,219.7,2016-12-14,12.0,0.03287671232876712,222.5,put,3.46,3.58,3.42,130,,0.10571,-0.73663,0.07425,0.13546,-0.05573,-0.05343,spy_options_2016.parquet,2660859
SPY,2016-12-02,2016-12-02T16:00:00-05:00,219.7,2016-12-14,12.0,0.03287671232876712,223.0,call,0.46,0.49,0.52,585,,0.09712,0.20804,0.07126,0.11932,-0.04517,0.01656,spy_options_2016.parquet,2660860
SPY,2016-12-02,2016-12-02T16:00:00-05:00,219.7,2016-12-14,12.0,0.03287671232876712,223.0,put,3.81,3.94,3.86,36,,0.10365,-0.77602,0.06907,0.12396,-0.04972,-0.05455,spy_options_2016.parquet,2660860
SPY,2016-12-02,2016-12-02T16:00:00-05:00,219.7,2016-12-14,12.0,0.03287671232876712,223.5,call,0.35,0.37,0.37,350,,0.09569,0.17136,0.06417,0.10501,-0.03842,0.01341,spy_options_2016.parquet,2660861
SPY,2016-12-02,2016-12-02T16:00:00-05:00,219.7,2016-12-14,12.0,0.03287671232876712,223.5,put,4.15,4.31,0.0,,,0.09944,-0.81803,0.06286,0.11014,-0.04183,-0.05553,spy_options_2016.parquet,2660861
SPY,2016-12-02,2016-12-02T16:00:00-05:00,219.7,2016-12-14,12.0,0.03287671232876712,224.0,call,0.27,0.28,0.27,526,,0.0944,0.13921,0.05647,0.09193,-0.03368,0.01115,spy_options_2016.parquet,2660862
SPY,2016-12-02,2016-12-02T16:00:00-05:00,219.7,2016-12-14,12.0,0.03287671232876712,224.0,put,4.56,4.74,4.79,8,,0.09879,-0.84713,0.0554,0.09823,-0.03669,-0.05509,spy_options_2016.parquet,2660862
SPY,2016-12-02,2016-12-02T16:00:00-05:00,219.7,2016-12-14,12.0,0.03287671232876712,224.5,call,0.2,0.22,0.21,800,,0.09442,0.11393,0.04901,0.08024,-0.02874,0.00838,spy_options_2016.parquet,2660863
SPY,2016-12-02,2016-12-02T16:00:00-05:00,219.7,2016-12-14,12.0,0.03287671232876712,224.5,put,5.04,5.2,4.89,0,,0.10438,-0.86214,0.04883,0.09174,-0.03613,-0.05447,spy_options_2016.parquet,2660863
SPY,2016-12-02,2016-12-02T16:00:00-05:00,219.7,2016-12-14,12.0,0.03287671232876712,225.0,call,0.14,0.15,0.15,380,,0.09347,0.08811,0.0413,0.06559,-0.02309,0.0069,spy_options_2016.parquet,2660864
SPY,2016-12-02,2016-12-02T16:00:00-05:00,219.7,2016-12-14,12.0,0.03287671232876712,225.0,put,5.49,5.65,5.86,0,,0.10565,-0.88127,0.04241,0.08206,-0.03301,-0.05321,spy_options_2016.parquet,2660864
SPY,2016-12-02,2016-12-02T16:00:00-05:00,219.7,2016-12-14,12.0,0.03287671232876712,225.5,call,0.11,0.12,0.12,22,,0.09319,0.06819,0.03428,0.05502,-0.01918,0.00551,spy_options_2016.parquet,2660865
SPY,2016-12-02,2016-12-02T16:00:00-05:00,219.7,2016-12-14,12.0,0.03287671232876712,225.5,put,5.95,6.1,0.0,,,0.10564,-0.89947,0.03597,0.07351,-0.02953,-0.05024,spy_options_2016.parquet,2660865
SPY,2016-12-02,2016-12-02T16:00:00-05:00,219.7,2016-12-14,12.0,0.03287671232876712,226.0,call,0.08,0.09,0.09,199,,0.09246,0.05281,0.0281,0.04503,-0.01521,0.0042,spy_options_2016.parquet,2660866
SPY,2016-12-02,2016-12-02T16:00:00-05:00,219.7,2016-12-14,12.0,0.03287671232876712,226.0,put,6.42,6.59,6.51,10,,0.11053,-0.90664,0.03147,0.06897,-0.02899,-0.04933,spy_options_2016.parquet,2660866
SPY,2016-12-02,2016-12-02T16:00:00-05:00,219.7,2016-12-14,12.0,0.03287671232876712,226.5,call,0.07,0.06,0.07,103,,0.09337,0.04178,0.02311,0.03694,-0.01278,0.00333,spy_options_2016.parquet,2660867
SPY,2016-12-02,2016-12-02T16:00:00-05:00,219.7,2016-12-14,12.0,0.03287671232876712,226.5,put,6.86,7.06,0.0,,,0.11012,-0.91996,0.02578,0.06063,-0.02475,-0.04571,spy_options_2016.parquet,2660867
SPY,2016-12-02,2016-12-02T16:00:00-05:00,219.7,2016-12-14,12.0,0.03287671232876712,227.0,call,0.05,0.06,0.06,119,,0.09572,0.03594,0.01965,0.03229,-0.01187,0.00261,spy_options_2016.parquet,2660868
SPY,2016-12-02,2016-12-02T16:00:00-05:00,219.7,2016-12-14,12.0,0.03287671232876712,227.0,put,7.38,7.58,7.62,64,,0.11948,-0.91855,0.02435,0.06117,-0.02724,-0.04656,spy_options_2016.parquet,2660868
SPY,2016-12-02,2016-12-02T16:00:00-05:00,219.7,2016-12-14,12.0,0.03287671232876712,227.5,call,0.04,0.04,0.07,0,,0.09717,0.02938,0.0164,0.02753,-0.00984,0.00196,spy_options_2016.parquet,2660869
SPY,2016-12-02,2016-12-02T16:00:00-05:00,219.7,2016-12-14,12.0,0.03287671232876712,227.5,put,7.83,8.02,0.0,,,0.11724,-0.9328,0.01813,0.05263,-0.0234,-0.04038,spy_options_2016.parquet,2660869
SPY,2016-12-02,2016-12-02T16:00:00-05:00,219.7,2016-12-14,12.0,0.03287671232876712,228.0,call,0.04,0.05,0.05,7,,0.1024,0.02766,0.01501,0.02614,-0.01005,0.00213,spy_options_2016.parquet,2660870
SPY,2016-12-02,2016-12-02T16:00:00-05:00,219.7,2016-12-14,12.0,0.03287671232876712,228.0,put,8.31,8.5,0.0,,,0.11544,-0.94144,0.01247,0.04743,-0.02044,-0.03522,spy_options_2016.parquet,2660870
SPY,2016-12-02,2016-12-02T16:00:00-05:00,219.7,2016-12-14,12.0,0.03287671232876712,228.5,call,0.03,0.04,0.05,10,,0.10299,0.02224,0.01226,0.02155,-0.00774,0.00129,spy_options_2016.parquet,2660871
SPY,2016-12-02,2016-12-02T16:00:00-05:00,219.7,2016-12-14,12.0,0.03287671232876712,228.5,put,8.79,9.0,0.0,,,0.12171,-0.94157,0.01132,0.04679,-0.02173,-0.03417,spy_options_2016.parquet,2660871
SPY,2016-12-02,2016-12-02T16:00:00-05:00,219.7,2016-12-14,12.0,0.03287671232876712,229.0,call,0.04,0.05,0.04,0,,0.10776,0.02139,0.01138,0.02097,-0.00805,0.00131,spy_options_2016.parquet,2660872
SPY,2016-12-02,2016-12-02T16:00:00-05:00,219.7,2016-12-14,12.0,0.03287671232876712,229.0,put,9.33,9.51,0.0,,,0.13323,-0.93724,0.0128,0.04946,-0.02443,-0.0373,spy_options_2016.parquet,2660872
SPY,2016-12-02,2016-12-02T16:00:00-05:00,219.7,2016-12-14,12.0,0.03287671232876712,229.5,call,0.02,0.04,0.0,,,0.11236,0.02051,0.01053,0.02028,-0.00777,0.00132,spy_options_2016.parquet,2660873
SPY,2016-12-02,2016-12-02T16:00:00-05:00,219.7,2016-12-14,12.0,0.03287671232876712,229.5,put,9.87,10.03,0.0,,,0.14477,-0.93237,0.01407,0.0524,-0.02847,-0.04073,spy_options_2016.parquet,2660873
SPY,2016-12-02,2016-12-02T16:00:00-05:00,219.7,2016-12-14,12.0,0.03287671232876712,230.0,call,0.01,0.03,0.02,21,,0.11209,0.01558,0.00828,0.01569,-0.00641,0.00122,spy_options_2016.parquet,2660874
SPY,2016-12-02,2016-12-02T16:00:00-05:00,219.7,2016-12-14,12.0,0.03287671232876712,230.0,put,10.35,10.56,0.0,,,0.15198,-0.93258,0.01328,0.05262,-0.02989,-0.04036,spy_options_2016.parquet,2660874
SPY,2016-12-02,2016-12-02T16:00:00-05:00,219.7,2016-12-14,12.0,0.03287671232876712,235.0,call,0.01,0.03,0.02,0,,0.14622,0.00779,0.00348,0.00883,-0.00465,9e-05,spy_options_2016.parquet,2660875
SPY,2016-12-02,2016-12-02T16:00:00-05:00,219.7,2016-12-14,12.0,0.03287671232876712,235.0,put,15.28,15.47,0.0,,,0.19544,-0.94359,0.00305,0.04401,-0.03275,-0.02736,spy_options_2016.parquet,2660875
SPY,2016-12-02,2016-12-02T16:00:00-05:00,219.7,2016-12-16,14.0,0.038356164383561646,150.0,call,69.56,69.83,0.0,,,1.16105,0.91951,0.00016,0.04971,-0.0252,0.0058,spy_options_2016.parquet,2660905
SPY,2016-12-02,2016-12-02T16:00:00-05:00,219.7,2016-12-16,14.0,0.038356164383561646,150.0,put,0.0,0.01,0.01,0,,0.59794,-0.0004,6e-05,0.00145,-0.00151,0.0,spy_options_2016.parquet,2660905
SPY,2016-12-02,2016-12-02T16:00:00-05:00,219.7,2016-12-16,14.0,0.038356164383561646,151.0,call,68.54,68.83,0.0,,,1.13647,0.91971,0.00018,0.0492,-0.02011,0.00588,spy_options_2016.parquet,2660906
SPY,2016-12-02,2016-12-02T16:00:00-05:00,219.7,2016-12-16,14.0,0.038356164383561646,151.0,put,0.0,0.02,0.0,,,0.58762,-0.00072,0.0001,0.00144,-0.00159,-0.00012,spy_options_2016.parquet,2660906
SPY,2016-12-02,2016-12-02T16:00:00-05:00,219.7,2016-12-16,14.0,0.038356164383561646,152.0,call,66.07,69.23,0.0,,,,1.0,0.0,0.0,0.0,0.0,spy_options_2016.parquet,2660907
SPY,2016-12-02,2016-12-02T16:00:00-05:00,219.7,2016-12-16,14.0,0.038356164383561646,152.0,put,0.0,0.01,0.0,,,0.57773,-0.00066,0.00011,0.00066,-0.00142,0.0,spy_options_2016.parquet,2660907
SPY,2016-12-02,2016-12-02T16:00:00-05:00,219.7,2016-12-16,14.0,0.038356164383561646,153.0,call,65.07,68.21,0.0,,,,1.0,0.0,0.0,0.0,0.0,spy_options_2016.parquet,2660908
SPY,2016-12-02,2016-12-02T16:00:00-05:00,219.7,2016-12-16,14.0,0.038356164383561646,153.0,put,0.0,0.01,0.0,,,0.56886,-0.00116,0.00014,0.00149,-0.00149,-0.00011,spy_options_2016.parquet,2660908
SPY,2016-12-02,2016-12-02T16:00:00-05:00,219.7,2016-12-16,14.0,0.038356164383561646,154.0,call,65.55,65.84,0.0,,,1.06804,0.92258,0.00021,0.0485,-0.03012,0.00601,spy_options_2016.parquet,2660909
SPY,2016-12-02,2016-12-02T16:00:00-05:00,219.7,2016-12-16,14.0,0.038356164383561646,154.0,put,0.0,0.01,0.0,,,0.55916,-0.00022,9e-05,0.00131,-0.00172,0.0,spy_options_2016.parquet,2660909
SPY,2016-12-02,2016-12-02T16:00:00-05:00,219.7,2016-12-16,14.0,0.038356164383561646,155.0,call,64.56,64.84,0.0,,,1.04522,0.9225,0.00018,0.04858,-0.03067,0.00581,spy_options_2016.parquet,2660910
SPY,2016-12-02,2016-12-02T16:00:00-05:00,219.7,2016-12-16,14.0,0.038356164383561646,155.0,put,0.0,0.01,0.0,,,0.54912,-0.00059,7e-05,0.00101,-0.00192,-0.00032,spy_options_2016.parquet,2660910
SPY,2016-12-02,2016-12-02T16:00:00-05:00,219.7,2016-12-16,14.0,0.038356164383561646,156.0,call,62.06,65.22,0.0,,,,1.0,0.0,0.0,0.0,0.0,spy_options_2016.parquet,2660911
SPY,2016-12-02,2016-12-02T16:00:00-05:00,219.7,2016-12-16,14.0,0.038356164383561646,156.0,put,0.0,0.01,0.0,,,0.54034,-0.00079,0.00013,0.00082,-0.00201,-0.00055,spy_options_2016.parquet,2660911
SPY,2016-12-02,2016-12-02T16:00:00-05:00,219.7,2016-12-16,14.0,0.038356164383561646,157.0,call,61.06,64.23,0.0,,,,1.0,0.0,0.0,0.0,0.0,spy_options_2016.parquet,2660912
SPY,2016-12-02,2016-12-02T16:00:00-05:00,219.7,2016-12-16,14.0,0.038356164383561646,157.0,put,0.0,0.01,0.0,,,0.53025,-0.00063,0.00015,0.00099,-0.0018,0.0,spy_options_2016.parquet,2660912
SPY,2016-12-02,2016-12-02T16:00:00-05:00,219.7,2016-12-16,14.0,0.038356164383561646,158.0,call,60.06,63.23,0.0,,,,1.0,0.0,0.0,0.0,0.0,spy_options_2016.parquet,2660913
SPY,2016-12-02,2016-12-02T16:00:00-05:00,219.7,2016-12-16,14.0,0.038356164383561646,158.0,put,0.0,0.01,0.0,,,0.5209,-0.00049,0.00013,0.0011,-0.0015,0.0,spy_options_2016.parquet,2660913
SPY,2016-12-02,2016-12-02T16:00:00-05:00,219.7,2016-12-16,14.0,0.038356164383561646,159.0,call,59.06,62.22,0.0,,,,1.0,0.0,0.0,0.0,0.0,spy_options_2016.parquet,2660914
SPY,2016-12-02,2016-12-02T16:00:00-05:00,219.7,2016-12-16,14.0,0.038356164383561646,159.0,put,0.0,0.02,0.0,,,0.51132,-0.00068,0.00012,0.00129,-0.0021,-0.0002,spy_options_2016.parquet,2660914
SPY,2016-12-02,2016-12-02T16:00:00-05:00,219.7,2016-12-16,14.0,0.038356164383561646,160.0,call,59.43,59.73,0.0,,,,1.0,0.0,0.0,0.0,0.0,spy_options_2016.parquet,2660915
SPY,2016-12-02,2016-12-02T16:00:00-05:00,219.7,2016-12-16,14.0,0.038356164383561646,160.0,put,0.0,0.01,0.0,,,0.50249,-0.00062,0.00014,0.00149,-0.00166,0.0,spy_options_2016.parquet,2660915
SPY,2016-12-02,2016-12-02T16:00:00-05:00,219.7,2016-12-16,14.0,0.038356164383561646,161.0,call,57.07,60.23,0.0,,,,1.0,0.0,0.0,0.0,0.0,spy_options_2016.parquet,2660916
SPY,2016-12-02,2016-12-02T16:00:00-05:00,219.7,2016-12-16,14.0,0.038356164383561646,161.0,put,0.0,0.01,0.0,,,0.49303,-0.00049,0.00014,0.0017,-0.00171,0.0,spy_options_2016.parquet,2660916
SPY,2016-12-02,2016-12-02T16:00:00-05:00,219.7,2016-12-16,14.0,0.038356164383561646,162.0,call,57.47,57.75,0.0,,,,1.0,0.0,0.0,0.0,0.0,spy_options_2016.parquet,2660917
SPY,2016-12-02,2016-12-02T16:00:00-05:00,219.7,2016-12-16,14.0,0.038356164383561646,162.0,put,0.0,0.02,0.0,,,0.48376,-0.00034,0.0001,0.00083,-0.00217,-9e-05,spy_options_2016.parquet,2660917
SPY,2016-12-02,2016-12-02T16:00:00-05:00,219.7,2016-12-16,14.0,0.038356164383561646,163.0,call,56.45,56.74,0.0,,,,1.0,0.0,0.0,0.0,0.0,spy_options_2016.parquet,2660918
SPY,2016-12-02,2016-12-02T16:00:00-05:00,219.7,2016-12-16,14.0,0.038356164383561646,163.0,put,0.0,0.0,0.0,,,0.47461,-0.00057,0.00015,0.0009,-0.00162,-0.00011,spy_options_2016.parquet,2660918
SPY,2016-12-02,2016-12-02T16:00:00-05:00,219.7,2016-12-16,14.0,0.038356164383561646,164.0,call,55.54,55.81,0.0,,,0.84905,0.92976,0.00025,0.04645,-0.01012,0.00614,spy_options_2016.parquet,2660919
SPY,2016-12-02,2016-12-02T16:00:00-05:00,219.7,2016-12-16,14.0,0.038356164383561646,164.0,put,0.0,0.01,0.01,198,,0.46623,-0.00109,0.00015,0.00092,-0.00166,-0.00032,spy_options_2016.parquet,2660919
SPY,2016-12-02,2016-12-02T16:00:00-05:00,219.7,2016-12-16,14.0,0.038356164383561646,165.0,call,54.45,54.72,0.0,,,,1.0,0.0,0.0,0.0,0.0,spy_options_2016.parquet,2660920
SPY,2016-12-02,2016-12-02T16:00:00-05:00,219.7,2016-12-16,14.0,0.038356164383561646,165.0,put,0.0,0.01,0.01,,,0.45706,-0.00043,0.00016,0.00131,-0.00223,0.0,spy_options_2016.parquet,2660920
SPY,2016-12-02,2016-12-02T16:00:00-05:00,219.7,2016-12-16,14.0,0.038356164383561646,166.0,call,52.08,55.22,0.0,,,,1.0,0.0,0.0,0.0,0.0,spy_options_2016.parquet,2660921
SPY,2016-12-02,2016-12-02T16:00:00-05:00,219.7,2016-12-16,14.0,0.038356164383561646,166.0,put,0.01,0.01,0.01,,,0.49417,-0.00209,0.00032,0.00331,-0.00483,0.0,spy_options_2016.parquet,2660921
SPY,2016-12-02,2016-12-02T16:00:00-05:00,219.7,2016-12-16,14.0,0.038356164383561646,167.0,call,52.45,52.74,0.0,,,,1.0,0.0,0.0,0.0,0.0,spy_options_2016.parquet,2660922
SPY,2016-12-02,2016-12-02T16:00:00-05:00,219.7,2016-12-16,14.0,0.038356164383561646,167.0,put,0.01,0.02,0.01,,,0.48453,-0.00208,0.00034,0.0032,-0.00428,0.0,spy_options_2016.parquet,2660922
SPY,2016-12-02,2016-12-02T16:00:00-05:00,219.7,2016-12-16,14.0,0.038356164383561646,168.0,call,51.45,51.73,0.0,,,,1.0,0.0,0.0,0.0,0.0,spy_options_2016.parquet,2660923
SPY,2016-12-02,2016-12-02T16:00:00-05:00,219.7,2016-12-16,14.0,0.038356164383561646,168.0,put,0.01,0.02,0.01,,,0.47553,-0.00238,0.00034,0.0036,-0.00497,-0.00062,spy_options_2016.parquet,2660923
SPY,2016-12-02,2016-12-02T16:00:00-05:00,219.7,2016-12-16,14.0,0.038356164383561646,169.0,call,50.54,50.82,0.0,,,0.75243,0.93351,0.00038,0.04551,-0.01539,0.00677,spy_options_2016.parquet,2660924
SPY,2016-12-02,2016-12-02T16:00:00-05:00,219.7,2016-12-16,14.0,0.038356164383561646,169.0,put,0.01,0.02,0.01,,,0.46589,-0.00279,0.00034,0.00344,-0.00447,0.0,spy_options_2016.parquet,2660924
SPY,2016-12-02,2016-12-02T16:00:00-05:00,219.7,2016-12-16,14.0,0.038356164383561646,170.0,call,49.46,49.73,49.78,70,,,1.0,0.0,0.0,0.0,0.0,spy_options_2016.parquet,2660925
SPY,2016-12-02,2016-12-02T16:00:00-05:00,219.7,2016-12-16,14.0,0.038356164383561646,170.0,put,0.0,0.02,0.01,69,,0.45518,-0.00218,0.00034,0.00378,-0.00412,-0.00066,spy_options_2016.parquet,2660925
SPY,2016-12-02,2016-12-02T16:00:00-05:00,219.7,2016-12-16,14.0,0.038356164383561646,171.0,call,48.53,48.82,0.0,,,0.7144,0.93424,0.00032,0.04557,-0.01037,0.00625,spy_options_2016.parquet,2660926
SPY,2016-12-02,2016-12-02T16:00:00-05:00,219.7,2016-12-16,14.0,0.038356164383561646,171.0,put,0.02,0.02,0.02,35,,0.44651,-0.00213,0.00039,0.00315,-0.00427,-0.00038,spy_options_2016.parquet,2660926
SPY,2016-12-02,2016-12-02T16:00:00-05:00,219.7,2016-12-16,14.0,0.038356164383561646,172.0,call,47.48,47.75,0.0,,,,1.0,0.0,0.0,0.0,0.0,spy_options_2016.parquet,2660927
SPY,2016-12-02,2016-12-02T16:00:00-05:00,219.7,2016-12-16,14.0,0.038356164383561646,172.0,put,0.02,0.02,0.02,140,,0.43607,-0.00291,0.00036,0.00338,-0.00481,-3e-05,spy_options_2016.parquet,2660927
SPY,2016-12-02,2016-12-02T16:00:00-05:00,219.7,2016-12-16,14.0,0.038356164383561646,173.0,call,46.56,46.83,0.0,,,0.67951,0.93606,0.00043,0.04483,-0.01995,0.00684,spy_options_2016.parquet,2660928
SPY,2016-12-02,2016-12-02T16:00:00-05:00,219.7,2016-12-16,14.0,0.038356164383561646,173.0,put,0.0,0.02,0.02,200,,0.42712,-0.00261,0.00044,0.00389,-0.00464,-0.00024,spy_options_2016.parquet,2660928
SPY,2016-12-02,2016-12-02T16:00:00-05:00,219.7,2016-12-16,14.0,0.038356164383561646,174.0,call,45.49,45.74,45.82,20,,,1.0,0.0,0.0,0.0,0.0,spy_options_2016.parquet,2660929
SPY,2016-12-02,2016-12-02T16:00:00-05:00,219.7,2016-12-16,14.0,0.038356164383561646,174.0,put,0.02,0.02,0.02,790,,0.41779,-0.00231,0.00043,0.00411,-0.00438,-0.00064,spy_options_2016.parquet,2660929
SPY,2016-12-02,2016-12-02T16:00:00-05:00,219.7,2016-12-16,14.0,0.038356164383561646,175.0,call,44.45,44.74,44.7,18,,,1.0,0.0,0.0,0.0,0.0,spy_options_2016.parquet,2660930
SPY,2016-12-02,2016-12-02T16:00:00-05:00,219.7,2016-12-16,14.0,0.038356164383561646,175.0,put,0.02,0.02,0.02,898,,0.43013,-0.0037,0.00059,0.00559,-0.00722,-0.00068,spy_options_2016.parquet,2660930
SPY,2016-12-02,2016-12-02T16:00:00-05:00,219.7,2016-12-16,14.0,0.038356164383561646,176.0,call,43.53,43.79,43.76,8,,,1.0,0.0,0.0,0.0,0.0,spy_options_2016.parquet,2660931
SPY,2016-12-02,2016-12-02T16:00:00-05:00,219.7,2016-12-16,14.0,0.038356164383561646,176.0,put,0.03,0.03,0.02,23,,0.42041,-0.00399,0.0007,0.00558,-0.00684,-0.0008,spy_options_2016.parquet,2660931
SPY,2016-12-02,2016-12-02T16:00:00-05:00,219.7,2016-12-16,14.0,0.038356164383561646,177.0,call,42.59,42.85,0.0,,,0.61537,0.9385,0.00071,0.04496,-0.04476,0.00857,spy_options_2016.parquet,2660932
SPY,2016-12-02,2016-12-02T16:00:00-05:00,219.7,2016-12-16,14.0,0.038356164383561646,177.0,put,0.02,0.03,0.02,39,,0.41059,-0.00444,0.0007,0.00604,-0.00744,-0.00018,spy_options_2016.parquet,2660932
SPY,2016-12-02,2016-12-02T16:00:00-05:00,219.7,2016-12-16,14.0,0.038356164383561646,178.0,call,41.46,41.74,0.0,,,,1.0,0.0,0.0,0.0,0.0,spy_options_2016.parquet,2660933
SPY,2016-12-02,2016-12-02T16:00:00-05:00,219.7,2016-12-16,14.0,0.038356164383561646,178.0,put,0.02,0.03,0.01,0,,0.40144,-0.00425,0.00068,0.00559,-0.00711,-0.00011,spy_options_2016.parquet,2660933
SPY,2016-12-02,2016-12-02T16:00:00-05:00,219.7,2016-12-16,14.0,0.038356164383561646,179.0,call,40.48,40.74,40.31,0,,,1.0,0.0,0.0,0.0,0.0,spy_options_2016.parquet,2660934
SPY,2016-12-02,2016-12-02T16:00:00-05:00,219.7,2016-12-16,14.0,0.038356164383561646,179.0,put,0.02,0.02,0.0,,,0.39138,-0.00409,0.0007,0.00631,-0.00686,-0.00089,spy_options_2016.parquet,2660934
SPY,2016-12-02,2016-12-02T16:00:00-05:00,219.7,2016-12-16,14.0,0.038356164383561646,179.5,call,40.05,40.34,39.79,0,,0.56804,0.94005,0.00064,0.04396,-0.02508,0.00753,spy_options_2016.parquet,2660935
SPY,2016-12-02,2016-12-02T16:00:00-05:00,219.7,2016-12-16,14.0,0.038356164383561646,179.5,put,0.02,0.02,0.0,,,0.38608,-0.0041,0.00077,0.006,-0.00725,-0.00024,spy_options_2016.parquet,2660935
SPY,2016-12-02,2016-12-02T16:00:00-05:00,219.7,2016-12-16,14.0,0.038356164383561646,180.0,call,39.52,39.79,39.77,10,,,1.0,0.0,0.0,0.0,0.0,spy_options_2016.parquet,2660936
SPY,2016-12-02,2016-12-02T16:00:00-05:00,219.7,2016-12-16,14.0,0.038356164383561646,180.0,put,0.02,0.02,0.03,129,,0.38209,-0.00457,0.00077,0.00632,-0.00713,-0.00085,spy_options_2016.parquet,2660936
SPY,2016-12-02,2016-12-02T16:00:00-05:00,219.7,2016-12-16,14.0,0.038356164383561646,180.5,call,39.02,39.31,39.07,0,,-0.00044,1.0,0.0,0.0,0.0,0.0,spy_options_2016.parquet,2660937
SPY,2016-12-02,2016-12-02T16:00:00-05:00,219.7,2016-12-16,14.0,0.038356164383561646,180.5,put,0.01,0.03,0.03,100,,0.37767,-0.00463,0.00085,0.00643,-0.00721,-0.00073,spy_options_2016.parquet,2660937
SPY,2016-12-02,2016-12-02T16:00:00-05:00,219.7,2016-12-16,14.0,0.038356164383561646,181.0,call,38.54,38.78,38.45,9,,,1.0,0.0,0.0,0.0,0.0,spy_options_2016.parquet,2660938
SPY,2016-12-02,2016-12-02T16:00:00-05:00,219.7,2016-12-16,14.0,0.038356164383561646,181.0,put,0.03,0.03,0.02,10,,0.37276,-0.00457,0.00083,0.0059,-0.00661,-0.00053,spy_options_2016.parquet,2660938
SPY,2016-12-02,2016-12-02T16:00:00-05:00,219.7,2016-12-16,14.0,0.038356164383561646,181.5,call,38.07,38.36,37.9,0,,0.5402,0.941,0.00099,0.04336,-0.05019,0.00918,spy_options_2016.parquet,2660939
SPY,2016-12-02,2016-12-02T16:00:00-05:00,219.7,2016-12-16,14.0,0.038356164383561646,181.5,put,0.02,0.04,0.03,0,,0.36698,-0.00444,0.0008,0.00658,-0.00723,-6e-05,spy_options_2016.parquet,2660939
SPY,2016-12-02,2016-12-02T16:00:00-05:00,219.7,2016-12-16,14.0,0.038356164383561646,182.0,call,37.49,37.75,37.78,13,,,1.0,0.0,0.0,0.0,0.0,spy_options_2016.parquet,2660940
SPY,2016-12-02,2016-12-02T16:00:00-05:00,219.7,2016-12-16,14.0,0.038356164383561646,182.0,put,0.04,0.04,0.02,,,0.37623,-0.00627,0.0011,0.00776,-0.00932,-0.00046,spy_options_2016.parquet,2660940
SPY,2016-12-02,2016-12-02T16:00:00-05:00,219.7,2016-12-16,14.0,0.038356164383561646,182.5,call,37.08,37.33,36.8,0,,0.52031,0.94235,0.00087,0.04334,-0.03506,0.00826,spy_options_2016.parquet,2660941
SPY,2016-12-02,2016-12-02T16:00:00-05:00,219.7,2016-12-16,14.0,0.038356164383561646,182.5,put,0.03,0.05,0.03,0,,0.37156,-0.00673,0.00107,0.00819,-0.0092,-0.00094,spy_options_2016.parquet,2660941
SPY,2016-12-02,2016-12-02T16:00:00-05:00,219.7,2016-12-16,14.0,0.038356164383561646,183.0,call,36.57,36.83,36.78,15,,0.51004,0.94336,0.00082,0.04245,-0.02463,0.00843,spy_options_2016.parquet,2660942
SPY,2016-12-02,2016-12-02T16:00:00-05:00,219.7,2016-12-16,14.0,0.038356164383561646,183.0,put,0.02,0.04,0.03,0,,0.3671,-0.00616,0.00116,0.00858,-0.00895,-0.00072,spy_options_2016.parquet,2660942
SPY,2016-12-02,2016-12-02T16:00:00-05:00,219.7,2016-12-16,14.0,0.038356164383561646,183.5,call,36.06,36.33,36.11,0,,0.50378,0.94303,0.00091,0.04219,-0.02959,0.00894,spy_options_2016.parquet,2660943
SPY,2016-12-02,2016-12-02T16:00:00-05:00,219.7,2016-12-16,14.0,0.038356164383561646,183.5,put,0.02,0.04,0.03,0,,0.36258,-0.00663,0.00119,0.00775,-0.0097,-0.00109,spy_options_2016.parquet,2660943
SPY,2016-12-02,2016-12-02T16:00:00-05:00,219.7,2016-12-16,14.0,0.038356164383561646,184.0,call,35.51,35.77,35.79,11,,,1.0,0.0,0.0,0.0,0.0,spy_options_2016.parquet,2660944
SPY,2016-12-02,2016-12-02T16:00:00-05:00,219.7,2016-12-16,14.0,0.038356164383561646,184.0,put,0.03,0.04,0.02,6,,0.3571,-0.00706,0.00121,0.00813,-0.00935,-0.00074,spy_options_2016.parquet,2660944
SPY,2016-12-02,2016-12-02T16:00:00-05:00,219.7,2016-12-16,14.0,0.038356164383561646,184.5,call,35.1,35.33,35.09,0,,0.4896,0.94363,0.00108,0.04221,-0.04033,0.00978,spy_options_2016.parquet,2660945
SPY,2016-12-02,2016-12-02T16:00:00-05:00,219.7,2016-12-16,14.0,0.038356164383561646,184.5,put,0.03,0.04,0.0,,,0.35164,-0.00714,0.0012,0.00854,-0.00939,-0.00016,spy_options_2016.parquet,2660945
SPY,2016-12-02,2016-12-02T16:00:00-05:00,219.7,2016-12-16,14.0,0.038356164383561646,185.0,call,34.52,34.77,34.46,85,,,1.0,0.0,0.0,0.0,0.0,spy_options_2016.parquet,2660946
SPY,2016-12-02,2016-12-02T16:00:00-05:00,219.7,2016-12-16,14.0,0.038356164383561646,185.0,put,0.02,0.04,0.04,149,,0.34692,-0.00728,0.00124,0.00859,-0.00874,-0.00078,spy_options_2016.parquet,2660946
SPY,2016-12-02,2016-12-02T16:00:00-05:00,219.7,2016-12-16,14.0,0.038356164383561646,185.5,call,33.97,34.25,34.02,0,,,1.0,0.0,0.0,0.0,0.0,spy_options_2016.parquet,2660947
SPY,2016-12-02,2016-12-02T16:00:00-05:00,219.7,2016-12-16,14.0,0.038356164383561646,185.5,put,0.03,0.05,0.04,0,,0.34154,-0.00688,0.00127,0.00899,-0.00945,-0.00088,spy_options_2016.parquet,2660947
SPY,2016-12-02,2016-12-02T16:00:00-05:00,219.7,2016-12-16,14.0,0.038356164383561646,186.0,call,33.51,33.77,33.51,5,,,1.0,0.0,0.0,0.0,0.0,spy_options_2016.parquet,2660948
SPY,2016-12-02,2016-12-02T16:00:00-05:00,219.7,2016-12-16,14.0,0.038356164383561646,186.0,put,0.02,0.05,0.04,0,,0.33676,-0.00743,0.00129,0.00891,-0.00864,-0.00015,spy_options_2016.parquet,2660948
SPY,2016-12-02,2016-12-02T16:00:00-05:00,219.7,2016-12-16,14.0,0.038356164383561646,186.5,call,33.01,33.27,0.0,,,,1.0,0.0,0.0,0.0,0.0,spy_options_2016.parquet,2660949
SPY,2016-12-02,2016-12-02T16:00:00-05:00,219.7,2016-12-16,14.0,0.038356164383561646,186.5,put,0.02,0.04,0.04,0,,0.33249,-0.00736,0.00133,0.00843,-0.00936,-0.00073,spy_options_2016.parquet,2660949
SPY,2016-12-02,2016-12-02T16:00:00-05:00,219.7,2016-12-16,14.0,0.038356164383561646,187.0,call,32.51,32.76,32.85,18,,,1.0,0.0,0.0,0.0,0.0,spy_options_2016.parquet,2660950
SPY,2016-12-02,2016-12-02T16:00:00-05:00,219.7,2016-12-16,14.0,0.038356164383561646,187.0,put,0.04,0.05,0.04,46,,0.33807,-0.00848,0.0016,0.01061,-0.01111,-0.00054,spy_options_2016.parquet,2660950
SPY,2016-12-02,2016-12-02T16:00:00-05:00,219.7,2016-12-16,14.0,0.038356164383561646,187.5,call,32.13,32.41,32.39,4,,0.45555,0.94333,0.00187,0.0442,-0.06235,0.01429,spy_options_2016.parquet,2660951
SPY,2016-12-02,2016-12-02T16:00:00-05:00,219.7,2016-12-16,14.0,0.038356164383561646,187.5,put,0.04,0.04,0.0,,,0.33264,-0.00872,0.00165,0.01113,-0.01077,-0.00107,spy_options_2016.parquet,2660951
SPY,2016-12-02,2016-12-02T16:00:00-05:00,219.7,2016-12-16,14.0,0.038356164383561646,188.0,call,31.52,31.75,31.87,7,,,1.0,0.0,0.0,0.0,0.0,spy_options_2016.parquet,2660952
SPY,2016-12-02,2016-12-02T16:00:00-05:00,219.7,2016-12-16,14.0,0.038356164383561646,188.0,put,0.03,0.04,0.05,1,,0.32784,-0.00855,0.00166,0.01118,-0.01138,-0.00108,spy_options_2016.parquet,2660952
SPY,2016-12-02,2016-12-02T16:00:00-05:00,219.7,2016-12-16,14.0,0.038356164383561646,188.5,call,31.01,31.25,31.15,0,,,1.0,0.0,0.0,0.0,0.0,spy_options_2016.parquet,2660953
SPY,2016-12-02,2016-12-02T16:00:00-05:00,219.7,2016-12-16,14.0,0.038356164383561646,188.5,put,0.04,0.04,0.05,0,,0.32277,-0.0087,0.00174,0.01084,-0.01058,-0.0012,spy_options_2016.parquet,2660953
SPY,2016-12-02,2016-12-02T16:00:00-05:00,219.7,2016-12-16,14.0,0.038356164383561646,189.0,call,30.53,30.75,30.88,6,,,1.0,0.0,0.0,0.0,0.0,spy_options_2016.parquet,2660954
SPY,2016-12-02,2016-12-02T16:00:00-05:00,219.7,2016-12-16,14.0,0.038356164383561646,189.0,put,0.04,0.05,0.05,6,,0.31743,-0.00916,0.0018,0.01153,-0.01079,-0.0006,spy_options_2016.parquet,2660954
SPY,2016-12-02,2016-12-02T16:00:00-05:00,219.7,2016-12-16,14.0,0.038356164383561646,189.5,call,30.02,30.25,30.18,0,,,1.0,0.0,0.0,0.0,0.0,spy_options_2016.parquet,2660955
SPY,2016-12-02,2016-12-02T16:00:00-05:00,219.7,2016-12-16,14.0,0.038356164383561646,189.5,put,0.03,0.05,0.05,195,,0.31306,-0.00914,0.00183,0.01112,-0.01066,-0.00089,spy_options_2016.parquet,2660955
SPY,2016-12-02,2016-12-02T16:00:00-05:00,219.7,2016-12-16,14.0,0.038356164383561646,190.0,call,29.53,29.75,29.8,530,,,1.0,0.0,0.0,0.0,0.0,spy_options_2016.parquet,2660956
SPY,2016-12-02,2016-12-02T16:00:00-05:00,219.7,2016-12-16,14.0,0.038356164383561646,190.0,put,0.05,0.07,0.05,655,,0.31653,-0.01071,0.00208,0.01286,-0.01326,-0.00141,spy_options_2016.parquet,2660956
SPY,2016-12-02,2016-12-02T16:00:00-05:00,219.7,2016-12-16,14.0,0.038356164383561646,190.5,call,29.08,29.36,29.68,0,,0.39843,0.94743,0.00184,0.04099,-0.04504,0.0117,spy_options_2016.parquet,2660957
SPY,2016-12-02,2016-12-02T16:00:00-05:00,219.7,2016-12-16,14.0,0.038356164383561646,190.5,put,0.04,0.06,0.05,1,,0.31065,-0.01162,0.0022,0.01324,-0.01304,-0.0015,spy_options_2016.parquet,2660957
SPY,2016-12-02,2016-12-02T16:00:00-05:00,219.7,2016-12-16,14.0,0.038356164383561646,191.0,call,28.52,28.74,28.5,32,,,1.0,0.0,0.0,0.0,0.0,spy_options_2016.parquet,2660958
SPY,2016-12-02,2016-12-02T16:00:00-05:00,219.7,2016-12-16,14.0,0.038356164383561646,191.0,put,0.05,0.06,0.06,0,,0.30583,-0.01184,0.00217,0.01376,-0.01264,-0.00138,spy_options_2016.parquet,2660958
SPY,2016-12-02,2016-12-02T16:00:00-05:00,219.7,2016-12-16,14.0,0.038356164383561646,191.5,call,28.07,28.35,0.0,,,0.38442,0.94872,0.0019,0.04041,-0.04548,0.01212,spy_options_2016.parquet,2660959
SPY,2016-12-02,2016-12-02T16:00:00-05:00,219.7,2016-12-16,14.0,0.038356164383561646,191.5,put,0.06,0.06,0.06,0,,0.30138,-0.01128,0.00232,0.01368,-0.01275,-0.00139,spy_options_2016.parquet,2660959
SPY,2016-12-02,2016-12-02T16:00:00-05:00,219.7,2016-12-16,14.0,0.038356164383561646,192.0,call,27.54,27.79,27.64,0,,,1.0,0.0,0.0,0.0,0.0,spy_options_2016.parquet,2660960
SPY,2016-12-02,2016-12-02T16:00:00-05:00,219.7,2016-12-16,14.0,0.038356164383561646,192.0,put,0.06,0.07,0.05,8,,0.30244,-0.01353,0.00261,0.01546,-0.01507,-0.00123,spy_options_2016.parquet,2660960
SPY,2016-12-02,2016-12-02T16:00:00-05:00,219.7,2016-12-16,14.0,0.038356164383561646,192.5,call,27.09,27.34,27.4,8,,0.36963,0.94945,0.00203,0.04052,-0.04506,0.01218,spy_options_2016.parquet,2660961
SPY,2016-12-02,2016-12-02T16:00:00-05:00,219.7,2016-12-16,14.0,0.038356164383561646,192.5,put,0.06,0.06,0.07,0,,0.29732,-0.01337,0.0026,0.01526,-0.01435,-0.00094,spy_options_2016.parquet,2660961
SPY,2016-12-02,2016-12-02T16:00:00-05:00,219.7,2016-12-16,14.0,0.038356164383561646,193.0,call,26.54,26.78,27.43,0,,,1.0,0.0,0.0,0.0,0.0,spy_options_2016.parquet,2660962
SPY,2016-12-02,2016-12-02T16:00:00-05:00,219.7,2016-12-16,14.0,0.038356164383561646,193.0,put,0.06,0.06,0.06,6,,0.29303,-0.01395,0.0027,0.01556,-0.01483,-0.00085,spy_options_2016.parquet,2660962
SPY,2016-12-02,2016-12-02T16:00:00-05:00,219.7,2016-12-16,14.0,0.038356164383561646,193.5,call,26.1,26.33,26.0,0,,0.35678,0.94962,0.0023,0.04011,-0.0443,0.01335,spy_options_2016.parquet,2660963
SPY,2016-12-02,2016-12-02T16:00:00-05:00,219.7,2016-12-16,14.0,0.038356164383561646,193.5,put,0.07,0.07,0.07,0,,0.28705,-0.01427,0.00285,0.01575,-0.01451,-0.00131,spy_options_2016.parquet,2660963
SPY,2016-12-02,2016-12-02T16:00:00-05:00,219.7,2016-12-16,14.0,0.038356164383561646,194.0,call,25.55,25.78,25.6,11,,,1.0,0.0,0.0,0.0,0.0,spy_options_2016.parquet,2660964
SPY,2016-12-02,2016-12-02T16:00:00-05:00,219.7,2016-12-16,14.0,0.038356164383561646,194.0,put,0.07,0.08,0.06,404,,0.28848,-0.01601,0.00318,0.01783,-0.01666,-0.00131,spy_options_2016.parquet,2660964
SPY,2016-12-02,2016-12-02T16:00:00-05:00,219.7,2016-12-16,14.0,0.038356164383561646,194.5,call,25.09,25.35,25.08,0,,0.34095,0.95002,0.00244,0.03959,-0.04203,0.01338,spy_options_2016.parquet,2660965
SPY,2016-12-02,2016-12-02T16:00:00-05:00,219.7,2016-12-16,14.0,0.038356164383561646,194.5,put,0.07,0.09,0.08,0,,0.283,-0.01678,0.00322,0.01762,-0.01652,-0.00144,spy_options_2016.parquet,2660965
SPY,2016-12-02,2016-12-02T16:00:00-05:00,219.7,2016-12-16,14.0,0.038356164383561646,195.0,call,24.57,24.78,24.48,21,,0.32461,0.95345,0.00185,0.0378,-0.00976,0.00852,spy_options_2016.parquet,2660966
SPY,2016-12-02,2016-12-02T16:00:00-05:00,219.7,2016-12-16,14.0,0.038356164383561646,195.0,put,0.07,0.08,0.07,,,0.27838,-0.01674,0.00337,0.01877,-0.01663,-0.00109,spy_options_2016.parquet,2660966
SPY,2016-12-02,2016-12-02T16:00:00-05:00,219.7,2016-12-16,14.0,0.038356164383561646,195.5,call,24.05,24.28,24.76,0,,-0.0003,1.0,0.0,0.0,0.0,0.0,spy_options_2016.parquet,2660967
SPY,2016-12-02,2016-12-02T16:00:00-05:00,219.7,2016-12-16,14.0,0.038356164383561646,195.5,put,0.08,0.1,0.09,100,,0.27741,-0.01822,0.00367,0.02065,-0.01738,-0.00171,spy_options_2016.parquet,2660967
SPY,2016-12-02,2016-12-02T16:00:00-05:00,219.7,2016-12-16,14.0,0.038356164383561646,196.0,call,23.59,23.78,23.54,0,,0.31157,0.95339,0.00225,0.03757,-0.01468,0.01001,spy_options_2016.parquet,2660968
SPY,2016-12-02,2016-12-02T16:00:00-05:00,219.7,2016-12-16,14.0,0.038356164383561646,196.0,put,0.08,0.09,0.07,771,,0.27203,-0.01842,0.00381,0.0207,-0.01803,-0.00139,spy_options_2016.parquet,2660968
SPY,2016-12-02,2016-12-02T16:00:00-05:00,219.7,2016-12-16,14.0,0.038356164383561646,196.5,call,23.11,23.35,22.97,0,,0.31654,0.95032,0.00324,0.03992,-0.03817,0.01538,spy_options_2016.parquet,2660969
SPY,2016-12-02,2016-12-02T16:00:00-05:00,219.7,2016-12-16,14.0,0.038356164383561646,196.5,put,0.08,0.09,0.1,0,,0.26701,-0.01915,0.00388,0.02103,-0.01726,-0.0019,spy_options_2016.parquet,2660969
SPY,2016-12-02,2016-12-02T16:00:00-05:00,219.7,2016-12-16,14.0,0.038356164383561646,197.0,call,22.58,22.79,22.57,0,,0.2978,0.95459,0.00257,0.03641,-0.01544,0.01009,spy_options_2016.parquet,2660970
SPY,2016-12-02,2016-12-02T16:00:00-05:00,219.7,2016-12-16,14.0,0.038356164383561646,197.0,put,0.09,0.09,0.08,27,,0.26665,-0.02071,0.00428,0.0224,-0.01929,-0.00193,spy_options_2016.parquet,2660970
SPY,2016-12-02,2016-12-02T16:00:00-05:00,219.7,2016-12-16,14.0,0.038356164383561646,197.5,call,22.07,22.28,22.03,0,,,1.0,0.0,0.0,0.0,0.0,spy_options_2016.parquet,2660971
SPY,2016-12-02,2016-12-02T16:00:00-05:00,219.7,2016-12-16,14.0,0.038356164383561646,197.5,put,0.09,0.1,0.09,,,0.26071,-0.02146,0.00447,0.0232,-0.01891,-0.00232,spy_options_2016.parquet,2660971
SPY,2016-12-02,2016-12-02T16:00:00-05:00,219.7,2016-12-16,14.0,0.038356164383561646,198.0,call,21.55,21.8,21.71,9,,0.28281,0.95608,0.00264,0.03601,-0.00972,0.00997,spy_options_2016.parquet,2660972
SPY,2016-12-02,2016-12-02T16:00:00-05:00,219.7,2016-12-16,14.0,0.038356164383561646,198.0,put,0.1,0.11,0.1,146,,0.25993,-0.0238,0.00483,0.0246,-0.02036,-0.00253,spy_options_2016.parquet,2660972
SPY,2016-12-02,2016-12-02T16:00:00-05:00,219.7,2016-12-16,14.0,0.038356164383561646,198.5,call,21.13,21.36,21.12,0,,0.29305,0.95001,0.00435,0.04098,-0.03615,0.01871,spy_options_2016.parquet,2660973
SPY,2016-12-02,2016-12-02T16:00:00-05:00,219.7,2016-12-16,14.0,0.038356164383561646,198.5,put,0.09,0.11,0.11,200,,0.2549,-0.02384,0.00503,0.02574,-0.02104,-0.00237,spy_options_2016.parquet,2660973
SPY,2016-12-02,2016-12-02T16:00:00-05:00,219.7,2016-12-16,14.0,0.038356164383561646,199.0,call,20.58,20.78,20.62,10,,0.2704,0.95648,0.00311,0.036,-0.01473,0.01105,spy_options_2016.parquet,2660974
SPY,2016-12-02,2016-12-02T16:00:00-05:00,219.7,2016-12-16,14.0,0.038356164383561646,199.0,put,0.11,0.11,0.12,301,,0.25274,-0.02613,0.00546,0.02761,-0.02176,-0.00282,spy_options_2016.parquet,2660974
SPY,2016-12-02,2016-12-02T16:00:00-05:00,219.7,2016-12-16,14.0,0.038356164383561646,199.5,call,20.08,20.29,20.12,10,,0.26327,0.95654,0.00329,0.03559,-0.01482,0.01092,spy_options_2016.parquet,2660975
SPY,2016-12-02,2016-12-02T16:00:00-05:00,219.7,2016-12-16,14.0,0.038356164383561646,199.5,put,0.12,0.12,0.12,104,,0.25063,-0.02901,0.00587,0.02941,-0.02386,-0.00225,spy_options_2016.parquet,2660975
SPY,2016-12-02,2016-12-02T16:00:00-05:00,219.7,2016-12-16,14.0,0.038356164383561646,200.0,call,19.61,19.81,19.59,33,,0.26416,0.95439,0.00409,0.03787,-0.02973,0.01527,spy_options_2016.parquet,2660976
SPY,2016-12-02,2016-12-02T16:00:00-05:00,219.7,2016-12-16,14.0,0.038356164383561646,200.0,put,0.11,0.14,0.13,696,,0.24527,-0.02894,0.00609,0.02956,-0.02306,-0.00248,spy_options_2016.parquet,2660976
SPY,2016-12-02,2016-12-02T16:00:00-05:00,219.7,2016-12-16,14.0,0.038356164383561646,200.5,call,19.07,19.32,20.01,0,,0.25118,0.95713,0.00363,0.03548,-0.01956,0.01232,spy_options_2016.parquet,2660977
SPY,2016-12-02,2016-12-02T16:00:00-05:00,219.7,2016-12-16,14.0,0.038356164383561646,200.5,put,0.14,0.14,0.13,,,0.24347,-0.03162,0.00653,0.03108,-0.0245,-0.003,spy_options_2016.parquet,2660977
SPY,2016-12-02,2016-12-02T16:00:00-05:00,219.7,2016-12-16,14.0,0.038356164383561646,201.0,call,18.66,18.88,18.6,10,,0.2651,0.94823,0.00625,0.04319,-0.03357,0.02403,spy_options_2016.parquet,2660978
SPY,2016-12-02,2016-12-02T16:00:00-05:00,219.7,2016-12-16,14.0,0.038356164383561646,201.0,put,0.14,0.15,0.15,137,,0.24104,-0.03392,0.007,0.0332,-0.02617,-0.00277,spy_options_2016.parquet,2660978
SPY,2016-12-02,2016-12-02T16:00:00-05:00,219.7,2016-12-16,14.0,0.038356164383561646,201.5,call,18.14,18.35,18.08,0,,0.25161,0.95209,0.00576,0.04044,-0.02983,0.02089,spy_options_2016.parquet,2660979
SPY,2016-12-02,2016-12-02T16:00:00-05:00,219.7,2016-12-16,14.0,0.038356164383561646,201.5,put,0.15,0.15,0.15,405,,0.23786,-0.03582,0.00752,0.03572,-0.02762,-0.00324,spy_options_2016.parquet,2660979
SPY,2016-12-02,2016-12-02T16:00:00-05:00,219.7,2016-12-16,14.0,0.038356164383561646,202.0,call,17.61,17.81,17.6,100,,0.23712,0.95659,0.0052,0.03657,-0.02561,0.01641,spy_options_2016.parquet,2660980
SPY,2016-12-02,2016-12-02T16:00:00-05:00,219.7,2016-12-16,14.0,0.038356164383561646,202.0,put,0.16,0.18,0.16,401,,0.23498,-0.03892,0.00801,0.03739,-0.0286,-0.0031,spy_options_2016.parquet,2660980
SPY,2016-12-02,2016-12-02T16:00:00-05:00,219.7,2016-12-16,14.0,0.038356164383561646,202.5,call,17.13,17.33,17.55,12,,0.23302,0.95532,0.00589,0.03745,-0.026,0.01921,spy_options_2016.parquet,2660981
SPY,2016-12-02,2016-12-02T16:00:00-05:00,219.7,2016-12-16,14.0,0.038356164383561646,202.5,put,0.17,0.18,0.17,395,,0.23186,-0.04105,0.00858,0.03906,-0.02984,-0.00409,spy_options_2016.parquet,2660981
SPY,2016-12-02,2016-12-02T16:00:00-05:00,219.7,2016-12-16,14.0,0.038356164383561646,203.0,call,16.63,16.83,16.69,11,,0.23105,0.95304,0.00676,0.03924,-0.02657,0.02118,spy_options_2016.parquet,2660982
SPY,2016-12-02,2016-12-02T16:00:00-05:00,219.7,2016-12-16,14.0,0.038356164383561646,203.0,put,0.18,0.19,0.18,,,0.22878,-0.04368,0.00908,0.04154,-0.03093,-0.00413,spy_options_2016.parquet,2660982
SPY,2016-12-02,2016-12-02T16:00:00-05:00,219.7,2016-12-16,14.0,0.038356164383561646,203.5,call,16.13,16.32,16.07,27,,0.2222,0.95477,0.00686,0.03797,-0.02477,0.02022,spy_options_2016.parquet,2660983
SPY,2016-12-02,2016-12-02T16:00:00-05:00,219.7,2016-12-16,14.0,0.038356164383561646,203.5,put,0.19,0.21,0.19,331,,0.22523,-0.04611,0.00966,0.04317,-0.0316,-0.00474,spy_options_2016.parquet,2660983
SPY,2016-12-02,2016-12-02T16:00:00-05:00,219.7,2016-12-16,14.0,0.038356164383561646,204.0,call,15.65,15.85,15.7,33,,0.22074,0.95164,0.00797,0.04165,-0.02578,0.02456,spy_options_2016.parquet,2660984
SPY,2016-12-02,2016-12-02T16:00:00-05:00,219.7,2016-12-16,14.0,0.038356164383561646,204.0,put,0.2,0.21,0.21,,,0.22131,-0.04933,0.01027,0.04526,-0.03251,-0.0049,spy_options_2016.parquet,2660984
SPY,2016-12-02,2016-12-02T16:00:00-05:00,219.7,2016-12-16,14.0,0.038356164383561646,204.5,call,15.17,15.33,15.66,27,,0.2149,0.95117,0.00871,0.04253,-0.02601,0.02495,spy_options_2016.parquet,2660985
SPY,2016-12-02,2016-12-02T16:00:00-05:00,219.7,2016-12-16,14.0,0.038356164383561646,204.5,put,0.21,0.22,0.21,,,0.21801,-0.05154,0.01097,0.047,-0.03374,-0.00493,spy_options_2016.parquet,2660985
SPY,2016-12-02,2016-12-02T16:00:00-05:00,219.7,2016-12-16,14.0,0.038356164383561646,205.0,call,14.67,14.85,14.75,29,,0.21125,0.94927,0.00963,0.04334,-0.02636,0.02687,spy_options_2016.parquet,2660986
SPY,2016-12-02,2016-12-02T16:00:00-05:00,219.7,2016-12-16,14.0,0.038356164383561646,205.0,put,0.23,0.24,0.24,,,0.21549,-0.05672,0.01185,0.0505,-0.03637,-0.00566,spy_options_2016.parquet,2660986
SPY,2016-12-02,2016-12-02T16:00:00-05:00,219.7,2016-12-16,14.0,0.038356164383561646,205.5,call,14.18,14.34,14.5,27,,0.20498,0.94889,0.01023,0.0437,-0.02493,0.02754,spy_options_2016.parquet,2660987
SPY,2016-12-02,2016-12-02T16:00:00-05:00,219.7,2016-12-16,14.0,0.038356164383561646,205.5,put,0.25,0.25,0.25,,,0.21181,-0.05981,0.01255,0.05231,-0.03676,-0.00576,spy_options_2016.parquet,2660987
SPY,2016-12-02,2016-12-02T16:00:00-05:00,219.7,2016-12-16,14.0,0.038356164383561646,206.0,call,13.7,13.86,13.61,15,,0.20301,0.9447,0.01154,0.0478,-0.02663,0.03059,spy_options_2016.parquet,2660988
SPY,2016-12-02,2016-12-02T16:00:00-05:00,219.7,2016-12-16,14.0,0.038356164383561646,206.0,put,0.24,0.27,0.26,,,0.20749,-0.06229,0.01339,0.05448,-0.03755,-0.00603,spy_options_2016.parquet,2660988
SPY,2016-12-02,2016-12-02T16:00:00-05:00,219.7,2016-12-16,14.0,0.038356164383561646,206.5,call,13.19,13.36,13.39,29,,0.19545,0.94471,0.01215,0.04749,-0.02517,0.03076,spy_options_2016.parquet,2660989
SPY,2016-12-02,2016-12-02T16:00:00-05:00,219.7,2016-12-16,14.0,0.038356164383561646,206.5,put,0.27,0.29,0.28,553,,0.20613,-0.06905,0.01446,0.05902,-0.04032,-0.00648,spy_options_2016.parquet,2660989
SPY,2016-12-02,2016-12-02T16:00:00-05:00,219.7,2016-12-16,14.0,0.038356164383561646,207.0,call,12.7,12.9,13.1,4,,0.19427,0.93951,0.01377,0.05193,-0.02782,0.03486,spy_options_2016.parquet,2660990
SPY,2016-12-02,2016-12-02T16:00:00-05:00,219.7,2016-12-16,14.0,0.038356164383561646,207.0,put,0.3,0.3,0.3,,,0.20358,-0.07393,0.01554,0.06269,-0.0421,-0.0066,spy_options_2016.parquet,2660990
SPY,2016-12-02,2016-12-02T16:00:00-05:00,219.7,2016-12-16,14.0,0.038356164383561646,207.5,call,12.23,12.42,12.41,27,,0.19265,0.9336,0.01527,0.05549,-0.02932,0.03738,spy_options_2016.parquet,2660991
SPY,2016-12-02,2016-12-02T16:00:00-05:00,219.7,2016-12-16,14.0,0.038356164383561646,207.5,put,0.32,0.33,0.32,,,0.19989,-0.07955,0.01658,0.06617,-0.04365,-0.00771,spy_options_2016.parquet,2660991
SPY,2016-12-02,2016-12-02T16:00:00-05:00,219.7,2016-12-16,14.0,0.038356164383561646,208.0,call,11.75,11.91,11.87,22,,0.18572,0.93198,0.01641,0.05637,-0.0287,0.03809,spy_options_2016.parquet,2660992
SPY,2016-12-02,2016-12-02T16:00:00-05:00,219.7,2016-12-16,14.0,0.038356164383561646,208.0,put,0.34,0.36,0.35,,,0.19702,-0.08524,0.01783,0.06994,-0.04582,-0.0075,spy_options_2016.parquet,2660992
SPY,2016-12-02,2016-12-02T16:00:00-05:00,219.7,2016-12-16,14.0,0.038356164383561646,208.5,call,11.32,11.51,11.44,27,,0.19257,0.91538,0.01895,0.06788,-0.03722,0.04384,spy_options_2016.parquet,2660993
SPY,2016-12-02,2016-12-02T16:00:00-05:00,219.7,2016-12-16,14.0,0.038356164383561646,208.5,put,0.36,0.38,0.38,922,,0.19256,-0.09109,0.01908,0.07317,-0.04766,-0.00883,spy_options_2016.parquet,2660993
SPY,2016-12-02,2016-12-02T16:00:00-05:00,219.7,2016-12-16,14.0,0.038356164383561646,209.0,call,10.83,11.0,10.77,26,,0.18811,0.91071,0.0204,0.07118,-0.03744,0.04483,spy_options_2016.parquet,2660994
SPY,2016-12-02,2016-12-02T16:00:00-05:00,219.7,2016-12-16,14.0,0.038356164383561646,209.0,put,0.39,0.41,0.4,,,0.1903,-0.09894,0.0205,0.07767,-0.04918,-0.00861,spy_options_2016.parquet,2660994
SPY,2016-12-02,2016-12-02T16:00:00-05:00,219.7,2016-12-16,14.0,0.038356164383561646,209.5,call,10.31,10.48,10.71,27,,0.17779,0.91266,0.02143,0.06963,-0.03455,0.04495,spy_options_2016.parquet,2660995
SPY,2016-12-02,2016-12-02T16:00:00-05:00,219.7,2016-12-16,14.0,0.038356164383561646,209.5,put,0.43,0.44,0.44,694,,0.18787,-0.10669,0.02202,0.08214,-0.05167,-0.01012,spy_options_2016.parquet,2660995
SPY,2016-12-02,2016-12-02T16:00:00-05:00,219.7,2016-12-16,14.0,0.038356164383561646,210.0,call,9.82,9.96,9.8,53,,0.17017,0.91074,0.023,0.07118,-0.03278,0.04462,spy_options_2016.parquet,2660996
SPY,2016-12-02,2016-12-02T16:00:00-05:00,219.7,2016-12-16,14.0,0.038356164383561646,210.0,put,0.46,0.48,0.48,,,0.18536,-0.1157,0.02358,0.08646,-0.05445,-0.01082,spy_options_2016.parquet,2660996
SPY,2016-12-02,2016-12-02T16:00:00-05:00,219.7,2016-12-16,14.0,0.038356164383561646,210.5,call,9.39,9.56,9.95,0,,0.17415,0.89169,0.02557,0.08222,-0.03998,0.04902,spy_options_2016.parquet,2660997
SPY,2016-12-02,2016-12-02T16:00:00-05:00,219.7,2016-12-16,14.0,0.038356164383561646,210.5,put,0.51,0.54,0.52,632,,0.18308,-0.12618,0.02533,0.09173,-0.05755,-0.01115,spy_options_2016.parquet,2660997
SPY,2016-12-02,2016-12-02T16:00:00-05:00,219.7,2016-12-16,14.0,0.038356164383561646,211.0,call,8.89,9.0,8.96,118,,0.16404,0.89365,0.02723,0.08108,-0.03657,0.04858,spy_options_2016.parquet,2660998
SPY,2016-12-02,2016-12-02T16:00:00-05:00,219.7,2016-12-16,14.0,0.038356164383561646,211.0,put,0.55,0.56,0.54,,,0.17902,-0.13466,0.02711,0.09626,-0.05854,-0.01223,spy_options_2016.parquet,2660998
SPY,2016-12-02,2016-12-02T16:00:00-05:00,219.7,2016-12-16,14.0,0.038356164383561646,211.5,call,8.45,8.59,8.47,1,,0.16709,0.8751,0.02979,0.0909,-0.04333,0.05145,spy_options_2016.parquet,2660999
SPY,2016-12-02,2016-12-02T16:00:00-05:00,219.7,2016-12-16,14.0,0.038356164383561646,211.5,put,0.6,0.61,0.6,356,,0.17703,-0.14665,0.02908,0.10249,-0.06183,-0.01396,spy_options_2016.parquet,2660999
SPY,2016-12-02,2016-12-02T16:00:00-05:00,219.7,2016-12-16,14.0,0.038356164383561646,212.0,call,8.02,8.13,8.0,276,,0.16395,0.86309,0.03206,0.09763,-0.04579,0.05246,spy_options_2016.parquet,2661000
SPY,2016-12-02,2016-12-02T16:00:00-05:00,219.7,2016-12-16,14.0,0.038356164383561646,212.0,put,0.64,0.66,0.65,,,0.17341,-0.15762,0.03115,0.10717,-0.06418,-0.01493,spy_options_2016.parquet,2661000
SPY,2016-12-02,2016-12-02T16:00:00-05:00,219.7,2016-12-16,14.0,0.038356164383561646,212.5,call,7.54,7.69,7.68,109,,0.16093,0.84973,0.03458,0.10353,-0.04835,0.0541,spy_options_2016.parquet,2661001
SPY,2016-12-02,2016-12-02T16:00:00-05:00,219.7,2016-12-16,14.0,0.038356164383561646,212.5,put,0.71,0.72,0.7,,,0.17214,-0.17135,0.03328,0.11299,-0.06658,-0.01603,spy_options_2016.parquet,2661001
SPY,2016-12-02,2016-12-02T16:00:00-05:00,219.7,2016-12-16,14.0,0.038356164383561646,213.0,call,7.08,7.19,7.19,883,,0.15468,0.84202,0.03731,0.10711,-0.04807,0.05418,spy_options_2016.parquet,2661002
SPY,2016-12-02,2016-12-02T16:00:00-05:00,219.7,2016-12-16,14.0,0.038356164383561646,213.0,put,0.77,0.79,0.77,,,0.16975,-0.18647,0.03552,0.11971,-0.0703,-0.0172,spy_options_2016.parquet,2661002
SPY,2016-12-02,2016-12-02T16:00:00-05:00,219.7,2016-12-16,14.0,0.038356164383561646,213.5,call,6.63,6.73,6.67,15,,0.15105,0.82853,0.04032,0.11259,-0.04935,0.05458,spy_options_2016.parquet,2661003
SPY,2016-12-02,2016-12-02T16:00:00-05:00,219.7,2016-12-16,14.0,0.038356164383561646,213.5,put,0.85,0.86,0.85,375,,0.16683,-0.20239,0.03786,0.12501,-0.07223,-0.01837,spy_options_2016.parquet,2661003
SPY,2016-12-02,2016-12-02T16:00:00-05:00,219.7,2016-12-16,14.0,0.038356164383561646,214.0,call,6.18,6.28,6.2,,,0.14757,0.8124,0.04335,0.11895,-0.05096,0.05493,spy_options_2016.parquet,2661004
SPY,2016-12-02,2016-12-02T16:00:00-05:00,219.7,2016-12-16,14.0,0.038356164383561646,214.0,put,0.91,0.95,0.91,,,0.16428,-0.2182,0.04026,0.13092,-0.0745,-0.01977,spy_options_2016.parquet,2661004
SPY,2016-12-02,2016-12-02T16:00:00-05:00,219.7,2016-12-16,14.0,0.038356164383561646,214.5,call,5.81,5.89,5.81,69,,0.14856,0.78683,0.04582,0.12903,-0.05719,0.05551,spy_options_2016.parquet,2661005
SPY,2016-12-02,2016-12-02T16:00:00-05:00,219.7,2016-12-16,14.0,0.038356164383561646,214.5,put,1.01,1.02,1.0,,,0.16264,-0.23637,0.04266,0.13711,-0.07798,-0.02159,spy_options_2016.parquet,2661005
SPY,2016-12-02,2016-12-02T16:00:00-05:00,219.7,2016-12-16,14.0,0.038356164383561646,215.0,call,5.38,5.46,5.38,,,0.14503,0.76882,0.04915,0.13555,-0.05825,0.05541,spy_options_2016.parquet,2661006
SPY,2016-12-02,2016-12-02T16:00:00-05:00,219.7,2016-12-16,14.0,0.038356164383561646,215.0,put,1.11,1.14,1.1,,,0.16031,-0.25666,0.04511,0.14313,-0.08008,-0.02329,spy_options_2016.parquet,2661006
SPY,2016-12-02,2016-12-02T16:00:00-05:00,219.7,2016-12-16,14.0,0.038356164383561646,215.5,call,4.94,5.02,5.07,6,,0.14104,0.74937,0.05269,0.14105,-0.05958,0.0551,spy_options_2016.parquet,2661007
SPY,2016-12-02,2016-12-02T16:00:00-05:00,219.7,2016-12-16,14.0,0.038356164383561646,215.5,put,1.22,1.23,1.23,,,0.15862,-0.27763,0.04759,0.14941,-0.08239,-0.02523,spy_options_2016.parquet,2661007
SPY,2016-12-02,2016-12-02T16:00:00-05:00,219.7,2016-12-16,14.0,0.038356164383561646,216.0,call,4.52,4.53,4.59,,,0.13386,0.73152,0.05719,0.14671,-0.05844,0.05525,spy_options_2016.parquet,2661008
SPY,2016-12-02,2016-12-02T16:00:00-05:00,219.7,2016-12-16,14.0,0.038356164383561646,216.0,put,1.36,1.35,1.34,,,0.15665,-0.30071,0.04989,0.15479,-0.0853,-0.02809,spy_options_2016.parquet,2661008
SPY,2016-12-02,2016-12-02T16:00:00-05:00,219.7,2016-12-16,14.0,0.038356164383561646,216.5,call,4.12,4.19,4.06,170,,0.13272,0.70329,0.06023,0.15329,-0.06211,0.05435,spy_options_2016.parquet,2661009
SPY,2016-12-02,2016-12-02T16:00:00-05:00,219.7,2016-12-16,14.0,0.038356164383561646,216.5,put,1.46,1.49,1.4,,,0.1538,-0.32474,0.05232,0.15996,-0.08677,-0.03023,spy_options_2016.parquet,2661009
SPY,2016-12-02,2016-12-02T16:00:00-05:00,219.7,2016-12-16,14.0,0.038356164383561646,217.0,call,3.77,3.8,3.77,,,0.13065,0.67504,0.0633,0.15972,-0.06339,0.05249,spy_options_2016.parquet,2661010
SPY,2016-12-02,2016-12-02T16:00:00-05:00,219.7,2016-12-16,14.0,0.038356164383561646,217.0,put,1.64,1.64,1.62,,,0.15374,-0.35052,0.05423,0.16498,-0.08979,-0.03218,spy_options_2016.parquet,2661010
SPY,2016-12-02,2016-12-02T16:00:00-05:00,219.7,2016-12-16,14.0,0.038356164383561646,217.5,call,3.35,3.38,3.3,143,,0.12578,0.64809,0.06787,0.16477,-0.06294,0.05137,spy_options_2016.parquet,2661011
SPY,2016-12-02,2016-12-02T16:00:00-05:00,219.7,2016-12-16,14.0,0.038356164383561646,217.5,put,1.79,1.79,1.79,,,0.15081,-0.37687,0.05639,0.16858,-0.0913,-0.0352,spy_options_2016.parquet,2661011
SPY,2016-12-02,2016-12-02T16:00:00-05:00,219.7,2016-12-16,14.0,0.038356164383561646,218.0,call,3.01,3.04,2.98,,,0.12389,0.61471,0.07043,0.17031,-0.06486,0.04977,spy_options_2016.parquet,2661012
SPY,2016-12-02,2016-12-02T16:00:00-05:00,219.7,2016-12-16,14.0,0.038356164383561646,218.0,put,1.95,1.98,2.0,,,0.14921,-0.40461,0.05818,0.17208,-0.09177,-0.03774,spy_options_2016.parquet,2661012
SPY,2016-12-02,2016-12-02T16:00:00-05:00,219.7,2016-12-16,14.0,0.038356164383561646,218.5,call,2.63,2.66,2.68,,,0.1192,0.58185,0.07479,0.17344,-0.06343,0.04792,spy_options_2016.parquet,2661013
SPY,2016-12-02,2016-12-02T16:00:00-05:00,219.7,2016-12-16,14.0,0.038356164383561646,218.5,put,2.17,2.18,2.19,,,0.14966,-0.43408,0.05915,0.17479,-0.09355,-0.04001,spy_options_2016.parquet,2661013
SPY,2016-12-02,2016-12-02T16:00:00-05:00,219.7,2016-12-16,14.0,0.038356164383561646,219.0,call,2.32,2.36,2.34,,,0.11805,0.54413,0.07664,0.17623,-0.06425,0.04488,spy_options_2016.parquet,2661014
SPY,2016-12-02,2016-12-02T16:00:00-05:00,219.7,2016-12-16,14.0,0.038356164383561646,219.0,put,2.38,2.41,2.37,,,0.14851,-0.46426,0.05984,0.17654,-0.09512,-0.04237,spy_options_2016.parquet,2661014
SPY,2016-12-02,2016-12-02T16:00:00-05:00,219.7,2016-12-16,14.0,0.038356164383561646,219.5,call,2.03,2.05,2.04,,,0.11429,0.50562,0.08008,0.17733,-0.06269,0.04238,spy_options_2016.parquet,2661015
SPY,2016-12-02,2016-12-02T16:00:00-05:00,219.7,2016-12-16,14.0,0.038356164383561646,219.5,put,2.63,2.65,2.62,,,0.14843,-0.49444,0.0603,0.1772,-0.09517,-0.04569,spy_options_2016.parquet,2661015
SPY,2016-12-02,2016-12-02T16:00:00-05:00,219.7,2016-12-16,14.0,0.038356164383561646,220.0,call,1.73,1.74,1.73,,,0.11071,0.4653,0.08098,0.17645,-0.06181,0.03958,spy_options_2016.parquet,2661016
SPY,2016-12-02,2016-12-02T16:00:00-05:00,219.7,2016-12-16,14.0,0.038356164383561646,220.0,put,2.84,2.89,2.92,,,0.14694,-0.52473,0.06081,0.17742,-0.09434,-0.04873,spy_options_2016.parquet,2661016
SPY,2016-12-02,2016-12-02T16:00:00-05:00,219.7,2016-12-16,14.0,0.038356164383561646,220.5,call,1.47,1.47,1.47,,,0.10884,0.42325,0.08142,0.17432,-0.05982,0.03625,spy_options_2016.parquet,2661017
SPY,2016-12-02,2016-12-02T16:00:00-05:00,219.7,2016-12-16,14.0,0.038356164383561646,220.5,put,3.17,3.21,3.23,,,0.14987,-0.5539,0.05941,0.17543,-0.09559,-0.05165,spy_options_2016.parquet,2661017
SPY,2016-12-02,2016-12-02T16:00:00-05:00,219.7,2016-12-16,14.0,0.038356164383561646,221.0,call,1.25,1.29,1.25,,,0.10852,0.38265,0.07948,0.16938,-0.0582,0.03276,spy_options_2016.parquet,2661018
SPY,2016-12-02,2016-12-02T16:00:00-05:00,219.7,2016-12-16,14.0,0.038356164383561646,221.0,put,3.48,3.52,3.47,,,0.14986,-0.58226,0.05834,0.17358,-0.0951,-0.05365,spy_options_2016.parquet,2661018
SPY,2016-12-02,2016-12-02T16:00:00-05:00,219.7,2016-12-16,14.0,0.038356164383561646,221.5,call,1.02,1.03,1.04,,,0.1047,0.33786,0.07908,0.16247,-0.0532,0.02951,spy_options_2016.parquet,2661019
SPY,2016-12-02,2016-12-02T16:00:00-05:00,219.7,2016-12-16,14.0,0.038356164383561646,221.5,put,3.81,3.84,3.82,,,0.15209,-0.61041,0.05673,0.17028,-0.09486,-0.05672,spy_options_2016.parquet,2661019
SPY,2016-12-02,2016-12-02T16:00:00-05:00,219.7,2016-12-16,14.0,0.038356164383561646,222.0,call,0.82,0.84,0.84,,,0.1025,0.29491,0.07627,0.15347,-0.04911,0.02593,spy_options_2016.parquet,2661020
SPY,2016-12-02,2016-12-02T16:00:00-05:00,219.7,2016-12-16,14.0,0.038356164383561646,222.0,put,4.12,4.19,4.19,,,0.152,-0.63723,0.05529,0.16704,-0.09363,-0.05876,spy_options_2016.parquet,2661020
SPY,2016-12-02,2016-12-02T16:00:00-05:00,219.7,2016-12-16,14.0,0.038356164383561646,222.5,call,0.68,0.69,0.7,,,0.1005,0.25552,0.07196,0.14382,-0.04509,0.02279,spy_options_2016.parquet,2661021
SPY,2016-12-02,2016-12-02T16:00:00-05:00,219.7,2016-12-16,14.0,0.038356164383561646,222.5,put,4.49,4.6,4.66,363,,0.15659,-0.65973,0.05262,0.16305,-0.09364,-0.0614,spy_options_2016.parquet,2661021
SPY,2016-12-02,2016-12-02T16:00:00-05:00,219.7,2016-12-16,14.0,0.038356164383561646,223.0,call,0.53,0.54,0.55,,,0.0982,0.21616,0.06709,0.13059,-0.04084,0.01915,spy_options_2016.parquet,2661022
SPY,2016-12-02,2016-12-02T16:00:00-05:00,219.7,2016-12-16,14.0,0.038356164383561646,223.0,put,4.87,5.0,4.97,,,0.15916,-0.68265,0.05024,0.15856,-0.09311,-0.0633,spy_options_2016.parquet,2661022
SPY,2016-12-02,2016-12-02T16:00:00-05:00,219.7,2016-12-16,14.0,0.038356164383561646,223.5,call,0.41,0.43,0.44,,,0.09686,0.18058,0.06117,0.11783,-0.03575,0.01638,spy_options_2016.parquet,2661023
SPY,2016-12-02,2016-12-02T16:00:00-05:00,219.7,2016-12-16,14.0,0.038356164383561646,223.5,put,5.3,5.46,5.49,303,,0.1645,-0.69963,0.04731,0.15481,-0.09477,-0.06504,spy_options_2016.parquet,2661023
SPY,2016-12-02,2016-12-02T16:00:00-05:00,219.7,2016-12-16,14.0,0.038356164383561646,224.0,call,0.33,0.34,0.33,,,0.09607,0.15124,0.05472,0.10541,-0.03177,0.01312,spy_options_2016.parquet,2661024
SPY,2016-12-02,2016-12-02T16:00:00-05:00,219.7,2016-12-16,14.0,0.038356164383561646,224.0,put,5.79,5.97,5.7,139,,0.17445,-0.71061,0.04399,0.15165,-0.09786,-0.06653,spy_options_2016.parquet,2661024
SPY,2016-12-02,2016-12-02T16:00:00-05:00,219.7,2016-12-16,14.0,0.038356164383561646,224.5,call,0.24,0.26,0.26,,,0.09476,0.12337,0.04812,0.09088,-0.0267,0.01086,spy_options_2016.parquet,2661025
SPY,2016-12-02,2016-12-02T16:00:00-05:00,219.7,2016-12-16,14.0,0.038356164383561646,224.5,put,6.23,6.47,0.0,,,0.18137,-0.72392,0.0414,0.14863,-0.09879,-0.0675,spy_options_2016.parquet,2661025
SPY,2016-12-02,2016-12-02T16:00:00-05:00,219.7,2016-12-16,14.0,0.038356164383561646,225.0,call,0.21,0.21,0.2,,,0.0957,0.10195,0.04186,0.08049,-0.02395,0.00905,spy_options_2016.parquet,2661026
SPY,2016-12-02,2016-12-02T16:00:00-05:00,219.7,2016-12-16,14.0,0.038356164383561646,225.0,put,6.66,6.87,6.75,513,,0.18425,-0.74027,0.03955,0.14439,-0.09822,-0.07006,spy_options_2016.parquet,2661026
SPY,2016-12-02,2016-12-02T16:00:00-05:00,219.7,2016-12-16,14.0,0.038356164383561646,225.5,call,0.15,0.16,0.16,,,0.09475,0.0816,0.03569,0.06749,-0.01982,0.0071,spy_options_2016.parquet,2661027
SPY,2016-12-02,2016-12-02T16:00:00-05:00,219.7,2016-12-16,14.0,0.038356164383561646,225.5,put,7.12,7.38,0.0,,,0.19173,-0.74971,0.0372,0.14125,-0.09977,-0.07112,spy_options_2016.parquet,2661027
SPY,2016-12-02,2016-12-02T16:00:00-05:00,219.7,2016-12-16,14.0,0.038356164383561646,226.0,call,0.12,0.12,0.12,,,0.09567,0.06773,0.0306,0.0587,-0.01733,0.00576,spy_options_2016.parquet,2661028
SPY,2016-12-02,2016-12-02T16:00:00-05:00,219.7,2016-12-16,14.0,0.038356164383561646,226.0,put,7.63,7.86,7.6,28,,0.19921,-0.75767,0.03506,0.13892,-0.10171,-0.07125,spy_options_2016.parquet,2661028
SPY,2016-12-02,2016-12-02T16:00:00-05:00,219.7,2016-12-16,14.0,0.038356164383561646,226.5,call,0.1,0.11,0.1,190,,0.09717,0.05665,0.02641,0.05205,-0.01537,0.00529,spy_options_2016.parquet,2661029
SPY,2016-12-02,2016-12-02T16:00:00-05:00,219.7,2016-12-16,14.0,0.038356164383561646,226.5,put,8.05,8.3,8.04,5,,0.20302,-0.77054,0.03342,0.13508,-0.10059,-0.07338,spy_options_2016.parquet,2661029
SPY,2016-12-02,2016-12-02T16:00:00-05:00,219.7,2016-12-16,14.0,0.038356164383561646,227.0,call,0.07,0.09,0.08,,,0.09826,0.04762,0.02246,0.04422,-0.01343,0.0041,spy_options_2016.parquet,2661030
SPY,2016-12-02,2016-12-02T16:00:00-05:00,219.7,2016-12-16,14.0,0.038356164383561646,227.0,put,8.6,8.8,8.65,20,,0.2127,-0.77539,0.03155,0.1336,-0.10426,-0.07323,spy_options_2016.parquet,2661030
SPY,2016-12-02,2016-12-02T16:00:00-05:00,219.7,2016-12-16,14.0,0.038356164383561646,227.5,call,0.07,0.08,0.07,10,,0.10146,0.04163,0.0197,0.03995,-0.01222,0.00347,spy_options_2016.parquet,2661031
SPY,2016-12-02,2016-12-02T16:00:00-05:00,219.7,2016-12-16,14.0,0.038356164383561646,227.5,put,9.06,9.29,0.0,,,0.21874,-0.7837,0.03006,0.12985,-0.10491,-0.07435,spy_options_2016.parquet,2661031
SPY,2016-12-02,2016-12-02T16:00:00-05:00,219.7,2016-12-16,14.0,0.038356164383561646,228.0,call,0.07,0.07,0.07,300,,0.1032,0.03546,0.01712,0.0359,-0.0115,0.0034,spy_options_2016.parquet,2661032
SPY,2016-12-02,2016-12-02T16:00:00-05:00,219.7,2016-12-16,14.0,0.038356164383561646,228.0,put,9.59,9.83,9.9,0,,0.22915,-0.78615,0.02849,0.12919,-0.10865,-0.0749,spy_options_2016.parquet,2661032
SPY,2016-12-02,2016-12-02T16:00:00-05:00,219.7,2016-12-16,14.0,0.038356164383561646,228.5,call,0.07,0.06,0.07,506,,0.10874,0.0341,0.01584,0.03438,-0.01174,0.00292,spy_options_2016.parquet,2661033
SPY,2016-12-02,2016-12-02T16:00:00-05:00,219.7,2016-12-16,14.0,0.038356164383561646,228.5,put,10.02,10.25,0.0,,,0.23008,-0.79774,0.02737,0.12494,-0.10607,-0.07634,spy_options_2016.parquet,2661033
SPY,2016-12-02,2016-12-02T16:00:00-05:00,219.7,2016-12-16,14.0,0.038356164383561646,229.0,call,0.05,0.06,0.05,,,0.11028,0.02995,0.01371,0.03067,-0.0101,0.00228,spy_options_2016.parquet,2661034
SPY,2016-12-02,2016-12-02T16:00:00-05:00,219.7,2016-12-16,14.0,0.038356164383561646,229.0,put,10.57,10.82,0.0,,,0.24244,-0.79867,0.02595,0.12488,-0.11123,-0.07685,spy_options_2016.parquet,2661034
SPY,2016-12-02,2016-12-02T16:00:00-05:00,219.7,2016-12-16,14.0,0.038356164383561646,229.5,call,0.04,0.05,0.05,0,,0.11117,0.02469,0.01158,0.02561,-0.00914,0.00248,spy_options_2016.parquet,2661035
SPY,2016-12-02,2016-12-02T16:00:00-05:00,219.7,2016-12-16,14.0,0.038356164383561646,229.5,put,11.04,11.28,0.0,,,0.24737,-0.8059,0.02493,0.12251,-0.1101,-0.07734,spy_options_2016.parquet,2661035
SPY,2016-12-02,2016-12-02T16:00:00-05:00,219.7,2016-12-16,14.0,0.038356164383561646,230.0,call,0.03,0.05,0.04,,,0.11576,0.02359,0.0108,0.02518,-0.0087,0.00162,spy_options_2016.parquet,2661036
SPY,2016-12-02,2016-12-02T16:00:00-05:00,219.7,2016-12-16,14.0,0.038356164383561646,230.0,put,11.57,11.8,11.71,,,0.25763,-0.80726,0.0238,0.12099,-0.114,-0.07732,spy_options_2016.parquet,2661036
SPY,2016-12-02,2016-12-02T16:00:00-05:00,219.7,2016-12-16,14.0,0.038356164383561646,231.0,call,0.03,0.05,0.03,,,0.12016,0.01772,0.00839,0.02011,-0.00767,0.00192,spy_options_2016.parquet,2661037
SPY,2016-12-02,2016-12-02T16:00:00-05:00,219.7,2016-12-16,14.0,0.038356164383561646,231.0,put,12.55,12.83,12.28,,,0.27176,-0.81443,0.02194,0.11834,-0.11763,-0.07855,spy_options_2016.parquet,2661037
SPY,2016-12-02,2016-12-02T16:00:00-05:00,219.7,2016-12-16,14.0,0.038356164383561646,232.0,call,0.03,0.05,0.02,,,0.12851,0.01698,0.00739,0.01905,-0.00735,0.0014,spy_options_2016.parquet,2661038
SPY,2016-12-02,2016-12-02T16:00:00-05:00,219.7,2016-12-16,14.0,0.038356164383561646,232.0,put,13.53,13.79,0.0,,,0.28364,-0.82473,0.02037,0.1144,-0.11796,-0.08011,spy_options_2016.parquet,2661038
SPY,2016-12-02,2016-12-02T16:00:00-05:00,219.7,2016-12-16,14.0,0.038356164383561646,232.5,call,0.02,0.04,0.03,,,0.13253,0.01613,0.00694,0.01862,-0.00711,0.00172,spy_options_2016.parquet,2661039
SPY,2016-12-02,2016-12-02T16:00:00-05:00,219.7,2016-12-16,14.0,0.038356164383561646,232.5,put,14.05,14.33,0.0,,,0.29302,-0.82585,0.01965,0.11402,-0.12138,-0.08016,spy_options_2016.parquet,2661039
SPY,2016-12-02,2016-12-02T16:00:00-05:00,219.7,2016-12-16,14.0,0.038356164383561646,233.0,call,0.02,0.02,0.03,,,0.13002,0.0119,0.00547,0.01416,-0.00551,0.00098,spy_options_2016.parquet,2661040
SPY,2016-12-02,2016-12-02T16:00:00-05:00,219.7,2016-12-16,14.0,0.038356164383561646,233.0,put,14.55,14.83,0.0,,,0.30038,-0.82887,0.01894,0.11236,-0.12221,-0.08128,spy_options_2016.parquet,2661040
SPY,2016-12-02,2016-12-02T16:00:00-05:00,219.7,2016-12-16,14.0,0.038356164383561646,234.0,call,0.02,0.03,0.03,0,,0.13842,0.01187,0.00498,0.01419,-0.00614,0.00123,spy_options_2016.parquet,2661041
SPY,2016-12-02,2016-12-02T16:00:00-05:00,219.7,2016-12-16,14.0,0.038356164383561646,234.0,put,15.5,15.72,15.64,0,,0.30585,-0.84105,0.01769,0.10759,-0.11901,-0.08216,spy_options_2016.parquet,2661041
SPY,2016-12-02,2016-12-02T16:00:00-05:00,219.7,2016-12-16,14.0,0.038356164383561646,235.0,call,0.02,0.03,0.02,60,,0.14622,0.01077,0.00449,0.01348,-0.00555,0.00086,spy_options_2016.parquet,2661042
SPY,2016-12-02,2016-12-02T16:00:00-05:00,219.7,2016-12-16,14.0,0.038356164383561646,235.0,put,16.55,16.81,16.52,2,,0.32579,-0.84026,0.01667,0.10786,-0.127,-0.08244,spy_options_2016.parquet,2661042
SPY,2016-12-02,2016-12-02T16:00:00-05:00,219.7,2016-12-16,14.0,0.038356164383561646,236.0,call,0.02,0.02,0.02,,,0.15457,0.01085,0.00414,0.0123,-0.00609,0.00089,spy_options_2016.parquet,2661043
SPY,2016-12-02,2016-12-02T16:00:00-05:00,219.7,2016-12-16,14.0,0.038356164383561646,236.0,put,17.5,17.73,17.7,0,,0.33354,-0.84944,0.01561,0.103,-0.12503,-0.08393,spy_options_2016.parquet,2661043
SPY,2016-12-02,2016-12-02T16:00:00-05:00,219.7,2016-12-16,14.0,0.038356164383561646,237.0,call,0.02,0.02,0.01,11,,0.15298,0.00722,0.00284,0.00846,-0.00418,0.00066,spy_options_2016.parquet,2661044
SPY,2016-12-02,2016-12-02T16:00:00-05:00,219.7,2016-12-16,14.0,0.038356164383561646,237.0,put,18.53,18.78,0.0,,,0.34994,-0.85151,0.01484,0.10237,-0.12922,-0.08418,spy_options_2016.parquet,2661044
SPY,2016-12-02,2016-12-02T16:00:00-05:00,219.7,2016-12-16,14.0,0.038356164383561646,237.5,call,0.01,0.01,0.02,0,,0.1558,0.00631,0.00267,0.00852,-0.00437,0.001,spy_options_2016.parquet,2661045
SPY,2016-12-02,2016-12-02T16:00:00-05:00,219.7,2016-12-16,14.0,0.038356164383561646,237.5,put,19.02,19.29,0.0,,,0.35634,-0.85348,0.01435,0.10186,-0.1304,-0.08497,spy_options_2016.parquet,2661045
SPY,2016-12-02,2016-12-02T16:00:00-05:00,219.7,2016-12-16,14.0,0.038356164383561646,238.0,call,0.02,0.02,0.01,2,,0.15965,0.00661,0.00252,0.0086,-0.00399,0.0002,spy_options_2016.parquet,2661046
SPY,2016-12-02,2016-12-02T16:00:00-05:00,219.7,2016-12-16,14.0,0.038356164383561646,238.0,put,19.52,19.79,0.0,,,0.36178,-0.85607,0.01398,0.1005,-0.13117,-0.08569,spy_options_2016.parquet,2661046
SPY,2016-12-02,2016-12-02T16:00:00-05:00,219.7,2016-12-16,14.0,0.038356164383561646,239.0,call,0.01,0.03,0.01,150,,0.16734,0.006,0.00237,0.00826,-0.00399,0.00081,spy_options_2016.parquet,2661047
SPY,2016-12-02,2016-12-02T16:00:00-05:00,219.7,2016-12-16,14.0,0.038356164383561646,239.0,put,20.54,20.82,0.0,,,0.37798,-0.85801,0.0133,0.10004,-0.13493,-0.08554,spy_options_2016.parquet,2661047
SPY,2016-12-02,2016-12-02T16:00:00-05:00,219.7,2016-12-16,14.0,0.038356164383561646,240.0,call,0.01,0.02,0.01,,,0.1744,0.00579,0.00218,0.00775,-0.00371,0.00037,spy_options_2016.parquet,2661048
SPY,2016-12-02,2016-12-02T16:00:00-05:00,219.7,2016-12-16,14.0,0.038356164383561646,240.0,put,21.49,21.69,21.63,130,,0.38147,-0.86747,0.0126,0.09492,-0.13028,-0.08688,spy_options_2016.parquet,2661048
SPY,2016-12-02,2016-12-02T16:00:00-05:00,219.7,2016-12-16,14.0,0.038356164383561646,241.0,call,0.0,0.01,0.0,,,0.16208,0.00245,0.00102,0.00347,-0.00144,0.00015,spy_options_2016.parquet,2661049
SPY,2016-12-02,2016-12-02T16:00:00-05:00,219.7,2016-12-16,14.0,0.038356164383561646,241.0,put,22.56,22.84,0.0,,,0.40401,-0.86366,0.01207,0.09744,-0.14031,-0.08696,spy_options_2016.parquet,2661049
SPY,2016-12-02,2016-12-02T16:00:00-05:00,219.7,2016-12-16,14.0,0.038356164383561646,242.0,call,0.0,0.01,0.01,0,,0.16919,0.00187,0.00093,0.00301,-0.00114,0.00039,spy_options_2016.parquet,2661050
SPY,2016-12-02,2016-12-02T16:00:00-05:00,219.7,2016-12-16,14.0,0.038356164383561646,242.0,put,23.4,23.7,23.99,0,,0.4008,-0.87626,0.01138,0.09,-0.13039,-0.08835,spy_options_2016.parquet,2661050
SPY,2016-12-02,2016-12-02T16:00:00-05:00,219.7,2016-12-16,14.0,0.038356164383561646,242.5,call,0.0,0.01,0.0,,,0.17185,0.00255,0.0009,0.00317,-0.00188,0.0003,spy_options_2016.parquet,2661051
SPY,2016-12-02,2016-12-02T16:00:00-05:00,219.7,2016-12-16,14.0,0.038356164383561646,242.5,put,24.01,24.28,0.0,,,0.41707,-0.87196,0.01124,0.09304,-0.13865,-0.08861,spy_options_2016.parquet,2661051
SPY,2016-12-02,2016-12-02T16:00:00-05:00,219.7,2016-12-16,14.0,0.038356164383561646,243.0,call,0.0,0.01,0.0,,,0.17489,0.00216,0.00085,0.00276,-0.00125,-3e-05,spy_options_2016.parquet,2661052
SPY,2016-12-02,2016-12-02T16:00:00-05:00,219.7,2016-12-16,14.0,0.038356164383561646,243.0,put,24.55,24.8,0.0,,,0.42589,-0.87159,0.01104,0.09337,-0.14129,-0.08864,spy_options_2016.parquet,2661052
SPY,2016-12-02,2016-12-02T16:00:00-05:00,219.7,2016-12-16,14.0,0.038356164383561646,245.0,call,0.0,0.01,0.0,,,0.18758,0.00216,0.00079,0.00271,-0.00199,0.00057,spy_options_2016.parquet,2661053
SPY,2016-12-02,2016-12-02T16:00:00-05:00,219.7,2016-12-16,14.0,0.038356164383561646,245.0,put,26.49,26.74,26.65,0,,0.44251,-0.88041,0.0101,0.08869,-0.13957,-0.09012,spy_options_2016.parquet,2661053
SPY,2016-12-02,2016-12-02T16:00:00-05:00,219.7,2016-12-16,14.0,0.038356164383561646,247.5,call,0.0,0.01,0.0,,,0.20354,0.00158,0.00065,0.00269,-0.0013,-0.00014,spy_options_2016.parquet,2661054
SPY,2016-12-02,2016-12-02T16:00:00-05:00,219.7,2016-12-16,14.0,0.038356164383561646,247.5,put,28.96,29.23,0.0,,,0.46932,-0.88748,0.00909,0.08462,-0.14216,-0.0917,spy_options_2016.parquet,2661054
SPY,2016-12-02,2016-12-02T16:00:00-05:00,219.7,2016-12-16,14.0,0.038356164383561646,250.0,call,0.0,0.02,0.0,,,0.21876,0.0015,0.0006,0.00226,-0.00191,-0.0003,spy_options_2016.parquet,2661055
SPY,2016-12-02,2016-12-02T16:00:00-05:00,219.7,2016-12-16,14.0,0.038356164383561646,250.0,put,31.47,31.72,31.47,127,,0.4973,-0.89202,0.00829,0.08177,-0.14557,-0.0937,spy_options_2016.parquet,2661055
SPY,2016-12-02,2016-12-02T16:00:00-05:00,219.7,2016-12-16,14.0,0.038356164383561646,252.5,call,0.0,0.02,0.0,,,0.23395,0.00126,0.0005,0.00252,-0.00144,0.00021,spy_options_2016.parquet,2661056
SPY,2016-12-02,2016-12-02T16:00:00-05:00,219.7,2016-12-16,14.0,0.038356164383561646,252.5,put,34.0,34.28,0.0,,,0.52875,-0.89429,0.00773,0.0806,-0.15192,-0.09464,spy_options_2016.parquet,2661056
SPY,2016-12-02,2016-12-02T16:00:00-05:00,219.7,2016-12-16,14.0,0.038356164383561646,255.0,call,0.0,0.01,0.0,,,0.24839,0.00172,0.0005,0.0024,-0.00196,0.00061,spy_options_2016.parquet,2661057
SPY,2016-12-02,2016-12-02T16:00:00-05:00,219.7,2016-12-16,14.0,0.038356164383561646,255.0,put,36.52,36.8,0.0,,,0.55804,-0.89711,0.00717,0.07914,-0.15637,-0.09551,spy_options_2016.parquet,2661057
SPY,2016-12-02,2016-12-02T16:00:00-05:00,219.7,2016-12-16,14.0,0.038356164383561646,260.0,call,0.0,0.0,0.0,,,0.27785,0.001,0.00039,0.00234,-0.00131,-0.00021,spy_options_2016.parquet,2661058
SPY,2016-12-02,2016-12-02T16:00:00-05:00,219.7,2016-12-16,14.0,0.038356164383561646,260.0,put,41.5,41.77,0.0,,,0.60603,-0.90545,0.00622,0.07466,-0.15832,-0.09884,spy_options_2016.parquet,2661058
SPY,2016-12-02,2016-12-02T16:00:00-05:00,219.7,2016-12-16,14.0,0.038356164383561646,265.0,call,0.0,0.01,0.0,,,0.306,0.00099,0.00034,0.00228,-0.0021,-0.00034,spy_options_2016.parquet,2661059
SPY,2016-12-02,2016-12-02T16:00:00-05:00,219.7,2016-12-16,14.0,0.038356164383561646,265.0,put,46.5,46.79,0.0,,,0.65665,-0.91105,0.00545,0.0711,-0.16451,-0.10176,spy_options_2016.parquet,2661059
SPY,2016-12-02,2016-12-02T16:00:00-05:00,219.7,2016-12-16,14.0,0.038356164383561646,270.0,call,0.0,0.02,0.0,,,0.33344,0.00158,0.0003,0.00232,-0.00132,0.00025,spy_options_2016.parquet,2661060
SPY,2016-12-02,2016-12-02T16:00:00-05:00,219.7,2016-12-16,14.0,0.038356164383561646,270.0,put,51.44,51.73,0.0,,,0.69637,-0.9177,0.00487,0.06632,-0.16311,-0.10434,spy_options_2016.parquet,2661060
SPY,2016-12-02,2016-12-02T16:00:00-05:00,219.7,2016-12-16,14.0,0.038356164383561646,275.0,call,0.0,0.01,0.0,,,0.36012,0.00162,0.0002,0.00121,-0.00188,0.0005,spy_options_2016.parquet,2661061
SPY,2016-12-02,2016-12-02T16:00:00-05:00,219.7,2016-12-16,14.0,0.038356164383561646,275.0,put,56.5,56.79,0.0,,,0.75188,-0.91943,0.0045,0.06582,-0.17306,-0.10573,spy_options_2016.parquet,2661061
SPY,2016-12-02,2016-12-02T16:00:00-05:00,219.7,2016-12-16,14.0,0.038356164383561646,280.0,call,0.0,0.01,0.0,,,0.38623,0.00143,0.00024,0.00174,-0.00174,-0.00028,spy_options_2016.parquet,2661062
SPY,2016-12-02,2016-12-02T16:00:00-05:00,219.7,2016-12-16,14.0,0.038356164383561646,280.0,put,61.48,61.77,0.0,,,0.79103,-0.92425,0.00401,0.06309,-0.17335,-0.10882,spy_options_2016.parquet,2661062
SPY,2016-12-02,2016-12-02T16:00:00-05:00,219.7,2016-12-16,14.0,0.038356164383561646,285.0,call,0.0,0.01,0.0,,,0.41175,0.00108,0.00019,0.00122,-0.00173,0.00049,spy_options_2016.parquet,2661063
SPY,2016-12-02,2016-12-02T16:00:00-05:00,219.7,2016-12-16,14.0,0.038356164383561646,285.0,put,66.49,66.77,66.61,0,,0.83565,-0.9266,0.00375,0.06149,-0.17774,-0.11103,spy_options_2016.parquet,2661063
SPY,2016-12-02,2016-12-02T16:00:00-05:00,219.7,2016-12-16,14.0,0.038356164383561646,290.0,call,0.0,0.02,0.0,,,0.43648,0.00095,0.00014,0.00195,-0.00213,0.00044,spy_options_2016.parquet,2661064
SPY,2016-12-02,2016-12-02T16:00:00-05:00,219.7,2016-12-16,14.0,0.038356164383561646,290.0,put,71.46,71.74,0.0,,,0.87184,-0.93125,0.00336,0.05901,-0.17696,-0.11378,spy_options_2016.parquet,2661064
SPY,2016-12-02,2016-12-02T16:00:00-05:00,219.7,2016-12-16,14.0,0.038356164383561646,295.0,call,0.0,0.01,0.0,,,0.46053,0.00123,0.00013,0.00089,-0.00169,-0.00025,spy_options_2016.parquet,2661065
SPY,2016-12-02,2016-12-02T16:00:00-05:00,219.7,2016-12-16,14.0,0.038356164383561646,295.0,put,75.4,77.78,0.0,,,0.9112,-0.93414,0.00313,0.0564,-0.17892,-0.11593,spy_options_2016.parquet,2661065
SPY,2016-12-02,2016-12-02T16:00:00-05:00,219.7,2016-12-16,14.0,0.038356164383561646,300.0,call,0.0,0.01,0.0,,,0.48458,0.00073,0.00017,0.00171,-0.00225,0.00047,spy_options_2016.parquet,2661066
SPY,2016-12-02,2016-12-02T16:00:00-05:00,219.7,2016-12-16,14.0,0.038356164383561646,300.0,put,81.5,81.79,81.78,35,,0.95912,-0.93357,0.00301,0.05679,-0.18693,-0.11775,spy_options_2016.parquet,2661066
SPY,2016-12-02,2016-12-02T16:00:00-05:00,219.7,2016-12-16,14.0,0.038356164383561646,305.0,call,0.0,0.01,0.0,,,0.50813,0.0007,0.00017,0.0012,-0.00184,-0.00011,spy_options_2016.parquet,2661067
SPY,2016-12-02,2016-12-02T16:00:00-05:00,219.7,2016-12-16,14.0,0.038356164383561646,305.0,put,86.5,86.78,0.0,,,0.99704,-0.93543,0.0028,0.05529,-0.18957,-0.12,spy_options_2016.parquet,2661067
SPY,2016-12-02,2016-12-02T16:00:00-05:00,219.7,2016-12-16,14.0,0.038356164383561646,310.0,call,0.0,0.0,0.0,,,0.53126,0.00094,0.00014,0.00087,-0.00139,0.00014,spy_options_2016.parquet,2661068
SPY,2016-12-02,2016-12-02T16:00:00-05:00,219.7,2016-12-16,14.0,0.038356164383561646,310.0,put,91.4,91.69,91.74,0,,1.0179,-0.94086,0.0026,0.05205,-0.18097,-0.12219,spy_options_2016.parquet,2661068
SPY,2016-12-02,2016-12-02T16:00:00-05:00,219.7,2016-12-16,14.0,0.038356164383561646,315.0,call,0.0,0.01,0.0,,,0.55296,0.00084,0.00014,0.00108,-0.00199,-0.00022,spy_options_2016.parquet,2661069
SPY,2016-12-02,2016-12-02T16:00:00-05:00,219.7,2016-12-16,14.0,0.038356164383561646,315.0,put,96.41,96.68,96.6,120,,1.05268,-0.94244,0.00238,0.05021,-0.18213,-0.12491,spy_options_2016.parquet,2661069
SPY,2016-12-02,2016-12-02T16:00:00-05:00,219.7,2016-12-16,14.0,0.038356164383561646,320.0,call,0.0,0.01,0.0,,,0.57535,0.00067,9e-05,0.00121,-0.002,6e-05,spy_options_2016.parquet,2661070
SPY,2016-12-02,2016-12-02T16:00:00-05:00,219.7,2016-12-16,14.0,0.038356164383561646,320.0,put,101.47,101.75,101.91,0,,1.10095,-0.94193,0.00237,0.05109,-0.19271,-0.12665,spy_options_2016.parquet,2661070
SPY,2016-12-02,2016-12-02T16:00:00-05:00,219.7,2016-12-16,14.0,0.038356164383561646,325.0,call,0.0,0.01,0.0,,,0.59606,0.00086,7e-05,0.00093,-0.00158,-0.00014,spy_options_2016.parquet,2661071
SPY,2016-12-02,2016-12-02T16:00:00-05:00,219.7,2016-12-16,14.0,0.038356164383561646,325.0,put,106.49,106.77,0.0,,,1.13959,-0.94273,0.00223,0.05055,-0.19701,-0.12865,spy_options_2016.parquet,2661071
SPY,2016-12-02,2016-12-02T16:00:00-05:00,219.7,2016-12-21,19.0,0.052054794520547946,195.0,call,24.54,24.78,0.0,,,,1.0,0.0,0.0,0.0,0.0,spy_options_2016.parquet,2661072
SPY,2016-12-02,2016-12-02T16:00:00-05:00,219.7,2016-12-21,19.0,0.052054794520547946,195.0,put,0.09,0.11,0.1,30,,0.24679,-0.02135,0.00397,0.0261,-0.01626,-0.00232,spy_options_2016.parquet,2661072
SPY,2016-12-02,2016-12-02T16:00:00-05:00,219.7,2016-12-21,19.0,0.052054794520547946,200.0,call,19.6,19.8,0.0,,,0.25946,0.97213,0.01074,0.02804,-0.01154,0.0174,spy_options_2016.parquet,2661073
SPY,2016-12-02,2016-12-02T16:00:00-05:00,219.7,2016-12-21,19.0,0.052054794520547946,200.0,put,0.14,0.17,0.16,10,,0.21661,-0.03565,0.00701,0.04042,-0.02245,-0.00413,spy_options_2016.parquet,2661073
SPY,2016-12-02,2016-12-02T16:00:00-05:00,219.7,2016-12-21,19.0,0.052054794520547946,200.5,call,19.12,19.35,0.0,,,0.26586,0.95913,0.01173,0.04008,-0.01714,0.02555,spy_options_2016.parquet,2661074
SPY,2016-12-02,2016-12-02T16:00:00-05:00,219.7,2016-12-21,19.0,0.052054794520547946,200.5,put,0.16,0.17,0.0,,,0.21451,-0.03747,0.00742,0.04184,-0.02297,-0.00451,spy_options_2016.parquet,2661074
SPY,2016-12-02,2016-12-02T16:00:00-05:00,219.7,2016-12-21,19.0,0.052054794520547946,201.0,call,18.58,18.81,0.0,,,0.24674,0.974,0.01172,0.02638,-0.00953,0.01673,spy_options_2016.parquet,2661075
SPY,2016-12-02,2016-12-02T16:00:00-05:00,219.7,2016-12-21,19.0,0.052054794520547946,201.0,put,0.17,0.19,0.18,177,,0.21154,-0.03988,0.00791,0.04465,-0.02476,-0.00484,spy_options_2016.parquet,2661075
SPY,2016-12-02,2016-12-02T16:00:00-05:00,219.7,2016-12-21,19.0,0.052054794520547946,201.5,call,18.13,18.35,0.0,,,0.25551,0.95653,0.01297,0.04304,-0.01673,0.02741,spy_options_2016.parquet,2661076
SPY,2016-12-02,2016-12-02T16:00:00-05:00,219.7,2016-12-21,19.0,0.052054794520547946,201.5,put,0.18,0.19,0.18,194,,0.20831,-0.04298,0.00847,0.04648,-0.02519,-0.0053,spy_options_2016.parquet,2661076
SPY,2016-12-02,2016-12-02T16:00:00-05:00,219.7,2016-12-21,19.0,0.052054794520547946,202.0,call,17.58,17.79,0.0,,,0.2316,0.97952,0.01293,0.02146,-0.00688,0.01322,spy_options_2016.parquet,2661077
SPY,2016-12-02,2016-12-02T16:00:00-05:00,219.7,2016-12-21,19.0,0.052054794520547946,202.0,put,0.2,0.21,0.19,176,,0.20563,-0.04549,0.00898,0.04873,-0.02653,-0.00513,spy_options_2016.parquet,2661077
SPY,2016-12-02,2016-12-02T16:00:00-05:00,219.7,2016-12-21,19.0,0.052054794520547946,202.5,call,17.09,17.32,0.0,,,0.23278,0.97116,0.01377,0.02955,-0.00931,0.01884,spy_options_2016.parquet,2661078
SPY,2016-12-02,2016-12-02T16:00:00-05:00,219.7,2016-12-21,19.0,0.052054794520547946,202.5,put,0.2,0.22,0.0,,,0.20244,-0.04724,0.00957,0.05108,-0.02702,-0.00625,spy_options_2016.parquet,2661078
SPY,2016-12-02,2016-12-02T16:00:00-05:00,219.7,2016-12-21,19.0,0.052054794520547946,203.0,call,16.59,16.79,0.0,,,0.22505,0.97348,0.01445,0.02749,-0.00825,0.0177,spy_options_2016.parquet,2661079
SPY,2016-12-02,2016-12-02T16:00:00-05:00,219.7,2016-12-21,19.0,0.052054794520547946,203.0,put,0.21,0.24,0.22,9,,0.20062,-0.05129,0.01021,0.05425,-0.02875,-0.00593,spy_options_2016.parquet,2661079
SPY,2016-12-02,2016-12-02T16:00:00-05:00,219.7,2016-12-21,19.0,0.052054794520547946,203.5,call,16.11,16.31,0.0,,,0.22356,0.96745,0.01541,0.03257,-0.01027,0.02116,spy_options_2016.parquet,2661080
SPY,2016-12-02,2016-12-02T16:00:00-05:00,219.7,2016-12-21,19.0,0.052054794520547946,203.5,put,0.24,0.25,0.0,,,0.19767,-0.05436,0.01089,0.05674,-0.0299,-0.00625,spy_options_2016.parquet,2661080
SPY,2016-12-02,2016-12-02T16:00:00-05:00,219.7,2016-12-21,19.0,0.052054794520547946,204.0,call,15.61,15.82,0.0,,,0.22186,0.96116,0.01646,0.03858,-0.01263,0.0249,spy_options_2016.parquet,2661081
SPY,2016-12-02,2016-12-02T16:00:00-05:00,219.7,2016-12-21,19.0,0.052054794520547946,204.0,put,0.25,0.26,0.0,,,0.19462,-0.05877,0.01156,0.05982,-0.03035,-0.00752,spy_options_2016.parquet,2661081
SPY,2016-12-02,2016-12-02T16:00:00-05:00,219.7,2016-12-21,19.0,0.052054794520547946,204.5,call,15.12,15.33,0.0,,,0.2193,0.95657,0.01739,0.04256,-0.01345,0.0278,spy_options_2016.parquet,2661082
SPY,2016-12-02,2016-12-02T16:00:00-05:00,219.7,2016-12-21,19.0,0.052054794520547946,204.5,put,0.25,0.29,0.0,,,0.1917,-0.06247,0.01234,0.06236,-0.03203,-0.00759,spy_options_2016.parquet,2661082
SPY,2016-12-02,2016-12-02T16:00:00-05:00,219.7,2016-12-21,19.0,0.052054794520547946,205.0,call,14.63,14.83,0.0,,,0.21433,0.95376,0.01843,0.04533,-0.01393,0.0287,spy_options_2016.parquet,2661083
SPY,2016-12-02,2016-12-02T16:00:00-05:00,219.7,2016-12-21,19.0,0.052054794520547946,205.0,put,0.28,0.3,0.26,10,,0.19002,-0.06705,0.01324,0.06681,-0.03299,-0.00776,spy_options_2016.parquet,2661083
SPY,2016-12-02,2016-12-02T16:00:00-05:00,219.7,2016-12-21,19.0,0.052054794520547946,205.5,call,14.15,14.34,0.0,,,0.20959,0.95053,0.01948,0.0484,-0.01437,0.03021,spy_options_2016.parquet,2661084
SPY,2016-12-02,2016-12-02T16:00:00-05:00,219.7,2016-12-21,19.0,0.052054794520547946,205.5,put,0.3,0.32,0.32,1,,0.18562,-0.07015,0.01408,0.06862,-0.03362,-0.00882,spy_options_2016.parquet,2661084
SPY,2016-12-02,2016-12-02T16:00:00-05:00,219.7,2016-12-21,19.0,0.052054794520547946,206.0,call,13.65,13.85,0.0,,,0.20661,0.94587,0.02063,0.05148,-0.01598,0.0319,spy_options_2016.parquet,2661085
SPY,2016-12-02,2016-12-02T16:00:00-05:00,219.7,2016-12-21,19.0,0.052054794520547946,206.0,put,0.32,0.34,0.0,,,0.18404,-0.07642,0.01507,0.07344,-0.03596,-0.00911,spy_options_2016.parquet,2661085
SPY,2016-12-02,2016-12-02T16:00:00-05:00,219.7,2016-12-21,19.0,0.052054794520547946,206.5,call,13.15,13.36,0.0,,,0.20282,0.94153,0.02177,0.05595,-0.01667,0.034,spy_options_2016.parquet,2661086
SPY,2016-12-02,2016-12-02T16:00:00-05:00,219.7,2016-12-21,19.0,0.052054794520547946,206.5,put,0.35,0.35,0.36,1,,0.1818,-0.08147,0.01613,0.0775,-0.03721,-0.00998,spy_options_2016.parquet,2661086
SPY,2016-12-02,2016-12-02T16:00:00-05:00,219.7,2016-12-21,19.0,0.052054794520547946,207.0,call,12.69,12.88,0.0,,,0.20149,0.93015,0.02298,0.06361,-0.01943,0.03736,spy_options_2016.parquet,2661087
SPY,2016-12-02,2016-12-02T16:00:00-05:00,219.7,2016-12-21,19.0,0.052054794520547946,207.0,put,0.37,0.39,0.36,200,,0.17891,-0.08803,0.01726,0.08223,-0.03982,-0.01063,spy_options_2016.parquet,2661087
SPY,2016-12-02,2016-12-02T16:00:00-05:00,219.7,2016-12-21,19.0,0.052054794520547946,207.5,call,12.2,12.4,0.0,,,0.19763,0.92592,0.02432,0.06733,-0.01968,0.03823,spy_options_2016.parquet,2661088
SPY,2016-12-02,2016-12-02T16:00:00-05:00,219.7,2016-12-21,19.0,0.052054794520547946,207.5,put,0.4,0.42,0.41,1,,0.17627,-0.09335,0.01843,0.08591,-0.0404,-0.01185,spy_options_2016.parquet,2661088
SPY,2016-12-02,2016-12-02T16:00:00-05:00,219.7,2016-12-21,19.0,0.052054794520547946,208.0,call,11.71,11.91,0.0,,,0.19304,0.92062,0.02569,0.07073,-0.02033,0.03944,spy_options_2016.parquet,2661089
SPY,2016-12-02,2016-12-02T16:00:00-05:00,219.7,2016-12-21,19.0,0.052054794520547946,208.0,put,0.42,0.44,0.0,,,0.17314,-0.09975,0.01968,0.08981,-0.04197,-0.01209,spy_options_2016.parquet,2661089
SPY,2016-12-02,2016-12-02T16:00:00-05:00,219.7,2016-12-21,19.0,0.052054794520547946,208.5,call,11.24,11.43,0.0,,,0.18892,0.91392,0.0272,0.07579,-0.02194,0.04091,spy_options_2016.parquet,2661090
SPY,2016-12-02,2016-12-02T16:00:00-05:00,219.7,2016-12-21,19.0,0.052054794520547946,208.5,put,0.44,0.46,0.0,,,0.16936,-0.10596,0.02101,0.09439,-0.04388,-0.01263,spy_options_2016.parquet,2661090
SPY,2016-12-02,2016-12-02T16:00:00-05:00,219.7,2016-12-21,19.0,0.052054794520547946,209.0,call,10.81,11.01,0.0,,,0.19219,0.89268,0.02826,0.09013,-0.02775,0.04694,spy_options_2016.parquet,2661091
SPY,2016-12-02,2016-12-02T16:00:00-05:00,219.7,2016-12-21,19.0,0.052054794520547946,209.0,put,0.49,0.5,0.0,,,0.16901,-0.1157,0.02249,0.10016,-0.04666,-0.01413,spy_options_2016.parquet,2661091
SPY,2016-12-02,2016-12-02T16:00:00-05:00,219.7,2016-12-21,19.0,0.052054794520547946,209.5,call,10.33,10.52,0.0,,,0.18858,0.88497,0.02987,0.09472,-0.02865,0.04764,spy_options_2016.parquet,2661092
SPY,2016-12-02,2016-12-02T16:00:00-05:00,219.7,2016-12-21,19.0,0.052054794520547946,209.5,put,0.52,0.54,0.0,,,0.16494,-0.12376,0.02409,0.10448,-0.04811,-0.01543,spy_options_2016.parquet,2661092
SPY,2016-12-02,2016-12-02T16:00:00-05:00,219.7,2016-12-21,19.0,0.052054794520547946,210.0,call,9.8,9.99,0.0,,,0.17934,0.88643,0.03195,0.09399,-0.02601,0.04612,spy_options_2016.parquet,2661093
SPY,2016-12-02,2016-12-02T16:00:00-05:00,219.7,2016-12-21,19.0,0.052054794520547946,210.0,put,0.56,0.6,0.6,33,,0.16257,-0.1333,0.02571,0.11114,-0.04966,-0.01631,spy_options_2016.parquet,2661093
SPY,2016-12-02,2016-12-02T16:00:00-05:00,219.7,2016-12-21,19.0,0.052054794520547946,210.5,call,9.33,9.51,0.0,,,0.17468,0.8781,0.03382,0.09878,-0.02727,0.04794,spy_options_2016.parquet,2661094
SPY,2016-12-02,2016-12-02T16:00:00-05:00,219.7,2016-12-21,19.0,0.052054794520547946,210.5,put,0.6,0.63,0.0,,,0.15974,-0.14342,0.02743,0.11604,-0.05206,-0.01749,spy_options_2016.parquet,2661094
SPY,2016-12-02,2016-12-02T16:00:00-05:00,219.7,2016-12-21,19.0,0.052054794520547946,211.0,call,8.86,9.06,0.0,,,0.17162,0.86611,0.03566,0.10496,-0.02895,0.04927,spy_options_2016.parquet,2661095
SPY,2016-12-02,2016-12-02T16:00:00-05:00,219.7,2016-12-21,19.0,0.052054794520547946,211.0,put,0.65,0.68,0.66,153,,0.15812,-0.15504,0.02931,0.12258,-0.05387,-0.0189,spy_options_2016.parquet,2661095
SPY,2016-12-02,2016-12-02T16:00:00-05:00,219.7,2016-12-21,19.0,0.052054794520547946,211.5,call,8.44,8.64,0.0,,,0.17286,0.84626,0.03688,0.1167,-0.03327,0.05238,spy_options_2016.parquet,2661096
SPY,2016-12-02,2016-12-02T16:00:00-05:00,219.7,2016-12-21,19.0,0.052054794520547946,211.5,put,0.72,0.73,0.0,,,0.15536,-0.1678,0.03128,0.12814,-0.05672,-0.02062,spy_options_2016.parquet,2661096
SPY,2016-12-02,2016-12-02T16:00:00-05:00,219.7,2016-12-21,19.0,0.052054794520547946,212.0,call,7.94,8.1,0.0,,,0.16375,0.84271,0.0397,0.11816,-0.03102,0.05192,spy_options_2016.parquet,2661097
SPY,2016-12-02,2016-12-02T16:00:00-05:00,219.7,2016-12-21,19.0,0.052054794520547946,212.0,put,0.77,0.81,0.78,245,,0.15348,-0.18079,0.03337,0.13539,-0.05877,-0.02195,spy_options_2016.parquet,2661097
SPY,2016-12-02,2016-12-02T16:00:00-05:00,219.7,2016-12-21,19.0,0.052054794520547946,212.5,call,7.54,7.69,0.0,,,0.16439,0.82084,0.04098,0.12896,-0.03522,0.0538,spy_options_2016.parquet,2661098
SPY,2016-12-02,2016-12-02T16:00:00-05:00,219.7,2016-12-21,19.0,0.052054794520547946,212.5,put,0.83,0.86,0.81,3,,0.15087,-0.19402,0.03551,0.14122,-0.06082,-0.02361,spy_options_2016.parquet,2661098
SPY,2016-12-02,2016-12-02T16:00:00-05:00,219.7,2016-12-21,19.0,0.052054794520547946,213.0,call,7.04,7.19,0.0,,,0.15622,0.81484,0.04418,0.13154,-0.03357,0.05372,spy_options_2016.parquet,2661099
SPY,2016-12-02,2016-12-02T16:00:00-05:00,219.7,2016-12-21,19.0,0.052054794520547946,213.0,put,0.9,0.93,0.95,7,,0.14796,-0.20943,0.0378,0.14798,-0.06254,-0.02525,spy_options_2016.parquet,2661099
SPY,2016-12-02,2016-12-02T16:00:00-05:00,219.7,2016-12-21,19.0,0.052054794520547946,213.5,call,6.62,6.75,6.59,25,,0.15523,0.79473,0.04597,0.14102,-0.03667,0.05472,spy_options_2016.parquet,2661100
SPY,2016-12-02,2016-12-02T16:00:00-05:00,219.7,2016-12-21,19.0,0.052054794520547946,213.5,put,0.98,1.02,0.87,5,,0.14541,-0.22636,0.04007,0.15407,-0.06479,-0.0282,spy_options_2016.parquet,2661100
SPY,2016-12-02,2016-12-02T16:00:00-05:00,219.7,2016-12-21,19.0,0.052054794520547946,214.0,call,6.2,6.36,0.0,,,0.15376,0.7732,0.04779,0.14943,-0.03936,0.0557,spy_options_2016.parquet,2661101
SPY,2016-12-02,2016-12-02T16:00:00-05:00,219.7,2016-12-21,19.0,0.052054794520547946,214.0,put,1.07,1.11,1.12,47,,0.14294,-0.24388,0.04246,0.16108,-0.06734,-0.03006,spy_options_2016.parquet,2661101
SPY,2016-12-02,2016-12-02T16:00:00-05:00,219.7,2016-12-21,19.0,0.052054794520547946,214.5,call,5.75,5.89,0.0,,,0.14726,0.75918,0.05087,0.15466,-0.03867,0.05562,spy_options_2016.parquet,2661102
SPY,2016-12-02,2016-12-02T16:00:00-05:00,219.7,2016-12-21,19.0,0.052054794520547946,214.5,put,1.16,1.2,1.07,90,,0.14086,-0.26276,0.04497,0.1669,-0.06942,-0.03222,spy_options_2016.parquet,2661102
SPY,2016-12-02,2016-12-02T16:00:00-05:00,219.7,2016-12-21,19.0,0.052054794520547946,215.0,call,5.37,5.44,5.28,1,,0.14472,0.73707,0.05308,0.16281,-0.041,0.05604,spy_options_2016.parquet,2661103
SPY,2016-12-02,2016-12-02T16:00:00-05:00,219.7,2016-12-21,19.0,0.052054794520547946,215.0,put,1.25,1.29,1.26,214,,0.13819,-0.28247,0.04752,0.17372,-0.07118,-0.03459,spy_options_2016.parquet,2661103
SPY,2016-12-02,2016-12-02T16:00:00-05:00,219.7,2016-12-21,19.0,0.052054794520547946,215.5,call,4.94,5.06,0.0,,,0.1421,0.71408,0.05539,0.16974,-0.04245,0.05641,spy_options_2016.parquet,2661104
SPY,2016-12-02,2016-12-02T16:00:00-05:00,219.7,2016-12-21,19.0,0.052054794520547946,215.5,put,1.38,1.41,1.49,1,,0.13591,-0.30511,0.04989,0.17988,-0.07358,-0.03727,spy_options_2016.parquet,2661104
SPY,2016-12-02,2016-12-02T16:00:00-05:00,219.7,2016-12-21,19.0,0.052054794520547946,216.0,call,4.54,4.58,4.47,128,,0.13694,0.69328,0.05868,0.1753,-0.0422,0.05655,spy_options_2016.parquet,2661105
SPY,2016-12-02,2016-12-02T16:00:00-05:00,219.7,2016-12-21,19.0,0.052054794520547946,216.0,put,1.48,1.54,1.57,229,,0.13427,-0.32842,0.05231,0.18583,-0.07498,-0.0399,spy_options_2016.parquet,2661105
SPY,2016-12-02,2016-12-02T16:00:00-05:00,219.7,2016-12-21,19.0,0.052054794520547946,216.5,call,4.15,4.23,0.0,,,0.13525,0.66607,0.06051,0.18216,-0.04392,0.05547,spy_options_2016.parquet,2661106
SPY,2016-12-02,2016-12-02T16:00:00-05:00,219.7,2016-12-21,19.0,0.052054794520547946,216.5,put,1.63,1.66,1.65,204,,0.13129,-0.35318,0.05481,0.19096,-0.07736,-0.04378,spy_options_2016.parquet,2661106
SPY,2016-12-02,2016-12-02T16:00:00-05:00,219.7,2016-12-21,19.0,0.052054794520547946,217.0,call,3.76,3.83,3.68,77,,0.13076,0.64008,0.06336,0.1871,-0.04397,0.0548,spy_options_2016.parquet,2661107
SPY,2016-12-02,2016-12-02T16:00:00-05:00,219.7,2016-12-21,19.0,0.052054794520547946,217.0,put,1.77,1.82,1.88,171,,0.12975,-0.38001,0.05688,0.19543,-0.07824,-0.04717,spy_options_2016.parquet,2661107
SPY,2016-12-02,2016-12-02T16:00:00-05:00,219.7,2016-12-21,19.0,0.052054794520547946,217.5,call,3.36,3.42,0.0,,,0.126,0.61278,0.06655,0.19259,-0.04332,0.05368,spy_options_2016.parquet,2661108
SPY,2016-12-02,2016-12-02T16:00:00-05:00,219.7,2016-12-21,19.0,0.052054794520547946,217.5,put,1.92,2.0,1.95,1,,0.12754,-0.40767,0.05902,0.19935,-0.08017,-0.04994,spy_options_2016.parquet,2661108
SPY,2016-12-02,2016-12-02T16:00:00-05:00,219.7,2016-12-21,19.0,0.052054794520547946,218.0,call,3.01,3.06,2.97,26,,0.12292,0.58115,0.06872,0.19634,-0.0437,0.05209,spy_options_2016.parquet,2661109
SPY,2016-12-02,2016-12-02T16:00:00-05:00,219.7,2016-12-21,19.0,0.052054794520547946,218.0,put,2.12,2.17,2.1,208,,0.12595,-0.43764,0.06067,0.20151,-0.08148,-0.05352,spy_options_2016.parquet,2661109
SPY,2016-12-02,2016-12-02T16:00:00-05:00,219.7,2016-12-21,19.0,0.052054794520547946,218.5,call,2.69,2.74,2.63,49,,0.1207,0.54813,0.06993,0.19992,-0.04411,0.05125,spy_options_2016.parquet,2661110
SPY,2016-12-02,2016-12-02T16:00:00-05:00,219.7,2016-12-21,19.0,0.052054794520547946,218.5,put,2.31,2.37,2.16,6,,0.12414,-0.46746,0.06212,0.20336,-0.08195,-0.05799,spy_options_2016.parquet,2661110
SPY,2016-12-02,2016-12-02T16:00:00-05:00,219.7,2016-12-21,19.0,0.052054794520547946,219.0,call,2.36,2.39,2.39,21,,0.11668,0.51299,0.07215,0.20133,-0.04374,0.04895,spy_options_2016.parquet,2661111
SPY,2016-12-02,2016-12-02T16:00:00-05:00,219.7,2016-12-21,19.0,0.052054794520547946,219.0,put,2.51,2.59,0.0,,,0.12239,-0.49921,0.06323,0.20434,-0.08211,-0.06125,spy_options_2016.parquet,2661111
SPY,2016-12-02,2016-12-02T16:00:00-05:00,219.7,2016-12-21,19.0,0.052054794520547946,219.5,call,2.04,2.09,0.0,,,0.11343,0.47714,0.07314,0.20144,-0.04281,0.04612,spy_options_2016.parquet,2661112
SPY,2016-12-02,2016-12-02T16:00:00-05:00,219.7,2016-12-21,19.0,0.052054794520547946,219.5,put,2.74,2.8,2.65,106,,0.11972,-0.53111,0.06416,0.20322,-0.0829,-0.06593,spy_options_2016.parquet,2661112
SPY,2016-12-02,2016-12-02T16:00:00-05:00,219.7,2016-12-21,19.0,0.052054794520547946,220.0,call,1.79,1.82,1.78,,,0.11206,0.43934,0.07295,0.19978,-0.04206,0.0434,spy_options_2016.parquet,2661113
SPY,2016-12-02,2016-12-02T16:00:00-05:00,219.7,2016-12-21,19.0,0.052054794520547946,220.0,put,3.04,3.11,3.18,66,,0.12062,-0.56302,0.06315,0.2013,-0.08366,-0.06895,spy_options_2016.parquet,2661113
SPY,2016-12-02,2016-12-02T16:00:00-05:00,219.7,2016-12-21,19.0,0.052054794520547946,220.5,call,1.53,1.57,1.54,245,,0.10848,0.40104,0.07268,0.19639,-0.04111,0.04018,spy_options_2016.parquet,2661114
SPY,2016-12-02,2016-12-02T16:00:00-05:00,219.7,2016-12-21,19.0,0.052054794520547946,220.5,put,3.29,3.37,3.45,3,,0.11891,-0.59577,0.06284,0.1987,-0.08326,-0.07385,spy_options_2016.parquet,2661114
SPY,2016-12-02,2016-12-02T16:00:00-05:00,219.7,2016-12-21,19.0,0.052054794520547946,221.0,call,1.25,1.28,1.26,21,,0.10366,0.3596,0.07309,0.19001,-0.03787,0.03724,spy_options_2016.parquet,2661115
SPY,2016-12-02,2016-12-02T16:00:00-05:00,219.7,2016-12-21,19.0,0.052054794520547946,221.0,put,3.56,3.63,3.29,4,,0.11704,-0.62854,0.06243,0.19309,-0.08114,-0.07731,spy_options_2016.parquet,2661115
SPY,2016-12-02,2016-12-02T16:00:00-05:00,219.7,2016-12-21,19.0,0.052054794520547946,221.5,call,1.03,1.08,0.0,,,0.10236,0.3206,0.07085,0.18187,-0.03587,0.03356,spy_options_2016.parquet,2661116
SPY,2016-12-02,2016-12-02T16:00:00-05:00,219.7,2016-12-21,19.0,0.052054794520547946,221.5,put,3.86,3.95,3.84,18,,0.11592,-0.66082,0.06092,0.18662,-0.08064,-0.08193,spy_options_2016.parquet,2661116
SPY,2016-12-02,2016-12-02T16:00:00-05:00,219.7,2016-12-21,19.0,0.052054794520547946,222.0,call,0.89,0.9,0.84,271,,0.1011,0.28434,0.06742,0.17269,-0.0346,0.03004,spy_options_2016.parquet,2661117
SPY,2016-12-02,2016-12-02T16:00:00-05:00,219.7,2016-12-21,19.0,0.052054794520547946,222.0,put,4.27,4.38,4.48,126,,0.12,-0.6847,0.05718,0.1819,-0.08183,-0.08442,spy_options_2016.parquet,2661117
SPY,2016-12-02,2016-12-02T16:00:00-05:00,219.7,2016-12-21,19.0,0.052054794520547946,222.5,call,0.71,0.73,0.71,129,,0.09772,0.246,0.06403,0.1615,-0.03136,0.02685,spy_options_2016.parquet,2661118
SPY,2016-12-02,2016-12-02T16:00:00-05:00,219.7,2016-12-21,19.0,0.052054794520547946,222.5,put,4.62,4.8,0.0,,,0.12261,-0.70823,0.05418,0.17526,-0.0815,-0.08735,spy_options_2016.parquet,2661118
SPY,2016-12-02,2016-12-02T16:00:00-05:00,219.7,2016-12-21,19.0,0.052054794520547946,223.0,call,0.57,0.59,0.57,,,0.09626,0.21134,0.05956,0.14777,-0.02798,0.02324,spy_options_2016.parquet,2661119
SPY,2016-12-02,2016-12-02T16:00:00-05:00,219.7,2016-12-21,19.0,0.052054794520547946,223.0,put,5.03,5.19,0.0,,,0.12354,-0.73141,0.05124,0.1684,-0.0811,-0.09047,spy_options_2016.parquet,2661119
SPY,2016-12-02,2016-12-02T16:00:00-05:00,219.7,2016-12-21,19.0,0.052054794520547946,223.5,call,0.46,0.46,0.49,279,,0.09456,0.17876,0.0546,0.13363,-0.02498,0.01974,spy_options_2016.parquet,2661120
SPY,2016-12-02,2016-12-02T16:00:00-05:00,219.7,2016-12-21,19.0,0.052054794520547946,223.5,put,5.43,5.61,0.0,,,0.1264,-0.75259,0.04831,0.16119,-0.08036,-0.094,spy_options_2016.parquet,2661120
SPY,2016-12-02,2016-12-02T16:00:00-05:00,219.7,2016-12-21,19.0,0.052054794520547946,224.0,call,0.34,0.38,0.36,177,,0.09301,0.14968,0.04916,0.11948,-0.02252,0.01713,spy_options_2016.parquet,2661121
SPY,2016-12-02,2016-12-02T16:00:00-05:00,219.7,2016-12-21,19.0,0.052054794520547946,224.0,put,5.81,6.01,0.0,,,0.12551,-0.77603,0.04577,0.15228,-0.07807,-0.09697,spy_options_2016.parquet,2661121
SPY,2016-12-02,2016-12-02T16:00:00-05:00,219.7,2016-12-21,19.0,0.052054794520547946,224.5,call,0.28,0.29,0.0,,,0.09113,0.12227,0.0435,0.10475,-0.01927,0.01362,spy_options_2016.parquet,2661122
SPY,2016-12-02,2016-12-02T16:00:00-05:00,219.7,2016-12-21,19.0,0.052054794520547946,224.5,put,6.23,6.43,0.0,,,0.12725,-0.79501,0.04294,0.14402,-0.07683,-0.09921,spy_options_2016.parquet,2661122
SPY,2016-12-02,2016-12-02T16:00:00-05:00,219.7,2016-12-21,19.0,0.052054794520547946,225.0,call,0.22,0.22,0.21,46,,0.09074,0.10057,0.03807,0.09072,-0.01659,0.01187,spy_options_2016.parquet,2661123
SPY,2016-12-02,2016-12-02T16:00:00-05:00,219.7,2016-12-21,19.0,0.052054794520547946,225.0,put,6.67,6.9,7.04,0,,0.13052,-0.809,0.04005,0.13816,-0.07643,-0.10097,spy_options_2016.parquet,2661123
SPY,2016-12-02,2016-12-02T16:00:00-05:00,219.7,2016-12-21,19.0,0.052054794520547946,225.5,call,0.16,0.18,0.18,1,,0.09043,0.0815,0.03281,0.07833,-0.01392,0.00956,spy_options_2016.parquet,2661124
SPY,2016-12-02,2016-12-02T16:00:00-05:00,219.7,2016-12-21,19.0,0.052054794520547946,225.5,put,7.15,7.4,0.0,,,0.13646,-0.81717,0.0373,0.13377,-0.07796,-0.10227,spy_options_2016.parquet,2661124
SPY,2016-12-02,2016-12-02T16:00:00-05:00,219.7,2016-12-21,19.0,0.052054794520547946,226.0,call,0.13,0.15,0.14,6,,0.09146,0.06884,0.02843,0.06895,-0.01252,0.00793,spy_options_2016.parquet,2661125
SPY,2016-12-02,2016-12-02T16:00:00-05:00,219.7,2016-12-21,19.0,0.052054794520547946,226.0,put,7.65,7.88,0.0,,,0.14224,-0.82366,0.03486,0.13141,-0.079,-0.10307,spy_options_2016.parquet,2661125
SPY,2016-12-02,2016-12-02T16:00:00-05:00,219.7,2016-12-21,19.0,0.052054794520547946,226.5,call,0.1,0.12,0.0,,,0.09149,0.05759,0.02457,0.05996,-0.01151,0.00672,spy_options_2016.parquet,2661126
SPY,2016-12-02,2016-12-02T16:00:00-05:00,219.7,2016-12-21,19.0,0.052054794520547946,226.5,put,8.09,8.32,0.0,,,0.1438,-0.8378,0.03269,0.12432,-0.07738,-0.10521,spy_options_2016.parquet,2661126
SPY,2016-12-02,2016-12-02T16:00:00-05:00,219.7,2016-12-21,19.0,0.052054794520547946,227.0,call,0.09,0.09,0.1,1,,0.09273,0.04822,0.02115,0.05206,-0.0102,0.00578,spy_options_2016.parquet,2661127
SPY,2016-12-02,2016-12-02T16:00:00-05:00,219.7,2016-12-21,19.0,0.052054794520547946,227.0,put,8.61,8.85,0.0,,,0.15116,-0.84063,0.03074,0.12276,-0.07914,-0.10614,spy_options_2016.parquet,2661127
SPY,2016-12-02,2016-12-02T16:00:00-05:00,219.7,2016-12-21,19.0,0.052054794520547946,227.5,call,0.08,0.09,0.0,,,0.0956,0.04293,0.01875,0.04805,-0.00903,0.00504,spy_options_2016.parquet,2661128
SPY,2016-12-02,2016-12-02T16:00:00-05:00,219.7,2016-12-21,19.0,0.052054794520547946,227.5,put,9.1,9.34,0.0,,,0.15665,-0.84576,0.02894,0.11994,-0.07999,-0.10661,spy_options_2016.parquet,2661128
SPY,2016-12-02,2016-12-02T16:00:00-05:00,219.7,2016-12-21,19.0,0.052054794520547946,228.0,call,0.06,0.09,0.09,200,,0.09734,0.03807,0.01657,0.04266,-0.00825,0.00397,spy_options_2016.parquet,2661129
SPY,2016-12-02,2016-12-02T16:00:00-05:00,219.7,2016-12-21,19.0,0.052054794520547946,228.0,put,9.58,9.83,0.0,,,0.1622,-0.85189,0.02731,0.11726,-0.08005,-0.10759,spy_options_2016.parquet,2661129
SPY,2016-12-02,2016-12-02T16:00:00-05:00,219.7,2016-12-21,19.0,0.052054794520547946,228.5,call,0.07,0.06,0.0,,,0.09869,0.03252,0.01446,0.03836,-0.00779,0.00427,spy_options_2016.parquet,2661130
SPY,2016-12-02,2016-12-02T16:00:00-05:00,219.7,2016-12-21,19.0,0.052054794520547946,228.5,put,10.06,10.29,0.0,,,0.16496,-0.8592,0.02583,0.11243,-0.08017,-0.10862,spy_options_2016.parquet,2661130
SPY,2016-12-02,2016-12-02T16:00:00-05:00,219.7,2016-12-21,19.0,0.052054794520547946,229.0,call,0.05,0.06,0.0,,,0.10088,0.02855,0.01249,0.03414,-0.00688,0.00308,spy_options_2016.parquet,2661131
SPY,2016-12-02,2016-12-02T16:00:00-05:00,219.7,2016-12-21,19.0,0.052054794520547946,229.0,put,10.54,10.78,0.0,,,0.16854,-0.86618,0.02446,0.10887,-0.07901,-0.10973,spy_options_2016.parquet,2661131
SPY,2016-12-02,2016-12-02T16:00:00-05:00,219.7,2016-12-21,19.0,0.052054794520547946,229.5,call,0.06,0.06,0.05,539,,0.10478,0.0275,0.01176,0.03302,-0.00737,0.00297,spy_options_2016.parquet,2661132
SPY,2016-12-02,2016-12-02T16:00:00-05:00,219.7,2016-12-21,19.0,0.052054794520547946,229.5,put,11.08,11.31,0.0,,,0.17814,-0.8651,0.02335,0.10956,-0.08219,-0.11048,spy_options_2016.parquet,2661132
SPY,2016-12-02,2016-12-02T16:00:00-05:00,219.7,2016-12-21,19.0,0.052054794520547946,230.0,call,0.03,0.05,0.04,,,0.10495,0.02271,0.00994,0.02809,-0.00589,0.00281,spy_options_2016.parquet,2661133
SPY,2016-12-02,2016-12-02T16:00:00-05:00,219.7,2016-12-21,19.0,0.052054794520547946,230.0,put,11.59,11.84,11.24,0,,0.18438,-0.86588,0.02226,0.10921,-0.08412,-0.11034,spy_options_2016.parquet,2661133
SPY,2016-12-02,2016-12-02T16:00:00-05:00,219.7,2016-12-21,19.0,0.052054794520547946,235.0,call,0.02,0.03,0.03,0,,0.13127,0.01106,0.00419,0.0145,-0.00416,0.00164,spy_options_2016.parquet,2661134
SPY,2016-12-02,2016-12-02T16:00:00-05:00,219.7,2016-12-21,19.0,0.052054794520547946,235.0,put,16.53,16.78,17.03,0,,0.23255,-0.89644,0.01473,0.09044,-0.08667,-0.11695,spy_options_2016.parquet,2661134
SPY,2016-12-02,2016-12-02T16:00:00-05:00,219.7,2016-12-21,19.0,0.052054794520547946,240.0,call,0.01,0.02,0.01,0,,0.15527,0.00549,0.00209,0.00855,-0.00243,0.00073,spy_options_2016.parquet,2661135
SPY,2016-12-02,2016-12-02T16:00:00-05:00,219.7,2016-12-21,19.0,0.052054794520547946,240.0,put,21.45,21.77,21.71,2,,0.27553,-0.91516,0.01059,0.07726,-0.08788,-0.12238,spy_options_2016.parquet,2661135
SPY,2016-12-02,2016-12-02T16:00:00-05:00,219.7,2016-12-23,21.0,0.057534246575342465,155.0,call,64.45,64.73,0.0,,,,1.0,0.0,0.0,0.0,0.0,spy_options_2016.parquet,2661136
SPY,2016-12-02,2016-12-02T16:00:00-05:00,219.7,2016-12-23,21.0,0.057534246575342465,155.0,put,0.01,0.03,0.01,0,,0.49644,-0.00225,0.00025,0.00318,-0.0032,0.0,spy_options_2016.parquet,2661136
SPY,2016-12-02,2016-12-02T16:00:00-05:00,219.7,2016-12-23,21.0,0.057534246575342465,160.0,call,59.54,59.83,0.0,,,0.79797,0.93547,0.00086,0.0511,-0.00452,0.00954,spy_options_2016.parquet,2661137
SPY,2016-12-02,2016-12-02T16:00:00-05:00,219.7,2016-12-23,21.0,0.057534246575342465,160.0,put,0.02,0.01,0.02,0,,0.45322,-0.00196,0.0003,0.0035,-0.00336,0.0,spy_options_2016.parquet,2661137
SPY,2016-12-02,2016-12-02T16:00:00-05:00,219.7,2016-12-23,21.0,0.057534246575342465,165.0,call,54.43,54.73,0.0,,,,1.0,0.0,0.0,0.0,0.0,spy_options_2016.parquet,2661138
SPY,2016-12-02,2016-12-02T16:00:00-05:00,219.7,2016-12-23,21.0,0.057534246575342465,165.0,put,0.02,0.02,0.0,,,0.43479,-0.00304,0.00039,0.00569,-0.00475,-0.00035,spy_options_2016.parquet,2661138
SPY,2016-12-02,2016-12-02T16:00:00-05:00,219.7,2016-12-23,21.0,0.057534246575342465,170.0,call,49.44,49.73,0.0,,,,1.0,0.0,0.0,0.0,0.0,spy_options_2016.parquet,2661139
SPY,2016-12-02,2016-12-02T16:00:00-05:00,219.7,2016-12-23,21.0,0.057534246575342465,170.0,put,0.02,0.03,0.0,,,0.39217,-0.00406,0.00051,0.00559,-0.00553,-0.00082,spy_options_2016.parquet,2661139
SPY,2016-12-02,2016-12-02T16:00:00-05:00,219.7,2016-12-23,21.0,0.057534246575342465,175.0,call,44.45,44.74,0.0,,,,1.0,0.0,0.0,0.0,0.0,spy_options_2016.parquet,2661140
SPY,2016-12-02,2016-12-02T16:00:00-05:00,219.7,2016-12-23,21.0,0.057534246575342465,175.0,put,0.03,0.04,0.02,5,,0.36423,-0.00577,0.00082,0.00806,-0.00694,-0.00095,spy_options_2016.parquet,2661140
SPY,2016-12-02,2016-12-02T16:00:00-05:00,219.7,2016-12-23,21.0,0.057534246575342465,180.0,call,39.5,39.76,0.0,,,,1.0,0.0,0.0,0.0,0.0,spy_options_2016.parquet,2661141
SPY,2016-12-02,2016-12-02T16:00:00-05:00,219.7,2016-12-23,21.0,0.057534246575342465,180.0,put,0.04,0.06,0.05,7,,0.33296,-0.00697,0.00118,0.01135,-0.00794,-0.00085,spy_options_2016.parquet,2661141
SPY,2016-12-02,2016-12-02T16:00:00-05:00,219.7,2016-12-23,21.0,0.057534246575342465,185.0,call,34.48,34.78,0.0,,,,1.0,0.0,0.0,0.0,0.0,spy_options_2016.parquet,2661142
SPY,2016-12-02,2016-12-02T16:00:00-05:00,219.7,2016-12-23,21.0,0.057534246575342465,185.0,put,0.05,0.07,0.05,33,,0.29871,-0.0094,0.00162,0.0139,-0.00929,-0.00108,spy_options_2016.parquet,2661142
SPY,2016-12-02,2016-12-02T16:00:00-05:00,219.7,2016-12-23,21.0,0.057534246575342465,190.0,call,29.52,29.74,29.72,0,,,1.0,0.0,0.0,0.0,0.0,spy_options_2016.parquet,2661143
SPY,2016-12-02,2016-12-02T16:00:00-05:00,219.7,2016-12-23,21.0,0.057534246575342465,190.0,put,0.08,0.09,0.08,517,,0.27291,-0.01638,0.00272,0.02191,-0.01361,-0.00208,spy_options_2016.parquet,2661143
SPY,2016-12-02,2016-12-02T16:00:00-05:00,219.7,2016-12-23,21.0,0.057534246575342465,194.5,call,25.08,25.32,0.0,,,0.30915,0.97158,0.00692,0.02874,-0.01363,0.01453,spy_options_2016.parquet,2661144
SPY,2016-12-02,2016-12-02T16:00:00-05:00,219.7,2016-12-23,21.0,0.057534246575342465,194.5,put,0.11,0.11,0.11,16,,0.24479,-0.02283,0.00417,0.02945,-0.01601,-0.00291,spy_options_2016.parquet,2661144
SPY,2016-12-02,2016-12-02T16:00:00-05:00,219.7,2016-12-23,21.0,0.057534246575342465,195.0,call,24.53,24.76,24.69,0,,,1.0,0.0,0.0,0.0,0.0,spy_options_2016.parquet,2661145
SPY,2016-12-02,2016-12-02T16:00:00-05:00,219.7,2016-12-23,21.0,0.057534246575342465,195.0,put,0.12,0.13,0.11,2,,0.24319,-0.02468,0.00445,0.03169,-0.01762,-0.0029,spy_options_2016.parquet,2661145
SPY,2016-12-02,2016-12-02T16:00:00-05:00,219.7,2016-12-23,21.0,0.057534246575342465,195.5,call,24.03,24.25,0.0,,,,1.0,0.0,0.0,0.0,0.0,spy_options_2016.parquet,2661146
SPY,2016-12-02,2016-12-02T16:00:00-05:00,219.7,2016-12-23,21.0,0.057534246575342465,195.5,put,0.11,0.12,0.12,0,,0.23844,-0.02499,0.00459,0.03123,-0.01705,-0.00327,spy_options_2016.parquet,2661146
SPY,2016-12-02,2016-12-02T16:00:00-05:00,219.7,2016-12-23,21.0,0.057534246575342465,196.0,call,23.57,23.83,0.0,,,0.29434,0.9708,0.00789,0.02926,-0.01333,0.01664,spy_options_2016.parquet,2661147
SPY,2016-12-02,2016-12-02T16:00:00-05:00,219.7,2016-12-23,21.0,0.057534246575342465,196.0,put,0.13,0.14,0.16,0,,0.23695,-0.02749,0.00485,0.03416,-0.0184,-0.00378,spy_options_2016.parquet,2661147
SPY,2016-12-02,2016-12-02T16:00:00-05:00,219.7,2016-12-23,21.0,0.057534246575342465,196.5,call,23.06,23.28,0.0,,,0.00019,1.0,0.0,0.0,0.0,0.0,spy_options_2016.parquet,2661148
SPY,2016-12-02,2016-12-02T16:00:00-05:00,219.7,2016-12-23,21.0,0.057534246575342465,196.5,put,0.13,0.13,0.0,,,0.23223,-0.02757,0.00505,0.03376,-0.01825,-0.00399,spy_options_2016.parquet,2661148
SPY,2016-12-02,2016-12-02T16:00:00-05:00,219.7,2016-12-23,21.0,0.057534246575342465,197.0,call,22.55,22.79,0.0,,,0.27208,0.98181,0.00788,0.01803,-0.00502,0.00807,spy_options_2016.parquet,2661149
SPY,2016-12-02,2016-12-02T16:00:00-05:00,219.7,2016-12-23,21.0,0.057534246575342465,197.0,put,0.14,0.15,0.14,2,,0.23066,-0.02959,0.00534,0.03645,-0.01935,-0.00375,spy_options_2016.parquet,2661149
SPY,2016-12-02,2016-12-02T16:00:00-05:00,219.7,2016-12-23,21.0,0.057534246575342465,197.5,call,22.04,22.3,0.0,,,,1.0,0.0,0.0,0.0,0.0,spy_options_2016.parquet,2661150
SPY,2016-12-02,2016-12-02T16:00:00-05:00,219.7,2016-12-23,21.0,0.057534246575342465,197.5,put,0.15,0.17,0.0,,,0.22879,-0.03146,0.00576,0.03819,-0.02042,-0.00387,spy_options_2016.parquet,2661150
SPY,2016-12-02,2016-12-02T16:00:00-05:00,219.7,2016-12-23,21.0,0.057534246575342465,198.0,call,21.55,21.77,0.0,,,,1.0,0.0,0.0,0.0,0.0,spy_options_2016.parquet,2661151
SPY,2016-12-02,2016-12-02T16:00:00-05:00,219.7,2016-12-23,21.0,0.057534246575342465,198.0,put,0.14,0.16,0.14,12,,0.22381,-0.03214,0.00595,0.03918,-0.02036,-0.00444,spy_options_2016.parquet,2661151
SPY,2016-12-02,2016-12-02T16:00:00-05:00,219.7,2016-12-23,21.0,0.057534246575342465,198.5,call,21.08,21.3,0.0,,,0.26091,0.97866,0.00957,0.02233,-0.00813,0.01297,spy_options_2016.parquet,2661152
SPY,2016-12-02,2016-12-02T16:00:00-05:00,219.7,2016-12-23,21.0,0.057534246575342465,198.5,put,0.16,0.17,0.17,1,,0.2215,-0.03457,0.00637,0.04127,-0.021,-0.00448,spy_options_2016.parquet,2661152
SPY,2016-12-02,2016-12-02T16:00:00-05:00,219.7,2016-12-23,21.0,0.057534246575342465,199.0,call,20.58,20.8,20.5,45,,0.25781,0.97647,0.0101,0.02466,-0.0085,0.01564,spy_options_2016.parquet,2661153
SPY,2016-12-02,2016-12-02T16:00:00-05:00,219.7,2016-12-23,21.0,0.057534246575342465,199.0,put,0.17,0.18,0.18,6,,0.21953,-0.03651,0.00671,0.04338,-0.02178,-0.00447,spy_options_2016.parquet,2661153
SPY,2016-12-02,2016-12-02T16:00:00-05:00,219.7,2016-12-23,21.0,0.057534246575342465,199.5,call,20.07,20.3,0.0,,,0.25197,0.97721,0.01065,0.0252,-0.0083,0.01516,spy_options_2016.parquet,2661154
SPY,2016-12-02,2016-12-02T16:00:00-05:00,219.7,2016-12-23,21.0,0.057534246575342465,199.5,put,0.18,0.19,0.0,,,0.21706,-0.03836,0.0072,0.04469,-0.02319,-0.0051,spy_options_2016.parquet,2661154
SPY,2016-12-02,2016-12-02T16:00:00-05:00,219.7,2016-12-23,21.0,0.057534246575342465,200.0,call,19.58,19.81,20.23,0,,0.24836,0.97423,0.01113,0.02733,-0.00879,0.01771,spy_options_2016.parquet,2661155
SPY,2016-12-02,2016-12-02T16:00:00-05:00,219.7,2016-12-23,21.0,0.057534246575342465,200.0,put,0.19,0.2,0.17,29,,0.21439,-0.04126,0.00759,0.04728,-0.02405,-0.00516,spy_options_2016.parquet,2661155
SPY,2016-12-02,2016-12-02T16:00:00-05:00,219.7,2016-12-23,21.0,0.057534246575342465,200.5,call,19.07,19.28,0.0,,,0.23339,0.98676,0.01124,0.01502,-0.00431,0.00862,spy_options_2016.parquet,2661156
SPY,2016-12-02,2016-12-02T16:00:00-05:00,219.7,2016-12-23,21.0,0.057534246575342465,200.5,put,0.19,0.21,0.19,12,,0.2101,-0.04223,0.00797,0.04916,-0.02463,-0.00563,spy_options_2016.parquet,2661156
SPY,2016-12-02,2016-12-02T16:00:00-05:00,219.7,2016-12-23,21.0,0.057534246575342465,201.0,call,18.56,18.78,0.0,,,0.2285,0.98688,0.01193,0.01421,-0.00396,0.00901,spy_options_2016.parquet,2661157
SPY,2016-12-02,2016-12-02T16:00:00-05:00,219.7,2016-12-23,21.0,0.057534246575342465,201.0,put,0.22,0.22,0.23,2,,0.20868,-0.04572,0.00849,0.05134,-0.02519,-0.00576,spy_options_2016.parquet,2661157
SPY,2016-12-02,2016-12-02T16:00:00-05:00,219.7,2016-12-23,21.0,0.057534246575342465,201.5,call,18.16,18.34,18.28,20,,0.24956,0.95355,0.01345,0.04764,-0.01643,0.03151,spy_options_2016.parquet,2661158
SPY,2016-12-02,2016-12-02T16:00:00-05:00,219.7,2016-12-23,21.0,0.057534246575342465,201.5,put,0.22,0.23,0.2,1,,0.20521,-0.04808,0.00904,0.05398,-0.02612,-0.00636,spy_options_2016.parquet,2661158
SPY,2016-12-02,2016-12-02T16:00:00-05:00,219.7,2016-12-23,21.0,0.057534246575342465,202.0,call,17.57,17.79,0.0,,,0.22438,0.97978,0.01344,0.02214,-0.00585,0.01523,spy_options_2016.parquet,2661159
SPY,2016-12-02,2016-12-02T16:00:00-05:00,219.7,2016-12-23,21.0,0.057534246575342465,202.0,put,0.23,0.24,0.23,41,,0.2028,-0.05026,0.00955,0.05589,-0.02657,-0.00685,spy_options_2016.parquet,2661159
SPY,2016-12-02,2016-12-02T16:00:00-05:00,219.7,2016-12-23,21.0,0.057534246575342465,202.5,call,17.11,17.3,0.0,,,0.2241,0.97121,0.01443,0.03111,-0.00884,0.02077,spy_options_2016.parquet,2661160
SPY,2016-12-02,2016-12-02T16:00:00-05:00,219.7,2016-12-23,21.0,0.057534246575342465,202.5,put,0.25,0.26,0.0,,,0.20054,-0.05477,0.01025,0.05923,-0.02833,-0.00689,spy_options_2016.parquet,2661160
SPY,2016-12-02,2016-12-02T16:00:00-05:00,219.7,2016-12-23,21.0,0.057534246575342465,203.0,call,16.66,16.87,0.0,,,0.23525,0.94883,0.01557,0.05243,-0.01668,0.03476,spy_options_2016.parquet,2661161
SPY,2016-12-02,2016-12-02T16:00:00-05:00,219.7,2016-12-23,21.0,0.057534246575342465,203.0,put,0.25,0.27,0.27,24,,0.19686,-0.05702,0.0108,0.06208,-0.02959,-0.00731,spy_options_2016.parquet,2661161
SPY,2016-12-02,2016-12-02T16:00:00-05:00,219.7,2016-12-23,21.0,0.057534246575342465,203.5,call,16.12,16.31,0.0,,,0.21712,0.96514,0.01609,0.03682,-0.00986,0.02498,spy_options_2016.parquet,2661162
SPY,2016-12-02,2016-12-02T16:00:00-05:00,219.7,2016-12-23,21.0,0.057534246575342465,203.5,put,0.28,0.29,0.28,0,,0.19521,-0.06181,0.01154,0.06582,-0.03054,-0.00871,spy_options_2016.parquet,2661162
SPY,2016-12-02,2016-12-02T16:00:00-05:00,219.7,2016-12-23,21.0,0.057534246575342465,204.0,call,15.62,15.81,0.0,,,0.21494,0.96061,0.01707,0.04144,-0.01169,0.02767,spy_options_2016.parquet,2661163
SPY,2016-12-02,2016-12-02T16:00:00-05:00,219.7,2016-12-23,21.0,0.057534246575342465,204.0,put,0.3,0.31,0.27,58,,0.19291,-0.06552,0.01227,0.06861,-0.03192,-0.00913,spy_options_2016.parquet,2661163
SPY,2016-12-02,2016-12-02T16:00:00-05:00,219.7,2016-12-23,21.0,0.057534246575342465,204.5,call,15.13,15.33,0.0,,,0.21197,0.95595,0.01806,0.0456,-0.0123,0.03054,spy_options_2016.parquet,2661164
SPY,2016-12-02,2016-12-02T16:00:00-05:00,219.7,2016-12-23,21.0,0.057534246575342465,204.5,put,0.32,0.31,0.29,19,,0.18963,-0.06852,0.01298,0.07139,-0.03261,-0.00964,spy_options_2016.parquet,2661164
SPY,2016-12-02,2016-12-02T16:00:00-05:00,219.7,2016-12-23,21.0,0.057534246575342465,205.0,call,14.64,14.83,0.0,,,0.20716,0.95274,0.01905,0.04864,-0.01299,0.03129,spy_options_2016.parquet,2661165
SPY,2016-12-02,2016-12-02T16:00:00-05:00,219.7,2016-12-23,21.0,0.057534246575342465,205.0,put,0.33,0.34,0.36,61,,0.18639,-0.0736,0.01381,0.07478,-0.03387,-0.00987,spy_options_2016.parquet,2661165
SPY,2016-12-02,2016-12-02T16:00:00-05:00,219.7,2016-12-23,21.0,0.057534246575342465,205.5,call,14.15,14.34,0.0,,,0.20396,0.94839,0.02006,0.05202,-0.01429,0.03376,spy_options_2016.parquet,2661166
SPY,2016-12-02,2016-12-02T16:00:00-05:00,219.7,2016-12-23,21.0,0.057534246575342465,205.5,put,0.35,0.38,0.37,175,,0.1841,-0.07827,0.01477,0.07931,-0.03511,-0.01078,spy_options_2016.parquet,2661166
SPY,2016-12-02,2016-12-02T16:00:00-05:00,219.7,2016-12-23,21.0,0.057534246575342465,206.0,call,13.66,13.87,0.0,,,0.20247,0.94016,0.02113,0.05854,-0.01533,0.03622,spy_options_2016.parquet,2661167
SPY,2016-12-02,2016-12-02T16:00:00-05:00,219.7,2016-12-23,21.0,0.057534246575342465,206.0,put,0.38,0.39,0.4,97,,0.18222,-0.08461,0.0157,0.08311,-0.0368,-0.01147,spy_options_2016.parquet,2661167
SPY,2016-12-02,2016-12-02T16:00:00-05:00,219.7,2016-12-23,21.0,0.057534246575342465,206.5,call,13.19,13.37,0.0,,,0.19879,0.936,0.02234,0.06244,-0.01619,0.03852,spy_options_2016.parquet,2661168
SPY,2016-12-02,2016-12-02T16:00:00-05:00,219.7,2016-12-23,21.0,0.057534246575342465,206.5,put,0.4,0.42,0.41,221,,0.17938,-0.08929,0.01667,0.08667,-0.03849,-0.01225,spy_options_2016.parquet,2661168
SPY,2016-12-02,2016-12-02T16:00:00-05:00,219.7,2016-12-23,21.0,0.057534246575342465,207.0,call,12.76,12.95,0.0,,,0.20439,0.91347,0.02334,0.07939,-0.02297,0.0462,spy_options_2016.parquet,2661169
SPY,2016-12-02,2016-12-02T16:00:00-05:00,219.7,2016-12-23,21.0,0.057534246575342465,207.0,put,0.42,0.44,0.42,344,,0.17618,-0.09513,0.01786,0.09177,-0.0399,-0.01322,spy_options_2016.parquet,2661169
SPY,2016-12-02,2016-12-02T16:00:00-05:00,219.7,2016-12-23,21.0,0.057534246575342465,207.5,call,12.21,12.41,0.0,,,0.1924,0.92151,0.02485,0.07304,-0.01902,0.04228,spy_options_2016.parquet,2661170
SPY,2016-12-02,2016-12-02T16:00:00-05:00,219.7,2016-12-23,21.0,0.057534246575342465,207.5,put,0.45,0.46,0.48,376,,0.17342,-0.10202,0.01889,0.09555,-0.04069,-0.01334,spy_options_2016.parquet,2661170
SPY,2016-12-02,2016-12-02T16:00:00-05:00,219.7,2016-12-23,21.0,0.057534246575342465,208.0,call,11.74,11.93,0.0,,,0.18939,0.91454,0.02611,0.07897,-0.02057,0.04462,spy_options_2016.parquet,2661171
SPY,2016-12-02,2016-12-02T16:00:00-05:00,219.7,2016-12-23,21.0,0.057534246575342465,208.0,put,0.48,0.51,0.47,29,,0.17219,-0.10982,0.02019,0.10072,-0.043,-0.01439,spy_options_2016.parquet,2661171
SPY,2016-12-02,2016-12-02T16:00:00-05:00,219.7,2016-12-23,21.0,0.057534246575342465,208.5,call,11.26,11.43,0.0,,,0.1853,0.9073,0.02761,0.0839,-0.02113,0.04567,spy_options_2016.parquet,2661172
SPY,2016-12-02,2016-12-02T16:00:00-05:00,219.7,2016-12-23,21.0,0.057534246575342465,208.5,put,0.53,0.54,0.56,23,,0.16934,-0.11697,0.02156,0.10632,-0.04515,-0.01567,spy_options_2016.parquet,2661172
SPY,2016-12-02,2016-12-02T16:00:00-05:00,219.7,2016-12-23,21.0,0.057534246575342465,209.0,call,10.8,10.95,10.89,25,,0.1834,0.89693,0.02892,0.09136,-0.02323,0.04889,spy_options_2016.parquet,2661173
SPY,2016-12-02,2016-12-02T16:00:00-05:00,219.7,2016-12-23,21.0,0.057534246575342465,209.0,put,0.55,0.58,0.56,606,,0.16672,-0.12518,0.023,0.11088,-0.04631,-0.01675,spy_options_2016.parquet,2661173
SPY,2016-12-02,2016-12-02T16:00:00-05:00,219.7,2016-12-23,21.0,0.057534246575342465,209.5,call,10.31,10.49,10.31,1,,0.17867,0.88899,0.03049,0.09659,-0.02396,0.05037,spy_options_2016.parquet,2661174
SPY,2016-12-02,2016-12-02T16:00:00-05:00,219.7,2016-12-23,21.0,0.057534246575342465,209.5,put,0.61,0.63,0.61,869,,0.16397,-0.13458,0.02445,0.1163,-0.04781,-0.01846,spy_options_2016.parquet,2661174
SPY,2016-12-02,2016-12-02T16:00:00-05:00,219.7,2016-12-23,21.0,0.057534246575342465,210.0,call,9.9,10.01,10.14,1,,0.17759,0.87468,0.03188,0.1055,-0.02694,0.05229,spy_options_2016.parquet,2661175
SPY,2016-12-02,2016-12-02T16:00:00-05:00,219.7,2016-12-23,21.0,0.057534246575342465,210.0,put,0.65,0.66,0.67,,,0.16109,-0.14302,0.02603,0.12208,-0.04927,-0.01949,spy_options_2016.parquet,2661175
SPY,2016-12-02,2016-12-02T16:00:00-05:00,219.7,2016-12-23,21.0,0.057534246575342465,210.5,call,9.4,9.58,0.0,,,0.17625,0.86178,0.0334,0.11312,-0.02907,0.05526,spy_options_2016.parquet,2661176
SPY,2016-12-02,2016-12-02T16:00:00-05:00,219.7,2016-12-23,21.0,0.057534246575342465,210.5,put,0.7,0.72,0.72,42,,0.15871,-0.15405,0.02768,0.12794,-0.0519,-0.02043,spy_options_2016.parquet,2661176
SPY,2016-12-02,2016-12-02T16:00:00-05:00,219.7,2016-12-23,21.0,0.057534246575342465,211.0,call,8.94,9.05,9.05,1,,0.16956,0.85692,0.03557,0.11542,-0.02881,0.05419,spy_options_2016.parquet,2661177
SPY,2016-12-02,2016-12-02T16:00:00-05:00,219.7,2016-12-23,21.0,0.057534246575342465,211.0,put,0.75,0.76,0.81,524,,0.15684,-0.16535,0.02947,0.13412,-0.05355,-0.0227,spy_options_2016.parquet,2661177
SPY,2016-12-02,2016-12-02T16:00:00-05:00,219.7,2016-12-23,21.0,0.057534246575342465,211.5,call,8.53,8.64,8.62,144,,0.16982,0.8361,0.03659,0.12708,-0.03197,0.05829,spy_options_2016.parquet,2661178
SPY,2016-12-02,2016-12-02T16:00:00-05:00,219.7,2016-12-23,21.0,0.057534246575342465,211.5,put,0.81,0.83,0.82,,,0.15419,-0.17807,0.03126,0.1406,-0.05577,-0.02402,spy_options_2016.parquet,2661178
SPY,2016-12-02,2016-12-02T16:00:00-05:00,219.7,2016-12-23,21.0,0.057534246575342465,212.0,call,8.02,8.12,8.58,7,,0.16205,0.83361,0.03955,0.12845,-0.03095,0.05649,spy_options_2016.parquet,2661179
SPY,2016-12-02,2016-12-02T16:00:00-05:00,219.7,2016-12-23,21.0,0.057534246575342465,212.0,put,0.87,0.89,0.88,223,,0.15165,-0.19094,0.03316,0.14685,-0.05828,-0.02562,spy_options_2016.parquet,2661179
SPY,2016-12-02,2016-12-02T16:00:00-05:00,219.7,2016-12-23,21.0,0.057534246575342465,212.5,call,7.6,7.74,0.0,,,0.16306,0.80958,0.04046,0.14052,-0.03479,0.05997,spy_options_2016.parquet,2661180
SPY,2016-12-02,2016-12-02T16:00:00-05:00,219.7,2016-12-23,21.0,0.057534246575342465,212.5,put,0.91,0.95,0.95,,,0.14865,-0.20401,0.03528,0.15234,-0.0589,-0.02755,spy_options_2016.parquet,2661180
SPY,2016-12-02,2016-12-02T16:00:00-05:00,219.7,2016-12-23,21.0,0.057534246575342465,213.0,call,7.1,7.22,7.05,28,,0.15442,0.80493,0.04363,0.14199,-0.03307,0.05891,spy_options_2016.parquet,2661181
SPY,2016-12-02,2016-12-02T16:00:00-05:00,219.7,2016-12-23,21.0,0.057534246575342465,213.0,put,1.0,1.03,1.05,19,,0.14688,-0.21966,0.03742,0.15927,-0.06136,-0.02955,spy_options_2016.parquet,2661181
SPY,2016-12-02,2016-12-02T16:00:00-05:00,219.7,2016-12-23,21.0,0.057534246575342465,213.5,call,6.69,6.83,7.2,8,,0.15481,0.78301,0.04498,0.15263,-0.03568,0.06017,spy_options_2016.parquet,2661182
SPY,2016-12-02,2016-12-02T16:00:00-05:00,219.7,2016-12-23,21.0,0.057534246575342465,213.5,put,1.07,1.11,1.02,49,,0.14347,-0.23539,0.03961,0.1653,-0.0627,-0.03193,spy_options_2016.parquet,2661182
SPY,2016-12-02,2016-12-02T16:00:00-05:00,219.7,2016-12-23,21.0,0.057534246575342465,214.0,call,6.25,6.33,6.45,10,,0.14894,0.77057,0.04786,0.15701,-0.03591,0.06047,spy_options_2016.parquet,2661183
SPY,2016-12-02,2016-12-02T16:00:00-05:00,219.7,2016-12-23,21.0,0.057534246575342465,214.0,put,1.18,1.2,1.17,151,,0.14185,-0.25405,0.04178,0.17245,-0.06559,-0.03447,spy_options_2016.parquet,2661183
SPY,2016-12-02,2016-12-02T16:00:00-05:00,219.7,2016-12-23,21.0,0.057534246575342465,214.5,call,5.84,5.95,0.0,,,0.14764,0.74716,0.04939,0.16672,-0.03792,0.06132,spy_options_2016.parquet,2661184
SPY,2016-12-02,2016-12-02T16:00:00-05:00,219.7,2016-12-23,21.0,0.057534246575342465,214.5,put,1.27,1.29,1.25,527,,0.1397,-0.27201,0.04406,0.17914,-0.06727,-0.03725,spy_options_2016.parquet,2661184
SPY,2016-12-02,2016-12-02T16:00:00-05:00,219.7,2016-12-23,21.0,0.057534246575342465,215.0,call,5.4,5.46,5.75,6,,0.14072,0.73247,0.05279,0.17134,-0.03806,0.06084,spy_options_2016.parquet,2661185
SPY,2016-12-02,2016-12-02T16:00:00-05:00,219.7,2016-12-23,21.0,0.057534246575342465,215.0,put,1.36,1.39,1.43,253,,0.13659,-0.29205,0.04651,0.18481,-0.06884,-0.03936,spy_options_2016.parquet,2661185
SPY,2016-12-02,2016-12-02T16:00:00-05:00,219.7,2016-12-23,21.0,0.057534246575342465,215.5,call,4.99,5.08,5.21,5,,0.13928,0.70797,0.0544,0.17975,-0.03923,0.06099,spy_options_2016.parquet,2661186
SPY,2016-12-02,2016-12-02T16:00:00-05:00,219.7,2016-12-23,21.0,0.057534246575342465,215.5,put,1.49,1.52,1.43,26,,0.13505,-0.31444,0.0486,0.19079,-0.07071,-0.04242,spy_options_2016.parquet,2661186
SPY,2016-12-02,2016-12-02T16:00:00-05:00,219.7,2016-12-23,21.0,0.057534246575342465,216.0,call,4.62,4.68,4.65,86,,0.13692,0.68424,0.05661,0.1859,-0.04086,0.06094,spy_options_2016.parquet,2661187
SPY,2016-12-02,2016-12-02T16:00:00-05:00,219.7,2016-12-23,21.0,0.057534246575342465,216.0,put,1.61,1.64,1.64,,,0.13285,-0.33614,0.05096,0.19635,-0.07255,-0.04536,spy_options_2016.parquet,2661187
SPY,2016-12-02,2016-12-02T16:00:00-05:00,219.7,2016-12-23,21.0,0.057534246575342465,216.5,call,4.21,4.28,4.23,83,,0.13272,0.66033,0.05912,0.19225,-0.041,0.06015,spy_options_2016.parquet,2661188
SPY,2016-12-02,2016-12-02T16:00:00-05:00,219.7,2016-12-23,21.0,0.057534246575342465,216.5,put,1.76,1.77,1.85,185,,0.1313,-0.36079,0.05298,0.20125,-0.07423,-0.04895,spy_options_2016.parquet,2661188
SPY,2016-12-02,2016-12-02T16:00:00-05:00,219.7,2016-12-23,21.0,0.057534246575342465,217.0,call,3.85,3.87,3.77,128,,0.12919,0.63399,0.06147,0.19795,-0.04113,0.06007,spy_options_2016.parquet,2661189
SPY,2016-12-02,2016-12-02T16:00:00-05:00,219.7,2016-12-23,21.0,0.057534246575342465,217.0,put,1.9,1.94,1.9,319,,0.12888,-0.38706,0.05514,0.20607,-0.07539,-0.05255,spy_options_2016.parquet,2661189
SPY,2016-12-02,2016-12-02T16:00:00-05:00,219.7,2016-12-23,21.0,0.057534246575342465,217.5,call,3.47,3.51,3.49,88,,0.12619,0.60625,0.06376,0.20252,-0.04135,0.05819,spy_options_2016.parquet,2661190
SPY,2016-12-02,2016-12-02T16:00:00-05:00,219.7,2016-12-23,21.0,0.057534246575342465,217.5,put,2.08,2.11,2.12,,,0.12758,-0.41446,0.0566,0.20909,-0.07675,-0.05615,spy_options_2016.parquet,2661190
SPY,2016-12-02,2016-12-02T16:00:00-05:00,219.7,2016-12-23,21.0,0.057534246575342465,218.0,call,3.05,3.1,3.14,353,,0.12003,0.5777,0.06742,0.20637,-0.0407,0.05671,spy_options_2016.parquet,2661191
SPY,2016-12-02,2016-12-02T16:00:00-05:00,219.7,2016-12-23,21.0,0.057534246575342465,218.0,put,2.24,2.28,2.24,,,0.12372,-0.44153,0.05873,0.2118,-0.07686,-0.06008,spy_options_2016.parquet,2661191
SPY,2016-12-02,2016-12-02T16:00:00-05:00,219.7,2016-12-23,21.0,0.057534246575342465,218.5,call,2.72,2.75,2.66,71,,0.11757,0.54504,0.06915,0.20905,-0.04085,0.05541,spy_options_2016.parquet,2661192
SPY,2016-12-02,2016-12-02T16:00:00-05:00,219.7,2016-12-23,21.0,0.057534246575342465,218.5,put,2.42,2.47,2.43,,,0.12213,-0.47133,0.06012,0.21329,-0.07824,-0.06352,spy_options_2016.parquet,2661192
SPY,2016-12-02,2016-12-02T16:00:00-05:00,219.7,2016-12-23,21.0,0.057534246575342465,219.0,call,2.41,2.46,2.46,646,,0.11483,0.51093,0.06975,0.21103,-0.04097,0.05287,spy_options_2016.parquet,2661193
SPY,2016-12-02,2016-12-02T16:00:00-05:00,219.7,2016-12-23,21.0,0.057534246575342465,219.0,put,2.67,2.71,2.62,794,,0.12154,-0.50158,0.06064,0.2141,-0.07853,-0.06761,spy_options_2016.parquet,2661193
SPY,2016-12-02,2016-12-02T16:00:00-05:00,219.7,2016-12-23,21.0,0.057534246575342465,219.5,call,2.11,2.14,2.16,238,,0.11164,0.47513,0.07101,0.21071,-0.03949,0.05078,spy_options_2016.parquet,2661194
SPY,2016-12-02,2016-12-02T16:00:00-05:00,219.7,2016-12-23,21.0,0.057534246575342465,219.5,put,2.88,2.91,2.91,720,,0.11821,-0.53294,0.06196,0.21369,-0.07853,-0.07273,spy_options_2016.parquet,2661194
SPY,2016-12-02,2016-12-02T16:00:00-05:00,219.7,2016-12-23,21.0,0.057534246575342465,220.0,call,1.82,1.86,1.84,,,0.10929,0.43876,0.07164,0.20896,-0.03889,0.04763,spy_options_2016.parquet,2661195
SPY,2016-12-02,2016-12-02T16:00:00-05:00,219.7,2016-12-23,21.0,0.057534246575342465,220.0,put,3.14,3.2,3.1,460,,0.11883,-0.56346,0.06124,0.21116,-0.07881,-0.0761,spy_options_2016.parquet,2661195
SPY,2016-12-02,2016-12-02T16:00:00-05:00,219.7,2016-12-23,21.0,0.057534246575342465,220.5,call,1.58,1.61,1.55,473,,0.1071,0.40105,0.071,0.2056,-0.03808,0.04476,spy_options_2016.parquet,2661196
SPY,2016-12-02,2016-12-02T16:00:00-05:00,219.7,2016-12-23,21.0,0.057534246575342465,220.5,put,3.41,3.48,3.12,20,,0.11743,-0.5954,0.06077,0.20761,-0.07878,-0.08115,spy_options_2016.parquet,2661196
SPY,2016-12-02,2016-12-02T16:00:00-05:00,219.7,2016-12-23,21.0,0.057534246575342465,221.0,call,1.34,1.36,1.32,712,,0.10406,0.36389,0.06993,0.20046,-0.03628,0.04127,spy_options_2016.parquet,2661197
SPY,2016-12-02,2016-12-02T16:00:00-05:00,219.7,2016-12-23,21.0,0.057534246575342465,221.0,put,3.72,3.78,3.7,520,,0.11726,-0.62502,0.05959,0.20276,-0.0784,-0.08472,spy_options_2016.parquet,2661197
SPY,2016-12-02,2016-12-02T16:00:00-05:00,219.7,2016-12-23,21.0,0.057534246575342465,221.5,call,1.12,1.14,1.13,117,,0.10192,0.32515,0.06837,0.19202,-0.03425,0.03757,spy_options_2016.parquet,2661198
SPY,2016-12-02,2016-12-02T16:00:00-05:00,219.7,2016-12-23,21.0,0.057534246575342465,221.5,put,4.01,4.09,4.25,168,,0.1167,-0.65633,0.05832,0.19668,-0.07748,-0.08899,spy_options_2016.parquet,2661198
SPY,2016-12-02,2016-12-02T16:00:00-05:00,219.7,2016-12-23,21.0,0.057534246575342465,222.0,call,0.93,0.94,0.92,,,0.09926,0.28766,0.06595,0.182,-0.03181,0.03341,spy_options_2016.parquet,2661199
SPY,2016-12-02,2016-12-02T16:00:00-05:00,219.7,2016-12-23,21.0,0.057534246575342465,222.0,put,4.32,4.43,4.46,57,,0.11524,-0.68592,0.05668,0.1898,-0.0763,-0.093,spy_options_2016.parquet,2661199
SPY,2016-12-02,2016-12-02T16:00:00-05:00,219.7,2016-12-23,21.0,0.057534246575342465,222.5,call,0.75,0.78,0.71,,,0.09607,0.24944,0.0628,0.16971,-0.02909,0.02965,spy_options_2016.parquet,2661200
SPY,2016-12-02,2016-12-02T16:00:00-05:00,219.7,2016-12-23,21.0,0.057534246575342465,222.5,put,4.66,4.8,4.8,501,,0.11465,-0.71383,0.05437,0.18155,-0.07468,-0.09713,spy_options_2016.parquet,2661200
SPY,2016-12-02,2016-12-02T16:00:00-05:00,219.7,2016-12-23,21.0,0.057534246575342465,223.0,call,0.61,0.63,0.63,626,,0.09541,0.21703,0.05847,0.15754,-0.02706,0.02612,spy_options_2016.parquet,2661201
SPY,2016-12-02,2016-12-02T16:00:00-05:00,219.7,2016-12-23,21.0,0.057534246575342465,223.0,put,5.04,5.21,5.08,50,,0.11687,-0.73777,0.05147,0.1739,-0.07461,-0.10016,spy_options_2016.parquet,2661201
SPY,2016-12-02,2016-12-02T16:00:00-05:00,219.7,2016-12-23,21.0,0.057534246575342465,223.5,call,0.5,0.5,0.51,610,,0.09284,0.18397,0.05398,0.14325,-0.02371,0.02235,spy_options_2016.parquet,2661202
SPY,2016-12-02,2016-12-02T16:00:00-05:00,219.7,2016-12-23,21.0,0.057534246575342465,223.5,put,5.5,5.68,0.0,,,0.12156,-0.75267,0.04785,0.1684,-0.07542,-0.1029,spy_options_2016.parquet,2661202
SPY,2016-12-02,2016-12-02T16:00:00-05:00,219.7,2016-12-23,21.0,0.057534246575342465,224.0,call,0.39,0.4,0.4,,,0.09162,0.15534,0.04893,0.12896,-0.02137,0.01951,spy_options_2016.parquet,2661203
SPY,2016-12-02,2016-12-02T16:00:00-05:00,219.7,2016-12-23,21.0,0.057534246575342465,224.0,put,5.87,6.01,5.92,40,,0.119,-0.78023,0.04562,0.15726,-0.07206,-0.10675,spy_options_2016.parquet,2661203
SPY,2016-12-02,2016-12-02T16:00:00-05:00,219.7,2016-12-23,21.0,0.057534246575342465,224.5,call,0.31,0.32,0.32,571,,0.09072,0.12978,0.04366,0.11416,-0.0193,0.01631,spy_options_2016.parquet,2661204
SPY,2016-12-02,2016-12-02T16:00:00-05:00,219.7,2016-12-23,21.0,0.057534246575342465,224.5,put,6.27,6.47,0.0,,,0.1215,-0.7978,0.04269,0.15054,-0.07125,-0.10919,spy_options_2016.parquet,2661204
SPY,2016-12-02,2016-12-02T16:00:00-05:00,219.7,2016-12-23,21.0,0.057534246575342465,225.0,call,0.25,0.27,0.26,766,,0.09055,0.10954,0.03871,0.10167,-0.01731,0.01359,spy_options_2016.parquet,2661205
SPY,2016-12-02,2016-12-02T16:00:00-05:00,219.7,2016-12-23,21.0,0.057534246575342465,225.0,put,6.79,6.97,7.03,24,,0.12854,-0.80424,0.03956,0.14762,-0.07323,-0.11035,spy_options_2016.parquet,2661205
SPY,2016-12-02,2016-12-02T16:00:00-05:00,219.7,2016-12-23,21.0,0.057534246575342465,225.5,call,0.19,0.2,0.2,193,,0.08996,0.08897,0.03357,0.08695,-0.01443,0.01123,spy_options_2016.parquet,2661206
SPY,2016-12-02,2016-12-02T16:00:00-05:00,219.7,2016-12-23,21.0,0.057534246575342465,225.5,put,7.18,7.4,0.0,,,0.12808,-0.82364,0.03706,0.13714,-0.07135,-0.11326,spy_options_2016.parquet,2661206
SPY,2016-12-02,2016-12-02T16:00:00-05:00,219.7,2016-12-23,21.0,0.057534246575342465,226.0,call,0.15,0.18,0.15,23,,0.09122,0.07575,0.02944,0.07822,-0.01348,0.00948,spy_options_2016.parquet,2661207
SPY,2016-12-02,2016-12-02T16:00:00-05:00,219.7,2016-12-23,21.0,0.057534246575342465,226.0,put,7.7,7.91,7.34,35,,0.13512,-0.82604,0.03458,0.13664,-0.07369,-0.11411,spy_options_2016.parquet,2661207
SPY,2016-12-02,2016-12-02T16:00:00-05:00,219.7,2016-12-23,21.0,0.057534246575342465,226.5,call,0.12,0.14,0.13,311,,0.08983,0.06015,0.02495,0.06548,-0.01042,0.00807,spy_options_2016.parquet,2661208
SPY,2016-12-02,2016-12-02T16:00:00-05:00,219.7,2016-12-23,21.0,0.057534246575342465,226.5,put,8.14,8.4,0.0,,,0.13817,-0.83744,0.03249,0.13062,-0.07302,-0.11573,spy_options_2016.parquet,2661208
SPY,2016-12-02,2016-12-02T16:00:00-05:00,219.7,2016-12-23,21.0,0.057534246575342465,227.0,call,0.1,0.11,0.1,10,,0.09098,0.05133,0.02172,0.05738,-0.00939,0.0068,spy_options_2016.parquet,2661209
SPY,2016-12-02,2016-12-02T16:00:00-05:00,219.7,2016-12-23,21.0,0.057534246575342465,227.0,put,8.62,8.88,0.0,,,0.14244,-0.84393,0.03051,0.12623,-0.07304,-0.11725,spy_options_2016.parquet,2661209
SPY,2016-12-02,2016-12-02T16:00:00-05:00,219.7,2016-12-23,21.0,0.057534246575342465,227.5,call,0.08,0.09,0.11,0,,0.0909,0.04247,0.01854,0.05017,-0.00884,0.00513,spy_options_2016.parquet,2661210
SPY,2016-12-02,2016-12-02T16:00:00-05:00,219.7,2016-12-23,21.0,0.057534246575342465,227.5,put,9.12,9.36,0.0,,,0.14693,-0.85215,0.02867,0.12168,-0.07303,-0.11872,spy_options_2016.parquet,2661210
SPY,2016-12-02,2016-12-02T16:00:00-05:00,219.7,2016-12-23,21.0,0.057534246575342465,228.0,call,0.06,0.09,0.08,208,,0.09295,0.03803,0.0164,0.04503,-0.00838,0.00502,spy_options_2016.parquet,2661211
SPY,2016-12-02,2016-12-02T16:00:00-05:00,219.7,2016-12-23,21.0,0.057534246575342465,228.0,put,9.59,9.83,0.0,,,0.15081,-0.85893,0.02704,0.11891,-0.07347,-0.11996,spy_options_2016.parquet,2661211
SPY,2016-12-02,2016-12-02T16:00:00-05:00,219.7,2016-12-23,21.0,0.057534246575342465,228.5,call,0.07,0.07,0.06,1,,0.09461,0.03302,0.01433,0.04062,-0.00765,0.00415,spy_options_2016.parquet,2661212
SPY,2016-12-02,2016-12-02T16:00:00-05:00,219.7,2016-12-23,21.0,0.057534246575342465,228.5,put,10.05,10.3,0.0,,,0.15231,-0.86912,0.02534,0.11201,-0.0716,-0.12106,spy_options_2016.parquet,2661212
SPY,2016-12-02,2016-12-02T16:00:00-05:00,219.7,2016-12-23,21.0,0.057534246575342465,229.0,call,0.06,0.07,0.06,61,,0.0992,0.0321,0.01337,0.03931,-0.00732,0.00376,spy_options_2016.parquet,2661213
SPY,2016-12-02,2016-12-02T16:00:00-05:00,219.7,2016-12-23,21.0,0.057534246575342465,229.0,put,10.58,10.84,10.68,20,,0.16204,-0.8665,0.02426,0.1143,-0.07453,-0.12126,spy_options_2016.parquet,2661213
SPY,2016-12-02,2016-12-02T16:00:00-05:00,219.7,2016-12-23,21.0,0.057534246575342465,229.5,call,0.05,0.06,0.0,,,0.09969,0.02731,0.01167,0.03393,-0.00646,0.00376,spy_options_2016.parquet,2661214
SPY,2016-12-02,2016-12-02T16:00:00-05:00,219.7,2016-12-23,21.0,0.057534246575342465,229.5,put,11.09,11.33,10.12,0,,0.166,-0.87033,0.02309,0.11179,-0.0748,-0.12218,spy_options_2016.parquet,2661214
SPY,2016-12-02,2016-12-02T16:00:00-05:00,219.7,2016-12-23,21.0,0.057534246575342465,230.0,call,0.06,0.06,0.04,7,,0.10372,0.02619,0.01087,0.03382,-0.00637,0.00387,spy_options_2016.parquet,2661215
SPY,2016-12-02,2016-12-02T16:00:00-05:00,219.7,2016-12-23,21.0,0.057534246575342465,230.0,put,11.52,11.73,11.48,2,,0.16334,-0.88584,0.02145,0.10163,-0.07115,-0.1239,spy_options_2016.parquet,2661215
SPY,2016-12-02,2016-12-02T16:00:00-05:00,219.7,2016-12-23,21.0,0.057534246575342465,230.5,call,0.05,0.05,0.0,,,0.10397,0.02189,0.00931,0.02862,-0.00551,0.00272,spy_options_2016.parquet,2661216
SPY,2016-12-02,2016-12-02T16:00:00-05:00,219.7,2016-12-23,21.0,0.057534246575342465,230.5,put,12.07,12.32,12.45,0,,0.17584,-0.87815,0.02089,0.1062,-0.07578,-0.12384,spy_options_2016.parquet,2661216
SPY,2016-12-02,2016-12-02T16:00:00-05:00,219.7,2016-12-23,21.0,0.057534246575342465,231.0,call,0.03,0.05,0.0,,,0.10814,0.02138,0.00874,0.02796,-0.00574,0.00307,spy_options_2016.parquet,2661217
SPY,2016-12-02,2016-12-02T16:00:00-05:00,219.7,2016-12-23,21.0,0.057534246575342465,231.0,put,12.6,12.83,12.48,0,,0.18216,-0.8785,0.01999,0.10587,-0.07688,-0.12347,spy_options_2016.parquet,2661217
SPY,2016-12-02,2016-12-02T16:00:00-05:00,219.7,2016-12-23,21.0,0.057534246575342465,231.5,call,0.04,0.06,0.0,,,0.11185,0.02092,0.0083,0.02763,-0.00593,0.00289,spy_options_2016.parquet,2661218
SPY,2016-12-02,2016-12-02T16:00:00-05:00,219.7,2016-12-23,21.0,0.057534246575342465,231.5,put,13.06,13.32,12.83,0,,0.18585,-0.88425,0.01902,0.10246,-0.07635,-0.12463,spy_options_2016.parquet,2661218
SPY,2016-12-02,2016-12-02T16:00:00-05:00,219.7,2016-12-23,21.0,0.057534246575342465,232.0,call,0.04,0.04,0.0,,,0.11027,0.0167,0.00685,0.02223,-0.00499,0.00194,spy_options_2016.parquet,2661219
SPY,2016-12-02,2016-12-02T16:00:00-05:00,219.7,2016-12-23,21.0,0.057534246575342465,232.0,put,13.55,13.8,13.19,0,,0.18782,-0.88988,0.01816,0.09903,-0.07616,-0.12619,spy_options_2016.parquet,2661219
SPY,2016-12-02,2016-12-02T16:00:00-05:00,219.7,2016-12-23,21.0,0.057534246575342465,232.5,call,0.03,0.04,0.03,2,,0.11414,0.01597,0.00648,0.02148,-0.00495,0.00178,spy_options_2016.parquet,2661220
SPY,2016-12-02,2016-12-02T16:00:00-05:00,219.7,2016-12-23,21.0,0.057534246575342465,232.5,put,14.01,14.21,13.82,0,,0.18743,-0.89833,0.01709,0.09311,-0.07329,-0.12755,spy_options_2016.parquet,2661220
SPY,2016-12-02,2016-12-02T16:00:00-05:00,219.7,2016-12-23,21.0,0.057534246575342465,233.0,call,0.03,0.04,0.03,1,,0.11769,0.01565,0.00612,0.02121,-0.0051,0.00193,spy_options_2016.parquet,2661221
SPY,2016-12-02,2016-12-02T16:00:00-05:00,219.7,2016-12-23,21.0,0.057534246575342465,233.0,put,14.48,14.75,14.19,0,,0.19197,-0.90097,0.01635,0.09109,-0.0739,-0.12769,spy_options_2016.parquet,2661221
SPY,2016-12-02,2016-12-02T16:00:00-05:00,219.7,2016-12-23,21.0,0.057534246575342465,233.5,call,0.03,0.03,0.0,,,0.12096,0.01547,0.00587,0.02143,-0.00466,0.00164,spy_options_2016.parquet,2661222
SPY,2016-12-02,2016-12-02T16:00:00-05:00,219.7,2016-12-23,21.0,0.057534246575342465,233.5,put,15.01,15.26,0.0,,,0.19917,-0.90014,0.01585,0.09212,-0.07504,-0.12848,spy_options_2016.parquet,2661222
SPY,2016-12-02,2016-12-02T16:00:00-05:00,219.7,2016-12-23,21.0,0.057534246575342465,234.0,call,0.03,0.04,0.0,,,0.12469,0.01472,0.00559,0.02018,-0.0045,0.00231,spy_options_2016.parquet,2661223
SPY,2016-12-02,2016-12-02T16:00:00-05:00,219.7,2016-12-23,21.0,0.057534246575342465,234.0,put,15.51,15.76,15.47,2,,0.20355,-0.90215,0.01525,0.09071,-0.07605,-0.12879,spy_options_2016.parquet,2661223
SPY,2016-12-02,2016-12-02T16:00:00-05:00,219.7,2016-12-23,21.0,0.057534246575342465,234.5,call,0.02,0.04,0.0,,,0.12207,0.01094,0.00441,0.01587,-0.00375,0.00139,spy_options_2016.parquet,2661224
SPY,2016-12-02,2016-12-02T16:00:00-05:00,219.7,2016-12-23,21.0,0.057534246575342465,234.5,put,16.02,16.31,0.0,,,0.21303,-0.89927,0.01492,0.09203,-0.07878,-0.12865,spy_options_2016.parquet,2661224
SPY,2016-12-02,2016-12-02T16:00:00-05:00,219.7,2016-12-23,21.0,0.057534246575342465,235.0,call,0.02,0.03,0.0,,,0.12557,0.01066,0.00417,0.01535,-0.00374,0.00157,spy_options_2016.parquet,2661225
SPY,2016-12-02,2016-12-02T16:00:00-05:00,219.7,2016-12-23,21.0,0.057534246575342465,235.0,put,16.51,16.76,16.97,0,,0.21333,-0.90528,0.01414,0.08796,-0.07655,-0.12951,spy_options_2016.parquet,2661225
SPY,2016-12-02,2016-12-02T16:00:00-05:00,219.7,2016-12-23,21.0,0.057534246575342465,235.5,call,0.02,0.02,0.0,,,0.1284,0.01098,0.00398,0.01553,-0.0041,0.00135,spy_options_2016.parquet,2661226
SPY,2016-12-02,2016-12-02T16:00:00-05:00,219.7,2016-12-23,21.0,0.057534246575342465,235.5,put,17.05,17.32,0.0,,,0.22361,-0.901,0.01401,0.09112,-0.08043,-0.12993,spy_options_2016.parquet,2661226
SPY,2016-12-02,2016-12-02T16:00:00-05:00,219.7,2016-12-23,21.0,0.057534246575342465,236.0,call,0.01,0.04,0.0,,,0.13151,0.01027,0.00385,0.01471,-0.00417,0.00098,spy_options_2016.parquet,2661227
SPY,2016-12-02,2016-12-02T16:00:00-05:00,219.7,2016-12-23,21.0,0.057534246575342465,236.0,put,17.56,17.82,0.0,,,0.2289,-0.90218,0.01359,0.09061,-0.08063,-0.13037,spy_options_2016.parquet,2661227
SPY,2016-12-02,2016-12-02T16:00:00-05:00,219.7,2016-12-23,21.0,0.057534246575342465,236.5,call,0.03,0.02,0.02,1,,0.13564,0.01019,0.00369,0.01486,-0.00354,0.00174,spy_options_2016.parquet,2661228
SPY,2016-12-02,2016-12-02T16:00:00-05:00,219.7,2016-12-23,21.0,0.057534246575342465,236.5,put,18.04,18.32,0.0,,,0.23355,-0.90449,0.01313,0.08876,-0.08107,-0.13037,spy_options_2016.parquet,2661228
SPY,2016-12-02,2016-12-02T16:00:00-05:00,219.7,2016-12-23,21.0,0.057534246575342465,237.0,call,0.01,0.03,0.0,,,0.13892,0.00951,0.00353,0.01443,-0.00354,0.00166,spy_options_2016.parquet,2661229
SPY,2016-12-02,2016-12-02T16:00:00-05:00,219.7,2016-12-23,21.0,0.057534246575342465,237.0,put,18.54,18.81,0.0,,,0.23834,-0.90573,0.01266,0.08842,-0.08119,-0.13144,spy_options_2016.parquet,2661229
SPY,2016-12-02,2016-12-02T16:00:00-05:00,219.7,2016-12-23,21.0,0.057534246575342465,237.5,call,0.03,0.03,0.01,20,,0.14202,0.00954,0.00342,0.01422,-0.00436,0.00142,spy_options_2016.parquet,2661230
SPY,2016-12-02,2016-12-02T16:00:00-05:00,219.7,2016-12-23,21.0,0.057534246575342465,237.5,put,19.05,19.32,0.0,,,0.24282,-0.90652,0.01235,0.08694,-0.08177,-0.13115,spy_options_2016.parquet,2661230
SPY,2016-12-02,2016-12-02T16:00:00-05:00,219.7,2016-12-23,21.0,0.057534246575342465,238.0,call,0.01,0.02,0.02,0,,0.13591,0.00577,0.00237,0.01001,-0.00217,0.0005,spy_options_2016.parquet,2661231
SPY,2016-12-02,2016-12-02T16:00:00-05:00,219.7,2016-12-23,21.0,0.057534246575342465,238.0,put,19.52,19.79,0.0,,,0.24357,-0.91109,0.01174,0.08345,-0.08013,-0.13204,spy_options_2016.parquet,2661231
SPY,2016-12-02,2016-12-02T16:00:00-05:00,219.7,2016-12-23,21.0,0.057534246575342465,238.5,call,0.01,0.02,0.0,,,0.13894,0.00617,0.00231,0.00985,-0.00293,0.00122,spy_options_2016.parquet,2661232
SPY,2016-12-02,2016-12-02T16:00:00-05:00,219.7,2016-12-23,21.0,0.057534246575342465,238.5,put,20.03,20.32,0.0,,,0.25161,-0.91048,0.01159,0.08458,-0.08227,-0.13306,spy_options_2016.parquet,2661232
SPY,2016-12-02,2016-12-02T16:00:00-05:00,219.7,2016-12-23,21.0,0.057534246575342465,239.0,call,0.02,0.02,0.0,,,0.14201,0.00578,0.00223,0.00915,-0.00288,0.00046,spy_options_2016.parquet,2661233
SPY,2016-12-02,2016-12-02T16:00:00-05:00,219.7,2016-12-23,21.0,0.057534246575342465,239.0,put,20.49,20.71,19.57,0,,0.24627,-0.9204,0.01083,0.07675,-0.07702,-0.13375,spy_options_2016.parquet,2661233
SPY,2016-12-02,2016-12-02T16:00:00-05:00,219.7,2016-12-23,21.0,0.057534246575342465,239.5,call,0.01,0.03,0.0,,,0.14499,0.00638,0.00212,0.00919,-0.00258,0.00127,spy_options_2016.parquet,2661234
SPY,2016-12-02,2016-12-02T16:00:00-05:00,219.7,2016-12-23,21.0,0.057534246575342465,239.5,put,21.04,21.32,0.0,,,0.26026,-0.91263,0.01095,0.08255,-0.08303,-0.1333,spy_options_2016.parquet,2661234
SPY,2016-12-02,2016-12-02T16:00:00-05:00,219.7,2016-12-23,21.0,0.057534246575342465,240.0,call,0.01,0.02,0.01,2,,0.14826,0.00583,0.00203,0.00867,-0.00269,0.00032,spy_options_2016.parquet,2661235
SPY,2016-12-02,2016-12-02T16:00:00-05:00,219.7,2016-12-23,21.0,0.057534246575342465,240.0,put,21.53,21.81,21.97,0,,0.26486,-0.91386,0.01065,0.08199,-0.08297,-0.13415,spy_options_2016.parquet,2661235
SPY,2016-12-02,2016-12-02T16:00:00-05:00,219.7,2016-12-23,21.0,0.057534246575342465,242.5,call,0.01,0.02,0.0,,,0.16343,0.00498,0.00177,0.00883,-0.00249,0.00074,spy_options_2016.parquet,2661236
SPY,2016-12-02,2016-12-02T16:00:00-05:00,219.7,2016-12-23,21.0,0.057534246575342465,242.5,put,24.0,24.25,23.54,0,,0.27946,-0.9246,0.00908,0.07331,-0.08058,-0.13646,spy_options_2016.parquet,2661236
SPY,2016-12-02,2016-12-02T16:00:00-05:00,219.7,2016-12-23,21.0,0.057534246575342465,245.0,call,0.0,0.01,0.0,,,0.15944,0.00223,0.00076,0.0034,-0.0008,0.00052,spy_options_2016.parquet,2661237
SPY,2016-12-02,2016-12-02T16:00:00-05:00,219.7,2016-12-23,21.0,0.057534246575342465,245.0,put,26.49,26.73,26.05,0,,0.29883,-0.92973,0.00799,0.06906,-0.08131,-0.13874,spy_options_2016.parquet,2661237
SPY,2016-12-02,2016-12-02T16:00:00-05:00,219.7,2016-12-23,21.0,0.057534246575342465,247.5,call,0.0,0.01,0.0,,,0.17204,0.00191,0.00067,0.00331,-0.00064,0.00053,spy_options_2016.parquet,2661238
SPY,2016-12-02,2016-12-02T16:00:00-05:00,219.7,2016-12-23,21.0,0.057534246575342465,247.5,put,29.03,29.31,28.55,0,,0.3272,-0.92889,0.00743,0.07025,-0.08666,-0.14053,spy_options_2016.parquet,2661238
SPY,2016-12-02,2016-12-02T16:00:00-05:00,219.7,2016-12-23,21.0,0.057534246575342465,250.0,call,0.0,0.01,0.0,,,0.1845,0.00166,0.00059,0.00316,-0.00109,0.0002,spy_options_2016.parquet,2661239
SPY,2016-12-02,2016-12-02T16:00:00-05:00,219.7,2016-12-23,21.0,0.057534246575342465,250.0,put,31.46,31.71,31.35,0,,0.3361,-0.93875,0.00638,0.06188,-0.08249,-0.14319,spy_options_2016.parquet,2661239
SPY,2016-12-02,2016-12-02T16:00:00-05:00,219.7,2016-12-23,21.0,0.057534246575342465,252.5,call,0.0,0.01,0.0,,,0.19676,0.00158,0.00048,0.00311,-0.0007,0.00071,spy_options_2016.parquet,2661240
SPY,2016-12-02,2016-12-02T16:00:00-05:00,219.7,2016-12-23,21.0,0.057534246575342465,252.5,put,34.02,34.3,0.0,,,0.36719,-0.93545,0.00607,0.0651,-0.08866,-0.14475,spy_options_2016.parquet,2661240
SPY,2016-12-02,2016-12-02T16:00:00-05:00,219.7,2016-12-23,21.0,0.057534246575342465,255.0,call,0.0,0.01,0.0,,,0.20879,0.00198,0.00045,0.00294,-0.0014,0.00048,spy_options_2016.parquet,2661241
SPY,2016-12-02,2016-12-02T16:00:00-05:00,219.7,2016-12-23,21.0,0.057534246575342465,255.0,put,36.5,36.78,0.0,,,0.38152,-0.94037,0.00552,0.06121,-0.08751,-0.14674,spy_options_2016.parquet,2661241
SPY,2016-12-02,2016-12-02T16:00:00-05:00,219.7,2016-12-23,21.0,0.057534246575342465,257.5,call,0.0,0.01,0.0,,,0.22131,0.0018,0.00038,0.00269,-0.00069,0.00042,spy_options_2016.parquet,2661242
SPY,2016-12-02,2016-12-02T16:00:00-05:00,219.7,2016-12-23,21.0,0.057534246575342465,257.5,put,38.99,39.28,0.0,,,0.40164,-0.94179,0.00512,0.05915,-0.08844,-0.14794,spy_options_2016.parquet,2661242
SPY,2016-12-02,2016-12-02T16:00:00-05:00,219.7,2016-12-28,26.0,0.07123287671232877,195.0,call,24.58,24.79,0.0,,,0.27387,0.9761,0.00752,0.02634,-0.00923,0.01492,spy_options_2016.parquet,2661243
SPY,2016-12-02,2016-12-02T16:00:00-05:00,219.7,2016-12-28,26.0,0.07123287671232877,195.0,put,0.16,0.16,0.15,40,,0.22717,-0.02856,0.00485,0.03915,-0.01704,-0.0049,spy_options_2016.parquet,2661243
SPY,2016-12-02,2016-12-02T16:00:00-05:00,219.7,2016-12-28,26.0,0.07123287671232877,200.0,call,19.58,19.78,0.0,,,0.22474,0.98042,0.01179,0.0245,-0.00586,0.01746,spy_options_2016.parquet,2661244
SPY,2016-12-02,2016-12-02T16:00:00-05:00,219.7,2016-12-28,26.0,0.07123287671232877,200.0,put,0.23,0.26,0.23,25,,0.20124,-0.0469,0.00819,0.05866,-0.02284,-0.00788,spy_options_2016.parquet,2661244
SPY,2016-12-02,2016-12-02T16:00:00-05:00,219.7,2016-12-28,26.0,0.07123287671232877,205.0,call,14.74,14.93,0.0,,,0.20613,0.92517,0.01961,0.07914,-0.01804,0.05215,spy_options_2016.parquet,2661245
SPY,2016-12-02,2016-12-02T16:00:00-05:00,219.7,2016-12-28,26.0,0.07123287671232877,205.0,put,0.42,0.42,0.43,24,,0.17717,-0.0852,0.01464,0.0924,-0.03258,-0.01432,spy_options_2016.parquet,2661245
SPY,2016-12-02,2016-12-02T16:00:00-05:00,219.7,2016-12-28,26.0,0.07123287671232877,210.0,call,9.96,10.12,10.12,0,,0.17035,0.85831,0.03161,0.12757,-0.02585,0.06665,spy_options_2016.parquet,2661246
SPY,2016-12-02,2016-12-02T16:00:00-05:00,219.7,2016-12-28,26.0,0.07123287671232877,210.0,put,0.78,0.81,0.8,30,,0.1542,-0.15915,0.02625,0.14479,-0.04671,-0.02693,spy_options_2016.parquet,2661246
SPY,2016-12-02,2016-12-02T16:00:00-05:00,219.7,2016-12-28,26.0,0.07123287671232877,210.5,call,9.43,9.59,0.0,,,0.16255,0.8577,0.03385,0.12767,-0.02384,0.06621,spy_options_2016.parquet,2661247
SPY,2016-12-02,2016-12-02T16:00:00-05:00,219.7,2016-12-28,26.0,0.07123287671232877,210.5,put,0.82,0.85,0.93,0,,0.15163,-0.16909,0.02784,0.15101,-0.04833,-0.02784,spy_options_2016.parquet,2661247
SPY,2016-12-02,2016-12-02T16:00:00-05:00,219.7,2016-12-28,26.0,0.07123287671232877,211.0,call,9.0,9.19,9.11,0,,0.16306,0.83842,0.03489,0.1389,-0.0274,0.06871,spy_options_2016.parquet,2661248
SPY,2016-12-02,2016-12-02T16:00:00-05:00,219.7,2016-12-28,26.0,0.07123287671232877,211.0,put,0.89,0.93,0.87,0,,0.15051,-0.18237,0.0294,0.15757,-0.04978,-0.03038,spy_options_2016.parquet,2661248
SPY,2016-12-02,2016-12-02T16:00:00-05:00,219.7,2016-12-28,26.0,0.07123287671232877,211.5,call,8.56,8.72,0.0,,,0.15897,0.82694,0.03655,0.14579,-0.02831,0.07051,spy_options_2016.parquet,2661249
SPY,2016-12-02,2016-12-02T16:00:00-05:00,219.7,2016-12-28,26.0,0.07123287671232877,211.5,put,0.96,0.99,0.97,30,,0.14811,-0.19466,0.0311,0.1638,-0.05195,-0.0324,spy_options_2016.parquet,2661249
SPY,2016-12-02,2016-12-02T16:00:00-05:00,219.7,2016-12-28,26.0,0.07123287671232877,212.0,call,8.1,8.19,8.23,63,,0.15433,0.81853,0.0388,0.15003,-0.02749,0.07068,spy_options_2016.parquet,2661250
SPY,2016-12-02,2016-12-02T16:00:00-05:00,219.7,2016-12-28,26.0,0.07123287671232877,212.0,put,1.0,1.06,1.05,90,,0.14539,-0.20617,0.03284,0.17051,-0.05264,-0.0347,spy_options_2016.parquet,2661250
SPY,2016-12-02,2016-12-02T16:00:00-05:00,219.7,2016-12-28,26.0,0.07123287671232877,212.5,call,7.62,7.76,0.0,,,0.15072,0.80482,0.0407,0.15751,-0.02836,0.0711,spy_options_2016.parquet,2661251
SPY,2016-12-02,2016-12-02T16:00:00-05:00,219.7,2016-12-28,26.0,0.07123287671232877,212.5,put,1.09,1.12,1.31,0,,0.14325,-0.22032,0.03467,0.17701,-0.05413,-0.03638,spy_options_2016.parquet,2661251
SPY,2016-12-02,2016-12-02T16:00:00-05:00,219.7,2016-12-28,26.0,0.07123287671232877,213.0,call,7.18,7.31,0.0,,,0.14742,0.79078,0.04265,0.1647,-0.02951,0.07235,spy_options_2016.parquet,2661252
SPY,2016-12-02,2016-12-02T16:00:00-05:00,219.7,2016-12-28,26.0,0.07123287671232877,213.0,put,1.17,1.21,1.23,27,,0.14046,-0.23561,0.03659,0.18356,-0.05555,-0.03927,spy_options_2016.parquet,2661252
SPY,2016-12-02,2016-12-02T16:00:00-05:00,219.7,2016-12-28,26.0,0.07123287671232877,213.5,call,6.76,6.89,0.0,,,0.14461,0.77347,0.04439,0.17243,-0.03126,0.0736,spy_options_2016.parquet,2661253
SPY,2016-12-02,2016-12-02T16:00:00-05:00,219.7,2016-12-28,26.0,0.07123287671232877,213.5,put,1.26,1.28,1.33,0,,0.13868,-0.25167,0.03857,0.19012,-0.05698,-0.04156,spy_options_2016.parquet,2661253
SPY,2016-12-02,2016-12-02T16:00:00-05:00,219.7,2016-12-28,26.0,0.07123287671232877,214.0,call,6.33,6.44,0.0,,,0.14205,0.75605,0.0465,0.17997,-0.03191,0.07362,spy_options_2016.parquet,2661254
SPY,2016-12-02,2016-12-02T16:00:00-05:00,219.7,2016-12-28,26.0,0.07123287671232877,214.0,put,1.36,1.38,1.21,1,,0.13663,-0.26849,0.04043,0.19691,-0.05886,-0.04442,spy_options_2016.parquet,2661254
SPY,2016-12-02,2016-12-02T16:00:00-05:00,219.7,2016-12-28,26.0,0.07123287671232877,214.5,call,5.92,6.06,0.0,,,0.14045,0.73544,0.04793,0.18838,-0.03317,0.07473,spy_options_2016.parquet,2661255
SPY,2016-12-02,2016-12-02T16:00:00-05:00,219.7,2016-12-28,26.0,0.07123287671232877,214.5,put,1.43,1.47,1.48,36,,0.1331,-0.28671,0.04258,0.20246,-0.06045,-0.04774,spy_options_2016.parquet,2661255
SPY,2016-12-02,2016-12-02T16:00:00-05:00,219.7,2016-12-28,26.0,0.07123287671232877,215.0,call,5.53,5.6,5.53,0,,0.13703,0.71653,0.05006,0.19574,-0.03367,0.07425,spy_options_2016.parquet,2661256
SPY,2016-12-02,2016-12-02T16:00:00-05:00,219.7,2016-12-28,26.0,0.07123287671232877,215.0,put,1.55,1.59,1.62,8,,0.13162,-0.30673,0.04455,0.2089,-0.06167,-0.05041,spy_options_2016.parquet,2661256
SPY,2016-12-02,2016-12-02T16:00:00-05:00,219.7,2016-12-28,26.0,0.07123287671232877,215.5,call,5.08,5.15,5.37,24,,0.13152,0.69781,0.05296,0.20111,-0.03376,0.07349,spy_options_2016.parquet,2661257
SPY,2016-12-02,2016-12-02T16:00:00-05:00,219.7,2016-12-28,26.0,0.07123287671232877,215.5,put,1.67,1.71,1.71,34,,0.12939,-0.32634,0.04664,0.21465,-0.06233,-0.05407,spy_options_2016.parquet,2661257
SPY,2016-12-02,2016-12-02T16:00:00-05:00,219.7,2016-12-28,26.0,0.07123287671232877,216.0,call,4.7,4.75,5.01,21,,0.12907,0.67568,0.05505,0.20774,-0.03395,0.07397,spy_options_2016.parquet,2661258
SPY,2016-12-02,2016-12-02T16:00:00-05:00,219.7,2016-12-28,26.0,0.07123287671232877,216.0,put,1.82,1.86,1.85,15,,0.12818,-0.34965,0.04838,0.22081,-0.06422,-0.058,spy_options_2016.parquet,2661258
SPY,2016-12-02,2016-12-02T16:00:00-05:00,219.7,2016-12-28,26.0,0.07123287671232877,216.5,call,4.3,4.34,4.23,0,,0.12594,0.65183,0.05718,0.21465,-0.03479,0.0726,spy_options_2016.parquet,2661259
SPY,2016-12-02,2016-12-02T16:00:00-05:00,219.7,2016-12-28,26.0,0.07123287671232877,216.5,put,1.95,2.0,1.99,67,,0.1256,-0.37207,0.05033,0.22553,-0.06548,-0.06147,spy_options_2016.parquet,2661259
SPY,2016-12-02,2016-12-02T16:00:00-05:00,219.7,2016-12-28,26.0,0.07123287671232877,217.0,call,3.9,3.95,3.83,31,,0.12136,0.62722,0.05981,0.22016,-0.03491,0.07199,spy_options_2016.parquet,2661260
SPY,2016-12-02,2016-12-02T16:00:00-05:00,219.7,2016-12-28,26.0,0.07123287671232877,217.0,put,2.11,2.13,2.04,1,,0.12294,-0.39673,0.05215,0.22986,-0.06604,-0.06558,spy_options_2016.parquet,2661260
SPY,2016-12-02,2016-12-02T16:00:00-05:00,219.7,2016-12-28,26.0,0.07123287671232877,217.5,call,3.57,3.61,3.49,69,,0.12007,0.59794,0.06073,0.22483,-0.03542,0.07003,spy_options_2016.parquet,2661261
SPY,2016-12-02,2016-12-02T16:00:00-05:00,219.7,2016-12-28,26.0,0.07123287671232877,217.5,put,2.24,2.29,2.2,65,,0.12026,-0.42164,0.05415,0.23248,-0.06703,-0.07061,spy_options_2016.parquet,2661261
SPY,2016-12-02,2016-12-02T16:00:00-05:00,219.7,2016-12-28,26.0,0.07123287671232877,218.0,call,3.19,3.24,3.26,143,,0.11634,0.57059,0.0632,0.22849,-0.03513,0.06825,spy_options_2016.parquet,2661262
SPY,2016-12-02,2016-12-02T16:00:00-05:00,219.7,2016-12-28,26.0,0.07123287671232877,218.0,put,2.44,2.48,2.44,80,,0.11894,-0.44849,0.0554,0.23523,-0.06747,-0.07473,spy_options_2016.parquet,2661262
SPY,2016-12-02,2016-12-02T16:00:00-05:00,219.7,2016-12-28,26.0,0.07123287671232877,218.5,call,2.85,2.9,2.85,148,,0.11282,0.53961,0.06467,0.23201,-0.03489,0.06597,spy_options_2016.parquet,2661263
SPY,2016-12-02,2016-12-02T16:00:00-05:00,219.7,2016-12-28,26.0,0.07123287671232877,218.5,put,2.63,2.68,2.65,12,,0.11715,-0.47634,0.05654,0.23728,-0.06851,-0.07889,spy_options_2016.parquet,2661263
SPY,2016-12-02,2016-12-02T16:00:00-05:00,219.7,2016-12-28,26.0,0.07123287671232877,219.0,call,2.57,2.61,2.5,83,,0.11188,0.50774,0.06474,0.23327,-0.03538,0.06444,spy_options_2016.parquet,2661264
SPY,2016-12-02,2016-12-02T16:00:00-05:00,219.7,2016-12-28,26.0,0.07123287671232877,219.0,put,2.82,2.87,2.84,89,,0.11502,-0.50517,0.05784,0.23735,-0.06836,-0.08395,spy_options_2016.parquet,2661264
SPY,2016-12-02,2016-12-02T16:00:00-05:00,219.7,2016-12-28,26.0,0.07123287671232877,219.5,call,2.23,2.27,2.26,397,,0.10766,0.47455,0.06681,0.23335,-0.03387,0.06121,spy_options_2016.parquet,2661265
SPY,2016-12-02,2016-12-02T16:00:00-05:00,219.7,2016-12-28,26.0,0.07123287671232877,219.5,put,3.07,3.13,3.12,47,,0.11481,-0.5344,0.05792,0.23596,-0.06824,-0.08895,spy_options_2016.parquet,2661265
SPY,2016-12-02,2016-12-02T16:00:00-05:00,219.7,2016-12-28,26.0,0.07123287671232877,220.0,call,1.97,2.01,2.07,419,,0.10628,0.43999,0.06633,0.23175,-0.03398,0.05799,spy_options_2016.parquet,2661266
SPY,2016-12-02,2016-12-02T16:00:00-05:00,219.7,2016-12-28,26.0,0.07123287671232877,220.0,put,3.3,3.37,3.47,271,,0.11217,-0.56467,0.0584,0.23381,-0.06791,-0.09462,spy_options_2016.parquet,2661266
SPY,2016-12-02,2016-12-02T16:00:00-05:00,219.7,2016-12-28,26.0,0.07123287671232877,220.5,call,1.7,1.74,1.79,224,,0.10375,0.40498,0.06644,0.22769,-0.03276,0.0543,spy_options_2016.parquet,2661267
SPY,2016-12-02,2016-12-02T16:00:00-05:00,219.7,2016-12-28,26.0,0.07123287671232877,220.5,put,3.58,3.63,3.57,84,,0.11088,-0.59496,0.05817,0.23035,-0.06725,-0.09927,spy_options_2016.parquet,2661267
SPY,2016-12-02,2016-12-02T16:00:00-05:00,219.7,2016-12-28,26.0,0.07123287671232877,221.0,call,1.48,1.49,1.44,229,,0.10129,0.36986,0.06541,0.22231,-0.03187,0.05067,spy_options_2016.parquet,2661268
SPY,2016-12-02,2016-12-02T16:00:00-05:00,219.7,2016-12-28,26.0,0.07123287671232877,221.0,put,3.87,3.94,3.46,2,,0.1099,-0.6244,0.05716,0.22527,-0.067,-0.10403,spy_options_2016.parquet,2661268
SPY,2016-12-02,2016-12-02T16:00:00-05:00,219.7,2016-12-28,26.0,0.07123287671232877,221.5,call,1.23,1.25,1.29,88,,0.09853,0.33269,0.06464,0.21432,-0.02973,0.04651,spy_options_2016.parquet,2661269
SPY,2016-12-02,2016-12-02T16:00:00-05:00,219.7,2016-12-28,26.0,0.07123287671232877,221.5,put,4.15,4.23,3.95,0,,0.10919,-0.6553,0.05632,0.21842,-0.06657,-0.1091,spy_options_2016.parquet,2661269
SPY,2016-12-02,2016-12-02T16:00:00-05:00,219.7,2016-12-28,26.0,0.07123287671232877,222.0,call,1.03,1.05,1.04,356,,0.09555,0.29631,0.06274,0.20492,-0.02735,0.04218,spy_options_2016.parquet,2661270
SPY,2016-12-02,2016-12-02T16:00:00-05:00,219.7,2016-12-28,26.0,0.07123287671232877,222.0,put,4.47,4.56,4.4,8,,0.10814,-0.68361,0.05474,0.21116,-0.06561,-0.11398,spy_options_2016.parquet,2661270
SPY,2016-12-02,2016-12-02T16:00:00-05:00,219.7,2016-12-28,26.0,0.07123287671232877,222.5,call,0.85,0.89,0.85,258,,0.0938,0.26183,0.05995,0.19344,-0.02618,0.0379,spy_options_2016.parquet,2661271
SPY,2016-12-02,2016-12-02T16:00:00-05:00,219.7,2016-12-28,26.0,0.07123287671232877,222.5,put,4.81,4.96,0.0,,,0.10852,-0.70859,0.05243,0.2027,-0.0651,-0.11883,spy_options_2016.parquet,2661271
SPY,2016-12-02,2016-12-02T16:00:00-05:00,219.7,2016-12-28,26.0,0.07123287671232877,223.0,call,0.72,0.75,0.73,301,,0.09307,0.23242,0.05622,0.18144,-0.02395,0.0341,spy_options_2016.parquet,2661272
SPY,2016-12-02,2016-12-02T16:00:00-05:00,219.7,2016-12-28,26.0,0.07123287671232877,223.0,put,5.19,5.34,4.98,75,,0.1097,-0.73253,0.04988,0.19494,-0.06428,-0.12253,spy_options_2016.parquet,2661272
SPY,2016-12-02,2016-12-02T16:00:00-05:00,219.7,2016-12-28,26.0,0.07123287671232877,223.5,call,0.57,0.6,0.58,218,,0.09102,0.19921,0.05261,0.16583,-0.02209,0.02987,spy_options_2016.parquet,2661273
SPY,2016-12-02,2016-12-02T16:00:00-05:00,219.7,2016-12-28,26.0,0.07123287671232877,223.5,put,5.52,5.71,0.0,,,0.10747,-0.76021,0.04773,0.18377,-0.06281,-0.12733,spy_options_2016.parquet,2661273
SPY,2016-12-02,2016-12-02T16:00:00-05:00,219.7,2016-12-28,26.0,0.07123287671232877,224.0,call,0.47,0.49,0.5,275,,0.0892,0.17145,0.04829,0.15187,-0.01944,0.0258,spy_options_2016.parquet,2661274
SPY,2016-12-02,2016-12-02T16:00:00-05:00,219.7,2016-12-28,26.0,0.07123287671232877,224.0,put,5.95,6.13,6.0,69,,0.10946,-0.77865,0.04481,0.17535,-0.06203,-0.13048,spy_options_2016.parquet,2661274
SPY,2016-12-02,2016-12-02T16:00:00-05:00,219.7,2016-12-28,26.0,0.07123287671232877,224.5,call,0.37,0.4,0.37,144,,0.08819,0.14491,0.04382,0.13566,-0.01812,0.02165,spy_options_2016.parquet,2661275
SPY,2016-12-02,2016-12-02T16:00:00-05:00,219.7,2016-12-28,26.0,0.07123287671232877,224.5,put,6.35,6.57,0.0,,,0.11108,-0.79776,0.04208,0.16656,-0.06122,-0.1342,spy_options_2016.parquet,2661275
SPY,2016-12-02,2016-12-02T16:00:00-05:00,219.7,2016-12-28,26.0,0.07123287671232877,225.0,call,0.3,0.32,0.31,81,,0.08772,0.1222,0.03926,0.12088,-0.01558,0.01856,spy_options_2016.parquet,2661276
SPY,2016-12-02,2016-12-02T16:00:00-05:00,219.7,2016-12-28,26.0,0.07123287671232877,225.0,put,6.79,6.97,6.62,26,,0.11144,-0.81633,0.03933,0.1562,-0.06011,-0.138,spy_options_2016.parquet,2661276
SPY,2016-12-02,2016-12-02T16:00:00-05:00,219.7,2016-12-28,26.0,0.07123287671232877,225.5,call,0.24,0.26,0.26,220,,0.08712,0.10257,0.03483,0.10776,-0.01343,0.01538,spy_options_2016.parquet,2661277
SPY,2016-12-02,2016-12-02T16:00:00-05:00,219.7,2016-12-28,26.0,0.07123287671232877,225.5,put,7.22,7.42,0.0,,,0.11325,-0.83089,0.03675,0.14772,-0.05884,-0.14001,spy_options_2016.parquet,2661277
SPY,2016-12-02,2016-12-02T16:00:00-05:00,219.7,2016-12-28,26.0,0.07123287671232877,226.0,call,0.19,0.2,0.19,1,,0.0869,0.08508,0.03051,0.0943,-0.01173,0.01368,spy_options_2016.parquet,2661278
SPY,2016-12-02,2016-12-02T16:00:00-05:00,219.7,2016-12-28,26.0,0.07123287671232877,226.0,put,7.72,7.94,0.0,,,0.1187,-0.83648,0.03429,0.14461,-0.06056,-0.14134,spy_options_2016.parquet,2661278
SPY,2016-12-02,2016-12-02T16:00:00-05:00,219.7,2016-12-28,26.0,0.07123287671232877,226.5,call,0.16,0.18,0.2,0,,0.08714,0.07374,0.027,0.08445,-0.01106,0.0116,spy_options_2016.parquet,2661279
SPY,2016-12-02,2016-12-02T16:00:00-05:00,219.7,2016-12-28,26.0,0.07123287671232877,226.5,put,8.19,8.41,0.0,,,0.12152,-0.84594,0.03202,0.13924,-0.06006,-0.14358,spy_options_2016.parquet,2661279
SPY,2016-12-02,2016-12-02T16:00:00-05:00,219.7,2016-12-28,26.0,0.07123287671232877,227.0,call,0.13,0.15,0.13,112,,0.08791,0.06288,0.02356,0.07381,-0.0099,0.00978,spy_options_2016.parquet,2661280
SPY,2016-12-02,2016-12-02T16:00:00-05:00,219.7,2016-12-28,26.0,0.07123287671232877,227.0,put,8.66,8.89,0.0,,,0.12532,-0.85338,0.03001,0.13456,-0.05961,-0.14536,spy_options_2016.parquet,2661280
SPY,2016-12-02,2016-12-02T16:00:00-05:00,219.7,2016-12-28,26.0,0.07123287671232877,227.5,call,0.1,0.13,0.12,7,,0.0877,0.05105,0.02011,0.06285,-0.00826,0.00839,spy_options_2016.parquet,2661281
SPY,2016-12-02,2016-12-02T16:00:00-05:00,219.7,2016-12-28,26.0,0.07123287671232877,227.5,put,9.14,9.39,0.0,,,0.12949,-0.86046,0.02821,0.1303,-0.05994,-0.14664,spy_options_2016.parquet,2661281
SPY,2016-12-02,2016-12-02T16:00:00-05:00,219.7,2016-12-28,26.0,0.07123287671232877,228.0,call,0.09,0.09,0.1,11,,0.08886,0.04466,0.0177,0.05692,-0.00748,0.00654,spy_options_2016.parquet,2661282
SPY,2016-12-02,2016-12-02T16:00:00-05:00,219.7,2016-12-28,26.0,0.07123287671232877,228.0,put,9.57,9.81,0.0,,,0.12811,-0.87461,0.02619,0.11979,-0.05789,-0.14913,spy_options_2016.parquet,2661282
SPY,2016-12-02,2016-12-02T16:00:00-05:00,219.7,2016-12-28,26.0,0.07123287671232877,228.5,call,0.08,0.09,0.11,0,,0.0908,0.0397,0.01582,0.05188,-0.00691,0.00657,spy_options_2016.parquet,2661283
SPY,2016-12-02,2016-12-02T16:00:00-05:00,219.7,2016-12-28,26.0,0.07123287671232877,228.5,put,10.08,10.32,0.0,,,0.13417,-0.87718,0.02481,0.11895,-0.05859,-0.14987,spy_options_2016.parquet,2661283
SPY,2016-12-02,2016-12-02T16:00:00-05:00,219.7,2016-12-28,26.0,0.07123287671232877,229.0,call,0.07,0.08,0.08,1,,0.09259,0.03504,0.01401,0.04636,-0.0064,0.00527,spy_options_2016.parquet,2661284
SPY,2016-12-02,2016-12-02T16:00:00-05:00,219.7,2016-12-28,26.0,0.07123287671232877,229.0,put,10.55,10.79,10.43,0,,0.13643,-0.88421,0.02329,0.11265,-0.05855,-0.15182,spy_options_2016.parquet,2661284
SPY,2016-12-02,2016-12-02T16:00:00-05:00,219.7,2016-12-28,26.0,0.07123287671232877,229.5,call,0.06,0.07,0.0,,,0.09325,0.03031,0.01238,0.04197,-0.0059,0.00521,spy_options_2016.parquet,2661285
SPY,2016-12-02,2016-12-02T16:00:00-05:00,219.7,2016-12-28,26.0,0.07123287671232877,229.5,put,11.1,11.32,0.0,,,0.14435,-0.88119,0.02237,0.11574,-0.06063,-0.15167,spy_options_2016.parquet,2661285
SPY,2016-12-02,2016-12-02T16:00:00-05:00,219.7,2016-12-28,26.0,0.07123287671232877,230.0,call,0.05,0.07,0.0,,,0.09746,0.02951,0.01164,0.0407,-0.0063,0.00479,spy_options_2016.parquet,2661286
SPY,2016-12-02,2016-12-02T16:00:00-05:00,219.7,2016-12-28,26.0,0.07123287671232877,230.0,put,11.59,11.85,0.0,,,0.14913,-0.88408,0.02129,0.11339,-0.06124,-0.15264,spy_options_2016.parquet,2661286
SPY,2016-12-02,2016-12-02T16:00:00-05:00,219.7,2016-12-28,26.0,0.07123287671232877,230.5,call,0.05,0.06,0.0,,,0.0981,0.02559,0.0101,0.03579,-0.00583,0.00416,spy_options_2016.parquet,2661287
SPY,2016-12-02,2016-12-02T16:00:00-05:00,219.7,2016-12-28,26.0,0.07123287671232877,230.5,put,12.09,12.32,0.0,,,0.15243,-0.88966,0.02016,0.10913,-0.06133,-0.15369,spy_options_2016.parquet,2661287
SPY,2016-12-02,2016-12-02T16:00:00-05:00,219.7,2016-12-28,26.0,0.07123287671232877,231.0,call,0.05,0.06,0.06,0,,0.101,0.02485,0.0096,0.03489,-0.00532,0.00416,spy_options_2016.parquet,2661288
SPY,2016-12-02,2016-12-02T16:00:00-05:00,219.7,2016-12-28,26.0,0.07123287671232877,231.0,put,12.57,12.81,0.0,,,0.15725,-0.89074,0.01935,0.10806,-0.06164,-0.15413,spy_options_2016.parquet,2661288
SPY,2016-12-02,2016-12-02T16:00:00-05:00,219.7,2016-12-28,26.0,0.07123287671232877,231.5,call,0.05,0.05,0.0,,,0.10099,0.02038,0.0082,0.02986,-0.00519,0.00372,spy_options_2016.parquet,2661289
SPY,2016-12-02,2016-12-02T16:00:00-05:00,219.7,2016-12-28,26.0,0.07123287671232877,231.5,put,13.06,13.33,0.0,,,0.16141,-0.89332,0.01849,0.10667,-0.06234,-0.15445,spy_options_2016.parquet,2661289
SPY,2016-12-02,2016-12-02T16:00:00-05:00,219.7,2016-12-28,26.0,0.07123287671232877,232.0,call,0.05,0.05,0.05,0,,0.10465,0.01987,0.00775,0.02931,-0.00489,0.00276,spy_options_2016.parquet,2661290
SPY,2016-12-02,2016-12-02T16:00:00-05:00,219.7,2016-12-28,26.0,0.07123287671232877,232.0,put,13.52,13.77,0.0,,,0.16074,-0.90353,0.01728,0.09922,-0.06014,-0.157,spy_options_2016.parquet,2661290
SPY,2016-12-02,2016-12-02T16:00:00-05:00,219.7,2016-12-28,26.0,0.07123287671232877,232.5,call,0.04,0.05,0.04,672,,0.1075,0.019,0.00726,0.02873,-0.00463,0.00306,spy_options_2016.parquet,2661291
SPY,2016-12-02,2016-12-02T16:00:00-05:00,219.7,2016-12-28,26.0,0.07123287671232877,232.5,put,14.04,14.3,0.0,,,0.16693,-0.90281,0.01665,0.09902,-0.06069,-0.15674,spy_options_2016.parquet,2661291
SPY,2016-12-02,2016-12-02T16:00:00-05:00,219.7,2016-12-28,26.0,0.07123287671232877,233.0,call,0.04,0.05,0.0,,,0.11064,0.01886,0.00697,0.02804,-0.00488,0.00313,spy_options_2016.parquet,2661292
SPY,2016-12-02,2016-12-02T16:00:00-05:00,219.7,2016-12-28,26.0,0.07123287671232877,233.0,put,14.52,14.75,0.0,,,0.16835,-0.9091,0.01576,0.09445,-0.06047,-0.15802,spy_options_2016.parquet,2661292
SPY,2016-12-02,2016-12-02T16:00:00-05:00,219.7,2016-12-28,26.0,0.07123287671232877,233.5,call,0.03,0.04,0.0,,,0.10977,0.01542,0.00584,0.02313,-0.00414,0.00222,spy_options_2016.parquet,2661293
SPY,2016-12-02,2016-12-02T16:00:00-05:00,219.7,2016-12-28,26.0,0.07123287671232877,233.5,put,14.98,15.27,0.0,,,0.17106,-0.91289,0.015,0.09176,-0.05938,-0.15953,spy_options_2016.parquet,2661293
SPY,2016-12-02,2016-12-02T16:00:00-05:00,219.7,2016-12-28,26.0,0.07123287671232877,234.0,call,0.03,0.04,0.0,,,0.11321,0.01478,0.00554,0.0223,-0.0039,0.00213,spy_options_2016.parquet,2661294
SPY,2016-12-02,2016-12-02T16:00:00-05:00,219.7,2016-12-28,26.0,0.07123287671232877,234.0,put,15.51,15.76,0.0,,,0.17657,-0.91233,0.01461,0.09153,-0.06062,-0.15994,spy_options_2016.parquet,2661294
SPY,2016-12-02,2016-12-02T16:00:00-05:00,219.7,2016-12-28,26.0,0.07123287671232877,234.5,call,0.03,0.04,0.0,,,0.11614,0.01429,0.00531,0.02187,-0.00406,0.00217,spy_options_2016.parquet,2661295
SPY,2016-12-02,2016-12-02T16:00:00-05:00,219.7,2016-12-28,26.0,0.07123287671232877,234.5,put,15.98,16.27,0.0,,,0.17887,-0.91553,0.01392,0.08881,-0.06031,-0.16074,spy_options_2016.parquet,2661295
SPY,2016-12-02,2016-12-02T16:00:00-05:00,219.7,2016-12-28,26.0,0.07123287671232877,235.0,call,0.03,0.04,0.0,,,0.11946,0.01394,0.00498,0.02198,-0.00445,0.00244,spy_options_2016.parquet,2661296
SPY,2016-12-02,2016-12-02T16:00:00-05:00,219.7,2016-12-28,26.0,0.07123287671232877,235.0,put,16.46,16.72,0.0,,,0.18021,-0.92074,0.01313,0.08483,-0.05932,-0.16219,spy_options_2016.parquet,2661296
SPY,2016-12-02,2016-12-02T16:00:00-05:00,219.7,2016-12-28,26.0,0.07123287671232877,235.5,call,0.03,0.04,0.0,,,0.12294,0.014,0.00488,0.02205,-0.00403,0.00239,spy_options_2016.parquet,2661297
SPY,2016-12-02,2016-12-02T16:00:00-05:00,219.7,2016-12-28,26.0,0.07123287671232877,235.5,put,16.95,17.26,0.0,,,0.1866,-0.91954,0.01286,0.08535,-0.05981,-0.16196,spy_options_2016.parquet,2661297
SPY,2016-12-02,2016-12-02T16:00:00-05:00,219.7,2016-12-28,26.0,0.07123287671232877,236.0,call,0.02,0.03,0.0,,,0.1195,0.01,0.00387,0.01638,-0.00312,0.00141,spy_options_2016.parquet,2661298
SPY,2016-12-02,2016-12-02T16:00:00-05:00,219.7,2016-12-28,26.0,0.07123287671232877,236.0,put,17.47,17.77,0.0,,,0.19122,-0.91995,0.01245,0.08536,-0.06143,-0.16199,spy_options_2016.parquet,2661298
SPY,2016-12-02,2016-12-02T16:00:00-05:00,219.7,2016-12-28,26.0,0.07123287671232877,236.5,call,0.01,0.03,0.0,,,0.1222,0.00978,0.00365,0.0164,-0.00361,0.00186,spy_options_2016.parquet,2661299
SPY,2016-12-02,2016-12-02T16:00:00-05:00,219.7,2016-12-28,26.0,0.07123287671232877,236.5,put,17.99,18.26,0.0,,,0.1971,-0.92042,0.01211,0.08516,-0.06149,-0.16238,spy_options_2016.parquet,2661299
SPY,2016-12-02,2016-12-02T16:00:00-05:00,219.7,2016-12-28,26.0,0.07123287671232877,237.0,call,0.02,0.03,0.0,,,0.12527,0.01015,0.00356,0.01635,-0.00332,0.0014,spy_options_2016.parquet,2661300
SPY,2016-12-02,2016-12-02T16:00:00-05:00,219.7,2016-12-28,26.0,0.07123287671232877,237.0,put,18.5,18.76,0.0,,,0.20059,-0.92172,0.01172,0.08433,-0.06207,-0.16367,spy_options_2016.parquet,2661300
SPY,2016-12-02,2016-12-02T16:00:00-05:00,219.7,2016-12-28,26.0,0.07123287671232877,237.5,call,0.02,0.03,0.0,,,0.12854,0.00953,0.00339,0.01575,-0.00303,0.00144,spy_options_2016.parquet,2661301
SPY,2016-12-02,2016-12-02T16:00:00-05:00,219.7,2016-12-28,26.0,0.07123287671232877,237.5,put,19.0,19.25,0.0,,,0.20458,-0.92274,0.01132,0.08237,-0.06172,-0.16429,spy_options_2016.parquet,2661301
SPY,2016-12-02,2016-12-02T16:00:00-05:00,219.7,2016-12-28,26.0,0.07123287671232877,238.0,call,0.02,0.02,0.0,,,0.13147,0.00997,0.00329,0.01591,-0.00318,0.00173,spy_options_2016.parquet,2661302
SPY,2016-12-02,2016-12-02T16:00:00-05:00,219.7,2016-12-28,26.0,0.07123287671232877,238.0,put,19.49,19.76,0.0,,,0.20767,-0.92395,0.011,0.08134,-0.06197,-0.16463,spy_options_2016.parquet,2661302
SPY,2016-12-02,2016-12-02T16:00:00-05:00,219.7,2016-12-28,26.0,0.07123287671232877,238.5,call,0.02,0.03,0.0,,,0.13456,0.00919,0.00312,0.01587,-0.00307,0.00187,spy_options_2016.parquet,2661303
SPY,2016-12-02,2016-12-02T16:00:00-05:00,219.7,2016-12-28,26.0,0.07123287671232877,238.5,put,19.98,20.25,0.0,,,0.21045,-0.92642,0.01059,0.07958,-0.06194,-0.16495,spy_options_2016.parquet,2661303
SPY,2016-12-02,2016-12-02T16:00:00-05:00,219.7,2016-12-28,26.0,0.07123287671232877,239.0,call,0.02,0.03,0.0,,,0.13734,0.00952,0.003,0.01546,-0.00284,0.0016,spy_options_2016.parquet,2661304
SPY,2016-12-02,2016-12-02T16:00:00-05:00,219.7,2016-12-28,26.0,0.07123287671232877,239.0,put,20.53,20.81,0.0,,,0.22154,-0.92092,0.01068,0.08497,-0.06528,-0.16444,spy_options_2016.parquet,2661304
SPY,2016-12-02,2016-12-02T16:00:00-05:00,219.7,2016-12-28,26.0,0.07123287671232877,239.5,call,0.01,0.03,0.0,,,0.13594,0.00794,0.00259,0.01291,-0.0029,0.00093,spy_options_2016.parquet,2661305
SPY,2016-12-02,2016-12-02T16:00:00-05:00,219.7,2016-12-28,26.0,0.07123287671232877,239.5,put,20.94,21.22,0.0,,,0.21523,-0.93161,0.00974,0.07515,-0.06122,-0.16702,spy_options_2016.parquet,2661305
SPY,2016-12-02,2016-12-02T16:00:00-05:00,219.7,2016-12-28,26.0,0.07123287671232877,240.0,call,0.01,0.03,0.0,,,0.13901,0.00795,0.00249,0.01239,-0.00264,0.00144,spy_options_2016.parquet,2661306
SPY,2016-12-02,2016-12-02T16:00:00-05:00,219.7,2016-12-28,26.0,0.07123287671232877,240.0,put,21.49,21.71,21.44,0,,0.2203,-0.93137,0.00961,0.075,-0.0613,-0.16737,spy_options_2016.parquet,2661306
SPY,2016-12-02,2016-12-02T16:00:00-05:00,219.7,2016-12-30,28.0,0.07671232876712329,150.0,call,69.47,69.74,0.0,,,,1.0,0.0,0.0,0.0,0.0,spy_options_2016.parquet,2661311
SPY,2016-12-02,2016-12-02T16:00:00-05:00,219.7,2016-12-30,28.0,0.07671232876712329,150.0,put,0.02,0.02,0.02,0,,0.46919,-0.0018,0.00016,0.00365,-0.0028,-0.00074,spy_options_2016.parquet,2661311
SPY,2016-12-02,2016-12-02T16:00:00-05:00,219.7,2016-12-30,28.0,0.07671232876712329,151.0,call,67.06,70.23,0.0,,,,1.0,0.0,0.0,0.0,0.0,spy_options_2016.parquet,2661312
SPY,2016-12-02,2016-12-02T16:00:00-05:00,219.7,2016-12-30,28.0,0.07671232876712329,151.0,put,0.01,0.02,0.0,,,0.4609,-0.00154,0.00021,0.00334,-0.00309,-0.00041,spy_options_2016.parquet,2661312
SPY,2016-12-02,2016-12-02T16:00:00-05:00,219.7,2016-12-30,28.0,0.07671232876712329,152.0,call,67.53,67.82,0.0,,,0.82808,0.92895,0.00068,0.06065,-0.00465,0.01296,spy_options_2016.parquet,2661313
SPY,2016-12-02,2016-12-02T16:00:00-05:00,219.7,2016-12-30,28.0,0.07671232876712329,152.0,put,0.02,0.03,0.0,,,0.45331,-0.0015,0.00017,0.0039,-0.00281,0.0,spy_options_2016.parquet,2661313
SPY,2016-12-02,2016-12-02T16:00:00-05:00,219.7,2016-12-30,28.0,0.07671232876712329,153.0,call,66.47,66.74,0.0,,,,1.0,0.0,0.0,0.0,0.0,spy_options_2016.parquet,2661314
SPY,2016-12-02,2016-12-02T16:00:00-05:00,219.7,2016-12-30,28.0,0.07671232876712329,153.0,put,0.01,0.02,0.02,5,,0.44618,-0.00211,0.00024,0.00384,-0.00235,-0.00076,spy_options_2016.parquet,2661314
SPY,2016-12-02,2016-12-02T16:00:00-05:00,219.7,2016-12-30,28.0,0.07671232876712329,154.0,call,65.44,65.73,0.0,,,,1.0,0.0,0.0,0.0,0.0,spy_options_2016.parquet,2661315
SPY,2016-12-02,2016-12-02T16:00:00-05:00,219.7,2016-12-30,28.0,0.07671232876712329,154.0,put,0.03,0.03,0.0,,,0.46069,-0.0026,0.00028,0.00536,-0.00401,-0.00074,spy_options_2016.parquet,2661315
SPY,2016-12-02,2016-12-02T16:00:00-05:00,219.7,2016-12-30,28.0,0.07671232876712329,155.0,call,64.56,64.85,0.0,,,0.78234,0.93127,0.00086,0.06035,-0.02996,0.01366,spy_options_2016.parquet,2661316
SPY,2016-12-02,2016-12-02T16:00:00-05:00,219.7,2016-12-30,28.0,0.07671232876712329,155.0,put,0.02,0.02,0.0,,,0.45292,-0.0032,0.00033,0.00505,-0.00393,-0.00049,spy_options_2016.parquet,2661316
SPY,2016-12-02,2016-12-02T16:00:00-05:00,219.7,2016-12-30,28.0,0.07671232876712329,156.0,call,63.56,63.83,0.0,,,0.76605,0.93242,0.00081,0.05938,-0.02551,0.01322,spy_options_2016.parquet,2661317
SPY,2016-12-02,2016-12-02T16:00:00-05:00,219.7,2016-12-30,28.0,0.07671232876712329,156.0,put,0.01,0.04,0.0,,,0.44498,-0.00289,0.00028,0.00528,-0.00379,-0.00053,spy_options_2016.parquet,2661317
SPY,2016-12-02,2016-12-02T16:00:00-05:00,219.7,2016-12-30,28.0,0.07671232876712329,157.0,call,62.53,62.82,0.0,,,0.74662,0.93398,0.00089,0.05884,-0.01031,0.01276,spy_options_2016.parquet,2661318
SPY,2016-12-02,2016-12-02T16:00:00-05:00,219.7,2016-12-30,28.0,0.07671232876712329,157.0,put,0.01,0.02,0.0,,,0.43812,-0.00249,0.00037,0.00592,-0.00419,-0.00056,spy_options_2016.parquet,2661318
SPY,2016-12-02,2016-12-02T16:00:00-05:00,219.7,2016-12-30,28.0,0.07671232876712329,158.0,call,61.54,61.82,0.0,,,0.73098,0.93444,0.00089,0.05826,-0.00976,0.01364,spy_options_2016.parquet,2661319
SPY,2016-12-02,2016-12-02T16:00:00-05:00,219.7,2016-12-30,28.0,0.07671232876712329,158.0,put,0.02,0.03,0.0,,,0.42991,-0.00269,0.00032,0.00599,-0.00454,-0.00091,spy_options_2016.parquet,2661319
SPY,2016-12-02,2016-12-02T16:00:00-05:00,219.7,2016-12-30,28.0,0.07671232876712329,159.0,call,60.56,60.84,0.0,,,0.718,0.93587,0.00099,0.05835,-0.02461,0.01433,spy_options_2016.parquet,2661320
SPY,2016-12-02,2016-12-02T16:00:00-05:00,219.7,2016-12-30,28.0,0.07671232876712329,159.0,put,0.02,0.03,0.0,,,0.42243,-0.0034,0.0004,0.00615,-0.00429,-0.00066,spy_options_2016.parquet,2661320
SPY,2016-12-02,2016-12-02T16:00:00-05:00,219.7,2016-12-30,28.0,0.07671232876712329,160.0,call,59.48,59.75,0.0,,,,1.0,0.0,0.0,0.0,0.0,spy_options_2016.parquet,2661321
SPY,2016-12-02,2016-12-02T16:00:00-05:00,219.7,2016-12-30,28.0,0.07671232876712329,160.0,put,0.02,0.03,0.03,0,,0.41472,-0.00326,0.00039,0.0056,-0.00386,-0.00066,spy_options_2016.parquet,2661321
SPY,2016-12-02,2016-12-02T16:00:00-05:00,219.7,2016-12-30,28.0,0.07671232876712329,161.0,call,58.49,58.75,0.0,,,,1.0,0.0,0.0,0.0,0.0,spy_options_2016.parquet,2661322
SPY,2016-12-02,2016-12-02T16:00:00-05:00,219.7,2016-12-30,28.0,0.07671232876712329,161.0,put,0.02,0.03,0.0,,,0.40664,-0.0036,0.00036,0.00644,-0.00374,-0.00095,spy_options_2016.parquet,2661322
SPY,2016-12-02,2016-12-02T16:00:00-05:00,219.7,2016-12-30,28.0,0.07671232876712329,162.0,call,56.06,59.24,0.0,,,,1.0,0.0,0.0,0.0,0.0,spy_options_2016.parquet,2661323
SPY,2016-12-02,2016-12-02T16:00:00-05:00,219.7,2016-12-30,28.0,0.07671232876712329,162.0,put,0.03,0.03,0.03,122,,0.39968,-0.0037,0.00044,0.00625,-0.00358,-8e-05,spy_options_2016.parquet,2661323
SPY,2016-12-02,2016-12-02T16:00:00-05:00,219.7,2016-12-30,28.0,0.07671232876712329,163.0,call,56.53,56.83,0.0,,,0.65512,0.94017,0.00108,0.05516,-0.00976,0.01319,spy_options_2016.parquet,2661324
SPY,2016-12-02,2016-12-02T16:00:00-05:00,219.7,2016-12-30,28.0,0.07671232876712329,163.0,put,0.04,0.04,0.03,200,,0.4064,-0.00426,0.00052,0.00752,-0.00582,-0.00078,spy_options_2016.parquet,2661324
SPY,2016-12-02,2016-12-02T16:00:00-05:00,219.7,2016-12-30,28.0,0.07671232876712329,164.0,call,55.48,55.76,0.0,,,,1.0,0.0,0.0,0.0,0.0,spy_options_2016.parquet,2661325
SPY,2016-12-02,2016-12-02T16:00:00-05:00,219.7,2016-12-30,28.0,0.07671232876712329,164.0,put,0.03,0.04,0.03,200,,0.39917,-0.00491,0.00047,0.00809,-0.00494,-0.00097,spy_options_2016.parquet,2661325
SPY,2016-12-02,2016-12-02T16:00:00-05:00,219.7,2016-12-30,28.0,0.07671232876712329,165.0,call,54.48,54.75,0.0,,,,1.0,0.0,0.0,0.0,0.0,spy_options_2016.parquet,2661326
SPY,2016-12-02,2016-12-02T16:00:00-05:00,219.7,2016-12-30,28.0,0.07671232876712329,165.0,put,0.03,0.03,0.0,,,0.39169,-0.00464,0.00054,0.00863,-0.00527,-0.00123,spy_options_2016.parquet,2661326
SPY,2016-12-02,2016-12-02T16:00:00-05:00,219.7,2016-12-30,28.0,0.07671232876712329,166.0,call,53.45,53.74,0.0,,,,1.0,0.0,0.0,0.0,0.0,spy_options_2016.parquet,2661327
SPY,2016-12-02,2016-12-02T16:00:00-05:00,219.7,2016-12-30,28.0,0.07671232876712329,166.0,put,0.03,0.05,0.04,0,,0.38354,-0.0048,0.00059,0.00835,-0.00579,-0.00092,spy_options_2016.parquet,2661327
SPY,2016-12-02,2016-12-02T16:00:00-05:00,219.7,2016-12-30,28.0,0.07671232876712329,167.0,call,51.07,54.23,0.0,,,,1.0,0.0,0.0,0.0,0.0,spy_options_2016.parquet,2661328
SPY,2016-12-02,2016-12-02T16:00:00-05:00,219.7,2016-12-30,28.0,0.07671232876712329,167.0,put,0.03,0.03,0.03,0,,0.37624,-0.00451,0.00062,0.00894,-0.00582,-0.00125,spy_options_2016.parquet,2661328
SPY,2016-12-02,2016-12-02T16:00:00-05:00,219.7,2016-12-30,28.0,0.07671232876712329,168.0,call,51.48,51.78,0.0,,,,1.0,0.0,0.0,0.0,0.0,spy_options_2016.parquet,2661329
SPY,2016-12-02,2016-12-02T16:00:00-05:00,219.7,2016-12-30,28.0,0.07671232876712329,168.0,put,0.03,0.04,0.0,,,0.36867,-0.00425,0.00058,0.00839,-0.00537,-0.001,spy_options_2016.parquet,2661329
SPY,2016-12-02,2016-12-02T16:00:00-05:00,219.7,2016-12-30,28.0,0.07671232876712329,169.0,call,50.48,50.75,0.0,,,,1.0,0.0,0.0,0.0,0.0,spy_options_2016.parquet,2661330
SPY,2016-12-02,2016-12-02T16:00:00-05:00,219.7,2016-12-30,28.0,0.07671232876712329,169.0,put,0.03,0.04,0.04,196,,0.36114,-0.00479,0.00058,0.00902,-0.00575,-0.00122,spy_options_2016.parquet,2661330
SPY,2016-12-02,2016-12-02T16:00:00-05:00,219.7,2016-12-30,28.0,0.07671232876712329,170.0,call,49.56,49.83,49.42,0,,0.55979,0.94697,0.0016,0.05172,-0.02466,0.01472,spy_options_2016.parquet,2661331
SPY,2016-12-02,2016-12-02T16:00:00-05:00,219.7,2016-12-30,28.0,0.07671232876712329,170.0,put,0.03,0.04,0.05,0,,0.36422,-0.00632,0.00076,0.0108,-0.00631,-0.00102,spy_options_2016.parquet,2661331
SPY,2016-12-02,2016-12-02T16:00:00-05:00,219.7,2016-12-30,28.0,0.07671232876712329,171.0,call,48.45,48.73,0.0,,,,1.0,0.0,0.0,0.0,0.0,spy_options_2016.parquet,2661332
SPY,2016-12-02,2016-12-02T16:00:00-05:00,219.7,2016-12-30,28.0,0.07671232876712329,171.0,put,0.04,0.05,0.0,,,0.35655,-0.00599,0.00081,0.01115,-0.00647,-0.00156,spy_options_2016.parquet,2661332
SPY,2016-12-02,2016-12-02T16:00:00-05:00,219.7,2016-12-30,28.0,0.07671232876712329,172.0,call,47.44,47.74,0.0,,,,1.0,0.0,0.0,0.0,0.0,spy_options_2016.parquet,2661333
SPY,2016-12-02,2016-12-02T16:00:00-05:00,219.7,2016-12-30,28.0,0.07671232876712329,172.0,put,0.04,0.04,0.0,,,0.34869,-0.00656,0.0008,0.01112,-0.00606,-0.0016,spy_options_2016.parquet,2661333
SPY,2016-12-02,2016-12-02T16:00:00-05:00,219.7,2016-12-30,28.0,0.07671232876712329,173.0,call,46.48,46.76,0.0,,,,1.0,0.0,0.0,0.0,0.0,spy_options_2016.parquet,2661334
SPY,2016-12-02,2016-12-02T16:00:00-05:00,219.7,2016-12-30,28.0,0.07671232876712329,173.0,put,0.04,0.04,0.05,0,,0.34129,-0.00659,0.00087,0.01165,-0.00647,-0.0014,spy_options_2016.parquet,2661334
SPY,2016-12-02,2016-12-02T16:00:00-05:00,219.7,2016-12-30,28.0,0.07671232876712329,174.0,call,45.54,45.81,0.0,,,0.50402,0.95202,0.00189,0.04753,-0.00986,0.01395,spy_options_2016.parquet,2661335
SPY,2016-12-02,2016-12-02T16:00:00-05:00,219.7,2016-12-30,28.0,0.07671232876712329,174.0,put,0.04,0.05,0.05,80,,0.33385,-0.00668,0.00088,0.01135,-0.00678,-0.00095,spy_options_2016.parquet,2661335
SPY,2016-12-02,2016-12-02T16:00:00-05:00,219.7,2016-12-30,28.0,0.07671232876712329,175.0,call,44.5,44.75,0.0,,,,1.0,0.0,0.0,0.0,0.0,spy_options_2016.parquet,2661336
SPY,2016-12-02,2016-12-02T16:00:00-05:00,219.7,2016-12-30,28.0,0.07671232876712329,175.0,put,0.04,0.06,0.05,578,,0.33444,-0.00745,0.00108,0.01322,-0.00715,-0.0012,spy_options_2016.parquet,2661336
SPY,2016-12-02,2016-12-02T16:00:00-05:00,219.7,2016-12-30,28.0,0.07671232876712329,176.0,call,43.46,43.74,0.0,,,,1.0,0.0,0.0,0.0,0.0,spy_options_2016.parquet,2661337
SPY,2016-12-02,2016-12-02T16:00:00-05:00,219.7,2016-12-30,28.0,0.07671232876712329,176.0,put,0.05,0.06,0.05,196,,0.32696,-0.00817,0.0011,0.01315,-0.00728,-0.00191,spy_options_2016.parquet,2661337
SPY,2016-12-02,2016-12-02T16:00:00-05:00,219.7,2016-12-30,28.0,0.07671232876712329,177.0,call,42.46,42.74,0.0,,,,1.0,0.0,0.0,0.0,0.0,spy_options_2016.parquet,2661338
SPY,2016-12-02,2016-12-02T16:00:00-05:00,219.7,2016-12-30,28.0,0.07671232876712329,177.0,put,0.04,0.05,0.0,,,0.31907,-0.00796,0.00115,0.01413,-0.008,-0.00187,spy_options_2016.parquet,2661338
SPY,2016-12-02,2016-12-02T16:00:00-05:00,219.7,2016-12-30,28.0,0.07671232876712329,178.0,call,41.55,41.85,0.0,,,0.45763,0.95558,0.00249,0.0452,-0.0254,0.01594,spy_options_2016.parquet,2661339
SPY,2016-12-02,2016-12-02T16:00:00-05:00,219.7,2016-12-30,28.0,0.07671232876712329,178.0,put,0.06,0.06,0.0,,,0.31812,-0.00994,0.00127,0.0156,-0.00908,-0.00123,spy_options_2016.parquet,2661339
SPY,2016-12-02,2016-12-02T16:00:00-05:00,219.7,2016-12-30,28.0,0.07671232876712329,179.0,call,40.56,40.8,0.0,,,0.44181,0.95756,0.00251,0.04276,-0.00998,0.01418,spy_options_2016.parquet,2661340
SPY,2016-12-02,2016-12-02T16:00:00-05:00,219.7,2016-12-30,28.0,0.07671232876712329,179.0,put,0.06,0.07,0.0,,,0.31071,-0.0101,0.00138,0.01575,-0.00832,-0.00209,spy_options_2016.parquet,2661340
SPY,2016-12-02,2016-12-02T16:00:00-05:00,219.7,2016-12-30,28.0,0.07671232876712329,180.0,call,39.57,39.83,0.0,,,0.43452,0.95712,0.00282,0.04397,-0.027,0.01706,spy_options_2016.parquet,2661341
SPY,2016-12-02,2016-12-02T16:00:00-05:00,219.7,2016-12-30,28.0,0.07671232876712329,180.0,put,0.06,0.08,0.07,10,,0.30328,-0.00956,0.00145,0.01608,-0.00897,-0.00202,spy_options_2016.parquet,2661341
SPY,2016-12-02,2016-12-02T16:00:00-05:00,219.7,2016-12-30,28.0,0.07671232876712329,181.0,call,38.48,38.75,0.0,,,,1.0,0.0,0.0,0.0,0.0,spy_options_2016.parquet,2661342
SPY,2016-12-02,2016-12-02T16:00:00-05:00,219.7,2016-12-30,28.0,0.07671232876712329,181.0,put,0.07,0.07,0.07,1,,0.30094,-0.01094,0.00163,0.01867,-0.0092,-0.00175,spy_options_2016.parquet,2661342
SPY,2016-12-02,2016-12-02T16:00:00-05:00,219.7,2016-12-30,28.0,0.07671232876712329,182.0,call,37.51,37.78,0.0,,,,1.0,0.0,0.0,0.0,0.0,spy_options_2016.parquet,2661343
SPY,2016-12-02,2016-12-02T16:00:00-05:00,219.7,2016-12-30,28.0,0.07671232876712329,182.0,put,0.07,0.09,0.0,,,0.29334,-0.0118,0.00168,0.01838,-0.00913,-0.00163,spy_options_2016.parquet,2661343
SPY,2016-12-02,2016-12-02T16:00:00-05:00,219.7,2016-12-30,28.0,0.07671232876712329,183.0,call,36.47,36.75,0.0,,,,1.0,0.0,0.0,0.0,0.0,spy_options_2016.parquet,2661344
SPY,2016-12-02,2016-12-02T16:00:00-05:00,219.7,2016-12-30,28.0,0.07671232876712329,183.0,put,0.09,0.09,0.06,11,,0.29026,-0.01361,0.00185,0.02079,-0.01046,-0.00264,spy_options_2016.parquet,2661344
SPY,2016-12-02,2016-12-02T16:00:00-05:00,219.7,2016-12-30,28.0,0.07671232876712329,184.0,call,35.56,35.84,0.0,,,0.38756,0.96145,0.00366,0.04045,-0.02095,0.01802,spy_options_2016.parquet,2661345
SPY,2016-12-02,2016-12-02T16:00:00-05:00,219.7,2016-12-30,28.0,0.07671232876712329,184.0,put,0.08,0.1,0.0,,,0.28289,-0.01334,0.00194,0.02096,-0.01053,-0.0022,spy_options_2016.parquet,2661345
SPY,2016-12-02,2016-12-02T16:00:00-05:00,219.7,2016-12-30,28.0,0.07671232876712329,185.0,call,34.48,34.75,34.42,0,,,1.0,0.0,0.0,0.0,0.0,spy_options_2016.parquet,2661346
SPY,2016-12-02,2016-12-02T16:00:00-05:00,219.7,2016-12-30,28.0,0.07671232876712329,185.0,put,0.1,0.1,0.1,0,,0.279,-0.0149,0.00223,0.0238,-0.01103,-0.00285,spy_options_2016.parquet,2661346
SPY,2016-12-02,2016-12-02T16:00:00-05:00,219.7,2016-12-30,28.0,0.07671232876712329,186.0,call,33.55,33.82,0.0,,,0.3625,0.96544,0.00398,0.03745,-0.01755,0.01579,spy_options_2016.parquet,2661347
SPY,2016-12-02,2016-12-02T16:00:00-05:00,219.7,2016-12-30,28.0,0.07671232876712329,186.0,put,0.09,0.1,0.1,20,,0.27194,-0.015,0.00235,0.02439,-0.01166,-0.00253,spy_options_2016.parquet,2661347
SPY,2016-12-02,2016-12-02T16:00:00-05:00,219.7,2016-12-30,28.0,0.07671232876712329,187.0,call,32.57,32.83,0.0,,,0.35509,0.96392,0.00444,0.03907,-0.01816,0.01981,spy_options_2016.parquet,2661348
SPY,2016-12-02,2016-12-02T16:00:00-05:00,219.7,2016-12-30,28.0,0.07671232876712329,187.0,put,0.1,0.11,0.1,74,,0.26803,-0.01714,0.00257,0.02581,-0.01272,-0.00337,spy_options_2016.parquet,2661348
SPY,2016-12-02,2016-12-02T16:00:00-05:00,219.7,2016-12-30,28.0,0.07671232876712329,188.0,call,31.54,31.77,0.0,,,,1.0,0.0,0.0,0.0,0.0,spy_options_2016.parquet,2661349
SPY,2016-12-02,2016-12-02T16:00:00-05:00,219.7,2016-12-30,28.0,0.07671232876712329,188.0,put,0.1,0.11,0.1,102,,0.25982,-0.0179,0.00268,0.02716,-0.0127,-0.00358,spy_options_2016.parquet,2661349
SPY,2016-12-02,2016-12-02T16:00:00-05:00,219.7,2016-12-30,28.0,0.07671232876712329,189.0,call,30.52,30.75,0.0,,,,1.0,0.0,0.0,0.0,0.0,spy_options_2016.parquet,2661350
SPY,2016-12-02,2016-12-02T16:00:00-05:00,219.7,2016-12-30,28.0,0.07671232876712329,189.0,put,0.11,0.12,0.13,0,,0.25549,-0.01944,0.00293,0.02882,-0.01313,-0.00375,spy_options_2016.parquet,2661350
SPY,2016-12-02,2016-12-02T16:00:00-05:00,219.7,2016-12-30,28.0,0.07671232876712329,190.0,call,29.53,29.75,29.8,3,,,1.0,0.0,0.0,0.0,0.0,spy_options_2016.parquet,2661351
SPY,2016-12-02,2016-12-02T16:00:00-05:00,219.7,2016-12-30,28.0,0.07671232876712329,190.0,put,0.12,0.14,0.12,84,,0.25044,-0.02135,0.00323,0.03197,-0.01383,-0.00341,spy_options_2016.parquet,2661351
SPY,2016-12-02,2016-12-02T16:00:00-05:00,219.7,2016-12-30,28.0,0.07671232876712329,191.0,call,28.52,28.76,0.0,,,,1.0,0.0,0.0,0.0,0.0,spy_options_2016.parquet,2661352
SPY,2016-12-02,2016-12-02T16:00:00-05:00,219.7,2016-12-30,28.0,0.07671232876712329,191.0,put,0.13,0.14,0.13,55,,0.24564,-0.02284,0.00356,0.03376,-0.01468,-0.00406,spy_options_2016.parquet,2661352
SPY,2016-12-02,2016-12-02T16:00:00-05:00,219.7,2016-12-30,28.0,0.07671232876712329,192.0,call,27.53,27.79,0.0,,,,1.0,0.0,0.0,0.0,0.0,spy_options_2016.parquet,2661353
SPY,2016-12-02,2016-12-02T16:00:00-05:00,219.7,2016-12-30,28.0,0.07671232876712329,192.0,put,0.13,0.15,0.14,23,,0.24077,-0.0247,0.00399,0.03637,-0.01543,-0.00486,spy_options_2016.parquet,2661353
SPY,2016-12-02,2016-12-02T16:00:00-05:00,219.7,2016-12-30,28.0,0.07671232876712329,193.0,call,26.65,26.84,0.0,,,0.3014,0.96224,0.00706,0.04397,-0.01602,0.0292,spy_options_2016.parquet,2661354
SPY,2016-12-02,2016-12-02T16:00:00-05:00,219.7,2016-12-30,28.0,0.07671232876712329,193.0,put,0.15,0.16,0.18,0,,0.23512,-0.02748,0.00432,0.03852,-0.01666,-0.00486,spy_options_2016.parquet,2661354
SPY,2016-12-02,2016-12-02T16:00:00-05:00,219.7,2016-12-30,28.0,0.07671232876712329,194.0,call,25.53,25.77,0.0,,,,1.0,0.0,0.0,0.0,0.0,spy_options_2016.parquet,2661355
SPY,2016-12-02,2016-12-02T16:00:00-05:00,219.7,2016-12-30,28.0,0.07671232876712329,194.0,put,0.17,0.18,0.17,42,,0.23212,-0.03096,0.00485,0.04289,-0.01807,-0.00582,spy_options_2016.parquet,2661355
SPY,2016-12-02,2016-12-02T16:00:00-05:00,219.7,2016-12-30,28.0,0.07671232876712329,195.0,call,24.6,24.83,24.42,0,,0.27528,0.96777,0.00803,0.03717,-0.01218,0.02573,spy_options_2016.parquet,2661356
SPY,2016-12-02,2016-12-02T16:00:00-05:00,219.7,2016-12-30,28.0,0.07671232876712329,195.0,put,0.18,0.2,0.18,23,,0.22521,-0.03339,0.00525,0.0455,-0.01884,-0.00565,spy_options_2016.parquet,2661356
SPY,2016-12-02,2016-12-02T16:00:00-05:00,219.7,2016-12-30,28.0,0.07671232876712329,196.0,call,23.56,23.79,0.0,,,0.25393,0.98104,0.00833,0.02251,-0.00609,0.0129,spy_options_2016.parquet,2661357
SPY,2016-12-02,2016-12-02T16:00:00-05:00,219.7,2016-12-30,28.0,0.07671232876712329,196.0,put,0.2,0.21,0.19,0,,0.22125,-0.03638,0.00587,0.05005,-0.01937,-0.00627,spy_options_2016.parquet,2661357
SPY,2016-12-02,2016-12-02T16:00:00-05:00,219.7,2016-12-30,28.0,0.07671232876712329,196.5,call,23.07,23.35,0.0,,,0.2579,0.97098,0.00902,0.03458,-0.00917,0.02368,spy_options_2016.parquet,2661358
SPY,2016-12-02,2016-12-02T16:00:00-05:00,219.7,2016-12-30,28.0,0.07671232876712329,196.5,put,0.21,0.22,0.18,,,0.21926,-0.03807,0.00621,0.05201,-0.02038,-0.00651,spy_options_2016.parquet,2661358
SPY,2016-12-02,2016-12-02T16:00:00-05:00,219.7,2016-12-30,28.0,0.07671232876712329,197.0,call,22.64,22.83,22.35,0,,0.26201,0.96131,0.00974,0.04592,-0.01275,0.0338,spy_options_2016.parquet,2661359
SPY,2016-12-02,2016-12-02T16:00:00-05:00,219.7,2016-12-30,28.0,0.07671232876712329,197.0,put,0.23,0.23,0.27,0,,0.21683,-0.04025,0.00646,0.05409,-0.02138,-0.00687,spy_options_2016.parquet,2661359
SPY,2016-12-02,2016-12-02T16:00:00-05:00,219.7,2016-12-30,28.0,0.07671232876712329,197.5,call,22.06,22.29,0.0,,,0.24015,0.98177,0.00945,0.02166,-0.00556,0.01422,spy_options_2016.parquet,2661360
SPY,2016-12-02,2016-12-02T16:00:00-05:00,219.7,2016-12-30,28.0,0.07671232876712329,197.5,put,0.23,0.24,0.24,3,,0.21416,-0.04286,0.0068,0.05637,-0.02172,-0.00751,spy_options_2016.parquet,2661360
SPY,2016-12-02,2016-12-02T16:00:00-05:00,219.7,2016-12-30,28.0,0.07671232876712329,198.0,call,21.61,21.78,21.59,0,,0.24108,0.97529,0.01021,0.02985,-0.00733,0.02174,spy_options_2016.parquet,2661361
SPY,2016-12-02,2016-12-02T16:00:00-05:00,219.7,2016-12-30,28.0,0.07671232876712329,198.0,put,0.25,0.25,0.23,1,,0.21125,-0.0449,0.00722,0.05785,-0.02199,-0.00829,spy_options_2016.parquet,2661361
SPY,2016-12-02,2016-12-02T16:00:00-05:00,219.7,2016-12-30,28.0,0.07671232876712329,198.5,call,21.07,21.33,0.0,,,0.23811,0.97353,0.01061,0.03265,-0.00796,0.02344,spy_options_2016.parquet,2661362
SPY,2016-12-02,2016-12-02T16:00:00-05:00,219.7,2016-12-30,28.0,0.07671232876712329,198.5,put,0.26,0.27,0.0,,,0.21028,-0.04762,0.00761,0.06207,-0.02384,-0.00887,spy_options_2016.parquet,2661362
SPY,2016-12-02,2016-12-02T16:00:00-05:00,219.7,2016-12-30,28.0,0.07671232876712329,199.0,call,20.6,20.78,20.64,0,,0.23203,0.97549,0.01108,0.03012,-0.00743,0.0219,spy_options_2016.parquet,2661363
SPY,2016-12-02,2016-12-02T16:00:00-05:00,219.7,2016-12-30,28.0,0.07671232876712329,199.0,put,0.27,0.28,0.31,0,,0.20802,-0.05008,0.00798,0.06378,-0.02457,-0.00904,spy_options_2016.parquet,2661363
SPY,2016-12-02,2016-12-02T16:00:00-05:00,219.7,2016-12-30,28.0,0.07671232876712329,199.5,call,20.09,20.32,0.0,,,0.22666,0.97504,0.01163,0.03037,-0.00679,0.02275,spy_options_2016.parquet,2661364
SPY,2016-12-02,2016-12-02T16:00:00-05:00,219.7,2016-12-30,28.0,0.07671232876712329,199.5,put,0.28,0.29,0.28,93,,0.20472,-0.05175,0.00838,0.06591,-0.02443,-0.00888,spy_options_2016.parquet,2661364
SPY,2016-12-02,2016-12-02T16:00:00-05:00,219.7,2016-12-30,28.0,0.07671232876712329,200.0,call,19.62,19.79,19.62,67,,0.22599,0.97088,0.0123,0.03627,-0.00837,0.02726,spy_options_2016.parquet,2661365
SPY,2016-12-02,2016-12-02T16:00:00-05:00,219.7,2016-12-30,28.0,0.07671232876712329,200.0,put,0.3,0.3,0.3,711,,0.20294,-0.05613,0.00893,0.06919,-0.02553,-0.00981,spy_options_2016.parquet,2661365
SPY,2016-12-02,2016-12-02T16:00:00-05:00,219.7,2016-12-30,28.0,0.07671232876712329,201.0,call,18.66,18.82,18.7,0,,0.22444,0.95767,0.01369,0.05059,-0.01191,0.037,spy_options_2016.parquet,2661366
SPY,2016-12-02,2016-12-02T16:00:00-05:00,219.7,2016-12-30,28.0,0.07671232876712329,201.0,put,0.33,0.34,0.33,107,,0.19881,-0.0617,0.00994,0.07494,-0.02722,-0.01072,spy_options_2016.parquet,2661366
SPY,2016-12-02,2016-12-02T16:00:00-05:00,219.7,2016-12-30,28.0,0.07671232876712329,202.0,call,17.64,17.82,17.53,0,,0.21285,0.95933,0.01502,0.04828,-0.00995,0.03575,spy_options_2016.parquet,2661367
SPY,2016-12-02,2016-12-02T16:00:00-05:00,219.7,2016-12-30,28.0,0.07671232876712329,202.0,put,0.36,0.37,0.37,302,,0.19317,-0.06785,0.01102,0.08143,-0.02861,-0.01241,spy_options_2016.parquet,2661367
SPY,2016-12-02,2016-12-02T16:00:00-05:00,219.7,2016-12-30,28.0,0.07671232876712329,202.5,call,17.13,17.36,0.0,,,0.21133,0.95425,0.01577,0.05411,-0.01114,0.03975,spy_options_2016.parquet,2661368
SPY,2016-12-02,2016-12-02T16:00:00-05:00,219.7,2016-12-30,28.0,0.07671232876712329,202.5,put,0.39,0.4,0.37,33,,0.19186,-0.07271,0.01169,0.08539,-0.03051,-0.01323,spy_options_2016.parquet,2661368
SPY,2016-12-02,2016-12-02T16:00:00-05:00,219.7,2016-12-30,28.0,0.07671232876712329,203.0,call,16.65,16.84,16.7,0,,0.20689,0.95321,0.01651,0.05555,-0.01136,0.04063,spy_options_2016.parquet,2661369
SPY,2016-12-02,2016-12-02T16:00:00-05:00,219.7,2016-12-30,28.0,0.07671232876712329,203.0,put,0.41,0.41,0.41,103,,0.18842,-0.07566,0.01222,0.08798,-0.03079,-0.01367,spy_options_2016.parquet,2661369
SPY,2016-12-02,2016-12-02T16:00:00-05:00,219.7,2016-12-30,28.0,0.07671232876712329,204.0,call,15.69,15.88,0.0,,,0.20407,0.93776,0.01817,0.06949,-0.01424,0.04888,spy_options_2016.parquet,2661370
SPY,2016-12-02,2016-12-02T16:00:00-05:00,219.7,2016-12-30,28.0,0.07671232876712329,204.0,put,0.45,0.48,0.45,275,,0.18478,-0.08524,0.01367,0.09716,-0.03302,-0.01501,spy_options_2016.parquet,2661370
SPY,2016-12-02,2016-12-02T16:00:00-05:00,219.7,2016-12-30,28.0,0.07671232876712329,205.0,call,14.72,14.89,14.87,11,,0.19671,0.93079,0.02002,0.07589,-0.01574,0.05171,spy_options_2016.parquet,2661371
SPY,2016-12-02,2016-12-02T16:00:00-05:00,219.7,2016-12-30,28.0,0.07671232876712329,205.0,put,0.5,0.51,0.51,,,0.17949,-0.09454,0.01522,0.10446,-0.03519,-0.01705,spy_options_2016.parquet,2661371
SPY,2016-12-02,2016-12-02T16:00:00-05:00,219.7,2016-12-30,28.0,0.07671232876712329,206.0,call,13.75,13.9,13.9,7,,0.18927,0.92277,0.02205,0.08333,-0.01598,0.05475,spy_options_2016.parquet,2661372
SPY,2016-12-02,2016-12-02T16:00:00-05:00,219.7,2016-12-30,28.0,0.07671232876712329,206.0,put,0.57,0.58,0.57,144,,0.17595,-0.10744,0.017,0.11419,-0.03808,-0.0189,spy_options_2016.parquet,2661372
SPY,2016-12-02,2016-12-02T16:00:00-05:00,219.7,2016-12-30,28.0,0.07671232876712329,207.0,call,12.84,13.02,12.79,0,,0.18986,0.8957,0.02383,0.10554,-0.0219,0.06451,spy_options_2016.parquet,2661373
SPY,2016-12-02,2016-12-02T16:00:00-05:00,219.7,2016-12-30,28.0,0.07671232876712329,207.0,put,0.63,0.65,0.63,90,,0.17039,-0.12029,0.01898,0.12354,-0.04039,-0.02198,spy_options_2016.parquet,2661373
SPY,2016-12-02,2016-12-02T16:00:00-05:00,219.7,2016-12-30,28.0,0.07671232876712329,207.5,call,12.29,12.52,0.0,,,0.18228,0.89845,0.02521,0.10384,-0.02054,0.06335,spy_options_2016.parquet,2661374
SPY,2016-12-02,2016-12-02T16:00:00-05:00,219.7,2016-12-30,28.0,0.07671232876712329,207.5,put,0.66,0.69,0.72,0,,0.16825,-0.12806,0.02005,0.12905,-0.04145,-0.02327,spy_options_2016.parquet,2661374
SPY,2016-12-02,2016-12-02T16:00:00-05:00,219.7,2016-12-30,28.0,0.07671232876712329,208.0,call,11.85,11.99,11.98,1,,0.17869,0.89199,0.02643,0.10841,-0.02087,0.06426,spy_options_2016.parquet,2661375
SPY,2016-12-02,2016-12-02T16:00:00-05:00,219.7,2016-12-30,28.0,0.07671232876712329,208.0,put,0.71,0.73,0.71,993,,0.16594,-0.13593,0.02116,0.13442,-0.04296,-0.02409,spy_options_2016.parquet,2661375
SPY,2016-12-02,2016-12-02T16:00:00-05:00,219.7,2016-12-30,28.0,0.07671232876712329,209.0,call,10.95,11.06,10.96,5,,0.17499,0.86977,0.02872,0.12417,-0.02378,0.06976,spy_options_2016.parquet,2661376
SPY,2016-12-02,2016-12-02T16:00:00-05:00,219.7,2016-12-30,28.0,0.07671232876712329,209.0,put,0.8,0.82,0.82,,,0.16149,-0.1529,0.02353,0.14599,-0.04521,-0.02702,spy_options_2016.parquet,2661376
SPY,2016-12-02,2016-12-02T16:00:00-05:00,219.7,2016-12-30,28.0,0.07671232876712329,210.0,call,10.01,10.13,10.15,4,,0.16761,0.85185,0.03158,0.13626,-0.02541,0.07202,spy_options_2016.parquet,2661377
SPY,2016-12-02,2016-12-02T16:00:00-05:00,219.7,2016-12-30,28.0,0.07671232876712329,210.0,put,0.9,0.92,0.91,166,,0.15626,-0.17209,0.02627,0.15755,-0.04786,-0.03063,spy_options_2016.parquet,2661377
SPY,2016-12-02,2016-12-02T16:00:00-05:00,219.7,2016-12-30,28.0,0.07671232876712329,211.0,call,9.14,9.24,9.01,7,,0.16476,0.82369,0.03394,0.15325,-0.02888,0.07678,spy_options_2016.parquet,2661378
SPY,2016-12-02,2016-12-02T16:00:00-05:00,219.7,2016-12-30,28.0,0.07671232876712329,211.0,put,1.01,1.04,1.04,522,,0.152,-0.19338,0.02918,0.17018,-0.05106,-0.03509,spy_options_2016.parquet,2661378
SPY,2016-12-02,2016-12-02T16:00:00-05:00,219.7,2016-12-30,28.0,0.07671232876712329,212.0,call,8.2,8.3,8.14,39,,0.15652,0.80399,0.03758,0.16388,-0.0295,0.07742,spy_options_2016.parquet,2661379
SPY,2016-12-02,2016-12-02T16:00:00-05:00,219.7,2016-12-30,28.0,0.07671232876712329,212.0,put,1.16,1.2,1.16,245,,0.14754,-0.21946,0.0323,0.1827,-0.05433,-0.03959,spy_options_2016.parquet,2661379
SPY,2016-12-02,2016-12-02T16:00:00-05:00,219.7,2016-12-30,28.0,0.07671232876712329,212.5,call,7.72,7.82,7.72,27,,0.15102,0.7941,0.03967,0.16879,-0.02887,0.07743,spy_options_2016.parquet,2661380
SPY,2016-12-02,2016-12-02T16:00:00-05:00,219.7,2016-12-30,28.0,0.07671232876712329,212.5,put,1.24,1.27,1.3,100,,0.1458,-0.23329,0.03392,0.18966,-0.0548,-0.04197,spy_options_2016.parquet,2661380
SPY,2016-12-02,2016-12-02T16:00:00-05:00,219.7,2016-12-30,28.0,0.07671232876712329,213.0,call,7.32,7.44,7.53,29,,0.15053,0.77419,0.04069,0.1792,-0.03119,0.07927,spy_options_2016.parquet,2661381
SPY,2016-12-02,2016-12-02T16:00:00-05:00,219.7,2016-12-30,28.0,0.07671232876712329,213.0,put,1.33,1.36,1.31,421,,0.14385,-0.24898,0.03549,0.19544,-0.05704,-0.04407,spy_options_2016.parquet,2661381
SPY,2016-12-02,2016-12-02T16:00:00-05:00,219.7,2016-12-30,28.0,0.07671232876712329,214.0,call,6.48,6.58,6.56,51,,0.1458,0.74059,0.04399,0.19425,-0.03349,0.08113,spy_options_2016.parquet,2661382
SPY,2016-12-02,2016-12-02T16:00:00-05:00,219.7,2016-12-30,28.0,0.07671232876712329,214.0,put,1.51,1.53,1.51,,,0.13862,-0.28054,0.03916,0.20782,-0.05874,-0.05047,spy_options_2016.parquet,2661382
SPY,2016-12-02,2016-12-02T16:00:00-05:00,219.7,2016-12-30,28.0,0.07671232876712329,215.0,call,5.66,5.7,5.66,24,,0.13836,0.70548,0.04795,0.20678,-0.03391,0.0805,spy_options_2016.parquet,2661383
SPY,2016-12-02,2016-12-02T16:00:00-05:00,219.7,2016-12-30,28.0,0.07671232876712329,215.0,put,1.74,1.76,1.77,,,0.13412,-0.31706,0.04263,0.21993,-0.06171,-0.05664,spy_options_2016.parquet,2661383
SPY,2016-12-02,2016-12-02T16:00:00-05:00,219.7,2016-12-30,28.0,0.07671232876712329,216.0,call,4.83,4.88,4.88,17,,0.13106,0.66458,0.05219,0.21891,-0.03457,0.07938,spy_options_2016.parquet,2661384
SPY,2016-12-02,2016-12-02T16:00:00-05:00,219.7,2016-12-30,28.0,0.07671232876712329,216.0,put,1.99,2.01,1.99,,,0.13037,-0.35809,0.04626,0.22995,-0.06368,-0.06364,spy_options_2016.parquet,2661384
SPY,2016-12-02,2016-12-02T16:00:00-05:00,219.7,2016-12-30,28.0,0.07671232876712329,217.0,call,4.09,4.12,4.23,138,,0.12608,0.61655,0.05544,0.2303,-0.03529,0.07753,spy_options_2016.parquet,2661385
SPY,2016-12-02,2016-12-02T16:00:00-05:00,219.7,2016-12-30,28.0,0.07671232876712329,217.0,put,2.27,2.3,2.27,270,,0.12573,-0.40309,0.04972,0.23866,-0.06488,-0.07179,spy_options_2016.parquet,2661385
SPY,2016-12-02,2016-12-02T16:00:00-05:00,219.7,2016-12-30,28.0,0.07671232876712329,217.5,call,3.72,3.76,3.72,75,,0.12257,0.59154,0.05711,0.23505,-0.03607,0.07597,spy_options_2016.parquet,2661386
SPY,2016-12-02,2016-12-02T16:00:00-05:00,219.7,2016-12-30,28.0,0.07671232876712329,217.5,put,2.47,2.49,2.45,6,,0.12439,-0.42809,0.05079,0.24217,-0.06665,-0.07654,spy_options_2016.parquet,2661386
SPY,2016-12-02,2016-12-02T16:00:00-05:00,219.7,2016-12-30,28.0,0.07671232876712329,218.0,call,3.37,3.38,3.38,,,0.11932,0.56401,0.05897,0.23784,-0.03516,0.0741,spy_options_2016.parquet,2661387
SPY,2016-12-02,2016-12-02T16:00:00-05:00,219.7,2016-12-30,28.0,0.07671232876712329,218.0,put,2.63,2.66,2.63,,,0.12189,-0.45286,0.05218,0.24386,-0.06694,-0.08105,spy_options_2016.parquet,2661387
SPY,2016-12-02,2016-12-02T16:00:00-05:00,219.7,2016-12-30,28.0,0.07671232876712329,219.0,call,2.69,2.71,2.7,,,0.11284,0.5058,0.06182,0.24211,-0.03463,0.06911,spy_options_2016.parquet,2661388
SPY,2016-12-02,2016-12-02T16:00:00-05:00,219.7,2016-12-30,28.0,0.07671232876712329,219.0,put,3.05,3.09,3.05,903,,0.11853,-0.50603,0.05411,0.24581,-0.06755,-0.09099,spy_options_2016.parquet,2661388
SPY,2016-12-02,2016-12-02T16:00:00-05:00,219.7,2016-12-30,28.0,0.07671232876712329,220.0,call,2.12,2.16,2.12,,,0.10866,0.44246,0.06237,0.2401,-0.03385,0.06309,spy_options_2016.parquet,2661389
SPY,2016-12-02,2016-12-02T16:00:00-05:00,219.7,2016-12-30,28.0,0.07671232876712329,220.0,put,3.47,3.53,3.51,,,0.11392,-0.5627,0.05537,0.24277,-0.06705,-0.10097,spy_options_2016.parquet,2661389
SPY,2016-12-02,2016-12-02T16:00:00-05:00,219.7,2016-12-30,28.0,0.07671232876712329,221.0,call,1.59,1.61,1.62,628,,0.10317,0.37479,0.06237,0.23152,-0.03125,0.05508,spy_options_2016.parquet,2661390
SPY,2016-12-02,2016-12-02T16:00:00-05:00,219.7,2016-12-30,28.0,0.07671232876712329,221.0,put,4.02,4.09,4.23,113,,0.11175,-0.61992,0.05454,0.23407,-0.06627,-0.11107,spy_options_2016.parquet,2661390
SPY,2016-12-02,2016-12-02T16:00:00-05:00,219.7,2016-12-30,28.0,0.07671232876712329,222.0,call,1.18,1.2,1.18,,,0.10046,0.30981,0.05914,0.21659,-0.02829,0.04646,spy_options_2016.parquet,2661391
SPY,2016-12-02,2016-12-02T16:00:00-05:00,219.7,2016-12-30,28.0,0.07671232876712329,222.0,put,4.61,4.71,4.67,25,,0.10979,-0.67653,0.05253,0.22081,-0.06408,-0.12196,spy_options_2016.parquet,2661391
SPY,2016-12-02,2016-12-02T16:00:00-05:00,219.7,2016-12-30,28.0,0.07671232876712329,222.5,call,0.99,1.02,0.99,631,,0.09787,0.27693,0.05703,0.20546,-0.0266,0.04234,spy_options_2016.parquet,2661392
SPY,2016-12-02,2016-12-02T16:00:00-05:00,219.7,2016-12-30,28.0,0.07671232876712329,222.5,put,4.95,5.06,5.1,97,,0.10976,-0.70228,0.05071,0.21253,-0.06332,-0.12634,spy_options_2016.parquet,2661392
SPY,2016-12-02,2016-12-02T16:00:00-05:00,219.7,2016-12-30,28.0,0.07671232876712329,223.0,call,0.83,0.84,0.85,,,0.09579,0.24441,0.05443,0.19287,-0.02459,0.03778,spy_options_2016.parquet,2661393
SPY,2016-12-02,2016-12-02T16:00:00-05:00,219.7,2016-12-30,28.0,0.07671232876712329,223.0,put,5.3,5.43,5.45,329,,0.10882,-0.72818,0.0488,0.20363,-0.06228,-0.13108,spy_options_2016.parquet,2661393
SPY,2016-12-02,2016-12-02T16:00:00-05:00,219.7,2016-12-30,28.0,0.07671232876712329,224.0,call,0.58,0.59,0.58,,,0.09286,0.18799,0.04761,0.16635,-0.0206,0.03029,spy_options_2016.parquet,2661394
SPY,2016-12-02,2016-12-02T16:00:00-05:00,219.7,2016-12-30,28.0,0.07671232876712329,224.0,put,6.06,6.23,6.1,449,,0.10978,-0.772,0.04395,0.18463,-0.06023,-0.14005,spy_options_2016.parquet,2661394
SPY,2016-12-02,2016-12-02T16:00:00-05:00,219.7,2016-12-30,28.0,0.07671232876712329,225.0,call,0.39,0.42,0.4,,,0.09182,0.14179,0.03997,0.13887,-0.01749,0.02326,spy_options_2016.parquet,2661395
SPY,2016-12-02,2016-12-02T16:00:00-05:00,219.7,2016-12-30,28.0,0.07671232876712329,225.0,put,6.89,7.07,6.97,302,,0.11111,-0.80789,0.03891,0.16661,-0.05901,-0.14634,spy_options_2016.parquet,2661395
SPY,2016-12-02,2016-12-02T16:00:00-05:00,219.7,2016-12-30,28.0,0.07671232876712329,226.0,call,0.26,0.28,0.28,405,,0.09039,0.10262,0.0322,0.11181,-0.01434,0.01669,spy_options_2016.parquet,2661396
SPY,2016-12-02,2016-12-02T16:00:00-05:00,219.7,2016-12-30,28.0,0.07671232876712329,226.0,put,7.8,7.99,7.99,148,,0.11658,-0.83237,0.03408,0.15238,-0.05815,-0.15106,spy_options_2016.parquet,2661396
SPY,2016-12-02,2016-12-02T16:00:00-05:00,219.7,2016-12-30,28.0,0.07671232876712329,227.0,call,0.19,0.19,0.18,681,,0.09089,0.07502,0.02538,0.08858,-0.0115,0.01264,spy_options_2016.parquet,2661397
SPY,2016-12-02,2016-12-02T16:00:00-05:00,219.7,2016-12-30,28.0,0.07671232876712329,227.0,put,8.72,8.93,9.14,0,,0.12224,-0.85253,0.0299,0.13978,-0.05694,-0.15617,spy_options_2016.parquet,2661397
SPY,2016-12-02,2016-12-02T16:00:00-05:00,219.7,2016-12-30,28.0,0.07671232876712329,227.5,call,0.15,0.17,0.16,,,0.09121,0.06387,0.02241,0.07846,-0.00993,0.0103,spy_options_2016.parquet,2661398
SPY,2016-12-02,2016-12-02T16:00:00-05:00,219.7,2016-12-30,28.0,0.07671232876712329,227.5,put,9.16,9.42,0.0,,,0.12405,-0.86199,0.02804,0.13385,-0.05694,-0.15728,spy_options_2016.parquet,2661398
SPY,2016-12-02,2016-12-02T16:00:00-05:00,219.7,2016-12-30,28.0,0.07671232876712329,230.0,call,0.07,0.08,0.08,78,,0.09562,0.03285,0.01229,0.04587,-0.00593,0.00512,spy_options_2016.parquet,2661399
SPY,2016-12-02,2016-12-02T16:00:00-05:00,219.7,2016-12-30,28.0,0.07671232876712329,230.0,put,11.56,11.8,11.81,38,,0.13863,-0.89305,0.02078,0.11075,-0.05561,-0.16521,spy_options_2016.parquet,2661399
SPY,2016-12-02,2016-12-02T16:00:00-05:00,219.7,2016-12-30,28.0,0.07671232876712329,232.5,call,0.05,0.06,0.05,110,,0.10764,0.022,0.00801,0.03317,-0.00487,0.004,spy_options_2016.parquet,2661400
SPY,2016-12-02,2016-12-02T16:00:00-05:00,219.7,2016-12-30,28.0,0.07671232876712329,232.5,put,14.09,14.36,0.0,,,0.16298,-0.89994,0.0168,0.10541,-0.05918,-0.16843,spy_options_2016.parquet,2661400
SPY,2016-12-02,2016-12-02T16:00:00-05:00,219.7,2016-12-30,28.0,0.07671232876712329,235.0,call,0.03,0.04,0.03,51,,0.11516,0.01392,0.00498,0.0225,-0.00369,0.00238,spy_options_2016.parquet,2661401
SPY,2016-12-02,2016-12-02T16:00:00-05:00,219.7,2016-12-30,28.0,0.07671232876712329,235.0,put,16.46,16.79,0.0,,,0.17299,-0.92239,0.01297,0.08617,-0.05543,-0.17362,spy_options_2016.parquet,2661401
SPY,2016-12-02,2016-12-02T16:00:00-05:00,219.7,2016-12-30,28.0,0.07671232876712329,237.5,call,0.04,0.03,0.03,70,,0.12996,0.01223,0.00409,0.02042,-0.00407,0.00231,spy_options_2016.parquet,2661402
SPY,2016-12-02,2016-12-02T16:00:00-05:00,219.7,2016-12-30,28.0,0.07671232876712329,237.5,put,17.32,20.97,0.0,,,0.1951,-0.92541,0.0111,0.08318,-0.05834,-0.17695,spy_options_2016.parquet,2661402
SPY,2016-12-02,2016-12-02T16:00:00-05:00,219.7,2016-12-30,28.0,0.07671232876712329,240.0,call,0.01,0.03,0.02,100,,0.13771,0.00873,0.00277,0.01536,-0.00344,0.00121,spy_options_2016.parquet,2661403
SPY,2016-12-02,2016-12-02T16:00:00-05:00,219.7,2016-12-30,28.0,0.07671232876712329,240.0,put,21.44,21.77,0.0,,,0.20853,-0.93525,0.00924,0.07411,-0.05692,-0.18001,spy_options_2016.parquet,2661403
SPY,2016-12-02,2016-12-02T16:00:00-05:00,219.7,2016-12-30,28.0,0.07671232876712329,242.5,call,0.02,0.03,0.0,,,0.15128,0.00831,0.00233,0.01453,-0.00274,0.00185,spy_options_2016.parquet,2661404
SPY,2016-12-02,2016-12-02T16:00:00-05:00,219.7,2016-12-30,28.0,0.07671232876712329,242.5,put,22.54,25.95,0.0,,,0.24452,-0.9247,0.00896,0.08443,-0.06588,-0.1809,spy_options_2016.parquet,2661404
SPY,2016-12-02,2016-12-02T16:00:00-05:00,219.7,2016-12-30,28.0,0.07671232876712329,245.0,call,0.01,0.03,0.01,76,,0.15537,0.00536,0.00147,0.00942,-0.00214,0.00037,spy_options_2016.parquet,2661405
SPY,2016-12-02,2016-12-02T16:00:00-05:00,219.7,2016-12-30,28.0,0.07671232876712329,245.0,put,26.54,26.81,0.0,,,0.25306,-0.93577,0.00759,0.07325,-0.06188,-0.18425,spy_options_2016.parquet,2661405
SPY,2016-12-02,2016-12-02T16:00:00-05:00,219.7,2016-12-30,28.0,0.07671232876712329,247.5,call,0.01,0.02,0.0,,,0.16724,0.0045,0.00128,0.00849,-0.00241,0.00047,spy_options_2016.parquet,2661406
SPY,2016-12-02,2016-12-02T16:00:00-05:00,219.7,2016-12-30,28.0,0.07671232876712329,247.5,put,27.32,30.93,0.0,,,0.26431,-0.94363,0.00648,0.06524,-0.06025,-0.18739,spy_options_2016.parquet,2661406
SPY,2016-12-02,2016-12-02T16:00:00-05:00,219.7,2016-12-30,28.0,0.07671232876712329,250.0,call,0.0,0.01,0.01,15,,0.16176,0.00127,0.00055,0.00321,-0.00048,-0.00018,spy_options_2016.parquet,2661407
SPY,2016-12-02,2016-12-02T16:00:00-05:00,219.7,2016-12-30,28.0,0.07671232876712329,250.0,put,31.43,31.76,0.0,,,0.27585,-0.94922,0.00566,0.0599,-0.05872,-0.19065,spy_options_2016.parquet,2661407
SPY,2016-12-02,2016-12-02T16:00:00-05:00,219.7,2016-12-30,28.0,0.07671232876712329,252.5,call,0.0,0.01,0.0,,,0.17202,0.00161,0.00052,0.00378,-0.00065,0.00044,spy_options_2016.parquet,2661408
SPY,2016-12-02,2016-12-02T16:00:00-05:00,219.7,2016-12-30,28.0,0.07671232876712329,252.5,put,32.31,35.95,0.0,,,0.29677,-0.94884,0.00533,0.06091,-0.06198,-0.19221,spy_options_2016.parquet,2661408
SPY,2016-12-02,2016-12-02T16:00:00-05:00,219.7,2016-12-30,28.0,0.07671232876712329,255.0,call,0.0,0.01,0.0,,,0.18295,0.00204,0.00045,0.00288,-0.00091,0.00068,spy_options_2016.parquet,2661409
SPY,2016-12-02,2016-12-02T16:00:00-05:00,219.7,2016-12-30,28.0,0.07671232876712329,255.0,put,36.52,36.79,0.0,,,0.31709,-0.94886,0.00503,0.06106,-0.06424,-0.19426,spy_options_2016.parquet,2661409
SPY,2016-12-02,2016-12-02T16:00:00-05:00,219.7,2016-12-30,28.0,0.07671232876712329,260.0,call,0.0,0.01,0.0,,,0.20402,0.00128,0.00039,0.00292,-0.00101,0.00053,spy_options_2016.parquet,2661410
SPY,2016-12-02,2016-12-02T16:00:00-05:00,219.7,2016-12-30,28.0,0.07671232876712329,260.0,put,41.52,41.78,0.0,,,0.34973,-0.95161,0.00426,0.05717,-0.06505,-0.19874,spy_options_2016.parquet,2661410
SPY,2016-12-02,2016-12-02T16:00:00-05:00,219.7,2016-12-30,28.0,0.07671232876712329,265.0,call,0.0,0.0,0.0,,,0.22417,0.00174,0.00029,0.00261,-0.00079,0.00062,spy_options_2016.parquet,2661411
SPY,2016-12-02,2016-12-02T16:00:00-05:00,219.7,2016-12-30,28.0,0.07671232876712329,265.0,put,46.48,46.75,0.0,,,0.37502,-0.95686,0.00362,0.05171,-0.06459,-0.20356,spy_options_2016.parquet,2661411
SPY,2016-12-02,2016-12-02T16:00:00-05:00,219.7,2016-12-30,28.0,0.07671232876712329,300.0,call,0.0,0.01,0.0,,,0.35232,0.00044,9e-05,0.00138,-0.00133,0.00052,spy_options_2016.parquet,2661412
SPY,2016-12-02,2016-12-02T16:00:00-05:00,219.7,2016-12-30,28.0,0.07671232876712329,300.0,put,81.46,81.74,0.0,,,0.55228,-0.97079,0.0017,0.03662,-0.06569,-0.23449,spy_options_2016.parquet,2661412
SPY,2016-12-02,2016-12-02T16:00:00-05:00,219.7,2016-12-30,28.0,0.07671232876712329,305.0,call,0.0,0.0,0.0,,,0.36891,0.00069,0.00017,0.00191,-0.00111,0.0006,spy_options_2016.parquet,2661413
SPY,2016-12-02,2016-12-02T16:00:00-05:00,219.7,2016-12-30,28.0,0.07671232876712329,305.0,put,86.46,86.74,86.67,0,,0.58076,-0.9703,0.00165,0.03636,-0.06773,-0.23795,spy_options_2016.parquet,2661413
SPY,2016-12-02,2016-12-02T16:00:00-05:00,219.7,2016-12-30,28.0,0.07671232876712329,310.0,call,0.0,0.02,0.0,,,0.38504,0.0013,0.00012,0.00192,-0.00147,-0.00026,spy_options_2016.parquet,2661414
SPY,2016-12-02,2016-12-02T16:00:00-05:00,219.7,2016-12-30,28.0,0.07671232876712329,310.0,put,91.46,91.74,0.0,,,0.60367,-0.97105,0.00152,0.03545,-0.06824,-0.24226,spy_options_2016.parquet,2661414
SPY,2016-12-02,2016-12-02T16:00:00-05:00,219.7,2016-12-30,28.0,0.07671232876712329,315.0,call,0.0,0.02,0.0,,,0.40137,0.00087,8e-05,0.00133,-0.00084,-0.00037,spy_options_2016.parquet,2661415
SPY,2016-12-02,2016-12-02T16:00:00-05:00,219.7,2016-12-30,28.0,0.07671232876712329,315.0,put,96.49,96.77,0.0,,,0.63349,-0.96998,0.00149,0.03682,-0.07008,-0.24631,spy_options_2016.parquet,2661415
SPY,2016-12-02,2016-12-02T16:00:00-05:00,219.7,2016-12-30,28.0,0.07671232876712329,320.0,call,0.0,0.01,0.0,,,0.41708,0.00053,7e-05,0.00153,-0.00143,0.00044,spy_options_2016.parquet,2661416
SPY,2016-12-02,2016-12-02T16:00:00-05:00,219.7,2016-12-30,28.0,0.07671232876712329,320.0,put,101.47,101.74,0.0,,,0.6498,-0.97216,0.00142,0.03395,-0.0693,-0.24984,spy_options_2016.parquet,2661416
SPY,2016-12-02,2016-12-02T16:00:00-05:00,219.7,2016-12-30,28.0,0.07671232876712329,325.0,call,0.0,0.01,0.0,,,0.4327,0.00095,7e-05,0.0017,-0.00121,0.00061,spy_options_2016.parquet,2661417
SPY,2016-12-02,2016-12-02T16:00:00-05:00,219.7,2016-12-30,28.0,0.07671232876712329,325.0,put,106.44,106.72,0.0,,,0.66284,-0.97432,0.00128,0.03179,-0.06705,-0.25466,spy_options_2016.parquet,2661417
SPY,2016-12-02,2016-12-02T16:00:00-05:00,219.7,2017-01-04,33.0,0.09041095890410959,195.0,call,24.64,24.84,24.66,0,,0.26221,0.96297,0.00851,0.04743,-0.01178,0.03651,spy_options_2016.parquet,2661418
SPY,2016-12-02,2016-12-02T16:00:00-05:00,219.7,2017-01-04,33.0,0.09041095890410959,195.0,put,0.22,0.24,0.22,36,,0.2171,-0.03885,0.00573,0.05626,-0.01824,-0.00858,spy_options_2016.parquet,2661418
SPY,2016-12-02,2016-12-02T16:00:00-05:00,219.7,2017-01-04,33.0,0.09041095890410959,200.0,call,19.71,19.9,19.69,0,,0.22849,0.94509,0.01309,0.06912,-0.01413,0.05449,spy_options_2016.parquet,2661419
SPY,2016-12-02,2016-12-02T16:00:00-05:00,219.7,2017-01-04,33.0,0.09041095890410959,200.0,put,0.35,0.37,0.31,1,,0.19452,-0.06263,0.00939,0.08238,-0.02529,-0.013,spy_options_2016.parquet,2661419
SPY,2016-12-02,2016-12-02T16:00:00-05:00,219.7,2017-01-04,33.0,0.09041095890410959,205.0,call,14.8,14.99,0.0,,,0.19288,0.91189,0.02008,0.10127,-0.0174,0.07061,spy_options_2016.parquet,2661420
SPY,2016-12-02,2016-12-02T16:00:00-05:00,219.7,2017-01-04,33.0,0.09041095890410959,205.0,put,0.59,0.62,0.62,25,,0.17401,-0.10568,0.01568,0.12271,-0.03382,-0.02195,spy_options_2016.parquet,2661420
SPY,2016-12-02,2016-12-02T16:00:00-05:00,219.7,2017-01-04,33.0,0.09041095890410959,210.0,call,10.09,10.24,9.92,0,,0.16275,0.8376,0.03086,0.15739,-0.025,0.08741,spy_options_2016.parquet,2661421
SPY,2016-12-02,2016-12-02T16:00:00-05:00,219.7,2017-01-04,33.0,0.09041095890410959,210.0,put,1.04,1.07,1.04,48,,0.15217,-0.18506,0.0261,0.17806,-0.04496,-0.03893,spy_options_2016.parquet,2661421
SPY,2016-12-02,2016-12-02T16:00:00-05:00,219.7,2017-01-04,33.0,0.09041095890410959,210.5,call,9.56,9.71,0.0,,,0.1558,0.83562,0.03281,0.15815,-0.02373,0.0864,spy_options_2016.parquet,2661422
SPY,2016-12-02,2016-12-02T16:00:00-05:00,219.7,2017-01-04,33.0,0.09041095890410959,210.5,put,1.11,1.14,1.05,1,,0.1509,-0.19599,0.02734,0.18541,-0.04643,-0.04087,spy_options_2016.parquet,2661422
SPY,2016-12-02,2016-12-02T16:00:00-05:00,219.7,2017-01-04,33.0,0.09041095890410959,211.0,call,9.16,9.32,0.0,,,0.15654,0.81737,0.03373,0.16938,-0.02615,0.08994,spy_options_2016.parquet,2661423
SPY,2016-12-02,2016-12-02T16:00:00-05:00,219.7,2017-01-04,33.0,0.09041095890410959,211.0,put,1.18,1.21,1.2,2,,0.14869,-0.20781,0.02868,0.1919,-0.04815,-0.0441,spy_options_2016.parquet,2661423
SPY,2016-12-02,2016-12-02T16:00:00-05:00,219.7,2017-01-04,33.0,0.09041095890410959,211.5,call,8.75,8.81,8.9,0,,0.15337,0.80559,0.03519,0.17648,-0.02644,0.09066,spy_options_2016.parquet,2661424
SPY,2016-12-02,2016-12-02T16:00:00-05:00,219.7,2017-01-04,33.0,0.09041095890410959,211.5,put,1.25,1.28,1.1,2,,0.14607,-0.21913,0.03014,0.1977,-0.04857,-0.04575,spy_options_2016.parquet,2661424
SPY,2016-12-02,2016-12-02T16:00:00-05:00,219.7,2017-01-04,33.0,0.09041095890410959,212.0,call,8.29,8.37,8.46,0,,0.15007,0.79336,0.03672,0.18382,-0.02712,0.09153,spy_options_2016.parquet,2661425
SPY,2016-12-02,2016-12-02T16:00:00-05:00,219.7,2017-01-04,33.0,0.09041095890410959,212.0,put,1.32,1.34,1.35,8,,0.1442,-0.2326,0.03159,0.20436,-0.05052,-0.04903,spy_options_2016.parquet,2661425
SPY,2016-12-02,2016-12-02T16:00:00-05:00,219.7,2017-01-04,33.0,0.09041095890410959,212.5,call,7.84,7.99,0.0,,,0.14827,0.7775,0.03796,0.19234,-0.02849,0.09326,spy_options_2016.parquet,2661426
SPY,2016-12-02,2016-12-02T16:00:00-05:00,219.7,2017-01-04,33.0,0.09041095890410959,212.5,put,1.41,1.45,0.0,,,0.14217,-0.24674,0.03301,0.21144,-0.0519,-0.05147,spy_options_2016.parquet,2661426
SPY,2016-12-02,2016-12-02T16:00:00-05:00,219.7,2017-01-04,33.0,0.09041095890410959,213.0,call,7.4,7.55,7.44,0,,0.14547,0.76338,0.03966,0.19892,-0.02914,0.09353,spy_options_2016.parquet,2661427
SPY,2016-12-02,2016-12-02T16:00:00-05:00,219.7,2017-01-04,33.0,0.09041095890410959,213.0,put,1.49,1.52,1.52,4,,0.13909,-0.2599,0.03466,0.21724,-0.05251,-0.05502,spy_options_2016.parquet,2661427
SPY,2016-12-02,2016-12-02T16:00:00-05:00,219.7,2017-01-04,33.0,0.09041095890410959,213.5,call,6.93,7.05,0.0,,,0.1395,0.75261,0.04196,0.20375,-0.0284,0.0935,spy_options_2016.parquet,2661428
SPY,2016-12-02,2016-12-02T16:00:00-05:00,219.7,2017-01-04,33.0,0.09041095890410959,213.5,put,1.59,1.64,1.66,21,,0.13803,-0.27599,0.03608,0.22375,-0.05369,-0.05788,spy_options_2016.parquet,2661428
SPY,2016-12-02,2016-12-02T16:00:00-05:00,219.7,2017-01-04,33.0,0.09041095890410959,214.0,call,6.52,6.64,0.0,,,0.13745,0.73465,0.04347,0.21228,-0.02901,0.09374,spy_options_2016.parquet,2661429
SPY,2016-12-02,2016-12-02T16:00:00-05:00,219.7,2017-01-04,33.0,0.09041095890410959,214.0,put,1.68,1.73,1.77,2,,0.13568,-0.29208,0.03776,0.22933,-0.05487,-0.06091,spy_options_2016.parquet,2661429
SPY,2016-12-02,2016-12-02T16:00:00-05:00,219.7,2017-01-04,33.0,0.09041095890410959,214.5,call,6.14,6.21,0.0,,,0.13539,0.71642,0.04501,0.21957,-0.02978,0.09361,spy_options_2016.parquet,2661430
SPY,2016-12-02,2016-12-02T16:00:00-05:00,219.7,2017-01-04,33.0,0.09041095890410959,214.5,put,1.78,1.84,1.88,31,,0.13338,-0.30938,0.03931,0.23521,-0.05562,-0.06487,spy_options_2016.parquet,2661430
SPY,2016-12-02,2016-12-02T16:00:00-05:00,219.7,2017-01-04,33.0,0.09041095890410959,215.0,call,5.72,5.79,5.8,10,,0.13274,0.69811,0.04667,0.22633,-0.03006,0.09413,spy_options_2016.parquet,2661431
SPY,2016-12-02,2016-12-02T16:00:00-05:00,219.7,2017-01-04,33.0,0.09041095890410959,215.0,put,1.91,1.96,1.92,210,,0.13184,-0.32787,0.04093,0.24151,-0.05652,-0.06873,spy_options_2016.parquet,2661431
SPY,2016-12-02,2016-12-02T16:00:00-05:00,219.7,2017-01-04,33.0,0.09041095890410959,215.5,call,5.39,5.45,5.41,5,,0.13261,0.67435,0.04729,0.23439,-0.03218,0.09408,spy_options_2016.parquet,2661432
SPY,2016-12-02,2016-12-02T16:00:00-05:00,219.7,2017-01-04,33.0,0.09041095890410959,215.5,put,2.05,2.08,2.15,40,,0.12972,-0.3463,0.04241,0.24701,-0.05751,-0.07262,spy_options_2016.parquet,2661432
SPY,2016-12-02,2016-12-02T16:00:00-05:00,219.7,2017-01-04,33.0,0.09041095890410959,216.0,call,4.97,5.01,5.13,7,,0.12813,0.65566,0.04958,0.24021,-0.03228,0.09283,spy_options_2016.parquet,2661433
SPY,2016-12-02,2016-12-02T16:00:00-05:00,219.7,2017-01-04,33.0,0.09041095890410959,216.0,put,2.17,2.21,2.19,30,,0.12655,-0.36594,0.04414,0.25142,-0.05805,-0.07743,spy_options_2016.parquet,2661433
SPY,2016-12-02,2016-12-02T16:00:00-05:00,219.7,2017-01-04,33.0,0.09041095890410959,216.5,call,4.55,4.6,4.81,40,,0.12403,0.63447,0.05181,0.2447,-0.03167,0.09114,spy_options_2016.parquet,2661434
SPY,2016-12-02,2016-12-02T16:00:00-05:00,219.7,2017-01-04,33.0,0.09041095890410959,216.5,put,2.3,2.34,2.42,45,,0.12465,-0.38682,0.0458,0.25538,-0.05816,-0.08099,spy_options_2016.parquet,2661434
SPY,2016-12-02,2016-12-02T16:00:00-05:00,219.7,2017-01-04,33.0,0.09041095890410959,217.0,call,4.19,4.28,0.0,,,0.12247,0.60963,0.05276,0.25035,-0.03255,0.08995,spy_options_2016.parquet,2661435
SPY,2016-12-02,2016-12-02T16:00:00-05:00,219.7,2017-01-04,33.0,0.09041095890410959,217.0,put,2.48,2.53,2.5,8,,0.12319,-0.40959,0.04683,0.25919,-0.05971,-0.08566,spy_options_2016.parquet,2661435
SPY,2016-12-02,2016-12-02T16:00:00-05:00,219.7,2017-01-04,33.0,0.09041095890410959,217.5,call,3.82,3.87,3.91,0,,0.11848,0.58604,0.05479,0.25525,-0.03191,0.08809,spy_options_2016.parquet,2661436
SPY,2016-12-02,2016-12-02T16:00:00-05:00,219.7,2017-01-04,33.0,0.09041095890410959,217.5,put,2.62,2.66,2.75,22,,0.11998,-0.43246,0.04863,0.26272,-0.05926,-0.09048,spy_options_2016.parquet,2661436
SPY,2016-12-02,2016-12-02T16:00:00-05:00,219.7,2017-01-04,33.0,0.09041095890410959,218.0,call,3.51,3.58,3.6,32,,0.11803,0.55859,0.055,0.25878,-0.03245,0.08689,spy_options_2016.parquet,2661437
SPY,2016-12-02,2016-12-02T16:00:00-05:00,219.7,2017-01-04,33.0,0.09041095890410959,218.0,put,2.82,2.87,2.97,74,,0.11899,-0.45714,0.04952,0.26437,-0.0602,-0.09599,spy_options_2016.parquet,2661437
SPY,2016-12-02,2016-12-02T16:00:00-05:00,219.7,2017-01-04,33.0,0.09041095890410959,218.5,call,3.19,3.24,3.33,20,,0.11476,0.5319,0.05628,0.26133,-0.03197,0.08351,spy_options_2016.parquet,2661438
SPY,2016-12-02,2016-12-02T16:00:00-05:00,219.7,2017-01-04,33.0,0.09041095890410959,218.5,put,3.01,3.05,3.05,0,,0.11682,-0.48138,0.05058,0.26545,-0.06041,-0.10095,spy_options_2016.parquet,2661438
SPY,2016-12-02,2016-12-02T16:00:00-05:00,219.7,2017-01-04,33.0,0.09041095890410959,219.0,call,2.89,2.93,2.88,255,,0.11404,0.50358,0.05666,0.26257,-0.0327,0.0807,spy_options_2016.parquet,2661439
SPY,2016-12-02,2016-12-02T16:00:00-05:00,219.7,2017-01-04,33.0,0.09041095890410959,219.0,put,3.2,3.25,3.31,36,,0.11528,-0.50745,0.05155,0.26622,-0.06039,-0.10641,spy_options_2016.parquet,2661439
SPY,2016-12-02,2016-12-02T16:00:00-05:00,219.7,2017-01-04,33.0,0.09041095890410959,219.5,call,2.54,2.58,2.54,22,,0.10889,0.47438,0.05859,0.26208,-0.03089,0.07717,spy_options_2016.parquet,2661440
SPY,2016-12-02,2016-12-02T16:00:00-05:00,219.7,2017-01-04,33.0,0.09041095890410959,219.5,put,3.4,3.47,3.14,12,,0.11319,-0.53404,0.05224,0.26476,-0.06011,-0.11237,spy_options_2016.parquet,2661440
SPY,2016-12-02,2016-12-02T16:00:00-05:00,219.7,2017-01-04,33.0,0.09041095890410959,220.0,call,2.24,2.28,2.27,84,,0.10587,0.44418,0.05915,0.26068,-0.03019,0.07345,spy_options_2016.parquet,2661441
SPY,2016-12-02,2016-12-02T16:00:00-05:00,219.7,2017-01-04,33.0,0.09041095890410959,220.0,put,3.64,3.71,3.69,6,,0.11159,-0.56098,0.05257,0.26308,-0.06,-0.11815,spy_options_2016.parquet,2661441
SPY,2016-12-02,2016-12-02T16:00:00-05:00,219.7,2017-01-04,33.0,0.09041095890410959,220.5,call,1.99,2.03,2.05,1,,0.10447,0.4131,0.0588,0.25706,-0.02989,0.06987,spy_options_2016.parquet,2661442
SPY,2016-12-02,2016-12-02T16:00:00-05:00,219.7,2017-01-04,33.0,0.09041095890410959,220.5,put,3.91,3.99,3.56,0,,0.1108,-0.58831,0.05228,0.25926,-0.0595,-0.12426,spy_options_2016.parquet,2661442
SPY,2016-12-02,2016-12-02T16:00:00-05:00,219.7,2017-01-04,33.0,0.09041095890410959,221.0,call,1.77,1.79,1.72,27,,0.10367,0.38292,0.05797,0.25274,-0.02878,0.06619,spy_options_2016.parquet,2661443
SPY,2016-12-02,2016-12-02T16:00:00-05:00,219.7,2017-01-04,33.0,0.09041095890410959,221.0,put,4.2,4.27,4.25,4,,0.10888,-0.61507,0.05183,0.25476,-0.05891,-0.13001,spy_options_2016.parquet,2661443
SPY,2016-12-02,2016-12-02T16:00:00-05:00,219.7,2017-01-04,33.0,0.09041095890410959,221.5,call,1.53,1.57,1.7,3,,0.10169,0.35133,0.05719,0.24566,-0.02834,0.06191,spy_options_2016.parquet,2661444
SPY,2016-12-02,2016-12-02T16:00:00-05:00,219.7,2017-01-04,33.0,0.09041095890410959,221.5,put,4.48,4.58,0.0,,,0.10833,-0.64199,0.05113,0.2482,-0.05836,-0.13541,spy_options_2016.parquet,2661444
SPY,2016-12-02,2016-12-02T16:00:00-05:00,219.7,2017-01-04,33.0,0.09041095890410959,222.0,call,1.32,1.36,1.31,17,,0.09969,0.32071,0.05592,0.23772,-0.02706,0.05681,spy_options_2016.parquet,2661445
SPY,2016-12-02,2016-12-02T16:00:00-05:00,219.7,2017-01-04,33.0,0.09041095890410959,222.0,put,4.76,4.84,4.98,45,,0.10616,-0.67163,0.05059,0.24024,-0.05753,-0.14219,spy_options_2016.parquet,2661445
SPY,2016-12-02,2016-12-02T16:00:00-05:00,219.7,2017-01-04,33.0,0.09041095890410959,222.5,call,1.12,1.15,1.09,54,,0.0971,0.28869,0.05443,0.2265,-0.02454,0.05147,spy_options_2016.parquet,2661446
SPY,2016-12-02,2016-12-02T16:00:00-05:00,219.7,2017-01-04,33.0,0.09041095890410959,222.5,put,5.1,5.2,5.33,0,,0.10505,-0.69598,0.049,0.23225,-0.05628,-0.14687,spy_options_2016.parquet,2661446
SPY,2016-12-02,2016-12-02T16:00:00-05:00,219.7,2017-01-04,33.0,0.09041095890410959,223.0,call,0.97,1.0,1.02,13,,0.09599,0.2604,0.05198,0.21646,-0.02339,0.04708,spy_options_2016.parquet,2661447
SPY,2016-12-02,2016-12-02T16:00:00-05:00,219.7,2017-01-04,33.0,0.09041095890410959,223.0,put,5.38,5.55,5.62,5,,0.10394,-0.72402,0.04763,0.22223,-0.0556,-0.15279,spy_options_2016.parquet,2661447
SPY,2016-12-02,2016-12-02T16:00:00-05:00,219.7,2017-01-04,33.0,0.09041095890410959,223.5,call,0.81,0.84,0.82,3,,0.09435,0.23118,0.04948,0.20257,-0.02148,0.04232,spy_options_2016.parquet,2661448
SPY,2016-12-02,2016-12-02T16:00:00-05:00,219.7,2017-01-04,33.0,0.09041095890410959,223.5,put,5.73,5.89,0.0,,,0.10257,-0.74898,0.04581,0.21091,-0.05405,-0.15843,spy_options_2016.parquet,2661448
SPY,2016-12-02,2016-12-02T16:00:00-05:00,219.7,2017-01-04,33.0,0.09041095890410959,224.0,call,0.67,0.7,0.67,36,,0.0922,0.20246,0.04665,0.18861,-0.02008,0.03783,spy_options_2016.parquet,2661449
SPY,2016-12-02,2016-12-02T16:00:00-05:00,219.7,2017-01-04,33.0,0.09041095890410959,224.0,put,6.15,6.34,0.0,,,0.10378,-0.76718,0.04323,0.20251,-0.05373,-0.16278,spy_options_2016.parquet,2661449
SPY,2016-12-02,2016-12-02T16:00:00-05:00,219.7,2017-01-04,33.0,0.09041095890410959,224.5,call,0.58,0.61,0.56,4,,0.09199,0.18015,0.04329,0.17621,-0.01914,0.03426,spy_options_2016.parquet,2661450
SPY,2016-12-02,2016-12-02T16:00:00-05:00,219.7,2017-01-04,33.0,0.09041095890410959,224.5,put,6.54,6.75,0.0,,,0.10475,-0.78674,0.04084,0.19231,-0.0529,-0.1668,spy_options_2016.parquet,2661450
SPY,2016-12-02,2016-12-02T16:00:00-05:00,219.7,2017-01-04,33.0,0.09041095890410959,225.0,call,0.47,0.5,0.45,50,,0.0902,0.15591,0.04001,0.16047,-0.01693,0.02924,spy_options_2016.parquet,2661451
SPY,2016-12-02,2016-12-02T16:00:00-05:00,219.7,2017-01-04,33.0,0.09041095890410959,225.0,put,6.94,7.14,0.0,,,0.10503,-0.80582,0.03855,0.18167,-0.05168,-0.17096,spy_options_2016.parquet,2661451
SPY,2016-12-02,2016-12-02T16:00:00-05:00,219.7,2017-01-04,33.0,0.09041095890410959,225.5,call,0.39,0.42,0.55,0,,0.08965,0.13567,0.03652,0.14632,-0.01569,0.02584,spy_options_2016.parquet,2661452
SPY,2016-12-02,2016-12-02T16:00:00-05:00,219.7,2017-01-04,33.0,0.09041095890410959,225.5,put,7.35,7.56,0.0,,,0.10401,-0.82595,0.03616,0.16937,-0.05051,-0.1762,spy_options_2016.parquet,2661452
SPY,2016-12-02,2016-12-02T16:00:00-05:00,219.7,2017-01-04,33.0,0.09041095890410959,226.0,call,0.33,0.36,0.33,20,,0.08951,0.11877,0.03319,0.13344,-0.01461,0.02291,spy_options_2016.parquet,2661453
SPY,2016-12-02,2016-12-02T16:00:00-05:00,219.7,2017-01-04,33.0,0.09041095890410959,226.0,put,7.79,7.99,0.0,,,0.10485,-0.84012,0.03382,0.16008,-0.04933,-0.17919,spy_options_2016.parquet,2661453
SPY,2016-12-02,2016-12-02T16:00:00-05:00,219.7,2017-01-04,33.0,0.09041095890410959,226.5,call,0.27,0.3,0.0,,,0.089,0.10164,0.02987,0.12012,-0.01237,0.01935,spy_options_2016.parquet,2661454
SPY,2016-12-02,2016-12-02T16:00:00-05:00,219.7,2017-01-04,33.0,0.09041095890410959,226.5,put,8.29,8.53,0.0,,,0.11031,-0.84346,0.03169,0.15769,-0.05063,-0.18029,spy_options_2016.parquet,2661454
SPY,2016-12-02,2016-12-02T16:00:00-05:00,219.7,2017-01-04,33.0,0.09041095890410959,227.0,call,0.23,0.25,0.27,0,,0.08961,0.08768,0.02688,0.10751,-0.01144,0.01765,spy_options_2016.parquet,2661455
SPY,2016-12-02,2016-12-02T16:00:00-05:00,219.7,2017-01-04,33.0,0.09041095890410959,227.0,put,8.74,8.98,0.0,,,0.11194,-0.8543,0.02963,0.14999,-0.04989,-0.18297,spy_options_2016.parquet,2661455
SPY,2016-12-02,2016-12-02T16:00:00-05:00,219.7,2017-01-04,33.0,0.09041095890410959,227.5,call,0.19,0.22,0.25,0,,0.0895,0.07565,0.02394,0.09639,-0.01045,0.01436,spy_options_2016.parquet,2661456
SPY,2016-12-02,2016-12-02T16:00:00-05:00,219.7,2017-01-04,33.0,0.09041095890410959,227.5,put,9.13,9.39,0.0,,,0.10978,-0.87369,0.02734,0.13464,-0.04698,-0.18778,spy_options_2016.parquet,2661456
SPY,2016-12-02,2016-12-02T16:00:00-05:00,219.7,2017-01-04,33.0,0.09041095890410959,228.0,call,0.15,0.18,0.2,0,,0.08956,0.06581,0.02129,0.08597,-0.00958,0.01257,spy_options_2016.parquet,2661457
SPY,2016-12-02,2016-12-02T16:00:00-05:00,219.7,2017-01-04,33.0,0.09041095890410959,228.0,put,9.69,9.91,0.0,,,0.11629,-0.87251,0.02605,0.13634,-0.04936,-0.18775,spy_options_2016.parquet,2661457
SPY,2016-12-02,2016-12-02T16:00:00-05:00,219.7,2017-01-04,33.0,0.09041095890410959,228.5,call,0.14,0.15,0.0,,,0.09072,0.05835,0.01915,0.07901,-0.00893,0.01101,spy_options_2016.parquet,2661458
SPY,2016-12-02,2016-12-02T16:00:00-05:00,219.7,2017-01-04,33.0,0.09041095890410959,228.5,put,10.1,10.33,0.0,,,0.1151,-0.88884,0.02401,0.12335,-0.04643,-0.19114,spy_options_2016.parquet,2661458
SPY,2016-12-02,2016-12-02T16:00:00-05:00,219.7,2017-01-04,33.0,0.09041095890410959,229.0,call,0.12,0.13,0.13,2,,0.09176,0.05066,0.01719,0.07139,-0.0081,0.01054,spy_options_2016.parquet,2661459
SPY,2016-12-02,2016-12-02T16:00:00-05:00,219.7,2017-01-04,33.0,0.09041095890410959,229.0,put,10.61,10.86,0.0,,,0.12009,-0.88852,0.02282,0.12335,-0.04837,-0.19178,spy_options_2016.parquet,2661459
SPY,2016-12-02,2016-12-02T16:00:00-05:00,219.7,2017-01-04,33.0,0.09041095890410959,229.5,call,0.09,0.13,0.0,,,0.09191,0.04431,0.01512,0.0635,-0.00746,0.0084,spy_options_2016.parquet,2661460
SPY,2016-12-02,2016-12-02T16:00:00-05:00,219.7,2017-01-04,33.0,0.09041095890410959,229.5,put,11.1,11.35,0.0,,,0.12362,-0.89289,0.02159,0.11948,-0.04803,-0.19283,spy_options_2016.parquet,2661460
SPY,2016-12-02,2016-12-02T16:00:00-05:00,219.7,2017-01-04,33.0,0.09041095890410959,230.0,call,0.09,0.1,0.11,4,,0.09386,0.04018,0.01373,0.05824,-0.007,0.00827,spy_options_2016.parquet,2661461
SPY,2016-12-02,2016-12-02T16:00:00-05:00,219.7,2017-01-04,33.0,0.09041095890410959,230.0,put,11.57,11.82,0.0,,,0.12432,-0.90122,0.02017,0.11284,-0.0473,-0.19534,spy_options_2016.parquet,2661461
SPY,2016-12-02,2016-12-02T16:00:00-05:00,219.7,2017-01-04,33.0,0.09041095890410959,230.5,call,0.08,0.1,0.1,0,,0.0947,0.0359,0.01239,0.05397,-0.0066,0.00677,spy_options_2016.parquet,2661462
SPY,2016-12-02,2016-12-02T16:00:00-05:00,219.7,2017-01-04,33.0,0.09041095890410959,230.5,put,12.1,12.34,0.0,,,0.13144,-0.89792,0.01951,0.11517,-0.04825,-0.19484,spy_options_2016.parquet,2661462
SPY,2016-12-02,2016-12-02T16:00:00-05:00,219.7,2017-01-04,33.0,0.09041095890410959,231.0,call,0.07,0.08,0.0,,,0.09595,0.03205,0.01122,0.04942,-0.00568,0.00683,spy_options_2016.parquet,2661463
SPY,2016-12-02,2016-12-02T16:00:00-05:00,219.7,2017-01-04,33.0,0.09041095890410959,231.0,put,12.59,12.84,0.0,,,0.13483,-0.90211,0.01858,0.11236,-0.04904,-0.19662,spy_options_2016.parquet,2661463
SPY,2016-12-02,2016-12-02T16:00:00-05:00,219.7,2017-01-04,33.0,0.09041095890410959,231.5,call,0.06,0.09,0.0,,,0.09874,0.02985,0.01028,0.04564,-0.00589,0.00575,spy_options_2016.parquet,2661464
SPY,2016-12-02,2016-12-02T16:00:00-05:00,219.7,2017-01-04,33.0,0.09041095890410959,231.5,put,13.01,13.29,0.0,,,0.13248,-0.91358,0.01696,0.10084,-0.04608,-0.19886,spy_options_2016.parquet,2661464
SPY,2016-12-02,2016-12-02T16:00:00-05:00,219.7,2017-01-04,33.0,0.09041095890410959,232.0,call,0.07,0.08,0.0,,,0.09984,0.02761,0.00947,0.04323,-0.00518,0.0055,spy_options_2016.parquet,2661465
SPY,2016-12-02,2016-12-02T16:00:00-05:00,219.7,2017-01-04,33.0,0.09041095890410959,232.0,put,13.56,13.82,0.0,,,0.1403,-0.90962,0.01673,0.10488,-0.04875,-0.1983,spy_options_2016.parquet,2661465
SPY,2016-12-02,2016-12-02T16:00:00-05:00,219.7,2017-01-04,33.0,0.09041095890410959,232.5,call,0.06,0.08,0.08,0,,0.10249,0.0249,0.00862,0.04062,-0.00467,0.00555,spy_options_2016.parquet,2661466
SPY,2016-12-02,2016-12-02T16:00:00-05:00,219.7,2017-01-04,33.0,0.09041095890410959,232.5,put,14.01,14.28,0.0,,,0.13821,-0.91957,0.01538,0.09585,-0.04687,-0.20154,spy_options_2016.parquet,2661466
SPY,2016-12-02,2016-12-02T16:00:00-05:00,219.7,2017-01-04,33.0,0.09041095890410959,233.0,call,0.05,0.08,0.0,,,0.1034,0.02357,0.00792,0.03738,-0.00458,0.0047,spy_options_2016.parquet,2661467
SPY,2016-12-02,2016-12-02T16:00:00-05:00,219.7,2017-01-04,33.0,0.09041095890410959,233.0,put,14.58,14.83,0.0,,,0.14842,-0.91124,0.01553,0.10371,-0.04916,-0.19996,spy_options_2016.parquet,2661467
SPY,2016-12-02,2016-12-02T16:00:00-05:00,219.7,2017-01-04,33.0,0.09041095890410959,233.5,call,0.05,0.07,0.0,,,0.10671,0.02284,0.00753,0.03727,-0.00486,0.00476,spy_options_2016.parquet,2661468
SPY,2016-12-02,2016-12-02T16:00:00-05:00,219.7,2017-01-04,33.0,0.09041095890410959,233.5,put,15.08,15.33,0.0,,,0.15236,-0.914,0.0148,0.10098,-0.0499,-0.20087,spy_options_2016.parquet,2661468
SPY,2016-12-02,2016-12-02T16:00:00-05:00,219.7,2017-01-04,33.0,0.09041095890410959,234.0,call,0.05,0.06,0.0,,,0.10789,0.02124,0.00687,0.03406,-0.00431,0.00384,spy_options_2016.parquet,2661469
SPY,2016-12-02,2016-12-02T16:00:00-05:00,219.7,2017-01-04,33.0,0.09041095890410959,234.0,put,15.49,15.77,0.0,,,0.14804,-0.92505,0.01354,0.08978,-0.04721,-0.20387,spy_options_2016.parquet,2661469
SPY,2016-12-02,2016-12-02T16:00:00-05:00,219.7,2017-01-04,33.0,0.09041095890410959,234.5,call,0.05,0.06,0.0,,,0.11105,0.02065,0.00657,0.03357,-0.0042,0.00396,spy_options_2016.parquet,2661470
SPY,2016-12-02,2016-12-02T16:00:00-05:00,219.7,2017-01-04,33.0,0.09041095890410959,234.5,put,16.06,16.3,0.0,,,0.15788,-0.9184,0.01358,0.09691,-0.04881,-0.20341,spy_options_2016.parquet,2661470
SPY,2016-12-02,2016-12-02T16:00:00-05:00,219.7,2017-01-04,33.0,0.09041095890410959,235.0,call,0.04,0.05,0.0,,,0.11194,0.01801,0.00607,0.03131,-0.0048,0.00374,spy_options_2016.parquet,2661471
SPY,2016-12-02,2016-12-02T16:00:00-05:00,219.7,2017-01-04,33.0,0.09041095890410959,235.0,put,16.48,16.76,16.62,0,,0.15551,-0.92849,0.01246,0.08647,-0.04654,-0.20533,spy_options_2016.parquet,2661471
SPY,2016-12-02,2016-12-02T16:00:00-05:00,219.7,2017-01-04,33.0,0.09041095890410959,240.0,call,0.03,0.03,0.0,,,0.13279,0.01144,0.00337,0.02051,-0.00332,0.00209,spy_options_2016.parquet,2661472
SPY,2016-12-02,2016-12-02T16:00:00-05:00,219.7,2017-01-04,33.0,0.09041095890410959,240.0,put,21.49,21.73,21.3,8,,0.18678,-0.94181,0.00879,0.07356,-0.04733,-0.21223,spy_options_2016.parquet,2661472
SPY,2016-12-02,2016-12-02T16:00:00-05:00,219.7,2017-01-06,35.0,0.0958904109589041,197.0,call,22.66,22.86,0.0,,,0.24182,0.95668,0.01026,0.05653,-0.01156,0.04606,spy_options_2016.parquet,2661473
SPY,2016-12-02,2016-12-02T16:00:00-05:00,219.7,2017-01-06,35.0,0.0958904109589041,197.0,put,0.31,0.32,0.32,11,,0.2084,-0.05184,0.00736,0.07273,-0.02263,-0.01125,spy_options_2016.parquet,2661473
SPY,2016-12-02,2016-12-02T16:00:00-05:00,219.7,2017-01-06,35.0,0.0958904109589041,197.5,call,22.09,22.3,0.0,,,0.22318,0.97573,0.01029,0.03364,-0.00641,0.02623,spy_options_2016.parquet,2661474
SPY,2016-12-02,2016-12-02T16:00:00-05:00,219.7,2017-01-06,35.0,0.0958904109589041,197.5,put,0.32,0.34,0.0,,,0.20524,-0.05363,0.00766,0.07538,-0.02229,-0.0121,spy_options_2016.parquet,2661474
SPY,2016-12-02,2016-12-02T16:00:00-05:00,219.7,2017-01-06,35.0,0.0958904109589041,198.0,call,21.61,21.8,22.04,2,,0.22325,0.96976,0.01073,0.04111,-0.00749,0.03306,spy_options_2016.parquet,2661475
SPY,2016-12-02,2016-12-02T16:00:00-05:00,219.7,2017-01-06,35.0,0.0958904109589041,198.0,put,0.34,0.36,0.0,,,0.20367,-0.05693,0.00809,0.07879,-0.02337,-0.01227,spy_options_2016.parquet,2661475
SPY,2016-12-02,2016-12-02T16:00:00-05:00,219.7,2017-01-06,35.0,0.0958904109589041,198.5,call,21.11,21.31,0.0,,,0.21952,0.9702,0.01121,0.04083,-0.00731,0.03415,spy_options_2016.parquet,2661476
SPY,2016-12-02,2016-12-02T16:00:00-05:00,219.7,2017-01-06,35.0,0.0958904109589041,198.5,put,0.35,0.37,0.32,29,,0.20131,-0.05852,0.00847,0.08115,-0.02374,-0.01315,spy_options_2016.parquet,2661476
SPY,2016-12-02,2016-12-02T16:00:00-05:00,219.7,2017-01-06,35.0,0.0958904109589041,199.0,call,20.62,20.81,0.0,,,0.21587,0.96732,0.01178,0.04336,-0.00721,0.03561,spy_options_2016.parquet,2661477
SPY,2016-12-02,2016-12-02T16:00:00-05:00,219.7,2017-01-06,35.0,0.0958904109589041,199.0,put,0.37,0.4,0.41,0,,0.19967,-0.06195,0.00891,0.08438,-0.02495,-0.01427,spy_options_2016.parquet,2661477
SPY,2016-12-02,2016-12-02T16:00:00-05:00,219.7,2017-01-06,35.0,0.0958904109589041,199.5,call,20.19,20.39,0.0,,,0.2256,0.94772,0.01267,0.06763,-0.01307,0.05484,spy_options_2016.parquet,2661478
SPY,2016-12-02,2016-12-02T16:00:00-05:00,219.7,2017-01-06,35.0,0.0958904109589041,199.5,put,0.4,0.4,0.0,,,0.19762,-0.06534,0.00934,0.08775,-0.02589,-0.01439,spy_options_2016.parquet,2661478
SPY,2016-12-02,2016-12-02T16:00:00-05:00,219.7,2017-01-06,35.0,0.0958904109589041,200.0,call,19.65,19.83,20.06,4,,0.21323,0.95924,0.01303,0.05466,-0.00949,0.04525,spy_options_2016.parquet,2661479
SPY,2016-12-02,2016-12-02T16:00:00-05:00,219.7,2017-01-06,35.0,0.0958904109589041,200.0,put,0.41,0.43,0.42,12,,0.19577,-0.06924,0.00977,0.09088,-0.02686,-0.01503,spy_options_2016.parquet,2661479
SPY,2016-12-02,2016-12-02T16:00:00-05:00,219.7,2017-01-06,35.0,0.0958904109589041,202.5,call,17.2,17.38,0.0,,,0.19888,0.94276,0.01636,0.07265,-0.01191,0.05755,spy_options_2016.parquet,2661480
SPY,2016-12-02,2016-12-02T16:00:00-05:00,219.7,2017-01-06,35.0,0.0958904109589041,202.5,put,0.52,0.53,0.47,5,,0.18495,-0.08771,0.01253,0.11002,-0.03076,-0.01921,spy_options_2016.parquet,2661480
SPY,2016-12-02,2016-12-02T16:00:00-05:00,219.7,2017-01-06,35.0,0.0958904109589041,205.0,call,14.79,14.96,15.75,0,,0.18616,0.91453,0.02031,0.10091,-0.01642,0.07187,spy_options_2016.parquet,2661481
SPY,2016-12-02,2016-12-02T16:00:00-05:00,219.7,2017-01-06,35.0,0.0958904109589041,205.0,put,0.67,0.7,0.7,44,,0.17439,-0.11372,0.016,0.13273,-0.03576,-0.02584,spy_options_2016.parquet,2661481
SPY,2016-12-02,2016-12-02T16:00:00-05:00,219.7,2017-01-06,35.0,0.0958904109589041,206.0,call,13.91,14.08,0.0,,,0.18768,0.88979,0.02176,0.12291,-0.02097,0.08269,spy_options_2016.parquet,2661482
SPY,2016-12-02,2016-12-02T16:00:00-05:00,219.7,2017-01-06,35.0,0.0958904109589041,206.0,put,0.74,0.77,0.8,6,,0.16977,-0.12642,0.01767,0.14286,-0.03738,-0.02763,spy_options_2016.parquet,2661482
SPY,2016-12-02,2016-12-02T16:00:00-05:00,219.7,2017-01-06,35.0,0.0958904109589041,206.5,call,13.35,13.51,0.0,,,0.17748,0.89808,0.02312,0.11546,-0.01774,0.07762,spy_options_2016.parquet,2661483
SPY,2016-12-02,2016-12-02T16:00:00-05:00,219.7,2017-01-06,35.0,0.0958904109589041,206.5,put,0.78,0.81,0.0,,,0.16836,-0.13256,0.01847,0.14774,-0.03844,-0.02977,spy_options_2016.parquet,2661483
SPY,2016-12-02,2016-12-02T16:00:00-05:00,219.7,2017-01-06,35.0,0.0958904109589041,207.0,call,12.92,13.1,0.0,,,0.17925,0.8819,0.02377,0.12924,-0.02062,0.08406,spy_options_2016.parquet,2661484
SPY,2016-12-02,2016-12-02T16:00:00-05:00,219.7,2017-01-06,35.0,0.0958904109589041,207.0,put,0.83,0.86,0.8,1,,0.16654,-0.14092,0.01944,0.15372,-0.03953,-0.031,spy_options_2016.parquet,2661484
SPY,2016-12-02,2016-12-02T16:00:00-05:00,219.7,2017-01-06,35.0,0.0958904109589041,207.5,call,12.49,12.65,0.0,,,0.17835,0.8695,0.02458,0.13931,-0.02246,0.08768,spy_options_2016.parquet,2661485
SPY,2016-12-02,2016-12-02T16:00:00-05:00,219.7,2017-01-06,35.0,0.0958904109589041,207.5,put,0.87,0.91,0.89,774,,0.16503,-0.14857,0.02043,0.1601,-0.04067,-0.03336,spy_options_2016.parquet,2661485
SPY,2016-12-02,2016-12-02T16:00:00-05:00,219.7,2017-01-06,35.0,0.0958904109589041,208.0,call,11.94,12.1,0.0,,,0.16982,0.87317,0.0262,0.13554,-0.02057,0.08497,spy_options_2016.parquet,2661486
SPY,2016-12-02,2016-12-02T16:00:00-05:00,219.7,2017-01-06,35.0,0.0958904109589041,208.0,put,0.93,0.96,0.98,6,,0.16293,-0.15688,0.02143,0.1653,-0.04134,-0.03535,spy_options_2016.parquet,2661486
SPY,2016-12-02,2016-12-02T16:00:00-05:00,219.7,2017-01-06,35.0,0.0958904109589041,208.5,call,11.46,11.62,0.0,,,0.16649,0.86722,0.02744,0.14081,-0.02094,0.08656,spy_options_2016.parquet,2661487
SPY,2016-12-02,2016-12-02T16:00:00-05:00,219.7,2017-01-06,35.0,0.0958904109589041,208.5,put,0.97,1.01,0.0,,,0.16056,-0.1648,0.02241,0.17046,-0.04298,-0.0366,spy_options_2016.parquet,2661487
SPY,2016-12-02,2016-12-02T16:00:00-05:00,219.7,2017-01-06,35.0,0.0958904109589041,209.0,call,11.04,11.2,0.0,,,0.16649,0.85191,0.02823,0.15172,-0.02263,0.09108,spy_options_2016.parquet,2661488
SPY,2016-12-02,2016-12-02T16:00:00-05:00,219.7,2017-01-06,35.0,0.0958904109589041,209.0,put,1.02,1.05,1.05,3,,0.15768,-0.17437,0.02357,0.17642,-0.0436,-0.03845,spy_options_2016.parquet,2661488
SPY,2016-12-02,2016-12-02T16:00:00-05:00,219.7,2017-01-06,35.0,0.0958904109589041,209.5,call,10.54,10.7,0.0,,,0.16138,0.84678,0.02971,0.15516,-0.02293,0.0905,spy_options_2016.parquet,2661489
SPY,2016-12-02,2016-12-02T16:00:00-05:00,219.7,2017-01-06,35.0,0.0958904109589041,209.5,put,1.09,1.13,1.06,10,,0.15577,-0.18386,0.02464,0.18273,-0.04517,-0.04073,spy_options_2016.parquet,2661489
SPY,2016-12-02,2016-12-02T16:00:00-05:00,219.7,2017-01-06,35.0,0.0958904109589041,210.0,call,10.09,10.24,10.34,0,,0.1588,0.8361,0.03099,0.16287,-0.02332,0.09242,spy_options_2016.parquet,2661490
SPY,2016-12-02,2016-12-02T16:00:00-05:00,219.7,2017-01-06,35.0,0.0958904109589041,210.0,put,1.15,1.2,1.18,,,0.15417,-0.19466,0.02587,0.1893,-0.0463,-0.0434,spy_options_2016.parquet,2661490
SPY,2016-12-02,2016-12-02T16:00:00-05:00,219.7,2017-01-06,35.0,0.0958904109589041,210.5,call,9.72,9.86,0.0,,,0.16058,0.81605,0.0315,0.17576,-0.02623,0.09689,spy_options_2016.parquet,2661491
SPY,2016-12-02,2016-12-02T16:00:00-05:00,219.7,2017-01-06,35.0,0.0958904109589041,210.5,put,1.22,1.27,0.0,,,0.15187,-0.20563,0.02703,0.19621,-0.04764,-0.04523,spy_options_2016.parquet,2661491
SPY,2016-12-02,2016-12-02T16:00:00-05:00,219.7,2017-01-06,35.0,0.0958904109589041,211.0,call,9.22,9.37,0.0,,,0.15563,0.80905,0.03318,0.17954,-0.02577,0.09655,spy_options_2016.parquet,2661492
SPY,2016-12-02,2016-12-02T16:00:00-05:00,219.7,2017-01-06,35.0,0.0958904109589041,211.0,put,1.29,1.33,1.32,1,,0.14989,-0.21633,0.0283,0.20229,-0.0479,-0.0485,spy_options_2016.parquet,2661492
SPY,2016-12-02,2016-12-02T16:00:00-05:00,219.7,2017-01-06,35.0,0.0958904109589041,211.5,call,8.81,8.93,0.0,,,0.15436,0.79549,0.0343,0.18788,-0.02678,0.09861,spy_options_2016.parquet,2661493
SPY,2016-12-02,2016-12-02T16:00:00-05:00,219.7,2017-01-06,35.0,0.0958904109589041,211.5,put,1.36,1.41,0.0,,,0.14757,-0.22905,0.02965,0.2083,-0.04934,-0.05064,spy_options_2016.parquet,2661493
SPY,2016-12-02,2016-12-02T16:00:00-05:00,219.7,2017-01-06,35.0,0.0958904109589041,212.0,call,8.37,8.51,0.0,,,0.15216,0.78188,0.03562,0.19557,-0.02831,0.09954,spy_options_2016.parquet,2661494
SPY,2016-12-02,2016-12-02T16:00:00-05:00,219.7,2017-01-06,35.0,0.0958904109589041,212.0,put,1.44,1.48,1.39,30,,0.14548,-0.24174,0.03104,0.21486,-0.05033,-0.05416,spy_options_2016.parquet,2661494
SPY,2016-12-02,2016-12-02T16:00:00-05:00,219.7,2017-01-06,35.0,0.0958904109589041,212.5,call,7.93,8.07,0.0,,,0.14914,0.76907,0.03708,0.20303,-0.02836,0.0998,spy_options_2016.parquet,2661495
SPY,2016-12-02,2016-12-02T16:00:00-05:00,219.7,2017-01-06,35.0,0.0958904109589041,212.5,put,1.53,1.57,1.54,115,,0.14423,-0.25546,0.03227,0.22111,-0.05202,-0.05725,spy_options_2016.parquet,2661495
SPY,2016-12-02,2016-12-02T16:00:00-05:00,219.7,2017-01-06,35.0,0.0958904109589041,213.0,call,7.54,7.62,7.53,4,,0.14677,0.75221,0.03824,0.21077,-0.02949,0.10065,spy_options_2016.parquet,2661496
SPY,2016-12-02,2016-12-02T16:00:00-05:00,219.7,2017-01-06,35.0,0.0958904109589041,213.0,put,1.63,1.67,1.68,82,,0.14204,-0.26927,0.03375,0.22734,-0.05278,-0.05953,spy_options_2016.parquet,2661496
SPY,2016-12-02,2016-12-02T16:00:00-05:00,219.7,2017-01-06,35.0,0.0958904109589041,213.5,call,7.01,7.14,0.0,,,0.14104,0.74366,0.04074,0.21431,-0.02888,0.09951,spy_options_2016.parquet,2661497
SPY,2016-12-02,2016-12-02T16:00:00-05:00,219.7,2017-01-06,35.0,0.0958904109589041,213.5,put,1.73,1.76,0.0,,,0.13925,-0.2842,0.0352,0.23295,-0.05347,-0.06305,spy_options_2016.parquet,2661497
SPY,2016-12-02,2016-12-02T16:00:00-05:00,219.7,2017-01-06,35.0,0.0958904109589041,214.0,call,6.6,6.72,0.0,,,0.13823,0.72731,0.04232,0.22177,-0.02957,0.10021,spy_options_2016.parquet,2661498
SPY,2016-12-02,2016-12-02T16:00:00-05:00,219.7,2017-01-06,35.0,0.0958904109589041,214.0,put,1.84,1.87,1.86,5,,0.13773,-0.30031,0.03658,0.2389,-0.05385,-0.0669,spy_options_2016.parquet,2661498
SPY,2016-12-02,2016-12-02T16:00:00-05:00,219.7,2017-01-06,35.0,0.0958904109589041,214.5,call,6.24,6.29,6.13,1,,0.13621,0.70806,0.04356,0.22885,-0.02959,0.1001,spy_options_2016.parquet,2661499
SPY,2016-12-02,2016-12-02T16:00:00-05:00,219.7,2017-01-06,35.0,0.0958904109589041,214.5,put,1.93,1.97,2.01,90,,0.13506,-0.31632,0.03821,0.24506,-0.0553,-0.07044,spy_options_2016.parquet,2661499
SPY,2016-12-02,2016-12-02T16:00:00-05:00,219.7,2017-01-06,35.0,0.0958904109589041,215.0,call,5.85,5.88,5.78,1,,0.13315,0.68964,0.04513,0.23622,-0.03096,0.09941,spy_options_2016.parquet,2661500
SPY,2016-12-02,2016-12-02T16:00:00-05:00,219.7,2017-01-06,35.0,0.0958904109589041,215.0,put,2.06,2.11,2.12,149,,0.13296,-0.33435,0.03951,0.25091,-0.05593,-0.07419,spy_options_2016.parquet,2661500
SPY,2016-12-02,2016-12-02T16:00:00-05:00,219.7,2017-01-06,35.0,0.0958904109589041,215.5,call,5.43,5.54,0.0,,,0.13235,0.66888,0.04622,0.24294,-0.03122,0.0993,spy_options_2016.parquet,2661501
SPY,2016-12-02,2016-12-02T16:00:00-05:00,219.7,2017-01-06,35.0,0.0958904109589041,215.5,put,2.19,2.25,1.96,30,,0.13105,-0.35354,0.04094,0.25529,-0.05722,-0.07857,spy_options_2016.parquet,2661501
SPY,2016-12-02,2016-12-02T16:00:00-05:00,219.7,2017-01-06,35.0,0.0958904109589041,216.0,call,5.03,5.1,0.0,,,0.12759,0.65012,0.04828,0.24804,-0.03071,0.09845,spy_options_2016.parquet,2661502
SPY,2016-12-02,2016-12-02T16:00:00-05:00,219.7,2017-01-06,35.0,0.0958904109589041,216.0,put,2.33,2.36,2.33,110,,0.12906,-0.37252,0.04231,0.2603,-0.05736,-0.08268,spy_options_2016.parquet,2661502
SPY,2016-12-02,2016-12-02T16:00:00-05:00,219.7,2017-01-06,35.0,0.0958904109589041,216.5,call,4.69,4.73,4.81,0,,0.12658,0.62791,0.04936,0.25431,-0.03134,0.0967,spy_options_2016.parquet,2661503
SPY,2016-12-02,2016-12-02T16:00:00-05:00,219.7,2017-01-06,35.0,0.0958904109589041,216.5,put,2.47,2.51,2.58,224,,0.12674,-0.39263,0.0439,0.26394,-0.05734,-0.08731,spy_options_2016.parquet,2661503
SPY,2016-12-02,2016-12-02T16:00:00-05:00,219.7,2017-01-06,35.0,0.0958904109589041,217.0,call,4.29,4.36,0.0,,,0.12308,0.60575,0.05105,0.25891,-0.03152,0.09503,spy_options_2016.parquet,2661504
SPY,2016-12-02,2016-12-02T16:00:00-05:00,219.7,2017-01-06,35.0,0.0958904109589041,217.0,put,2.6,2.67,2.64,770,,0.12422,-0.41333,0.04516,0.26814,-0.05803,-0.0926,spy_options_2016.parquet,2661504
SPY,2016-12-02,2016-12-02T16:00:00-05:00,219.7,2017-01-06,35.0,0.0958904109589041,217.5,call,3.99,4.06,4.52,0,,0.12248,0.57989,0.05116,0.26361,-0.03288,0.09418,spy_options_2016.parquet,2661505
SPY,2016-12-02,2016-12-02T16:00:00-05:00,219.7,2017-01-06,35.0,0.0958904109589041,217.5,put,2.82,2.83,2.95,195,,0.12318,-0.43655,0.04617,0.27041,-0.05868,-0.09771,spy_options_2016.parquet,2661505
SPY,2016-12-02,2016-12-02T16:00:00-05:00,219.7,2017-01-06,35.0,0.0958904109589041,218.0,call,3.67,3.73,3.58,2,,0.1209,0.55512,0.05214,0.26657,-0.03227,0.09158,spy_options_2016.parquet,2661506
SPY,2016-12-02,2016-12-02T16:00:00-05:00,219.7,2017-01-06,35.0,0.0958904109589041,218.0,put,2.98,3.03,3.08,131,,0.12101,-0.45898,0.04715,0.27242,-0.05934,-0.10255,spy_options_2016.parquet,2661506
SPY,2016-12-02,2016-12-02T16:00:00-05:00,219.7,2017-01-06,35.0,0.0958904109589041,218.5,call,3.29,3.33,3.55,8,,0.11655,0.52998,0.05415,0.26926,-0.03136,0.08903,spy_options_2016.parquet,2661507
SPY,2016-12-02,2016-12-02T16:00:00-05:00,219.7,2017-01-06,35.0,0.0958904109589041,218.5,put,3.18,3.22,3.3,199,,0.11992,-0.48273,0.04809,0.27347,-0.05913,-0.10787,spy_options_2016.parquet,2661507
SPY,2016-12-02,2016-12-02T16:00:00-05:00,219.7,2017-01-06,35.0,0.0958904109589041,219.0,call,2.99,3.05,2.95,14,,0.11464,0.50281,0.05436,0.27063,-0.03175,0.08577,spy_options_2016.parquet,2661508
SPY,2016-12-02,2016-12-02T16:00:00-05:00,219.7,2017-01-06,35.0,0.0958904109589041,219.0,put,3.38,3.42,3.4,46,,0.11737,-0.50761,0.04897,0.2741,-0.05944,-0.11354,spy_options_2016.parquet,2661508
SPY,2016-12-02,2016-12-02T16:00:00-05:00,219.7,2017-01-06,35.0,0.0958904109589041,219.5,call,2.67,2.72,2.7,451,,0.11127,0.4753,0.05547,0.27024,-0.03147,0.08204,spy_options_2016.parquet,2661509
SPY,2016-12-02,2016-12-02T16:00:00-05:00,219.7,2017-01-06,35.0,0.0958904109589041,219.5,put,3.58,3.65,3.75,0,,0.11556,-0.53324,0.0496,0.27301,-0.05893,-0.11921,spy_options_2016.parquet,2661509
SPY,2016-12-02,2016-12-02T16:00:00-05:00,219.7,2017-01-06,35.0,0.0958904109589041,220.0,call,2.42,2.45,2.35,242,,0.10955,0.44634,0.05552,0.26881,-0.03027,0.07882,spy_options_2016.parquet,2661510
SPY,2016-12-02,2016-12-02T16:00:00-05:00,219.7,2017-01-06,35.0,0.0958904109589041,220.0,put,3.81,3.88,4.02,226,,0.11302,-0.55941,0.05014,0.27107,-0.05917,-0.12479,spy_options_2016.parquet,2661510
SPY,2016-12-02,2016-12-02T16:00:00-05:00,219.7,2017-01-06,35.0,0.0958904109589041,220.5,call,2.14,2.18,2.16,193,,0.10797,0.4177,0.0555,0.26522,-0.02966,0.07478,spy_options_2016.parquet,2661511
SPY,2016-12-02,2016-12-02T16:00:00-05:00,219.7,2017-01-06,35.0,0.0958904109589041,220.5,put,4.05,4.11,4.2,53,,0.11215,-0.58528,0.05023,0.26735,-0.05828,-0.13068,spy_options_2016.parquet,2661511
SPY,2016-12-02,2016-12-02T16:00:00-05:00,219.7,2017-01-06,35.0,0.0958904109589041,221.0,call,1.89,1.91,1.86,143,,0.10545,0.38772,0.05552,0.26048,-0.02851,0.07045,spy_options_2016.parquet,2661512
SPY,2016-12-02,2016-12-02T16:00:00-05:00,219.7,2017-01-06,35.0,0.0958904109589041,221.0,put,4.31,4.38,4.37,171,,0.11021,-0.61248,0.05016,0.26203,-0.05782,-0.13705,spy_options_2016.parquet,2661512
SPY,2016-12-02,2016-12-02T16:00:00-05:00,219.7,2017-01-06,35.0,0.0958904109589041,221.5,call,1.65,1.7,1.78,2,,0.10348,0.35778,0.05465,0.25502,-0.02809,0.06619,spy_options_2016.parquet,2661513
SPY,2016-12-02,2016-12-02T16:00:00-05:00,219.7,2017-01-06,35.0,0.0958904109589041,221.5,put,4.58,4.66,4.76,0,,0.1081,-0.64009,0.04994,0.25637,-0.05693,-0.14298,spy_options_2016.parquet,2661513
SPY,2016-12-02,2016-12-02T16:00:00-05:00,219.7,2017-01-06,35.0,0.0958904109589041,222.0,call,1.44,1.46,1.48,185,,0.10112,0.32835,0.0537,0.24679,-0.02691,0.06155,spy_options_2016.parquet,2661514
SPY,2016-12-02,2016-12-02T16:00:00-05:00,219.7,2017-01-06,35.0,0.0958904109589041,222.0,put,4.9,4.98,5.04,13,,0.10711,-0.665,0.04892,0.24876,-0.0561,-0.1487,spy_options_2016.parquet,2661514
SPY,2016-12-02,2016-12-02T16:00:00-05:00,219.7,2017-01-06,35.0,0.0958904109589041,222.5,call,1.23,1.27,1.25,65,,0.09895,0.29864,0.05231,0.23745,-0.02537,0.05649,spy_options_2016.parquet,2661515
SPY,2016-12-02,2016-12-02T16:00:00-05:00,219.7,2017-01-06,35.0,0.0958904109589041,222.5,put,5.21,5.31,5.37,54,,0.10688,-0.6903,0.04757,0.24066,-0.05573,-0.15496,spy_options_2016.parquet,2661515
SPY,2016-12-02,2016-12-02T16:00:00-05:00,219.7,2017-01-06,35.0,0.0958904109589041,223.0,call,1.06,1.09,1.05,103,,0.09716,0.26879,0.05052,0.22581,-0.02408,0.05204,spy_options_2016.parquet,2661516
SPY,2016-12-02,2016-12-02T16:00:00-05:00,219.7,2017-01-06,35.0,0.0958904109589041,223.0,put,5.54,5.64,5.64,2,,0.10535,-0.71528,0.04617,0.23133,-0.05453,-0.16081,spy_options_2016.parquet,2661516
SPY,2016-12-02,2016-12-02T16:00:00-05:00,219.7,2017-01-06,35.0,0.0958904109589041,223.5,call,0.94,0.96,0.93,80,,0.09735,0.24469,0.04792,0.21565,-0.02265,0.04792,spy_options_2016.parquet,2661517
SPY,2016-12-02,2016-12-02T16:00:00-05:00,219.7,2017-01-06,35.0,0.0958904109589041,223.5,put,5.89,6.01,5.9,22,,0.10547,-0.73812,0.04438,0.2219,-0.05331,-0.1654,spy_options_2016.parquet,2661517
SPY,2016-12-02,2016-12-02T16:00:00-05:00,219.7,2017-01-06,35.0,0.0958904109589041,224.0,call,0.78,0.82,0.81,,,0.09624,0.21785,0.04545,0.20221,-0.02156,0.04323,spy_options_2016.parquet,2661518
SPY,2016-12-02,2016-12-02T16:00:00-05:00,219.7,2017-01-06,35.0,0.0958904109589041,224.0,put,6.25,6.42,0.0,,,0.10487,-0.75936,0.04234,0.21188,-0.05241,-0.17049,spy_options_2016.parquet,2661518
SPY,2016-12-02,2016-12-02T16:00:00-05:00,219.7,2017-01-06,35.0,0.0958904109589041,224.5,call,0.66,0.7,0.67,44,,0.09514,0.19339,0.04275,0.1889,-0.01951,0.03855,spy_options_2016.parquet,2661519
SPY,2016-12-02,2016-12-02T16:00:00-05:00,219.7,2017-01-06,35.0,0.0958904109589041,224.5,put,6.67,6.85,0.0,,,0.10664,-0.77719,0.04012,0.20323,-0.05263,-0.17495,spy_options_2016.parquet,2661519
SPY,2016-12-02,2016-12-02T16:00:00-05:00,219.7,2017-01-06,35.0,0.0958904109589041,225.0,call,0.55,0.6,0.57,51,,0.09327,0.16973,0.0398,0.17407,-0.01823,0.0342,spy_options_2016.parquet,2661520
SPY,2016-12-02,2016-12-02T16:00:00-05:00,219.7,2017-01-06,35.0,0.0958904109589041,225.0,put,7.01,7.21,7.23,1,,0.10436,-0.8017,0.0382,0.18923,-0.04994,-0.18024,spy_options_2016.parquet,2661520
SPY,2016-12-02,2016-12-02T16:00:00-05:00,219.7,2017-01-06,35.0,0.0958904109589041,225.5,call,0.47,0.49,0.48,5,,0.09364,0.15026,0.0368,0.16079,-0.0167,0.03052,spy_options_2016.parquet,2661521
SPY,2016-12-02,2016-12-02T16:00:00-05:00,219.7,2017-01-06,35.0,0.0958904109589041,225.5,put,7.48,7.66,6.79,0,,0.10688,-0.81353,0.0359,0.1823,-0.04974,-0.18357,spy_options_2016.parquet,2661521
SPY,2016-12-02,2016-12-02T16:00:00-05:00,219.7,2017-01-06,35.0,0.0958904109589041,226.0,call,0.4,0.42,0.38,3,,0.09278,0.13086,0.03376,0.14675,-0.01567,0.02685,spy_options_2016.parquet,2661522
SPY,2016-12-02,2016-12-02T16:00:00-05:00,219.7,2017-01-06,35.0,0.0958904109589041,226.0,put,7.87,8.06,0.0,,,0.10507,-0.83434,0.03368,0.1683,-0.04874,-0.18838,spy_options_2016.parquet,2661522
SPY,2016-12-02,2016-12-02T16:00:00-05:00,219.7,2017-01-06,35.0,0.0958904109589041,226.5,call,0.35,0.37,0.34,5,,0.09204,0.1145,0.03081,0.13388,-0.01389,0.02329,spy_options_2016.parquet,2661523
SPY,2016-12-02,2016-12-02T16:00:00-05:00,219.7,2017-01-06,35.0,0.0958904109589041,226.5,put,8.33,8.54,0.0,,,0.1073,-0.84308,0.0316,0.16233,-0.04805,-0.19107,spy_options_2016.parquet,2661523
SPY,2016-12-02,2016-12-02T16:00:00-05:00,219.7,2017-01-06,35.0,0.0958904109589041,227.0,call,0.28,0.3,0.28,111,,0.09152,0.09938,0.02781,0.12047,-0.01289,0.02032,spy_options_2016.parquet,2661524
SPY,2016-12-02,2016-12-02T16:00:00-05:00,219.7,2017-01-06,35.0,0.0958904109589041,227.0,put,8.75,8.97,8.47,0,,0.10795,-0.85879,0.02947,0.15072,-0.04747,-0.19461,spy_options_2016.parquet,2661524
SPY,2016-12-02,2016-12-02T16:00:00-05:00,219.7,2017-01-06,35.0,0.0958904109589041,227.5,call,0.24,0.25,0.0,,,0.09124,0.08591,0.02503,0.10897,-0.01134,0.01787,spy_options_2016.parquet,2661525
SPY,2016-12-02,2016-12-02T16:00:00-05:00,219.7,2017-01-06,35.0,0.0958904109589041,227.5,put,9.25,9.45,0.0,,,0.11188,-0.86442,0.0277,0.14702,-0.04765,-0.19636,spy_options_2016.parquet,2661525
SPY,2016-12-02,2016-12-02T16:00:00-05:00,219.7,2017-01-06,35.0,0.0958904109589041,228.0,call,0.2,0.22,0.21,1,,0.09189,0.07545,0.02261,0.09829,-0.00989,0.01526,spy_options_2016.parquet,2661526
SPY,2016-12-02,2016-12-02T16:00:00-05:00,219.7,2017-01-06,35.0,0.0958904109589041,228.0,put,9.7,9.93,0.0,,,0.1129,-0.87442,0.02592,0.13871,-0.04691,-0.19924,spy_options_2016.parquet,2661526
SPY,2016-12-02,2016-12-02T16:00:00-05:00,219.7,2017-01-06,35.0,0.0958904109589041,228.5,call,0.17,0.2,0.22,0,,0.09263,0.06541,0.0203,0.08933,-0.00976,0.01357,spy_options_2016.parquet,2661527
SPY,2016-12-02,2016-12-02T16:00:00-05:00,219.7,2017-01-06,35.0,0.0958904109589041,228.5,put,10.18,10.4,0.0,,,0.11607,-0.88011,0.02437,0.13415,-0.04707,-0.20055,spy_options_2016.parquet,2661527
SPY,2016-12-02,2016-12-02T16:00:00-05:00,219.7,2017-01-06,35.0,0.0958904109589041,229.0,call,0.16,0.16,0.16,22,,0.09348,0.05891,0.01834,0.08136,-0.00876,0.01275,spy_options_2016.parquet,2661528
SPY,2016-12-02,2016-12-02T16:00:00-05:00,219.7,2017-01-06,35.0,0.0958904109589041,229.0,put,10.64,10.89,0.0,,,0.11745,-0.88887,0.0228,0.12662,-0.04633,-0.20327,spy_options_2016.parquet,2661528
SPY,2016-12-02,2016-12-02T16:00:00-05:00,219.7,2017-01-06,35.0,0.0958904109589041,229.5,call,0.13,0.15,0.13,173,,0.09371,0.05199,0.01652,0.07414,-0.00843,0.01046,spy_options_2016.parquet,2661529
SPY,2016-12-02,2016-12-02T16:00:00-05:00,219.7,2017-01-06,35.0,0.0958904109589041,229.5,put,11.12,11.35,0.0,,,0.11865,-0.89534,0.02139,0.12141,-0.04575,-0.2051,spy_options_2016.parquet,2661529
SPY,2016-12-02,2016-12-02T16:00:00-05:00,219.7,2017-01-06,35.0,0.0958904109589041,230.0,call,0.12,0.13,0.13,11,,0.09547,0.04701,0.0149,0.06863,-0.00747,0.00935,spy_options_2016.parquet,2661530
SPY,2016-12-02,2016-12-02T16:00:00-05:00,219.7,2017-01-06,35.0,0.0958904109589041,230.0,put,11.64,11.86,0.0,,,0.12427,-0.89514,0.02042,0.12059,-0.04647,-0.20565,spy_options_2016.parquet,2661530
SPY,2016-12-02,2016-12-02T16:00:00-05:00,219.7,2017-01-06,35.0,0.0958904109589041,230.5,call,0.11,0.12,0.1,1,,0.09718,0.04302,0.01365,0.06336,-0.00671,0.00924,spy_options_2016.parquet,2661531
SPY,2016-12-02,2016-12-02T16:00:00-05:00,219.7,2017-01-06,35.0,0.0958904109589041,230.5,put,12.07,12.31,0.0,,,0.1223,-0.90753,0.01888,0.11045,-0.04421,-0.20882,spy_options_2016.parquet,2661531
SPY,2016-12-02,2016-12-02T16:00:00-05:00,219.7,2017-01-06,35.0,0.0958904109589041,231.0,call,0.09,0.11,0.11,0,,0.09789,0.03753,0.01221,0.05772,-0.00615,0.00806,spy_options_2016.parquet,2661532
SPY,2016-12-02,2016-12-02T16:00:00-05:00,219.7,2017-01-06,35.0,0.0958904109589041,231.0,put,12.58,12.82,0.0,,,0.12735,-0.9086,0.01797,0.10863,-0.04458,-0.2094,spy_options_2016.parquet,2661532
SPY,2016-12-02,2016-12-02T16:00:00-05:00,219.7,2017-01-06,35.0,0.0958904109589041,231.5,call,0.1,0.09,0.0,,,0.0994,0.03495,0.01134,0.05446,-0.00647,0.00784,spy_options_2016.parquet,2661533
SPY,2016-12-02,2016-12-02T16:00:00-05:00,219.7,2017-01-06,35.0,0.0958904109589041,231.5,put,13.06,13.24,12.99,2,,0.12669,-0.91808,0.01663,0.10016,-0.04329,-0.21189,spy_options_2016.parquet,2661533
SPY,2016-12-02,2016-12-02T16:00:00-05:00,219.7,2017-01-06,35.0,0.0958904109589041,232.0,call,0.09,0.09,0.07,100,,0.10073,0.03129,0.01028,0.04949,-0.00614,0.00712,spy_options_2016.parquet,2661534
SPY,2016-12-02,2016-12-02T16:00:00-05:00,219.7,2017-01-06,35.0,0.0958904109589041,232.0,put,13.55,13.79,0.0,,,0.13168,-0.91671,0.01613,0.10107,-0.04415,-0.21235,spy_options_2016.parquet,2661534
SPY,2016-12-02,2016-12-02T16:00:00-05:00,219.7,2017-01-06,35.0,0.0958904109589041,232.5,call,0.07,0.08,0.0,,,0.10201,0.02782,0.00923,0.04528,-0.00588,0.00567,spy_options_2016.parquet,2661535
SPY,2016-12-02,2016-12-02T16:00:00-05:00,219.7,2017-01-06,35.0,0.0958904109589041,232.5,put,14.06,14.3,0.0,,,0.13693,-0.91706,0.01553,0.10111,-0.04492,-0.21292,spy_options_2016.parquet,2661535
SPY,2016-12-02,2016-12-02T16:00:00-05:00,219.7,2017-01-06,35.0,0.0958904109589041,233.0,call,0.05,0.07,0.06,1,,0.10197,0.02454,0.00823,0.04088,-0.00457,0.0049,spy_options_2016.parquet,2661536
SPY,2016-12-02,2016-12-02T16:00:00-05:00,219.7,2017-01-06,35.0,0.0958904109589041,233.0,put,14.54,14.78,0.0,,,0.13805,-0.92161,0.01463,0.09596,-0.04501,-0.21406,spy_options_2016.parquet,2661536
SPY,2016-12-02,2016-12-02T16:00:00-05:00,219.7,2017-01-06,35.0,0.0958904109589041,233.5,call,0.06,0.06,0.07,0,,0.10492,0.02397,0.00778,0.03997,-0.00522,0.0048,spy_options_2016.parquet,2661537
SPY,2016-12-02,2016-12-02T16:00:00-05:00,219.7,2017-01-06,35.0,0.0958904109589041,233.5,put,15.03,15.27,0.0,,,0.1406,-0.92347,0.01404,0.0937,-0.04423,-0.21541,spy_options_2016.parquet,2661537
SPY,2016-12-02,2016-12-02T16:00:00-05:00,219.7,2017-01-06,35.0,0.0958904109589041,234.0,call,0.06,0.07,0.0,,,0.10776,0.02403,0.00752,0.03934,-0.00522,0.00529,spy_options_2016.parquet,2661538
SPY,2016-12-02,2016-12-02T16:00:00-05:00,219.7,2017-01-06,35.0,0.0958904109589041,234.0,put,15.54,15.82,0.0,,,0.14739,-0.92108,0.0138,0.09648,-0.04594,-0.21493,spy_options_2016.parquet,2661538
SPY,2016-12-02,2016-12-02T16:00:00-05:00,219.7,2017-01-06,35.0,0.0958904109589041,234.5,call,0.07,0.07,0.06,2,,0.11065,0.02326,0.00716,0.03776,-0.00551,0.00517,spy_options_2016.parquet,2661539
SPY,2016-12-02,2016-12-02T16:00:00-05:00,219.7,2017-01-06,35.0,0.0958904109589041,234.5,put,16.04,16.28,0.0,,,0.14782,-0.92713,0.01289,0.09046,-0.04502,-0.21666,spy_options_2016.parquet,2661539
SPY,2016-12-02,2016-12-02T16:00:00-05:00,219.7,2017-01-06,35.0,0.0958904109589041,235.0,call,0.06,0.06,0.07,0,,0.11043,0.01983,0.0063,0.03421,-0.00409,0.00426,spy_options_2016.parquet,2661540
SPY,2016-12-02,2016-12-02T16:00:00-05:00,219.7,2017-01-06,35.0,0.0958904109589041,235.0,put,16.47,16.75,0.0,,,0.14611,-0.9343,0.01185,0.08249,-0.0437,-0.21843,spy_options_2016.parquet,2661540
SPY,2016-12-02,2016-12-02T16:00:00-05:00,219.7,2017-01-06,35.0,0.0958904109589041,235.5,call,0.06,0.06,0.07,0,,0.11339,0.01912,0.00602,0.03313,-0.00425,0.00406,spy_options_2016.parquet,2661541
SPY,2016-12-02,2016-12-02T16:00:00-05:00,219.7,2017-01-06,35.0,0.0958904109589041,235.5,put,17.09,17.34,0.0,,,0.16104,-0.92125,0.01262,0.09653,-0.04824,-0.21656,spy_options_2016.parquet,2661541
SPY,2016-12-02,2016-12-02T16:00:00-05:00,219.7,2017-01-06,35.0,0.0958904109589041,236.0,call,0.05,0.06,0.0,,,0.11609,0.01934,0.00576,0.03261,-0.00494,0.00356,spy_options_2016.parquet,2661542
SPY,2016-12-02,2016-12-02T16:00:00-05:00,219.7,2017-01-06,35.0,0.0958904109589041,236.0,put,17.58,17.85,0.0,,,0.16516,-0.92198,0.01224,0.09579,-0.0481,-0.21671,spy_options_2016.parquet,2661542
SPY,2016-12-02,2016-12-02T16:00:00-05:00,219.7,2017-01-06,35.0,0.0958904109589041,236.5,call,0.05,0.05,0.0,,,0.11916,0.01843,0.00552,0.03215,-0.0047,0.004,spy_options_2016.parquet,2661543
SPY,2016-12-02,2016-12-02T16:00:00-05:00,219.7,2017-01-06,35.0,0.0958904109589041,236.5,put,18.08,18.33,0.0,,,0.16718,-0.92431,0.01172,0.09361,-0.04734,-0.21825,spy_options_2016.parquet,2661543
SPY,2016-12-02,2016-12-02T16:00:00-05:00,219.7,2017-01-06,35.0,0.0958904109589041,237.0,call,0.04,0.06,0.05,1,,0.11801,0.01601,0.00487,0.02771,-0.00411,0.00368,spy_options_2016.parquet,2661544
SPY,2016-12-02,2016-12-02T16:00:00-05:00,219.7,2017-01-06,35.0,0.0958904109589041,237.0,put,18.57,18.82,0.0,,,0.1702,-0.9269,0.01124,0.09122,-0.04801,-0.21925,spy_options_2016.parquet,2661544
SPY,2016-12-02,2016-12-02T16:00:00-05:00,219.7,2017-01-06,35.0,0.0958904109589041,237.5,call,0.04,0.05,0.0,,,0.1208,0.01585,0.00464,0.02743,-0.00353,0.00296,spy_options_2016.parquet,2661545
SPY,2016-12-02,2016-12-02T16:00:00-05:00,219.7,2017-01-06,35.0,0.0958904109589041,237.5,put,18.96,19.24,0.0,,,0.16147,-0.94132,0.00983,0.07511,-0.04361,-0.22249,spy_options_2016.parquet,2661545
SPY,2016-12-02,2016-12-02T16:00:00-05:00,219.7,2017-01-06,35.0,0.0958904109589041,238.0,call,0.04,0.05,0.04,10,,0.12392,0.01539,0.00446,0.02642,-0.00388,0.00344,spy_options_2016.parquet,2661546
SPY,2016-12-02,2016-12-02T16:00:00-05:00,219.7,2017-01-06,35.0,0.0958904109589041,238.0,put,19.57,19.85,0.0,,,0.17759,-0.92743,0.01072,0.09072,-0.04859,-0.22073,spy_options_2016.parquet,2661546
SPY,2016-12-02,2016-12-02T16:00:00-05:00,219.7,2017-01-06,35.0,0.0958904109589041,238.5,call,0.04,0.05,0.0,,,0.1259,0.01429,0.00428,0.02659,-0.00386,0.00345,spy_options_2016.parquet,2661547
SPY,2016-12-02,2016-12-02T16:00:00-05:00,219.7,2017-01-06,35.0,0.0958904109589041,238.5,put,20.08,20.34,0.0,,,0.18097,-0.92956,0.01034,0.08833,-0.04856,-0.22065,spy_options_2016.parquet,2661547
SPY,2016-12-02,2016-12-02T16:00:00-05:00,219.7,2017-01-06,35.0,0.0958904109589041,239.0,call,0.04,0.06,0.0,,,0.12904,0.01457,0.00413,0.0262,-0.00388,0.00275,spy_options_2016.parquet,2661548
SPY,2016-12-02,2016-12-02T16:00:00-05:00,219.7,2017-01-06,35.0,0.0958904109589041,239.0,put,20.57,20.84,0.0,,,0.18435,-0.93044,0.01004,0.08755,-0.04902,-0.22135,spy_options_2016.parquet,2661548
SPY,2016-12-02,2016-12-02T16:00:00-05:00,219.7,2017-01-06,35.0,0.0958904109589041,239.5,call,0.03,0.04,0.0,,,0.12698,0.01166,0.00353,0.02191,-0.00296,0.00267,spy_options_2016.parquet,2661549
SPY,2016-12-02,2016-12-02T16:00:00-05:00,219.7,2017-01-06,35.0,0.0958904109589041,239.5,put,21.06,21.32,0.0,,,0.18541,-0.93314,0.00958,0.08426,-0.04772,-0.22353,spy_options_2016.parquet,2661549
SPY,2016-12-02,2016-12-02T16:00:00-05:00,219.7,2017-01-06,35.0,0.0958904109589041,240.0,call,0.03,0.04,0.0,,,0.12985,0.0112,0.00337,0.02102,-0.00324,0.00248,spy_options_2016.parquet,2661550
SPY,2016-12-02,2016-12-02T16:00:00-05:00,219.7,2017-01-06,35.0,0.0958904109589041,240.0,put,21.57,21.84,0.0,,,0.19115,-0.93237,0.00944,0.08541,-0.04875,-0.22303,spy_options_2016.parquet,2661550
SPY,2016-12-02,2016-12-02T16:00:00-05:00,219.7,2017-01-06,35.0,0.0958904109589041,242.5,call,0.02,0.04,0.02,4,,0.14199,0.01035,0.00282,0.01915,-0.00324,0.00209,spy_options_2016.parquet,2661551
SPY,2016-12-02,2016-12-02T16:00:00-05:00,219.7,2017-01-06,35.0,0.0958904109589041,242.5,put,24.06,24.33,0.0,,,0.20547,-0.93705,0.00814,0.07998,-0.04929,-0.22685,spy_options_2016.parquet,2661551
SPY,2016-12-02,2016-12-02T16:00:00-05:00,219.7,2017-01-06,35.0,0.0958904109589041,245.0,call,0.02,0.03,0.0,,,0.1481,0.0079,0.00208,0.01489,-0.00217,0.00156,spy_options_2016.parquet,2661552
SPY,2016-12-02,2016-12-02T16:00:00-05:00,219.7,2017-01-06,35.0,0.0958904109589041,245.0,put,26.55,26.84,0.0,,,0.22193,-0.94052,0.00719,0.07565,-0.05039,-0.22973,spy_options_2016.parquet,2661552
SPY,2016-12-02,2016-12-02T16:00:00-05:00,219.7,2017-01-06,35.0,0.0958904109589041,247.5,call,0.02,0.03,0.0,,,0.15921,0.00691,0.00175,0.01333,-0.00278,0.00132,spy_options_2016.parquet,2661553
SPY,2016-12-02,2016-12-02T16:00:00-05:00,219.7,2017-01-06,35.0,0.0958904109589041,247.5,put,29.05,29.34,0.0,,,0.23615,-0.94483,0.00641,0.07206,-0.05059,-0.23314,spy_options_2016.parquet,2661553
SPY,2016-12-02,2016-12-02T16:00:00-05:00,219.7,2017-01-06,35.0,0.0958904109589041,250.0,call,0.02,0.02,0.02,1,,0.16128,0.00417,0.00115,0.00924,-0.00197,0.00106,spy_options_2016.parquet,2661554
SPY,2016-12-02,2016-12-02T16:00:00-05:00,219.7,2017-01-06,35.0,0.0958904109589041,250.0,put,31.47,31.73,31.25,17,,0.23718,-0.95633,0.0051,0.05834,-0.04584,-0.23803,spy_options_2016.parquet,2661554
SPY,2016-12-02,2016-12-02T16:00:00-05:00,219.7,2017-01-06,35.0,0.0958904109589041,252.5,call,0.0,0.01,0.0,,,0.1716,0.0045,0.00105,0.00889,-0.00212,0.00084,spy_options_2016.parquet,2661555
SPY,2016-12-02,2016-12-02T16:00:00-05:00,219.7,2017-01-06,35.0,0.0958904109589041,252.5,put,33.95,34.23,0.0,,,0.24945,-0.95969,0.00453,0.054,-0.04591,-0.24164,spy_options_2016.parquet,2661555
SPY,2016-12-02,2016-12-02T16:00:00-05:00,219.7,2017-01-06,35.0,0.0958904109589041,255.0,call,0.0,0.01,0.0,,,0.1645,0.00113,0.00044,0.00331,-0.00027,-5e-05,spy_options_2016.parquet,2661556
SPY,2016-12-02,2016-12-02T16:00:00-05:00,219.7,2017-01-06,35.0,0.0958904109589041,255.0,put,36.44,36.73,36.27,10,,0.26312,-0.961,0.00418,0.05218,-0.04646,-0.24423,spy_options_2016.parquet,2661556
SPY,2016-12-02,2016-12-02T16:00:00-05:00,219.7,2017-01-06,35.0,0.0958904109589041,257.5,call,0.0,0.01,0.0,,,0.1734,0.00126,0.00036,0.00324,-0.00048,0.00047,spy_options_2016.parquet,2661557
SPY,2016-12-02,2016-12-02T16:00:00-05:00,219.7,2017-01-06,35.0,0.0958904109589041,257.5,put,38.99,39.26,0.0,,,0.28351,-0.95878,0.00404,0.05505,-0.04863,-0.24657,spy_options_2016.parquet,2661557
SPY,2016-12-02,2016-12-02T16:00:00-05:00,219.7,2017-01-13,42.0,0.11506849315068493,197.0,call,22.62,22.84,0.0,,,0.21825,0.96378,0.01032,0.05171,-0.00813,0.04621,spy_options_2016.parquet,2661558
SPY,2016-12-02,2016-12-02T16:00:00-05:00,219.7,2017-01-13,42.0,0.11506849315068493,197.0,put,0.43,0.44,0.44,20,,0.20451,-0.06345,0.00809,0.09461,-0.02365,-0.01671,spy_options_2016.parquet,2661558
SPY,2016-12-02,2016-12-02T16:00:00-05:00,219.7,2017-01-13,42.0,0.11506849315068493,197.5,call,22.14,22.34,0.0,,,0.21521,0.96282,0.01075,0.05422,-0.00854,0.04827,spy_options_2016.parquet,2661559
SPY,2016-12-02,2016-12-02T16:00:00-05:00,219.7,2017-01-13,42.0,0.11506849315068493,197.5,put,0.44,0.46,0.49,0,,0.20134,-0.06629,0.00844,0.09655,-0.02465,-0.01781,spy_options_2016.parquet,2661559
SPY,2016-12-02,2016-12-02T16:00:00-05:00,219.7,2017-01-13,42.0,0.11506849315068493,198.0,call,21.64,21.85,0.0,,,0.21256,0.95913,0.01126,0.05814,-0.0086,0.05156,spy_options_2016.parquet,2661560
SPY,2016-12-02,2016-12-02T16:00:00-05:00,219.7,2017-01-13,42.0,0.11506849315068493,198.0,put,0.45,0.49,0.53,0,,0.19991,-0.06938,0.00883,0.10029,-0.0244,-0.01857,spy_options_2016.parquet,2661560
SPY,2016-12-02,2016-12-02T16:00:00-05:00,219.7,2017-01-13,42.0,0.11506849315068493,198.5,call,21.16,21.36,0.0,,,0.21092,0.95568,0.01175,0.06348,-0.00937,0.05631,spy_options_2016.parquet,2661561
SPY,2016-12-02,2016-12-02T16:00:00-05:00,219.7,2017-01-13,42.0,0.11506849315068493,198.5,put,0.48,0.51,0.0,,,0.19791,-0.07297,0.00926,0.1036,-0.02528,-0.01947,spy_options_2016.parquet,2661561
SPY,2016-12-02,2016-12-02T16:00:00-05:00,219.7,2017-01-13,42.0,0.11506849315068493,199.0,call,20.66,20.88,0.0,,,0.20868,0.95372,0.01225,0.06651,-0.01018,0.05887,spy_options_2016.parquet,2661562
SPY,2016-12-02,2016-12-02T16:00:00-05:00,219.7,2017-01-13,42.0,0.11506849315068493,199.0,put,0.51,0.53,0.47,1,,0.19547,-0.0754,0.00965,0.10771,-0.02654,-0.01999,spy_options_2016.parquet,2661562
SPY,2016-12-02,2016-12-02T16:00:00-05:00,219.7,2017-01-13,42.0,0.11506849315068493,199.5,call,20.2,20.44,0.0,,,0.21222,0.94157,0.01293,0.08097,-0.01236,0.07084,spy_options_2016.parquet,2661563
SPY,2016-12-02,2016-12-02T16:00:00-05:00,219.7,2017-01-13,42.0,0.11506849315068493,199.5,put,0.53,0.56,0.0,,,0.19422,-0.07981,0.01007,0.11147,-0.02742,-0.02092,spy_options_2016.parquet,2661563
SPY,2016-12-02,2016-12-02T16:00:00-05:00,219.7,2017-01-13,42.0,0.11506849315068493,200.0,call,19.69,19.89,0.0,,,0.20289,0.94771,0.01337,0.07385,-0.01103,0.06505,spy_options_2016.parquet,2661564
SPY,2016-12-02,2016-12-02T16:00:00-05:00,219.7,2017-01-13,42.0,0.11506849315068493,200.0,put,0.55,0.57,0.58,30,,0.19177,-0.08289,0.01056,0.11519,-0.02809,-0.02248,spy_options_2016.parquet,2661564
SPY,2016-12-02,2016-12-02T16:00:00-05:00,219.7,2017-01-13,42.0,0.11506849315068493,202.5,call,17.32,17.51,0.0,,,0.19709,0.91653,0.01642,0.10815,-0.01597,0.08745,spy_options_2016.parquet,2661565
SPY,2016-12-02,2016-12-02T16:00:00-05:00,219.7,2017-01-13,42.0,0.11506849315068493,202.5,put,0.7,0.72,0.73,9,,0.18233,-0.10481,0.01319,0.13719,-0.03163,-0.02816,spy_options_2016.parquet,2661565
SPY,2016-12-02,2016-12-02T16:00:00-05:00,219.7,2017-01-13,42.0,0.11506849315068493,205.0,call,14.87,15.04,0.0,,,0.17953,0.89962,0.0202,0.12515,-0.01673,0.09406,spy_options_2016.parquet,2661566
SPY,2016-12-02,2016-12-02T16:00:00-05:00,219.7,2017-01-13,42.0,0.11506849315068493,205.0,put,0.88,0.91,0.89,17,,0.17337,-0.13255,0.01637,0.16183,-0.03603,-0.03532,spy_options_2016.parquet,2661566
SPY,2016-12-02,2016-12-02T16:00:00-05:00,219.7,2017-01-13,42.0,0.11506849315068493,205.5,call,14.41,14.58,0.0,,,0.1779,0.89187,0.02101,0.1323,-0.01765,0.09799,spy_options_2016.parquet,2661567
SPY,2016-12-02,2016-12-02T16:00:00-05:00,219.7,2017-01-13,42.0,0.11506849315068493,205.5,put,0.92,0.94,0.0,,,0.17051,-0.13771,0.01712,0.166,-0.03666,-0.03664,spy_options_2016.parquet,2661567
SPY,2016-12-02,2016-12-02T16:00:00-05:00,219.7,2017-01-13,42.0,0.11506849315068493,206.0,call,13.93,14.09,0.0,,,0.17449,0.88664,0.02188,0.13742,-0.01764,0.09918,spy_options_2016.parquet,2661568
SPY,2016-12-02,2016-12-02T16:00:00-05:00,219.7,2017-01-13,42.0,0.11506849315068493,206.0,put,0.98,1.0,0.99,15,,0.16896,-0.14549,0.01789,0.17195,-0.0378,-0.03898,spy_options_2016.parquet,2661568
SPY,2016-12-02,2016-12-02T16:00:00-05:00,219.7,2017-01-13,42.0,0.11506849315068493,206.5,call,13.47,13.63,0.0,,,0.17204,0.87856,0.02271,0.14369,-0.01855,0.10208,spy_options_2016.parquet,2661569
SPY,2016-12-02,2016-12-02T16:00:00-05:00,219.7,2017-01-13,42.0,0.11506849315068493,206.5,put,1.0,1.04,1.04,3,,0.16627,-0.15179,0.01868,0.17716,-0.0382,-0.04034,spy_options_2016.parquet,2661569
SPY,2016-12-02,2016-12-02T16:00:00-05:00,219.7,2017-01-13,42.0,0.11506849315068493,207.0,call,13.05,13.23,0.0,,,0.17353,0.86429,0.02329,0.15724,-0.02136,0.10789,spy_options_2016.parquet,2661570
SPY,2016-12-02,2016-12-02T16:00:00-05:00,219.7,2017-01-13,42.0,0.11506849315068493,207.0,put,1.07,1.09,1.06,24,,0.16531,-0.16021,0.01951,0.18373,-0.03949,-0.04297,spy_options_2016.parquet,2661570
SPY,2016-12-02,2016-12-02T16:00:00-05:00,219.7,2017-01-13,42.0,0.11506849315068493,207.5,call,12.54,12.7,0.0,,,0.16773,0.86333,0.02458,0.15708,-0.02037,0.10678,spy_options_2016.parquet,2661571
SPY,2016-12-02,2016-12-02T16:00:00-05:00,219.7,2017-01-13,42.0,0.11506849315068493,207.5,put,1.11,1.15,1.15,80,,0.16306,-0.16833,0.02033,0.18891,-0.0399,-0.04512,spy_options_2016.parquet,2661571
SPY,2016-12-02,2016-12-02T16:00:00-05:00,219.7,2017-01-13,42.0,0.11506849315068493,208.0,call,12.08,12.24,0.0,,,0.16607,0.85334,0.02544,0.16522,-0.02044,0.10913,spy_options_2016.parquet,2661572
SPY,2016-12-02,2016-12-02T16:00:00-05:00,219.7,2017-01-13,42.0,0.11506849315068493,208.0,put,1.15,1.21,1.2,4,,0.16096,-0.17556,0.02132,0.1948,-0.04022,-0.04641,spy_options_2016.parquet,2661572
SPY,2016-12-02,2016-12-02T16:00:00-05:00,219.7,2017-01-13,42.0,0.11506849315068493,208.5,call,11.61,11.78,0.0,,,0.1629,0.84531,0.02648,0.17141,-0.02126,0.11086,spy_options_2016.parquet,2661573
SPY,2016-12-02,2016-12-02T16:00:00-05:00,219.7,2017-01-13,42.0,0.11506849315068493,208.5,put,1.24,1.28,1.27,5,,0.15938,-0.18525,0.02215,0.20076,-0.04188,-0.04975,spy_options_2016.parquet,2661573
SPY,2016-12-02,2016-12-02T16:00:00-05:00,219.7,2017-01-13,42.0,0.11506849315068493,209.0,call,11.25,11.37,0.0,,,0.16519,0.82767,0.02696,0.18446,-0.02348,0.1153,spy_options_2016.parquet,2661574
SPY,2016-12-02,2016-12-02T16:00:00-05:00,219.7,2017-01-13,42.0,0.11506849315068493,209.0,put,1.3,1.33,1.3,34,,0.15751,-0.19481,0.02317,0.20725,-0.04259,-0.05189,spy_options_2016.parquet,2661574
SPY,2016-12-02,2016-12-02T16:00:00-05:00,219.7,2017-01-13,42.0,0.11506849315068493,209.5,call,10.75,10.88,0.0,,,0.15956,0.82309,0.0283,0.18771,-0.02346,0.11542,spy_options_2016.parquet,2661575
SPY,2016-12-02,2016-12-02T16:00:00-05:00,219.7,2017-01-13,42.0,0.11506849315068493,209.5,put,1.36,1.4,1.37,12,,0.15583,-0.20446,0.02409,0.21304,-0.04329,-0.05473,spy_options_2016.parquet,2661575
SPY,2016-12-02,2016-12-02T16:00:00-05:00,219.7,2017-01-13,42.0,0.11506849315068493,210.0,call,10.26,10.42,10.39,0,,0.15623,0.81467,0.02952,0.19327,-0.02394,0.11559,spy_options_2016.parquet,2661576
SPY,2016-12-02,2016-12-02T16:00:00-05:00,219.7,2017-01-13,42.0,0.11506849315068493,210.0,put,1.44,1.47,1.42,128,,0.15386,-0.21414,0.02515,0.21921,-0.04494,-0.05739,spy_options_2016.parquet,2661576
SPY,2016-12-02,2016-12-02T16:00:00-05:00,219.7,2017-01-13,42.0,0.11506849315068493,210.5,call,9.83,9.97,0.0,,,0.15366,0.80337,0.03066,0.20048,-0.02483,0.1181,spy_options_2016.parquet,2661577
SPY,2016-12-02,2016-12-02T16:00:00-05:00,219.7,2017-01-13,42.0,0.11506849315068493,210.5,put,1.53,1.55,1.54,23,,0.15251,-0.22554,0.0261,0.22609,-0.04598,-0.06028,spy_options_2016.parquet,2661577
SPY,2016-12-02,2016-12-02T16:00:00-05:00,219.7,2017-01-13,42.0,0.11506849315068493,211.0,call,9.47,9.59,0.0,,,0.15456,0.7852,0.03117,0.21258,-0.02665,0.12059,spy_options_2016.parquet,2661578
SPY,2016-12-02,2016-12-02T16:00:00-05:00,219.7,2017-01-13,42.0,0.11506849315068493,211.0,put,1.59,1.62,1.57,11,,0.14999,-0.23639,0.0272,0.23205,-0.0465,-0.06332,spy_options_2016.parquet,2661578
SPY,2016-12-02,2016-12-02T16:00:00-05:00,219.7,2017-01-13,42.0,0.11506849315068493,211.5,call,8.96,9.09,0.0,,,0.14938,0.77983,0.03287,0.21546,-0.02565,0.11971,spy_options_2016.parquet,2661579
SPY,2016-12-02,2016-12-02T16:00:00-05:00,219.7,2017-01-13,42.0,0.11506849315068493,211.5,put,1.67,1.73,1.48,2,,0.14777,-0.24812,0.02828,0.23776,-0.04748,-0.066,spy_options_2016.parquet,2661579
SPY,2016-12-02,2016-12-02T16:00:00-05:00,219.7,2017-01-13,42.0,0.11506849315068493,212.0,call,8.52,8.65,8.71,1,,0.14695,0.76665,0.03412,0.2225,-0.0263,0.12043,spy_options_2016.parquet,2661580
SPY,2016-12-02,2016-12-02T16:00:00-05:00,219.7,2017-01-13,42.0,0.11506849315068493,212.0,put,1.77,1.79,1.77,21,,0.1464,-0.26113,0.02939,0.24395,-0.04774,-0.07,spy_options_2016.parquet,2661580
SPY,2016-12-02,2016-12-02T16:00:00-05:00,219.7,2017-01-13,42.0,0.11506849315068493,212.5,call,8.16,8.23,8.29,20,,0.14594,0.75072,0.03492,0.23147,-0.0274,0.12184,spy_options_2016.parquet,2661581
SPY,2016-12-02,2016-12-02T16:00:00-05:00,219.7,2017-01-13,42.0,0.11506849315068493,212.5,put,1.86,1.89,1.93,21,,0.14355,-0.27325,0.03062,0.2499,-0.04839,-0.07285,spy_options_2016.parquet,2661581
SPY,2016-12-02,2016-12-02T16:00:00-05:00,219.7,2017-01-13,42.0,0.11506849315068493,213.0,call,7.71,7.82,0.0,,,0.1436,0.73708,0.03625,0.23834,-0.02762,0.12247,spy_options_2016.parquet,2661582
SPY,2016-12-02,2016-12-02T16:00:00-05:00,219.7,2017-01-13,42.0,0.11506849315068493,213.0,put,1.96,1.99,1.97,14,,0.1419,-0.28693,0.03179,0.2557,-0.04925,-0.07682,spy_options_2016.parquet,2661582
SPY,2016-12-02,2016-12-02T16:00:00-05:00,219.7,2017-01-13,42.0,0.11506849315068493,213.5,call,7.32,7.38,0.0,,,0.14045,0.72203,0.03755,0.24512,-0.02831,0.12198,spy_options_2016.parquet,2661583
SPY,2016-12-02,2016-12-02T16:00:00-05:00,219.7,2017-01-13,42.0,0.11506849315068493,213.5,put,2.08,2.11,2.11,7,,0.13998,-0.30172,0.03286,0.26175,-0.05069,-0.08072,spy_options_2016.parquet,2661583
SPY,2016-12-02,2016-12-02T16:00:00-05:00,219.7,2017-01-13,42.0,0.11506849315068493,214.0,call,6.94,7.01,7.22,15,,0.13999,0.70393,0.03832,0.25316,-0.02892,0.12281,spy_options_2016.parquet,2661584
SPY,2016-12-02,2016-12-02T16:00:00-05:00,219.7,2017-01-13,42.0,0.11506849315068493,214.0,put,2.19,2.24,2.19,10,,0.13923,-0.31779,0.03393,0.26775,-0.0511,-0.08418,spy_options_2016.parquet,2661584
SPY,2016-12-02,2016-12-02T16:00:00-05:00,219.7,2017-01-13,42.0,0.11506849315068493,214.5,call,6.55,6.63,0.0,,,0.13846,0.6872,0.03933,0.26045,-0.03028,0.12177,spy_options_2016.parquet,2661585
SPY,2016-12-02,2016-12-02T16:00:00-05:00,219.7,2017-01-13,42.0,0.11506849315068493,214.5,put,2.31,2.34,2.29,18,,0.13609,-0.33303,0.03525,0.27277,-0.05202,-0.08848,spy_options_2016.parquet,2661585
SPY,2016-12-02,2016-12-02T16:00:00-05:00,219.7,2017-01-13,42.0,0.11506849315068493,215.0,call,6.11,6.17,6.25,1,,0.13384,0.6722,0.04119,0.2656,-0.02978,0.12093,spy_options_2016.parquet,2661586
SPY,2016-12-02,2016-12-02T16:00:00-05:00,219.7,2017-01-13,42.0,0.11506849315068493,215.0,put,2.42,2.45,2.42,14,,0.134,-0.34922,0.03642,0.27785,-0.0518,-0.09328,spy_options_2016.parquet,2661586
SPY,2016-12-02,2016-12-02T16:00:00-05:00,219.7,2017-01-13,42.0,0.11506849315068493,215.5,call,5.74,5.8,0.0,,,0.13152,0.65378,0.04221,0.27175,-0.03009,0.11995,spy_options_2016.parquet,2661587
SPY,2016-12-02,2016-12-02T16:00:00-05:00,219.7,2017-01-13,42.0,0.11506849315068493,215.5,put,2.53,2.59,2.37,0,,0.13127,-0.36565,0.0377,0.28295,-0.05204,-0.09707,spy_options_2016.parquet,2661587
SPY,2016-12-02,2016-12-02T16:00:00-05:00,219.7,2017-01-13,42.0,0.11506849315068493,216.0,call,5.34,5.42,5.27,1,,0.12921,0.6349,0.04352,0.27718,-0.02975,0.11885,spy_options_2016.parquet,2661588
SPY,2016-12-02,2016-12-02T16:00:00-05:00,219.7,2017-01-13,42.0,0.11506849315068493,216.0,put,2.7,2.75,2.63,44,,0.13091,-0.38383,0.03862,0.28701,-0.05293,-0.1024,spy_options_2016.parquet,2661588
SPY,2016-12-02,2016-12-02T16:00:00-05:00,219.7,2017-01-13,42.0,0.11506849315068493,216.5,call,4.96,5.04,0.0,,,0.1262,0.61482,0.04461,0.28158,-0.03039,0.11714,spy_options_2016.parquet,2661589
SPY,2016-12-02,2016-12-02T16:00:00-05:00,219.7,2017-01-13,42.0,0.11506849315068493,216.5,put,2.82,2.86,2.84,7,,0.12758,-0.40227,0.04004,0.29075,-0.05338,-0.10715,spy_options_2016.parquet,2661589
SPY,2016-12-02,2016-12-02T16:00:00-05:00,219.7,2017-01-13,42.0,0.11506849315068493,217.0,call,4.62,4.69,4.63,1,,0.12467,0.5935,0.04562,0.28618,-0.03012,0.11501,spy_options_2016.parquet,2661590
SPY,2016-12-02,2016-12-02T16:00:00-05:00,219.7,2017-01-13,42.0,0.11506849315068493,217.0,put,2.98,3.04,2.84,1,,0.12618,-0.42179,0.04097,0.29357,-0.05388,-0.11306,spy_options_2016.parquet,2661590
SPY,2016-12-02,2016-12-02T16:00:00-05:00,219.7,2017-01-13,42.0,0.11506849315068493,217.5,call,4.29,4.39,4.45,5,,0.12377,0.57118,0.04605,0.28985,-0.03119,0.11344,spy_options_2016.parquet,2661591
SPY,2016-12-02,2016-12-02T16:00:00-05:00,219.7,2017-01-13,42.0,0.11506849315068493,217.5,put,3.18,3.2,3.24,13,,0.12476,-0.44181,0.04187,0.29654,-0.05445,-0.11782,spy_options_2016.parquet,2661591
SPY,2016-12-02,2016-12-02T16:00:00-05:00,219.7,2017-01-13,42.0,0.11506849315068493,218.0,call,3.98,4.05,4.01,41,,0.12203,0.54919,0.04671,0.29328,-0.0315,0.11052,spy_options_2016.parquet,2661592
SPY,2016-12-02,2016-12-02T16:00:00-05:00,219.7,2017-01-13,42.0,0.11506849315068493,218.0,put,3.35,3.41,3.46,51,,0.12296,-0.46343,0.04272,0.29837,-0.05437,-0.12372,spy_options_2016.parquet,2661592
SPY,2016-12-02,2016-12-02T16:00:00-05:00,219.7,2017-01-13,42.0,0.11506849315068493,218.5,call,3.62,3.68,3.8,0,,0.11875,0.5264,0.04839,0.29504,-0.0301,0.10722,spy_options_2016.parquet,2661593
SPY,2016-12-02,2016-12-02T16:00:00-05:00,219.7,2017-01-13,42.0,0.11506849315068493,218.5,put,3.51,3.57,0.0,,,0.12055,-0.48486,0.04374,0.2988,-0.05379,-0.12929,spy_options_2016.parquet,2661593
SPY,2016-12-02,2016-12-02T16:00:00-05:00,219.7,2017-01-13,42.0,0.11506849315068493,219.0,call,3.34,3.4,3.25,16,,0.11751,0.50168,0.0483,0.29573,-0.03044,0.10397,spy_options_2016.parquet,2661594
SPY,2016-12-02,2016-12-02T16:00:00-05:00,219.7,2017-01-13,42.0,0.11506849315068493,219.0,put,3.74,3.77,3.64,264,,0.11884,-0.50746,0.0443,0.29964,-0.05371,-0.13584,spy_options_2016.parquet,2661594
SPY,2016-12-02,2016-12-02T16:00:00-05:00,219.7,2017-01-13,42.0,0.11506849315068493,219.5,call,3.02,3.07,3.08,3,,0.11488,0.47674,0.04914,0.29597,-0.02986,0.0999,spy_options_2016.parquet,2661595
SPY,2016-12-02,2016-12-02T16:00:00-05:00,219.7,2017-01-13,42.0,0.11506849315068493,219.5,put,3.95,4.0,3.92,70,,0.11666,-0.52981,0.04487,0.29866,-0.05414,-0.14169,spy_options_2016.parquet,2661595
SPY,2016-12-02,2016-12-02T16:00:00-05:00,219.7,2017-01-13,42.0,0.11506849315068493,220.0,call,2.74,2.78,2.74,27,,0.11274,0.45128,0.04951,0.29473,-0.02944,0.0968,spy_options_2016.parquet,2661596
SPY,2016-12-02,2016-12-02T16:00:00-05:00,219.7,2017-01-13,42.0,0.11506849315068493,220.0,put,4.17,4.22,4.13,8,,0.11475,-0.5537,0.04537,0.29651,-0.05333,-0.14829,spy_options_2016.parquet,2661596
SPY,2016-12-02,2016-12-02T16:00:00-05:00,219.7,2017-01-13,42.0,0.11506849315068493,220.5,call,2.48,2.51,2.53,19,,0.11066,0.42565,0.04945,0.29171,-0.02915,0.09196,spy_options_2016.parquet,2661597
SPY,2016-12-02,2016-12-02T16:00:00-05:00,219.7,2017-01-13,42.0,0.11506849315068493,220.5,put,4.4,4.45,4.3,2,,0.11317,-0.57727,0.04562,0.2927,-0.05264,-0.15462,spy_options_2016.parquet,2661597
SPY,2016-12-02,2016-12-02T16:00:00-05:00,219.7,2017-01-13,42.0,0.11506849315068493,221.0,call,2.2,2.24,2.16,7,,0.10818,0.39901,0.04966,0.28812,-0.02825,0.08697,spy_options_2016.parquet,2661598
SPY,2016-12-02,2016-12-02T16:00:00-05:00,219.7,2017-01-13,42.0,0.11506849315068493,221.0,put,4.66,4.71,4.78,0,,0.11152,-0.60142,0.04564,0.28882,-0.05299,-0.16159,spy_options_2016.parquet,2661598
SPY,2016-12-02,2016-12-02T16:00:00-05:00,219.7,2017-01-13,42.0,0.11506849315068493,221.5,call,1.98,2.03,2.31,0,,0.10704,0.37338,0.04885,0.28259,-0.02743,0.08291,spy_options_2016.parquet,2661599
SPY,2016-12-02,2016-12-02T16:00:00-05:00,219.7,2017-01-13,42.0,0.11506849315068493,221.5,put,4.95,5.0,4.63,0,,0.11021,-0.62594,0.04518,0.28346,-0.05204,-0.16719,spy_options_2016.parquet,2661599
SPY,2016-12-02,2016-12-02T16:00:00-05:00,219.7,2017-01-13,42.0,0.11506849315068493,222.0,call,1.73,1.76,1.76,23,,0.10403,0.34569,0.04868,0.27519,-0.02591,0.07722,spy_options_2016.parquet,2661600
SPY,2016-12-02,2016-12-02T16:00:00-05:00,219.7,2017-01-13,42.0,0.11506849315068493,222.0,put,5.18,5.25,5.37,30,,0.10738,-0.6524,0.04524,0.27585,-0.051,-0.17466,spy_options_2016.parquet,2661600
SPY,2016-12-02,2016-12-02T16:00:00-05:00,219.7,2017-01-13,42.0,0.11506849315068493,222.5,call,1.55,1.59,1.7,5,,0.10318,0.31983,0.04746,0.26801,-0.02525,0.07252,spy_options_2016.parquet,2661601
SPY,2016-12-02,2016-12-02T16:00:00-05:00,219.7,2017-01-13,42.0,0.11506849315068493,222.5,put,5.51,5.58,5.39,2,,0.10729,-0.67429,0.04414,0.2694,-0.05096,-0.18071,spy_options_2016.parquet,2661601
SPY,2016-12-02,2016-12-02T16:00:00-05:00,219.7,2017-01-13,42.0,0.11506849315068493,223.0,call,1.36,1.41,1.4,15,,0.10186,0.2954,0.04611,0.25868,-0.02404,0.06749,spy_options_2016.parquet,2661602
SPY,2016-12-02,2016-12-02T16:00:00-05:00,219.7,2017-01-13,42.0,0.11506849315068493,223.0,put,5.82,5.93,5.71,3,,0.10601,-0.69783,0.04308,0.26058,-0.04937,-0.18694,spy_options_2016.parquet,2661602
SPY,2016-12-02,2016-12-02T16:00:00-05:00,219.7,2017-01-13,42.0,0.11506849315068493,223.5,call,1.19,1.24,1.22,25,,0.10038,0.26879,0.04469,0.24789,-0.02287,0.06236,spy_options_2016.parquet,2661603
SPY,2016-12-02,2016-12-02T16:00:00-05:00,219.7,2017-01-13,42.0,0.11506849315068493,223.5,put,6.15,6.25,6.09,12,,0.1045,-0.72215,0.04207,0.25016,-0.04815,-0.19377,spy_options_2016.parquet,2661603
SPY,2016-12-02,2016-12-02T16:00:00-05:00,219.7,2017-01-13,42.0,0.11506849315068493,224.0,call,1.03,1.08,1.06,,,0.09876,0.24439,0.04299,0.23585,-0.02213,0.05753,spy_options_2016.parquet,2661604
SPY,2016-12-02,2016-12-02T16:00:00-05:00,219.7,2017-01-13,42.0,0.11506849315068493,224.0,put,6.5,6.65,0.0,,,0.10504,-0.74154,0.04045,0.24063,-0.0475,-0.19977,spy_options_2016.parquet,2661604
SPY,2016-12-02,2016-12-02T16:00:00-05:00,219.7,2017-01-13,42.0,0.11506849315068493,224.5,call,0.91,0.95,0.93,10,,0.0982,0.22155,0.04095,0.22327,-0.02034,0.05267,spy_options_2016.parquet,2661605
SPY,2016-12-02,2016-12-02T16:00:00-05:00,219.7,2017-01-13,42.0,0.11506849315068493,224.5,put,6.84,7.02,7.03,1,,0.10393,-0.76382,0.03887,0.22892,-0.04669,-0.20571,spy_options_2016.parquet,2661605
SPY,2016-12-02,2016-12-02T16:00:00-05:00,219.7,2017-01-13,42.0,0.11506849315068493,225.0,call,0.79,0.81,0.79,43,,0.09747,0.20026,0.03881,0.21137,-0.01897,0.04789,spy_options_2016.parquet,2661606
SPY,2016-12-02,2016-12-02T16:00:00-05:00,219.7,2017-01-13,42.0,0.11506849315068493,225.0,put,7.16,7.36,6.7,0,,0.10031,-0.78972,0.03747,0.21416,-0.04486,-0.21275,spy_options_2016.parquet,2661606
SPY,2016-12-02,2016-12-02T16:00:00-05:00,219.7,2017-01-13,42.0,0.11506849315068493,225.5,call,0.68,0.7,0.68,28,,0.0968,0.18052,0.03653,0.19799,-0.01843,0.04343,spy_options_2016.parquet,2661607
SPY,2016-12-02,2016-12-02T16:00:00-05:00,219.7,2017-01-13,42.0,0.11506849315068493,225.5,put,7.63,7.82,0.0,,,0.10345,-0.80077,0.03532,0.20728,-0.04469,-0.21639,spy_options_2016.parquet,2661607
SPY,2016-12-02,2016-12-02T16:00:00-05:00,219.7,2017-01-13,42.0,0.11506849315068493,226.0,call,0.59,0.63,0.59,,,0.09609,0.16148,0.03427,0.18467,-0.01706,0.0387,spy_options_2016.parquet,2661608
SPY,2016-12-02,2016-12-02T16:00:00-05:00,219.7,2017-01-13,42.0,0.11506849315068493,226.0,put,8.03,8.24,0.0,,,0.10337,-0.8165,0.03336,0.19589,-0.04437,-0.22051,spy_options_2016.parquet,2661608
SPY,2016-12-02,2016-12-02T16:00:00-05:00,219.7,2017-01-13,42.0,0.11506849315068493,226.5,call,0.49,0.53,0.51,9,,0.09458,0.14203,0.03185,0.17,-0.01555,0.03434,spy_options_2016.parquet,2661609
SPY,2016-12-02,2016-12-02T16:00:00-05:00,219.7,2017-01-13,42.0,0.11506849315068493,226.5,put,8.45,8.66,0.0,,,0.10458,-0.83174,0.03142,0.18579,-0.04271,-0.22554,spy_options_2016.parquet,2661609
SPY,2016-12-02,2016-12-02T16:00:00-05:00,219.7,2017-01-13,42.0,0.11506849315068493,227.0,call,0.43,0.46,0.42,17,,0.09468,0.12692,0.02941,0.15698,-0.01401,0.03079,spy_options_2016.parquet,2661610
SPY,2016-12-02,2016-12-02T16:00:00-05:00,219.7,2017-01-13,42.0,0.11506849315068493,227.0,put,8.86,9.06,0.0,,,0.10219,-0.85004,0.02953,0.17164,-0.04156,-0.23058,spy_options_2016.parquet,2661610
SPY,2016-12-02,2016-12-02T16:00:00-05:00,219.7,2017-01-13,42.0,0.11506849315068493,227.5,call,0.37,0.4,0.38,11,,0.09419,0.11315,0.02708,0.14486,-0.01362,0.02797,spy_options_2016.parquet,2661611
SPY,2016-12-02,2016-12-02T16:00:00-05:00,219.7,2017-01-13,42.0,0.11506849315068493,227.5,put,9.33,9.54,0.0,,,0.10454,-0.85862,0.02775,0.16498,-0.04135,-0.23303,spy_options_2016.parquet,2661611
SPY,2016-12-02,2016-12-02T16:00:00-05:00,219.7,2017-01-13,42.0,0.11506849315068493,228.0,call,0.32,0.34,0.33,13,,0.09473,0.09957,0.02487,0.13272,-0.01184,0.02422,spy_options_2016.parquet,2661612
SPY,2016-12-02,2016-12-02T16:00:00-05:00,219.7,2017-01-13,42.0,0.11506849315068493,228.0,put,9.8,10.03,0.0,,,0.10775,-0.86512,0.02609,0.15971,-0.04156,-0.23527,spy_options_2016.parquet,2661612
SPY,2016-12-02,2016-12-02T16:00:00-05:00,219.7,2017-01-13,42.0,0.11506849315068493,228.5,call,0.28,0.3,0.3,0,,0.09457,0.08882,0.02275,0.12213,-0.01078,0.02176,spy_options_2016.parquet,2661613
SPY,2016-12-02,2016-12-02T16:00:00-05:00,219.7,2017-01-13,42.0,0.11506849315068493,228.5,put,10.24,10.47,0.0,,,0.10779,-0.87697,0.02443,0.14912,-0.0407,-0.23933,spy_options_2016.parquet,2661613
SPY,2016-12-02,2016-12-02T16:00:00-05:00,219.7,2017-01-13,42.0,0.11506849315068493,229.0,call,0.24,0.26,0.25,20,,0.09509,0.07921,0.02072,0.11194,-0.01039,0.01962,spy_options_2016.parquet,2661614
SPY,2016-12-02,2016-12-02T16:00:00-05:00,219.7,2017-01-13,42.0,0.11506849315068493,229.0,put,10.73,10.97,0.0,,,0.1112,-0.88122,0.02303,0.145,-0.04039,-0.24023,spy_options_2016.parquet,2661614
SPY,2016-12-02,2016-12-02T16:00:00-05:00,219.7,2017-01-13,42.0,0.11506849315068493,229.5,call,0.22,0.23,0.23,6,,0.09545,0.07124,0.01906,0.10338,-0.0094,0.01765,spy_options_2016.parquet,2661615
SPY,2016-12-02,2016-12-02T16:00:00-05:00,219.7,2017-01-13,42.0,0.11506849315068493,229.5,put,11.17,11.41,0.0,,,0.11019,-0.89262,0.02143,0.13417,-0.03963,-0.24372,spy_options_2016.parquet,2661615
SPY,2016-12-02,2016-12-02T16:00:00-05:00,219.7,2017-01-13,42.0,0.11506849315068493,230.0,call,0.19,0.2,0.19,8,,0.09663,0.06462,0.01737,0.09579,-0.00918,0.01644,spy_options_2016.parquet,2661616
SPY,2016-12-02,2016-12-02T16:00:00-05:00,219.7,2017-01-13,42.0,0.11506849315068493,230.0,put,11.62,11.86,0.0,,,0.10972,-0.90342,0.01985,0.1241,-0.03875,-0.24752,spy_options_2016.parquet,2661616
SPY,2016-12-02,2016-12-02T16:00:00-05:00,219.7,2017-01-13,42.0,0.11506849315068493,230.5,call,0.18,0.18,0.16,19,,0.09725,0.05721,0.01579,0.08731,-0.00826,0.01417,spy_options_2016.parquet,2661617
SPY,2016-12-02,2016-12-02T16:00:00-05:00,219.7,2017-01-13,42.0,0.11506849315068493,230.5,put,12.13,12.39,0.0,,,0.11394,-0.90433,0.01903,0.12343,-0.03866,-0.2479,spy_options_2016.parquet,2661617
SPY,2016-12-02,2016-12-02T16:00:00-05:00,219.7,2017-01-13,42.0,0.11506849315068493,231.0,call,0.15,0.17,0.16,3,,0.09787,0.05234,0.01447,0.08122,-0.00741,0.01322,spy_options_2016.parquet,2661618
SPY,2016-12-02,2016-12-02T16:00:00-05:00,219.7,2017-01-13,42.0,0.11506849315068493,231.0,put,12.62,12.85,0.0,,,0.1164,-0.9095,0.01791,0.11781,-0.03862,-0.24984,spy_options_2016.parquet,2661618
SPY,2016-12-02,2016-12-02T16:00:00-05:00,219.7,2017-01-13,42.0,0.11506849315068493,231.5,call,0.14,0.16,0.13,4,,0.09895,0.04714,0.01325,0.07542,-0.00741,0.01209,spy_options_2016.parquet,2661619
SPY,2016-12-02,2016-12-02T16:00:00-05:00,219.7,2017-01-13,42.0,0.11506849315068493,231.5,put,13.08,13.32,0.0,,,0.11624,-0.91725,0.01667,0.10979,-0.0377,-0.25275,spy_options_2016.parquet,2661619
SPY,2016-12-02,2016-12-02T16:00:00-05:00,219.7,2017-01-13,42.0,0.11506849315068493,232.0,call,0.12,0.14,0.13,1,,0.09943,0.04297,0.0121,0.07004,-0.00711,0.01097,spy_options_2016.parquet,2661620
SPY,2016-12-02,2016-12-02T16:00:00-05:00,219.7,2017-01-13,42.0,0.11506849315068493,232.0,put,13.57,13.81,0.0,,,0.11912,-0.92056,0.01576,0.10631,-0.03751,-0.25373,spy_options_2016.parquet,2661620
SPY,2016-12-02,2016-12-02T16:00:00-05:00,219.7,2017-01-13,42.0,0.11506849315068493,232.5,call,0.11,0.13,0.12,2,,0.10162,0.03926,0.01119,0.06478,-0.00682,0.0101,spy_options_2016.parquet,2661621
SPY,2016-12-02,2016-12-02T16:00:00-05:00,219.7,2017-01-13,42.0,0.11506849315068493,232.5,put,14.08,14.3,0.0,,,0.1221,-0.92162,0.01509,0.10493,-0.03747,-0.255,spy_options_2016.parquet,2661621
SPY,2016-12-02,2016-12-02T16:00:00-05:00,219.7,2017-01-13,42.0,0.11506849315068493,233.0,call,0.1,0.12,0.0,,,0.1028,0.03578,0.0103,0.06048,-0.00599,0.00945,spy_options_2016.parquet,2661622
SPY,2016-12-02,2016-12-02T16:00:00-05:00,219.7,2017-01-13,42.0,0.11506849315068493,233.0,put,14.56,14.79,0.0,,,0.12379,-0.92663,0.01413,0.09891,-0.03719,-0.25693,spy_options_2016.parquet,2661622
SPY,2016-12-02,2016-12-02T16:00:00-05:00,219.7,2017-01-13,42.0,0.11506849315068493,233.5,call,0.1,0.11,0.0,,,0.10464,0.03474,0.00961,0.0585,-0.00606,0.00902,spy_options_2016.parquet,2661623
SPY,2016-12-02,2016-12-02T16:00:00-05:00,219.7,2017-01-13,42.0,0.11506849315068493,233.5,put,15.1,15.34,0.0,,,0.1312,-0.92069,0.01425,0.10626,-0.03853,-0.25573,spy_options_2016.parquet,2661623
SPY,2016-12-02,2016-12-02T16:00:00-05:00,219.7,2017-01-13,42.0,0.11506849315068493,234.0,call,0.09,0.11,0.1,4,,0.10559,0.03136,0.00888,0.05402,-0.00569,0.00779,spy_options_2016.parquet,2661624
SPY,2016-12-02,2016-12-02T16:00:00-05:00,219.7,2017-01-13,42.0,0.11506849315068493,234.0,put,15.54,15.78,0.0,,,0.1283,-0.93155,0.01289,0.09411,-0.03755,-0.25947,spy_options_2016.parquet,2661624
SPY,2016-12-02,2016-12-02T16:00:00-05:00,219.7,2017-01-13,42.0,0.11506849315068493,234.5,call,0.08,0.1,0.09,1,,0.10726,0.02883,0.00829,0.05064,-0.00594,0.00779,spy_options_2016.parquet,2661625
SPY,2016-12-02,2016-12-02T16:00:00-05:00,219.7,2017-01-13,42.0,0.11506849315068493,234.5,put,16.09,16.32,0.0,,,0.13627,-0.9251,0.01297,0.1003,-0.03896,-0.25851,spy_options_2016.parquet,2661625
SPY,2016-12-02,2016-12-02T16:00:00-05:00,219.7,2017-01-13,42.0,0.11506849315068493,235.0,call,0.07,0.08,0.09,3,,0.1089,0.02765,0.00775,0.04795,-0.00493,0.00694,spy_options_2016.parquet,2661626
SPY,2016-12-02,2016-12-02T16:00:00-05:00,219.7,2017-01-13,42.0,0.11506849315068493,235.0,put,16.53,16.77,0.0,,,0.13351,-0.93537,0.01178,0.08953,-0.03721,-0.26129,spy_options_2016.parquet,2661626
SPY,2016-12-02,2016-12-02T16:00:00-05:00,219.7,2017-01-13,42.0,0.11506849315068493,235.5,call,0.08,0.09,0.0,,,0.11143,0.02702,0.00739,0.04755,-0.00497,0.00699,spy_options_2016.parquet,2661627
SPY,2016-12-02,2016-12-02T16:00:00-05:00,219.7,2017-01-13,42.0,0.11506849315068493,235.5,put,17.08,17.31,0.0,,,0.14162,-0.92941,0.01195,0.09611,-0.03868,-0.26039,spy_options_2016.parquet,2661627
SPY,2016-12-02,2016-12-02T16:00:00-05:00,219.7,2017-01-13,42.0,0.11506849315068493,236.0,call,0.07,0.08,0.08,1,,0.11166,0.02397,0.00672,0.04316,-0.00462,0.00648,spy_options_2016.parquet,2661628
SPY,2016-12-02,2016-12-02T16:00:00-05:00,219.7,2017-01-13,42.0,0.11506849315068493,236.0,put,17.56,17.83,0.0,,,0.14513,-0.93038,0.01163,0.09511,-0.03928,-0.26097,spy_options_2016.parquet,2661628
SPY,2016-12-02,2016-12-02T16:00:00-05:00,219.7,2017-01-13,42.0,0.11506849315068493,236.5,call,0.07,0.09,0.0,,,0.11418,0.02339,0.0064,0.04225,-0.00488,0.00585,spy_options_2016.parquet,2661629
SPY,2016-12-02,2016-12-02T16:00:00-05:00,219.7,2017-01-13,42.0,0.11506849315068493,236.5,put,18.06,18.34,0.0,,,0.14732,-0.93224,0.01114,0.09298,-0.03927,-0.26263,spy_options_2016.parquet,2661629
SPY,2016-12-02,2016-12-02T16:00:00-05:00,219.7,2017-01-13,42.0,0.11506849315068493,237.0,call,0.06,0.08,0.0,,,0.11706,0.02279,0.00617,0.04201,-0.00481,0.00584,spy_options_2016.parquet,2661630
SPY,2016-12-02,2016-12-02T16:00:00-05:00,219.7,2017-01-13,42.0,0.11506849315068493,237.0,put,18.51,18.79,0.0,,,0.14652,-0.93885,0.01026,0.085,-0.03754,-0.26493,spy_options_2016.parquet,2661630
SPY,2016-12-02,2016-12-02T16:00:00-05:00,219.7,2017-01-13,42.0,0.11506849315068493,237.5,call,0.06,0.07,0.0,,,0.11668,0.02075,0.00553,0.03745,-0.00458,0.00517,spy_options_2016.parquet,2661631
SPY,2016-12-02,2016-12-02T16:00:00-05:00,219.7,2017-01-13,42.0,0.11506849315068493,237.5,put,18.97,19.28,0.0,,,0.14494,-0.9449,0.00946,0.07805,-0.03621,-0.26683,spy_options_2016.parquet,2661631
SPY,2016-12-02,2016-12-02T16:00:00-05:00,219.7,2017-01-13,42.0,0.11506849315068493,238.0,call,0.06,0.07,0.0,,,0.11962,0.01972,0.00532,0.03672,-0.00399,0.00489,spy_options_2016.parquet,2661632
SPY,2016-12-02,2016-12-02T16:00:00-05:00,219.7,2017-01-13,42.0,0.11506849315068493,238.0,put,19.56,19.81,0.0,,,0.15649,-0.9362,0.00999,0.08926,-0.0393,-0.26547,spy_options_2016.parquet,2661632
SPY,2016-12-02,2016-12-02T16:00:00-05:00,219.7,2017-01-13,42.0,0.11506849315068493,238.5,call,0.06,0.07,0.0,,,0.1215,0.01916,0.00513,0.03593,-0.00436,0.00461,spy_options_2016.parquet,2661633
SPY,2016-12-02,2016-12-02T16:00:00-05:00,219.7,2017-01-13,42.0,0.11506849315068493,238.5,put,20.05,20.32,0.0,,,0.15927,-0.93687,0.00964,0.0871,-0.03936,-0.26595,spy_options_2016.parquet,2661633
SPY,2016-12-02,2016-12-02T16:00:00-05:00,219.7,2017-01-13,42.0,0.11506849315068493,239.0,call,0.05,0.07,0.0,,,0.1243,0.0195,0.005,0.03601,-0.00407,0.00449,spy_options_2016.parquet,2661634
SPY,2016-12-02,2016-12-02T16:00:00-05:00,219.7,2017-01-13,42.0,0.11506849315068493,239.0,put,20.56,20.82,0.0,,,0.16181,-0.93793,0.00941,0.08601,-0.03914,-0.26728,spy_options_2016.parquet,2661634
SPY,2016-12-02,2016-12-02T16:00:00-05:00,219.7,2017-01-13,42.0,0.11506849315068493,239.5,call,0.05,0.07,0.0,,,0.12374,0.01618,0.00438,0.03162,-0.00443,0.0044,spy_options_2016.parquet,2661635
SPY,2016-12-02,2016-12-02T16:00:00-05:00,219.7,2017-01-13,42.0,0.11506849315068493,239.5,put,21.03,21.29,0.0,,,0.16168,-0.9426,0.00874,0.07993,-0.03812,-0.26897,spy_options_2016.parquet,2661635
SPY,2016-12-02,2016-12-02T16:00:00-05:00,219.7,2017-01-13,42.0,0.11506849315068493,240.0,call,0.04,0.06,0.0,,,0.12596,0.01624,0.00429,0.03124,-0.00381,0.00443,spy_options_2016.parquet,2661636
SPY,2016-12-02,2016-12-02T16:00:00-05:00,219.7,2017-01-13,42.0,0.11506849315068493,240.0,put,21.49,21.74,21.25,36,,0.15957,-0.9486,0.00811,0.07329,-0.03713,-0.27121,spy_options_2016.parquet,2661636
SPY,2016-12-02,2016-12-02T16:00:00-05:00,219.7,2017-01-13,42.0,0.11506849315068493,242.5,call,0.04,0.05,0.04,2,,0.13435,0.01282,0.00328,0.02551,-0.00388,0.00292,spy_options_2016.parquet,2661637
SPY,2016-12-02,2016-12-02T16:00:00-05:00,219.7,2017-01-13,42.0,0.11506849315068493,242.5,put,24.04,24.32,0.0,,,0.18073,-0.94447,0.00763,0.07824,-0.03926,-0.27325,spy_options_2016.parquet,2661637
SPY,2016-12-02,2016-12-02T16:00:00-05:00,219.7,2017-01-13,42.0,0.11506849315068493,245.0,call,0.04,0.05,0.04,0,,0.14378,0.01111,0.0027,0.02184,-0.00343,0.00329,spy_options_2016.parquet,2661638
SPY,2016-12-02,2016-12-02T16:00:00-05:00,219.7,2017-01-13,42.0,0.11506849315068493,245.0,put,26.43,26.71,26.42,4,,0.17868,-0.96168,0.00558,0.05679,-0.03556,-0.2795,spy_options_2016.parquet,2661638
SPY,2016-12-02,2016-12-02T16:00:00-05:00,219.7,2017-01-13,42.0,0.11506849315068493,247.5,call,0.03,0.04,0.0,,,0.1522,0.00945,0.00216,0.01858,-0.00316,0.00226,spy_options_2016.parquet,2661639
SPY,2016-12-02,2016-12-02T16:00:00-05:00,219.7,2017-01-13,42.0,0.11506849315068493,247.5,put,29.04,29.3,0.0,,,0.20764,-0.95165,0.00591,0.06962,-0.04027,-0.28058,spy_options_2016.parquet,2661639
SPY,2016-12-02,2016-12-02T16:00:00-05:00,219.7,2017-01-13,42.0,0.11506849315068493,250.0,call,0.02,0.03,0.04,0,,0.15603,0.00609,0.00154,0.01402,-0.00272,0.00201,spy_options_2016.parquet,2661640
SPY,2016-12-02,2016-12-02T16:00:00-05:00,219.7,2017-01-13,42.0,0.11506849315068493,250.0,put,31.49,31.73,31.24,30,,0.21229,-0.96052,0.0048,0.05824,-0.0383,-0.28596,spy_options_2016.parquet,2661640
SPY,2016-12-02,2016-12-02T16:00:00-05:00,219.7,2017-01-13,42.0,0.11506849315068493,252.5,call,0.02,0.03,0.0,,,0.16618,0.00644,0.00144,0.01391,-0.00226,0.00176,spy_options_2016.parquet,2661641
SPY,2016-12-02,2016-12-02T16:00:00-05:00,219.7,2017-01-13,42.0,0.11506849315068493,252.5,put,34.02,34.29,33.8,4,,0.23268,-0.95704,0.00472,0.06265,-0.04023,-0.28727,spy_options_2016.parquet,2661641
SPY,2016-12-02,2016-12-02T16:00:00-05:00,219.7,2017-01-13,42.0,0.11506849315068493,255.0,call,0.0,0.03,0.02,2,,0.1672,0.00436,0.00093,0.00922,-0.00179,0.00079,spy_options_2016.parquet,2661642
SPY,2016-12-02,2016-12-02T16:00:00-05:00,219.7,2017-01-13,42.0,0.11506849315068493,255.0,put,36.48,36.72,36.25,176,,0.23533,-0.96463,0.00396,0.05228,-0.03786,-0.29266,spy_options_2016.parquet,2661642
SPY,2016-12-02,2016-12-02T16:00:00-05:00,219.7,2017-01-13,42.0,0.11506849315068493,257.5,call,0.0,0.02,0.0,,,0.17648,0.00382,0.00083,0.00869,-0.00183,0.00068,spy_options_2016.parquet,2661643
SPY,2016-12-02,2016-12-02T16:00:00-05:00,219.7,2017-01-13,42.0,0.11506849315068493,257.5,put,39.01,39.29,0.0,,,0.25637,-0.96033,0.00394,0.05802,-0.04094,-0.29439,spy_options_2016.parquet,2661643
SPY,2016-12-02,2016-12-02T16:00:00-05:00,219.7,2017-01-13,42.0,0.11506849315068493,260.0,call,0.02,0.02,0.0,,,0.18593,0.0035,0.00078,0.00783,-0.0013,0.00085,spy_options_2016.parquet,2661644
SPY,2016-12-02,2016-12-02T16:00:00-05:00,219.7,2017-01-13,42.0,0.11506849315068493,260.0,put,41.49,41.77,0.0,,,0.26567,-0.96431,0.00351,0.05302,-0.03986,-0.29852,spy_options_2016.parquet,2661644
SPY,2016-12-02,2016-12-02T16:00:00-05:00,219.7,2017-01-13,42.0,0.11506849315068493,262.5,call,0.0,0.01,0.0,,,0.17611,0.00181,0.00038,0.00294,-0.00083,0.0004,spy_options_2016.parquet,2661645
SPY,2016-12-02,2016-12-02T16:00:00-05:00,219.7,2017-01-13,42.0,0.11506849315068493,262.5,put,43.99,44.27,0.0,,,0.2775,-0.96526,0.00328,0.05139,-0.04017,-0.30199,spy_options_2016.parquet,2661645
SPY,2016-12-02,2016-12-02T16:00:00-05:00,219.7,2017-01-13,42.0,0.11506849315068493,265.0,call,0.0,0.01,0.0,,,0.18435,0.00134,0.00036,0.00326,-0.00023,0.00044,spy_options_2016.parquet,2661646
SPY,2016-12-02,2016-12-02T16:00:00-05:00,219.7,2017-01-13,42.0,0.11506849315068493,265.0,put,46.51,46.78,0.0,,,0.29133,-0.9643,0.00312,0.05218,-0.04093,-0.30427,spy_options_2016.parquet,2661646
SPY,2016-12-02,2016-12-02T16:00:00-05:00,219.7,2017-01-13,42.0,0.11506849315068493,267.5,call,0.0,0.01,0.0,,,0.19291,0.00156,0.00029,0.00329,-0.00045,0.00064,spy_options_2016.parquet,2661647
SPY,2016-12-02,2016-12-02T16:00:00-05:00,219.7,2017-01-13,42.0,0.11506849315068493,267.5,put,48.99,49.25,0.0,,,0.29691,-0.96874,0.00276,0.04685,-0.04033,-0.30874,spy_options_2016.parquet,2661647
SPY,2016-12-02,2016-12-02T16:00:00-05:00,219.7,2017-01-13,42.0,0.11506849315068493,270.0,call,0.0,0.01,0.0,,,0.20015,0.00148,0.00029,0.00283,-0.00105,0.00014,spy_options_2016.parquet,2661648
SPY,2016-12-02,2016-12-02T16:00:00-05:00,219.7,2017-01-13,42.0,0.11506849315068493,270.0,put,51.5,51.78,0.0,,,0.31378,-0.96736,0.00276,0.04804,-0.04102,-0.31123,spy_options_2016.parquet,2661648
SPY,2016-12-02,2016-12-02T16:00:00-05:00,219.7,2017-01-13,42.0,0.11506849315068493,272.5,call,0.0,0.01,0.0,,,0.20867,0.00093,0.00027,0.0034,-0.00083,-1e-05,spy_options_2016.parquet,2661649
SPY,2016-12-02,2016-12-02T16:00:00-05:00,219.7,2017-01-13,42.0,0.11506849315068493,272.5,put,54.0,54.28,53.76,2,,0.32507,-0.96793,0.00257,0.04777,-0.04187,-0.31433,spy_options_2016.parquet,2661649
SPY,2016-12-02,2016-12-02T16:00:00-05:00,219.7,2017-01-20,49.0,0.13424657534246576,150.0,call,69.45,69.74,0.0,,,,1.0,0.0,0.0,0.0,0.0,spy_options_2016.parquet,2661670
SPY,2016-12-02,2016-12-02T16:00:00-05:00,219.7,2017-01-20,49.0,0.13424657534246576,150.0,put,0.04,0.05,0.05,2,,0.37343,-0.00412,0.00041,0.01057,-0.00468,-0.00139,spy_options_2016.parquet,2661670
SPY,2016-12-02,2016-12-02T16:00:00-05:00,219.7,2017-01-20,49.0,0.13424657534246576,155.0,call,64.46,64.72,0.0,,,,1.0,0.0,0.0,0.0,0.0,spy_options_2016.parquet,2661671
SPY,2016-12-02,2016-12-02T16:00:00-05:00,219.7,2017-01-20,49.0,0.13424657534246576,155.0,put,0.05,0.06,0.05,36,,0.34918,-0.00539,0.00056,0.01357,-0.00565,-0.00222,spy_options_2016.parquet,2661671
SPY,2016-12-02,2016-12-02T16:00:00-05:00,219.7,2017-01-20,49.0,0.13424657534246576,160.0,call,59.45,59.74,0.0,,,,1.0,0.0,0.0,0.0,0.0,spy_options_2016.parquet,2661672
SPY,2016-12-02,2016-12-02T16:00:00-05:00,219.7,2017-01-20,49.0,0.13424657534246576,160.0,put,0.06,0.07,0.07,35,,0.3247,-0.00693,0.00071,0.01632,-0.00661,-0.00243,spy_options_2016.parquet,2661672
SPY,2016-12-02,2016-12-02T16:00:00-05:00,219.7,2017-01-20,49.0,0.13424657534246576,165.0,call,54.46,54.74,0.0,,,,1.0,0.0,0.0,0.0,0.0,spy_options_2016.parquet,2661673
SPY,2016-12-02,2016-12-02T16:00:00-05:00,219.7,2017-01-20,49.0,0.13424657534246576,165.0,put,0.07,0.07,0.07,26,,0.29846,-0.00861,0.00098,0.02,-0.00697,-0.00321,spy_options_2016.parquet,2661673
SPY,2016-12-02,2016-12-02T16:00:00-05:00,219.7,2017-01-20,49.0,0.13424657534246576,170.0,call,49.53,49.82,0.0,,,0.56581,0.98753,0.00667,0.01597,-0.0041,0.00709,spy_options_2016.parquet,2661674
SPY,2016-12-02,2016-12-02T16:00:00-05:00,219.7,2017-01-20,49.0,0.13424657534246576,170.0,put,0.1,0.11,0.09,36,,0.27956,-0.01324,0.00148,0.02699,-0.00941,-0.0041,spy_options_2016.parquet,2661674
SPY,2016-12-02,2016-12-02T16:00:00-05:00,219.7,2017-01-20,49.0,0.13424657534246576,171.0,call,48.46,48.74,0.0,,,,1.0,0.0,0.0,0.0,0.0,spy_options_2016.parquet,2661675
SPY,2016-12-02,2016-12-02T16:00:00-05:00,219.7,2017-01-20,49.0,0.13424657534246576,171.0,put,0.09,0.11,0.09,75,,0.27347,-0.01284,0.00148,0.02751,-0.00906,-0.00428,spy_options_2016.parquet,2661675
SPY,2016-12-02,2016-12-02T16:00:00-05:00,219.7,2017-01-20,49.0,0.13424657534246576,172.0,call,47.56,47.83,0.0,,,0.55442,0.97922,0.00712,0.02655,-0.00688,0.01368,spy_options_2016.parquet,2661676
SPY,2016-12-02,2016-12-02T16:00:00-05:00,219.7,2017-01-20,49.0,0.13424657534246576,172.0,put,0.11,0.12,0.1,76,,0.27042,-0.01473,0.00167,0.02946,-0.00955,-0.00423,spy_options_2016.parquet,2661676
SPY,2016-12-02,2016-12-02T16:00:00-05:00,219.7,2017-01-20,49.0,0.13424657534246576,173.0,call,46.47,46.73,0.0,,,,1.0,0.0,0.0,0.0,0.0,spy_options_2016.parquet,2661677
SPY,2016-12-02,2016-12-02T16:00:00-05:00,219.7,2017-01-20,49.0,0.13424657534246576,173.0,put,0.11,0.12,0.1,75,,0.26386,-0.01495,0.00172,0.03013,-0.00993,-0.00417,spy_options_2016.parquet,2661677
SPY,2016-12-02,2016-12-02T16:00:00-05:00,219.7,2017-01-20,49.0,0.13424657534246576,174.0,call,45.47,45.73,0.0,,,,1.0,0.0,0.0,0.0,0.0,spy_options_2016.parquet,2661678
SPY,2016-12-02,2016-12-02T16:00:00-05:00,219.7,2017-01-20,49.0,0.13424657534246576,174.0,put,0.12,0.13,0.11,50,,0.26083,-0.01549,0.00184,0.03272,-0.01019,-0.00514,spy_options_2016.parquet,2661678
SPY,2016-12-02,2016-12-02T16:00:00-05:00,219.7,2017-01-20,49.0,0.13424657534246576,175.0,call,44.47,44.76,0.0,,,,1.0,0.0,0.0,0.0,0.0,spy_options_2016.parquet,2661679
SPY,2016-12-02,2016-12-02T16:00:00-05:00,219.7,2017-01-20,49.0,0.13424657534246576,175.0,put,0.13,0.14,0.13,,,0.25657,-0.01765,0.002,0.03495,-0.01149,-0.00497,spy_options_2016.parquet,2661679
SPY,2016-12-02,2016-12-02T16:00:00-05:00,219.7,2017-01-20,49.0,0.13424657534246576,176.0,call,43.47,43.75,0.0,,,,1.0,0.0,0.0,0.0,0.0,spy_options_2016.parquet,2661680
SPY,2016-12-02,2016-12-02T16:00:00-05:00,219.7,2017-01-20,49.0,0.13424657534246576,176.0,put,0.13,0.15,0.13,2,,0.25029,-0.01728,0.00213,0.03501,-0.01097,-0.00525,spy_options_2016.parquet,2661680
SPY,2016-12-02,2016-12-02T16:00:00-05:00,219.7,2017-01-20,49.0,0.13424657534246576,177.0,call,42.48,42.75,0.0,,,,1.0,0.0,0.0,0.0,0.0,spy_options_2016.parquet,2661681
SPY,2016-12-02,2016-12-02T16:00:00-05:00,219.7,2017-01-20,49.0,0.13424657534246576,177.0,put,0.13,0.14,0.14,0,,0.24694,-0.01937,0.0023,0.03737,-0.01177,-0.0064,spy_options_2016.parquet,2661681
SPY,2016-12-02,2016-12-02T16:00:00-05:00,219.7,2017-01-20,49.0,0.13424657534246576,178.0,call,41.57,41.84,0.0,,,0.49971,0.97501,0.00896,0.03309,-0.00681,0.01728,spy_options_2016.parquet,2661682
SPY,2016-12-02,2016-12-02T16:00:00-05:00,219.7,2017-01-20,49.0,0.13424657534246576,178.0,put,0.15,0.16,0.14,0,,0.24281,-0.02084,0.00247,0.03999,-0.0123,-0.0068,spy_options_2016.parquet,2661682
SPY,2016-12-02,2016-12-02T16:00:00-05:00,219.7,2017-01-20,49.0,0.13424657534246576,179.0,call,40.54,40.77,0.0,,,,1.0,0.0,0.0,0.0,0.0,spy_options_2016.parquet,2661683
SPY,2016-12-02,2016-12-02T16:00:00-05:00,219.7,2017-01-20,49.0,0.13424657534246576,179.0,put,0.16,0.18,0.0,,,0.239,-0.02237,0.00272,0.04295,-0.01318,-0.00707,spy_options_2016.parquet,2661683
SPY,2016-12-02,2016-12-02T16:00:00-05:00,219.7,2017-01-20,49.0,0.13424657534246576,180.0,call,39.58,39.82,39.51,20,,0.47781,0.97767,0.00973,0.02972,-0.00561,0.01533,spy_options_2016.parquet,2661684
SPY,2016-12-02,2016-12-02T16:00:00-05:00,219.7,2017-01-20,49.0,0.13424657534246576,180.0,put,0.17,0.18,0.18,77,,0.23393,-0.02332,0.00295,0.04492,-0.01316,-0.00717,spy_options_2016.parquet,2661684
SPY,2016-12-02,2016-12-02T16:00:00-05:00,219.7,2017-01-20,49.0,0.13424657534246576,181.0,call,38.58,38.83,0.0,,,0.4725,0.97289,0.01006,0.03547,-0.00683,0.01793,spy_options_2016.parquet,2661685
SPY,2016-12-02,2016-12-02T16:00:00-05:00,219.7,2017-01-20,49.0,0.13424657534246576,181.0,put,0.17,0.19,0.17,68,,0.22936,-0.02483,0.00313,0.04811,-0.01447,-0.0079,spy_options_2016.parquet,2661685
SPY,2016-12-02,2016-12-02T16:00:00-05:00,219.7,2017-01-20,49.0,0.13424657534246576,182.0,call,37.58,37.83,0.0,,,0.4638,0.97121,0.01054,0.03872,-0.00705,0.01942,spy_options_2016.parquet,2661686
SPY,2016-12-02,2016-12-02T16:00:00-05:00,219.7,2017-01-20,49.0,0.13424657534246576,182.0,put,0.2,0.21,0.2,19,,0.22522,-0.02714,0.00336,0.05005,-0.01508,-0.00851,spy_options_2016.parquet,2661686
SPY,2016-12-02,2016-12-02T16:00:00-05:00,219.7,2017-01-20,49.0,0.13424657534246576,183.0,call,36.57,36.83,0.0,,,0.45335,0.97124,0.011,0.03768,-0.00687,0.01878,spy_options_2016.parquet,2661687
SPY,2016-12-02,2016-12-02T16:00:00-05:00,219.7,2017-01-20,49.0,0.13424657534246576,183.0,put,0.21,0.2,0.19,68,,0.22075,-0.02924,0.00367,0.05282,-0.01495,-0.00904,spy_options_2016.parquet,2661687
SPY,2016-12-02,2016-12-02T16:00:00-05:00,219.7,2017-01-20,49.0,0.13424657534246576,184.0,call,35.57,35.79,0.0,,,0.43339,0.98518,0.01183,0.02105,-0.0034,0.01061,spy_options_2016.parquet,2661688
SPY,2016-12-02,2016-12-02T16:00:00-05:00,219.7,2017-01-20,49.0,0.13424657534246576,184.0,put,0.22,0.22,0.22,,,0.21687,-0.03188,0.004,0.05767,-0.01708,-0.01003,spy_options_2016.parquet,2661688
SPY,2016-12-02,2016-12-02T16:00:00-05:00,219.7,2017-01-20,49.0,0.13424657534246576,185.0,call,34.61,34.84,34.65,3,,0.43888,0.96331,0.01183,0.0472,-0.00897,0.02318,spy_options_2016.parquet,2661689
SPY,2016-12-02,2016-12-02T16:00:00-05:00,219.7,2017-01-20,49.0,0.13424657534246576,185.0,put,0.22,0.23,0.24,272,,0.21206,-0.03324,0.0043,0.05982,-0.01755,-0.0105,spy_options_2016.parquet,2661689
SPY,2016-12-02,2016-12-02T16:00:00-05:00,219.7,2017-01-20,49.0,0.13424657534246576,186.0,call,33.59,33.83,0.0,,,0.42878,0.96378,0.01235,0.04648,-0.00789,0.02197,spy_options_2016.parquet,2661690
SPY,2016-12-02,2016-12-02T16:00:00-05:00,219.7,2017-01-20,49.0,0.13424657534246576,186.0,put,0.25,0.27,0.25,132,,0.20831,-0.0361,0.00468,0.06475,-0.0179,-0.01147,spy_options_2016.parquet,2661690
SPY,2016-12-02,2016-12-02T16:00:00-05:00,219.7,2017-01-20,49.0,0.13424657534246576,187.0,call,32.6,32.86,0.0,,,0.42061,0.96022,0.01285,0.04951,-0.00853,0.02311,spy_options_2016.parquet,2661691
SPY,2016-12-02,2016-12-02T16:00:00-05:00,219.7,2017-01-20,49.0,0.13424657534246576,187.0,put,0.26,0.27,0.27,,,0.20341,-0.03836,0.00505,0.06741,-0.01922,-0.01201,spy_options_2016.parquet,2661691
SPY,2016-12-02,2016-12-02T16:00:00-05:00,219.7,2017-01-20,49.0,0.13424657534246576,188.0,call,31.55,31.78,0.0,,,,1.0,0.0,0.0,0.0,0.0,spy_options_2016.parquet,2661692
SPY,2016-12-02,2016-12-02T16:00:00-05:00,219.7,2017-01-20,49.0,0.13424657534246576,188.0,put,0.28,0.3,0.27,227,,0.19921,-0.04229,0.00555,0.0719,-0.02029,-0.01285,spy_options_2016.parquet,2661692
SPY,2016-12-02,2016-12-02T16:00:00-05:00,219.7,2017-01-20,49.0,0.13424657534246576,189.0,call,30.56,30.77,30.64,0,,,1.0,0.0,0.0,0.0,0.0,spy_options_2016.parquet,2661693
SPY,2016-12-02,2016-12-02T16:00:00-05:00,219.7,2017-01-20,49.0,0.13424657534246576,189.0,put,0.3,0.31,0.3,,,0.1952,-0.04534,0.00601,0.07716,-0.02122,-0.01455,spy_options_2016.parquet,2661693
SPY,2016-12-02,2016-12-02T16:00:00-05:00,219.7,2017-01-20,49.0,0.13424657534246576,190.0,call,29.57,29.77,29.8,4,,0.00042,1.0,0.0,0.0,0.0,0.0,spy_options_2016.parquet,2661694
SPY,2016-12-02,2016-12-02T16:00:00-05:00,219.7,2017-01-20,49.0,0.13424657534246576,190.0,put,0.32,0.33,0.33,,,0.19009,-0.04927,0.00651,0.08175,-0.02257,-0.01485,spy_options_2016.parquet,2661694
SPY,2016-12-02,2016-12-02T16:00:00-05:00,219.7,2017-01-20,49.0,0.13424657534246576,191.0,call,28.6,28.79,28.37,0,,0.37247,0.97131,0.01615,0.03639,-0.00489,0.01597,spy_options_2016.parquet,2661695
SPY,2016-12-02,2016-12-02T16:00:00-05:00,219.7,2017-01-20,49.0,0.13424657534246576,191.0,put,0.34,0.36,0.35,,,0.1848,-0.05234,0.00705,0.08679,-0.0236,-0.0161,spy_options_2016.parquet,2661695
SPY,2016-12-02,2016-12-02T16:00:00-05:00,219.7,2017-01-20,49.0,0.13424657534246576,192.0,call,27.6,27.8,27.5,2,,0.36734,0.96236,0.01669,0.04512,-0.00721,0.01997,spy_options_2016.parquet,2661696
SPY,2016-12-02,2016-12-02T16:00:00-05:00,219.7,2017-01-20,49.0,0.13424657534246576,192.0,put,0.36,0.38,0.37,,,0.18101,-0.05779,0.00775,0.09352,-0.02493,-0.01773,spy_options_2016.parquet,2661696
SPY,2016-12-02,2016-12-02T16:00:00-05:00,219.7,2017-01-20,49.0,0.13424657534246576,193.0,call,26.67,26.87,26.52,0,,0.36957,0.9392,0.01663,0.07027,-0.0112,0.02982,spy_options_2016.parquet,2661697
SPY,2016-12-02,2016-12-02T16:00:00-05:00,219.7,2017-01-20,49.0,0.13424657534246576,193.0,put,0.4,0.41,0.4,,,0.17724,-0.06329,0.00849,0.09912,-0.02598,-0.01937,spy_options_2016.parquet,2661697
SPY,2016-12-02,2016-12-02T16:00:00-05:00,219.7,2017-01-20,49.0,0.13424657534246576,194.0,call,25.63,25.82,25.56,11,,0.35216,0.95043,0.01806,0.0584,-0.00879,0.02408,spy_options_2016.parquet,2661698
SPY,2016-12-02,2016-12-02T16:00:00-05:00,219.7,2017-01-20,49.0,0.13424657534246576,194.0,put,0.44,0.44,0.44,,,0.17294,-0.06868,0.00926,0.1061,-0.02747,-0.02113,spy_options_2016.parquet,2661698
SPY,2016-12-02,2016-12-02T16:00:00-05:00,219.7,2017-01-20,49.0,0.13424657534246576,195.0,call,24.66,24.83,24.62,10,,0.34545,0.94252,0.01878,0.06561,-0.00913,0.02614,spy_options_2016.parquet,2661699
SPY,2016-12-02,2016-12-02T16:00:00-05:00,219.7,2017-01-20,49.0,0.13424657534246576,195.0,put,0.46,0.47,0.48,,,0.16784,-0.07385,0.01018,0.1128,-0.029,-0.02239,spy_options_2016.parquet,2661699
SPY,2016-12-02,2016-12-02T16:00:00-05:00,219.7,2017-01-20,49.0,0.13424657534246576,196.0,call,23.74,23.9,23.64,0,,0.3465,0.92052,0.0189,0.08783,-0.01281,0.03422,spy_options_2016.parquet,2661700
SPY,2016-12-02,2016-12-02T16:00:00-05:00,219.7,2017-01-20,49.0,0.13424657534246576,196.0,put,0.5,0.52,0.51,,,0.164,-0.08122,0.01116,0.12088,-0.03098,-0.02492,spy_options_2016.parquet,2661700
SPY,2016-12-02,2016-12-02T16:00:00-05:00,219.7,2017-01-20,49.0,0.13424657534246576,197.0,call,22.68,22.86,22.95,50,,0.32983,0.93072,0.02056,0.0773,-0.01089,0.02951,spy_options_2016.parquet,2661701
SPY,2016-12-02,2016-12-02T16:00:00-05:00,219.7,2017-01-20,49.0,0.13424657534246576,197.0,put,0.54,0.56,0.54,500,,0.15949,-0.08846,0.01232,0.12954,-0.03241,-0.02741,spy_options_2016.parquet,2661701
SPY,2016-12-02,2016-12-02T16:00:00-05:00,219.7,2017-01-20,49.0,0.13424657534246576,198.0,call,21.73,21.89,21.81,9,,0.32336,0.92052,0.0214,0.0866,-0.01134,0.03279,spy_options_2016.parquet,2661702
SPY,2016-12-02,2016-12-02T16:00:00-05:00,219.7,2017-01-20,49.0,0.13424657534246576,198.0,put,0.58,0.6,0.57,,,0.15435,-0.09661,0.01351,0.13817,-0.03479,-0.02998,spy_options_2016.parquet,2661702
SPY,2016-12-02,2016-12-02T16:00:00-05:00,219.7,2017-01-20,49.0,0.13424657534246576,199.0,call,20.75,20.91,20.92,3,,0.31489,0.91361,0.02241,0.09248,-0.01206,0.03395,spy_options_2016.parquet,2661703
SPY,2016-12-02,2016-12-02T16:00:00-05:00,219.7,2017-01-20,49.0,0.13424657534246576,199.0,put,0.64,0.64,0.64,527,,0.15048,-0.10639,0.01493,0.14753,-0.03657,-0.03289,spy_options_2016.parquet,2661703
SPY,2016-12-02,2016-12-02T16:00:00-05:00,219.7,2017-01-20,49.0,0.13424657534246576,200.0,call,19.81,19.98,19.87,212,,0.31073,0.89534,0.02294,0.10854,-0.01465,0.03922,spy_options_2016.parquet,2661704
SPY,2016-12-02,2016-12-02T16:00:00-05:00,219.7,2017-01-20,49.0,0.13424657534246576,200.0,put,0.69,0.71,0.7,,,0.14557,-0.11696,0.01649,0.15846,-0.03884,-0.03663,spy_options_2016.parquet,2661704
SPY,2016-12-02,2016-12-02T16:00:00-05:00,219.7,2017-01-20,49.0,0.13424657534246576,201.0,call,18.88,19.02,18.76,66,,0.30474,0.88199,0.02378,0.11953,-0.01525,0.04197,spy_options_2016.parquet,2661705
SPY,2016-12-02,2016-12-02T16:00:00-05:00,219.7,2017-01-20,49.0,0.13424657534246576,201.0,put,0.75,0.77,0.74,393,,0.14068,-0.12889,0.01822,0.16959,-0.04145,-0.03994,spy_options_2016.parquet,2661705
SPY,2016-12-02,2016-12-02T16:00:00-05:00,219.7,2017-01-20,49.0,0.13424657534246576,202.0,call,17.87,18.01,17.96,0,,0.29313,0.88057,0.02544,0.11972,-0.01448,0.04088,spy_options_2016.parquet,2661706
SPY,2016-12-02,2016-12-02T16:00:00-05:00,219.7,2017-01-20,49.0,0.13424657534246576,202.0,put,0.81,0.82,0.81,296,,0.13568,-0.14087,0.02008,0.17978,-0.04337,-0.04359,spy_options_2016.parquet,2661706
SPY,2016-12-02,2016-12-02T16:00:00-05:00,219.7,2017-01-20,49.0,0.13424657534246576,203.0,call,16.91,17.08,16.99,120,,0.2866,0.86563,0.02643,0.13188,-0.01577,0.04362,spy_options_2016.parquet,2661707
SPY,2016-12-02,2016-12-02T16:00:00-05:00,219.7,2017-01-20,49.0,0.13424657534246576,203.0,put,0.88,0.9,0.9,723,,0.13024,-0.15542,0.0223,0.19189,-0.04623,-0.04831,spy_options_2016.parquet,2661707
SPY,2016-12-02,2016-12-02T16:00:00-05:00,219.7,2017-01-20,49.0,0.13424657534246576,204.0,call,16.02,16.14,15.94,72,,0.28197,0.8478,0.02717,0.14503,-0.0177,0.04806,spy_options_2016.parquet,2661708
SPY,2016-12-02,2016-12-02T16:00:00-05:00,219.7,2017-01-20,49.0,0.13424657534246576,204.0,put,0.95,0.98,0.98,289,,0.12494,-0.17236,0.02478,0.20541,-0.04959,-0.05342,spy_options_2016.parquet,2661708
SPY,2016-12-02,2016-12-02T16:00:00-05:00,219.7,2017-01-20,49.0,0.13424657534246576,205.0,call,15.03,15.14,14.98,108,,0.2702,0.84262,0.02914,0.14795,-0.0166,0.04719,spy_options_2016.parquet,2661709
SPY,2016-12-02,2016-12-02T16:00:00-05:00,219.7,2017-01-20,49.0,0.13424657534246576,205.0,put,1.07,1.08,1.08,651,,0.12054,-0.19191,0.02747,0.2189,-0.05302,-0.0594,spy_options_2016.parquet,2661709
SPY,2016-12-02,2016-12-02T16:00:00-05:00,219.7,2017-01-20,49.0,0.13424657534246576,206.0,call,14.08,14.19,14.04,152,,0.26147,0.82838,0.03057,0.15651,-0.01715,0.04824,spy_options_2016.parquet,2661710
SPY,2016-12-02,2016-12-02T16:00:00-05:00,219.7,2017-01-20,49.0,0.13424657534246576,206.0,put,1.16,1.16,1.17,937,,0.11533,-0.21267,0.03061,0.23295,-0.05643,-0.06522,spy_options_2016.parquet,2661710
SPY,2016-12-02,2016-12-02T16:00:00-05:00,219.7,2017-01-20,49.0,0.13424657534246576,207.0,call,13.2,13.26,13.01,209,,0.25562,0.80883,0.03173,0.16948,-0.0177,0.05143,spy_options_2016.parquet,2661711
SPY,2016-12-02,2016-12-02T16:00:00-05:00,219.7,2017-01-20,49.0,0.13424657534246576,207.0,put,1.28,1.3,1.29,718,,0.11004,-0.23747,0.03413,0.24767,-0.06035,-0.07367,spy_options_2016.parquet,2661711
SPY,2016-12-02,2016-12-02T16:00:00-05:00,219.7,2017-01-20,49.0,0.13424657534246576,208.0,call,12.25,12.34,12.32,99,,0.24761,0.79144,0.03321,0.18036,-0.01781,0.05337,spy_options_2016.parquet,2661712
SPY,2016-12-02,2016-12-02T16:00:00-05:00,219.7,2017-01-20,49.0,0.13424657534246576,208.0,put,1.41,1.41,1.4,,,0.1046,-0.26641,0.03809,0.26291,-0.06429,-0.0815,spy_options_2016.parquet,2661712
SPY,2016-12-02,2016-12-02T16:00:00-05:00,219.7,2017-01-20,49.0,0.13424657534246576,209.0,call,11.42,11.52,11.28,71,,0.24366,0.76374,0.03362,0.19663,-0.01971,0.05697,spy_options_2016.parquet,2661713
SPY,2016-12-02,2016-12-02T16:00:00-05:00,219.7,2017-01-20,49.0,0.13424657534246576,209.0,put,1.52,1.55,1.52,,,0.09745,-0.29706,0.04291,0.27605,-0.06816,-0.09192,spy_options_2016.parquet,2661713
SPY,2016-12-02,2016-12-02T16:00:00-05:00,219.7,2017-01-20,49.0,0.13424657534246576,210.0,call,10.52,10.61,10.44,672,,0.2349,0.74425,0.03511,0.2067,-0.02,0.05781,spy_options_2016.parquet,2661714
SPY,2016-12-02,2016-12-02T16:00:00-05:00,219.7,2017-01-20,49.0,0.13424657534246576,210.0,put,1.69,1.7,1.68,,,0.09095,-0.33524,0.04814,0.29071,-0.07316,-0.10351,spy_options_2016.parquet,2661714
SPY,2016-12-02,2016-12-02T16:00:00-05:00,219.7,2017-01-20,49.0,0.13424657534246576,211.0,call,9.7,9.75,9.64,238,,0.22961,0.71675,0.03599,0.21974,-0.02081,0.05998,spy_options_2016.parquet,2661715
SPY,2016-12-02,2016-12-02T16:00:00-05:00,219.7,2017-01-20,49.0,0.13424657534246576,211.0,put,1.85,1.86,1.84,,,0.08409,-0.37912,0.0546,0.30222,-0.07891,-0.11686,spy_options_2016.parquet,2661715
SPY,2016-12-02,2016-12-02T16:00:00-05:00,219.7,2017-01-20,49.0,0.13424657534246576,212.0,call,8.77,8.84,8.83,,,0.21933,0.69708,0.03833,0.22768,-0.0201,0.06012,spy_options_2016.parquet,2661716
SPY,2016-12-02,2016-12-02T16:00:00-05:00,219.7,2017-01-20,49.0,0.13424657534246576,212.0,put,2.02,2.04,2.04,,,0.07501,-0.4333,0.06245,0.31072,-0.08421,-0.13349,spy_options_2016.parquet,2661716
SPY,2016-12-02,2016-12-02T16:00:00-05:00,219.7,2017-01-20,49.0,0.13424657534246576,213.0,call,8.04,8.08,7.85,94,,0.21576,0.66286,0.03843,0.24171,-0.02157,0.06226,spy_options_2016.parquet,2661717
SPY,2016-12-02,2016-12-02T16:00:00-05:00,219.7,2017-01-20,49.0,0.13424657534246576,213.0,put,2.25,2.27,2.23,,,0.06643,-0.5006,0.07106,0.31324,-0.09164,-0.1538,spy_options_2016.parquet,2661717
SPY,2016-12-02,2016-12-02T16:00:00-05:00,219.7,2017-01-20,49.0,0.13424657534246576,214.0,call,7.14,7.2,7.24,83,,0.20556,0.63726,0.0406,0.24872,-0.02097,0.06286,spy_options_2016.parquet,2661718
SPY,2016-12-02,2016-12-02T16:00:00-05:00,219.7,2017-01-20,49.0,0.13424657534246576,214.0,put,2.46,2.47,2.49,,,0.05537,-0.59424,0.08293,0.3008,-0.10057,-0.18209,spy_options_2016.parquet,2661718
SPY,2016-12-02,2016-12-02T16:00:00-05:00,219.7,2017-01-20,49.0,0.13424657534246576,215.0,call,6.39,6.43,6.43,571,,0.19933,0.60282,0.04124,0.25885,-0.02109,0.06326,spy_options_2016.parquet,2661719
SPY,2016-12-02,2016-12-02T16:00:00-05:00,219.7,2017-01-20,49.0,0.13424657534246576,215.0,put,2.72,2.73,2.71,,,0.04041,-0.73788,0.09152,0.24346,-0.11338,-0.22565,spy_options_2016.parquet,2661719
SPY,2016-12-02,2016-12-02T16:00:00-05:00,219.7,2017-01-20,49.0,0.13424657534246576,216.0,call,5.63,5.66,5.71,,,0.19111,0.56776,0.04226,0.2665,-0.02049,0.06261,spy_options_2016.parquet,2661720
SPY,2016-12-02,2016-12-02T16:00:00-05:00,219.7,2017-01-20,49.0,0.13424657534246576,216.0,put,3.01,3.01,3.03,,,3e-05,0.0,0.0,-10.0005,0.0,0.0,spy_options_2016.parquet,2661720
SPY,2016-12-02,2016-12-02T16:00:00-05:00,219.7,2017-01-20,49.0,0.13424657534246576,217.0,call,4.94,4.98,4.94,,,0.18541,0.52904,0.04236,0.27236,-0.02055,0.06215,spy_options_2016.parquet,2661721
SPY,2016-12-02,2016-12-02T16:00:00-05:00,219.7,2017-01-20,49.0,0.13424657534246576,217.0,put,3.31,3.33,3.34,,,0.00051,0.0,0.0,-9.99963,0.0,0.0,spy_options_2016.parquet,2661721
SPY,2016-12-02,2016-12-02T16:00:00-05:00,219.7,2017-01-20,49.0,0.13424657534246576,218.0,call,4.31,4.34,4.27,,,0.18036,0.48882,0.04193,0.2757,-0.02061,0.06167,spy_options_2016.parquet,2661722
SPY,2016-12-02,2016-12-02T16:00:00-05:00,219.7,2017-01-20,49.0,0.13424657534246576,218.0,put,3.67,3.67,3.68,,,0.00032,-0.96861,0.0,0.0,-0.13711,-0.29849,spy_options_2016.parquet,2661722
SPY,2016-12-02,2016-12-02T16:00:00-05:00,219.7,2017-01-20,49.0,0.13424657534246576,219.0,call,3.65,3.67,3.65,,,0.17266,0.44737,0.04228,0.27569,-0.0192,0.05943,spy_options_2016.parquet,2661723
SPY,2016-12-02,2016-12-02T16:00:00-05:00,219.7,2017-01-20,49.0,0.13424657534246576,219.0,put,4.01,4.03,4.07,,,-2e-05,0.0,0.0,-9.99973,0.0,0.0,spy_options_2016.parquet,2661723
SPY,2016-12-02,2016-12-02T16:00:00-05:00,219.7,2017-01-20,49.0,0.13424657534246576,220.0,call,3.06,3.08,3.1,,,0.16673,0.4028,0.04162,0.27294,-0.01817,0.05616,spy_options_2016.parquet,2661724
SPY,2016-12-02,2016-12-02T16:00:00-05:00,219.7,2017-01-20,49.0,0.13424657534246576,220.0,put,4.45,4.47,4.47,,,0.00064,-0.9686,0.0,0.0,-0.13686,-0.3011,spy_options_2016.parquet,2661724
SPY,2016-12-02,2016-12-02T16:00:00-05:00,219.7,2017-01-20,49.0,0.13424657534246576,221.0,call,2.53,2.54,2.54,,,0.15981,0.35852,0.04041,0.26646,-0.01755,0.05317,spy_options_2016.parquet,2661725
SPY,2016-12-02,2016-12-02T16:00:00-05:00,219.7,2017-01-20,49.0,0.13424657534246576,221.0,put,4.9,4.97,5.01,873,,0.00026,-1.0,0.0,-23.30047,0.0,0.0,spy_options_2016.parquet,2661725
SPY,2016-12-02,2016-12-02T16:00:00-05:00,219.7,2017-01-20,49.0,0.13424657534246576,222.0,call,2.05,2.08,2.08,,,0.15523,0.31396,0.03847,0.2555,-0.01612,0.04853,spy_options_2016.parquet,2661726
SPY,2016-12-02,2016-12-02T16:00:00-05:00,219.7,2017-01-20,49.0,0.13424657534246576,222.0,put,5.44,5.51,5.49,126,,2e-05,-1.0,0.0,-33.29977,0.0,0.0,spy_options_2016.parquet,2661726
SPY,2016-12-02,2016-12-02T16:00:00-05:00,219.7,2017-01-20,49.0,0.13424657534246576,223.0,call,1.63,1.66,1.66,,,0.14921,0.27045,0.03619,0.24099,-0.01436,0.04388,spy_options_2016.parquet,2661727
SPY,2016-12-02,2016-12-02T16:00:00-05:00,219.7,2017-01-20,49.0,0.13424657534246576,223.0,put,6.07,6.13,6.0,55,,-0.00011,-1.0,0.0,-43.2996,0.0,0.0,spy_options_2016.parquet,2661727
SPY,2016-12-02,2016-12-02T16:00:00-05:00,219.7,2017-01-20,49.0,0.13424657534246576,224.0,call,1.3,1.31,1.3,,,0.14505,0.22932,0.03319,0.22226,-0.01289,0.03899,spy_options_2016.parquet,2661728
SPY,2016-12-02,2016-12-02T16:00:00-05:00,219.7,2017-01-20,49.0,0.13424657534246576,224.0,put,6.72,6.81,6.74,316,,0.00072,-1.0,0.0,-53.30002,0.0,0.0,spy_options_2016.parquet,2661728
SPY,2016-12-02,2016-12-02T16:00:00-05:00,219.7,2017-01-20,49.0,0.13424657534246576,225.0,call,1.01,1.03,1.02,,,0.14014,0.19105,0.02997,0.20155,-0.01207,0.03402,spy_options_2016.parquet,2661729
SPY,2016-12-02,2016-12-02T16:00:00-05:00,219.7,2017-01-20,49.0,0.13424657534246576,225.0,put,7.38,7.53,7.47,759,,0.00033,-0.9687,0.0,0.0,-0.13737,-0.30794,spy_options_2016.parquet,2661729
SPY,2016-12-02,2016-12-02T16:00:00-05:00,219.7,2017-01-20,49.0,0.13424657534246576,226.0,call,0.77,0.78,0.78,,,0.13599,0.15605,0.02641,0.17953,-0.01023,0.02951,spy_options_2016.parquet,2661730
SPY,2016-12-02,2016-12-02T16:00:00-05:00,219.7,2017-01-20,49.0,0.13424657534246576,226.0,put,8.2,8.35,8.27,134,,0.00056,-1.0,0.0,-73.30001,0.0,0.0,spy_options_2016.parquet,2661730
SPY,2016-12-02,2016-12-02T16:00:00-05:00,219.7,2017-01-20,49.0,0.13424657534246576,227.0,call,0.58,0.61,0.6,,,0.13367,0.12712,0.02289,0.15691,-0.00956,0.02491,spy_options_2016.parquet,2661731
SPY,2016-12-02,2016-12-02T16:00:00-05:00,219.7,2017-01-20,49.0,0.13424657534246576,227.0,put,8.99,9.18,9.27,202,,0.00059,-0.96865,0.0,0.0,-0.13678,-0.31076,spy_options_2016.parquet,2661731
SPY,2016-12-02,2016-12-02T16:00:00-05:00,219.7,2017-01-20,49.0,0.13424657534246576,228.0,call,0.45,0.48,0.47,,,0.1321,0.10239,0.01962,0.13618,-0.00786,0.02064,spy_options_2016.parquet,2661732
SPY,2016-12-02,2016-12-02T16:00:00-05:00,219.7,2017-01-20,49.0,0.13424657534246576,228.0,put,9.89,10.1,9.89,2,,0.00024,-1.0,0.0,-93.29989,0.0,0.0,spy_options_2016.parquet,2661732
SPY,2016-12-02,2016-12-02T16:00:00-05:00,219.7,2017-01-20,49.0,0.13424657534246576,229.0,call,0.35,0.36,0.35,,,0.13054,0.08296,0.01656,0.11694,-0.00688,0.01684,spy_options_2016.parquet,2661733
SPY,2016-12-02,2016-12-02T16:00:00-05:00,219.7,2017-01-20,49.0,0.13424657534246576,229.0,put,10.79,11.01,11.03,50,,0.00022,-0.96792,0.0,0.0,-0.1368,-0.31301,spy_options_2016.parquet,2661733
SPY,2016-12-02,2016-12-02T16:00:00-05:00,219.7,2017-01-20,49.0,0.13424657534246576,230.0,call,0.27,0.28,0.28,,,0.12907,0.06628,0.01395,0.09935,-0.00637,0.01415,spy_options_2016.parquet,2661734
SPY,2016-12-02,2016-12-02T16:00:00-05:00,219.7,2017-01-20,49.0,0.13424657534246576,230.0,put,11.72,11.96,11.94,966,,0.0002,-1.0,0.0,-113.30048,0.0,0.0,spy_options_2016.parquet,2661734
SPY,2016-12-02,2016-12-02T16:00:00-05:00,219.7,2017-01-20,49.0,0.13424657534246576,231.0,call,0.23,0.23,0.21,325,,0.13059,0.05548,0.01185,0.08681,-0.00516,0.01259,spy_options_2016.parquet,2661735
SPY,2016-12-02,2016-12-02T16:00:00-05:00,219.7,2017-01-20,49.0,0.13424657534246576,231.0,put,12.65,12.86,0.0,,,0.00012,-0.96788,0.0,0.0,-0.13751,-0.31616,spy_options_2016.parquet,2661735
SPY,2016-12-02,2016-12-02T16:00:00-05:00,219.7,2017-01-20,49.0,0.13424657534246576,232.0,call,0.19,0.19,0.19,,,0.13106,0.04578,0.00999,0.07607,-0.00458,0.01003,spy_options_2016.parquet,2661736
SPY,2016-12-02,2016-12-02T16:00:00-05:00,219.7,2017-01-20,49.0,0.13424657534246576,232.0,put,13.65,13.89,0.0,,,0.00064,-0.96842,0.0,0.0,-0.1371,-0.3171,spy_options_2016.parquet,2661736
SPY,2016-12-02,2016-12-02T16:00:00-05:00,219.7,2017-01-20,49.0,0.13424657534246576,233.0,call,0.15,0.17,0.16,582,,0.13233,0.03864,0.0086,0.06679,-0.00453,0.00854,spy_options_2016.parquet,2661737
SPY,2016-12-02,2016-12-02T16:00:00-05:00,219.7,2017-01-20,49.0,0.13424657534246576,233.0,put,14.56,14.81,0.0,,,-0.00016,-0.9679,0.0,0.0,-0.13683,-0.3186,spy_options_2016.parquet,2661737
SPY,2016-12-02,2016-12-02T16:00:00-05:00,219.7,2017-01-20,49.0,0.13424657534246576,234.0,call,0.13,0.14,0.13,591,,0.13416,0.03343,0.00746,0.05928,-0.0042,0.00763,spy_options_2016.parquet,2661738
SPY,2016-12-02,2016-12-02T16:00:00-05:00,219.7,2017-01-20,49.0,0.13424657534246576,234.0,put,15.59,15.83,0.0,,,0.00024,-0.96829,0.0,0.0,-0.13711,-0.32014,spy_options_2016.parquet,2661738
SPY,2016-12-02,2016-12-02T16:00:00-05:00,219.7,2017-01-20,49.0,0.13424657534246576,235.0,call,0.11,0.11,0.12,,,0.13584,0.02894,0.00643,0.05196,-0.00367,0.00687,spy_options_2016.parquet,2661739
SPY,2016-12-02,2016-12-02T16:00:00-05:00,219.7,2017-01-20,49.0,0.13424657534246576,235.0,put,16.59,16.84,16.54,2,,0.00038,-0.9687,0.0,0.0,-0.13693,-0.32144,spy_options_2016.parquet,2661739
SPY,2016-12-02,2016-12-02T16:00:00-05:00,219.7,2017-01-20,49.0,0.13424657534246576,236.0,call,0.09,0.11,0.1,103,,0.1394,0.02579,0.00571,0.04837,-0.00331,0.00619,spy_options_2016.parquet,2661740
SPY,2016-12-02,2016-12-02T16:00:00-05:00,219.7,2017-01-20,49.0,0.13424657534246576,236.0,put,17.53,17.73,17.54,2,,0.00077,-0.96846,0.0,0.0,-0.13725,-0.32294,spy_options_2016.parquet,2661740
SPY,2016-12-02,2016-12-02T16:00:00-05:00,219.7,2017-01-20,49.0,0.13424657534246576,237.0,call,0.09,0.1,0.08,952,,0.14223,0.0232,0.00511,0.04395,-0.00294,0.00593,spy_options_2016.parquet,2661741
SPY,2016-12-02,2016-12-02T16:00:00-05:00,219.7,2017-01-20,49.0,0.13424657534246576,237.0,put,18.57,18.83,0.0,,,-0.00014,-0.96836,0.0,0.0,-0.13733,-0.32477,spy_options_2016.parquet,2661741
SPY,2016-12-02,2016-12-02T16:00:00-05:00,219.7,2017-01-20,49.0,0.13424657534246576,238.0,call,0.08,0.09,0.08,,,0.14454,0.02098,0.00452,0.04021,-0.00357,0.00519,spy_options_2016.parquet,2661742
SPY,2016-12-02,2016-12-02T16:00:00-05:00,219.7,2017-01-20,49.0,0.13424657534246576,238.0,put,19.52,19.78,19.69,2,,6e-05,-0.96778,0.0,0.0,-0.13719,-0.32592,spy_options_2016.parquet,2661742
SPY,2016-12-02,2016-12-02T16:00:00-05:00,219.7,2017-01-20,49.0,0.13424657534246576,239.0,call,0.07,0.09,0.08,,,0.14646,0.01842,0.00398,0.0364,-0.0029,0.00507,spy_options_2016.parquet,2661743
SPY,2016-12-02,2016-12-02T16:00:00-05:00,219.7,2017-01-20,49.0,0.13424657534246576,239.0,put,20.51,20.76,20.05,0,,0.00053,-0.96868,0.0,0.0,-0.13737,-0.32739,spy_options_2016.parquet,2661743
SPY,2016-12-02,2016-12-02T16:00:00-05:00,219.7,2017-01-20,49.0,0.13424657534246576,240.0,call,0.08,0.08,0.08,866,,0.15039,0.01798,0.0037,0.03476,-0.00285,0.00433,spy_options_2016.parquet,2661744
SPY,2016-12-02,2016-12-02T16:00:00-05:00,219.7,2017-01-20,49.0,0.13424657534246576,240.0,put,21.54,21.82,21.78,35,,0.00028,-0.96795,0.0,0.0,-0.13717,-0.32862,spy_options_2016.parquet,2661744
SPY,2016-12-02,2016-12-02T16:00:00-05:00,219.7,2017-01-20,49.0,0.13424657534246576,245.0,call,0.04,0.04,0.04,6,,0.16234,0.01083,0.00216,0.02211,-0.00192,0.00237,spy_options_2016.parquet,2661745
SPY,2016-12-02,2016-12-02T16:00:00-05:00,219.7,2017-01-20,49.0,0.13424657534246576,245.0,put,26.47,26.74,26.53,4,,0.00026,-0.96836,0.0,0.0,-0.13719,-0.33535,spy_options_2016.parquet,2661745
SPY,2016-12-02,2016-12-02T16:00:00-05:00,219.7,2017-01-20,49.0,0.13424657534246576,250.0,call,0.03,0.03,0.04,35,,0.17719,0.00808,0.00144,0.01722,-0.00197,0.00183,spy_options_2016.parquet,2661746
SPY,2016-12-02,2016-12-02T16:00:00-05:00,219.7,2017-01-20,49.0,0.13424657534246576,250.0,put,31.45,31.71,0.0,,,0.00033,-0.96861,0.0,0.0,-0.13665,-0.34202,spy_options_2016.parquet,2661746
SPY,2016-12-02,2016-12-02T16:00:00-05:00,219.7,2017-01-20,49.0,0.13424657534246576,255.0,call,0.02,0.03,0.03,0,,0.18866,0.00549,0.00095,0.0127,-0.0012,0.00175,spy_options_2016.parquet,2661747
SPY,2016-12-02,2016-12-02T16:00:00-05:00,219.7,2017-01-20,49.0,0.13424657534246576,255.0,put,36.43,36.7,0.0,,,-0.00012,-0.96835,0.0,0.0,-0.1374,-0.34907,spy_options_2016.parquet,2661747
SPY,2016-12-02,2016-12-02T16:00:00-05:00,219.7,2017-01-20,49.0,0.13424657534246576,260.0,call,0.0,0.02,0.02,585,,0.19623,0.00299,0.00063,0.0076,-0.00107,0.00131,spy_options_2016.parquet,2661748
SPY,2016-12-02,2016-12-02T16:00:00-05:00,219.7,2017-01-20,49.0,0.13424657534246576,260.0,put,41.51,41.78,0.0,,,0.00031,-0.96849,0.0,0.0,-0.13742,-0.35582,spy_options_2016.parquet,2661748
SPY,2016-12-02,2016-12-02T16:00:00-05:00,219.7,2017-01-20,49.0,0.13424657534246576,265.0,call,0.0,0.01,0.01,150,,0.19285,0.00089,0.00025,0.00334,-5e-05,0.00053,spy_options_2016.parquet,2661749
SPY,2016-12-02,2016-12-02T16:00:00-05:00,219.7,2017-01-20,49.0,0.13424657534246576,265.0,put,46.51,46.79,0.0,,,-0.00011,-0.96832,0.0,0.0,-0.13709,-0.36237,spy_options_2016.parquet,2661749
SPY,2016-12-02,2016-12-02T16:00:00-05:00,219.7,2017-01-20,49.0,0.13424657534246576,270.0,call,0.0,0.01,0.0,,,0.2083,0.00093,0.00024,0.00286,-0.00036,0.0001,spy_options_2016.parquet,2661750
SPY,2016-12-02,2016-12-02T16:00:00-05:00,219.7,2017-01-20,49.0,0.13424657534246576,270.0,put,51.4,51.67,0.0,,,-0.00019,-1.0,0.0,-513.30042,0.0,0.0,spy_options_2016.parquet,2661750
SPY,2016-12-02,2016-12-02T16:00:00-05:00,219.7,2017-01-20,49.0,0.13424657534246576,275.0,call,0.0,0.01,0.0,,,0.22253,0.00066,0.00016,0.00258,-0.00042,0.00038,spy_options_2016.parquet,2661751
SPY,2016-12-02,2016-12-02T16:00:00-05:00,219.7,2017-01-20,49.0,0.13424657534246576,275.0,put,55.4,57.76,0.0,,,0.00054,-0.96854,0.0,0.0,-0.13695,-0.37693,spy_options_2016.parquet,2661751
SPY,2016-12-02,2016-12-02T16:00:00-05:00,219.7,2017-01-20,49.0,0.13424657534246576,280.0,call,0.0,0.01,0.0,,,0.23658,0.00143,0.00015,0.00262,-0.00033,0.00065,spy_options_2016.parquet,2661752
SPY,2016-12-02,2016-12-02T16:00:00-05:00,219.7,2017-01-20,49.0,0.13424657534246576,280.0,put,61.48,61.77,0.0,,,2e-05,-0.96822,0.0,0.0,-0.13663,-0.38347,spy_options_2016.parquet,2661752
SPY,2016-12-02,2016-12-02T16:00:00-05:00,219.7,2017-01-20,49.0,0.13424657534246576,285.0,call,0.0,0.02,0.0,,,0.25094,0.00084,0.00013,0.00268,-3e-05,0.00028,spy_options_2016.parquet,2661753
SPY,2016-12-02,2016-12-02T16:00:00-05:00,219.7,2017-01-20,49.0,0.13424657534246576,285.0,put,65.4,67.76,0.0,,,0.00038,-0.96795,0.0,0.0,-0.1372,-0.39056,spy_options_2016.parquet,2661753
SPY,2016-12-02,2016-12-02T16:00:00-05:00,219.7,2017-01-20,49.0,0.13424657534246576,290.0,call,0.0,0.01,0.0,,,0.26364,0.00043,0.00015,0.00248,-0.00029,0.00026,spy_options_2016.parquet,2661754
SPY,2016-12-02,2016-12-02T16:00:00-05:00,219.7,2017-01-20,49.0,0.13424657534246576,290.0,put,71.5,71.77,0.0,,,0.00042,-0.96794,0.0,0.0,-0.13737,-0.39652,spy_options_2016.parquet,2661754
SPY,2016-12-02,2016-12-02T16:00:00-05:00,219.7,2017-01-20,49.0,0.13424657534246576,295.0,call,0.0,0.01,0.0,,,0.27718,0.00074,0.00011,0.00279,-0.00012,-1e-05,spy_options_2016.parquet,2661755
SPY,2016-12-02,2016-12-02T16:00:00-05:00,219.7,2017-01-20,49.0,0.13424657534246576,295.0,put,74.94,77.86,0.0,,,0.00046,-0.96783,0.0,0.0,-0.13665,-0.4036,spy_options_2016.parquet,2661755
SPY,2016-12-02,2016-12-02T16:00:00-05:00,219.7,2017-01-20,49.0,0.13424657534246576,300.0,call,0.0,0.01,0.0,,,0.29057,0.00077,0.0001,0.00231,-0.00083,0.00035,spy_options_2016.parquet,2661756
SPY,2016-12-02,2016-12-02T16:00:00-05:00,219.7,2017-01-20,49.0,0.13424657534246576,300.0,put,79.87,82.86,82.41,0,,0.00049,-1.0,0.0,-813.29956,0.0,0.0,spy_options_2016.parquet,2661756
SPY,2016-12-02,2016-12-02T16:00:00-05:00,219.7,2017-01-20,49.0,0.13424657534246576,305.0,call,0.0,0.02,0.0,,,0.30244,0.00063,7e-05,0.00199,-0.00027,-7e-05,spy_options_2016.parquet,2661757
SPY,2016-12-02,2016-12-02T16:00:00-05:00,219.7,2017-01-20,49.0,0.13424657534246576,305.0,put,86.47,86.74,86.89,0,,2e-05,-0.96792,0.0,0.0,-0.13739,-0.41789,spy_options_2016.parquet,2661757
SPY,2016-12-02,2016-12-02T16:00:00-05:00,219.7,2017-01-20,49.0,0.13424657534246576,310.0,call,0.0,0.01,0.0,,,0.31553,0.00063,7e-05,0.00256,-0.00054,0.00056,spy_options_2016.parquet,2661758
SPY,2016-12-02,2016-12-02T16:00:00-05:00,219.7,2017-01-20,49.0,0.13424657534246576,310.0,put,91.49,91.76,0.0,,,0.00041,-0.96854,0.0,0.0,-0.1371,-0.42431,spy_options_2016.parquet,2661758
SPY,2016-12-02,2016-12-02T16:00:00-05:00,219.7,2017-01-20,49.0,0.13424657534246576,315.0,call,0.0,0.0,0.0,,,0.32725,0.00076,0.00013,0.00159,-0.0007,-2e-05,spy_options_2016.parquet,2661759
SPY,2016-12-02,2016-12-02T16:00:00-05:00,219.7,2017-01-20,49.0,0.13424657534246576,315.0,put,96.48,96.76,0.0,,,0.00075,-0.96833,0.0,0.0,-0.13752,-0.43087,spy_options_2016.parquet,2661759
SPY,2016-12-02,2016-12-02T16:00:00-05:00,219.7,2017-01-20,49.0,0.13424657534246576,320.0,call,0.0,0.0,0.0,,,0.33986,0.00059,7e-05,0.00226,-9e-05,0.00061,spy_options_2016.parquet,2661760
SPY,2016-12-02,2016-12-02T16:00:00-05:00,219.7,2017-01-20,49.0,0.13424657534246576,320.0,put,101.38,101.73,102.07,0,,0.00017,-1.0,0.0,-1013.30019,0.0,0.0,spy_options_2016.parquet,2661760
SPY,2016-12-02,2016-12-02T16:00:00-05:00,219.7,2017-01-20,49.0,0.13424657534246576,325.0,call,0.0,0.02,0.0,,,0.35166,0.00071,3e-05,0.00177,-0.00074,-0.00029,spy_options_2016.parquet,2661761
SPY,2016-12-02,2016-12-02T16:00:00-05:00,219.7,2017-01-20,49.0,0.13424657534246576,325.0,put,106.47,106.74,106.54,1,,0.0001,-0.96865,0.0,0.0,-0.13748,-0.44483,spy_options_2016.parquet,2661761
SPY,2016-12-02,2016-12-02T16:00:00-05:00,219.7,2017-02-17,77.0,0.21095890410958903,150.0,call,69.49,69.76,0.0,,,,1.0,0.0,0.0,0.0,0.0,spy_options_2016.parquet,2661777
SPY,2016-12-02,2016-12-02T16:00:00-05:00,219.7,2017-02-17,77.0,0.21095890410958903,150.0,put,0.11,0.12,0.1,,,0.3534,-0.00812,0.00061,0.02346,-0.00486,-0.00433,spy_options_2016.parquet,2661777
SPY,2016-12-02,2016-12-02T16:00:00-05:00,219.7,2017-02-17,77.0,0.21095890410958903,155.0,call,64.46,64.73,0.0,,,,1.0,0.0,0.0,0.0,0.0,spy_options_2016.parquet,2661778
SPY,2016-12-02,2016-12-02T16:00:00-05:00,219.7,2017-02-17,77.0,0.21095890410958903,155.0,put,0.13,0.13,0.11,26,,0.33287,-0.01042,0.00081,0.02824,-0.00598,-0.00556,spy_options_2016.parquet,2661778
SPY,2016-12-02,2016-12-02T16:00:00-05:00,219.7,2017-02-17,77.0,0.21095890410958903,160.0,call,59.49,59.78,0.0,,,,1.0,0.0,0.0,0.0,0.0,spy_options_2016.parquet,2661779
SPY,2016-12-02,2016-12-02T16:00:00-05:00,219.7,2017-02-17,77.0,0.21095890410958903,160.0,put,0.15,0.16,0.14,25,,0.31505,-0.01276,0.00106,0.03477,-0.00668,-0.00653,spy_options_2016.parquet,2661779
SPY,2016-12-02,2016-12-02T16:00:00-05:00,219.7,2017-02-17,77.0,0.21095890410958903,165.0,call,54.56,54.86,0.0,,,0.38765,0.94265,0.00135,0.08906,-0.01941,0.04195,spy_options_2016.parquet,2661780
SPY,2016-12-02,2016-12-02T16:00:00-05:00,219.7,2017-02-17,77.0,0.21095890410958903,165.0,put,0.2,0.2,0.21,0,,0.29777,-0.01709,0.00143,0.04314,-0.00864,-0.00857,spy_options_2016.parquet,2661780
SPY,2016-12-02,2016-12-02T16:00:00-05:00,219.7,2017-02-17,77.0,0.21095890410958903,166.0,call,53.57,53.85,0.0,,,0.37967,0.94368,0.00145,0.08779,-0.01875,0.0424,spy_options_2016.parquet,2661781
SPY,2016-12-02,2016-12-02T16:00:00-05:00,219.7,2017-02-17,77.0,0.21095890410958903,166.0,put,0.2,0.21,0.0,,,0.29372,-0.01839,0.00152,0.04537,-0.00883,-0.00872,spy_options_2016.parquet,2661781
SPY,2016-12-02,2016-12-02T16:00:00-05:00,219.7,2017-02-17,77.0,0.21095890410958903,167.0,call,52.52,52.78,0.0,,,,1.0,0.0,0.0,0.0,0.0,spy_options_2016.parquet,2661782
SPY,2016-12-02,2016-12-02T16:00:00-05:00,219.7,2017-02-17,77.0,0.21095890410958903,167.0,put,0.2,0.21,0.22,1,,0.29031,-0.01912,0.0016,0.04716,-0.00907,-0.00946,spy_options_2016.parquet,2661782
SPY,2016-12-02,2016-12-02T16:00:00-05:00,219.7,2017-02-17,77.0,0.21095890410958903,168.0,call,51.52,51.79,0.0,,,,1.0,0.0,0.0,0.0,0.0,spy_options_2016.parquet,2661783
SPY,2016-12-02,2016-12-02T16:00:00-05:00,219.7,2017-02-17,77.0,0.21095890410958903,168.0,put,0.22,0.24,0.24,0,,0.28944,-0.02083,0.00173,0.05025,-0.01002,-0.0103,spy_options_2016.parquet,2661783
SPY,2016-12-02,2016-12-02T16:00:00-05:00,219.7,2017-02-17,77.0,0.21095890410958903,169.0,call,50.52,50.77,0.0,,,,1.0,0.0,0.0,0.0,0.0,spy_options_2016.parquet,2661784
SPY,2016-12-02,2016-12-02T16:00:00-05:00,219.7,2017-02-17,77.0,0.21095890410958903,169.0,put,0.24,0.25,0.25,4,,0.28519,-0.02199,0.00175,0.05242,-0.01034,-0.01099,spy_options_2016.parquet,2661784
SPY,2016-12-02,2016-12-02T16:00:00-05:00,219.7,2017-02-17,77.0,0.21095890410958903,170.0,call,49.52,49.79,0.0,,,,1.0,0.0,0.0,0.0,0.0,spy_options_2016.parquet,2661785
SPY,2016-12-02,2016-12-02T16:00:00-05:00,219.7,2017-02-17,77.0,0.21095890410958903,170.0,put,0.26,0.26,0.27,0,,0.28366,-0.02395,0.00189,0.05583,-0.01013,-0.01157,spy_options_2016.parquet,2661785
SPY,2016-12-02,2016-12-02T16:00:00-05:00,219.7,2017-02-17,77.0,0.21095890410958903,171.0,call,48.52,48.78,0.0,,,,1.0,0.0,0.0,0.0,0.0,spy_options_2016.parquet,2661786
SPY,2016-12-02,2016-12-02T16:00:00-05:00,219.7,2017-02-17,77.0,0.21095890410958903,171.0,put,0.27,0.28,0.28,0,,0.27984,-0.02473,0.00199,0.05796,-0.01109,-0.01183,spy_options_2016.parquet,2661786
SPY,2016-12-02,2016-12-02T16:00:00-05:00,219.7,2017-02-17,77.0,0.21095890410958903,172.0,call,47.53,47.78,0.0,,,,1.0,0.0,0.0,0.0,0.0,spy_options_2016.parquet,2661787
SPY,2016-12-02,2016-12-02T16:00:00-05:00,219.7,2017-02-17,77.0,0.21095890410958903,172.0,put,0.28,0.3,0.3,0,,0.27546,-0.02546,0.00211,0.06091,-0.01114,-0.01274,spy_options_2016.parquet,2661787
SPY,2016-12-02,2016-12-02T16:00:00-05:00,219.7,2017-02-17,77.0,0.21095890410958903,173.0,call,46.53,46.79,0.0,,,,1.0,0.0,0.0,0.0,0.0,spy_options_2016.parquet,2661788
SPY,2016-12-02,2016-12-02T16:00:00-05:00,219.7,2017-02-17,77.0,0.21095890410958903,173.0,put,0.3,0.31,0.31,420,,0.27333,-0.02761,0.00228,0.06417,-0.01133,-0.014,spy_options_2016.parquet,2661788
SPY,2016-12-02,2016-12-02T16:00:00-05:00,219.7,2017-02-17,77.0,0.21095890410958903,174.0,call,45.55,45.79,0.0,,,,1.0,0.0,0.0,0.0,0.0,spy_options_2016.parquet,2661789
SPY,2016-12-02,2016-12-02T16:00:00-05:00,219.7,2017-02-17,77.0,0.21095890410958903,174.0,put,0.3,0.31,0.34,0,,0.26921,-0.02898,0.00243,0.06629,-0.01206,-0.01365,spy_options_2016.parquet,2661789
SPY,2016-12-02,2016-12-02T16:00:00-05:00,219.7,2017-02-17,77.0,0.21095890410958903,175.0,call,44.6,44.85,0.0,,,0.30794,0.95186,0.00245,0.07961,-0.01331,0.0514,spy_options_2016.parquet,2661790
SPY,2016-12-02,2016-12-02T16:00:00-05:00,219.7,2017-02-17,77.0,0.21095890410958903,175.0,put,0.33,0.34,0.36,0,,0.26641,-0.03055,0.00259,0.07055,-0.01238,-0.01492,spy_options_2016.parquet,2661790
SPY,2016-12-02,2016-12-02T16:00:00-05:00,219.7,2017-02-17,77.0,0.21095890410958903,176.0,call,43.62,43.84,0.0,,,0.30132,0.95235,0.00252,0.07931,-0.01228,0.0531,spy_options_2016.parquet,2661791
SPY,2016-12-02,2016-12-02T16:00:00-05:00,219.7,2017-02-17,77.0,0.21095890410958903,176.0,put,0.35,0.35,0.36,67,,0.26356,-0.03292,0.00269,0.07334,-0.01233,-0.01614,spy_options_2016.parquet,2661791
SPY,2016-12-02,2016-12-02T16:00:00-05:00,219.7,2017-02-17,77.0,0.21095890410958903,177.0,call,42.62,42.84,0.0,,,0.29298,0.95371,0.0027,0.07812,-0.01244,0.05326,spy_options_2016.parquet,2661792
SPY,2016-12-02,2016-12-02T16:00:00-05:00,219.7,2017-02-17,77.0,0.21095890410958903,177.0,put,0.37,0.38,0.36,66,,0.25977,-0.03463,0.0029,0.07707,-0.01352,-0.01719,spy_options_2016.parquet,2661792
SPY,2016-12-02,2016-12-02T16:00:00-05:00,219.7,2017-02-17,77.0,0.21095890410958903,178.0,call,41.61,41.86,0.0,,,0.28596,0.95452,0.00285,0.07792,-0.01185,0.05497,spy_options_2016.parquet,2661793
SPY,2016-12-02,2016-12-02T16:00:00-05:00,219.7,2017-02-17,77.0,0.21095890410958903,178.0,put,0.39,0.4,0.41,16,,0.25669,-0.03686,0.0031,0.08062,-0.01413,-0.01834,spy_options_2016.parquet,2661793
SPY,2016-12-02,2016-12-02T16:00:00-05:00,219.7,2017-02-17,77.0,0.21095890410958903,179.0,call,40.63,40.86,0.0,,,0.28027,0.95371,0.00315,0.07878,-0.01133,0.05948,spy_options_2016.parquet,2661794
SPY,2016-12-02,2016-12-02T16:00:00-05:00,219.7,2017-02-17,77.0,0.21095890410958903,179.0,put,0.42,0.43,0.43,3,,0.25509,-0.03901,0.00324,0.08566,-0.01448,-0.01913,spy_options_2016.parquet,2661794
SPY,2016-12-02,2016-12-02T16:00:00-05:00,219.7,2017-02-17,77.0,0.21095890410958903,180.0,call,39.6,39.81,0.0,,,0.26692,0.95878,0.00304,0.06992,-0.0101,0.0456,spy_options_2016.parquet,2661795
SPY,2016-12-02,2016-12-02T16:00:00-05:00,219.7,2017-02-17,77.0,0.21095890410958903,180.0,put,0.44,0.45,0.46,124,,0.25133,-0.04094,0.00348,0.08927,-0.0146,-0.01987,spy_options_2016.parquet,2661795
SPY,2016-12-02,2016-12-02T16:00:00-05:00,219.7,2017-02-17,77.0,0.21095890410958903,181.0,call,38.67,38.88,0.0,,,0.26913,0.95375,0.00359,0.08158,-0.01096,0.07023,spy_options_2016.parquet,2661796
SPY,2016-12-02,2016-12-02T16:00:00-05:00,219.7,2017-02-17,77.0,0.21095890410958903,181.0,put,0.46,0.47,0.49,138,,0.2487,-0.04451,0.00368,0.09403,-0.01549,-0.02215,spy_options_2016.parquet,2661796
SPY,2016-12-02,2016-12-02T16:00:00-05:00,219.7,2017-02-17,77.0,0.21095890410958903,182.0,call,37.63,37.87,0.0,,,0.26011,0.95577,0.00376,0.0772,-0.01016,0.06469,spy_options_2016.parquet,2661797
SPY,2016-12-02,2016-12-02T16:00:00-05:00,219.7,2017-02-17,77.0,0.21095890410958903,182.0,put,0.5,0.52,0.51,71,,0.24512,-0.04678,0.00395,0.09933,-0.01598,-0.02341,spy_options_2016.parquet,2661797
SPY,2016-12-02,2016-12-02T16:00:00-05:00,219.7,2017-02-17,77.0,0.21095890410958903,183.0,call,36.64,36.84,0.0,,,0.25102,0.95793,0.00385,0.0739,-0.00947,0.06121,spy_options_2016.parquet,2661798
SPY,2016-12-02,2016-12-02T16:00:00-05:00,219.7,2017-02-17,77.0,0.21095890410958903,183.0,put,0.53,0.54,0.53,25,,0.24253,-0.04968,0.0042,0.10406,-0.01636,-0.02412,spy_options_2016.parquet,2661798
SPY,2016-12-02,2016-12-02T16:00:00-05:00,219.7,2017-02-17,77.0,0.21095890410958903,184.0,call,35.68,35.92,0.0,,,0.25288,0.95228,0.00441,0.08726,-0.01049,0.08495,spy_options_2016.parquet,2661799
SPY,2016-12-02,2016-12-02T16:00:00-05:00,219.7,2017-02-17,77.0,0.21095890410958903,184.0,put,0.56,0.57,0.58,3,,0.2391,-0.05259,0.00448,0.10892,-0.01734,-0.02581,spy_options_2016.parquet,2661799
SPY,2016-12-02,2016-12-02T16:00:00-05:00,219.7,2017-02-17,77.0,0.21095890410958903,185.0,call,34.65,34.86,0.0,,,0.24049,0.95727,0.00458,0.07782,-0.00874,0.07307,spy_options_2016.parquet,2661800
SPY,2016-12-02,2016-12-02T16:00:00-05:00,219.7,2017-02-17,77.0,0.21095890410958903,185.0,put,0.6,0.61,0.61,35,,0.23535,-0.05634,0.00474,0.11437,-0.01757,-0.02773,spy_options_2016.parquet,2661800
SPY,2016-12-02,2016-12-02T16:00:00-05:00,219.7,2017-02-17,77.0,0.21095890410958903,186.0,call,33.74,33.94,0.0,,,0.24299,0.94825,0.00514,0.09318,-0.01086,0.09899,spy_options_2016.parquet,2661801
SPY,2016-12-02,2016-12-02T16:00:00-05:00,219.7,2017-02-17,77.0,0.21095890410958903,186.0,put,0.64,0.64,0.65,3,,0.23344,-0.05962,0.00505,0.12032,-0.01905,-0.029,spy_options_2016.parquet,2661801
SPY,2016-12-02,2016-12-02T16:00:00-05:00,219.7,2017-02-17,77.0,0.21095890410958903,187.0,call,32.7,32.88,32.7,2,,0.23064,0.95398,0.00529,0.08427,-0.00948,0.08685,spy_options_2016.parquet,2661802
SPY,2016-12-02,2016-12-02T16:00:00-05:00,219.7,2017-02-17,77.0,0.21095890410958903,187.0,put,0.68,0.68,0.66,91,,0.23027,-0.0635,0.00537,0.12699,-0.01978,-0.03106,spy_options_2016.parquet,2661802
SPY,2016-12-02,2016-12-02T16:00:00-05:00,219.7,2017-02-17,77.0,0.21095890410958903,188.0,call,31.78,31.97,0.0,,,0.23344,0.94548,0.00593,0.10149,-0.01096,0.11226,spy_options_2016.parquet,2661803
SPY,2016-12-02,2016-12-02T16:00:00-05:00,219.7,2017-02-17,77.0,0.21095890410958903,188.0,put,0.71,0.72,0.73,7,,0.22738,-0.06774,0.00562,0.13231,-0.01965,-0.0334,spy_options_2016.parquet,2661803
SPY,2016-12-02,2016-12-02T16:00:00-05:00,219.7,2017-02-17,77.0,0.21095890410958903,189.0,call,30.8,31.01,0.0,,,0.23043,0.94095,0.00639,0.10802,-0.01174,0.1225,spy_options_2016.parquet,2661804
SPY,2016-12-02,2016-12-02T16:00:00-05:00,219.7,2017-02-17,77.0,0.21095890410958903,189.0,put,0.77,0.78,0.78,3,,0.22439,-0.07247,0.00608,0.13921,-0.0208,-0.03523,spy_options_2016.parquet,2661804
SPY,2016-12-02,2016-12-02T16:00:00-05:00,219.7,2017-02-17,77.0,0.21095890410958903,190.0,call,29.84,30.01,0.0,,,0.2263,0.93806,0.00681,0.11289,-0.01209,0.12856,spy_options_2016.parquet,2661805
SPY,2016-12-02,2016-12-02T16:00:00-05:00,219.7,2017-02-17,77.0,0.21095890410958903,190.0,put,0.8,0.82,0.81,268,,0.22131,-0.07674,0.00642,0.1458,-0.02171,-0.03742,spy_options_2016.parquet,2661805
SPY,2016-12-02,2016-12-02T16:00:00-05:00,219.7,2017-02-17,77.0,0.21095890410958903,191.0,call,28.84,28.99,28.91,1,,0.21837,0.93964,0.00721,0.11201,-0.01078,0.12892,spy_options_2016.parquet,2661806
SPY,2016-12-02,2016-12-02T16:00:00-05:00,219.7,2017-02-17,77.0,0.21095890410958903,191.0,put,0.86,0.88,0.85,197,,0.21807,-0.08232,0.00686,0.15391,-0.02257,-0.04009,spy_options_2016.parquet,2661806
SPY,2016-12-02,2016-12-02T16:00:00-05:00,219.7,2017-02-17,77.0,0.21095890410958903,192.0,call,27.82,27.99,27.88,6,,0.21195,0.93844,0.00771,0.11339,-0.0111,0.13079,spy_options_2016.parquet,2661807
SPY,2016-12-02,2016-12-02T16:00:00-05:00,219.7,2017-02-17,77.0,0.21095890410958903,192.0,put,0.92,0.92,0.94,96,,0.21518,-0.08725,0.00724,0.16045,-0.02291,-0.04329,spy_options_2016.parquet,2661807
SPY,2016-12-02,2016-12-02T16:00:00-05:00,219.7,2017-02-17,77.0,0.21095890410958903,193.0,call,26.94,27.12,27.95,0,,0.21415,0.92579,0.00845,0.13338,-0.01317,0.15331,spy_options_2016.parquet,2661808
SPY,2016-12-02,2016-12-02T16:00:00-05:00,219.7,2017-02-17,77.0,0.21095890410958903,193.0,put,0.96,0.98,1.0,44,,0.2127,-0.09322,0.00771,0.16906,-0.02415,-0.04554,spy_options_2016.parquet,2661808
SPY,2016-12-02,2016-12-02T16:00:00-05:00,219.7,2017-02-17,77.0,0.21095890410958903,194.0,call,25.91,26.06,25.92,0,,0.20529,0.92792,0.00896,0.13076,-0.01214,0.15052,spy_options_2016.parquet,2661809
SPY,2016-12-02,2016-12-02T16:00:00-05:00,219.7,2017-02-17,77.0,0.21095890410958903,194.0,put,1.04,1.04,1.01,5,,0.20869,-0.09908,0.00815,0.17645,-0.0249,-0.04887,spy_options_2016.parquet,2661809
SPY,2016-12-02,2016-12-02T16:00:00-05:00,219.7,2017-02-17,77.0,0.21095890410958903,195.0,call,25.02,25.2,24.89,0,,0.20662,0.9151,0.00959,0.14971,-0.01473,0.16961,spy_options_2016.parquet,2661810
SPY,2016-12-02,2016-12-02T16:00:00-05:00,219.7,2017-02-17,77.0,0.21095890410958903,195.0,put,1.1,1.11,1.09,100,,0.20638,-0.1056,0.00868,0.18475,-0.02625,-0.05218,spy_options_2016.parquet,2661810
SPY,2016-12-02,2016-12-02T16:00:00-05:00,219.7,2017-02-17,77.0,0.21095890410958903,196.0,call,24.09,24.24,24.5,0,,0.20449,0.90768,0.01031,0.16086,-0.01574,0.17837,spy_options_2016.parquet,2661811
SPY,2016-12-02,2016-12-02T16:00:00-05:00,219.7,2017-02-17,77.0,0.21095890410958903,196.0,put,1.15,1.18,1.21,32,,0.20273,-0.11219,0.00925,0.19355,-0.02643,-0.05562,spy_options_2016.parquet,2661811
SPY,2016-12-02,2016-12-02T16:00:00-05:00,219.7,2017-02-17,77.0,0.21095890410958903,197.0,call,23.12,23.31,0.0,,,0.2004,0.90091,0.01092,0.16888,-0.01582,0.18595,spy_options_2016.parquet,2661812
SPY,2016-12-02,2016-12-02T16:00:00-05:00,219.7,2017-02-17,77.0,0.21095890410958903,197.0,put,1.24,1.26,1.26,56,,0.20009,-0.11999,0.00984,0.20241,-0.0272,-0.05886,spy_options_2016.parquet,2661812
SPY,2016-12-02,2016-12-02T16:00:00-05:00,219.7,2017-02-17,77.0,0.21095890410958903,198.0,call,22.13,22.29,22.67,1,,0.19414,0.89804,0.01168,0.17343,-0.01516,0.18857,spy_options_2016.parquet,2661813
SPY,2016-12-02,2016-12-02T16:00:00-05:00,219.7,2017-02-17,77.0,0.21095890410958903,198.0,put,1.32,1.34,1.31,513,,0.19656,-0.12776,0.0104,0.21187,-0.02842,-0.06284,spy_options_2016.parquet,2661813
SPY,2016-12-02,2016-12-02T16:00:00-05:00,219.7,2017-02-17,77.0,0.21095890410958903,199.0,call,21.2,21.34,21.21,0,,0.18986,0.88948,0.01242,0.18429,-0.01676,0.19577,spy_options_2016.parquet,2661814
SPY,2016-12-02,2016-12-02T16:00:00-05:00,219.7,2017-02-17,77.0,0.21095890410958903,199.0,put,1.4,1.43,1.39,6,,0.19315,-0.13574,0.01106,0.221,-0.02947,-0.0664,spy_options_2016.parquet,2661814
SPY,2016-12-02,2016-12-02T16:00:00-05:00,219.7,2017-02-17,77.0,0.21095890410958903,200.0,call,20.33,20.49,20.28,2,,0.19123,0.87531,0.01315,0.20245,-0.01809,0.20801,spy_options_2016.parquet,2661815
SPY,2016-12-02,2016-12-02T16:00:00-05:00,219.7,2017-02-17,77.0,0.21095890410958903,200.0,put,1.48,1.51,1.5,71,,0.19058,-0.14455,0.01175,0.23078,-0.02994,-0.07079,spy_options_2016.parquet,2661815
SPY,2016-12-02,2016-12-02T16:00:00-05:00,219.7,2017-02-17,77.0,0.21095890410958903,201.0,call,19.35,19.49,19.22,0,,0.18426,0.8702,0.01406,0.20748,-0.01772,0.20978,spy_options_2016.parquet,2661816
SPY,2016-12-02,2016-12-02T16:00:00-05:00,219.7,2017-02-17,77.0,0.21095890410958903,201.0,put,1.59,1.61,1.65,3,,0.18778,-0.15482,0.01246,0.24157,-0.03058,-0.07586,spy_options_2016.parquet,2661816
SPY,2016-12-02,2016-12-02T16:00:00-05:00,219.7,2017-02-17,77.0,0.21095890410958903,202.0,call,18.51,18.64,18.74,2,,0.18433,0.85496,0.01476,0.2255,-0.01973,0.21978,spy_options_2016.parquet,2661817
SPY,2016-12-02,2016-12-02T16:00:00-05:00,219.7,2017-02-17,77.0,0.21095890410958903,202.0,put,1.69,1.71,1.72,,,0.18408,-0.16474,0.01323,0.2519,-0.03214,-0.08077,spy_options_2016.parquet,2661817
SPY,2016-12-02,2016-12-02T16:00:00-05:00,219.7,2017-02-17,77.0,0.21095890410958903,203.0,call,17.63,17.77,0.0,,,0.18238,0.84117,0.01556,0.23986,-0.02139,0.22565,spy_options_2016.parquet,2661818
SPY,2016-12-02,2016-12-02T16:00:00-05:00,219.7,2017-02-17,77.0,0.21095890410958903,203.0,put,1.8,1.83,1.83,126,,0.18072,-0.17577,0.01408,0.26187,-0.0329,-0.08629,spy_options_2016.parquet,2661818
SPY,2016-12-02,2016-12-02T16:00:00-05:00,219.7,2017-02-17,77.0,0.21095890410958903,204.0,call,16.66,16.81,0.0,,,0.17668,0.83277,0.01665,0.24849,-0.02055,0.22779,spy_options_2016.parquet,2661819
SPY,2016-12-02,2016-12-02T16:00:00-05:00,219.7,2017-02-17,77.0,0.21095890410958903,204.0,put,1.94,1.95,1.97,456,,0.17819,-0.18773,0.01489,0.27344,-0.03329,-0.09197,spy_options_2016.parquet,2661819
SPY,2016-12-02,2016-12-02T16:00:00-05:00,219.7,2017-02-17,77.0,0.21095890410958903,205.0,call,15.77,15.89,15.82,4,,0.17237,0.82048,0.0176,0.26016,-0.02202,0.23163,spy_options_2016.parquet,2661820
SPY,2016-12-02,2016-12-02T16:00:00-05:00,219.7,2017-02-17,77.0,0.21095890410958903,205.0,put,2.07,2.09,2.04,423,,0.17519,-0.2006,0.01581,0.2839,-0.03483,-0.09869,spy_options_2016.parquet,2661820
SPY,2016-12-02,2016-12-02T16:00:00-05:00,219.7,2017-02-17,77.0,0.21095890410958903,206.0,call,14.9,15.04,0.0,,,0.16983,0.80455,0.01851,0.27444,-0.02299,0.2364,spy_options_2016.parquet,2661821
SPY,2016-12-02,2016-12-02T16:00:00-05:00,219.7,2017-02-17,77.0,0.21095890410958903,206.0,put,2.19,2.22,2.26,,,0.17165,-0.21404,0.01665,0.29513,-0.03585,-0.10497,spy_options_2016.parquet,2661821
SPY,2016-12-02,2016-12-02T16:00:00-05:00,219.7,2017-02-17,77.0,0.21095890410958903,207.0,call,14.04,14.19,14.05,1,,0.16695,0.7887,0.01957,0.2876,-0.02359,0.2393,spy_options_2016.parquet,2661822
SPY,2016-12-02,2016-12-02T16:00:00-05:00,219.7,2017-02-17,77.0,0.21095890410958903,207.0,put,2.36,2.37,2.4,302,,0.16857,-0.22903,0.01768,0.30633,-0.03579,-0.11265,spy_options_2016.parquet,2661822
SPY,2016-12-02,2016-12-02T16:00:00-05:00,219.7,2017-02-17,77.0,0.21095890410958903,208.0,call,13.19,13.34,13.22,1,,0.1639,0.77231,0.02051,0.30115,-0.02419,0.24128,spy_options_2016.parquet,2661823
SPY,2016-12-02,2016-12-02T16:00:00-05:00,219.7,2017-02-17,77.0,0.21095890410958903,208.0,put,2.51,2.52,2.52,115,,0.16557,-0.24383,0.01862,0.31759,-0.03695,-0.12024,spy_options_2016.parquet,2661823
SPY,2016-12-02,2016-12-02T16:00:00-05:00,219.7,2017-02-17,77.0,0.21095890410958903,209.0,call,12.42,12.52,12.5,47,,0.16246,0.75233,0.02139,0.31542,-0.02532,0.24295,spy_options_2016.parquet,2661824
SPY,2016-12-02,2016-12-02T16:00:00-05:00,219.7,2017-02-17,77.0,0.21095890410958903,209.0,put,2.67,2.69,2.7,398,,0.16229,-0.26018,0.01971,0.32826,-0.03749,-0.12733,spy_options_2016.parquet,2661824
SPY,2016-12-02,2016-12-02T16:00:00-05:00,219.7,2017-02-17,77.0,0.21095890410958903,210.0,call,11.59,11.66,11.57,194,,0.15888,0.73431,0.0225,0.32747,-0.02616,0.24292,spy_options_2016.parquet,2661825
SPY,2016-12-02,2016-12-02T16:00:00-05:00,219.7,2017-02-17,77.0,0.21095890410958903,210.0,put,2.88,2.9,2.85,682,,0.15867,-0.27852,0.02078,0.3395,-0.03816,-0.13667,spy_options_2016.parquet,2661825
SPY,2016-12-02,2016-12-02T16:00:00-05:00,219.7,2017-02-17,77.0,0.21095890410958903,211.0,call,10.8,10.88,10.83,21,,0.1556,0.71468,0.02361,0.33963,-0.02661,0.24231,spy_options_2016.parquet,2661826
SPY,2016-12-02,2016-12-02T16:00:00-05:00,219.7,2017-02-17,77.0,0.21095890410958903,211.0,put,3.07,3.09,3.04,,,0.1555,-0.29608,0.0219,0.35041,-0.0394,-0.14608,spy_options_2016.parquet,2661826
SPY,2016-12-02,2016-12-02T16:00:00-05:00,219.7,2017-02-17,77.0,0.21095890410958903,212.0,call,10.01,10.05,10.27,37,,0.15235,0.69365,0.02469,0.35191,-0.02698,0.2408,spy_options_2016.parquet,2661827
SPY,2016-12-02,2016-12-02T16:00:00-05:00,219.7,2017-02-17,77.0,0.21095890410958903,212.0,put,3.29,3.31,3.28,996,,0.15193,-0.31686,0.02297,0.36055,-0.03904,-0.15576,spy_options_2016.parquet,2661827
SPY,2016-12-02,2016-12-02T16:00:00-05:00,219.7,2017-02-17,77.0,0.21095890410958903,213.0,call,9.22,9.26,9.25,392,,0.14868,0.67106,0.02582,0.36211,-0.02701,0.23797,spy_options_2016.parquet,2661828
SPY,2016-12-02,2016-12-02T16:00:00-05:00,219.7,2017-02-17,77.0,0.21095890410958903,213.0,put,3.52,3.55,3.49,557,,0.14931,-0.33838,0.02411,0.37028,-0.04015,-0.16626,spy_options_2016.parquet,2661828
SPY,2016-12-02,2016-12-02T16:00:00-05:00,219.7,2017-02-17,77.0,0.21095890410958903,214.0,call,8.49,8.53,8.41,362,,0.14628,0.64645,0.02683,0.37309,-0.02787,0.23444,spy_options_2016.parquet,2661829
SPY,2016-12-02,2016-12-02T16:00:00-05:00,219.7,2017-02-17,77.0,0.21095890410958903,214.0,put,3.77,3.79,3.82,,,0.14528,-0.36121,0.02529,0.37937,-0.04051,-0.17724,spy_options_2016.parquet,2661829
SPY,2016-12-02,2016-12-02T16:00:00-05:00,219.7,2017-02-17,77.0,0.21095890410958903,215.0,call,7.74,7.77,7.67,,,0.14239,0.62145,0.02794,0.38141,-0.02821,0.22982,spy_options_2016.parquet,2661830
SPY,2016-12-02,2016-12-02T16:00:00-05:00,219.7,2017-02-17,77.0,0.21095890410958903,215.0,put,4.05,4.07,4.07,,,0.14235,-0.38494,0.02644,0.38648,-0.04035,-0.18945,spy_options_2016.parquet,2661830
SPY,2016-12-02,2016-12-02T16:00:00-05:00,219.7,2017-02-17,77.0,0.21095890410958903,216.0,call,7.04,7.07,7.06,743,,0.13957,0.59444,0.02891,0.38925,-0.02836,0.22455,spy_options_2016.parquet,2661831
SPY,2016-12-02,2016-12-02T16:00:00-05:00,219.7,2017-02-17,77.0,0.21095890410958903,216.0,put,4.33,4.34,4.35,,,0.13812,-0.41054,0.02763,0.39368,-0.04014,-0.2024,spy_options_2016.parquet,2661831
SPY,2016-12-02,2016-12-02T16:00:00-05:00,219.7,2017-02-17,77.0,0.21095890410958903,217.0,call,6.39,6.42,6.38,,,0.13672,0.56586,0.02957,0.39602,-0.02836,0.21797,spy_options_2016.parquet,2661832
SPY,2016-12-02,2016-12-02T16:00:00-05:00,219.7,2017-02-17,77.0,0.21095890410958903,217.0,put,4.63,4.66,4.65,,,0.13464,-0.4383,0.02866,0.39884,-0.04052,-0.21547,spy_options_2016.parquet,2661832
SPY,2016-12-02,2016-12-02T16:00:00-05:00,219.7,2017-02-17,77.0,0.21095890410958903,218.0,call,5.72,5.77,5.75,,,0.13354,0.53691,0.0305,0.39974,-0.02805,0.20983,spy_options_2016.parquet,2661833
SPY,2016-12-02,2016-12-02T16:00:00-05:00,219.7,2017-02-17,77.0,0.21095890410958903,218.0,put,4.98,5.02,5.0,,,0.13195,-0.46722,0.02961,0.4022,-0.04029,-0.22996,spy_options_2016.parquet,2661833
SPY,2016-12-02,2016-12-02T16:00:00-05:00,219.7,2017-02-17,77.0,0.21095890410958903,219.0,call,5.09,5.1,5.11,,,0.12996,0.50551,0.03143,0.40136,-0.02804,0.20084,spy_options_2016.parquet,2661834
SPY,2016-12-02,2016-12-02T16:00:00-05:00,219.7,2017-02-17,77.0,0.21095890410958903,219.0,put,5.4,5.42,5.37,,,0.12925,-0.49695,0.03025,0.4028,-0.0398,-0.2448,spy_options_2016.parquet,2661834
SPY,2016-12-02,2016-12-02T16:00:00-05:00,219.7,2017-02-17,77.0,0.21095890410958903,220.0,call,4.48,4.5,4.5,,,0.12698,0.47343,0.0319,0.40144,-0.02745,0.1914,spy_options_2016.parquet,2661835
SPY,2016-12-02,2016-12-02T16:00:00-05:00,219.7,2017-02-17,77.0,0.21095890410958903,220.0,put,5.78,5.81,5.77,,,0.12569,-0.52931,0.0311,0.402,-0.03989,-0.26081,spy_options_2016.parquet,2661835
SPY,2016-12-02,2016-12-02T16:00:00-05:00,219.7,2017-02-17,77.0,0.21095890410958903,221.0,call,3.93,3.95,3.95,,,0.12402,0.43985,0.03226,0.39785,-0.02606,0.18008,spy_options_2016.parquet,2661836
SPY,2016-12-02,2016-12-02T16:00:00-05:00,219.7,2017-02-17,77.0,0.21095890410958903,221.0,put,6.22,6.24,6.21,401,,0.12233,-0.56177,0.0316,0.39745,-0.0384,-0.27719,spy_options_2016.parquet,2661836
SPY,2016-12-02,2016-12-02T16:00:00-05:00,219.7,2017-02-17,77.0,0.21095890410958903,222.0,call,3.39,3.42,3.44,,,0.12096,0.40519,0.03244,0.39129,-0.02517,0.16828,spy_options_2016.parquet,2661837
SPY,2016-12-02,2016-12-02T16:00:00-05:00,219.7,2017-02-17,77.0,0.21095890410958903,222.0,put,6.68,6.72,6.73,663,,0.11885,-0.5971,0.03186,0.3904,-0.03805,-0.29433,spy_options_2016.parquet,2661837
SPY,2016-12-02,2016-12-02T16:00:00-05:00,219.7,2017-02-17,77.0,0.21095890410958903,223.0,call,2.94,2.97,2.91,,,0.11815,0.37049,0.03211,0.38167,-0.02458,0.15614,spy_options_2016.parquet,2661838
SPY,2016-12-02,2016-12-02T16:00:00-05:00,219.7,2017-02-17,77.0,0.21095890410958903,223.0,put,7.2,7.26,7.2,80,,0.11592,-0.63106,0.03183,0.38021,-0.03662,-0.31155,spy_options_2016.parquet,2661838
SPY,2016-12-02,2016-12-02T16:00:00-05:00,219.7,2017-02-17,77.0,0.21095890410958903,224.0,call,2.48,2.51,2.48,,,0.11526,0.33514,0.03173,0.36821,-0.0227,0.1423,spy_options_2016.parquet,2661839
SPY,2016-12-02,2016-12-02T16:00:00-05:00,219.7,2017-02-17,77.0,0.21095890410958903,224.0,put,7.77,7.84,7.49,17,,0.1139,-0.66572,0.03128,0.36614,-0.03553,-0.32949,spy_options_2016.parquet,2661839
SPY,2016-12-02,2016-12-02T16:00:00-05:00,219.7,2017-02-17,77.0,0.21095890410958903,225.0,call,2.07,2.09,2.07,656,,0.11218,0.2995,0.03097,0.35142,-0.0215,0.12827,spy_options_2016.parquet,2661840
SPY,2016-12-02,2016-12-02T16:00:00-05:00,219.7,2017-02-17,77.0,0.21095890410958903,225.0,put,8.38,8.46,8.5,10,,0.1105,-0.70022,0.03056,0.34959,-0.03459,-0.3467,spy_options_2016.parquet,2661840
SPY,2016-12-02,2016-12-02T16:00:00-05:00,219.7,2017-02-17,77.0,0.21095890410958903,226.0,call,1.71,1.75,1.73,728,,0.10932,0.26431,0.02979,0.33106,-0.01952,0.11468,spy_options_2016.parquet,2661841
SPY,2016-12-02,2016-12-02T16:00:00-05:00,219.7,2017-02-17,77.0,0.21095890410958903,226.0,put,9.04,9.12,8.87,0,,0.10827,-0.73464,0.02944,0.3288,-0.03268,-0.36428,spy_options_2016.parquet,2661841
SPY,2016-12-02,2016-12-02T16:00:00-05:00,219.7,2017-02-17,77.0,0.21095890410958903,227.0,call,1.43,1.45,1.42,788,,0.10704,0.23219,0.02825,0.30982,-0.0182,0.10179,spy_options_2016.parquet,2661842
SPY,2016-12-02,2016-12-02T16:00:00-05:00,219.7,2017-02-17,77.0,0.21095890410958903,227.0,put,9.68,9.82,9.57,21,,0.1057,-0.76874,0.02806,0.30471,-0.03141,-0.3814,spy_options_2016.parquet,2661842
SPY,2016-12-02,2016-12-02T16:00:00-05:00,219.7,2017-02-17,77.0,0.21095890410958903,228.0,call,1.14,1.16,1.15,376,,0.10426,0.19944,0.02653,0.28377,-0.01607,0.08787,spy_options_2016.parquet,2661843
SPY,2016-12-02,2016-12-02T16:00:00-05:00,219.7,2017-02-17,77.0,0.21095890410958903,228.0,put,10.43,10.58,10.63,0,,0.10387,-0.7988,0.0262,0.28023,-0.02959,-0.39671,spy_options_2016.parquet,2661843
SPY,2016-12-02,2016-12-02T16:00:00-05:00,219.7,2017-02-17,77.0,0.21095890410958903,229.0,call,0.93,0.94,0.93,404,,0.10281,0.17071,0.02439,0.25802,-0.01452,0.07572,spy_options_2016.parquet,2661844
SPY,2016-12-02,2016-12-02T16:00:00-05:00,219.7,2017-02-17,77.0,0.21095890410958903,229.0,put,11.25,11.4,10.92,0,,0.10315,-0.82386,0.02415,0.25687,-0.02784,-0.41129,spy_options_2016.parquet,2661844
SPY,2016-12-02,2016-12-02T16:00:00-05:00,219.7,2017-02-17,77.0,0.21095890410958903,230.0,call,0.75,0.76,0.75,263,,0.10195,0.14581,0.02225,0.23341,-0.01369,0.06533,spy_options_2016.parquet,2661845
SPY,2016-12-02,2016-12-02T16:00:00-05:00,219.7,2017-02-17,77.0,0.21095890410958903,230.0,put,12.09,12.25,11.7,1,,0.10355,-0.84667,0.0221,0.23487,-0.02736,-0.42341,spy_options_2016.parquet,2661845
SPY,2016-12-02,2016-12-02T16:00:00-05:00,219.7,2017-02-17,77.0,0.21095890410958903,231.0,call,0.6,0.63,0.6,73,,0.10086,0.12396,0.01999,0.2089,-0.01155,0.05589,spy_options_2016.parquet,2661846
SPY,2016-12-02,2016-12-02T16:00:00-05:00,219.7,2017-02-17,77.0,0.21095890410958903,231.0,put,12.93,13.11,12.93,0,,0.10203,-0.86919,0.01995,0.21049,-0.02598,-0.43496,spy_options_2016.parquet,2661846
SPY,2016-12-02,2016-12-02T16:00:00-05:00,219.7,2017-02-17,77.0,0.21095890410958903,232.0,call,0.49,0.5,0.5,633,,0.1007,0.10357,0.01776,0.18398,-0.01007,0.04656,spy_options_2016.parquet,2661847
SPY,2016-12-02,2016-12-02T16:00:00-05:00,219.7,2017-02-17,77.0,0.21095890410958903,232.0,put,13.84,14.07,13.76,2,,0.10415,-0.88188,0.01813,0.19482,-0.02488,-0.44371,spy_options_2016.parquet,2661847
SPY,2016-12-02,2016-12-02T16:00:00-05:00,219.7,2017-02-17,77.0,0.21095890410958903,233.0,call,0.41,0.42,0.41,82,,0.10049,0.08912,0.01582,0.16481,-0.00977,0.0405,spy_options_2016.parquet,2661848
SPY,2016-12-02,2016-12-02T16:00:00-05:00,219.7,2017-02-17,77.0,0.21095890410958903,233.0,put,14.73,14.94,14.65,0,,0.1039,-0.90025,0.01603,0.17195,-0.02349,-0.45435,spy_options_2016.parquet,2661848
SPY,2016-12-02,2016-12-02T16:00:00-05:00,219.7,2017-02-17,77.0,0.21095890410958903,234.0,call,0.34,0.35,0.33,127,,0.10167,0.0765,0.01396,0.14708,-0.00868,0.03471,spy_options_2016.parquet,2661849
SPY,2016-12-02,2016-12-02T16:00:00-05:00,219.7,2017-02-17,77.0,0.21095890410958903,234.0,put,15.65,15.89,0.0,,,0.10445,-0.91308,0.01429,0.15425,-0.02235,-0.46163,spy_options_2016.parquet,2661849
SPY,2016-12-02,2016-12-02T16:00:00-05:00,219.7,2017-02-17,77.0,0.21095890410958903,235.0,call,0.29,0.29,0.29,,,0.1028,0.06564,0.01236,0.13164,-0.00776,0.02965,spy_options_2016.parquet,2661850
SPY,2016-12-02,2016-12-02T16:00:00-05:00,219.7,2017-02-17,77.0,0.21095890410958903,235.0,put,16.64,16.86,16.45,10,,0.10772,-0.91742,0.01318,0.14705,-0.02256,-0.46662,spy_options_2016.parquet,2661850
SPY,2016-12-02,2016-12-02T16:00:00-05:00,219.7,2017-02-17,77.0,0.21095890410958903,236.0,call,0.24,0.24,0.24,192,,0.10237,0.05602,0.0109,0.11602,-0.0071,0.02615,spy_options_2016.parquet,2661851
SPY,2016-12-02,2016-12-02T16:00:00-05:00,219.7,2017-02-17,77.0,0.21095890410958903,236.0,put,17.59,17.82,0.0,,,0.10992,-0.92691,0.01187,0.13382,-0.02182,-0.47299,spy_options_2016.parquet,2661851
SPY,2016-12-02,2016-12-02T16:00:00-05:00,219.7,2017-02-17,77.0,0.21095890410958903,237.0,call,0.2,0.23,0.21,84,,0.10489,0.0491,0.00964,0.10494,-0.00674,0.02297,spy_options_2016.parquet,2661852
SPY,2016-12-02,2016-12-02T16:00:00-05:00,219.7,2017-02-17,77.0,0.21095890410958903,237.0,put,18.62,18.86,0.0,,,0.11687,-0.92416,0.01144,0.13773,-0.02274,-0.47345,spy_options_2016.parquet,2661852
SPY,2016-12-02,2016-12-02T16:00:00-05:00,219.7,2017-02-17,77.0,0.21095890410958903,238.0,call,0.18,0.19,0.18,251,,0.1056,0.04298,0.00853,0.09392,-0.00596,0.01938,spy_options_2016.parquet,2661853
SPY,2016-12-02,2016-12-02T16:00:00-05:00,219.7,2017-02-17,77.0,0.21095890410958903,238.0,put,19.57,19.81,19.68,0,,0.11777,-0.93382,0.0102,0.12291,-0.02158,-0.48043,spy_options_2016.parquet,2661853
SPY,2016-12-02,2016-12-02T16:00:00-05:00,219.7,2017-02-17,77.0,0.21095890410958903,239.0,call,0.16,0.17,0.16,357,,0.10741,0.03848,0.0076,0.0857,-0.00478,0.01711,spy_options_2016.parquet,2661854
SPY,2016-12-02,2016-12-02T16:00:00-05:00,219.7,2017-02-17,77.0,0.21095890410958903,239.0,put,20.52,20.75,20.69,0,,0.1176,-0.94272,0.00906,0.10952,-0.02139,-0.48612,spy_options_2016.parquet,2661854
SPY,2016-12-02,2016-12-02T16:00:00-05:00,219.7,2017-02-17,77.0,0.21095890410958903,240.0,call,0.14,0.15,0.14,25,,0.10925,0.03358,0.00678,0.07718,-0.00508,0.01598,spy_options_2016.parquet,2661855
SPY,2016-12-02,2016-12-02T16:00:00-05:00,219.7,2017-02-17,77.0,0.21095890410958903,240.0,put,21.59,21.83,21.88,12,,0.12823,-0.93454,0.00923,0.12107,-0.02217,-0.48521,spy_options_2016.parquet,2661855
SPY,2016-12-02,2016-12-02T16:00:00-05:00,219.7,2017-02-17,77.0,0.21095890410958903,245.0,call,0.09,0.1,0.09,740,,0.11982,0.02138,0.0042,0.0531,-0.00333,0.01005,spy_options_2016.parquet,2661856
SPY,2016-12-02,2016-12-02T16:00:00-05:00,219.7,2017-02-17,77.0,0.21095890410958903,245.0,put,26.42,26.72,27.0,0,,0.13495,-0.9585,0.00582,0.08085,-0.02005,-0.50602,spy_options_2016.parquet,2661856
SPY,2016-12-02,2016-12-02T16:00:00-05:00,219.7,2017-02-17,77.0,0.21095890410958903,250.0,call,0.06,0.07,0.06,359,,0.13094,0.01394,0.0027,0.03738,-0.00291,0.00669,spy_options_2016.parquet,2661857
SPY,2016-12-02,2016-12-02T16:00:00-05:00,219.7,2017-02-17,77.0,0.21095890410958903,250.0,put,31.46,31.73,31.25,10,,0.1571,-0.95996,0.00479,0.07868,-0.02069,-0.51789,spy_options_2016.parquet,2661857
SPY,2016-12-02,2016-12-02T16:00:00-05:00,219.7,2017-02-17,77.0,0.21095890410958903,255.0,call,0.04,0.05,0.0,,,0.14002,0.01002,0.00179,0.0263,-0.00208,0.00477,spy_options_2016.parquet,2661858
SPY,2016-12-02,2016-12-02T16:00:00-05:00,219.7,2017-02-17,77.0,0.21095890410958903,255.0,put,36.5,36.78,36.9,0,,0.18213,-0.95866,0.00435,0.08225,-0.02282,-0.52812,spy_options_2016.parquet,2661858
SPY,2016-12-02,2016-12-02T16:00:00-05:00,219.7,2017-02-17,77.0,0.21095890410958903,260.0,call,0.04,0.04,0.0,,,0.15111,0.0072,0.00128,0.02076,-0.00173,0.00328,spy_options_2016.parquet,2661859
SPY,2016-12-02,2016-12-02T16:00:00-05:00,219.7,2017-02-17,77.0,0.21095890410958903,260.0,put,41.48,41.76,41.64,0,,0.19764,-0.96332,0.00351,0.07275,-0.02196,-0.54134,spy_options_2016.parquet,2661859
SPY,2016-12-02,2016-12-02T16:00:00-05:00,219.7,2017-02-17,77.0,0.21095890410958903,265.0,call,0.02,0.03,0.0,,,0.15949,0.00465,0.00093,0.01542,-0.0014,0.00207,spy_options_2016.parquet,2661860
SPY,2016-12-02,2016-12-02T16:00:00-05:00,219.7,2017-02-17,77.0,0.21095890410958903,265.0,put,46.5,46.78,46.67,0,,0.21764,-0.96436,0.00314,0.07108,-0.02308,-0.552,spy_options_2016.parquet,2661860
SPY,2016-12-02,2016-12-02T16:00:00-05:00,219.7,2017-02-17,77.0,0.21095890410958903,270.0,call,0.01,0.02,0.01,0,,0.16419,0.00342,0.00056,0.00944,-0.00062,0.00151,spy_options_2016.parquet,2661861
SPY,2016-12-02,2016-12-02T16:00:00-05:00,219.7,2017-02-17,77.0,0.21095890410958903,270.0,put,51.47,51.73,51.62,0,,0.22992,-0.96843,0.0026,0.06182,-0.02244,-0.56436,spy_options_2016.parquet,2661861
SPY,2016-12-02,2016-12-02T16:00:00-05:00,219.7,2017-02-17,77.0,0.21095890410958903,275.0,call,0.0,0.01,0.0,,,0.17089,0.00253,0.00043,0.00668,-0.00056,0.00065,spy_options_2016.parquet,2661862
SPY,2016-12-02,2016-12-02T16:00:00-05:00,219.7,2017-02-17,77.0,0.21095890410958903,275.0,put,56.47,56.74,0.0,,,0.2452,-0.97105,0.00232,0.05851,-0.02249,-0.57608,spy_options_2016.parquet,2661862
SPY,2016-12-02,2016-12-02T16:00:00-05:00,219.7,2017-02-17,77.0,0.21095890410958903,280.0,call,0.0,0.01,0.0,,,0.17216,0.00079,0.00022,0.00358,-0.0002,0.00025,spy_options_2016.parquet,2661863
SPY,2016-12-02,2016-12-02T16:00:00-05:00,219.7,2017-02-17,77.0,0.21095890410958903,280.0,put,61.49,61.76,0.0,,,0.26575,-0.97008,0.00222,0.05959,-0.02274,-0.58628,spy_options_2016.parquet,2661863
SPY,2016-12-02,2016-12-02T16:00:00-05:00,219.7,2017-02-17,77.0,0.21095890410958903,285.0,call,0.0,0.01,0.0,,,0.18264,0.00059,0.00019,0.00383,-0.00011,0.00023,spy_options_2016.parquet,2661864
SPY,2016-12-02,2016-12-02T16:00:00-05:00,219.7,2017-02-17,77.0,0.21095890410958903,285.0,put,66.4,66.7,0.0,,,0.26724,-0.9764,0.00171,0.0464,-0.02131,-0.60068,spy_options_2016.parquet,2661864
SPY,2016-12-02,2016-12-02T16:00:00-05:00,219.7,2017-02-17,77.0,0.21095890410958903,290.0,call,0.0,0.01,0.0,,,0.19396,0.00135,0.00014,0.00382,-0.00036,0.00092,spy_options_2016.parquet,2661865
SPY,2016-12-02,2016-12-02T16:00:00-05:00,219.7,2017-02-17,77.0,0.21095890410958903,290.0,put,71.48,71.75,0.0,,,0.29512,-0.97288,0.00174,0.05471,-0.02326,-0.60933,spy_options_2016.parquet,2661865
SPY,2016-12-02,2016-12-02T16:00:00-05:00,219.7,2017-02-17,77.0,0.21095890410958903,295.0,call,0.0,0.01,0.0,,,0.20473,0.00069,0.00018,0.00362,-0.0007,0.00067,spy_options_2016.parquet,2661866
SPY,2016-12-02,2016-12-02T16:00:00-05:00,219.7,2017-02-17,77.0,0.21095890410958903,295.0,put,76.49,76.76,0.0,,,0.31008,-0.97322,0.00168,0.05228,-0.02338,-0.62024,spy_options_2016.parquet,2661866
SPY,2016-12-02,2016-12-02T16:00:00-05:00,219.7,2017-02-17,77.0,0.21095890410958903,300.0,call,0.0,0.0,0.0,,,0.21469,0.00071,0.00015,0.00351,-0.00025,0.00086,spy_options_2016.parquet,2661867
SPY,2016-12-02,2016-12-02T16:00:00-05:00,219.7,2017-02-17,77.0,0.21095890410958903,300.0,put,81.45,81.73,0.0,,,0.31817,-0.97647,0.00147,0.04694,-0.02227,-0.6318,spy_options_2016.parquet,2661867
SPY,2016-12-02,2016-12-02T16:00:00-05:00,219.7,2017-02-17,77.0,0.21095890410958903,305.0,call,0.0,0.01,0.0,,,0.225,0.00036,0.00012,0.00315,-0.00044,0.00047,spy_options_2016.parquet,2661868
SPY,2016-12-02,2016-12-02T16:00:00-05:00,219.7,2017-02-17,77.0,0.21095890410958903,305.0,put,86.46,86.73,0.0,,,0.33444,-0.97646,0.00133,0.04655,-0.02338,-0.64282,spy_options_2016.parquet,2661868
SPY,2016-12-02,2016-12-02T16:00:00-05:00,219.7,2017-02-17,77.0,0.21095890410958903,310.0,call,0.0,0.01,0.0,,,0.23572,0.00061,0.00015,0.0028,-0.0006,0.00013,spy_options_2016.parquet,2661869
SPY,2016-12-02,2016-12-02T16:00:00-05:00,219.7,2017-02-17,77.0,0.21095890410958903,310.0,put,91.45,91.73,0.0,,,0.34553,-0.97729,0.00123,0.04371,-0.02308,-0.65432,spy_options_2016.parquet,2661869
SPY,2016-12-02,2016-12-02T16:00:00-05:00,219.7,2017-02-17,77.0,0.21095890410958903,315.0,call,0.0,0.01,0.0,,,0.24502,0.00111,0.00012,0.00308,-0.00081,0.00018,spy_options_2016.parquet,2661870
SPY,2016-12-02,2016-12-02T16:00:00-05:00,219.7,2017-02-17,77.0,0.21095890410958903,315.0,put,96.47,96.75,0.0,,,0.36337,-0.97705,0.00118,0.04516,-0.02327,-0.66458,spy_options_2016.parquet,2661870
SPY,2016-12-02,2016-12-02T16:00:00-05:00,219.7,2017-02-17,77.0,0.21095890410958903,320.0,call,0.0,0.01,0.0,,,0.25515,0.00063,0.00014,0.00262,-0.0006,0.00014,spy_options_2016.parquet,2661871
SPY,2016-12-02,2016-12-02T16:00:00-05:00,219.7,2017-02-17,77.0,0.21095890410958903,320.0,put,101.49,101.77,101.06,0,,0.38253,-0.97603,0.00122,0.04769,-0.02466,-0.67498,spy_options_2016.parquet,2661871
SPY,2016-12-02,2016-12-02T16:00:00-05:00,219.7,2017-03-17,104.96,0.28756164383561644,150.0,call,69.45,69.78,0.0,,,,1.0,0.0,0.0,0.0,0.0,spy_options_2016.parquet,2661892
SPY,2016-12-02,2016-12-02T16:00:00-05:00,219.7,2017-03-17,104.96,0.28756164383561644,150.0,put,0.2,0.21,0.21,12,,0.33035,-0.01432,0.00092,0.04206,-0.00705,-0.00981,spy_options_2016.parquet,2661892
SPY,2016-12-02,2016-12-02T16:00:00-05:00,219.7,2017-03-17,104.96,0.28756164383561644,155.0,call,64.5,64.83,0.0,,,,1.0,0.0,0.0,0.0,0.0,spy_options_2016.parquet,2661893
SPY,2016-12-02,2016-12-02T16:00:00-05:00,219.7,2017-03-17,104.96,0.28756164383561644,155.0,put,0.24,0.25,0.25,0,,0.31423,-0.01753,0.00119,0.05094,-0.00827,-0.01169,spy_options_2016.parquet,2661893
SPY,2016-12-02,2016-12-02T16:00:00-05:00,219.7,2017-03-17,104.96,0.28756164383561644,160.0,call,59.56,59.83,0.0,,,0.3789,0.94256,0.00147,0.0999,-0.01471,0.05201,spy_options_2016.parquet,2661894
SPY,2016-12-02,2016-12-02T16:00:00-05:00,219.7,2017-03-17,104.96,0.28756164383561644,160.0,put,0.3,0.33,0.33,18,,0.29925,-0.02211,0.00155,0.0632,-0.00898,-0.01539,spy_options_2016.parquet,2661894
SPY,2016-12-02,2016-12-02T16:00:00-05:00,219.7,2017-03-17,104.96,0.28756164383561644,165.0,call,54.52,54.82,0.0,,,,1.0,0.0,0.0,0.0,0.0,spy_options_2016.parquet,2661895
SPY,2016-12-02,2016-12-02T16:00:00-05:00,219.7,2017-03-17,104.96,0.28756164383561644,165.0,put,0.4,0.42,0.42,0,,0.28608,-0.02886,0.00201,0.07858,-0.01087,-0.01961,spy_options_2016.parquet,2661895
SPY,2016-12-02,2016-12-02T16:00:00-05:00,219.7,2017-03-17,104.96,0.28756164383561644,170.0,call,49.57,49.85,0.0,,,0.30477,0.9534,0.00238,0.08736,-0.01026,0.05735,spy_options_2016.parquet,2661896
SPY,2016-12-02,2016-12-02T16:00:00-05:00,219.7,2017-03-17,104.96,0.28756164383561644,170.0,put,0.5,0.53,0.53,402,,0.27265,-0.03818,0.00252,0.09804,-0.01304,-0.02572,spy_options_2016.parquet,2661896
SPY,2016-12-02,2016-12-02T16:00:00-05:00,219.7,2017-03-17,104.96,0.28756164383561644,173.0,call,46.66,46.9,0.0,,,0.29292,0.95023,0.00297,0.09669,-0.01005,0.08415,spy_options_2016.parquet,2661897
SPY,2016-12-02,2016-12-02T16:00:00-05:00,219.7,2017-03-17,104.96,0.28756164383561644,173.0,put,0.6,0.62,0.6,15,,0.26458,-0.04476,0.00302,0.11126,-0.01493,-0.03057,spy_options_2016.parquet,2661897
SPY,2016-12-02,2016-12-02T16:00:00-05:00,219.7,2017-03-17,104.96,0.28756164383561644,174.0,call,45.6,45.85,0.0,,,0.28015,0.95616,0.00297,0.08482,-0.00887,0.06659,spy_options_2016.parquet,2661898
SPY,2016-12-02,2016-12-02T16:00:00-05:00,219.7,2017-03-17,104.96,0.28756164383561644,174.0,put,0.61,0.65,0.65,33,,0.26257,-0.04652,0.00317,0.11545,-0.01459,-0.03216,spy_options_2016.parquet,2661898
SPY,2016-12-02,2016-12-02T16:00:00-05:00,219.7,2017-03-17,104.96,0.28756164383561644,175.0,call,44.67,44.93,0.0,,,0.28133,0.95075,0.0033,0.0975,-0.00981,0.0915,spy_options_2016.parquet,2661899
SPY,2016-12-02,2016-12-02T16:00:00-05:00,219.7,2017-03-17,104.96,0.28756164383561644,175.0,put,0.64,0.69,0.69,33,,0.26003,-0.04924,0.00338,0.12075,-0.01495,-0.03314,spy_options_2016.parquet,2661899
SPY,2016-12-02,2016-12-02T16:00:00-05:00,219.7,2017-03-17,104.96,0.28756164383561644,176.0,call,43.64,43.89,0.0,,,0.27092,0.95421,0.0034,0.09037,-0.00866,0.08233,spy_options_2016.parquet,2661900
SPY,2016-12-02,2016-12-02T16:00:00-05:00,219.7,2017-03-17,104.96,0.28756164383561644,176.0,put,0.7,0.73,0.72,3,,0.25743,-0.05212,0.00348,0.12638,-0.01605,-0.03553,spy_options_2016.parquet,2661900
SPY,2016-12-02,2016-12-02T16:00:00-05:00,219.7,2017-03-17,104.96,0.28756164383561644,177.0,call,42.64,42.89,0.0,,,0.2652,0.95548,0.0036,0.09032,-0.00873,0.08348,spy_options_2016.parquet,2661901
SPY,2016-12-02,2016-12-02T16:00:00-05:00,219.7,2017-03-17,104.96,0.28756164383561644,177.0,put,0.73,0.77,0.76,3,,0.25459,-0.05538,0.00372,0.13138,-0.01702,-0.03708,spy_options_2016.parquet,2661901
SPY,2016-12-02,2016-12-02T16:00:00-05:00,219.7,2017-03-17,104.96,0.28756164383561644,178.0,call,41.66,41.92,0.0,,,0.26042,0.95371,0.0039,0.09354,-0.00898,0.0919,spy_options_2016.parquet,2661902
SPY,2016-12-02,2016-12-02T16:00:00-05:00,219.7,2017-03-17,104.96,0.28756164383561644,178.0,put,0.75,0.81,0.8,3,,0.25126,-0.0583,0.00391,0.13708,-0.01744,-0.03872,spy_options_2016.parquet,2661902
SPY,2016-12-02,2016-12-02T16:00:00-05:00,219.7,2017-03-17,104.96,0.28756164383561644,179.0,call,40.69,40.93,0.0,,,0.25705,0.95214,0.00413,0.09829,-0.00832,0.10214,spy_options_2016.parquet,2661903
SPY,2016-12-02,2016-12-02T16:00:00-05:00,219.7,2017-03-17,104.96,0.28756164383561644,179.0,put,0.82,0.85,0.84,3,,0.24893,-0.06136,0.00411,0.14357,-0.01747,-0.04148,spy_options_2016.parquet,2661903
SPY,2016-12-02,2016-12-02T16:00:00-05:00,219.7,2017-03-17,104.96,0.28756164383561644,180.0,call,39.8,40.03,39.6,0,,0.25987,0.94449,0.00454,0.1155,-0.00999,0.1305,spy_options_2016.parquet,2661904
SPY,2016-12-02,2016-12-02T16:00:00-05:00,219.7,2017-03-17,104.96,0.28756164383561644,180.0,put,0.85,0.87,0.89,134,,0.24697,-0.0642,0.00431,0.14859,-0.0185,-0.04367,spy_options_2016.parquet,2661904
SPY,2016-12-02,2016-12-02T16:00:00-05:00,219.7,2017-03-17,104.96,0.28756164383561644,181.0,call,38.75,38.98,0.0,,,0.2507,0.94736,0.00474,0.10992,-0.00908,0.12453,spy_options_2016.parquet,2661905
SPY,2016-12-02,2016-12-02T16:00:00-05:00,219.7,2017-03-17,104.96,0.28756164383561644,181.0,put,0.89,0.92,0.93,2,,0.2447,-0.06781,0.00455,0.15496,-0.01896,-0.04645,spy_options_2016.parquet,2661905
SPY,2016-12-02,2016-12-02T16:00:00-05:00,219.7,2017-03-17,104.96,0.28756164383561644,182.0,call,37.8,38.06,0.0,,,0.25015,0.9424,0.00509,0.1195,-0.00986,0.14088,spy_options_2016.parquet,2661906
SPY,2016-12-02,2016-12-02T16:00:00-05:00,219.7,2017-03-17,104.96,0.28756164383561644,182.0,put,0.93,0.97,0.98,2,,0.24081,-0.07183,0.00482,0.16075,-0.01948,-0.04819,spy_options_2016.parquet,2661906
SPY,2016-12-02,2016-12-02T16:00:00-05:00,219.7,2017-03-17,104.96,0.28756164383561644,183.0,call,36.81,37.04,0.0,,,0.24441,0.94213,0.00541,0.12148,-0.01006,0.14495,spy_options_2016.parquet,2661907
SPY,2016-12-02,2016-12-02T16:00:00-05:00,219.7,2017-03-17,104.96,0.28756164383561644,183.0,put,1.0,1.01,1.03,3,,0.23883,-0.07539,0.00502,0.16775,-0.02044,-0.05149,spy_options_2016.parquet,2661907
SPY,2016-12-02,2016-12-02T16:00:00-05:00,219.7,2017-03-17,104.96,0.28756164383561644,184.0,call,35.89,36.14,0.0,,,0.24499,0.93472,0.00578,0.13561,-0.01117,0.16389,spy_options_2016.parquet,2661908
SPY,2016-12-02,2016-12-02T16:00:00-05:00,219.7,2017-03-17,104.96,0.28756164383561644,184.0,put,1.04,1.08,1.06,9,,0.23654,-0.07943,0.00525,0.17504,-0.02016,-0.05407,spy_options_2016.parquet,2661908
SPY,2016-12-02,2016-12-02T16:00:00-05:00,219.7,2017-03-17,104.96,0.28756164383561644,185.0,call,34.92,35.16,0.0,,,0.24164,0.9314,0.0061,0.14265,-0.01122,0.17332,spy_options_2016.parquet,2661909
SPY,2016-12-02,2016-12-02T16:00:00-05:00,219.7,2017-03-17,104.96,0.28756164383561644,185.0,put,1.1,1.13,1.11,100,,0.23268,-0.08425,0.00556,0.18195,-0.02123,-0.05714,spy_options_2016.parquet,2661909
SPY,2016-12-02,2016-12-02T16:00:00-05:00,219.7,2017-03-17,104.96,0.28756164383561644,186.0,call,33.93,34.12,0.0,,,0.23422,0.93243,0.00643,0.14177,-0.01135,0.17398,spy_options_2016.parquet,2661910
SPY,2016-12-02,2016-12-02T16:00:00-05:00,219.7,2017-03-17,104.96,0.28756164383561644,186.0,put,1.16,1.2,1.2,2,,0.23015,-0.08779,0.00582,0.18873,-0.02184,-0.05967,spy_options_2016.parquet,2661910
SPY,2016-12-02,2016-12-02T16:00:00-05:00,219.7,2017-03-17,104.96,0.28756164383561644,187.0,call,32.96,33.17,0.0,,,0.23176,0.92692,0.00682,0.15035,-0.01178,0.18428,spy_options_2016.parquet,2661911
SPY,2016-12-02,2016-12-02T16:00:00-05:00,219.7,2017-03-17,104.96,0.28756164383561644,187.0,put,1.22,1.27,1.24,493,,0.22787,-0.09343,0.00618,0.19679,-0.02216,-0.06325,spy_options_2016.parquet,2661911
SPY,2016-12-02,2016-12-02T16:00:00-05:00,219.7,2017-03-17,104.96,0.28756164383561644,188.0,call,32.01,32.22,32.28,2,,0.22884,0.92258,0.00726,0.15894,-0.01211,0.19444,spy_options_2016.parquet,2661912
SPY,2016-12-02,2016-12-02T16:00:00-05:00,219.7,2017-03-17,104.96,0.28756164383561644,188.0,put,1.29,1.31,1.33,2,,0.22566,-0.09816,0.00647,0.20528,-0.02263,-0.06608,spy_options_2016.parquet,2661912
SPY,2016-12-02,2016-12-02T16:00:00-05:00,219.7,2017-03-17,104.96,0.28756164383561644,189.0,call,31.06,31.27,0.0,,,0.22554,0.91773,0.00762,0.16758,-0.01231,0.20454,spy_options_2016.parquet,2661913
SPY,2016-12-02,2016-12-02T16:00:00-05:00,219.7,2017-03-17,104.96,0.28756164383561644,189.0,put,1.36,1.4,1.38,4,,0.22291,-0.10368,0.00678,0.21216,-0.02353,-0.06959,spy_options_2016.parquet,2661913
SPY,2016-12-02,2016-12-02T16:00:00-05:00,219.7,2017-03-17,104.96,0.28756164383561644,190.0,call,30.14,30.28,30.04,2,,0.22201,0.91298,0.00803,0.17592,-0.01314,0.21293,spy_options_2016.parquet,2661914
SPY,2016-12-02,2016-12-02T16:00:00-05:00,219.7,2017-03-17,104.96,0.28756164383561644,190.0,put,1.43,1.47,1.44,30,,0.2199,-0.10886,0.00722,0.22148,-0.0245,-0.07386,spy_options_2016.parquet,2661914
SPY,2016-12-02,2016-12-02T16:00:00-05:00,219.7,2017-03-17,104.96,0.28756164383561644,191.0,call,29.17,29.39,0.0,,,0.21989,0.90566,0.00846,0.18757,-0.01381,0.2242,spy_options_2016.parquet,2661915
SPY,2016-12-02,2016-12-02T16:00:00-05:00,219.7,2017-03-17,104.96,0.28756164383561644,191.0,put,1.51,1.54,1.56,2,,0.21699,-0.11518,0.00751,0.23012,-0.02563,-0.07784,spy_options_2016.parquet,2661915
SPY,2016-12-02,2016-12-02T16:00:00-05:00,219.7,2017-03-17,104.96,0.28756164383561644,192.0,call,28.24,28.45,0.0,,,0.217,0.89961,0.00894,0.19737,-0.01456,0.23389,spy_options_2016.parquet,2661916
SPY,2016-12-02,2016-12-02T16:00:00-05:00,219.7,2017-03-17,104.96,0.28756164383561644,192.0,put,1.58,1.63,1.63,1,,0.21478,-0.122,0.00794,0.23896,-0.0261,-0.08213,spy_options_2016.parquet,2661916
SPY,2016-12-02,2016-12-02T16:00:00-05:00,219.7,2017-03-17,104.96,0.28756164383561644,193.0,call,27.33,27.51,0.0,,,0.21473,0.8918,0.00938,0.20921,-0.01507,0.24277,spy_options_2016.parquet,2661917
SPY,2016-12-02,2016-12-02T16:00:00-05:00,219.7,2017-03-17,104.96,0.28756164383561644,193.0,put,1.67,1.72,1.73,12,,0.21209,-0.12801,0.00831,0.24702,-0.02651,-0.0869,spy_options_2016.parquet,2661917
SPY,2016-12-02,2016-12-02T16:00:00-05:00,219.7,2017-03-17,104.96,0.28756164383561644,194.0,call,26.37,26.58,0.0,,,0.21202,0.88535,0.00989,0.21965,-0.01537,0.25151,spy_options_2016.parquet,2661918
SPY,2016-12-02,2016-12-02T16:00:00-05:00,219.7,2017-03-17,104.96,0.28756164383561644,194.0,put,1.75,1.79,1.83,2,,0.20864,-0.1347,0.0088,0.25572,-0.02706,-0.09116,spy_options_2016.parquet,2661918
SPY,2016-12-02,2016-12-02T16:00:00-05:00,219.7,2017-03-17,104.96,0.28756164383561644,195.0,call,25.49,25.66,25.4,2,,0.21021,0.87652,0.01043,0.23176,-0.01696,0.26036,spy_options_2016.parquet,2661919
SPY,2016-12-02,2016-12-02T16:00:00-05:00,219.7,2017-03-17,104.96,0.28756164383561644,195.0,put,1.87,1.89,1.92,156,,0.20704,-0.14329,0.00918,0.26679,-0.02758,-0.09655,spy_options_2016.parquet,2661919
SPY,2016-12-02,2016-12-02T16:00:00-05:00,219.7,2017-03-17,104.96,0.28756164383561644,196.0,call,24.62,24.8,0.0,,,0.20966,0.86498,0.01081,0.24751,-0.01819,0.27048,spy_options_2016.parquet,2661920
SPY,2016-12-02,2016-12-02T16:00:00-05:00,219.7,2017-03-17,104.96,0.28756164383561644,196.0,put,1.98,2.0,2.01,244,,0.20386,-0.15022,0.00965,0.27596,-0.02873,-0.10153,spy_options_2016.parquet,2661920
SPY,2016-12-02,2016-12-02T16:00:00-05:00,219.7,2017-03-17,104.96,0.28756164383561644,197.0,call,23.64,23.83,0.0,,,0.20372,0.86064,0.01142,0.25394,-0.0181,0.27464,spy_options_2016.parquet,2661921
SPY,2016-12-02,2016-12-02T16:00:00-05:00,219.7,2017-03-17,104.96,0.28756164383561644,197.0,put,2.07,2.11,2.11,10,,0.20194,-0.15901,0.01011,0.28572,-0.02896,-0.10728,spy_options_2016.parquet,2661921
SPY,2016-12-02,2016-12-02T16:00:00-05:00,219.7,2017-03-17,104.96,0.28756164383561644,198.0,call,22.78,22.98,0.0,,,0.20327,0.84825,0.01186,0.26889,-0.01872,0.28341,spy_options_2016.parquet,2661922
SPY,2016-12-02,2016-12-02T16:00:00-05:00,219.7,2017-03-17,104.96,0.28756164383561644,198.0,put,2.17,2.21,2.25,4,,0.19818,-0.1668,0.01063,0.29548,-0.0302,-0.11312,spy_options_2016.parquet,2661922
SPY,2016-12-02,2016-12-02T16:00:00-05:00,219.7,2017-03-17,104.96,0.28756164383561644,199.0,call,21.86,22.04,0.0,,,0.19934,0.8406,0.01247,0.27882,-0.01872,0.28795,spy_options_2016.parquet,2661923
SPY,2016-12-02,2016-12-02T16:00:00-05:00,219.7,2017-03-17,104.96,0.28756164383561644,199.0,put,2.31,2.34,2.38,64,,0.19553,-0.17688,0.01117,0.30629,-0.03117,-0.11947,spy_options_2016.parquet,2661923
SPY,2016-12-02,2016-12-02T16:00:00-05:00,219.7,2017-03-17,104.96,0.28756164383561644,200.0,call,21.06,21.2,20.83,16,,0.19835,0.82735,0.01297,0.29383,-0.02029,0.29583,spy_options_2016.parquet,2661924
SPY,2016-12-02,2016-12-02T16:00:00-05:00,219.7,2017-03-17,104.96,0.28756164383561644,200.0,put,2.44,2.46,2.48,291,,0.19303,-0.18541,0.0117,0.31627,-0.03154,-0.12512,spy_options_2016.parquet,2661924
SPY,2016-12-02,2016-12-02T16:00:00-05:00,219.7,2017-03-17,104.96,0.28756164383561644,201.0,call,20.18,20.32,20.0,0,,0.19567,0.81609,0.01352,0.30626,-0.02091,0.30006,spy_options_2016.parquet,2661925
SPY,2016-12-02,2016-12-02T16:00:00-05:00,219.7,2017-03-17,104.96,0.28756164383561644,201.0,put,2.57,2.59,2.64,42,,0.18975,-0.19585,0.01225,0.32611,-0.03254,-0.13248,spy_options_2016.parquet,2661925
SPY,2016-12-02,2016-12-02T16:00:00-05:00,219.7,2017-03-17,104.96,0.28756164383561644,202.0,call,19.3,19.44,19.57,5,,0.19295,0.80481,0.01408,0.31772,-0.02178,0.30442,spy_options_2016.parquet,2661926
SPY,2016-12-02,2016-12-02T16:00:00-05:00,219.7,2017-03-17,104.96,0.28756164383561644,202.0,put,2.68,2.72,2.79,23,,0.18736,-0.20617,0.0128,0.33691,-0.0329,-0.13951,spy_options_2016.parquet,2661926
SPY,2016-12-02,2016-12-02T16:00:00-05:00,219.7,2017-03-17,104.96,0.28756164383561644,203.0,call,18.36,18.52,18.49,3,,0.18809,0.79627,0.01482,0.32703,-0.02177,0.30615,spy_options_2016.parquet,2661927
SPY,2016-12-02,2016-12-02T16:00:00-05:00,219.7,2017-03-17,104.96,0.28756164383561644,203.0,put,2.85,2.89,2.91,59,,0.18442,-0.21804,0.01342,0.34737,-0.03368,-0.14692,spy_options_2016.parquet,2661927
SPY,2016-12-02,2016-12-02T16:00:00-05:00,219.7,2017-03-17,104.96,0.28756164383561644,204.0,call,17.51,17.63,17.34,0,,0.18528,0.7842,0.01551,0.33851,-0.02252,0.30968,spy_options_2016.parquet,2661928
SPY,2016-12-02,2016-12-02T16:00:00-05:00,219.7,2017-03-17,104.96,0.28756164383561644,204.0,put,3.02,3.05,3.02,157,,0.18173,-0.23005,0.01404,0.35839,-0.03449,-0.15554,spy_options_2016.parquet,2661928
SPY,2016-12-02,2016-12-02T16:00:00-05:00,219.7,2017-03-17,104.96,0.28756164383561644,205.0,call,16.69,16.81,16.86,10,,0.18264,0.76902,0.01609,0.35186,-0.02296,0.31284,spy_options_2016.parquet,2661929
SPY,2016-12-02,2016-12-02T16:00:00-05:00,219.7,2017-03-17,104.96,0.28756164383561644,205.0,put,3.2,3.23,3.24,58,,0.17991,-0.24232,0.01464,0.36858,-0.0349,-0.16343,spy_options_2016.parquet,2661929
SPY,2016-12-02,2016-12-02T16:00:00-05:00,219.7,2017-03-17,104.96,0.28756164383561644,206.0,call,15.88,16.01,16.08,7,,0.18055,0.75453,0.01662,0.36514,-0.024,0.31495,spy_options_2016.parquet,2661930
SPY,2016-12-02,2016-12-02T16:00:00-05:00,219.7,2017-03-17,104.96,0.28756164383561644,206.0,put,3.36,3.4,3.44,2,,0.177,-0.25598,0.01539,0.37969,-0.0353,-0.17236,spy_options_2016.parquet,2661930
SPY,2016-12-02,2016-12-02T16:00:00-05:00,219.7,2017-03-17,104.96,0.28756164383561644,207.0,call,15.03,15.13,15.44,0,,0.17744,0.74081,0.01741,0.37498,-0.0237,0.31543,spy_options_2016.parquet,2661931
SPY,2016-12-02,2016-12-02T16:00:00-05:00,219.7,2017-03-17,104.96,0.28756164383561644,207.0,put,3.55,3.58,3.61,2,,0.17378,-0.26971,0.016,0.38972,-0.03534,-0.18242,spy_options_2016.parquet,2661931
SPY,2016-12-02,2016-12-02T16:00:00-05:00,219.7,2017-03-17,104.96,0.28756164383561644,208.0,call,14.2,14.3,14.4,5,,0.17351,0.72653,0.01803,0.38641,-0.02389,0.3154,spy_options_2016.parquet,2661932
SPY,2016-12-02,2016-12-02T16:00:00-05:00,219.7,2017-03-17,104.96,0.28756164383561644,208.0,put,3.75,3.79,3.85,87,,0.17143,-0.28452,0.01673,0.40001,-0.03623,-0.19263,spy_options_2016.parquet,2661932
SPY,2016-12-02,2016-12-02T16:00:00-05:00,219.7,2017-03-17,104.96,0.28756164383561644,209.0,call,13.42,13.52,13.4,0,,0.17176,0.7094,0.01869,0.39742,-0.02432,0.31469,spy_options_2016.parquet,2661933
SPY,2016-12-02,2016-12-02T16:00:00-05:00,219.7,2017-03-17,104.96,0.28756164383561644,209.0,put,3.98,3.99,4.03,180,,0.16779,-0.29986,0.01735,0.40947,-0.03719,-0.20299,spy_options_2016.parquet,2661933
SPY,2016-12-02,2016-12-02T16:00:00-05:00,219.7,2017-03-17,104.96,0.28756164383561644,210.0,call,12.68,12.77,12.9,3,,0.16997,0.6912,0.01923,0.40925,-0.0253,0.31413,spy_options_2016.parquet,2661934
SPY,2016-12-02,2016-12-02T16:00:00-05:00,219.7,2017-03-17,104.96,0.28756164383561644,210.0,put,4.18,4.21,4.21,172,,0.16451,-0.31503,0.0181,0.41878,-0.0373,-0.2135,spy_options_2016.parquet,2661934
SPY,2016-12-02,2016-12-02T16:00:00-05:00,219.7,2017-03-17,104.96,0.28756164383561644,211.0,call,11.83,11.95,11.89,6,,0.16512,0.67535,0.02001,0.41845,-0.02567,0.31177,spy_options_2016.parquet,2661935
SPY,2016-12-02,2016-12-02T16:00:00-05:00,219.7,2017-03-17,104.96,0.28756164383561644,211.0,put,4.43,4.47,4.5,5,,0.16313,-0.3325,0.01881,0.42854,-0.0373,-0.22539,spy_options_2016.parquet,2661935
SPY,2016-12-02,2016-12-02T16:00:00-05:00,219.7,2017-03-17,104.96,0.28756164383561644,212.0,call,11.07,11.17,11.03,0,,0.16171,0.65685,0.0208,0.42854,-0.02601,0.30944,spy_options_2016.parquet,2661936
SPY,2016-12-02,2016-12-02T16:00:00-05:00,219.7,2017-03-17,104.96,0.28756164383561644,212.0,put,4.69,4.72,4.65,221,,0.15949,-0.35044,0.01952,0.43708,-0.03784,-0.23686,spy_options_2016.parquet,2661936
SPY,2016-12-02,2016-12-02T16:00:00-05:00,219.7,2017-03-17,104.96,0.28756164383561644,213.0,call,10.34,10.43,0.0,,,0.1594,0.63735,0.02137,0.43751,-0.02616,0.30579,spy_options_2016.parquet,2661937
SPY,2016-12-02,2016-12-02T16:00:00-05:00,219.7,2017-03-17,104.96,0.28756164383561644,213.0,put,4.95,4.99,5.0,3,,0.15723,-0.36974,0.02028,0.44469,-0.03847,-0.25047,spy_options_2016.parquet,2661937
SPY,2016-12-02,2016-12-02T16:00:00-05:00,219.7,2017-03-17,104.96,0.28756164383561644,214.0,call,9.64,9.69,9.77,,,0.15639,0.61698,0.02208,0.44547,-0.02626,0.30039,spy_options_2016.parquet,2661938
SPY,2016-12-02,2016-12-02T16:00:00-05:00,219.7,2017-03-17,104.96,0.28756164383561644,214.0,put,5.23,5.27,5.3,,,0.15414,-0.38897,0.02099,0.45194,-0.0379,-0.2629,spy_options_2016.parquet,2661938
SPY,2016-12-02,2016-12-02T16:00:00-05:00,219.7,2017-03-17,104.96,0.28756164383561644,215.0,call,8.92,8.97,9.03,297,,0.15316,0.59505,0.02264,0.45206,-0.02623,0.29514,spy_options_2016.parquet,2661939
SPY,2016-12-02,2016-12-02T16:00:00-05:00,219.7,2017-03-17,104.96,0.28756164383561644,215.0,put,5.51,5.58,5.53,,,0.15116,-0.40946,0.0217,0.45752,-0.03806,-0.27693,spy_options_2016.parquet,2661939
SPY,2016-12-02,2016-12-02T16:00:00-05:00,219.7,2017-03-17,104.96,0.28756164383561644,216.0,call,8.28,8.34,8.56,4,,0.152,0.57322,0.02309,0.45813,-0.0264,0.2886,spy_options_2016.parquet,2661940
SPY,2016-12-02,2016-12-02T16:00:00-05:00,219.7,2017-03-17,104.96,0.28756164383561644,216.0,put,5.83,5.89,5.84,197,,0.14769,-0.43101,0.02232,0.46279,-0.03792,-0.29161,spy_options_2016.parquet,2661940
SPY,2016-12-02,2016-12-02T16:00:00-05:00,219.7,2017-03-17,104.96,0.28756164383561644,217.0,call,7.55,7.62,7.51,6,,0.14803,0.55021,0.02379,0.46243,-0.02594,0.28128,spy_options_2016.parquet,2661941
SPY,2016-12-02,2016-12-02T16:00:00-05:00,219.7,2017-03-17,104.96,0.28756164383561644,217.0,put,6.18,6.25,6.28,386,,0.14529,-0.45363,0.02295,0.4666,-0.03866,-0.30737,spy_options_2016.parquet,2661941
SPY,2016-12-02,2016-12-02T16:00:00-05:00,219.7,2017-03-17,104.96,0.28756164383561644,218.0,call,6.93,6.99,6.86,19,,0.14502,0.52579,0.02428,0.46601,-0.026,0.27306,spy_options_2016.parquet,2661942
SPY,2016-12-02,2016-12-02T16:00:00-05:00,219.7,2017-03-17,104.96,0.28756164383561644,218.0,put,6.54,6.61,6.58,270,,0.14259,-0.47704,0.02351,0.46786,-0.03848,-0.32318,spy_options_2016.parquet,2661942
SPY,2016-12-02,2016-12-02T16:00:00-05:00,219.7,2017-03-17,104.96,0.28756164383561644,219.0,call,6.26,6.32,6.3,,,0.1408,0.50104,0.02492,0.46686,-0.02496,0.26366,spy_options_2016.parquet,2661943
SPY,2016-12-02,2016-12-02T16:00:00-05:00,219.7,2017-03-17,104.96,0.28756164383561644,219.0,put,6.93,7.01,7.02,234,,0.13953,-0.50188,0.02403,0.4692,-0.03849,-0.33972,spy_options_2016.parquet,2661943
SPY,2016-12-02,2016-12-02T16:00:00-05:00,219.7,2017-03-17,104.96,0.28756164383561644,220.0,call,5.66,5.73,5.8,855,,0.13857,0.47546,0.02522,0.46707,-0.02438,0.25374,spy_options_2016.parquet,2661944
SPY,2016-12-02,2016-12-02T16:00:00-05:00,219.7,2017-03-17,104.96,0.28756164383561644,220.0,put,7.36,7.43,7.42,,,0.13685,-0.52688,0.0244,0.46747,-0.03764,-0.3575,spy_options_2016.parquet,2661944
SPY,2016-12-02,2016-12-02T16:00:00-05:00,219.7,2017-03-17,104.96,0.28756164383561644,221.0,call,5.11,5.15,5.13,293,,0.13545,0.44911,0.02555,0.46404,-0.02375,0.24295,spy_options_2016.parquet,2661945
SPY,2016-12-02,2016-12-02T16:00:00-05:00,219.7,2017-03-17,104.96,0.28756164383561644,221.0,put,7.79,7.86,7.82,13,,0.13339,-0.55308,0.02482,0.46409,-0.03705,-0.37462,spy_options_2016.parquet,2661945
SPY,2016-12-02,2016-12-02T16:00:00-05:00,219.7,2017-03-17,104.96,0.28756164383561644,222.0,call,4.58,4.62,4.51,100,,0.1325,0.42197,0.02565,0.45888,-0.0237,0.23086,spy_options_2016.parquet,2661946
SPY,2016-12-02,2016-12-02T16:00:00-05:00,219.7,2017-03-17,104.96,0.28756164383561644,222.0,put,8.22,8.32,8.4,83,,0.13035,-0.58005,0.02507,0.45869,-0.03652,-0.3939,spy_options_2016.parquet,2661946
SPY,2016-12-02,2016-12-02T16:00:00-05:00,219.7,2017-03-17,104.96,0.28756164383561644,223.0,call,4.04,4.09,4.02,4,,0.12972,0.39395,0.02571,0.45161,-0.02222,0.21802,spy_options_2016.parquet,2661947
SPY,2016-12-02,2016-12-02T16:00:00-05:00,219.7,2017-03-17,104.96,0.28756164383561644,223.0,put,8.75,8.85,8.82,17,,0.12856,-0.60697,0.0251,0.45105,-0.03549,-0.41248,spy_options_2016.parquet,2661947
SPY,2016-12-02,2016-12-02T16:00:00-05:00,219.7,2017-03-17,104.96,0.28756164383561644,224.0,call,3.54,3.6,3.44,151,,0.12715,0.36537,0.02564,0.44189,-0.0219,0.20408,spy_options_2016.parquet,2661948
SPY,2016-12-02,2016-12-02T16:00:00-05:00,219.7,2017-03-17,104.96,0.28756164383561644,224.0,put,9.32,9.41,8.96,0,,0.12669,-0.63329,0.02483,0.44107,-0.0358,-0.43083,spy_options_2016.parquet,2661948
SPY,2016-12-02,2016-12-02T16:00:00-05:00,219.7,2017-03-17,104.96,0.28756164383561644,225.0,call,3.1,3.14,3.09,453,,0.12392,0.3363,0.0254,0.42951,-0.02096,0.1901,spy_options_2016.parquet,2661949
SPY,2016-12-02,2016-12-02T16:00:00-05:00,219.7,2017-03-17,104.96,0.28756164383561644,225.0,put,9.85,9.94,10.05,21,,0.12322,-0.66189,0.02476,0.42693,-0.03439,-0.45085,spy_options_2016.parquet,2661949
SPY,2016-12-02,2016-12-02T16:00:00-05:00,219.7,2017-03-17,104.96,0.28756164383561644,226.0,call,2.68,2.73,2.69,93,,0.12128,0.30771,0.02496,0.41432,-0.02006,0.17564,spy_options_2016.parquet,2661950
SPY,2016-12-02,2016-12-02T16:00:00-05:00,219.7,2017-03-17,104.96,0.28756164383561644,226.0,put,10.49,10.61,10.61,69,,0.12174,-0.68751,0.02413,0.41271,-0.03337,-0.46939,spy_options_2016.parquet,2661950
SPY,2016-12-02,2016-12-02T16:00:00-05:00,219.7,2017-03-17,104.96,0.28756164383561644,227.0,call,2.33,2.36,2.34,14,,0.11831,0.2792,0.02429,0.3969,-0.01856,0.16102,spy_options_2016.parquet,2661951
SPY,2016-12-02,2016-12-02T16:00:00-05:00,219.7,2017-03-17,104.96,0.28756164383561644,227.0,put,11.09,11.22,11.01,0,,0.11877,-0.7158,0.0237,0.39464,-0.03247,-0.48864,spy_options_2016.parquet,2661951
SPY,2016-12-02,2016-12-02T16:00:00-05:00,219.7,2017-03-17,104.96,0.28756164383561644,228.0,call,1.99,2.01,1.97,,,0.11653,0.25174,0.02346,0.37669,-0.01713,0.14731,spy_options_2016.parquet,2661952
SPY,2016-12-02,2016-12-02T16:00:00-05:00,219.7,2017-03-17,104.96,0.28756164383561644,228.0,put,11.82,11.96,11.25,0,,0.11803,-0.7399,0.02272,0.3773,-0.03163,-0.50603,spy_options_2016.parquet,2661952
SPY,2016-12-02,2016-12-02T16:00:00-05:00,219.7,2017-03-17,104.96,0.28756164383561644,229.0,call,1.68,1.72,1.68,53,,0.11474,0.22597,0.02244,0.35523,-0.01568,0.13262,spy_options_2016.parquet,2661953
SPY,2016-12-02,2016-12-02T16:00:00-05:00,219.7,2017-03-17,104.96,0.28756164383561644,229.0,put,12.49,12.66,12.16,0,,0.11646,-0.76603,0.02186,0.35554,-0.03044,-0.52506,spy_options_2016.parquet,2661953
SPY,2016-12-02,2016-12-02T16:00:00-05:00,219.7,2017-03-17,104.96,0.28756164383561644,230.0,call,1.42,1.44,1.43,623,,0.11208,0.20005,0.02133,0.33025,-0.01504,0.1181,spy_options_2016.parquet,2661954
SPY,2016-12-02,2016-12-02T16:00:00-05:00,219.7,2017-03-17,104.96,0.28756164383561644,230.0,put,13.3,13.45,13.31,125,,0.1164,-0.78623,0.02075,0.33712,-0.02957,-0.54026,spy_options_2016.parquet,2661954
SPY,2016-12-02,2016-12-02T16:00:00-05:00,219.7,2017-03-17,104.96,0.28756164383561644,231.0,call,1.19,1.22,1.18,3,,0.11024,0.17622,0.01993,0.30656,-0.01332,0.10525,spy_options_2016.parquet,2661955
SPY,2016-12-02,2016-12-02T16:00:00-05:00,219.7,2017-03-17,104.96,0.28756164383561644,231.0,put,14.01,14.22,0.0,,,0.11373,-0.81121,0.01958,0.31139,-0.02832,-0.55884,spy_options_2016.parquet,2661955
SPY,2016-12-02,2016-12-02T16:00:00-05:00,219.7,2017-03-17,104.96,0.28756164383561644,232.0,call,1.0,1.03,0.98,568,,0.10878,0.15461,0.01851,0.28256,-0.01206,0.09316,spy_options_2016.parquet,2661956
SPY,2016-12-02,2016-12-02T16:00:00-05:00,219.7,2017-03-17,104.96,0.28756164383561644,232.0,put,14.84,15.06,0.0,,,0.11309,-0.82932,0.01841,0.29082,-0.02751,-0.57262,spy_options_2016.parquet,2661956
SPY,2016-12-02,2016-12-02T16:00:00-05:00,219.7,2017-03-17,104.96,0.28756164383561644,233.0,call,0.84,0.87,0.82,7,,0.10815,0.13592,0.01711,0.25839,-0.0113,0.08201,spy_options_2016.parquet,2661957
SPY,2016-12-02,2016-12-02T16:00:00-05:00,219.7,2017-03-17,104.96,0.28756164383561644,233.0,put,15.75,15.93,15.15,0,,0.11437,-0.84404,0.01717,0.27441,-0.02649,-0.58357,spy_options_2016.parquet,2661957
SPY,2016-12-02,2016-12-02T16:00:00-05:00,219.7,2017-03-17,104.96,0.28756164383561644,234.0,call,0.71,0.73,0.69,4,,0.1071,0.11794,0.01568,0.23518,-0.0106,0.0715,spy_options_2016.parquet,2661958
SPY,2016-12-02,2016-12-02T16:00:00-05:00,219.7,2017-03-17,104.96,0.28756164383561644,234.0,put,16.54,16.74,0.0,,,0.11197,-0.8655,0.0158,0.24675,-0.02489,-0.59975,spy_options_2016.parquet,2661958
SPY,2016-12-02,2016-12-02T16:00:00-05:00,219.7,2017-03-17,104.96,0.28756164383561644,235.0,call,0.59,0.62,0.57,300,,0.10695,0.10323,0.01422,0.21322,-0.00952,0.06281,spy_options_2016.parquet,2661959
SPY,2016-12-02,2016-12-02T16:00:00-05:00,219.7,2017-03-17,104.96,0.28756164383561644,235.0,put,17.48,17.74,0.0,,,0.11487,-0.87278,0.01467,0.23654,-0.02479,-0.60742,spy_options_2016.parquet,2661959
SPY,2016-12-02,2016-12-02T16:00:00-05:00,219.7,2017-03-17,104.96,0.28756164383561644,236.0,call,0.49,0.53,0.48,1,,0.10611,0.08867,0.01286,0.19184,-0.00854,0.05441,spy_options_2016.parquet,2661960
SPY,2016-12-02,2016-12-02T16:00:00-05:00,219.7,2017-03-17,104.96,0.28756164383561644,236.0,put,18.41,18.67,0.0,,,0.11582,-0.88353,0.01366,0.22182,-0.02509,-0.61726,spy_options_2016.parquet,2661960
SPY,2016-12-02,2016-12-02T16:00:00-05:00,219.7,2017-03-17,104.96,0.28756164383561644,237.0,call,0.43,0.45,0.41,,,0.10635,0.07787,0.01163,0.17431,-0.0079,0.04771,spy_options_2016.parquet,2661961
SPY,2016-12-02,2016-12-02T16:00:00-05:00,219.7,2017-03-17,104.96,0.28756164383561644,237.0,put,19.28,19.51,0.0,,,0.11391,-0.89998,0.0123,0.19649,-0.02316,-0.63027,spy_options_2016.parquet,2661961
SPY,2016-12-02,2016-12-02T16:00:00-05:00,219.7,2017-03-17,104.96,0.28756164383561644,238.0,call,0.35,0.39,0.41,0,,0.10671,0.06869,0.01053,0.15825,-0.00641,0.04257,spy_options_2016.parquet,2661962
SPY,2016-12-02,2016-12-02T16:00:00-05:00,219.7,2017-03-17,104.96,0.28756164383561644,238.0,put,20.28,20.57,0.0,,,0.11951,-0.90093,0.01174,0.19576,-0.02337,-0.63336,spy_options_2016.parquet,2661962
SPY,2016-12-02,2016-12-02T16:00:00-05:00,219.7,2017-03-17,104.96,0.28756164383561644,239.0,call,0.31,0.34,0.32,,,0.1071,0.06061,0.00949,0.14405,-0.00643,0.03763,spy_options_2016.parquet,2661963
SPY,2016-12-02,2016-12-02T16:00:00-05:00,219.7,2017-03-17,104.96,0.28756164383561644,239.0,put,21.2,21.47,0.0,,,0.11965,-0.91122,0.01075,0.17928,-0.02261,-0.6421,spy_options_2016.parquet,2661963
SPY,2016-12-02,2016-12-02T16:00:00-05:00,219.7,2017-03-17,104.96,0.28756164383561644,240.0,call,0.28,0.3,0.3,49,,0.10883,0.05489,0.00858,0.13198,-0.00557,0.03378,spy_options_2016.parquet,2661964
SPY,2016-12-02,2016-12-02T16:00:00-05:00,219.7,2017-03-17,104.96,0.28756164383561644,240.0,put,22.19,22.44,22.24,30,,0.12223,-0.91584,0.01007,0.17147,-0.02319,-0.64791,spy_options_2016.parquet,2661964
SPY,2016-12-02,2016-12-02T16:00:00-05:00,219.7,2017-03-17,104.96,0.28756164383561644,245.0,call,0.15,0.17,0.16,62,,0.11339,0.03143,0.00525,0.0845,-0.0042,0.01935,spy_options_2016.parquet,2661965
SPY,2016-12-02,2016-12-02T16:00:00-05:00,219.7,2017-03-17,104.96,0.28756164383561644,245.0,put,27.03,27.29,26.57,0,,0.13067,-0.94041,0.00696,0.12747,-0.02085,-0.67803,spy_options_2016.parquet,2661965
SPY,2016-12-02,2016-12-02T16:00:00-05:00,219.7,2017-03-17,104.96,0.28756164383561644,250.0,call,0.1,0.12,0.0,,,0.1216,0.02007,0.00341,0.05893,-0.00298,0.01234,spy_options_2016.parquet,2661966
SPY,2016-12-02,2016-12-02T16:00:00-05:00,219.7,2017-03-17,104.96,0.28756164383561644,250.0,put,32.0,32.25,31.92,131,,0.14577,-0.94919,0.00543,0.11027,-0.02107,-0.69859,spy_options_2016.parquet,2661966
SPY,2016-12-02,2016-12-02T16:00:00-05:00,219.7,2017-03-17,104.96,0.28756164383561644,255.0,call,0.06,0.08,0.0,,,0.12929,0.01298,0.00222,0.04101,-0.00189,0.00823,spy_options_2016.parquet,2661967
SPY,2016-12-02,2016-12-02T16:00:00-05:00,219.7,2017-03-17,104.96,0.28756164383561644,255.0,put,36.92,37.23,37.38,0,,0.15847,-0.95682,0.00428,0.09458,-0.0208,-0.71757,spy_options_2016.parquet,2661967
SPY,2016-12-02,2016-12-02T16:00:00-05:00,219.7,2017-03-17,104.96,0.28756164383561644,260.0,call,0.04,0.06,0.03,,,0.13656,0.00902,0.00161,0.03047,-0.00208,0.00542,spy_options_2016.parquet,2661968
SPY,2016-12-02,2016-12-02T16:00:00-05:00,219.7,2017-03-17,104.96,0.28756164383561644,260.0,put,41.89,42.2,41.67,0,,0.16908,-0.96296,0.00339,0.08038,-0.01949,-0.73627,spy_options_2016.parquet,2661968
SPY,2016-12-02,2016-12-02T16:00:00-05:00,219.7,2017-03-17,104.96,0.28756164383561644,265.0,call,0.03,0.04,0.0,,,0.14093,0.00535,0.001,0.02029,-0.00101,0.00337,spy_options_2016.parquet,2661969
SPY,2016-12-02,2016-12-02T16:00:00-05:00,219.7,2017-03-17,104.96,0.28756164383561644,265.0,put,46.88,47.17,47.1,0,,0.18119,-0.96712,0.00282,0.07127,-0.01972,-0.75307,spy_options_2016.parquet,2661969
SPY,2016-12-02,2016-12-02T16:00:00-05:00,219.7,2017-03-17,104.96,0.28756164383561644,270.0,call,0.01,0.02,0.01,,,0.14203,0.0028,0.00059,0.01088,-0.00111,0.00222,spy_options_2016.parquet,2661970
SPY,2016-12-02,2016-12-02T16:00:00-05:00,219.7,2017-03-17,104.96,0.28756164383561644,270.0,put,50.3,53.53,0.0,,,0.17544,-0.97995,0.00169,0.04046,-0.01699,-0.77528,spy_options_2016.parquet,2661970
SPY,2016-12-02,2016-12-02T16:00:00-05:00,219.7,2017-03-17,104.96,0.28756164383561644,275.0,call,0.0,0.02,0.0,,,0.14808,0.00195,0.00038,0.00786,-0.00037,0.00133,spy_options_2016.parquet,2661971
SPY,2016-12-02,2016-12-02T16:00:00-05:00,219.7,2017-03-17,104.96,0.28756164383561644,275.0,put,56.8,57.13,0.0,,,0.19878,-0.97565,0.00182,0.05136,-0.01857,-0.78682,spy_options_2016.parquet,2661971
SPY,2016-12-02,2016-12-02T16:00:00-05:00,219.7,2017-03-17,104.96,0.28756164383561644,280.0,call,0.0,0.01,0.0,,,0.15805,0.00203,0.00028,0.00714,-0.0003,0.00092,spy_options_2016.parquet,2661972
SPY,2016-12-02,2016-12-02T16:00:00-05:00,219.7,2017-03-17,104.96,0.28756164383561644,280.0,put,60.33,63.65,0.0,,,0.21727,-0.97439,0.00178,0.05479,-0.0195,-0.80071,spy_options_2016.parquet,2661972
SPY,2016-12-02,2016-12-02T16:00:00-05:00,219.7,2017-03-17,104.96,0.28756164383561644,285.0,call,0.0,0.02,0.0,,,0.16815,0.00152,0.0003,0.00659,-0.00096,0.00114,spy_options_2016.parquet,2661973
SPY,2016-12-02,2016-12-02T16:00:00-05:00,219.7,2017-03-17,104.96,0.28756164383561644,285.0,put,66.76,67.09,66.9,0,,0.21596,-0.98091,0.00126,0.03778,-0.01778,-0.81931,spy_options_2016.parquet,2661973
SPY,2016-12-02,2016-12-02T16:00:00-05:00,219.7,2017-03-17,104.96,0.28756164383561644,290.0,call,0.0,0.01,0.0,,,0.16775,0.00096,0.00013,0.0037,-0.00031,0.00011,spy_options_2016.parquet,2661974
SPY,2016-12-02,2016-12-02T16:00:00-05:00,219.7,2017-03-17,104.96,0.28756164383561644,290.0,put,70.19,73.49,0.0,,,0.19454,-0.98966,0.00048,0.01292,-0.01536,-0.83943,spy_options_2016.parquet,2661974
SPY,2016-12-02,2016-12-02T16:00:00-05:00,219.7,2017-03-17,104.96,0.28756164383561644,295.0,call,0.0,0.01,0.0,,,0.17662,0.00109,0.00011,0.00351,-5e-05,0.00045,spy_options_2016.parquet,2661975
SPY,2016-12-02,2016-12-02T16:00:00-05:00,219.7,2017-03-17,104.96,0.28756164383561644,295.0,put,75.18,78.51,0.0,,,0.19447,-0.99041,0.00034,0.00912,-0.01479,-0.85453,spy_options_2016.parquet,2661975
SPY,2016-12-02,2016-12-02T16:00:00-05:00,219.7,2017-03-17,104.96,0.28756164383561644,300.0,call,0.0,0.01,0.0,,,0.18527,0.00072,0.00016,0.00309,0.0,9e-05,spy_options_2016.parquet,2661976
SPY,2016-12-02,2016-12-02T16:00:00-05:00,219.7,2017-03-17,104.96,0.28756164383561644,300.0,put,81.71,82.04,81.99,35,,0.23236,-0.98717,0.00065,0.0214,-0.0161,-0.86654,spy_options_2016.parquet,2661976
SPY,2016-12-02,2016-12-02T16:00:00-05:00,219.7,2017-03-17,104.96,0.28756164383561644,305.0,call,0.0,0.0,0.0,,,0.19406,0.00077,0.00015,0.00332,-0.00067,3e-05,spy_options_2016.parquet,2661977
SPY,2016-12-02,2016-12-02T16:00:00-05:00,219.7,2017-03-17,104.96,0.28756164383561644,305.0,put,86.69,87.02,86.93,0,,0.23212,-0.98918,0.00049,0.01539,-0.01529,-0.88207,spy_options_2016.parquet,2661977
SPY,2016-12-02,2016-12-02T16:00:00-05:00,219.7,2017-03-17,104.96,0.28756164383561644,310.0,call,0.0,0.01,0.0,,,0.20241,0.00089,0.00016,0.00349,-0.00055,0.00026,spy_options_2016.parquet,2661978
SPY,2016-12-02,2016-12-02T16:00:00-05:00,219.7,2017-03-17,104.96,0.28756164383561644,310.0,put,91.67,92.01,91.92,0,,0.23403,-0.99004,0.00038,0.01187,-0.01523,-0.89815,spy_options_2016.parquet,2661978
SPY,2016-12-02,2016-12-02T16:00:00-05:00,219.7,2017-03-17,104.96,0.28756164383561644,315.0,call,0.0,0.01,0.0,,,0.21129,0.0005,9e-05,0.00272,-0.00035,0.0006,spy_options_2016.parquet,2661979
SPY,2016-12-02,2016-12-02T16:00:00-05:00,219.7,2017-03-17,104.96,0.28756164383561644,315.0,put,96.66,96.99,96.82,120,,0.21508,-0.99262,9e-05,0.00358,-0.01466,-0.91366,spy_options_2016.parquet,2661979
SPY,2016-12-02,2016-12-02T16:00:00-05:00,219.7,2017-03-17,104.96,0.28756164383561644,320.0,call,0.0,0.01,0.0,,,0.2192,0.00036,0.00011,0.00357,-3e-05,0.0006,spy_options_2016.parquet,2661980
SPY,2016-12-02,2016-12-02T16:00:00-05:00,219.7,2017-03-17,104.96,0.28756164383561644,320.0,put,100.09,103.5,102.14,0,,0.00055,-1.0,0.0,-1013.29992,0.0,0.0,spy_options_2016.parquet,2661980
SPY,2016-12-02,2016-12-02T16:00:00-05:00,219.7,2017-03-17,104.96,0.28756164383561644,325.0,call,0.0,0.01,0.0,,,0.22736,0.00113,8e-05,0.00268,-0.00079,8e-05,spy_options_2016.parquet,2661981
SPY,2016-12-02,2016-12-02T16:00:00-05:00,219.7,2017-03-17,104.96,0.28756164383561644,325.0,put,106.62,106.95,0.0,,,0.00028,-1.0,0.0,-1063.29997,0.0,0.0,spy_options_2016.parquet,2661981
SPY,2016-12-02,2016-12-02T16:00:00-05:00,219.7,2017-03-31,118.96,0.32591780821917804,150.0,call,69.47,69.8,0.0,,,,1.0,0.0,0.0,0.0,0.0,spy_options_2016.parquet,2661982
SPY,2016-12-02,2016-12-02T16:00:00-05:00,219.7,2017-03-31,118.96,0.32591780821917804,150.0,put,0.25,0.29,0.27,0,,0.32223,-0.01658,0.00104,0.05358,-0.00722,-0.01284,spy_options_2016.parquet,2661982
SPY,2016-12-02,2016-12-02T16:00:00-05:00,219.7,2017-03-31,118.96,0.32591780821917804,151.0,call,68.44,68.77,0.0,,,,1.0,0.0,0.0,0.0,0.0,spy_options_2016.parquet,2661983
SPY,2016-12-02,2016-12-02T16:00:00-05:00,219.7,2017-03-31,118.96,0.32591780821917804,151.0,put,0.26,0.28,0.0,,,0.31863,-0.01737,0.00109,0.05531,-0.00781,-0.01374,spy_options_2016.parquet,2661983
SPY,2016-12-02,2016-12-02T16:00:00-05:00,219.7,2017-03-31,118.96,0.32591780821917804,152.0,call,67.45,67.78,0.0,,,,1.0,0.0,0.0,0.0,0.0,spy_options_2016.parquet,2661984
SPY,2016-12-02,2016-12-02T16:00:00-05:00,219.7,2017-03-31,118.96,0.32591780821917804,152.0,put,0.27,0.3,0.0,,,0.31571,-0.01839,0.00117,0.05686,-0.00749,-0.01452,spy_options_2016.parquet,2661984
SPY,2016-12-02,2016-12-02T16:00:00-05:00,219.7,2017-03-31,118.96,0.32591780821917804,153.0,call,66.51,66.81,0.0,,,,1.0,0.0,0.0,0.0,0.0,spy_options_2016.parquet,2661985
SPY,2016-12-02,2016-12-02T16:00:00-05:00,219.7,2017-03-31,118.96,0.32591780821917804,153.0,put,0.29,0.31,0.31,10,,0.31314,-0.01907,0.00115,0.05997,-0.00799,-0.01474,spy_options_2016.parquet,2661985
SPY,2016-12-02,2016-12-02T16:00:00-05:00,219.7,2017-03-31,118.96,0.32591780821917804,154.0,call,65.47,65.8,0.0,,,,1.0,0.0,0.0,0.0,0.0,spy_options_2016.parquet,2661986
SPY,2016-12-02,2016-12-02T16:00:00-05:00,219.7,2017-03-31,118.96,0.32591780821917804,154.0,put,0.3,0.33,0.31,1,,0.31124,-0.02028,0.00125,0.06224,-0.00807,-0.01559,spy_options_2016.parquet,2661986
SPY,2016-12-02,2016-12-02T16:00:00-05:00,219.7,2017-03-31,118.96,0.32591780821917804,155.0,call,64.53,64.88,0.0,,,0.39906,0.93805,0.00129,0.11113,-0.0152,0.06012,spy_options_2016.parquet,2661987
SPY,2016-12-02,2016-12-02T16:00:00-05:00,219.7,2017-03-31,118.96,0.32591780821917804,155.0,put,0.31,0.34,0.0,,,0.30775,-0.0218,0.00128,0.0645,-0.00844,-0.01685,spy_options_2016.parquet,2661987
SPY,2016-12-02,2016-12-02T16:00:00-05:00,219.7,2017-03-31,118.96,0.32591780821917804,156.0,call,63.56,63.88,0.0,,,0.3911,0.93891,0.00139,0.1109,-0.01483,0.06139,spy_options_2016.parquet,2661988
SPY,2016-12-02,2016-12-02T16:00:00-05:00,219.7,2017-03-31,118.96,0.32591780821917804,156.0,put,0.32,0.36,0.0,,,0.30541,-0.02271,0.00142,0.06799,-0.00852,-0.01709,spy_options_2016.parquet,2661988
SPY,2016-12-02,2016-12-02T16:00:00-05:00,219.7,2017-03-31,118.96,0.32591780821917804,157.0,call,62.5,62.8,0.0,,,,1.0,0.0,0.0,0.0,0.0,spy_options_2016.parquet,2661989
SPY,2016-12-02,2016-12-02T16:00:00-05:00,219.7,2017-03-31,118.96,0.32591780821917804,157.0,put,0.36,0.37,0.0,,,0.30262,-0.02412,0.00149,0.07,-0.00933,-0.01823,spy_options_2016.parquet,2661989
SPY,2016-12-02,2016-12-02T16:00:00-05:00,219.7,2017-03-31,118.96,0.32591780821917804,158.0,call,61.48,61.79,0.0,,,,1.0,0.0,0.0,0.0,0.0,spy_options_2016.parquet,2661990
SPY,2016-12-02,2016-12-02T16:00:00-05:00,219.7,2017-03-31,118.96,0.32591780821917804,158.0,put,0.36,0.39,0.0,,,0.29984,-0.02434,0.0015,0.07254,-0.00928,-0.0195,spy_options_2016.parquet,2661990
SPY,2016-12-02,2016-12-02T16:00:00-05:00,219.7,2017-03-31,118.96,0.32591780821917804,159.0,call,60.56,60.87,0.0,,,0.36827,0.94206,0.0016,0.10707,-0.0136,0.06341,spy_options_2016.parquet,2661991
SPY,2016-12-02,2016-12-02T16:00:00-05:00,219.7,2017-03-31,118.96,0.32591780821917804,159.0,put,0.38,0.41,0.0,,,0.29758,-0.02654,0.00162,0.07581,-0.00978,-0.01999,spy_options_2016.parquet,2661991
SPY,2016-12-02,2016-12-02T16:00:00-05:00,219.7,2017-03-31,118.96,0.32591780821917804,160.0,call,59.51,59.79,0.0,,,,1.0,0.0,0.0,0.0,0.0,spy_options_2016.parquet,2661992
SPY,2016-12-02,2016-12-02T16:00:00-05:00,219.7,2017-03-31,118.96,0.32591780821917804,160.0,put,0.41,0.44,0.42,0,,0.29446,-0.02736,0.00173,0.07954,-0.00977,-0.02102,spy_options_2016.parquet,2661992
SPY,2016-12-02,2016-12-02T16:00:00-05:00,219.7,2017-03-31,118.96,0.32591780821917804,161.0,call,58.52,58.82,0.0,,,6e-05,1.0,0.0,0.0,0.0,0.0,spy_options_2016.parquet,2661993
SPY,2016-12-02,2016-12-02T16:00:00-05:00,219.7,2017-03-31,118.96,0.32591780821917804,161.0,put,0.42,0.45,0.0,,,0.29238,-0.02841,0.00178,0.08298,-0.01039,-0.02244,spy_options_2016.parquet,2661993
SPY,2016-12-02,2016-12-02T16:00:00-05:00,219.7,2017-03-31,118.96,0.32591780821917804,162.0,call,57.51,57.82,0.0,,,,1.0,0.0,0.0,0.0,0.0,spy_options_2016.parquet,2661994
SPY,2016-12-02,2016-12-02T16:00:00-05:00,219.7,2017-03-31,118.96,0.32591780821917804,162.0,put,0.45,0.47,0.41,0,,0.28897,-0.03072,0.00193,0.0865,-0.01038,-0.02344,spy_options_2016.parquet,2661994
SPY,2016-12-02,2016-12-02T16:00:00-05:00,219.7,2017-03-31,118.96,0.32591780821917804,163.0,call,56.54,56.82,0.0,,,0.33466,0.94893,0.00175,0.09685,-0.00526,0.05381,spy_options_2016.parquet,2661995
SPY,2016-12-02,2016-12-02T16:00:00-05:00,219.7,2017-03-31,118.96,0.32591780821917804,163.0,put,0.45,0.49,0.0,,,0.28669,-0.0317,0.00195,0.09008,-0.01146,-0.02415,spy_options_2016.parquet,2661995
SPY,2016-12-02,2016-12-02T16:00:00-05:00,219.7,2017-03-31,118.96,0.32591780821917804,164.0,call,55.52,55.82,0.0,,,2e-05,1.0,0.0,0.0,0.0,0.0,spy_options_2016.parquet,2661996
SPY,2016-12-02,2016-12-02T16:00:00-05:00,219.7,2017-03-31,118.96,0.32591780821917804,164.0,put,0.49,0.52,0.0,,,0.28483,-0.03379,0.00209,0.09464,-0.01159,-0.02554,spy_options_2016.parquet,2661996
SPY,2016-12-02,2016-12-02T16:00:00-05:00,219.7,2017-03-31,118.96,0.32591780821917804,165.0,call,54.53,54.83,0.0,,,0.32106,0.95076,0.00194,0.09456,-0.01008,0.05691,spy_options_2016.parquet,2661997
SPY,2016-12-02,2016-12-02T16:00:00-05:00,219.7,2017-03-31,118.96,0.32591780821917804,165.0,put,0.51,0.54,0.53,0,,0.28139,-0.03498,0.00219,0.09784,-0.01171,-0.02678,spy_options_2016.parquet,2661997
SPY,2016-12-02,2016-12-02T16:00:00-05:00,219.7,2017-03-31,118.96,0.32591780821917804,166.0,call,53.54,53.83,0.0,,,0.31408,0.95175,0.00205,0.09235,-0.00957,0.05624,spy_options_2016.parquet,2661998
SPY,2016-12-02,2016-12-02T16:00:00-05:00,219.7,2017-03-31,118.96,0.32591780821917804,166.0,put,0.54,0.57,0.0,,,0.2798,-0.03742,0.00227,0.1016,-0.01202,-0.02861,spy_options_2016.parquet,2661998
SPY,2016-12-02,2016-12-02T16:00:00-05:00,219.7,2017-03-31,118.96,0.32591780821917804,167.0,call,52.61,52.91,0.0,,,0.31487,0.94853,0.00235,0.10246,-0.01066,0.07929,spy_options_2016.parquet,2661999
SPY,2016-12-02,2016-12-02T16:00:00-05:00,219.7,2017-03-31,118.96,0.32591780821917804,167.0,put,0.57,0.58,0.0,,,0.27668,-0.03865,0.00243,0.10637,-0.01253,-0.02958,spy_options_2016.parquet,2661999
SPY,2016-12-02,2016-12-02T16:00:00-05:00,219.7,2017-03-31,118.96,0.32591780821917804,168.0,call,51.56,51.85,0.0,,,0.3028,0.95242,0.00236,0.09301,-0.00909,0.06325,spy_options_2016.parquet,2662000
SPY,2016-12-02,2016-12-02T16:00:00-05:00,219.7,2017-03-31,118.96,0.32591780821917804,168.0,put,0.59,0.62,0.0,,,0.27429,-0.04034,0.00257,0.11009,-0.01274,-0.03127,spy_options_2016.parquet,2662000
SPY,2016-12-02,2016-12-02T16:00:00-05:00,219.7,2017-03-31,118.96,0.32591780821917804,169.0,call,50.56,50.85,0.0,,,0.29742,0.95352,0.00251,0.09273,-0.00921,0.06698,spy_options_2016.parquet,2662001
SPY,2016-12-02,2016-12-02T16:00:00-05:00,219.7,2017-03-31,118.96,0.32591780821917804,169.0,put,0.62,0.65,0.0,,,0.27148,-0.04277,0.00263,0.11435,-0.01376,-0.0331,spy_options_2016.parquet,2662001
SPY,2016-12-02,2016-12-02T16:00:00-05:00,219.7,2017-03-31,118.96,0.32591780821917804,170.0,call,49.58,49.85,0.0,,,0.29152,0.95347,0.00262,0.09166,-0.00831,0.06943,spy_options_2016.parquet,2662002
SPY,2016-12-02,2016-12-02T16:00:00-05:00,219.7,2017-03-31,118.96,0.32591780821917804,170.0,put,0.66,0.68,0.67,0,,0.26897,-0.04538,0.00278,0.1197,-0.01433,-0.03513,spy_options_2016.parquet,2662002
SPY,2016-12-02,2016-12-02T16:00:00-05:00,219.7,2017-03-31,118.96,0.32591780821917804,171.0,call,48.61,48.89,0.0,,,0.28744,0.95279,0.00286,0.095,-0.00878,0.07845,spy_options_2016.parquet,2662003
SPY,2016-12-02,2016-12-02T16:00:00-05:00,219.7,2017-03-31,118.96,0.32591780821917804,171.0,put,0.68,0.71,0.0,,,0.26587,-0.04772,0.00298,0.12399,-0.01451,-0.03601,spy_options_2016.parquet,2662003
SPY,2016-12-02,2016-12-02T16:00:00-05:00,219.7,2017-03-31,118.96,0.32591780821917804,172.0,call,47.62,47.9,0.0,,,0.2822,0.95355,0.00304,0.09556,-0.00855,0.08335,spy_options_2016.parquet,2662004
SPY,2016-12-02,2016-12-02T16:00:00-05:00,219.7,2017-03-31,118.96,0.32591780821917804,172.0,put,0.72,0.74,0.0,,,0.26445,-0.05,0.00309,0.12925,-0.01522,-0.0382,spy_options_2016.parquet,2662004
SPY,2016-12-02,2016-12-02T16:00:00-05:00,219.7,2017-03-31,118.96,0.32591780821917804,173.0,call,46.65,46.93,0.0,,,0.27893,0.95117,0.00324,0.10148,-0.00929,0.09601,spy_options_2016.parquet,2662005
SPY,2016-12-02,2016-12-02T16:00:00-05:00,219.7,2017-03-31,118.96,0.32591780821917804,173.0,put,0.76,0.78,0.0,,,0.26134,-0.05266,0.00326,0.13433,-0.0156,-0.04082,spy_options_2016.parquet,2662005
SPY,2016-12-02,2016-12-02T16:00:00-05:00,219.7,2017-03-31,118.96,0.32591780821917804,174.0,call,45.7,45.96,0.0,,,0.2775,0.94903,0.00345,0.10733,-0.00962,0.11016,spy_options_2016.parquet,2662006
SPY,2016-12-02,2016-12-02T16:00:00-05:00,219.7,2017-03-31,118.96,0.32591780821917804,174.0,put,0.81,0.82,0.81,0,,0.25896,-0.05517,0.00342,0.1401,-0.01572,-0.04204,spy_options_2016.parquet,2662006
SPY,2016-12-02,2016-12-02T16:00:00-05:00,219.7,2017-03-31,118.96,0.32591780821917804,175.0,call,44.68,44.97,0.0,,,0.27062,0.94933,0.00366,0.1068,-0.00906,0.11027,spy_options_2016.parquet,2662007
SPY,2016-12-02,2016-12-02T16:00:00-05:00,219.7,2017-03-31,118.96,0.32591780821917804,175.0,put,0.83,0.86,0.0,,,0.2566,-0.05757,0.00361,0.14562,-0.01653,-0.04457,spy_options_2016.parquet,2662007
SPY,2016-12-02,2016-12-02T16:00:00-05:00,219.7,2017-03-31,118.96,0.32591780821917804,176.0,call,43.75,43.99,0.0,,,0.26857,0.94748,0.00384,0.11384,-0.00961,0.12447,spy_options_2016.parquet,2662008
SPY,2016-12-02,2016-12-02T16:00:00-05:00,219.7,2017-03-31,118.96,0.32591780821917804,176.0,put,0.89,0.9,0.0,,,0.25414,-0.06063,0.00376,0.15125,-0.01717,-0.04656,spy_options_2016.parquet,2662008
SPY,2016-12-02,2016-12-02T16:00:00-05:00,219.7,2017-03-31,118.96,0.32591780821917804,177.0,call,42.76,43.01,0.0,,,0.26428,0.94622,0.00412,0.11689,-0.00934,0.13227,spy_options_2016.parquet,2662009
SPY,2016-12-02,2016-12-02T16:00:00-05:00,219.7,2017-03-31,118.96,0.32591780821917804,177.0,put,0.93,0.95,0.0,,,0.25124,-0.06388,0.00395,0.15725,-0.01764,-0.04961,spy_options_2016.parquet,2662009
SPY,2016-12-02,2016-12-02T16:00:00-05:00,219.7,2017-03-31,118.96,0.32591780821917804,178.0,call,41.81,42.05,0.0,,,0.26118,0.94292,0.00435,0.12325,-0.00994,0.14394,spy_options_2016.parquet,2662010
SPY,2016-12-02,2016-12-02T16:00:00-05:00,219.7,2017-03-31,118.96,0.32591780821917804,178.0,put,0.97,0.99,0.0,,,0.24851,-0.06732,0.00418,0.16378,-0.0181,-0.0522,spy_options_2016.parquet,2662010
SPY,2016-12-02,2016-12-02T16:00:00-05:00,219.7,2017-03-31,118.96,0.32591780821917804,179.0,call,40.83,41.07,0.0,,,0.25717,0.94174,0.00466,0.12762,-0.01029,0.15221,spy_options_2016.parquet,2662011
SPY,2016-12-02,2016-12-02T16:00:00-05:00,219.7,2017-03-31,118.96,0.32591780821917804,179.0,put,1.01,1.03,1.01,4,,0.24567,-0.07015,0.00439,0.16987,-0.01798,-0.05402,spy_options_2016.parquet,2662011
SPY,2016-12-02,2016-12-02T16:00:00-05:00,219.7,2017-03-31,118.96,0.32591780821917804,180.0,call,39.81,40.03,39.94,0,,0.24937,0.94329,0.00485,0.12495,-0.0097,0.14979,spy_options_2016.parquet,2662012
SPY,2016-12-02,2016-12-02T16:00:00-05:00,219.7,2017-03-31,118.96,0.32591780821917804,180.0,put,1.07,1.09,1.07,91,,0.24392,-0.07369,0.00451,0.17606,-0.01879,-0.05668,spy_options_2016.parquet,2662012
SPY,2016-12-02,2016-12-02T16:00:00-05:00,219.7,2017-03-31,118.96,0.32591780821917804,181.0,call,38.89,39.13,0.0,,,0.24989,0.9362,0.00524,0.13968,-0.01073,0.17181,spy_options_2016.parquet,2662013
SPY,2016-12-02,2016-12-02T16:00:00-05:00,219.7,2017-03-31,118.96,0.32591780821917804,181.0,put,1.12,1.16,1.12,2,,0.24162,-0.07812,0.00483,0.18381,-0.0194,-0.0603,spy_options_2016.parquet,2662013
SPY,2016-12-02,2016-12-02T16:00:00-05:00,219.7,2017-03-31,118.96,0.32591780821917804,182.0,call,37.91,38.15,0.0,,,0.24587,0.93434,0.00546,0.14497,-0.01081,0.18017,spy_options_2016.parquet,2662014
SPY,2016-12-02,2016-12-02T16:00:00-05:00,219.7,2017-03-31,118.96,0.32591780821917804,182.0,put,1.17,1.2,1.1,0,,0.23868,-0.08177,0.00499,0.18994,-0.02029,-0.06319,spy_options_2016.parquet,2662014
SPY,2016-12-02,2016-12-02T16:00:00-05:00,219.7,2017-03-31,118.96,0.32591780821917804,183.0,call,36.89,37.13,0.0,,,0.23877,0.93523,0.00578,0.14187,-0.00981,0.17862,spy_options_2016.parquet,2662015
SPY,2016-12-02,2016-12-02T16:00:00-05:00,219.7,2017-03-31,118.96,0.32591780821917804,183.0,put,1.24,1.25,0.0,,,0.23583,-0.08653,0.00529,0.19715,-0.02036,-0.06632,spy_options_2016.parquet,2662015
SPY,2016-12-02,2016-12-02T16:00:00-05:00,219.7,2017-03-31,118.96,0.32591780821917804,184.0,call,35.97,36.16,0.0,,,0.2373,0.92971,0.00612,0.15344,-0.01074,0.19366,spy_options_2016.parquet,2662016
SPY,2016-12-02,2016-12-02T16:00:00-05:00,219.7,2017-03-31,118.96,0.32591780821917804,184.0,put,1.29,1.32,0.0,,,0.23312,-0.08999,0.00558,0.20469,-0.02098,-0.06976,spy_options_2016.parquet,2662016
SPY,2016-12-02,2016-12-02T16:00:00-05:00,219.7,2017-03-31,118.96,0.32591780821917804,185.0,call,34.97,35.22,34.88,1,,0.23331,0.92653,0.00639,0.16013,-0.01114,0.20273,spy_options_2016.parquet,2662017
SPY,2016-12-02,2016-12-02T16:00:00-05:00,219.7,2017-03-31,118.96,0.32591780821917804,185.0,put,1.37,1.39,1.38,10,,0.23128,-0.09493,0.00583,0.21273,-0.02165,-0.07291,spy_options_2016.parquet,2662017
SPY,2016-12-02,2016-12-02T16:00:00-05:00,219.7,2017-03-31,118.96,0.32591780821917804,186.0,call,34.06,34.28,35.06,0,,0.23273,0.91985,0.00683,0.17213,-0.01149,0.21732,spy_options_2016.parquet,2662018
SPY,2016-12-02,2016-12-02T16:00:00-05:00,219.7,2017-03-31,118.96,0.32591780821917804,186.0,put,1.44,1.46,0.0,,,0.22854,-0.10031,0.0061,0.22064,-0.02283,-0.07673,spy_options_2016.parquet,2662018
SPY,2016-12-02,2016-12-02T16:00:00-05:00,219.7,2017-03-31,118.96,0.32591780821917804,187.0,call,33.08,33.29,0.0,,,0.22754,0.91799,0.00712,0.17659,-0.01139,0.22346,spy_options_2016.parquet,2662019
SPY,2016-12-02,2016-12-02T16:00:00-05:00,219.7,2017-03-31,118.96,0.32591780821917804,187.0,put,1.5,1.53,1.42,0,,0.22625,-0.10528,0.00643,0.22866,-0.02269,-0.08047,spy_options_2016.parquet,2662019
SPY,2016-12-02,2016-12-02T16:00:00-05:00,219.7,2017-03-31,118.96,0.32591780821917804,188.0,call,32.14,32.35,0.0,,,0.22472,0.91248,0.00751,0.18663,-0.01261,0.23361,spy_options_2016.parquet,2662020
SPY,2016-12-02,2016-12-02T16:00:00-05:00,219.7,2017-03-31,118.96,0.32591780821917804,188.0,put,1.56,1.59,0.0,,,0.22263,-0.11005,0.00673,0.236,-0.02353,-0.0848,spy_options_2016.parquet,2662020
SPY,2016-12-02,2016-12-02T16:00:00-05:00,219.7,2017-03-31,118.96,0.32591780821917804,189.0,call,31.26,31.45,0.0,,,0.22584,0.90363,0.00787,0.2026,-0.01375,0.25028,spy_options_2016.parquet,2662021
SPY,2016-12-02,2016-12-02T16:00:00-05:00,219.7,2017-03-31,118.96,0.32591780821917804,189.0,put,1.65,1.67,1.7,5,,0.22108,-0.11598,0.00696,0.24548,-0.02439,-0.08903,spy_options_2016.parquet,2662021
SPY,2016-12-02,2016-12-02T16:00:00-05:00,219.7,2017-03-31,118.96,0.32591780821917804,190.0,call,30.31,30.51,0.0,,,0.22306,0.89781,0.0083,0.21332,-0.01398,0.26026,spy_options_2016.parquet,2662022
SPY,2016-12-02,2016-12-02T16:00:00-05:00,219.7,2017-03-31,118.96,0.32591780821917804,190.0,put,1.74,1.76,1.75,17,,0.21807,-0.12211,0.00731,0.25443,-0.02502,-0.09346,spy_options_2016.parquet,2662022
SPY,2016-12-02,2016-12-02T16:00:00-05:00,219.7,2017-03-31,118.96,0.32591780821917804,191.0,call,29.35,29.58,0.0,,,0.21905,0.89274,0.00875,0.22005,-0.01418,0.26634,spy_options_2016.parquet,2662023
SPY,2016-12-02,2016-12-02T16:00:00-05:00,219.7,2017-03-31,118.96,0.32591780821917804,191.0,put,1.81,1.85,0.0,,,0.21502,-0.12761,0.00766,0.26218,-0.02543,-0.09845,spy_options_2016.parquet,2662023
SPY,2016-12-02,2016-12-02T16:00:00-05:00,219.7,2017-03-31,118.96,0.32591780821917804,192.0,call,28.4,28.61,0.0,,,0.2158,0.88726,0.00914,0.22958,-0.01443,0.27425,spy_options_2016.parquet,2662024
SPY,2016-12-02,2016-12-02T16:00:00-05:00,219.7,2017-03-31,118.96,0.32591780821917804,192.0,put,1.92,1.95,0.0,,,0.21363,-0.13422,0.00807,0.27235,-0.02594,-0.10332,spy_options_2016.parquet,2662024
SPY,2016-12-02,2016-12-02T16:00:00-05:00,219.7,2017-03-31,118.96,0.32591780821917804,193.0,call,27.54,27.75,0.0,,,0.21481,0.877,0.00951,0.24489,-0.01589,0.28753,spy_options_2016.parquet,2662025
SPY,2016-12-02,2016-12-02T16:00:00-05:00,219.7,2017-03-31,118.96,0.32591780821917804,193.0,put,1.99,2.02,0.0,,,0.20987,-0.14049,0.00848,0.28123,-0.02655,-0.10822,spy_options_2016.parquet,2662025
SPY,2016-12-02,2016-12-02T16:00:00-05:00,219.7,2017-03-31,118.96,0.32591780821917804,194.0,call,26.6,26.78,0.0,,,0.21101,0.87171,0.00998,0.25315,-0.01626,0.2922,spy_options_2016.parquet,2662026
SPY,2016-12-02,2016-12-02T16:00:00-05:00,219.7,2017-03-31,118.96,0.32591780821917804,194.0,put,2.11,2.15,0.0,,,0.20798,-0.14871,0.00881,0.29065,-0.02683,-0.11464,spy_options_2016.parquet,2662026
SPY,2016-12-02,2016-12-02T16:00:00-05:00,219.7,2017-03-31,118.96,0.32591780821917804,195.0,call,25.72,25.85,0.0,,,0.20828,0.86335,0.01049,0.26577,-0.01678,0.30112,spy_options_2016.parquet,2662027
SPY,2016-12-02,2016-12-02T16:00:00-05:00,219.7,2017-03-31,118.96,0.32591780821917804,195.0,put,2.22,2.25,2.18,0,,0.20512,-0.15547,0.00924,0.30055,-0.02772,-0.11943,spy_options_2016.parquet,2662027
SPY,2016-12-02,2016-12-02T16:00:00-05:00,219.7,2017-03-31,118.96,0.32591780821917804,196.0,call,24.78,24.95,0.0,,,0.2057,0.85554,0.01096,0.27614,-0.01708,0.30779,spy_options_2016.parquet,2662028
SPY,2016-12-02,2016-12-02T16:00:00-05:00,219.7,2017-03-31,118.96,0.32591780821917804,196.0,put,2.33,2.36,0.0,,,0.20319,-0.1645,0.00963,0.31021,-0.02876,-0.12581,spy_options_2016.parquet,2662028
SPY,2016-12-02,2016-12-02T16:00:00-05:00,219.7,2017-03-31,118.96,0.32591780821917804,197.0,call,23.88,24.07,0.0,,,0.20298,0.84545,0.01142,0.28891,-0.01768,0.31516,spy_options_2016.parquet,2662029
SPY,2016-12-02,2016-12-02T16:00:00-05:00,219.7,2017-03-31,118.96,0.32591780821917804,197.0,put,2.44,2.47,2.55,0,,0.19954,-0.1717,0.01012,0.32001,-0.02949,-0.13252,spy_options_2016.parquet,2662029
SPY,2016-12-02,2016-12-02T16:00:00-05:00,219.7,2017-03-31,118.96,0.32591780821917804,198.0,call,22.99,23.15,0.0,,,0.20008,0.83657,0.01183,0.3001,-0.01855,0.32059,spy_options_2016.parquet,2662030
SPY,2016-12-02,2016-12-02T16:00:00-05:00,219.7,2017-03-31,118.96,0.32591780821917804,198.0,put,2.57,2.6,2.6,1,,0.19793,-0.18072,0.01053,0.3305,-0.02992,-0.1389,spy_options_2016.parquet,2662030
SPY,2016-12-02,2016-12-02T16:00:00-05:00,219.7,2017-03-31,118.96,0.32591780821917804,199.0,call,22.14,22.32,0.0,,,0.19905,0.8246,0.0123,0.31468,-0.01932,0.32791,spy_options_2016.parquet,2662031
SPY,2016-12-02,2016-12-02T16:00:00-05:00,219.7,2017-03-31,118.96,0.32591780821917804,199.0,put,2.69,2.74,2.72,1,,0.1948,-0.18987,0.011,0.34098,-0.03074,-0.1463,spy_options_2016.parquet,2662031
SPY,2016-12-02,2016-12-02T16:00:00-05:00,219.7,2017-03-31,118.96,0.32591780821917804,200.0,call,21.25,21.38,21.2,1,,0.19505,0.8169,0.01286,0.3248,-0.01919,0.33175,spy_options_2016.parquet,2662032
SPY,2016-12-02,2016-12-02T16:00:00-05:00,219.7,2017-03-31,118.96,0.32591780821917804,200.0,put,2.84,2.88,2.88,46,,0.19296,-0.20028,0.01153,0.35095,-0.03147,-0.15344,spy_options_2016.parquet,2662032
SPY,2016-12-02,2016-12-02T16:00:00-05:00,219.7,2017-03-31,118.96,0.32591780821917804,201.0,call,20.41,20.6,0.0,,,0.1948,0.80271,0.01331,0.34007,-0.02006,0.33891,spy_options_2016.parquet,2662033
SPY,2016-12-02,2016-12-02T16:00:00-05:00,219.7,2017-03-31,118.96,0.32591780821917804,201.0,put,2.98,3.02,2.81,0,,0.19009,-0.20972,0.01208,0.36106,-0.03161,-0.16094,spy_options_2016.parquet,2662033
SPY,2016-12-02,2016-12-02T16:00:00-05:00,219.7,2017-03-31,118.96,0.32591780821917804,202.0,call,19.51,19.66,0.0,,,0.19038,0.79384,0.0139,0.34932,-0.02014,0.34126,spy_options_2016.parquet,2662034
SPY,2016-12-02,2016-12-02T16:00:00-05:00,219.7,2017-03-31,118.96,0.32591780821917804,202.0,put,3.13,3.18,3.05,50,,0.18745,-0.22043,0.0125,0.3718,-0.03203,-0.16941,spy_options_2016.parquet,2662034
SPY,2016-12-02,2016-12-02T16:00:00-05:00,219.7,2017-03-31,118.96,0.32591780821917804,203.0,call,18.68,18.81,0.0,,,0.18769,0.78168,0.01444,0.3618,-0.02151,0.34492,spy_options_2016.parquet,2662035
SPY,2016-12-02,2016-12-02T16:00:00-05:00,219.7,2017-03-31,118.96,0.32591780821917804,203.0,put,3.3,3.34,3.22,0,,0.18451,-0.23162,0.01309,0.38304,-0.03311,-0.1779,spy_options_2016.parquet,2662035
SPY,2016-12-02,2016-12-02T16:00:00-05:00,219.7,2017-03-31,118.96,0.32591780821917804,204.0,call,17.86,18.03,0.0,,,0.18627,0.76813,0.01486,0.37511,-0.02199,0.3478,spy_options_2016.parquet,2662036
SPY,2016-12-02,2016-12-02T16:00:00-05:00,219.7,2017-03-31,118.96,0.32591780821917804,204.0,put,3.46,3.51,3.45,75,,0.18205,-0.24312,0.01366,0.39267,-0.03296,-0.18761,spy_options_2016.parquet,2662036
SPY,2016-12-02,2016-12-02T16:00:00-05:00,219.7,2017-03-31,118.96,0.32591780821917804,205.0,call,16.98,17.13,17.13,2,,0.18249,0.75578,0.01554,0.38527,-0.02195,0.3496,spy_options_2016.parquet,2662037
SPY,2016-12-02,2016-12-02T16:00:00-05:00,219.7,2017-03-31,118.96,0.32591780821917804,205.0,put,3.64,3.68,3.57,2,,0.17878,-0.25524,0.01424,0.40364,-0.0337,-0.19617,spy_options_2016.parquet,2662037
SPY,2016-12-02,2016-12-02T16:00:00-05:00,219.7,2017-03-31,118.96,0.32591780821917804,206.0,call,16.2,16.28,16.34,10,,0.17952,0.74266,0.0161,0.39695,-0.02235,0.35112,spy_options_2016.parquet,2662038
SPY,2016-12-02,2016-12-02T16:00:00-05:00,219.7,2017-03-31,118.96,0.32591780821917804,206.0,put,3.84,3.86,3.91,30,,0.17645,-0.26852,0.0148,0.41358,-0.03442,-0.20695,spy_options_2016.parquet,2662038
SPY,2016-12-02,2016-12-02T16:00:00-05:00,219.7,2017-03-31,118.96,0.32591780821917804,207.0,call,15.36,15.47,0.0,,,0.17748,0.72781,0.01665,0.40891,-0.02321,0.35175,spy_options_2016.parquet,2662039
SPY,2016-12-02,2016-12-02T16:00:00-05:00,219.7,2017-03-31,118.96,0.32591780821917804,207.0,put,4.03,4.06,3.77,0,,0.1733,-0.28237,0.01543,0.42385,-0.0341,-0.21657,spy_options_2016.parquet,2662039
SPY,2016-12-02,2016-12-02T16:00:00-05:00,219.7,2017-03-31,118.96,0.32591780821917804,208.0,call,14.57,14.68,0.0,,,0.17391,0.71276,0.01721,0.41979,-0.02301,0.35147,spy_options_2016.parquet,2662040
SPY,2016-12-02,2016-12-02T16:00:00-05:00,219.7,2017-03-31,118.96,0.32591780821917804,208.0,put,4.25,4.28,4.27,25,,0.17129,-0.29644,0.01599,0.43311,-0.03544,-0.2281,spy_options_2016.parquet,2662040
SPY,2016-12-02,2016-12-02T16:00:00-05:00,219.7,2017-03-31,118.96,0.32591780821917804,209.0,call,13.77,13.89,0.0,,,0.17165,0.69751,0.01788,0.43136,-0.02375,0.35108,spy_options_2016.parquet,2662041
SPY,2016-12-02,2016-12-02T16:00:00-05:00,219.7,2017-03-31,118.96,0.32591780821917804,209.0,put,4.47,4.52,0.0,,,0.16825,-0.31188,0.01661,0.44295,-0.03505,-0.23943,spy_options_2016.parquet,2662041
SPY,2016-12-02,2016-12-02T16:00:00-05:00,219.7,2017-03-31,118.96,0.32591780821917804,210.0,call,13.0,13.12,13.05,0,,0.1687,0.6809,0.01845,0.44193,-0.02436,0.34957,spy_options_2016.parquet,2662042
SPY,2016-12-02,2016-12-02T16:00:00-05:00,219.7,2017-03-31,118.96,0.32591780821917804,210.0,put,4.7,4.74,4.78,21,,0.16558,-0.32661,0.01725,0.45174,-0.03578,-0.25109,spy_options_2016.parquet,2662042
SPY,2016-12-02,2016-12-02T16:00:00-05:00,219.7,2017-03-31,118.96,0.32591780821917804,211.0,call,12.23,12.33,12.21,5,,0.1659,0.66433,0.019,0.45146,-0.02408,0.34693,spy_options_2016.parquet,2662043
SPY,2016-12-02,2016-12-02T16:00:00-05:00,219.7,2017-03-31,118.96,0.32591780821917804,211.0,put,4.95,5.0,5.06,0,,0.16339,-0.34324,0.01788,0.46106,-0.03645,-0.26455,spy_options_2016.parquet,2662043
SPY,2016-12-02,2016-12-02T16:00:00-05:00,219.7,2017-03-31,118.96,0.32591780821917804,212.0,call,11.54,11.61,11.55,1,,0.16413,0.6462,0.0195,0.46047,-0.02459,0.34303,spy_options_2016.parquet,2662044
SPY,2016-12-02,2016-12-02T16:00:00-05:00,219.7,2017-03-31,118.96,0.32591780821917804,212.0,put,5.22,5.26,4.94,0,,0.16054,-0.36058,0.01847,0.46886,-0.03621,-0.27706,spy_options_2016.parquet,2662044
SPY,2016-12-02,2016-12-02T16:00:00-05:00,219.7,2017-03-31,118.96,0.32591780821917804,213.0,call,10.76,10.83,10.82,1,,0.16058,0.62801,0.02011,0.46856,-0.02431,0.33901,spy_options_2016.parquet,2662045
SPY,2016-12-02,2016-12-02T16:00:00-05:00,219.7,2017-03-31,118.96,0.32591780821917804,213.0,put,5.47,5.54,5.35,9,,0.15727,-0.37835,0.01906,0.47651,-0.03695,-0.29091,spy_options_2016.parquet,2662045
SPY,2016-12-02,2016-12-02T16:00:00-05:00,219.7,2017-03-31,118.96,0.32591780821917804,214.0,call,10.05,10.11,10.01,22,,0.15758,0.60853,0.02066,0.47676,-0.02473,0.33403,spy_options_2016.parquet,2662046
SPY,2016-12-02,2016-12-02T16:00:00-05:00,219.7,2017-03-31,118.96,0.32591780821917804,214.0,put,5.75,5.79,5.68,10,,0.154,-0.39646,0.01973,0.48223,-0.03645,-0.30509,spy_options_2016.parquet,2662046
SPY,2016-12-02,2016-12-02T16:00:00-05:00,219.7,2017-03-31,118.96,0.32591780821917804,215.0,call,9.33,9.39,9.3,11,,0.15501,0.58907,0.02123,0.48266,-0.02501,0.32873,spy_options_2016.parquet,2662047
SPY,2016-12-02,2016-12-02T16:00:00-05:00,219.7,2017-03-31,118.96,0.32591780821917804,215.0,put,6.06,6.12,6.0,148,,0.15178,-0.4158,0.02034,0.4884,-0.03682,-0.32027,spy_options_2016.parquet,2662047
SPY,2016-12-02,2016-12-02T16:00:00-05:00,219.7,2017-03-31,118.96,0.32591780821917804,216.0,call,8.64,8.69,8.49,12,,0.15187,0.56808,0.02174,0.48785,-0.02489,0.32193,spy_options_2016.parquet,2662048
SPY,2016-12-02,2016-12-02T16:00:00-05:00,219.7,2017-03-31,118.96,0.32591780821917804,216.0,put,6.38,6.44,6.5,126,,0.14902,-0.437,0.02094,0.49278,-0.03712,-0.33581,spy_options_2016.parquet,2662048
SPY,2016-12-02,2016-12-02T16:00:00-05:00,219.7,2017-03-31,118.96,0.32591780821917804,217.0,call,7.99,8.05,7.96,0,,0.14933,0.54603,0.02224,0.49237,-0.02464,0.31368,spy_options_2016.parquet,2662049
SPY,2016-12-02,2016-12-02T16:00:00-05:00,219.7,2017-03-31,118.96,0.32591780821917804,217.0,put,6.74,6.8,6.87,54,,0.14561,-0.45821,0.02144,0.49662,-0.03691,-0.35307,spy_options_2016.parquet,2662049
SPY,2016-12-02,2016-12-02T16:00:00-05:00,219.7,2017-03-31,118.96,0.32591780821917804,218.0,call,7.33,7.38,7.31,79,,0.14586,0.52318,0.02272,0.49523,-0.0244,0.30474,spy_options_2016.parquet,2662050
SPY,2016-12-02,2016-12-02T16:00:00-05:00,219.7,2017-03-31,118.96,0.32591780821917804,218.0,put,7.08,7.15,7.19,10,,0.14233,-0.47941,0.02198,0.49821,-0.03607,-0.36967,spy_options_2016.parquet,2662050
SPY,2016-12-02,2016-12-02T16:00:00-05:00,219.7,2017-03-31,118.96,0.32591780821917804,219.0,call,6.7,6.76,6.68,23,,0.14321,0.50038,0.02312,0.49635,-0.02408,0.29543,spy_options_2016.parquet,2662051
SPY,2016-12-02,2016-12-02T16:00:00-05:00,219.7,2017-03-31,118.96,0.32591780821917804,219.0,put,7.5,7.56,7.37,5,,0.141,-0.50275,0.02232,0.49804,-0.0361,-0.38728,spy_options_2016.parquet,2662051
SPY,2016-12-02,2016-12-02T16:00:00-05:00,219.7,2017-03-31,118.96,0.32591780821917804,220.0,call,6.1,6.15,6.16,1,,0.14014,0.47617,0.02345,0.49617,-0.02347,0.28529,spy_options_2016.parquet,2662052
SPY,2016-12-02,2016-12-02T16:00:00-05:00,219.7,2017-03-31,118.96,0.32591780821917804,220.0,put,7.92,7.98,7.75,10,,0.13763,-0.52571,0.02271,0.49698,-0.03587,-0.4053,spy_options_2016.parquet,2662052
SPY,2016-12-02,2016-12-02T16:00:00-05:00,219.7,2017-03-31,118.96,0.32591780821917804,221.0,call,5.53,5.58,5.5,0,,0.13733,0.45168,0.02376,0.49309,-0.023,0.27333,spy_options_2016.parquet,2662053
SPY,2016-12-02,2016-12-02T16:00:00-05:00,219.7,2017-03-31,118.96,0.32591780821917804,221.0,put,8.35,8.42,8.31,3,,0.13553,-0.54995,0.023,0.49343,-0.03535,-0.42521,spy_options_2016.parquet,2662053
SPY,2016-12-02,2016-12-02T16:00:00-05:00,219.7,2017-03-31,118.96,0.32591780821917804,222.0,call,5.0,5.06,4.91,0,,0.13532,0.42626,0.02381,0.48918,-0.02214,0.26112,spy_options_2016.parquet,2662054
SPY,2016-12-02,2016-12-02T16:00:00-05:00,219.7,2017-03-31,118.96,0.32591780821917804,222.0,put,8.81,8.88,8.91,4,,0.13209,-0.57513,0.02334,0.4885,-0.03462,-0.44384,spy_options_2016.parquet,2662054
SPY,2016-12-02,2016-12-02T16:00:00-05:00,219.7,2017-03-31,118.96,0.32591780821917804,223.0,call,4.44,4.49,4.43,9,,0.13141,0.40026,0.02399,0.48198,-0.02132,0.24824,spy_options_2016.parquet,2662055
SPY,2016-12-02,2016-12-02T16:00:00-05:00,219.7,2017-03-31,118.96,0.32591780821917804,223.0,put,9.3,9.38,9.57,0,,0.12943,-0.60089,0.02338,0.48073,-0.03488,-0.46424,spy_options_2016.parquet,2662055
SPY,2016-12-02,2016-12-02T16:00:00-05:00,219.7,2017-03-31,118.96,0.32591780821917804,224.0,call,3.98,4.04,4.11,0,,0.12926,0.37444,0.02384,0.47307,-0.02136,0.23457,spy_options_2016.parquet,2662056
SPY,2016-12-02,2016-12-02T16:00:00-05:00,219.7,2017-03-31,118.96,0.32591780821917804,224.0,put,9.83,9.95,0.0,,,0.12812,-0.62587,0.02328,0.47105,-0.0334,-0.48457,spy_options_2016.parquet,2662056
SPY,2016-12-02,2016-12-02T16:00:00-05:00,219.7,2017-03-31,118.96,0.32591780821917804,225.0,call,3.51,3.56,3.6,13,,0.12627,0.34713,0.02373,0.46215,-0.01985,0.22005,spy_options_2016.parquet,2662057
SPY,2016-12-02,2016-12-02T16:00:00-05:00,219.7,2017-03-31,118.96,0.32591780821917804,225.0,put,10.39,10.46,10.5,15,,0.12484,-0.65194,0.02315,0.45959,-0.03332,-0.50497,spy_options_2016.parquet,2662057
SPY,2016-12-02,2016-12-02T16:00:00-05:00,219.7,2017-03-31,118.96,0.32591780821917804,226.0,call,3.07,3.13,3.19,0,,0.12415,0.32019,0.02343,0.44757,-0.01935,0.20537,spy_options_2016.parquet,2662058
SPY,2016-12-02,2016-12-02T16:00:00-05:00,219.7,2017-03-31,118.96,0.32591780821917804,226.0,put,10.96,11.06,11.1,12,,0.1223,-0.67867,0.02293,0.44448,-0.03238,-0.52558,spy_options_2016.parquet,2662058
SPY,2016-12-02,2016-12-02T16:00:00-05:00,219.7,2017-03-31,118.96,0.32591780821917804,227.0,call,2.7,2.74,2.71,9,,0.12142,0.29482,0.02287,0.43218,-0.0177,0.19012,spy_options_2016.parquet,2662059
SPY,2016-12-02,2016-12-02T16:00:00-05:00,219.7,2017-03-31,118.96,0.32591780821917804,227.0,put,11.6,11.74,0.0,,,0.12047,-0.70274,0.0224,0.4287,-0.03158,-0.54534,spy_options_2016.parquet,2662059
SPY,2016-12-02,2016-12-02T16:00:00-05:00,219.7,2017-03-31,118.96,0.32591780821917804,228.0,call,2.33,2.38,2.36,1,,0.11909,0.26791,0.02224,0.41301,-0.01755,0.17481,spy_options_2016.parquet,2662060
SPY,2016-12-02,2016-12-02T16:00:00-05:00,219.7,2017-03-31,118.96,0.32591780821917804,228.0,put,12.25,12.35,12.26,130,,0.11871,-0.72925,0.02183,0.40963,-0.03017,-0.56682,spy_options_2016.parquet,2662060
SPY,2016-12-02,2016-12-02T16:00:00-05:00,219.7,2017-03-31,118.96,0.32591780821917804,229.0,call,2.0,2.06,0.0,,,0.11686,0.24215,0.02153,0.39199,-0.01631,0.15903,spy_options_2016.parquet,2662061
SPY,2016-12-02,2016-12-02T16:00:00-05:00,219.7,2017-03-31,118.96,0.32591780821917804,229.0,put,12.88,13.07,0.0,,,0.11632,-0.75369,0.02107,0.38831,-0.0289,-0.58722,spy_options_2016.parquet,2662061
SPY,2016-12-02,2016-12-02T16:00:00-05:00,219.7,2017-03-31,118.96,0.32591780821917804,230.0,call,1.71,1.75,1.69,4,,0.11444,0.21725,0.02063,0.36928,-0.01432,0.14484,spy_options_2016.parquet,2662062
SPY,2016-12-02,2016-12-02T16:00:00-05:00,219.7,2017-03-31,118.96,0.32591780821917804,230.0,put,13.59,13.73,13.65,22,,0.11287,-0.77995,0.02033,0.36384,-0.02825,-0.60837,spy_options_2016.parquet,2662062
SPY,2016-12-02,2016-12-02T16:00:00-05:00,219.7,2017-03-31,118.96,0.32591780821917804,231.0,call,1.46,1.51,0.0,,,0.11327,0.19524,0.01959,0.34653,-0.01352,0.1301,spy_options_2016.parquet,2662063
SPY,2016-12-02,2016-12-02T16:00:00-05:00,219.7,2017-03-31,118.96,0.32591780821917804,231.0,put,14.41,14.6,0.0,,,0.1146,-0.79659,0.01916,0.34609,-0.02793,-0.62239,spy_options_2016.parquet,2662063
SPY,2016-12-02,2016-12-02T16:00:00-05:00,219.7,2017-03-31,118.96,0.32591780821917804,232.0,call,1.25,1.27,1.2,230,,0.11111,0.1729,0.01837,0.32286,-0.01261,0.11686,spy_options_2016.parquet,2662064
SPY,2016-12-02,2016-12-02T16:00:00-05:00,219.7,2017-03-31,118.96,0.32591780821917804,232.0,put,15.19,15.38,0.0,,,0.11283,-0.81835,0.01808,0.32252,-0.02613,-0.64048,spy_options_2016.parquet,2662064
SPY,2016-12-02,2016-12-02T16:00:00-05:00,219.7,2017-03-31,118.96,0.32591780821917804,233.0,call,1.04,1.07,1.05,80,,0.10984,0.15168,0.01715,0.29647,-0.01101,0.10256,spy_options_2016.parquet,2662065
SPY,2016-12-02,2016-12-02T16:00:00-05:00,219.7,2017-03-31,118.96,0.32591780821917804,233.0,put,15.94,16.17,0.0,,,0.11045,-0.84041,0.01697,0.29579,-0.02571,-0.65872,spy_options_2016.parquet,2662065
SPY,2016-12-02,2016-12-02T16:00:00-05:00,219.7,2017-03-31,118.96,0.32591780821917804,234.0,call,0.87,0.92,0.9,543,,0.10816,0.13384,0.01586,0.27277,-0.01037,0.09131,spy_options_2016.parquet,2662066
SPY,2016-12-02,2016-12-02T16:00:00-05:00,219.7,2017-03-31,118.96,0.32591780821917804,234.0,put,16.78,17.02,0.0,,,0.10917,-0.85781,0.0157,0.27271,-0.02429,-0.6749,spy_options_2016.parquet,2662066
SPY,2016-12-02,2016-12-02T16:00:00-05:00,219.7,2017-03-31,118.96,0.32591780821917804,235.0,call,0.73,0.77,0.75,,,0.10782,0.11693,0.01457,0.24902,-0.00935,0.08003,spy_options_2016.parquet,2662067
SPY,2016-12-02,2016-12-02T16:00:00-05:00,219.7,2017-03-31,118.96,0.32591780821917804,235.0,put,17.71,17.92,0.0,,,0.11029,-0.87009,0.01456,0.25462,-0.02386,-0.68608,spy_options_2016.parquet,2662067
SPY,2016-12-02,2016-12-02T16:00:00-05:00,219.7,2017-03-31,118.96,0.32591780821917804,236.0,call,0.62,0.66,0.0,,,0.10654,0.10321,0.01332,0.22697,-0.0087,0.07077,spy_options_2016.parquet,2662068
SPY,2016-12-02,2016-12-02T16:00:00-05:00,219.7,2017-03-31,118.96,0.32591780821917804,236.0,put,18.57,18.81,0.0,,,0.10965,-0.88428,0.01345,0.23311,-0.02336,-0.6998,spy_options_2016.parquet,2662068
SPY,2016-12-02,2016-12-02T16:00:00-05:00,219.7,2017-03-31,118.96,0.32591780821917804,237.0,call,0.54,0.55,0.0,,,0.10648,0.08989,0.01212,0.20539,-0.00764,0.06214,spy_options_2016.parquet,2662069
SPY,2016-12-02,2016-12-02T16:00:00-05:00,219.7,2017-03-31,118.96,0.32591780821917804,237.0,put,19.42,19.71,0.0,,,0.10806,-0.89898,0.01221,0.20972,-0.02203,-0.71277,spy_options_2016.parquet,2662069
SPY,2016-12-02,2016-12-02T16:00:00-05:00,219.7,2017-03-31,118.96,0.32591780821917804,238.0,call,0.46,0.49,0.0,,,0.10655,0.07929,0.01107,0.18682,-0.00741,0.05455,spy_options_2016.parquet,2662070
SPY,2016-12-02,2016-12-02T16:00:00-05:00,219.7,2017-03-31,118.96,0.32591780821917804,238.0,put,20.38,20.66,0.0,,,0.10942,-0.90663,0.0113,0.19656,-0.02204,-0.7222,spy_options_2016.parquet,2662070
SPY,2016-12-02,2016-12-02T16:00:00-05:00,219.7,2017-03-31,118.96,0.32591780821917804,239.0,call,0.39,0.42,0.0,,,0.10687,0.06985,0.00999,0.16982,-0.00641,0.04817,spy_options_2016.parquet,2662071
SPY,2016-12-02,2016-12-02T16:00:00-05:00,219.7,2017-03-31,118.96,0.32591780821917804,239.0,put,21.31,21.61,0.0,,,0.11078,-0.91555,0.01033,0.18075,-0.02103,-0.73117,spy_options_2016.parquet,2662071
SPY,2016-12-02,2016-12-02T16:00:00-05:00,219.7,2017-03-31,118.96,0.32591780821917804,240.0,call,0.34,0.36,0.32,20,,0.10657,0.06148,0.00902,0.15436,-0.00596,0.04261,spy_options_2016.parquet,2662072
SPY,2016-12-02,2016-12-02T16:00:00-05:00,219.7,2017-03-31,118.96,0.32591780821917804,240.0,put,22.22,22.43,22.5,0,,0.10523,-0.93395,0.00884,0.14795,-0.01926,-0.74662,spy_options_2016.parquet,2662072
SPY,2016-12-02,2016-12-02T16:00:00-05:00,219.7,2017-03-31,118.96,0.32591780821917804,245.0,call,0.17,0.19,0.19,20,,0.1105,0.03511,0.00561,0.09951,-0.00408,0.02449,spy_options_2016.parquet,2662073
SPY,2016-12-02,2016-12-02T16:00:00-05:00,219.7,2017-03-31,118.96,0.32591780821917804,245.0,put,27.1,27.4,0.0,,,0.1165,-0.9494,0.00619,0.11546,-0.01838,-0.77443,spy_options_2016.parquet,2662073
SPY,2016-12-02,2016-12-02T16:00:00-05:00,219.7,2017-03-31,118.96,0.32591780821917804,250.0,call,0.1,0.12,0.1,0,,0.11649,0.02149,0.0035,0.06595,-0.00306,0.01496,spy_options_2016.parquet,2662074
SPY,2016-12-02,2016-12-02T16:00:00-05:00,219.7,2017-03-31,118.96,0.32591780821917804,250.0,put,31.99,32.29,0.0,,,0.1209,-0.96657,0.00401,0.07604,-0.01699,-0.80255,spy_options_2016.parquet,2662074
SPY,2016-12-02,2016-12-02T16:00:00-05:00,219.7,2017-03-31,118.96,0.32591780821917804,255.0,call,0.06,0.09,0.0,,,0.12271,0.01391,0.0023,0.04587,-0.00203,0.01004,spy_options_2016.parquet,2662075
SPY,2016-12-02,2016-12-02T16:00:00-05:00,219.7,2017-03-31,118.96,0.32591780821917804,255.0,put,36.91,37.25,0.0,,,0.12663,-0.97569,0.00258,0.05232,-0.01586,-0.82625,spy_options_2016.parquet,2662075
SPY,2016-12-02,2016-12-02T16:00:00-05:00,219.7,2017-03-31,118.96,0.32591780821917804,260.0,call,0.04,0.08,0.0,,,0.13066,0.01011,0.00165,0.03477,-0.00174,0.00751,spy_options_2016.parquet,2662076
SPY,2016-12-02,2016-12-02T16:00:00-05:00,219.7,2017-03-31,118.96,0.32591780821917804,260.0,put,41.88,42.21,0.0,,,0.13007,-0.98193,0.00165,0.0331,-0.01531,-0.84765,spy_options_2016.parquet,2662076
SPY,2016-12-02,2016-12-02T16:00:00-05:00,219.7,2017-03-31,118.96,0.32591780821917804,265.0,call,0.02,0.05,0.0,,,0.13469,0.00675,0.00109,0.02375,-0.00165,0.00434,spy_options_2016.parquet,2662077
SPY,2016-12-02,2016-12-02T16:00:00-05:00,219.7,2017-03-31,118.96,0.32591780821917804,265.0,put,46.85,47.18,0.0,,,0.1297,-0.98794,0.00083,0.01718,-0.01479,-0.86694,spy_options_2016.parquet,2662077
SPY,2016-12-02,2016-12-02T16:00:00-05:00,219.7,2017-03-31,118.96,0.32591780821917804,300.0,call,0.0,0.02,0.0,,,0.18522,0.0014,0.0002,0.00644,-7e-05,0.00152,spy_options_2016.parquet,2662078
SPY,2016-12-02,2016-12-02T16:00:00-05:00,219.7,2017-03-31,118.96,0.32591780821917804,300.0,put,81.71,82.04,82.18,0,,0.00036,-1.0,0.0,-813.29997,0.0,0.0,spy_options_2016.parquet,2662078
SPY,2016-12-02,2016-12-02T16:00:00-05:00,219.7,2017-03-31,118.96,0.32591780821917804,305.0,call,0.0,0.02,0.0,,,0.19392,0.00103,0.00023,0.00634,-0.00089,0.00135,spy_options_2016.parquet,2662079
SPY,2016-12-02,2016-12-02T16:00:00-05:00,219.7,2017-03-31,118.96,0.32591780821917804,305.0,put,86.69,87.03,87.0,0,,0.00012,-1.0,0.0,-863.29979,0.0,0.0,spy_options_2016.parquet,2662079
SPY,2016-12-02,2016-12-02T16:00:00-05:00,219.7,2017-03-31,118.96,0.32591780821917804,310.0,call,0.0,0.01,0.0,,,0.20256,0.00113,0.00018,0.00656,-8e-05,0.00059,spy_options_2016.parquet,2662080
SPY,2016-12-02,2016-12-02T16:00:00-05:00,219.7,2017-03-31,118.96,0.32591780821917804,310.0,put,91.68,92.01,92.0,0,,-7e-05,-1.0,0.0,-913.29978,0.0,0.0,spy_options_2016.parquet,2662080
SPY,2016-12-02,2016-12-02T16:00:00-05:00,219.7,2017-03-31,118.96,0.32591780821917804,315.0,call,0.0,0.02,0.0,,,0.21025,0.00136,0.00013,0.00551,-0.00026,0.00114,spy_options_2016.parquet,2662081
SPY,2016-12-02,2016-12-02T16:00:00-05:00,219.7,2017-03-31,118.96,0.32591780821917804,315.0,put,96.67,96.99,0.0,,,0.00026,-1.0,0.0,-963.30001,0.0,0.0,spy_options_2016.parquet,2662081
SPY,2016-12-02,2016-12-02T16:00:00-05:00,219.7,2017-03-31,118.96,0.32591780821917804,320.0,call,0.0,0.02,0.0,,,0.21836,0.00093,0.00012,0.00575,-0.00062,0.00043,spy_options_2016.parquet,2662082
SPY,2016-12-02,2016-12-02T16:00:00-05:00,219.7,2017-03-31,118.96,0.32591780821917804,320.0,put,99.88,103.61,102.14,0,,-0.00021,-1.0,0.0,-1013.29959,0.0,0.0,spy_options_2016.parquet,2662082
SPY,2016-12-02,2016-12-02T16:00:00-05:00,219.7,2017-03-31,118.96,0.32591780821917804,325.0,call,0.0,0.02,0.0,,,0.22659,0.00153,0.00018,0.00571,-0.00099,0.0011,spy_options_2016.parquet,2662083
SPY,2016-12-02,2016-12-02T16:00:00-05:00,219.7,2017-03-31,118.96,0.32591780821917804,325.0,put,106.64,106.97,0.0,,,0.00052,-1.0,0.0,-1063.30007,0.0,0.0,spy_options_2016.parquet,2662083
