underlying_symbol,quote_date,valuation_timestamp,underlying_price,expiration,vendor_dte,time_to_maturity,strike,option_type,bid,ask,last,volume,open_interest,vendor_iv,vendor_delta,vendor_gamma,vendor_vega,vendor_theta,vendor_rho,source_file,source_row
SPY,2015-04-10,2015-04-10T16:00:00-04:00,210.0,2015-04-17,7.0,0.019178082191780823,141.0,call,68.88,69.16,0.0,,,0.90652,0.99837,0.00015,0.00073,-0.00577,0.03046,spy_options_2015.parquet,1791526
SPY,2015-04-10,2015-04-10T16:00:00-04:00,210.0,2015-04-17,7.0,0.019178082191780823,141.0,put,0.0,0.01,0.0,,,0.8568,-0.00071,0.00013,0.00047,-0.00292,-0.00051,spy_options_2015.parquet,1791526
SPY,2015-04-10,2015-04-10T16:00:00-04:00,210.0,2015-04-17,7.0,0.019178082191780823,142.0,call,67.88,68.16,0.0,,,0.89171,0.99842,0.0002,0.00158,-0.00505,0.03082,spy_options_2015.parquet,1791527
SPY,2015-04-10,2015-04-10T16:00:00-04:00,210.0,2015-04-17,7.0,0.019178082191780823,142.0,put,0.0,0.02,0.0,,,0.84287,-0.0004,7e-05,0.00116,-0.00277,-0.0003,spy_options_2015.parquet,1791527
SPY,2015-04-10,2015-04-10T16:00:00-04:00,210.0,2015-04-17,7.0,0.019178082191780823,143.0,call,66.89,67.14,0.0,,,0.87677,0.99871,0.00015,0.00095,-0.00572,0.03113,spy_options_2015.parquet,1791528
SPY,2015-04-10,2015-04-10T16:00:00-04:00,210.0,2015-04-17,7.0,0.019178082191780823,143.0,put,0.0,0.02,0.0,,,0.82872,-0.00077,0.00012,0.00119,-0.00266,-0.00046,spy_options_2015.parquet,1791528
SPY,2015-04-10,2015-04-10T16:00:00-04:00,210.0,2015-04-17,7.0,0.019178082191780823,144.0,call,65.9,66.16,0.0,,,0.86289,0.99851,0.00012,0.00081,-0.00515,0.03099,spy_options_2015.parquet,1791529
SPY,2015-04-10,2015-04-10T16:00:00-04:00,210.0,2015-04-17,7.0,0.019178082191780823,144.0,put,0.0,0.02,0.0,,,0.81498,-0.00026,8e-05,0.00039,-0.00307,0.0,spy_options_2015.parquet,1791529
SPY,2015-04-10,2015-04-10T16:00:00-04:00,210.0,2015-04-17,7.0,0.019178082191780823,145.0,call,64.9,65.15,0.0,,,0.84865,0.99861,0.00015,0.00173,-0.00558,0.03164,spy_options_2015.parquet,1791530
SPY,2015-04-10,2015-04-10T16:00:00-04:00,210.0,2015-04-17,7.0,0.019178082191780823,145.0,put,0.0,0.01,0.0,,,0.80016,-0.00099,0.00011,0.00096,-0.00247,0.0,spy_options_2015.parquet,1791530
SPY,2015-04-10,2015-04-10T16:00:00-04:00,210.0,2015-04-17,7.0,0.019178082191780823,146.0,call,63.88,64.15,0.0,,,0.83442,0.99849,0.00019,0.00178,-0.00583,0.03204,spy_options_2015.parquet,1791531
SPY,2015-04-10,2015-04-10T16:00:00-04:00,210.0,2015-04-17,7.0,0.019178082191780823,146.0,put,0.0,0.01,0.0,,,0.78624,-0.00064,6e-05,0.00049,-0.00323,0.0,spy_options_2015.parquet,1791531
SPY,2015-04-10,2015-04-10T16:00:00-04:00,210.0,2015-04-17,7.0,0.019178082191780823,147.0,call,62.89,63.15,0.0,,,0.82016,0.99823,0.00017,0.00112,-0.00557,0.03247,spy_options_2015.parquet,1791532
SPY,2015-04-10,2015-04-10T16:00:00-04:00,210.0,2015-04-17,7.0,0.019178082191780823,147.0,put,0.0,0.01,0.0,,,0.77241,-0.00037,0.0001,0.00063,-0.00262,-0.0004,spy_options_2015.parquet,1791532
SPY,2015-04-10,2015-04-10T16:00:00-04:00,210.0,2015-04-17,7.0,0.019178082191780823,148.0,call,61.89,62.15,0.0,,,0.80215,0.99834,0.00016,0.00118,-0.00526,0.03253,spy_options_2015.parquet,1791533
SPY,2015-04-10,2015-04-10T16:00:00-04:00,210.0,2015-04-17,7.0,0.019178082191780823,148.0,put,0.0,0.0,0.0,,,0.75927,-0.00034,9e-05,0.00059,-0.00265,0.0,spy_options_2015.parquet,1791533
SPY,2015-04-10,2015-04-10T16:00:00-04:00,210.0,2015-04-17,7.0,0.019178082191780823,149.0,call,60.89,61.16,0.0,,,0.79003,0.99889,0.00016,0.00093,-0.00521,0.03297,spy_options_2015.parquet,1791534
SPY,2015-04-10,2015-04-10T16:00:00-04:00,210.0,2015-04-17,7.0,0.019178082191780823,149.0,put,0.0,0.01,0.0,,,0.74517,-0.00116,0.00012,0.00103,-0.00337,0.0,spy_options_2015.parquet,1791534
SPY,2015-04-10,2015-04-10T16:00:00-04:00,210.0,2015-04-17,7.0,0.019178082191780823,150.0,call,59.89,60.15,0.0,,,0.77271,0.99868,0.00015,0.00091,-0.00514,0.03237,spy_options_2015.parquet,1791535
SPY,2015-04-10,2015-04-10T16:00:00-04:00,210.0,2015-04-17,7.0,0.019178082191780823,150.0,put,0.0,0.0,0.0,,,0.73187,-0.00048,0.00014,0.00056,-0.00292,0.0,spy_options_2015.parquet,1791535
SPY,2015-04-10,2015-04-10T16:00:00-04:00,210.0,2015-04-17,7.0,0.019178082191780823,151.0,call,58.89,59.15,0.0,,,0.76034,0.99841,0.00019,0.00179,-0.00534,0.03345,spy_options_2015.parquet,1791536
SPY,2015-04-10,2015-04-10T16:00:00-04:00,210.0,2015-04-17,7.0,0.019178082191780823,151.0,put,0.0,0.01,0.0,,,0.71802,-0.00084,0.00012,0.00077,-0.00276,-0.0002,spy_options_2015.parquet,1791536
SPY,2015-04-10,2015-04-10T16:00:00-04:00,210.0,2015-04-17,7.0,0.019178082191780823,152.0,call,57.89,58.15,0.0,,,0.74748,0.99848,0.00023,0.00108,-0.00512,0.03345,spy_options_2015.parquet,1791537
SPY,2015-04-10,2015-04-10T16:00:00-04:00,210.0,2015-04-17,7.0,0.019178082191780823,152.0,put,0.0,0.01,0.0,,,0.70469,-0.00131,0.00013,0.00109,-0.0028,-8e-05,spy_options_2015.parquet,1791537
SPY,2015-04-10,2015-04-10T16:00:00-04:00,210.0,2015-04-17,7.0,0.019178082191780823,153.0,call,56.89,57.14,0.0,,,0.73403,0.99869,0.00023,0.00185,-0.00533,0.0331,spy_options_2015.parquet,1791538
SPY,2015-04-10,2015-04-10T16:00:00-04:00,210.0,2015-04-17,7.0,0.019178082191780823,153.0,put,0.0,0.0,0.0,,,0.692,-0.00042,8e-05,0.00061,-0.00331,-0.00047,spy_options_2015.parquet,1791538
SPY,2015-04-10,2015-04-10T16:00:00-04:00,210.0,2015-04-17,7.0,0.019178082191780823,154.0,call,55.88,56.15,0.0,,,0.7206,0.99841,0.00025,0.00134,-0.00561,0.03328,spy_options_2015.parquet,1791539
SPY,2015-04-10,2015-04-10T16:00:00-04:00,210.0,2015-04-17,7.0,0.019178082191780823,154.0,put,0.0,0.01,0.0,,,0.6784,-0.00059,0.00013,0.00041,-0.00255,0.0,spy_options_2015.parquet,1791539
SPY,2015-04-10,2015-04-10T16:00:00-04:00,210.0,2015-04-17,7.0,0.019178082191780823,155.0,call,54.89,55.15,0.0,,,0.70426,0.99861,0.00025,0.00144,-0.00498,0.0342,spy_options_2015.parquet,1791540
SPY,2015-04-10,2015-04-10T16:00:00-04:00,210.0,2015-04-17,7.0,0.019178082191780823,155.0,put,0.0,0.01,0.0,,,0.66552,-0.00124,0.00015,0.0006,-0.00281,-0.0004,spy_options_2015.parquet,1791540
SPY,2015-04-10,2015-04-10T16:00:00-04:00,210.0,2015-04-17,7.0,0.019178082191780823,156.0,call,53.88,54.14,0.0,,,0.69086,0.99802,0.00028,0.00134,-0.00528,0.03382,spy_options_2015.parquet,1791541
SPY,2015-04-10,2015-04-10T16:00:00-04:00,210.0,2015-04-17,7.0,0.019178082191780823,156.0,put,0.0,0.01,0.0,,,0.65213,-0.00066,0.00011,0.00091,-0.00276,0.0,spy_options_2015.parquet,1791541
SPY,2015-04-10,2015-04-10T16:00:00-04:00,210.0,2015-04-17,7.0,0.019178082191780823,157.0,call,52.89,53.15,0.0,,,0.67772,0.99838,0.00026,0.00172,-0.00546,0.03407,spy_options_2015.parquet,1791542
SPY,2015-04-10,2015-04-10T16:00:00-04:00,210.0,2015-04-17,7.0,0.019178082191780823,157.0,put,0.0,0.0,0.0,,,0.63907,-0.0014,0.00014,0.00129,-0.00309,0.0,spy_options_2015.parquet,1791542
SPY,2015-04-10,2015-04-10T16:00:00-04:00,210.0,2015-04-17,7.0,0.019178082191780823,158.0,call,51.88,52.16,0.0,,,0.66466,0.99833,0.0003,0.00186,-0.00494,0.03429,spy_options_2015.parquet,1791543
SPY,2015-04-10,2015-04-10T16:00:00-04:00,210.0,2015-04-17,7.0,0.019178082191780823,158.0,put,0.0,0.02,0.0,,,0.62636,-0.00116,0.00016,0.00071,-0.0026,0.0,spy_options_2015.parquet,1791543
SPY,2015-04-10,2015-04-10T16:00:00-04:00,210.0,2015-04-17,7.0,0.019178082191780823,159.0,call,50.89,51.16,0.0,,,0.65114,0.99859,0.00026,0.00143,-0.00554,0.03482,spy_options_2015.parquet,1791544
SPY,2015-04-10,2015-04-10T16:00:00-04:00,210.0,2015-04-17,7.0,0.019178082191780823,159.0,put,0.0,0.01,0.0,,,0.61347,-0.00073,0.00018,0.00123,-0.00243,-0.00021,spy_options_2015.parquet,1791544
SPY,2015-04-10,2015-04-10T16:00:00-04:00,210.0,2015-04-17,7.0,0.019178082191780823,160.0,call,49.9,50.15,0.0,,,0.63701,0.99874,0.00022,0.00192,-0.00539,0.03448,spy_options_2015.parquet,1791545
SPY,2015-04-10,2015-04-10T16:00:00-04:00,210.0,2015-04-17,7.0,0.019178082191780823,160.0,put,0.0,0.0,0.0,,,0.60036,-0.00065,0.00018,0.00094,-0.00287,-0.00017,spy_options_2015.parquet,1791545
SPY,2015-04-10,2015-04-10T16:00:00-04:00,210.0,2015-04-17,7.0,0.019178082191780823,161.0,call,48.89,49.14,0.0,,,0.6245,0.99846,0.00025,0.00136,-0.00507,0.03525,spy_options_2015.parquet,1791546
SPY,2015-04-10,2015-04-10T16:00:00-04:00,210.0,2015-04-17,7.0,0.019178082191780823,161.0,put,0.0,0.01,0.0,,,0.58771,-0.00125,0.00013,0.00153,-0.00297,-0.00021,spy_options_2015.parquet,1791546
SPY,2015-04-10,2015-04-10T16:00:00-04:00,210.0,2015-04-17,7.0,0.019178082191780823,162.0,call,47.88,48.15,0.0,,,0.5711,0.99935,0.00018,0.00096,-0.00234,0.03532,spy_options_2015.parquet,1791547
SPY,2015-04-10,2015-04-10T16:00:00-04:00,210.0,2015-04-17,7.0,0.019178082191780823,162.0,put,0.0,0.0,0.0,,,0.57476,-0.00123,0.00021,0.00107,-0.00331,-0.00026,spy_options_2015.parquet,1791547
SPY,2015-04-10,2015-04-10T16:00:00-04:00,210.0,2015-04-17,7.0,0.019178082191780823,163.0,call,46.88,47.15,0.0,,,0.5628,0.99928,0.00021,0.00125,-0.00284,0.03607,spy_options_2015.parquet,1791548
SPY,2015-04-10,2015-04-10T16:00:00-04:00,210.0,2015-04-17,7.0,0.019178082191780823,163.0,put,0.0,0.02,0.0,,,0.56249,-0.00113,0.0002,0.00066,-0.00321,-0.00038,spy_options_2015.parquet,1791548
SPY,2015-04-10,2015-04-10T16:00:00-04:00,210.0,2015-04-17,7.0,0.019178082191780823,164.0,call,45.89,46.15,0.0,,,0.54832,0.99862,0.00018,0.00153,-0.00248,0.03558,spy_options_2015.parquet,1791549
SPY,2015-04-10,2015-04-10T16:00:00-04:00,210.0,2015-04-17,7.0,0.019178082191780823,164.0,put,0.0,0.01,0.0,,,0.54994,-0.00083,0.00015,0.0012,-0.0027,0.0,spy_options_2015.parquet,1791549
SPY,2015-04-10,2015-04-10T16:00:00-04:00,210.0,2015-04-17,7.0,0.019178082191780823,165.0,call,44.88,45.15,0.0,,,0.53469,0.99933,0.00022,0.00137,-0.00264,0.03589,spy_options_2015.parquet,1791550
SPY,2015-04-10,2015-04-10T16:00:00-04:00,210.0,2015-04-17,7.0,0.019178082191780823,165.0,put,0.0,0.0,0.01,70,,0.53755,-0.00119,0.00022,0.00157,-0.0032,0.0,spy_options_2015.parquet,1791550
SPY,2015-04-10,2015-04-10T16:00:00-04:00,210.0,2015-04-17,7.0,0.019178082191780823,166.0,call,43.88,44.15,0.0,,,0.52345,0.99848,0.00026,0.00096,-0.00302,0.03665,spy_options_2015.parquet,1791551
SPY,2015-04-10,2015-04-10T16:00:00-04:00,210.0,2015-04-17,7.0,0.019178082191780823,166.0,put,0.0,0.01,0.0,,,0.52424,-0.00129,0.0002,0.00087,-0.00285,-0.00011,spy_options_2015.parquet,1791551
SPY,2015-04-10,2015-04-10T16:00:00-04:00,210.0,2015-04-17,7.0,0.019178082191780823,167.0,call,42.88,43.15,0.0,,,0.50871,0.99897,0.00018,0.00062,-0.00276,0.03625,spy_options_2015.parquet,1791552
SPY,2015-04-10,2015-04-10T16:00:00-04:00,210.0,2015-04-17,7.0,0.019178082191780823,167.0,put,0.0,0.02,0.0,,,0.51194,-0.00086,0.00021,0.00125,-0.00253,-0.00018,spy_options_2015.parquet,1791552
SPY,2015-04-10,2015-04-10T16:00:00-04:00,210.0,2015-04-17,7.0,0.019178082191780823,168.0,call,41.88,42.15,0.0,,,0.49714,0.99912,0.00021,0.00153,-0.00306,0.03626,spy_options_2015.parquet,1791553
SPY,2015-04-10,2015-04-10T16:00:00-04:00,210.0,2015-04-17,7.0,0.019178082191780823,168.0,put,0.0,0.01,0.0,,,0.49998,-0.00145,0.00023,0.00076,-0.0031,-0.00021,spy_options_2015.parquet,1791553
SPY,2015-04-10,2015-04-10T16:00:00-04:00,210.0,2015-04-17,7.0,0.019178082191780823,169.0,call,40.88,41.15,0.0,,,0.48511,0.99938,0.00023,0.0011,-0.00291,0.03657,spy_options_2015.parquet,1791554
SPY,2015-04-10,2015-04-10T16:00:00-04:00,210.0,2015-04-17,7.0,0.019178082191780823,169.0,put,0.0,0.01,0.0,,,0.48751,-0.00088,0.00023,0.00167,-0.00327,-0.00017,spy_options_2015.parquet,1791554
SPY,2015-04-10,2015-04-10T16:00:00-04:00,210.0,2015-04-17,7.0,0.019178082191780823,170.0,call,39.87,40.16,0.0,,,0.50437,0.99752,0.0004,0.00177,-0.00537,0.0368,spy_options_2015.parquet,1791555
SPY,2015-04-10,2015-04-10T16:00:00-04:00,210.0,2015-04-17,7.0,0.019178082191780823,170.0,put,0.0,0.0,0.01,145,,0.47513,-0.00149,0.00022,0.00126,-0.00317,0.0,spy_options_2015.parquet,1791555
SPY,2015-04-10,2015-04-10T16:00:00-04:00,210.0,2015-04-17,7.0,0.019178082191780823,171.0,call,38.88,39.15,0.0,,,0.49136,0.9983,0.00041,0.00206,-0.00472,0.03734,spy_options_2015.parquet,1791556
SPY,2015-04-10,2015-04-10T16:00:00-04:00,210.0,2015-04-17,7.0,0.019178082191780823,171.0,put,0.0,0.01,0.0,,,0.46344,-0.00165,0.00032,0.0008,-0.00231,-0.0003,spy_options_2015.parquet,1791556
SPY,2015-04-10,2015-04-10T16:00:00-04:00,210.0,2015-04-17,7.0,0.019178082191780823,172.0,call,37.91,38.18,0.0,,,0.53809,0.99413,0.00096,0.00457,-0.01342,0.03771,spy_options_2015.parquet,1791557
SPY,2015-04-10,2015-04-10T16:00:00-04:00,210.0,2015-04-17,7.0,0.019178082191780823,172.0,put,0.0,0.0,0.0,,,0.45095,-0.00127,0.00029,0.0011,-0.0025,0.0,spy_options_2015.parquet,1791557
SPY,2015-04-10,2015-04-10T16:00:00-04:00,210.0,2015-04-17,7.0,0.019178082191780823,173.0,call,36.89,37.16,0.0,,,0.48564,0.9965,0.00059,0.00311,-0.00707,0.03738,spy_options_2015.parquet,1791558
SPY,2015-04-10,2015-04-10T16:00:00-04:00,210.0,2015-04-17,7.0,0.019178082191780823,173.0,put,0.0,0.02,0.0,,,0.43927,-0.00174,0.00029,0.00133,-0.00255,-0.00025,spy_options_2015.parquet,1791558
SPY,2015-04-10,2015-04-10T16:00:00-04:00,210.0,2015-04-17,7.0,0.019178082191780823,174.0,call,35.9,36.17,0.0,,,0.51107,0.99412,0.00104,0.00495,-0.01363,0.03776,spy_options_2015.parquet,1791559
SPY,2015-04-10,2015-04-10T16:00:00-04:00,210.0,2015-04-17,7.0,0.019178082191780823,174.0,put,0.0,0.02,0.0,,,0.42651,-0.00134,0.00037,0.0011,-0.00313,-0.00052,spy_options_2015.parquet,1791559
SPY,2015-04-10,2015-04-10T16:00:00-04:00,210.0,2015-04-17,7.0,0.019178082191780823,175.0,call,34.89,35.15,0.0,,,0.45993,0.99712,0.00068,0.00359,-0.00692,0.0378,spy_options_2015.parquet,1791560
SPY,2015-04-10,2015-04-10T16:00:00-04:00,210.0,2015-04-17,7.0,0.019178082191780823,175.0,put,0.0,0.01,0.01,130,,0.41532,-0.00117,0.00037,0.00136,-0.00314,-0.00018,spy_options_2015.parquet,1791560
SPY,2015-04-10,2015-04-10T16:00:00-04:00,210.0,2015-04-17,7.0,0.019178082191780823,176.0,call,33.89,34.16,0.0,,,0.44692,0.99667,0.00076,0.00357,-0.00686,0.0383,spy_options_2015.parquet,1791561
SPY,2015-04-10,2015-04-10T16:00:00-04:00,210.0,2015-04-17,7.0,0.019178082191780823,176.0,put,0.0,0.02,0.0,,,0.40327,-0.00103,0.00037,0.0015,-0.00313,-7e-05,spy_options_2015.parquet,1791561
SPY,2015-04-10,2015-04-10T16:00:00-04:00,210.0,2015-04-17,7.0,0.019178082191780823,177.0,call,32.88,33.16,0.0,,,0.43387,0.9966,0.00076,0.00366,-0.00693,0.03852,spy_options_2015.parquet,1791562
SPY,2015-04-10,2015-04-10T16:00:00-04:00,210.0,2015-04-17,7.0,0.019178082191780823,177.0,put,0.0,0.01,0.01,0,,0.39102,-0.00175,0.00036,0.00184,-0.0026,-0.00031,spy_options_2015.parquet,1791562
SPY,2015-04-10,2015-04-10T16:00:00-04:00,210.0,2015-04-17,7.0,0.019178082191780823,178.0,call,31.9,32.16,0.0,,,0.43356,0.99556,0.00097,0.00392,-0.00903,0.03898,spy_options_2015.parquet,1791563
SPY,2015-04-10,2015-04-10T16:00:00-04:00,210.0,2015-04-17,7.0,0.019178082191780823,178.0,put,0.0,0.01,0.01,0,,0.37904,-0.00107,0.00045,0.00104,-0.00247,0.0,spy_options_2015.parquet,1791563
SPY,2015-04-10,2015-04-10T16:00:00-04:00,210.0,2015-04-17,7.0,0.019178082191780823,179.0,call,30.89,31.16,0.0,,,0.40714,0.99654,0.00081,0.00339,-0.00731,0.03877,spy_options_2015.parquet,1791564
SPY,2015-04-10,2015-04-10T16:00:00-04:00,210.0,2015-04-17,7.0,0.019178082191780823,179.0,put,0.0,0.01,0.01,4,,0.36785,-0.00181,0.00039,0.00174,-0.0025,0.0,spy_options_2015.parquet,1791564
SPY,2015-04-10,2015-04-10T16:00:00-04:00,210.0,2015-04-17,7.0,0.019178082191780823,180.0,call,29.89,30.17,0.0,,,0.39373,0.99583,0.0009,0.00354,-0.00735,0.03957,spy_options_2015.parquet,1791565
SPY,2015-04-10,2015-04-10T16:00:00-04:00,210.0,2015-04-17,7.0,0.019178082191780823,180.0,put,0.0,0.0,0.01,159,,0.35551,-0.00196,0.00046,0.00134,-0.00262,-0.00044,spy_options_2015.parquet,1791565
SPY,2015-04-10,2015-04-10T16:00:00-04:00,210.0,2015-04-17,7.0,0.019178082191780823,181.0,call,28.9,29.15,0.0,,,0.36665,0.99675,0.00081,0.00251,-0.00491,0.03928,spy_options_2015.parquet,1791566
SPY,2015-04-10,2015-04-10T16:00:00-04:00,210.0,2015-04-17,7.0,0.019178082191780823,181.0,put,0.0,0.01,0.02,2,,0.34341,-0.00115,0.00049,0.00132,-0.0032,-0.00039,spy_options_2015.parquet,1791566
SPY,2015-04-10,2015-04-10T16:00:00-04:00,210.0,2015-04-17,7.0,0.019178082191780823,182.0,call,27.9,28.16,0.0,,,0.38143,0.99508,0.00129,0.00492,-0.00918,0.0395,spy_options_2015.parquet,1791567
SPY,2015-04-10,2015-04-10T16:00:00-04:00,210.0,2015-04-17,7.0,0.019178082191780823,182.0,put,0.0,0.01,0.0,,,0.33247,-0.00135,0.0005,0.00152,-0.00289,-0.00014,spy_options_2015.parquet,1791567
SPY,2015-04-10,2015-04-10T16:00:00-04:00,210.0,2015-04-17,7.0,0.019178082191780823,183.0,call,26.88,27.09,26.84,611,,,1.0,0.0,0.0,0.0,0.03976,spy_options_2015.parquet,1791568
SPY,2015-04-10,2015-04-10T16:00:00-04:00,210.0,2015-04-17,7.0,0.019178082191780823,183.0,put,0.0,0.01,0.01,0,,0.32067,-0.00194,0.00057,0.00207,-0.00283,-0.00045,spy_options_2015.parquet,1791568
SPY,2015-04-10,2015-04-10T16:00:00-04:00,210.0,2015-04-17,7.0,0.019178082191780823,184.0,call,25.89,26.14,0.0,,,0.0001,1.0,0.0,0.0,0.0,0.04007,spy_options_2015.parquet,1791569
SPY,2015-04-10,2015-04-10T16:00:00-04:00,210.0,2015-04-17,7.0,0.019178082191780823,184.0,put,0.0,0.02,0.01,0,,0.3091,-0.00218,0.00058,0.00137,-0.0023,0.0,spy_options_2015.parquet,1791569
SPY,2015-04-10,2015-04-10T16:00:00-04:00,210.0,2015-04-17,7.0,0.019178082191780823,185.0,call,24.9,25.11,0.0,,,,1.0,0.0,0.0,0.0,0.04008,spy_options_2015.parquet,1791570
SPY,2015-04-10,2015-04-10T16:00:00-04:00,210.0,2015-04-17,7.0,0.019178082191780823,185.0,put,0.0,0.01,0.01,,,0.29707,-0.0015,0.00067,0.00139,-0.003,0.0,spy_options_2015.parquet,1791570
SPY,2015-04-10,2015-04-10T16:00:00-04:00,210.0,2015-04-17,7.0,0.019178082191780823,186.0,call,23.9,24.11,0.0,,,,1.0,0.0,0.0,0.0,0.04114,spy_options_2015.parquet,1791571
SPY,2015-04-10,2015-04-10T16:00:00-04:00,210.0,2015-04-17,7.0,0.019178082191780823,186.0,put,0.0,0.01,0.01,,,0.28529,-0.00183,0.00067,0.00193,-0.0031,-0.00034,spy_options_2015.parquet,1791571
SPY,2015-04-10,2015-04-10T16:00:00-04:00,210.0,2015-04-17,7.0,0.019178082191780823,187.0,call,22.9,23.16,0.0,,,0.3054,0.99487,0.00146,0.00431,-0.0072,0.04122,spy_options_2015.parquet,1791572
SPY,2015-04-10,2015-04-10T16:00:00-04:00,210.0,2015-04-17,7.0,0.019178082191780823,187.0,put,0.01,0.03,0.01,230,,0.30591,-0.00467,0.00151,0.00458,-0.0068,-0.00034,spy_options_2015.parquet,1791572
SPY,2015-04-10,2015-04-10T16:00:00-04:00,210.0,2015-04-17,7.0,0.019178082191780823,188.0,call,21.91,22.12,0.0,,,,1.0,0.0,0.0,0.0,0.04088,spy_options_2015.parquet,1791573
SPY,2015-04-10,2015-04-10T16:00:00-04:00,210.0,2015-04-17,7.0,0.019178082191780823,188.0,put,0.01,0.02,0.02,,,0.29258,-0.00479,0.00159,0.0044,-0.00677,0.0,spy_options_2015.parquet,1791573
SPY,2015-04-10,2015-04-10T16:00:00-04:00,210.0,2015-04-17,7.0,0.019178082191780823,189.0,call,20.9,21.11,0.0,,,,1.0,0.0,0.0,0.0,0.04096,spy_options_2015.parquet,1791574
SPY,2015-04-10,2015-04-10T16:00:00-04:00,210.0,2015-04-17,7.0,0.019178082191780823,189.0,put,0.0,0.03,0.02,99,,0.28159,-0.00491,0.00178,0.00527,-0.00726,-0.00063,spy_options_2015.parquet,1791574
SPY,2015-04-10,2015-04-10T16:00:00-04:00,210.0,2015-04-17,7.0,0.019178082191780823,190.0,call,19.91,20.1,19.85,545,,,1.0,0.0,0.0,0.0,0.04122,spy_options_2015.parquet,1791575
SPY,2015-04-10,2015-04-10T16:00:00-04:00,210.0,2015-04-17,7.0,0.019178082191780823,190.0,put,0.01,0.01,0.01,180,,0.26821,-0.00532,0.00193,0.00485,-0.00652,-0.00071,spy_options_2015.parquet,1791575
SPY,2015-04-10,2015-04-10T16:00:00-04:00,210.0,2015-04-17,7.0,0.019178082191780823,190.5,call,19.39,19.67,0.0,,,0.27031,0.99265,0.00233,0.00576,-0.00844,0.04116,spy_options_2015.parquet,1791576
SPY,2015-04-10,2015-04-10T16:00:00-04:00,210.0,2015-04-17,7.0,0.019178082191780823,190.5,put,0.0,0.01,0.02,0,,0.26261,-0.0058,0.00199,0.00482,-0.00722,-0.00069,spy_options_2015.parquet,1791576
SPY,2015-04-10,2015-04-10T16:00:00-04:00,210.0,2015-04-17,7.0,0.019178082191780823,191.0,call,18.92,19.17,0.0,,,0.27794,0.98968,0.00304,0.00816,-0.01271,0.04167,spy_options_2015.parquet,1791577
SPY,2015-04-10,2015-04-10T16:00:00-04:00,210.0,2015-04-17,7.0,0.019178082191780823,191.0,put,0.01,0.02,0.02,0,,0.25664,-0.00635,0.00207,0.00497,-0.00659,-0.00031,spy_options_2015.parquet,1791577
SPY,2015-04-10,2015-04-10T16:00:00-04:00,210.0,2015-04-17,7.0,0.019178082191780823,191.5,call,18.43,18.61,0.0,,,0.23742,0.99566,0.0016,0.00421,-0.00418,0.04166,spy_options_2015.parquet,1791578
SPY,2015-04-10,2015-04-10T16:00:00-04:00,210.0,2015-04-17,7.0,0.019178082191780823,191.5,put,0.01,0.03,0.02,0,,0.24995,-0.00579,0.0022,0.00505,-0.00695,-0.0005,spy_options_2015.parquet,1791578
SPY,2015-04-10,2015-04-10T16:00:00-04:00,210.0,2015-04-17,7.0,0.019178082191780823,192.0,call,17.92,18.15,17.03,0,,0.26471,0.98982,0.00338,0.00866,-0.01228,0.04145,spy_options_2015.parquet,1791579
SPY,2015-04-10,2015-04-10T16:00:00-04:00,210.0,2015-04-17,7.0,0.019178082191780823,192.0,put,0.01,0.02,0.01,330,,0.24387,-0.00662,0.00228,0.00577,-0.0073,-0.00041,spy_options_2015.parquet,1791579
SPY,2015-04-10,2015-04-10T16:00:00-04:00,210.0,2015-04-17,7.0,0.019178082191780823,192.5,call,17.43,17.61,0.0,,,0.22431,0.99627,0.00178,0.00384,-0.00493,0.04194,spy_options_2015.parquet,1791580
SPY,2015-04-10,2015-04-10T16:00:00-04:00,210.0,2015-04-17,7.0,0.019178082191780823,192.5,put,0.01,0.03,0.02,6,,0.23773,-0.0065,0.00247,0.00602,-0.00673,0.0,spy_options_2015.parquet,1791580
SPY,2015-04-10,2015-04-10T16:00:00-04:00,210.0,2015-04-17,7.0,0.019178082191780823,193.0,call,16.99,17.11,16.95,12,,0.261,0.98609,0.00431,0.01052,-0.0154,0.04178,spy_options_2015.parquet,1791581
SPY,2015-04-10,2015-04-10T16:00:00-04:00,210.0,2015-04-17,7.0,0.019178082191780823,193.0,put,0.0,0.03,0.01,44,,0.22991,-0.00651,0.00244,0.00549,-0.00696,-2e-05,spy_options_2015.parquet,1791581
SPY,2015-04-10,2015-04-10T16:00:00-04:00,210.0,2015-04-17,7.0,0.019178082191780823,193.5,call,16.41,16.64,0.0,,,0.23902,0.99052,0.00349,0.0086,-0.01093,0.04226,spy_options_2015.parquet,1791582
SPY,2015-04-10,2015-04-10T16:00:00-04:00,210.0,2015-04-17,7.0,0.019178082191780823,193.5,put,0.01,0.03,0.02,0,,0.22421,-0.00663,0.00259,0.00564,-0.00659,-0.0001,spy_options_2015.parquet,1791582
SPY,2015-04-10,2015-04-10T16:00:00-04:00,210.0,2015-04-17,7.0,0.019178082191780823,194.0,call,15.94,16.14,15.85,21,,0.2371,0.98814,0.0041,0.00962,-0.01243,0.04224,spy_options_2015.parquet,1791583
SPY,2015-04-10,2015-04-10T16:00:00-04:00,210.0,2015-04-17,7.0,0.019178082191780823,194.0,put,0.01,0.02,0.02,,,0.21814,-0.00661,0.00269,0.00539,-0.00705,-0.00074,spy_options_2015.parquet,1791583
SPY,2015-04-10,2015-04-10T16:00:00-04:00,210.0,2015-04-17,7.0,0.019178082191780823,194.5,call,15.43,15.65,0.0,,,0.23095,0.98863,0.00426,0.00999,-0.01261,0.04187,spy_options_2015.parquet,1791584
SPY,2015-04-10,2015-04-10T16:00:00-04:00,210.0,2015-04-17,7.0,0.019178082191780823,194.5,put,0.01,0.01,0.02,335,,0.21112,-0.0069,0.00288,0.00589,-0.00641,-0.00052,spy_options_2015.parquet,1791584
SPY,2015-04-10,2015-04-10T16:00:00-04:00,210.0,2015-04-17,7.0,0.019178082191780823,195.0,call,14.96,15.11,14.88,239,,0.2124,0.99124,0.00357,0.00771,-0.00853,0.04239,spy_options_2015.parquet,1791585
SPY,2015-04-10,2015-04-10T16:00:00-04:00,210.0,2015-04-17,7.0,0.019178082191780823,195.0,put,0.0,0.02,0.01,,,0.20461,-0.00687,0.00301,0.00568,-0.00681,-0.00044,spy_options_2015.parquet,1791585
SPY,2015-04-10,2015-04-10T16:00:00-04:00,210.0,2015-04-17,7.0,0.019178082191780823,195.5,call,14.43,14.65,14.34,1,,0.21819,0.98704,0.00483,0.01006,-0.01198,0.04197,spy_options_2015.parquet,1791586
SPY,2015-04-10,2015-04-10T16:00:00-04:00,210.0,2015-04-17,7.0,0.019178082191780823,195.5,put,0.01,0.02,0.02,339,,0.19963,-0.007,0.00329,0.00686,-0.00678,0.0,spy_options_2015.parquet,1791586
SPY,2015-04-10,2015-04-10T16:00:00-04:00,210.0,2015-04-17,7.0,0.019178082191780823,196.0,call,13.95,14.16,12.36,0,,0.22303,0.98216,0.00629,0.01299,-0.0173,0.04251,spy_options_2015.parquet,1791587
SPY,2015-04-10,2015-04-10T16:00:00-04:00,210.0,2015-04-17,7.0,0.019178082191780823,196.0,put,0.01,0.03,0.02,436,,0.19326,-0.00704,0.00347,0.00706,-0.0067,-0.00011,spy_options_2015.parquet,1791587
SPY,2015-04-10,2015-04-10T16:00:00-04:00,210.0,2015-04-17,7.0,0.019178082191780823,196.5,call,13.45,13.66,0.0,,,0.21606,0.98232,0.0066,0.01394,-0.01691,0.04208,spy_options_2015.parquet,1791588
SPY,2015-04-10,2015-04-10T16:00:00-04:00,210.0,2015-04-17,7.0,0.019178082191780823,196.5,put,0.0,0.03,0.02,150,,0.19352,-0.00917,0.00429,0.00847,-0.00812,-3e-05,spy_options_2015.parquet,1791588
SPY,2015-04-10,2015-04-10T16:00:00-04:00,210.0,2015-04-17,7.0,0.019178082191780823,197.0,call,12.94,13.11,12.74,5,,0.17955,0.99234,0.00386,0.00697,-0.00629,0.04323,spy_options_2015.parquet,1791589
SPY,2015-04-10,2015-04-10T16:00:00-04:00,210.0,2015-04-17,7.0,0.019178082191780823,197.0,put,0.03,0.03,0.03,261,,0.1922,-0.01139,0.00515,0.01022,-0.01056,-0.00018,spy_options_2015.parquet,1791589
SPY,2015-04-10,2015-04-10T16:00:00-04:00,210.0,2015-04-17,7.0,0.019178082191780823,197.5,call,12.44,12.66,0.0,,,0.20228,0.9804,0.00752,0.0143,-0.01689,0.04191,spy_options_2015.parquet,1791590
SPY,2015-04-10,2015-04-10T16:00:00-04:00,210.0,2015-04-17,7.0,0.019178082191780823,197.5,put,0.02,0.03,0.02,810,,0.18533,-0.01216,0.0055,0.01022,-0.01044,-0.00049,spy_options_2015.parquet,1791590
SPY,2015-04-10,2015-04-10T16:00:00-04:00,210.0,2015-04-17,7.0,0.019178082191780823,198.0,call,11.94,12.11,11.97,16,,0.16698,0.99172,0.00444,0.00744,-0.00627,0.04269,spy_options_2015.parquet,1791591
SPY,2015-04-10,2015-04-10T16:00:00-04:00,210.0,2015-04-17,7.0,0.019178082191780823,198.0,put,0.02,0.03,0.02,,,0.17852,-0.01271,0.00591,0.01036,-0.01032,-0.00039,spy_options_2015.parquet,1791591
SPY,2015-04-10,2015-04-10T16:00:00-04:00,210.0,2015-04-17,7.0,0.019178082191780823,198.5,call,11.46,11.61,0.0,,,0.17633,0.98496,0.0069,0.01199,-0.01169,0.04304,spy_options_2015.parquet,1791592
SPY,2015-04-10,2015-04-10T16:00:00-04:00,210.0,2015-04-17,7.0,0.019178082191780823,198.5,put,0.02,0.02,0.03,415,,0.17263,-0.01274,0.00626,0.01031,-0.00982,-0.001,spy_options_2015.parquet,1791592
SPY,2015-04-10,2015-04-10T16:00:00-04:00,210.0,2015-04-17,7.0,0.019178082191780823,199.0,call,10.94,11.12,11.02,19,,0.16512,0.98671,0.00669,0.01038,-0.0093,0.04347,spy_options_2015.parquet,1791593
SPY,2015-04-10,2015-04-10T16:00:00-04:00,210.0,2015-04-17,7.0,0.019178082191780823,199.0,put,0.03,0.04,0.03,,,0.17436,-0.01769,0.00801,0.01394,-0.0131,-0.00064,spy_options_2015.parquet,1791593
SPY,2015-04-10,2015-04-10T16:00:00-04:00,210.0,2015-04-17,7.0,0.019178082191780823,199.5,call,10.46,10.7,10.33,1,,0.18403,0.97079,0.01157,0.02046,-0.02135,0.04273,spy_options_2015.parquet,1791594
SPY,2015-04-10,2015-04-10T16:00:00-04:00,210.0,2015-04-17,7.0,0.019178082191780823,199.5,put,0.03,0.05,0.04,756,,0.16748,-0.01849,0.00868,0.01374,-0.01305,-0.00038,spy_options_2015.parquet,1791594
SPY,2015-04-10,2015-04-10T16:00:00-04:00,210.0,2015-04-17,7.0,0.019178082191780823,200.0,call,9.96,10.13,10.0,115,,0.16003,0.98094,0.00926,0.01475,-0.0129,0.04333,spy_options_2015.parquet,1791595
SPY,2015-04-10,2015-04-10T16:00:00-04:00,210.0,2015-04-17,7.0,0.019178082191780823,200.0,put,0.02,0.04,0.04,,,0.16003,-0.01901,0.0093,0.01469,-0.01262,-0.00052,spy_options_2015.parquet,1791595
SPY,2015-04-10,2015-04-10T16:00:00-04:00,210.0,2015-04-17,7.0,0.019178082191780823,200.5,call,9.45,9.62,9.23,1,,0.14951,0.98252,0.00926,0.0135,-0.01115,0.04335,spy_options_2015.parquet,1791596
SPY,2015-04-10,2015-04-10T16:00:00-04:00,210.0,2015-04-17,7.0,0.019178082191780823,200.5,put,0.04,0.05,0.04,731,,0.15943,-0.02375,0.01151,0.01796,-0.01561,-0.00071,spy_options_2015.parquet,1791596
SPY,2015-04-10,2015-04-10T16:00:00-04:00,210.0,2015-04-17,7.0,0.019178082191780823,201.0,call,8.97,9.14,8.9,138,,0.15161,0.97549,0.01228,0.01794,-0.0157,0.04255,spy_options_2015.parquet,1791597
SPY,2015-04-10,2015-04-10T16:00:00-04:00,210.0,2015-04-17,7.0,0.019178082191780823,201.0,put,0.03,0.05,0.05,,,0.15245,-0.02497,0.01245,0.01816,-0.01621,-0.00151,spy_options_2015.parquet,1791597
SPY,2015-04-10,2015-04-10T16:00:00-04:00,210.0,2015-04-17,7.0,0.019178082191780823,201.5,call,8.45,8.64,0.0,,,0.14169,0.97666,0.01268,0.0174,-0.01418,0.04263,spy_options_2015.parquet,1791598
SPY,2015-04-10,2015-04-10T16:00:00-04:00,210.0,2015-04-17,7.0,0.019178082191780823,201.5,put,0.04,0.05,0.05,439,,0.14451,-0.02663,0.01349,0.01931,-0.01566,-0.00133,spy_options_2015.parquet,1791598
SPY,2015-04-10,2015-04-10T16:00:00-04:00,210.0,2015-04-17,7.0,0.019178082191780823,202.0,call,7.97,8.18,7.94,486,,0.14613,0.96478,0.01718,0.02432,-0.02027,0.04258,spy_options_2015.parquet,1791599
SPY,2015-04-10,2015-04-10T16:00:00-04:00,210.0,2015-04-17,7.0,0.019178082191780823,202.0,put,0.05,0.06,0.05,,,0.14276,-0.03174,0.01613,0.0228,-0.01843,-0.00127,spy_options_2015.parquet,1791599
SPY,2015-04-10,2015-04-10T16:00:00-04:00,210.0,2015-04-17,7.0,0.019178082191780823,202.5,call,7.47,7.7,7.5,1,,0.1443,0.95671,0.02043,0.02866,-0.02376,0.04203,spy_options_2015.parquet,1791600
SPY,2015-04-10,2015-04-10T16:00:00-04:00,210.0,2015-04-17,7.0,0.019178082191780823,202.5,put,0.06,0.06,0.06,,,0.13929,-0.03705,0.01893,0.02617,-0.02009,-0.0015,spy_options_2015.parquet,1791600
SPY,2015-04-10,2015-04-10T16:00:00-04:00,210.0,2015-04-17,7.0,0.019178082191780823,203.0,call,6.99,7.15,7.07,49,,0.12705,0.96517,0.01952,0.02437,-0.01793,0.04273,spy_options_2015.parquet,1791601
SPY,2015-04-10,2015-04-10T16:00:00-04:00,210.0,2015-04-17,7.0,0.019178082191780823,203.0,put,0.07,0.08,0.07,,,0.13468,-0.04312,0.02205,0.0294,-0.02229,-0.002,spy_options_2015.parquet,1791601
SPY,2015-04-10,2015-04-10T16:00:00-04:00,210.0,2015-04-17,7.0,0.019178082191780823,203.5,call,6.49,6.66,6.5,23,,0.12473,0.95621,0.02379,0.02859,-0.0207,0.04237,spy_options_2015.parquet,1791602
SPY,2015-04-10,2015-04-10T16:00:00-04:00,210.0,2015-04-17,7.0,0.019178082191780823,203.5,put,0.06,0.08,0.08,,,0.12676,-0.04596,0.02445,0.03009,-0.02222,-0.00195,spy_options_2015.parquet,1791602
SPY,2015-04-10,2015-04-10T16:00:00-04:00,210.0,2015-04-17,7.0,0.019178082191780823,204.0,call,6.01,6.18,6.09,,,0.12008,0.94978,0.0278,0.0326,-0.02346,0.04249,spy_options_2015.parquet,1791603
SPY,2015-04-10,2015-04-10T16:00:00-04:00,210.0,2015-04-17,7.0,0.019178082191780823,204.0,put,0.09,0.09,0.09,,,0.12492,-0.05661,0.02944,0.03573,-0.02641,-0.00277,spy_options_2015.parquet,1791603
SPY,2015-04-10,2015-04-10T16:00:00-04:00,210.0,2015-04-17,7.0,0.019178082191780823,204.5,call,5.52,5.7,5.6,27,,0.11679,0.93935,0.03309,0.03725,-0.0253,0.0417,spy_options_2015.parquet,1791604
SPY,2015-04-10,2015-04-10T16:00:00-04:00,210.0,2015-04-17,7.0,0.019178082191780823,204.5,put,0.1,0.12,0.12,,,0.1211,-0.06885,0.03497,0.04185,-0.03037,-0.00358,spy_options_2015.parquet,1791604
SPY,2015-04-10,2015-04-10T16:00:00-04:00,210.0,2015-04-17,7.0,0.019178082191780823,205.0,call,5.07,5.2,5.1,,,0.11434,0.92549,0.03997,0.04409,-0.0303,0.04124,spy_options_2015.parquet,1791605
SPY,2015-04-10,2015-04-10T16:00:00-04:00,210.0,2015-04-17,7.0,0.019178082191780823,205.0,put,0.12,0.13,0.14,,,0.11715,-0.08109,0.04114,0.04739,-0.03363,-0.00357,spy_options_2015.parquet,1791605
SPY,2015-04-10,2015-04-10T16:00:00-04:00,210.0,2015-04-17,7.0,0.019178082191780823,205.5,call,4.57,4.73,4.59,210,,0.10971,0.91165,0.04719,0.04953,-0.03318,0.04059,spy_options_2015.parquet,1791606
SPY,2015-04-10,2015-04-10T16:00:00-04:00,210.0,2015-04-17,7.0,0.019178082191780823,205.5,put,0.16,0.18,0.17,,,0.11448,-0.09781,0.04867,0.05451,-0.03717,-0.00489,spy_options_2015.parquet,1791606
SPY,2015-04-10,2015-04-10T16:00:00-04:00,210.0,2015-04-17,7.0,0.019178082191780823,206.0,call,4.13,4.24,4.2,,,0.10773,0.88961,0.05672,0.05826,-0.03875,0.03975,spy_options_2015.parquet,1791607
SPY,2015-04-10,2015-04-10T16:00:00-04:00,210.0,2015-04-17,7.0,0.019178082191780823,206.0,put,0.2,0.2,0.2,,,0.11186,-0.11997,0.05759,0.06245,-0.04229,-0.00572,spy_options_2015.parquet,1791607
SPY,2015-04-10,2015-04-10T16:00:00-04:00,210.0,2015-04-17,7.0,0.019178082191780823,206.5,call,3.66,3.83,3.72,249,,0.1064,0.859,0.06743,0.06964,-0.04643,0.03902,spy_options_2015.parquet,1791608
SPY,2015-04-10,2015-04-10T16:00:00-04:00,210.0,2015-04-17,7.0,0.019178082191780823,206.5,put,0.24,0.25,0.25,,,0.10759,-0.14283,0.06757,0.07043,-0.04712,-0.0063,spy_options_2015.parquet,1791608
SPY,2015-04-10,2015-04-10T16:00:00-04:00,210.0,2015-04-17,7.0,0.019178082191780823,207.0,call,3.24,3.36,3.32,,,0.10329,0.82966,0.07902,0.07889,-0.05095,0.03779,spy_options_2015.parquet,1791609
SPY,2015-04-10,2015-04-10T16:00:00-04:00,210.0,2015-04-17,7.0,0.019178082191780823,207.0,put,0.3,0.31,0.3,,,0.10405,-0.17249,0.07889,0.07955,-0.05193,-0.00829,spy_options_2015.parquet,1791609
SPY,2015-04-10,2015-04-10T16:00:00-04:00,210.0,2015-04-17,7.0,0.019178082191780823,207.5,call,2.79,2.95,2.83,,,0.09867,0.79655,0.09199,0.08782,-0.05528,0.03604,spy_options_2015.parquet,1791610
SPY,2015-04-10,2015-04-10T16:00:00-04:00,210.0,2015-04-17,7.0,0.019178082191780823,207.5,put,0.36,0.39,0.37,,,0.10032,-0.20769,0.0915,0.08933,-0.05644,-0.00996,spy_options_2015.parquet,1791610
SPY,2015-04-10,2015-04-10T16:00:00-04:00,210.0,2015-04-17,7.0,0.019178082191780823,208.0,call,2.44,2.48,2.46,,,0.09674,0.75246,0.1056,0.09828,-0.06019,0.03368,spy_options_2015.parquet,1791611
SPY,2015-04-10,2015-04-10T16:00:00-04:00,210.0,2015-04-17,7.0,0.019178082191780823,208.0,put,0.45,0.46,0.47,,,0.0975,-0.2496,0.105,0.09941,-0.06131,-0.01162,spy_options_2015.parquet,1791611
SPY,2015-04-10,2015-04-10T16:00:00-04:00,210.0,2015-04-17,7.0,0.019178082191780823,208.5,call,2.07,2.12,2.05,,,0.09635,0.69578,0.11681,0.10846,-0.06664,0.03132,spy_options_2015.parquet,1791612
SPY,2015-04-10,2015-04-10T16:00:00-04:00,210.0,2015-04-17,7.0,0.019178082191780823,208.5,put,0.56,0.57,0.58,,,0.09428,-0.301,0.11839,0.10841,-0.06568,-0.0135,spy_options_2015.parquet,1791612
SPY,2015-04-10,2015-04-10T16:00:00-04:00,210.0,2015-04-17,7.0,0.019178082191780823,209.0,call,1.7,1.74,1.68,,,0.09239,0.64109,0.13056,0.1163,-0.06874,0.02884,spy_options_2015.parquet,1791613
SPY,2015-04-10,2015-04-10T16:00:00-04:00,210.0,2015-04-17,7.0,0.019178082191780823,209.0,put,0.69,0.7,0.7,,,0.09178,-0.3583,0.13161,0.11598,-0.06855,-0.01598,spy_options_2015.parquet,1791613
SPY,2015-04-10,2015-04-10T16:00:00-04:00,210.0,2015-04-17,7.0,0.019178082191780823,209.5,call,1.37,1.4,1.34,,,0.08946,0.57528,0.14047,0.12222,-0.07018,0.02568,spy_options_2015.parquet,1791614
SPY,2015-04-10,2015-04-10T16:00:00-04:00,210.0,2015-04-17,7.0,0.019178082191780823,209.5,put,0.84,0.85,0.85,,,0.08732,-0.4234,0.14345,0.12133,-0.0686,-0.01896,spy_options_2015.parquet,1791614
SPY,2015-04-10,2015-04-10T16:00:00-04:00,210.0,2015-04-17,7.0,0.019178082191780823,210.0,call,1.06,1.07,1.06,,,0.0858,0.50455,0.15019,0.12363,-0.06847,0.02316,spy_options_2015.parquet,1791615
SPY,2015-04-10,2015-04-10T16:00:00-04:00,210.0,2015-04-17,7.0,0.019178082191780823,210.0,put,1.03,1.05,1.05,,,0.08462,-0.49543,0.1556,0.12379,-0.06716,-0.02251,spy_options_2015.parquet,1791615
SPY,2015-04-10,2015-04-10T16:00:00-04:00,210.0,2015-04-17,7.0,0.019178082191780823,210.5,call,0.79,0.8,0.78,,,0.08217,0.42702,0.15337,0.12223,-0.06479,0.0193,spy_options_2015.parquet,1791616
SPY,2015-04-10,2015-04-10T16:00:00-04:00,210.0,2015-04-17,7.0,0.019178082191780823,210.5,put,1.26,1.27,1.29,,,0.08078,-0.57453,0.15529,0.12229,-0.06351,-0.02601,spy_options_2015.parquet,1791616
SPY,2015-04-10,2015-04-10T16:00:00-04:00,210.0,2015-04-17,7.0,0.019178082191780823,211.0,call,0.55,0.56,0.54,,,0.07823,0.34447,0.15162,0.11464,-0.05722,0.01618,spy_options_2015.parquet,1791617
SPY,2015-04-10,2015-04-10T16:00:00-04:00,210.0,2015-04-17,7.0,0.019178082191780823,211.0,put,1.52,1.58,1.54,,,0.07823,-0.65477,0.15058,0.11512,-0.05796,-0.02877,spy_options_2015.parquet,1791617
SPY,2015-04-10,2015-04-10T16:00:00-04:00,210.0,2015-04-17,7.0,0.019178082191780823,211.5,call,0.38,0.39,0.38,,,0.07655,0.26721,0.13874,0.10191,-0.04995,0.01226,spy_options_2015.parquet,1791618
SPY,2015-04-10,2015-04-10T16:00:00-04:00,210.0,2015-04-17,7.0,0.019178082191780823,211.5,put,1.81,1.94,1.86,164,,0.07602,-0.73198,0.13805,0.10271,-0.05019,-0.03086,spy_options_2015.parquet,1791618
SPY,2015-04-10,2015-04-10T16:00:00-04:00,210.0,2015-04-17,7.0,0.019178082191780823,212.0,call,0.25,0.25,0.24,,,0.07309,0.19444,0.12051,0.08515,-0.03979,0.00907,spy_options_2015.parquet,1791619
SPY,2015-04-10,2015-04-10T16:00:00-04:00,210.0,2015-04-17,7.0,0.019178082191780823,212.0,put,2.16,2.3,2.22,799,,0.07317,-0.80597,0.11923,0.08601,-0.03939,-0.03261,spy_options_2015.parquet,1791619
SPY,2015-04-10,2015-04-10T16:00:00-04:00,210.0,2015-04-17,7.0,0.019178082191780823,212.5,call,0.13,0.16,0.15,,,0.07052,0.13207,0.09689,0.06661,-0.02944,0.00566,spy_options_2015.parquet,1791620
SPY,2015-04-10,2015-04-10T16:00:00-04:00,210.0,2015-04-17,7.0,0.019178082191780823,212.5,put,2.57,2.71,2.63,145,,0.07222,-0.86267,0.09422,0.06875,-0.03001,-0.03175,spy_options_2015.parquet,1791620
SPY,2015-04-10,2015-04-10T16:00:00-04:00,210.0,2015-04-17,7.0,0.019178082191780823,213.0,call,0.08,0.1,0.09,,,0.07008,0.08635,0.07257,0.04844,-0.02048,0.00359,spy_options_2015.parquet,1791621
SPY,2015-04-10,2015-04-10T16:00:00-04:00,210.0,2015-04-17,7.0,0.019178082191780823,213.0,put,3.03,3.16,3.06,210,,0.07389,-0.89702,0.07114,0.05591,-0.02516,-0.0296,spy_options_2015.parquet,1791621
SPY,2015-04-10,2015-04-10T16:00:00-04:00,210.0,2015-04-17,7.0,0.019178082191780823,213.5,call,0.04,0.07,0.05,,,0.07119,0.0585,0.05312,0.03619,-0.01569,0.00266,spy_options_2015.parquet,1791622
SPY,2015-04-10,2015-04-10T16:00:00-04:00,210.0,2015-04-17,7.0,0.019178082191780823,213.5,put,3.48,3.62,0.0,,,0.07503,-0.92444,0.04895,0.04421,-0.01945,-0.02625,spy_options_2015.parquet,1791622
SPY,2015-04-10,2015-04-10T16:00:00-04:00,210.0,2015-04-17,7.0,0.019178082191780823,214.0,call,0.04,0.05,0.05,,,0.07596,0.04664,0.04162,0.03051,-0.01388,0.00223,spy_options_2015.parquet,1791623
SPY,2015-04-10,2015-04-10T16:00:00-04:00,210.0,2015-04-17,7.0,0.019178082191780823,214.0,put,3.96,4.12,4.09,76,,0.0794,-0.93541,0.03523,0.03894,-0.01902,-0.02398,spy_options_2015.parquet,1791623
SPY,2015-04-10,2015-04-10T16:00:00-04:00,210.0,2015-04-17,7.0,0.019178082191780823,214.5,call,0.02,0.02,0.03,,,0.07468,0.02787,0.02782,0.02038,-0.00834,0.0014,spy_options_2015.parquet,1791624
SPY,2015-04-10,2015-04-10T16:00:00-04:00,210.0,2015-04-17,7.0,0.019178082191780823,214.5,put,4.44,4.61,0.0,,,0.0836,-0.94362,0.02344,0.03443,-0.01733,-0.0202,spy_options_2015.parquet,1791624
SPY,2015-04-10,2015-04-10T16:00:00-04:00,210.0,2015-04-17,7.0,0.019178082191780823,215.0,call,0.02,0.03,0.03,594,,0.08112,0.02628,0.02384,0.01884,-0.00901,0.00068,spy_options_2015.parquet,1791625
SPY,2015-04-10,2015-04-10T16:00:00-04:00,210.0,2015-04-17,7.0,0.019178082191780823,215.0,put,4.93,5.12,5.0,614,,0.09164,-0.94442,0.01961,0.03407,-0.01881,-0.02015,spy_options_2015.parquet,1791625
SPY,2015-04-10,2015-04-10T16:00:00-04:00,210.0,2015-04-17,7.0,0.019178082191780823,215.5,call,0.01,0.02,0.03,,,0.08137,0.01649,0.01633,0.01248,-0.00589,0.00038,spy_options_2015.parquet,1791626
SPY,2015-04-10,2015-04-10T16:00:00-04:00,210.0,2015-04-17,7.0,0.019178082191780823,215.5,put,5.4,5.61,0.0,,,0.09628,-0.94727,0.01288,0.03184,-0.01917,-0.01774,spy_options_2015.parquet,1791626
SPY,2015-04-10,2015-04-10T16:00:00-04:00,210.0,2015-04-17,7.0,0.019178082191780823,216.0,call,0.01,0.02,0.01,100,,0.08827,0.01535,0.01438,0.01262,-0.0057,0.00116,spy_options_2015.parquet,1791627
SPY,2015-04-10,2015-04-10T16:00:00-04:00,210.0,2015-04-17,7.0,0.019178082191780823,216.0,put,5.93,6.14,6.17,28,,0.10771,-0.94503,0.01426,0.03325,-0.02163,-0.01871,spy_options_2015.parquet,1791627
SPY,2015-04-10,2015-04-10T16:00:00-04:00,210.0,2015-04-17,7.0,0.019178082191780823,216.5,call,0.01,0.02,0.02,159,,0.09436,0.01483,0.01269,0.01124,-0.00584,0.00058,spy_options_2015.parquet,1791628
SPY,2015-04-10,2015-04-10T16:00:00-04:00,210.0,2015-04-17,7.0,0.019178082191780823,216.5,put,6.4,6.61,0.0,,,0.10933,-0.94927,0.00608,0.03092,-0.01467,-0.01468,spy_options_2015.parquet,1791628
SPY,2015-04-10,2015-04-10T16:00:00-04:00,210.0,2015-04-17,7.0,0.019178082191780823,217.0,call,0.01,0.02,0.02,,,0.10003,0.01342,0.01143,0.01097,-0.00605,0.00027,spy_options_2015.parquet,1791629
SPY,2015-04-10,2015-04-10T16:00:00-04:00,210.0,2015-04-17,7.0,0.019178082191780823,217.0,put,6.92,7.11,7.04,13,,0.12071,-0.9482,0.00822,0.03136,-0.02342,-0.01577,spy_options_2015.parquet,1791629
SPY,2015-04-10,2015-04-10T16:00:00-04:00,210.0,2015-04-17,7.0,0.019178082191780823,217.5,call,0.0,0.01,0.01,95,,0.10114,0.00958,0.00834,0.00775,-0.00432,0.00056,spy_options_2015.parquet,1791630
SPY,2015-04-10,2015-04-10T16:00:00-04:00,210.0,2015-04-17,7.0,0.019178082191780823,217.5,put,7.4,7.61,0.0,,,0.12584,-0.94928,0.00456,0.03116,-0.01535,-0.01383,spy_options_2015.parquet,1791630
SPY,2015-04-10,2015-04-10T16:00:00-04:00,210.0,2015-04-17,7.0,0.019178082191780823,218.0,call,0.0,0.0,0.01,41,,0.09807,0.00475,0.00494,0.00424,-0.00284,3e-05,spy_options_2015.parquet,1791631
SPY,2015-04-10,2015-04-10T16:00:00-04:00,210.0,2015-04-17,7.0,0.019178082191780823,218.0,put,7.91,8.12,8.0,25,,0.13513,-0.94844,0.00527,0.0308,-0.02058,-0.0149,spy_options_2015.parquet,1791631
SPY,2015-04-10,2015-04-10T16:00:00-04:00,210.0,2015-04-17,7.0,0.019178082191780823,218.5,call,0.0,0.02,0.0,,,0.10373,0.00515,0.00445,0.00478,-0.00261,0.0,spy_options_2015.parquet,1791632
SPY,2015-04-10,2015-04-10T16:00:00-04:00,210.0,2015-04-17,7.0,0.019178082191780823,218.5,put,8.4,8.62,0.0,,,0.1436,-0.94821,0.00473,0.0313,-0.02036,-0.01451,spy_options_2015.parquet,1791632
SPY,2015-04-10,2015-04-10T16:00:00-04:00,210.0,2015-04-17,7.0,0.019178082191780823,219.0,call,0.0,0.01,0.01,0,,0.10874,0.00476,0.00407,0.00414,-0.00246,0.00033,spy_options_2015.parquet,1791633
SPY,2015-04-10,2015-04-10T16:00:00-04:00,210.0,2015-04-17,7.0,0.019178082191780823,219.0,put,8.91,9.1,9.13,6,,0.15113,-0.94768,0.00416,0.03108,-0.02033,-0.01489,spy_options_2015.parquet,1791633
SPY,2015-04-10,2015-04-10T16:00:00-04:00,210.0,2015-04-17,7.0,0.019178082191780823,219.5,call,0.0,0.01,0.0,,,0.11366,0.00479,0.00368,0.00431,-0.00245,-0.00013,spy_options_2015.parquet,1791634
SPY,2015-04-10,2015-04-10T16:00:00-04:00,210.0,2015-04-17,7.0,0.019178082191780823,219.5,put,9.4,9.61,10.65,0,,0.15805,-0.94794,0.00287,0.03077,-0.01467,-0.01359,spy_options_2015.parquet,1791634
SPY,2015-04-10,2015-04-10T16:00:00-04:00,210.0,2015-04-17,7.0,0.019178082191780823,220.0,call,0.0,0.01,0.01,29,,0.11882,0.00419,0.0034,0.00441,-0.00196,0.00032,spy_options_2015.parquet,1791635
SPY,2015-04-10,2015-04-10T16:00:00-04:00,210.0,2015-04-17,7.0,0.019178082191780823,220.0,put,9.92,10.12,10.03,100,,0.17055,-0.94683,0.00492,0.03193,-0.03028,-0.01577,spy_options_2015.parquet,1791635
SPY,2015-04-10,2015-04-10T16:00:00-04:00,210.0,2015-04-17,7.0,0.019178082191780823,221.0,call,0.0,0.01,0.01,0,,0.12972,0.00358,0.00297,0.00347,-0.0023,0.00028,spy_options_2015.parquet,1791636
SPY,2015-04-10,2015-04-10T16:00:00-04:00,210.0,2015-04-17,7.0,0.019178082191780823,221.0,put,10.9,11.13,0.0,,,0.18317,-0.94653,0.00278,0.0312,-0.02012,-0.01375,spy_options_2015.parquet,1791636
SPY,2015-04-10,2015-04-10T16:00:00-04:00,210.0,2015-04-17,7.0,0.019178082191780823,222.0,call,0.0,0.01,0.01,2,,0.13951,0.00406,0.00261,0.00329,-0.00209,4e-05,spy_options_2015.parquet,1791637
SPY,2015-04-10,2015-04-10T16:00:00-04:00,210.0,2015-04-17,7.0,0.019178082191780823,222.0,put,11.9,12.12,0.0,,,0.1994,-0.9466,0.00238,0.03212,-0.01979,-0.01359,spy_options_2015.parquet,1791637
SPY,2015-04-10,2015-04-10T16:00:00-04:00,210.0,2015-04-17,7.0,0.019178082191780823,222.5,call,0.0,0.01,0.0,,,0.1452,0.00367,0.00239,0.00349,-0.0023,0.00048,spy_options_2015.parquet,1791638
SPY,2015-04-10,2015-04-10T16:00:00-04:00,210.0,2015-04-17,7.0,0.019178082191780823,222.5,put,12.34,12.61,0.0,,,,-1.0,0.0,0.0,0.0,0.0,spy_options_2015.parquet,1791638
SPY,2015-04-10,2015-04-10T16:00:00-04:00,210.0,2015-04-17,7.0,0.019178082191780823,223.0,call,0.0,0.02,0.0,,,0.15024,0.00395,0.00229,0.00291,-0.00205,-8e-05,spy_options_2015.parquet,1791639
SPY,2015-04-10,2015-04-10T16:00:00-04:00,210.0,2015-04-17,7.0,0.019178082191780823,223.0,put,12.84,13.11,0.0,,,,-1.0,0.0,0.0,0.0,0.0,spy_options_2015.parquet,1791639
SPY,2015-04-10,2015-04-10T16:00:00-04:00,210.0,2015-04-17,7.0,0.019178082191780823,224.0,call,0.0,0.02,0.0,,,0.15987,0.0036,0.00204,0.00318,-0.00279,0.00018,spy_options_2015.parquet,1791640
SPY,2015-04-10,2015-04-10T16:00:00-04:00,210.0,2015-04-17,7.0,0.019178082191780823,224.0,put,13.85,14.1,0.0,,,,-1.0,0.0,0.0,0.0,0.0,spy_options_2015.parquet,1791640
SPY,2015-04-10,2015-04-10T16:00:00-04:00,210.0,2015-04-17,7.0,0.019178082191780823,225.0,call,0.0,0.01,0.0,,,0.17003,0.00319,0.00179,0.00263,-0.00284,0.00014,spy_options_2015.parquet,1791641
SPY,2015-04-10,2015-04-10T16:00:00-04:00,210.0,2015-04-17,7.0,0.019178082191780823,225.0,put,14.91,15.12,15.03,6,,0.24775,-0.94395,0.0015,0.03198,-0.02034,-0.01421,spy_options_2015.parquet,1791641
SPY,2015-04-10,2015-04-10T16:00:00-04:00,210.0,2015-04-17,7.0,0.019178082191780823,226.0,call,0.0,0.01,0.0,,,0.17917,0.00281,0.0016,0.00328,-0.00292,0.00024,spy_options_2015.parquet,1791642
SPY,2015-04-10,2015-04-10T16:00:00-04:00,210.0,2015-04-17,7.0,0.019178082191780823,226.0,put,15.9,16.12,0.0,,,0.26298,-0.94347,0.00134,0.03222,-0.02035,-0.01349,spy_options_2015.parquet,1791642
SPY,2015-04-10,2015-04-10T16:00:00-04:00,210.0,2015-04-17,7.0,0.019178082191780823,227.0,call,0.0,0.01,0.0,,,0.18928,0.00243,0.00152,0.00287,-0.00221,0.00019,spy_options_2015.parquet,1791643
SPY,2015-04-10,2015-04-10T16:00:00-04:00,210.0,2015-04-17,7.0,0.019178082191780823,227.0,put,16.91,17.11,0.0,,,0.27847,-0.94324,0.00087,0.03241,-0.01518,-0.01347,spy_options_2015.parquet,1791643
SPY,2015-04-10,2015-04-10T16:00:00-04:00,210.0,2015-04-17,7.0,0.019178082191780823,227.5,call,0.0,0.01,0.0,,,0.19369,0.00258,0.00141,0.00302,-0.00223,0.00015,spy_options_2015.parquet,1791644
SPY,2015-04-10,2015-04-10T16:00:00-04:00,210.0,2015-04-17,7.0,0.019178082191780823,227.5,put,17.35,17.61,0.0,,,,-1.0,0.0,0.0,0.0,0.0,spy_options_2015.parquet,1791644
SPY,2015-04-10,2015-04-10T16:00:00-04:00,210.0,2015-04-17,7.0,0.019178082191780823,228.0,call,0.0,0.01,0.0,,,0.19863,0.00302,0.00131,0.00231,-0.00264,0.00046,spy_options_2015.parquet,1791645
SPY,2015-04-10,2015-04-10T16:00:00-04:00,210.0,2015-04-17,7.0,0.019178082191780823,228.0,put,17.85,18.11,0.0,,,,-1.0,0.0,0.0,0.0,0.0,spy_options_2015.parquet,1791645
SPY,2015-04-10,2015-04-10T16:00:00-04:00,210.0,2015-04-17,7.0,0.019178082191780823,229.0,call,0.0,0.01,0.0,,,0.20832,0.00274,0.0013,0.00203,-0.00275,0.00036,spy_options_2015.parquet,1791646
SPY,2015-04-10,2015-04-10T16:00:00-04:00,210.0,2015-04-17,7.0,0.019178082191780823,229.0,put,18.85,19.12,0.0,,,-0.00014,-1.0,0.0,0.0,0.0,0.0,spy_options_2015.parquet,1791646
SPY,2015-04-10,2015-04-10T16:00:00-04:00,210.0,2015-04-17,7.0,0.019178082191780823,230.0,call,0.0,0.0,0.0,,,0.21749,0.00228,0.00117,0.0029,-0.00225,0.00026,spy_options_2015.parquet,1791647
SPY,2015-04-10,2015-04-10T16:00:00-04:00,210.0,2015-04-17,7.0,0.019178082191780823,230.0,put,19.9,20.13,20.26,1,,0.32777,-0.94122,0.00083,0.03342,-0.01973,-0.01334,spy_options_2015.parquet,1791647
SPY,2015-04-10,2015-04-10T16:00:00-04:00,210.0,2015-04-17,7.0,0.019178082191780823,231.0,call,0.0,0.01,0.0,,,0.22731,0.00248,0.00107,0.00258,-0.00247,0.00057,spy_options_2015.parquet,1791648
SPY,2015-04-10,2015-04-10T16:00:00-04:00,210.0,2015-04-17,7.0,0.019178082191780823,231.0,put,20.82,21.11,0.0,,,,-1.0,0.0,0.0,0.0,0.0,spy_options_2015.parquet,1791648
SPY,2015-04-10,2015-04-10T16:00:00-04:00,210.0,2015-04-17,7.0,0.019178082191780823,232.0,call,0.0,0.02,0.0,,,0.23617,0.00188,0.00098,0.00214,-0.00225,-0.00013,spy_options_2015.parquet,1791649
SPY,2015-04-10,2015-04-10T16:00:00-04:00,210.0,2015-04-17,7.0,0.019178082191780823,232.0,put,21.85,22.12,0.0,,,,-1.0,0.0,0.0,0.0,0.0,spy_options_2015.parquet,1791649
SPY,2015-04-10,2015-04-10T16:00:00-04:00,210.0,2015-04-17,7.0,0.019178082191780823,232.5,call,0.0,0.0,0.0,,,0.24099,0.00205,0.00101,0.00264,-0.00301,-0.00036,spy_options_2015.parquet,1791650
SPY,2015-04-10,2015-04-10T16:00:00-04:00,210.0,2015-04-17,7.0,0.019178082191780823,232.5,put,22.36,22.62,0.0,,,,-1.0,0.0,0.0,0.0,0.0,spy_options_2015.parquet,1791650
SPY,2015-04-10,2015-04-10T16:00:00-04:00,210.0,2015-04-17,7.0,0.019178082191780823,233.0,call,0.0,0.01,0.0,,,0.24579,0.00191,0.00087,0.00187,-0.00228,0.00041,spy_options_2015.parquet,1791651
SPY,2015-04-10,2015-04-10T16:00:00-04:00,210.0,2015-04-17,7.0,0.019178082191780823,233.0,put,22.85,23.1,0.0,,,,-1.0,0.0,0.0,0.0,0.0,spy_options_2015.parquet,1791651
SPY,2015-04-10,2015-04-10T16:00:00-04:00,210.0,2015-04-17,7.0,0.019178082191780823,234.0,call,0.0,0.02,0.0,,,0.2546,0.00214,0.00089,0.00184,-0.00262,-0.00024,spy_options_2015.parquet,1791652
SPY,2015-04-10,2015-04-10T16:00:00-04:00,210.0,2015-04-17,7.0,0.019178082191780823,234.0,put,23.85,24.11,0.0,,,,-1.0,0.0,0.0,0.0,0.0,spy_options_2015.parquet,1791652
SPY,2015-04-10,2015-04-10T16:00:00-04:00,210.0,2015-04-17,7.0,0.019178082191780823,235.0,call,0.0,0.01,0.0,,,0.26405,0.00173,0.00081,0.00157,-0.0026,0.00045,spy_options_2015.parquet,1791653
SPY,2015-04-10,2015-04-10T16:00:00-04:00,210.0,2015-04-17,7.0,0.019178082191780823,235.0,put,24.9,25.12,0.0,,,0.40787,-0.93745,0.00054,0.03455,-0.01997,-0.01375,spy_options_2015.parquet,1791653
SPY,2015-04-10,2015-04-10T16:00:00-04:00,210.0,2015-04-17,7.0,0.019178082191780823,236.0,call,0.0,0.0,0.0,,,0.27232,0.0022,0.00074,0.00216,-0.00259,0.00047,spy_options_2015.parquet,1791654
SPY,2015-04-10,2015-04-10T16:00:00-04:00,210.0,2015-04-17,7.0,0.019178082191780823,236.0,put,25.85,26.12,0.0,,,-8e-05,-1.0,0.0,0.0,0.0,0.0,spy_options_2015.parquet,1791654
SPY,2015-04-10,2015-04-10T16:00:00-04:00,210.0,2015-04-17,7.0,0.019178082191780823,237.0,call,0.0,0.01,0.0,,,0.28183,0.00211,0.00073,0.00171,-0.00309,-0.00017,spy_options_2015.parquet,1791655
SPY,2015-04-10,2015-04-10T16:00:00-04:00,210.0,2015-04-17,7.0,0.019178082191780823,237.0,put,26.85,27.11,0.0,,,,-1.0,0.0,0.0,0.0,0.0,spy_options_2015.parquet,1791655
SPY,2015-04-10,2015-04-10T16:00:00-04:00,210.0,2015-04-17,7.0,0.019178082191780823,237.5,call,0.0,0.0,0.0,,,0.28598,0.00184,0.0007,0.0016,-0.0024,0.00028,spy_options_2015.parquet,1791656
SPY,2015-04-10,2015-04-10T16:00:00-04:00,210.0,2015-04-17,7.0,0.019178082191780823,237.5,put,27.35,27.61,0.0,,,,-1.0,0.0,0.0,0.0,0.0,spy_options_2015.parquet,1791656
SPY,2015-04-10,2015-04-10T16:00:00-04:00,210.0,2015-04-17,7.0,0.019178082191780823,238.0,call,0.0,0.02,0.0,,,0.29078,0.00221,0.0007,0.00231,-0.00251,-0.00038,spy_options_2015.parquet,1791657
SPY,2015-04-10,2015-04-10T16:00:00-04:00,210.0,2015-04-17,7.0,0.019178082191780823,238.0,put,27.84,28.11,0.0,,,,-1.0,0.0,0.0,0.0,0.0,spy_options_2015.parquet,1791657
SPY,2015-04-10,2015-04-10T16:00:00-04:00,210.0,2015-04-17,7.0,0.019178082191780823,239.0,call,0.0,0.02,0.0,,,0.29881,0.00203,0.00067,0.00169,-0.00246,-0.00012,spy_options_2015.parquet,1791658
SPY,2015-04-10,2015-04-10T16:00:00-04:00,210.0,2015-04-17,7.0,0.019178082191780823,239.0,put,28.85,29.13,0.0,,,-0.0004,-1.0,0.0,0.0,0.0,0.0,spy_options_2015.parquet,1791658
SPY,2015-04-10,2015-04-10T16:00:00-04:00,210.0,2015-04-17,7.0,0.019178082191780823,240.0,call,0.0,0.01,0.0,,,0.3077,0.00134,0.00058,0.00166,-0.00311,6e-05,spy_options_2015.parquet,1791659
SPY,2015-04-10,2015-04-10T16:00:00-04:00,210.0,2015-04-17,7.0,0.019178082191780823,240.0,put,29.92,30.13,0.0,,,0.4927,-0.9338,0.00062,0.03609,-0.03497,-0.01464,spy_options_2015.parquet,1791659
SPY,2015-04-10,2015-04-10T16:00:00-04:00,210.0,2015-04-17,7.0,0.019178082191780823,242.5,call,0.0,0.02,0.0,,,0.32949,0.00133,0.0005,0.00192,-0.00256,0.00019,spy_options_2015.parquet,1791660
SPY,2015-04-10,2015-04-10T16:00:00-04:00,210.0,2015-04-17,7.0,0.019178082191780823,242.5,put,32.33,32.61,0.0,,,,-1.0,0.0,0.0,0.0,0.0,spy_options_2015.parquet,1791660
SPY,2015-04-10,2015-04-10T16:00:00-04:00,210.0,2015-04-17,7.0,0.019178082191780823,245.0,call,0.0,0.01,0.0,,,0.35105,0.00162,0.00047,0.00139,-0.0027,0.00045,spy_options_2015.parquet,1791661
SPY,2015-04-10,2015-04-10T16:00:00-04:00,210.0,2015-04-17,7.0,0.019178082191780823,245.0,put,34.83,35.11,0.0,,,,-1.0,0.0,0.0,0.0,0.0,spy_options_2015.parquet,1791661
SPY,2015-04-10,2015-04-10T16:00:00-04:00,210.0,2015-04-17,7.0,0.019178082191780823,247.5,call,0.0,0.01,0.0,,,0.37103,0.00188,0.00039,0.00138,-0.00313,0.00021,spy_options_2015.parquet,1791662
SPY,2015-04-10,2015-04-10T16:00:00-04:00,210.0,2015-04-17,7.0,0.019178082191780823,247.5,put,37.34,37.61,0.0,,,,-1.0,0.0,0.0,0.0,0.0,spy_options_2015.parquet,1791662
SPY,2015-04-10,2015-04-10T16:00:00-04:00,210.0,2015-04-17,7.0,0.019178082191780823,250.0,call,0.0,0.01,0.0,,,0.39228,0.00157,0.00036,0.00153,-0.00252,-0.00021,spy_options_2015.parquet,1791663
SPY,2015-04-10,2015-04-10T16:00:00-04:00,210.0,2015-04-17,7.0,0.019178082191780823,250.0,put,39.83,40.11,0.0,,,,-1.0,0.0,0.0,0.0,0.0,spy_options_2015.parquet,1791663
SPY,2015-04-10,2015-04-10T16:00:00-04:00,210.0,2015-04-17,7.0,0.019178082191780823,252.5,call,0.0,0.01,0.0,,,0.41249,0.00158,0.0004,0.00138,-0.00259,-0.00029,spy_options_2015.parquet,1791664
SPY,2015-04-10,2015-04-10T16:00:00-04:00,210.0,2015-04-17,7.0,0.019178082191780823,252.5,put,42.35,42.64,0.0,,,2e-05,-1.0,0.0,0.0,0.0,0.0,spy_options_2015.parquet,1791664
SPY,2015-04-10,2015-04-10T16:00:00-04:00,210.0,2015-04-17,7.0,0.019178082191780823,255.0,call,0.0,0.02,0.0,,,0.4326,0.00142,0.00037,0.00182,-0.00328,0.00051,spy_options_2015.parquet,1791665
SPY,2015-04-10,2015-04-10T16:00:00-04:00,210.0,2015-04-17,7.0,0.019178082191780823,255.0,put,44.83,45.11,0.0,,,,-1.0,0.0,0.0,0.0,0.0,spy_options_2015.parquet,1791665
SPY,2015-04-10,2015-04-10T16:00:00-04:00,210.0,2015-04-17,7.0,0.019178082191780823,257.5,call,0.0,0.0,0.0,,,0.45236,0.00096,0.00026,0.00118,-0.00259,-0.00026,spy_options_2015.parquet,1791666
SPY,2015-04-10,2015-04-10T16:00:00-04:00,210.0,2015-04-17,7.0,0.019178082191780823,257.5,put,47.32,47.61,0.0,,,,-1.0,0.0,0.0,0.0,0.0,spy_options_2015.parquet,1791666
SPY,2015-04-10,2015-04-10T16:00:00-04:00,210.0,2015-04-17,7.0,0.019178082191780823,260.0,call,0.0,0.01,0.0,,,0.47099,0.00136,0.00027,0.00123,-0.00311,0.00015,spy_options_2015.parquet,1791667
SPY,2015-04-10,2015-04-10T16:00:00-04:00,210.0,2015-04-17,7.0,0.019178082191780823,260.0,put,49.84,50.11,0.0,,,,-1.0,0.0,0.0,0.0,0.0,spy_options_2015.parquet,1791667
SPY,2015-04-10,2015-04-10T16:00:00-04:00,210.0,2015-04-17,7.0,0.019178082191780823,265.0,call,0.0,0.01,0.0,,,0.50945,0.00105,0.00019,0.00094,-0.00328,7e-05,spy_options_2015.parquet,1791668
SPY,2015-04-10,2015-04-10T16:00:00-04:00,210.0,2015-04-17,7.0,0.019178082191780823,265.0,put,54.84,55.11,0.0,,,,-1.0,0.0,0.0,0.0,0.0,spy_options_2015.parquet,1791668
SPY,2015-04-10,2015-04-10T16:00:00-04:00,210.0,2015-04-17,7.0,0.019178082191780823,270.0,call,0.0,0.0,0.0,,,0.54659,0.00115,0.00021,0.00106,-0.00269,-4e-05,spy_options_2015.parquet,1791669
SPY,2015-04-10,2015-04-10T16:00:00-04:00,210.0,2015-04-17,7.0,0.019178082191780823,270.0,put,59.83,60.12,0.0,,,,-1.0,0.0,0.0,0.0,0.0,spy_options_2015.parquet,1791669
SPY,2015-04-10,2015-04-10T16:00:00-04:00,210.0,2015-04-17,7.0,0.019178082191780823,275.0,call,0.0,0.01,0.0,,,0.58221,0.00114,0.00021,0.00105,-0.00277,0.00012,spy_options_2015.parquet,1791670
SPY,2015-04-10,2015-04-10T16:00:00-04:00,210.0,2015-04-17,7.0,0.019178082191780823,275.0,put,64.86,65.13,0.0,,,-0.00035,-1.0,0.0,0.0,0.0,0.0,spy_options_2015.parquet,1791670
SPY,2015-04-10,2015-04-10T16:00:00-04:00,210.0,2015-04-17,7.0,0.019178082191780823,280.0,call,0.0,0.01,0.0,,,0.61733,0.0008,0.00012,0.00051,-0.00246,-0.00016,spy_options_2015.parquet,1791671
SPY,2015-04-10,2015-04-10T16:00:00-04:00,210.0,2015-04-17,7.0,0.019178082191780823,280.0,put,69.86,70.13,0.0,,,0.00048,-1.0,0.0,0.0,0.0,0.0,spy_options_2015.parquet,1791671
SPY,2015-04-10,2015-04-10T16:00:00-04:00,210.0,2015-04-17,7.0,0.019178082191780823,285.0,call,0.0,0.01,0.0,,,0.65219,0.00107,0.00015,0.00053,-0.00255,3e-05,spy_options_2015.parquet,1791672
SPY,2015-04-10,2015-04-10T16:00:00-04:00,210.0,2015-04-17,7.0,0.019178082191780823,285.0,put,74.83,75.11,0.0,,,,-1.0,0.0,0.0,0.0,0.0,spy_options_2015.parquet,1791672
SPY,2015-04-10,2015-04-10T16:00:00-04:00,210.0,2015-04-17,7.0,0.019178082191780823,290.0,call,0.0,0.01,0.0,,,0.68627,0.00128,0.00015,0.00066,-0.00265,0.00024,spy_options_2015.parquet,1791673
SPY,2015-04-10,2015-04-10T16:00:00-04:00,210.0,2015-04-17,7.0,0.019178082191780823,290.0,put,79.85,80.13,0.0,,,0.00039,-1.0,0.0,0.0,0.0,0.0,spy_options_2015.parquet,1791673
SPY,2015-04-10,2015-04-10T16:00:00-04:00,210.0,2015-04-17,7.0,0.019178082191780823,295.0,call,0.0,0.02,0.0,,,0.71846,0.00092,0.00018,0.00056,-0.00292,-6e-05,spy_options_2015.parquet,1791674
SPY,2015-04-10,2015-04-10T16:00:00-04:00,210.0,2015-04-17,7.0,0.019178082191780823,295.0,put,84.83,85.11,0.0,,,,-1.0,0.0,0.0,0.0,0.0,spy_options_2015.parquet,1791674
SPY,2015-04-10,2015-04-10T16:00:00-04:00,210.0,2015-04-17,7.0,0.019178082191780823,300.0,call,0.0,0.01,0.0,,,0.75073,0.00098,0.00012,0.00039,-0.00256,-4e-05,spy_options_2015.parquet,1791675
SPY,2015-04-10,2015-04-10T16:00:00-04:00,210.0,2015-04-17,7.0,0.019178082191780823,300.0,put,89.84,90.14,0.0,,,-0.00013,-1.0,0.0,0.0,0.0,0.0,spy_options_2015.parquet,1791675
SPY,2015-04-10,2015-04-10T16:00:00-04:00,210.0,2015-04-17,7.0,0.019178082191780823,305.0,call,0.0,0.02,0.0,,,0.78259,0.0009,8e-05,0.00078,-0.00254,-9e-05,spy_options_2015.parquet,1791676
SPY,2015-04-10,2015-04-10T16:00:00-04:00,210.0,2015-04-17,7.0,0.019178082191780823,305.0,put,94.82,95.11,0.0,,,,-1.0,0.0,0.0,0.0,0.0,spy_options_2015.parquet,1791676
SPY,2015-04-10,2015-04-10T16:00:00-04:00,210.0,2015-04-17,7.0,0.019178082191780823,310.0,call,0.0,0.02,0.0,,,0.81375,0.00118,0.00013,0.00061,-0.00258,0.00028,spy_options_2015.parquet,1791677
SPY,2015-04-10,2015-04-10T16:00:00-04:00,210.0,2015-04-17,7.0,0.019178082191780823,310.0,put,99.83,100.11,0.0,,,,-1.0,0.0,0.0,0.0,0.0,spy_options_2015.parquet,1791677
SPY,2015-04-10,2015-04-10T16:00:00-04:00,210.0,2015-04-24,14.0,0.038356164383561646,170.0,call,39.92,40.19,0.0,,,0.59035,0.93484,0.00026,0.04501,-0.04074,0.00645,spy_options_2015.parquet,1791679
SPY,2015-04-10,2015-04-10T16:00:00-04:00,210.0,2015-04-24,14.0,0.038356164383561646,170.0,put,0.01,0.02,0.02,0,,0.38448,-0.00302,0.00057,0.00367,-0.00435,-0.00051,spy_options_2015.parquet,1791679
SPY,2015-04-10,2015-04-10T16:00:00-04:00,210.0,2015-04-24,14.0,0.038356164383561646,175.0,call,34.9,35.17,0.0,,,0.50073,0.93821,0.00025,0.04439,-0.0254,0.00633,spy_options_2015.parquet,1791680
SPY,2015-04-10,2015-04-10T16:00:00-04:00,210.0,2015-04-24,14.0,0.038356164383561646,175.0,put,0.01,0.01,0.02,1,,0.33603,-0.00359,0.0007,0.00427,-0.00477,-0.00067,spy_options_2015.parquet,1791680
SPY,2015-04-10,2015-04-10T16:00:00-04:00,210.0,2015-04-24,14.0,0.038356164383561646,180.0,call,29.89,30.19,30.1,1,,0.41976,0.94124,0.00046,0.04308,-0.03023,0.00716,spy_options_2015.parquet,1791681
SPY,2015-04-10,2015-04-10T16:00:00-04:00,210.0,2015-04-24,14.0,0.038356164383561646,180.0,put,0.02,0.01,0.02,12,,0.28826,-0.00336,0.00093,0.00454,-0.00453,-0.0005,spy_options_2015.parquet,1791681
SPY,2015-04-10,2015-04-10T16:00:00-04:00,210.0,2015-04-24,14.0,0.038356164383561646,185.0,call,24.93,25.16,0.0,,,0.34318,0.94314,0.00084,0.04291,-0.03528,0.00937,spy_options_2015.parquet,1791682
SPY,2015-04-10,2015-04-10T16:00:00-04:00,210.0,2015-04-24,14.0,0.038356164383561646,185.0,put,0.02,0.03,0.02,67,,0.2566,-0.00678,0.00175,0.00812,-0.00619,-0.00103,spy_options_2015.parquet,1791682
SPY,2015-04-10,2015-04-10T16:00:00-04:00,210.0,2015-04-24,14.0,0.038356164383561646,189.0,call,20.94,21.16,0.0,,,0.28589,0.94483,0.00157,0.04296,-0.03991,0.01194,spy_options_2015.parquet,1791683
SPY,2015-04-10,2015-04-10T16:00:00-04:00,210.0,2015-04-24,14.0,0.038356164383561646,189.0,put,0.03,0.04,0.03,8,,0.21718,-0.00804,0.00234,0.0093,-0.00658,-0.00093,spy_options_2015.parquet,1791683
SPY,2015-04-10,2015-04-10T16:00:00-04:00,210.0,2015-04-24,14.0,0.038356164383561646,190.0,call,19.94,20.17,0.0,,,0.27152,0.94563,0.00172,0.04274,-0.03845,0.01173,spy_options_2015.parquet,1791684
SPY,2015-04-10,2015-04-10T16:00:00-04:00,210.0,2015-04-24,14.0,0.038356164383561646,190.0,put,0.01,0.03,0.03,185,,0.2078,-0.00865,0.00256,0.0098,-0.00577,-0.00099,spy_options_2015.parquet,1791684
SPY,2015-04-10,2015-04-10T16:00:00-04:00,210.0,2015-04-24,14.0,0.038356164383561646,191.0,call,18.97,19.17,0.0,,,0.26099,0.94567,0.00235,0.04271,-0.03653,0.01508,spy_options_2015.parquet,1791685
SPY,2015-04-10,2015-04-10T16:00:00-04:00,210.0,2015-04-24,14.0,0.038356164383561646,191.0,put,0.03,0.03,0.05,0,,0.2068,-0.01142,0.00331,0.01239,-0.00806,-0.00117,spy_options_2015.parquet,1791685
SPY,2015-04-10,2015-04-10T16:00:00-04:00,210.0,2015-04-24,14.0,0.038356164383561646,192.0,call,17.98,18.17,0.0,,,0.24784,0.94554,0.00283,0.04324,-0.0347,0.01664,spy_options_2015.parquet,1791686
SPY,2015-04-10,2015-04-10T16:00:00-04:00,210.0,2015-04-24,14.0,0.038356164383561646,192.0,put,0.04,0.04,0.03,101,,0.19712,-0.01179,0.00367,0.0129,-0.00802,-0.00093,spy_options_2015.parquet,1791686
SPY,2015-04-10,2015-04-10T16:00:00-04:00,210.0,2015-04-24,14.0,0.038356164383561646,193.0,call,16.98,17.2,0.0,,,0.2375,0.94475,0.0037,0.04377,-0.03453,0.01901,spy_options_2015.parquet,1791687
SPY,2015-04-10,2015-04-10T16:00:00-04:00,210.0,2015-04-24,14.0,0.038356164383561646,193.0,put,0.04,0.05,0.04,371,,0.19073,-0.01399,0.0043,0.01504,-0.00867,-0.00152,spy_options_2015.parquet,1791687
SPY,2015-04-10,2015-04-10T16:00:00-04:00,210.0,2015-04-24,14.0,0.038356164383561646,194.0,call,15.96,16.18,15.12,3,,0.2194,0.94602,0.00343,0.04241,-0.03076,0.01713,spy_options_2015.parquet,1791688
SPY,2015-04-10,2015-04-10T16:00:00-04:00,210.0,2015-04-24,14.0,0.038356164383561646,194.0,put,0.04,0.06,0.05,28,,0.18328,-0.01567,0.00511,0.01733,-0.00978,-0.00173,spy_options_2015.parquet,1791688
SPY,2015-04-10,2015-04-10T16:00:00-04:00,210.0,2015-04-24,14.0,0.038356164383561646,194.5,call,15.48,15.69,0.0,,,0.21732,0.9447,0.0045,0.04371,-0.03091,0.02086,spy_options_2015.parquet,1791689
SPY,2015-04-10,2015-04-10T16:00:00-04:00,210.0,2015-04-24,14.0,0.038356164383561646,194.5,put,0.05,0.07,0.05,3,,0.18415,-0.01863,0.00592,0.01975,-0.01162,-0.00183,spy_options_2015.parquet,1791689
SPY,2015-04-10,2015-04-10T16:00:00-04:00,210.0,2015-04-24,14.0,0.038356164383561646,195.0,call,14.96,15.19,12.85,0,,0.20778,0.94539,0.00435,0.04316,-0.02944,0.01952,spy_options_2015.parquet,1791690
SPY,2015-04-10,2015-04-10T16:00:00-04:00,210.0,2015-04-24,14.0,0.038356164383561646,195.0,put,0.04,0.05,0.06,99,,0.17606,-0.01823,0.00592,0.01895,-0.01032,-0.00187,spy_options_2015.parquet,1791690
SPY,2015-04-10,2015-04-10T16:00:00-04:00,210.0,2015-04-24,14.0,0.038356164383561646,195.5,call,14.48,14.68,0.0,,,0.20081,0.94583,0.00468,0.04389,-0.02891,0.0201,spy_options_2015.parquet,1791691
SPY,2015-04-10,2015-04-10T16:00:00-04:00,210.0,2015-04-24,14.0,0.038356164383561646,195.5,put,0.05,0.06,0.06,7,,0.17318,-0.0197,0.00652,0.02133,-0.01155,-0.00133,spy_options_2015.parquet,1791691
SPY,2015-04-10,2015-04-10T16:00:00-04:00,210.0,2015-04-24,14.0,0.038356164383561646,196.0,call,13.97,14.16,0.0,,,0.19074,0.94673,0.00425,0.04278,-0.02679,0.01855,spy_options_2015.parquet,1791692
SPY,2015-04-10,2015-04-10T16:00:00-04:00,210.0,2015-04-24,14.0,0.038356164383561646,196.0,put,0.04,0.07,0.06,20,,0.17087,-0.02223,0.00726,0.0231,-0.01244,-0.00227,spy_options_2015.parquet,1791692
SPY,2015-04-10,2015-04-10T16:00:00-04:00,210.0,2015-04-24,14.0,0.038356164383561646,196.5,call,13.5,13.69,13.41,1,,0.19004,0.94455,0.00595,0.0449,-0.02733,0.02337,spy_options_2015.parquet,1791693
SPY,2015-04-10,2015-04-10T16:00:00-04:00,210.0,2015-04-24,14.0,0.038356164383561646,196.5,put,0.06,0.07,0.1,0,,0.16748,-0.02404,0.00791,0.0245,-0.01316,-0.00245,spy_options_2015.parquet,1791693
SPY,2015-04-10,2015-04-10T16:00:00-04:00,210.0,2015-04-24,14.0,0.038356164383561646,197.0,call,13.0,13.18,0.0,,,0.18346,0.94499,0.00638,0.04458,-0.02697,0.02392,spy_options_2015.parquet,1791694
SPY,2015-04-10,2015-04-10T16:00:00-04:00,210.0,2015-04-24,14.0,0.038356164383561646,197.0,put,0.08,0.08,0.07,108,,0.1661,-0.02792,0.00898,0.02699,-0.0142,-0.00262,spy_options_2015.parquet,1791694
SPY,2015-04-10,2015-04-10T16:00:00-04:00,210.0,2015-04-24,14.0,0.038356164383561646,197.5,call,12.5,12.67,0.0,,,0.17655,0.94455,0.00684,0.04476,-0.02557,0.02498,spy_options_2015.parquet,1791695
SPY,2015-04-10,2015-04-10T16:00:00-04:00,210.0,2015-04-24,14.0,0.038356164383561646,197.5,put,0.06,0.09,0.08,,,0.16052,-0.02867,0.00955,0.02837,-0.01388,-0.00242,spy_options_2015.parquet,1791695
SPY,2015-04-10,2015-04-10T16:00:00-04:00,210.0,2015-04-24,14.0,0.038356164383561646,198.0,call,11.99,12.21,0.0,,,0.17067,0.94354,0.00775,0.0457,-0.02492,0.02586,spy_options_2015.parquet,1791696
SPY,2015-04-10,2015-04-10T16:00:00-04:00,210.0,2015-04-24,14.0,0.038356164383561646,198.0,put,0.07,0.08,0.09,,,0.15673,-0.03052,0.01041,0.02991,-0.01459,-0.00263,spy_options_2015.parquet,1791696
SPY,2015-04-10,2015-04-10T16:00:00-04:00,210.0,2015-04-24,14.0,0.038356164383561646,198.5,call,11.51,11.69,0.0,,,0.16589,0.94225,0.00875,0.04637,-0.02534,0.02748,spy_options_2015.parquet,1791697
SPY,2015-04-10,2015-04-10T16:00:00-04:00,210.0,2015-04-24,14.0,0.038356164383561646,198.5,put,0.09,0.11,0.1,187,,0.156,-0.03549,0.01187,0.03358,-0.01702,-0.00332,spy_options_2015.parquet,1791697
SPY,2015-04-10,2015-04-10T16:00:00-04:00,210.0,2015-04-24,14.0,0.038356164383561646,199.0,call,11.02,11.2,10.89,3,,0.16123,0.94031,0.01006,0.04784,-0.02442,0.03074,spy_options_2015.parquet,1791698
SPY,2015-04-10,2015-04-10T16:00:00-04:00,210.0,2015-04-24,14.0,0.038356164383561646,199.0,put,0.1,0.1,0.1,431,,0.15001,-0.03692,0.01271,0.03468,-0.01702,-0.00281,spy_options_2015.parquet,1791698
SPY,2015-04-10,2015-04-10T16:00:00-04:00,210.0,2015-04-24,14.0,0.038356164383561646,199.5,call,10.52,10.71,0.0,,,0.15546,0.93921,0.01121,0.04863,-0.02458,0.03195,spy_options_2015.parquet,1791699
SPY,2015-04-10,2015-04-10T16:00:00-04:00,210.0,2015-04-24,14.0,0.038356164383561646,199.5,put,0.1,0.12,0.12,433,,0.14841,-0.04239,0.01434,0.03842,-0.018,-0.00355,spy_options_2015.parquet,1791699
SPY,2015-04-10,2015-04-10T16:00:00-04:00,210.0,2015-04-24,14.0,0.038356164383561646,200.0,call,10.04,10.21,10.05,11,,0.15064,0.93736,0.01283,0.0507,-0.02485,0.03416,spy_options_2015.parquet,1791700
SPY,2015-04-10,2015-04-10T16:00:00-04:00,210.0,2015-04-24,14.0,0.038356164383561646,200.0,put,0.12,0.12,0.12,,,0.14475,-0.04675,0.01586,0.04175,-0.01967,-0.00448,spy_options_2015.parquet,1791700
SPY,2015-04-10,2015-04-10T16:00:00-04:00,210.0,2015-04-24,14.0,0.038356164383561646,200.5,call,9.55,9.75,0.0,,,0.14911,0.93161,0.01537,0.0553,-0.02598,0.03811,spy_options_2015.parquet,1791701
SPY,2015-04-10,2015-04-10T16:00:00-04:00,210.0,2015-04-24,14.0,0.038356164383561646,200.5,put,0.12,0.14,0.15,21,,0.1413,-0.05155,0.01746,0.04473,-0.02014,-0.00447,spy_options_2015.parquet,1791701
SPY,2015-04-10,2015-04-10T16:00:00-04:00,210.0,2015-04-24,14.0,0.038356164383561646,201.0,call,9.05,9.25,9.17,10,,0.14135,0.93119,0.0165,0.05485,-0.02457,0.03905,spy_options_2015.parquet,1791702
SPY,2015-04-10,2015-04-10T16:00:00-04:00,210.0,2015-04-24,14.0,0.038356164383561646,201.0,put,0.13,0.16,0.15,212,,0.13922,-0.05888,0.01973,0.04979,-0.02251,-0.00498,spy_options_2015.parquet,1791702
SPY,2015-04-10,2015-04-10T16:00:00-04:00,210.0,2015-04-24,14.0,0.038356164383561646,201.5,call,8.59,8.76,0.0,,,0.14047,0.92276,0.01965,0.06012,-0.02691,0.04275,spy_options_2015.parquet,1791703
SPY,2015-04-10,2015-04-10T16:00:00-04:00,210.0,2015-04-24,14.0,0.038356164383561646,201.5,put,0.16,0.17,0.18,39,,0.13696,-0.06575,0.02212,0.05485,-0.02425,-0.00587,spy_options_2015.parquet,1791703
SPY,2015-04-10,2015-04-10T16:00:00-04:00,210.0,2015-04-24,14.0,0.038356164383561646,202.0,call,8.09,8.27,8.12,102,,0.13369,0.92023,0.02174,0.06237,-0.0269,0.04484,spy_options_2015.parquet,1791704
SPY,2015-04-10,2015-04-10T16:00:00-04:00,210.0,2015-04-24,14.0,0.038356164383561646,202.0,put,0.18,0.2,0.18,528,,0.13398,-0.0736,0.02459,0.06006,-0.02644,-0.00619,spy_options_2015.parquet,1791704
SPY,2015-04-10,2015-04-10T16:00:00-04:00,210.0,2015-04-24,14.0,0.038356164383561646,202.5,call,7.64,7.8,0.0,,,0.13245,0.91009,0.02537,0.06881,-0.0292,0.04756,spy_options_2015.parquet,1791705
SPY,2015-04-10,2015-04-10T16:00:00-04:00,210.0,2015-04-24,14.0,0.038356164383561646,202.5,put,0.2,0.23,0.21,227,,0.13134,-0.08359,0.02752,0.06547,-0.02778,-0.00728,spy_options_2015.parquet,1791705
SPY,2015-04-10,2015-04-10T16:00:00-04:00,210.0,2015-04-24,14.0,0.038356164383561646,203.0,call,7.16,7.33,7.12,101,,0.12946,0.89978,0.02894,0.07459,-0.03141,0.05061,spy_options_2015.parquet,1791706
SPY,2015-04-10,2015-04-10T16:00:00-04:00,210.0,2015-04-24,14.0,0.038356164383561646,203.0,put,0.23,0.24,0.24,502,,0.12682,-0.09245,0.03057,0.07095,-0.02939,-0.00835,spy_options_2015.parquet,1791706
SPY,2015-04-10,2015-04-10T16:00:00-04:00,210.0,2015-04-24,14.0,0.038356164383561646,203.5,call,6.69,6.86,0.0,,,0.12629,0.88914,0.03276,0.0798,-0.03226,0.05234,spy_options_2015.parquet,1791707
SPY,2015-04-10,2015-04-10T16:00:00-04:00,210.0,2015-04-24,14.0,0.038356164383561646,203.5,put,0.27,0.28,0.28,298,,0.12564,-0.10644,0.03434,0.07883,-0.03278,-0.00913,spy_options_2015.parquet,1791707
SPY,2015-04-10,2015-04-10T16:00:00-04:00,210.0,2015-04-24,14.0,0.038356164383561646,204.0,call,6.28,6.39,6.35,18,,0.12654,0.87213,0.03732,0.08917,-0.0366,0.05417,spy_options_2015.parquet,1791708
SPY,2015-04-10,2015-04-10T16:00:00-04:00,210.0,2015-04-24,14.0,0.038356164383561646,204.0,put,0.29,0.31,0.32,579,,0.12229,-0.11935,0.03824,0.08494,-0.03434,-0.01047,spy_options_2015.parquet,1791708
SPY,2015-04-10,2015-04-10T16:00:00-04:00,210.0,2015-04-24,14.0,0.038356164383561646,204.5,call,5.78,5.95,5.4,10,,0.12244,0.85967,0.04163,0.0952,-0.03715,0.05556,spy_options_2015.parquet,1791709
SPY,2015-04-10,2015-04-10T16:00:00-04:00,210.0,2015-04-24,14.0,0.038356164383561646,204.5,put,0.35,0.36,0.4,732,,0.11998,-0.13572,0.04257,0.09273,-0.03713,-0.01156,spy_options_2015.parquet,1791709
SPY,2015-04-10,2015-04-10T16:00:00-04:00,210.0,2015-04-24,14.0,0.038356164383561646,205.0,call,5.33,5.49,5.36,132,,0.11893,0.84323,0.04649,0.1026,-0.03985,0.05657,spy_options_2015.parquet,1791710
SPY,2015-04-10,2015-04-10T16:00:00-04:00,210.0,2015-04-24,14.0,0.038356164383561646,205.0,put,0.4,0.43,0.42,,,0.11845,-0.15481,0.04731,0.10126,-0.03986,-0.01382,spy_options_2015.parquet,1791710
SPY,2015-04-10,2015-04-10T16:00:00-04:00,210.0,2015-04-24,14.0,0.038356164383561646,205.5,call,4.89,5.08,4.79,42,,0.11739,0.82037,0.05159,0.11194,-0.04291,0.05774,spy_options_2015.parquet,1791711
SPY,2015-04-10,2015-04-10T16:00:00-04:00,210.0,2015-04-24,14.0,0.038356164383561646,205.5,put,0.45,0.47,0.47,,,0.1146,-0.17329,0.05239,0.10937,-0.04172,-0.01471,spy_options_2015.parquet,1791711
SPY,2015-04-10,2015-04-10T16:00:00-04:00,210.0,2015-04-24,14.0,0.038356164383561646,206.0,call,4.46,4.62,4.48,133,,0.11397,0.79971,0.05724,0.11881,-0.04452,0.0579,spy_options_2015.parquet,1791712
SPY,2015-04-10,2015-04-10T16:00:00-04:00,210.0,2015-04-24,14.0,0.038356164383561646,206.0,put,0.52,0.54,0.55,,,0.11308,-0.19754,0.05781,0.11888,-0.04455,-0.01705,spy_options_2015.parquet,1791712
SPY,2015-04-10,2015-04-10T16:00:00-04:00,210.0,2015-04-24,14.0,0.038356164383561646,206.5,call,4.05,4.19,4.1,184,,0.11199,0.77471,0.06294,0.12805,-0.04699,0.05695,spy_options_2015.parquet,1791713
SPY,2015-04-10,2015-04-10T16:00:00-04:00,210.0,2015-04-24,14.0,0.038356164383561646,206.5,put,0.59,0.62,0.63,,,0.10939,-0.22188,0.06381,0.12685,-0.04641,-0.01906,spy_options_2015.parquet,1791713
SPY,2015-04-10,2015-04-10T16:00:00-04:00,210.0,2015-04-24,14.0,0.038356164383561646,207.0,call,3.63,3.77,3.59,177,,0.10864,0.74757,0.0692,0.13634,-0.04835,0.05649,spy_options_2015.parquet,1791714
SPY,2015-04-10,2015-04-10T16:00:00-04:00,210.0,2015-04-24,14.0,0.038356164383561646,207.0,put,0.69,0.7,0.7,,,0.10735,-0.25046,0.06975,0.13527,-0.04899,-0.02203,spy_options_2015.parquet,1791714
SPY,2015-04-10,2015-04-10T16:00:00-04:00,210.0,2015-04-24,14.0,0.038356164383561646,207.5,call,3.25,3.37,3.27,347,,0.10595,0.71438,0.07527,0.14514,-0.05047,0.05558,spy_options_2015.parquet,1791715
SPY,2015-04-10,2015-04-10T16:00:00-04:00,210.0,2015-04-24,14.0,0.038356164383561646,207.5,put,0.79,0.8,0.8,993,,0.10446,-0.28303,0.07587,0.1442,-0.05089,-0.02428,spy_options_2015.parquet,1791715
SPY,2015-04-10,2015-04-10T16:00:00-04:00,210.0,2015-04-24,14.0,0.038356164383561646,208.0,call,2.9,2.98,2.91,,,0.10419,0.67789,0.08058,0.15253,-0.0532,0.05376,spy_options_2015.parquet,1791716
SPY,2015-04-10,2015-04-10T16:00:00-04:00,210.0,2015-04-24,14.0,0.038356164383561646,208.0,put,0.9,0.92,0.93,,,0.10271,-0.31972,0.08185,0.15208,-0.05262,-0.02804,spy_options_2015.parquet,1791716
SPY,2015-04-10,2015-04-10T16:00:00-04:00,210.0,2015-04-24,14.0,0.038356164383561646,208.5,call,2.53,2.6,2.55,458,,0.10067,0.6404,0.08692,0.15971,-0.05396,0.05161,spy_options_2015.parquet,1791717
SPY,2015-04-10,2015-04-10T16:00:00-04:00,210.0,2015-04-24,14.0,0.038356164383561646,208.5,put,1.02,1.05,1.05,,,0.09914,-0.35781,0.08838,0.15899,-0.05347,-0.03104,spy_options_2015.parquet,1791717
SPY,2015-04-10,2015-04-10T16:00:00-04:00,210.0,2015-04-24,14.0,0.038356164383561646,209.0,call,2.19,2.24,2.18,,,0.09769,0.59815,0.09272,0.16446,-0.05375,0.04816,spy_options_2015.parquet,1791718
SPY,2015-04-10,2015-04-10T16:00:00-04:00,210.0,2015-04-24,14.0,0.038356164383561646,209.0,put,1.16,1.2,1.19,,,0.09686,-0.40067,0.09406,0.16457,-0.0544,-0.03478,spy_options_2015.parquet,1791718
SPY,2015-04-10,2015-04-10T16:00:00-04:00,210.0,2015-04-24,14.0,0.038356164383561646,209.5,call,1.85,1.88,1.87,,,0.09444,0.55259,0.0982,0.16789,-0.05372,0.04554,spy_options_2015.parquet,1791719
SPY,2015-04-10,2015-04-10T16:00:00-04:00,210.0,2015-04-24,14.0,0.038356164383561646,209.5,put,1.32,1.35,1.35,,,0.09261,-0.44661,0.10024,0.16805,-0.05282,-0.03858,spy_options_2015.parquet,1791719
SPY,2015-04-10,2015-04-10T16:00:00-04:00,210.0,2015-04-24,14.0,0.038356164383561646,210.0,call,1.56,1.58,1.56,,,0.09261,0.50291,0.10273,0.17025,-0.05317,0.04148,spy_options_2015.parquet,1791720
SPY,2015-04-10,2015-04-10T16:00:00-04:00,210.0,2015-04-24,14.0,0.038356164383561646,210.0,put,1.51,1.55,1.53,,,0.09039,-0.49705,0.10543,0.17003,-0.05279,-0.04331,spy_options_2015.parquet,1791720
SPY,2015-04-10,2015-04-10T16:00:00-04:00,210.0,2015-04-24,14.0,0.038356164383561646,210.5,call,1.26,1.29,1.24,,,0.08899,0.45084,0.10478,0.16896,-0.05012,0.03763,spy_options_2015.parquet,1791721
SPY,2015-04-10,2015-04-10T16:00:00-04:00,210.0,2015-04-24,14.0,0.038356164383561646,210.5,put,1.73,1.79,1.77,,,0.08716,-0.55026,0.10614,0.16862,-0.05087,-0.0477,spy_options_2015.parquet,1791721
SPY,2015-04-10,2015-04-10T16:00:00-04:00,210.0,2015-04-24,14.0,0.038356164383561646,211.0,call,1.0,1.02,1.01,,,0.08591,0.39516,0.10565,0.16349,-0.04665,0.0333,spy_options_2015.parquet,1791722
SPY,2015-04-10,2015-04-10T16:00:00-04:00,210.0,2015-04-24,14.0,0.038356164383561646,211.0,put,1.94,2.06,2.03,425,,0.08406,-0.60684,0.10695,0.16366,-0.04695,-0.05277,spy_options_2015.parquet,1791722
SPY,2015-04-10,2015-04-10T16:00:00-04:00,210.0,2015-04-24,14.0,0.038356164383561646,211.5,call,0.78,0.8,0.78,,,0.08297,0.33872,0.10335,0.15544,-0.04301,0.02839,spy_options_2015.parquet,1791723
SPY,2015-04-10,2015-04-10T16:00:00-04:00,210.0,2015-04-24,14.0,0.038356164383561646,211.5,put,2.21,2.3,2.3,234,,0.08095,-0.66648,0.10606,0.15481,-0.04252,-0.05871,spy_options_2015.parquet,1791723
SPY,2015-04-10,2015-04-10T16:00:00-04:00,210.0,2015-04-24,14.0,0.038356164383561646,212.0,call,0.57,0.59,0.57,,,0.07926,0.28074,0.0995,0.14416,-0.03781,0.02391,spy_options_2015.parquet,1791724
SPY,2015-04-10,2015-04-10T16:00:00-04:00,210.0,2015-04-24,14.0,0.038356164383561646,212.0,put,2.52,2.65,2.59,108,,0.07912,-0.71933,0.09943,0.14366,-0.03972,-0.06295,spy_options_2015.parquet,1791724
SPY,2015-04-10,2015-04-10T16:00:00-04:00,210.0,2015-04-24,14.0,0.038356164383561646,212.5,call,0.43,0.44,0.43,236,,0.07701,0.22717,0.09155,0.12887,-0.033,0.01889,spy_options_2015.parquet,1791725
SPY,2015-04-10,2015-04-10T16:00:00-04:00,210.0,2015-04-24,14.0,0.038356164383561646,212.5,put,2.85,3.0,3.45,3,,0.07697,-0.77527,0.09197,0.12833,-0.03381,-0.06833,spy_options_2015.parquet,1791725
SPY,2015-04-10,2015-04-10T16:00:00-04:00,210.0,2015-04-24,14.0,0.038356164383561646,213.0,call,0.29,0.32,0.3,,,0.07498,0.17625,0.0813,0.11105,-0.02748,0.01539,spy_options_2015.parquet,1791726
SPY,2015-04-10,2015-04-10T16:00:00-04:00,210.0,2015-04-24,14.0,0.038356164383561646,213.0,put,3.21,3.35,3.33,86,,0.07186,-0.83286,0.08162,0.10697,-0.02594,-0.07318,spy_options_2015.parquet,1791726
SPY,2015-04-10,2015-04-10T16:00:00-04:00,210.0,2015-04-24,14.0,0.038356164383561646,213.5,call,0.2,0.23,0.18,,,0.07284,0.13473,0.06925,0.09233,-0.0224,0.01177,spy_options_2015.parquet,1791727
SPY,2015-04-10,2015-04-10T16:00:00-04:00,210.0,2015-04-24,14.0,0.038356164383561646,213.5,put,3.57,3.76,3.81,4,,0.0684,-0.8811,0.06789,0.08553,-0.02009,-0.07702,spy_options_2015.parquet,1791727
SPY,2015-04-10,2015-04-10T16:00:00-04:00,210.0,2015-04-24,14.0,0.038356164383561646,214.0,call,0.14,0.15,0.14,208,,0.07273,0.09996,0.05703,0.07548,-0.01786,0.00828,spy_options_2015.parquet,1791728
SPY,2015-04-10,2015-04-10T16:00:00-04:00,210.0,2015-04-24,14.0,0.038356164383561646,214.0,put,4.04,4.19,4.3,69,,0.06835,-0.91341,0.0544,0.06816,-0.01571,-0.08054,spy_options_2015.parquet,1791728
SPY,2015-04-10,2015-04-10T16:00:00-04:00,210.0,2015-04-24,14.0,0.038356164383561646,214.5,call,0.09,0.11,0.09,53,,0.07099,0.07157,0.04503,0.05865,-0.01383,0.00644,spy_options_2015.parquet,1791729
SPY,2015-04-10,2015-04-10T16:00:00-04:00,210.0,2015-04-24,14.0,0.038356164383561646,214.5,put,4.52,4.68,0.0,,,0.069,-0.93368,0.0435,0.05576,-0.01326,-0.08267,spy_options_2015.parquet,1791729
SPY,2015-04-10,2015-04-10T16:00:00-04:00,210.0,2015-04-24,14.0,0.038356164383561646,215.0,call,0.07,0.08,0.07,,,0.0731,0.05732,0.03666,0.04928,-0.01184,0.00467,spy_options_2015.parquet,1791730
SPY,2015-04-10,2015-04-10T16:00:00-04:00,210.0,2015-04-24,14.0,0.038356164383561646,215.0,put,5.04,5.15,5.17,26,,0.07729,-0.93315,0.03939,0.05528,-0.01444,-0.08304,spy_options_2015.parquet,1791730
SPY,2015-04-10,2015-04-10T16:00:00-04:00,210.0,2015-04-24,14.0,0.038356164383561646,215.5,call,0.05,0.06,0.05,123,,0.07377,0.04352,0.02904,0.03951,-0.00929,0.00416,spy_options_2015.parquet,1791731
SPY,2015-04-10,2015-04-10T16:00:00-04:00,210.0,2015-04-24,14.0,0.038356164383561646,215.5,put,5.44,5.61,0.0,,,0.06457,-0.9759,0.0206,0.02496,-0.00594,-0.08626,spy_options_2015.parquet,1791731
SPY,2015-04-10,2015-04-10T16:00:00-04:00,210.0,2015-04-24,14.0,0.038356164383561646,216.0,call,0.03,0.05,0.03,1,,0.07483,0.03256,0.02274,0.03191,-0.00736,0.0025,spy_options_2015.parquet,1791732
SPY,2015-04-10,2015-04-10T16:00:00-04:00,210.0,2015-04-24,14.0,0.038356164383561646,216.0,put,5.92,6.12,6.24,29,,0.06078,-0.9888,0.011,0.01294,-0.00336,-0.08755,spy_options_2015.parquet,1791732
SPY,2015-04-10,2015-04-10T16:00:00-04:00,210.0,2015-04-24,14.0,0.038356164383561646,216.5,call,0.03,0.04,0.03,,,0.07785,0.02748,0.01912,0.02749,-0.0063,0.00232,spy_options_2015.parquet,1791733
SPY,2015-04-10,2015-04-10T16:00:00-04:00,210.0,2015-04-24,14.0,0.038356164383561646,216.5,put,6.41,6.63,8.49,0,,0.07168,-0.98253,0.01449,0.01972,-0.0056,-0.08739,spy_options_2015.parquet,1791733
SPY,2015-04-10,2015-04-10T16:00:00-04:00,210.0,2015-04-24,14.0,0.038356164383561646,217.0,call,0.02,0.04,0.02,0,,0.08154,0.02359,0.01603,0.02419,-0.0058,0.00156,spy_options_2015.parquet,1791734
SPY,2015-04-10,2015-04-10T16:00:00-04:00,210.0,2015-04-24,14.0,0.038356164383561646,217.0,put,6.9,7.15,0.0,,,0.07359,-0.98577,0.01121,0.01527,-0.0047,-0.08748,spy_options_2015.parquet,1791734
SPY,2015-04-10,2015-04-10T16:00:00-04:00,210.0,2015-04-24,14.0,0.038356164383561646,217.5,call,0.02,0.04,0.02,15,,0.08329,0.0195,0.01325,0.02027,-0.00524,0.00173,spy_options_2015.parquet,1791735
SPY,2015-04-10,2015-04-10T16:00:00-04:00,210.0,2015-04-24,14.0,0.038356164383561646,217.5,put,7.4,7.62,0.0,,,0.07331,-0.99055,0.00784,0.01036,-0.00369,-0.08896,spy_options_2015.parquet,1791735
SPY,2015-04-10,2015-04-10T16:00:00-04:00,210.0,2015-04-24,14.0,0.038356164383561646,218.0,call,0.02,0.03,0.03,30,,0.08774,0.01873,0.01204,0.01979,-0.00557,0.00172,spy_options_2015.parquet,1791736
SPY,2015-04-10,2015-04-10T16:00:00-04:00,210.0,2015-04-24,14.0,0.038356164383561646,218.0,put,7.9,8.13,8.77,10,,0.07142,-0.99492,0.00472,0.00653,-0.00234,-0.08951,spy_options_2015.parquet,1791736
SPY,2015-04-10,2015-04-10T16:00:00-04:00,210.0,2015-04-24,14.0,0.038356164383561646,218.5,call,0.01,0.02,0.0,,,0.0898,0.01516,0.00985,0.01593,-0.00429,0.00161,spy_options_2015.parquet,1791737
SPY,2015-04-10,2015-04-10T16:00:00-04:00,210.0,2015-04-24,14.0,0.038356164383561646,218.5,put,8.39,8.63,0.0,,,0.07556,-0.99568,0.00422,0.00606,-0.00185,-0.08911,spy_options_2015.parquet,1791737
SPY,2015-04-10,2015-04-10T16:00:00-04:00,210.0,2015-04-24,14.0,0.038356164383561646,219.0,call,0.01,0.01,0.02,20,,0.09034,0.01106,0.00777,0.01323,-0.00403,0.00073,spy_options_2015.parquet,1791738
SPY,2015-04-10,2015-04-10T16:00:00-04:00,210.0,2015-04-24,14.0,0.038356164383561646,219.0,put,8.89,9.12,0.0,,,0.00082,-0.99972,0.0,0.0,-0.00091,-0.09019,spy_options_2015.parquet,1791738
SPY,2015-04-10,2015-04-10T16:00:00-04:00,210.0,2015-04-24,14.0,0.038356164383561646,219.5,call,0.0,0.02,0.01,5,,0.09496,0.01091,0.00719,0.01254,-0.00383,0.00096,spy_options_2015.parquet,1791739
SPY,2015-04-10,2015-04-10T16:00:00-04:00,210.0,2015-04-24,14.0,0.038356164383561646,219.5,put,9.37,9.61,0.0,,,0.00016,-1.0,0.0,0.15442,0.0,0.0,spy_options_2015.parquet,1791739
SPY,2015-04-10,2015-04-10T16:00:00-04:00,210.0,2015-04-24,14.0,0.038356164383561646,220.0,call,0.01,0.02,0.02,2,,0.09944,0.01054,0.00662,0.01206,-0.00325,0.00125,spy_options_2015.parquet,1791740
SPY,2015-04-10,2015-04-10T16:00:00-04:00,210.0,2015-04-24,14.0,0.038356164383561646,220.0,put,9.85,10.12,0.0,,,0.00019,-1.0,0.0,0.15413,0.0,0.0,spy_options_2015.parquet,1791740
SPY,2015-04-10,2015-04-10T16:00:00-04:00,210.0,2015-04-24,14.0,0.038356164383561646,222.5,call,0.0,0.0,0.01,2,,0.10593,0.00387,0.0024,0.00508,-0.00156,0.00017,spy_options_2015.parquet,1791741
SPY,2015-04-10,2015-04-10T16:00:00-04:00,210.0,2015-04-24,14.0,0.038356164383561646,222.5,put,12.38,12.62,0.0,,,0.00044,-1.0,0.0,0.15376,0.0,0.0,spy_options_2015.parquet,1791741
SPY,2015-04-10,2015-04-10T16:00:00-04:00,210.0,2015-04-24,14.0,0.038356164383561646,225.0,call,0.0,0.01,0.0,,,0.1246,0.00307,0.00186,0.00469,-0.00117,0.00058,spy_options_2015.parquet,1791742
SPY,2015-04-10,2015-04-10T16:00:00-04:00,210.0,2015-04-24,14.0,0.038356164383561646,225.0,put,14.86,15.11,0.0,,,,-1.0,0.0,0.15382,0.0,0.0,spy_options_2015.parquet,1791742
SPY,2015-04-10,2015-04-10T16:00:00-04:00,210.0,2015-04-24,14.0,0.038356164383561646,227.5,call,0.0,0.0,0.0,,,0.14145,0.00261,0.00138,0.00378,-0.0018,-0.00024,spy_options_2015.parquet,1791743
SPY,2015-04-10,2015-04-10T16:00:00-04:00,210.0,2015-04-24,14.0,0.038356164383561646,227.5,put,17.36,17.63,0.0,,,0.0003,-1.0,0.0,0.1537,0.0,0.0,spy_options_2015.parquet,1791743
SPY,2015-04-10,2015-04-10T16:00:00-04:00,210.0,2015-04-24,14.0,0.038356164383561646,230.0,call,0.0,0.0,0.0,,,0.15941,0.0028,0.0011,0.00307,-0.00204,-8e-05,spy_options_2015.parquet,1791744
SPY,2015-04-10,2015-04-10T16:00:00-04:00,210.0,2015-04-24,14.0,0.038356164383561646,230.0,put,19.85,20.13,0.0,,,6e-05,-1.0,0.0,0.15428,0.0,0.0,spy_options_2015.parquet,1791744
SPY,2015-04-10,2015-04-10T16:00:00-04:00,210.0,2015-04-24,14.0,0.038356164383561646,232.5,call,0.0,0.01,0.0,,,0.17611,0.00215,0.00098,0.00273,-0.00111,-0.00017,spy_options_2015.parquet,1791745
SPY,2015-04-10,2015-04-10T16:00:00-04:00,210.0,2015-04-24,14.0,0.038356164383561646,232.5,put,22.35,22.62,0.0,,,,-1.0,0.0,0.1534,0.0,0.0,spy_options_2015.parquet,1791745
SPY,2015-04-10,2015-04-10T16:00:00-04:00,210.0,2015-04-24,14.0,0.038356164383561646,235.0,call,0.0,0.01,0.0,,,0.19299,0.00176,0.00078,0.00297,-0.00186,-9e-05,spy_options_2015.parquet,1791746
SPY,2015-04-10,2015-04-10T16:00:00-04:00,210.0,2015-04-24,14.0,0.038356164383561646,235.0,put,24.85,25.13,0.0,,,-0.00011,-1.0,0.0,0.15404,0.0,0.0,spy_options_2015.parquet,1791746
SPY,2015-04-10,2015-04-10T16:00:00-04:00,210.0,2015-04-24,14.0,0.038356164383561646,237.5,call,0.0,0.01,0.0,,,0.2092,0.00163,0.00069,0.00273,-0.00117,0.00041,spy_options_2015.parquet,1791747
SPY,2015-04-10,2015-04-10T16:00:00-04:00,210.0,2015-04-24,14.0,0.038356164383561646,237.5,put,27.34,27.61,0.0,,,,-1.0,0.0,0.15405,0.0,0.0,spy_options_2015.parquet,1791747
SPY,2015-04-10,2015-04-10T16:00:00-04:00,210.0,2015-04-24,14.0,0.038356164383561646,240.0,call,0.0,0.0,0.0,,,0.22468,0.00165,0.0006,0.00225,-0.00185,9e-05,spy_options_2015.parquet,1791748
SPY,2015-04-10,2015-04-10T16:00:00-04:00,210.0,2015-04-24,14.0,0.038356164383561646,240.0,put,29.85,30.11,0.0,,,,-1.0,0.0,0.15345,0.0,0.0,spy_options_2015.parquet,1791748
SPY,2015-04-10,2015-04-10T16:00:00-04:00,210.0,2015-04-24,14.0,0.038356164383561646,242.5,call,0.0,0.02,0.0,,,0.24084,0.00127,0.00057,0.00207,-0.00152,-0.00019,spy_options_2015.parquet,1791749
SPY,2015-04-10,2015-04-10T16:00:00-04:00,210.0,2015-04-24,14.0,0.038356164383561646,242.5,put,32.34,32.61,0.0,,,,-1.0,0.0,0.15385,0.0,0.0,spy_options_2015.parquet,1791749
SPY,2015-04-10,2015-04-10T16:00:00-04:00,210.0,2015-04-24,14.0,0.038356164383561646,245.0,call,0.0,0.0,0.0,,,0.2564,0.00211,0.00045,0.00223,-0.00153,0.00025,spy_options_2015.parquet,1791750
SPY,2015-04-10,2015-04-10T16:00:00-04:00,210.0,2015-04-24,14.0,0.038356164383561646,245.0,put,34.83,35.11,0.0,,,,-1.0,0.0,0.15322,0.0,0.0,spy_options_2015.parquet,1791750
SPY,2015-04-10,2015-04-10T16:00:00-04:00,210.0,2015-04-24,14.0,0.038356164383561646,247.5,call,0.0,0.02,0.0,,,0.27173,0.0012,0.00042,0.00234,-0.0012,0.00024,spy_options_2015.parquet,1791751
SPY,2015-04-10,2015-04-10T16:00:00-04:00,210.0,2015-04-24,14.0,0.038356164383561646,247.5,put,37.33,37.62,0.0,,,,-1.0,0.0,0.15282,0.0,0.0,spy_options_2015.parquet,1791751
SPY,2015-04-10,2015-04-10T16:00:00-04:00,210.0,2015-04-24,14.0,0.038356164383561646,250.0,call,0.0,0.0,0.0,,,0.28661,0.00162,0.00043,0.0024,-0.0012,0.00048,spy_options_2015.parquet,1791752
SPY,2015-04-10,2015-04-10T16:00:00-04:00,210.0,2015-04-24,14.0,0.038356164383561646,250.0,put,39.85,40.13,0.0,,,-0.00011,-1.0,0.0,0.15348,0.0,0.0,spy_options_2015.parquet,1791752
SPY,2015-04-10,2015-04-10T16:00:00-04:00,210.0,2015-04-24,14.0,0.038356164383561646,252.5,call,0.0,0.02,0.0,,,0.30154,0.00148,0.00038,0.00231,-0.00133,0.00023,spy_options_2015.parquet,1791753
SPY,2015-04-10,2015-04-10T16:00:00-04:00,210.0,2015-04-24,14.0,0.038356164383561646,252.5,put,42.33,42.61,0.0,,,,-1.0,0.0,0.15321,0.0,0.0,spy_options_2015.parquet,1791753
SPY,2015-04-10,2015-04-10T16:00:00-04:00,210.0,2015-04-24,14.0,0.038356164383561646,255.0,call,0.0,0.01,0.0,,,0.31607,0.00117,0.00032,0.00218,-0.00133,-3e-05,spy_options_2015.parquet,1791754
SPY,2015-04-10,2015-04-10T16:00:00-04:00,210.0,2015-04-24,14.0,0.038356164383561646,255.0,put,44.83,45.11,0.0,,,,-1.0,0.0,0.15267,0.0,0.0,spy_options_2015.parquet,1791754
SPY,2015-04-10,2015-04-10T16:00:00-04:00,210.0,2015-04-24,14.0,0.038356164383561646,257.5,call,0.0,0.01,0.0,,,0.33051,0.00099,0.00032,0.00188,-0.00136,-0.00017,spy_options_2015.parquet,1791755
SPY,2015-04-10,2015-04-10T16:00:00-04:00,210.0,2015-04-24,14.0,0.038356164383561646,257.5,put,47.34,47.63,0.0,,,-0.00027,-1.0,0.0,0.15294,0.0,0.0,spy_options_2015.parquet,1791755
SPY,2015-04-10,2015-04-10T16:00:00-04:00,210.0,2015-04-24,14.0,0.038356164383561646,260.0,call,0.0,0.01,0.0,,,0.3442,0.00141,0.00032,0.00214,-0.00194,0.00055,spy_options_2015.parquet,1791756
SPY,2015-04-10,2015-04-10T16:00:00-04:00,210.0,2015-04-24,14.0,0.038356164383561646,260.0,put,49.83,50.11,0.0,,,,-1.0,0.0,0.15302,0.0,0.0,spy_options_2015.parquet,1791756
SPY,2015-04-10,2015-04-10T16:00:00-04:00,210.0,2015-05-01,21.0,0.057534246575342465,170.0,call,39.9,40.19,0.0,,,0.34737,0.99379,0.00093,0.00868,-0.00647,0.10158,spy_options_2015.parquet,1791757
SPY,2015-04-10,2015-04-10T16:00:00-04:00,210.0,2015-05-01,21.0,0.057534246575342465,170.0,put,0.02,0.03,0.02,100,,0.33585,-0.00411,0.00075,0.00695,-0.00518,-0.00091,spy_options_2015.parquet,1791757
SPY,2015-04-10,2015-04-10T16:00:00-04:00,210.0,2015-05-01,21.0,0.057534246575342465,175.0,call,34.95,35.17,0.0,,,0.31378,0.99246,0.0014,0.01156,-0.00769,0.10402,spy_options_2015.parquet,1791758
SPY,2015-04-10,2015-04-10T16:00:00-04:00,210.0,2015-05-01,21.0,0.057534246575342465,175.0,put,0.0,0.02,0.02,3,,0.27816,-0.00323,0.0007,0.00527,-0.00275,-0.0002,spy_options_2015.parquet,1791758
SPY,2015-04-10,2015-04-10T16:00:00-04:00,210.0,2015-05-01,21.0,0.057534246575342465,180.0,call,29.95,30.18,0.0,,,0.27795,0.98933,0.002,0.01445,-0.00905,0.10705,spy_options_2015.parquet,1791759
SPY,2015-04-10,2015-04-10T16:00:00-04:00,210.0,2015-05-01,21.0,0.057534246575342465,180.0,put,0.03,0.04,0.03,60,,0.26306,-0.00725,0.00154,0.01104,-0.0062,-0.0013,spy_options_2015.parquet,1791759
SPY,2015-04-10,2015-04-10T16:00:00-04:00,210.0,2015-05-01,21.0,0.057534246575342465,185.0,call,24.96,25.19,24.85,5,,0.23984,0.98552,0.00292,0.01861,-0.00957,0.10983,spy_options_2015.parquet,1791760
SPY,2015-04-10,2015-04-10T16:00:00-04:00,210.0,2015-05-01,21.0,0.057534246575342465,185.0,put,0.03,0.04,0.05,383,,0.22426,-0.01017,0.00233,0.01387,-0.00639,-0.00086,spy_options_2015.parquet,1791760
SPY,2015-04-10,2015-04-10T16:00:00-04:00,210.0,2015-05-01,21.0,0.057534246575342465,189.0,call,20.98,21.21,0.0,,,0.21446,0.97835,0.00466,0.02612,-0.01268,0.11119,spy_options_2015.parquet,1791761
SPY,2015-04-10,2015-04-10T16:00:00-04:00,210.0,2015-05-01,21.0,0.057534246575342465,189.0,put,0.04,0.07,0.0,,,0.20259,-0.0156,0.00385,0.02024,-0.00916,-0.00239,spy_options_2015.parquet,1791761
SPY,2015-04-10,2015-04-10T16:00:00-04:00,210.0,2015-05-01,21.0,0.057534246575342465,190.0,call,19.98,20.24,19.3,7,,0.20871,0.97598,0.00528,0.02869,-0.01369,0.11121,spy_options_2015.parquet,1791762
SPY,2015-04-10,2015-04-10T16:00:00-04:00,210.0,2015-05-01,21.0,0.057534246575342465,190.0,put,0.06,0.07,0.07,31,,0.19594,-0.01723,0.00432,0.02287,-0.00987,-0.00263,spy_options_2015.parquet,1791762
SPY,2015-04-10,2015-04-10T16:00:00-04:00,210.0,2015-05-01,21.0,0.057534246575342465,191.0,call,18.99,19.24,0.0,,,0.20136,0.97393,0.00583,0.03069,-0.01367,0.11131,spy_options_2015.parquet,1791763
SPY,2015-04-10,2015-04-10T16:00:00-04:00,210.0,2015-05-01,21.0,0.057534246575342465,191.0,put,0.07,0.09,0.08,25,,0.19159,-0.02031,0.00503,0.02589,-0.01012,-0.00241,spy_options_2015.parquet,1791763
SPY,2015-04-10,2015-04-10T16:00:00-04:00,210.0,2015-05-01,21.0,0.057534246575342465,192.0,call,18.0,18.25,0.0,,,0.19526,0.97078,0.00653,0.03436,-0.01502,0.11182,spy_options_2015.parquet,1791764
SPY,2015-04-10,2015-04-10T16:00:00-04:00,210.0,2015-05-01,21.0,0.057534246575342465,192.0,put,0.08,0.09,0.08,115,,0.18553,-0.02377,0.00576,0.02878,-0.01112,-0.00286,spy_options_2015.parquet,1791764
SPY,2015-04-10,2015-04-10T16:00:00-04:00,210.0,2015-05-01,21.0,0.057534246575342465,193.0,call,17.02,17.25,0.0,,,0.18827,0.96756,0.00745,0.03758,-0.01566,0.11171,spy_options_2015.parquet,1791765
SPY,2015-04-10,2015-04-10T16:00:00-04:00,210.0,2015-05-01,21.0,0.057534246575342465,193.0,put,0.09,0.1,0.11,17,,0.18167,-0.02739,0.00676,0.03305,-0.01326,-0.00349,spy_options_2015.parquet,1791765
SPY,2015-04-10,2015-04-10T16:00:00-04:00,210.0,2015-05-01,21.0,0.057534246575342465,193.5,call,16.52,16.72,0.0,,,0.1791,0.97037,0.00738,0.03494,-0.01344,0.11241,spy_options_2015.parquet,1791766
SPY,2015-04-10,2015-04-10T16:00:00-04:00,210.0,2015-05-01,21.0,0.057534246575342465,193.5,put,0.09,0.1,0.18,0,,0.17718,-0.02848,0.00703,0.03355,-0.01295,-0.0037,spy_options_2015.parquet,1791766
SPY,2015-04-10,2015-04-10T16:00:00-04:00,210.0,2015-05-01,21.0,0.057534246575342465,194.0,call,16.03,16.28,0.0,,,0.1844,0.96165,0.00872,0.04271,-0.01722,0.11184,spy_options_2015.parquet,1791767
SPY,2015-04-10,2015-04-10T16:00:00-04:00,210.0,2015-05-01,21.0,0.057534246575342465,194.0,put,0.1,0.13,0.12,65,,0.17525,-0.03092,0.0077,0.03621,-0.01392,-0.00435,spy_options_2015.parquet,1791767
SPY,2015-04-10,2015-04-10T16:00:00-04:00,210.0,2015-05-01,21.0,0.057534246575342465,194.5,call,15.55,15.74,0.0,,,0.17788,0.96226,0.00892,0.04162,-0.01614,0.11192,spy_options_2015.parquet,1791768
SPY,2015-04-10,2015-04-10T16:00:00-04:00,210.0,2015-05-01,21.0,0.057534246575342465,194.5,put,0.11,0.14,0.12,11,,0.17326,-0.034,0.00841,0.03911,-0.01524,-0.00414,spy_options_2015.parquet,1791768
SPY,2015-04-10,2015-04-10T16:00:00-04:00,210.0,2015-05-01,21.0,0.057534246575342465,195.0,call,15.05,15.26,14.86,3,,0.17261,0.96121,0.00938,0.04297,-0.01686,0.1128,spy_options_2015.parquet,1791769
SPY,2015-04-10,2015-04-10T16:00:00-04:00,210.0,2015-05-01,21.0,0.057534246575342465,195.0,put,0.12,0.14,0.13,,,0.17026,-0.03649,0.00912,0.04136,-0.01582,-0.00434,spy_options_2015.parquet,1791769
SPY,2015-04-10,2015-04-10T16:00:00-04:00,210.0,2015-05-01,21.0,0.057534246575342465,195.5,call,14.56,14.74,0.0,,,0.16739,0.96057,0.00983,0.04352,-0.01615,0.11263,spy_options_2015.parquet,1791770
SPY,2015-04-10,2015-04-10T16:00:00-04:00,210.0,2015-05-01,21.0,0.057534246575342465,195.5,put,0.13,0.15,0.16,30,,0.16779,-0.0393,0.00982,0.04426,-0.01628,-0.00558,spy_options_2015.parquet,1791770
SPY,2015-04-10,2015-04-10T16:00:00-04:00,210.0,2015-05-01,21.0,0.057534246575342465,196.0,call,14.06,14.26,12.66,0,,0.16543,0.95781,0.01062,0.04634,-0.01684,0.11245,spy_options_2015.parquet,1791771
SPY,2015-04-10,2015-04-10T16:00:00-04:00,210.0,2015-05-01,21.0,0.057534246575342465,196.0,put,0.14,0.17,0.15,5,,0.16535,-0.04276,0.01063,0.04696,-0.01687,-0.00527,spy_options_2015.parquet,1791771
SPY,2015-04-10,2015-04-10T16:00:00-04:00,210.0,2015-05-01,21.0,0.057534246575342465,196.5,call,13.59,13.76,0.0,,,0.16297,0.95407,0.01152,0.04987,-0.01856,0.11209,spy_options_2015.parquet,1791772
SPY,2015-04-10,2015-04-10T16:00:00-04:00,210.0,2015-05-01,21.0,0.057534246575342465,196.5,put,0.16,0.18,0.19,1,,0.16248,-0.04569,0.01146,0.05006,-0.01747,-0.00594,spy_options_2015.parquet,1791772
SPY,2015-04-10,2015-04-10T16:00:00-04:00,210.0,2015-05-01,21.0,0.057534246575342465,197.0,call,13.09,13.27,0.0,,,0.15968,0.95047,0.01239,0.0526,-0.01934,0.11268,spy_options_2015.parquet,1791773
SPY,2015-04-10,2015-04-10T16:00:00-04:00,210.0,2015-05-01,21.0,0.057534246575342465,197.0,put,0.16,0.19,0.18,37,,0.16043,-0.05036,0.01243,0.05389,-0.01946,-0.00657,spy_options_2015.parquet,1791773
SPY,2015-04-10,2015-04-10T16:00:00-04:00,210.0,2015-05-01,21.0,0.057534246575342465,197.5,call,12.61,12.79,0.0,,,0.15635,0.94723,0.0134,0.05587,-0.01957,0.11255,spy_options_2015.parquet,1791774
SPY,2015-04-10,2015-04-10T16:00:00-04:00,210.0,2015-05-01,21.0,0.057534246575342465,197.5,put,0.19,0.2,0.2,18,,0.15758,-0.05465,0.01357,0.05729,-0.01977,-0.00694,spy_options_2015.parquet,1791774
SPY,2015-04-10,2015-04-10T16:00:00-04:00,210.0,2015-05-01,21.0,0.057534246575342465,198.0,call,12.13,12.37,0.0,,,0.16023,0.9345,0.01532,0.06535,-0.02341,0.11072,spy_options_2015.parquet,1791775
SPY,2015-04-10,2015-04-10T16:00:00-04:00,210.0,2015-05-01,21.0,0.057534246575342465,198.0,put,0.2,0.22,0.2,272,,0.15597,-0.05987,0.01479,0.06164,-0.02154,-0.00802,spy_options_2015.parquet,1791775
SPY,2015-04-10,2015-04-10T16:00:00-04:00,210.0,2015-05-01,21.0,0.057534246575342465,198.5,call,11.65,11.89,0.0,,,0.1579,0.92943,0.0166,0.06935,-0.02519,0.11051,spy_options_2015.parquet,1791776
SPY,2015-04-10,2015-04-10T16:00:00-04:00,210.0,2015-05-01,21.0,0.057534246575342465,198.5,put,0.23,0.23,0.24,126,,0.15277,-0.06492,0.01596,0.06572,-0.02203,-0.00841,spy_options_2015.parquet,1791776
SPY,2015-04-10,2015-04-10T16:00:00-04:00,210.0,2015-05-01,21.0,0.057534246575342465,199.0,call,11.17,11.37,11.06,1,,0.15286,0.92672,0.01754,0.07125,-0.02418,0.11036,spy_options_2015.parquet,1791777
SPY,2015-04-10,2015-04-10T16:00:00-04:00,210.0,2015-05-01,21.0,0.057534246575342465,199.0,put,0.24,0.27,0.26,187,,0.15128,-0.07153,0.0174,0.07014,-0.0234,-0.00918,spy_options_2015.parquet,1791777
SPY,2015-04-10,2015-04-10T16:00:00-04:00,210.0,2015-05-01,21.0,0.057534246575342465,199.5,call,10.68,10.94,0.0,,,0.15348,0.91656,0.01934,0.07887,-0.02673,0.10906,spy_options_2015.parquet,1791778
SPY,2015-04-10,2015-04-10T16:00:00-04:00,210.0,2015-05-01,21.0,0.057534246575342465,199.5,put,0.26,0.28,0.29,,,0.14884,-0.07749,0.01884,0.07519,-0.02522,-0.00959,spy_options_2015.parquet,1791778
SPY,2015-04-10,2015-04-10T16:00:00-04:00,210.0,2015-05-01,21.0,0.057534246575342465,200.0,call,10.22,10.4,10.3,10,,0.14657,0.91639,0.02047,0.07989,-0.02601,0.10922,spy_options_2015.parquet,1791779
SPY,2015-04-10,2015-04-10T16:00:00-04:00,210.0,2015-05-01,21.0,0.057534246575342465,200.0,put,0.29,0.31,0.31,845,,0.14706,-0.0846,0.02055,0.08041,-0.02648,-0.01043,spy_options_2015.parquet,1791779
SPY,2015-04-10,2015-04-10T16:00:00-04:00,210.0,2015-05-01,21.0,0.057534246575342465,200.5,call,9.76,9.95,0.0,,,0.14692,0.90434,0.02247,0.08781,-0.02868,0.10817,spy_options_2015.parquet,1791780
SPY,2015-04-10,2015-04-10T16:00:00-04:00,210.0,2015-05-01,21.0,0.057534246575342465,200.5,put,0.3,0.32,0.35,171,,0.14364,-0.09099,0.02218,0.08565,-0.02757,-0.01198,spy_options_2015.parquet,1791780
SPY,2015-04-10,2015-04-10T16:00:00-04:00,210.0,2015-05-01,21.0,0.057534246575342465,201.0,call,9.28,9.46,0.0,,,0.14201,0.89885,0.02422,0.09145,-0.02989,0.10811,spy_options_2015.parquet,1791781
SPY,2015-04-10,2015-04-10T16:00:00-04:00,210.0,2015-05-01,21.0,0.057534246575342465,201.0,put,0.35,0.37,0.4,686,,0.14299,-0.10174,0.02419,0.09241,-0.02938,-0.0131,spy_options_2015.parquet,1791781
SPY,2015-04-10,2015-04-10T16:00:00-04:00,210.0,2015-05-01,21.0,0.057534246575342465,201.5,call,8.82,9.04,0.0,,,0.14271,0.88525,0.0264,0.10059,-0.03204,0.10615,spy_options_2015.parquet,1791782
SPY,2015-04-10,2015-04-10T16:00:00-04:00,210.0,2015-05-01,21.0,0.057534246575342465,201.5,put,0.39,0.39,0.43,52,,0.13946,-0.1096,0.02613,0.09708,-0.0305,-0.01398,spy_options_2015.parquet,1791782
SPY,2015-04-10,2015-04-10T16:00:00-04:00,210.0,2015-05-01,21.0,0.057534246575342465,202.0,call,8.37,8.54,7.0,0,,0.13837,0.87749,0.02851,0.10424,-0.03331,0.10598,spy_options_2015.parquet,1791783
SPY,2015-04-10,2015-04-10T16:00:00-04:00,210.0,2015-05-01,21.0,0.057534246575342465,202.0,put,0.43,0.44,0.46,624,,0.13821,-0.12236,0.02848,0.10493,-0.03301,-0.01523,spy_options_2015.parquet,1791783
SPY,2015-04-10,2015-04-10T16:00:00-04:00,210.0,2015-05-01,21.0,0.057534246575342465,202.5,call,7.91,8.09,0.0,,,0.13646,0.8657,0.0308,0.1118,-0.03406,0.10497,spy_options_2015.parquet,1791784
SPY,2015-04-10,2015-04-10T16:00:00-04:00,210.0,2015-05-01,21.0,0.057534246575342465,202.5,put,0.46,0.48,0.48,459,,0.13512,-0.13218,0.03072,0.11045,-0.0338,-0.01685,spy_options_2015.parquet,1791784
SPY,2015-04-10,2015-04-10T16:00:00-04:00,210.0,2015-05-01,21.0,0.057534246575342465,203.0,call,7.46,7.63,7.43,8,,0.13382,0.85277,0.03328,0.11874,-0.03613,0.10307,spy_options_2015.parquet,1791785
SPY,2015-04-10,2015-04-10T16:00:00-04:00,210.0,2015-05-01,21.0,0.057534246575342465,203.0,put,0.51,0.53,0.54,,,0.13313,-0.14607,0.03335,0.11856,-0.0361,-0.01868,spy_options_2015.parquet,1791785
SPY,2015-04-10,2015-04-10T16:00:00-04:00,210.0,2015-05-01,21.0,0.057534246575342465,203.5,call,7.01,7.19,0.0,,,0.13128,0.83919,0.03599,0.12539,-0.03748,0.10227,spy_options_2015.parquet,1791786
SPY,2015-04-10,2015-04-10T16:00:00-04:00,210.0,2015-05-01,21.0,0.057534246575342465,203.5,put,0.56,0.6,0.61,153,,0.1305,-0.15932,0.03595,0.12608,-0.03734,-0.02069,spy_options_2015.parquet,1791786
SPY,2015-04-10,2015-04-10T16:00:00-04:00,210.0,2015-05-01,21.0,0.057534246575342465,204.0,call,6.59,6.74,6.6,8,,0.13029,0.8227,0.03883,0.13359,-0.03977,0.09969,spy_options_2015.parquet,1791787
SPY,2015-04-10,2015-04-10T16:00:00-04:00,210.0,2015-05-01,21.0,0.057534246575342465,204.0,put,0.62,0.64,0.65,,,0.12897,-0.17531,0.03883,0.13344,-0.03934,-0.02247,spy_options_2015.parquet,1791787
SPY,2015-04-10,2015-04-10T16:00:00-04:00,210.0,2015-05-01,21.0,0.057534246575342465,204.5,call,6.15,6.31,6.0,4,,0.12718,0.80611,0.04178,0.14094,-0.04074,0.09832,spy_options_2015.parquet,1791788
SPY,2015-04-10,2015-04-10T16:00:00-04:00,210.0,2015-05-01,21.0,0.057534246575342465,204.5,put,0.69,0.71,0.77,191,,0.1267,-0.19207,0.04174,0.14084,-0.04122,-0.02452,spy_options_2015.parquet,1791788
SPY,2015-04-10,2015-04-10T16:00:00-04:00,210.0,2015-05-01,21.0,0.057534246575342465,205.0,call,5.73,5.87,5.6,6,,0.12463,0.78855,0.04491,0.14931,-0.04292,0.09674,spy_options_2015.parquet,1791789
SPY,2015-04-10,2015-04-10T16:00:00-04:00,210.0,2015-05-01,21.0,0.057534246575342465,205.0,put,0.76,0.79,0.79,,,0.12469,-0.21066,0.04491,0.14869,-0.04174,-0.02678,spy_options_2015.parquet,1791789
SPY,2015-04-10,2015-04-10T16:00:00-04:00,210.0,2015-05-01,21.0,0.057534246575342465,205.5,call,5.3,5.46,5.35,7,,0.12306,0.76871,0.04801,0.1574,-0.04446,0.09411,spy_options_2015.parquet,1791790
SPY,2015-04-10,2015-04-10T16:00:00-04:00,210.0,2015-05-01,21.0,0.057534246575342465,205.5,put,0.84,0.86,0.88,144,,0.12239,-0.22975,0.04828,0.1568,-0.04382,-0.02956,spy_options_2015.parquet,1791790
SPY,2015-04-10,2015-04-10T16:00:00-04:00,210.0,2015-05-01,21.0,0.057534246575342465,206.0,call,4.89,5.03,5.0,142,,0.12042,0.74695,0.05141,0.16431,-0.04573,0.09123,spy_options_2015.parquet,1791791
SPY,2015-04-10,2015-04-10T16:00:00-04:00,210.0,2015-05-01,21.0,0.057534246575342465,206.0,put,0.91,0.97,0.96,,,0.11953,-0.25077,0.05161,0.16446,-0.04464,-0.03234,spy_options_2015.parquet,1791791
SPY,2015-04-10,2015-04-10T16:00:00-04:00,210.0,2015-05-01,21.0,0.057534246575342465,206.5,call,4.48,4.64,4.43,67,,0.11797,0.72469,0.05494,0.17185,-0.04675,0.08901,spy_options_2015.parquet,1791792
SPY,2015-04-10,2015-04-10T16:00:00-04:00,210.0,2015-05-01,21.0,0.057534246575342465,206.5,put,1.03,1.07,1.04,,,0.11788,-0.27467,0.05501,0.17244,-0.04619,-0.03509,spy_options_2015.parquet,1791792
SPY,2015-04-10,2015-04-10T16:00:00-04:00,210.0,2015-05-01,21.0,0.057534246575342465,207.0,call,4.1,4.24,4.2,217,,0.11634,0.69873,0.05824,0.1791,-0.04744,0.08637,spy_options_2015.parquet,1791793
SPY,2015-04-10,2015-04-10T16:00:00-04:00,210.0,2015-05-01,21.0,0.057534246575342465,207.0,put,1.11,1.16,1.17,836,,0.11519,-0.29977,0.0586,0.17915,-0.04766,-0.03837,spy_options_2015.parquet,1791793
SPY,2015-04-10,2015-04-10T16:00:00-04:00,210.0,2015-05-01,21.0,0.057534246575342465,207.5,call,3.71,3.84,3.75,375,,0.11292,0.67317,0.06208,0.18576,-0.04767,0.08245,spy_options_2015.parquet,1791794
SPY,2015-04-10,2015-04-10T16:00:00-04:00,210.0,2015-05-01,21.0,0.057534246575342465,207.5,put,1.24,1.28,1.29,,,0.11252,-0.32634,0.06212,0.18623,-0.04816,-0.04163,spy_options_2015.parquet,1791794
SPY,2015-04-10,2015-04-10T16:00:00-04:00,210.0,2015-05-01,21.0,0.057534246575342465,208.0,call,3.34,3.47,3.38,419,,0.11017,0.64395,0.06557,0.19237,-0.04859,0.07906,spy_options_2015.parquet,1791795
SPY,2015-04-10,2015-04-10T16:00:00-04:00,210.0,2015-05-01,21.0,0.057534246575342465,208.0,put,1.36,1.39,1.41,,,0.10962,-0.35538,0.06589,0.19161,-0.04843,-0.04532,spy_options_2015.parquet,1791795
SPY,2015-04-10,2015-04-10T16:00:00-04:00,210.0,2015-05-01,21.0,0.057534246575342465,208.5,call,2.99,3.1,3.02,110,,0.10811,0.61292,0.06898,0.19698,-0.04892,0.07586,spy_options_2015.parquet,1791796
SPY,2015-04-10,2015-04-10T16:00:00-04:00,210.0,2015-05-01,21.0,0.057534246575342465,208.5,put,1.5,1.54,1.59,,,0.10681,-0.38676,0.06933,0.19715,-0.04822,-0.0489,spy_options_2015.parquet,1791796
SPY,2015-04-10,2015-04-10T16:00:00-04:00,210.0,2015-05-01,21.0,0.057534246575342465,209.0,call,2.68,2.76,2.68,435,,0.10565,0.57889,0.07152,0.20193,-0.04895,0.07114,spy_options_2015.parquet,1791797
SPY,2015-04-10,2015-04-10T16:00:00-04:00,210.0,2015-05-01,21.0,0.057534246575342465,209.0,put,1.67,1.7,1.71,,,0.10539,-0.42039,0.07222,0.20126,-0.04839,-0.05319,spy_options_2015.parquet,1791797
SPY,2015-04-10,2015-04-10T16:00:00-04:00,210.0,2015-05-01,21.0,0.057534246575342465,209.5,call,2.34,2.42,2.38,,,0.10281,0.54351,0.07471,0.20423,-0.04808,0.06778,spy_options_2015.parquet,1791798
SPY,2015-04-10,2015-04-10T16:00:00-04:00,210.0,2015-05-01,21.0,0.057534246575342465,209.5,put,1.8,1.87,1.89,,,0.10109,-0.45565,0.07587,0.20461,-0.04706,-0.0578,spy_options_2015.parquet,1791798
SPY,2015-04-10,2015-04-10T16:00:00-04:00,210.0,2015-05-01,21.0,0.057534246575342465,210.0,call,2.04,2.11,2.05,,,0.10101,0.50578,0.07694,0.20605,-0.04805,0.06318,spy_options_2015.parquet,1791799
SPY,2015-04-10,2015-04-10T16:00:00-04:00,210.0,2015-05-01,21.0,0.057534246575342465,210.0,put,2.02,2.04,2.05,,,0.09899,-0.49436,0.07918,0.20513,-0.04696,-0.06199,spy_options_2015.parquet,1791799
SPY,2015-04-10,2015-04-10T16:00:00-04:00,210.0,2015-05-01,21.0,0.057534246575342465,210.5,call,1.73,1.77,1.76,106,,0.09654,0.46523,0.07975,0.20442,-0.0453,0.05765,spy_options_2015.parquet,1791800
SPY,2015-04-10,2015-04-10T16:00:00-04:00,210.0,2015-05-01,21.0,0.057534246575342465,210.5,put,2.21,2.3,2.28,232,,0.0968,-0.5343,0.07929,0.20525,-0.04576,-0.06618,spy_options_2015.parquet,1791800
SPY,2015-04-10,2015-04-10T16:00:00-04:00,210.0,2015-05-01,21.0,0.057534246575342465,211.0,call,1.46,1.53,1.48,598,,0.09476,0.42449,0.08038,0.20178,-0.04349,0.05273,spy_options_2015.parquet,1791801
SPY,2015-04-10,2015-04-10T16:00:00-04:00,210.0,2015-05-01,21.0,0.057534246575342465,211.0,put,2.43,2.53,2.47,123,,0.09466,-0.57504,0.0802,0.20209,-0.04352,-0.07093,spy_options_2015.parquet,1791801
SPY,2015-04-10,2015-04-10T16:00:00-04:00,210.0,2015-05-01,21.0,0.057534246575342465,211.5,call,1.25,1.29,1.18,,,0.09366,0.38319,0.07947,0.19664,-0.04229,0.048,spy_options_2015.parquet,1791802
SPY,2015-04-10,2015-04-10T16:00:00-04:00,210.0,2015-05-01,21.0,0.057534246575342465,211.5,put,2.67,2.79,2.96,16,,0.09227,-0.61854,0.08028,0.19694,-0.04189,-0.07579,spy_options_2015.parquet,1791802
SPY,2015-04-10,2015-04-10T16:00:00-04:00,210.0,2015-05-01,21.0,0.057534246575342465,212.0,call,1.01,1.06,1.03,,,0.0895,0.33901,0.07891,0.18859,-0.03846,0.04228,spy_options_2015.parquet,1791803
SPY,2015-04-10,2015-04-10T16:00:00-04:00,210.0,2015-05-01,21.0,0.057534246575342465,212.0,put,2.94,3.06,3.15,28,,0.08929,-0.66279,0.07924,0.18835,-0.03836,-0.07979,spy_options_2015.parquet,1791803
SPY,2015-04-10,2015-04-10T16:00:00-04:00,210.0,2015-05-01,21.0,0.057534246575342465,212.5,call,0.81,0.84,0.83,,,0.08751,0.29473,0.07662,0.17784,-0.03586,0.03712,spy_options_2015.parquet,1791804
SPY,2015-04-10,2015-04-10T16:00:00-04:00,210.0,2015-05-01,21.0,0.057534246575342465,212.5,put,3.23,3.38,0.0,,,0.08694,-0.70626,0.07671,0.17747,-0.0356,-0.08444,spy_options_2015.parquet,1791804
SPY,2015-04-10,2015-04-10T16:00:00-04:00,210.0,2015-05-01,21.0,0.057534246575342465,213.0,call,0.65,0.67,0.64,,,0.08529,0.25272,0.07277,0.16449,-0.03187,0.03124,spy_options_2015.parquet,1791805
SPY,2015-04-10,2015-04-10T16:00:00-04:00,210.0,2015-05-01,21.0,0.057534246575342465,213.0,put,3.53,3.68,3.71,11,,0.08283,-0.75201,0.07336,0.16315,-0.03108,-0.08675,spy_options_2015.parquet,1791805
SPY,2015-04-10,2015-04-10T16:00:00-04:00,210.0,2015-05-01,21.0,0.057534246575342465,213.5,call,0.48,0.53,0.52,,,0.08269,0.21088,0.06786,0.14884,-0.02838,0.02667,spy_options_2015.parquet,1791806
SPY,2015-04-10,2015-04-10T16:00:00-04:00,210.0,2015-05-01,21.0,0.057534246575342465,213.5,put,3.89,4.05,0.0,,,0.08129,-0.79213,0.06751,0.14814,-0.02763,-0.08897,spy_options_2015.parquet,1791806
SPY,2015-04-10,2015-04-10T16:00:00-04:00,210.0,2015-05-01,21.0,0.057534246575342465,214.0,call,0.37,0.39,0.37,,,0.08085,0.17407,0.06162,0.13221,-0.0242,0.02213,spy_options_2015.parquet,1791807
SPY,2015-04-10,2015-04-10T16:00:00-04:00,210.0,2015-05-01,21.0,0.057534246575342465,214.0,put,4.26,4.43,4.6,1,,0.0782,-0.83129,0.06057,0.1302,-0.02266,-0.08873,spy_options_2015.parquet,1791807
SPY,2015-04-10,2015-04-10T16:00:00-04:00,210.0,2015-05-01,21.0,0.057534246575342465,214.5,call,0.26,0.3,0.28,,,0.07831,0.13933,0.0546,0.11477,-0.02001,0.01774,spy_options_2015.parquet,1791808
SPY,2015-04-10,2015-04-10T16:00:00-04:00,210.0,2015-05-01,21.0,0.057534246575342465,214.5,put,4.65,4.83,0.0,,,0.07675,-0.86609,0.05225,0.11188,-0.01921,-0.08711,spy_options_2015.parquet,1791808
SPY,2015-04-10,2015-04-10T16:00:00-04:00,210.0,2015-05-01,21.0,0.057534246575342465,215.0,call,0.2,0.24,0.21,,,0.07798,0.11189,0.0473,0.09767,-0.01758,0.01402,spy_options_2015.parquet,1791809
SPY,2015-04-10,2015-04-10T16:00:00-04:00,210.0,2015-05-01,21.0,0.057534246575342465,215.0,put,5.11,5.28,5.2,42,,0.07658,-0.88827,0.04422,0.09873,-0.01642,-0.08366,spy_options_2015.parquet,1791809
SPY,2015-04-10,2015-04-10T16:00:00-04:00,210.0,2015-05-01,21.0,0.057534246575342465,215.5,call,0.14,0.17,0.15,35,,0.07605,0.08581,0.03988,0.08135,-0.0136,0.01051,spy_options_2015.parquet,1791810
SPY,2015-04-10,2015-04-10T16:00:00-04:00,210.0,2015-05-01,21.0,0.057534246575342465,215.5,put,5.51,5.73,0.0,,,0.07417,-0.91559,0.03395,0.07918,-0.0134,-0.07592,spy_options_2015.parquet,1791810
SPY,2015-04-10,2015-04-10T16:00:00-04:00,210.0,2015-05-01,21.0,0.057534246575342465,216.0,call,0.11,0.13,0.11,,,0.07683,0.06912,0.03363,0.06839,-0.01165,0.00906,spy_options_2015.parquet,1791811
SPY,2015-04-10,2015-04-10T16:00:00-04:00,210.0,2015-05-01,21.0,0.057534246575342465,216.0,put,5.98,6.17,0.0,,,0.07451,-0.9297,0.02587,0.06933,-0.0114,-0.06793,spy_options_2015.parquet,1791811
SPY,2015-04-10,2015-04-10T16:00:00-04:00,210.0,2015-05-01,21.0,0.057534246575342465,216.5,call,0.09,0.1,0.09,,,0.07688,0.05365,0.02772,0.05673,-0.00941,0.00678,spy_options_2015.parquet,1791812
SPY,2015-04-10,2015-04-10T16:00:00-04:00,210.0,2015-05-01,21.0,0.057534246575342465,216.5,put,6.45,6.66,0.0,,,0.07449,-0.93995,0.01809,0.06026,-0.00995,-0.05875,spy_options_2015.parquet,1791812
SPY,2015-04-10,2015-04-10T16:00:00-04:00,210.0,2015-05-01,21.0,0.057534246575342465,217.0,call,0.05,0.08,0.07,201,,0.07706,0.04335,0.02305,0.04699,-0.00857,0.00508,spy_options_2015.parquet,1791813
SPY,2015-04-10,2015-04-10T16:00:00-04:00,210.0,2015-05-01,21.0,0.057534246575342465,217.0,put,6.92,7.13,7.5,20,,0.07508,-0.94604,0.01089,0.05424,-0.00941,-0.04789,spy_options_2015.parquet,1791813
SPY,2015-04-10,2015-04-10T16:00:00-04:00,210.0,2015-05-01,21.0,0.057534246575342465,217.5,call,0.04,0.07,0.0,,,0.07941,0.03715,0.01977,0.04136,-0.00722,0.00506,spy_options_2015.parquet,1791814
SPY,2015-04-10,2015-04-10T16:00:00-04:00,210.0,2015-05-01,21.0,0.057534246575342465,217.5,put,7.41,7.62,0.0,,,0.07735,-0.94817,0.00737,0.05217,-0.00941,-0.04307,spy_options_2015.parquet,1791814
SPY,2015-04-10,2015-04-10T16:00:00-04:00,210.0,2015-05-01,21.0,0.057534246575342465,218.0,call,0.05,0.06,0.04,50,,0.08146,0.0312,0.01673,0.03597,-0.00648,0.00405,spy_options_2015.parquet,1791815
SPY,2015-04-10,2015-04-10T16:00:00-04:00,210.0,2015-05-01,21.0,0.057534246575342465,218.0,put,7.91,8.14,0.0,,,0.08243,-0.94738,0.00644,0.0526,-0.00988,-0.04233,spy_options_2015.parquet,1791815
SPY,2015-04-10,2015-04-10T16:00:00-04:00,210.0,2015-05-01,21.0,0.057534246575342465,218.5,call,0.04,0.06,0.05,1,,0.08342,0.02765,0.01465,0.03211,-0.00636,0.00303,spy_options_2015.parquet,1791816
SPY,2015-04-10,2015-04-10T16:00:00-04:00,210.0,2015-05-01,21.0,0.057534246575342465,218.5,put,8.37,8.65,0.0,,,0.08711,-0.94788,0.00575,0.05261,-0.01034,-0.04134,spy_options_2015.parquet,1791816
SPY,2015-04-10,2015-04-10T16:00:00-04:00,210.0,2015-05-01,21.0,0.057534246575342465,219.0,call,0.04,0.03,0.02,6,,0.08435,0.02218,0.01202,0.02694,-0.00477,0.0026,spy_options_2015.parquet,1791817
SPY,2015-04-10,2015-04-10T16:00:00-04:00,210.0,2015-05-01,21.0,0.057534246575342465,219.0,put,8.9,9.14,0.0,,,0.09319,-0.94668,0.00603,0.05333,-0.01154,-0.04277,spy_options_2015.parquet,1791817
SPY,2015-04-10,2015-04-10T16:00:00-04:00,210.0,2015-05-01,21.0,0.057534246575342465,219.5,call,0.03,0.03,0.0,,,0.08768,0.0214,0.01109,0.02631,-0.0052,0.00248,spy_options_2015.parquet,1791818
SPY,2015-04-10,2015-04-10T16:00:00-04:00,210.0,2015-05-01,21.0,0.057534246575342465,219.5,put,9.37,9.66,10.22,1,,0.09743,-0.9471,0.00469,0.05231,-0.01123,-0.04081,spy_options_2015.parquet,1791818
SPY,2015-04-10,2015-04-10T16:00:00-04:00,210.0,2015-05-01,21.0,0.057534246575342465,220.0,call,0.02,0.04,0.03,41,,0.08999,0.01822,0.00954,0.02243,-0.00411,0.0025,spy_options_2015.parquet,1791819
SPY,2015-04-10,2015-04-10T16:00:00-04:00,210.0,2015-05-01,21.0,0.057534246575342465,220.0,put,9.86,10.13,11.83,0,,0.09759,-0.94865,0.00097,0.05136,-0.00477,-0.03221,spy_options_2015.parquet,1791819
SPY,2015-04-10,2015-04-10T16:00:00-04:00,210.0,2015-05-01,21.0,0.057534246575342465,222.5,call,0.02,0.02,0.01,1,,0.09867,0.00923,0.00472,0.01268,-0.00301,0.0014,spy_options_2015.parquet,1791820
SPY,2015-04-10,2015-04-10T16:00:00-04:00,210.0,2015-05-01,21.0,0.057534246575342465,222.5,put,12.36,12.64,0.0,,,0.12362,-0.94569,0.0017,0.0521,-0.01454,-0.03537,spy_options_2015.parquet,1791820
SPY,2015-04-10,2015-04-10T16:00:00-04:00,210.0,2015-05-01,21.0,0.057534246575342465,225.0,call,0.0,0.02,0.0,,,0.10984,0.00603,0.00286,0.00832,-0.0016,0.00067,spy_options_2015.parquet,1791821
SPY,2015-04-10,2015-04-10T16:00:00-04:00,210.0,2015-05-01,21.0,0.057534246575342465,225.0,put,14.85,15.12,0.0,,,,-1.0,0.0,0.0,0.0,0.0,spy_options_2015.parquet,1791821
SPY,2015-04-10,2015-04-10T16:00:00-04:00,210.0,2015-05-01,21.0,0.057534246575342465,227.5,call,0.0,0.0,0.0,,,0.11669,0.0024,0.00143,0.00482,-0.00079,0.00015,spy_options_2015.parquet,1791822
SPY,2015-04-10,2015-04-10T16:00:00-04:00,210.0,2015-05-01,21.0,0.057534246575342465,227.5,put,17.36,17.61,0.0,,,,-1.0,0.0,0.0,0.0,0.0,spy_options_2015.parquet,1791822
SPY,2015-04-10,2015-04-10T16:00:00-04:00,210.0,2015-05-01,21.0,0.057534246575342465,230.0,call,0.0,0.01,0.01,0,,0.13137,0.00223,0.00116,0.00389,-0.00096,0.00043,spy_options_2015.parquet,1791823
SPY,2015-04-10,2015-04-10T16:00:00-04:00,210.0,2015-05-01,21.0,0.057534246575342465,230.0,put,19.84,20.12,0.0,,,,-1.0,0.0,0.0,0.0,0.0,spy_options_2015.parquet,1791823
SPY,2015-04-10,2015-04-10T16:00:00-04:00,210.0,2015-05-01,21.0,0.057534246575342465,232.5,call,0.0,0.02,0.0,,,0.14568,0.00216,0.00099,0.00335,-0.00122,5e-05,spy_options_2015.parquet,1791824
SPY,2015-04-10,2015-04-10T16:00:00-04:00,210.0,2015-05-01,21.0,0.057534246575342465,232.5,put,22.35,22.6,0.0,,,,-1.0,0.0,0.0,0.0,0.0,spy_options_2015.parquet,1791824
SPY,2015-04-10,2015-04-10T16:00:00-04:00,210.0,2015-05-01,21.0,0.057534246575342465,235.0,call,0.0,0.01,0.0,,,0.15855,0.00195,0.00083,0.00322,-0.00118,4e-05,spy_options_2015.parquet,1791825
SPY,2015-04-10,2015-04-10T16:00:00-04:00,210.0,2015-05-01,21.0,0.057534246575342465,235.0,put,24.83,25.11,0.0,,,,-1.0,0.0,0.0,0.0,0.0,spy_options_2015.parquet,1791825
SPY,2015-04-10,2015-04-10T16:00:00-04:00,210.0,2015-05-01,21.0,0.057534246575342465,237.5,call,0.0,0.01,0.0,,,0.17254,0.00188,0.00067,0.003,-0.00082,0.00058,spy_options_2015.parquet,1791826
SPY,2015-04-10,2015-04-10T16:00:00-04:00,210.0,2015-05-01,21.0,0.057534246575342465,237.5,put,27.32,27.61,0.0,,,,-1.0,0.0,0.0,0.0,0.0,spy_options_2015.parquet,1791826
SPY,2015-04-10,2015-04-10T16:00:00-04:00,210.0,2015-05-01,21.0,0.057534246575342465,240.0,call,0.0,0.02,0.0,,,0.18525,0.00219,0.00065,0.0034,-0.00068,0.00022,spy_options_2015.parquet,1791827
SPY,2015-04-10,2015-04-10T16:00:00-04:00,210.0,2015-05-01,21.0,0.057534246575342465,240.0,put,29.85,30.11,0.0,,,,-1.0,0.0,0.0,0.0,0.0,spy_options_2015.parquet,1791827
SPY,2015-04-10,2015-04-10T16:00:00-04:00,210.0,2015-05-01,21.0,0.057534246575342465,242.5,call,0.0,0.01,0.0,,,0.19854,0.0022,0.00049,0.00235,-0.00107,-1e-05,spy_options_2015.parquet,1791828
SPY,2015-04-10,2015-04-10T16:00:00-04:00,210.0,2015-05-01,21.0,0.057534246575342465,242.5,put,32.33,32.61,0.0,,,,-1.0,0.0,0.0,0.0,0.0,spy_options_2015.parquet,1791828
SPY,2015-04-10,2015-04-10T16:00:00-04:00,210.0,2015-05-01,21.0,0.057534246575342465,245.0,call,0.0,0.01,0.0,,,0.21163,0.00204,0.00048,0.00319,-0.00082,0.00046,spy_options_2015.parquet,1791829
SPY,2015-04-10,2015-04-10T16:00:00-04:00,210.0,2015-05-01,21.0,0.057534246575342465,245.0,put,34.83,35.12,0.0,,,,-1.0,0.0,0.0,0.0,0.0,spy_options_2015.parquet,1791829
SPY,2015-04-10,2015-04-10T16:00:00-04:00,210.0,2015-05-01,21.0,0.057534246575342465,247.5,call,0.0,0.01,0.0,,,0.22421,0.00139,0.00045,0.00207,-0.0012,0.0005,spy_options_2015.parquet,1791830
SPY,2015-04-10,2015-04-10T16:00:00-04:00,210.0,2015-05-01,21.0,0.057534246575342465,247.5,put,37.33,37.61,0.0,,,,-1.0,0.0,0.0,0.0,0.0,spy_options_2015.parquet,1791830
SPY,2015-04-10,2015-04-10T16:00:00-04:00,210.0,2015-05-01,21.0,0.057534246575342465,250.0,call,0.0,0.01,0.0,,,0.23671,0.00166,0.00035,0.00235,-0.00156,4e-05,spy_options_2015.parquet,1791831
SPY,2015-04-10,2015-04-10T16:00:00-04:00,210.0,2015-05-01,21.0,0.057534246575342465,250.0,put,39.85,40.12,0.0,,,-0.00038,-1.0,0.0,0.0,0.0,0.0,spy_options_2015.parquet,1791831
SPY,2015-04-10,2015-04-10T16:00:00-04:00,210.0,2015-05-01,21.0,0.057534246575342465,252.5,call,0.0,0.02,0.0,,,0.24907,0.00114,0.00038,0.00254,-0.00095,0.00047,spy_options_2015.parquet,1791832
SPY,2015-04-10,2015-04-10T16:00:00-04:00,210.0,2015-05-01,21.0,0.057534246575342465,252.5,put,42.35,42.63,0.0,,,-0.00017,-1.0,0.0,0.0,0.0,0.0,spy_options_2015.parquet,1791832
SPY,2015-04-10,2015-04-10T16:00:00-04:00,210.0,2015-05-01,21.0,0.057534246575342465,255.0,call,0.0,0.01,0.0,,,0.26094,0.00116,0.00031,0.00258,-0.00134,0.00047,spy_options_2015.parquet,1791833
SPY,2015-04-10,2015-04-10T16:00:00-04:00,210.0,2015-05-01,21.0,0.057534246575342465,255.0,put,44.83,45.11,0.0,,,,-1.0,0.0,0.0,0.0,0.0,spy_options_2015.parquet,1791833
SPY,2015-04-10,2015-04-10T16:00:00-04:00,210.0,2015-05-01,21.0,0.057534246575342465,257.5,call,0.0,0.0,0.0,,,0.27237,0.00142,0.00035,0.00254,-0.00113,-3e-05,spy_options_2015.parquet,1791834
SPY,2015-04-10,2015-04-10T16:00:00-04:00,210.0,2015-05-01,21.0,0.057534246575342465,257.5,put,47.33,47.61,0.0,,,,-1.0,0.0,0.0,0.0,0.0,spy_options_2015.parquet,1791834
SPY,2015-04-10,2015-04-10T16:00:00-04:00,210.0,2015-05-01,21.0,0.057534246575342465,260.0,call,0.0,0.01,0.0,,,0.28384,0.00136,0.00032,0.002,-0.00165,0.00054,spy_options_2015.parquet,1791835
SPY,2015-04-10,2015-04-10T16:00:00-04:00,210.0,2015-05-01,21.0,0.057534246575342465,260.0,put,49.85,50.13,0.0,,,-0.00049,-1.0,0.0,0.0,0.0,0.0,spy_options_2015.parquet,1791835
SPY,2015-04-10,2015-04-10T16:00:00-04:00,210.0,2015-05-08,28.0,0.07671232876712329,170.0,call,39.95,40.18,0.0,,,0.31888,0.99191,0.00118,0.01293,-0.00755,0.13305,spy_options_2015.parquet,1791836
SPY,2015-04-10,2015-04-10T16:00:00-04:00,210.0,2015-05-08,28.0,0.07671232876712329,170.0,put,0.02,0.02,0.03,110,,0.29171,-0.00408,0.00075,0.00747,-0.00415,-0.00091,spy_options_2015.parquet,1791836
SPY,2015-04-10,2015-04-10T16:00:00-04:00,210.0,2015-05-08,28.0,0.07671232876712329,175.0,call,34.96,35.19,0.0,,,0.28675,0.98972,0.00169,0.01677,-0.00794,0.13746,spy_options_2015.parquet,1791837
SPY,2015-04-10,2015-04-10T16:00:00-04:00,210.0,2015-05-08,28.0,0.07671232876712329,175.0,put,0.03,0.05,0.04,9,,0.26612,-0.00627,0.0012,0.01172,-0.00538,-0.0015,spy_options_2015.parquet,1791837
SPY,2015-04-10,2015-04-10T16:00:00-04:00,210.0,2015-05-08,28.0,0.07671232876712329,180.0,call,29.99,30.19,0.0,,,0.25512,0.98538,0.00245,0.0217,-0.00914,0.14093,spy_options_2015.parquet,1791838
SPY,2015-04-10,2015-04-10T16:00:00-04:00,210.0,2015-05-08,28.0,0.07671232876712329,180.0,put,0.04,0.05,0.06,4,,0.23947,-0.01067,0.00187,0.01582,-0.00662,-0.00185,spy_options_2015.parquet,1791838
SPY,2015-04-10,2015-04-10T16:00:00-04:00,210.0,2015-05-08,28.0,0.07671232876712329,185.0,call,25.01,25.25,0.0,,,0.22881,0.97682,0.00399,0.03175,-0.01211,0.14333,spy_options_2015.parquet,1791839
SPY,2015-04-10,2015-04-10T16:00:00-04:00,210.0,2015-05-08,28.0,0.07671232876712329,185.0,put,0.07,0.07,0.07,,,0.2134,-0.01618,0.00322,0.024,-0.00882,-0.00244,spy_options_2015.parquet,1791839
SPY,2015-04-10,2015-04-10T16:00:00-04:00,210.0,2015-05-08,28.0,0.07671232876712329,189.0,call,21.07,21.31,0.0,,,0.20792,0.96566,0.00616,0.045,-0.0155,0.14386,spy_options_2015.parquet,1791840
SPY,2015-04-10,2015-04-10T16:00:00-04:00,210.0,2015-05-08,28.0,0.07671232876712329,189.0,put,0.11,0.13,0.13,2,,0.19586,-0.02671,0.00531,0.03708,-0.01217,-0.00423,spy_options_2015.parquet,1791840
SPY,2015-04-10,2015-04-10T16:00:00-04:00,210.0,2015-05-08,28.0,0.07671232876712329,190.0,call,20.08,20.28,0.0,,,0.19885,0.96537,0.00653,0.04532,-0.01488,0.14455,spy_options_2015.parquet,1791841
SPY,2015-04-10,2015-04-10T16:00:00-04:00,210.0,2015-05-08,28.0,0.07671232876712329,190.0,put,0.12,0.13,0.13,,,0.18975,-0.02816,0.00582,0.03899,-0.01201,-0.00533,spy_options_2015.parquet,1791841
SPY,2015-04-10,2015-04-10T16:00:00-04:00,210.0,2015-05-08,28.0,0.07671232876712329,191.0,call,19.08,19.27,19.07,3,,0.19126,0.96296,0.00713,0.04761,-0.01566,0.14564,spy_options_2015.parquet,1791842
SPY,2015-04-10,2015-04-10T16:00:00-04:00,210.0,2015-05-08,28.0,0.07671232876712329,191.0,put,0.14,0.16,0.16,30,,0.18719,-0.03421,0.00678,0.0446,-0.0144,-0.00595,spy_options_2015.parquet,1791842
SPY,2015-04-10,2015-04-10T16:00:00-04:00,210.0,2015-05-08,28.0,0.07671232876712329,192.0,call,18.11,18.3,0.0,,,0.18633,0.95843,0.00804,0.05238,-0.01613,0.14569,spy_options_2015.parquet,1791843
SPY,2015-04-10,2015-04-10T16:00:00-04:00,210.0,2015-05-08,28.0,0.07671232876712329,192.0,put,0.16,0.18,0.19,91,,0.18262,-0.03861,0.00772,0.04972,-0.01565,-0.00696,spy_options_2015.parquet,1791843
SPY,2015-04-10,2015-04-10T16:00:00-04:00,210.0,2015-05-08,28.0,0.07671232876712329,193.0,call,17.14,17.31,0.0,,,0.18176,0.95266,0.00916,0.05786,-0.01793,0.14558,spy_options_2015.parquet,1791844
SPY,2015-04-10,2015-04-10T16:00:00-04:00,210.0,2015-05-08,28.0,0.07671232876712329,193.0,put,0.18,0.2,0.19,5,,0.17857,-0.04456,0.00888,0.05547,-0.0172,-0.00789,spy_options_2015.parquet,1791844
SPY,2015-04-10,2015-04-10T16:00:00-04:00,210.0,2015-05-08,28.0,0.07671232876712329,194.0,call,16.17,16.34,0.0,,,0.17647,0.94743,0.01029,0.06385,-0.01973,0.14452,spy_options_2015.parquet,1791845
SPY,2015-04-10,2015-04-10T16:00:00-04:00,210.0,2015-05-08,28.0,0.07671232876712329,194.0,put,0.21,0.23,0.24,154,,0.174,-0.04993,0.0101,0.06213,-0.01797,-0.00808,spy_options_2015.parquet,1791845
SPY,2015-04-10,2015-04-10T16:00:00-04:00,210.0,2015-05-08,28.0,0.07671232876712329,194.5,call,15.67,15.87,0.0,,,0.17417,0.94328,0.01104,0.06733,-0.02019,0.14476,spy_options_2015.parquet,1791846
SPY,2015-04-10,2015-04-10T16:00:00-04:00,210.0,2015-05-08,28.0,0.07671232876712329,194.5,put,0.23,0.25,0.27,5,,0.17203,-0.05411,0.01082,0.06614,-0.01957,-0.00973,spy_options_2015.parquet,1791846
SPY,2015-04-10,2015-04-10T16:00:00-04:00,210.0,2015-05-08,28.0,0.07671232876712329,195.0,call,15.2,15.36,15.28,5,,0.17307,0.93917,0.01177,0.07114,-0.02121,0.14463,spy_options_2015.parquet,1791847
SPY,2015-04-10,2015-04-10T16:00:00-04:00,210.0,2015-05-08,28.0,0.07671232876712329,195.0,put,0.24,0.27,0.28,44,,0.17026,-0.05802,0.01152,0.06875,-0.02009,-0.00975,spy_options_2015.parquet,1791847
SPY,2015-04-10,2015-04-10T16:00:00-04:00,210.0,2015-05-08,28.0,0.07671232876712329,195.5,call,14.7,14.89,0.0,,,0.1699,0.93525,0.01249,0.07462,-0.0213,0.14407,spy_options_2015.parquet,1791848
SPY,2015-04-10,2015-04-10T16:00:00-04:00,210.0,2015-05-08,28.0,0.07671232876712329,195.5,put,0.26,0.29,0.61,0,,0.16792,-0.06292,0.01231,0.07287,-0.02039,-0.01015,spy_options_2015.parquet,1791848
SPY,2015-04-10,2015-04-10T16:00:00-04:00,210.0,2015-05-08,28.0,0.07671232876712329,196.0,call,14.24,14.4,0.0,,,0.16906,0.9302,0.01344,0.07914,-0.02246,0.14363,spy_options_2015.parquet,1791849
SPY,2015-04-10,2015-04-10T16:00:00-04:00,210.0,2015-05-08,28.0,0.07671232876712329,196.0,put,0.28,0.31,0.3,58,,0.16669,-0.06675,0.01321,0.07773,-0.02215,-0.01149,spy_options_2015.parquet,1791849
SPY,2015-04-10,2015-04-10T16:00:00-04:00,210.0,2015-05-08,28.0,0.07671232876712329,196.5,call,13.75,13.93,0.0,,,0.16598,0.92674,0.01424,0.08288,-0.0239,0.14348,spy_options_2015.parquet,1791850
SPY,2015-04-10,2015-04-10T16:00:00-04:00,210.0,2015-05-08,28.0,0.07671232876712329,196.5,put,0.31,0.34,0.0,,,0.16354,-0.07193,0.01415,0.08126,-0.02305,-0.01234,spy_options_2015.parquet,1791850
SPY,2015-04-10,2015-04-10T16:00:00-04:00,210.0,2015-05-08,28.0,0.07671232876712329,197.0,call,13.29,13.47,0.0,,,0.1643,0.9196,0.01531,0.08838,-0.02521,0.14256,spy_options_2015.parquet,1791851
SPY,2015-04-10,2015-04-10T16:00:00-04:00,210.0,2015-05-08,28.0,0.07671232876712329,197.0,put,0.32,0.35,0.37,48,,0.16216,-0.07707,0.01506,0.08579,-0.02354,-0.0135,spy_options_2015.parquet,1791851
SPY,2015-04-10,2015-04-10T16:00:00-04:00,210.0,2015-05-08,28.0,0.07671232876712329,197.5,call,12.82,12.98,0.0,,,0.162,0.91459,0.01627,0.09207,-0.02606,0.1423,spy_options_2015.parquet,1791852
SPY,2015-04-10,2015-04-10T16:00:00-04:00,210.0,2015-05-08,28.0,0.07671232876712329,197.5,put,0.35,0.38,0.41,2,,0.15979,-0.08296,0.01613,0.09072,-0.02464,-0.01374,spy_options_2015.parquet,1791852
SPY,2015-04-10,2015-04-10T16:00:00-04:00,210.0,2015-05-08,28.0,0.07671232876712329,198.0,call,12.34,12.51,0.0,,,0.15997,0.90841,0.01739,0.09792,-0.02729,0.14126,spy_options_2015.parquet,1791853
SPY,2015-04-10,2015-04-10T16:00:00-04:00,210.0,2015-05-08,28.0,0.07671232876712329,198.0,put,0.37,0.41,0.44,16,,0.15789,-0.08912,0.01732,0.09614,-0.02598,-0.01562,spy_options_2015.parquet,1791853
SPY,2015-04-10,2015-04-10T16:00:00-04:00,210.0,2015-05-08,28.0,0.07671232876712329,198.5,call,11.87,12.04,11.79,1,,0.15757,0.90135,0.01862,0.10237,-0.02765,0.14033,spy_options_2015.parquet,1791854
SPY,2015-04-10,2015-04-10T16:00:00-04:00,210.0,2015-05-08,28.0,0.07671232876712329,198.5,put,0.41,0.44,0.45,15,,0.15652,-0.09589,0.01849,0.101,-0.02686,-0.01594,spy_options_2015.parquet,1791854
SPY,2015-04-10,2015-04-10T16:00:00-04:00,210.0,2015-05-08,28.0,0.07671232876712329,199.0,call,11.39,11.58,0.0,,,0.15578,0.89414,0.01984,0.10806,-0.02866,0.14026,spy_options_2015.parquet,1791855
SPY,2015-04-10,2015-04-10T16:00:00-04:00,210.0,2015-05-08,28.0,0.07671232876712329,199.0,put,0.44,0.48,0.5,95,,0.15461,-0.10328,0.01978,0.10707,-0.02816,-0.0175,spy_options_2015.parquet,1791855
SPY,2015-04-10,2015-04-10T16:00:00-04:00,210.0,2015-05-08,28.0,0.07671232876712329,199.5,call,10.94,11.11,0.0,,,0.1535,0.88658,0.02119,0.11406,-0.03057,0.13936,spy_options_2015.parquet,1791856
SPY,2015-04-10,2015-04-10T16:00:00-04:00,210.0,2015-05-08,28.0,0.07671232876712329,199.5,put,0.48,0.52,0.8,0,,0.15302,-0.11223,0.02113,0.11359,-0.02966,-0.01935,spy_options_2015.parquet,1791856
SPY,2015-04-10,2015-04-10T16:00:00-04:00,210.0,2015-05-08,28.0,0.07671232876712329,200.0,call,10.46,10.66,10.43,6,,0.15188,0.87819,0.0226,0.11951,-0.03098,0.13801,spy_options_2015.parquet,1791857
SPY,2015-04-10,2015-04-10T16:00:00-04:00,210.0,2015-05-08,28.0,0.07671232876712329,200.0,put,0.53,0.56,0.55,41,,0.15099,-0.12051,0.02255,0.11954,-0.03087,-0.02096,spy_options_2015.parquet,1791857
SPY,2015-04-10,2015-04-10T16:00:00-04:00,210.0,2015-05-08,28.0,0.07671232876712329,200.5,call,10.03,10.2,0.0,,,0.14984,0.86786,0.02411,0.12722,-0.03287,0.13649,spy_options_2015.parquet,1791858
SPY,2015-04-10,2015-04-10T16:00:00-04:00,210.0,2015-05-08,28.0,0.07671232876712329,200.5,put,0.56,0.6,0.97,0,,0.14875,-0.1298,0.02401,0.1251,-0.03194,-0.02212,spy_options_2015.parquet,1791858
SPY,2015-04-10,2015-04-10T16:00:00-04:00,210.0,2015-05-08,28.0,0.07671232876712329,201.0,call,9.57,9.74,0.0,,,0.1475,0.8585,0.02557,0.13282,-0.03404,0.13534,spy_options_2015.parquet,1791859
SPY,2015-04-10,2015-04-10T16:00:00-04:00,210.0,2015-05-08,28.0,0.07671232876712329,201.0,put,0.61,0.65,0.69,26,,0.14727,-0.13984,0.02562,0.13203,-0.03318,-0.02391,spy_options_2015.parquet,1791859
SPY,2015-04-10,2015-04-10T16:00:00-04:00,210.0,2015-05-08,28.0,0.07671232876712329,201.5,call,9.11,9.27,0.0,,,0.14508,0.84916,0.02726,0.13831,-0.03508,0.13424,spy_options_2015.parquet,1791860
SPY,2015-04-10,2015-04-10T16:00:00-04:00,210.0,2015-05-08,28.0,0.07671232876712329,201.5,put,0.66,0.7,1.25,0,,0.14496,-0.14994,0.02725,0.13825,-0.03491,-0.02534,spy_options_2015.parquet,1791860
SPY,2015-04-10,2015-04-10T16:00:00-04:00,210.0,2015-05-08,28.0,0.07671232876712329,202.0,call,8.68,8.85,7.43,0,,0.14374,0.83652,0.02898,0.14579,-0.03669,0.13198,spy_options_2015.parquet,1791861
SPY,2015-04-10,2015-04-10T16:00:00-04:00,210.0,2015-05-08,28.0,0.07671232876712329,202.0,put,0.71,0.75,0.74,52,,0.14329,-0.16147,0.02902,0.14513,-0.03573,-0.02747,spy_options_2015.parquet,1791861
SPY,2015-04-10,2015-04-10T16:00:00-04:00,210.0,2015-05-08,28.0,0.07671232876712329,202.5,call,8.25,8.4,0.0,,,0.14187,0.82418,0.03075,0.15315,-0.0379,0.13078,spy_options_2015.parquet,1791862
SPY,2015-04-10,2015-04-10T16:00:00-04:00,210.0,2015-05-08,28.0,0.07671232876712329,202.5,put,0.77,0.81,0.81,50,,0.14126,-0.17453,0.03089,0.15301,-0.0372,-0.02902,spy_options_2015.parquet,1791862
SPY,2015-04-10,2015-04-10T16:00:00-04:00,210.0,2015-05-08,28.0,0.07671232876712329,203.0,call,7.83,7.96,7.71,1,,0.13985,0.81002,0.03262,0.16002,-0.0391,0.12888,spy_options_2015.parquet,1791863
SPY,2015-04-10,2015-04-10T16:00:00-04:00,210.0,2015-05-08,28.0,0.07671232876712329,203.0,put,0.85,0.87,0.88,63,,0.13828,-0.18717,0.03277,0.15893,-0.03807,-0.03202,spy_options_2015.parquet,1791863
SPY,2015-04-10,2015-04-10T16:00:00-04:00,210.0,2015-05-08,28.0,0.07671232876712329,203.5,call,7.38,7.54,0.0,,,0.13726,0.79755,0.03466,0.16755,-0.03947,0.12718,spy_options_2015.parquet,1791864
SPY,2015-04-10,2015-04-10T16:00:00-04:00,210.0,2015-05-08,28.0,0.07671232876712329,203.5,put,0.9,0.95,0.99,50,,0.13667,-0.2018,0.03469,0.16732,-0.03964,-0.03405,spy_options_2015.parquet,1791864
SPY,2015-04-10,2015-04-10T16:00:00-04:00,210.0,2015-05-08,28.0,0.07671232876712329,204.0,call,6.96,7.11,6.87,15,,0.13577,0.78212,0.03668,0.1747,-0.04068,0.12459,spy_options_2015.parquet,1791865
SPY,2015-04-10,2015-04-10T16:00:00-04:00,210.0,2015-05-08,28.0,0.07671232876712329,204.0,put,0.98,1.03,0.99,28,,0.13487,-0.21654,0.0368,0.17427,-0.04074,-0.03665,spy_options_2015.parquet,1791865
SPY,2015-04-10,2015-04-10T16:00:00-04:00,210.0,2015-05-08,28.0,0.07671232876712329,204.5,call,6.54,6.69,6.09,1,,0.13375,0.76527,0.03883,0.18169,-0.04177,0.12268,spy_options_2015.parquet,1791866
SPY,2015-04-10,2015-04-10T16:00:00-04:00,210.0,2015-05-08,28.0,0.07671232876712329,204.5,put,1.06,1.1,1.12,24,,0.13214,-0.23268,0.03894,0.18082,-0.04148,-0.03952,spy_options_2015.parquet,1791866
SPY,2015-04-10,2015-04-10T16:00:00-04:00,210.0,2015-05-08,28.0,0.07671232876712329,205.0,call,6.13,6.26,6.16,8,,0.13171,0.74864,0.04102,0.18872,-0.04293,0.11983,spy_options_2015.parquet,1791867
SPY,2015-04-10,2015-04-10T16:00:00-04:00,210.0,2015-05-08,28.0,0.07671232876712329,205.0,put,1.16,1.21,1.17,,,0.13065,-0.24988,0.04109,0.1888,-0.04301,-0.04249,spy_options_2015.parquet,1791867
SPY,2015-04-10,2015-04-10T16:00:00-04:00,210.0,2015-05-08,28.0,0.07671232876712329,205.5,call,5.73,5.86,5.59,2,,0.12955,0.73063,0.04324,0.19513,-0.04413,0.11705,spy_options_2015.parquet,1791868
SPY,2015-04-10,2015-04-10T16:00:00-04:00,210.0,2015-05-08,28.0,0.07671232876712329,205.5,put,1.24,1.27,1.27,29,,0.12821,-0.26805,0.04341,0.19528,-0.04355,-0.04502,spy_options_2015.parquet,1791868
SPY,2015-04-10,2015-04-10T16:00:00-04:00,210.0,2015-05-08,28.0,0.07671232876712329,206.0,call,5.4,5.47,5.15,20,,0.12889,0.70929,0.04501,0.2028,-0.04526,0.1135,spy_options_2015.parquet,1791869
SPY,2015-04-10,2015-04-10T16:00:00-04:00,210.0,2015-05-08,28.0,0.07671232876712329,206.0,put,1.35,1.38,1.4,27,,0.12662,-0.28799,0.04562,0.20198,-0.04381,-0.04882,spy_options_2015.parquet,1791869
SPY,2015-04-10,2015-04-10T16:00:00-04:00,210.0,2015-05-08,28.0,0.07671232876712329,206.5,call,4.94,5.07,4.63,1,,0.12496,0.69104,0.04775,0.20855,-0.04513,0.11082,spy_options_2015.parquet,1791870
SPY,2015-04-10,2015-04-10T16:00:00-04:00,210.0,2015-05-08,28.0,0.07671232876712329,206.5,put,1.47,1.5,1.51,76,,0.12454,-0.30845,0.04792,0.20886,-0.04453,-0.05195,spy_options_2015.parquet,1791870
SPY,2015-04-10,2015-04-10T16:00:00-04:00,210.0,2015-05-08,28.0,0.07671232876712329,207.0,call,4.57,4.68,4.47,128,,0.12229,0.66841,0.05,0.21484,-0.04608,0.10771,spy_options_2015.parquet,1791871
SPY,2015-04-10,2015-04-10T16:00:00-04:00,210.0,2015-05-08,28.0,0.07671232876712329,207.0,put,1.58,1.62,1.6,134,,0.1219,-0.33004,0.05031,0.21507,-0.04494,-0.05578,spy_options_2015.parquet,1791871
SPY,2015-04-10,2015-04-10T16:00:00-04:00,210.0,2015-05-08,28.0,0.07671232876712329,207.5,call,4.19,4.31,3.84,5,,0.11983,0.64501,0.05229,0.22045,-0.04653,0.10458,spy_options_2015.parquet,1791872
SPY,2015-04-10,2015-04-10T16:00:00-04:00,210.0,2015-05-08,28.0,0.07671232876712329,207.5,put,1.7,1.74,1.83,73,,0.11902,-0.35437,0.05272,0.2201,-0.04574,-0.05918,spy_options_2015.parquet,1791872
SPY,2015-04-10,2015-04-10T16:00:00-04:00,210.0,2015-05-08,28.0,0.07671232876712329,208.0,call,3.84,3.96,3.86,645,,0.11747,0.6206,0.0546,0.22495,-0.04618,0.10026,spy_options_2015.parquet,1791873
SPY,2015-04-10,2015-04-10T16:00:00-04:00,210.0,2015-05-08,28.0,0.07671232876712329,208.0,put,1.84,1.89,1.85,214,,0.1172,-0.37973,0.05476,0.22541,-0.04587,-0.06344,spy_options_2015.parquet,1791873
SPY,2015-04-10,2015-04-10T16:00:00-04:00,210.0,2015-05-08,28.0,0.07671232876712329,208.5,call,3.53,3.58,3.53,2,,0.11603,0.59336,0.05638,0.22997,-0.04611,0.09621,spy_options_2015.parquet,1791874
SPY,2015-04-10,2015-04-10T16:00:00-04:00,210.0,2015-05-08,28.0,0.07671232876712329,208.5,put,1.97,2.03,2.1,185,,0.11417,-0.405,0.05731,0.22927,-0.04525,-0.06797,spy_options_2015.parquet,1791874
SPY,2015-04-10,2015-04-10T16:00:00-04:00,210.0,2015-05-08,28.0,0.07671232876712329,209.0,call,3.19,3.25,3.2,137,,0.11434,0.56606,0.05838,0.23274,-0.0462,0.09207,spy_options_2015.parquet,1791875
SPY,2015-04-10,2015-04-10T16:00:00-04:00,210.0,2015-05-08,28.0,0.07671232876712329,209.0,put,2.13,2.19,2.17,,,0.11195,-0.43309,0.05941,0.23282,-0.0455,-0.07273,spy_options_2015.parquet,1791875
SPY,2015-04-10,2015-04-10T16:00:00-04:00,210.0,2015-05-08,28.0,0.07671232876712329,209.5,call,2.86,2.92,2.8,39,,0.11171,0.5371,0.06021,0.2352,-0.04524,0.08685,spy_options_2015.parquet,1791876
SPY,2015-04-10,2015-04-10T16:00:00-04:00,210.0,2015-05-08,28.0,0.07671232876712329,209.5,put,2.32,2.36,2.37,520,,0.10926,-0.46197,0.06115,0.23471,-0.04495,-0.07687,spy_options_2015.parquet,1791876
SPY,2015-04-10,2015-04-10T16:00:00-04:00,210.0,2015-05-08,28.0,0.07671232876712329,210.0,call,2.55,2.6,2.48,179,,0.10876,0.50666,0.06195,0.23654,-0.04485,0.08199,spy_options_2015.parquet,1791877
SPY,2015-04-10,2015-04-10T16:00:00-04:00,210.0,2015-05-08,28.0,0.07671232876712329,210.0,put,2.52,2.54,2.52,370,,0.10747,-0.49328,0.06343,0.23603,-0.04413,-0.08147,spy_options_2015.parquet,1791877
SPY,2015-04-10,2015-04-10T16:00:00-04:00,210.0,2015-05-08,28.0,0.07671232876712329,210.5,call,2.25,2.31,2.2,20,,0.10624,0.47467,0.06334,0.23534,-0.04312,0.07706,spy_options_2015.parquet,1791878
SPY,2015-04-10,2015-04-10T16:00:00-04:00,210.0,2015-05-08,28.0,0.07671232876712329,210.5,put,2.7,2.79,2.82,274,,0.10526,-0.52549,0.06381,0.23582,-0.04341,-0.08702,spy_options_2015.parquet,1791878
SPY,2015-04-10,2015-04-10T16:00:00-04:00,210.0,2015-05-08,28.0,0.07671232876712329,211.0,call,1.95,2.01,1.96,33,,0.1035,0.44134,0.06463,0.23347,-0.04216,0.07184,spy_options_2015.parquet,1791879
SPY,2015-04-10,2015-04-10T16:00:00-04:00,210.0,2015-05-08,28.0,0.07671232876712329,211.0,put,2.9,2.99,2.95,55,,0.10201,-0.5587,0.06507,0.23336,-0.04191,-0.09197,spy_options_2015.parquet,1791879
SPY,2015-04-10,2015-04-10T16:00:00-04:00,210.0,2015-05-08,28.0,0.07671232876712329,211.5,call,1.69,1.73,1.7,926,,0.10052,0.4069,0.06517,0.22979,-0.04067,0.06697,spy_options_2015.parquet,1791880
SPY,2015-04-10,2015-04-10T16:00:00-04:00,210.0,2015-05-08,28.0,0.07671232876712329,211.5,put,3.12,3.23,3.18,25,,0.09908,-0.59401,0.06575,0.22912,-0.03938,-0.09721,spy_options_2015.parquet,1791880
SPY,2015-04-10,2015-04-10T16:00:00-04:00,210.0,2015-05-08,28.0,0.07671232876712329,212.0,call,1.44,1.48,1.47,167,,0.09795,0.37217,0.06517,0.22416,-0.03792,0.06124,spy_options_2015.parquet,1791881
SPY,2015-04-10,2015-04-10T16:00:00-04:00,210.0,2015-05-08,28.0,0.07671232876712329,212.0,put,3.37,3.49,3.47,37,,0.09689,-0.62927,0.06555,0.22418,-0.03794,-0.10208,spy_options_2015.parquet,1791881
SPY,2015-04-10,2015-04-10T16:00:00-04:00,210.0,2015-05-08,28.0,0.07671232876712329,212.5,call,1.21,1.27,1.21,,,0.09586,0.33587,0.0645,0.21624,-0.03569,0.05553,spy_options_2015.parquet,1791882
SPY,2015-04-10,2015-04-10T16:00:00-04:00,210.0,2015-05-08,28.0,0.07671232876712329,212.5,put,3.65,3.77,3.95,1,,0.09449,-0.66503,0.06475,0.21541,-0.0357,-0.10658,spy_options_2015.parquet,1791882
SPY,2015-04-10,2015-04-10T16:00:00-04:00,210.0,2015-05-08,28.0,0.07671232876712329,213.0,call,1.0,1.06,1.03,,,0.09339,0.30026,0.06298,0.20582,-0.03362,0.04898,spy_options_2015.parquet,1791883
SPY,2015-04-10,2015-04-10T16:00:00-04:00,210.0,2015-05-08,28.0,0.07671232876712329,213.0,put,3.95,4.08,6.08,0,,0.09287,-0.70059,0.0631,0.2058,-0.03263,-0.1108,spy_options_2015.parquet,1791883
SPY,2015-04-10,2015-04-10T16:00:00-04:00,210.0,2015-05-08,28.0,0.07671232876712329,213.5,call,0.82,0.88,0.85,39,,0.09129,0.26347,0.06089,0.19339,-0.03078,0.04351,spy_options_2015.parquet,1791884
SPY,2015-04-10,2015-04-10T16:00:00-04:00,210.0,2015-05-08,28.0,0.07671232876712329,213.5,put,4.26,4.39,5.22,0,,0.08964,-0.7374,0.06075,0.19342,-0.03057,-0.11399,spy_options_2015.parquet,1791884
SPY,2015-04-10,2015-04-10T16:00:00-04:00,210.0,2015-05-08,28.0,0.07671232876712329,214.0,call,0.68,0.71,0.71,706,,0.08892,0.22924,0.05781,0.17957,-0.02772,0.03736,spy_options_2015.parquet,1791885
SPY,2015-04-10,2015-04-10T16:00:00-04:00,210.0,2015-05-08,28.0,0.07671232876712329,214.0,put,4.59,4.73,5.1,1,,0.08802,-0.77201,0.05751,0.17885,-0.02725,-0.1163,spy_options_2015.parquet,1791885
SPY,2015-04-10,2015-04-10T16:00:00-04:00,210.0,2015-05-08,28.0,0.07671232876712329,214.5,call,0.54,0.57,0.52,20,,0.08714,0.19704,0.05405,0.16435,-0.02418,0.03238,spy_options_2015.parquet,1791886
SPY,2015-04-10,2015-04-10T16:00:00-04:00,210.0,2015-05-08,28.0,0.07671232876712329,214.5,put,4.97,5.1,0.0,,,0.0862,-0.80368,0.05339,0.16416,-0.02388,-0.11751,spy_options_2015.parquet,1791886
SPY,2015-04-10,2015-04-10T16:00:00-04:00,210.0,2015-05-08,28.0,0.07671232876712329,215.0,call,0.42,0.46,0.45,244,,0.08492,0.16751,0.04962,0.14815,-0.0223,0.02797,spy_options_2015.parquet,1791887
SPY,2015-04-10,2015-04-10T16:00:00-04:00,210.0,2015-05-08,28.0,0.07671232876712329,215.0,put,5.27,5.49,5.7,10,,0.08098,-0.84319,0.04832,0.14257,-0.01961,-0.11723,spy_options_2015.parquet,1791887
SPY,2015-04-10,2015-04-10T16:00:00-04:00,210.0,2015-05-08,28.0,0.07671232876712329,215.5,call,0.33,0.36,0.34,3,,0.08354,0.1385,0.04487,0.13146,-0.01926,0.0224,spy_options_2015.parquet,1791888
SPY,2015-04-10,2015-04-10T16:00:00-04:00,210.0,2015-05-08,28.0,0.07671232876712329,215.5,put,5.75,5.91,6.04,172,,0.08348,-0.85869,0.04327,0.13331,-0.01925,-0.11535,spy_options_2015.parquet,1791888
SPY,2015-04-10,2015-04-10T16:00:00-04:00,210.0,2015-05-08,28.0,0.07671232876712329,216.0,call,0.26,0.29,0.27,22,,0.08257,0.11578,0.03998,0.11595,-0.01605,0.01886,spy_options_2015.parquet,1791889
SPY,2015-04-10,2015-04-10T16:00:00-04:00,210.0,2015-05-08,28.0,0.07671232876712329,216.0,put,6.14,6.31,0.0,,,0.07972,-0.88778,0.03691,0.11305,-0.01555,-0.11043,spy_options_2015.parquet,1791889
SPY,2015-04-10,2015-04-10T16:00:00-04:00,210.0,2015-05-08,28.0,0.07671232876712329,216.5,call,0.19,0.22,0.0,,,0.08149,0.09401,0.03487,0.0996,-0.01344,0.01535,spy_options_2015.parquet,1791890
SPY,2015-04-10,2015-04-10T16:00:00-04:00,210.0,2015-05-08,28.0,0.07671232876712329,216.5,put,6.59,6.77,0.0,,,0.07996,-0.90409,0.03136,0.10123,-0.01388,-0.1058,spy_options_2015.parquet,1791890
SPY,2015-04-10,2015-04-10T16:00:00-04:00,210.0,2015-05-08,28.0,0.07671232876712329,217.0,call,0.17,0.19,0.16,3,,0.08182,0.07872,0.03051,0.08674,-0.01177,0.01314,spy_options_2015.parquet,1791891
SPY,2015-04-10,2015-04-10T16:00:00-04:00,210.0,2015-05-08,28.0,0.07671232876712329,217.0,put,7.05,7.23,0.0,,,0.07985,-0.91818,0.02581,0.08896,-0.01195,-0.09774,spy_options_2015.parquet,1791891
SPY,2015-04-10,2015-04-10T16:00:00-04:00,210.0,2015-05-08,28.0,0.07671232876712329,217.5,call,0.12,0.14,0.11,20,,0.08037,0.06312,0.02592,0.07377,-0.00987,0.01087,spy_options_2015.parquet,1791892
SPY,2015-04-10,2015-04-10T16:00:00-04:00,210.0,2015-05-08,28.0,0.07671232876712329,217.5,put,7.47,7.69,0.0,,,0.07817,-0.93259,0.01898,0.07564,-0.00993,-0.08596,spy_options_2015.parquet,1791892
SPY,2015-04-10,2015-04-10T16:00:00-04:00,210.0,2015-05-08,28.0,0.07671232876712329,218.0,call,0.09,0.11,0.11,18,,0.08211,0.05431,0.02261,0.06521,-0.00887,0.00875,spy_options_2015.parquet,1791893
SPY,2015-04-10,2015-04-10T16:00:00-04:00,210.0,2015-05-08,28.0,0.07671232876712329,218.0,put,7.96,8.15,8.23,1,,0.07868,-0.93991,0.01421,0.06862,-0.00924,-0.07618,spy_options_2015.parquet,1791893
SPY,2015-04-10,2015-04-10T16:00:00-04:00,210.0,2015-05-08,28.0,0.07671232876712329,219.0,call,0.06,0.09,0.07,20,,0.08393,0.03998,0.01732,0.05115,-0.00766,0.00703,spy_options_2015.parquet,1791894
SPY,2015-04-10,2015-04-10T16:00:00-04:00,210.0,2015-05-08,28.0,0.07671232876712329,219.0,put,8.92,9.12,0.0,,,0.08323,-0.94602,0.00766,0.06225,-0.00866,-0.06114,spy_options_2015.parquet,1791894
SPY,2015-04-10,2015-04-10T16:00:00-04:00,210.0,2015-05-08,28.0,0.07671232876712329,220.0,call,0.06,0.06,0.06,419,,0.08605,0.02899,0.01275,0.03844,-0.00581,0.0048,spy_options_2015.parquet,1791895
SPY,2015-04-10,2015-04-10T16:00:00-04:00,210.0,2015-05-08,28.0,0.07671232876712329,220.0,put,9.88,10.18,0.0,,,0.09128,-0.94579,0.00628,0.06185,-0.00955,-0.06002,spy_options_2015.parquet,1791895
SPY,2015-04-10,2015-04-10T16:00:00-04:00,210.0,2015-05-08,28.0,0.07671232876712329,222.5,call,0.03,0.04,0.03,0,,0.09635,0.01754,0.00742,0.02548,-0.00448,0.00289,spy_options_2015.parquet,1791896
SPY,2015-04-10,2015-04-10T16:00:00-04:00,210.0,2015-05-08,28.0,0.07671232876712329,222.5,put,12.39,12.63,0.0,,,0.1085,-0.9459,0.0017,0.06034,-0.01138,-0.04718,spy_options_2015.parquet,1791896
SPY,2015-04-10,2015-04-10T16:00:00-04:00,210.0,2015-05-08,28.0,0.07671232876712329,225.0,call,0.01,0.03,0.01,0,,0.10703,0.01107,0.00479,0.01755,-0.00309,0.00203,spy_options_2015.parquet,1791897
SPY,2015-04-10,2015-04-10T16:00:00-04:00,210.0,2015-05-08,28.0,0.07671232876712329,225.0,put,14.88,15.11,0.0,,,0.12722,-0.94462,0.00051,0.06139,-0.00494,-0.04272,spy_options_2015.parquet,1791897
SPY,2015-04-10,2015-04-10T16:00:00-04:00,210.0,2015-05-08,28.0,0.07671232876712329,227.5,call,0.01,0.02,0.0,,,0.11431,0.00704,0.00278,0.01156,-0.0023,0.00112,spy_options_2015.parquet,1791898
SPY,2015-04-10,2015-04-10T16:00:00-04:00,210.0,2015-05-08,28.0,0.07671232876712329,227.5,put,17.37,17.61,0.0,,,0.14843,-0.94301,0.00035,0.06194,-0.00488,-0.04356,spy_options_2015.parquet,1791898
SPY,2015-04-10,2015-04-10T16:00:00-04:00,210.0,2015-05-08,28.0,0.07671232876712329,230.0,call,0.01,0.01,0.0,,,0.12879,0.00646,0.00233,0.01012,-0.00258,0.00148,spy_options_2015.parquet,1791899
SPY,2015-04-10,2015-04-10T16:00:00-04:00,210.0,2015-05-08,28.0,0.07671232876712329,230.0,put,19.86,20.1,0.0,,,,-1.0,0.0,0.0,0.0,0.0,spy_options_2015.parquet,1791899
SPY,2015-04-10,2015-04-10T16:00:00-04:00,210.0,2015-05-08,28.0,0.07671232876712329,232.5,call,0.0,0.01,0.01,0,,0.12634,0.00234,0.00097,0.00419,-0.00054,0.00022,spy_options_2015.parquet,1791900
SPY,2015-04-10,2015-04-10T16:00:00-04:00,210.0,2015-05-08,28.0,0.07671232876712329,232.5,put,22.35,22.62,0.0,,,,-1.0,0.0,0.0,0.0,0.0,spy_options_2015.parquet,1791900
SPY,2015-04-10,2015-04-10T16:00:00-04:00,210.0,2015-05-08,28.0,0.07671232876712329,235.0,call,0.0,0.01,0.0,,,0.13835,0.0021,0.00082,0.00368,-0.00092,0.00028,spy_options_2015.parquet,1791901
SPY,2015-04-10,2015-04-10T16:00:00-04:00,210.0,2015-05-08,28.0,0.07671232876712329,235.0,put,24.85,25.12,0.0,,,,-1.0,0.0,0.0,0.0,0.0,spy_options_2015.parquet,1791901
SPY,2015-04-10,2015-04-10T16:00:00-04:00,210.0,2015-05-08,28.0,0.07671232876712329,237.5,call,0.0,0.01,0.0,,,0.15019,0.00239,0.00066,0.00349,-0.00053,0.00032,spy_options_2015.parquet,1791902
SPY,2015-04-10,2015-04-10T16:00:00-04:00,210.0,2015-05-08,28.0,0.07671232876712329,237.5,put,27.34,27.61,0.0,,,,-1.0,0.0,0.0,0.0,0.0,spy_options_2015.parquet,1791902
SPY,2015-04-10,2015-04-10T16:00:00-04:00,210.0,2015-05-08,28.0,0.07671232876712329,240.0,call,0.0,0.02,0.0,,,0.16138,0.00156,0.00059,0.00347,-0.00042,-0.00013,spy_options_2015.parquet,1791903
SPY,2015-04-10,2015-04-10T16:00:00-04:00,210.0,2015-05-08,28.0,0.07671232876712329,240.0,put,29.82,30.1,0.0,,,,-1.0,0.0,0.0,0.0,0.0,spy_options_2015.parquet,1791903
SPY,2015-04-10,2015-04-10T16:00:00-04:00,210.0,2015-05-08,28.0,0.07671232876712329,242.5,call,0.0,0.01,0.0,,,0.17277,0.00218,0.00057,0.00367,-0.00139,0.00018,spy_options_2015.parquet,1791904
SPY,2015-04-10,2015-04-10T16:00:00-04:00,210.0,2015-05-08,28.0,0.07671232876712329,242.5,put,32.34,32.6,0.0,,,,-1.0,0.0,0.0,0.0,0.0,spy_options_2015.parquet,1791904
SPY,2015-04-10,2015-04-10T16:00:00-04:00,210.0,2015-05-15,35.0,0.0958904109589041,141.0,call,68.91,69.2,0.0,,,0.49449,0.9962,0.00036,0.0082,-0.00571,0.13816,spy_options_2015.parquet,1791912
SPY,2015-04-10,2015-04-10T16:00:00-04:00,210.0,2015-05-15,35.0,0.0958904109589041,141.0,put,0.0,0.01,0.01,0,,0.40396,-0.00049,0.0001,0.00196,-0.0012,-0.00045,spy_options_2015.parquet,1791912
SPY,2015-04-10,2015-04-10T16:00:00-04:00,210.0,2015-05-15,35.0,0.0958904109589041,142.0,call,67.91,68.2,0.0,,,0.487,0.99609,0.0004,0.00787,-0.00523,0.13895,spy_options_2015.parquet,1791913
SPY,2015-04-10,2015-04-10T16:00:00-04:00,210.0,2015-05-15,35.0,0.0958904109589041,142.0,put,0.0,0.01,0.0,,,0.39726,-0.0004,4e-05,0.00175,-0.00047,0.0,spy_options_2015.parquet,1791913
SPY,2015-04-10,2015-04-10T16:00:00-04:00,210.0,2015-05-15,35.0,0.0958904109589041,143.0,call,66.91,67.21,0.0,,,0.47835,0.9954,0.00044,0.00845,-0.0055,0.14012,spy_options_2015.parquet,1791914
SPY,2015-04-10,2015-04-10T16:00:00-04:00,210.0,2015-05-15,35.0,0.0958904109589041,143.0,put,0.0,0.02,0.0,,,0.39022,-0.00078,4e-05,0.00169,-0.0009,0.0,spy_options_2015.parquet,1791914
SPY,2015-04-10,2015-04-10T16:00:00-04:00,210.0,2015-05-15,35.0,0.0958904109589041,144.0,call,65.9,66.2,0.0,,,0.47058,0.99542,0.0004,0.00845,-0.0052,0.1407,spy_options_2015.parquet,1791915
SPY,2015-04-10,2015-04-10T16:00:00-04:00,210.0,2015-05-15,35.0,0.0958904109589041,144.0,put,0.0,0.01,0.01,20,,0.38413,-0.00084,0.00014,0.00129,-0.0006,0.0,spy_options_2015.parquet,1791915
SPY,2015-04-10,2015-04-10T16:00:00-04:00,210.0,2015-05-15,35.0,0.0958904109589041,145.0,call,64.9,65.2,0.0,,,0.46309,0.99563,0.0004,0.00889,-0.00562,0.14229,spy_options_2015.parquet,1791916
SPY,2015-04-10,2015-04-10T16:00:00-04:00,210.0,2015-05-15,35.0,0.0958904109589041,145.0,put,0.0,0.01,0.0,,,0.37758,-0.00062,0.00012,0.0016,-0.00111,-4e-05,spy_options_2015.parquet,1791916
SPY,2015-04-10,2015-04-10T16:00:00-04:00,210.0,2015-05-15,35.0,0.0958904109589041,146.0,call,63.91,64.19,0.0,,,0.45478,0.99587,0.00043,0.00838,-0.00545,0.14272,spy_options_2015.parquet,1791917
SPY,2015-04-10,2015-04-10T16:00:00-04:00,210.0,2015-05-15,35.0,0.0958904109589041,146.0,put,0.0,0.01,0.0,,,0.37053,-0.00102,5e-05,0.00179,-0.00076,0.0,spy_options_2015.parquet,1791917
SPY,2015-04-10,2015-04-10T16:00:00-04:00,210.0,2015-05-15,35.0,0.0958904109589041,147.0,call,62.91,63.21,0.0,,,0.44721,0.99588,0.0005,0.00918,-0.00564,0.14356,spy_options_2015.parquet,1791918
SPY,2015-04-10,2015-04-10T16:00:00-04:00,210.0,2015-05-15,35.0,0.0958904109589041,147.0,put,0.0,0.02,0.01,12,,0.36423,-0.00045,0.00012,0.00196,-0.00089,-0.00058,spy_options_2015.parquet,1791918
SPY,2015-04-10,2015-04-10T16:00:00-04:00,210.0,2015-05-15,35.0,0.0958904109589041,148.0,call,61.92,62.21,0.0,,,0.4498,0.99497,0.00056,0.01061,-0.00664,0.14493,spy_options_2015.parquet,1791919
SPY,2015-04-10,2015-04-10T16:00:00-04:00,210.0,2015-05-15,35.0,0.0958904109589041,148.0,put,0.0,0.03,0.0,,,0.3945,-0.00213,0.00026,0.00388,-0.00264,-0.0005,spy_options_2015.parquet,1791919
SPY,2015-04-10,2015-04-10T16:00:00-04:00,210.0,2015-05-15,35.0,0.0958904109589041,149.0,call,60.92,61.2,0.0,,,0.44227,0.99437,0.00053,0.01051,-0.00627,0.146,spy_options_2015.parquet,1791920
SPY,2015-04-10,2015-04-10T16:00:00-04:00,210.0,2015-05-15,35.0,0.0958904109589041,149.0,put,0.01,0.03,0.0,,,0.38784,-0.0016,0.00021,0.00463,-0.00235,-0.00025,spy_options_2015.parquet,1791920
SPY,2015-04-10,2015-04-10T16:00:00-04:00,210.0,2015-05-15,35.0,0.0958904109589041,150.0,call,59.92,60.21,0.0,,,0.43397,0.99488,0.00053,0.01031,-0.00606,0.14645,spy_options_2015.parquet,1791921
SPY,2015-04-10,2015-04-10T16:00:00-04:00,210.0,2015-05-15,35.0,0.0958904109589041,150.0,put,0.01,0.02,0.01,200,,0.38005,-0.00161,0.00024,0.00438,-0.00189,-0.00012,spy_options_2015.parquet,1791921
SPY,2015-04-10,2015-04-10T16:00:00-04:00,210.0,2015-05-15,35.0,0.0958904109589041,151.0,call,58.92,59.22,0.0,,,0.42631,0.99396,0.0006,0.01025,-0.00582,0.14721,spy_options_2015.parquet,1791922
SPY,2015-04-10,2015-04-10T16:00:00-04:00,210.0,2015-05-15,35.0,0.0958904109589041,151.0,put,0.01,0.02,0.02,200,,0.37396,-0.00173,0.00022,0.00465,-0.00258,-0.0004,spy_options_2015.parquet,1791922
SPY,2015-04-10,2015-04-10T16:00:00-04:00,210.0,2015-05-15,35.0,0.0958904109589041,152.0,call,57.92,58.21,0.0,,,0.4193,0.99419,0.00065,0.01095,-0.00569,0.14872,spy_options_2015.parquet,1791923
SPY,2015-04-10,2015-04-10T16:00:00-04:00,210.0,2015-05-15,35.0,0.0958904109589041,152.0,put,0.01,0.02,0.02,250,,0.36665,-0.00161,0.00028,0.00445,-0.00167,-0.00045,spy_options_2015.parquet,1791923
SPY,2015-04-10,2015-04-10T16:00:00-04:00,210.0,2015-05-15,35.0,0.0958904109589041,153.0,call,56.92,57.21,0.0,,,0.41165,0.99456,0.00065,0.01069,-0.00612,0.14968,spy_options_2015.parquet,1791924
SPY,2015-04-10,2015-04-10T16:00:00-04:00,210.0,2015-05-15,35.0,0.0958904109589041,153.0,put,0.0,0.01,0.02,500,,0.35926,-0.00219,0.00029,0.00466,-0.00223,-0.00016,spy_options_2015.parquet,1791924
SPY,2015-04-10,2015-04-10T16:00:00-04:00,210.0,2015-05-15,35.0,0.0958904109589041,154.0,call,55.91,56.21,0.0,,,0.40409,0.9936,0.00064,0.01078,-0.00565,0.15037,spy_options_2015.parquet,1791925
SPY,2015-04-10,2015-04-10T16:00:00-04:00,210.0,2015-05-15,35.0,0.0958904109589041,154.0,put,0.01,0.02,0.0,,,0.3533,-0.0023,0.00026,0.00417,-0.00184,-0.00056,spy_options_2015.parquet,1791925
SPY,2015-04-10,2015-04-10T16:00:00-04:00,210.0,2015-05-15,35.0,0.0958904109589041,155.0,call,54.91,55.2,0.0,,,0.39651,0.99424,0.00061,0.01177,-0.00616,0.15167,spy_options_2015.parquet,1791926
SPY,2015-04-10,2015-04-10T16:00:00-04:00,210.0,2015-05-15,35.0,0.0958904109589041,155.0,put,0.01,0.02,0.0,,,0.34693,-0.0018,0.00036,0.00515,-0.00238,-0.00075,spy_options_2015.parquet,1791926
SPY,2015-04-10,2015-04-10T16:00:00-04:00,210.0,2015-05-15,35.0,0.0958904109589041,156.0,call,53.92,54.21,0.0,,,0.38852,0.99368,0.00069,0.01167,-0.00591,0.1526,spy_options_2015.parquet,1791927
SPY,2015-04-10,2015-04-10T16:00:00-04:00,210.0,2015-05-15,35.0,0.0958904109589041,156.0,put,0.01,0.02,0.0,,,0.34016,-0.00181,0.00032,0.00443,-0.00217,-0.00014,spy_options_2015.parquet,1791927
SPY,2015-04-10,2015-04-10T16:00:00-04:00,210.0,2015-05-15,35.0,0.0958904109589041,157.0,call,52.92,53.21,0.0,,,0.38093,0.99343,0.00066,0.01221,-0.00644,0.15349,spy_options_2015.parquet,1791928
SPY,2015-04-10,2015-04-10T16:00:00-04:00,210.0,2015-05-15,35.0,0.0958904109589041,157.0,put,0.02,0.03,0.02,1,,0.35092,-0.00397,0.00048,0.00734,-0.0033,-0.00036,spy_options_2015.parquet,1791928
SPY,2015-04-10,2015-04-10T16:00:00-04:00,210.0,2015-05-15,35.0,0.0958904109589041,158.0,call,51.92,52.21,0.0,,,0.37346,0.99321,0.00073,0.01235,-0.00647,0.1542,spy_options_2015.parquet,1791929
SPY,2015-04-10,2015-04-10T16:00:00-04:00,210.0,2015-05-15,35.0,0.0958904109589041,158.0,put,0.02,0.03,0.0,,,0.34356,-0.00362,0.00045,0.00732,-0.00324,-0.00085,spy_options_2015.parquet,1791929
SPY,2015-04-10,2015-04-10T16:00:00-04:00,210.0,2015-05-15,35.0,0.0958904109589041,159.0,call,50.93,51.22,0.0,,,0.37324,0.99207,0.00086,0.01417,-0.0068,0.15537,spy_options_2015.parquet,1791930
SPY,2015-04-10,2015-04-10T16:00:00-04:00,210.0,2015-05-15,35.0,0.0958904109589041,159.0,put,0.02,0.02,0.03,10,,0.33666,-0.00324,0.00049,0.00713,-0.00364,-0.00055,spy_options_2015.parquet,1791930
SPY,2015-04-10,2015-04-10T16:00:00-04:00,210.0,2015-05-15,35.0,0.0958904109589041,160.0,call,49.93,50.22,0.0,,,0.366,0.99236,0.00093,0.01401,-0.00689,0.15597,spy_options_2015.parquet,1791931
SPY,2015-04-10,2015-04-10T16:00:00-04:00,210.0,2015-05-15,35.0,0.0958904109589041,160.0,put,0.01,0.03,0.03,100,,0.32884,-0.00361,0.00054,0.00681,-0.00283,-0.00056,spy_options_2015.parquet,1791931
SPY,2015-04-10,2015-04-10T16:00:00-04:00,210.0,2015-05-15,35.0,0.0958904109589041,161.0,call,48.96,49.2,0.0,,,0.3593,0.99248,0.00095,0.0141,-0.00714,0.15697,spy_options_2015.parquet,1791932
SPY,2015-04-10,2015-04-10T16:00:00-04:00,210.0,2015-05-15,35.0,0.0958904109589041,161.0,put,0.02,0.03,0.0,,,0.32283,-0.00389,0.00054,0.00723,-0.00298,-0.0007,spy_options_2015.parquet,1791932
SPY,2015-04-10,2015-04-10T16:00:00-04:00,210.0,2015-05-15,35.0,0.0958904109589041,162.0,call,47.95,48.19,0.0,,,0.3515,0.99202,0.00095,0.01468,-0.00655,0.15793,spy_options_2015.parquet,1791933
SPY,2015-04-10,2015-04-10T16:00:00-04:00,210.0,2015-05-15,35.0,0.0958904109589041,162.0,put,0.02,0.04,0.0,,,0.31552,-0.00345,0.00059,0.00734,-0.00337,-0.00127,spy_options_2015.parquet,1791933
SPY,2015-04-10,2015-04-10T16:00:00-04:00,210.0,2015-05-15,35.0,0.0958904109589041,163.0,call,46.95,47.2,0.0,,,0.34427,0.99153,0.00104,0.0146,-0.00675,0.15926,spy_options_2015.parquet,1791934
SPY,2015-04-10,2015-04-10T16:00:00-04:00,210.0,2015-05-15,35.0,0.0958904109589041,163.0,put,0.02,0.03,0.03,3,,0.30898,-0.00355,0.0006,0.00719,-0.00295,-0.00049,spy_options_2015.parquet,1791934
SPY,2015-04-10,2015-04-10T16:00:00-04:00,210.0,2015-05-15,35.0,0.0958904109589041,164.0,call,45.96,46.18,0.0,,,0.33647,0.99186,0.00103,0.01501,-0.00643,0.15963,spy_options_2015.parquet,1791935
SPY,2015-04-10,2015-04-10T16:00:00-04:00,210.0,2015-05-15,35.0,0.0958904109589041,164.0,put,0.02,0.05,0.03,0,,0.30822,-0.00427,0.00064,0.00925,-0.00329,-0.001,spy_options_2015.parquet,1791935
SPY,2015-04-10,2015-04-10T16:00:00-04:00,210.0,2015-05-15,35.0,0.0958904109589041,165.0,call,44.96,45.19,0.0,,,0.32886,0.99136,0.00108,0.01534,-0.0063,0.16068,spy_options_2015.parquet,1791936
SPY,2015-04-10,2015-04-10T16:00:00-04:00,210.0,2015-05-15,35.0,0.0958904109589041,165.0,put,0.02,0.04,0.04,,,0.3062,-0.00535,0.0008,0.01019,-0.00387,-0.0011,spy_options_2015.parquet,1791936
SPY,2015-04-10,2015-04-10T16:00:00-04:00,210.0,2015-05-15,35.0,0.0958904109589041,166.0,call,43.98,44.2,0.0,,,0.32827,0.98993,0.00124,0.01708,-0.0077,0.16173,spy_options_2015.parquet,1791937
SPY,2015-04-10,2015-04-10T16:00:00-04:00,210.0,2015-05-15,35.0,0.0958904109589041,166.0,put,0.03,0.04,0.04,0,,0.29964,-0.00539,0.00081,0.01063,-0.0037,-0.00119,spy_options_2015.parquet,1791937
SPY,2015-04-10,2015-04-10T16:00:00-04:00,210.0,2015-05-15,35.0,0.0958904109589041,167.0,call,42.96,43.2,0.0,,,0.32029,0.99009,0.00124,0.0171,-0.00714,0.16263,spy_options_2015.parquet,1791938
SPY,2015-04-10,2015-04-10T16:00:00-04:00,210.0,2015-05-15,35.0,0.0958904109589041,167.0,put,0.03,0.04,0.04,0,,0.29242,-0.00518,0.00081,0.01094,-0.00409,-0.00128,spy_options_2015.parquet,1791938
SPY,2015-04-10,2015-04-10T16:00:00-04:00,210.0,2015-05-15,35.0,0.0958904109589041,168.0,call,41.97,42.19,0.0,,,0.31336,0.98984,0.00129,0.01785,-0.0078,0.16373,spy_options_2015.parquet,1791939
SPY,2015-04-10,2015-04-10T16:00:00-04:00,210.0,2015-05-15,35.0,0.0958904109589041,168.0,put,0.03,0.04,0.04,2,,0.28588,-0.00531,0.00089,0.01107,-0.00423,-0.00146,spy_options_2015.parquet,1791939
SPY,2015-04-10,2015-04-10T16:00:00-04:00,210.0,2015-05-15,35.0,0.0958904109589041,169.0,call,40.96,41.2,0.0,,,0.306,0.98985,0.00138,0.01822,-0.00776,0.1641,spy_options_2015.parquet,1791940
SPY,2015-04-10,2015-04-10T16:00:00-04:00,210.0,2015-05-15,35.0,0.0958904109589041,169.0,put,0.03,0.05,0.04,0,,0.28325,-0.00634,0.00096,0.01182,-0.00425,-0.0012,spy_options_2015.parquet,1791940
SPY,2015-04-10,2015-04-10T16:00:00-04:00,210.0,2015-05-15,35.0,0.0958904109589041,170.0,call,39.97,40.2,0.0,,,0.30119,0.98909,0.00148,0.01982,-0.00751,0.16561,spy_options_2015.parquet,1791941
SPY,2015-04-10,2015-04-10T16:00:00-04:00,210.0,2015-05-15,35.0,0.0958904109589041,170.0,put,0.05,0.05,0.04,,,0.27994,-0.00705,0.00114,0.01294,-0.00521,-0.00113,spy_options_2015.parquet,1791941
SPY,2015-04-10,2015-04-10T16:00:00-04:00,210.0,2015-05-15,35.0,0.0958904109589041,171.0,call,38.97,39.22,0.0,,,0.2961,0.98783,0.00157,0.02054,-0.00788,0.16611,spy_options_2015.parquet,1791942
SPY,2015-04-10,2015-04-10T16:00:00-04:00,210.0,2015-05-15,35.0,0.0958904109589041,171.0,put,0.04,0.05,0.05,80,,0.27321,-0.0073,0.00117,0.01347,-0.0045,-0.00184,spy_options_2015.parquet,1791942
SPY,2015-04-10,2015-04-10T16:00:00-04:00,210.0,2015-05-15,35.0,0.0958904109589041,172.0,call,37.99,38.21,0.0,,,0.28907,0.98767,0.00164,0.02106,-0.00799,0.16688,spy_options_2015.parquet,1791943
SPY,2015-04-10,2015-04-10T16:00:00-04:00,210.0,2015-05-15,35.0,0.0958904109589041,172.0,put,0.04,0.06,0.05,47,,0.26659,-0.00732,0.00122,0.01432,-0.00477,-0.00172,spy_options_2015.parquet,1791943
SPY,2015-04-10,2015-04-10T16:00:00-04:00,210.0,2015-05-15,35.0,0.0958904109589041,173.0,call,36.97,37.22,0.0,,,0.2832,0.98648,0.00182,0.02257,-0.00865,0.16738,spy_options_2015.parquet,1791944
SPY,2015-04-10,2015-04-10T16:00:00-04:00,210.0,2015-05-15,35.0,0.0958904109589041,173.0,put,0.05,0.06,0.05,10,,0.26639,-0.009,0.0014,0.01587,-0.00615,-0.00236,spy_options_2015.parquet,1791944
SPY,2015-04-10,2015-04-10T16:00:00-04:00,210.0,2015-05-15,35.0,0.0958904109589041,174.0,call,36.0,36.22,0.0,,,0.28307,0.98468,0.00202,0.02552,-0.00963,0.16784,spy_options_2015.parquet,1791945
SPY,2015-04-10,2015-04-10T16:00:00-04:00,210.0,2015-05-15,35.0,0.0958904109589041,174.0,put,0.05,0.07,0.05,1,,0.25922,-0.00901,0.00146,0.01673,-0.00566,-0.00207,spy_options_2015.parquet,1791945
SPY,2015-04-10,2015-04-10T16:00:00-04:00,210.0,2015-05-15,35.0,0.0958904109589041,175.0,call,35.01,35.25,0.0,,,0.28078,0.98293,0.00231,0.02788,-0.01095,0.16837,spy_options_2015.parquet,1791946
SPY,2015-04-10,2015-04-10T16:00:00-04:00,210.0,2015-05-15,35.0,0.0958904109589041,175.0,put,0.05,0.07,0.06,11,,0.25525,-0.01029,0.00161,0.01815,-0.0062,-0.00242,spy_options_2015.parquet,1791946
SPY,2015-04-10,2015-04-10T16:00:00-04:00,210.0,2015-05-15,35.0,0.0958904109589041,176.0,call,34.01,34.23,0.0,,,0.2712,0.98324,0.00234,0.02756,-0.01009,0.16972,spy_options_2015.parquet,1791947
SPY,2015-04-10,2015-04-10T16:00:00-04:00,210.0,2015-05-15,35.0,0.0958904109589041,176.0,put,0.06,0.06,0.08,0,,0.25063,-0.01097,0.00178,0.01999,-0.00675,-0.00254,spy_options_2015.parquet,1791947
SPY,2015-04-10,2015-04-10T16:00:00-04:00,210.0,2015-05-15,35.0,0.0958904109589041,177.0,call,33.01,33.25,0.0,,,0.26743,0.98163,0.00255,0.02988,-0.01095,0.17073,spy_options_2015.parquet,1791948
SPY,2015-04-10,2015-04-10T16:00:00-04:00,210.0,2015-05-15,35.0,0.0958904109589041,177.0,put,0.06,0.08,0.07,30,,0.24634,-0.01237,0.00191,0.02141,-0.00667,-0.00264,spy_options_2015.parquet,1791948
SPY,2015-04-10,2015-04-10T16:00:00-04:00,210.0,2015-05-15,35.0,0.0958904109589041,178.0,call,32.01,32.25,0.0,,,0.25654,0.98239,0.00266,0.02876,-0.01058,0.17157,spy_options_2015.parquet,1791949
SPY,2015-04-10,2015-04-10T16:00:00-04:00,210.0,2015-05-15,35.0,0.0958904109589041,178.0,put,0.07,0.08,0.07,95,,0.24136,-0.01358,0.00213,0.02249,-0.0076,-0.00233,spy_options_2015.parquet,1791949
SPY,2015-04-10,2015-04-10T16:00:00-04:00,210.0,2015-05-15,35.0,0.0958904109589041,179.0,call,31.04,31.26,0.0,,,0.25601,0.97815,0.00305,0.03428,-0.01215,0.17139,spy_options_2015.parquet,1791950
SPY,2015-04-10,2015-04-10T16:00:00-04:00,210.0,2015-05-15,35.0,0.0958904109589041,179.0,put,0.07,0.08,0.09,37,,0.2364,-0.01414,0.00229,0.02454,-0.00735,-0.00263,spy_options_2015.parquet,1791950
SPY,2015-04-10,2015-04-10T16:00:00-04:00,210.0,2015-05-15,35.0,0.0958904109589041,180.0,call,30.04,30.24,28.35,0,,0.24728,0.9783,0.00311,0.03405,-0.01105,0.17289,spy_options_2015.parquet,1791951
SPY,2015-04-10,2015-04-10T16:00:00-04:00,210.0,2015-05-15,35.0,0.0958904109589041,180.0,put,0.08,0.09,0.1,,,0.23103,-0.015,0.00254,0.02607,-0.00831,-0.00358,spy_options_2015.parquet,1791951
SPY,2015-04-10,2015-04-10T16:00:00-04:00,210.0,2015-05-15,35.0,0.0958904109589041,181.0,call,29.04,29.27,0.0,,,0.24269,0.97685,0.00348,0.03594,-0.01212,0.17336,spy_options_2015.parquet,1791952
SPY,2015-04-10,2015-04-10T16:00:00-04:00,210.0,2015-05-15,35.0,0.0958904109589041,181.0,put,0.08,0.1,0.1,47,,0.22803,-0.01766,0.00287,0.02816,-0.00849,-0.00336,spy_options_2015.parquet,1791952
SPY,2015-04-10,2015-04-10T16:00:00-04:00,210.0,2015-05-15,35.0,0.0958904109589041,182.0,call,28.06,28.28,0.0,,,0.24049,0.9737,0.00386,0.03991,-0.01313,0.17382,spy_options_2015.parquet,1791953
SPY,2015-04-10,2015-04-10T16:00:00-04:00,210.0,2015-05-15,35.0,0.0958904109589041,182.0,put,0.1,0.12,0.1,,,0.22405,-0.01937,0.0032,0.03084,-0.00912,-0.00391,spy_options_2015.parquet,1791953
SPY,2015-04-10,2015-04-10T16:00:00-04:00,210.0,2015-05-15,35.0,0.0958904109589041,183.0,call,27.07,27.29,0.0,,,0.23423,0.9714,0.00423,0.04303,-0.014,0.17478,spy_options_2015.parquet,1791954
SPY,2015-04-10,2015-04-10T16:00:00-04:00,210.0,2015-05-15,35.0,0.0958904109589041,183.0,put,0.11,0.12,0.13,220,,0.219,-0.02122,0.00353,0.0332,-0.01023,-0.0042,spy_options_2015.parquet,1791954
SPY,2015-04-10,2015-04-10T16:00:00-04:00,210.0,2015-05-15,35.0,0.0958904109589041,184.0,call,26.09,26.31,0.0,,,0.23067,0.96898,0.00458,0.04615,-0.01426,0.17477,spy_options_2015.parquet,1791955
SPY,2015-04-10,2015-04-10T16:00:00-04:00,210.0,2015-05-15,35.0,0.0958904109589041,184.0,put,0.12,0.14,0.13,218,,0.21596,-0.02386,0.00395,0.03727,-0.01084,-0.00537,spy_options_2015.parquet,1791955
SPY,2015-04-10,2015-04-10T16:00:00-04:00,210.0,2015-05-15,35.0,0.0958904109589041,185.0,call,25.08,25.34,0.0,,,0.22366,0.96705,0.00497,0.04821,-0.01492,0.17494,spy_options_2015.parquet,1791956
SPY,2015-04-10,2015-04-10T16:00:00-04:00,210.0,2015-05-15,35.0,0.0958904109589041,185.0,put,0.13,0.14,0.14,,,0.21037,-0.02477,0.00421,0.03962,-0.01082,-0.00576,spy_options_2015.parquet,1791956
SPY,2015-04-10,2015-04-10T16:00:00-04:00,210.0,2015-05-15,35.0,0.0958904109589041,186.0,call,24.12,24.33,0.0,,,0.21915,0.96349,0.0055,0.05213,-0.01525,0.17546,spy_options_2015.parquet,1791957
SPY,2015-04-10,2015-04-10T16:00:00-04:00,210.0,2015-05-15,35.0,0.0958904109589041,186.0,put,0.16,0.16,0.17,,,0.20969,-0.03012,0.00494,0.04501,-0.01268,-0.00591,spy_options_2015.parquet,1791957
SPY,2015-04-10,2015-04-10T16:00:00-04:00,210.0,2015-05-15,35.0,0.0958904109589041,187.0,call,23.12,23.28,0.0,,,0.20735,0.96532,0.00563,0.05084,-0.01449,0.17668,spy_options_2015.parquet,1791958
SPY,2015-04-10,2015-04-10T16:00:00-04:00,210.0,2015-05-15,35.0,0.0958904109589041,187.0,put,0.17,0.17,0.17,,,0.20409,-0.03224,0.00545,0.04842,-0.01341,-0.00695,spy_options_2015.parquet,1791958
SPY,2015-04-10,2015-04-10T16:00:00-04:00,210.0,2015-05-15,35.0,0.0958904109589041,188.0,call,22.16,22.31,0.0,,,0.2047,0.96039,0.00634,0.05676,-0.01606,0.17649,spy_options_2015.parquet,1791959
SPY,2015-04-10,2015-04-10T16:00:00-04:00,210.0,2015-05-15,35.0,0.0958904109589041,188.0,put,0.2,0.21,0.19,,,0.20042,-0.03657,0.00603,0.0526,-0.01392,-0.00811,spy_options_2015.parquet,1791959
SPY,2015-04-10,2015-04-10T16:00:00-04:00,210.0,2015-05-15,35.0,0.0958904109589041,189.0,call,21.16,21.33,0.0,,,0.19993,0.95712,0.00695,0.06038,-0.01689,0.17673,spy_options_2015.parquet,1791960
SPY,2015-04-10,2015-04-10T16:00:00-04:00,210.0,2015-05-15,35.0,0.0958904109589041,189.0,put,0.21,0.22,0.23,,,0.19533,-0.04024,0.00678,0.05725,-0.01536,-0.0081,spy_options_2015.parquet,1791960
SPY,2015-04-10,2015-04-10T16:00:00-04:00,210.0,2015-05-15,35.0,0.0958904109589041,190.0,call,20.19,20.36,19.5,0,,0.19579,0.95208,0.00777,0.06562,-0.01746,0.1766,spy_options_2015.parquet,1791961
SPY,2015-04-10,2015-04-10T16:00:00-04:00,210.0,2015-05-15,35.0,0.0958904109589041,190.0,put,0.24,0.25,0.25,,,0.19241,-0.046,0.00752,0.06349,-0.01632,-0.00943,spy_options_2015.parquet,1791961
SPY,2015-04-10,2015-04-10T16:00:00-04:00,210.0,2015-05-15,35.0,0.0958904109589041,191.0,call,19.23,19.39,18.31,0,,0.1919,0.94541,0.00869,0.07283,-0.01901,0.17686,spy_options_2015.parquet,1791962
SPY,2015-04-10,2015-04-10T16:00:00-04:00,210.0,2015-05-15,35.0,0.0958904109589041,191.0,put,0.27,0.28,0.28,,,0.18896,-0.05102,0.00847,0.07009,-0.01825,-0.01117,spy_options_2015.parquet,1791962
SPY,2015-04-10,2015-04-10T16:00:00-04:00,210.0,2015-05-15,35.0,0.0958904109589041,192.0,call,18.26,18.43,0.0,,,0.18824,0.93955,0.00973,0.07924,-0.02061,0.17588,spy_options_2015.parquet,1791963
SPY,2015-04-10,2015-04-10T16:00:00-04:00,210.0,2015-05-15,35.0,0.0958904109589041,192.0,put,0.3,0.31,0.32,,,0.1845,-0.05728,0.00942,0.07642,-0.01943,-0.01213,spy_options_2015.parquet,1791963
SPY,2015-04-10,2015-04-10T16:00:00-04:00,210.0,2015-05-15,35.0,0.0958904109589041,193.0,call,17.28,17.46,16.41,0,,0.18283,0.93257,0.01078,0.08552,-0.02129,0.17627,spy_options_2015.parquet,1791964
SPY,2015-04-10,2015-04-10T16:00:00-04:00,210.0,2015-05-15,35.0,0.0958904109589041,193.0,put,0.34,0.34,0.35,,,0.1806,-0.06482,0.01056,0.08373,-0.02084,-0.01417,spy_options_2015.parquet,1791964
SPY,2015-04-10,2015-04-10T16:00:00-04:00,210.0,2015-05-15,35.0,0.0958904109589041,194.0,call,16.34,16.49,16.16,10,,0.17905,0.92462,0.01198,0.09379,-0.02315,0.17507,spy_options_2015.parquet,1791965
SPY,2015-04-10,2015-04-10T16:00:00-04:00,210.0,2015-05-15,35.0,0.0958904109589041,194.0,put,0.39,0.39,0.4,,,0.17643,-0.07219,0.01186,0.09126,-0.02185,-0.01511,spy_options_2015.parquet,1791965
SPY,2015-04-10,2015-04-10T16:00:00-04:00,210.0,2015-05-15,35.0,0.0958904109589041,195.0,call,15.39,15.56,15.46,30,,0.17595,0.91521,0.0134,0.10287,-0.02543,0.17367,spy_options_2015.parquet,1791966
SPY,2015-04-10,2015-04-10T16:00:00-04:00,210.0,2015-05-15,35.0,0.0958904109589041,195.0,put,0.42,0.44,0.45,,,0.17329,-0.0816,0.01326,0.10056,-0.02343,-0.01765,spy_options_2015.parquet,1791966
SPY,2015-04-10,2015-04-10T16:00:00-04:00,210.0,2015-05-15,35.0,0.0958904109589041,196.0,call,14.45,14.63,14.57,10,,0.17199,0.90405,0.01506,0.11179,-0.02691,0.1725,spy_options_2015.parquet,1791967
SPY,2015-04-10,2015-04-10T16:00:00-04:00,210.0,2015-05-15,35.0,0.0958904109589041,196.0,put,0.49,0.5,0.51,,,0.16994,-0.09289,0.01486,0.11052,-0.026,-0.0199,spy_options_2015.parquet,1791967
SPY,2015-04-10,2015-04-10T16:00:00-04:00,210.0,2015-05-15,35.0,0.0958904109589041,197.0,call,13.52,13.66,13.3,10,,0.16742,0.89297,0.01669,0.12165,-0.02864,0.17151,spy_options_2015.parquet,1791968
SPY,2015-04-10,2015-04-10T16:00:00-04:00,210.0,2015-05-15,35.0,0.0958904109589041,197.0,put,0.55,0.56,0.56,,,0.16628,-0.10513,0.01663,0.12064,-0.0278,-0.02244,spy_options_2015.parquet,1791968
SPY,2015-04-10,2015-04-10T16:00:00-04:00,210.0,2015-05-15,35.0,0.0958904109589041,198.0,call,12.59,12.74,12.58,12,,0.1641,0.87908,0.01861,0.13275,-0.02993,0.16917,spy_options_2015.parquet,1791969
SPY,2015-04-10,2015-04-10T16:00:00-04:00,210.0,2015-05-15,35.0,0.0958904109589041,198.0,put,0.63,0.65,0.65,,,0.16288,-0.11931,0.01855,0.1321,-0.02977,-0.02512,spy_options_2015.parquet,1791969
SPY,2015-04-10,2015-04-10T16:00:00-04:00,210.0,2015-05-15,35.0,0.0958904109589041,199.0,call,11.68,11.84,11.53,5,,0.1607,0.86308,0.02076,0.14421,-0.03223,0.16691,spy_options_2015.parquet,1791970
SPY,2015-04-10,2015-04-10T16:00:00-04:00,210.0,2015-05-15,35.0,0.0958904109589041,199.0,put,0.73,0.73,0.73,,,0.15883,-0.13459,0.02072,0.14349,-0.03167,-0.02882,spy_options_2015.parquet,1791970
SPY,2015-04-10,2015-04-10T16:00:00-04:00,210.0,2015-05-15,35.0,0.0958904109589041,200.0,call,10.78,10.93,10.8,301,,0.15572,0.84668,0.02304,0.15579,-0.03439,0.1646,spy_options_2015.parquet,1791971
SPY,2015-04-10,2015-04-10T16:00:00-04:00,210.0,2015-05-15,35.0,0.0958904109589041,200.0,put,0.83,0.83,0.83,,,0.15507,-0.152,0.02299,0.1551,-0.03298,-0.03233,spy_options_2015.parquet,1791971
SPY,2015-04-10,2015-04-10T16:00:00-04:00,210.0,2015-05-15,35.0,0.0958904109589041,201.0,call,9.89,10.05,9.8,81,,0.15246,0.82707,0.02554,0.16933,-0.03582,0.16145,spy_options_2015.parquet,1791972
SPY,2015-04-10,2015-04-10T16:00:00-04:00,210.0,2015-05-15,35.0,0.0958904109589041,201.0,put,0.94,0.96,0.95,,,0.15202,-0.17242,0.02552,0.16886,-0.03583,-0.03657,spy_options_2015.parquet,1791972
SPY,2015-04-10,2015-04-10T16:00:00-04:00,210.0,2015-05-15,35.0,0.0958904109589041,202.0,call,9.02,9.18,9.02,42,,0.14849,0.80473,0.02822,0.18244,-0.03753,0.15768,spy_options_2015.parquet,1791973
SPY,2015-04-10,2015-04-10T16:00:00-04:00,210.0,2015-05-15,35.0,0.0958904109589041,202.0,put,1.06,1.07,1.08,,,0.14747,-0.19431,0.02824,0.18173,-0.03705,-0.0411,spy_options_2015.parquet,1791973
SPY,2015-04-10,2015-04-10T16:00:00-04:00,210.0,2015-05-15,35.0,0.0958904109589041,203.0,call,8.18,8.32,8.25,25,,0.14523,0.77955,0.03109,0.19544,-0.03914,0.15339,spy_options_2015.parquet,1791974
SPY,2015-04-10,2015-04-10T16:00:00-04:00,210.0,2015-05-15,35.0,0.0958904109589041,203.0,put,1.21,1.24,1.23,,,0.14344,-0.21931,0.03118,0.19563,-0.03863,-0.04615,spy_options_2015.parquet,1791974
SPY,2015-04-10,2015-04-10T16:00:00-04:00,210.0,2015-05-15,35.0,0.0958904109589041,204.0,call,7.4,7.5,7.35,67,,0.14249,0.74935,0.03391,0.20998,-0.04169,0.14774,spy_options_2015.parquet,1791975
SPY,2015-04-10,2015-04-10T16:00:00-04:00,210.0,2015-05-15,35.0,0.0958904109589041,204.0,put,1.38,1.4,1.39,,,0.13984,-0.24701,0.03423,0.20823,-0.04092,-0.05182,spy_options_2015.parquet,1791975
SPY,2015-04-10,2015-04-10T16:00:00-04:00,210.0,2015-05-15,35.0,0.0958904109589041,205.0,call,6.59,6.67,6.6,886,,0.1383,0.71891,0.0371,0.22273,-0.04252,0.14254,spy_options_2015.parquet,1791976
SPY,2015-04-10,2015-04-10T16:00:00-04:00,210.0,2015-05-15,35.0,0.0958904109589041,205.0,put,1.58,1.59,1.59,,,0.13635,-0.27903,0.03739,0.22177,-0.04241,-0.05874,spy_options_2015.parquet,1791976
SPY,2015-04-10,2015-04-10T16:00:00-04:00,210.0,2015-05-15,35.0,0.0958904109589041,206.0,call,5.83,5.9,5.84,,,0.13414,0.68376,0.04014,0.23499,-0.0439,0.13557,spy_options_2015.parquet,1791977
SPY,2015-04-10,2015-04-10T16:00:00-04:00,210.0,2015-05-15,35.0,0.0958904109589041,206.0,put,1.78,1.8,1.81,,,0.13183,-0.31264,0.04081,0.23417,-0.04253,-0.06553,spy_options_2015.parquet,1791977
SPY,2015-04-10,2015-04-10T16:00:00-04:00,210.0,2015-05-15,35.0,0.0958904109589041,207.0,call,5.08,5.1,5.1,,,0.12881,0.6463,0.04358,0.2453,-0.04427,0.12846,spy_options_2015.parquet,1791978
SPY,2015-04-10,2015-04-10T16:00:00-04:00,210.0,2015-05-15,35.0,0.0958904109589041,207.0,put,2.02,2.05,2.04,,,0.12734,-0.35113,0.04412,0.24479,-0.04383,-0.0733,spy_options_2015.parquet,1791978
SPY,2015-04-10,2015-04-10T16:00:00-04:00,210.0,2015-05-15,35.0,0.0958904109589041,208.0,call,4.37,4.38,4.37,,,0.12528,0.60417,0.04671,0.25364,-0.04433,0.12078,spy_options_2015.parquet,1791979
SPY,2015-04-10,2015-04-10T16:00:00-04:00,210.0,2015-05-15,35.0,0.0958904109589041,208.0,put,2.3,2.32,2.33,,,0.12276,-0.3938,0.04752,0.25336,-0.04353,-0.08267,spy_options_2015.parquet,1791979
SPY,2015-04-10,2015-04-10T16:00:00-04:00,210.0,2015-05-15,35.0,0.0958904109589041,209.0,call,3.66,3.68,3.65,,,0.11943,0.55808,0.05002,0.26023,-0.04379,0.11203,spy_options_2015.parquet,1791980
SPY,2015-04-10,2015-04-10T16:00:00-04:00,210.0,2015-05-15,35.0,0.0958904109589041,209.0,put,2.63,2.63,2.65,,,0.11855,-0.44044,0.05053,0.26055,-0.04286,-0.09123,spy_options_2015.parquet,1791980
SPY,2015-04-10,2015-04-10T16:00:00-04:00,210.0,2015-05-15,35.0,0.0958904109589041,210.0,call,3.04,3.04,3.01,,,0.1159,0.5082,0.05242,0.26318,-0.04204,0.10217,spy_options_2015.parquet,1791981
SPY,2015-04-10,2015-04-10T16:00:00-04:00,210.0,2015-05-15,35.0,0.0958904109589041,210.0,put,2.97,2.98,2.98,,,0.11266,-0.492,0.0538,0.26262,-0.04129,-0.10144,spy_options_2015.parquet,1791981
SPY,2015-04-10,2015-04-10T16:00:00-04:00,210.0,2015-05-15,35.0,0.0958904109589041,211.0,call,2.44,2.47,2.43,,,0.11076,0.45322,0.05433,0.26131,-0.04039,0.09178,spy_options_2015.parquet,1791982
SPY,2015-04-10,2015-04-10T16:00:00-04:00,210.0,2015-05-15,35.0,0.0958904109589041,211.0,put,3.37,3.42,3.39,680,,0.10891,-0.54762,0.05504,0.26087,-0.03955,-0.1118,spy_options_2015.parquet,1791982
SPY,2015-04-10,2015-04-10T16:00:00-04:00,210.0,2015-05-15,35.0,0.0958904109589041,212.0,call,1.91,1.93,1.9,,,0.10543,0.39472,0.05515,0.2538,-0.03787,0.07937,spy_options_2015.parquet,1791983
SPY,2015-04-10,2015-04-10T16:00:00-04:00,210.0,2015-05-15,35.0,0.0958904109589041,212.0,put,3.8,3.92,3.88,995,,0.1045,-0.60675,0.05586,0.25343,-0.0368,-0.1225,spy_options_2015.parquet,1791983
SPY,2015-04-10,2015-04-10T16:00:00-04:00,210.0,2015-05-15,35.0,0.0958904109589041,213.0,call,1.43,1.45,1.43,,,0.10091,0.33401,0.05471,0.23987,-0.03333,0.06767,spy_options_2015.parquet,1791984
SPY,2015-04-10,2015-04-10T16:00:00-04:00,210.0,2015-05-15,35.0,0.0958904109589041,213.0,put,4.33,4.44,4.36,214,,0.09943,-0.66947,0.05534,0.23967,-0.03268,-0.13312,spy_options_2015.parquet,1791984
SPY,2015-04-10,2015-04-10T16:00:00-04:00,210.0,2015-05-15,35.0,0.0958904109589041,214.0,call,1.04,1.04,1.02,,,0.09601,0.27113,0.05239,0.21808,-0.02915,0.05482,spy_options_2015.parquet,1791985
SPY,2015-04-10,2015-04-10T16:00:00-04:00,210.0,2015-05-15,35.0,0.0958904109589041,214.0,put,4.93,5.06,5.07,237,,0.09454,-0.73067,0.05248,0.21741,-0.02882,-0.14114,spy_options_2015.parquet,1791985
SPY,2015-04-10,2015-04-10T16:00:00-04:00,210.0,2015-05-15,35.0,0.0958904109589041,215.0,call,0.72,0.74,0.71,,,0.09283,0.21432,0.04769,0.19261,-0.0251,0.04338,spy_options_2015.parquet,1791986
SPY,2015-04-10,2015-04-10T16:00:00-04:00,210.0,2015-05-15,35.0,0.0958904109589041,215.0,put,5.62,5.74,5.74,,,0.0901,-0.79069,0.04745,0.1907,-0.0239,-0.14557,spy_options_2015.parquet,1791986
SPY,2015-04-10,2015-04-10T16:00:00-04:00,210.0,2015-05-15,35.0,0.0958904109589041,216.0,call,0.49,0.5,0.48,,,0.0895,0.16122,0.04157,0.16095,-0.01963,0.03309,spy_options_2015.parquet,1791987
SPY,2015-04-10,2015-04-10T16:00:00-04:00,210.0,2015-05-15,35.0,0.0958904109589041,216.0,put,6.37,6.52,6.5,30,,0.08632,-0.84338,0.04037,0.1585,-0.01857,-0.14519,spy_options_2015.parquet,1791987
SPY,2015-04-10,2015-04-10T16:00:00-04:00,210.0,2015-05-15,35.0,0.0958904109589041,217.0,call,0.32,0.34,0.32,,,0.08646,0.11698,0.03443,0.12971,-0.01586,0.02365,spy_options_2015.parquet,1791988
SPY,2015-04-10,2015-04-10T16:00:00-04:00,210.0,2015-05-15,35.0,0.0958904109589041,217.0,put,7.2,7.34,7.45,36,,0.08348,-0.88742,0.0316,0.12609,-0.01487,-0.13739,spy_options_2015.parquet,1791988
SPY,2015-04-10,2015-04-10T16:00:00-04:00,210.0,2015-05-15,35.0,0.0958904109589041,218.0,call,0.21,0.23,0.21,,,0.08574,0.08387,0.02739,0.10186,-0.01244,0.01751,spy_options_2015.parquet,1791989
SPY,2015-04-10,2015-04-10T16:00:00-04:00,210.0,2015-05-15,35.0,0.0958904109589041,218.0,put,8.16,8.25,8.18,132,,0.08648,-0.90837,0.02463,0.10833,-0.01225,-0.12793,spy_options_2015.parquet,1791989
SPY,2015-04-10,2015-04-10T16:00:00-04:00,210.0,2015-05-15,35.0,0.0958904109589041,219.0,call,0.14,0.15,0.14,,,0.0856,0.06027,0.02125,0.0792,-0.00881,0.0121,spy_options_2015.parquet,1791990
SPY,2015-04-10,2015-04-10T16:00:00-04:00,210.0,2015-05-15,35.0,0.0958904109589041,219.0,put,9.01,9.19,9.22,31,,0.08385,-0.93304,0.01548,0.08357,-0.00917,-0.10496,spy_options_2015.parquet,1791990
SPY,2015-04-10,2015-04-10T16:00:00-04:00,210.0,2015-05-15,35.0,0.0958904109589041,220.0,call,0.09,0.1,0.11,670,,0.08511,0.04231,0.01605,0.05901,-0.0064,0.00893,spy_options_2015.parquet,1791991
SPY,2015-04-10,2015-04-10T16:00:00-04:00,210.0,2015-05-15,35.0,0.0958904109589041,220.0,put,9.98,10.16,10.1,51,,0.08741,-0.93915,0.01065,0.07618,-0.00911,-0.0915,spy_options_2015.parquet,1791991
SPY,2015-04-10,2015-04-10T16:00:00-04:00,210.0,2015-05-15,35.0,0.0958904109589041,221.0,call,0.08,0.08,0.08,,,0.08745,0.0333,0.01281,0.04852,-0.00628,0.00675,spy_options_2015.parquet,1791992
SPY,2015-04-10,2015-04-10T16:00:00-04:00,210.0,2015-05-15,35.0,0.0958904109589041,221.0,put,10.95,11.17,0.0,,,0.09398,-0.94103,0.00862,0.07493,-0.00981,-0.08714,spy_options_2015.parquet,1791992
SPY,2015-04-10,2015-04-10T16:00:00-04:00,210.0,2015-05-15,35.0,0.0958904109589041,222.0,call,0.05,0.07,0.06,239,,0.0905,0.02661,0.01024,0.0404,-0.00503,0.00508,spy_options_2015.parquet,1791993
SPY,2015-04-10,2015-04-10T16:00:00-04:00,210.0,2015-05-15,35.0,0.0958904109589041,222.0,put,11.91,12.17,0.0,,,0.09805,-0.94427,0.00498,0.06958,-0.00954,-0.07281,spy_options_2015.parquet,1791993
SPY,2015-04-10,2015-04-10T16:00:00-04:00,210.0,2015-05-15,35.0,0.0958904109589041,223.0,call,0.04,0.06,0.05,10,,0.0942,0.02174,0.00846,0.03425,-0.00488,0.00494,spy_options_2015.parquet,1791994
SPY,2015-04-10,2015-04-10T16:00:00-04:00,210.0,2015-05-15,35.0,0.0958904109589041,223.0,put,12.91,13.16,14.05,0,,0.10477,-0.94459,0.00387,0.06941,-0.01041,-0.06989,spy_options_2015.parquet,1791994
SPY,2015-04-10,2015-04-10T16:00:00-04:00,210.0,2015-05-15,35.0,0.0958904109589041,224.0,call,0.05,0.05,0.04,725,,0.0988,0.01961,0.00723,0.03039,-0.00399,0.0036,spy_options_2015.parquet,1791995
SPY,2015-04-10,2015-04-10T16:00:00-04:00,210.0,2015-05-15,35.0,0.0958904109589041,224.0,put,13.9,14.14,0.0,,,0.10942,-0.94458,0.00228,0.06877,-0.01079,-0.06222,spy_options_2015.parquet,1791995
SPY,2015-04-10,2015-04-10T16:00:00-04:00,210.0,2015-05-15,35.0,0.0958904109589041,225.0,call,0.03,0.04,0.05,39,,0.10103,0.0155,0.00575,0.02484,-0.00383,0.00332,spy_options_2015.parquet,1791996
SPY,2015-04-10,2015-04-10T16:00:00-04:00,210.0,2015-05-15,35.0,0.0958904109589041,225.0,put,14.92,15.11,0.0,,,0.11719,-0.94453,0.00191,0.06918,-0.01118,-0.06155,spy_options_2015.parquet,1791996
SPY,2015-04-10,2015-04-10T16:00:00-04:00,210.0,2015-05-15,35.0,0.0958904109589041,226.0,call,0.03,0.04,0.03,21,,0.10629,0.01422,0.00518,0.02446,-0.00323,0.0031,spy_options_2015.parquet,1791997
SPY,2015-04-10,2015-04-10T16:00:00-04:00,210.0,2015-05-15,35.0,0.0958904109589041,226.0,put,15.85,16.14,0.0,,,0.1222,-0.94433,0.00046,0.06834,-0.00544,-0.0504,spy_options_2015.parquet,1791997
SPY,2015-04-10,2015-04-10T16:00:00-04:00,210.0,2015-05-15,35.0,0.0958904109589041,227.0,call,0.02,0.03,0.02,0,,0.10714,0.01037,0.00401,0.01885,-0.00228,0.00264,spy_options_2015.parquet,1791998
SPY,2015-04-10,2015-04-10T16:00:00-04:00,210.0,2015-05-15,35.0,0.0958904109589041,227.0,put,16.86,17.12,0.0,,,0.1294,-0.9433,0.00034,0.06865,-0.00475,-0.04961,spy_options_2015.parquet,1791998
SPY,2015-04-10,2015-04-10T16:00:00-04:00,210.0,2015-05-15,35.0,0.0958904109589041,228.0,call,0.02,0.02,0.03,3,,0.11225,0.00986,0.00366,0.01812,-0.00225,0.00223,spy_options_2015.parquet,1791999
SPY,2015-04-10,2015-04-10T16:00:00-04:00,210.0,2015-05-15,35.0,0.0958904109589041,228.0,put,17.84,18.12,0.0,,,,-1.0,0.0,0.0,0.0,0.0,spy_options_2015.parquet,1791999
SPY,2015-04-10,2015-04-10T16:00:00-04:00,210.0,2015-05-15,35.0,0.0958904109589041,229.0,call,0.02,0.02,0.02,,,0.11746,0.00933,0.00332,0.01738,-0.00258,0.00245,spy_options_2015.parquet,1792000
SPY,2015-04-10,2015-04-10T16:00:00-04:00,210.0,2015-05-15,35.0,0.0958904109589041,229.0,put,18.84,19.12,0.0,,,,-1.0,0.0,0.0,0.0,0.0,spy_options_2015.parquet,1792000
SPY,2015-04-10,2015-04-10T16:00:00-04:00,210.0,2015-05-15,35.0,0.0958904109589041,230.0,call,0.01,0.02,0.01,0,,0.11572,0.00592,0.00239,0.01177,-0.00206,0.00082,spy_options_2015.parquet,1792001
SPY,2015-04-10,2015-04-10T16:00:00-04:00,210.0,2015-05-15,35.0,0.0958904109589041,230.0,put,19.91,20.11,21.0,0,,0.15408,-0.94075,0.00084,0.07155,-0.01489,-0.0603,spy_options_2015.parquet,1792001
SPY,2015-04-10,2015-04-10T16:00:00-04:00,210.0,2015-05-15,35.0,0.0958904109589041,235.0,call,0.02,0.03,0.01,34,,0.13857,0.00562,0.00169,0.01003,-0.00167,0.00119,spy_options_2015.parquet,1792002
SPY,2015-04-10,2015-04-10T16:00:00-04:00,210.0,2015-05-15,35.0,0.0958904109589041,235.0,put,24.85,25.14,0.0,,,0.00013,-1.0,0.0,0.0,0.0,0.0,spy_options_2015.parquet,1792002
SPY,2015-04-10,2015-04-10T16:00:00-04:00,210.0,2015-05-15,35.0,0.0958904109589041,240.0,call,0.0,0.01,0.01,2,,0.14539,0.00218,0.00066,0.00356,-0.00054,3e-05,spy_options_2015.parquet,1792003
SPY,2015-04-10,2015-04-10T16:00:00-04:00,210.0,2015-05-15,35.0,0.0958904109589041,240.0,put,29.85,30.1,0.0,,,,-1.0,0.0,0.0,0.0,0.0,spy_options_2015.parquet,1792003
SPY,2015-04-10,2015-04-10T16:00:00-04:00,210.0,2015-05-15,35.0,0.0958904109589041,245.0,call,0.0,0.01,0.0,,,0.16548,0.00208,0.00048,0.00307,-0.0009,0.00051,spy_options_2015.parquet,1792004
SPY,2015-04-10,2015-04-10T16:00:00-04:00,210.0,2015-05-15,35.0,0.0958904109589041,245.0,put,34.85,35.13,0.0,,,0.00021,-1.0,0.0,0.0,0.0,0.0,spy_options_2015.parquet,1792004
SPY,2015-04-10,2015-04-10T16:00:00-04:00,210.0,2015-05-15,35.0,0.0958904109589041,250.0,call,0.0,0.01,0.0,,,0.18449,0.0012,0.00037,0.00301,-0.0007,0.00027,spy_options_2015.parquet,1792005
SPY,2015-04-10,2015-04-10T16:00:00-04:00,210.0,2015-05-15,35.0,0.0958904109589041,250.0,put,39.83,40.11,0.0,,,,-1.0,0.0,0.0,0.0,0.0,spy_options_2015.parquet,1792005
SPY,2015-04-10,2015-04-10T16:00:00-04:00,210.0,2015-05-15,35.0,0.0958904109589041,255.0,call,0.0,0.02,0.0,,,0.20416,0.00102,0.00034,0.0033,-0.00071,0.00011,spy_options_2015.parquet,1792006
SPY,2015-04-10,2015-04-10T16:00:00-04:00,210.0,2015-05-15,35.0,0.0958904109589041,255.0,put,44.83,45.11,0.0,,,,-1.0,0.0,0.0,0.0,0.0,spy_options_2015.parquet,1792006
SPY,2015-04-10,2015-04-10T16:00:00-04:00,210.0,2015-05-15,35.0,0.0958904109589041,260.0,call,0.0,0.01,0.0,,,0.22262,0.00113,0.00024,0.0022,-0.00115,-0.00017,spy_options_2015.parquet,1792007
SPY,2015-04-10,2015-04-10T16:00:00-04:00,210.0,2015-05-15,35.0,0.0958904109589041,260.0,put,49.85,50.13,0.0,,,-0.00026,-1.0,0.0,0.0,0.0,0.0,spy_options_2015.parquet,1792007
SPY,2015-04-10,2015-04-10T16:00:00-04:00,210.0,2015-05-15,35.0,0.0958904109589041,265.0,call,0.0,0.02,0.0,,,0.2397,0.00165,0.00021,0.00222,-0.00059,0.00038,spy_options_2015.parquet,1792008
SPY,2015-04-10,2015-04-10T16:00:00-04:00,210.0,2015-05-15,35.0,0.0958904109589041,265.0,put,54.84,55.13,0.0,,,0.0,-1.0,0.0,0.0,0.0,0.0,spy_options_2015.parquet,1792008
SPY,2015-04-10,2015-04-10T16:00:00-04:00,210.0,2015-05-15,35.0,0.0958904109589041,270.0,call,0.0,0.01,0.0,,,0.25809,0.00064,0.00025,0.00209,-0.00121,0.00044,spy_options_2015.parquet,1792009
SPY,2015-04-10,2015-04-10T16:00:00-04:00,210.0,2015-05-15,35.0,0.0958904109589041,270.0,put,59.86,60.13,0.0,,,-0.00045,-1.0,0.0,0.0,0.0,0.0,spy_options_2015.parquet,1792009
SPY,2015-04-10,2015-04-10T16:00:00-04:00,210.0,2015-05-15,35.0,0.0958904109589041,275.0,call,0.0,0.02,0.0,,,0.27482,0.00061,0.00022,0.00241,-0.00047,0.00061,spy_options_2015.parquet,1792010
SPY,2015-04-10,2015-04-10T16:00:00-04:00,210.0,2015-05-15,35.0,0.0958904109589041,275.0,put,64.85,65.12,0.0,,,-0.00021,-1.0,0.0,0.0,0.0,0.0,spy_options_2015.parquet,1792010
SPY,2015-04-10,2015-04-10T16:00:00-04:00,210.0,2015-05-15,35.0,0.0958904109589041,280.0,call,0.0,0.01,0.0,,,0.2914,0.00067,0.00017,0.00251,-0.00082,0.00039,spy_options_2015.parquet,1792011
SPY,2015-04-10,2015-04-10T16:00:00-04:00,210.0,2015-05-15,35.0,0.0958904109589041,280.0,put,69.85,70.12,0.0,,,-0.00025,-1.0,0.0,0.0,0.0,0.0,spy_options_2015.parquet,1792011
SPY,2015-04-10,2015-04-10T16:00:00-04:00,210.0,2015-05-15,35.0,0.0958904109589041,285.0,call,0.0,0.01,0.0,,,0.30769,0.00121,0.00017,0.0019,-0.00037,-0.00012,spy_options_2015.parquet,1792012
SPY,2015-04-10,2015-04-10T16:00:00-04:00,210.0,2015-05-15,35.0,0.0958904109589041,285.0,put,74.85,75.13,0.0,,,0.00046,-1.0,0.0,0.0,0.0,0.0,spy_options_2015.parquet,1792012
SPY,2015-04-10,2015-04-10T16:00:00-04:00,210.0,2015-05-15,35.0,0.0958904109589041,290.0,call,0.0,0.02,0.0,,,0.32353,0.00038,0.0001,0.00222,-0.0011,2e-05,spy_options_2015.parquet,1792013
SPY,2015-04-10,2015-04-10T16:00:00-04:00,210.0,2015-05-15,35.0,0.0958904109589041,290.0,put,79.83,80.11,0.0,,,,-1.0,0.0,0.0,0.0,0.0,spy_options_2015.parquet,1792013
SPY,2015-04-10,2015-04-10T16:00:00-04:00,210.0,2015-05-15,35.0,0.0958904109589041,295.0,call,0.0,0.01,0.0,,,0.33898,0.00096,0.00017,0.002,-0.00113,0.00021,spy_options_2015.parquet,1792014
SPY,2015-04-10,2015-04-10T16:00:00-04:00,210.0,2015-05-15,35.0,0.0958904109589041,295.0,put,84.86,85.13,0.0,,,-0.00032,-1.0,0.0,0.0,0.0,0.0,spy_options_2015.parquet,1792014
SPY,2015-04-10,2015-04-10T16:00:00-04:00,210.0,2015-05-15,35.0,0.0958904109589041,300.0,call,0.0,0.0,0.0,,,0.35371,0.00128,0.00015,0.00152,-0.00131,-4e-05,spy_options_2015.parquet,1792015
SPY,2015-04-10,2015-04-10T16:00:00-04:00,210.0,2015-05-15,35.0,0.0958904109589041,300.0,put,89.82,90.1,0.0,,,,-1.0,0.0,0.0,0.0,0.0,spy_options_2015.parquet,1792015
SPY,2015-04-10,2015-04-10T16:00:00-04:00,210.0,2015-05-15,35.0,0.0958904109589041,305.0,call,0.0,0.01,0.0,,,0.36875,0.0008,7e-05,0.00213,-0.00064,-3e-05,spy_options_2015.parquet,1792016
SPY,2015-04-10,2015-04-10T16:00:00-04:00,210.0,2015-05-15,35.0,0.0958904109589041,305.0,put,94.85,95.13,0.0,,,-0.00045,-1.0,0.0,0.0,0.0,0.0,spy_options_2015.parquet,1792016
SPY,2015-04-10,2015-04-10T16:00:00-04:00,210.0,2015-05-15,35.0,0.0958904109589041,310.0,call,0.0,0.0,0.0,,,0.38363,0.00073,0.00013,0.00218,-0.00112,0.00032,spy_options_2015.parquet,1792017
SPY,2015-04-10,2015-04-10T16:00:00-04:00,210.0,2015-05-15,35.0,0.0958904109589041,310.0,put,99.85,100.14,0.0,,,9e-05,-1.0,0.0,0.0,0.0,0.0,spy_options_2015.parquet,1792017
SPY,2015-04-10,2015-04-10T16:00:00-04:00,210.0,2015-05-22,42.0,0.11506849315068493,175.0,call,35.04,35.28,0.0,,,0.26559,0.98001,0.00255,0.03519,-0.01118,0.2006,spy_options_2015.parquet,1792018
SPY,2015-04-10,2015-04-10T16:00:00-04:00,210.0,2015-05-22,42.0,0.11506849315068493,175.0,put,0.07,0.11,0.1,1,,0.24626,-0.0139,0.00196,0.02559,-0.00674,-0.00363,spy_options_2015.parquet,1792018
SPY,2015-04-10,2015-04-10T16:00:00-04:00,210.0,2015-05-22,42.0,0.11506849315068493,180.0,call,30.09,30.33,0.0,,,0.24271,0.97044,0.00376,0.04811,-0.0137,0.20407,spy_options_2015.parquet,1792019
SPY,2015-04-10,2015-04-10T16:00:00-04:00,210.0,2015-05-22,42.0,0.11506849315068493,180.0,put,0.12,0.17,0.18,0,,0.22929,-0.02323,0.00325,0.03913,-0.01061,-0.00617,spy_options_2015.parquet,1792019
SPY,2015-04-10,2015-04-10T16:00:00-04:00,210.0,2015-05-22,42.0,0.11506849315068493,185.0,call,25.17,25.36,0.0,,,0.21608,0.96,0.00551,0.06229,-0.0157,0.20749,spy_options_2015.parquet,1792020
SPY,2015-04-10,2015-04-10T16:00:00-04:00,210.0,2015-05-22,42.0,0.11506849315068493,185.0,put,0.2,0.25,0.23,25,,0.21063,-0.03672,0.00532,0.05833,-0.01391,-0.00954,spy_options_2015.parquet,1792020
SPY,2015-04-10,2015-04-10T16:00:00-04:00,210.0,2015-05-22,42.0,0.11506849315068493,190.0,call,20.3,20.5,0.0,,,0.19435,0.93748,0.00876,0.08944,-0.0198,0.20774,spy_options_2015.parquet,1792021
SPY,2015-04-10,2015-04-10T16:00:00-04:00,210.0,2015-05-22,42.0,0.11506849315068493,190.0,put,0.33,0.39,0.35,45,,0.19124,-0.05886,0.00856,0.08544,-0.01901,-0.01502,spy_options_2015.parquet,1792021
SPY,2015-04-10,2015-04-10T16:00:00-04:00,210.0,2015-05-22,42.0,0.11506849315068493,194.0,call,16.5,16.7,0.0,,,0.17976,0.90565,0.01298,0.12145,-0.02527,0.20419,spy_options_2015.parquet,1792022
SPY,2015-04-10,2015-04-10T16:00:00-04:00,210.0,2015-05-22,42.0,0.11506849315068493,194.0,put,0.52,0.58,0.56,33,,0.17675,-0.09111,0.01278,0.11816,-0.02451,-0.02257,spy_options_2015.parquet,1792022
SPY,2015-04-10,2015-04-10T16:00:00-04:00,210.0,2015-05-22,42.0,0.11506849315068493,194.5,call,16.04,16.22,0.0,,,0.17841,0.90039,0.01365,0.12661,-0.02653,0.20385,spy_options_2015.parquet,1792023
SPY,2015-04-10,2015-04-10T16:00:00-04:00,210.0,2015-05-22,42.0,0.11506849315068493,194.5,put,0.56,0.61,0.75,0,,0.17494,-0.0951,0.01342,0.12334,-0.02452,-0.02414,spy_options_2015.parquet,1792023
SPY,2015-04-10,2015-04-10T16:00:00-04:00,210.0,2015-05-22,42.0,0.11506849315068493,195.0,call,15.57,15.76,0.0,,,0.17578,0.89596,0.01428,0.12993,-0.02679,0.20278,spy_options_2015.parquet,1792024
SPY,2015-04-10,2015-04-10T16:00:00-04:00,210.0,2015-05-22,42.0,0.11506849315068493,195.0,put,0.58,0.65,0.62,4,,0.17334,-0.10113,0.01409,0.1285,-0.02588,-0.02538,spy_options_2015.parquet,1792024
SPY,2015-04-10,2015-04-10T16:00:00-04:00,210.0,2015-05-22,42.0,0.11506849315068493,195.5,call,15.1,15.3,0.0,,,0.17412,0.89009,0.01498,0.13589,-0.02773,0.20259,spy_options_2015.parquet,1792025
SPY,2015-04-10,2015-04-10T16:00:00-04:00,210.0,2015-05-22,42.0,0.11506849315068493,195.5,put,0.63,0.68,0.65,21,,0.17151,-0.10689,0.01481,0.13306,-0.02613,-0.02737,spy_options_2015.parquet,1792025
SPY,2015-04-10,2015-04-10T16:00:00-04:00,210.0,2015-05-22,42.0,0.11506849315068493,196.0,call,14.63,14.82,0.0,,,0.17275,0.88446,0.01567,0.14051,-0.02785,0.20172,spy_options_2015.parquet,1792026
SPY,2015-04-10,2015-04-10T16:00:00-04:00,210.0,2015-05-22,42.0,0.11506849315068493,196.0,put,0.65,0.72,0.69,1,,0.17025,-0.11295,0.01559,0.13793,-0.02753,-0.02825,spy_options_2015.parquet,1792026
SPY,2015-04-10,2015-04-10T16:00:00-04:00,210.0,2015-05-22,42.0,0.11506849315068493,196.5,call,14.16,14.37,0.0,,,0.17044,0.87856,0.01642,0.14549,-0.02886,0.20056,spy_options_2015.parquet,1792027
SPY,2015-04-10,2015-04-10T16:00:00-04:00,210.0,2015-05-22,42.0,0.11506849315068493,196.5,put,0.69,0.75,1.05,0,,0.16824,-0.11844,0.01638,0.14339,-0.02772,-0.02957,spy_options_2015.parquet,1792027
SPY,2015-04-10,2015-04-10T16:00:00-04:00,210.0,2015-05-22,42.0,0.11506849315068493,197.0,call,13.72,13.92,12.9,0,,0.16959,0.87104,0.01729,0.15209,-0.02952,0.19953,spy_options_2015.parquet,1792028
SPY,2015-04-10,2015-04-10T16:00:00-04:00,210.0,2015-05-22,42.0,0.11506849315068493,197.0,put,0.73,0.79,0.78,31,,0.16575,-0.12507,0.01724,0.14852,-0.02808,-0.03196,spy_options_2015.parquet,1792028
SPY,2015-04-10,2015-04-10T16:00:00-04:00,210.0,2015-05-22,42.0,0.11506849315068493,197.5,call,13.25,13.46,0.0,,,0.16708,0.86414,0.01809,0.15707,-0.03006,0.19779,spy_options_2015.parquet,1792029
SPY,2015-04-10,2015-04-10T16:00:00-04:00,210.0,2015-05-22,42.0,0.11506849315068493,197.5,put,0.79,0.84,0.8,18,,0.16501,-0.13236,0.01794,0.15486,-0.02987,-0.03399,spy_options_2015.parquet,1792029
SPY,2015-04-10,2015-04-10T16:00:00-04:00,210.0,2015-05-22,42.0,0.11506849315068493,198.0,call,12.82,13.01,0.0,,,0.16542,0.85675,0.019,0.16314,-0.03099,0.19681,spy_options_2015.parquet,1792030
SPY,2015-04-10,2015-04-10T16:00:00-04:00,210.0,2015-05-22,42.0,0.11506849315068493,198.0,put,0.82,0.88,0.88,165,,0.16293,-0.13934,0.01891,0.15995,-0.03022,-0.03506,spy_options_2015.parquet,1792030
SPY,2015-04-10,2015-04-10T16:00:00-04:00,210.0,2015-05-22,42.0,0.11506849315068493,198.5,call,12.36,12.56,0.0,,,0.16302,0.84924,0.01991,0.16822,-0.03161,0.19581,spy_options_2015.parquet,1792031
SPY,2015-04-10,2015-04-10T16:00:00-04:00,210.0,2015-05-22,42.0,0.11506849315068493,198.5,put,0.87,0.93,1.08,1,,0.16088,-0.14683,0.01986,0.16607,-0.03072,-0.03755,spy_options_2015.parquet,1792031
SPY,2015-04-10,2015-04-10T16:00:00-04:00,210.0,2015-05-22,42.0,0.11506849315068493,199.0,call,11.91,12.12,0.0,,,0.16122,0.84132,0.0208,0.1742,-0.03301,0.19373,spy_options_2015.parquet,1792032
SPY,2015-04-10,2015-04-10T16:00:00-04:00,210.0,2015-05-22,42.0,0.11506849315068493,199.0,put,0.92,0.99,0.98,54,,0.15872,-0.15513,0.02077,0.17221,-0.03227,-0.03892,spy_options_2015.parquet,1792032
SPY,2015-04-10,2015-04-10T16:00:00-04:00,210.0,2015-05-22,42.0,0.11506849315068493,199.5,call,11.48,11.65,0.0,,,0.15962,0.83228,0.02182,0.18073,-0.03366,0.19209,spy_options_2015.parquet,1792033
SPY,2015-04-10,2015-04-10T16:00:00-04:00,210.0,2015-05-22,42.0,0.11506849315068493,199.5,put,0.97,1.04,1.23,23,,0.15674,-0.16384,0.02177,0.17865,-0.03288,-0.04149,spy_options_2015.parquet,1792033
SPY,2015-04-10,2015-04-10T16:00:00-04:00,210.0,2015-05-22,42.0,0.11506849315068493,200.0,call,11.03,11.22,0.0,,,0.15815,0.82322,0.02275,0.18677,-0.03479,0.1909,spy_options_2015.parquet,1792034
SPY,2015-04-10,2015-04-10T16:00:00-04:00,210.0,2015-05-22,42.0,0.11506849315068493,200.0,put,1.04,1.08,1.06,191,,0.15501,-0.17217,0.0229,0.18449,-0.03289,-0.04312,spy_options_2015.parquet,1792034
SPY,2015-04-10,2015-04-10T16:00:00-04:00,210.0,2015-05-22,42.0,0.11506849315068493,200.5,call,10.59,10.77,0.0,,,0.15564,0.81455,0.02387,0.193,-0.03471,0.18833,spy_options_2015.parquet,1792035
SPY,2015-04-10,2015-04-10T16:00:00-04:00,210.0,2015-05-22,42.0,0.11506849315068493,200.5,put,1.09,1.16,1.79,0,,0.15335,-0.18191,0.02388,0.19154,-0.03381,-0.04563,spy_options_2015.parquet,1792035
SPY,2015-04-10,2015-04-10T16:00:00-04:00,210.0,2015-05-22,42.0,0.11506849315068493,201.0,call,10.16,10.35,0.0,,,0.15449,0.80338,0.02493,0.19911,-0.03546,0.18616,spy_options_2015.parquet,1792036
SPY,2015-04-10,2015-04-10T16:00:00-04:00,210.0,2015-05-22,42.0,0.11506849315068493,201.0,put,1.16,1.22,1.22,30,,0.15203,-0.1923,0.02505,0.19722,-0.03458,-0.04906,spy_options_2015.parquet,1792036
SPY,2015-04-10,2015-04-10T16:00:00-04:00,210.0,2015-05-22,42.0,0.11506849315068493,201.5,call,9.73,9.92,0.0,,,0.15235,0.79322,0.026,0.20543,-0.03674,0.18409,spy_options_2015.parquet,1792037
SPY,2015-04-10,2015-04-10T16:00:00-04:00,210.0,2015-05-22,42.0,0.11506849315068493,201.5,put,1.23,1.29,1.32,4,,0.14956,-0.20334,0.02614,0.20412,-0.03573,-0.05109,spy_options_2015.parquet,1792037
SPY,2015-04-10,2015-04-10T16:00:00-04:00,210.0,2015-05-22,42.0,0.11506849315068493,202.0,call,9.31,9.48,0.0,,,0.15049,0.78281,0.02717,0.21205,-0.03757,0.18225,spy_options_2015.parquet,1792038
SPY,2015-04-10,2015-04-10T16:00:00-04:00,210.0,2015-05-22,42.0,0.11506849315068493,202.0,put,1.3,1.37,1.4,108,,0.14796,-0.21397,0.02733,0.21023,-0.036,-0.0545,spy_options_2015.parquet,1792038
SPY,2015-04-10,2015-04-10T16:00:00-04:00,210.0,2015-05-22,42.0,0.11506849315068493,202.5,call,8.86,9.06,0.0,,,0.14832,0.77101,0.0284,0.21831,-0.03784,0.18015,spy_options_2015.parquet,1792039
SPY,2015-04-10,2015-04-10T16:00:00-04:00,210.0,2015-05-22,42.0,0.11506849315068493,202.5,put,1.38,1.45,1.81,0,,0.14606,-0.22673,0.02855,0.21717,-0.0372,-0.05695,spy_options_2015.parquet,1792039
SPY,2015-04-10,2015-04-10T16:00:00-04:00,210.0,2015-05-22,42.0,0.11506849315068493,203.0,call,8.46,8.62,7.35,0,,0.14606,0.75858,0.02967,0.22446,-0.03829,0.17759,spy_options_2015.parquet,1792040
SPY,2015-04-10,2015-04-10T16:00:00-04:00,210.0,2015-05-22,42.0,0.11506849315068493,203.0,put,1.47,1.53,1.53,101,,0.14476,-0.23873,0.02978,0.22391,-0.03713,-0.05982,spy_options_2015.parquet,1792040
SPY,2015-04-10,2015-04-10T16:00:00-04:00,210.0,2015-05-22,42.0,0.11506849315068493,203.5,call,8.05,8.21,7.69,1,,0.14418,0.7458,0.03086,0.23116,-0.0387,0.17467,spy_options_2015.parquet,1792041
SPY,2015-04-10,2015-04-10T16:00:00-04:00,210.0,2015-05-22,42.0,0.11506849315068493,203.5,put,1.55,1.62,0.0,,,0.14276,-0.25195,0.03112,0.22999,-0.03787,-0.06353,spy_options_2015.parquet,1792041
SPY,2015-04-10,2015-04-10T16:00:00-04:00,210.0,2015-05-22,42.0,0.11506849315068493,204.0,call,7.66,7.81,0.0,,,0.14269,0.73187,0.03211,0.23723,-0.03948,0.17158,spy_options_2015.parquet,1792042
SPY,2015-04-10,2015-04-10T16:00:00-04:00,210.0,2015-05-22,42.0,0.11506849315068493,204.0,put,1.63,1.72,1.71,22,,0.1405,-0.2651,0.03241,0.23646,-0.03838,-0.06706,spy_options_2015.parquet,1792042
SPY,2015-04-10,2015-04-10T16:00:00-04:00,210.0,2015-05-22,42.0,0.11506849315068493,204.5,call,7.24,7.38,7.22,1,,0.13965,0.71856,0.03353,0.24272,-0.04008,0.16923,spy_options_2015.parquet,1792043
SPY,2015-04-10,2015-04-10T16:00:00-04:00,210.0,2015-05-22,42.0,0.11506849315068493,204.5,put,1.73,1.8,2.57,0,,0.13791,-0.27956,0.03373,0.24238,-0.03941,-0.07056,spy_options_2015.parquet,1792043
SPY,2015-04-10,2015-04-10T16:00:00-04:00,210.0,2015-05-22,42.0,0.11506849315068493,205.0,call,6.86,6.99,6.95,12,,0.13765,0.70338,0.03475,0.24922,-0.04071,0.16528,spy_options_2015.parquet,1792044
SPY,2015-04-10,2015-04-10T16:00:00-04:00,210.0,2015-05-22,42.0,0.11506849315068493,205.0,put,1.84,1.9,1.87,117,,0.13643,-0.29479,0.03511,0.2485,-0.03987,-0.07388,spy_options_2015.parquet,1792044
SPY,2015-04-10,2015-04-10T16:00:00-04:00,210.0,2015-05-22,42.0,0.11506849315068493,205.5,call,6.47,6.6,0.0,,,0.13609,0.68766,0.03613,0.2549,-0.04011,0.16193,spy_options_2015.parquet,1792045
SPY,2015-04-10,2015-04-10T16:00:00-04:00,210.0,2015-05-22,42.0,0.11506849315068493,205.5,put,1.95,2.01,2.01,1,,0.13459,-0.31102,0.03645,0.25458,-0.03947,-0.07802,spy_options_2015.parquet,1792045
SPY,2015-04-10,2015-04-10T16:00:00-04:00,210.0,2015-05-22,42.0,0.11506849315068493,206.0,call,6.09,6.21,6.03,3,,0.13351,0.67148,0.03748,0.26043,-0.04128,0.15851,spy_options_2015.parquet,1792046
SPY,2015-04-10,2015-04-10T16:00:00-04:00,210.0,2015-05-22,42.0,0.11506849315068493,206.0,put,2.06,2.12,2.09,77,,0.13203,-0.32718,0.03781,0.26036,-0.04028,-0.08221,spy_options_2015.parquet,1792046
SPY,2015-04-10,2015-04-10T16:00:00-04:00,210.0,2015-05-22,42.0,0.11506849315068493,206.5,call,5.71,5.83,0.0,,,0.13198,0.65384,0.03887,0.26606,-0.0411,0.15515,spy_options_2015.parquet,1792047
SPY,2015-04-10,2015-04-10T16:00:00-04:00,210.0,2015-05-22,42.0,0.11506849315068493,206.5,put,2.17,2.26,2.3,4,,0.13041,-0.3451,0.03922,0.26517,-0.04029,-0.08639,spy_options_2015.parquet,1792047
SPY,2015-04-10,2015-04-10T16:00:00-04:00,210.0,2015-05-22,42.0,0.11506849315068493,207.0,call,5.34,5.45,5.4,13,,0.12903,0.63615,0.04021,0.27076,-0.04077,0.15073,spy_options_2015.parquet,1792048
SPY,2015-04-10,2015-04-10T16:00:00-04:00,210.0,2015-05-22,42.0,0.11506849315068493,207.0,put,2.3,2.39,2.35,103,,0.12856,-0.36307,0.04065,0.26996,-0.04,-0.09088,spy_options_2015.parquet,1792048
SPY,2015-04-10,2015-04-10T16:00:00-04:00,210.0,2015-05-22,42.0,0.11506849315068493,207.5,call,4.97,5.08,4.87,70,,0.12735,0.61733,0.04167,0.27502,-0.04083,0.14625,spy_options_2015.parquet,1792049
SPY,2015-04-10,2015-04-10T16:00:00-04:00,210.0,2015-05-22,42.0,0.11506849315068493,207.5,put,2.44,2.52,2.51,21,,0.12633,-0.38154,0.04198,0.27457,-0.04046,-0.09526,spy_options_2015.parquet,1792049
SPY,2015-04-10,2015-04-10T16:00:00-04:00,210.0,2015-05-22,42.0,0.11506849315068493,208.0,call,4.63,4.72,4.24,15,,0.125,0.59714,0.04303,0.27918,-0.04084,0.14214,spy_options_2015.parquet,1792050
SPY,2015-04-10,2015-04-10T16:00:00-04:00,210.0,2015-05-22,42.0,0.11506849315068493,208.0,put,2.58,2.67,2.62,77,,0.12407,-0.40209,0.04334,0.279,-0.04025,-0.10057,spy_options_2015.parquet,1792050
SPY,2015-04-10,2015-04-10T16:00:00-04:00,210.0,2015-05-22,42.0,0.11506849315068493,208.5,call,4.26,4.38,4.21,1,,0.12298,0.57601,0.04427,0.28261,-0.04068,0.13712,spy_options_2015.parquet,1792051
SPY,2015-04-10,2015-04-10T16:00:00-04:00,210.0,2015-05-22,42.0,0.11506849315068493,208.5,put,2.74,2.84,2.87,82,,0.12202,-0.42256,0.04463,0.28165,-0.03996,-0.10534,spy_options_2015.parquet,1792051
SPY,2015-04-10,2015-04-10T16:00:00-04:00,210.0,2015-05-22,42.0,0.11506849315068493,209.0,call,3.93,4.03,3.96,12,,0.12031,0.55521,0.04555,0.28472,-0.03971,0.13228,spy_options_2015.parquet,1792052
SPY,2015-04-10,2015-04-10T16:00:00-04:00,210.0,2015-05-22,42.0,0.11506849315068493,209.0,put,2.89,2.98,2.98,83,,0.11897,-0.44438,0.04587,0.28437,-0.03948,-0.11037,spy_options_2015.parquet,1792052
SPY,2015-04-10,2015-04-10T16:00:00-04:00,210.0,2015-05-22,42.0,0.11506849315068493,209.5,call,3.6,3.71,3.63,4,,0.11818,0.53243,0.04666,0.287,-0.03925,0.12698,spy_options_2015.parquet,1792053
SPY,2015-04-10,2015-04-10T16:00:00-04:00,210.0,2015-05-22,42.0,0.11506849315068493,209.5,put,3.06,3.16,3.1,94,,0.11702,-0.46759,0.04709,0.28668,-0.03932,-0.11581,spy_options_2015.parquet,1792053
SPY,2015-04-10,2015-04-10T16:00:00-04:00,210.0,2015-05-22,42.0,0.11506849315068493,210.0,call,3.29,3.41,3.23,49,,0.11643,0.50817,0.04768,0.28721,-0.03896,0.12197,spy_options_2015.parquet,1792054
SPY,2015-04-10,2015-04-10T16:00:00-04:00,210.0,2015-05-22,42.0,0.11506849315068493,210.0,put,3.24,3.35,3.33,275,,0.11525,-0.49148,0.04844,0.28756,-0.03861,-0.12168,spy_options_2015.parquet,1792054
SPY,2015-04-10,2015-04-10T16:00:00-04:00,210.0,2015-05-22,42.0,0.11506849315068493,210.5,call,2.99,3.08,2.97,27,,0.1133,0.48433,0.04862,0.28711,-0.03848,0.11655,spy_options_2015.parquet,1792055
SPY,2015-04-10,2015-04-10T16:00:00-04:00,210.0,2015-05-22,42.0,0.11506849315068493,210.5,put,3.44,3.55,3.52,72,,0.11221,-0.51647,0.04906,0.28765,-0.03809,-0.12726,spy_options_2015.parquet,1792055
SPY,2015-04-10,2015-04-10T16:00:00-04:00,210.0,2015-05-22,42.0,0.11506849315068493,211.0,call,2.69,2.79,2.75,139,,0.11091,0.45866,0.04947,0.2856,-0.03738,0.11,spy_options_2015.parquet,1792056
SPY,2015-04-10,2015-04-10T16:00:00-04:00,210.0,2015-05-22,42.0,0.11506849315068493,211.0,put,3.63,3.75,3.82,54,,0.11035,-0.54191,0.04992,0.28552,-0.0365,-0.13253,spy_options_2015.parquet,1792056
SPY,2015-04-10,2015-04-10T16:00:00-04:00,210.0,2015-05-22,42.0,0.11506849315068493,211.5,call,2.42,2.5,2.37,54,,0.10975,0.43265,0.04996,0.28367,-0.03664,0.1041,spy_options_2015.parquet,1792057
SPY,2015-04-10,2015-04-10T16:00:00-04:00,210.0,2015-05-22,42.0,0.11506849315068493,211.5,put,3.87,3.97,3.95,34,,0.10798,-0.56866,0.05044,0.28285,-0.03594,-0.1386,spy_options_2015.parquet,1792057
SPY,2015-04-10,2015-04-10T16:00:00-04:00,210.0,2015-05-22,42.0,0.11506849315068493,212.0,call,2.15,2.23,2.19,90,,0.10677,0.40558,0.05038,0.27912,-0.03528,0.09778,spy_options_2015.parquet,1792058
SPY,2015-04-10,2015-04-10T16:00:00-04:00,210.0,2015-05-22,42.0,0.11506849315068493,212.0,put,4.09,4.2,4.29,1,,0.10562,-0.59535,0.0508,0.27898,-0.03467,-0.14458,spy_options_2015.parquet,1792058
SPY,2015-04-10,2015-04-10T16:00:00-04:00,210.0,2015-05-22,42.0,0.11506849315068493,212.5,call,1.9,1.99,1.87,1,,0.10437,0.37852,0.05035,0.27371,-0.0332,0.09084,spy_options_2015.parquet,1792059
SPY,2015-04-10,2015-04-10T16:00:00-04:00,210.0,2015-05-22,42.0,0.11506849315068493,212.5,put,4.33,4.46,0.0,,,0.10292,-0.62311,0.05086,0.27381,-0.03349,-0.14976,spy_options_2015.parquet,1792059
SPY,2015-04-10,2015-04-10T16:00:00-04:00,210.0,2015-05-22,42.0,0.11506849315068493,213.0,call,1.66,1.74,1.7,51,,0.10264,0.34983,0.0502,0.26724,-0.03177,0.08425,spy_options_2015.parquet,1792060
SPY,2015-04-10,2015-04-10T16:00:00-04:00,210.0,2015-05-22,42.0,0.11506849315068493,213.0,put,4.6,4.73,6.25,0,,0.10066,-0.65175,0.05061,0.26711,-0.03168,-0.15539,spy_options_2015.parquet,1792060
SPY,2015-04-10,2015-04-10T16:00:00-04:00,210.0,2015-05-22,42.0,0.11506849315068493,213.5,call,1.44,1.52,1.43,6,,0.09975,0.32147,0.04965,0.25814,-0.02986,0.07781,spy_options_2015.parquet,1792061
SPY,2015-04-10,2015-04-10T16:00:00-04:00,210.0,2015-05-22,42.0,0.11506849315068493,213.5,put,4.88,4.99,0.0,,,0.09861,-0.68034,0.05015,0.2576,-0.02927,-0.16109,spy_options_2015.parquet,1792061
SPY,2015-04-10,2015-04-10T16:00:00-04:00,210.0,2015-05-22,42.0,0.11506849315068493,214.0,call,1.24,1.32,1.28,169,,0.09743,0.29378,0.04878,0.24835,-0.02814,0.07106,spy_options_2015.parquet,1792062
SPY,2015-04-10,2015-04-10T16:00:00-04:00,210.0,2015-05-22,42.0,0.11506849315068493,214.0,put,5.17,5.3,0.0,,,0.09708,-0.70886,0.04901,0.24773,-0.02788,-0.16547,spy_options_2015.parquet,1792062
SPY,2015-04-10,2015-04-10T16:00:00-04:00,210.0,2015-05-22,42.0,0.11506849315068493,214.5,call,1.06,1.13,1.07,122,,0.09534,0.2657,0.04755,0.23589,-0.02672,0.06415,spy_options_2015.parquet,1792063
SPY,2015-04-10,2015-04-10T16:00:00-04:00,210.0,2015-05-22,42.0,0.11506849315068493,214.5,put,5.44,5.6,0.0,,,0.09284,-0.74028,0.04789,0.23396,-0.02537,-0.16962,spy_options_2015.parquet,1792063
SPY,2015-04-10,2015-04-10T16:00:00-04:00,210.0,2015-05-22,42.0,0.11506849315068493,215.0,call,0.9,0.94,0.92,207,,0.09343,0.2377,0.04581,0.22306,-0.02468,0.05799,spy_options_2015.parquet,1792064
SPY,2015-04-10,2015-04-10T16:00:00-04:00,210.0,2015-05-22,42.0,0.11506849315068493,215.0,put,5.79,5.94,6.0,6,,0.09177,-0.76615,0.04577,0.22108,-0.02364,-0.17267,spy_options_2015.parquet,1792064
SPY,2015-04-10,2015-04-10T16:00:00-04:00,210.0,2015-05-22,42.0,0.11506849315068493,215.5,call,0.76,0.8,0.78,53,,0.09134,0.21021,0.04374,0.20831,-0.0222,0.05151,spy_options_2015.parquet,1792065
SPY,2015-04-10,2015-04-10T16:00:00-04:00,210.0,2015-05-22,42.0,0.11506849315068493,215.5,put,6.15,6.3,0.0,,,0.0898,-0.7926,0.04339,0.20617,-0.02149,-0.17486,spy_options_2015.parquet,1792065
SPY,2015-04-10,2015-04-10T16:00:00-04:00,210.0,2015-05-22,42.0,0.11506849315068493,216.0,call,0.62,0.67,0.65,149,,0.09022,0.18496,0.04128,0.19275,-0.0204,0.04516,spy_options_2015.parquet,1792066
SPY,2015-04-10,2015-04-10T16:00:00-04:00,210.0,2015-05-22,42.0,0.11506849315068493,216.0,put,6.53,6.67,0.0,,,0.08789,-0.81814,0.04057,0.19007,-0.01947,-0.17486,spy_options_2015.parquet,1792066
SPY,2015-04-10,2015-04-10T16:00:00-04:00,210.0,2015-05-22,42.0,0.11506849315068493,216.5,call,0.51,0.55,0.52,170,,0.08834,0.16066,0.03848,0.17574,-0.01813,0.03931,spy_options_2015.parquet,1792067
SPY,2015-04-10,2015-04-10T16:00:00-04:00,210.0,2015-05-22,42.0,0.11506849315068493,216.5,put,6.89,7.06,0.0,,,0.08612,-0.84355,0.03736,0.17311,-0.01687,-0.17303,spy_options_2015.parquet,1792067
SPY,2015-04-10,2015-04-10T16:00:00-04:00,210.0,2015-05-22,42.0,0.11506849315068493,217.5,call,0.33,0.37,0.34,212,,0.0853,0.1184,0.0322,0.14217,-0.01369,0.02877,spy_options_2015.parquet,1792068
SPY,2015-04-10,2015-04-10T16:00:00-04:00,210.0,2015-05-22,42.0,0.11506849315068493,217.5,put,7.71,7.89,8.0,10,,0.08309,-0.88444,0.02986,0.14082,-0.01332,-0.1642,spy_options_2015.parquet,1792068
SPY,2015-04-10,2015-04-10T16:00:00-04:00,210.0,2015-05-22,42.0,0.11506849315068493,220.0,call,0.13,0.15,0.13,10,,0.08226,0.05196,0.01792,0.07694,-0.00691,0.01317,spy_options_2015.parquet,1792069
SPY,2015-04-10,2015-04-10T16:00:00-04:00,210.0,2015-05-22,42.0,0.11506849315068493,220.0,put,9.95,10.17,10.3,1,,0.07988,-0.94084,0.01022,0.08276,-0.00762,-0.10628,spy_options_2015.parquet,1792069
SPY,2015-04-10,2015-04-10T16:00:00-04:00,210.0,2015-05-22,42.0,0.11506849315068493,222.5,call,0.04,0.07,0.05,601,,0.08512,0.02419,0.0093,0.04113,-0.00399,0.00571,spy_options_2015.parquet,1792070
SPY,2015-04-10,2015-04-10T16:00:00-04:00,210.0,2015-05-22,42.0,0.11506849315068493,222.5,put,12.36,12.67,12.85,1,,0.09067,-0.94547,0.00283,0.07389,-0.00783,-0.07364,spy_options_2015.parquet,1792070
SPY,2015-04-10,2015-04-10T16:00:00-04:00,210.0,2015-05-22,42.0,0.11506849315068493,225.0,call,0.01,0.05,0.03,1,,0.09244,0.01537,0.00578,0.02707,-0.00258,0.00386,spy_options_2015.parquet,1792071
SPY,2015-04-10,2015-04-10T16:00:00-04:00,210.0,2015-05-22,42.0,0.11506849315068493,225.0,put,14.85,15.15,16.25,0,,0.10436,-0.94518,0.00049,0.0737,-0.00489,-0.05163,spy_options_2015.parquet,1792071
SPY,2015-04-10,2015-04-10T16:00:00-04:00,210.0,2015-05-22,42.0,0.11506849315068493,227.5,call,0.01,0.05,0.0,,,0.10021,0.01043,0.00382,0.01974,-0.00226,0.00228,spy_options_2015.parquet,1792072
SPY,2015-04-10,2015-04-10T16:00:00-04:00,210.0,2015-05-22,42.0,0.11506849315068493,227.5,put,17.35,17.65,0.0,,,0.12311,-0.94277,0.00064,0.07608,-0.01047,-0.06559,spy_options_2015.parquet,1792072
SPY,2015-04-10,2015-04-10T16:00:00-04:00,210.0,2015-05-22,42.0,0.11506849315068493,230.0,call,0.0,0.03,0.0,,,0.1092,0.00785,0.00273,0.01593,-0.00205,0.00207,spy_options_2015.parquet,1792073
SPY,2015-04-10,2015-04-10T16:00:00-04:00,210.0,2015-05-22,42.0,0.11506849315068493,230.0,put,19.86,20.15,0.0,,,0.13978,-0.94094,0.00044,0.07764,-0.00974,-0.06729,spy_options_2015.parquet,1792073
SPY,2015-04-10,2015-04-10T16:00:00-04:00,210.0,2015-05-22,42.0,0.11506849315068493,232.5,call,0.0,0.04,0.0,,,0.11633,0.00586,0.00193,0.01137,-0.0017,0.00177,spy_options_2015.parquet,1792074
SPY,2015-04-10,2015-04-10T16:00:00-04:00,210.0,2015-05-22,42.0,0.11506849315068493,232.5,put,22.36,22.65,0.0,,,0.1572,-0.9394,0.00035,0.07922,-0.01017,-0.06848,spy_options_2015.parquet,1792074
SPY,2015-04-10,2015-04-10T16:00:00-04:00,210.0,2015-05-22,42.0,0.11506849315068493,235.0,call,0.0,0.02,0.0,,,0.1274,0.00566,0.00168,0.01092,-0.00192,0.0014,spy_options_2015.parquet,1792075
SPY,2015-04-10,2015-04-10T16:00:00-04:00,210.0,2015-05-22,42.0,0.11506849315068493,235.0,put,24.86,25.15,0.0,,,0.17498,-0.9383,0.00027,0.0805,-0.00977,-0.06878,spy_options_2015.parquet,1792075
SPY,2015-04-10,2015-04-10T16:00:00-04:00,210.0,2015-05-22,42.0,0.11506849315068493,237.5,call,0.0,0.02,0.0,,,0.13116,0.00316,0.00109,0.00704,-0.0015,0.00094,spy_options_2015.parquet,1792076
SPY,2015-04-10,2015-04-10T16:00:00-04:00,210.0,2015-05-22,42.0,0.11506849315068493,237.5,put,27.35,27.65,0.0,,,0.19172,-0.93637,0.00026,0.08152,-0.01019,-0.0706,spy_options_2015.parquet,1792076
SPY,2015-04-10,2015-04-10T16:00:00-04:00,210.0,2015-05-22,42.0,0.11506849315068493,240.0,call,0.0,0.02,0.0,,,0.14233,0.0033,0.00103,0.00722,-0.00155,0.00048,spy_options_2015.parquet,1792077
SPY,2015-04-10,2015-04-10T16:00:00-04:00,210.0,2015-05-22,42.0,0.11506849315068493,240.0,put,29.85,30.16,0.0,,,0.20974,-0.93424,0.00023,0.08304,-0.01017,-0.07152,spy_options_2015.parquet,1792077
SPY,2015-04-10,2015-04-10T16:00:00-04:00,210.0,2015-05-22,42.0,0.11506849315068493,242.5,call,0.0,0.03,0.0,,,0.15151,0.00303,0.00087,0.00663,-0.00142,0.00084,spy_options_2015.parquet,1792078
SPY,2015-04-10,2015-04-10T16:00:00-04:00,210.0,2015-05-22,42.0,0.11506849315068493,242.5,put,32.35,32.65,0.0,,,0.22699,-0.93261,0.00019,0.08449,-0.01024,-0.07317,spy_options_2015.parquet,1792078
SPY,2015-04-10,2015-04-10T16:00:00-04:00,210.0,2015-05-29,49.0,0.13424657534246576,175.0,call,35.08,35.33,0.0,,,0.25701,0.97491,0.00288,0.04454,-0.01134,0.23253,spy_options_2015.parquet,1792079
SPY,2015-04-10,2015-04-10T16:00:00-04:00,210.0,2015-05-29,49.0,0.13424657534246576,175.0,put,0.11,0.14,0.14,7,,0.23972,-0.01796,0.00237,0.03507,-0.00782,-0.00502,spy_options_2015.parquet,1792079
SPY,2015-04-10,2015-04-10T16:00:00-04:00,210.0,2015-05-29,49.0,0.13424657534246576,180.0,call,30.14,30.4,0.0,,,0.23549,0.96568,0.0042,0.05991,-0.01339,0.23636,spy_options_2015.parquet,1792080
SPY,2015-04-10,2015-04-10T16:00:00-04:00,210.0,2015-05-29,49.0,0.13424657534246576,180.0,put,0.17,0.22,0.2,5,,0.22249,-0.02769,0.00367,0.05024,-0.01138,-0.00817,spy_options_2015.parquet,1792080
SPY,2015-04-10,2015-04-10T16:00:00-04:00,210.0,2015-05-29,49.0,0.13424657534246576,185.0,call,25.25,25.47,0.0,,,0.21144,0.9511,0.00609,0.07881,-0.01635,0.23912,spy_options_2015.parquet,1792081
SPY,2015-04-10,2015-04-10T16:00:00-04:00,210.0,2015-05-29,49.0,0.13424657534246576,185.0,put,0.27,0.32,0.3,131,,0.205,-0.04339,0.00581,0.07189,-0.01452,-0.01312,spy_options_2015.parquet,1792081
SPY,2015-04-10,2015-04-10T16:00:00-04:00,210.0,2015-05-29,49.0,0.13424657534246576,190.0,call,20.42,20.63,0.0,,,0.19257,0.92517,0.00941,0.11006,-0.02125,0.23769,spy_options_2015.parquet,1792082
SPY,2015-04-10,2015-04-10T16:00:00-04:00,210.0,2015-05-29,49.0,0.13424657534246576,190.0,put,0.43,0.49,0.53,20,,0.18822,-0.07042,0.00919,0.10467,-0.01936,-0.02113,spy_options_2015.parquet,1792082
SPY,2015-04-10,2015-04-10T16:00:00-04:00,210.0,2015-05-29,49.0,0.13424657534246576,194.5,call,16.19,16.38,0.0,,,0.17655,0.88688,0.01403,0.14938,-0.02598,0.2327,spy_options_2015.parquet,1792083
SPY,2015-04-10,2015-04-10T16:00:00-04:00,210.0,2015-05-29,49.0,0.13424657534246576,194.5,put,0.7,0.76,0.73,36,,0.17367,-0.10909,0.01389,0.14644,-0.02524,-0.03264,spy_options_2015.parquet,1792083
SPY,2015-04-10,2015-04-10T16:00:00-04:00,210.0,2015-05-29,49.0,0.13424657534246576,195.0,call,15.73,15.94,0.0,,,0.17487,0.8817,0.01467,0.15407,-0.02712,0.23133,spy_options_2015.parquet,1792084
SPY,2015-04-10,2015-04-10T16:00:00-04:00,210.0,2015-05-29,49.0,0.13424657534246576,195.0,put,0.75,0.8,0.78,110,,0.17188,-0.11554,0.01452,0.15209,-0.02624,-0.0343,spy_options_2015.parquet,1792084
SPY,2015-04-10,2015-04-10T16:00:00-04:00,210.0,2015-05-29,49.0,0.13424657534246576,195.5,call,15.27,15.47,0.0,,,0.17348,0.87544,0.0153,0.15969,-0.02806,0.23053,spy_options_2015.parquet,1792085
SPY,2015-04-10,2015-04-10T16:00:00-04:00,210.0,2015-05-29,49.0,0.13424657534246576,195.5,put,0.79,0.83,0.8,61,,0.16968,-0.12103,0.01518,0.15653,-0.02656,-0.03558,spy_options_2015.parquet,1792085
SPY,2015-04-10,2015-04-10T16:00:00-04:00,210.0,2015-05-29,49.0,0.13424657534246576,196.0,call,14.82,15.01,0.0,,,0.17149,0.86884,0.01596,0.16495,-0.02817,0.22909,spy_options_2015.parquet,1792086
SPY,2015-04-10,2015-04-10T16:00:00-04:00,210.0,2015-05-29,49.0,0.13424657534246576,196.0,put,0.82,0.88,1.05,0,,0.16846,-0.12718,0.01589,0.16228,-0.02669,-0.03796,spy_options_2015.parquet,1792086
SPY,2015-04-10,2015-04-10T16:00:00-04:00,210.0,2015-05-29,49.0,0.13424657534246576,196.5,call,14.35,14.56,0.0,,,0.16937,0.86229,0.01669,0.17078,-0.02937,0.22812,spy_options_2015.parquet,1792087
SPY,2015-04-10,2015-04-10T16:00:00-04:00,210.0,2015-05-29,49.0,0.13424657534246576,196.5,put,0.86,0.92,0.91,40,,0.16644,-0.13274,0.01664,0.16756,-0.02822,-0.03945,spy_options_2015.parquet,1792087
SPY,2015-04-10,2015-04-10T16:00:00-04:00,210.0,2015-05-29,49.0,0.13424657534246576,197.0,call,13.91,14.11,0.0,,,0.16782,0.85617,0.01744,0.17677,-0.02997,0.22688,spy_options_2015.parquet,1792088
SPY,2015-04-10,2015-04-10T16:00:00-04:00,210.0,2015-05-29,49.0,0.13424657534246576,197.0,put,0.92,0.97,1.14,0,,0.16495,-0.14045,0.01736,0.17351,-0.02892,-0.04133,spy_options_2015.parquet,1792088
SPY,2015-04-10,2015-04-10T16:00:00-04:00,210.0,2015-05-29,49.0,0.13424657534246576,197.5,call,13.45,13.66,0.0,,,0.16606,0.8483,0.01816,0.18261,-0.0306,0.22503,spy_options_2015.parquet,1792089
SPY,2015-04-10,2015-04-10T16:00:00-04:00,210.0,2015-05-29,49.0,0.13424657534246576,197.5,put,0.96,1.03,0.98,21,,0.16282,-0.14692,0.01816,0.17918,-0.02882,-0.04291,spy_options_2015.parquet,1792089
SPY,2015-04-10,2015-04-10T16:00:00-04:00,210.0,2015-05-29,49.0,0.13424657534246576,198.0,call,13.01,13.21,0.0,,,0.16469,0.84091,0.01895,0.18873,-0.03123,0.22401,spy_options_2015.parquet,1792090
SPY,2015-04-10,2015-04-10T16:00:00-04:00,210.0,2015-05-29,49.0,0.13424657534246576,198.0,put,1.02,1.07,1.07,,,0.1621,-0.15484,0.01898,0.18598,-0.02984,-0.04608,spy_options_2015.parquet,1792090
SPY,2015-04-10,2015-04-10T16:00:00-04:00,210.0,2015-05-29,49.0,0.13424657534246576,198.5,call,12.56,12.76,0.0,,,0.16194,0.83377,0.01983,0.19379,-0.03127,0.22241,spy_options_2015.parquet,1792091
SPY,2015-04-10,2015-04-10T16:00:00-04:00,210.0,2015-05-29,49.0,0.13424657534246576,198.5,put,1.06,1.12,1.15,50,,0.15893,-0.16175,0.01986,0.19131,-0.03087,-0.04818,spy_options_2015.parquet,1792091
SPY,2015-04-10,2015-04-10T16:00:00-04:00,210.0,2015-05-29,49.0,0.13424657534246576,199.0,call,12.13,12.3,0.0,,,0.16038,0.82575,0.02058,0.19934,-0.03207,0.22105,spy_options_2015.parquet,1792092
SPY,2015-04-10,2015-04-10T16:00:00-04:00,210.0,2015-05-29,49.0,0.13424657534246576,199.0,put,1.11,1.18,1.2,28,,0.15786,-0.17075,0.02068,0.1977,-0.03092,-0.05066,spy_options_2015.parquet,1792092
SPY,2015-04-10,2015-04-10T16:00:00-04:00,210.0,2015-05-29,49.0,0.13424657534246576,199.5,call,11.69,11.87,0.0,,,0.15895,0.81653,0.02151,0.20578,-0.03303,0.21893,spy_options_2015.parquet,1792093
SPY,2015-04-10,2015-04-10T16:00:00-04:00,210.0,2015-05-29,49.0,0.13424657534246576,199.5,put,1.18,1.23,1.23,24,,0.15597,-0.17949,0.02156,0.20409,-0.03158,-0.05309,spy_options_2015.parquet,1792093
SPY,2015-04-10,2015-04-10T16:00:00-04:00,210.0,2015-05-29,49.0,0.13424657534246576,200.0,call,11.27,11.45,0.0,,,0.15729,0.80692,0.02241,0.21259,-0.03339,0.21625,spy_options_2015.parquet,1792094
SPY,2015-04-10,2015-04-10T16:00:00-04:00,210.0,2015-05-29,49.0,0.13424657534246576,200.0,put,1.25,1.3,1.28,87,,0.15462,-0.18919,0.02252,0.21075,-0.03271,-0.05539,spy_options_2015.parquet,1792094
SPY,2015-04-10,2015-04-10T16:00:00-04:00,210.0,2015-05-29,49.0,0.13424657534246576,200.5,call,10.82,11.0,0.0,,,0.15575,0.79862,0.02331,0.21877,-0.03399,0.21431,spy_options_2015.parquet,1792095
SPY,2015-04-10,2015-04-10T16:00:00-04:00,210.0,2015-05-29,49.0,0.13424657534246576,200.5,put,1.3,1.36,1.34,2,,0.15289,-0.19817,0.02344,0.21678,-0.03325,-0.05865,spy_options_2015.parquet,1792095
SPY,2015-04-10,2015-04-10T16:00:00-04:00,210.0,2015-05-29,49.0,0.13424657534246576,201.0,call,10.39,10.57,0.0,,,0.15309,0.78891,0.02432,0.22517,-0.03507,0.21224,spy_options_2015.parquet,1792096
SPY,2015-04-10,2015-04-10T16:00:00-04:00,210.0,2015-05-29,49.0,0.13424657534246576,201.0,put,1.38,1.45,0.0,,,0.15146,-0.2082,0.02447,0.22319,-0.03323,-0.06096,spy_options_2015.parquet,1792096
SPY,2015-04-10,2015-04-10T16:00:00-04:00,210.0,2015-05-29,49.0,0.13424657534246576,201.5,call,9.97,10.16,0.0,,,0.15141,0.7781,0.02519,0.2317,-0.03485,0.20969,spy_options_2015.parquet,1792097
SPY,2015-04-10,2015-04-10T16:00:00-04:00,210.0,2015-05-29,49.0,0.13424657534246576,201.5,put,1.45,1.52,0.0,,,0.14933,-0.2179,0.02548,0.22895,-0.03422,-0.06465,spy_options_2015.parquet,1792097
SPY,2015-04-10,2015-04-10T16:00:00-04:00,210.0,2015-05-29,49.0,0.13424657534246576,202.0,call,9.56,9.73,0.0,,,0.14955,0.76745,0.02626,0.23769,-0.03593,0.20744,spy_options_2015.parquet,1792098
SPY,2015-04-10,2015-04-10T16:00:00-04:00,210.0,2015-05-29,49.0,0.13424657534246576,202.0,put,1.53,1.61,1.57,47,,0.14711,-0.22953,0.02648,0.23604,-0.03528,-0.06724,spy_options_2015.parquet,1792098
SPY,2015-04-10,2015-04-10T16:00:00-04:00,210.0,2015-05-29,49.0,0.13424657534246576,202.5,call,9.13,9.32,0.0,,,0.1484,0.75523,0.0273,0.24369,-0.0362,0.20415,spy_options_2015.parquet,1792099
SPY,2015-04-10,2015-04-10T16:00:00-04:00,210.0,2015-05-29,49.0,0.13424657534246576,202.5,put,1.61,1.69,0.0,,,0.14581,-0.2414,0.02752,0.24297,-0.03532,-0.07127,spy_options_2015.parquet,1792099
SPY,2015-04-10,2015-04-10T16:00:00-04:00,210.0,2015-05-29,49.0,0.13424657534246576,203.0,call,8.72,8.9,7.55,0,,0.14618,0.74419,0.02839,0.25054,-0.03654,0.20176,spy_options_2015.parquet,1792100
SPY,2015-04-10,2015-04-10T16:00:00-04:00,210.0,2015-05-29,49.0,0.13424657534246576,203.0,put,1.71,1.78,1.76,425,,0.14371,-0.25305,0.02863,0.24887,-0.03613,-0.07429,spy_options_2015.parquet,1792100
SPY,2015-04-10,2015-04-10T16:00:00-04:00,210.0,2015-05-29,49.0,0.13424657534246576,203.5,call,8.32,8.48,0.0,,,0.14362,0.73137,0.02939,0.25664,-0.03747,0.19858,spy_options_2015.parquet,1792101
SPY,2015-04-10,2015-04-10T16:00:00-04:00,210.0,2015-05-29,49.0,0.13424657534246576,203.5,put,1.78,1.88,2.23,0,,0.14173,-0.26547,0.02973,0.25482,-0.03666,-0.07791,spy_options_2015.parquet,1792101
SPY,2015-04-10,2015-04-10T16:00:00-04:00,210.0,2015-05-29,49.0,0.13424657534246576,204.0,call,7.91,8.08,0.0,,,0.14183,0.71881,0.03056,0.26237,-0.03764,0.19525,spy_options_2015.parquet,1792102
SPY,2015-04-10,2015-04-10T16:00:00-04:00,210.0,2015-05-29,49.0,0.13424657534246576,204.0,put,1.89,1.97,1.91,2,,0.14035,-0.27914,0.03087,0.26166,-0.03704,-0.08144,spy_options_2015.parquet,1792102
SPY,2015-04-10,2015-04-10T16:00:00-04:00,210.0,2015-05-29,49.0,0.13424657534246576,204.5,call,7.54,7.68,0.0,,,0.14073,0.70501,0.03166,0.26782,-0.03805,0.19217,spy_options_2015.parquet,1792103
SPY,2015-04-10,2015-04-10T16:00:00-04:00,210.0,2015-05-29,49.0,0.13424657534246576,204.5,put,1.99,2.08,0.0,,,0.13837,-0.29227,0.03199,0.26746,-0.03675,-0.08627,spy_options_2015.parquet,1792103
SPY,2015-04-10,2015-04-10T16:00:00-04:00,210.0,2015-05-29,49.0,0.13424657534246576,205.0,call,7.13,7.27,0.0,,,0.13799,0.69134,0.03281,0.27416,-0.03781,0.18858,spy_options_2015.parquet,1792104
SPY,2015-04-10,2015-04-10T16:00:00-04:00,210.0,2015-05-29,49.0,0.13424657534246576,205.0,put,2.1,2.18,2.13,12,,0.13593,-0.30677,0.03313,0.27276,-0.03712,-0.09032,spy_options_2015.parquet,1792104
SPY,2015-04-10,2015-04-10T16:00:00-04:00,210.0,2015-05-29,49.0,0.13424657534246576,205.5,call,6.74,6.87,0.0,,,0.13584,0.67671,0.03401,0.27898,-0.038,0.18471,spy_options_2015.parquet,1792105
SPY,2015-04-10,2015-04-10T16:00:00-04:00,210.0,2015-05-29,49.0,0.13424657534246576,205.5,put,2.21,2.28,0.0,,,0.13409,-0.32206,0.03433,0.27834,-0.03714,-0.0945,spy_options_2015.parquet,1792105
SPY,2015-04-10,2015-04-10T16:00:00-04:00,210.0,2015-05-29,49.0,0.13424657534246576,206.0,call,6.38,6.48,0.0,,,0.13362,0.66009,0.0352,0.28453,-0.03848,0.181,spy_options_2015.parquet,1792106
SPY,2015-04-10,2015-04-10T16:00:00-04:00,210.0,2015-05-29,49.0,0.13424657534246576,206.0,put,2.33,2.41,2.48,10,,0.13244,-0.33802,0.03553,0.28413,-0.03788,-0.09922,spy_options_2015.parquet,1792106
SPY,2015-04-10,2015-04-10T16:00:00-04:00,210.0,2015-05-29,49.0,0.13424657534246576,206.5,call,5.99,6.12,0.0,,,0.1326,0.64386,0.03635,0.28961,-0.03867,0.17739,spy_options_2015.parquet,1792107
SPY,2015-04-10,2015-04-10T16:00:00-04:00,210.0,2015-05-29,49.0,0.13424657534246576,206.5,put,2.45,2.53,0.0,,,0.13033,-0.35415,0.03672,0.28913,-0.03782,-0.10343,spy_options_2015.parquet,1792107
SPY,2015-04-10,2015-04-10T16:00:00-04:00,210.0,2015-05-29,49.0,0.13424657534246576,207.0,call,5.62,5.73,0.0,,,0.12971,0.62717,0.0376,0.2941,-0.03879,0.17291,spy_options_2015.parquet,1792108
SPY,2015-04-10,2015-04-10T16:00:00-04:00,210.0,2015-05-29,49.0,0.13424657534246576,207.0,put,2.61,2.67,2.63,202,,0.12862,-0.37166,0.0378,0.29362,-0.03848,-0.1083,spy_options_2015.parquet,1792108
SPY,2015-04-10,2015-04-10T16:00:00-04:00,210.0,2015-05-29,49.0,0.13424657534246576,207.5,call,5.27,5.38,5.31,5,,0.12749,0.60982,0.03863,0.29808,-0.03821,0.16828,spy_options_2015.parquet,1792109
SPY,2015-04-10,2015-04-10T16:00:00-04:00,210.0,2015-05-29,49.0,0.13424657534246576,207.5,put,2.72,2.81,0.0,,,0.12623,-0.38977,0.0391,0.29782,-0.03815,-0.1131,spy_options_2015.parquet,1792109
SPY,2015-04-10,2015-04-10T16:00:00-04:00,210.0,2015-05-29,49.0,0.13424657534246576,208.0,call,4.91,5.02,4.85,40,,0.12551,0.59102,0.03982,0.30167,-0.03823,0.16345,spy_options_2015.parquet,1792110
SPY,2015-04-10,2015-04-10T16:00:00-04:00,210.0,2015-05-29,49.0,0.13424657534246576,208.0,put,2.86,2.96,2.93,92,,0.12415,-0.40795,0.04018,0.30215,-0.03752,-0.11874,spy_options_2015.parquet,1792110
SPY,2015-04-10,2015-04-10T16:00:00-04:00,210.0,2015-05-29,49.0,0.13424657534246576,208.5,call,4.57,4.69,0.0,,,0.1242,0.57152,0.04081,0.30477,-0.03769,0.158,spy_options_2015.parquet,1792111
SPY,2015-04-10,2015-04-10T16:00:00-04:00,210.0,2015-05-29,49.0,0.13424657534246576,208.5,put,3.02,3.12,3.1,11,,0.12192,-0.4275,0.04132,0.30532,-0.03768,-0.12458,spy_options_2015.parquet,1792111
SPY,2015-04-10,2015-04-10T16:00:00-04:00,210.0,2015-05-29,49.0,0.13424657534246576,209.0,call,4.23,4.33,3.82,0,,0.12077,0.55203,0.04208,0.30733,-0.03721,0.15296,spy_options_2015.parquet,1792112
SPY,2015-04-10,2015-04-10T16:00:00-04:00,210.0,2015-05-29,49.0,0.13424657534246576,209.0,put,3.18,3.27,3.27,74,,0.11975,-0.44816,0.04236,0.30693,-0.03714,-0.12971,spy_options_2015.parquet,1792112
SPY,2015-04-10,2015-04-10T16:00:00-04:00,210.0,2015-05-29,49.0,0.13424657534246576,209.5,call,3.9,3.99,3.86,48,,0.11904,0.53103,0.04292,0.30875,-0.03745,0.14765,spy_options_2015.parquet,1792113
SPY,2015-04-10,2015-04-10T16:00:00-04:00,210.0,2015-05-29,49.0,0.13424657534246576,209.5,put,3.34,3.45,3.52,23,,0.11738,-0.4689,0.04337,0.30909,-0.03691,-0.13553,spy_options_2015.parquet,1792113
SPY,2015-04-10,2015-04-10T16:00:00-04:00,210.0,2015-05-29,49.0,0.13424657534246576,210.0,call,3.59,3.69,3.62,163,,0.11655,0.50946,0.04393,0.30941,-0.03649,0.14183,spy_options_2015.parquet,1792114
SPY,2015-04-10,2015-04-10T16:00:00-04:00,210.0,2015-05-29,49.0,0.13424657534246576,210.0,put,3.54,3.63,3.6,31,,0.11605,-0.49081,0.04452,0.30977,-0.03558,-0.14163,spy_options_2015.parquet,1792114
SPY,2015-04-10,2015-04-10T16:00:00-04:00,210.0,2015-05-29,49.0,0.13424657534246576,210.5,call,3.28,3.37,0.0,,,0.11453,0.48639,0.04465,0.30952,-0.03593,0.13545,spy_options_2015.parquet,1792115
SPY,2015-04-10,2015-04-10T16:00:00-04:00,210.0,2015-05-29,49.0,0.13424657534246576,210.5,put,3.72,3.83,3.87,35,,0.1138,-0.5131,0.04507,0.31001,-0.03582,-0.14747,spy_options_2015.parquet,1792115
SPY,2015-04-10,2015-04-10T16:00:00-04:00,210.0,2015-05-29,49.0,0.13424657534246576,211.0,call,2.97,3.08,3.02,2,,0.1131,0.46334,0.04531,0.30827,-0.03472,0.12933,spy_options_2015.parquet,1792116
SPY,2015-04-10,2015-04-10T16:00:00-04:00,210.0,2015-05-29,49.0,0.13424657534246576,211.0,put,3.93,4.04,4.13,22,,0.11163,-0.53674,0.04582,0.30906,-0.03494,-0.15334,spy_options_2015.parquet,1792116
SPY,2015-04-10,2015-04-10T16:00:00-04:00,210.0,2015-05-29,49.0,0.13424657534246576,211.5,call,2.69,2.79,2.74,3,,0.11078,0.43988,0.04592,0.30676,-0.0344,0.12263,spy_options_2015.parquet,1792117
SPY,2015-04-10,2015-04-10T16:00:00-04:00,210.0,2015-05-29,49.0,0.13424657534246576,211.5,put,4.13,4.27,4.43,24,,0.10881,-0.56122,0.04638,0.30632,-0.03354,-0.15944,spy_options_2015.parquet,1792117
SPY,2015-04-10,2015-04-10T16:00:00-04:00,210.0,2015-05-29,49.0,0.13424657534246576,212.0,call,2.43,2.52,2.47,13,,0.10813,0.41517,0.04626,0.30334,-0.03306,0.11567,spy_options_2015.parquet,1792118
SPY,2015-04-10,2015-04-10T16:00:00-04:00,210.0,2015-05-29,49.0,0.13424657534246576,212.0,put,4.36,4.48,0.0,,,0.10736,-0.58601,0.0468,0.3032,-0.03235,-0.16626,spy_options_2015.parquet,1792118
SPY,2015-04-10,2015-04-10T16:00:00-04:00,210.0,2015-05-29,49.0,0.13424657534246576,212.5,call,2.18,2.27,2.2,34,,0.10669,0.39016,0.04633,0.29818,-0.0324,0.10926,spy_options_2015.parquet,1792119
SPY,2015-04-10,2015-04-10T16:00:00-04:00,210.0,2015-05-29,49.0,0.13424657534246576,212.5,put,4.59,4.74,0.0,,,0.10535,-0.61164,0.04691,0.29819,-0.0318,-0.17249,spy_options_2015.parquet,1792119
SPY,2015-04-10,2015-04-10T16:00:00-04:00,210.0,2015-05-29,49.0,0.13424657534246576,213.0,call,1.93,2.01,1.92,205,,0.10377,0.364,0.04645,0.29197,-0.0303,0.10156,spy_options_2015.parquet,1792120
SPY,2015-04-10,2015-04-10T16:00:00-04:00,210.0,2015-05-29,49.0,0.13424657534246576,213.0,put,4.82,4.98,6.76,0,,0.10182,-0.63859,0.04718,0.29123,-0.02993,-0.1789,spy_options_2015.parquet,1792120
SPY,2015-04-10,2015-04-10T16:00:00-04:00,210.0,2015-05-29,49.0,0.13424657534246576,213.5,call,1.71,1.78,1.75,348,,0.10166,0.33801,0.04613,0.28365,-0.02916,0.09477,spy_options_2015.parquet,1792121
SPY,2015-04-10,2015-04-10T16:00:00-04:00,210.0,2015-05-29,49.0,0.13424657534246576,213.5,put,5.07,5.24,0.0,,,0.09977,-0.66605,0.04693,0.28345,-0.02853,-0.18394,spy_options_2015.parquet,1792121
SPY,2015-04-10,2015-04-10T16:00:00-04:00,210.0,2015-05-29,49.0,0.13424657534246576,214.0,call,1.48,1.56,1.52,75,,0.0999,0.31184,0.04564,0.27511,-0.02751,0.08722,spy_options_2015.parquet,1792122
SPY,2015-04-10,2015-04-10T16:00:00-04:00,210.0,2015-05-29,49.0,0.13424657534246576,214.0,put,5.4,5.54,0.0,,,0.0988,-0.69042,0.04589,0.27372,-0.02722,-0.18911,spy_options_2015.parquet,1792122
SPY,2015-04-10,2015-04-10T16:00:00-04:00,210.0,2015-05-29,49.0,0.13424657534246576,214.5,call,1.29,1.36,0.0,,,0.09801,0.28524,0.04476,0.26444,-0.02571,0.08069,spy_options_2015.parquet,1792123
SPY,2015-04-10,2015-04-10T16:00:00-04:00,210.0,2015-05-29,49.0,0.13424657534246576,214.5,put,5.7,5.84,0.0,,,0.0964,-0.71694,0.04497,0.26272,-0.02564,-0.19378,spy_options_2015.parquet,1792123
SPY,2015-04-10,2015-04-10T16:00:00-04:00,210.0,2015-05-29,49.0,0.13424657534246576,215.0,call,1.11,1.16,1.13,234,,0.0955,0.2595,0.04358,0.2511,-0.02395,0.07292,spy_options_2015.parquet,1792124
SPY,2015-04-10,2015-04-10T16:00:00-04:00,210.0,2015-05-29,49.0,0.13424657534246576,215.0,put,6.03,6.16,0.0,,,0.09439,-0.74353,0.04364,0.25057,-0.02382,-0.19812,spy_options_2015.parquet,1792124
SPY,2015-04-10,2015-04-10T16:00:00-04:00,210.0,2015-05-29,49.0,0.13424657534246576,216.0,call,0.79,0.85,0.83,37,,0.09125,0.20772,0.04032,0.22223,-0.01993,0.05825,spy_options_2015.parquet,1792125
SPY,2015-04-10,2015-04-10T16:00:00-04:00,210.0,2015-05-29,49.0,0.13424657534246576,216.0,put,6.68,6.85,0.0,,,0.08937,-0.79574,0.03993,0.2203,-0.0195,-0.20333,spy_options_2015.parquet,1792125
SPY,2015-04-10,2015-04-10T16:00:00-04:00,210.0,2015-05-29,49.0,0.13424657534246576,217.5,call,0.45,0.5,0.47,176,,0.08613,0.14032,0.03316,0.17321,-0.01478,0.0394,spy_options_2015.parquet,1792126
SPY,2015-04-10,2015-04-10T16:00:00-04:00,210.0,2015-05-29,49.0,0.13424657534246576,217.5,put,7.82,8.01,8.24,6,,0.08407,-0.86424,0.03158,0.17031,-0.0137,-0.19827,spy_options_2015.parquet,1792126
SPY,2015-04-10,2015-04-10T16:00:00-04:00,210.0,2015-05-29,49.0,0.13424657534246576,220.0,call,0.15,0.19,0.17,32,,0.0818,0.06376,0.0197,0.09763,-0.00763,0.01793,spy_options_2015.parquet,1792127
SPY,2015-04-10,2015-04-10T16:00:00-04:00,210.0,2015-05-29,49.0,0.13424657534246576,220.0,put,10.02,10.23,0.0,,,0.07991,-0.92931,0.01475,0.10258,-0.00852,-0.1495,spy_options_2015.parquet,1792127
SPY,2015-04-10,2015-04-10T16:00:00-04:00,210.0,2015-05-29,49.0,0.13424657534246576,222.5,call,0.06,0.08,0.0,,,0.08288,0.03063,0.0107,0.05369,-0.00476,0.0087,spy_options_2015.parquet,1792128
SPY,2015-04-10,2015-04-10T16:00:00-04:00,210.0,2015-05-29,49.0,0.13424657534246576,222.5,put,12.39,12.63,0.0,,,0.08388,-0.94607,0.00281,0.08003,-0.00643,-0.08572,spy_options_2015.parquet,1792128
SPY,2015-04-10,2015-04-10T16:00:00-04:00,210.0,2015-05-29,49.0,0.13424657534246576,225.0,call,0.02,0.05,0.0,,,0.08718,0.01623,0.00612,0.03198,-0.00228,0.00432,spy_options_2015.parquet,1792129
SPY,2015-04-10,2015-04-10T16:00:00-04:00,210.0,2015-05-29,49.0,0.13424657534246576,225.0,put,14.84,15.17,15.1,25,,0.09816,-0.94452,0.00092,0.08036,-0.00736,-0.07524,spy_options_2015.parquet,1792129
SPY,2015-04-10,2015-04-10T16:00:00-04:00,210.0,2015-05-29,49.0,0.13424657534246576,227.5,call,0.02,0.05,0.04,8,,0.09718,0.01327,0.00459,0.02636,-0.00233,0.00376,spy_options_2015.parquet,1792130
SPY,2015-04-10,2015-04-10T16:00:00-04:00,210.0,2015-05-29,49.0,0.13424657534246576,227.5,put,17.34,17.65,0.0,,,2e-05,-1.0,0.0,0.0,0.0,0.0,spy_options_2015.parquet,1792130
SPY,2015-04-10,2015-04-10T16:00:00-04:00,210.0,2015-05-29,49.0,0.13424657534246576,230.0,call,0.0,0.04,0.0,,,0.10076,0.00834,0.00278,0.01659,-0.00188,0.00183,spy_options_2015.parquet,1792131
SPY,2015-04-10,2015-04-10T16:00:00-04:00,210.0,2015-05-29,49.0,0.13424657534246576,230.0,put,19.83,20.16,0.0,,,-0.00017,-1.0,0.0,0.0,0.0,0.0,spy_options_2015.parquet,1792131
SPY,2015-04-10,2015-04-10T16:00:00-04:00,210.0,2015-05-29,49.0,0.13424657534246576,232.5,call,0.0,0.03,0.0,,,0.10805,0.00547,0.00199,0.01268,-0.00113,0.00129,spy_options_2015.parquet,1792132
SPY,2015-04-10,2015-04-10T16:00:00-04:00,210.0,2015-05-29,49.0,0.13424657534246576,232.5,put,22.34,22.64,0.0,,,7e-05,-1.0,0.0,0.0,0.0,0.0,spy_options_2015.parquet,1792132
SPY,2015-04-10,2015-04-10T16:00:00-04:00,210.0,2015-05-29,49.0,0.13424657534246576,235.0,call,0.0,0.02,0.0,,,0.11771,0.00488,0.00161,0.01193,-0.00164,0.00186,spy_options_2015.parquet,1792133
SPY,2015-04-10,2015-04-10T16:00:00-04:00,210.0,2015-05-29,49.0,0.13424657534246576,235.0,put,24.83,25.16,0.0,,,-0.00048,-1.0,0.0,0.0,0.0,0.0,spy_options_2015.parquet,1792133
SPY,2015-04-10,2015-04-10T16:00:00-04:00,210.0,2015-05-29,49.0,0.13424657534246576,237.5,call,0.0,0.02,0.0,,,0.12177,0.00315,0.00103,0.008,-0.00071,0.00059,spy_options_2015.parquet,1792134
SPY,2015-04-10,2015-04-10T16:00:00-04:00,210.0,2015-05-29,49.0,0.13424657534246576,237.5,put,27.33,27.65,0.0,,,-0.00021,-1.0,0.0,0.0,0.0,0.0,spy_options_2015.parquet,1792134
SPY,2015-04-10,2015-04-10T16:00:00-04:00,210.0,2015-05-29,49.0,0.13424657534246576,240.0,call,0.0,0.02,0.0,,,0.13182,0.00364,0.00102,0.00733,-0.00101,0.00095,spy_options_2015.parquet,1792135
SPY,2015-04-10,2015-04-10T16:00:00-04:00,210.0,2015-05-29,49.0,0.13424657534246576,240.0,put,29.83,30.15,0.0,,,-0.00021,-1.0,0.0,0.0,0.0,0.0,spy_options_2015.parquet,1792135
SPY,2015-04-10,2015-04-10T16:00:00-04:00,210.0,2015-05-29,49.0,0.13424657534246576,242.5,call,0.0,0.02,0.0,,,0.14062,0.00338,0.00091,0.00729,-0.00125,0.00049,spy_options_2015.parquet,1792136
SPY,2015-04-10,2015-04-10T16:00:00-04:00,210.0,2015-05-29,49.0,0.13424657534246576,242.5,put,32.32,32.65,0.0,,,8e-05,-1.0,0.0,0.0,0.0,0.0,spy_options_2015.parquet,1792136
SPY,2015-04-10,2015-04-10T16:00:00-04:00,210.0,2015-05-29,49.0,0.13424657534246576,245.0,call,0.0,0.02,0.0,,,0.14924,0.0025,0.00075,0.00669,-0.00062,0.00117,spy_options_2015.parquet,1792137
SPY,2015-04-10,2015-04-10T16:00:00-04:00,210.0,2015-05-29,49.0,0.13424657534246576,245.0,put,34.83,35.15,0.0,,,-0.00034,-1.0,0.0,0.0,0.0,0.0,spy_options_2015.parquet,1792137
SPY,2015-04-10,2015-04-10T16:00:00-04:00,210.0,2015-06-19,70.0,0.1917808219178082,145.0,call,64.99,65.26,0.0,,,0.54835,0.92756,0.00092,0.09356,-0.0322,0.03949,spy_options_2015.parquet,1792159
SPY,2015-04-10,2015-04-10T16:00:00-04:00,210.0,2015-06-19,70.0,0.1917808219178082,145.0,put,0.03,0.06,0.05,43,,0.33083,-0.00537,0.00051,0.01311,-0.00359,-0.0025,spy_options_2015.parquet,1792159
SPY,2015-04-10,2015-04-10T16:00:00-04:00,210.0,2015-06-19,70.0,0.1917808219178082,146.0,call,63.99,64.26,0.0,,,0.53758,0.92845,0.00095,0.09333,-0.03124,0.04007,spy_options_2015.parquet,1792160
SPY,2015-04-10,2015-04-10T16:00:00-04:00,210.0,2015-06-19,70.0,0.1917808219178082,146.0,put,0.05,0.06,0.0,,,0.32887,-0.00525,0.00048,0.01441,-0.00385,-0.00262,spy_options_2015.parquet,1792160
SPY,2015-04-10,2015-04-10T16:00:00-04:00,210.0,2015-06-19,70.0,0.1917808219178082,147.0,call,62.97,63.26,0.0,,,0.52601,0.92957,0.00103,0.09209,-0.03052,0.04052,spy_options_2015.parquet,1792161
SPY,2015-04-10,2015-04-10T16:00:00-04:00,210.0,2015-06-19,70.0,0.1917808219178082,147.0,put,0.05,0.06,0.0,,,0.3227,-0.00548,0.00051,0.01446,-0.00287,-0.00227,spy_options_2015.parquet,1792161
SPY,2015-04-10,2015-04-10T16:00:00-04:00,210.0,2015-06-19,70.0,0.1917808219178082,148.0,call,62.0,62.26,0.0,,,0.51661,0.93077,0.00111,0.09293,-0.03025,0.04157,spy_options_2015.parquet,1792162
SPY,2015-04-10,2015-04-10T16:00:00-04:00,210.0,2015-06-19,70.0,0.1917808219178082,148.0,put,0.04,0.06,0.0,,,0.32051,-0.00633,0.00061,0.0159,-0.00362,-0.00238,spy_options_2015.parquet,1792162
SPY,2015-04-10,2015-04-10T16:00:00-04:00,210.0,2015-06-19,70.0,0.1917808219178082,149.0,call,61.01,61.27,0.0,,,0.50576,0.9309,0.00117,0.09158,-0.02909,0.04219,spy_options_2015.parquet,1792163
SPY,2015-04-10,2015-04-10T16:00:00-04:00,210.0,2015-06-19,70.0,0.1917808219178082,149.0,put,0.06,0.07,0.0,,,0.31764,-0.00667,0.00063,0.01734,-0.00371,-0.00301,spy_options_2015.parquet,1792163
SPY,2015-04-10,2015-04-10T16:00:00-04:00,210.0,2015-06-19,70.0,0.1917808219178082,150.0,call,59.99,60.2,59.89,4,,0.49124,0.93381,0.00119,0.08888,-0.02692,0.03912,spy_options_2015.parquet,1792164
SPY,2015-04-10,2015-04-10T16:00:00-04:00,210.0,2015-06-19,70.0,0.1917808219178082,150.0,put,0.06,0.07,0.07,,,0.31241,-0.00613,0.00064,0.01751,-0.00377,-0.00254,spy_options_2015.parquet,1792164
SPY,2015-04-10,2015-04-10T16:00:00-04:00,210.0,2015-06-19,70.0,0.1917808219178082,151.0,call,59.01,59.28,0.0,,,0.48596,0.93274,0.00129,0.0914,-0.0275,0.04482,spy_options_2015.parquet,1792165
SPY,2015-04-10,2015-04-10T16:00:00-04:00,210.0,2015-06-19,70.0,0.1917808219178082,151.0,put,0.06,0.08,0.0,,,0.31006,-0.00667,0.00069,0.01851,-0.00382,-0.0029,spy_options_2015.parquet,1792165
SPY,2015-04-10,2015-04-10T16:00:00-04:00,210.0,2015-06-19,70.0,0.1917808219178082,152.0,call,58.01,58.28,0.0,,,0.47523,0.9337,0.00129,0.09035,-0.02648,0.04539,spy_options_2015.parquet,1792166
SPY,2015-04-10,2015-04-10T16:00:00-04:00,210.0,2015-06-19,70.0,0.1917808219178082,152.0,put,0.07,0.08,0.0,,,0.30663,-0.00738,0.00074,0.01931,-0.00472,-0.00358,spy_options_2015.parquet,1792166
SPY,2015-04-10,2015-04-10T16:00:00-04:00,210.0,2015-06-19,70.0,0.1917808219178082,153.0,call,57.02,57.3,0.0,,,0.46654,0.93447,0.00145,0.09094,-0.02631,0.04742,spy_options_2015.parquet,1792167
SPY,2015-04-10,2015-04-10T16:00:00-04:00,210.0,2015-06-19,70.0,0.1917808219178082,153.0,put,0.07,0.09,0.0,,,0.30299,-0.00819,0.00083,0.02053,-0.00489,-0.00399,spy_options_2015.parquet,1792167
SPY,2015-04-10,2015-04-10T16:00:00-04:00,210.0,2015-06-19,70.0,0.1917808219178082,154.0,call,56.02,56.29,0.0,,,0.45686,0.9357,0.00153,0.09025,-0.02469,0.04804,spy_options_2015.parquet,1792168
SPY,2015-04-10,2015-04-10T16:00:00-04:00,210.0,2015-06-19,70.0,0.1917808219178082,154.0,put,0.09,0.09,0.1,0,,0.29985,-0.00837,0.00086,0.02166,-0.00441,-0.00344,spy_options_2015.parquet,1792168
SPY,2015-04-10,2015-04-10T16:00:00-04:00,210.0,2015-06-19,70.0,0.1917808219178082,155.0,call,55.03,55.26,0.0,,,0.4448,0.93704,0.00157,0.08891,-0.02447,0.04763,spy_options_2015.parquet,1792169
SPY,2015-04-10,2015-04-10T16:00:00-04:00,210.0,2015-06-19,70.0,0.1917808219178082,155.0,put,0.09,0.11,0.11,10,,0.2968,-0.0092,0.00089,0.02277,-0.00534,-0.0043,spy_options_2015.parquet,1792169
SPY,2015-04-10,2015-04-10T16:00:00-04:00,210.0,2015-06-19,70.0,0.1917808219178082,156.0,call,54.02,54.3,0.0,,,0.43799,0.93692,0.00162,0.08952,-0.02364,0.05107,spy_options_2015.parquet,1792170
SPY,2015-04-10,2015-04-10T16:00:00-04:00,210.0,2015-06-19,70.0,0.1917808219178082,156.0,put,0.09,0.1,0.1,0,,0.29302,-0.00947,0.00094,0.02479,-0.00516,-0.00397,spy_options_2015.parquet,1792170
SPY,2015-04-10,2015-04-10T16:00:00-04:00,210.0,2015-06-19,70.0,0.1917808219178082,157.0,call,53.04,53.31,0.0,,,0.42986,0.93741,0.00176,0.08989,-0.02355,0.05387,spy_options_2015.parquet,1792171
SPY,2015-04-10,2015-04-10T16:00:00-04:00,210.0,2015-06-19,70.0,0.1917808219178082,157.0,put,0.09,0.11,0.0,,,0.2894,-0.01049,0.00107,0.02543,-0.00491,-0.00439,spy_options_2015.parquet,1792171
SPY,2015-04-10,2015-04-10T16:00:00-04:00,210.0,2015-06-19,70.0,0.1917808219178082,158.0,call,52.03,52.32,0.0,,,0.42054,0.93811,0.00186,0.08931,-0.02215,0.05426,spy_options_2015.parquet,1792172
SPY,2015-04-10,2015-04-10T16:00:00-04:00,210.0,2015-06-19,70.0,0.1917808219178082,158.0,put,0.1,0.11,0.0,,,0.28543,-0.01064,0.00113,0.027,-0.00526,-0.00468,spy_options_2015.parquet,1792172
SPY,2015-04-10,2015-04-10T16:00:00-04:00,210.0,2015-06-19,70.0,0.1917808219178082,159.0,call,51.05,51.32,0.0,,,0.41267,0.93805,0.00193,0.08956,-0.02217,0.05716,spy_options_2015.parquet,1792173
SPY,2015-04-10,2015-04-10T16:00:00-04:00,210.0,2015-06-19,70.0,0.1917808219178082,159.0,put,0.1,0.12,0.13,2,,0.28123,-0.01179,0.00122,0.02803,-0.00615,-0.00493,spy_options_2015.parquet,1792173
SPY,2015-04-10,2015-04-10T16:00:00-04:00,210.0,2015-06-19,70.0,0.1917808219178082,160.0,call,50.05,50.33,0.0,,,0.40468,0.93901,0.00208,0.09016,-0.02206,0.05912,spy_options_2015.parquet,1792174
SPY,2015-04-10,2015-04-10T16:00:00-04:00,210.0,2015-06-19,70.0,0.1917808219178082,160.0,put,0.12,0.14,0.12,,,0.2797,-0.01289,0.00133,0.03032,-0.0057,-0.00548,spy_options_2015.parquet,1792174
SPY,2015-04-10,2015-04-10T16:00:00-04:00,210.0,2015-06-19,70.0,0.1917808219178082,161.0,call,49.05,49.33,0.0,,,0.39604,0.93972,0.00224,0.09009,-0.0209,0.06087,spy_options_2015.parquet,1792175
SPY,2015-04-10,2015-04-10T16:00:00-04:00,210.0,2015-06-19,70.0,0.1917808219178082,161.0,put,0.12,0.13,0.0,,,0.27475,-0.01363,0.00137,0.03214,-0.00679,-0.00599,spy_options_2015.parquet,1792175
SPY,2015-04-10,2015-04-10T16:00:00-04:00,210.0,2015-06-19,70.0,0.1917808219178082,162.0,call,48.06,48.35,0.0,,,0.38698,0.94027,0.00231,0.08987,-0.0206,0.06312,spy_options_2015.parquet,1792176
SPY,2015-04-10,2015-04-10T16:00:00-04:00,210.0,2015-06-19,70.0,0.1917808219178082,162.0,put,0.13,0.14,0.0,,,0.27262,-0.01481,0.00144,0.03437,-0.00672,-0.00591,spy_options_2015.parquet,1792176
SPY,2015-04-10,2015-04-10T16:00:00-04:00,210.0,2015-06-19,70.0,0.1917808219178082,163.0,call,47.07,47.37,0.0,,,0.37952,0.94034,0.00251,0.09024,-0.02051,0.06611,spy_options_2015.parquet,1792177
SPY,2015-04-10,2015-04-10T16:00:00-04:00,210.0,2015-06-19,70.0,0.1917808219178082,163.0,put,0.14,0.15,0.21,0,,0.26917,-0.01577,0.00156,0.03657,-0.00707,-0.0067,spy_options_2015.parquet,1792177
SPY,2015-04-10,2015-04-10T16:00:00-04:00,210.0,2015-06-19,70.0,0.1917808219178082,164.0,call,46.07,46.37,0.0,,,0.37244,0.94002,0.00267,0.09036,-0.01973,0.06857,spy_options_2015.parquet,1792178
SPY,2015-04-10,2015-04-10T16:00:00-04:00,210.0,2015-06-19,70.0,0.1917808219178082,164.0,put,0.15,0.17,0.0,,,0.26571,-0.01702,0.00172,0.03851,-0.00747,-0.00704,spy_options_2015.parquet,1792178
SPY,2015-04-10,2015-04-10T16:00:00-04:00,210.0,2015-06-19,70.0,0.1917808219178082,165.0,call,45.09,45.38,0.0,,,0.36427,0.9405,0.00272,0.09135,-0.01898,0.07129,spy_options_2015.parquet,1792179
SPY,2015-04-10,2015-04-10T16:00:00-04:00,210.0,2015-06-19,70.0,0.1917808219178082,165.0,put,0.16,0.17,0.16,,,0.26298,-0.01833,0.00184,0.04142,-0.00803,-0.00773,spy_options_2015.parquet,1792179
SPY,2015-04-10,2015-04-10T16:00:00-04:00,210.0,2015-06-19,70.0,0.1917808219178082,166.0,call,44.1,44.39,0.0,,,0.35718,0.93965,0.00295,0.09234,-0.01919,0.07509,spy_options_2015.parquet,1792180
SPY,2015-04-10,2015-04-10T16:00:00-04:00,210.0,2015-06-19,70.0,0.1917808219178082,166.0,put,0.18,0.18,0.18,11,,0.25917,-0.01889,0.00196,0.04277,-0.00772,-0.0084,spy_options_2015.parquet,1792180
SPY,2015-04-10,2015-04-10T16:00:00-04:00,210.0,2015-06-19,70.0,0.1917808219178082,167.0,call,43.12,43.39,0.0,,,0.35042,0.93971,0.00309,0.09329,-0.01863,0.07867,spy_options_2015.parquet,1792181
SPY,2015-04-10,2015-04-10T16:00:00-04:00,210.0,2015-06-19,70.0,0.1917808219178082,167.0,put,0.18,0.2,0.2,3,,0.25679,-0.0211,0.0021,0.04607,-0.00834,-0.00909,spy_options_2015.parquet,1792181
SPY,2015-04-10,2015-04-10T16:00:00-04:00,210.0,2015-06-19,70.0,0.1917808219178082,168.0,call,42.13,42.41,0.0,,,0.34364,0.93987,0.00335,0.09436,-0.01851,0.08206,spy_options_2015.parquet,1792182
SPY,2015-04-10,2015-04-10T16:00:00-04:00,210.0,2015-06-19,70.0,0.1917808219178082,168.0,put,0.18,0.21,0.2,12,,0.25312,-0.02243,0.00224,0.04826,-0.0085,-0.00957,spy_options_2015.parquet,1792182
SPY,2015-04-10,2015-04-10T16:00:00-04:00,210.0,2015-06-19,70.0,0.1917808219178082,169.0,call,41.16,41.43,0.0,,,0.33759,0.93848,0.00357,0.09646,-0.01842,0.08659,spy_options_2015.parquet,1792183
SPY,2015-04-10,2015-04-10T16:00:00-04:00,210.0,2015-06-19,70.0,0.1917808219178082,169.0,put,0.21,0.22,0.22,12,,0.25051,-0.02431,0.00245,0.05196,-0.00947,-0.01059,spy_options_2015.parquet,1792183
SPY,2015-04-10,2015-04-10T16:00:00-04:00,210.0,2015-06-19,70.0,0.1917808219178082,170.0,call,40.14,40.41,38.2,0,,0.32741,0.93945,0.0037,0.09559,-0.01704,0.08634,spy_options_2015.parquet,1792184
SPY,2015-04-10,2015-04-10T16:00:00-04:00,210.0,2015-06-19,70.0,0.1917808219178082,170.0,put,0.22,0.24,0.24,,,0.24731,-0.0252,0.00261,0.05513,-0.01009,-0.01053,spy_options_2015.parquet,1792184
SPY,2015-04-10,2015-04-10T16:00:00-04:00,210.0,2015-06-19,70.0,0.1917808219178082,171.0,call,39.16,39.45,0.0,,,0.32274,0.93785,0.00401,0.09907,-0.01771,0.09286,spy_options_2015.parquet,1792185
SPY,2015-04-10,2015-04-10T16:00:00-04:00,210.0,2015-06-19,70.0,0.1917808219178082,171.0,put,0.24,0.27,0.26,250,,0.24439,-0.02754,0.00285,0.0587,-0.01054,-0.01204,spy_options_2015.parquet,1792185
SPY,2015-04-10,2015-04-10T16:00:00-04:00,210.0,2015-06-19,70.0,0.1917808219178082,172.0,call,38.18,38.48,0.0,,,0.31767,0.93675,0.00424,0.1024,-0.01746,0.09828,spy_options_2015.parquet,1792186
SPY,2015-04-10,2015-04-10T16:00:00-04:00,210.0,2015-06-19,70.0,0.1917808219178082,172.0,put,0.26,0.29,0.26,311,,0.2421,-0.0301,0.00307,0.06278,-0.0113,-0.01256,spy_options_2015.parquet,1792186
SPY,2015-04-10,2015-04-10T16:00:00-04:00,210.0,2015-06-19,70.0,0.1917808219178082,173.0,call,37.19,37.49,0.0,,,0.3108,0.93511,0.0045,0.10387,-0.01751,0.10226,spy_options_2015.parquet,1792187
SPY,2015-04-10,2015-04-10T16:00:00-04:00,210.0,2015-06-19,70.0,0.1917808219178082,173.0,put,0.29,0.3,0.43,0,,0.23923,-0.03215,0.00324,0.06716,-0.01147,-0.01371,spy_options_2015.parquet,1792187
SPY,2015-04-10,2015-04-10T16:00:00-04:00,210.0,2015-06-19,70.0,0.1917808219178082,174.0,call,36.22,36.5,35.92,12,,0.30558,0.93326,0.00482,0.10755,-0.01744,0.10714,spy_options_2015.parquet,1792188
SPY,2015-04-10,2015-04-10T16:00:00-04:00,210.0,2015-06-19,70.0,0.1917808219178082,174.0,put,0.3,0.32,0.32,300,,0.23574,-0.03499,0.00348,0.07057,-0.01175,-0.01483,spy_options_2015.parquet,1792188
SPY,2015-04-10,2015-04-10T16:00:00-04:00,210.0,2015-06-19,70.0,0.1917808219178082,175.0,call,35.25,35.47,0.0,,,0.29728,0.934,0.00508,0.10782,-0.01698,0.10869,spy_options_2015.parquet,1792189
SPY,2015-04-10,2015-04-10T16:00:00-04:00,210.0,2015-06-19,70.0,0.1917808219178082,175.0,put,0.31,0.34,0.33,,,0.23161,-0.03736,0.00377,0.07534,-0.01283,-0.01566,spy_options_2015.parquet,1792189
SPY,2015-04-10,2015-04-10T16:00:00-04:00,210.0,2015-06-19,70.0,0.1917808219178082,176.0,call,34.27,34.49,0.0,,,0.29127,0.93159,0.00545,0.11052,-0.01716,0.11392,spy_options_2015.parquet,1792190
SPY,2015-04-10,2015-04-10T16:00:00-04:00,210.0,2015-06-19,70.0,0.1917808219178082,176.0,put,0.34,0.37,0.37,306,,0.22856,-0.03972,0.00406,0.07929,-0.01279,-0.01642,spy_options_2015.parquet,1792190
SPY,2015-04-10,2015-04-10T16:00:00-04:00,210.0,2015-06-19,70.0,0.1917808219178082,177.0,call,33.29,33.51,32.81,2,,0.28537,0.92991,0.00575,0.11379,-0.01737,0.1184,spy_options_2015.parquet,1792191
SPY,2015-04-10,2015-04-10T16:00:00-04:00,210.0,2015-06-19,70.0,0.1917808219178082,177.0,put,0.37,0.39,0.4,227,,0.22597,-0.04319,0.00434,0.08473,-0.0143,-0.01777,spy_options_2015.parquet,1792191
SPY,2015-04-10,2015-04-10T16:00:00-04:00,210.0,2015-06-19,70.0,0.1917808219178082,178.0,call,32.32,32.52,0.0,,,0.28045,0.92721,0.00616,0.11811,-0.01748,0.12354,spy_options_2015.parquet,1792192
SPY,2015-04-10,2015-04-10T16:00:00-04:00,210.0,2015-06-19,70.0,0.1917808219178082,178.0,put,0.41,0.42,0.4,104,,0.22346,-0.0459,0.00467,0.0894,-0.01508,-0.01996,spy_options_2015.parquet,1792192
SPY,2015-04-10,2015-04-10T16:00:00-04:00,210.0,2015-06-19,70.0,0.1917808219178082,179.0,call,31.34,31.55,0.0,,,0.27515,0.92358,0.00659,0.12292,-0.0181,0.13006,spy_options_2015.parquet,1792193
SPY,2015-04-10,2015-04-10T16:00:00-04:00,210.0,2015-06-19,70.0,0.1917808219178082,179.0,put,0.43,0.45,0.45,1,,0.2197,-0.04947,0.00506,0.095,-0.01572,-0.02142,spy_options_2015.parquet,1792193
SPY,2015-04-10,2015-04-10T16:00:00-04:00,210.0,2015-06-19,70.0,0.1917808219178082,180.0,call,30.36,30.59,30.5,4,,0.26941,0.92142,0.00697,0.12753,-0.01841,0.13462,spy_options_2015.parquet,1792194
SPY,2015-04-10,2015-04-10T16:00:00-04:00,210.0,2015-06-19,70.0,0.1917808219178082,180.0,put,0.47,0.48,0.46,,,0.21692,-0.05386,0.00544,0.10079,-0.01637,-0.02299,spy_options_2015.parquet,1792194
SPY,2015-04-10,2015-04-10T16:00:00-04:00,210.0,2015-06-19,70.0,0.1917808219178082,181.0,call,29.41,29.62,28.48,0,,0.26564,0.91624,0.00738,0.13304,-0.01837,0.14085,spy_options_2015.parquet,1792195
SPY,2015-04-10,2015-04-10T16:00:00-04:00,210.0,2015-06-19,70.0,0.1917808219178082,181.0,put,0.51,0.53,0.51,,,0.21441,-0.05871,0.00584,0.1081,-0.01726,-0.02448,spy_options_2015.parquet,1792195
SPY,2015-04-10,2015-04-10T16:00:00-04:00,210.0,2015-06-19,70.0,0.1917808219178082,182.0,call,28.44,28.64,0.0,,,0.25996,0.91304,0.00791,0.13807,-0.01869,0.1455,spy_options_2015.parquet,1792196
SPY,2015-04-10,2015-04-10T16:00:00-04:00,210.0,2015-06-19,70.0,0.1917808219178082,182.0,put,0.55,0.56,0.54,47,,0.21091,-0.06293,0.00627,0.11398,-0.0178,-0.02673,spy_options_2015.parquet,1792196
SPY,2015-04-10,2015-04-10T16:00:00-04:00,210.0,2015-06-19,70.0,0.1917808219178082,183.0,call,27.47,27.68,0.0,,,0.25391,0.90942,0.0084,0.14315,-0.01978,0.15101,spy_options_2015.parquet,1792197
SPY,2015-04-10,2015-04-10T16:00:00-04:00,210.0,2015-06-19,70.0,0.1917808219178082,183.0,put,0.57,0.62,0.6,996,,0.20799,-0.06739,0.00675,0.12085,-0.01877,-0.02862,spy_options_2015.parquet,1792197
SPY,2015-04-10,2015-04-10T16:00:00-04:00,210.0,2015-06-19,70.0,0.1917808219178082,184.0,call,26.51,26.72,0.0,,,0.24993,0.90458,0.0089,0.15045,-0.02012,0.15634,spy_options_2015.parquet,1792198
SPY,2015-04-10,2015-04-10T16:00:00-04:00,210.0,2015-06-19,70.0,0.1917808219178082,184.0,put,0.62,0.65,0.64,6,,0.20492,-0.07256,0.00723,0.12745,-0.01988,-0.03096,spy_options_2015.parquet,1792198
SPY,2015-04-10,2015-04-10T16:00:00-04:00,210.0,2015-06-19,70.0,0.1917808219178082,185.0,call,25.55,25.75,0.0,,,0.24525,0.89919,0.00939,0.15671,-0.02065,0.16116,spy_options_2015.parquet,1792199
SPY,2015-04-10,2015-04-10T16:00:00-04:00,210.0,2015-06-19,70.0,0.1917808219178082,185.0,put,0.68,0.71,0.69,,,0.20206,-0.07902,0.00784,0.13598,-0.02087,-0.0333,spy_options_2015.parquet,1792199
SPY,2015-04-10,2015-04-10T16:00:00-04:00,210.0,2015-06-19,70.0,0.1917808219178082,186.0,call,24.59,24.82,0.0,,,0.24082,0.89275,0.01004,0.16377,-0.02125,0.16645,spy_options_2015.parquet,1792200
SPY,2015-04-10,2015-04-10T16:00:00-04:00,210.0,2015-06-19,70.0,0.1917808219178082,186.0,put,0.73,0.76,0.73,,,0.19886,-0.08484,0.00844,0.14425,-0.02119,-0.03646,spy_options_2015.parquet,1792200
SPY,2015-04-10,2015-04-10T16:00:00-04:00,210.0,2015-06-19,70.0,0.1917808219178082,187.0,call,23.66,23.87,0.0,,,0.23642,0.88585,0.01067,0.17161,-0.02137,0.17231,spy_options_2015.parquet,1792201
SPY,2015-04-10,2015-04-10T16:00:00-04:00,210.0,2015-06-19,70.0,0.1917808219178082,187.0,put,0.79,0.82,0.82,40,,0.1959,-0.09153,0.00904,0.15209,-0.02232,-0.039,spy_options_2015.parquet,1792201
SPY,2015-04-10,2015-04-10T16:00:00-04:00,210.0,2015-06-19,70.0,0.1917808219178082,188.0,call,22.73,22.93,0.0,,,0.23238,0.87862,0.01128,0.18026,-0.02187,0.17775,spy_options_2015.parquet,1792202
SPY,2015-04-10,2015-04-10T16:00:00-04:00,210.0,2015-06-19,70.0,0.1917808219178082,188.0,put,0.85,0.89,0.88,75,,0.19336,-0.09867,0.00977,0.16137,-0.02316,-0.04165,spy_options_2015.parquet,1792202
SPY,2015-04-10,2015-04-10T16:00:00-04:00,210.0,2015-06-19,70.0,0.1917808219178082,189.0,call,21.76,21.98,0.0,,,0.22661,0.87254,0.01195,0.18724,-0.02219,0.18143,spy_options_2015.parquet,1792203
SPY,2015-04-10,2015-04-10T16:00:00-04:00,210.0,2015-06-19,70.0,0.1917808219178082,189.0,put,0.92,0.95,0.95,,,0.19037,-0.10649,0.01042,0.16998,-0.02398,-0.045,spy_options_2015.parquet,1792203
SPY,2015-04-10,2015-04-10T16:00:00-04:00,210.0,2015-06-19,70.0,0.1917808219178082,190.0,call,20.86,21.06,20.89,21,,0.22338,0.86285,0.01259,0.19802,-0.02383,0.18691,spy_options_2015.parquet,1792204
SPY,2015-04-10,2015-04-10T16:00:00-04:00,210.0,2015-06-19,70.0,0.1917808219178082,190.0,put,1.0,1.02,1.01,,,0.18724,-0.11514,0.0112,0.18012,-0.02581,-0.04894,spy_options_2015.parquet,1792204
SPY,2015-04-10,2015-04-10T16:00:00-04:00,210.0,2015-06-19,70.0,0.1917808219178082,191.0,call,19.92,20.13,0.0,,,0.21841,0.8543,0.01337,0.20657,-0.0242,0.19111,spy_options_2015.parquet,1792205
SPY,2015-04-10,2015-04-10T16:00:00-04:00,210.0,2015-06-19,70.0,0.1917808219178082,191.0,put,1.08,1.12,1.09,221,,0.18375,-0.12406,0.01209,0.18977,-0.02663,-0.05254,spy_options_2015.parquet,1792205
SPY,2015-04-10,2015-04-10T16:00:00-04:00,210.0,2015-06-19,70.0,0.1917808219178082,192.0,call,19.0,19.21,0.0,,,0.21391,0.845,0.01412,0.21527,-0.02455,0.19429,spy_options_2015.parquet,1792206
SPY,2015-04-10,2015-04-10T16:00:00-04:00,210.0,2015-06-19,70.0,0.1917808219178082,192.0,put,1.17,1.19,1.18,109,,0.18036,-0.13471,0.01294,0.2,-0.02708,-0.057,spy_options_2015.parquet,1792206
SPY,2015-04-10,2015-04-10T16:00:00-04:00,210.0,2015-06-19,70.0,0.1917808219178082,193.0,call,18.09,18.29,16.7,0,,0.20963,0.83476,0.01493,0.225,-0.02509,0.1978,spy_options_2015.parquet,1792207
SPY,2015-04-10,2015-04-10T16:00:00-04:00,210.0,2015-06-19,70.0,0.1917808219178082,193.0,put,1.27,1.29,1.28,169,,0.17807,-0.14517,0.01388,0.21087,-0.02894,-0.06136,spy_options_2015.parquet,1792207
SPY,2015-04-10,2015-04-10T16:00:00-04:00,210.0,2015-06-19,70.0,0.1917808219178082,194.0,call,17.18,17.38,15.64,0,,0.20587,0.82349,0.01583,0.23459,-0.02618,0.20185,spy_options_2015.parquet,1792208
SPY,2015-04-10,2015-04-10T16:00:00-04:00,210.0,2015-06-19,70.0,0.1917808219178082,194.0,put,1.37,1.4,1.39,213,,0.17488,-0.15713,0.01483,0.22266,-0.02935,-0.06725,spy_options_2015.parquet,1792208
SPY,2015-04-10,2015-04-10T16:00:00-04:00,210.0,2015-06-19,70.0,0.1917808219178082,195.0,call,16.28,16.49,16.16,1,,0.2016,0.81116,0.01669,0.24502,-0.02623,0.20449,spy_options_2015.parquet,1792209
SPY,2015-04-10,2015-04-10T16:00:00-04:00,210.0,2015-06-19,70.0,0.1917808219178082,195.0,put,1.48,1.51,1.52,,,0.17128,-0.1697,0.0159,0.23331,-0.03063,-0.07184,spy_options_2015.parquet,1792209
SPY,2015-04-10,2015-04-10T16:00:00-04:00,210.0,2015-06-19,70.0,0.1917808219178082,196.0,call,15.38,15.61,14.18,0,,0.19717,0.79858,0.01763,0.25546,-0.02722,0.20697,spy_options_2015.parquet,1792210
SPY,2015-04-10,2015-04-10T16:00:00-04:00,210.0,2015-06-19,70.0,0.1917808219178082,196.0,put,1.61,1.64,1.65,,,0.1682,-0.184,0.01703,0.24566,-0.03223,-0.07789,spy_options_2015.parquet,1792210
SPY,2015-04-10,2015-04-10T16:00:00-04:00,210.0,2015-06-19,70.0,0.1917808219178082,197.0,call,14.52,14.72,14.63,10,,0.19258,0.7846,0.01851,0.26673,-0.02775,0.20866,spy_options_2015.parquet,1792211
SPY,2015-04-10,2015-04-10T16:00:00-04:00,210.0,2015-06-19,70.0,0.1917808219178082,197.0,put,1.73,1.77,1.77,,,0.16546,-0.19831,0.01816,0.25734,-0.0325,-0.08384,spy_options_2015.parquet,1792211
SPY,2015-04-10,2015-04-10T16:00:00-04:00,210.0,2015-06-19,70.0,0.1917808219178082,198.0,call,13.64,13.85,13.71,5,,0.18874,0.76889,0.01955,0.27716,-0.02873,0.20992,spy_options_2015.parquet,1792212
SPY,2015-04-10,2015-04-10T16:00:00-04:00,210.0,2015-06-19,70.0,0.1917808219178082,198.0,put,1.87,1.91,1.91,,,0.16235,-0.21405,0.01937,0.26935,-0.0343,-0.09142,spy_options_2015.parquet,1792212
SPY,2015-04-10,2015-04-10T16:00:00-04:00,210.0,2015-06-19,70.0,0.1917808219178082,199.0,call,12.78,13.0,12.94,37,,0.1847,0.75362,0.02056,0.28762,-0.0296,0.21082,spy_options_2015.parquet,1792213
SPY,2015-04-10,2015-04-10T16:00:00-04:00,210.0,2015-06-19,70.0,0.1917808219178082,199.0,put,2.05,2.08,2.06,515,,0.15883,-0.2315,0.02062,0.28126,-0.03518,-0.09817,spy_options_2015.parquet,1792213
SPY,2015-04-10,2015-04-10T16:00:00-04:00,210.0,2015-06-19,70.0,0.1917808219178082,200.0,call,11.96,12.1,12.01,508,,0.18016,0.73685,0.02167,0.29737,-0.02989,0.21073,spy_options_2015.parquet,1792214
SPY,2015-04-10,2015-04-10T16:00:00-04:00,210.0,2015-06-19,70.0,0.1917808219178082,200.0,put,2.21,2.24,2.25,,,0.1559,-0.24998,0.022,0.29352,-0.03598,-0.10595,spy_options_2015.parquet,1792214
SPY,2015-04-10,2015-04-10T16:00:00-04:00,210.0,2015-06-19,70.0,0.1917808219178082,201.0,call,11.12,11.28,11.22,12,,0.17553,0.7184,0.02276,0.30793,-0.03015,0.21064,spy_options_2015.parquet,1792215
SPY,2015-04-10,2015-04-10T16:00:00-04:00,210.0,2015-06-19,70.0,0.1917808219178082,201.0,put,2.4,2.42,2.42,323,,0.15245,-0.26904,0.02332,0.30517,-0.03667,-0.11504,spy_options_2015.parquet,1792215
SPY,2015-04-10,2015-04-10T16:00:00-04:00,210.0,2015-06-19,70.0,0.1917808219178082,202.0,call,10.31,10.46,10.4,17,,0.17071,0.69807,0.02389,0.31816,-0.03035,0.20984,spy_options_2015.parquet,1792216
SPY,2015-04-10,2015-04-10T16:00:00-04:00,210.0,2015-06-19,70.0,0.1917808219178082,202.0,put,2.6,2.62,2.63,,,0.14882,-0.29035,0.02476,0.3163,-0.03743,-0.12363,spy_options_2015.parquet,1792216
SPY,2015-04-10,2015-04-10T16:00:00-04:00,210.0,2015-06-19,70.0,0.1917808219178082,203.0,call,9.47,9.66,9.45,2,,0.16627,0.67744,0.02509,0.32834,-0.0307,0.20758,spy_options_2015.parquet,1792217
SPY,2015-04-10,2015-04-10T16:00:00-04:00,210.0,2015-06-19,70.0,0.1917808219178082,203.0,put,2.81,2.84,2.83,539,,0.14573,-0.31288,0.02619,0.32705,-0.03797,-0.13334,spy_options_2015.parquet,1792217
SPY,2015-04-10,2015-04-10T16:00:00-04:00,210.0,2015-06-19,70.0,0.1917808219178082,204.0,call,8.71,8.86,8.74,25,,0.16202,0.65453,0.02625,0.33673,-0.03132,0.20456,spy_options_2015.parquet,1792218
SPY,2015-04-10,2015-04-10T16:00:00-04:00,210.0,2015-06-19,70.0,0.1917808219178082,204.0,put,3.04,3.08,3.09,,,0.14207,-0.33818,0.02762,0.33759,-0.03861,-0.14403,spy_options_2015.parquet,1792218
SPY,2015-04-10,2015-04-10T16:00:00-04:00,210.0,2015-06-19,70.0,0.1917808219178082,205.0,call,7.98,8.08,8.0,,,0.15867,0.6306,0.02736,0.34572,-0.03143,0.20124,spy_options_2015.parquet,1792219
SPY,2015-04-10,2015-04-10T16:00:00-04:00,210.0,2015-06-19,70.0,0.1917808219178082,205.0,put,3.31,3.33,3.33,,,0.1384,-0.36428,0.0291,0.34689,-0.03941,-0.1555,spy_options_2015.parquet,1792219
SPY,2015-04-10,2015-04-10T16:00:00-04:00,210.0,2015-06-19,70.0,0.1917808219178082,206.0,call,7.25,7.31,7.27,341,,0.15352,0.60467,0.0286,0.35311,-0.03139,0.19608,spy_options_2015.parquet,1792220
SPY,2015-04-10,2015-04-10T16:00:00-04:00,210.0,2015-06-19,70.0,0.1917808219178082,206.0,put,3.58,3.61,3.62,,,0.13525,-0.3925,0.03059,0.35433,-0.03974,-0.16675,spy_options_2015.parquet,1792220
SPY,2015-04-10,2015-04-10T16:00:00-04:00,210.0,2015-06-19,70.0,0.1917808219178082,207.0,call,6.54,6.6,6.55,208,,0.14991,0.5773,0.02969,0.35867,-0.03093,0.19098,spy_options_2015.parquet,1792221
SPY,2015-04-10,2015-04-10T16:00:00-04:00,210.0,2015-06-19,70.0,0.1917808219178082,207.0,put,3.86,3.91,3.9,,,0.13087,-0.42163,0.03206,0.3607,-0.03988,-0.17932,spy_options_2015.parquet,1792221
SPY,2015-04-10,2015-04-10T16:00:00-04:00,210.0,2015-06-19,70.0,0.1917808219178082,208.0,call,5.83,5.87,5.84,,,0.14443,0.54822,0.03086,0.36299,-0.0304,0.1843,spy_options_2015.parquet,1792222
SPY,2015-04-10,2015-04-10T16:00:00-04:00,210.0,2015-06-19,70.0,0.1917808219178082,208.0,put,4.19,4.23,4.26,,,0.12757,-0.45382,0.03339,0.36581,-0.0396,-0.1941,spy_options_2015.parquet,1792222
SPY,2015-04-10,2015-04-10T16:00:00-04:00,210.0,2015-06-19,70.0,0.1917808219178082,209.0,call,5.16,5.2,5.14,841,,0.14008,0.5166,0.03196,0.36532,-0.03005,0.17722,spy_options_2015.parquet,1792223
SPY,2015-04-10,2015-04-10T16:00:00-04:00,210.0,2015-06-19,70.0,0.1917808219178082,209.0,put,4.55,4.6,4.57,,,0.12368,-0.48836,0.03459,0.36756,-0.03954,-0.20842,spy_options_2015.parquet,1792223
SPY,2015-04-10,2015-04-10T16:00:00-04:00,210.0,2015-06-19,70.0,0.1917808219178082,210.0,call,4.51,4.56,4.52,,,0.13552,0.48394,0.03281,0.36634,-0.0293,0.1686,spy_options_2015.parquet,1792224
SPY,2015-04-10,2015-04-10T16:00:00-04:00,210.0,2015-06-19,70.0,0.1917808219178082,210.0,put,4.95,4.97,4.97,,,0.11941,-0.52456,0.03565,0.36707,-0.03855,-0.22412,spy_options_2015.parquet,1792224
SPY,2015-04-10,2015-04-10T16:00:00-04:00,210.0,2015-06-19,70.0,0.1917808219178082,211.0,call,3.89,3.93,3.85,774,,0.13122,0.4489,0.03362,0.36375,-0.02818,0.15797,spy_options_2015.parquet,1792225
SPY,2015-04-10,2015-04-10T16:00:00-04:00,210.0,2015-06-19,70.0,0.1917808219178082,211.0,put,5.35,5.43,5.39,,,0.1165,-0.56225,0.03638,0.36235,-0.03863,-0.23984,spy_options_2015.parquet,1792225
SPY,2015-04-10,2015-04-10T16:00:00-04:00,210.0,2015-06-19,70.0,0.1917808219178082,212.0,call,3.31,3.36,3.29,,,0.12646,0.41114,0.03409,0.35766,-0.02605,0.14803,spy_options_2015.parquet,1792226
SPY,2015-04-10,2015-04-10T16:00:00-04:00,210.0,2015-06-19,70.0,0.1917808219178082,212.0,put,5.79,5.93,6.04,33,,0.11244,-0.60218,0.03677,0.3548,-0.03694,-0.25695,spy_options_2015.parquet,1792226
SPY,2015-04-10,2015-04-10T16:00:00-04:00,210.0,2015-06-19,70.0,0.1917808219178082,213.0,call,2.78,2.82,2.81,712,,0.12183,0.37324,0.03428,0.34845,-0.02455,0.13524,spy_options_2015.parquet,1792227
SPY,2015-04-10,2015-04-10T16:00:00-04:00,210.0,2015-06-19,70.0,0.1917808219178082,213.0,put,6.27,6.41,6.45,2,,0.1077,-0.64438,0.03698,0.34154,-0.03613,-0.27551,spy_options_2015.parquet,1792227
SPY,2015-04-10,2015-04-10T16:00:00-04:00,210.0,2015-06-19,70.0,0.1917808219178082,214.0,call,2.3,2.33,2.3,,,0.11785,0.33388,0.03405,0.33564,-0.0234,0.123,spy_options_2015.parquet,1792228
SPY,2015-04-10,2015-04-10T16:00:00-04:00,210.0,2015-06-19,70.0,0.1917808219178082,214.0,put,6.84,6.97,6.9,,,0.1041,-0.68673,0.03642,0.32468,-0.03457,-0.29392,spy_options_2015.parquet,1792228
SPY,2015-04-10,2015-04-10T16:00:00-04:00,210.0,2015-06-19,70.0,0.1917808219178082,215.0,call,1.86,1.89,1.85,,,0.1132,0.29331,0.03342,0.31791,-0.02162,0.10914,spy_options_2015.parquet,1792229
SPY,2015-04-10,2015-04-10T16:00:00-04:00,210.0,2015-06-19,70.0,0.1917808219178082,215.0,put,7.44,7.6,7.5,29,,0.10031,-0.72888,0.03509,0.30305,-0.03198,-0.31177,spy_options_2015.parquet,1792229
SPY,2015-04-10,2015-04-10T16:00:00-04:00,210.0,2015-06-19,70.0,0.1917808219178082,216.0,call,1.47,1.49,1.47,,,0.10881,0.25296,0.03217,0.29541,-0.01876,0.09575,spy_options_2015.parquet,1792230
SPY,2015-04-10,2015-04-10T16:00:00-04:00,210.0,2015-06-19,70.0,0.1917808219178082,216.0,put,8.08,8.23,9.18,0,,0.09644,-0.77264,0.03337,0.27481,-0.02983,-0.33143,spy_options_2015.parquet,1792230
SPY,2015-04-10,2015-04-10T16:00:00-04:00,210.0,2015-06-19,70.0,0.1917808219178082,217.0,call,1.14,1.15,1.11,293,,0.10493,0.2138,0.0303,0.26969,-0.01669,0.08174,spy_options_2015.parquet,1792231
SPY,2015-04-10,2015-04-10T16:00:00-04:00,210.0,2015-06-19,70.0,0.1917808219178082,217.0,put,8.78,8.95,8.9,23,,0.09184,-0.81449,0.03076,0.24293,-0.02832,-0.34974,spy_options_2015.parquet,1792231
SPY,2015-04-10,2015-04-10T16:00:00-04:00,210.0,2015-06-19,70.0,0.1917808219178082,218.0,call,0.87,0.89,0.87,,,0.1014,0.17723,0.02794,0.24099,-0.01484,0.06825,spy_options_2015.parquet,1792232
SPY,2015-04-10,2015-04-10T16:00:00-04:00,210.0,2015-06-19,70.0,0.1917808219178082,218.0,put,9.54,9.7,9.69,35,,0.08802,-0.8551,0.02736,0.20619,-0.02572,-0.36791,spy_options_2015.parquet,1792232
SPY,2015-04-10,2015-04-10T16:00:00-04:00,210.0,2015-06-19,70.0,0.1917808219178082,219.0,call,0.63,0.66,0.64,,,0.09805,0.14222,0.02503,0.20971,-0.01244,0.05519,spy_options_2015.parquet,1792233
SPY,2015-04-10,2015-04-10T16:00:00-04:00,210.0,2015-06-19,70.0,0.1917808219178082,219.0,put,10.32,10.52,0.0,,,0.08292,-0.89127,0.0233,0.16658,-0.02271,-0.3839,spy_options_2015.parquet,1792233
SPY,2015-04-10,2015-04-10T16:00:00-04:00,210.0,2015-06-19,70.0,0.1917808219178082,220.0,call,0.48,0.48,0.47,,,0.09464,0.11332,0.0219,0.17893,-0.01001,0.0447,spy_options_2015.parquet,1792234
SPY,2015-04-10,2015-04-10T16:00:00-04:00,210.0,2015-06-19,70.0,0.1917808219178082,220.0,put,11.17,11.38,11.38,75,,0.07897,-0.92369,0.01861,0.12671,-0.02112,-0.3985,spy_options_2015.parquet,1792234
SPY,2015-04-10,2015-04-10T16:00:00-04:00,210.0,2015-06-19,70.0,0.1917808219178082,221.0,call,0.35,0.36,0.34,200,,0.09275,0.08901,0.01882,0.1502,-0.00828,0.03539,spy_options_2015.parquet,1792235
SPY,2015-04-10,2015-04-10T16:00:00-04:00,210.0,2015-06-19,70.0,0.1917808219178082,221.0,put,12.07,12.26,0.0,,,0.07354,-0.95167,0.01351,0.0848,-0.01901,-0.41169,spy_options_2015.parquet,1792235
SPY,2015-04-10,2015-04-10T16:00:00-04:00,210.0,2015-06-19,70.0,0.1917808219178082,222.0,call,0.25,0.27,0.25,,,0.09218,0.06995,0.01584,0.12607,-0.00699,0.02757,spy_options_2015.parquet,1792236
SPY,2015-04-10,2015-04-10T16:00:00-04:00,210.0,2015-06-19,70.0,0.1917808219178082,222.0,put,12.97,13.18,13.32,1,,0.06428,-0.97846,0.00692,0.03823,-0.01665,-0.42486,spy_options_2015.parquet,1792236
SPY,2015-04-10,2015-04-10T16:00:00-04:00,210.0,2015-06-19,70.0,0.1917808219178082,223.0,call,0.19,0.19,0.19,16,,0.09103,0.05457,0.01311,0.10367,-0.00602,0.02192,spy_options_2015.parquet,1792237
SPY,2015-04-10,2015-04-10T16:00:00-04:00,210.0,2015-06-19,70.0,0.1917808219178082,223.0,put,13.91,14.13,0.0,,,0.00066,-1.0,0.0,-139.89958,0.0,0.0,spy_options_2015.parquet,1792237
SPY,2015-04-10,2015-04-10T16:00:00-04:00,210.0,2015-06-19,70.0,0.1917808219178082,224.0,call,0.14,0.16,0.14,262,,0.09118,0.0432,0.01085,0.08619,-0.00511,0.01676,spy_options_2015.parquet,1792238
SPY,2015-04-10,2015-04-10T16:00:00-04:00,210.0,2015-06-19,70.0,0.1917808219178082,224.0,put,14.86,15.1,0.0,,,-0.00014,-1.0,0.0,-149.89953,0.0,0.0,spy_options_2015.parquet,1792238
SPY,2015-04-10,2015-04-10T16:00:00-04:00,210.0,2015-06-19,70.0,0.1917808219178082,225.0,call,0.1,0.12,0.11,,,0.0914,0.03462,0.00911,0.07264,-0.0038,0.01363,spy_options_2015.parquet,1792239
SPY,2015-04-10,2015-04-10T16:00:00-04:00,210.0,2015-06-19,70.0,0.1917808219178082,225.0,put,15.86,16.07,16.05,9,,0.00045,-1.0,0.0,-159.90011,0.0,0.0,spy_options_2015.parquet,1792239
SPY,2015-04-10,2015-04-10T16:00:00-04:00,210.0,2015-06-19,70.0,0.1917808219178082,230.0,call,0.03,0.06,0.05,,,0.09943,0.01511,0.00418,0.03623,-0.00231,0.00575,spy_options_2015.parquet,1792240
SPY,2015-04-10,2015-04-10T16:00:00-04:00,210.0,2015-06-19,70.0,0.1917808219178082,230.0,put,20.73,21.07,21.1,2,,0.00015,-1.0,0.0,-209.90018,0.0,0.0,spy_options_2015.parquet,1792240
SPY,2015-04-10,2015-04-10T16:00:00-04:00,210.0,2015-06-19,70.0,0.1917808219178082,235.0,call,0.01,0.04,0.02,,,0.11099,0.00875,0.00229,0.02228,-0.00185,0.00351,spy_options_2015.parquet,1792241
SPY,2015-04-10,2015-04-10T16:00:00-04:00,210.0,2015-06-19,70.0,0.1917808219178082,235.0,put,25.72,26.07,0.0,,,0.00061,-1.0,0.0,-259.89972,0.0,0.0,spy_options_2015.parquet,1792241
SPY,2015-04-10,2015-04-10T16:00:00-04:00,210.0,2015-06-19,70.0,0.1917808219178082,240.0,call,0.02,0.04,0.02,,,0.1261,0.00712,0.00163,0.01801,-0.00097,0.00322,spy_options_2015.parquet,1792242
SPY,2015-04-10,2015-04-10T16:00:00-04:00,210.0,2015-06-19,70.0,0.1917808219178082,240.0,put,30.69,31.04,0.0,,,9e-05,-1.0,0.0,-309.89968,0.0,0.0,spy_options_2015.parquet,1792242
SPY,2015-04-10,2015-04-10T16:00:00-04:00,210.0,2015-06-19,70.0,0.1917808219178082,245.0,call,0.01,0.02,0.01,1,,0.13466,0.0043,0.00094,0.01081,-0.00048,0.0018,spy_options_2015.parquet,1792243
SPY,2015-04-10,2015-04-10T16:00:00-04:00,210.0,2015-06-19,70.0,0.1917808219178082,245.0,put,35.69,36.03,0.0,,,-4e-05,-1.0,0.0,-359.90023,0.0,0.0,spy_options_2015.parquet,1792243
SPY,2015-04-10,2015-04-10T16:00:00-04:00,210.0,2015-06-19,70.0,0.1917808219178082,250.0,call,0.0,0.03,0.0,,,0.14448,0.00289,0.00062,0.0074,-0.00065,0.00101,spy_options_2015.parquet,1792244
SPY,2015-04-10,2015-04-10T16:00:00-04:00,210.0,2015-06-19,70.0,0.1917808219178082,250.0,put,40.68,41.01,0.0,,,0.00058,-1.0,0.0,-409.90001,0.0,0.0,spy_options_2015.parquet,1792244
SPY,2015-04-10,2015-04-10T16:00:00-04:00,210.0,2015-06-19,70.0,0.1917808219178082,255.0,call,0.0,0.01,0.0,,,0.14818,0.00085,0.00036,0.004,-0.00027,0.00042,spy_options_2015.parquet,1792245
SPY,2015-04-10,2015-04-10T16:00:00-04:00,210.0,2015-06-19,70.0,0.1917808219178082,255.0,put,45.67,46.02,45.97,144,,-0.00028,-1.0,0.0,-459.90022,0.0,0.0,spy_options_2015.parquet,1792245
SPY,2015-04-10,2015-04-10T16:00:00-04:00,210.0,2015-06-30,81.0,0.2219178082191781,145.0,call,64.99,65.28,0.0,,,0.50081,0.92451,0.00065,0.10527,-0.03028,0.045,spy_options_2015.parquet,1792260
SPY,2015-04-10,2015-04-10T16:00:00-04:00,210.0,2015-06-30,81.0,0.2219178082191781,145.0,put,0.06,0.08,0.0,,,0.32183,-0.00653,0.00055,0.01809,-0.00307,-0.00338,spy_options_2015.parquet,1792260
SPY,2015-04-10,2015-04-10T16:00:00-04:00,210.0,2015-06-30,81.0,0.2219178082191781,150.0,call,60.0,60.3,0.0,,,0.45296,0.92776,0.00091,0.10422,-0.02671,0.05091,spy_options_2015.parquet,1792261
SPY,2015-04-10,2015-04-10T16:00:00-04:00,210.0,2015-06-30,81.0,0.2219178082191781,150.0,put,0.09,0.1,0.1,50,,0.30689,-0.00885,0.00079,0.02384,-0.004,-0.00437,spy_options_2015.parquet,1792261
SPY,2015-04-10,2015-04-10T16:00:00-04:00,210.0,2015-06-30,81.0,0.2219178082191781,155.0,call,55.03,55.34,0.0,,,0.40864,0.93161,0.00114,0.1029,-0.0234,0.05889,spy_options_2015.parquet,1792262
SPY,2015-04-10,2015-04-10T16:00:00-04:00,210.0,2015-06-30,81.0,0.2219178082191781,155.0,put,0.11,0.12,0.0,,,0.28982,-0.01189,0.00111,0.03102,-0.00581,-0.00611,spy_options_2015.parquet,1792262
SPY,2015-04-10,2015-04-10T16:00:00-04:00,210.0,2015-06-30,81.0,0.2219178082191781,160.0,call,50.09,50.37,0.0,,,0.3679,0.93416,0.00167,0.10344,-0.02112,0.07127,spy_options_2015.parquet,1792263
SPY,2015-04-10,2015-04-10T16:00:00-04:00,210.0,2015-06-30,81.0,0.2219178082191781,160.0,put,0.16,0.17,0.23,0,,0.27461,-0.01612,0.00148,0.04146,-0.00698,-0.00807,spy_options_2015.parquet,1792263
SPY,2015-04-10,2015-04-10T16:00:00-04:00,210.0,2015-06-30,81.0,0.2219178082191781,165.0,call,45.13,45.43,0.0,,,0.33234,0.93467,0.00225,0.10632,-0.01868,0.08851,spy_options_2015.parquet,1792264
SPY,2015-04-10,2015-04-10T16:00:00-04:00,210.0,2015-06-30,81.0,0.2219178082191781,165.0,put,0.22,0.25,0.29,0,,0.25939,-0.02336,0.00214,0.05441,-0.00895,-0.01131,spy_options_2015.parquet,1792264
SPY,2015-04-10,2015-04-10T16:00:00-04:00,210.0,2015-06-30,81.0,0.2219178082191781,170.0,call,40.2,40.5,0.0,,,0.29956,0.93372,0.00316,0.11275,-0.0172,0.11194,spy_options_2015.parquet,1792265
SPY,2015-04-10,2015-04-10T16:00:00-04:00,210.0,2015-06-30,81.0,0.2219178082191781,170.0,put,0.3,0.33,0.34,330,,0.24546,-0.03175,0.00291,0.07201,-0.01046,-0.01587,spy_options_2015.parquet,1792265
SPY,2015-04-10,2015-04-10T16:00:00-04:00,210.0,2015-06-30,81.0,0.2219178082191781,175.0,call,35.3,35.56,0.0,,,0.27048,0.92959,0.00436,0.12285,-0.01738,0.13781,spy_options_2015.parquet,1792266
SPY,2015-04-10,2015-04-10T16:00:00-04:00,210.0,2015-06-30,81.0,0.2219178082191781,175.0,put,0.43,0.46,0.47,200,,0.23157,-0.04549,0.00415,0.09471,-0.01364,-0.02208,spy_options_2015.parquet,1792266
SPY,2015-04-10,2015-04-10T16:00:00-04:00,210.0,2015-06-30,81.0,0.2219178082191781,176.0,call,34.35,34.57,0.0,,,0.26555,0.9276,0.00467,0.12578,-0.01716,0.14491,spy_options_2015.parquet,1792267
SPY,2015-04-10,2015-04-10T16:00:00-04:00,210.0,2015-06-30,81.0,0.2219178082191781,176.0,put,0.47,0.5,0.0,,,0.22818,-0.04842,0.00438,0.10043,-0.01398,-0.02437,spy_options_2015.parquet,1792267
SPY,2015-04-10,2015-04-10T16:00:00-04:00,210.0,2015-06-30,81.0,0.2219178082191781,177.0,call,33.35,33.61,0.0,,,0.26034,0.92531,0.00498,0.12947,-0.01698,0.15081,spy_options_2015.parquet,1792268
SPY,2015-04-10,2015-04-10T16:00:00-04:00,210.0,2015-06-30,81.0,0.2219178082191781,177.0,put,0.5,0.54,0.0,,,0.22639,-0.05267,0.00477,0.10651,-0.01523,-0.02612,spy_options_2015.parquet,1792268
SPY,2015-04-10,2015-04-10T16:00:00-04:00,210.0,2015-06-30,81.0,0.2219178082191781,178.0,call,32.39,32.61,0.0,,,0.2553,0.92321,0.00539,0.13335,-0.01688,0.15736,spy_options_2015.parquet,1792269
SPY,2015-04-10,2015-04-10T16:00:00-04:00,210.0,2015-06-30,81.0,0.2219178082191781,178.0,put,0.54,0.56,0.0,,,0.22291,-0.05591,0.00512,0.11238,-0.01585,-0.02784,spy_options_2015.parquet,1792269
SPY,2015-04-10,2015-04-10T16:00:00-04:00,210.0,2015-06-30,81.0,0.2219178082191781,179.0,call,31.44,31.67,0.0,,,0.25138,0.91968,0.00578,0.13951,-0.01761,0.16603,spy_options_2015.parquet,1792270
SPY,2015-04-10,2015-04-10T16:00:00-04:00,210.0,2015-06-30,81.0,0.2219178082191781,179.0,put,0.58,0.61,0.73,0,,0.22087,-0.0606,0.0054,0.11906,-0.01642,-0.02949,spy_options_2015.parquet,1792270
SPY,2015-04-10,2015-04-10T16:00:00-04:00,210.0,2015-06-30,81.0,0.2219178082191781,180.0,call,30.45,30.69,28.83,0,,0.24521,0.91719,0.0062,0.1426,-0.01817,0.17153,spy_options_2015.parquet,1792271
SPY,2015-04-10,2015-04-10T16:00:00-04:00,210.0,2015-06-30,81.0,0.2219178082191781,180.0,put,0.62,0.64,0.64,312,,0.21728,-0.06459,0.00577,0.12554,-0.01749,-0.03195,spy_options_2015.parquet,1792271
SPY,2015-04-10,2015-04-10T16:00:00-04:00,210.0,2015-06-30,81.0,0.2219178082191781,181.0,call,29.51,29.72,0.0,,,0.24216,0.91331,0.00662,0.14914,-0.01799,0.17954,spy_options_2015.parquet,1792272
SPY,2015-04-10,2015-04-10T16:00:00-04:00,210.0,2015-06-30,81.0,0.2219178082191781,181.0,put,0.67,0.69,0.97,0,,0.21509,-0.06942,0.00618,0.13181,-0.01769,-0.03424,spy_options_2015.parquet,1792272
SPY,2015-04-10,2015-04-10T16:00:00-04:00,210.0,2015-06-30,81.0,0.2219178082191781,182.0,call,28.54,28.76,0.0,,,0.23687,0.91023,0.00701,0.15508,-0.01811,0.18563,spy_options_2015.parquet,1792273
SPY,2015-04-10,2015-04-10T16:00:00-04:00,210.0,2015-06-30,81.0,0.2219178082191781,182.0,put,0.7,0.74,0.94,0,,0.21204,-0.07398,0.00665,0.1394,-0.01883,-0.03619,spy_options_2015.parquet,1792273
SPY,2015-04-10,2015-04-10T16:00:00-04:00,210.0,2015-06-30,81.0,0.2219178082191781,183.0,call,27.59,27.82,0.0,,,0.2329,0.90572,0.00757,0.16086,-0.0192,0.19338,spy_options_2015.parquet,1792274
SPY,2015-04-10,2015-04-10T16:00:00-04:00,210.0,2015-06-30,81.0,0.2219178082191781,183.0,put,0.77,0.79,0.0,,,0.20945,-0.07951,0.00714,0.14681,-0.01954,-0.03888,spy_options_2015.parquet,1792274
SPY,2015-04-10,2015-04-10T16:00:00-04:00,210.0,2015-06-30,81.0,0.2219178082191781,184.0,call,26.64,26.84,0.0,,,0.22892,0.90093,0.00806,0.16799,-0.0189,0.19996,spy_options_2015.parquet,1792275
SPY,2015-04-10,2015-04-10T16:00:00-04:00,210.0,2015-06-30,81.0,0.2219178082191781,184.0,put,0.82,0.85,0.86,3,,0.20635,-0.08535,0.00757,0.15522,-0.01977,-0.04162,spy_options_2015.parquet,1792275
SPY,2015-04-10,2015-04-10T16:00:00-04:00,210.0,2015-06-30,81.0,0.2219178082191781,185.0,call,25.66,25.93,0.0,,,0.22506,0.89522,0.00862,0.17458,-0.01944,0.20702,spy_options_2015.parquet,1792276
SPY,2015-04-10,2015-04-10T16:00:00-04:00,210.0,2015-06-30,81.0,0.2219178082191781,185.0,put,0.88,0.91,0.9,2,,0.20323,-0.09133,0.00807,0.16329,-0.02096,-0.04512,spy_options_2015.parquet,1792276
SPY,2015-04-10,2015-04-10T16:00:00-04:00,210.0,2015-06-30,81.0,0.2219178082191781,186.0,call,24.74,24.96,0.0,,,0.22096,0.88932,0.00911,0.18261,-0.02073,0.21318,spy_options_2015.parquet,1792277
SPY,2015-04-10,2015-04-10T16:00:00-04:00,210.0,2015-06-30,81.0,0.2219178082191781,186.0,put,0.96,0.97,0.0,,,0.20084,-0.09787,0.00864,0.17247,-0.0215,-0.04878,spy_options_2015.parquet,1792277
SPY,2015-04-10,2015-04-10T16:00:00-04:00,210.0,2015-06-30,81.0,0.2219178082191781,187.0,call,23.8,24.02,0.0,,,0.21672,0.88327,0.00978,0.19,-0.02059,0.21952,spy_options_2015.parquet,1792278
SPY,2015-04-10,2015-04-10T16:00:00-04:00,210.0,2015-06-30,81.0,0.2219178082191781,187.0,put,1.02,1.05,1.04,13,,0.19757,-0.10463,0.00926,0.18062,-0.02261,-0.05174,spy_options_2015.parquet,1792278
SPY,2015-04-10,2015-04-10T16:00:00-04:00,210.0,2015-06-30,81.0,0.2219178082191781,188.0,call,22.86,23.08,0.0,,,0.21234,0.87685,0.0104,0.19852,-0.02142,0.22583,spy_options_2015.parquet,1792279
SPY,2015-04-10,2015-04-10T16:00:00-04:00,210.0,2015-06-30,81.0,0.2219178082191781,188.0,put,1.09,1.12,1.2,4,,0.19566,-0.11328,0.00984,0.19006,-0.0231,-0.05566,spy_options_2015.parquet,1792279
SPY,2015-04-10,2015-04-10T16:00:00-04:00,210.0,2015-06-30,81.0,0.2219178082191781,189.0,call,21.92,22.17,0.0,,,0.20963,0.86841,0.01107,0.208,-0.02229,0.23141,spy_options_2015.parquet,1792280
SPY,2015-04-10,2015-04-10T16:00:00-04:00,210.0,2015-06-30,81.0,0.2219178082191781,189.0,put,1.17,1.21,1.7,0,,0.19252,-0.1211,0.01051,0.19973,-0.02409,-0.05959,spy_options_2015.parquet,1792280
SPY,2015-04-10,2015-04-10T16:00:00-04:00,210.0,2015-06-30,81.0,0.2219178082191781,190.0,call,21.01,21.22,20.6,3,,0.20523,0.86051,0.01172,0.21626,-0.02227,0.23673,spy_options_2015.parquet,1792281
SPY,2015-04-10,2015-04-10T16:00:00-04:00,210.0,2015-06-30,81.0,0.2219178082191781,190.0,put,1.26,1.28,1.32,206,,0.18936,-0.13018,0.0112,0.21049,-0.02529,-0.06354,spy_options_2015.parquet,1792281
SPY,2015-04-10,2015-04-10T16:00:00-04:00,210.0,2015-06-30,81.0,0.2219178082191781,191.0,call,20.08,20.3,0.0,,,0.20118,0.85196,0.01241,0.22614,-0.02301,0.24132,spy_options_2015.parquet,1792282
SPY,2015-04-10,2015-04-10T16:00:00-04:00,210.0,2015-06-30,81.0,0.2219178082191781,191.0,put,1.36,1.39,1.39,10,,0.18679,-0.13926,0.01192,0.22044,-0.0266,-0.0693,spy_options_2015.parquet,1792282
SPY,2015-04-10,2015-04-10T16:00:00-04:00,210.0,2015-06-30,81.0,0.2219178082191781,192.0,call,19.16,19.41,0.0,,,0.19787,0.8427,0.01321,0.23569,-0.02368,0.24584,spy_options_2015.parquet,1792283
SPY,2015-04-10,2015-04-10T16:00:00-04:00,210.0,2015-06-30,81.0,0.2219178082191781,192.0,put,1.46,1.5,1.61,1,,0.18431,-0.14992,0.0127,0.23127,-0.02715,-0.07376,spy_options_2015.parquet,1792283
SPY,2015-04-10,2015-04-10T16:00:00-04:00,210.0,2015-06-30,81.0,0.2219178082191781,193.0,call,18.26,18.48,0.0,,,0.19402,0.8324,0.01401,0.24584,-0.02423,0.25009,spy_options_2015.parquet,1792284
SPY,2015-04-10,2015-04-10T16:00:00-04:00,210.0,2015-06-30,81.0,0.2219178082191781,193.0,put,1.57,1.61,1.63,119,,0.18163,-0.1607,0.01353,0.24208,-0.02797,-0.07933,spy_options_2015.parquet,1792284
SPY,2015-04-10,2015-04-10T16:00:00-04:00,210.0,2015-06-30,81.0,0.2219178082191781,194.0,call,17.38,17.6,0.0,,,0.19096,0.82147,0.01479,0.25668,-0.02505,0.25436,spy_options_2015.parquet,1792285
SPY,2015-04-10,2015-04-10T16:00:00-04:00,210.0,2015-06-30,81.0,0.2219178082191781,194.0,put,1.69,1.73,1.69,156,,0.17852,-0.172,0.01431,0.253,-0.02861,-0.08468,spy_options_2015.parquet,1792285
SPY,2015-04-10,2015-04-10T16:00:00-04:00,210.0,2015-06-30,81.0,0.2219178082191781,195.0,call,16.48,16.7,16.2,3,,0.1865,0.80936,0.01567,0.26716,-0.02559,0.2568,spy_options_2015.parquet,1792286
SPY,2015-04-10,2015-04-10T16:00:00-04:00,210.0,2015-06-30,81.0,0.2219178082191781,195.0,put,1.81,1.85,1.82,312,,0.17579,-0.18414,0.01521,0.26452,-0.0301,-0.09065,spy_options_2015.parquet,1792286
SPY,2015-04-10,2015-04-10T16:00:00-04:00,210.0,2015-06-30,81.0,0.2219178082191781,196.0,call,15.6,15.82,0.0,,,0.18328,0.79687,0.01654,0.27785,-0.02594,0.2593,spy_options_2015.parquet,1792287
SPY,2015-04-10,2015-04-10T16:00:00-04:00,210.0,2015-06-30,81.0,0.2219178082191781,196.0,put,1.94,1.99,1.98,,,0.17295,-0.19755,0.01622,0.27653,-0.0303,-0.09751,spy_options_2015.parquet,1792287
SPY,2015-04-10,2015-04-10T16:00:00-04:00,210.0,2015-06-30,81.0,0.2219178082191781,197.0,call,14.73,14.95,0.0,,,0.17917,0.78367,0.01749,0.28901,-0.02684,0.26093,spy_options_2015.parquet,1792288
SPY,2015-04-10,2015-04-10T16:00:00-04:00,210.0,2015-06-30,81.0,0.2219178082191781,197.0,put,2.08,2.13,2.13,,,0.16931,-0.21181,0.01711,0.28794,-0.03101,-0.1047,spy_options_2015.parquet,1792288
SPY,2015-04-10,2015-04-10T16:00:00-04:00,210.0,2015-06-30,81.0,0.2219178082191781,198.0,call,13.88,14.1,13.84,4,,0.17571,0.76836,0.0185,0.30049,-0.02783,0.26224,spy_options_2015.parquet,1792289
SPY,2015-04-10,2015-04-10T16:00:00-04:00,210.0,2015-06-30,81.0,0.2219178082191781,198.0,put,2.23,2.29,2.32,126,,0.1658,-0.22654,0.01815,0.29952,-0.03238,-0.11239,spy_options_2015.parquet,1792289
SPY,2015-04-10,2015-04-10T16:00:00-04:00,210.0,2015-06-30,81.0,0.2219178082191781,199.0,call,13.02,13.24,0.0,,,0.17186,0.75381,0.0195,0.31204,-0.02782,0.26229,spy_options_2015.parquet,1792290
SPY,2015-04-10,2015-04-10T16:00:00-04:00,210.0,2015-06-30,81.0,0.2219178082191781,199.0,put,2.41,2.46,2.44,46,,0.16328,-0.24318,0.0192,0.31099,-0.03282,-0.11979,spy_options_2015.parquet,1792290
SPY,2015-04-10,2015-04-10T16:00:00-04:00,210.0,2015-06-30,81.0,0.2219178082191781,200.0,call,12.2,12.41,11.75,1,,0.16814,0.73595,0.02051,0.32234,-0.02874,0.26212,spy_options_2015.parquet,1792291
SPY,2015-04-10,2015-04-10T16:00:00-04:00,210.0,2015-06-30,81.0,0.2219178082191781,200.0,put,2.6,2.64,2.62,,,0.16011,-0.2604,0.02033,0.32193,-0.03388,-0.12824,spy_options_2015.parquet,1792291
SPY,2015-04-10,2015-04-10T16:00:00-04:00,210.0,2015-06-30,81.0,0.2219178082191781,201.0,call,11.36,11.58,10.35,0,,0.16454,0.71923,0.02162,0.33374,-0.02902,0.26138,spy_options_2015.parquet,1792292
SPY,2015-04-10,2015-04-10T16:00:00-04:00,210.0,2015-06-30,81.0,0.2219178082191781,201.0,put,2.78,2.82,2.81,150,,0.15691,-0.27876,0.0215,0.33384,-0.03415,-0.13805,spy_options_2015.parquet,1792292
SPY,2015-04-10,2015-04-10T16:00:00-04:00,210.0,2015-06-30,81.0,0.2219178082191781,202.0,call,10.56,10.75,0.0,,,0.16047,0.69958,0.02268,0.34409,-0.02871,0.25933,spy_options_2015.parquet,1792293
SPY,2015-04-10,2015-04-10T16:00:00-04:00,210.0,2015-06-30,81.0,0.2219178082191781,202.0,put,2.99,3.03,3.04,7,,0.15424,-0.29784,0.0226,0.34469,-0.03448,-0.14704,spy_options_2015.parquet,1792293
SPY,2015-04-10,2015-04-10T16:00:00-04:00,210.0,2015-06-30,81.0,0.2219178082191781,203.0,call,9.74,9.95,0.0,,,0.15699,0.67953,0.02385,0.35372,-0.02938,0.2561,spy_options_2015.parquet,1792294
SPY,2015-04-10,2015-04-10T16:00:00-04:00,210.0,2015-06-30,81.0,0.2219178082191781,203.0,put,3.2,3.26,3.52,23,,0.15112,-0.31927,0.02381,0.35492,-0.03546,-0.15778,spy_options_2015.parquet,1792294
SPY,2015-04-10,2015-04-10T16:00:00-04:00,210.0,2015-06-30,81.0,0.2219178082191781,204.0,call,8.98,9.16,8.66,1,,0.15252,0.65817,0.02494,0.36385,-0.02932,0.2527,spy_options_2015.parquet,1792295
SPY,2015-04-10,2015-04-10T16:00:00-04:00,210.0,2015-06-30,81.0,0.2219178082191781,204.0,put,3.47,3.5,3.51,200,,0.14734,-0.34134,0.0249,0.3648,-0.03556,-0.16877,spy_options_2015.parquet,1792295
SPY,2015-04-10,2015-04-10T16:00:00-04:00,210.0,2015-06-30,81.0,0.2219178082191781,205.0,call,8.22,8.39,8.28,29,,0.14849,0.6344,0.02621,0.37239,-0.02963,0.24707,spy_options_2015.parquet,1792296
SPY,2015-04-10,2015-04-10T16:00:00-04:00,210.0,2015-06-30,81.0,0.2219178082191781,205.0,put,3.71,3.75,3.75,618,,0.1439,-0.36512,0.02616,0.37304,-0.03544,-0.18068,spy_options_2015.parquet,1792296
SPY,2015-04-10,2015-04-10T16:00:00-04:00,210.0,2015-06-30,81.0,0.2219178082191781,206.0,call,7.48,7.64,6.67,0,,0.14515,0.6096,0.02735,0.37963,-0.02959,0.24177,spy_options_2015.parquet,1792297
SPY,2015-04-10,2015-04-10T16:00:00-04:00,210.0,2015-06-30,81.0,0.2219178082191781,206.0,put,4.04,4.05,4.15,845,,0.14182,-0.39033,0.02712,0.38094,-0.03654,-0.19292,spy_options_2015.parquet,1792297
SPY,2015-04-10,2015-04-10T16:00:00-04:00,210.0,2015-06-30,81.0,0.2219178082191781,207.0,call,6.77,6.91,6.68,10,,0.14083,0.58351,0.02854,0.38597,-0.02938,0.23516,spy_options_2015.parquet,1792298
SPY,2015-04-10,2015-04-10T16:00:00-04:00,210.0,2015-06-30,81.0,0.2219178082191781,207.0,put,4.3,4.34,4.36,,,0.13769,-0.41703,0.02842,0.38696,-0.03631,-0.20642,spy_options_2015.parquet,1792298
SPY,2015-04-10,2015-04-10T16:00:00-04:00,210.0,2015-06-30,81.0,0.2219178082191781,208.0,call,6.07,6.21,6.1,35,,0.13723,0.55544,0.02969,0.3915,-0.02828,0.22648,spy_options_2015.parquet,1792299
SPY,2015-04-10,2015-04-10T16:00:00-04:00,210.0,2015-06-30,81.0,0.2219178082191781,208.0,put,4.63,4.67,4.66,202,,0.13415,-0.44509,0.02955,0.39227,-0.03537,-0.22013,spy_options_2015.parquet,1792299
SPY,2015-04-10,2015-04-10T16:00:00-04:00,210.0,2015-06-30,81.0,0.2219178082191781,209.0,call,5.41,5.51,5.41,253,,0.13301,0.52563,0.03074,0.39451,-0.02834,0.21764,spy_options_2015.parquet,1792300
SPY,2015-04-10,2015-04-10T16:00:00-04:00,210.0,2015-06-30,81.0,0.2219178082191781,209.0,put,4.98,5.03,5.02,165,,0.13125,-0.47499,0.03053,0.39525,-0.03502,-0.23541,spy_options_2015.parquet,1792300
SPY,2015-04-10,2015-04-10T16:00:00-04:00,210.0,2015-06-30,81.0,0.2219178082191781,210.0,call,4.77,4.86,4.76,32,,0.12888,0.49428,0.03159,0.39508,-0.0281,0.20711,spy_options_2015.parquet,1792301
SPY,2015-04-10,2015-04-10T16:00:00-04:00,210.0,2015-06-30,81.0,0.2219178082191781,210.0,put,5.35,5.42,5.51,,,0.12723,-0.50673,0.03137,0.39602,-0.03496,-0.25046,spy_options_2015.parquet,1792301
SPY,2015-04-10,2015-04-10T16:00:00-04:00,210.0,2015-06-30,81.0,0.2219178082191781,211.0,call,4.16,4.24,4.11,99,,0.12527,0.46104,0.03232,0.39344,-0.02688,0.19569,spy_options_2015.parquet,1792302
SPY,2015-04-10,2015-04-10T16:00:00-04:00,210.0,2015-06-30,81.0,0.2219178082191781,211.0,put,5.76,5.88,6.02,5,,0.1251,-0.53931,0.03191,0.39398,-0.03443,-0.26681,spy_options_2015.parquet,1792302
SPY,2015-04-10,2015-04-10T16:00:00-04:00,210.0,2015-06-30,81.0,0.2219178082191781,212.0,call,3.59,3.67,3.51,30,,0.12085,0.42568,0.03284,0.38909,-0.02589,0.18273,spy_options_2015.parquet,1792303
SPY,2015-04-10,2015-04-10T16:00:00-04:00,210.0,2015-06-30,81.0,0.2219178082191781,212.0,put,6.21,6.35,6.4,11,,0.12192,-0.57297,0.03228,0.38914,-0.03392,-0.2845,spy_options_2015.parquet,1792303
SPY,2015-04-10,2015-04-10T16:00:00-04:00,210.0,2015-06-30,81.0,0.2219178082191781,213.0,call,3.04,3.14,3.03,120,,0.11723,0.38927,0.03328,0.38037,-0.02475,0.16813,spy_options_2015.parquet,1792304
SPY,2015-04-10,2015-04-10T16:00:00-04:00,210.0,2015-06-30,81.0,0.2219178082191781,213.0,put,6.68,6.84,6.92,5,,0.11866,-0.60883,0.03256,0.3802,-0.03185,-0.30174,spy_options_2015.parquet,1792304
SPY,2015-04-10,2015-04-10T16:00:00-04:00,210.0,2015-06-30,81.0,0.2219178082191781,214.0,call,2.53,2.63,2.51,52,,0.11276,0.35155,0.03324,0.36887,-0.02302,0.15337,spy_options_2015.parquet,1792305
SPY,2015-04-10,2015-04-10T16:00:00-04:00,210.0,2015-06-30,81.0,0.2219178082191781,214.0,put,7.2,7.37,0.0,,,0.1149,-0.64417,0.0324,0.36874,-0.03104,-0.32063,spy_options_2015.parquet,1792305
SPY,2015-04-10,2015-04-10T16:00:00-04:00,210.0,2015-06-30,81.0,0.2219178082191781,215.0,call,2.1,2.17,2.1,88,,0.10873,0.31321,0.03282,0.35192,-0.02089,0.13801,spy_options_2015.parquet,1792306
SPY,2015-04-10,2015-04-10T16:00:00-04:00,210.0,2015-06-30,81.0,0.2219178082191781,215.0,put,7.76,7.93,0.0,,,0.11185,-0.68052,0.03194,0.35317,-0.02924,-0.33829,spy_options_2015.parquet,1792306
SPY,2015-04-10,2015-04-10T16:00:00-04:00,210.0,2015-06-30,81.0,0.2219178082191781,216.0,call,1.68,1.74,1.69,15,,0.10512,0.27351,0.03204,0.3317,-0.01938,0.12182,spy_options_2015.parquet,1792307
SPY,2015-04-10,2015-04-10T16:00:00-04:00,210.0,2015-06-30,81.0,0.2219178082191781,216.0,put,8.39,8.55,0.0,,,0.10883,-0.71694,0.03111,0.33467,-0.02772,-0.35672,spy_options_2015.parquet,1792307
SPY,2015-04-10,2015-04-10T16:00:00-04:00,210.0,2015-06-30,81.0,0.2219178082191781,217.0,call,1.32,1.39,1.16,0,,0.10146,0.23546,0.03054,0.30631,-0.01679,0.1055,spy_options_2015.parquet,1792308
SPY,2015-04-10,2015-04-10T16:00:00-04:00,210.0,2015-06-30,81.0,0.2219178082191781,217.0,put,9.04,9.25,9.25,2,,0.10581,-0.75149,0.02974,0.31221,-0.02612,-0.37471,spy_options_2015.parquet,1792308
SPY,2015-04-10,2015-04-10T16:00:00-04:00,210.0,2015-06-30,81.0,0.2219178082191781,218.0,call,1.05,1.09,1.05,39,,0.09828,0.19937,0.02859,0.27818,-0.01554,0.08972,spy_options_2015.parquet,1792309
SPY,2015-04-10,2015-04-10T16:00:00-04:00,210.0,2015-06-30,81.0,0.2219178082191781,218.0,put,9.76,9.96,0.0,,,0.10439,-0.785,0.02801,0.28779,-0.0241,-0.39236,spy_options_2015.parquet,1792309
SPY,2015-04-10,2015-04-10T16:00:00-04:00,210.0,2015-06-30,81.0,0.2219178082191781,219.0,call,0.8,0.81,0.77,685,,0.0947,0.16366,0.02618,0.24651,-0.01301,0.07411,spy_options_2015.parquet,1792310
SPY,2015-04-10,2015-04-10T16:00:00-04:00,210.0,2015-06-30,81.0,0.2219178082191781,219.0,put,10.52,10.71,0.0,,,0.10139,-0.81578,0.02598,0.26133,-0.023,-0.40891,spy_options_2015.parquet,1792310
SPY,2015-04-10,2015-04-10T16:00:00-04:00,210.0,2015-06-30,81.0,0.2219178082191781,220.0,call,0.58,0.6,0.58,69,,0.09186,0.13106,0.0234,0.21274,-0.01069,0.06013,spy_options_2015.parquet,1792311
SPY,2015-04-10,2015-04-10T16:00:00-04:00,210.0,2015-06-30,81.0,0.2219178082191781,220.0,put,11.35,11.54,11.5,18,,0.10063,-0.84169,0.02369,0.23762,-0.02179,-0.42226,spy_options_2015.parquet,1792311
SPY,2015-04-10,2015-04-10T16:00:00-04:00,210.0,2015-06-30,81.0,0.2219178082191781,221.0,call,0.41,0.45,0.41,502,,0.08944,0.10455,0.02032,0.18107,-0.00869,0.04836,spy_options_2015.parquet,1792312
SPY,2015-04-10,2015-04-10T16:00:00-04:00,210.0,2015-06-30,81.0,0.2219178082191781,221.0,put,12.18,12.4,0.0,,,0.1004,-0.86544,0.02138,0.2123,-0.02016,-0.43578,spy_options_2015.parquet,1792312
SPY,2015-04-10,2015-04-10T16:00:00-04:00,210.0,2015-06-30,81.0,0.2219178082191781,222.0,call,0.29,0.33,0.0,,,0.08651,0.07983,0.01729,0.14947,-0.00737,0.03723,spy_options_2015.parquet,1792313
SPY,2015-04-10,2015-04-10T16:00:00-04:00,210.0,2015-06-30,81.0,0.2219178082191781,222.0,put,13.07,13.27,0.0,,,0.09996,-0.88501,0.01913,0.18874,-0.01833,-0.44688,spy_options_2015.parquet,1792313
SPY,2015-04-10,2015-04-10T16:00:00-04:00,210.0,2015-06-30,81.0,0.2219178082191781,223.0,call,0.21,0.25,0.21,30,,0.08614,0.06291,0.01446,0.12448,-0.00627,0.02923,spy_options_2015.parquet,1792314
SPY,2015-04-10,2015-04-10T16:00:00-04:00,210.0,2015-06-30,81.0,0.2219178082191781,223.0,put,13.91,14.22,0.0,,,0.09945,-0.90283,0.01696,0.16729,-0.01712,-0.45712,spy_options_2015.parquet,1792314
SPY,2015-04-10,2015-04-10T16:00:00-04:00,210.0,2015-06-30,81.0,0.2219178082191781,224.0,call,0.15,0.17,0.18,2,,0.08433,0.04799,0.01188,0.10093,-0.00428,0.02183,spy_options_2015.parquet,1792315
SPY,2015-04-10,2015-04-10T16:00:00-04:00,210.0,2015-06-30,81.0,0.2219178082191781,224.0,put,14.9,15.16,0.0,,,0.10277,-0.91232,0.01525,0.15491,-0.01642,-0.46396,spy_options_2015.parquet,1792315
SPY,2015-04-10,2015-04-10T16:00:00-04:00,210.0,2015-06-30,81.0,0.2219178082191781,225.0,call,0.11,0.14,0.12,12,,0.08426,0.0377,0.00974,0.08361,-0.00415,0.01784,spy_options_2015.parquet,1792316
SPY,2015-04-10,2015-04-10T16:00:00-04:00,210.0,2015-06-30,81.0,0.2219178082191781,225.0,put,15.83,16.12,0.0,,,0.10344,-0.92314,0.01358,0.13912,-0.01653,-0.47075,spy_options_2015.parquet,1792316
SPY,2015-04-10,2015-04-10T16:00:00-04:00,210.0,2015-06-30,81.0,0.2219178082191781,230.0,call,0.05,0.05,0.03,0,,0.08961,0.01395,0.00404,0.03761,-0.00223,0.00658,spy_options_2015.parquet,1792317
SPY,2015-04-10,2015-04-10T16:00:00-04:00,210.0,2015-06-30,81.0,0.2219178082191781,230.0,put,20.72,21.08,0.0,,,0.12074,-0.94483,0.0089,0.10668,-0.01541,-0.49259,spy_options_2015.parquet,1792317
SPY,2015-04-10,2015-04-10T16:00:00-04:00,210.0,2015-06-30,81.0,0.2219178082191781,235.0,call,0.02,0.04,0.02,28,,0.09938,0.00807,0.0021,0.02185,-0.00104,0.00329,spy_options_2015.parquet,1792318
SPY,2015-04-10,2015-04-10T16:00:00-04:00,210.0,2015-06-30,81.0,0.2219178082191781,235.0,put,25.72,26.06,0.0,,,0.14048,-0.95327,0.00668,0.09176,-0.01576,-0.50759,spy_options_2015.parquet,1792318
SPY,2015-04-10,2015-04-10T16:00:00-04:00,210.0,2015-06-30,81.0,0.2219178082191781,240.0,call,0.01,0.03,0.0,,,0.11201,0.00604,0.00142,0.01678,-0.00112,0.00261,spy_options_2015.parquet,1792319
SPY,2015-04-10,2015-04-10T16:00:00-04:00,210.0,2015-06-30,81.0,0.2219178082191781,240.0,put,30.69,31.04,0.0,,,0.1578,-0.96048,0.00506,0.07978,-0.01499,-0.52228,spy_options_2015.parquet,1792319
SPY,2015-04-10,2015-04-10T16:00:00-04:00,210.0,2015-06-30,81.0,0.2219178082191781,245.0,call,0.0,0.02,0.0,,,0.11911,0.00282,0.00076,0.00903,-0.00073,0.00114,spy_options_2015.parquet,1792320
SPY,2015-04-10,2015-04-10T16:00:00-04:00,210.0,2015-06-30,81.0,0.2219178082191781,245.0,put,35.69,36.04,0.0,,,0.17582,-0.96436,0.00412,0.07201,-0.01562,-0.53562,spy_options_2015.parquet,1792320
SPY,2015-04-10,2015-04-10T16:00:00-04:00,210.0,2015-06-30,81.0,0.2219178082191781,250.0,call,0.0,0.01,0.0,,,0.12438,0.00153,0.00039,0.00436,0.0,0.00093,spy_options_2015.parquet,1792321
SPY,2015-04-10,2015-04-10T16:00:00-04:00,210.0,2015-06-30,81.0,0.2219178082191781,250.0,put,40.67,41.02,0.0,,,0.19276,-0.96798,0.00343,0.06524,-0.01526,-0.54815,spy_options_2015.parquet,1792321
SPY,2015-04-10,2015-04-10T16:00:00-04:00,210.0,2015-07-17,98.0,0.2684931506849315,145.0,call,64.99,65.3,0.0,,,0.46011,0.92523,0.00078,0.11517,-0.02448,0.05692,spy_options_2015.parquet,1792331
SPY,2015-04-10,2015-04-10T16:00:00-04:00,210.0,2015-07-17,98.0,0.2684931506849315,145.0,put,0.11,0.13,0.0,,,0.31303,-0.0096,0.00075,0.02901,-0.00484,-0.00603,spy_options_2015.parquet,1792331
SPY,2015-04-10,2015-04-10T16:00:00-04:00,210.0,2015-07-17,98.0,0.2684931506849315,150.0,call,60.05,60.35,0.0,,,0.41784,0.92851,0.00101,0.11507,-0.02158,0.06702,spy_options_2015.parquet,1792332
SPY,2015-04-10,2015-04-10T16:00:00-04:00,210.0,2015-07-17,98.0,0.2684931506849315,150.0,put,0.15,0.18,0.15,187,,0.29854,-0.01326,0.00102,0.03754,-0.00597,-0.00802,spy_options_2015.parquet,1792332
SPY,2015-04-10,2015-04-10T16:00:00-04:00,210.0,2015-07-17,98.0,0.2684931506849315,151.0,call,59.04,59.35,0.0,,,0.409,0.92891,0.00107,0.114,-0.02115,0.06831,spy_options_2015.parquet,1792333
SPY,2015-04-10,2015-04-10T16:00:00-04:00,210.0,2015-07-17,98.0,0.2684931506849315,151.0,put,0.15,0.19,0.18,3,,0.29597,-0.01424,0.0011,0.03894,-0.00608,-0.00849,spy_options_2015.parquet,1792333
SPY,2015-04-10,2015-04-10T16:00:00-04:00,210.0,2015-07-17,98.0,0.2684931506849315,152.0,call,58.04,58.36,0.0,,,0.40074,0.93005,0.00119,0.11445,-0.02078,0.07063,spy_options_2015.parquet,1792334
SPY,2015-04-10,2015-04-10T16:00:00-04:00,210.0,2015-07-17,98.0,0.2684931506849315,152.0,put,0.19,0.19,0.18,85,,0.29447,-0.01516,0.00123,0.04183,-0.00597,-0.00933,spy_options_2015.parquet,1792334
SPY,2015-04-10,2015-04-10T16:00:00-04:00,210.0,2015-07-17,98.0,0.2684931506849315,153.0,call,57.06,57.36,0.0,,,0.39371,0.93078,0.00124,0.11403,-0.02093,0.07325,spy_options_2015.parquet,1792335
SPY,2015-04-10,2015-04-10T16:00:00-04:00,210.0,2015-07-17,98.0,0.2684931506849315,153.0,put,0.18,0.21,0.0,,,0.29037,-0.01588,0.00121,0.04369,-0.00633,-0.00913,spy_options_2015.parquet,1792335
SPY,2015-04-10,2015-04-10T16:00:00-04:00,210.0,2015-07-17,98.0,0.2684931506849315,154.0,call,56.07,56.38,0.0,,,0.38636,0.93068,0.00135,0.11445,-0.02019,0.07599,spy_options_2015.parquet,1792336
SPY,2015-04-10,2015-04-10T16:00:00-04:00,210.0,2015-07-17,98.0,0.2684931506849315,154.0,put,0.19,0.21,0.0,,,0.28769,-0.01653,0.00137,0.04591,-0.00714,-0.00984,spy_options_2015.parquet,1792336
SPY,2015-04-10,2015-04-10T16:00:00-04:00,210.0,2015-07-17,98.0,0.2684931506849315,155.0,call,55.07,55.38,0.0,,,0.3789,0.93135,0.00135,0.11451,-0.01973,0.07899,spy_options_2015.parquet,1792337
SPY,2015-04-10,2015-04-10T16:00:00-04:00,210.0,2015-07-17,98.0,0.2684931506849315,155.0,put,0.2,0.21,0.21,150,,0.28442,-0.01782,0.00141,0.04787,-0.00733,-0.0104,spy_options_2015.parquet,1792337
SPY,2015-04-10,2015-04-10T16:00:00-04:00,210.0,2015-07-17,98.0,0.2684931506849315,156.0,call,54.09,54.41,0.0,,,0.37118,0.93115,0.00151,0.11493,-0.01938,0.08217,spy_options_2015.parquet,1792338
SPY,2015-04-10,2015-04-10T16:00:00-04:00,210.0,2015-07-17,98.0,0.2684931506849315,156.0,put,0.21,0.24,0.0,,,0.28117,-0.0188,0.00148,0.04962,-0.00702,-0.01147,spy_options_2015.parquet,1792338
SPY,2015-04-10,2015-04-10T16:00:00-04:00,210.0,2015-07-17,98.0,0.2684931506849315,157.0,call,53.1,53.42,0.0,,,0.36397,0.93163,0.00156,0.11532,-0.01887,0.08611,spy_options_2015.parquet,1792339
SPY,2015-04-10,2015-04-10T16:00:00-04:00,210.0,2015-07-17,98.0,0.2684931506849315,157.0,put,0.22,0.26,0.0,,,0.27832,-0.02007,0.00161,0.05276,-0.00751,-0.0117,spy_options_2015.parquet,1792339
SPY,2015-04-10,2015-04-10T16:00:00-04:00,210.0,2015-07-17,98.0,0.2684931506849315,158.0,call,52.12,52.41,0.0,,,0.35722,0.93272,0.00168,0.1158,-0.01819,0.08967,spy_options_2015.parquet,1792340
SPY,2015-04-10,2015-04-10T16:00:00-04:00,210.0,2015-07-17,98.0,0.2684931506849315,158.0,put,0.25,0.26,0.0,,,0.27637,-0.02102,0.00169,0.05538,-0.00789,-0.01315,spy_options_2015.parquet,1792340
SPY,2015-04-10,2015-04-10T16:00:00-04:00,210.0,2015-07-17,98.0,0.2684931506849315,159.0,call,51.11,51.44,0.0,,,0.34967,0.93243,0.00179,0.11531,-0.0185,0.09247,spy_options_2015.parquet,1792341
SPY,2015-04-10,2015-04-10T16:00:00-04:00,210.0,2015-07-17,98.0,0.2684931506849315,159.0,put,0.25,0.27,0.0,,,0.27263,-0.02244,0.00182,0.05803,-0.00856,-0.01378,spy_options_2015.parquet,1792341
SPY,2015-04-10,2015-04-10T16:00:00-04:00,210.0,2015-07-17,98.0,0.2684931506849315,160.0,call,50.11,50.44,0.0,,,0.34314,0.93354,0.0019,0.11577,-0.018,0.09537,spy_options_2015.parquet,1792342
SPY,2015-04-10,2015-04-10T16:00:00-04:00,210.0,2015-07-17,98.0,0.2684931506849315,160.0,put,0.28,0.29,0.29,76,,0.27091,-0.0239,0.00192,0.06268,-0.00844,-0.01462,spy_options_2015.parquet,1792342
SPY,2015-04-10,2015-04-10T16:00:00-04:00,210.0,2015-07-17,98.0,0.2684931506849315,161.0,call,49.14,49.46,0.0,,,0.3367,0.93298,0.00204,0.11724,-0.01716,0.10109,spy_options_2015.parquet,1792343
SPY,2015-04-10,2015-04-10T16:00:00-04:00,210.0,2015-07-17,98.0,0.2684931506849315,161.0,put,0.27,0.31,0.0,,,0.26718,-0.02506,0.00207,0.06446,-0.00857,-0.01514,spy_options_2015.parquet,1792343
SPY,2015-04-10,2015-04-10T16:00:00-04:00,210.0,2015-07-17,98.0,0.2684931506849315,162.0,call,48.16,48.47,0.0,,,0.3307,0.93351,0.00211,0.1183,-0.01722,0.10565,spy_options_2015.parquet,1792344
SPY,2015-04-10,2015-04-10T16:00:00-04:00,210.0,2015-07-17,98.0,0.2684931506849315,162.0,put,0.3,0.32,0.0,,,0.2647,-0.02636,0.00217,0.06785,-0.00879,-0.01618,spy_options_2015.parquet,1792344
SPY,2015-04-10,2015-04-10T16:00:00-04:00,210.0,2015-07-17,98.0,0.2684931506849315,163.0,call,47.17,47.47,0.0,,,0.32337,0.93293,0.00222,0.11893,-0.01716,0.10962,spy_options_2015.parquet,1792345
SPY,2015-04-10,2015-04-10T16:00:00-04:00,210.0,2015-07-17,98.0,0.2684931506849315,163.0,put,0.31,0.34,0.0,,,0.26147,-0.02815,0.00226,0.07163,-0.00914,-0.0169,spy_options_2015.parquet,1792345
SPY,2015-04-10,2015-04-10T16:00:00-04:00,210.0,2015-07-17,98.0,0.2684931506849315,164.0,call,46.2,46.5,0.0,,,0.31858,0.93246,0.00247,0.12036,-0.01727,0.11504,spy_options_2015.parquet,1792346
SPY,2015-04-10,2015-04-10T16:00:00-04:00,210.0,2015-07-17,98.0,0.2684931506849315,164.0,put,0.35,0.36,0.0,,,0.25871,-0.03007,0.00244,0.07525,-0.00997,-0.01863,spy_options_2015.parquet,1792346
SPY,2015-04-10,2015-04-10T16:00:00-04:00,210.0,2015-07-17,98.0,0.2684931506849315,165.0,call,45.2,45.52,0.0,,,0.31155,0.93302,0.00259,0.12241,-0.01642,0.12007,spy_options_2015.parquet,1792347
SPY,2015-04-10,2015-04-10T16:00:00-04:00,210.0,2015-07-17,98.0,0.2684931506849315,165.0,put,0.35,0.37,0.37,6,,0.25618,-0.03233,0.00258,0.07865,-0.01049,-0.01976,spy_options_2015.parquet,1792347
SPY,2015-04-10,2015-04-10T16:00:00-04:00,210.0,2015-07-17,98.0,0.2684931506849315,166.0,call,44.22,44.54,0.0,,,0.30678,0.93241,0.00276,0.12408,-0.01685,0.12613,spy_options_2015.parquet,1792348
SPY,2015-04-10,2015-04-10T16:00:00-04:00,210.0,2015-07-17,98.0,0.2684931506849315,166.0,put,0.38,0.42,0.0,,,0.25412,-0.034,0.00273,0.08366,-0.01118,-0.02068,spy_options_2015.parquet,1792348
SPY,2015-04-10,2015-04-10T16:00:00-04:00,210.0,2015-07-17,98.0,0.2684931506849315,167.0,call,43.22,43.56,0.0,,,0.2997,0.93133,0.0029,0.12478,-0.01653,0.13101,spy_options_2015.parquet,1792349
SPY,2015-04-10,2015-04-10T16:00:00-04:00,210.0,2015-07-17,98.0,0.2684931506849315,167.0,put,0.4,0.43,0.0,,,0.25021,-0.03635,0.00289,0.0868,-0.01139,-0.02147,spy_options_2015.parquet,1792349
SPY,2015-04-10,2015-04-10T16:00:00-04:00,210.0,2015-07-17,98.0,0.2684931506849315,168.0,call,42.26,42.53,0.0,,,0.29313,0.93167,0.00307,0.12595,-0.01591,0.13467,spy_options_2015.parquet,1792350
SPY,2015-04-10,2015-04-10T16:00:00-04:00,210.0,2015-07-17,98.0,0.2684931506849315,168.0,put,0.44,0.44,0.0,,,0.24791,-0.03837,0.0031,0.09153,-0.01204,-0.02276,spy_options_2015.parquet,1792350
SPY,2015-04-10,2015-04-10T16:00:00-04:00,210.0,2015-07-17,98.0,0.2684931506849315,169.0,call,41.27,41.55,0.0,,,0.2875,0.93106,0.00329,0.12803,-0.01536,0.141,spy_options_2015.parquet,1792351
SPY,2015-04-10,2015-04-10T16:00:00-04:00,210.0,2015-07-17,98.0,0.2684931506849315,169.0,put,0.46,0.48,0.49,1,,0.24534,-0.04101,0.00325,0.09635,-0.01192,-0.02462,spy_options_2015.parquet,1792351
SPY,2015-04-10,2015-04-10T16:00:00-04:00,210.0,2015-07-17,98.0,0.2684931506849315,170.0,call,40.3,40.56,0.0,,,0.28283,0.92988,0.0035,0.13037,-0.01608,0.1466,spy_options_2015.parquet,1792352
SPY,2015-04-10,2015-04-10T16:00:00-04:00,210.0,2015-07-17,98.0,0.2684931506849315,170.0,put,0.48,0.53,0.51,43,,0.24354,-0.04444,0.00346,0.10212,-0.01323,-0.02626,spy_options_2015.parquet,1792352
SPY,2015-04-10,2015-04-10T16:00:00-04:00,210.0,2015-07-17,98.0,0.2684931506849315,171.0,call,39.32,39.59,0.0,,,0.2779,0.92865,0.00377,0.13352,-0.01587,0.15431,spy_options_2015.parquet,1792353
SPY,2015-04-10,2015-04-10T16:00:00-04:00,210.0,2015-07-17,98.0,0.2684931506849315,171.0,put,0.51,0.54,0.0,,,0.24009,-0.04676,0.0037,0.10624,-0.01291,-0.02747,spy_options_2015.parquet,1792353
SPY,2015-04-10,2015-04-10T16:00:00-04:00,210.0,2015-07-17,98.0,0.2684931506849315,172.0,call,38.34,38.6,0.0,,,0.27265,0.92758,0.00403,0.13605,-0.016,0.16134,spy_options_2015.parquet,1792354
SPY,2015-04-10,2015-04-10T16:00:00-04:00,210.0,2015-07-17,98.0,0.2684931506849315,172.0,put,0.54,0.58,0.0,,,0.23794,-0.04946,0.00397,0.11234,-0.01406,-0.02941,spy_options_2015.parquet,1792354
SPY,2015-04-10,2015-04-10T16:00:00-04:00,210.0,2015-07-17,98.0,0.2684931506849315,173.0,call,37.36,37.64,0.0,,,0.26774,0.92557,0.00431,0.13941,-0.01553,0.16822,spy_options_2015.parquet,1792355
SPY,2015-04-10,2015-04-10T16:00:00-04:00,210.0,2015-07-17,98.0,0.2684931506849315,173.0,put,0.59,0.61,0.6,10,,0.23481,-0.05241,0.00421,0.11824,-0.01411,-0.03124,spy_options_2015.parquet,1792355
SPY,2015-04-10,2015-04-10T16:00:00-04:00,210.0,2015-07-17,98.0,0.2684931506849315,174.0,call,36.4,36.68,0.0,,,0.26356,0.92385,0.00457,0.14426,-0.01618,0.17668,spy_options_2015.parquet,1792356
SPY,2015-04-10,2015-04-10T16:00:00-04:00,210.0,2015-07-17,98.0,0.2684931506849315,174.0,put,0.63,0.64,0.0,,,0.23166,-0.05638,0.00449,0.12386,-0.01456,-0.03324,spy_options_2015.parquet,1792356
SPY,2015-04-10,2015-04-10T16:00:00-04:00,210.0,2015-07-17,98.0,0.2684931506849315,175.0,call,35.42,35.71,0.0,,,0.25933,0.92085,0.00492,0.14856,-0.01609,0.18394,spy_options_2015.parquet,1792357
SPY,2015-04-10,2015-04-10T16:00:00-04:00,210.0,2015-07-17,98.0,0.2684931506849315,175.0,put,0.66,0.69,0.68,1,,0.229,-0.05976,0.00475,0.12908,-0.01542,-0.0357,spy_options_2015.parquet,1792357
SPY,2015-04-10,2015-04-10T16:00:00-04:00,210.0,2015-07-17,98.0,0.2684931506849315,176.0,call,34.47,34.74,0.0,,,0.25502,0.91807,0.00523,0.15355,-0.0168,0.19281,spy_options_2015.parquet,1792358
SPY,2015-04-10,2015-04-10T16:00:00-04:00,210.0,2015-07-17,98.0,0.2684931506849315,176.0,put,0.7,0.74,0.0,,,0.22677,-0.06413,0.00504,0.13614,-0.0157,-0.03807,spy_options_2015.parquet,1792358
SPY,2015-04-10,2015-04-10T16:00:00-04:00,210.0,2015-07-17,98.0,0.2684931506849315,177.0,call,33.53,33.79,0.0,,,0.25135,0.91546,0.00554,0.15942,-0.01661,0.20079,spy_options_2015.parquet,1792359
SPY,2015-04-10,2015-04-10T16:00:00-04:00,210.0,2015-07-17,98.0,0.2684931506849315,177.0,put,0.75,0.79,0.82,70,,0.22451,-0.06743,0.00536,0.14256,-0.01655,-0.04037,spy_options_2015.parquet,1792359
SPY,2015-04-10,2015-04-10T16:00:00-04:00,210.0,2015-07-17,98.0,0.2684931506849315,178.0,call,32.53,32.82,0.0,,,0.2465,0.91321,0.00585,0.16296,-0.01655,0.20674,spy_options_2015.parquet,1792360
SPY,2015-04-10,2015-04-10T16:00:00-04:00,210.0,2015-07-17,98.0,0.2684931506849315,178.0,put,0.8,0.83,0.9,4,,0.22161,-0.07181,0.00563,0.14974,-0.01691,-0.04358,spy_options_2015.parquet,1792360
SPY,2015-04-10,2015-04-10T16:00:00-04:00,210.0,2015-07-17,98.0,0.2684931506849315,179.0,call,31.56,31.84,0.0,,,0.241,0.9098,0.00627,0.16776,-0.01654,0.21355,spy_options_2015.parquet,1792361
SPY,2015-04-10,2015-04-10T16:00:00-04:00,210.0,2015-07-17,98.0,0.2684931506849315,179.0,put,0.86,0.89,0.96,8,,0.21928,-0.07731,0.00597,0.15745,-0.01776,-0.04638,spy_options_2015.parquet,1792361
SPY,2015-04-10,2015-04-10T16:00:00-04:00,210.0,2015-07-17,98.0,0.2684931506849315,180.0,call,30.62,30.87,0.0,,,0.23739,0.90619,0.00666,0.17464,-0.01713,0.22159,spy_options_2015.parquet,1792362
SPY,2015-04-10,2015-04-10T16:00:00-04:00,210.0,2015-07-17,98.0,0.2684931506849315,180.0,put,0.91,0.94,0.94,21,,0.21617,-0.08142,0.00638,0.16437,-0.01829,-0.04899,spy_options_2015.parquet,1792362
SPY,2015-04-10,2015-04-10T16:00:00-04:00,210.0,2015-07-17,98.0,0.2684931506849315,181.0,call,29.67,29.93,29.65,46,,0.23364,0.90193,0.00705,0.18175,-0.01785,0.23029,spy_options_2015.parquet,1792363
SPY,2015-04-10,2015-04-10T16:00:00-04:00,210.0,2015-07-17,98.0,0.2684931506849315,181.0,put,0.97,1.0,1.0,683,,0.21405,-0.08721,0.00677,0.17293,-0.01954,-0.05205,spy_options_2015.parquet,1792363
SPY,2015-04-10,2015-04-10T16:00:00-04:00,210.0,2015-07-17,98.0,0.2684931506849315,182.0,call,28.71,28.99,0.0,,,0.23032,0.89694,0.00754,0.18887,-0.01753,0.23698,spy_options_2015.parquet,1792364
SPY,2015-04-10,2015-04-10T16:00:00-04:00,210.0,2015-07-17,98.0,0.2684931506849315,182.0,put,1.02,1.06,1.03,27,,0.21085,-0.09257,0.00718,0.18106,-0.01948,-0.05529,spy_options_2015.parquet,1792364
SPY,2015-04-10,2015-04-10T16:00:00-04:00,210.0,2015-07-17,98.0,0.2684931506849315,183.0,call,27.77,28.04,0.0,,,0.2262,0.89233,0.00798,0.19581,-0.01886,0.24532,spy_options_2015.parquet,1792365
SPY,2015-04-10,2015-04-10T16:00:00-04:00,210.0,2015-07-17,98.0,0.2684931506849315,183.0,put,1.08,1.13,1.14,440,,0.2084,-0.09776,0.00764,0.18962,-0.02082,-0.05894,spy_options_2015.parquet,1792365
SPY,2015-04-10,2015-04-10T16:00:00-04:00,210.0,2015-07-17,98.0,0.2684931506849315,184.0,call,26.83,27.1,0.0,,,0.22277,0.88596,0.00844,0.20405,-0.01927,0.25261,spy_options_2015.parquet,1792366
SPY,2015-04-10,2015-04-10T16:00:00-04:00,210.0,2015-07-17,98.0,0.2684931506849315,184.0,put,1.16,1.2,1.21,25,,0.20553,-0.10487,0.00809,0.19841,-0.0213,-0.06307,spy_options_2015.parquet,1792366
SPY,2015-04-10,2015-04-10T16:00:00-04:00,210.0,2015-07-17,98.0,0.2684931506849315,185.0,call,25.91,26.16,0.0,,,0.21957,0.88042,0.00899,0.21216,-0.01945,0.2598,spy_options_2015.parquet,1792367
SPY,2015-04-10,2015-04-10T16:00:00-04:00,210.0,2015-07-17,98.0,0.2684931506849315,185.0,put,1.22,1.29,1.28,42,,0.20345,-0.11169,0.00853,0.20773,-0.0224,-0.0673,spy_options_2015.parquet,1792367
SPY,2015-04-10,2015-04-10T16:00:00-04:00,210.0,2015-07-17,98.0,0.2684931506849315,186.0,call,24.94,25.22,0.0,,,0.21454,0.87494,0.00944,0.22017,-0.01926,0.26575,spy_options_2015.parquet,1792368
SPY,2015-04-10,2015-04-10T16:00:00-04:00,210.0,2015-07-17,98.0,0.2684931506849315,186.0,put,1.31,1.36,1.35,10,,0.20083,-0.1185,0.00899,0.2164,-0.02284,-0.07097,spy_options_2015.parquet,1792368
SPY,2015-04-10,2015-04-10T16:00:00-04:00,210.0,2015-07-17,98.0,0.2684931506849315,187.0,call,24.04,24.31,0.0,,,0.21157,0.86669,0.01,0.22949,-0.02049,0.27239,spy_options_2015.parquet,1792369
SPY,2015-04-10,2015-04-10T16:00:00-04:00,210.0,2015-07-17,98.0,0.2684931506849315,187.0,put,1.41,1.45,1.45,526,,0.19778,-0.12586,0.00962,0.22603,-0.02396,-0.07606,spy_options_2015.parquet,1792369
SPY,2015-04-10,2015-04-10T16:00:00-04:00,210.0,2015-07-17,98.0,0.2684931506849315,188.0,call,23.12,23.38,23.11,601,,0.20855,0.85968,0.01054,0.23866,-0.02078,0.27846,spy_options_2015.parquet,1792370
SPY,2015-04-10,2015-04-10T16:00:00-04:00,210.0,2015-07-17,98.0,0.2684931506849315,188.0,put,1.49,1.55,1.55,35,,0.19538,-0.1343,0.01008,0.23624,-0.02402,-0.08074,spy_options_2015.parquet,1792370
SPY,2015-04-10,2015-04-10T16:00:00-04:00,210.0,2015-07-17,98.0,0.2684931506849315,189.0,call,22.2,22.44,0.0,,,0.20461,0.85158,0.01113,0.24817,-0.02116,0.28406,spy_options_2015.parquet,1792371
SPY,2015-04-10,2015-04-10T16:00:00-04:00,210.0,2015-07-17,98.0,0.2684931506849315,189.0,put,1.59,1.64,1.77,25,,0.19227,-0.14339,0.01073,0.24628,-0.02549,-0.08574,spy_options_2015.parquet,1792371
SPY,2015-04-10,2015-04-10T16:00:00-04:00,210.0,2015-07-17,98.0,0.2684931506849315,190.0,call,21.28,21.55,0.0,,,0.20071,0.84379,0.01175,0.25817,-0.0216,0.28959,spy_options_2015.parquet,1792372
SPY,2015-04-10,2015-04-10T16:00:00-04:00,210.0,2015-07-17,98.0,0.2684931506849315,190.0,put,1.69,1.76,1.75,105,,0.18965,-0.15193,0.01136,0.25691,-0.02537,-0.09078,spy_options_2015.parquet,1792372
SPY,2015-04-10,2015-04-10T16:00:00-04:00,210.0,2015-07-17,98.0,0.2684931506849315,191.0,call,20.37,20.64,0.0,,,0.1974,0.83397,0.01244,0.26765,-0.02238,0.29419,spy_options_2015.parquet,1792373
SPY,2015-04-10,2015-04-10T16:00:00-04:00,210.0,2015-07-17,98.0,0.2684931506849315,191.0,put,1.82,1.85,1.85,2,,0.18721,-0.16215,0.01193,0.26778,-0.02707,-0.09732,spy_options_2015.parquet,1792373
SPY,2015-04-10,2015-04-10T16:00:00-04:00,210.0,2015-07-17,98.0,0.2684931506849315,192.0,call,19.49,19.75,18.85,10,,0.19499,0.82422,0.01306,0.27824,-0.02298,0.29857,spy_options_2015.parquet,1792374
SPY,2015-04-10,2015-04-10T16:00:00-04:00,210.0,2015-07-17,98.0,0.2684931506849315,192.0,put,1.93,1.98,2.01,,,0.18485,-0.17238,0.01264,0.2784,-0.02729,-0.10379,spy_options_2015.parquet,1792374
SPY,2015-04-10,2015-04-10T16:00:00-04:00,210.0,2015-07-17,98.0,0.2684931506849315,193.0,call,18.57,18.87,0.0,,,0.19148,0.81424,0.01376,0.2887,-0.0234,0.30235,spy_options_2015.parquet,1792375
SPY,2015-04-10,2015-04-10T16:00:00-04:00,210.0,2015-07-17,98.0,0.2684931506849315,193.0,put,2.05,2.1,2.08,,,0.18202,-0.18295,0.01332,0.28982,-0.02816,-0.11013,spy_options_2015.parquet,1792375
SPY,2015-04-10,2015-04-10T16:00:00-04:00,210.0,2015-07-17,98.0,0.2684931506849315,194.0,call,17.7,17.98,0.0,,,0.18771,0.80291,0.01444,0.29991,-0.02397,0.30584,spy_options_2015.parquet,1792376
SPY,2015-04-10,2015-04-10T16:00:00-04:00,210.0,2015-07-17,98.0,0.2684931506849315,194.0,put,2.19,2.23,2.25,,,0.17873,-0.19482,0.01401,0.30025,-0.02832,-0.11729,spy_options_2015.parquet,1792376
SPY,2015-04-10,2015-04-10T16:00:00-04:00,210.0,2015-07-17,98.0,0.2684931506849315,195.0,call,16.84,17.09,16.2,0,,0.18499,0.79095,0.01524,0.31059,-0.02491,0.3081,spy_options_2015.parquet,1792377
SPY,2015-04-10,2015-04-10T16:00:00-04:00,210.0,2015-07-17,98.0,0.2684931506849315,195.0,put,2.35,2.36,2.37,202,,0.17622,-0.20691,0.01481,0.31248,-0.0294,-0.1239,spy_options_2015.parquet,1792377
SPY,2015-04-10,2015-04-10T16:00:00-04:00,210.0,2015-07-17,98.0,0.2684931506849315,196.0,call,15.97,16.16,0.0,,,0.17983,0.77999,0.01608,0.32106,-0.02453,0.31016,spy_options_2015.parquet,1792378
SPY,2015-04-10,2015-04-10T16:00:00-04:00,210.0,2015-07-17,98.0,0.2684931506849315,196.0,put,2.49,2.53,2.53,,,0.17316,-0.22003,0.01558,0.32282,-0.02982,-0.13194,spy_options_2015.parquet,1792378
SPY,2015-04-10,2015-04-10T16:00:00-04:00,210.0,2015-07-17,98.0,0.2684931506849315,197.0,call,15.14,15.37,14.0,0,,0.178,0.76404,0.01679,0.33327,-0.02499,0.31135,spy_options_2015.parquet,1792379
SPY,2015-04-10,2015-04-10T16:00:00-04:00,210.0,2015-07-17,98.0,0.2684931506849315,197.0,put,2.65,2.67,2.67,46,,0.17056,-0.23332,0.01644,0.33446,-0.03047,-0.14029,spy_options_2015.parquet,1792379
SPY,2015-04-10,2015-04-10T16:00:00-04:00,210.0,2015-07-17,98.0,0.2684931506849315,198.0,call,14.28,14.47,13.62,0,,0.17399,0.75137,0.01769,0.34321,-0.02571,0.31143,spy_options_2015.parquet,1792380
SPY,2015-04-10,2015-04-10T16:00:00-04:00,210.0,2015-07-17,98.0,0.2684931506849315,198.0,put,2.82,2.86,2.83,118,,0.16799,-0.24792,0.01729,0.34581,-0.03165,-0.14855,spy_options_2015.parquet,1792380
SPY,2015-04-10,2015-04-10T16:00:00-04:00,210.0,2015-07-17,98.0,0.2684931506849315,199.0,call,13.47,13.63,13.41,6,,0.17,0.73565,0.01853,0.35439,-0.02627,0.31186,spy_options_2015.parquet,1792381
SPY,2015-04-10,2015-04-10T16:00:00-04:00,210.0,2015-07-17,98.0,0.2684931506849315,199.0,put,3.0,3.05,3.05,58,,0.16472,-0.26356,0.01809,0.35671,-0.03179,-0.15816,spy_options_2015.parquet,1792381
SPY,2015-04-10,2015-04-10T16:00:00-04:00,210.0,2015-07-17,98.0,0.2684931506849315,200.0,call,12.63,12.79,12.68,24,,0.16656,0.72029,0.01944,0.3648,-0.02657,0.31025,spy_options_2015.parquet,1792382
SPY,2015-04-10,2015-04-10T16:00:00-04:00,210.0,2015-07-17,98.0,0.2684931506849315,200.0,put,3.19,3.23,3.23,,,0.16118,-0.27988,0.01905,0.36732,-0.03198,-0.16817,spy_options_2015.parquet,1792382
SPY,2015-04-10,2015-04-10T16:00:00-04:00,210.0,2015-07-17,98.0,0.2684931506849315,201.0,call,11.83,11.99,11.24,0,,0.16369,0.70242,0.02033,0.37571,-0.02697,0.30822,spy_options_2015.parquet,1792383
SPY,2015-04-10,2015-04-10T16:00:00-04:00,210.0,2015-07-17,98.0,0.2684931506849315,201.0,put,3.38,3.43,3.41,480,,0.15813,-0.29714,0.01996,0.37765,-0.0331,-0.17901,spy_options_2015.parquet,1792383
SPY,2015-04-10,2015-04-10T16:00:00-04:00,210.0,2015-07-17,98.0,0.2684931506849315,202.0,call,11.02,11.21,10.78,2,,0.15978,0.68445,0.02119,0.38581,-0.02642,0.30539,spy_options_2015.parquet,1792384
SPY,2015-04-10,2015-04-10T16:00:00-04:00,210.0,2015-07-17,98.0,0.2684931506849315,202.0,put,3.61,3.66,3.68,272,,0.15595,-0.31568,0.02089,0.3885,-0.03339,-0.19007,spy_options_2015.parquet,1792384
SPY,2015-04-10,2015-04-10T16:00:00-04:00,210.0,2015-07-17,98.0,0.2684931506849315,203.0,call,10.25,10.42,10.32,158,,0.15675,0.66457,0.02216,0.39557,-0.02669,0.302,spy_options_2015.parquet,1792385
SPY,2015-04-10,2015-04-10T16:00:00-04:00,210.0,2015-07-17,98.0,0.2684931506849315,203.0,put,3.85,3.9,3.9,168,,0.15233,-0.33504,0.02181,0.39811,-0.03285,-0.2011,spy_options_2015.parquet,1792385
SPY,2015-04-10,2015-04-10T16:00:00-04:00,210.0,2015-07-17,98.0,0.2684931506849315,204.0,call,9.53,9.68,9.51,62,,0.15376,0.64433,0.02287,0.40498,-0.02769,0.29735,spy_options_2015.parquet,1792386
SPY,2015-04-10,2015-04-10T16:00:00-04:00,210.0,2015-07-17,98.0,0.2684931506849315,204.0,put,4.1,4.13,4.15,52,,0.14942,-0.35624,0.02281,0.40671,-0.0335,-0.21344,spy_options_2015.parquet,1792386
SPY,2015-04-10,2015-04-10T16:00:00-04:00,210.0,2015-07-17,98.0,0.2684931506849315,205.0,call,8.8,8.91,8.82,50,,0.15059,0.62214,0.0239,0.4128,-0.02679,0.29193,spy_options_2015.parquet,1792387
SPY,2015-04-10,2015-04-10T16:00:00-04:00,210.0,2015-07-17,98.0,0.2684931506849315,205.0,put,4.38,4.43,4.4,,,0.14672,-0.37839,0.02375,0.41458,-0.03337,-0.22713,spy_options_2015.parquet,1792387
SPY,2015-04-10,2015-04-10T16:00:00-04:00,210.0,2015-07-17,98.0,0.2684931506849315,206.0,call,8.07,8.16,8.09,17,,0.14701,0.59916,0.02481,0.41998,-0.02719,0.28562,spy_options_2015.parquet,1792388
SPY,2015-04-10,2015-04-10T16:00:00-04:00,210.0,2015-07-17,98.0,0.2684931506849315,206.0,put,4.66,4.71,4.73,141,,0.14288,-0.4009,0.02463,0.42118,-0.0332,-0.24097,spy_options_2015.parquet,1792388
SPY,2015-04-10,2015-04-10T16:00:00-04:00,210.0,2015-07-17,98.0,0.2684931506849315,207.0,call,7.36,7.45,7.29,29,,0.14346,0.5758,0.02566,0.42563,-0.02655,0.27757,spy_options_2015.parquet,1792389
SPY,2015-04-10,2015-04-10T16:00:00-04:00,210.0,2015-07-17,98.0,0.2684931506849315,207.0,put,4.97,5.01,5.07,577,,0.1393,-0.42551,0.02555,0.42756,-0.03381,-0.25601,spy_options_2015.parquet,1792389
SPY,2015-04-10,2015-04-10T16:00:00-04:00,210.0,2015-07-17,98.0,0.2684931506849315,208.0,call,6.68,6.77,6.68,288,,0.13917,0.55003,0.0265,0.43035,-0.02635,0.26856,spy_options_2015.parquet,1792390
SPY,2015-04-10,2015-04-10T16:00:00-04:00,210.0,2015-07-17,98.0,0.2684931506849315,208.0,put,5.29,5.35,5.37,765,,0.13707,-0.45074,0.02647,0.43161,-0.03295,-0.27138,spy_options_2015.parquet,1792390
SPY,2015-04-10,2015-04-10T16:00:00-04:00,210.0,2015-07-17,98.0,0.2684931506849315,209.0,call,6.01,6.07,6.02,315,,0.13539,0.52346,0.02748,0.4338,-0.02582,0.25847,spy_options_2015.parquet,1792391
SPY,2015-04-10,2015-04-10T16:00:00-04:00,210.0,2015-07-17,98.0,0.2684931506849315,209.0,put,5.62,5.69,5.7,,,0.13355,-0.47773,0.02723,0.43359,-0.03262,-0.28747,spy_options_2015.parquet,1792391
SPY,2015-04-10,2015-04-10T16:00:00-04:00,210.0,2015-07-17,98.0,0.2684931506849315,210.0,call,5.37,5.44,5.35,290,,0.13197,0.4947,0.02805,0.43475,-0.02544,0.24725,spy_options_2015.parquet,1792392
SPY,2015-04-10,2015-04-10T16:00:00-04:00,210.0,2015-07-17,98.0,0.2684931506849315,210.0,put,6.02,6.07,6.09,689,,0.12986,-0.5063,0.02799,0.43449,-0.03214,-0.30462,spy_options_2015.parquet,1792392
SPY,2015-04-10,2015-04-10T16:00:00-04:00,210.0,2015-07-17,98.0,0.2684931506849315,211.0,call,4.76,4.82,4.72,45,,0.12847,0.46498,0.02868,0.43248,-0.02466,0.23552,spy_options_2015.parquet,1792393
SPY,2015-04-10,2015-04-10T16:00:00-04:00,210.0,2015-07-17,98.0,0.2684931506849315,211.0,put,6.42,6.49,6.49,379,,0.12671,-0.53479,0.02851,0.4323,-0.03238,-0.32174,spy_options_2015.parquet,1792393
SPY,2015-04-10,2015-04-10T16:00:00-04:00,210.0,2015-07-17,98.0,0.2684931506849315,212.0,call,4.17,4.24,4.17,275,,0.12493,0.43381,0.02926,0.42832,-0.02437,0.22193,spy_options_2015.parquet,1792394
SPY,2015-04-10,2015-04-10T16:00:00-04:00,210.0,2015-07-17,98.0,0.2684931506849315,212.0,put,6.84,6.92,6.9,137,,0.12299,-0.56649,0.02902,0.42849,-0.03095,-0.34122,spy_options_2015.parquet,1792394
SPY,2015-04-10,2015-04-10T16:00:00-04:00,210.0,2015-07-17,98.0,0.2684931506849315,213.0,call,3.62,3.69,3.57,384,,0.12084,0.40187,0.02953,0.42157,-0.02249,0.20757,spy_options_2015.parquet,1792395
SPY,2015-04-10,2015-04-10T16:00:00-04:00,210.0,2015-07-17,98.0,0.2684931506849315,213.0,put,7.32,7.41,7.65,15,,0.1202,-0.59738,0.02931,0.42092,-0.03026,-0.36037,spy_options_2015.parquet,1792395
SPY,2015-04-10,2015-04-10T16:00:00-04:00,210.0,2015-07-17,98.0,0.2684931506849315,214.0,call,3.11,3.16,3.11,385,,0.11739,0.36878,0.02971,0.41179,-0.02188,0.1924,spy_options_2015.parquet,1792396
SPY,2015-04-10,2015-04-10T16:00:00-04:00,210.0,2015-07-17,98.0,0.2684931506849315,214.0,put,7.79,7.96,8.05,4,,0.11732,-0.63038,0.02932,0.41088,-0.0296,-0.37954,spy_options_2015.parquet,1792396
SPY,2015-04-10,2015-04-10T16:00:00-04:00,210.0,2015-07-17,98.0,0.2684931506849315,215.0,call,2.63,2.67,2.64,727,,0.1135,0.33386,0.02953,0.39703,-0.01992,0.17575,spy_options_2015.parquet,1792397
SPY,2015-04-10,2015-04-10T16:00:00-04:00,210.0,2015-07-17,98.0,0.2684931506849315,215.0,put,8.3,8.51,8.6,10,,0.11396,-0.66305,0.02914,0.3967,-0.02787,-0.40012,spy_options_2015.parquet,1792397
SPY,2015-04-10,2015-04-10T16:00:00-04:00,210.0,2015-07-17,98.0,0.2684931506849315,216.0,call,2.19,2.24,2.2,,,0.10983,0.29997,0.02904,0.37949,-0.01897,0.1594,spy_options_2015.parquet,1792398
SPY,2015-04-10,2015-04-10T16:00:00-04:00,210.0,2015-07-17,98.0,0.2684931506849315,216.0,put,8.88,9.09,8.99,2,,0.11114,-0.69702,0.02869,0.3796,-0.02634,-0.42058,spy_options_2015.parquet,1792398
SPY,2015-04-10,2015-04-10T16:00:00-04:00,210.0,2015-07-17,98.0,0.2684931506849315,217.0,call,1.82,1.84,1.81,,,0.10676,0.26536,0.02824,0.35801,-0.01765,0.14222,spy_options_2015.parquet,1792399
SPY,2015-04-10,2015-04-10T16:00:00-04:00,210.0,2015-07-17,98.0,0.2684931506849315,217.0,put,9.51,9.71,9.8,2,,0.10806,-0.73066,0.02787,0.35804,-0.02507,-0.44168,spy_options_2015.parquet,1792399
SPY,2015-04-10,2015-04-10T16:00:00-04:00,210.0,2015-07-17,98.0,0.2684931506849315,218.0,call,1.46,1.48,1.46,,,0.10283,0.23045,0.02714,0.33288,-0.01515,0.1242,spy_options_2015.parquet,1792400
SPY,2015-04-10,2015-04-10T16:00:00-04:00,210.0,2015-07-17,98.0,0.2684931506849315,218.0,put,10.18,10.38,0.0,,,0.1047,-0.76329,0.02672,0.33412,-0.02333,-0.46215,spy_options_2015.parquet,1792400
SPY,2015-04-10,2015-04-10T16:00:00-04:00,210.0,2015-07-17,98.0,0.2684931506849315,219.0,call,1.16,1.17,1.17,459,,0.10003,0.19722,0.02557,0.30484,-0.0134,0.10762,spy_options_2015.parquet,1792401
SPY,2015-04-10,2015-04-10T16:00:00-04:00,210.0,2015-07-17,98.0,0.2684931506849315,219.0,put,10.84,11.09,0.0,,,0.10158,-0.79639,0.02523,0.30602,-0.02195,-0.48256,spy_options_2015.parquet,1792401
SPY,2015-04-10,2015-04-10T16:00:00-04:00,210.0,2015-07-17,98.0,0.2684931506849315,220.0,call,0.9,0.92,0.91,458,,0.09692,0.16612,0.02359,0.27353,-0.01215,0.09042,spy_options_2015.parquet,1792402
SPY,2015-04-10,2015-04-10T16:00:00-04:00,210.0,2015-07-17,98.0,0.2684931506849315,220.0,put,11.63,11.84,11.9,35,,0.09925,-0.82352,0.02344,0.27866,-0.01997,-0.50084,spy_options_2015.parquet,1792402
SPY,2015-04-10,2015-04-10T16:00:00-04:00,210.0,2015-07-17,98.0,0.2684931506849315,221.0,call,0.68,0.72,0.68,10,,0.09354,0.13687,0.02136,0.2408,-0.01019,0.07543,spy_options_2015.parquet,1792403
SPY,2015-04-10,2015-04-10T16:00:00-04:00,210.0,2015-07-17,98.0,0.2684931506849315,221.0,put,12.42,12.65,0.0,,,0.09742,-0.85098,0.02141,0.24983,-0.01839,-0.5186,spy_options_2015.parquet,1792403
SPY,2015-04-10,2015-04-10T16:00:00-04:00,210.0,2015-07-17,98.0,0.2684931506849315,222.0,call,0.51,0.53,0.52,308,,0.09149,0.1102,0.01892,0.20734,-0.0084,0.0611,spy_options_2015.parquet,1792404
SPY,2015-04-10,2015-04-10T16:00:00-04:00,210.0,2015-07-17,98.0,0.2684931506849315,222.0,put,13.25,13.49,0.0,,,0.09595,-0.87489,0.01927,0.22117,-0.01705,-0.53418,spy_options_2015.parquet,1792404
SPY,2015-04-10,2015-04-10T16:00:00-04:00,210.0,2015-07-17,98.0,0.2684931506849315,223.0,call,0.38,0.4,0.37,,,0.08907,0.08887,0.01648,0.17676,-0.0073,0.04918,spy_options_2015.parquet,1792405
SPY,2015-04-10,2015-04-10T16:00:00-04:00,210.0,2015-07-17,98.0,0.2684931506849315,223.0,put,14.12,14.33,0.0,,,0.09363,-0.89673,0.01706,0.19214,-0.01638,-0.54889,spy_options_2015.parquet,1792405
SPY,2015-04-10,2015-04-10T16:00:00-04:00,210.0,2015-07-17,98.0,0.2684931506849315,224.0,call,0.27,0.3,0.27,103,,0.08744,0.06927,0.01399,0.14731,-0.00596,0.03891,spy_options_2015.parquet,1792406
SPY,2015-04-10,2015-04-10T16:00:00-04:00,210.0,2015-07-17,98.0,0.2684931506849315,224.0,put,15.01,15.27,15.81,10,,0.09301,-0.91189,0.01505,0.16822,-0.01507,-0.56028,spy_options_2015.parquet,1792406
SPY,2015-04-10,2015-04-10T16:00:00-04:00,210.0,2015-07-17,98.0,0.2684931506849315,225.0,call,0.19,0.22,0.2,,,0.08549,0.05301,0.01161,0.11999,-0.00478,0.02999,spy_options_2015.parquet,1792407
SPY,2015-04-10,2015-04-10T16:00:00-04:00,210.0,2015-07-17,98.0,0.2684931506849315,225.0,put,15.9,16.18,0.0,,,0.09175,-0.92932,0.01298,0.14176,-0.01414,-0.57246,spy_options_2015.parquet,1792407
SPY,2015-04-10,2015-04-10T16:00:00-04:00,210.0,2015-07-17,98.0,0.2684931506849315,230.0,call,0.04,0.06,0.07,,,0.08604,0.01766,0.00468,0.04976,-0.00234,0.01054,spy_options_2015.parquet,1792408
SPY,2015-04-10,2015-04-10T16:00:00-04:00,210.0,2015-07-17,98.0,0.2684931506849315,230.0,put,20.71,21.11,0.0,,,0.09905,-0.96103,0.00725,0.08553,-0.01205,-0.60319,spy_options_2015.parquet,1792408
SPY,2015-04-10,2015-04-10T16:00:00-04:00,210.0,2015-07-17,98.0,0.2684931506849315,235.0,call,0.02,0.05,0.04,,,0.09301,0.00913,0.00242,0.02739,-0.00092,0.00492,spy_options_2015.parquet,1792409
SPY,2015-04-10,2015-04-10T16:00:00-04:00,210.0,2015-07-17,98.0,0.2684931506849315,235.0,put,25.68,26.07,0.0,,,0.11426,-0.96976,0.00496,0.06834,-0.01188,-0.6217,spy_options_2015.parquet,1792409
SPY,2015-04-10,2015-04-10T16:00:00-04:00,210.0,2015-07-17,98.0,0.2684931506849315,240.0,call,0.0,0.02,0.0,,,0.09997,0.00401,0.00119,0.0151,-0.00041,0.00215,spy_options_2015.parquet,1792410
SPY,2015-04-10,2015-04-10T16:00:00-04:00,210.0,2015-07-17,98.0,0.2684931506849315,240.0,put,30.67,31.05,0.0,,,0.12892,-0.97409,0.00366,0.0566,-0.01151,-0.63863,spy_options_2015.parquet,1792410
SPY,2015-04-10,2015-04-10T16:00:00-04:00,210.0,2015-07-17,98.0,0.2684931506849315,245.0,call,0.0,0.03,0.0,,,0.10881,0.00247,0.0007,0.00975,-0.00079,0.00172,spy_options_2015.parquet,1792411
SPY,2015-04-10,2015-04-10T16:00:00-04:00,210.0,2015-07-17,98.0,0.2684931506849315,245.0,put,35.66,36.04,0.0,,,0.14262,-0.97843,0.00286,0.04892,-0.01156,-0.65439,spy_options_2015.parquet,1792411
SPY,2015-04-10,2015-04-10T16:00:00-04:00,210.0,2015-07-17,98.0,0.2684931506849315,250.0,call,0.0,0.02,0.0,,,0.12129,0.00292,0.00066,0.00911,-0.00053,0.0014,spy_options_2015.parquet,1792412
SPY,2015-04-10,2015-04-10T16:00:00-04:00,210.0,2015-07-17,98.0,0.2684931506849315,250.0,put,40.67,41.03,0.0,,,0.15534,-0.98072,0.00233,0.04229,-0.01133,-0.66872,spy_options_2015.parquet,1792412
SPY,2015-04-10,2015-04-10T16:00:00-04:00,210.0,2015-07-17,98.0,0.2684931506849315,255.0,call,0.0,0.02,0.0,,,0.12508,0.00107,0.00037,0.005,-0.00036,0.00044,spy_options_2015.parquet,1792413
SPY,2015-04-10,2015-04-10T16:00:00-04:00,210.0,2015-07-17,98.0,0.2684931506849315,255.0,put,45.65,46.03,0.0,,,0.16903,-0.98274,0.00185,0.03814,-0.01035,-0.68407,spy_options_2015.parquet,1792413
SPY,2015-04-10,2015-04-10T16:00:00-04:00,210.0,2015-07-17,98.0,0.2684931506849315,260.0,call,0.0,0.0,0.0,,,0.13562,0.00155,0.00025,0.00479,0.0,0.00071,spy_options_2015.parquet,1792414
SPY,2015-04-10,2015-04-10T16:00:00-04:00,210.0,2015-07-17,98.0,0.2684931506849315,260.0,put,50.64,51.02,0.0,,,0.17995,-0.98493,0.00157,0.03323,-0.01047,-0.69804,spy_options_2015.parquet,1792414
SPY,2015-04-10,2015-04-10T16:00:00-04:00,210.0,2015-07-17,98.0,0.2684931506849315,265.0,call,0.0,0.01,0.0,,,0.14643,0.0016,0.00028,0.00429,-0.0007,0.00023,spy_options_2015.parquet,1792415
SPY,2015-04-10,2015-04-10T16:00:00-04:00,210.0,2015-07-17,98.0,0.2684931506849315,265.0,put,55.65,56.01,0.0,,,0.1934,-0.98526,0.00133,0.03192,-0.01055,-0.71193,spy_options_2015.parquet,1792415
SPY,2015-04-10,2015-04-10T16:00:00-04:00,210.0,2015-07-17,98.0,0.2684931506849315,270.0,call,0.0,0.01,0.0,,,0.15774,0.00114,0.00022,0.00416,-0.00028,0.0001,spy_options_2015.parquet,1792416
SPY,2015-04-10,2015-04-10T16:00:00-04:00,210.0,2015-07-17,98.0,0.2684931506849315,270.0,put,60.63,61.0,0.0,,,0.20305,-0.98658,0.00109,0.02718,-0.01011,-0.72664,spy_options_2015.parquet,1792416
SPY,2015-04-10,2015-04-10T16:00:00-04:00,210.0,2015-07-17,98.0,0.2684931506849315,275.0,call,0.0,0.01,0.0,,,0.16794,0.00055,0.00022,0.00372,0.0,0.00087,spy_options_2015.parquet,1792417
SPY,2015-04-10,2015-04-10T16:00:00-04:00,210.0,2015-07-17,98.0,0.2684931506849315,275.0,put,65.62,66.02,0.0,,,0.21614,-0.9876,0.00099,0.02614,-0.01089,-0.74062,spy_options_2015.parquet,1792417
SPY,2015-04-10,2015-04-10T16:00:00-04:00,210.0,2015-07-17,98.0,0.2684931506849315,280.0,call,0.0,0.02,0.0,,,0.17794,0.00133,0.00012,0.00315,-9e-05,0.00062,spy_options_2015.parquet,1792418
SPY,2015-04-10,2015-04-10T16:00:00-04:00,210.0,2015-07-17,98.0,0.2684931506849315,280.0,put,70.62,71.0,0.0,,,0.2241,-0.98901,0.00081,0.02253,-0.00981,-0.7545,spy_options_2015.parquet,1792418
SPY,2015-04-10,2015-04-10T16:00:00-04:00,210.0,2015-07-17,98.0,0.2684931506849315,285.0,call,0.0,0.0,0.0,,,0.18756,0.00131,0.00013,0.00385,-0.00037,0.00079,spy_options_2015.parquet,1792419
SPY,2015-04-10,2015-04-10T16:00:00-04:00,210.0,2015-07-17,98.0,0.2684931506849315,285.0,put,75.62,76.0,0.0,,,0.23597,-0.98905,0.00074,0.02166,-0.00993,-0.76823,spy_options_2015.parquet,1792419
SPY,2015-04-10,2015-04-10T16:00:00-04:00,210.0,2015-07-17,98.0,0.2684931506849315,290.0,call,0.0,0.01,0.0,,,0.19678,0.00107,0.0001,0.00381,-0.00065,0.0003,spy_options_2015.parquet,1792420
SPY,2015-04-10,2015-04-10T16:00:00-04:00,210.0,2015-07-17,98.0,0.2684931506849315,290.0,put,80.62,81.0,0.0,,,0.24551,-0.9904,0.00069,0.01965,-0.01009,-0.78283,spy_options_2015.parquet,1792420
SPY,2015-04-10,2015-04-10T16:00:00-04:00,210.0,2015-07-17,98.0,0.2684931506849315,295.0,call,0.0,0.01,0.0,,,0.20633,0.00112,0.00012,0.00357,-0.00016,0.0003,spy_options_2015.parquet,1792421
SPY,2015-04-10,2015-04-10T16:00:00-04:00,210.0,2015-07-17,98.0,0.2684931506849315,295.0,put,85.61,85.99,0.0,,,0.2534,-0.99087,0.00058,0.01789,-0.00976,-0.79605,spy_options_2015.parquet,1792421
SPY,2015-04-10,2015-04-10T16:00:00-04:00,210.0,2015-07-17,98.0,0.2684931506849315,300.0,call,0.0,0.01,0.0,,,0.21507,0.00123,0.00013,0.00342,-0.00072,0.00075,spy_options_2015.parquet,1792422
SPY,2015-04-10,2015-04-10T16:00:00-04:00,210.0,2015-07-17,98.0,0.2684931506849315,300.0,put,90.61,90.99,0.0,,,0.26429,-0.99128,0.00054,0.01692,-0.01025,-0.80987,spy_options_2015.parquet,1792422
SPY,2015-04-10,2015-04-10T16:00:00-04:00,210.0,2015-07-17,98.0,0.2684931506849315,305.0,call,0.0,0.0,0.0,,,0.22458,0.0005,9e-05,0.00271,-0.00018,0.00033,spy_options_2015.parquet,1792423
SPY,2015-04-10,2015-04-10T16:00:00-04:00,210.0,2015-07-17,98.0,0.2684931506849315,305.0,put,95.6,95.98,0.0,,,0.26844,-0.99194,0.00047,0.0141,-0.00926,-0.82408,spy_options_2015.parquet,1792423
SPY,2015-04-10,2015-04-10T16:00:00-04:00,210.0,2015-07-17,98.0,0.2684931506849315,310.0,call,0.0,0.01,0.0,,,0.23304,0.00059,0.00012,0.00329,-0.00033,0.00066,spy_options_2015.parquet,1792424
SPY,2015-04-10,2015-04-10T16:00:00-04:00,210.0,2015-07-17,98.0,0.2684931506849315,310.0,put,100.6,100.98,0.0,,,0.27938,-0.99239,0.0004,0.01339,-0.00917,-0.83752,spy_options_2015.parquet,1792424
SPY,2015-04-10,2015-04-10T16:00:00-04:00,210.0,2015-09-18,161.0,0.4410958904109589,145.0,call,65.11,65.44,0.0,,,0.38273,0.92726,0.00143,0.14563,-0.0147,0.11755,spy_options_2015.parquet,1792438
SPY,2015-04-10,2015-04-10T16:00:00-04:00,210.0,2015-09-18,161.0,0.4410958904109589,145.0,put,0.37,0.43,0.43,8,,0.29225,-0.0241,0.00142,0.08074,-0.00733,-0.02507,spy_options_2015.parquet,1792438
SPY,2015-04-10,2015-04-10T16:00:00-04:00,210.0,2015-09-18,161.0,0.4410958904109589,150.0,call,60.19,60.48,0.0,,,0.35039,0.92951,0.0018,0.14709,-0.01338,0.13672,spy_options_2015.parquet,1792439
SPY,2015-04-10,2015-04-10T16:00:00-04:00,210.0,2015-09-18,161.0,0.4410958904109589,150.0,put,0.48,0.54,0.51,15,,0.2803,-0.03101,0.00176,0.09826,-0.00853,-0.03128,spy_options_2015.parquet,1792439
SPY,2015-04-10,2015-04-10T16:00:00-04:00,210.0,2015-09-18,161.0,0.4410958904109589,155.0,call,55.27,55.59,0.0,,,0.32354,0.9289,0.00237,0.15501,-0.01279,0.16783,spy_options_2015.parquet,1792440
SPY,2015-04-10,2015-04-10T16:00:00-04:00,210.0,2015-09-18,161.0,0.4410958904109589,155.0,put,0.6,0.69,0.0,,,0.26845,-0.03946,0.0023,0.12046,-0.01008,-0.03985,spy_options_2015.parquet,1792440
SPY,2015-04-10,2015-04-10T16:00:00-04:00,210.0,2015-09-18,161.0,0.4410958904109589,160.0,call,50.37,50.7,0.0,,,0.29866,0.92675,0.00295,0.16632,-0.01188,0.20427,spy_options_2015.parquet,1792441
SPY,2015-04-10,2015-04-10T16:00:00-04:00,210.0,2015-09-18,161.0,0.4410958904109589,160.0,put,0.8,0.85,0.83,79,,0.25749,-0.05121,0.00294,0.14685,-0.01237,-0.05123,spy_options_2015.parquet,1792441
SPY,2015-04-10,2015-04-10T16:00:00-04:00,210.0,2015-09-18,161.0,0.4410958904109589,165.0,call,45.52,45.85,0.0,,,0.27807,0.92026,0.00387,0.18566,-0.01257,0.24866,spy_options_2015.parquet,1792442
SPY,2015-04-10,2015-04-10T16:00:00-04:00,210.0,2015-09-18,161.0,0.4410958904109589,165.0,put,1.02,1.07,1.05,77,,0.24636,-0.06549,0.00364,0.17698,-0.01376,-0.0654,spy_options_2015.parquet,1792442
SPY,2015-04-10,2015-04-10T16:00:00-04:00,210.0,2015-09-18,161.0,0.4410958904109589,170.0,call,40.72,41.04,0.0,,,0.26011,0.90812,0.00491,0.21376,-0.01296,0.29769,spy_options_2015.parquet,1792443
SPY,2015-04-10,2015-04-10T16:00:00-04:00,210.0,2015-09-18,161.0,0.4410958904109589,170.0,put,1.27,1.34,1.32,658,,0.23419,-0.08206,0.00464,0.21157,-0.01565,-0.08207,spy_options_2015.parquet,1792443
SPY,2015-04-10,2015-04-10T16:00:00-04:00,210.0,2015-09-18,161.0,0.4410958904109589,175.0,call,35.99,36.32,0.0,,,0.24358,0.88957,0.00621,0.24923,-0.01463,0.34614,spy_options_2015.parquet,1792444
SPY,2015-04-10,2015-04-10T16:00:00-04:00,210.0,2015-09-18,161.0,0.4410958904109589,175.0,put,1.64,1.67,1.68,506,,0.22266,-0.10428,0.00577,0.25252,-0.01836,-0.10398,spy_options_2015.parquet,1792444
SPY,2015-04-10,2015-04-10T16:00:00-04:00,210.0,2015-09-18,161.0,0.4410958904109589,176.0,call,35.05,35.42,0.0,,,0.24141,0.88505,0.00646,0.25841,-0.01535,0.35637,spy_options_2015.parquet,1792445
SPY,2015-04-10,2015-04-10T16:00:00-04:00,210.0,2015-09-18,161.0,0.4410958904109589,176.0,put,1.71,1.76,1.74,,,0.22039,-0.10954,0.00607,0.26048,-0.01884,-0.10883,spy_options_2015.parquet,1792445
SPY,2015-04-10,2015-04-10T16:00:00-04:00,210.0,2015-09-18,161.0,0.4410958904109589,177.0,call,34.1,34.45,0.0,,,0.23762,0.88095,0.00683,0.26611,-0.01494,0.36432,spy_options_2015.parquet,1792446
SPY,2015-04-10,2015-04-10T16:00:00-04:00,210.0,2015-09-18,161.0,0.4410958904109589,177.0,put,1.8,1.82,1.83,21,,0.21805,-0.11422,0.00629,0.27015,-0.01927,-0.11491,spy_options_2015.parquet,1792446
SPY,2015-04-10,2015-04-10T16:00:00-04:00,210.0,2015-09-18,161.0,0.4410958904109589,178.0,call,33.18,33.55,0.0,,,0.23577,0.87496,0.0071,0.27537,-0.01505,0.37453,spy_options_2015.parquet,1792447
SPY,2015-04-10,2015-04-10T16:00:00-04:00,210.0,2015-09-18,161.0,0.4410958904109589,178.0,put,1.89,1.94,0.0,,,0.21659,-0.12021,0.00661,0.28024,-0.01933,-0.1206,spy_options_2015.parquet,1792447
SPY,2015-04-10,2015-04-10T16:00:00-04:00,210.0,2015-09-18,161.0,0.4410958904109589,179.0,call,32.25,32.6,0.0,,,0.23215,0.87054,0.00742,0.28309,-0.01609,0.38243,spy_options_2015.parquet,1792448
SPY,2015-04-10,2015-04-10T16:00:00-04:00,210.0,2015-09-18,161.0,0.4410958904109589,179.0,put,1.97,2.01,2.01,14,,0.21335,-0.12568,0.00692,0.28807,-0.0197,-0.12624,spy_options_2015.parquet,1792448
SPY,2015-04-10,2015-04-10T16:00:00-04:00,210.0,2015-09-18,161.0,0.4410958904109589,180.0,call,31.32,31.63,0.0,,,0.22836,0.8653,0.00775,0.29108,-0.0161,0.38917,spy_options_2015.parquet,1792449
SPY,2015-04-10,2015-04-10T16:00:00-04:00,210.0,2015-09-18,161.0,0.4410958904109589,180.0,put,2.07,2.11,2.1,,,0.21166,-0.13137,0.00719,0.29735,-0.02041,-0.13217,spy_options_2015.parquet,1792449
SPY,2015-04-10,2015-04-10T16:00:00-04:00,210.0,2015-09-18,161.0,0.4410958904109589,181.0,call,30.42,30.73,0.0,,,0.22587,0.85908,0.00806,0.30199,-0.01593,0.39797,spy_options_2015.parquet,1792450
SPY,2015-04-10,2015-04-10T16:00:00-04:00,210.0,2015-09-18,161.0,0.4410958904109589,181.0,put,2.18,2.21,2.23,50,,0.20888,-0.1379,0.00749,0.30745,-0.02149,-0.13784,spy_options_2015.parquet,1792450
SPY,2015-04-10,2015-04-10T16:00:00-04:00,210.0,2015-09-18,161.0,0.4410958904109589,182.0,call,29.49,29.83,0.0,,,0.22239,0.85246,0.00841,0.3112,-0.01633,0.40623,spy_options_2015.parquet,1792451
SPY,2015-04-10,2015-04-10T16:00:00-04:00,210.0,2015-09-18,161.0,0.4410958904109589,182.0,put,2.27,2.31,2.31,230,,0.20649,-0.14464,0.0078,0.31756,-0.02135,-0.14464,spy_options_2015.parquet,1792451
SPY,2015-04-10,2015-04-10T16:00:00-04:00,210.0,2015-09-18,161.0,0.4410958904109589,183.0,call,28.6,28.9,0.0,,,0.21987,0.84627,0.0087,0.32047,-0.01683,0.41303,spy_options_2015.parquet,1792452
SPY,2015-04-10,2015-04-10T16:00:00-04:00,210.0,2015-09-18,161.0,0.4410958904109589,183.0,put,2.39,2.42,2.48,102,,0.20509,-0.15154,0.00816,0.32805,-0.02238,-0.15233,spy_options_2015.parquet,1792452
SPY,2015-04-10,2015-04-10T16:00:00-04:00,210.0,2015-09-18,161.0,0.4410958904109589,184.0,call,27.69,27.99,0.0,,,0.21691,0.8392,0.00907,0.33072,-0.01713,0.4202,spy_options_2015.parquet,1792453
SPY,2015-04-10,2015-04-10T16:00:00-04:00,210.0,2015-09-18,161.0,0.4410958904109589,184.0,put,2.5,2.54,2.54,158,,0.20216,-0.15901,0.00854,0.33833,-0.02214,-0.15955,spy_options_2015.parquet,1792453
SPY,2015-04-10,2015-04-10T16:00:00-04:00,210.0,2015-09-18,161.0,0.4410958904109589,185.0,call,26.79,27.1,0.0,,,0.21422,0.83231,0.0095,0.34067,-0.01744,0.42697,spy_options_2015.parquet,1792454
SPY,2015-04-10,2015-04-10T16:00:00-04:00,210.0,2015-09-18,161.0,0.4410958904109589,185.0,put,2.62,2.66,2.66,488,,0.20046,-0.16613,0.00889,0.34838,-0.02283,-0.16623,spy_options_2015.parquet,1792454
SPY,2015-04-10,2015-04-10T16:00:00-04:00,210.0,2015-09-18,161.0,0.4410958904109589,186.0,call,25.9,26.23,25.97,5,,0.21094,0.82439,0.00988,0.35167,-0.01801,0.4328,spy_options_2015.parquet,1792455
SPY,2015-04-10,2015-04-10T16:00:00-04:00,210.0,2015-09-18,161.0,0.4410958904109589,186.0,put,2.75,2.79,2.78,635,,0.1983,-0.17417,0.0093,0.35894,-0.02326,-0.17445,spy_options_2015.parquet,1792455
SPY,2015-04-10,2015-04-10T16:00:00-04:00,210.0,2015-09-18,161.0,0.4410958904109589,187.0,call,25.03,25.35,0.0,,,0.20867,0.81585,0.01017,0.36269,-0.0181,0.43916,spy_options_2015.parquet,1792456
SPY,2015-04-10,2015-04-10T16:00:00-04:00,210.0,2015-09-18,161.0,0.4410958904109589,187.0,put,2.87,2.91,3.02,63,,0.19525,-0.18304,0.00961,0.3694,-0.02367,-0.18294,spy_options_2015.parquet,1792456
SPY,2015-04-10,2015-04-10T16:00:00-04:00,210.0,2015-09-18,161.0,0.4410958904109589,188.0,call,24.14,24.43,24.15,1,,0.20534,0.80784,0.01057,0.3736,-0.0187,0.44322,spy_options_2015.parquet,1792457
SPY,2015-04-10,2015-04-10T16:00:00-04:00,210.0,2015-09-18,161.0,0.4410958904109589,188.0,put,3.02,3.07,3.1,489,,0.19282,-0.19157,0.01004,0.3802,-0.0241,-0.19143,spy_options_2015.parquet,1792457
SPY,2015-04-10,2015-04-10T16:00:00-04:00,210.0,2015-09-18,161.0,0.4410958904109589,189.0,call,23.28,23.52,0.0,,,0.20259,0.79959,0.01105,0.38274,-0.01838,0.44822,spy_options_2015.parquet,1792458
SPY,2015-04-10,2015-04-10T16:00:00-04:00,210.0,2015-09-18,161.0,0.4410958904109589,189.0,put,3.16,3.22,3.25,546,,0.19063,-0.2005,0.01045,0.39091,-0.0252,-0.20117,spy_options_2015.parquet,1792458
SPY,2015-04-10,2015-04-10T16:00:00-04:00,210.0,2015-09-18,161.0,0.4410958904109589,190.0,call,22.4,22.66,22.42,10,,0.19933,0.79045,0.0115,0.39423,-0.01902,0.45214,spy_options_2015.parquet,1792459
SPY,2015-04-10,2015-04-10T16:00:00-04:00,210.0,2015-09-18,161.0,0.4410958904109589,190.0,put,3.3,3.35,3.35,,,0.18832,-0.20921,0.01087,0.40084,-0.02561,-0.20964,spy_options_2015.parquet,1792459
SPY,2015-04-10,2015-04-10T16:00:00-04:00,210.0,2015-09-18,161.0,0.4410958904109589,191.0,call,21.53,21.79,0.0,,,0.19632,0.78054,0.01186,0.40533,-0.01956,0.45544,spy_options_2015.parquet,1792460
SPY,2015-04-10,2015-04-10T16:00:00-04:00,210.0,2015-09-18,161.0,0.4410958904109589,191.0,put,3.47,3.51,3.5,38,,0.18564,-0.21912,0.01135,0.41191,-0.02538,-0.21999,spy_options_2015.parquet,1792460
SPY,2015-04-10,2015-04-10T16:00:00-04:00,210.0,2015-09-18,161.0,0.4410958904109589,192.0,call,20.7,20.96,0.0,,,0.19464,0.76992,0.01226,0.416,-0.01975,0.45902,spy_options_2015.parquet,1792461
SPY,2015-04-10,2015-04-10T16:00:00-04:00,210.0,2015-09-18,161.0,0.4410958904109589,192.0,put,3.64,3.69,3.74,23,,0.18417,-0.22973,0.01174,0.42345,-0.02665,-0.23088,spy_options_2015.parquet,1792461
SPY,2015-04-10,2015-04-10T16:00:00-04:00,210.0,2015-09-18,161.0,0.4410958904109589,193.0,call,19.87,20.1,0.0,,,0.19126,0.75931,0.01274,0.42735,-0.02023,0.46108,spy_options_2015.parquet,1792462
SPY,2015-04-10,2015-04-10T16:00:00-04:00,210.0,2015-09-18,161.0,0.4410958904109589,193.0,put,3.81,3.85,3.91,119,,0.18155,-0.24095,0.0122,0.43425,-0.02642,-0.24056,spy_options_2015.parquet,1792462
SPY,2015-04-10,2015-04-10T16:00:00-04:00,210.0,2015-09-18,161.0,0.4410958904109589,194.0,call,19.02,19.27,0.0,,,0.1886,0.74891,0.01318,0.43757,-0.01991,0.46248,spy_options_2015.parquet,1792463
SPY,2015-04-10,2015-04-10T16:00:00-04:00,210.0,2015-09-18,161.0,0.4410958904109589,194.0,put,4.02,4.05,4.09,85,,0.17907,-0.25223,0.01265,0.44498,-0.02751,-0.25289,spy_options_2015.parquet,1792463
SPY,2015-04-10,2015-04-10T16:00:00-04:00,210.0,2015-09-18,161.0,0.4410958904109589,195.0,call,18.2,18.45,16.96,0,,0.18631,0.73655,0.0136,0.44901,-0.02063,0.46377,spy_options_2015.parquet,1792464
SPY,2015-04-10,2015-04-10T16:00:00-04:00,210.0,2015-09-18,161.0,0.4410958904109589,195.0,put,4.19,4.21,4.22,,,0.17696,-0.26312,0.01313,0.45453,-0.02683,-0.26385,spy_options_2015.parquet,1792464
SPY,2015-04-10,2015-04-10T16:00:00-04:00,210.0,2015-09-18,161.0,0.4410958904109589,196.0,call,17.38,17.65,0.0,,,0.18298,0.72505,0.01409,0.45936,-0.02129,0.46451,spy_options_2015.parquet,1792465
SPY,2015-04-10,2015-04-10T16:00:00-04:00,210.0,2015-09-18,161.0,0.4410958904109589,196.0,put,4.4,4.45,4.46,364,,0.17462,-0.27592,0.01362,0.46518,-0.02734,-0.2767,spy_options_2015.parquet,1792465
SPY,2015-04-10,2015-04-10T16:00:00-04:00,210.0,2015-09-18,161.0,0.4410958904109589,197.0,call,16.56,16.8,16.25,1,,0.18079,0.71254,0.01456,0.47002,-0.02118,0.46431,spy_options_2015.parquet,1792466
SPY,2015-04-10,2015-04-10T16:00:00-04:00,210.0,2015-09-18,161.0,0.4410958904109589,197.0,put,4.59,4.68,4.67,315,,0.17163,-0.28883,0.0141,0.47581,-0.02795,-0.28968,spy_options_2015.parquet,1792466
SPY,2015-04-10,2015-04-10T16:00:00-04:00,210.0,2015-09-18,161.0,0.4410958904109589,198.0,call,15.76,16.04,0.0,,,0.17814,0.6987,0.01508,0.47973,-0.02113,0.46253,spy_options_2015.parquet,1792467
SPY,2015-04-10,2015-04-10T16:00:00-04:00,210.0,2015-09-18,161.0,0.4410958904109589,198.0,put,4.81,4.89,4.87,216,,0.16971,-0.30191,0.01467,0.48541,-0.02839,-0.30277,spy_options_2015.parquet,1792467
SPY,2015-04-10,2015-04-10T16:00:00-04:00,210.0,2015-09-18,161.0,0.4410958904109589,199.0,call,14.99,15.24,14.75,1,,0.17486,0.68483,0.01552,0.48969,-0.02169,0.46082,spy_options_2015.parquet,1792468
SPY,2015-04-10,2015-04-10T16:00:00-04:00,210.0,2015-09-18,161.0,0.4410958904109589,199.0,put,5.04,5.13,5.11,150,,0.16727,-0.31581,0.0151,0.49549,-0.02809,-0.31677,spy_options_2015.parquet,1792468
SPY,2015-04-10,2015-04-10T16:00:00-04:00,210.0,2015-09-18,161.0,0.4410958904109589,200.0,call,14.33,14.47,14.33,12,,0.1731,0.66978,0.01584,0.49955,-0.02155,0.4584,spy_options_2015.parquet,1792469
SPY,2015-04-10,2015-04-10T16:00:00-04:00,210.0,2015-09-18,161.0,0.4410958904109589,200.0,put,5.3,5.35,5.33,451,,0.16513,-0.33008,0.01565,0.50464,-0.02921,-0.33098,spy_options_2015.parquet,1792469
SPY,2015-04-10,2015-04-10T16:00:00-04:00,210.0,2015-09-18,161.0,0.4410958904109589,201.0,call,13.45,13.7,13.63,31,,0.16949,0.65533,0.01651,0.50789,-0.02138,0.45472,spy_options_2015.parquet,1792470
SPY,2015-04-10,2015-04-10T16:00:00-04:00,210.0,2015-09-18,161.0,0.4410958904109589,201.0,put,5.54,5.62,5.63,257,,0.16248,-0.34488,0.01614,0.51253,-0.02934,-0.34634,spy_options_2015.parquet,1792470
SPY,2015-04-10,2015-04-10T16:00:00-04:00,210.0,2015-09-18,161.0,0.4410958904109589,202.0,call,12.69,12.94,12.09,0,,0.1662,0.64015,0.01693,0.51692,-0.02159,0.45094,spy_options_2015.parquet,1792471
SPY,2015-04-10,2015-04-10T16:00:00-04:00,210.0,2015-09-18,161.0,0.4410958904109589,202.0,put,5.82,5.87,5.93,261,,0.15953,-0.3602,0.01667,0.52106,-0.02882,-0.36187,spy_options_2015.parquet,1792471
SPY,2015-04-10,2015-04-10T16:00:00-04:00,210.0,2015-09-18,161.0,0.4410958904109589,203.0,call,11.99,12.21,11.72,5,,0.16459,0.62344,0.01733,0.52486,-0.0214,0.4458,spy_options_2015.parquet,1792472
SPY,2015-04-10,2015-04-10T16:00:00-04:00,210.0,2015-09-18,161.0,0.4410958904109589,203.0,put,6.1,6.15,6.19,214,,0.15709,-0.37666,0.01717,0.52855,-0.0295,-0.37744,spy_options_2015.parquet,1792472
SPY,2015-04-10,2015-04-10T16:00:00-04:00,210.0,2015-09-18,161.0,0.4410958904109589,204.0,call,11.29,11.43,11.05,2,,0.16132,0.60779,0.01789,0.53161,-0.0218,0.43972,spy_options_2015.parquet,1792473
SPY,2015-04-10,2015-04-10T16:00:00-04:00,210.0,2015-09-18,161.0,0.4410958904109589,204.0,put,6.39,6.45,6.5,258,,0.15451,-0.3931,0.01772,0.53487,-0.02927,-0.39514,spy_options_2015.parquet,1792473
SPY,2015-04-10,2015-04-10T16:00:00-04:00,210.0,2015-09-18,161.0,0.4410958904109589,205.0,call,10.59,10.75,10.62,106,,0.15922,0.59004,0.0183,0.53737,-0.02177,0.43197,spy_options_2015.parquet,1792474
SPY,2015-04-10,2015-04-10T16:00:00-04:00,210.0,2015-09-18,161.0,0.4410958904109589,205.0,put,6.69,6.75,6.73,315,,0.15172,-0.41064,0.01825,0.54131,-0.02964,-0.41269,spy_options_2015.parquet,1792474
SPY,2015-04-10,2015-04-10T16:00:00-04:00,210.0,2015-09-18,161.0,0.4410958904109589,206.0,call,9.9,10.0,9.82,17,,0.15609,0.5718,0.01882,0.54357,-0.02178,0.4244,spy_options_2015.parquet,1792475
SPY,2015-04-10,2015-04-10T16:00:00-04:00,210.0,2015-09-18,161.0,0.4410958904109589,206.0,put,7.01,7.07,7.15,40,,0.1494,-0.42878,0.01866,0.54552,-0.02929,-0.43068,spy_options_2015.parquet,1792475
SPY,2015-04-10,2015-04-10T16:00:00-04:00,210.0,2015-09-18,161.0,0.4410958904109589,207.0,call,9.2,9.32,9.25,65,,0.15302,0.55307,0.01929,0.54761,-0.02116,0.41561,spy_options_2015.parquet,1792476
SPY,2015-04-10,2015-04-10T16:00:00-04:00,210.0,2015-09-18,161.0,0.4410958904109589,207.0,put,7.36,7.43,7.4,695,,0.14669,-0.44823,0.01908,0.55016,-0.02921,-0.44999,spy_options_2015.parquet,1792476
SPY,2015-04-10,2015-04-10T16:00:00-04:00,210.0,2015-09-18,161.0,0.4410958904109589,208.0,call,8.56,8.66,8.61,755,,0.1503,0.5336,0.01969,0.55058,-0.02107,0.4059,spy_options_2015.parquet,1792477
SPY,2015-04-10,2015-04-10T16:00:00-04:00,210.0,2015-09-18,161.0,0.4410958904109589,208.0,put,7.73,7.79,7.79,,,0.14503,-0.46783,0.01951,0.5522,-0.02926,-0.46979,spy_options_2015.parquet,1792477
SPY,2015-04-10,2015-04-10T16:00:00-04:00,210.0,2015-09-18,161.0,0.4410958904109589,209.0,call,7.91,8.02,7.95,36,,0.14702,0.513,0.02007,0.55279,-0.02099,0.39438,spy_options_2015.parquet,1792478
SPY,2015-04-10,2015-04-10T16:00:00-04:00,210.0,2015-09-18,161.0,0.4410958904109589,209.0,put,8.08,8.16,8.14,267,,0.14202,-0.48771,0.01993,0.55379,-0.02859,-0.49047,spy_options_2015.parquet,1792478
SPY,2015-04-10,2015-04-10T16:00:00-04:00,210.0,2015-09-18,161.0,0.4410958904109589,210.0,call,7.29,7.41,7.33,257,,0.14413,0.49301,0.02032,0.55287,-0.02072,0.38252,spy_options_2015.parquet,1792479
SPY,2015-04-10,2015-04-10T16:00:00-04:00,210.0,2015-09-18,161.0,0.4410958904109589,210.0,put,8.5,8.59,8.55,323,,0.13937,-0.50891,0.02021,0.55353,-0.02886,-0.51157,spy_options_2015.parquet,1792479
SPY,2015-04-10,2015-04-10T16:00:00-04:00,210.0,2015-09-18,161.0,0.4410958904109589,211.0,call,6.68,6.78,6.7,270,,0.14173,0.47048,0.02067,0.55237,-0.0199,0.36998,spy_options_2015.parquet,1792480
SPY,2015-04-10,2015-04-10T16:00:00-04:00,210.0,2015-09-18,161.0,0.4410958904109589,211.0,put,8.9,8.99,8.99,971,,0.13666,-0.5306,0.02058,0.55219,-0.02831,-0.53379,spy_options_2015.parquet,1792480
SPY,2015-04-10,2015-04-10T16:00:00-04:00,210.0,2015-09-18,161.0,0.4410958904109589,212.0,call,6.1,6.2,6.16,6,,0.13876,0.44911,0.02096,0.54903,-0.02015,0.35605,spy_options_2015.parquet,1792481
SPY,2015-04-10,2015-04-10T16:00:00-04:00,210.0,2015-09-18,161.0,0.4410958904109589,212.0,put,9.32,9.47,9.4,19,,0.13408,-0.55202,0.02087,0.54873,-0.02832,-0.55628,spy_options_2015.parquet,1792481
SPY,2015-04-10,2015-04-10T16:00:00-04:00,210.0,2015-09-18,161.0,0.4410958904109589,213.0,call,5.55,5.64,5.59,56,,0.1356,0.42631,0.02111,0.54428,-0.01909,0.34202,spy_options_2015.parquet,1792482
SPY,2015-04-10,2015-04-10T16:00:00-04:00,210.0,2015-09-18,161.0,0.4410958904109589,213.0,put,9.78,9.99,10.03,1,,0.13226,-0.57487,0.02102,0.54298,-0.02805,-0.57942,spy_options_2015.parquet,1792482
SPY,2015-04-10,2015-04-10T16:00:00-04:00,210.0,2015-09-18,161.0,0.4410958904109589,214.0,call,5.01,5.11,4.97,108,,0.1326,0.40238,0.02129,0.5373,-0.01904,0.32595,spy_options_2015.parquet,1792483
SPY,2015-04-10,2015-04-10T16:00:00-04:00,210.0,2015-09-18,161.0,0.4410958904109589,214.0,put,10.24,10.49,10.5,4,,0.12957,-0.59797,0.02117,0.53519,-0.02702,-0.60316,spy_options_2015.parquet,1792483
SPY,2015-04-10,2015-04-10T16:00:00-04:00,210.0,2015-09-18,161.0,0.4410958904109589,215.0,call,4.49,4.59,4.49,115,,0.13046,0.37895,0.02128,0.52838,-0.01811,0.30964,spy_options_2015.parquet,1792484
SPY,2015-04-10,2015-04-10T16:00:00-04:00,210.0,2015-09-18,161.0,0.4410958904109589,215.0,put,10.75,10.98,10.87,156,,0.12719,-0.621,0.02119,0.52591,-0.02675,-0.62713,spy_options_2015.parquet,1792484
SPY,2015-04-10,2015-04-10T16:00:00-04:00,210.0,2015-09-18,161.0,0.4410958904109589,216.0,call,4.02,4.11,3.98,29,,0.12692,0.35535,0.02127,0.51824,-0.01729,0.29274,spy_options_2015.parquet,1792485
SPY,2015-04-10,2015-04-10T16:00:00-04:00,210.0,2015-09-18,161.0,0.4410958904109589,216.0,put,11.26,11.54,11.52,1,,0.12467,-0.64538,0.02116,0.51452,-0.0257,-0.6517,spy_options_2015.parquet,1792485
SPY,2015-04-10,2015-04-10T16:00:00-04:00,210.0,2015-09-18,161.0,0.4410958904109589,217.0,call,3.57,3.66,3.52,117,,0.12509,0.33016,0.02108,0.50441,-0.01695,0.27526,spy_options_2015.parquet,1792486
SPY,2015-04-10,2015-04-10T16:00:00-04:00,210.0,2015-09-18,161.0,0.4410958904109589,217.0,put,11.86,12.11,0.0,,,0.12222,-0.6693,0.02096,0.50086,-0.02502,-0.67593,spy_options_2015.parquet,1792486
SPY,2015-04-10,2015-04-10T16:00:00-04:00,210.0,2015-09-18,161.0,0.4410958904109589,218.0,call,3.14,3.2,3.18,56,,0.12141,0.30549,0.02087,0.48851,-0.01539,0.25596,spy_options_2015.parquet,1792487
SPY,2015-04-10,2015-04-10T16:00:00-04:00,210.0,2015-09-18,161.0,0.4410958904109589,218.0,put,12.45,12.71,14.59,0,,0.12012,-0.69268,0.02064,0.48383,-0.02407,-0.70108,spy_options_2015.parquet,1792487
SPY,2015-04-10,2015-04-10T16:00:00-04:00,210.0,2015-09-18,161.0,0.4410958904109589,219.0,call,2.74,2.81,2.73,42,,0.11848,0.28127,0.0205,0.47027,-0.01516,0.23724,spy_options_2015.parquet,1792488
SPY,2015-04-10,2015-04-10T16:00:00-04:00,210.0,2015-09-18,161.0,0.4410958904109589,219.0,put,13.07,13.34,0.0,,,0.11717,-0.71718,0.02026,0.46532,-0.02366,-0.72694,spy_options_2015.parquet,1792488
SPY,2015-04-10,2015-04-10T16:00:00-04:00,210.0,2015-09-18,161.0,0.4410958904109589,220.0,call,2.38,2.42,2.4,,,0.11662,0.25573,0.02,0.44937,-0.01413,0.21796,spy_options_2015.parquet,1792489
SPY,2015-04-10,2015-04-10T16:00:00-04:00,210.0,2015-09-18,161.0,0.4410958904109589,220.0,put,13.71,13.97,14.0,11,,0.11533,-0.74129,0.01973,0.44398,-0.02321,-0.75188,spy_options_2015.parquet,1792489
SPY,2015-04-10,2015-04-10T16:00:00-04:00,210.0,2015-09-18,161.0,0.4410958904109589,225.0,call,1.01,1.03,1.03,,,0.10407,0.14234,0.01559,0.31548,-0.00906,0.12513,spy_options_2015.parquet,1792490
SPY,2015-04-10,2015-04-10T16:00:00-04:00,210.0,2015-09-18,161.0,0.4410958904109589,225.0,put,17.46,17.71,17.5,103,,0.10493,-0.8478,0.01543,0.31865,-0.01793,-0.86699,spy_options_2015.parquet,1792490
SPY,2015-04-10,2015-04-10T16:00:00-04:00,210.0,2015-09-18,161.0,0.4410958904109589,230.0,call,0.35,0.4,0.34,266,,0.09557,0.06485,0.00952,0.17944,-0.00435,0.05826,spy_options_2015.parquet,1792491
SPY,2015-04-10,2015-04-10T16:00:00-04:00,210.0,2015-09-18,161.0,0.4410958904109589,230.0,put,21.75,22.09,0.0,,,0.09757,-0.92365,0.00972,0.18666,-0.01442,-0.95713,spy_options_2015.parquet,1792491
SPY,2015-04-10,2015-04-10T16:00:00-04:00,210.0,2015-09-18,161.0,0.4410958904109589,235.0,call,0.11,0.16,0.11,,,0.09154,0.02701,0.00483,0.08916,-0.00257,0.02437,spy_options_2015.parquet,1792492
SPY,2015-04-10,2015-04-10T16:00:00-04:00,210.0,2015-09-18,161.0,0.4410958904109589,235.0,put,26.57,26.88,0.0,,,0.10021,-0.95383,0.00604,0.11706,-0.01297,-1.00726,spy_options_2015.parquet,1792492
SPY,2015-04-10,2015-04-10T16:00:00-04:00,210.0,2015-09-18,161.0,0.4410958904109589,240.0,call,0.03,0.07,0.0,,,0.09146,0.01187,0.00231,0.04373,-0.00131,0.01104,spy_options_2015.parquet,1792493
SPY,2015-04-10,2015-04-10T16:00:00-04:00,210.0,2015-09-18,161.0,0.4410958904109589,240.0,put,31.44,31.84,0.0,,,0.10472,-0.96927,0.00379,0.0788,-0.01177,-1.04251,spy_options_2015.parquet,1792493
SPY,2015-04-10,2015-04-10T16:00:00-04:00,210.0,2015-09-18,161.0,0.4410958904109589,245.0,call,0.0,0.05,0.0,,,0.09705,0.00685,0.00138,0.02776,-0.00048,0.00638,spy_options_2015.parquet,1792494
SPY,2015-04-10,2015-04-10T16:00:00-04:00,210.0,2015-09-18,161.0,0.4410958904109589,245.0,put,36.42,36.82,0.0,,,0.11448,-0.97418,0.00278,0.06317,-0.0117,-1.07014,spy_options_2015.parquet,1792494
SPY,2015-04-10,2015-04-10T16:00:00-04:00,210.0,2015-09-18,161.0,0.4410958904109589,250.0,call,0.0,0.04,0.0,,,0.10299,0.0044,0.00093,0.01906,-0.00017,0.00463,spy_options_2015.parquet,1792495
SPY,2015-04-10,2015-04-10T16:00:00-04:00,210.0,2015-09-18,161.0,0.4410958904109589,250.0,put,41.39,41.8,0.0,,,0.12242,-0.97824,0.00212,0.05083,-0.01133,-1.09629,spy_options_2015.parquet,1792495
SPY,2015-04-10,2015-04-10T16:00:00-04:00,210.0,2015-09-18,161.0,0.4410958904109589,255.0,call,0.0,0.01,0.0,,,0.10614,0.0019,0.00052,0.0108,-0.00041,0.00248,spy_options_2015.parquet,1792496
SPY,2015-04-10,2015-04-10T16:00:00-04:00,210.0,2015-09-18,161.0,0.4410958904109589,255.0,put,46.37,46.78,0.0,,,0.1291,-0.98167,0.00153,0.0396,-0.01032,-1.12127,spy_options_2015.parquet,1792496
SPY,2015-04-10,2015-04-10T16:00:00-04:00,210.0,2015-09-18,161.0,0.4410958904109589,260.0,call,0.0,0.01,0.0,,,0.11558,0.00178,0.00043,0.00994,-0.0002,0.00254,spy_options_2015.parquet,1792497
SPY,2015-04-10,2015-04-10T16:00:00-04:00,210.0,2015-09-18,161.0,0.4410958904109589,260.0,put,51.37,51.76,0.0,,,0.13708,-0.98357,0.00126,0.03332,-0.0107,-1.14517,spy_options_2015.parquet,1792497
SPY,2015-04-10,2015-04-10T16:00:00-04:00,210.0,2015-09-18,161.0,0.4410958904109589,265.0,call,0.0,0.02,0.0,,,0.12422,0.00224,0.00037,0.00954,0.0,0.00235,spy_options_2015.parquet,1792498
SPY,2015-04-10,2015-04-10T16:00:00-04:00,210.0,2015-09-18,161.0,0.4410958904109589,265.0,put,56.35,56.74,0.0,,,0.14398,-0.98591,0.00101,0.02777,-0.01003,-1.16857,spy_options_2015.parquet,1792498
SPY,2015-04-10,2015-04-10T16:00:00-04:00,210.0,2015-09-18,161.0,0.4410958904109589,270.0,call,0.0,0.02,0.0,,,0.13195,0.00205,0.00031,0.00869,0.0,0.0014,spy_options_2015.parquet,1792499
SPY,2015-04-10,2015-04-10T16:00:00-04:00,210.0,2015-09-18,161.0,0.4410958904109589,270.0,put,61.35,61.75,0.0,,,0.14977,-0.98761,0.00073,0.02196,-0.01037,-1.19296,spy_options_2015.parquet,1792499
SPY,2015-04-10,2015-04-10T16:00:00-04:00,210.0,2015-09-18,161.0,0.4410958904109589,275.0,call,0.0,0.01,0.0,,,0.14118,0.00204,0.00029,0.00792,-0.00058,0.00175,spy_options_2015.parquet,1792500
SPY,2015-04-10,2015-04-10T16:00:00-04:00,210.0,2015-09-18,161.0,0.4410958904109589,275.0,put,66.34,66.72,0.0,,,0.15355,-0.98832,0.00058,0.01613,-0.01039,-1.21642,spy_options_2015.parquet,1792500
SPY,2015-04-10,2015-04-10T16:00:00-04:00,210.0,2015-09-18,161.0,0.4410958904109589,280.0,call,0.0,0.02,0.0,,,0.14899,0.00184,0.00027,0.00835,0.0,0.0014,spy_options_2015.parquet,1792501
SPY,2015-04-10,2015-04-10T16:00:00-04:00,210.0,2015-09-18,161.0,0.4410958904109589,280.0,put,71.33,71.71,0.0,,,0.14222,-0.99188,0.0002,0.00459,-0.01002,-1.24062,spy_options_2015.parquet,1792501
SPY,2015-04-10,2015-04-10T16:00:00-04:00,210.0,2015-09-18,161.0,0.4410958904109589,285.0,call,0.0,0.02,0.0,,,0.15747,0.00197,0.00022,0.0074,-0.00046,0.00135,spy_options_2015.parquet,1792502
SPY,2015-04-10,2015-04-10T16:00:00-04:00,210.0,2015-09-18,161.0,0.4410958904109589,285.0,put,76.3,76.71,0.0,,,2e-05,-1.0,0.0,-759.89976,0.0,0.0,spy_options_2015.parquet,1792502
SPY,2015-04-10,2015-04-10T16:00:00-04:00,210.0,2015-09-18,161.0,0.4410958904109589,290.0,call,0.0,0.02,0.0,,,0.1653,0.00199,0.00025,0.00733,-8e-05,0.00096,spy_options_2015.parquet,1792503
SPY,2015-04-10,2015-04-10T16:00:00-04:00,210.0,2015-09-18,161.0,0.4410958904109589,290.0,put,81.29,81.69,0.0,,,6e-05,-1.0,0.0,-809.90025,0.0,0.0,spy_options_2015.parquet,1792503
SPY,2015-04-10,2015-04-10T16:00:00-04:00,210.0,2015-09-18,161.0,0.4410958904109589,295.0,call,0.0,0.02,0.0,,,0.17194,0.00187,0.00021,0.00728,-0.00076,0.00133,spy_options_2015.parquet,1792504
SPY,2015-04-10,2015-04-10T16:00:00-04:00,210.0,2015-09-18,161.0,0.4410958904109589,295.0,put,86.3,86.68,0.0,,,0.00051,-1.0,0.0,-859.89956,0.0,0.0,spy_options_2015.parquet,1792504
SPY,2015-04-10,2015-04-10T16:00:00-04:00,210.0,2015-09-18,161.0,0.4410958904109589,300.0,call,0.0,0.01,0.0,,,0.17909,0.00149,0.00016,0.00694,-7e-05,0.00114,spy_options_2015.parquet,1792505
SPY,2015-04-10,2015-04-10T16:00:00-04:00,210.0,2015-09-18,161.0,0.4410958904109589,300.0,put,91.27,91.67,0.0,,,0.00026,-1.0,0.0,-909.89988,0.0,0.0,spy_options_2015.parquet,1792505
SPY,2015-04-10,2015-04-10T16:00:00-04:00,210.0,2015-09-18,161.0,0.4410958904109589,305.0,call,0.0,0.03,0.0,,,0.1872,0.00139,0.00021,0.00644,-0.00042,0.00105,spy_options_2015.parquet,1792506
SPY,2015-04-10,2015-04-10T16:00:00-04:00,210.0,2015-09-18,161.0,0.4410958904109589,305.0,put,96.27,96.65,0.0,,,0.00037,-1.0,0.0,-959.89957,0.0,0.0,spy_options_2015.parquet,1792506
SPY,2015-04-10,2015-04-10T16:00:00-04:00,210.0,2015-09-30,173.0,0.473972602739726,145.0,call,65.13,65.45,0.0,,,0.36893,0.92683,0.00134,0.15302,-0.01405,0.12848,spy_options_2015.parquet,1792521
SPY,2015-04-10,2015-04-10T16:00:00-04:00,210.0,2015-09-30,173.0,0.473972602739726,145.0,put,0.44,0.52,0.58,0,,0.29028,-0.0271,0.00153,0.09113,-0.00829,-0.0302,spy_options_2015.parquet,1792521
SPY,2015-04-10,2015-04-10T16:00:00-04:00,210.0,2015-09-30,173.0,0.473972602739726,150.0,call,60.18,60.51,0.0,,,0.33821,0.92887,0.00173,0.15475,-0.01238,0.15018,spy_options_2015.parquet,1792522
SPY,2015-04-10,2015-04-10T16:00:00-04:00,210.0,2015-09-30,173.0,0.473972602739726,150.0,put,0.55,0.65,0.0,,,0.27751,-0.03465,0.00191,0.11109,-0.00889,-0.03763,spy_options_2015.parquet,1792522
SPY,2015-04-10,2015-04-10T16:00:00-04:00,210.0,2015-09-30,173.0,0.473972602739726,155.0,call,55.26,55.6,0.0,,,0.31239,0.92823,0.00228,0.16194,-0.01213,0.18302,spy_options_2015.parquet,1792523
SPY,2015-04-10,2015-04-10T16:00:00-04:00,210.0,2015-09-30,173.0,0.473972602739726,155.0,put,0.7,0.78,0.0,,,0.26634,-0.0439,0.00234,0.13399,-0.01024,-0.0474,spy_options_2015.parquet,1792523
SPY,2015-04-10,2015-04-10T16:00:00-04:00,210.0,2015-09-30,173.0,0.473972602739726,160.0,call,50.39,50.74,0.0,,,0.28932,0.92539,0.00298,0.17552,-0.01142,0.22575,spy_options_2015.parquet,1792524
SPY,2015-04-10,2015-04-10T16:00:00-04:00,210.0,2015-09-30,173.0,0.473972602739726,160.0,put,0.9,0.98,0.0,,,0.25608,-0.05529,0.00299,0.16231,-0.01273,-0.06011,spy_options_2015.parquet,1792524
SPY,2015-04-10,2015-04-10T16:00:00-04:00,210.0,2015-09-30,173.0,0.473972602739726,165.0,call,45.56,45.88,0.0,,,0.26954,0.91773,0.00381,0.19553,-0.01234,0.27341,spy_options_2015.parquet,1792525
SPY,2015-04-10,2015-04-10T16:00:00-04:00,210.0,2015-09-30,173.0,0.473972602739726,165.0,put,1.11,1.23,1.22,6,,0.24398,-0.06928,0.00375,0.1938,-0.01439,-0.07464,spy_options_2015.parquet,1792525
SPY,2015-04-10,2015-04-10T16:00:00-04:00,210.0,2015-09-30,173.0,0.473972602739726,170.0,call,40.77,41.09,0.0,,,0.25284,0.90584,0.00491,0.22584,-0.01274,0.32583,spy_options_2015.parquet,1792526
SPY,2015-04-10,2015-04-10T16:00:00-04:00,210.0,2015-09-30,173.0,0.473972602739726,170.0,put,1.41,1.5,1.5,114,,0.23326,-0.08796,0.00474,0.23057,-0.01573,-0.09465,spy_options_2015.parquet,1792526
SPY,2015-04-10,2015-04-10T16:00:00-04:00,210.0,2015-09-30,173.0,0.473972602739726,175.0,call,36.05,36.39,0.0,,,0.23683,0.88716,0.00618,0.26302,-0.01435,0.37797,spy_options_2015.parquet,1792527
SPY,2015-04-10,2015-04-10T16:00:00-04:00,210.0,2015-09-30,173.0,0.473972602739726,175.0,put,1.77,1.89,1.84,18,,0.22142,-0.11042,0.00583,0.27211,-0.01845,-0.11915,spy_options_2015.parquet,1792527
SPY,2015-04-10,2015-04-10T16:00:00-04:00,210.0,2015-09-30,173.0,0.473972602739726,177.0,call,34.18,34.52,0.0,,,0.23077,0.87824,0.00675,0.28016,-0.01493,0.39727,spy_options_2015.parquet,1792528
SPY,2015-04-10,2015-04-10T16:00:00-04:00,210.0,2015-09-30,173.0,0.473972602739726,177.0,put,1.94,2.06,2.08,200,,0.21718,-0.12045,0.0064,0.29046,-0.01912,-0.12997,spy_options_2015.parquet,1792528
SPY,2015-04-10,2015-04-10T16:00:00-04:00,210.0,2015-09-30,173.0,0.473972602739726,178.0,call,33.24,33.58,0.0,,,0.22799,0.87325,0.00709,0.28784,-0.01491,0.40661,spy_options_2015.parquet,1792529
SPY,2015-04-10,2015-04-10T16:00:00-04:00,210.0,2015-09-30,173.0,0.473972602739726,178.0,put,2.04,2.15,0.0,,,0.21522,-0.12649,0.00659,0.29975,-0.01973,-0.13671,spy_options_2015.parquet,1792529
SPY,2015-04-10,2015-04-10T16:00:00-04:00,210.0,2015-09-30,173.0,0.473972602739726,179.0,call,32.31,32.66,0.0,,,0.22473,0.86832,0.00731,0.29765,-0.0153,0.41534,spy_options_2015.parquet,1792530
SPY,2015-04-10,2015-04-10T16:00:00-04:00,210.0,2015-09-30,173.0,0.473972602739726,179.0,put,2.14,2.26,0.0,,,0.21268,-0.13173,0.00692,0.3098,-0.02003,-0.14269,spy_options_2015.parquet,1792530
SPY,2015-04-10,2015-04-10T16:00:00-04:00,210.0,2015-09-30,173.0,0.473972602739726,180.0,call,31.42,31.72,0.0,,,0.22168,0.86294,0.00765,0.30656,-0.01559,0.42426,spy_options_2015.parquet,1792531
SPY,2015-04-10,2015-04-10T16:00:00-04:00,210.0,2015-09-30,173.0,0.473972602739726,180.0,put,2.25,2.34,2.28,283,,0.21081,-0.13834,0.00722,0.31955,-0.02028,-0.14968,spy_options_2015.parquet,1792531
SPY,2015-04-10,2015-04-10T16:00:00-04:00,210.0,2015-09-30,173.0,0.473972602739726,181.0,call,30.48,30.84,0.0,,,0.21979,0.85602,0.00804,0.31742,-0.01621,0.4335,spy_options_2015.parquet,1792532
SPY,2015-04-10,2015-04-10T16:00:00-04:00,210.0,2015-09-30,173.0,0.473972602739726,181.0,put,2.35,2.45,0.0,,,0.2088,-0.1447,0.00749,0.32942,-0.0209,-0.15581,spy_options_2015.parquet,1792532
SPY,2015-04-10,2015-04-10T16:00:00-04:00,210.0,2015-09-30,173.0,0.473972602739726,182.0,call,29.6,29.93,0.0,,,0.21712,0.85004,0.00835,0.32772,-0.0163,0.44147,spy_options_2015.parquet,1792533
SPY,2015-04-10,2015-04-10T16:00:00-04:00,210.0,2015-09-30,173.0,0.473972602739726,182.0,put,2.48,2.57,2.56,2,,0.20618,-0.15107,0.00786,0.3396,-0.02173,-0.1638,spy_options_2015.parquet,1792533
SPY,2015-04-10,2015-04-10T16:00:00-04:00,210.0,2015-09-30,173.0,0.473972602739726,183.0,call,28.7,28.98,0.0,,,0.2137,0.84382,0.00861,0.33755,-0.01639,0.44938,spy_options_2015.parquet,1792534
SPY,2015-04-10,2015-04-10T16:00:00-04:00,210.0,2015-09-30,173.0,0.473972602739726,183.0,put,2.59,2.68,0.0,,,0.2048,-0.15793,0.00809,0.34954,-0.02169,-0.17095,spy_options_2015.parquet,1792534
SPY,2015-04-10,2015-04-10T16:00:00-04:00,210.0,2015-09-30,173.0,0.473972602739726,184.0,call,27.79,28.13,0.0,,,0.21218,0.8357,0.00903,0.34848,-0.01636,0.45748,spy_options_2015.parquet,1792535
SPY,2015-04-10,2015-04-10T16:00:00-04:00,210.0,2015-09-30,173.0,0.473972602739726,184.0,put,2.71,2.8,2.74,120,,0.20174,-0.16547,0.00849,0.35965,-0.02259,-0.17862,spy_options_2015.parquet,1792535
SPY,2015-04-10,2015-04-10T16:00:00-04:00,210.0,2015-09-30,173.0,0.473972602739726,185.0,call,26.91,27.24,0.0,,,0.20918,0.82872,0.00932,0.35871,-0.01666,0.46348,spy_options_2015.parquet,1792536
SPY,2015-04-10,2015-04-10T16:00:00-04:00,210.0,2015-09-30,173.0,0.473972602739726,185.0,put,2.83,2.93,2.92,109,,0.20015,-0.17307,0.00882,0.37043,-0.02247,-0.18665,spy_options_2015.parquet,1792536
SPY,2015-04-10,2015-04-10T16:00:00-04:00,210.0,2015-09-30,173.0,0.473972602739726,186.0,call,26.02,26.36,0.0,,,0.20663,0.82047,0.00973,0.36991,-0.0176,0.4704,spy_options_2015.parquet,1792537
SPY,2015-04-10,2015-04-10T16:00:00-04:00,210.0,2015-09-30,173.0,0.473972602739726,186.0,put,2.98,3.07,3.05,4,,0.19817,-0.1811,0.00915,0.38128,-0.02281,-0.19579,spy_options_2015.parquet,1792537
SPY,2015-04-10,2015-04-10T16:00:00-04:00,210.0,2015-09-30,173.0,0.473972602739726,187.0,call,25.15,25.48,0.0,,,0.20453,0.81244,0.01004,0.38083,-0.01765,0.47653,spy_options_2015.parquet,1792538
SPY,2015-04-10,2015-04-10T16:00:00-04:00,210.0,2015-09-30,173.0,0.473972602739726,187.0,put,3.11,3.2,3.19,171,,0.19562,-0.18917,0.00948,0.39131,-0.02392,-0.20425,spy_options_2015.parquet,1792538
SPY,2015-04-10,2015-04-10T16:00:00-04:00,210.0,2015-09-30,173.0,0.473972602739726,188.0,call,24.29,24.59,0.0,,,0.20207,0.80421,0.01048,0.39145,-0.0179,0.4812,spy_options_2015.parquet,1792539
SPY,2015-04-10,2015-04-10T16:00:00-04:00,210.0,2015-09-30,173.0,0.473972602739726,188.0,put,3.25,3.34,3.34,99,,0.19369,-0.19763,0.00994,0.40201,-0.02452,-0.21411,spy_options_2015.parquet,1792539
SPY,2015-04-10,2015-04-10T16:00:00-04:00,210.0,2015-09-30,173.0,0.473972602739726,189.0,call,23.41,23.69,0.0,,,0.19878,0.79535,0.0109,0.40249,-0.0182,0.48552,spy_options_2015.parquet,1792540
SPY,2015-04-10,2015-04-10T16:00:00-04:00,210.0,2015-09-30,173.0,0.473972602739726,189.0,put,3.41,3.51,3.47,88,,0.19062,-0.20735,0.01027,0.41336,-0.02465,-0.22369,spy_options_2015.parquet,1792540
SPY,2015-04-10,2015-04-10T16:00:00-04:00,210.0,2015-09-30,173.0,0.473972602739726,190.0,call,22.56,22.84,22.11,20,,0.19625,0.78654,0.01129,0.4133,-0.01909,0.48981,spy_options_2015.parquet,1792541
SPY,2015-04-10,2015-04-10T16:00:00-04:00,210.0,2015-09-30,173.0,0.473972602739726,190.0,put,3.58,3.66,3.6,78,,0.18842,-0.21674,0.01072,0.42367,-0.02482,-0.2338,spy_options_2015.parquet,1792541
SPY,2015-04-10,2015-04-10T16:00:00-04:00,210.0,2015-09-30,173.0,0.473972602739726,191.0,call,21.68,21.96,0.0,,,0.19263,0.77758,0.01167,0.42416,-0.01865,0.49411,spy_options_2015.parquet,1792542
SPY,2015-04-10,2015-04-10T16:00:00-04:00,210.0,2015-09-30,173.0,0.473972602739726,191.0,put,3.73,3.83,0.0,,,0.18651,-0.22572,0.01114,0.43465,-0.02478,-0.24468,spy_options_2015.parquet,1792542
SPY,2015-04-10,2015-04-10T16:00:00-04:00,210.0,2015-09-30,173.0,0.473972602739726,192.0,call,20.86,21.14,0.0,,,0.19031,0.76637,0.01213,0.43544,-0.01889,0.49695,spy_options_2015.parquet,1792543
SPY,2015-04-10,2015-04-10T16:00:00-04:00,210.0,2015-09-30,173.0,0.473972602739726,192.0,put,3.9,4.0,0.0,,,0.18377,-0.23599,0.01148,0.44516,-0.02546,-0.25539,spy_options_2015.parquet,1792543
SPY,2015-04-10,2015-04-10T16:00:00-04:00,210.0,2015-09-30,173.0,0.473972602739726,193.0,call,20.03,20.31,0.0,,,0.18805,0.75547,0.01254,0.4477,-0.0195,0.49937,spy_options_2015.parquet,1792544
SPY,2015-04-10,2015-04-10T16:00:00-04:00,210.0,2015-09-30,173.0,0.473972602739726,193.0,put,4.09,4.18,4.2,15,,0.18163,-0.2473,0.01188,0.45551,-0.02552,-0.26632,spy_options_2015.parquet,1792544
SPY,2015-04-10,2015-04-10T16:00:00-04:00,210.0,2015-09-30,173.0,0.473972602739726,194.0,call,19.21,19.48,0.0,,,0.18547,0.74508,0.01296,0.45787,-0.01993,0.50096,spy_options_2015.parquet,1792545
SPY,2015-04-10,2015-04-10T16:00:00-04:00,210.0,2015-09-30,173.0,0.473972602739726,194.0,put,4.28,4.37,4.37,12,,0.17963,-0.25809,0.01233,0.46599,-0.02587,-0.2789,spy_options_2015.parquet,1792545
SPY,2015-04-10,2015-04-10T16:00:00-04:00,210.0,2015-09-30,173.0,0.473972602739726,195.0,call,18.37,18.64,18.34,4,,0.18322,0.73342,0.01336,0.46926,-0.02005,0.50152,spy_options_2015.parquet,1792546
SPY,2015-04-10,2015-04-10T16:00:00-04:00,210.0,2015-09-30,173.0,0.473972602739726,195.0,put,4.45,4.57,4.57,102,,0.17751,-0.26952,0.01279,0.47712,-0.0268,-0.29051,spy_options_2015.parquet,1792546
SPY,2015-04-10,2015-04-10T16:00:00-04:00,210.0,2015-09-30,173.0,0.473972602739726,196.0,call,17.55,17.86,0.0,,,0.18024,0.72162,0.01383,0.47972,-0.02028,0.502,spy_options_2015.parquet,1792547
SPY,2015-04-10,2015-04-10T16:00:00-04:00,210.0,2015-09-30,173.0,0.473972602739726,196.0,put,4.69,4.79,5.59,0,,0.17559,-0.28095,0.01324,0.48709,-0.02665,-0.30351,spy_options_2015.parquet,1792547
SPY,2015-04-10,2015-04-10T16:00:00-04:00,210.0,2015-09-30,173.0,0.473972602739726,197.0,call,16.75,17.05,0.0,,,0.17773,0.7085,0.01423,0.48978,-0.02011,0.50059,spy_options_2015.parquet,1792548
SPY,2015-04-10,2015-04-10T16:00:00-04:00,210.0,2015-09-30,173.0,0.473972602739726,197.0,put,4.87,4.99,0.0,,,0.17249,-0.29307,0.01367,0.49676,-0.02722,-0.31667,spy_options_2015.parquet,1792548
SPY,2015-04-10,2015-04-10T16:00:00-04:00,210.0,2015-09-30,173.0,0.473972602739726,198.0,call,15.96,16.22,0.0,,,0.17522,0.69579,0.01476,0.49976,-0.02008,0.49948,spy_options_2015.parquet,1792549
SPY,2015-04-10,2015-04-10T16:00:00-04:00,210.0,2015-09-30,173.0,0.473972602739726,198.0,put,5.11,5.22,6.17,0,,0.17,-0.30588,0.01418,0.50664,-0.02695,-0.33135,spy_options_2015.parquet,1792549
SPY,2015-04-10,2015-04-10T16:00:00-04:00,210.0,2015-09-30,173.0,0.473972602739726,199.0,call,15.18,15.46,0.0,,,0.17292,0.68265,0.01517,0.50992,-0.02083,0.49751,spy_options_2015.parquet,1792550
SPY,2015-04-10,2015-04-10T16:00:00-04:00,210.0,2015-09-30,173.0,0.473972602739726,199.0,put,5.35,5.46,0.0,,,0.16831,-0.31953,0.01463,0.51629,-0.02718,-0.34549,spy_options_2015.parquet,1792550
SPY,2015-04-10,2015-04-10T16:00:00-04:00,210.0,2015-09-30,173.0,0.473972602739726,200.0,call,14.43,14.68,0.0,,,0.17051,0.66784,0.01561,0.51958,-0.02132,0.49386,spy_options_2015.parquet,1792551
SPY,2015-04-10,2015-04-10T16:00:00-04:00,210.0,2015-09-30,173.0,0.473972602739726,200.0,put,5.6,5.71,5.66,236,,0.16559,-0.33404,0.01508,0.52512,-0.0281,-0.36048,spy_options_2015.parquet,1792551
SPY,2015-04-10,2015-04-10T16:00:00-04:00,210.0,2015-09-30,173.0,0.473972602739726,201.0,call,13.65,13.92,0.0,,,0.16718,0.65308,0.01601,0.52798,-0.02135,0.49049,spy_options_2015.parquet,1792552
SPY,2015-04-10,2015-04-10T16:00:00-04:00,210.0,2015-09-30,173.0,0.473972602739726,201.0,put,5.84,5.96,6.95,0,,0.16256,-0.3479,0.01563,0.5335,-0.02752,-0.37631,spy_options_2015.parquet,1792552
SPY,2015-04-10,2015-04-10T16:00:00-04:00,210.0,2015-09-30,173.0,0.473972602739726,202.0,call,12.9,13.19,0.0,,,0.16478,0.63825,0.01653,0.53654,-0.02123,0.48614,spy_options_2015.parquet,1792553
SPY,2015-04-10,2015-04-10T16:00:00-04:00,210.0,2015-09-30,173.0,0.473972602739726,202.0,put,6.1,6.23,7.24,0,,0.15994,-0.36301,0.01607,0.54111,-0.02836,-0.3924,spy_options_2015.parquet,1792553
SPY,2015-04-10,2015-04-10T16:00:00-04:00,210.0,2015-09-30,173.0,0.473972602739726,203.0,call,12.17,12.43,11.18,0,,0.16206,0.62266,0.01694,0.54486,-0.02068,0.48026,spy_options_2015.parquet,1792554
SPY,2015-04-10,2015-04-10T16:00:00-04:00,210.0,2015-09-30,173.0,0.473972602739726,203.0,put,6.42,6.52,0.0,,,0.15849,-0.37948,0.01649,0.54865,-0.02831,-0.40989,spy_options_2015.parquet,1792554
SPY,2015-04-10,2015-04-10T16:00:00-04:00,210.0,2015-09-30,173.0,0.473972602739726,204.0,call,11.5,11.66,11.52,1,,0.15924,0.60645,0.0174,0.55189,-0.0207,0.47311,spy_options_2015.parquet,1792555
SPY,2015-04-10,2015-04-10T16:00:00-04:00,210.0,2015-09-30,173.0,0.473972602739726,204.0,put,6.71,6.83,7.07,22,,0.1556,-0.39528,0.01696,0.55568,-0.02801,-0.42805,spy_options_2015.parquet,1792555
SPY,2015-04-10,2015-04-10T16:00:00-04:00,210.0,2015-09-30,173.0,0.473972602739726,205.0,call,10.76,10.94,10.85,4,,0.15648,0.58929,0.01791,0.55765,-0.02039,0.46592,spy_options_2015.parquet,1792556
SPY,2015-04-10,2015-04-10T16:00:00-04:00,210.0,2015-09-30,173.0,0.473972602739726,205.0,put,6.97,7.13,7.15,57,,0.15307,-0.41203,0.01748,0.5613,-0.02784,-0.44594,spy_options_2015.parquet,1792556
SPY,2015-04-10,2015-04-10T16:00:00-04:00,210.0,2015-09-30,173.0,0.473972602739726,206.0,call,10.07,10.24,10.04,3,,0.15328,0.57152,0.01829,0.56371,-0.02106,0.45752,spy_options_2015.parquet,1792557
SPY,2015-04-10,2015-04-10T16:00:00-04:00,210.0,2015-09-30,173.0,0.473972602739726,206.0,put,7.32,7.46,7.73,33,,0.1504,-0.42942,0.01788,0.56564,-0.02796,-0.46554,spy_options_2015.parquet,1792557
SPY,2015-04-10,2015-04-10T16:00:00-04:00,210.0,2015-09-30,173.0,0.473972602739726,207.0,call,9.44,9.59,9.46,47,,0.15167,0.55349,0.01865,0.56743,-0.02023,0.44841,spy_options_2015.parquet,1792558
SPY,2015-04-10,2015-04-10T16:00:00-04:00,210.0,2015-09-30,173.0,0.473972602739726,207.0,put,7.69,7.8,8.07,11,,0.1482,-0.44751,0.01821,0.56976,-0.02789,-0.4847,spy_options_2015.parquet,1792558
SPY,2015-04-10,2015-04-10T16:00:00-04:00,210.0,2015-09-30,173.0,0.473972602739726,208.0,call,8.78,8.92,0.0,,,0.14887,0.53408,0.01914,0.57118,-0.02094,0.43832,spy_options_2015.parquet,1792559
SPY,2015-04-10,2015-04-10T16:00:00-04:00,210.0,2015-09-30,173.0,0.473972602739726,208.0,put,8.06,8.17,0.0,,,0.14591,-0.46608,0.01867,0.57215,-0.0279,-0.50496,spy_options_2015.parquet,1792559
SPY,2015-04-10,2015-04-10T16:00:00-04:00,210.0,2015-09-30,173.0,0.473972602739726,209.0,call,8.15,8.26,8.21,78,,0.14598,0.51445,0.01945,0.5729,-0.0198,0.42688,spy_options_2015.parquet,1792560
SPY,2015-04-10,2015-04-10T16:00:00-04:00,210.0,2015-09-30,173.0,0.473972602739726,209.0,put,8.38,8.55,8.61,52,,0.1433,-0.48592,0.01907,0.57443,-0.02787,-0.52628,spy_options_2015.parquet,1792560
SPY,2015-04-10,2015-04-10T16:00:00-04:00,210.0,2015-09-30,173.0,0.473972602739726,210.0,call,7.51,7.64,7.47,3,,0.14298,0.49393,0.01976,0.57378,-0.02008,0.4139,spy_options_2015.parquet,1792561
SPY,2015-04-10,2015-04-10T16:00:00-04:00,210.0,2015-09-30,173.0,0.473972602739726,210.0,put,8.83,8.95,8.9,138,,0.14143,-0.50576,0.01933,0.57416,-0.02717,-0.54811,spy_options_2015.parquet,1792561
SPY,2015-04-10,2015-04-10T16:00:00-04:00,210.0,2015-09-30,173.0,0.473972602739726,211.0,call,6.91,7.05,6.95,1,,0.14002,0.47358,0.02003,0.57287,-0.0192,0.40074,spy_options_2015.parquet,1792562
SPY,2015-04-10,2015-04-10T16:00:00-04:00,210.0,2015-09-30,173.0,0.473972602739726,211.0,put,9.23,9.36,9.8,4,,0.13916,-0.52592,0.01968,0.57271,-0.02724,-0.57107,spy_options_2015.parquet,1792562
SPY,2015-04-10,2015-04-10T16:00:00-04:00,210.0,2015-09-30,173.0,0.473972602739726,212.0,call,6.32,6.46,6.35,7,,0.1371,0.4519,0.02032,0.57038,-0.01928,0.38608,spy_options_2015.parquet,1792563
SPY,2015-04-10,2015-04-10T16:00:00-04:00,210.0,2015-09-30,173.0,0.473972602739726,212.0,put,9.67,9.83,0.0,,,0.13674,-0.54694,0.01992,0.56972,-0.02722,-0.5941,spy_options_2015.parquet,1792563
SPY,2015-04-10,2015-04-10T16:00:00-04:00,210.0,2015-09-30,173.0,0.473972602739726,213.0,call,5.77,5.89,0.0,,,0.13519,0.42959,0.02047,0.56517,-0.01857,0.37153,spy_options_2015.parquet,1792564
SPY,2015-04-10,2015-04-10T16:00:00-04:00,210.0,2015-09-30,173.0,0.473972602739726,213.0,put,10.14,10.35,0.0,,,0.13461,-0.56758,0.01993,0.56462,-0.02673,-0.61739,spy_options_2015.parquet,1792564
SPY,2015-04-10,2015-04-10T16:00:00-04:00,210.0,2015-09-30,173.0,0.473972602739726,214.0,call,5.21,5.34,5.27,1,,0.13227,0.40753,0.02069,0.55881,-0.01768,0.35535,spy_options_2015.parquet,1792565
SPY,2015-04-10,2015-04-10T16:00:00-04:00,210.0,2015-09-30,173.0,0.473972602739726,214.0,put,10.6,10.84,0.0,,,0.13156,-0.59048,0.02018,0.55848,-0.0263,-0.64174,spy_options_2015.parquet,1792565
SPY,2015-04-10,2015-04-10T16:00:00-04:00,210.0,2015-09-30,173.0,0.473972602739726,215.0,call,4.69,4.84,4.7,1,,0.12948,0.38439,0.0207,0.55041,-0.01775,0.3374,spy_options_2015.parquet,1792566
SPY,2015-04-10,2015-04-10T16:00:00-04:00,210.0,2015-09-30,173.0,0.473972602739726,215.0,put,11.2,11.36,0.0,,,0.13031,-0.61095,0.02005,0.55018,-0.02629,-0.66507,spy_options_2015.parquet,1792566
SPY,2015-04-10,2015-04-10T16:00:00-04:00,210.0,2015-09-30,173.0,0.473972602739726,220.0,call,2.56,2.67,2.45,2,,0.11692,0.2658,0.01961,0.4749,-0.01331,0.24371,spy_options_2015.parquet,1792567
SPY,2015-04-10,2015-04-10T16:00:00-04:00,210.0,2015-09-30,173.0,0.473972602739726,220.0,put,13.99,14.28,0.0,,,0.11826,-0.72687,0.01917,0.47473,-0.0219,-0.79369,spy_options_2015.parquet,1792567
SPY,2015-04-10,2015-04-10T16:00:00-04:00,210.0,2015-09-30,173.0,0.473972602739726,225.0,call,1.13,1.23,1.2,87,,0.10453,0.1547,0.01575,0.34487,-0.00949,0.14518,spy_options_2015.parquet,1792568
SPY,2015-04-10,2015-04-10T16:00:00-04:00,210.0,2015-09-30,173.0,0.473972602739726,225.0,put,17.59,17.91,0.0,,,0.1079,-0.83262,0.01558,0.35297,-0.01819,-0.91743,spy_options_2015.parquet,1792568
SPY,2015-04-10,2015-04-10T16:00:00-04:00,210.0,2015-09-30,173.0,0.473972602739726,230.0,call,0.38,0.45,0.44,1,,0.09428,0.07056,0.00987,0.19877,-0.00442,0.06855,spy_options_2015.parquet,1792569
SPY,2015-04-10,2015-04-10T16:00:00-04:00,210.0,2015-09-30,173.0,0.473972602739726,230.0,put,21.82,22.18,23.31,0,,0.10055,-0.91017,0.01049,0.22172,-0.0142,-1.01478,spy_options_2015.parquet,1792569
SPY,2015-04-10,2015-04-10T16:00:00-04:00,210.0,2015-09-30,173.0,0.473972602739726,235.0,call,0.12,0.16,0.15,76,,0.08976,0.02846,0.00506,0.09622,-0.00209,0.02817,spy_options_2015.parquet,1792570
SPY,2015-04-10,2015-04-10T16:00:00-04:00,210.0,2015-09-30,173.0,0.473972602739726,235.0,put,26.58,26.9,0.0,,,0.10042,-0.94718,0.00654,0.13875,-0.01194,-1.07476,spy_options_2015.parquet,1792570
SPY,2015-04-10,2015-04-10T16:00:00-04:00,210.0,2015-09-30,173.0,0.473972602739726,240.0,call,0.04,0.09,0.0,,,0.0903,0.01359,0.00259,0.05051,-0.0011,0.01321,spy_options_2015.parquet,1792571
SPY,2015-04-10,2015-04-10T16:00:00-04:00,210.0,2015-09-30,173.0,0.473972602739726,240.0,put,31.43,31.85,0.0,,,0.10673,-0.96327,0.00437,0.0981,-0.01069,-1.11391,spy_options_2015.parquet,1792571
SPY,2015-04-10,2015-04-10T16:00:00-04:00,210.0,2015-09-30,173.0,0.473972602739726,245.0,call,0.01,0.05,0.04,100,,0.09355,0.00682,0.00145,0.02888,-0.00117,0.00702,spy_options_2015.parquet,1792572
SPY,2015-04-10,2015-04-10T16:00:00-04:00,210.0,2015-09-30,173.0,0.473972602739726,245.0,put,36.41,36.81,0.0,,,0.11597,-0.96891,0.00338,0.08273,-0.01055,-1.14324,spy_options_2015.parquet,1792572
SPY,2015-04-10,2015-04-10T16:00:00-04:00,210.0,2015-09-30,173.0,0.473972602739726,250.0,call,0.0,0.04,0.0,,,0.09923,0.0047,0.00088,0.02002,-0.00013,0.00474,spy_options_2015.parquet,1792573
SPY,2015-04-10,2015-04-10T16:00:00-04:00,210.0,2015-09-30,173.0,0.473972602739726,250.0,put,41.38,41.81,0.0,,,0.1253,-0.9726,0.00266,0.06965,-0.01053,-1.17175,spy_options_2015.parquet,1792573
SPY,2015-04-10,2015-04-10T16:00:00-04:00,210.0,2015-09-30,173.0,0.473972602739726,255.0,call,0.0,0.02,0.0,,,0.10639,0.00323,0.00066,0.01521,-7e-05,0.00355,spy_options_2015.parquet,1792574
SPY,2015-04-10,2015-04-10T16:00:00-04:00,210.0,2015-09-30,173.0,0.473972602739726,255.0,put,46.38,46.78,0.0,,,0.13498,-0.97607,0.00215,0.0609,-0.01033,-1.19889,spy_options_2015.parquet,1792574
SPY,2015-04-10,2015-04-10T16:00:00-04:00,210.0,2015-09-30,173.0,0.473972602739726,260.0,call,0.0,0.02,0.0,,,0.11085,0.00248,0.00044,0.01009,-0.00054,0.0027,spy_options_2015.parquet,1792575
SPY,2015-04-10,2015-04-10T16:00:00-04:00,210.0,2015-09-30,173.0,0.473972602739726,260.0,put,51.36,51.75,0.0,,,0.14168,-0.97972,0.00166,0.05089,-0.01035,-1.22552,spy_options_2015.parquet,1792575
SPY,2015-04-10,2015-04-10T16:00:00-04:00,210.0,2015-09-30,173.0,0.473972602739726,265.0,call,0.0,0.02,0.0,,,0.11923,0.00166,0.00037,0.00976,-3e-05,0.00154,spy_options_2015.parquet,1792576
SPY,2015-04-10,2015-04-10T16:00:00-04:00,210.0,2015-09-30,173.0,0.473972602739726,265.0,put,56.35,56.75,0.0,,,0.14961,-0.98161,0.00137,0.04441,-0.01041,-1.25092,spy_options_2015.parquet,1792576
SPY,2015-04-10,2015-04-10T16:00:00-04:00,210.0,2015-09-30,173.0,0.473972602739726,270.0,call,0.0,0.02,0.0,,,0.12759,0.0018,0.00033,0.00967,-6e-05,0.00176,spy_options_2015.parquet,1792577
SPY,2015-04-10,2015-04-10T16:00:00-04:00,210.0,2015-09-30,173.0,0.473972602739726,270.0,put,61.33,61.73,0.0,,,0.15752,-0.98272,0.00113,0.03896,-0.01002,-1.27688,spy_options_2015.parquet,1792577
SPY,2015-04-10,2015-04-10T16:00:00-04:00,210.0,2015-09-30,173.0,0.473972602739726,275.0,call,0.0,0.02,0.0,,,0.13523,0.00169,0.00034,0.00893,-4e-05,0.00159,spy_options_2015.parquet,1792578
SPY,2015-04-10,2015-04-10T16:00:00-04:00,210.0,2015-09-30,173.0,0.473972602739726,275.0,put,66.33,66.72,0.0,,,0.16392,-0.98462,0.00094,0.03388,-0.01044,-1.30182,spy_options_2015.parquet,1792578
SPY,2015-04-10,2015-04-10T16:00:00-04:00,210.0,2015-09-30,173.0,0.473972602739726,280.0,call,0.0,0.03,0.0,,,0.14379,0.00182,0.00027,0.00869,-0.00055,0.00207,spy_options_2015.parquet,1792579
SPY,2015-04-10,2015-04-10T16:00:00-04:00,210.0,2015-09-30,173.0,0.473972602739726,280.0,put,71.32,71.71,0.0,,,0.1702,-0.9862,0.00078,0.02915,-0.00994,-1.32716,spy_options_2015.parquet,1792579
SPY,2015-04-10,2015-04-10T16:00:00-04:00,210.0,2015-09-30,173.0,0.473972602739726,285.0,call,0.0,0.02,0.0,,,0.15115,0.00156,0.00022,0.00762,-0.0007,0.00204,spy_options_2015.parquet,1792580
SPY,2015-04-10,2015-04-10T16:00:00-04:00,210.0,2015-09-30,173.0,0.473972602739726,285.0,put,76.3,76.71,0.0,,,0.17388,-0.9873,0.00066,0.02209,-0.00928,-1.35269,spy_options_2015.parquet,1792580
