underlying_symbol,quote_date,valuation_timestamp,underlying_price,expiration,vendor_dte,time_to_maturity,strike,option_type,bid,ask,last,volume,open_interest,vendor_iv,vendor_delta,vendor_gamma,vendor_vega,vendor_theta,vendor_rho,source_file,source_row
SPY,2012-06-26,2012-06-26T16:00:00-04:00,131.97,2012-07-20,24.0,0.06575342465753424,100.0,call,31.89,32.11,31.8,4,,0.4309,0.99416,0.00115,0.00546,-0.00466,0.06741,spy_options_2012.parquet,702536
SPY,2012-06-26,2012-06-26T16:00:00-04:00,131.97,2012-07-20,24.0,0.06575342465753424,100.0,put,0.0,0.01,0.01,90,,0.36044,-0.00131,0.00034,0.00203,-0.00076,-0.00057,spy_options_2012.parquet,702536
SPY,2012-06-26,2012-06-26T16:00:00-04:00,131.97,2012-07-20,24.0,0.06575342465753424,101.0,call,30.89,31.1,30.73,0,,0.41743,0.99376,0.00118,0.0063,-0.00498,0.06879,spy_options_2012.parquet,702537
SPY,2012-06-26,2012-06-26T16:00:00-04:00,131.97,2012-07-20,24.0,0.06575342465753424,101.0,put,0.0,0.01,0.02,0,,0.34762,-0.00169,0.00044,0.00205,-0.00122,-0.00017,spy_options_2012.parquet,702537
SPY,2012-06-26,2012-06-26T16:00:00-04:00,131.97,2012-07-20,24.0,0.06575342465753424,102.0,call,29.9,30.11,29.03,0,,0.39584,0.99411,0.00114,0.00502,-0.00412,0.06883,spy_options_2012.parquet,702538
SPY,2012-06-26,2012-06-26T16:00:00-04:00,131.97,2012-07-20,24.0,0.06575342465753424,102.0,put,0.0,0.02,0.02,0,,0.37555,-0.00367,0.00089,0.00392,-0.00254,-0.00073,spy_options_2012.parquet,702538
SPY,2012-06-26,2012-06-26T16:00:00-04:00,131.97,2012-07-20,24.0,0.06575342465753424,103.0,call,28.9,29.1,27.43,0,,0.38188,0.99449,0.00127,0.0054,-0.00423,0.06971,spy_options_2012.parquet,702539
SPY,2012-06-26,2012-06-26T16:00:00-04:00,131.97,2012-07-20,24.0,0.06575342465753424,103.0,put,0.01,0.02,0.02,60,,0.36157,-0.00408,0.00094,0.00413,-0.00256,-0.00015,spy_options_2012.parquet,702539
SPY,2012-06-26,2012-06-26T16:00:00-04:00,131.97,2012-07-20,24.0,0.06575342465753424,104.0,call,27.89,28.1,27.51,0,,0.36775,0.99449,0.0013,0.00543,-0.00428,0.07057,spy_options_2012.parquet,702540
SPY,2012-06-26,2012-06-26T16:00:00-04:00,131.97,2012-07-20,24.0,0.06575342465753424,104.0,put,0.0,0.03,0.02,132,,0.34889,-0.00363,0.00098,0.00368,-0.00266,-0.00041,spy_options_2012.parquet,702540
SPY,2012-06-26,2012-06-26T16:00:00-04:00,131.97,2012-07-20,24.0,0.06575342465753424,105.0,call,26.89,27.1,25.5,0,,0.35447,0.99374,0.00136,0.00561,-0.00378,0.07082,spy_options_2012.parquet,702541
SPY,2012-06-26,2012-06-26T16:00:00-04:00,131.97,2012-07-20,24.0,0.06575342465753424,105.0,put,0.01,0.02,0.03,0,,0.33645,-0.00462,0.00102,0.00401,-0.00309,-0.0008,spy_options_2012.parquet,702541
SPY,2012-06-26,2012-06-26T16:00:00-04:00,131.97,2012-07-20,24.0,0.06575342465753424,106.0,call,25.94,26.13,25.45,0,,0.3863,0.98675,0.00258,0.01173,-0.00909,0.07143,spy_options_2012.parquet,702542
SPY,2012-06-26,2012-06-26T16:00:00-04:00,131.97,2012-07-20,24.0,0.06575342465753424,106.0,put,0.02,0.03,0.03,10,,0.34287,-0.00634,0.0015,0.00637,-0.00383,-0.00092,spy_options_2012.parquet,702542
SPY,2012-06-26,2012-06-26T16:00:00-04:00,131.97,2012-07-20,24.0,0.06575342465753424,107.0,call,24.94,25.13,24.46,0,,0.37278,0.9863,0.00271,0.01237,-0.00855,0.0715,spy_options_2012.parquet,702543
SPY,2012-06-26,2012-06-26T16:00:00-04:00,131.97,2012-07-20,24.0,0.06575342465753424,107.0,put,0.02,0.03,0.02,1,,0.33003,-0.00701,0.00164,0.00633,-0.00369,-0.00054,spy_options_2012.parquet,702543
SPY,2012-06-26,2012-06-26T16:00:00-04:00,131.97,2012-07-20,24.0,0.06575342465753424,108.0,call,23.93,24.14,25.1,0,,0.36214,0.98519,0.00303,0.01367,-0.00942,0.07241,spy_options_2012.parquet,702544
SPY,2012-06-26,2012-06-26T16:00:00-04:00,131.97,2012-07-20,24.0,0.06575342465753424,108.0,put,0.02,0.04,0.03,997,,0.31574,-0.0068,0.00174,0.00683,-0.00401,-0.00038,spy_options_2012.parquet,702544
SPY,2012-06-26,2012-06-26T16:00:00-04:00,131.97,2012-07-20,24.0,0.06575342465753424,109.0,call,22.92,23.14,19.62,0,,0.33527,0.98642,0.00296,0.01136,-0.00722,0.0732,spy_options_2012.parquet,702545
SPY,2012-06-26,2012-06-26T16:00:00-04:00,131.97,2012-07-20,24.0,0.06575342465753424,109.0,put,0.03,0.04,0.03,46,,0.3164,-0.00905,0.00226,0.00872,-0.00555,-0.00135,spy_options_2012.parquet,702545
SPY,2012-06-26,2012-06-26T16:00:00-04:00,131.97,2012-07-20,24.0,0.06575342465753424,110.0,call,21.95,22.14,21.6,31,,0.33946,0.98189,0.00382,0.01559,-0.00989,0.07372,spy_options_2012.parquet,702546
SPY,2012-06-26,2012-06-26T16:00:00-04:00,131.97,2012-07-20,24.0,0.06575342465753424,110.0,put,0.02,0.04,0.04,,,0.30259,-0.01004,0.00247,0.00865,-0.00556,-0.00068,spy_options_2012.parquet,702546
SPY,2012-06-26,2012-06-26T16:00:00-04:00,131.97,2012-07-20,24.0,0.06575342465753424,111.0,call,20.98,21.15,18.32,0,,0.33386,0.97857,0.00448,0.01791,-0.01117,0.07393,spy_options_2012.parquet,702547
SPY,2012-06-26,2012-06-26T16:00:00-04:00,131.97,2012-07-20,24.0,0.06575342465753424,111.0,put,0.04,0.06,0.04,65,,0.29976,-0.01212,0.00313,0.01136,-0.0062,-0.00144,spy_options_2012.parquet,702547
SPY,2012-06-26,2012-06-26T16:00:00-04:00,131.97,2012-07-20,24.0,0.06575342465753424,112.0,call,19.96,20.16,19.92,2,,0.31638,0.97826,0.00467,0.01727,-0.01068,0.07456,spy_options_2012.parquet,702548
SPY,2012-06-26,2012-06-26T16:00:00-04:00,131.97,2012-07-20,24.0,0.06575342465753424,112.0,put,0.05,0.05,0.05,525,,0.29356,-0.01501,0.0037,0.01298,-0.00738,-0.00104,spy_options_2012.parquet,702548
SPY,2012-06-26,2012-06-26T16:00:00-04:00,131.97,2012-07-20,24.0,0.06575342465753424,113.0,call,18.97,19.16,20.54,0,,0.30662,0.9761,0.00538,0.01975,-0.01187,0.07481,spy_options_2012.parquet,702549
SPY,2012-06-26,2012-06-26T16:00:00-04:00,131.97,2012-07-20,24.0,0.06575342465753424,113.0,put,0.06,0.07,0.06,,,0.28668,-0.01728,0.00441,0.01547,-0.00823,-0.00118,spy_options_2012.parquet,702549
SPY,2012-06-26,2012-06-26T16:00:00-04:00,131.97,2012-07-20,24.0,0.06575342465753424,114.0,call,17.98,18.18,17.35,0,,0.29917,0.97214,0.00619,0.02219,-0.01319,0.075,spy_options_2012.parquet,702550
SPY,2012-06-26,2012-06-26T16:00:00-04:00,131.97,2012-07-20,24.0,0.06575342465753424,114.0,put,0.07,0.09,0.07,,,0.27863,-0.02106,0.00514,0.01728,-0.00898,-0.00142,spy_options_2012.parquet,702550
SPY,2012-06-26,2012-06-26T16:00:00-04:00,131.97,2012-07-20,24.0,0.06575342465753424,115.0,call,17.02,17.2,16.65,10,,0.29427,0.96629,0.00741,0.0258,-0.01509,0.07577,spy_options_2012.parquet,702551
SPY,2012-06-26,2012-06-26T16:00:00-04:00,131.97,2012-07-20,24.0,0.06575342465753424,115.0,put,0.09,0.09,0.08,,,0.27015,-0.02398,0.00601,0.01921,-0.01063,-0.00203,spy_options_2012.parquet,702551
SPY,2012-06-26,2012-06-26T16:00:00-04:00,131.97,2012-07-20,24.0,0.06575342465753424,116.0,call,16.04,16.22,16.37,5,,0.28612,0.96122,0.00858,0.02926,-0.0168,0.07609,spy_options_2012.parquet,702552
SPY,2012-06-26,2012-06-26T16:00:00-04:00,131.97,2012-07-20,24.0,0.06575342465753424,116.0,put,0.1,0.11,0.1,,,0.26484,-0.02941,0.00721,0.02255,-0.01229,-0.00288,spy_options_2012.parquet,702552
SPY,2012-06-26,2012-06-26T16:00:00-04:00,131.97,2012-07-20,24.0,0.06575342465753424,117.0,call,15.02,15.22,14.99,7,,0.26894,0.96021,0.00935,0.03019,-0.01595,0.07635,spy_options_2012.parquet,702553
SPY,2012-06-26,2012-06-26T16:00:00-04:00,131.97,2012-07-20,24.0,0.06575342465753424,117.0,put,0.12,0.13,0.12,368,,0.25847,-0.03459,0.00865,0.02636,-0.01294,-0.00346,spy_options_2012.parquet,702553
SPY,2012-06-26,2012-06-26T16:00:00-04:00,131.97,2012-07-20,24.0,0.06575342465753424,118.0,call,14.04,14.25,13.59,60,,0.25949,0.95407,0.01082,0.03315,-0.01749,0.0765,spy_options_2012.parquet,702554
SPY,2012-06-26,2012-06-26T16:00:00-04:00,131.97,2012-07-20,24.0,0.06575342465753424,118.0,put,0.15,0.15,0.14,,,0.25324,-0.04203,0.0103,0.0317,-0.01504,-0.00383,spy_options_2012.parquet,702554
SPY,2012-06-26,2012-06-26T16:00:00-04:00,131.97,2012-07-20,24.0,0.06575342465753424,119.0,call,13.07,13.29,13.45,25,,0.25254,0.94539,0.01278,0.03826,-0.0192,0.07668,spy_options_2012.parquet,702555
SPY,2012-06-26,2012-06-26T16:00:00-04:00,131.97,2012-07-20,24.0,0.06575342465753424,119.0,put,0.18,0.19,0.18,,,0.2463,-0.05054,0.01229,0.03593,-0.01784,-0.00447,spy_options_2012.parquet,702555
SPY,2012-06-26,2012-06-26T16:00:00-04:00,131.97,2012-07-20,24.0,0.06575342465753424,120.0,call,12.16,12.34,12.48,198,,0.25175,0.93073,0.01545,0.04649,-0.02311,0.07606,spy_options_2012.parquet,702556
SPY,2012-06-26,2012-06-26T16:00:00-04:00,131.97,2012-07-20,24.0,0.06575342465753424,120.0,put,0.22,0.23,0.22,,,0.24022,-0.0616,0.01458,0.04184,-0.01968,-0.00602,spy_options_2012.parquet,702556
SPY,2012-06-26,2012-06-26T16:00:00-04:00,131.97,2012-07-20,24.0,0.06575342465753424,121.0,call,11.22,11.37,11.39,220,,0.24419,0.91829,0.01803,0.05227,-0.02508,0.0752,spy_options_2012.parquet,702557
SPY,2012-06-26,2012-06-26T16:00:00-04:00,131.97,2012-07-20,24.0,0.06575342465753424,121.0,put,0.28,0.28,0.26,,,0.23487,-0.07387,0.01731,0.04849,-0.02284,-0.00724,spy_options_2012.parquet,702557
SPY,2012-06-26,2012-06-26T16:00:00-04:00,131.97,2012-07-20,24.0,0.06575342465753424,122.0,call,10.27,10.44,10.54,238,,0.23789,0.90223,0.02106,0.05952,-0.02851,0.07453,spy_options_2012.parquet,702558
SPY,2012-06-26,2012-06-26T16:00:00-04:00,131.97,2012-07-20,24.0,0.06575342465753424,122.0,put,0.32,0.34,0.34,,,0.22907,-0.08949,0.02053,0.05568,-0.02577,-0.00817,spy_options_2012.parquet,702558
SPY,2012-06-26,2012-06-26T16:00:00-04:00,131.97,2012-07-20,24.0,0.06575342465753424,123.0,call,9.36,9.54,9.61,66,,0.23157,0.88308,0.0245,0.06812,-0.0309,0.07361,spy_options_2012.parquet,702559
SPY,2012-06-26,2012-06-26T16:00:00-04:00,131.97,2012-07-20,24.0,0.06575342465753424,123.0,put,0.4,0.42,0.41,,,0.22379,-0.10928,0.02419,0.06418,-0.02833,-0.00995,spy_options_2012.parquet,702559
SPY,2012-06-26,2012-06-26T16:00:00-04:00,131.97,2012-07-20,24.0,0.06575342465753424,124.0,call,8.46,8.62,8.35,801,,0.22647,0.86054,0.02846,0.07695,-0.03479,0.07212,spy_options_2012.parquet,702560
SPY,2012-06-26,2012-06-26T16:00:00-04:00,131.97,2012-07-20,24.0,0.06575342465753424,124.0,put,0.51,0.51,0.5,,,0.21904,-0.1321,0.02833,0.07395,-0.03277,-0.01241,spy_options_2012.parquet,702560
SPY,2012-06-26,2012-06-26T16:00:00-04:00,131.97,2012-07-20,24.0,0.06575342465753424,125.0,call,7.59,7.69,7.81,251,,0.21905,0.83569,0.03282,0.08537,-0.03751,0.07038,spy_options_2012.parquet,702561
SPY,2012-06-26,2012-06-26T16:00:00-04:00,131.97,2012-07-20,24.0,0.06575342465753424,125.0,put,0.62,0.65,0.64,,,0.21396,-0.15915,0.03287,0.08376,-0.03543,-0.01452,spy_options_2012.parquet,702561
SPY,2012-06-26,2012-06-26T16:00:00-04:00,131.97,2012-07-20,24.0,0.06575342465753424,126.0,call,6.75,6.8,6.94,279,,0.21192,0.80664,0.03764,0.09522,-0.04055,0.06822,spy_options_2012.parquet,702562
SPY,2012-06-26,2012-06-26T16:00:00-04:00,131.97,2012-07-20,24.0,0.06575342465753424,126.0,put,0.77,0.79,0.79,,,0.21007,-0.1916,0.03775,0.0947,-0.03977,-0.01749,spy_options_2012.parquet,702562
SPY,2012-06-26,2012-06-26T16:00:00-04:00,131.97,2012-07-20,24.0,0.06575342465753424,127.0,call,5.92,5.98,6.12,378,,0.20673,0.76941,0.04261,0.1044,-0.04322,0.06587,spy_options_2012.parquet,702563
SPY,2012-06-26,2012-06-26T16:00:00-04:00,131.97,2012-07-20,24.0,0.06575342465753424,127.0,put,0.96,0.97,0.94,,,0.20511,-0.22861,0.04279,0.10513,-0.04276,-0.02138,spy_options_2012.parquet,702563
SPY,2012-06-26,2012-06-26T16:00:00-04:00,131.97,2012-07-20,24.0,0.06575342465753424,128.0,call,5.14,5.2,5.23,,,0.20125,0.72784,0.04773,0.11512,-0.04645,0.06216,spy_options_2012.parquet,702564
SPY,2012-06-26,2012-06-26T16:00:00-04:00,131.97,2012-07-20,24.0,0.06575342465753424,128.0,put,1.16,1.18,1.15,,,0.19941,-0.27049,0.04805,0.11419,-0.04614,-0.02504,spy_options_2012.parquet,702564
SPY,2012-06-26,2012-06-26T16:00:00-04:00,131.97,2012-07-20,24.0,0.06575342465753424,129.0,call,4.38,4.44,4.43,419,,0.19586,0.68035,0.05279,0.1238,-0.049,0.05872,spy_options_2012.parquet,702565
SPY,2012-06-26,2012-06-26T16:00:00-04:00,131.97,2012-07-20,24.0,0.06575342465753424,129.0,put,1.42,1.43,1.4,,,0.19537,-0.31871,0.05296,0.12298,-0.04843,-0.02954,spy_options_2012.parquet,702565
SPY,2012-06-26,2012-06-26T16:00:00-04:00,131.97,2012-07-20,24.0,0.06575342465753424,130.0,call,3.69,3.74,3.74,,,0.19071,0.62746,0.05737,0.13033,-0.05077,0.05429,spy_options_2012.parquet,702566
SPY,2012-06-26,2012-06-26T16:00:00-04:00,131.97,2012-07-20,24.0,0.06575342465753424,130.0,put,1.72,1.75,1.73,,,0.19059,-0.37144,0.05749,0.13096,-0.05053,-0.0342,spy_options_2012.parquet,702566
SPY,2012-06-26,2012-06-26T16:00:00-04:00,131.97,2012-07-20,24.0,0.06575342465753424,131.0,call,3.06,3.07,3.06,,,0.18548,0.56979,0.06134,0.13603,-0.05083,0.049,spy_options_2012.parquet,702567
SPY,2012-06-26,2012-06-26T16:00:00-04:00,131.97,2012-07-20,24.0,0.06575342465753424,131.0,put,2.06,2.08,2.07,,,0.184,-0.42906,0.06173,0.13581,-0.05011,-0.03957,spy_options_2012.parquet,702567
SPY,2012-06-26,2012-06-26T16:00:00-04:00,131.97,2012-07-20,24.0,0.06575342465753424,132.0,call,2.45,2.47,2.45,,,0.17935,0.50701,0.06429,0.13761,-0.0495,0.04415,spy_options_2012.parquet,702568
SPY,2012-06-26,2012-06-26T16:00:00-04:00,131.97,2012-07-20,24.0,0.06575342465753424,132.0,put,2.46,2.48,2.48,,,0.17802,-0.49254,0.0651,0.13745,-0.04924,-0.0446,spy_options_2012.parquet,702568
SPY,2012-06-26,2012-06-26T16:00:00-04:00,131.97,2012-07-20,24.0,0.06575342465753424,133.0,call,1.91,1.93,1.91,,,0.17364,0.44092,0.066,0.13583,-0.04778,0.03804,spy_options_2012.parquet,702569
SPY,2012-06-26,2012-06-26T16:00:00-04:00,131.97,2012-07-20,24.0,0.06575342465753424,133.0,put,2.9,2.93,2.92,,,0.17133,-0.55965,0.06648,0.13583,-0.04736,-0.05049,spy_options_2012.parquet,702569
SPY,2012-06-26,2012-06-26T16:00:00-04:00,131.97,2012-07-20,24.0,0.06575342465753424,134.0,call,1.43,1.45,1.45,,,0.16651,0.37133,0.06565,0.13023,-0.04364,0.03242,spy_options_2012.parquet,702570
SPY,2012-06-26,2012-06-26T16:00:00-04:00,131.97,2012-07-20,24.0,0.06575342465753424,134.0,put,3.43,3.48,3.45,,,0.16588,-0.62913,0.0659,0.13085,-0.04333,-0.05521,spy_options_2012.parquet,702570
SPY,2012-06-26,2012-06-26T16:00:00-04:00,131.97,2012-07-20,24.0,0.06575342465753424,135.0,call,1.03,1.05,1.05,,,0.16119,0.3021,0.06283,0.12061,-0.0389,0.02684,spy_options_2012.parquet,702571
SPY,2012-06-26,2012-06-26T16:00:00-04:00,131.97,2012-07-20,24.0,0.06575342465753424,135.0,put,4.02,4.09,3.99,,,0.15964,-0.69889,0.06277,0.11995,-0.03849,-0.06075,spy_options_2012.parquet,702571
SPY,2012-06-26,2012-06-26T16:00:00-04:00,131.97,2012-07-20,24.0,0.06575342465753424,136.0,call,0.72,0.74,0.73,,,0.15491,0.23527,0.05741,0.10647,-0.03338,0.02056,spy_options_2012.parquet,702572
SPY,2012-06-26,2012-06-26T16:00:00-04:00,131.97,2012-07-20,24.0,0.06575342465753424,136.0,put,4.67,4.76,4.7,,,0.15199,-0.76822,0.05734,0.10548,-0.03238,-0.06407,spy_options_2012.parquet,702572
SPY,2012-06-26,2012-06-26T16:00:00-04:00,131.97,2012-07-20,24.0,0.06575342465753424,137.0,call,0.48,0.49,0.48,,,0.15072,0.17616,0.04978,0.08891,-0.027,0.01543,spy_options_2012.parquet,702573
SPY,2012-06-26,2012-06-26T16:00:00-04:00,131.97,2012-07-20,24.0,0.06575342465753424,137.0,put,5.42,5.54,5.4,559,,0.14732,-0.82711,0.04869,0.08792,-0.02647,-0.064,spy_options_2012.parquet,702573
SPY,2012-06-26,2012-06-26T16:00:00-04:00,131.97,2012-07-20,24.0,0.06575342465753424,138.0,call,0.3,0.31,0.31,,,0.14606,0.12561,0.04086,0.07157,-0.02047,0.01148,spy_options_2012.parquet,702574
SPY,2012-06-26,2012-06-26T16:00:00-04:00,131.97,2012-07-20,24.0,0.06575342465753424,138.0,put,6.24,6.36,6.28,253,,0.14273,-0.87695,0.03802,0.07013,-0.01947,-0.06196,spy_options_2012.parquet,702574
SPY,2012-06-26,2012-06-26T16:00:00-04:00,131.97,2012-07-20,24.0,0.06575342465753424,139.0,call,0.19,0.21,0.19,,,0.14335,0.08719,0.03185,0.05409,-0.01558,0.00748,spy_options_2012.parquet,702575
SPY,2012-06-26,2012-06-26T16:00:00-04:00,131.97,2012-07-20,24.0,0.06575342465753424,139.0,put,7.11,7.26,6.96,460,,0.13792,-0.91511,0.02591,0.05348,-0.01454,-0.05426,spy_options_2012.parquet,702575
SPY,2012-06-26,2012-06-26T16:00:00-04:00,131.97,2012-07-20,24.0,0.06575342465753424,140.0,call,0.12,0.13,0.12,,,0.14279,0.05943,0.024,0.04088,-0.01196,0.00533,spy_options_2012.parquet,702576
SPY,2012-06-26,2012-06-26T16:00:00-04:00,131.97,2012-07-20,24.0,0.06575342465753424,140.0,put,8.04,8.24,7.93,66,,0.14427,-0.92743,0.01834,0.0459,-0.01359,-0.0482,spy_options_2012.parquet,702576
SPY,2012-06-26,2012-06-26T16:00:00-04:00,131.97,2012-07-20,24.0,0.06575342465753424,141.0,call,0.06,0.08,0.07,,,0.14131,0.03872,0.01717,0.02855,-0.00847,0.00378,spy_options_2012.parquet,702577
SPY,2012-06-26,2012-06-26T16:00:00-04:00,131.97,2012-07-20,24.0,0.06575342465753424,141.0,put,8.98,9.19,8.84,96,,0.14586,-0.93976,0.00962,0.03937,-0.01096,-0.03747,spy_options_2012.parquet,702577
SPY,2012-06-26,2012-06-26T16:00:00-04:00,131.97,2012-07-20,24.0,0.06575342465753424,142.0,call,0.04,0.05,0.05,,,0.14076,0.02471,0.01189,0.01955,-0.00519,0.00178,spy_options_2012.parquet,702578
SPY,2012-06-26,2012-06-26T16:00:00-04:00,131.97,2012-07-20,24.0,0.06575342465753424,142.0,put,9.99,10.13,10.18,647,,0.15271,-0.94317,0.00408,0.03649,-0.01102,-0.02985,spy_options_2012.parquet,702578
SPY,2012-06-26,2012-06-26T16:00:00-04:00,131.97,2012-07-20,24.0,0.06575342465753424,143.0,call,0.03,0.04,0.04,570,,0.14623,0.0192,0.00915,0.01631,-0.00423,0.00144,spy_options_2012.parquet,702579
SPY,2012-06-26,2012-06-26T16:00:00-04:00,131.97,2012-07-20,24.0,0.06575342465753424,143.0,put,10.95,11.16,10.8,10,,0.16552,-0.94186,0.00281,0.03661,-0.01228,-0.02858,spy_options_2012.parquet,702579
SPY,2012-06-26,2012-06-26T16:00:00-04:00,131.97,2012-07-20,24.0,0.06575342465753424,144.0,call,0.02,0.02,0.02,259,,0.15001,0.01408,0.00674,0.01253,-0.00357,0.0012,spy_options_2012.parquet,702580
SPY,2012-06-26,2012-06-26T16:00:00-04:00,131.97,2012-07-20,24.0,0.06575342465753424,144.0,put,11.93,12.14,12.11,9,,0.17535,-0.94152,0.00065,0.03704,-0.00517,-0.02416,spy_options_2012.parquet,702580
SPY,2012-06-26,2012-06-26T16:00:00-04:00,131.97,2012-07-20,24.0,0.06575342465753424,145.0,call,0.01,0.02,0.01,78,,0.15032,0.00887,0.00462,0.00856,-0.00285,0.00116,spy_options_2012.parquet,702581
SPY,2012-06-26,2012-06-26T16:00:00-04:00,131.97,2012-07-20,24.0,0.06575342465753424,145.0,put,12.93,13.14,12.91,68,,0.18976,-0.94067,0.00062,0.03755,-0.00529,-0.02504,spy_options_2012.parquet,702581
SPY,2012-06-26,2012-06-26T16:00:00-04:00,131.97,2012-07-20,24.0,0.06575342465753424,146.0,call,0.01,0.02,0.01,44,,0.15895,0.00789,0.00408,0.00802,-0.0026,0.00114,spy_options_2012.parquet,702582
SPY,2012-06-26,2012-06-26T16:00:00-04:00,131.97,2012-07-20,24.0,0.06575342465753424,146.0,put,13.93,14.14,14.93,302,,0.20483,-0.94,0.00046,0.03747,-0.00479,-0.02517,spy_options_2012.parquet,702582
SPY,2012-06-26,2012-06-26T16:00:00-04:00,131.97,2012-07-20,24.0,0.06575342465753424,147.0,call,0.02,0.01,0.01,369,,0.16925,0.00781,0.00368,0.00716,-0.0019,0.00118,spy_options_2012.parquet,702583
SPY,2012-06-26,2012-06-26T16:00:00-04:00,131.97,2012-07-20,24.0,0.06575342465753424,147.0,put,14.93,15.12,18.35,0,,,-1.0,0.0,0.0,0.0,0.0,spy_options_2012.parquet,702583
SPY,2012-06-26,2012-06-26T16:00:00-04:00,131.97,2012-07-20,24.0,0.06575342465753424,148.0,call,0.0,0.03,0.01,131,,0.17861,0.00722,0.00342,0.00706,-0.00268,0.00029,spy_options_2012.parquet,702584
SPY,2012-06-26,2012-06-26T16:00:00-04:00,131.97,2012-07-20,24.0,0.06575342465753424,148.0,put,15.94,16.15,16.65,1,,0.23445,-0.9378,0.00064,0.03825,-0.00972,-0.0262,spy_options_2012.parquet,702584
SPY,2012-06-26,2012-06-26T16:00:00-04:00,131.97,2012-07-20,24.0,0.06575342465753424,149.0,call,0.0,0.01,0.01,,,0.16658,0.00339,0.0015,0.00275,-0.00143,0.00075,spy_options_2012.parquet,702585
SPY,2012-06-26,2012-06-26T16:00:00-04:00,131.97,2012-07-20,24.0,0.06575342465753424,149.0,put,16.93,17.15,16.98,0,,0.24905,-0.93608,0.00067,0.03937,-0.01092,-0.02626,spy_options_2012.parquet,702585
SPY,2012-06-26,2012-06-26T16:00:00-04:00,131.97,2012-07-20,24.0,0.06575342465753424,150.0,call,0.0,0.01,0.01,64,,0.17495,0.0026,0.00141,0.00277,-0.00075,0.00021,spy_options_2012.parquet,702586
SPY,2012-06-26,2012-06-26T16:00:00-04:00,131.97,2012-07-20,24.0,0.06575342465753424,150.0,put,17.93,18.12,18.44,19,,,-1.0,0.0,0.0,0.0,0.0,spy_options_2012.parquet,702586
SPY,2012-06-26,2012-06-26T16:00:00-04:00,131.97,2012-07-20,24.0,0.06575342465753424,151.0,call,0.0,0.02,0.01,0,,0.1837,0.00252,0.0013,0.00334,-0.00094,0.00028,spy_options_2012.parquet,702587
SPY,2012-06-26,2012-06-26T16:00:00-04:00,131.97,2012-07-20,24.0,0.06575342465753424,151.0,put,18.93,19.11,18.31,0,,,-1.0,0.0,0.0,0.0,0.0,spy_options_2012.parquet,702587
SPY,2012-06-26,2012-06-26T16:00:00-04:00,131.97,2012-07-20,24.0,0.06575342465753424,152.0,call,0.0,0.01,0.02,0,,0.19128,0.0025,0.00121,0.00304,-0.00122,-0.00024,spy_options_2012.parquet,702588
SPY,2012-06-26,2012-06-26T16:00:00-04:00,131.97,2012-07-20,24.0,0.06575342465753424,152.0,put,19.93,20.15,0.0,,,0.29245,-0.93259,0.00039,0.04028,-0.00981,-0.02725,spy_options_2012.parquet,702588
SPY,2012-06-26,2012-06-26T16:00:00-04:00,131.97,2012-07-20,24.0,0.06575342465753424,153.0,call,0.0,0.02,0.02,0,,0.1992,0.00233,0.00111,0.00303,-0.00061,3e-05,spy_options_2012.parquet,702589
SPY,2012-06-26,2012-06-26T16:00:00-04:00,131.97,2012-07-20,24.0,0.06575342465753424,153.0,put,20.93,21.12,13.88,0,,,-1.0,0.0,0.0,0.0,0.0,spy_options_2012.parquet,702589
SPY,2012-06-26,2012-06-26T16:00:00-04:00,131.97,2012-07-20,24.0,0.06575342465753424,154.0,call,0.0,0.01,0.02,0,,0.2076,0.00267,0.00099,0.00276,-0.00099,0.00028,spy_options_2012.parquet,702590
SPY,2012-06-26,2012-06-26T16:00:00-04:00,131.97,2012-07-20,24.0,0.06575342465753424,154.0,put,21.92,22.15,0.0,,,0.32171,-0.93062,0.00037,0.04139,-0.00955,-0.0281,spy_options_2012.parquet,702590
SPY,2012-06-26,2012-06-26T16:00:00-04:00,131.97,2012-07-20,24.0,0.06575342465753424,155.0,call,0.0,0.01,0.01,0,,0.2152,0.0028,0.00094,0.00239,-0.00116,-8e-05,spy_options_2012.parquet,702591
SPY,2012-06-26,2012-06-26T16:00:00-04:00,131.97,2012-07-20,24.0,0.06575342465753424,155.0,put,22.93,23.12,21.04,0,,,-1.0,0.0,0.0,0.0,0.0,spy_options_2012.parquet,702591
SPY,2012-06-26,2012-06-26T16:00:00-04:00,131.97,2012-07-20,24.0,0.06575342465753424,156.0,call,0.0,0.01,0.02,0,,0.22279,0.00257,0.00086,0.00211,-0.00144,0.00051,spy_options_2012.parquet,702592
SPY,2012-06-26,2012-06-26T16:00:00-04:00,131.97,2012-07-20,24.0,0.06575342465753424,156.0,put,23.92,24.12,20.0,0,,,-1.0,0.0,0.0,0.0,0.0,spy_options_2012.parquet,702592
SPY,2012-06-26,2012-06-26T16:00:00-04:00,131.97,2012-07-20,24.0,0.06575342465753424,157.0,call,0.0,0.01,0.02,0,,0.23011,0.00182,0.00087,0.00213,-0.00133,-6e-05,spy_options_2012.parquet,702593
SPY,2012-06-26,2012-06-26T16:00:00-04:00,131.97,2012-07-20,24.0,0.06575342465753424,157.0,put,24.93,25.15,21.1,0,,0.36535,-0.92655,0.00029,0.04237,-0.01014,-0.02838,spy_options_2012.parquet,702593
SPY,2012-06-26,2012-06-26T16:00:00-04:00,131.97,2012-07-20,24.0,0.06575342465753424,158.0,call,0.0,0.02,0.01,0,,0.23758,0.00251,0.00076,0.00201,-0.00134,-1e-05,spy_options_2012.parquet,702594
SPY,2012-06-26,2012-06-26T16:00:00-04:00,131.97,2012-07-20,24.0,0.06575342465753424,158.0,put,25.93,26.15,0.0,,,0.37974,-0.92574,0.00022,0.04259,-0.01082,-0.0282,spy_options_2012.parquet,702594
SPY,2012-06-26,2012-06-26T16:00:00-04:00,131.97,2012-07-20,24.0,0.06575342465753424,159.0,call,0.0,0.01,0.01,0,,0.24544,0.00209,0.00075,0.00178,-0.00053,0.00062,spy_options_2012.parquet,702595
SPY,2012-06-26,2012-06-26T16:00:00-04:00,131.97,2012-07-20,24.0,0.06575342465753424,159.0,put,26.93,27.16,0.0,,,0.39354,-0.92457,0.00021,0.04306,-0.01009,-0.02869,spy_options_2012.parquet,702595
SPY,2012-06-26,2012-06-26T16:00:00-04:00,131.97,2012-07-20,24.0,0.06575342465753424,160.0,call,0.0,0.01,0.01,0,,0.2531,0.00201,0.00076,0.00241,-0.00114,0.00057,spy_options_2012.parquet,702596
SPY,2012-06-26,2012-06-26T16:00:00-04:00,131.97,2012-07-20,24.0,0.06575342465753424,160.0,put,27.94,28.15,28.1,180,,0.40802,-0.9236,0.0002,0.04411,-0.01044,-0.02863,spy_options_2012.parquet,702596
SPY,2012-06-26,2012-06-26T16:00:00-04:00,131.97,2012-07-20,24.0,0.06575342465753424,161.0,call,0.0,0.01,0.01,0,,0.26035,0.00201,0.00069,0.00179,-0.00147,-0.00032,spy_options_2012.parquet,702597
SPY,2012-06-26,2012-06-26T16:00:00-04:00,131.97,2012-07-20,24.0,0.06575342465753424,161.0,put,28.93,29.15,0.0,,,0.42264,-0.92215,0.00019,0.04466,-0.01015,-0.02896,spy_options_2012.parquet,702597
SPY,2012-06-26,2012-06-26T16:00:00-04:00,131.97,2012-07-20,24.0,0.06575342465753424,162.0,call,0.0,0.01,0.01,0,,0.26772,0.00222,0.00061,0.00167,-0.00082,0.00047,spy_options_2012.parquet,702598
SPY,2012-06-26,2012-06-26T16:00:00-04:00,131.97,2012-07-20,24.0,0.06575342465753424,162.0,put,29.93,30.15,26.34,0,,0.43759,-0.92113,0.00017,0.04514,-0.0101,-0.03008,spy_options_2012.parquet,702598
SPY,2012-06-26,2012-06-26T16:00:00-04:00,131.97,2012-07-20,24.0,0.06575342465753424,163.0,call,0.0,0.01,0.02,0,,0.27491,0.00215,0.00064,0.00203,-0.00071,-0.00029,spy_options_2012.parquet,702599
SPY,2012-06-26,2012-06-26T16:00:00-04:00,131.97,2012-07-20,24.0,0.06575342465753424,163.0,put,30.93,31.16,0.0,,,0.45146,-0.91958,0.00018,0.04518,-0.01024,-0.02947,spy_options_2012.parquet,702599
SPY,2012-06-26,2012-06-26T16:00:00-04:00,131.97,2012-07-20,24.0,0.06575342465753424,164.0,call,0.0,0.01,0.01,0,,0.28226,0.00183,0.00054,0.00228,-0.00137,-0.00024,spy_options_2012.parquet,702600
SPY,2012-06-26,2012-06-26T16:00:00-04:00,131.97,2012-07-20,24.0,0.06575342465753424,164.0,put,31.93,32.15,28.09,0,,0.46599,-0.91857,0.00017,0.046,-0.01012,-0.0304,spy_options_2012.parquet,702600
SPY,2012-06-26,2012-06-26T16:00:00-04:00,131.97,2012-07-20,24.0,0.06575342465753424,165.0,call,0.0,0.02,0.01,0,,0.28943,0.00205,0.00058,0.00162,-0.00148,-0.00027,spy_options_2012.parquet,702601
SPY,2012-06-26,2012-06-26T16:00:00-04:00,131.97,2012-07-20,24.0,0.06575342465753424,165.0,put,32.93,33.15,0.0,,,0.48046,-0.91699,0.00014,0.04607,-0.01026,-0.03007,spy_options_2012.parquet,702601
SPY,2012-06-26,2012-06-26T16:00:00-04:00,131.97,2012-07-20,24.0,0.06575342465753424,166.0,call,0.0,0.01,0.01,0,,0.29563,0.0021,0.00057,0.00171,-0.00121,0.00027,spy_options_2012.parquet,702602
SPY,2012-06-26,2012-06-26T16:00:00-04:00,131.97,2012-07-20,24.0,0.06575342465753424,166.0,put,33.93,34.16,0.0,,,0.4951,-0.91597,0.00014,0.04653,-0.00957,-0.03084,spy_options_2012.parquet,702602
SPY,2012-06-26,2012-06-26T16:00:00-04:00,131.97,2012-07-20,24.0,0.06575342465753424,167.0,call,0.0,0.0,0.0,,,0.30321,0.00184,0.00051,0.002,-0.00083,-0.00022,spy_options_2012.parquet,702603
SPY,2012-06-26,2012-06-26T16:00:00-04:00,131.97,2012-07-20,24.0,0.06575342465753424,167.0,put,34.94,35.14,0.0,,,0.50928,-0.91389,0.00011,0.04676,-0.00992,-0.03131,spy_options_2012.parquet,702603
SPY,2012-06-26,2012-06-26T16:00:00-04:00,131.97,2012-07-20,24.0,0.06575342465753424,168.0,call,0.0,0.01,0.03,0,,0.30986,0.00138,0.00048,0.0023,-0.00078,-0.0001,spy_options_2012.parquet,702604
SPY,2012-06-26,2012-06-26T16:00:00-04:00,131.97,2012-07-20,24.0,0.06575342465753424,168.0,put,35.94,36.15,32.19,0,,0.52382,-0.91288,0.00012,0.04677,-0.00961,-0.03145,spy_options_2012.parquet,702604
SPY,2012-06-26,2012-06-26T16:00:00-04:00,131.97,2012-07-20,24.0,0.06575342465753424,169.0,call,0.0,0.02,0.01,0,,0.31685,0.00156,0.00045,0.00198,-0.00057,-0.00033,spy_options_2012.parquet,702605
SPY,2012-06-26,2012-06-26T16:00:00-04:00,131.97,2012-07-20,24.0,0.06575342465753424,169.0,put,36.94,37.15,0.0,,,0.53814,-0.91145,0.00014,0.04744,-0.00976,-0.03132,spy_options_2012.parquet,702605
SPY,2012-06-26,2012-06-26T16:00:00-04:00,131.97,2012-07-20,24.0,0.06575342465753424,170.0,call,0.0,0.01,0.01,0,,0.32391,0.00181,0.00042,0.00188,-0.00079,-9e-05,spy_options_2012.parquet,702606
SPY,2012-06-26,2012-06-26T16:00:00-04:00,131.97,2012-07-20,24.0,0.06575342465753424,170.0,put,37.92,38.15,0.0,,,0.55317,-0.91031,7e-05,0.04813,-0.01015,-0.03186,spy_options_2012.parquet,702606
SPY,2012-06-26,2012-06-26T16:00:00-04:00,131.97,2012-07-20,24.0,0.06575342465753424,171.0,call,0.0,0.01,0.01,0,,0.33077,0.00123,0.00041,0.00165,-0.00143,-9e-05,spy_options_2012.parquet,702607
SPY,2012-06-26,2012-06-26T16:00:00-04:00,131.97,2012-07-20,24.0,0.06575342465753424,171.0,put,38.93,39.16,0.0,,,0.56717,-0.90954,9e-05,0.0481,-0.01016,-0.03206,spy_options_2012.parquet,702607
SPY,2012-06-26,2012-06-26T16:00:00-04:00,131.97,2012-07-20,24.0,0.06575342465753424,172.0,call,0.0,0.01,0.01,0,,0.33709,0.00115,0.00041,0.00197,-0.00111,-0.00034,spy_options_2012.parquet,702608
SPY,2012-06-26,2012-06-26T16:00:00-04:00,131.97,2012-07-20,24.0,0.06575342465753424,172.0,put,39.93,40.14,0.0,,,0.58183,-0.90838,9e-05,0.04839,-0.01018,-0.03249,spy_options_2012.parquet,702608
SPY,2012-06-26,2012-06-26T16:00:00-04:00,131.97,2012-07-20,24.0,0.06575342465753424,173.0,call,0.0,0.01,0.01,0,,0.3437,0.00127,0.00039,0.00159,-0.00091,-0.0003,spy_options_2012.parquet,702609
SPY,2012-06-26,2012-06-26T16:00:00-04:00,131.97,2012-07-20,24.0,0.06575342465753424,173.0,put,40.93,41.15,41.85,0,,0.59582,-0.90689,9e-05,0.04938,-0.01004,-0.03269,spy_options_2012.parquet,702609
SPY,2012-06-26,2012-06-26T16:00:00-04:00,131.97,2012-07-20,24.0,0.06575342465753424,174.0,call,0.0,0.02,0.0,,,0.34995,0.00143,0.00037,0.00176,-0.00079,0.00036,spy_options_2012.parquet,702610
SPY,2012-06-26,2012-06-26T16:00:00-04:00,131.97,2012-07-20,24.0,0.06575342465753424,174.0,put,41.93,42.16,35.42,0,,0.6111,-0.90537,6e-05,0.05001,-0.01013,-0.03284,spy_options_2012.parquet,702610
SPY,2012-06-26,2012-06-26T16:00:00-04:00,131.97,2012-07-20,24.0,0.06575342465753424,175.0,call,0.0,0.01,0.0,,,0.35701,0.00144,0.00035,0.00161,-0.00073,-0.0003,spy_options_2012.parquet,702611
SPY,2012-06-26,2012-06-26T16:00:00-04:00,131.97,2012-07-20,24.0,0.06575342465753424,175.0,put,42.93,43.15,35.38,0,,0.62553,-0.90357,0.0001,0.05017,-0.01,-0.03252,spy_options_2012.parquet,702611
SPY,2012-06-26,2012-06-26T16:00:00-04:00,131.97,2012-07-20,24.0,0.06575342465753424,176.0,call,0.0,0.01,0.02,0,,0.36356,0.00178,0.00041,0.00167,-0.00075,0.00062,spy_options_2012.parquet,702612
SPY,2012-06-26,2012-06-26T16:00:00-04:00,131.97,2012-07-20,24.0,0.06575342465753424,176.0,put,43.92,44.14,43.71,0,,0.63989,-0.90269,9e-05,0.05007,-0.00981,-0.03298,spy_options_2012.parquet,702612
SPY,2012-06-26,2012-06-26T16:00:00-04:00,131.97,2012-07-20,24.0,0.06575342465753424,177.0,call,0.0,0.02,0.0,,,0.36979,0.00166,0.00038,0.00186,-0.00138,-0.00018,spy_options_2012.parquet,702613
SPY,2012-06-26,2012-06-26T16:00:00-04:00,131.97,2012-07-20,24.0,0.06575342465753424,177.0,put,44.93,45.15,37.04,0,,0.65397,-0.90111,7e-05,0.05119,-0.01019,-0.03369,spy_options_2012.parquet,702613
SPY,2012-06-26,2012-06-26T16:00:00-04:00,131.97,2012-07-20,24.0,0.06575342465753424,178.0,call,0.0,0.02,0.0,,,0.37656,0.00173,0.00033,0.00184,-0.00141,-9e-05,spy_options_2012.parquet,702614
SPY,2012-06-26,2012-06-26T16:00:00-04:00,131.97,2012-07-20,24.0,0.06575342465753424,178.0,put,45.94,46.15,38.04,0,,0.6689,-0.89995,7e-05,0.05123,-0.01015,-0.03355,spy_options_2012.parquet,702614
SPY,2012-06-26,2012-06-26T16:00:00-04:00,131.97,2012-07-20,24.0,0.06575342465753424,179.0,call,0.0,0.01,0.0,,,0.38245,0.00093,0.00034,0.00198,-0.00142,0.00053,spy_options_2012.parquet,702615
SPY,2012-06-26,2012-06-26T16:00:00-04:00,131.97,2012-07-20,24.0,0.06575342465753424,179.0,put,46.94,47.15,45.8,0,,0.68271,-0.89865,8e-05,0.05142,-0.01022,-0.03443,spy_options_2012.parquet,702615
SPY,2012-06-26,2012-06-26T16:00:00-04:00,131.97,2012-07-20,24.0,0.06575342465753424,180.0,call,0.0,0.01,0.02,0,,0.38936,0.00133,0.00029,0.00142,-0.00088,0.00048,spy_options_2012.parquet,702616
SPY,2012-06-26,2012-06-26T16:00:00-04:00,131.97,2012-07-20,24.0,0.06575342465753424,180.0,put,47.93,48.15,40.96,0,,0.69752,-0.89692,5e-05,0.05237,-0.00996,-0.0341,spy_options_2012.parquet,702616
SPY,2012-06-26,2012-06-26T16:00:00-04:00,131.97,2012-07-20,24.0,0.06575342465753424,89.0,call,42.88,43.11,0.0,,,0.56612,0.99705,0.00045,0.0032,-0.00372,0.061,spy_options_2012.parquet,702525
SPY,2012-06-26,2012-06-26T16:00:00-04:00,131.97,2012-07-20,24.0,0.06575342465753424,89.0,put,0.0,0.02,0.01,0,,0.49823,-0.00146,0.00019,0.00157,-0.00108,0.0,spy_options_2012.parquet,702525
SPY,2012-06-26,2012-06-26T16:00:00-04:00,131.97,2012-07-20,24.0,0.06575342465753424,90.0,call,41.89,42.1,45.65,0,,0.55239,0.99688,0.00048,0.00292,-0.0033,0.06087,spy_options_2012.parquet,702526
SPY,2012-06-26,2012-06-26T16:00:00-04:00,131.97,2012-07-20,24.0,0.06575342465753424,90.0,put,0.0,0.0,0.01,50,,0.48539,-0.00087,0.0002,0.00076,-0.00088,-0.00042,spy_options_2012.parquet,702526
SPY,2012-06-26,2012-06-26T16:00:00-04:00,131.97,2012-07-20,24.0,0.06575342465753424,91.0,call,40.87,41.11,0.0,,,0.53854,0.99627,0.00056,0.00385,-0.0035,0.06216,spy_options_2012.parquet,702527
SPY,2012-06-26,2012-06-26T16:00:00-04:00,131.97,2012-07-20,24.0,0.06575342465753424,91.0,put,0.0,0.01,0.01,0,,0.47216,-0.00111,0.00022,0.00151,-0.00116,-0.0005,spy_options_2012.parquet,702527
SPY,2012-06-26,2012-06-26T16:00:00-04:00,131.97,2012-07-20,24.0,0.06575342465753424,92.0,call,39.88,40.1,0.0,,,0.52244,0.99621,0.00061,0.00339,-0.0033,0.06248,spy_options_2012.parquet,702528
SPY,2012-06-26,2012-06-26T16:00:00-04:00,131.97,2012-07-20,24.0,0.06575342465753424,92.0,put,0.0,0.02,0.01,0,,0.45925,-0.00079,0.00021,0.00107,-0.00107,0.0,spy_options_2012.parquet,702528
SPY,2012-06-26,2012-06-26T16:00:00-04:00,131.97,2012-07-20,24.0,0.06575342465753424,93.0,call,38.88,39.1,0.0,,,0.50762,0.99671,0.00059,0.00366,-0.00327,0.06335,spy_options_2012.parquet,702529
SPY,2012-06-26,2012-06-26T16:00:00-04:00,131.97,2012-07-20,24.0,0.06575342465753424,93.0,put,0.0,0.01,0.01,0,,0.44665,-0.00128,0.00025,0.00088,-0.00083,-0.00058,spy_options_2012.parquet,702529
SPY,2012-06-26,2012-06-26T16:00:00-04:00,131.97,2012-07-20,24.0,0.06575342465753424,94.0,call,37.87,38.11,0.0,,,0.49355,0.9965,0.00058,0.00367,-0.00363,0.06362,spy_options_2012.parquet,702530
SPY,2012-06-26,2012-06-26T16:00:00-04:00,131.97,2012-07-20,24.0,0.06575342465753424,94.0,put,0.0,0.02,0.01,0,,0.43394,-0.00134,0.00029,0.00136,-0.00065,-0.00024,spy_options_2012.parquet,702530
SPY,2012-06-26,2012-06-26T16:00:00-04:00,131.97,2012-07-20,24.0,0.06575342465753424,95.0,call,36.88,37.09,38.0,0,,0.4802,0.99658,0.00062,0.00413,-0.00373,0.06491,spy_options_2012.parquet,702531
SPY,2012-06-26,2012-06-26T16:00:00-04:00,131.97,2012-07-20,24.0,0.06575342465753424,95.0,put,0.0,0.01,0.01,112,,0.42148,-0.00166,0.00028,0.00115,-0.00133,-0.00032,spy_options_2012.parquet,702531
SPY,2012-06-26,2012-06-26T16:00:00-04:00,131.97,2012-07-20,24.0,0.06575342465753424,96.0,call,35.89,36.08,36.96,0,,0.45247,0.99669,0.0006,0.00344,-0.00268,0.06561,spy_options_2012.parquet,702532
SPY,2012-06-26,2012-06-26T16:00:00-04:00,131.97,2012-07-20,24.0,0.06575342465753424,96.0,put,0.0,0.01,0.01,30,,0.40858,-0.00145,0.00031,0.00143,-0.00063,-0.00034,spy_options_2012.parquet,702532
SPY,2012-06-26,2012-06-26T16:00:00-04:00,131.97,2012-07-20,24.0,0.06575342465753424,97.0,call,34.88,35.09,35.97,0,,0.43754,0.99744,0.00066,0.00361,-0.00251,0.06605,spy_options_2012.parquet,702533
SPY,2012-06-26,2012-06-26T16:00:00-04:00,131.97,2012-07-20,24.0,0.06575342465753424,97.0,put,0.0,0.0,0.01,30,,0.39598,-0.00088,0.00033,0.00134,-0.00121,-0.0003,spy_options_2012.parquet,702533
SPY,2012-06-26,2012-06-26T16:00:00-04:00,131.97,2012-07-20,24.0,0.06575342465753424,98.0,call,33.88,34.09,0.0,,,0.42515,0.99707,0.00069,0.00336,-0.0023,0.06635,spy_options_2012.parquet,702534
SPY,2012-06-26,2012-06-26T16:00:00-04:00,131.97,2012-07-20,24.0,0.06575342465753424,98.0,put,0.0,0.02,0.01,63,,0.38442,-0.0012,0.00034,0.00159,-0.00134,-0.00035,spy_options_2012.parquet,702534
SPY,2012-06-26,2012-06-26T16:00:00-04:00,131.97,2012-07-20,24.0,0.06575342465753424,99.0,call,32.88,33.12,0.0,,,0.44465,0.99383,0.0011,0.0054,-0.00488,0.0675,spy_options_2012.parquet,702535
SPY,2012-06-26,2012-06-26T16:00:00-04:00,131.97,2012-07-20,24.0,0.06575342465753424,99.0,put,0.0,0.01,0.01,100,,0.37229,-0.00104,0.00037,0.00204,-0.00124,-0.00042,spy_options_2012.parquet,702535
SPY,2012-06-26,2012-06-26T16:00:00-04:00,131.97,2012-08-17,52.0,0.14246575342465753,100.0,call,31.99,32.2,31.59,3,,0.36125,0.98129,0.00249,0.02308,-0.00817,0.14158,spy_options_2012.parquet,702657
SPY,2012-06-26,2012-06-26T16:00:00-04:00,131.97,2012-08-17,52.0,0.14246575342465753,100.0,put,0.09,0.12,0.1,,,0.35059,-0.01646,0.00226,0.02054,-0.00685,-0.00325,spy_options_2012.parquet,702657
SPY,2012-06-26,2012-06-26T16:00:00-04:00,131.97,2012-08-17,52.0,0.14246575342465753,101.0,call,31.0,31.24,0.0,,,0.35987,0.97793,0.00283,0.02576,-0.0087,0.14258,spy_options_2012.parquet,702658
SPY,2012-06-26,2012-06-26T16:00:00-04:00,131.97,2012-08-17,52.0,0.14246575342465753,101.0,put,0.11,0.12,0.12,10,,0.34374,-0.01732,0.00249,0.02214,-0.00655,-0.00339,spy_options_2012.parquet,702658
SPY,2012-06-26,2012-06-26T16:00:00-04:00,131.97,2012-08-17,52.0,0.14246575342465753,102.0,call,30.03,30.23,29.18,0,,0.34913,0.97745,0.00308,0.02685,-0.00873,0.14354,spy_options_2012.parquet,702659
SPY,2012-06-26,2012-06-26T16:00:00-04:00,131.97,2012-08-17,52.0,0.14246575342465753,102.0,put,0.13,0.14,0.13,79,,0.33753,-0.01909,0.00278,0.02361,-0.007,-0.00348,spy_options_2012.parquet,702659
SPY,2012-06-26,2012-06-26T16:00:00-04:00,131.97,2012-08-17,52.0,0.14246575342465753,103.0,call,29.03,29.27,0.0,,,0.34564,0.97433,0.00348,0.03037,-0.0095,0.14388,spy_options_2012.parquet,702660
SPY,2012-06-26,2012-06-26T16:00:00-04:00,131.97,2012-08-17,52.0,0.14246575342465753,103.0,put,0.14,0.14,0.15,40,,0.33091,-0.02151,0.00306,0.02574,-0.00789,-0.00388,spy_options_2012.parquet,702660
SPY,2012-06-26,2012-06-26T16:00:00-04:00,131.97,2012-08-17,52.0,0.14246575342465753,104.0,call,28.04,28.26,28.71,0,,0.33621,0.97262,0.00372,0.03195,-0.01004,0.14554,spy_options_2012.parquet,702661
SPY,2012-06-26,2012-06-26T16:00:00-04:00,131.97,2012-08-17,52.0,0.14246575342465753,104.0,put,0.15,0.16,0.16,54,,0.32654,-0.02425,0.00349,0.02883,-0.00834,-0.00513,spy_options_2012.parquet,702661
SPY,2012-06-26,2012-06-26T16:00:00-04:00,131.97,2012-08-17,52.0,0.14246575342465753,105.0,call,27.06,27.31,29.59,0,,0.33236,0.96886,0.00419,0.03518,-0.01114,0.14598,spy_options_2012.parquet,702662
SPY,2012-06-26,2012-06-26T16:00:00-04:00,131.97,2012-08-17,52.0,0.14246575342465753,105.0,put,0.15,0.16,0.16,190,,0.31867,-0.02648,0.00376,0.03103,-0.00944,-0.00559,spy_options_2012.parquet,702662
SPY,2012-06-26,2012-06-26T16:00:00-04:00,131.97,2012-08-17,52.0,0.14246575342465753,106.0,call,26.09,26.31,26.26,0,,0.32748,0.96572,0.00466,0.03861,-0.0118,0.14644,spy_options_2012.parquet,702663
SPY,2012-06-26,2012-06-26T16:00:00-04:00,131.97,2012-08-17,52.0,0.14246575342465753,106.0,put,0.18,0.19,0.19,41,,0.31409,-0.02874,0.00424,0.03393,-0.01018,-0.00633,spy_options_2012.parquet,702663
SPY,2012-06-26,2012-06-26T16:00:00-04:00,131.97,2012-08-17,52.0,0.14246575342465753,107.0,call,25.13,25.33,25.89,0,,0.32018,0.96284,0.00514,0.04131,-0.01228,0.1474,spy_options_2012.parquet,702664
SPY,2012-06-26,2012-06-26T16:00:00-04:00,131.97,2012-08-17,52.0,0.14246575342465753,107.0,put,0.19,0.21,0.2,147,,0.30848,-0.03208,0.00467,0.03641,-0.01036,-0.00686,spy_options_2012.parquet,702664
SPY,2012-06-26,2012-06-26T16:00:00-04:00,131.97,2012-08-17,52.0,0.14246575342465753,108.0,call,24.16,24.36,23.83,1,,0.3149,0.95855,0.00558,0.04471,-0.01336,0.14844,spy_options_2012.parquet,702665
SPY,2012-06-26,2012-06-26T16:00:00-04:00,131.97,2012-08-17,52.0,0.14246575342465753,108.0,put,0.22,0.23,0.22,136,,0.30195,-0.0363,0.00519,0.03985,-0.01096,-0.00669,spy_options_2012.parquet,702665
SPY,2012-06-26,2012-06-26T16:00:00-04:00,131.97,2012-08-17,52.0,0.14246575342465753,109.0,call,23.19,23.38,23.31,14,,0.31027,0.95352,0.0063,0.04939,-0.01433,0.14913,spy_options_2012.parquet,702666
SPY,2012-06-26,2012-06-26T16:00:00-04:00,131.97,2012-08-17,52.0,0.14246575342465753,109.0,put,0.26,0.27,0.26,186,,0.29765,-0.04068,0.0058,0.04391,-0.01218,-0.00819,spy_options_2012.parquet,702666
SPY,2012-06-26,2012-06-26T16:00:00-04:00,131.97,2012-08-17,52.0,0.14246575342465753,110.0,call,22.24,22.42,21.61,25,,0.30595,0.94735,0.00697,0.05401,-0.01535,0.14944,spy_options_2012.parquet,702667
SPY,2012-06-26,2012-06-26T16:00:00-04:00,131.97,2012-08-17,52.0,0.14246575342465753,110.0,put,0.27,0.3,0.28,212,,0.29238,-0.04529,0.00652,0.04836,-0.01281,-0.00893,spy_options_2012.parquet,702667
SPY,2012-06-26,2012-06-26T16:00:00-04:00,131.97,2012-08-17,52.0,0.14246575342465753,111.0,call,21.28,21.44,23.07,0,,0.30048,0.94143,0.00765,0.05806,-0.01698,0.14961,spy_options_2012.parquet,702668
SPY,2012-06-26,2012-06-26T16:00:00-04:00,131.97,2012-08-17,52.0,0.14246575342465753,111.0,put,0.33,0.33,0.31,128,,0.28758,-0.05149,0.0073,0.05315,-0.0144,-0.01032,spy_options_2012.parquet,702668
SPY,2012-06-26,2012-06-26T16:00:00-04:00,131.97,2012-08-17,52.0,0.14246575342465753,112.0,call,20.29,20.48,22.11,0,,0.29294,0.93692,0.00849,0.06249,-0.01748,0.1494,spy_options_2012.parquet,702669
SPY,2012-06-26,2012-06-26T16:00:00-04:00,131.97,2012-08-17,52.0,0.14246575342465753,112.0,put,0.37,0.37,0.36,275,,0.28272,-0.05795,0.0081,0.05786,-0.01499,-0.01102,spy_options_2012.parquet,702669
SPY,2012-06-26,2012-06-26T16:00:00-04:00,131.97,2012-08-17,52.0,0.14246575342465753,113.0,call,19.34,19.53,19.47,48,,0.28588,0.92989,0.00931,0.06734,-0.01824,0.14993,spy_options_2012.parquet,702670
SPY,2012-06-26,2012-06-26T16:00:00-04:00,131.97,2012-08-17,52.0,0.14246575342465753,113.0,put,0.4,0.41,0.39,170,,0.27699,-0.06422,0.00903,0.06338,-0.01684,-0.01234,spy_options_2012.parquet,702670
SPY,2012-06-26,2012-06-26T16:00:00-04:00,131.97,2012-08-17,52.0,0.14246575342465753,114.0,call,18.39,18.58,18.51,73,,0.28079,0.9227,0.01027,0.07332,-0.01878,0.14975,spy_options_2012.parquet,702671
SPY,2012-06-26,2012-06-26T16:00:00-04:00,131.97,2012-08-17,52.0,0.14246575342465753,114.0,put,0.45,0.46,0.43,,,0.27215,-0.0718,0.00995,0.06863,-0.01775,-0.01386,spy_options_2012.parquet,702671
SPY,2012-06-26,2012-06-26T16:00:00-04:00,131.97,2012-08-17,52.0,0.14246575342465753,115.0,call,17.46,17.63,17.76,15,,0.27649,0.91358,0.01135,0.07985,-0.0206,0.14927,spy_options_2012.parquet,702672
SPY,2012-06-26,2012-06-26T16:00:00-04:00,131.97,2012-08-17,52.0,0.14246575342465753,115.0,put,0.5,0.51,0.5,,,0.26765,-0.08123,0.01109,0.07586,-0.01887,-0.01578,spy_options_2012.parquet,702672
SPY,2012-06-26,2012-06-26T16:00:00-04:00,131.97,2012-08-17,52.0,0.14246575342465753,116.0,call,16.52,16.7,16.17,52,,0.26988,0.90408,0.01252,0.08549,-0.0216,0.14897,spy_options_2012.parquet,702673
SPY,2012-06-26,2012-06-26T16:00:00-04:00,131.97,2012-08-17,52.0,0.14246575342465753,116.0,put,0.56,0.58,0.55,201,,0.26222,-0.08989,0.01235,0.08206,-0.02009,-0.01851,spy_options_2012.parquet,702673
SPY,2012-06-26,2012-06-26T16:00:00-04:00,131.97,2012-08-17,52.0,0.14246575342465753,117.0,call,15.59,15.77,16.65,0,,0.26497,0.89308,0.01378,0.0926,-0.02321,0.14862,spy_options_2012.parquet,702674
SPY,2012-06-26,2012-06-26T16:00:00-04:00,131.97,2012-08-17,52.0,0.14246575342465753,117.0,put,0.65,0.66,0.63,422,,0.25844,-0.10148,0.01368,0.08928,-0.02189,-0.02022,spy_options_2012.parquet,702674
SPY,2012-06-26,2012-06-26T16:00:00-04:00,131.97,2012-08-17,52.0,0.14246575342465753,118.0,call,14.67,14.85,14.78,48,,0.25953,0.88166,0.01521,0.09937,-0.02479,0.14691,spy_options_2012.parquet,702675
SPY,2012-06-26,2012-06-26T16:00:00-04:00,131.97,2012-08-17,52.0,0.14246575342465753,118.0,put,0.73,0.75,0.74,,,0.25321,-0.11341,0.01511,0.09667,-0.02275,-0.02323,spy_options_2012.parquet,702675
SPY,2012-06-26,2012-06-26T16:00:00-04:00,131.97,2012-08-17,52.0,0.14246575342465753,119.0,call,13.78,13.95,13.41,10,,0.25456,0.86757,0.01675,0.10757,-0.02613,0.14606,spy_options_2012.parquet,702676
SPY,2012-06-26,2012-06-26T16:00:00-04:00,131.97,2012-08-17,52.0,0.14246575342465753,119.0,put,0.82,0.84,0.78,419,,0.24859,-0.12705,0.01664,0.10485,-0.02425,-0.025,spy_options_2012.parquet,702676
SPY,2012-06-26,2012-06-26T16:00:00-04:00,131.97,2012-08-17,52.0,0.14246575342465753,120.0,call,12.88,13.06,13.17,63,,0.24973,0.85287,0.01838,0.116,-0.02774,0.14429,spy_options_2012.parquet,702677
SPY,2012-06-26,2012-06-26T16:00:00-04:00,131.97,2012-08-17,52.0,0.14246575342465753,120.0,put,0.92,0.95,0.89,,,0.24381,-0.14252,0.0184,0.11309,-0.02567,-0.02824,spy_options_2012.parquet,702677
SPY,2012-06-26,2012-06-26T16:00:00-04:00,131.97,2012-08-17,52.0,0.14246575342465753,121.0,call,12.02,12.15,12.08,20,,0.24488,0.83532,0.02008,0.12468,-0.02882,0.1429,spy_options_2012.parquet,702678
SPY,2012-06-26,2012-06-26T16:00:00-04:00,131.97,2012-08-17,52.0,0.14246575342465753,121.0,put,1.04,1.06,1.02,,,0.23906,-0.15963,0.02017,0.12232,-0.02795,-0.03174,spy_options_2012.parquet,702678
SPY,2012-06-26,2012-06-26T16:00:00-04:00,131.97,2012-08-17,52.0,0.14246575342465753,122.0,call,11.15,11.29,11.06,6,,0.23947,0.81723,0.02198,0.13337,-0.03013,0.14016,spy_options_2012.parquet,702679
SPY,2012-06-26,2012-06-26T16:00:00-04:00,131.97,2012-08-17,52.0,0.14246575342465753,122.0,put,1.17,1.19,1.17,,,0.23406,-0.17733,0.02203,0.13126,-0.02873,-0.03586,spy_options_2012.parquet,702679
SPY,2012-06-26,2012-06-26T16:00:00-04:00,131.97,2012-08-17,52.0,0.14246575342465753,123.0,call,10.3,10.44,10.21,19,,0.23514,0.7976,0.02391,0.14181,-0.03186,0.13804,spy_options_2012.parquet,702680
SPY,2012-06-26,2012-06-26T16:00:00-04:00,131.97,2012-08-17,52.0,0.14246575342465753,123.0,put,1.33,1.33,1.27,,,0.22976,-0.19811,0.02413,0.14001,-0.03036,-0.03949,spy_options_2012.parquet,702680
SPY,2012-06-26,2012-06-26T16:00:00-04:00,131.97,2012-08-17,52.0,0.14246575342465753,124.0,call,9.48,9.57,9.64,50,,0.2287,0.77557,0.02597,0.1509,-0.03254,0.13515,spy_options_2012.parquet,702681
SPY,2012-06-26,2012-06-26T16:00:00-04:00,131.97,2012-08-17,52.0,0.14246575342465753,124.0,put,1.48,1.5,1.41,,,0.22536,-0.2209,0.02618,0.1494,-0.03133,-0.04374,spy_options_2012.parquet,702681
SPY,2012-06-26,2012-06-26T16:00:00-04:00,131.97,2012-08-17,52.0,0.14246575342465753,125.0,call,8.66,8.77,8.9,882,,0.22407,0.75147,0.02818,0.15939,-0.03422,0.13143,spy_options_2012.parquet,702682
SPY,2012-06-26,2012-06-26T16:00:00-04:00,131.97,2012-08-17,52.0,0.14246575342465753,125.0,put,1.68,1.69,1.62,,,0.22035,-0.24591,0.0284,0.15832,-0.03324,-0.04931,spy_options_2012.parquet,702682
SPY,2012-06-26,2012-06-26T16:00:00-04:00,131.97,2012-08-17,52.0,0.14246575342465753,126.0,call,7.87,8.0,8.11,148,,0.21978,0.72439,0.03023,0.16801,-0.03522,0.12718,spy_options_2012.parquet,702683
SPY,2012-06-26,2012-06-26T16:00:00-04:00,131.97,2012-08-17,52.0,0.14246575342465753,126.0,put,1.88,1.9,1.81,,,0.21539,-0.2729,0.0307,0.16684,-0.03408,-0.0542,spy_options_2012.parquet,702683
SPY,2012-06-26,2012-06-26T16:00:00-04:00,131.97,2012-08-17,52.0,0.14246575342465753,127.0,call,7.1,7.17,7.26,424,,0.21315,0.69651,0.03269,0.17537,-0.03525,0.12346,spy_options_2012.parquet,702684
SPY,2012-06-26,2012-06-26T16:00:00-04:00,131.97,2012-08-17,52.0,0.14246575342465753,127.0,put,2.11,2.13,2.09,,,0.2106,-0.30251,0.03291,0.17539,-0.03493,-0.06012,spy_options_2012.parquet,702684
SPY,2012-06-26,2012-06-26T16:00:00-04:00,131.97,2012-08-17,52.0,0.14246575342465753,128.0,call,6.36,6.43,6.39,484,,0.20807,0.6647,0.03493,0.18283,-0.03601,0.11817,spy_options_2012.parquet,702685
SPY,2012-06-26,2012-06-26T16:00:00-04:00,131.97,2012-08-17,52.0,0.14246575342465753,128.0,put,2.36,2.4,2.34,,,0.206,-0.33362,0.03515,0.18297,-0.03584,-0.06649,spy_options_2012.parquet,702685
SPY,2012-06-26,2012-06-26T16:00:00-04:00,131.97,2012-08-17,52.0,0.14246575342465753,129.0,call,5.66,5.72,5.67,,,0.20276,0.63079,0.03692,0.18957,-0.03692,0.11234,spy_options_2012.parquet,702686
SPY,2012-06-26,2012-06-26T16:00:00-04:00,131.97,2012-08-17,52.0,0.14246575342465753,129.0,put,2.66,2.68,2.64,,,0.20057,-0.36891,0.03738,0.19007,-0.03566,-0.07328,spy_options_2012.parquet,702686
SPY,2012-06-26,2012-06-26T16:00:00-04:00,131.97,2012-08-17,52.0,0.14246575342465753,130.0,call,4.98,5.02,5.13,972,,0.1982,0.59412,0.03902,0.19464,-0.03684,0.10624,spy_options_2012.parquet,702687
SPY,2012-06-26,2012-06-26T16:00:00-04:00,131.97,2012-08-17,52.0,0.14246575342465753,130.0,put,2.98,3.01,2.95,,,0.19583,-0.40499,0.03934,0.19522,-0.03618,-0.07952,spy_options_2012.parquet,702687
SPY,2012-06-26,2012-06-26T16:00:00-04:00,131.97,2012-08-17,52.0,0.14246575342465753,131.0,call,4.33,4.38,4.34,,,0.19235,0.55497,0.04082,0.19884,-0.0367,0.10029,spy_options_2012.parquet,702688
SPY,2012-06-26,2012-06-26T16:00:00-04:00,131.97,2012-08-17,52.0,0.14246575342465753,131.0,put,3.33,3.36,3.28,,,0.19003,-0.4454,0.0412,0.19907,-0.03621,-0.08788,spy_options_2012.parquet,702688
SPY,2012-06-26,2012-06-26T16:00:00-04:00,131.97,2012-08-17,52.0,0.14246575342465753,132.0,call,3.72,3.76,3.78,,,0.18746,0.51267,0.0424,0.20048,-0.03593,0.0932,spy_options_2012.parquet,702689
SPY,2012-06-26,2012-06-26T16:00:00-04:00,131.97,2012-08-17,52.0,0.14246575342465753,132.0,put,3.72,3.74,3.7,,,0.18563,-0.48711,0.04292,0.20075,-0.03523,-0.09531,spy_options_2012.parquet,702689
SPY,2012-06-26,2012-06-26T16:00:00-04:00,131.97,2012-08-17,52.0,0.14246575342465753,133.0,call,3.16,3.17,3.22,,,0.18224,0.46883,0.04351,0.19956,-0.03426,0.08477,spy_options_2012.parquet,702690
SPY,2012-06-26,2012-06-26T16:00:00-04:00,131.97,2012-08-17,52.0,0.14246575342465753,133.0,put,4.14,4.17,4.11,,,0.1795,-0.53135,0.04385,0.19975,-0.03393,-0.10342,spy_options_2012.parquet,702690
SPY,2012-06-26,2012-06-26T16:00:00-04:00,131.97,2012-08-17,52.0,0.14246575342465753,134.0,call,2.64,2.66,2.69,,,0.17714,0.4239,0.04401,0.19668,-0.03315,0.07713,spy_options_2012.parquet,702691
SPY,2012-06-26,2012-06-26T16:00:00-04:00,131.97,2012-08-17,52.0,0.14246575342465753,134.0,put,4.62,4.64,4.61,,,0.17494,-0.57792,0.04449,0.19704,-0.03273,-0.11148,spy_options_2012.parquet,702691
SPY,2012-06-26,2012-06-26T16:00:00-04:00,131.97,2012-08-17,52.0,0.14246575342465753,135.0,call,2.16,2.19,2.2,,,0.17142,0.37687,0.04407,0.1907,-0.03119,0.06928,spy_options_2012.parquet,702692
SPY,2012-06-26,2012-06-26T16:00:00-04:00,131.97,2012-08-17,52.0,0.14246575342465753,135.0,put,5.13,5.18,5.05,,,0.16903,-0.62484,0.04437,0.19104,-0.03057,-0.11878,spy_options_2012.parquet,702692
SPY,2012-06-26,2012-06-26T16:00:00-04:00,131.97,2012-08-17,52.0,0.14246575342465753,136.0,call,1.73,1.74,1.77,,,0.16676,0.32899,0.04329,0.18219,-0.0282,0.06031,spy_options_2012.parquet,702693
SPY,2012-06-26,2012-06-26T16:00:00-04:00,131.97,2012-08-17,52.0,0.14246575342465753,136.0,put,5.69,5.75,5.51,,,0.16388,-0.67314,0.04349,0.18165,-0.02827,-0.12545,spy_options_2012.parquet,702693
SPY,2012-06-26,2012-06-26T16:00:00-04:00,131.97,2012-08-17,52.0,0.14246575342465753,137.0,call,1.37,1.38,1.39,,,0.16178,0.28185,0.04162,0.16964,-0.02625,0.05242,spy_options_2012.parquet,702694
SPY,2012-06-26,2012-06-26T16:00:00-04:00,131.97,2012-08-17,52.0,0.14246575342465753,137.0,put,6.3,6.4,6.14,777,,0.15861,-0.72199,0.04176,0.1684,-0.02546,-0.13197,spy_options_2012.parquet,702694
SPY,2012-06-26,2012-06-26T16:00:00-04:00,131.97,2012-08-17,52.0,0.14246575342465753,138.0,call,1.05,1.08,1.11,,,0.15649,0.23647,0.03913,0.15468,-0.02309,0.04382,spy_options_2012.parquet,702695
SPY,2012-06-26,2012-06-26T16:00:00-04:00,131.97,2012-08-17,52.0,0.14246575342465753,138.0,put,6.98,7.07,6.8,308,,0.1527,-0.76819,0.03898,0.15339,-0.02208,-0.13561,spy_options_2012.parquet,702695
SPY,2012-06-26,2012-06-26T16:00:00-04:00,131.97,2012-08-17,52.0,0.14246575342465753,139.0,call,0.79,0.8,0.84,,,0.1528,0.19426,0.03579,0.13849,-0.02038,0.03605,spy_options_2012.parquet,702696
SPY,2012-06-26,2012-06-26T16:00:00-04:00,131.97,2012-08-17,52.0,0.14246575342465753,139.0,put,7.75,7.81,8.57,621,,0.14899,-0.80963,0.03511,0.13656,-0.01934,-0.1371,spy_options_2012.parquet,702696
SPY,2012-06-26,2012-06-26T16:00:00-04:00,131.97,2012-08-17,52.0,0.14246575342465753,140.0,call,0.59,0.59,0.61,,,0.14816,0.15538,0.03193,0.12032,-0.01717,0.02888,spy_options_2012.parquet,702697
SPY,2012-06-26,2012-06-26T16:00:00-04:00,131.97,2012-08-17,52.0,0.14246575342465753,140.0,put,8.48,8.61,8.32,333,,0.14308,-0.85061,0.03038,0.11608,-0.01595,-0.13515,spy_options_2012.parquet,702697
SPY,2012-06-26,2012-06-26T16:00:00-04:00,131.97,2012-08-17,52.0,0.14246575342465753,141.0,call,0.42,0.44,0.44,857,,0.14475,0.12134,0.02762,0.10165,-0.01421,0.02305,spy_options_2012.parquet,702698
SPY,2012-06-26,2012-06-26T16:00:00-04:00,131.97,2012-08-17,52.0,0.14246575342465753,141.0,put,9.31,9.49,9.68,244,,0.14137,-0.88053,0.0251,0.09959,-0.01321,-0.12853,spy_options_2012.parquet,702698
SPY,2012-06-26,2012-06-26T16:00:00-04:00,131.97,2012-08-17,52.0,0.14246575342465753,142.0,call,0.29,0.31,0.31,,,0.1413,0.09117,0.02308,0.08289,-0.01069,0.01738,spy_options_2012.parquet,702699
SPY,2012-06-26,2012-06-26T16:00:00-04:00,131.97,2012-08-17,52.0,0.14246575342465753,142.0,put,10.2,10.32,11.14,303,,0.13606,-0.90836,0.01896,0.08119,-0.01008,-0.11661,spy_options_2012.parquet,702699
SPY,2012-06-26,2012-06-26T16:00:00-04:00,131.97,2012-08-17,52.0,0.14246575342465753,143.0,call,0.2,0.21,0.2,,,0.13888,0.06807,0.01886,0.06588,-0.00856,0.01284,spy_options_2012.parquet,702700
SPY,2012-06-26,2012-06-26T16:00:00-04:00,131.97,2012-08-17,52.0,0.14246575342465753,143.0,put,11.11,11.24,12.07,390,,0.13462,-0.92614,0.01309,0.06806,-0.00883,-0.09945,spy_options_2012.parquet,702700
SPY,2012-06-26,2012-06-26T16:00:00-04:00,131.97,2012-08-17,52.0,0.14246575342465753,144.0,call,0.14,0.14,0.15,,,0.13573,0.04877,0.01468,0.05033,-0.00639,0.00926,spy_options_2012.parquet,702701
SPY,2012-06-26,2012-06-26T16:00:00-04:00,131.97,2012-08-17,52.0,0.14246575342465753,144.0,put,12.03,12.25,12.34,40,,0.13932,-0.932,0.00957,0.06304,-0.00837,-0.08976,spy_options_2012.parquet,702701
SPY,2012-06-26,2012-06-26T16:00:00-04:00,131.97,2012-08-17,52.0,0.14246575342465753,145.0,call,0.09,0.1,0.1,194,,0.13523,0.03537,0.01162,0.03964,-0.00488,0.00639,spy_options_2012.parquet,702702
SPY,2012-06-26,2012-06-26T16:00:00-04:00,131.97,2012-08-17,52.0,0.14246575342465753,145.0,put,13.0,13.21,13.05,164,,0.14204,-0.9359,0.00595,0.05843,-0.00739,-0.07652,spy_options_2012.parquet,702702
SPY,2012-06-26,2012-06-26T16:00:00-04:00,131.97,2012-08-17,52.0,0.14246575342465753,146.0,call,0.06,0.07,0.06,212,,0.13439,0.02616,0.00883,0.03059,-0.00389,0.00516,spy_options_2012.parquet,702703
SPY,2012-06-26,2012-06-26T16:00:00-04:00,131.97,2012-08-17,52.0,0.14246575342465753,146.0,put,13.96,14.19,15.0,8,,0.1482,-0.93797,0.00355,0.05707,-0.00801,-0.06695,spy_options_2012.parquet,702703
SPY,2012-06-26,2012-06-26T16:00:00-04:00,131.97,2012-08-17,52.0,0.14246575342465753,147.0,call,0.04,0.04,0.05,101,,0.13457,0.01855,0.00674,0.02321,-0.00324,0.00318,spy_options_2012.parquet,702704
SPY,2012-06-26,2012-06-26T16:00:00-04:00,131.97,2012-08-17,52.0,0.14246575342465753,147.0,put,14.95,15.16,13.78,0,,0.15393,-0.938,0.00188,0.05591,-0.00805,-0.06008,spy_options_2012.parquet,702704
SPY,2012-06-26,2012-06-26T16:00:00-04:00,131.97,2012-08-17,52.0,0.14246575342465753,148.0,call,0.03,0.04,0.03,84,,0.13633,0.01502,0.00534,0.01885,-0.00252,0.00323,spy_options_2012.parquet,702705
SPY,2012-06-26,2012-06-26T16:00:00-04:00,131.97,2012-08-17,52.0,0.14246575342465753,148.0,put,15.93,16.16,13.76,0,,0.16147,-0.93784,0.00069,0.05617,-0.0088,-0.05501,spy_options_2012.parquet,702705
SPY,2012-06-26,2012-06-26T16:00:00-04:00,131.97,2012-08-17,52.0,0.14246575342465753,149.0,call,0.01,0.02,0.02,80,,0.13716,0.01022,0.00409,0.01388,-0.00186,0.00219,spy_options_2012.parquet,702706
SPY,2012-06-26,2012-06-26T16:00:00-04:00,131.97,2012-08-17,52.0,0.14246575342465753,149.0,put,16.92,17.15,0.0,,,0.17154,-0.93658,0.00068,0.05649,-0.00942,-0.05568,spy_options_2012.parquet,702706
SPY,2012-06-26,2012-06-26T16:00:00-04:00,131.97,2012-08-17,52.0,0.14246575342465753,150.0,call,0.01,0.01,0.02,676,,0.13434,0.00627,0.00281,0.00981,-0.00086,0.00121,spy_options_2012.parquet,702707
SPY,2012-06-26,2012-06-26T16:00:00-04:00,131.97,2012-08-17,52.0,0.14246575342465753,150.0,put,17.93,18.15,17.92,1,,0.18092,-0.93512,0.0006,0.05803,-0.00992,-0.0556,spy_options_2012.parquet,702707
SPY,2012-06-26,2012-06-26T16:00:00-04:00,131.97,2012-08-17,52.0,0.14246575342465753,151.0,call,0.01,0.01,0.02,1,,0.14191,0.00643,0.00261,0.00953,-0.00106,0.00145,spy_options_2012.parquet,702708
SPY,2012-06-26,2012-06-26T16:00:00-04:00,131.97,2012-08-17,52.0,0.14246575342465753,151.0,put,18.93,19.15,20.68,0,,0.1907,-0.93409,0.0005,0.05799,-0.00999,-0.05655,spy_options_2012.parquet,702708
SPY,2012-06-26,2012-06-26T16:00:00-04:00,131.97,2012-08-17,52.0,0.14246575342465753,152.0,call,0.0,0.02,0.02,103,,0.14773,0.00681,0.00244,0.00912,-0.00129,0.00084,spy_options_2012.parquet,702709
SPY,2012-06-26,2012-06-26T16:00:00-04:00,131.97,2012-08-17,52.0,0.14246575342465753,152.0,put,19.94,20.15,0.0,,,0.20084,-0.93308,0.00045,0.05877,-0.00963,-0.05695,spy_options_2012.parquet,702709
SPY,2012-06-26,2012-06-26T16:00:00-04:00,131.97,2012-08-17,52.0,0.14246575342465753,153.0,call,0.01,0.01,0.01,46,,0.15331,0.00652,0.00224,0.00816,-0.00116,0.00108,spy_options_2012.parquet,702710
SPY,2012-06-26,2012-06-26T16:00:00-04:00,131.97,2012-08-17,52.0,0.14246575342465753,153.0,put,20.92,21.14,17.07,0,,0.2107,-0.93172,0.00043,0.05898,-0.01027,-0.05691,spy_options_2012.parquet,702710
SPY,2012-06-26,2012-06-26T16:00:00-04:00,131.97,2012-08-17,52.0,0.14246575342465753,154.0,call,0.0,0.01,0.01,50,,0.14257,0.00214,0.00107,0.00333,-0.00067,0.00084,spy_options_2012.parquet,702711
SPY,2012-06-26,2012-06-26T16:00:00-04:00,131.97,2012-08-17,52.0,0.14246575342465753,154.0,put,21.94,22.16,18.29,0,,0.22094,-0.93063,0.0004,0.05994,-0.00978,-0.05822,spy_options_2012.parquet,702711
SPY,2012-06-26,2012-06-26T16:00:00-04:00,131.97,2012-08-17,52.0,0.14246575342465753,155.0,call,0.0,0.01,0.02,0,,0.14769,0.00233,0.00097,0.00338,-0.0008,8e-05,spy_options_2012.parquet,702712
SPY,2012-06-26,2012-06-26T16:00:00-04:00,131.97,2012-08-17,52.0,0.14246575342465753,155.0,put,22.94,23.12,19.6,0,,,-1.0,0.0,0.0,0.0,0.0,spy_options_2012.parquet,702712
SPY,2012-06-26,2012-06-26T16:00:00-04:00,131.97,2012-08-17,52.0,0.14246575342465753,156.0,call,0.0,0.0,0.01,0,,0.15304,0.00241,0.00087,0.00346,-0.00072,0.00068,spy_options_2012.parquet,702713
SPY,2012-06-26,2012-06-26T16:00:00-04:00,131.97,2012-08-17,52.0,0.14246575342465753,156.0,put,23.92,24.15,0.0,,,0.24047,-0.92804,0.00035,0.06085,-0.01023,-0.0586,spy_options_2012.parquet,702713
SPY,2012-06-26,2012-06-26T16:00:00-04:00,131.97,2012-08-17,52.0,0.14246575342465753,157.0,call,0.0,0.01,0.01,0,,0.15817,0.00255,0.00088,0.00358,-0.00034,7e-05,spy_options_2012.parquet,702714
SPY,2012-06-26,2012-06-26T16:00:00-04:00,131.97,2012-08-17,52.0,0.14246575342465753,157.0,put,24.93,25.12,22.59,0,,,-1.0,0.0,0.0,0.0,0.0,spy_options_2012.parquet,702714
SPY,2012-06-26,2012-06-26T16:00:00-04:00,131.97,2012-08-17,52.0,0.14246575342465753,158.0,call,0.0,0.01,0.01,10,,0.16307,0.00214,0.0008,0.00381,-0.00096,6e-05,spy_options_2012.parquet,702715
SPY,2012-06-26,2012-06-26T16:00:00-04:00,131.97,2012-08-17,52.0,0.14246575342465753,158.0,put,25.92,26.15,22.43,0,,0.26086,-0.92607,0.00029,0.0627,-0.0108,-0.05965,spy_options_2012.parquet,702715
SPY,2012-06-26,2012-06-26T16:00:00-04:00,131.97,2012-08-17,52.0,0.14246575342465753,159.0,call,0.0,0.0,0.01,0,,0.16865,0.00215,0.00074,0.00357,-0.00057,0.00076,spy_options_2012.parquet,702716
SPY,2012-06-26,2012-06-26T16:00:00-04:00,131.97,2012-08-17,52.0,0.14246575342465753,159.0,put,26.93,27.14,0.0,,,0.2705,-0.92481,0.00022,0.06332,-0.00978,-0.06057,spy_options_2012.parquet,702716
SPY,2012-06-26,2012-06-26T16:00:00-04:00,131.97,2012-08-17,52.0,0.14246575342465753,160.0,call,0.0,0.02,0.09,0,,0.17339,0.00179,0.00077,0.00352,-0.00029,0.00078,spy_options_2012.parquet,702717
SPY,2012-06-26,2012-06-26T16:00:00-04:00,131.97,2012-08-17,52.0,0.14246575342465753,160.0,put,27.92,28.16,24.9,0,,0.28093,-0.92327,0.00023,0.06382,-0.01049,-0.06079,spy_options_2012.parquet,702717
SPY,2012-06-26,2012-06-26T16:00:00-04:00,131.97,2012-08-17,52.0,0.14246575342465753,161.0,call,0.0,0.02,0.02,0,,0.17894,0.00149,0.00068,0.00266,-4e-05,-6e-05,spy_options_2012.parquet,702718
SPY,2012-06-26,2012-06-26T16:00:00-04:00,131.97,2012-08-17,52.0,0.14246575342465753,161.0,put,28.93,29.15,25.48,0,,0.29006,-0.92186,0.00019,0.06421,-0.01012,-0.06168,spy_options_2012.parquet,702718
SPY,2012-06-26,2012-06-26T16:00:00-04:00,131.97,2012-08-17,52.0,0.14246575342465753,162.0,call,0.0,0.01,0.0,,,0.18418,0.00223,0.0006,0.00289,-0.00023,0.00078,spy_options_2012.parquet,702719
SPY,2012-06-26,2012-06-26T16:00:00-04:00,131.97,2012-08-17,52.0,0.14246575342465753,162.0,put,29.93,30.15,25.93,0,,0.30015,-0.92099,0.00016,0.06551,-0.00975,-0.06231,spy_options_2012.parquet,702719
SPY,2012-06-26,2012-06-26T16:00:00-04:00,131.97,2012-08-17,52.0,0.14246575342465753,163.0,call,0.0,0.02,0.0,,,0.1886,0.00197,0.00064,0.00285,-0.00025,2e-05,spy_options_2012.parquet,702720
SPY,2012-06-26,2012-06-26T16:00:00-04:00,131.97,2012-08-17,52.0,0.14246575342465753,163.0,put,30.93,31.15,30.3,0,,0.31053,-0.91996,0.00014,0.06564,-0.01057,-0.06235,spy_options_2012.parquet,702720
SPY,2012-06-26,2012-06-26T16:00:00-04:00,131.97,2012-08-17,52.0,0.14246575342465753,164.0,call,0.0,0.01,0.0,,,0.19363,0.00151,0.00056,0.00325,-0.00025,0.00029,spy_options_2012.parquet,702721
SPY,2012-06-26,2012-06-26T16:00:00-04:00,131.97,2012-08-17,52.0,0.14246575342465753,164.0,put,31.93,32.16,0.0,,,0.32012,-0.91829,0.00013,0.06643,-0.00991,-0.0631,spy_options_2012.parquet,702721
SPY,2012-06-26,2012-06-26T16:00:00-04:00,131.97,2012-08-17,52.0,0.14246575342465753,165.0,call,0.0,0.02,0.02,0,,0.19894,0.00176,0.00054,0.0031,-0.00044,0.00065,spy_options_2012.parquet,702722
SPY,2012-06-26,2012-06-26T16:00:00-04:00,131.97,2012-08-17,52.0,0.14246575342465753,165.0,put,32.93,33.15,0.0,,,0.32963,-0.91704,0.00021,0.06732,-0.00986,-0.06392,spy_options_2012.parquet,702722
SPY,2012-06-26,2012-06-26T16:00:00-04:00,131.97,2012-08-17,52.0,0.14246575342465753,166.0,call,0.0,0.01,0.0,,,0.20314,0.00204,0.00058,0.00249,-0.00047,0.00072,spy_options_2012.parquet,702723
SPY,2012-06-26,2012-06-26T16:00:00-04:00,131.97,2012-08-17,52.0,0.14246575342465753,166.0,put,33.93,34.15,0.0,,,0.34007,-0.91612,0.00017,0.0678,-0.01048,-0.06422,spy_options_2012.parquet,702723
SPY,2012-06-26,2012-06-26T16:00:00-04:00,131.97,2012-08-17,52.0,0.14246575342465753,167.0,call,0.0,0.0,0.0,,,0.20823,0.00172,0.00049,0.00228,-0.00035,2e-05,spy_options_2012.parquet,702724
SPY,2012-06-26,2012-06-26T16:00:00-04:00,131.97,2012-08-17,52.0,0.14246575342465753,167.0,put,34.93,35.14,0.0,,,0.34981,-0.91477,0.0001,0.06844,-0.00952,-0.06473,spy_options_2012.parquet,702724
SPY,2012-06-26,2012-06-26T16:00:00-04:00,131.97,2012-08-17,52.0,0.14246575342465753,168.0,call,0.0,0.01,0.0,,,0.21267,0.00164,0.00049,0.00255,-0.00019,-0.00018,spy_options_2012.parquet,702725
SPY,2012-06-26,2012-06-26T16:00:00-04:00,131.97,2012-08-17,52.0,0.14246575342465753,168.0,put,35.92,36.14,0.0,,,0.36001,-0.91356,8e-05,0.06869,-0.00981,-0.06535,spy_options_2012.parquet,702725
SPY,2012-06-26,2012-06-26T16:00:00-04:00,131.97,2012-08-17,52.0,0.14246575342465753,169.0,call,0.0,0.0,0.04,0,,0.21776,0.00165,0.0005,0.00264,-0.0008,0.00045,spy_options_2012.parquet,702726
SPY,2012-06-26,2012-06-26T16:00:00-04:00,131.97,2012-08-17,52.0,0.14246575342465753,169.0,put,36.94,37.14,0.0,,,0.36974,-0.912,0.00016,0.06902,-0.01025,-0.06576,spy_options_2012.parquet,702726
SPY,2012-06-26,2012-06-26T16:00:00-04:00,131.97,2012-08-17,52.0,0.14246575342465753,170.0,call,0.0,0.02,0.03,0,,0.22177,0.00157,0.00045,0.00231,-0.001,-9e-05,spy_options_2012.parquet,702727
SPY,2012-06-26,2012-06-26T16:00:00-04:00,131.97,2012-08-17,52.0,0.14246575342465753,170.0,put,37.93,38.15,0.0,,,0.37979,-0.91039,0.00014,0.07039,-0.01001,-0.0665,spy_options_2012.parquet,702727
SPY,2012-06-26,2012-06-26T16:00:00-04:00,131.97,2012-08-17,52.0,0.14246575342465753,171.0,call,0.0,0.0,0.0,,,0.22657,0.0017,0.0004,0.0028,-0.00046,5e-05,spy_options_2012.parquet,702728
SPY,2012-06-26,2012-06-26T16:00:00-04:00,131.97,2012-08-17,52.0,0.14246575342465753,171.0,put,38.93,39.15,0.0,,,0.38945,-0.90967,6e-05,0.07022,-0.01005,-0.06723,spy_options_2012.parquet,702728
SPY,2012-06-26,2012-06-26T16:00:00-04:00,131.97,2012-08-17,52.0,0.14246575342465753,172.0,call,0.0,0.01,0.0,,,0.23164,0.00186,0.00047,0.00272,-0.00017,0.00047,spy_options_2012.parquet,702729
SPY,2012-06-26,2012-06-26T16:00:00-04:00,131.97,2012-08-17,52.0,0.14246575342465753,172.0,put,39.94,40.16,39.35,0,,0.3998,-0.90751,0.00012,0.07113,-0.01053,-0.068,spy_options_2012.parquet,702729
SPY,2012-06-26,2012-06-26T16:00:00-04:00,131.97,2012-08-17,52.0,0.14246575342465753,173.0,call,0.0,0.01,0.0,,,0.23607,0.00108,0.00044,0.00263,-0.00074,0.00066,spy_options_2012.parquet,702730
SPY,2012-06-26,2012-06-26T16:00:00-04:00,131.97,2012-08-17,52.0,0.14246575342465753,173.0,put,40.93,41.15,0.0,,,0.41002,-0.90632,8e-05,0.07148,-0.01026,-0.06807,spy_options_2012.parquet,702730
SPY,2012-06-26,2012-06-26T16:00:00-04:00,131.97,2012-08-17,52.0,0.14246575342465753,174.0,call,0.0,0.01,0.01,0,,0.24074,0.00175,0.00039,0.00271,-0.00072,0.00037,spy_options_2012.parquet,702731
SPY,2012-06-26,2012-06-26T16:00:00-04:00,131.97,2012-08-17,52.0,0.14246575342465753,174.0,put,41.93,42.15,0.0,,,0.41947,-0.90561,6e-05,0.07185,-0.01055,-0.0685,spy_options_2012.parquet,702731
SPY,2012-06-26,2012-06-26T16:00:00-04:00,131.97,2012-08-17,52.0,0.14246575342465753,175.0,call,0.0,0.01,0.0,,,0.24512,0.00146,0.00034,0.00273,-0.00032,0.00074,spy_options_2012.parquet,702732
SPY,2012-06-26,2012-06-26T16:00:00-04:00,131.97,2012-08-17,52.0,0.14246575342465753,175.0,put,42.93,43.15,0.0,,,0.42891,-0.90398,0.00012,0.07294,-0.00963,-0.06928,spy_options_2012.parquet,702732
SPY,2012-06-26,2012-06-26T16:00:00-04:00,131.97,2012-08-17,52.0,0.14246575342465753,176.0,call,0.0,0.02,0.0,,,0.24932,0.0017,0.00036,0.00219,-0.00043,3e-05,spy_options_2012.parquet,702733
SPY,2012-06-26,2012-06-26T16:00:00-04:00,131.97,2012-08-17,52.0,0.14246575342465753,176.0,put,43.93,44.15,0.0,,,0.43911,-0.90254,0.0001,0.07319,-0.01003,-0.07037,spy_options_2012.parquet,702733
SPY,2012-06-26,2012-06-26T16:00:00-04:00,131.97,2012-08-17,52.0,0.14246575342465753,177.0,call,0.0,0.02,0.02,0,,0.25407,0.00175,0.00034,0.00186,-0.00082,-0.00017,spy_options_2012.parquet,702734
SPY,2012-06-26,2012-06-26T16:00:00-04:00,131.97,2012-08-17,52.0,0.14246575342465753,177.0,put,44.93,45.14,0.0,,,0.44882,-0.9015,4e-05,0.07392,-0.01009,-0.0705,spy_options_2012.parquet,702734
SPY,2012-06-26,2012-06-26T16:00:00-04:00,131.97,2012-08-17,52.0,0.14246575342465753,178.0,call,0.0,0.01,0.0,,,0.25855,0.00135,0.00031,0.00218,-0.00051,0.00019,spy_options_2012.parquet,702735
SPY,2012-06-26,2012-06-26T16:00:00-04:00,131.97,2012-08-17,52.0,0.14246575342465753,178.0,put,45.93,46.15,0.0,,,0.45945,-0.90012,7e-05,0.07507,-0.01,-0.07127,spy_options_2012.parquet,702735
SPY,2012-06-26,2012-06-26T16:00:00-04:00,131.97,2012-08-17,52.0,0.14246575342465753,179.0,call,0.0,0.01,0.0,,,0.26291,0.00157,0.00036,0.00227,-0.00079,-0.00011,spy_options_2012.parquet,702736
SPY,2012-06-26,2012-06-26T16:00:00-04:00,131.97,2012-08-17,52.0,0.14246575342465753,179.0,put,46.92,47.15,0.0,,,0.4693,-0.89827,3e-05,0.07488,-0.00971,-0.07117,spy_options_2012.parquet,702736
SPY,2012-06-26,2012-06-26T16:00:00-04:00,131.97,2012-08-17,52.0,0.14246575342465753,180.0,call,0.0,0.01,0.0,,,0.26674,0.00092,0.00035,0.00196,-0.00037,-3e-05,spy_options_2012.parquet,702737
SPY,2012-06-26,2012-06-26T16:00:00-04:00,131.97,2012-08-17,52.0,0.14246575342465753,180.0,put,47.92,48.15,0.0,,,0.47931,-0.8975,6e-05,0.0753,-0.01022,-0.07257,spy_options_2012.parquet,702737
SPY,2012-06-26,2012-06-26T16:00:00-04:00,131.97,2012-08-17,52.0,0.14246575342465753,89.0,call,42.93,43.14,0.0,,,0.43623,0.99263,0.00087,0.0103,-0.00388,0.12736,spy_options_2012.parquet,702646
SPY,2012-06-26,2012-06-26T16:00:00-04:00,131.97,2012-08-17,52.0,0.14246575342465753,89.0,put,0.04,0.06,0.04,40,,0.42768,-0.00573,0.00082,0.0092,-0.00379,-0.00083,spy_options_2012.parquet,702646
SPY,2012-06-26,2012-06-26T16:00:00-04:00,131.97,2012-08-17,52.0,0.14246575342465753,90.0,call,41.94,42.14,0.0,,,0.4389,0.99108,0.00107,0.01242,-0.0046,0.12927,spy_options_2012.parquet,702647
SPY,2012-06-26,2012-06-26T16:00:00-04:00,131.97,2012-08-17,52.0,0.14246575342465753,90.0,put,0.04,0.05,0.04,20,,0.41677,-0.0064,0.00087,0.00865,-0.00326,-0.00151,spy_options_2012.parquet,702647
SPY,2012-06-26,2012-06-26T16:00:00-04:00,131.97,2012-08-17,52.0,0.14246575342465753,91.0,call,40.93,41.13,0.0,,,0.4237,0.99185,0.00108,0.01164,-0.00422,0.13008,spy_options_2012.parquet,702648
SPY,2012-06-26,2012-06-26T16:00:00-04:00,131.97,2012-08-17,52.0,0.14246575342465753,91.0,put,0.04,0.05,0.05,30,,0.40553,-0.00621,0.00089,0.00922,-0.00301,-0.00105,spy_options_2012.parquet,702648
SPY,2012-06-26,2012-06-26T16:00:00-04:00,131.97,2012-08-17,52.0,0.14246575342465753,92.0,call,39.95,40.17,0.0,,,0.42434,0.98932,0.00132,0.0135,-0.0051,0.13148,spy_options_2012.parquet,702649
SPY,2012-06-26,2012-06-26T16:00:00-04:00,131.97,2012-08-17,52.0,0.14246575342465753,92.0,put,0.05,0.05,0.11,0,,0.40519,-0.00755,0.00106,0.01121,-0.00381,-0.00131,spy_options_2012.parquet,702649
SPY,2012-06-26,2012-06-26T16:00:00-04:00,131.97,2012-08-17,52.0,0.14246575342465753,93.0,call,38.94,39.15,0.0,,,0.40925,0.99005,0.00129,0.01383,-0.00544,0.13275,spy_options_2012.parquet,702650
SPY,2012-06-26,2012-06-26T16:00:00-04:00,131.97,2012-08-17,52.0,0.14246575342465753,93.0,put,0.05,0.06,0.05,0,,0.3935,-0.00757,0.00111,0.01064,-0.00374,-0.00146,spy_options_2012.parquet,702650
SPY,2012-06-26,2012-06-26T16:00:00-04:00,131.97,2012-08-17,52.0,0.14246575342465753,94.0,call,37.94,38.17,0.0,,,0.40823,0.98789,0.00155,0.01513,-0.00636,0.1337,spy_options_2012.parquet,702651
SPY,2012-06-26,2012-06-26T16:00:00-04:00,131.97,2012-08-17,52.0,0.14246575342465753,94.0,put,0.07,0.07,0.09,0,,0.39182,-0.00935,0.00125,0.01233,-0.00426,-0.0018,spy_options_2012.parquet,702651
SPY,2012-06-26,2012-06-26T16:00:00-04:00,131.97,2012-08-17,52.0,0.14246575342465753,95.0,call,36.94,37.16,0.0,,,0.39333,0.98789,0.00157,0.01579,-0.00603,0.13548,spy_options_2012.parquet,702652
SPY,2012-06-26,2012-06-26T16:00:00-04:00,131.97,2012-08-17,52.0,0.14246575342465753,95.0,put,0.06,0.07,0.06,0,,0.38116,-0.00996,0.00138,0.01352,-0.00444,-0.00227,spy_options_2012.parquet,702652
SPY,2012-06-26,2012-06-26T16:00:00-04:00,131.97,2012-08-17,52.0,0.14246575342465753,96.0,call,35.96,36.17,0.0,,,0.38885,0.98672,0.00171,0.01662,-0.00623,0.13672,spy_options_2012.parquet,702653
SPY,2012-06-26,2012-06-26T16:00:00-04:00,131.97,2012-08-17,52.0,0.14246575342465753,96.0,put,0.06,0.08,0.07,20,,0.37737,-0.01084,0.00157,0.01488,-0.00523,-0.00207,spy_options_2012.parquet,702653
SPY,2012-06-26,2012-06-26T16:00:00-04:00,131.97,2012-08-17,52.0,0.14246575342465753,97.0,call,34.97,35.18,0.0,,,0.383,0.9857,0.00189,0.01891,-0.00631,0.13762,spy_options_2012.parquet,702654
SPY,2012-06-26,2012-06-26T16:00:00-04:00,131.97,2012-08-17,52.0,0.14246575342465753,97.0,put,0.07,0.07,0.1,0,,0.36592,-0.01091,0.00162,0.01479,-0.0048,-0.00215,spy_options_2012.parquet,702654
SPY,2012-06-26,2012-06-26T16:00:00-04:00,131.97,2012-08-17,52.0,0.14246575342465753,98.0,call,33.98,34.2,0.0,,,0.38237,0.98295,0.00218,0.02093,-0.00738,0.13923,spy_options_2012.parquet,702655
SPY,2012-06-26,2012-06-26T16:00:00-04:00,131.97,2012-08-17,52.0,0.14246575342465753,98.0,put,0.07,0.1,0.11,30,,0.36146,-0.01258,0.00181,0.01687,-0.00573,-0.00277,spy_options_2012.parquet,702655
SPY,2012-06-26,2012-06-26T16:00:00-04:00,131.97,2012-08-17,52.0,0.14246575342465753,99.0,call,32.98,33.21,0.0,,,0.37058,0.9821,0.00231,0.02215,-0.00768,0.13971,spy_options_2012.parquet,702656
SPY,2012-06-26,2012-06-26T16:00:00-04:00,131.97,2012-08-17,52.0,0.14246575342465753,99.0,put,0.09,0.1,0.09,20,,0.35565,-0.01416,0.00204,0.01858,-0.00575,-0.00247,spy_options_2012.parquet,702656
SPY,2012-06-26,2012-06-26T16:00:00-04:00,131.97,2012-09-21,87.0,0.23835616438356164,100.0,call,32.22,32.43,34.0,0,,0.38497,0.9218,0.00293,0.08046,-0.01662,0.07052,spy_options_2012.parquet,702776
SPY,2012-06-26,2012-06-26T16:00:00-04:00,131.97,2012-09-21,87.0,0.23835616438356164,100.0,put,0.34,0.37,0.37,333,,0.33312,-0.03829,0.00391,0.05416,-0.01072,-0.01289,spy_options_2012.parquet,702776
SPY,2012-06-26,2012-06-26T16:00:00-04:00,131.97,2012-09-21,87.0,0.23835616438356164,101.0,call,31.25,31.46,31.87,0,,0.37517,0.92116,0.00328,0.08243,-0.01626,0.07594,spy_options_2012.parquet,702777
SPY,2012-06-26,2012-06-26T16:00:00-04:00,131.97,2012-09-21,87.0,0.23835616438356164,101.0,put,0.38,0.39,0.45,20,,0.32946,-0.04253,0.00421,0.05826,-0.01124,-0.0143,spy_options_2012.parquet,702777
SPY,2012-06-26,2012-06-26T16:00:00-04:00,131.97,2012-09-21,87.0,0.23835616438356164,102.0,call,30.28,30.5,29.81,3,,0.36729,0.91989,0.00367,0.08456,-0.01625,0.08237,spy_options_2012.parquet,702778
SPY,2012-06-26,2012-06-26T16:00:00-04:00,131.97,2012-09-21,87.0,0.23835616438356164,102.0,put,0.41,0.43,0.5,70,,0.32421,-0.04581,0.00456,0.06267,-0.01131,-0.0158,spy_options_2012.parquet,702778
SPY,2012-06-26,2012-06-26T16:00:00-04:00,131.97,2012-09-21,87.0,0.23835616438356164,103.0,call,29.32,29.52,29.21,48,,0.35759,0.91878,0.00403,0.08593,-0.0164,0.08791,spy_options_2012.parquet,702779
SPY,2012-06-26,2012-06-26T16:00:00-04:00,131.97,2012-09-21,87.0,0.23835616438356164,103.0,put,0.43,0.47,0.58,19,,0.31881,-0.04917,0.00499,0.06608,-0.01197,-0.01662,spy_options_2012.parquet,702779
SPY,2012-06-26,2012-06-26T16:00:00-04:00,131.97,2012-09-21,87.0,0.23835616438356164,104.0,call,28.35,28.56,27.93,0,,0.34921,0.91645,0.00449,0.0887,-0.01651,0.09393,spy_options_2012.parquet,702780
SPY,2012-06-26,2012-06-26T16:00:00-04:00,131.97,2012-09-21,87.0,0.23835616438356164,104.0,put,0.48,0.5,0.49,40,,0.31445,-0.05414,0.00536,0.07056,-0.01275,-0.01853,spy_options_2012.parquet,702780
SPY,2012-06-26,2012-06-26T16:00:00-04:00,131.97,2012-09-21,87.0,0.23835616438356164,105.0,call,27.4,27.59,26.71,0,,0.34156,0.91377,0.00498,0.09201,-0.01668,0.10006,spy_options_2012.parquet,702781
SPY,2012-06-26,2012-06-26T16:00:00-04:00,131.97,2012-09-21,87.0,0.23835616438356164,105.0,put,0.52,0.55,0.53,656,,0.30957,-0.05879,0.00581,0.07584,-0.01296,-0.01946,spy_options_2012.parquet,702781
SPY,2012-06-26,2012-06-26T16:00:00-04:00,131.97,2012-09-21,87.0,0.23835616438356164,106.0,call,26.44,26.64,26.65,0,,0.33421,0.9111,0.00555,0.0953,-0.01679,0.10658,spy_options_2012.parquet,702782
SPY,2012-06-26,2012-06-26T16:00:00-04:00,131.97,2012-09-21,87.0,0.23835616438356164,106.0,put,0.57,0.6,0.69,4,,0.30618,-0.06367,0.00636,0.08103,-0.01447,-0.02189,spy_options_2012.parquet,702782
SPY,2012-06-26,2012-06-26T16:00:00-04:00,131.97,2012-09-21,87.0,0.23835616438356164,107.0,call,25.51,25.69,26.3,0,,0.32763,0.90746,0.0061,0.10033,-0.01721,0.11309,spy_options_2012.parquet,702783
SPY,2012-06-26,2012-06-26T16:00:00-04:00,131.97,2012-09-21,87.0,0.23835616438356164,107.0,put,0.62,0.65,0.66,200,,0.30105,-0.0698,0.00687,0.08609,-0.01471,-0.02344,spy_options_2012.parquet,702783
SPY,2012-06-26,2012-06-26T16:00:00-04:00,131.97,2012-09-21,87.0,0.23835616438356164,108.0,call,24.54,24.74,27.2,0,,0.31941,0.90424,0.00667,0.10389,-0.01687,0.11901,spy_options_2012.parquet,702784
SPY,2012-06-26,2012-06-26T16:00:00-04:00,131.97,2012-09-21,87.0,0.23835616438356164,108.0,put,0.67,0.7,0.7,0,,0.29584,-0.07477,0.00743,0.09204,-0.01545,-0.02549,spy_options_2012.parquet,702784
SPY,2012-06-26,2012-06-26T16:00:00-04:00,131.97,2012-09-21,87.0,0.23835616438356164,109.0,call,23.6,23.81,23.46,51,,0.31364,0.89898,0.00734,0.10814,-0.01789,0.12565,spy_options_2012.parquet,702785
SPY,2012-06-26,2012-06-26T16:00:00-04:00,131.97,2012-09-21,87.0,0.23835616438356164,109.0,put,0.73,0.77,0.8,20,,0.29218,-0.08171,0.00797,0.09796,-0.01657,-0.02803,spy_options_2012.parquet,702785
SPY,2012-06-26,2012-06-26T16:00:00-04:00,131.97,2012-09-21,87.0,0.23835616438356164,110.0,call,22.65,22.85,22.19,20,,0.30685,0.89354,0.00803,0.11315,-0.01805,0.13176,spy_options_2012.parquet,702786
SPY,2012-06-26,2012-06-26T16:00:00-04:00,131.97,2012-09-21,87.0,0.23835616438356164,110.0,put,0.79,0.83,0.8,98,,0.28727,-0.08857,0.00866,0.1044,-0.01695,-0.02996,spy_options_2012.parquet,702786
SPY,2012-06-26,2012-06-26T16:00:00-04:00,131.97,2012-09-21,87.0,0.23835616438356164,111.0,call,21.72,21.93,21.62,11,,0.30131,0.88725,0.0088,0.11845,-0.01914,0.13857,spy_options_2012.parquet,702787
SPY,2012-06-26,2012-06-26T16:00:00-04:00,131.97,2012-09-21,87.0,0.23835616438356164,111.0,put,0.88,0.91,0.86,142,,0.28354,-0.09696,0.00934,0.11099,-0.01796,-0.0326,spy_options_2012.parquet,702787
SPY,2012-06-26,2012-06-26T16:00:00-04:00,131.97,2012-09-21,87.0,0.23835616438356164,112.0,call,20.8,20.98,23.77,0,,0.29413,0.88134,0.00954,0.12396,-0.01901,0.14444,spy_options_2012.parquet,702788
SPY,2012-06-26,2012-06-26T16:00:00-04:00,131.97,2012-09-21,87.0,0.23835616438356164,112.0,put,0.94,0.98,1.15,308,,0.27872,-0.10446,0.01003,0.11746,-0.01927,-0.03567,spy_options_2012.parquet,702788
SPY,2012-06-26,2012-06-26T16:00:00-04:00,131.97,2012-09-21,87.0,0.23835616438356164,113.0,call,19.9,20.08,23.09,0,,0.28948,0.87288,0.01041,0.13143,-0.01968,0.1499,spy_options_2012.parquet,702789
SPY,2012-06-26,2012-06-26T16:00:00-04:00,131.97,2012-09-21,87.0,0.23835616438356164,113.0,put,1.04,1.05,1.19,17,,0.27418,-0.11382,0.01081,0.12449,-0.0201,-0.03842,spy_options_2012.parquet,702789
SPY,2012-06-26,2012-06-26T16:00:00-04:00,131.97,2012-09-21,87.0,0.23835616438356164,114.0,call,18.98,19.15,21.23,0,,0.28367,0.86437,0.01128,0.13728,-0.02071,0.15535,spy_options_2012.parquet,702790
SPY,2012-06-26,2012-06-26T16:00:00-04:00,131.97,2012-09-21,87.0,0.23835616438356164,114.0,put,1.12,1.15,1.11,,,0.27069,-0.12346,0.01167,0.1326,-0.02033,-0.04252,spy_options_2012.parquet,702790
SPY,2012-06-26,2012-06-26T16:00:00-04:00,131.97,2012-09-21,87.0,0.23835616438356164,115.0,call,18.06,18.25,17.34,2,,0.27739,0.85562,0.0122,0.14448,-0.02126,0.15963,spy_options_2012.parquet,702791
SPY,2012-06-26,2012-06-26T16:00:00-04:00,131.97,2012-09-21,87.0,0.23835616438356164,115.0,put,1.22,1.26,1.24,331,,0.26571,-0.1346,0.01256,0.13994,-0.02114,-0.0461,spy_options_2012.parquet,702791
SPY,2012-06-26,2012-06-26T16:00:00-04:00,131.97,2012-09-21,87.0,0.23835616438356164,116.0,call,17.17,17.35,20.71,0,,0.27226,0.84521,0.01322,0.15133,-0.02147,0.16446,spy_options_2012.parquet,702792
SPY,2012-06-26,2012-06-26T16:00:00-04:00,131.97,2012-09-21,87.0,0.23835616438356164,116.0,put,1.34,1.38,1.35,7,,0.26181,-0.14626,0.01349,0.14833,-0.02258,-0.04923,spy_options_2012.parquet,702792
SPY,2012-06-26,2012-06-26T16:00:00-04:00,131.97,2012-09-21,87.0,0.23835616438356164,117.0,call,16.28,16.46,18.63,0,,0.26759,0.83385,0.01419,0.15892,-0.02222,0.16833,spy_options_2012.parquet,702793
SPY,2012-06-26,2012-06-26T16:00:00-04:00,131.97,2012-09-21,87.0,0.23835616438356164,117.0,put,1.44,1.49,1.65,306,,0.25722,-0.15818,0.01443,0.15609,-0.02384,-0.05421,spy_options_2012.parquet,702793
SPY,2012-06-26,2012-06-26T16:00:00-04:00,131.97,2012-09-21,87.0,0.23835616438356164,118.0,call,15.4,15.57,16.42,0,,0.26123,0.82155,0.01524,0.16736,-0.02314,0.17111,spy_options_2012.parquet,702794
SPY,2012-06-26,2012-06-26T16:00:00-04:00,131.97,2012-09-21,87.0,0.23835616438356164,118.0,put,1.6,1.62,1.77,,,0.25367,-0.17225,0.01549,0.16536,-0.02423,-0.05807,spy_options_2012.parquet,702794
SPY,2012-06-26,2012-06-26T16:00:00-04:00,131.97,2012-09-21,87.0,0.23835616438356164,119.0,call,14.54,14.71,14.12,4,,0.25663,0.80825,0.01639,0.1757,-0.02339,0.17381,spy_options_2012.parquet,702795
SPY,2012-06-26,2012-06-26T16:00:00-04:00,131.97,2012-09-21,87.0,0.23835616438356164,119.0,put,1.73,1.77,1.78,747,,0.24964,-0.18641,0.01655,0.17363,-0.02551,-0.06392,spy_options_2012.parquet,702795
SPY,2012-06-26,2012-06-26T16:00:00-04:00,131.97,2012-09-21,87.0,0.23835616438356164,120.0,call,13.69,13.84,13.7,412,,0.25138,0.79339,0.01757,0.1833,-0.02421,0.17617,spy_options_2012.parquet,702796
SPY,2012-06-26,2012-06-26T16:00:00-04:00,131.97,2012-09-21,87.0,0.23835616438356164,120.0,put,1.88,1.92,1.88,,,0.24557,-0.20207,0.01774,0.18213,-0.02603,-0.06843,spy_options_2012.parquet,702796
SPY,2012-06-26,2012-06-26T16:00:00-04:00,131.97,2012-09-21,87.0,0.23835616438356164,121.0,call,12.85,12.95,12.7,1,,0.246,0.77826,0.01876,0.19093,-0.02531,0.17718,spy_options_2012.parquet,702797
SPY,2012-06-26,2012-06-26T16:00:00-04:00,131.97,2012-09-21,87.0,0.23835616438356164,121.0,put,2.05,2.09,2.01,649,,0.24147,-0.21865,0.01888,0.19066,-0.02679,-0.07408,spy_options_2012.parquet,702797
SPY,2012-06-26,2012-06-26T16:00:00-04:00,131.97,2012-09-21,87.0,0.23835616438356164,122.0,call,12.01,12.14,11.64,15,,0.24093,0.761,0.02001,0.19931,-0.02559,0.17882,spy_options_2012.parquet,702798
SPY,2012-06-26,2012-06-26T16:00:00-04:00,131.97,2012-09-21,87.0,0.23835616438356164,122.0,put,2.24,2.28,2.27,693,,0.23672,-0.23635,0.02005,0.19906,-0.02737,-0.0808,spy_options_2012.parquet,702798
SPY,2012-06-26,2012-06-26T16:00:00-04:00,131.97,2012-09-21,87.0,0.23835616438356164,123.0,call,11.2,11.29,10.91,138,,0.23531,0.74318,0.02126,0.20729,-0.02604,0.17878,spy_options_2012.parquet,702799
SPY,2012-06-26,2012-06-26T16:00:00-04:00,131.97,2012-09-21,87.0,0.23835616438356164,123.0,put,2.45,2.49,2.47,,,0.23312,-0.25544,0.02127,0.20806,-0.02852,-0.08744,spy_options_2012.parquet,702799
SPY,2012-06-26,2012-06-26T16:00:00-04:00,131.97,2012-09-21,87.0,0.23835616438356164,124.0,call,10.4,10.51,10.6,309,,0.23137,0.7232,0.02252,0.21605,-0.02644,0.17788,spy_options_2012.parquet,702800
SPY,2012-06-26,2012-06-26T16:00:00-04:00,131.97,2012-09-21,87.0,0.23835616438356164,124.0,put,2.67,2.69,2.61,248,,0.22881,-0.27654,0.02249,0.21591,-0.02897,-0.09448,spy_options_2012.parquet,702800
SPY,2012-06-26,2012-06-26T16:00:00-04:00,131.97,2012-09-21,87.0,0.23835616438356164,125.0,call,9.64,9.73,9.85,221,,0.22634,0.70125,0.0238,0.22368,-0.0276,0.17654,spy_options_2012.parquet,702801
SPY,2012-06-26,2012-06-26T16:00:00-04:00,131.97,2012-09-21,87.0,0.23835616438356164,125.0,put,2.93,2.94,2.85,,,0.22545,-0.29767,0.02372,0.22435,-0.02929,-0.10155,spy_options_2012.parquet,702801
SPY,2012-06-26,2012-06-26T16:00:00-04:00,131.97,2012-09-21,87.0,0.23835616438356164,126.0,call,8.87,8.96,9.05,183,,0.22137,0.67956,0.02514,0.23113,-0.02758,0.17429,spy_options_2012.parquet,702802
SPY,2012-06-26,2012-06-26T16:00:00-04:00,131.97,2012-09-21,87.0,0.23835616438356164,126.0,put,3.16,3.2,3.15,551,,0.22164,-0.32062,0.02492,0.23171,-0.0298,-0.10952,spy_options_2012.parquet,702802
SPY,2012-06-26,2012-06-26T16:00:00-04:00,131.97,2012-09-21,87.0,0.23835616438356164,127.0,call,8.14,8.21,8.31,,,0.21698,0.655,0.0265,0.23843,-0.02761,0.17144,spy_options_2012.parquet,702803
SPY,2012-06-26,2012-06-26T16:00:00-04:00,131.97,2012-09-21,87.0,0.23835616438356164,127.0,put,3.43,3.47,3.36,565,,0.21723,-0.34579,0.02618,0.23827,-0.03087,-0.11858,spy_options_2012.parquet,702803
SPY,2012-06-26,2012-06-26T16:00:00-04:00,131.97,2012-09-21,87.0,0.23835616438356164,128.0,call,7.42,7.49,7.6,,,0.21183,0.62943,0.02778,0.24372,-0.02747,0.16704,spy_options_2012.parquet,702804
SPY,2012-06-26,2012-06-26T16:00:00-04:00,131.97,2012-09-21,87.0,0.23835616438356164,128.0,put,3.74,3.79,3.75,,,0.21317,-0.37104,0.02738,0.24436,-0.03033,-0.12728,spy_options_2012.parquet,702804
SPY,2012-06-26,2012-06-26T16:00:00-04:00,131.97,2012-09-21,87.0,0.23835616438356164,129.0,call,6.73,6.8,6.9,583,,0.20721,0.60141,0.02901,0.24915,-0.02813,0.16213,spy_options_2012.parquet,702805
SPY,2012-06-26,2012-06-26T16:00:00-04:00,131.97,2012-09-21,87.0,0.23835616438356164,129.0,put,4.06,4.1,4.08,,,0.2092,-0.39877,0.02845,0.24981,-0.03081,-0.13686,spy_options_2012.parquet,702805
SPY,2012-06-26,2012-06-26T16:00:00-04:00,131.97,2012-09-21,87.0,0.23835616438356164,130.0,call,6.07,6.12,6.2,,,0.20277,0.57293,0.0301,0.25401,-0.02794,0.15675,spy_options_2012.parquet,702806
SPY,2012-06-26,2012-06-26T16:00:00-04:00,131.97,2012-09-21,87.0,0.23835616438356164,130.0,put,4.43,4.46,4.45,,,0.205,-0.42779,0.02946,0.25335,-0.03095,-0.14647,spy_options_2012.parquet,702806
SPY,2012-06-26,2012-06-26T16:00:00-04:00,131.97,2012-09-21,87.0,0.23835616438356164,131.0,call,5.43,5.47,5.49,,,0.197,0.54215,0.03115,0.25693,-0.02697,0.15059,spy_options_2012.parquet,702807
SPY,2012-06-26,2012-06-26T16:00:00-04:00,131.97,2012-09-21,87.0,0.23835616438356164,131.0,put,4.79,4.84,4.69,,,0.20064,-0.457,0.03035,0.25602,-0.03083,-0.15661,spy_options_2012.parquet,702807
SPY,2012-06-26,2012-06-26T16:00:00-04:00,131.97,2012-09-21,87.0,0.23835616438356164,132.0,call,4.82,4.86,4.85,,,0.19225,0.50998,0.03222,0.25786,-0.02704,0.14395,spy_options_2012.parquet,702808
SPY,2012-06-26,2012-06-26T16:00:00-04:00,131.97,2012-09-21,87.0,0.23835616438356164,132.0,put,5.21,5.25,5.11,,,0.19713,-0.48902,0.03129,0.25764,-0.03075,-0.16758,spy_options_2012.parquet,702808
SPY,2012-06-26,2012-06-26T16:00:00-04:00,131.97,2012-09-21,87.0,0.23835616438356164,133.0,call,4.23,4.26,4.25,,,0.18751,0.47631,0.03291,0.25719,-0.02648,0.13559,spy_options_2012.parquet,702809
SPY,2012-06-26,2012-06-26T16:00:00-04:00,131.97,2012-09-21,87.0,0.23835616438356164,133.0,put,5.65,5.71,5.55,727,,0.19273,-0.52078,0.03179,0.25743,-0.03013,-0.17901,spy_options_2012.parquet,702809
SPY,2012-06-26,2012-06-26T16:00:00-04:00,131.97,2012-09-21,87.0,0.23835616438356164,134.0,call,3.68,3.72,3.74,,,0.18277,0.44187,0.03348,0.25493,-0.02583,0.12727,spy_options_2012.parquet,702810
SPY,2012-06-26,2012-06-26T16:00:00-04:00,131.97,2012-09-21,87.0,0.23835616438356164,134.0,put,6.11,6.2,5.98,174,,0.18933,-0.5538,0.03209,0.25538,-0.02937,-0.19123,spy_options_2012.parquet,702810
SPY,2012-06-26,2012-06-26T16:00:00-04:00,131.97,2012-09-21,87.0,0.23835616438356164,135.0,call,3.18,3.22,3.3,890,,0.17866,0.40646,0.03366,0.25065,-0.02405,0.11851,spy_options_2012.parquet,702811
SPY,2012-06-26,2012-06-26T16:00:00-04:00,131.97,2012-09-21,87.0,0.23835616438356164,135.0,put,6.62,6.7,6.53,255,,0.18595,-0.58758,0.03233,0.25155,-0.02824,-0.20256,spy_options_2012.parquet,702811
SPY,2012-06-26,2012-06-26T16:00:00-04:00,131.97,2012-09-21,87.0,0.23835616438356164,136.0,call,2.7,2.75,2.81,992,,0.17354,0.36918,0.03359,0.24385,-0.02341,0.10805,spy_options_2012.parquet,702812
SPY,2012-06-26,2012-06-26T16:00:00-04:00,131.97,2012-09-21,87.0,0.23835616438356164,136.0,put,7.19,7.25,7.08,126,,0.18219,-0.62101,0.03209,0.24584,-0.0274,-0.21431,spy_options_2012.parquet,702812
SPY,2012-06-26,2012-06-26T16:00:00-04:00,131.97,2012-09-21,87.0,0.23835616438356164,137.0,call,2.28,2.31,2.32,,,0.1694,0.33236,0.03323,0.23534,-0.02202,0.09848,spy_options_2012.parquet,702813
SPY,2012-06-26,2012-06-26T16:00:00-04:00,131.97,2012-09-21,87.0,0.23835616438356164,137.0,put,7.75,7.85,7.67,226,,0.17915,-0.6561,0.03168,0.23806,-0.02587,-0.22763,spy_options_2012.parquet,702813
SPY,2012-06-26,2012-06-26T16:00:00-04:00,131.97,2012-09-21,87.0,0.23835616438356164,138.0,call,1.89,1.94,1.98,,,0.16465,0.29586,0.03238,0.22341,-0.01984,0.08815,spy_options_2012.parquet,702814
SPY,2012-06-26,2012-06-26T16:00:00-04:00,131.97,2012-09-21,87.0,0.23835616438356164,138.0,put,8.41,8.49,8.53,55,,0.17579,-0.68908,0.03088,0.22795,-0.02482,-0.23903,spy_options_2012.parquet,702814
SPY,2012-06-26,2012-06-26T16:00:00-04:00,131.97,2012-09-21,87.0,0.23835616438356164,139.0,call,1.57,1.59,1.59,386,,0.16102,0.25983,0.03119,0.21007,-0.01803,0.07772,spy_options_2012.parquet,702815
SPY,2012-06-26,2012-06-26T16:00:00-04:00,131.97,2012-09-21,87.0,0.23835616438356164,139.0,put,9.08,9.19,9.56,17,,0.17334,-0.72082,0.02978,0.21706,-0.02332,-0.25057,spy_options_2012.parquet,702815
SPY,2012-06-26,2012-06-26T16:00:00-04:00,131.97,2012-09-21,87.0,0.23835616438356164,140.0,call,1.26,1.3,1.34,556,,0.15696,0.22585,0.02953,0.19469,-0.01708,0.06806,spy_options_2012.parquet,702816
SPY,2012-06-26,2012-06-26T16:00:00-04:00,131.97,2012-09-21,87.0,0.23835616438356164,140.0,put,9.78,9.9,9.8,144,,0.17145,-0.75198,0.02848,0.20429,-0.02212,-0.26232,spy_options_2012.parquet,702816
SPY,2012-06-26,2012-06-26T16:00:00-04:00,131.97,2012-09-21,87.0,0.23835616438356164,141.0,call,1.01,1.05,1.06,277,,0.15389,0.1926,0.0276,0.17748,-0.01488,0.05898,spy_options_2012.parquet,702817
SPY,2012-06-26,2012-06-26T16:00:00-04:00,131.97,2012-09-21,87.0,0.23835616438356164,141.0,put,10.54,10.67,10.55,127,,0.1701,-0.78,0.02681,0.1915,-0.02095,-0.27343,spy_options_2012.parquet,702817
SPY,2012-06-26,2012-06-26T16:00:00-04:00,131.97,2012-09-21,87.0,0.23835616438356164,142.0,call,0.8,0.82,0.8,226,,0.15013,0.16243,0.02531,0.15935,-0.01304,0.04933,spy_options_2012.parquet,702818
SPY,2012-06-26,2012-06-26T16:00:00-04:00,131.97,2012-09-21,87.0,0.23835616438356164,142.0,put,11.35,11.47,11.32,108,,0.16967,-0.80431,0.02501,0.17867,-0.0196,-0.28259,spy_options_2012.parquet,702818
SPY,2012-06-26,2012-06-26T16:00:00-04:00,131.97,2012-09-21,87.0,0.23835616438356164,143.0,call,0.62,0.66,0.65,787,,0.14719,0.13611,0.02278,0.14157,-0.01128,0.04097,spy_options_2012.parquet,702819
SPY,2012-06-26,2012-06-26T16:00:00-04:00,131.97,2012-09-21,87.0,0.23835616438356164,143.0,put,12.18,12.31,12.24,202,,0.16881,-0.82686,0.02318,0.16455,-0.0182,-0.29265,spy_options_2012.parquet,702819
SPY,2012-06-26,2012-06-26T16:00:00-04:00,131.97,2012-09-21,87.0,0.23835616438356164,144.0,call,0.47,0.5,0.51,565,,0.14483,0.11103,0.02019,0.12254,-0.00995,0.03348,spy_options_2012.parquet,702820
SPY,2012-06-26,2012-06-26T16:00:00-04:00,131.97,2012-09-21,87.0,0.23835616438356164,144.0,put,13.04,13.17,11.79,0,,0.16927,-0.84726,0.02137,0.15232,-0.01681,-0.30084,spy_options_2012.parquet,702820
SPY,2012-06-26,2012-06-26T16:00:00-04:00,131.97,2012-09-21,87.0,0.23835616438356164,145.0,call,0.37,0.38,0.37,,,0.14191,0.08924,0.01751,0.10558,-0.00804,0.02753,spy_options_2012.parquet,702821
SPY,2012-06-26,2012-06-26T16:00:00-04:00,131.97,2012-09-21,87.0,0.23835616438356164,145.0,put,13.96,14.12,14.94,4,,0.17257,-0.86091,0.01966,0.14292,-0.0167,-0.30693,spy_options_2012.parquet,702821
SPY,2012-06-26,2012-06-26T16:00:00-04:00,131.97,2012-09-21,87.0,0.23835616438356164,146.0,call,0.27,0.3,0.25,812,,0.14014,0.07204,0.01514,0.08999,-0.00662,0.02186,spy_options_2012.parquet,702822
SPY,2012-06-26,2012-06-26T16:00:00-04:00,131.97,2012-09-21,87.0,0.23835616438356164,146.0,put,14.85,15.08,15.25,105,,0.17641,-0.87341,0.01803,0.13424,-0.01603,-0.31346,spy_options_2012.parquet,702822
SPY,2012-06-26,2012-06-26T16:00:00-04:00,131.97,2012-09-21,87.0,0.23835616438356164,147.0,call,0.2,0.23,0.21,513,,0.13863,0.05696,0.01282,0.07516,-0.00566,0.0179,spy_options_2012.parquet,702823
SPY,2012-06-26,2012-06-26T16:00:00-04:00,131.97,2012-09-21,87.0,0.23835616438356164,147.0,put,15.78,16.01,12.32,0,,0.17869,-0.88445,0.01662,0.12515,-0.01481,-0.31945,spy_options_2012.parquet,702823
SPY,2012-06-26,2012-06-26T16:00:00-04:00,131.97,2012-09-21,87.0,0.23835616438356164,148.0,call,0.14,0.18,0.15,165,,0.13726,0.04518,0.0106,0.06136,-0.00511,0.01409,spy_options_2012.parquet,702824
SPY,2012-06-26,2012-06-26T16:00:00-04:00,131.97,2012-09-21,87.0,0.23835616438356164,148.0,put,16.75,16.96,17.67,10,,0.18251,-0.89297,0.01533,0.11855,-0.01513,-0.32494,spy_options_2012.parquet,702824
SPY,2012-06-26,2012-06-26T16:00:00-04:00,131.97,2012-09-21,87.0,0.23835616438356164,149.0,call,0.13,0.14,0.12,10,,0.13816,0.03771,0.0091,0.05281,-0.00387,0.01195,spy_options_2012.parquet,702825
SPY,2012-06-26,2012-06-26T16:00:00-04:00,131.97,2012-09-21,87.0,0.23835616438356164,149.0,put,17.72,17.93,18.64,10,,0.188,-0.89938,0.01425,0.11247,-0.01464,-0.32891,spy_options_2012.parquet,702825
SPY,2012-06-26,2012-06-26T16:00:00-04:00,131.97,2012-09-21,87.0,0.23835616438356164,150.0,call,0.08,0.11,0.09,302,,0.13638,0.02826,0.00739,0.04321,-0.0035,0.00842,spy_options_2012.parquet,702826
SPY,2012-06-26,2012-06-26T16:00:00-04:00,131.97,2012-09-21,87.0,0.23835616438356164,150.0,put,18.69,18.89,17.86,0,,0.19189,-0.90703,0.01316,0.10691,-0.01373,-0.33382,spy_options_2012.parquet,702826
SPY,2012-06-26,2012-06-26T16:00:00-04:00,131.97,2012-09-21,87.0,0.23835616438356164,151.0,call,0.07,0.09,0.09,0,,0.13838,0.02405,0.0063,0.0377,-0.00272,0.00725,spy_options_2012.parquet,702827
SPY,2012-06-26,2012-06-26T16:00:00-04:00,131.97,2012-09-21,87.0,0.23835616438356164,151.0,put,19.69,19.88,18.3,0,,0.19852,-0.91007,0.01236,0.10433,-0.01462,-0.33669,spy_options_2012.parquet,702827
SPY,2012-06-26,2012-06-26T16:00:00-04:00,131.97,2012-09-21,87.0,0.23835616438356164,152.0,call,0.07,0.07,0.07,41,,0.14175,0.02153,0.00555,0.03383,-0.00229,0.00687,spy_options_2012.parquet,702828
SPY,2012-06-26,2012-06-26T16:00:00-04:00,131.97,2012-09-21,87.0,0.23835616438356164,152.0,put,20.68,20.87,12.62,0,,0.2048,-0.91365,0.01163,0.10073,-0.01414,-0.34055,spy_options_2012.parquet,702828
SPY,2012-06-26,2012-06-26T16:00:00-04:00,131.97,2012-09-21,87.0,0.23835616438356164,153.0,call,0.06,0.08,0.05,11,,0.14681,0.02062,0.00521,0.03239,-0.00288,0.00608,spy_options_2012.parquet,702829
SPY,2012-06-26,2012-06-26T16:00:00-04:00,131.97,2012-09-21,87.0,0.23835616438356164,153.0,put,21.66,21.84,24.09,0,,0.20947,-0.918,0.01091,0.09658,-0.0139,-0.34411,spy_options_2012.parquet,702829
SPY,2012-06-26,2012-06-26T16:00:00-04:00,131.97,2012-09-21,87.0,0.23835616438356164,154.0,call,0.04,0.06,0.05,629,,0.14503,0.01554,0.00417,0.0259,-0.00227,0.00451,spy_options_2012.parquet,702830
SPY,2012-06-26,2012-06-26T16:00:00-04:00,131.97,2012-09-21,87.0,0.23835616438356164,154.0,put,22.65,22.86,0.0,,,0.21664,-0.91954,0.01041,0.09548,-0.01476,-0.34687,spy_options_2012.parquet,702830
SPY,2012-06-26,2012-06-26T16:00:00-04:00,131.97,2012-09-21,87.0,0.23835616438356164,155.0,call,0.04,0.04,0.04,221,,0.14852,0.01396,0.00369,0.02339,-0.00206,0.00463,spy_options_2012.parquet,702831
SPY,2012-06-26,2012-06-26T16:00:00-04:00,131.97,2012-09-21,87.0,0.23835616438356164,155.0,put,23.63,23.86,22.42,0,,0.22263,-0.92302,0.00984,0.09237,-0.01467,-0.35071,spy_options_2012.parquet,702831
SPY,2012-06-26,2012-06-26T16:00:00-04:00,131.97,2012-09-21,87.0,0.23835616438356164,156.0,call,0.03,0.05,0.04,858,,0.15025,0.01211,0.00325,0.02086,-0.00211,0.00394,spy_options_2012.parquet,702832
SPY,2012-06-26,2012-06-26T16:00:00-04:00,131.97,2012-09-21,87.0,0.23835616438356164,156.0,put,24.64,24.86,27.06,0,,0.22907,-0.92476,0.00942,0.09059,-0.01485,-0.35304,spy_options_2012.parquet,702832
SPY,2012-06-26,2012-06-26T16:00:00-04:00,131.97,2012-09-21,87.0,0.23835616438356164,157.0,call,0.03,0.05,0.04,0,,0.1557,0.01231,0.00311,0.0199,-0.00138,0.00355,spy_options_2012.parquet,702833
SPY,2012-06-26,2012-06-26T16:00:00-04:00,131.97,2012-09-21,87.0,0.23835616438356164,157.0,put,25.63,25.84,28.05,0,,0.2349,-0.92681,0.00893,0.08831,-0.01418,-0.35651,spy_options_2012.parquet,702833
SPY,2012-06-26,2012-06-26T16:00:00-04:00,131.97,2012-09-21,87.0,0.23835616438356164,158.0,call,0.03,0.03,0.03,,,0.15515,0.00877,0.00247,0.01599,-0.00145,0.00295,spy_options_2012.parquet,702834
SPY,2012-06-26,2012-06-26T16:00:00-04:00,131.97,2012-09-21,87.0,0.23835616438356164,158.0,put,26.63,26.85,29.04,0,,0.24071,-0.92891,0.0086,0.08658,-0.01437,-0.35968,spy_options_2012.parquet,702834
SPY,2012-06-26,2012-06-26T16:00:00-04:00,131.97,2012-09-21,87.0,0.23835616438356164,159.0,call,0.02,0.03,0.03,750,,0.15982,0.00938,0.00238,0.01617,-0.00141,0.00257,spy_options_2012.parquet,702835
SPY,2012-06-26,2012-06-26T16:00:00-04:00,131.97,2012-09-21,87.0,0.23835616438356164,159.0,put,27.63,27.84,25.55,0,,0.24763,-0.92995,0.0082,0.08524,-0.0143,-0.3626,spy_options_2012.parquet,702835
SPY,2012-06-26,2012-06-26T16:00:00-04:00,131.97,2012-09-21,87.0,0.23835616438356164,160.0,call,0.01,0.04,0.02,12,,0.1608,0.00783,0.00201,0.01418,-0.00079,0.00266,spy_options_2012.parquet,702836
SPY,2012-06-26,2012-06-26T16:00:00-04:00,131.97,2012-09-21,87.0,0.23835616438356164,160.0,put,28.62,28.83,28.1,0,,0.25234,-0.93206,0.00779,0.08343,-0.01439,-0.36528,spy_options_2012.parquet,702836
SPY,2012-06-26,2012-06-26T16:00:00-04:00,131.97,2012-09-21,87.0,0.23835616438356164,161.0,call,0.0,0.04,0.03,0,,0.16432,0.00691,0.00191,0.01289,-0.0013,0.00181,spy_options_2012.parquet,702837
SPY,2012-06-26,2012-06-26T16:00:00-04:00,131.97,2012-09-21,87.0,0.23835616438356164,161.0,put,29.62,29.84,28.65,0,,0.25861,-0.93325,0.00753,0.08175,-0.01476,-0.36859,spy_options_2012.parquet,702837
SPY,2012-06-26,2012-06-26T16:00:00-04:00,131.97,2012-09-21,87.0,0.23835616438356164,162.0,call,0.02,0.03,0.02,430,,0.16525,0.00643,0.00157,0.01144,-0.00079,0.00232,spy_options_2012.parquet,702838
SPY,2012-06-26,2012-06-26T16:00:00-04:00,131.97,2012-09-21,87.0,0.23835616438356164,162.0,put,30.61,30.82,29.62,0,,0.26377,-0.93608,0.00714,0.07963,-0.01444,-0.37169,spy_options_2012.parquet,702838
SPY,2012-06-26,2012-06-26T16:00:00-04:00,131.97,2012-09-21,87.0,0.23835616438356164,163.0,call,0.01,0.03,0.02,,,0.16947,0.00609,0.00154,0.01116,-0.00126,0.00204,spy_options_2012.parquet,702839
SPY,2012-06-26,2012-06-26T16:00:00-04:00,131.97,2012-09-21,87.0,0.23835616438356164,163.0,put,31.59,31.83,30.65,0,,0.26838,-0.93802,0.00689,0.07718,-0.01469,-0.37486,spy_options_2012.parquet,702839
SPY,2012-06-26,2012-06-26T16:00:00-04:00,131.97,2012-09-21,87.0,0.23835616438356164,164.0,call,0.01,0.02,0.02,761,,0.17361,0.00613,0.00144,0.01119,-0.00053,0.00147,spy_options_2012.parquet,702840
SPY,2012-06-26,2012-06-26T16:00:00-04:00,131.97,2012-09-21,87.0,0.23835616438356164,164.0,put,32.6,32.82,31.65,0,,0.27388,-0.93856,0.00662,0.07622,-0.01418,-0.37738,spy_options_2012.parquet,702840
SPY,2012-06-26,2012-06-26T16:00:00-04:00,131.97,2012-09-21,87.0,0.23835616438356164,165.0,call,0.01,0.03,0.02,0,,0.1778,0.00535,0.00137,0.01026,-0.00134,0.00193,spy_options_2012.parquet,702841
SPY,2012-06-26,2012-06-26T16:00:00-04:00,131.97,2012-09-21,87.0,0.23835616438356164,165.0,put,33.59,33.82,36.02,0,,0.27958,-0.93968,0.00642,0.07582,-0.01493,-0.37986,spy_options_2012.parquet,702841
SPY,2012-06-26,2012-06-26T16:00:00-04:00,131.97,2012-09-21,87.0,0.23835616438356164,167.0,call,0.0,0.04,0.02,0,,0.18117,0.00376,0.00108,0.00834,-0.00032,0.00126,spy_options_2012.parquet,702842
SPY,2012-06-26,2012-06-26T16:00:00-04:00,131.97,2012-09-21,87.0,0.23835616438356164,167.0,put,35.6,35.82,34.61,0,,0.2915,-0.94221,0.00598,0.07373,-0.0149,-0.38557,spy_options_2012.parquet,702842
SPY,2012-06-26,2012-06-26T16:00:00-04:00,131.97,2012-09-21,87.0,0.23835616438356164,168.0,call,0.0,0.03,0.02,0,,0.18502,0.0044,0.00104,0.0081,-0.00071,0.0017,spy_options_2012.parquet,702843
SPY,2012-06-26,2012-06-26T16:00:00-04:00,131.97,2012-09-21,87.0,0.23835616438356164,168.0,put,36.59,36.82,35.61,0,,0.29771,-0.94252,0.00583,0.07254,-0.01498,-0.38803,spy_options_2012.parquet,702843
SPY,2012-06-26,2012-06-26T16:00:00-04:00,131.97,2012-09-21,87.0,0.23835616438356164,169.0,call,0.0,0.03,0.02,0,,0.18912,0.00406,0.00101,0.0079,-0.00124,0.00149,spy_options_2012.parquet,702844
SPY,2012-06-26,2012-06-26T16:00:00-04:00,131.97,2012-09-21,87.0,0.23835616438356164,169.0,put,37.59,37.81,36.63,0,,0.30115,-0.94453,0.00558,0.07053,-0.01442,-0.39068,spy_options_2012.parquet,702844
SPY,2012-06-26,2012-06-26T16:00:00-04:00,131.97,2012-09-21,87.0,0.23835616438356164,170.0,call,0.0,0.02,0.02,0,,0.18553,0.00326,0.00069,0.00606,-0.00041,0.00048,spy_options_2012.parquet,702845
SPY,2012-06-26,2012-06-26T16:00:00-04:00,131.97,2012-09-21,87.0,0.23835616438356164,170.0,put,38.58,38.81,38.34,0,,0.30682,-0.94572,0.00545,0.07052,-0.01502,-0.39363,spy_options_2012.parquet,702845
SPY,2012-06-26,2012-06-26T16:00:00-04:00,131.97,2012-09-21,87.0,0.23835616438356164,171.0,call,0.0,0.03,0.03,0,,0.18918,0.0026,0.00072,0.00531,-0.00081,0.00102,spy_options_2012.parquet,702846
SPY,2012-06-26,2012-06-26T16:00:00-04:00,131.97,2012-09-21,87.0,0.23835616438356164,171.0,put,39.6,39.81,39.81,12,,0.31233,-0.94654,0.00521,0.06929,-0.01503,-0.39609,spy_options_2012.parquet,702846
SPY,2012-06-26,2012-06-26T16:00:00-04:00,131.97,2012-09-21,87.0,0.23835616438356164,172.0,call,0.0,0.02,0.02,0,,0.19314,0.00235,0.00071,0.00564,-0.00063,0.00102,spy_options_2012.parquet,702847
SPY,2012-06-26,2012-06-26T16:00:00-04:00,131.97,2012-09-21,87.0,0.23835616438356164,172.0,put,40.59,40.81,0.0,,,0.31768,-0.94651,0.0051,0.06892,-0.0148,-0.39914,spy_options_2012.parquet,702847
SPY,2012-06-26,2012-06-26T16:00:00-04:00,131.97,2012-09-21,87.0,0.23835616438356164,173.0,call,0.0,0.02,0.01,2,,0.19666,0.00272,0.00066,0.00605,-0.00106,0.00132,spy_options_2012.parquet,702848
SPY,2012-06-26,2012-06-26T16:00:00-04:00,131.97,2012-09-21,87.0,0.23835616438356164,173.0,put,41.6,41.81,0.0,,,0.32339,-0.9475,0.00495,0.06805,-0.01503,-0.40122,spy_options_2012.parquet,702848
SPY,2012-06-26,2012-06-26T16:00:00-04:00,131.97,2012-09-21,87.0,0.23835616438356164,174.0,call,0.0,0.03,0.02,0,,0.20015,0.00229,0.00067,0.0058,-0.0004,0.0007,spy_options_2012.parquet,702849
SPY,2012-06-26,2012-06-26T16:00:00-04:00,131.97,2012-09-21,87.0,0.23835616438356164,174.0,put,42.59,42.81,0.0,,,0.32842,-0.94772,0.00488,0.06736,-0.01517,-0.40428,spy_options_2012.parquet,702849
SPY,2012-06-26,2012-06-26T16:00:00-04:00,131.97,2012-09-21,87.0,0.23835616438356164,175.0,call,0.0,0.02,0.02,0,,0.20408,0.00241,0.00058,0.005,-0.00057,0.00056,spy_options_2012.parquet,702850
SPY,2012-06-26,2012-06-26T16:00:00-04:00,131.97,2012-09-21,87.0,0.23835616438356164,175.0,put,43.6,43.81,42.32,0,,0.33425,-0.94878,0.00469,0.06588,-0.01486,-0.40686,spy_options_2012.parquet,702850
SPY,2012-06-26,2012-06-26T16:00:00-04:00,131.97,2012-09-21,87.0,0.23835616438356164,176.0,call,0.0,0.01,0.0,,,0.20772,0.00255,0.00062,0.00512,-0.00065,0.00046,spy_options_2012.parquet,702851
SPY,2012-06-26,2012-06-26T16:00:00-04:00,131.97,2012-09-21,87.0,0.23835616438356164,176.0,put,44.59,44.81,43.54,0,,0.33967,-0.94963,0.00461,0.0653,-0.01508,-0.40957,spy_options_2012.parquet,702851
SPY,2012-06-26,2012-06-26T16:00:00-04:00,131.97,2012-09-21,87.0,0.23835616438356164,177.0,call,0.0,0.02,0.03,0,,0.21122,0.00247,0.00059,0.00548,-0.00066,0.00113,spy_options_2012.parquet,702852
SPY,2012-06-26,2012-06-26T16:00:00-04:00,131.97,2012-09-21,87.0,0.23835616438356164,177.0,put,45.58,45.8,47.99,0,,0.34309,-0.95041,0.00444,0.0645,-0.01498,-0.41193,spy_options_2012.parquet,702852
SPY,2012-06-26,2012-06-26T16:00:00-04:00,131.97,2012-09-21,87.0,0.23835616438356164,178.0,call,0.0,0.02,0.03,0,,0.2145,0.00227,0.00055,0.00501,-0.00032,0.00066,spy_options_2012.parquet,702853
SPY,2012-06-26,2012-06-26T16:00:00-04:00,131.97,2012-09-21,87.0,0.23835616438356164,178.0,put,46.58,46.8,0.0,,,0.34763,-0.95175,0.00435,0.06384,-0.01553,-0.41509,spy_options_2012.parquet,702853
SPY,2012-06-26,2012-06-26T16:00:00-04:00,131.97,2012-09-21,87.0,0.23835616438356164,179.0,call,0.0,0.03,0.03,0,,0.21862,0.00256,0.00055,0.00538,-0.00056,0.00036,spy_options_2012.parquet,702854
SPY,2012-06-26,2012-06-26T16:00:00-04:00,131.97,2012-09-21,87.0,0.23835616438356164,179.0,put,47.58,47.81,0.0,,,0.35305,-0.95162,0.00427,0.06269,-0.01539,-0.41764,spy_options_2012.parquet,702854
SPY,2012-06-26,2012-06-26T16:00:00-04:00,131.97,2012-09-21,87.0,0.23835616438356164,180.0,call,0.0,0.02,0.01,0,,0.22266,0.00239,0.00052,0.00513,-0.00092,0.00091,spy_options_2012.parquet,702855
SPY,2012-06-26,2012-06-26T16:00:00-04:00,131.97,2012-09-21,87.0,0.23835616438356164,180.0,put,48.58,48.8,44.0,0,,0.35786,-0.95287,0.00411,0.06274,-0.01565,-0.41964,spy_options_2012.parquet,702855
SPY,2012-06-26,2012-06-26T16:00:00-04:00,131.97,2012-09-21,87.0,0.23835616438356164,89.0,call,43.02,43.23,0.0,,,0.52364,0.91777,0.00089,0.07339,-0.02077,0.03373,spy_options_2012.parquet,702765
SPY,2012-06-26,2012-06-26T16:00:00-04:00,131.97,2012-09-21,87.0,0.23835616438356164,89.0,put,0.13,0.16,0.26,0,,0.39018,-0.01601,0.00156,0.02565,-0.00567,-0.00543,spy_options_2012.parquet,702765
SPY,2012-06-26,2012-06-26T16:00:00-04:00,131.97,2012-09-21,87.0,0.23835616438356164,90.0,call,42.03,42.24,41.7,0,,0.5079,0.919,0.00097,0.07366,-0.02066,0.03614,spy_options_2012.parquet,702766
SPY,2012-06-26,2012-06-26T16:00:00-04:00,131.97,2012-09-21,87.0,0.23835616438356164,90.0,put,0.16,0.19,0.18,165,,0.38629,-0.01789,0.00172,0.0279,-0.00577,-0.00648,spy_options_2012.parquet,702766
SPY,2012-06-26,2012-06-26T16:00:00-04:00,131.97,2012-09-21,87.0,0.23835616438356164,91.0,call,41.05,41.25,0.0,,,0.49436,0.91968,0.00111,0.07391,-0.01993,0.03894,spy_options_2012.parquet,702767
SPY,2012-06-26,2012-06-26T16:00:00-04:00,131.97,2012-09-21,87.0,0.23835616438356164,91.0,put,0.16,0.2,0.18,2,,0.37929,-0.01849,0.00187,0.03025,-0.00689,-0.0061,spy_options_2012.parquet,702767
SPY,2012-06-26,2012-06-26T16:00:00-04:00,131.97,2012-09-21,87.0,0.23835616438356164,92.0,call,40.06,40.26,0.0,,,0.47949,0.92066,0.0012,0.07389,-0.01944,0.04115,spy_options_2012.parquet,702768
SPY,2012-06-26,2012-06-26T16:00:00-04:00,131.97,2012-09-21,87.0,0.23835616438356164,92.0,put,0.19,0.21,0.21,0,,0.3761,-0.02098,0.00203,0.03283,-0.00656,-0.00713,spy_options_2012.parquet,702768
SPY,2012-06-26,2012-06-26T16:00:00-04:00,131.97,2012-09-21,87.0,0.23835616438356164,93.0,call,39.08,39.31,38.93,2,,0.46789,0.92106,0.0014,0.07488,-0.01931,0.04389,spy_options_2012.parquet,702769
SPY,2012-06-26,2012-06-26T16:00:00-04:00,131.97,2012-09-21,87.0,0.23835616438356164,93.0,put,0.2,0.21,0.24,0,,0.36952,-0.02265,0.00218,0.03383,-0.00751,-0.00796,spy_options_2012.parquet,702769
SPY,2012-06-26,2012-06-26T16:00:00-04:00,131.97,2012-09-21,87.0,0.23835616438356164,94.0,call,38.09,38.29,0.0,,,0.45285,0.92158,0.00154,0.07465,-0.01807,0.04597,spy_options_2012.parquet,702770
SPY,2012-06-26,2012-06-26T16:00:00-04:00,131.97,2012-09-21,87.0,0.23835616438356164,94.0,put,0.22,0.24,0.23,0,,0.36501,-0.02434,0.00242,0.0365,-0.00783,-0.00783,spy_options_2012.parquet,702770
SPY,2012-06-26,2012-06-26T16:00:00-04:00,131.97,2012-09-21,87.0,0.23835616438356164,95.0,call,37.11,37.32,37.81,0,,0.43978,0.92169,0.0017,0.07494,-0.01797,0.04972,spy_options_2012.parquet,702771
SPY,2012-06-26,2012-06-26T16:00:00-04:00,131.97,2012-09-21,87.0,0.23835616438356164,95.0,put,0.23,0.26,0.27,1,,0.35948,-0.02597,0.00255,0.03955,-0.00757,-0.00893,spy_options_2012.parquet,702771
SPY,2012-06-26,2012-06-26T16:00:00-04:00,131.97,2012-09-21,87.0,0.23835616438356164,96.0,call,36.13,36.34,37.07,0,,0.42876,0.92233,0.0019,0.07575,-0.01784,0.05315,spy_options_2012.parquet,702772
SPY,2012-06-26,2012-06-26T16:00:00-04:00,131.97,2012-09-21,87.0,0.23835616438356164,96.0,put,0.26,0.27,0.24,0,,0.35295,-0.02814,0.00283,0.04187,-0.00809,-0.00915,spy_options_2012.parquet,702772
SPY,2012-06-26,2012-06-26T16:00:00-04:00,131.97,2012-09-21,87.0,0.23835616438356164,97.0,call,35.14,35.39,35.72,0,,0.41754,0.92245,0.00216,0.07693,-0.01682,0.05777,spy_options_2012.parquet,702773
SPY,2012-06-26,2012-06-26T16:00:00-04:00,131.97,2012-09-21,87.0,0.23835616438356164,97.0,put,0.27,0.29,0.3,0,,0.34744,-0.0301,0.00299,0.04462,-0.00871,-0.0101,spy_options_2012.parquet,702773
SPY,2012-06-26,2012-06-26T16:00:00-04:00,131.97,2012-09-21,87.0,0.23835616438356164,98.0,call,34.15,34.4,35.41,0,,0.40649,0.92252,0.00237,0.07828,-0.01689,0.06171,spy_options_2012.parquet,702774
SPY,2012-06-26,2012-06-26T16:00:00-04:00,131.97,2012-09-21,87.0,0.23835616438356164,98.0,put,0.29,0.32,0.34,36,,0.34338,-0.03287,0.00329,0.04796,-0.00884,-0.01101,spy_options_2012.parquet,702774
SPY,2012-06-26,2012-06-26T16:00:00-04:00,131.97,2012-09-21,87.0,0.23835616438356164,99.0,call,33.2,33.4,35.04,0,,0.39557,0.92213,0.00262,0.07875,-0.01703,0.06547,spy_options_2012.parquet,702775
SPY,2012-06-26,2012-06-26T16:00:00-04:00,131.97,2012-09-21,87.0,0.23835616438356164,99.0,put,0.32,0.35,0.34,0,,0.33847,-0.03549,0.00361,0.0504,-0.01032,-0.01173,spy_options_2012.parquet,702775
SPY,2012-06-26,2012-06-26T16:00:00-04:00,131.97,2012-09-28,94.0,0.25753424657534246,100.0,call,32.27,32.47,31.61,11,,0.37887,0.92049,0.00332,0.0852,-0.01587,0.08061,spy_options_2012.parquet,702862
SPY,2012-06-26,2012-06-26T16:00:00-04:00,131.97,2012-09-28,94.0,0.25753424657534246,100.0,put,0.41,0.44,0.5,17,,0.33235,-0.04342,0.00411,0.06222,-0.01066,-0.0161,spy_options_2012.parquet,702862
SPY,2012-06-26,2012-06-26T16:00:00-04:00,131.97,2012-09-28,94.0,0.25753424657534246,101.0,call,31.29,31.5,30.64,2,,0.36986,0.91996,0.00359,0.08738,-0.01502,0.08586,spy_options_2012.parquet,702863
SPY,2012-06-26,2012-06-26T16:00:00-04:00,131.97,2012-09-28,94.0,0.25753424657534246,101.0,put,0.45,0.47,0.55,0,,0.3272,-0.04735,0.0045,0.06667,-0.01163,-0.01787,spy_options_2012.parquet,702863
SPY,2012-06-26,2012-06-26T16:00:00-04:00,131.97,2012-09-28,94.0,0.25753424657534246,102.0,call,30.33,30.53,33.89,0,,0.361,0.91803,0.00399,0.08911,-0.01551,0.09161,spy_options_2012.parquet,702864
SPY,2012-06-26,2012-06-26T16:00:00-04:00,131.97,2012-09-28,94.0,0.25753424657534246,102.0,put,0.48,0.51,0.56,0,,0.32251,-0.05108,0.00485,0.07042,-0.01208,-0.01908,spy_options_2012.parquet,702864
SPY,2012-06-26,2012-06-26T16:00:00-04:00,131.97,2012-09-28,94.0,0.25753424657534246,103.0,call,29.35,29.56,30.35,0,,0.35238,0.91689,0.00444,0.09158,-0.01554,0.09717,spy_options_2012.parquet,702865
SPY,2012-06-26,2012-06-26T16:00:00-04:00,131.97,2012-09-28,94.0,0.25753424657534246,103.0,put,0.52,0.55,0.58,0,,0.318,-0.05557,0.00526,0.07519,-0.01297,-0.02054,spy_options_2012.parquet,702865
SPY,2012-06-26,2012-06-26T16:00:00-04:00,131.97,2012-09-28,94.0,0.25753424657534246,104.0,call,28.37,28.6,28.03,11,,0.3435,0.91494,0.00489,0.09464,-0.01539,0.10297,spy_options_2012.parquet,702866
SPY,2012-06-26,2012-06-26T16:00:00-04:00,131.97,2012-09-28,94.0,0.25753424657534246,104.0,put,0.55,0.59,0.63,0,,0.31325,-0.05995,0.00565,0.07967,-0.01337,-0.02211,spy_options_2012.parquet,702866
SPY,2012-06-26,2012-06-26T16:00:00-04:00,131.97,2012-09-28,94.0,0.25753424657534246,105.0,call,27.46,27.65,28.47,0,,0.33788,0.91136,0.00538,0.09852,-0.01578,0.11102,spy_options_2012.parquet,702867
SPY,2012-06-26,2012-06-26T16:00:00-04:00,131.97,2012-09-28,94.0,0.25753424657534246,105.0,put,0.62,0.64,0.61,0,,0.3089,-0.06456,0.00608,0.08538,-0.01428,-0.0237,spy_options_2012.parquet,702867
SPY,2012-06-26,2012-06-26T16:00:00-04:00,131.97,2012-09-28,94.0,0.25753424657534246,106.0,call,26.53,26.7,27.52,0,,0.33122,0.90726,0.00593,0.10299,-0.01578,0.11818,spy_options_2012.parquet,702868
SPY,2012-06-26,2012-06-26T16:00:00-04:00,131.97,2012-09-28,94.0,0.25753424657534246,106.0,put,0.66,0.69,0.71,32,,0.30423,-0.06993,0.00657,0.09007,-0.01422,-0.02577,spy_options_2012.parquet,702868
SPY,2012-06-26,2012-06-26T16:00:00-04:00,131.97,2012-09-28,94.0,0.25753424657534246,107.0,call,25.54,25.73,26.75,0,,0.32317,0.90446,0.00643,0.10698,-0.0163,0.12398,spy_options_2012.parquet,702869
SPY,2012-06-26,2012-06-26T16:00:00-04:00,131.97,2012-09-28,94.0,0.25753424657534246,107.0,put,0.72,0.75,1.11,0,,0.30031,-0.07642,0.00713,0.09617,-0.01578,-0.02785,spy_options_2012.parquet,702869
SPY,2012-06-26,2012-06-26T16:00:00-04:00,131.97,2012-09-28,94.0,0.25753424657534246,108.0,call,24.62,24.81,25.58,0,,0.31773,0.8989,0.00714,0.11206,-0.01688,0.13171,spy_options_2012.parquet,702870
SPY,2012-06-26,2012-06-26T16:00:00-04:00,131.97,2012-09-28,94.0,0.25753424657534246,108.0,put,0.77,0.82,1.19,0,,0.29538,-0.08182,0.00763,0.10178,-0.01617,-0.03006,spy_options_2012.parquet,702870
SPY,2012-06-26,2012-06-26T16:00:00-04:00,131.97,2012-09-28,94.0,0.25753424657534246,109.0,call,23.66,23.85,25.77,0,,0.31019,0.89474,0.00772,0.11586,-0.01661,0.13745,spy_options_2012.parquet,702871
SPY,2012-06-26,2012-06-26T16:00:00-04:00,131.97,2012-09-28,94.0,0.25753424657534246,109.0,put,0.84,0.88,0.91,49,,0.29157,-0.08942,0.00826,0.10797,-0.01683,-0.03288,spy_options_2012.parquet,702871
SPY,2012-06-26,2012-06-26T16:00:00-04:00,131.97,2012-09-28,94.0,0.25753424657534246,110.0,call,22.73,22.92,20.47,0,,0.30458,0.8887,0.00837,0.12162,-0.01768,0.14351,spy_options_2012.parquet,702872
SPY,2012-06-26,2012-06-26T16:00:00-04:00,131.97,2012-09-28,94.0,0.25753424657534246,110.0,put,0.91,0.95,1.01,18,,0.28639,-0.09611,0.00882,0.11444,-0.018,-0.03597,spy_options_2012.parquet,702872
SPY,2012-06-26,2012-06-26T16:00:00-04:00,131.97,2012-09-28,94.0,0.25753424657534246,111.0,call,21.8,21.98,23.01,0,,0.29811,0.88301,0.00916,0.12753,-0.01775,0.15025,spy_options_2012.parquet,702873
SPY,2012-06-26,2012-06-26T16:00:00-04:00,131.97,2012-09-28,94.0,0.25753424657534246,111.0,put,0.99,1.04,1.07,80,,0.28274,-0.10457,0.00955,0.12134,-0.01848,-0.03843,spy_options_2012.parquet,702873
SPY,2012-06-26,2012-06-26T16:00:00-04:00,131.97,2012-09-28,94.0,0.25753424657534246,112.0,call,20.88,21.05,22.05,0,,0.29223,0.87614,0.00989,0.13338,-0.01893,0.15607,spy_options_2012.parquet,702874
SPY,2012-06-26,2012-06-26T16:00:00-04:00,131.97,2012-09-28,94.0,0.25753424657534246,112.0,put,1.06,1.11,1.28,1,,0.27756,-0.11304,0.01026,0.12833,-0.01889,-0.04167,spy_options_2012.parquet,702874
SPY,2012-06-26,2012-06-26T16:00:00-04:00,131.97,2012-09-28,94.0,0.25753424657534246,113.0,call,19.95,20.16,20.12,0,,0.28665,0.86731,0.01066,0.13986,-0.01894,0.16187,spy_options_2012.parquet,702875
SPY,2012-06-26,2012-06-26T16:00:00-04:00,131.97,2012-09-28,94.0,0.25753424657534246,113.0,put,1.17,1.21,1.05,0,,0.27412,-0.12231,0.01098,0.13601,-0.02,-0.04508,spy_options_2012.parquet,702875
SPY,2012-06-26,2012-06-26T16:00:00-04:00,131.97,2012-09-28,94.0,0.25753424657534246,114.0,call,19.05,19.23,20.13,0,,0.28155,0.85947,0.0115,0.14747,-0.01953,0.16694,spy_options_2012.parquet,702876
SPY,2012-06-26,2012-06-26T16:00:00-04:00,131.97,2012-09-28,94.0,0.25753424657534246,114.0,put,1.26,1.31,1.27,0,,0.26931,-0.13223,0.01183,0.14409,-0.02076,-0.04917,spy_options_2012.parquet,702876
SPY,2012-06-26,2012-06-26T16:00:00-04:00,131.97,2012-09-28,94.0,0.25753424657534246,115.0,call,18.13,18.33,16.26,0,,0.27541,0.84968,0.01239,0.15434,-0.02056,0.17102,spy_options_2012.parquet,702877
SPY,2012-06-26,2012-06-26T16:00:00-04:00,131.97,2012-09-28,94.0,0.25753424657534246,115.0,put,1.35,1.42,1.46,5,,0.26515,-0.14325,0.01262,0.15173,-0.02161,-0.05246,spy_options_2012.parquet,702877
SPY,2012-06-26,2012-06-26T16:00:00-04:00,131.97,2012-09-28,94.0,0.25753424657534246,116.0,call,17.26,17.43,15.07,0,,0.27016,0.83866,0.01336,0.16168,-0.02075,0.17532,spy_options_2012.parquet,702878
SPY,2012-06-26,2012-06-26T16:00:00-04:00,131.97,2012-09-28,94.0,0.25753424657534246,116.0,put,1.49,1.53,1.78,1,,0.26114,-0.15413,0.01356,0.15983,-0.02234,-0.05679,spy_options_2012.parquet,702878
SPY,2012-06-26,2012-06-26T16:00:00-04:00,131.97,2012-09-28,94.0,0.25753424657534246,117.0,call,16.41,16.55,15.78,44,,0.26604,0.82664,0.0143,0.16985,-0.02206,0.1791,spy_options_2012.parquet,702879
SPY,2012-06-26,2012-06-26T16:00:00-04:00,131.97,2012-09-28,94.0,0.25753424657534246,117.0,put,1.62,1.65,1.33,0,,0.25687,-0.16653,0.01442,0.16838,-0.02381,-0.06121,spy_options_2012.parquet,702879
SPY,2012-06-26,2012-06-26T16:00:00-04:00,131.97,2012-09-28,94.0,0.25753424657534246,118.0,call,15.51,15.67,16.45,0,,0.26092,0.81431,0.01532,0.17816,-0.0222,0.18319,spy_options_2012.parquet,702880
SPY,2012-06-26,2012-06-26T16:00:00-04:00,131.97,2012-09-28,94.0,0.25753424657534246,118.0,put,1.76,1.8,1.72,257,,0.25355,-0.18081,0.01546,0.17709,-0.024,-0.06674,spy_options_2012.parquet,702880
SPY,2012-06-26,2012-06-26T16:00:00-04:00,131.97,2012-09-28,94.0,0.25753424657534246,119.0,call,14.61,14.8,15.03,0,,0.25492,0.80158,0.01645,0.18529,-0.02254,0.18549,spy_options_2012.parquet,702881
SPY,2012-06-26,2012-06-26T16:00:00-04:00,131.97,2012-09-28,94.0,0.25753424657534246,119.0,put,1.9,1.95,2.15,340,,0.24867,-0.19448,0.01644,0.18558,-0.02451,-0.07178,spy_options_2012.parquet,702881
SPY,2012-06-26,2012-06-26T16:00:00-04:00,131.97,2012-09-28,94.0,0.25753424657534246,120.0,call,13.76,13.94,14.84,0,,0.2498,0.78716,0.01744,0.19417,-0.02299,0.18791,spy_options_2012.parquet,702882
SPY,2012-06-26,2012-06-26T16:00:00-04:00,131.97,2012-09-28,94.0,0.25753424657534246,120.0,put,2.06,2.11,2.07,201,,0.24478,-0.21035,0.01751,0.19424,-0.0256,-0.0779,spy_options_2012.parquet,702882
SPY,2012-06-26,2012-06-26T16:00:00-04:00,131.97,2012-09-28,94.0,0.25753424657534246,121.0,call,12.93,13.1,15.75,0,,0.24506,0.77127,0.01866,0.20192,-0.02413,0.18917,spy_options_2012.parquet,702883
SPY,2012-06-26,2012-06-26T16:00:00-04:00,131.97,2012-09-28,94.0,0.25753424657534246,121.0,put,2.24,2.29,2.22,123,,0.24032,-0.22696,0.01852,0.20258,-0.02676,-0.08363,spy_options_2012.parquet,702883
SPY,2012-06-26,2012-06-26T16:00:00-04:00,131.97,2012-09-28,94.0,0.25753424657534246,122.0,call,12.1,12.27,14.87,0,,0.23978,0.75411,0.01974,0.21025,-0.02417,0.18937,spy_options_2012.parquet,702884
SPY,2012-06-26,2012-06-26T16:00:00-04:00,131.97,2012-09-28,94.0,0.25753424657534246,122.0,put,2.44,2.48,2.85,215,,0.23655,-0.24463,0.01973,0.21127,-0.02727,-0.0905,spy_options_2012.parquet,702884
SPY,2012-06-26,2012-06-26T16:00:00-04:00,131.97,2012-09-28,94.0,0.25753424657534246,123.0,call,11.34,11.47,11.4,22,,0.23607,0.7353,0.02089,0.21898,-0.02472,0.18932,spy_options_2012.parquet,702885
SPY,2012-06-26,2012-06-26T16:00:00-04:00,131.97,2012-09-28,94.0,0.25753424657534246,123.0,put,2.64,2.69,2.96,118,,0.23241,-0.26362,0.02088,0.21973,-0.02748,-0.09691,spy_options_2012.parquet,702885
SPY,2012-06-26,2012-06-26T16:00:00-04:00,131.97,2012-09-28,94.0,0.25753424657534246,124.0,call,10.53,10.67,10.6,26,,0.23052,0.7164,0.02212,0.22685,-0.02512,0.18879,spy_options_2012.parquet,702886
SPY,2012-06-26,2012-06-26T16:00:00-04:00,131.97,2012-09-28,94.0,0.25753424657534246,124.0,put,2.86,2.91,3.2,142,,0.22883,-0.2836,0.02196,0.22738,-0.02862,-0.10497,spy_options_2012.parquet,702886
SPY,2012-06-26,2012-06-26T16:00:00-04:00,131.97,2012-09-28,94.0,0.25753424657534246,125.0,call,9.76,9.89,10.0,39,,0.22623,0.69553,0.0233,0.23449,-0.02597,0.18675,spy_options_2012.parquet,702887
SPY,2012-06-26,2012-06-26T16:00:00-04:00,131.97,2012-09-28,94.0,0.25753424657534246,125.0,put,3.11,3.14,3.6,,,0.22401,-0.30484,0.02312,0.23517,-0.02866,-0.1128,spy_options_2012.parquet,702887
SPY,2012-06-26,2012-06-26T16:00:00-04:00,131.97,2012-09-28,94.0,0.25753424657534246,126.0,call,9.0,9.12,9.25,20,,0.22141,0.67301,0.02456,0.24188,-0.02645,0.1843,spy_options_2012.parquet,702888
SPY,2012-06-26,2012-06-26T16:00:00-04:00,131.97,2012-09-28,94.0,0.25753424657534246,126.0,put,3.37,3.41,3.32,450,,0.22021,-0.32721,0.02431,0.24224,-0.02927,-0.12144,spy_options_2012.parquet,702888
SPY,2012-06-26,2012-06-26T16:00:00-04:00,131.97,2012-09-28,94.0,0.25753424657534246,127.0,call,8.27,8.37,8.5,10,,0.21659,0.64969,0.02578,0.24838,-0.02637,0.18106,spy_options_2012.parquet,702889
SPY,2012-06-26,2012-06-26T16:00:00-04:00,131.97,2012-09-28,94.0,0.25753424657534246,127.0,put,3.65,3.7,3.83,1,,0.21696,-0.35134,0.02542,0.2494,-0.03017,-0.13054,spy_options_2012.parquet,702889
SPY,2012-06-26,2012-06-26T16:00:00-04:00,131.97,2012-09-28,94.0,0.25753424657534246,128.0,call,7.55,7.65,7.28,4,,0.21149,0.62391,0.02693,0.25472,-0.02606,0.17786,spy_options_2012.parquet,702890
SPY,2012-06-26,2012-06-26T16:00:00-04:00,131.97,2012-09-28,94.0,0.25753424657534246,128.0,put,3.94,4.01,4.11,9,,0.2127,-0.37587,0.02646,0.25467,-0.02984,-0.13978,spy_options_2012.parquet,702890
SPY,2012-06-26,2012-06-26T16:00:00-04:00,131.97,2012-09-28,94.0,0.25753424657534246,129.0,call,6.88,6.96,8.91,0,,0.207,0.59735,0.02803,0.25968,-0.02692,0.17252,spy_options_2012.parquet,702891
SPY,2012-06-26,2012-06-26T16:00:00-04:00,131.97,2012-09-28,94.0,0.25753424657534246,129.0,put,4.28,4.34,4.49,1,,0.20833,-0.40242,0.02751,0.25957,-0.02972,-0.14933,spy_options_2012.parquet,702891
SPY,2012-06-26,2012-06-26T16:00:00-04:00,131.97,2012-09-28,94.0,0.25753424657534246,130.0,call,6.21,6.28,7.03,0,,0.20192,0.56892,0.02907,0.26405,-0.02579,0.16685,spy_options_2012.parquet,702892
SPY,2012-06-26,2012-06-26T16:00:00-04:00,131.97,2012-09-28,94.0,0.25753424657534246,130.0,put,4.62,4.69,4.9,230,,0.20428,-0.43092,0.02847,0.26395,-0.0302,-0.15964,spy_options_2012.parquet,702892
SPY,2012-06-26,2012-06-26T16:00:00-04:00,131.97,2012-09-28,94.0,0.25753424657534246,131.0,call,5.59,5.64,5.6,10,,0.1975,0.53923,0.03012,0.2663,-0.02568,0.16072,spy_options_2012.parquet,702893
SPY,2012-06-26,2012-06-26T16:00:00-04:00,131.97,2012-09-28,94.0,0.25753424657534246,131.0,put,5.0,5.08,4.88,49,,0.20088,-0.45999,0.02934,0.26658,-0.03019,-0.17109,spy_options_2012.parquet,702893
SPY,2012-06-26,2012-06-26T16:00:00-04:00,131.97,2012-09-28,94.0,0.25753424657534246,132.0,call,4.95,5.01,4.93,53,,0.19197,0.50869,0.03109,0.26795,-0.02569,0.15294,spy_options_2012.parquet,702894
SPY,2012-06-26,2012-06-26T16:00:00-04:00,131.97,2012-09-28,94.0,0.25753424657534246,132.0,put,5.42,5.47,5.3,403,,0.19608,-0.48964,0.03007,0.26782,-0.0295,-0.18225,spy_options_2012.parquet,702894
SPY,2012-06-26,2012-06-26T16:00:00-04:00,131.97,2012-09-28,94.0,0.25753424657534246,133.0,call,4.38,4.44,4.52,43,,0.18775,0.47593,0.03162,0.26698,-0.02461,0.14573,spy_options_2012.parquet,702895
SPY,2012-06-26,2012-06-26T16:00:00-04:00,131.97,2012-09-28,94.0,0.25753424657534246,133.0,put,5.85,5.92,5.84,23,,0.19256,-0.52085,0.03071,0.26783,-0.02851,-0.19373,spy_options_2012.parquet,702895
SPY,2012-06-26,2012-06-26T16:00:00-04:00,131.97,2012-09-28,94.0,0.25753424657534246,134.0,call,3.83,3.89,3.82,8,,0.18275,0.44306,0.0322,0.26565,-0.0239,0.13711,spy_options_2012.parquet,702896
SPY,2012-06-26,2012-06-26T16:00:00-04:00,131.97,2012-09-28,94.0,0.25753424657534246,134.0,put,6.31,6.4,6.6,200,,0.18862,-0.55312,0.03108,0.26546,-0.0286,-0.2067,spy_options_2012.parquet,702896
SPY,2012-06-26,2012-06-26T16:00:00-04:00,131.97,2012-09-28,94.0,0.25753424657534246,135.0,call,3.32,3.37,3.44,30,,0.17888,0.4084,0.03238,0.26081,-0.02287,0.12758,spy_options_2012.parquet,702897
SPY,2012-06-26,2012-06-26T16:00:00-04:00,131.97,2012-09-28,94.0,0.25753424657534246,135.0,put,6.81,6.9,7.35,12,,0.18462,-0.58608,0.03132,0.26126,-0.02721,-0.21914,spy_options_2012.parquet,702897
SPY,2012-06-26,2012-06-26T16:00:00-04:00,131.97,2012-09-28,94.0,0.25753424657534246,136.0,call,2.85,2.89,2.69,60,,0.17371,0.37347,0.03244,0.25418,-0.02207,0.11731,spy_options_2012.parquet,702898
SPY,2012-06-26,2012-06-26T16:00:00-04:00,131.97,2012-09-28,94.0,0.25753424657534246,136.0,put,7.35,7.45,7.4,4,,0.1803,-0.61917,0.03123,0.25573,-0.02629,-0.23165,spy_options_2012.parquet,702898
SPY,2012-06-26,2012-06-26T16:00:00-04:00,131.97,2012-09-28,94.0,0.25753424657534246,137.0,call,2.4,2.45,2.44,2,,0.16926,0.33735,0.03211,0.2457,-0.02072,0.10743,spy_options_2012.parquet,702899
SPY,2012-06-26,2012-06-26T16:00:00-04:00,131.97,2012-09-28,94.0,0.25753424657534246,137.0,put,7.93,8.03,8.35,16,,0.17737,-0.65218,0.03088,0.24733,-0.02541,-0.24511,spy_options_2012.parquet,702899
SPY,2012-06-26,2012-06-26T16:00:00-04:00,131.97,2012-09-28,94.0,0.25753424657534246,138.0,call,2.04,2.06,2.0,5,,0.165,0.3016,0.03143,0.23484,-0.01987,0.09641,spy_options_2012.parquet,702900
SPY,2012-06-26,2012-06-26T16:00:00-04:00,131.97,2012-09-28,94.0,0.25753424657534246,138.0,put,8.56,8.67,8.81,26,,0.17408,-0.68572,0.03022,0.23731,-0.02388,-0.25787,spy_options_2012.parquet,702900
SPY,2012-06-26,2012-06-26T16:00:00-04:00,131.97,2012-09-28,94.0,0.25753424657534246,139.0,call,1.66,1.7,1.59,150,,0.16107,0.26691,0.03037,0.22087,-0.01768,0.08613,spy_options_2012.parquet,702901
SPY,2012-06-26,2012-06-26T16:00:00-04:00,131.97,2012-09-28,94.0,0.25753424657534246,139.0,put,9.22,9.33,9.9,5,,0.17131,-0.71732,0.0292,0.22634,-0.02312,-0.26999,spy_options_2012.parquet,702901
SPY,2012-06-26,2012-06-26T16:00:00-04:00,131.97,2012-09-28,94.0,0.25753424657534246,140.0,call,1.38,1.41,1.43,108,,0.15713,0.2337,0.02894,0.20574,-0.01599,0.07592,spy_options_2012.parquet,702902
SPY,2012-06-26,2012-06-26T16:00:00-04:00,131.97,2012-09-28,94.0,0.25753424657534246,140.0,put,9.92,10.04,10.96,17,,0.16828,-0.74745,0.02793,0.21353,-0.02161,-0.28223,spy_options_2012.parquet,702902
SPY,2012-06-26,2012-06-26T16:00:00-04:00,131.97,2012-09-28,94.0,0.25753424657534246,141.0,call,1.1,1.13,1.04,31,,0.15399,0.20112,0.0271,0.18889,-0.01414,0.06526,spy_options_2012.parquet,702903
SPY,2012-06-26,2012-06-26T16:00:00-04:00,131.97,2012-09-28,94.0,0.25753424657534246,141.0,put,10.67,10.79,11.36,2,,0.16602,-0.77614,0.02644,0.20001,-0.0199,-0.29416,spy_options_2012.parquet,702903
SPY,2012-06-26,2012-06-26T16:00:00-04:00,131.97,2012-09-28,94.0,0.25753424657534246,142.0,call,0.88,0.91,0.8,165,,0.15042,0.17076,0.02513,0.17065,-0.01274,0.05619,spy_options_2012.parquet,702904
SPY,2012-06-26,2012-06-26T16:00:00-04:00,131.97,2012-09-28,94.0,0.25753424657534246,142.0,put,11.46,11.57,9.5,0,,0.16525,-0.80275,0.02477,0.18518,-0.01942,-0.30554,spy_options_2012.parquet,702904
SPY,2012-06-26,2012-06-26T16:00:00-04:00,131.97,2012-09-28,94.0,0.25753424657534246,143.0,call,0.68,0.71,0.87,0,,0.14722,0.1423,0.0228,0.15233,-0.01116,0.04672,spy_options_2012.parquet,702905
SPY,2012-06-26,2012-06-26T16:00:00-04:00,131.97,2012-09-28,94.0,0.25753424657534246,143.0,put,12.29,12.4,10.61,0,,0.16459,-0.82536,0.02297,0.17159,-0.01817,-0.31564,spy_options_2012.parquet,702905
SPY,2012-06-26,2012-06-26T16:00:00-04:00,131.97,2012-09-28,94.0,0.25753424657534246,144.0,call,0.51,0.57,0.5,30,,0.14398,0.11746,0.02033,0.13314,-0.00924,0.03921,spy_options_2012.parquet,702906
SPY,2012-06-26,2012-06-26T16:00:00-04:00,131.97,2012-09-28,94.0,0.25753424657534246,144.0,put,13.14,13.35,13.21,0,,0.16694,-0.84256,0.02121,0.16036,-0.01706,-0.32307,spy_options_2012.parquet,702906
SPY,2012-06-26,2012-06-26T16:00:00-04:00,131.97,2012-09-28,94.0,0.25753424657534246,145.0,call,0.4,0.44,0.39,12,,0.14169,0.09687,0.01789,0.11559,-0.0078,0.03241,spy_options_2012.parquet,702907
SPY,2012-06-26,2012-06-26T16:00:00-04:00,131.97,2012-09-28,94.0,0.25753424657534246,145.0,put,14.02,14.15,14.7,19,,0.16504,-0.86413,0.01939,0.14526,-0.01568,-0.33287,spy_options_2012.parquet,702907
SPY,2012-06-26,2012-06-26T16:00:00-04:00,131.97,2012-09-28,94.0,0.25753424657534246,146.0,call,0.3,0.34,0.28,1,,0.13918,0.0773,0.01549,0.0988,-0.00709,0.02548,spy_options_2012.parquet,702908
SPY,2012-06-26,2012-06-26T16:00:00-04:00,131.97,2012-09-28,94.0,0.25753424657534246,146.0,put,14.9,15.05,14.73,0,,0.16512,-0.88017,0.0177,0.13218,-0.01489,-0.34092,spy_options_2012.parquet,702908
SPY,2012-06-26,2012-06-26T16:00:00-04:00,131.97,2012-09-28,94.0,0.25753424657534246,147.0,call,0.22,0.26,0.5,0,,0.13738,0.06197,0.01319,0.08236,-0.00586,0.02036,spy_options_2012.parquet,702909
SPY,2012-06-26,2012-06-26T16:00:00-04:00,131.97,2012-09-28,94.0,0.25753424657534246,147.0,put,15.83,16.06,15.82,0,,0.17001,-0.88779,0.01635,0.12571,-0.014,-0.34631,spy_options_2012.parquet,702909
SPY,2012-06-26,2012-06-26T16:00:00-04:00,131.97,2012-09-28,94.0,0.25753424657534246,148.0,call,0.15,0.2,0.19,9,,0.13537,0.04848,0.01102,0.06868,-0.00467,0.01608,spy_options_2012.parquet,702910
SPY,2012-06-26,2012-06-26T16:00:00-04:00,131.97,2012-09-28,94.0,0.25753424657534246,148.0,put,16.79,17.0,18.22,0,,0.17308,-0.89847,0.01496,0.11774,-0.01408,-0.35207,spy_options_2012.parquet,702910
SPY,2012-06-26,2012-06-26T16:00:00-04:00,131.97,2012-09-28,94.0,0.25753424657534246,149.0,call,0.12,0.16,0.32,0,,0.13507,0.03925,0.00934,0.05807,-0.00418,0.01307,spy_options_2012.parquet,702911
SPY,2012-06-26,2012-06-26T16:00:00-04:00,131.97,2012-09-28,94.0,0.25753424657534246,149.0,put,17.74,17.96,19.8,0,,0.17617,-0.90584,0.01384,0.11068,-0.0134,-0.3578,spy_options_2012.parquet,702911
SPY,2012-06-26,2012-06-26T16:00:00-04:00,131.97,2012-09-28,94.0,0.25753424657534246,150.0,call,0.08,0.12,0.14,0,,0.13339,0.0294,0.00754,0.04544,-0.00269,0.00983,spy_options_2012.parquet,702912
SPY,2012-06-26,2012-06-26T16:00:00-04:00,131.97,2012-09-28,94.0,0.25753424657534246,150.0,put,18.72,18.93,17.56,0,,0.18077,-0.91219,0.0128,0.10483,-0.01362,-0.36211,spy_options_2012.parquet,702912
SPY,2012-06-26,2012-06-26T16:00:00-04:00,131.97,2012-09-28,94.0,0.25753424657534246,151.0,call,0.05,0.1,0.2,0,,0.13389,0.02437,0.00625,0.03862,-0.00286,0.00786,spy_options_2012.parquet,702913
SPY,2012-06-26,2012-06-26T16:00:00-04:00,131.97,2012-09-28,94.0,0.25753424657534246,151.0,put,19.69,19.9,14.45,0,,0.18526,-0.91811,0.01187,0.09905,-0.01301,-0.36666,spy_options_2012.parquet,702913
SPY,2012-06-26,2012-06-26T16:00:00-04:00,131.97,2012-09-28,94.0,0.25753424657534246,152.0,call,0.05,0.09,0.14,0,,0.13668,0.02117,0.00549,0.03436,-0.00196,0.00684,spy_options_2012.parquet,702914
SPY,2012-06-26,2012-06-26T16:00:00-04:00,131.97,2012-09-28,94.0,0.25753424657534246,152.0,put,20.68,20.89,22.08,0,,0.18993,-0.92256,0.01103,0.09489,-0.01223,-0.37086,spy_options_2012.parquet,702914
SPY,2012-06-26,2012-06-26T16:00:00-04:00,131.97,2012-09-28,94.0,0.25753424657534246,153.0,call,0.03,0.08,0.1,0,,0.13828,0.01831,0.00481,0.03086,-0.00162,0.00613,spy_options_2012.parquet,702915
SPY,2012-06-26,2012-06-26T16:00:00-04:00,131.97,2012-09-28,94.0,0.25753424657534246,153.0,put,21.66,21.87,14.71,0,,0.19517,-0.92576,0.01037,0.09192,-0.01277,-0.3748,spy_options_2012.parquet,702915
SPY,2012-06-26,2012-06-26T16:00:00-04:00,131.97,2012-09-28,94.0,0.25753424657534246,154.0,call,0.03,0.07,0.09,0,,0.14052,0.01541,0.00404,0.026,-0.00173,0.00548,spy_options_2012.parquet,702916
SPY,2012-06-26,2012-06-26T16:00:00-04:00,131.97,2012-09-28,94.0,0.25753424657534246,154.0,put,22.65,22.86,22.27,0,,0.20011,-0.92886,0.00984,0.0892,-0.01248,-0.37772,spy_options_2012.parquet,702916
SPY,2012-06-26,2012-06-26T16:00:00-04:00,131.97,2012-09-28,94.0,0.25753424657534246,155.0,call,0.03,0.06,0.07,0,,0.14259,0.01373,0.00365,0.02435,-0.00137,0.0048,spy_options_2012.parquet,702917
SPY,2012-06-26,2012-06-26T16:00:00-04:00,131.97,2012-09-28,94.0,0.25753424657534246,155.0,put,23.64,23.87,18.55,0,,0.20647,-0.93019,0.00936,0.08696,-0.01257,-0.38097,spy_options_2012.parquet,702917
SPY,2012-06-26,2012-06-26T16:00:00-04:00,131.97,2012-09-28,94.0,0.25753424657534246,156.0,call,0.02,0.06,0.19,0,,0.14557,0.01221,0.00321,0.02205,-0.00205,0.00386,spy_options_2012.parquet,702918
SPY,2012-06-26,2012-06-26T16:00:00-04:00,131.97,2012-09-28,94.0,0.25753424657534246,156.0,put,24.64,24.85,29.29,0,,0.21162,-0.93288,0.00886,0.08437,-0.01223,-0.38486,spy_options_2012.parquet,702918
SPY,2012-06-26,2012-06-26T16:00:00-04:00,131.97,2012-09-28,94.0,0.25753424657534246,157.0,call,0.01,0.05,0.04,0,,0.14471,0.00936,0.00258,0.01709,-0.00164,0.00303,spy_options_2012.parquet,702919
SPY,2012-06-26,2012-06-26T16:00:00-04:00,131.97,2012-09-28,94.0,0.25753424657534246,157.0,put,25.63,25.85,42.36,0,,0.21713,-0.93555,0.00839,0.0821,-0.01308,-0.38769,spy_options_2012.parquet,702919
SPY,2012-06-26,2012-06-26T16:00:00-04:00,131.97,2012-09-28,94.0,0.25753424657534246,158.0,call,0.01,0.06,0.55,0,,0.14979,0.00899,0.00246,0.01731,-0.00116,0.00357,spy_options_2012.parquet,702920
SPY,2012-06-26,2012-06-26T16:00:00-04:00,131.97,2012-09-28,94.0,0.25753424657534246,158.0,put,26.63,26.86,25.5,0,,0.22309,-0.93641,0.008,0.08093,-0.0128,-0.39148,spy_options_2012.parquet,702920
SPY,2012-06-26,2012-06-26T16:00:00-04:00,131.97,2012-09-28,94.0,0.25753424657534246,159.0,call,0.01,0.04,0.06,0,,0.15048,0.00759,0.00213,0.01463,-0.00123,0.00299,spy_options_2012.parquet,702921
SPY,2012-06-26,2012-06-26T16:00:00-04:00,131.97,2012-09-28,94.0,0.25753424657534246,159.0,put,27.63,27.84,24.15,0,,0.22921,-0.93801,0.00771,0.07929,-0.0125,-0.39422,spy_options_2012.parquet,702921
SPY,2012-06-26,2012-06-26T16:00:00-04:00,131.97,2012-09-28,94.0,0.25753424657534246,160.0,call,0.0,0.03,0.05,0,,0.15118,0.00607,0.00175,0.01214,-0.00095,0.00212,spy_options_2012.parquet,702922
SPY,2012-06-26,2012-06-26T16:00:00-04:00,131.97,2012-09-28,94.0,0.25753424657534246,160.0,put,28.62,28.85,23.6,0,,0.23384,-0.9401,0.00727,0.07747,-0.01307,-0.39734,spy_options_2012.parquet,702922
SPY,2012-06-26,2012-06-26T16:00:00-04:00,131.97,2012-09-28,94.0,0.25753424657534246,161.0,call,0.0,0.03,0.06,0,,0.1554,0.00588,0.00163,0.0122,-0.00108,0.0025,spy_options_2012.parquet,702923
SPY,2012-06-26,2012-06-26T16:00:00-04:00,131.97,2012-09-28,94.0,0.25753424657534246,161.0,put,29.61,29.84,28.65,0,,0.23972,-0.94101,0.00703,0.07643,-0.0126,-0.4007,spy_options_2012.parquet,702923
SPY,2012-06-26,2012-06-26T16:00:00-04:00,131.97,2012-09-28,94.0,0.25753424657534246,162.0,call,0.0,0.04,0.14,0,,0.15928,0.00602,0.00156,0.01141,-0.00137,0.00219,spy_options_2012.parquet,702924
SPY,2012-06-26,2012-06-26T16:00:00-04:00,131.97,2012-09-28,94.0,0.25753424657534246,162.0,put,30.61,30.83,46.82,0,,0.24389,-0.94341,0.00666,0.07391,-0.01308,-0.4033,spy_options_2012.parquet,702924
SPY,2012-06-26,2012-06-26T16:00:00-04:00,131.97,2012-09-28,94.0,0.25753424657534246,163.0,call,0.0,0.04,0.04,0,,0.16359,0.0062,0.00147,0.01134,-0.0007,0.0019,spy_options_2012.parquet,702925
SPY,2012-06-26,2012-06-26T16:00:00-04:00,131.97,2012-09-28,94.0,0.25753424657534246,163.0,put,31.61,31.83,47.85,0,,0.24952,-0.94459,0.00641,0.07261,-0.01317,-0.40664,spy_options_2012.parquet,702925
SPY,2012-06-26,2012-06-26T16:00:00-04:00,131.97,2012-09-28,94.0,0.25753424657534246,164.0,call,0.0,0.04,0.0,,,0.16766,0.00528,0.00143,0.01082,-0.00125,0.0018,spy_options_2012.parquet,702926
SPY,2012-06-26,2012-06-26T16:00:00-04:00,131.97,2012-09-28,94.0,0.25753424657534246,164.0,put,32.6,32.82,48.75,0,,0.25339,-0.94642,0.00613,0.07066,-0.01311,-0.41002,spy_options_2012.parquet,702926
SPY,2012-06-26,2012-06-26T16:00:00-04:00,131.97,2012-09-28,94.0,0.25753424657534246,165.0,call,0.0,0.02,0.01,0,,0.16709,0.00425,0.00119,0.00888,-0.00034,0.00109,spy_options_2012.parquet,702927
SPY,2012-06-26,2012-06-26T16:00:00-04:00,131.97,2012-09-28,94.0,0.25753424657534246,165.0,put,33.6,33.82,26.49,0,,0.25942,-0.94785,0.00596,0.07019,-0.01227,-0.41283,spy_options_2012.parquet,702927
SPY,2012-06-26,2012-06-26T16:00:00-04:00,131.97,2012-09-28,94.0,0.25753424657534246,166.0,call,0.0,0.03,0.04,0,,0.17013,0.00436,0.0011,0.00837,-0.00058,0.00181,spy_options_2012.parquet,702928
SPY,2012-06-26,2012-06-26T16:00:00-04:00,131.97,2012-09-28,94.0,0.25753424657534246,166.0,put,34.6,34.82,30.29,0,,0.26489,-0.94841,0.00575,0.06837,-0.01294,-0.41571,spy_options_2012.parquet,702928
SPY,2012-06-26,2012-06-26T16:00:00-04:00,131.97,2012-09-28,94.0,0.25753424657534246,90.0,call,42.05,42.27,47.05,0,,0.4945,0.91914,0.00115,0.07606,-0.01863,0.04122,spy_options_2012.parquet,702860
SPY,2012-06-26,2012-06-26T16:00:00-04:00,131.97,2012-09-28,94.0,0.25753424657534246,90.0,put,0.19,0.23,0.2,51,,0.38267,-0.02,0.00192,0.03303,-0.00704,-0.00716,spy_options_2012.parquet,702860
SPY,2012-06-26,2012-06-26T16:00:00-04:00,131.97,2012-09-28,94.0,0.25753424657534246,95.0,call,37.13,37.35,36.73,0,,0.43106,0.92149,0.00199,0.07854,-0.01647,0.05731,spy_options_2012.parquet,702861
SPY,2012-06-26,2012-06-26T16:00:00-04:00,131.97,2012-09-28,94.0,0.25753424657534246,95.0,put,0.28,0.31,0.28,1,,0.35639,-0.02969,0.00278,0.04562,-0.00825,-0.01109,spy_options_2012.parquet,702861
SPY,2012-06-26,2012-06-26T16:00:00-04:00,131.97,2012-10-19,115.0,0.3150684931506849,100.0,call,32.39,32.6,28.99,0,,0.36102,0.91497,0.00385,0.10066,-0.01442,0.10949,spy_options_2012.parquet,702969
SPY,2012-06-26,2012-06-26T16:00:00-04:00,131.97,2012-10-19,115.0,0.3150684931506849,100.0,put,0.63,0.66,0.69,5,,0.32852,-0.05762,0.00469,0.0855,-0.01276,-0.02641,spy_options_2012.parquet,702969
SPY,2012-06-26,2012-06-26T16:00:00-04:00,131.97,2012-10-19,115.0,0.3150684931506849,101.0,call,31.42,31.64,0.0,,,0.35309,0.9136,0.00424,0.10337,-0.01363,0.11602,spy_options_2012.parquet,702970
SPY,2012-06-26,2012-06-26T16:00:00-04:00,131.97,2012-10-19,115.0,0.3150684931506849,101.0,put,0.67,0.7,0.83,55,,0.32375,-0.06187,0.00502,0.09054,-0.0128,-0.02852,spy_options_2012.parquet,702970
SPY,2012-06-26,2012-06-26T16:00:00-04:00,131.97,2012-10-19,115.0,0.3150684931506849,102.0,call,30.46,30.68,0.0,,,0.34519,0.91148,0.00462,0.10674,-0.01394,0.12424,spy_options_2012.parquet,702971
SPY,2012-06-26,2012-06-26T16:00:00-04:00,131.97,2012-10-19,115.0,0.3150684931506849,102.0,put,0.73,0.75,0.67,0,,0.31951,-0.06623,0.0054,0.09575,-0.0139,-0.03044,spy_options_2012.parquet,702971
SPY,2012-06-26,2012-06-26T16:00:00-04:00,131.97,2012-10-19,115.0,0.3150684931506849,103.0,call,29.52,29.75,0.0,,,0.33923,0.90826,0.00506,0.11077,-0.01485,0.13183,spy_options_2012.parquet,702972
SPY,2012-06-26,2012-06-26T16:00:00-04:00,131.97,2012-10-19,115.0,0.3150684931506849,103.0,put,0.78,0.81,0.72,0,,0.31504,-0.07144,0.00576,0.1006,-0.01352,-0.03283,spy_options_2012.parquet,702972
SPY,2012-06-26,2012-06-26T16:00:00-04:00,131.97,2012-10-19,115.0,0.3150684931506849,104.0,call,28.55,28.78,0.0,,,0.33179,0.90539,0.00553,0.11393,-0.01406,0.13814,spy_options_2012.parquet,702973
SPY,2012-06-26,2012-06-26T16:00:00-04:00,131.97,2012-10-19,115.0,0.3150684931506849,104.0,put,0.84,0.87,0.91,0,,0.31105,-0.0761,0.00623,0.10697,-0.01426,-0.03452,spy_options_2012.parquet,702973
SPY,2012-06-26,2012-06-26T16:00:00-04:00,131.97,2012-10-19,115.0,0.3150684931506849,105.0,call,27.63,27.83,0.0,,,0.32646,0.90119,0.00603,0.11929,-0.01452,0.14616,spy_options_2012.parquet,702974
SPY,2012-06-26,2012-06-26T16:00:00-04:00,131.97,2012-10-19,115.0,0.3150684931506849,105.0,put,0.89,0.93,0.92,45,,0.30674,-0.08199,0.00664,0.1124,-0.01559,-0.03728,spy_options_2012.parquet,702974
SPY,2012-06-26,2012-06-26T16:00:00-04:00,131.97,2012-10-19,115.0,0.3150684931506849,106.0,call,26.69,26.89,0.0,,,0.32032,0.89759,0.00652,0.12485,-0.01569,0.15382,spy_options_2012.parquet,702975
SPY,2012-06-26,2012-06-26T16:00:00-04:00,131.97,2012-10-19,115.0,0.3150684931506849,106.0,put,0.96,1.0,1.02,0,,0.30172,-0.0881,0.00705,0.1186,-0.01572,-0.03942,spy_options_2012.parquet,702975
SPY,2012-06-26,2012-06-26T16:00:00-04:00,131.97,2012-10-19,115.0,0.3150684931506849,107.0,call,25.75,25.95,0.0,,,0.31413,0.89313,0.0071,0.12938,-0.0156,0.16042,spy_options_2012.parquet,702976
SPY,2012-06-26,2012-06-26T16:00:00-04:00,131.97,2012-10-19,115.0,0.3150684931506849,107.0,put,1.03,1.06,1.07,11,,0.29833,-0.0944,0.00761,0.12469,-0.01673,-0.04319,spy_options_2012.parquet,702976
SPY,2012-06-26,2012-06-26T16:00:00-04:00,131.97,2012-10-19,115.0,0.3150684931506849,108.0,call,24.82,25.02,0.0,,,0.30865,0.88694,0.00767,0.13507,-0.01585,0.16821,spy_options_2012.parquet,702977
SPY,2012-06-26,2012-06-26T16:00:00-04:00,131.97,2012-10-19,115.0,0.3150684931506849,108.0,put,1.11,1.14,1.13,600,,0.29364,-0.10079,0.0081,0.13124,-0.01727,-0.04611,spy_options_2012.parquet,702977
SPY,2012-06-26,2012-06-26T16:00:00-04:00,131.97,2012-10-19,115.0,0.3150684931506849,109.0,call,23.89,24.09,0.0,,,0.30201,0.88131,0.00826,0.14141,-0.01631,0.1747,spy_options_2012.parquet,702978
SPY,2012-06-26,2012-06-26T16:00:00-04:00,131.97,2012-10-19,115.0,0.3150684931506849,109.0,put,1.2,1.23,1.35,9,,0.28979,-0.10834,0.00864,0.13847,-0.01783,-0.04945,spy_options_2012.parquet,702978
SPY,2012-06-26,2012-06-26T16:00:00-04:00,131.97,2012-10-19,115.0,0.3150684931506849,110.0,call,22.97,23.16,22.93,50,,0.29681,0.87518,0.0089,0.14751,-0.01667,0.18147,spy_options_2012.parquet,702979
SPY,2012-06-26,2012-06-26T16:00:00-04:00,131.97,2012-10-19,115.0,0.3150684931506849,110.0,put,1.28,1.31,1.27,236,,0.28547,-0.11607,0.00917,0.14567,-0.01787,-0.05291,spy_options_2012.parquet,702979
SPY,2012-06-26,2012-06-26T16:00:00-04:00,131.97,2012-10-19,115.0,0.3150684931506849,111.0,call,22.06,22.26,0.0,,,0.29179,0.86745,0.00958,0.15409,-0.01745,0.18798,spy_options_2012.parquet,702980
SPY,2012-06-26,2012-06-26T16:00:00-04:00,131.97,2012-10-19,115.0,0.3150684931506849,111.0,put,1.38,1.41,1.52,267,,0.28118,-0.12505,0.00978,0.15278,-0.0188,-0.05619,spy_options_2012.parquet,702980
SPY,2012-06-26,2012-06-26T16:00:00-04:00,131.97,2012-10-19,115.0,0.3150684931506849,112.0,call,21.15,21.34,0.0,,,0.28639,0.85973,0.01028,0.16132,-0.01802,0.19344,spy_options_2012.parquet,702981
SPY,2012-06-26,2012-06-26T16:00:00-04:00,131.97,2012-10-19,115.0,0.3150684931506849,112.0,put,1.47,1.52,1.51,4,,0.27712,-0.1343,0.01045,0.16028,-0.01978,-0.06053,spy_options_2012.parquet,702981
SPY,2012-06-26,2012-06-26T16:00:00-04:00,131.97,2012-10-19,115.0,0.3150684931506849,113.0,call,20.24,20.44,21.3,0,,0.28093,0.85124,0.01102,0.16819,-0.01835,0.19945,spy_options_2012.parquet,702982
SPY,2012-06-26,2012-06-26T16:00:00-04:00,131.97,2012-10-19,115.0,0.3150684931506849,113.0,put,1.57,1.63,1.74,164,,0.2735,-0.1435,0.01113,0.16818,-0.02037,-0.06498,spy_options_2012.parquet,702982
SPY,2012-06-26,2012-06-26T16:00:00-04:00,131.97,2012-10-19,115.0,0.3150684931506849,114.0,call,19.38,19.53,19.33,50,,0.27724,0.84166,0.01174,0.17597,-0.0192,0.20455,spy_options_2012.parquet,702983
SPY,2012-06-26,2012-06-26T16:00:00-04:00,131.97,2012-10-19,115.0,0.3150684931506849,114.0,put,1.68,1.75,1.84,800,,0.26904,-0.15327,0.01182,0.17609,-0.02053,-0.06958,spy_options_2012.parquet,702983
SPY,2012-06-26,2012-06-26T16:00:00-04:00,131.97,2012-10-19,115.0,0.3150684931506849,115.0,call,18.48,18.65,18.55,30,,0.27284,0.8315,0.01247,0.18401,-0.01968,0.20922,spy_options_2012.parquet,702984
SPY,2012-06-26,2012-06-26T16:00:00-04:00,131.97,2012-10-19,115.0,0.3150684931506849,115.0,put,1.81,1.89,1.84,24,,0.2651,-0.16476,0.0125,0.18454,-0.02178,-0.07494,spy_options_2012.parquet,702984
SPY,2012-06-26,2012-06-26T16:00:00-04:00,131.97,2012-10-19,115.0,0.3150684931506849,116.0,call,17.61,17.78,17.62,71,,0.26676,0.82038,0.01336,0.19178,-0.01928,0.21382,spy_options_2012.parquet,702985
SPY,2012-06-26,2012-06-26T16:00:00-04:00,131.97,2012-10-19,115.0,0.3150684931506849,116.0,put,1.95,2.01,2.21,31,,0.26117,-0.17656,0.0133,0.1924,-0.02284,-0.08045,spy_options_2012.parquet,702985
SPY,2012-06-26,2012-06-26T16:00:00-04:00,131.97,2012-10-19,115.0,0.3150684931506849,117.0,call,16.73,16.91,16.73,0,,0.263,0.80846,0.01412,0.19991,-0.02069,0.21673,spy_options_2012.parquet,702986
SPY,2012-06-26,2012-06-26T16:00:00-04:00,131.97,2012-10-19,115.0,0.3150684931506849,117.0,put,2.1,2.16,2.17,1,,0.25768,-0.18923,0.01407,0.20112,-0.02271,-0.08624,spy_options_2012.parquet,702986
SPY,2012-06-26,2012-06-26T16:00:00-04:00,131.97,2012-10-19,115.0,0.3150684931506849,118.0,call,15.86,16.05,18.71,0,,0.25711,0.79691,0.01499,0.20805,-0.02035,0.21953,spy_options_2012.parquet,702987
SPY,2012-06-26,2012-06-26T16:00:00-04:00,131.97,2012-10-19,115.0,0.3150684931506849,118.0,put,2.25,2.3,2.47,74,,0.25366,-0.2016,0.0149,0.20941,-0.02318,-0.09178,spy_options_2012.parquet,702987
SPY,2012-06-26,2012-06-26T16:00:00-04:00,131.97,2012-10-19,115.0,0.3150684931506849,119.0,call,15.02,15.21,0.0,,,0.25314,0.78303,0.01594,0.21617,-0.02155,0.2222,spy_options_2012.parquet,702988
SPY,2012-06-26,2012-06-26T16:00:00-04:00,131.97,2012-10-19,115.0,0.3150684931506849,119.0,put,2.43,2.48,2.65,23,,0.24954,-0.21667,0.01581,0.21756,-0.02379,-0.09803,spy_options_2012.parquet,702988
SPY,2012-06-26,2012-06-26T16:00:00-04:00,131.97,2012-10-19,115.0,0.3150684931506849,120.0,call,14.2,14.37,13.95,4,,0.24863,0.76795,0.01685,0.22474,-0.02145,0.22334,spy_options_2012.parquet,702989
SPY,2012-06-26,2012-06-26T16:00:00-04:00,131.97,2012-10-19,115.0,0.3150684931506849,120.0,put,2.61,2.64,2.8,131,,0.24467,-0.23065,0.0167,0.22568,-0.02469,-0.10517,spy_options_2012.parquet,702989
SPY,2012-06-26,2012-06-26T16:00:00-04:00,131.97,2012-10-19,115.0,0.3150684931506849,121.0,call,13.37,13.54,11.92,0,,0.24408,0.753,0.01781,0.23261,-0.02196,0.22506,spy_options_2012.parquet,702990
SPY,2012-06-26,2012-06-26T16:00:00-04:00,131.97,2012-10-19,115.0,0.3150684931506849,121.0,put,2.8,2.85,2.98,68,,0.24103,-0.24692,0.01754,0.23408,-0.02566,-0.11281,spy_options_2012.parquet,702990
SPY,2012-06-26,2012-06-26T16:00:00-04:00,131.97,2012-10-19,115.0,0.3150684931506849,122.0,call,12.54,12.65,15.62,0,,0.23716,0.73803,0.0188,0.24017,-0.02187,0.22487,spy_options_2012.parquet,702991
SPY,2012-06-26,2012-06-26T16:00:00-04:00,131.97,2012-10-19,115.0,0.3150684931506849,122.0,put,3.0,3.05,3.04,125,,0.23768,-0.26346,0.01846,0.24285,-0.02565,-0.12032,spy_options_2012.parquet,702991
SPY,2012-06-26,2012-06-26T16:00:00-04:00,131.97,2012-10-19,115.0,0.3150684931506849,123.0,call,11.8,11.85,11.26,5,,0.23311,0.7192,0.01978,0.2492,-0.02285,0.22438,spy_options_2012.parquet,702992
SPY,2012-06-26,2012-06-26T16:00:00-04:00,131.97,2012-10-19,115.0,0.3150684931506849,123.0,put,3.23,3.28,3.62,112,,0.23305,-0.28105,0.01937,0.2506,-0.02629,-0.1279,spy_options_2012.parquet,702992
SPY,2012-06-26,2012-06-26T16:00:00-04:00,131.97,2012-10-19,115.0,0.3150684931506849,124.0,call,11.01,11.1,11.22,9,,0.22905,0.7001,0.02069,0.25664,-0.02291,0.22319,spy_options_2012.parquet,702993
SPY,2012-06-26,2012-06-26T16:00:00-04:00,131.97,2012-10-19,115.0,0.3150684931506849,124.0,put,3.47,3.53,3.46,977,,0.22954,-0.30057,0.02037,0.25843,-0.02668,-0.13684,spy_options_2012.parquet,702993
SPY,2012-06-26,2012-06-26T16:00:00-04:00,131.97,2012-10-19,115.0,0.3150684931506849,125.0,call,10.25,10.35,9.94,4,,0.22572,0.68066,0.02173,0.26391,-0.02394,0.2218,spy_options_2012.parquet,702994
SPY,2012-06-26,2012-06-26T16:00:00-04:00,131.97,2012-10-19,115.0,0.3150684931506849,125.0,put,3.71,3.78,3.68,646,,0.22518,-0.32073,0.02125,0.26576,-0.02704,-0.14611,spy_options_2012.parquet,702994
SPY,2012-06-26,2012-06-26T16:00:00-04:00,131.97,2012-10-19,115.0,0.3150684931506849,126.0,call,9.5,9.59,9.16,7,,0.22118,0.66012,0.02265,0.27086,-0.0235,0.21867,spy_options_2012.parquet,702995
SPY,2012-06-26,2012-06-26T16:00:00-04:00,131.97,2012-10-19,115.0,0.3150684931506849,126.0,put,4.0,4.06,3.94,209,,0.22158,-0.34074,0.02223,0.27187,-0.02689,-0.15545,spy_options_2012.parquet,702995
SPY,2012-06-26,2012-06-26T16:00:00-04:00,131.97,2012-10-19,115.0,0.3150684931506849,127.0,call,8.79,8.86,8.37,95,,0.21647,0.63743,0.02367,0.27777,-0.02367,0.21484,spy_options_2012.parquet,702996
SPY,2012-06-26,2012-06-26T16:00:00-04:00,131.97,2012-10-19,115.0,0.3150684931506849,127.0,put,4.28,4.34,4.34,306,,0.21824,-0.36341,0.0231,0.27883,-0.02736,-0.1659,spy_options_2012.parquet,702996
SPY,2012-06-26,2012-06-26T16:00:00-04:00,131.97,2012-10-19,115.0,0.3150684931506849,128.0,call,8.09,8.16,8.06,8,,0.21241,0.61452,0.02456,0.2836,-0.0243,0.21087,spy_options_2012.parquet,702997
SPY,2012-06-26,2012-06-26T16:00:00-04:00,131.97,2012-10-19,115.0,0.3150684931506849,128.0,put,4.59,4.67,4.68,156,,0.21387,-0.38595,0.02398,0.28431,-0.02788,-0.17689,spy_options_2012.parquet,702997
SPY,2012-06-26,2012-06-26T16:00:00-04:00,131.97,2012-10-19,115.0,0.3150684931506849,129.0,call,7.42,7.48,7.59,28,,0.20818,0.58988,0.02543,0.28757,-0.02372,0.20516,spy_options_2012.parquet,702998
SPY,2012-06-26,2012-06-26T16:00:00-04:00,131.97,2012-10-19,115.0,0.3150684931506849,129.0,put,4.95,5.01,5.01,75,,0.21047,-0.41006,0.02478,0.28891,-0.0275,-0.1873,spy_options_2012.parquet,702998
SPY,2012-06-26,2012-06-26T16:00:00-04:00,131.97,2012-10-19,115.0,0.3150684931506849,130.0,call,6.75,6.82,6.96,10,,0.20372,0.56367,0.02635,0.29203,-0.02345,0.19904,spy_options_2012.parquet,702999
SPY,2012-06-26,2012-06-26T16:00:00-04:00,131.97,2012-10-19,115.0,0.3150684931506849,130.0,put,5.3,5.36,5.32,696,,0.20662,-0.43524,0.02563,0.29235,-0.02745,-0.19895,spy_options_2012.parquet,702999
SPY,2012-06-26,2012-06-26T16:00:00-04:00,131.97,2012-10-19,115.0,0.3150684931506849,131.0,call,6.13,6.17,6.2,76,,0.19907,0.53761,0.02707,0.29486,-0.02323,0.19215,spy_options_2012.parquet,703000
SPY,2012-06-26,2012-06-26T16:00:00-04:00,131.97,2012-10-19,115.0,0.3150684931506849,131.0,put,5.69,5.74,5.59,17,,0.20215,-0.46141,0.02632,0.29453,-0.02776,-0.21121,spy_options_2012.parquet,703000
SPY,2012-06-26,2012-06-26T16:00:00-04:00,131.97,2012-10-19,115.0,0.3150684931506849,132.0,call,5.52,5.57,5.35,107,,0.19485,0.50919,0.02778,0.29543,-0.02334,0.18476,spy_options_2012.parquet,703001
SPY,2012-06-26,2012-06-26T16:00:00-04:00,131.97,2012-10-19,115.0,0.3150684931506849,132.0,put,6.08,6.15,6.01,119,,0.19783,-0.48839,0.02691,0.29578,-0.02722,-0.22476,spy_options_2012.parquet,703001
SPY,2012-06-26,2012-06-26T16:00:00-04:00,131.97,2012-10-19,115.0,0.3150684931506849,133.0,call,4.92,4.98,5.08,318,,0.19058,0.48046,0.02832,0.2957,-0.02238,0.17656,spy_options_2012.parquet,703002
SPY,2012-06-26,2012-06-26T16:00:00-04:00,131.97,2012-10-19,115.0,0.3150684931506849,133.0,put,6.49,6.57,6.36,362,,0.1942,-0.51669,0.02755,0.29546,-0.02719,-0.2374,spy_options_2012.parquet,703002
SPY,2012-06-26,2012-06-26T16:00:00-04:00,131.97,2012-10-19,115.0,0.3150684931506849,134.0,call,4.37,4.44,4.51,221,,0.18607,0.45067,0.02874,0.29381,-0.02211,0.16719,spy_options_2012.parquet,703003
SPY,2012-06-26,2012-06-26T16:00:00-04:00,131.97,2012-10-19,115.0,0.3150684931506849,134.0,put,6.95,7.03,6.87,351,,0.19005,-0.54636,0.02792,0.29385,-0.02631,-0.25156,spy_options_2012.parquet,703003
SPY,2012-06-26,2012-06-26T16:00:00-04:00,131.97,2012-10-19,115.0,0.3150684931506849,135.0,call,3.86,3.91,3.97,816,,0.18162,0.41902,0.02908,0.28972,-0.02115,0.15769,spy_options_2012.parquet,703004
SPY,2012-06-26,2012-06-26T16:00:00-04:00,131.97,2012-10-19,115.0,0.3150684931506849,135.0,put,7.43,7.53,7.58,14,,0.18656,-0.57548,0.02815,0.29031,-0.02516,-0.26506,spy_options_2012.parquet,703004
SPY,2012-06-26,2012-06-26T16:00:00-04:00,131.97,2012-10-19,115.0,0.3150684931506849,136.0,call,3.37,3.44,3.5,389,,0.17751,0.38813,0.02913,0.2839,-0.02068,0.14677,spy_options_2012.parquet,703005
SPY,2012-06-26,2012-06-26T16:00:00-04:00,131.97,2012-10-19,115.0,0.3150684931506849,136.0,put,7.96,8.05,8.42,340,,0.18195,-0.60601,0.02827,0.2845,-0.02493,-0.27912,spy_options_2012.parquet,703005
SPY,2012-06-26,2012-06-26T16:00:00-04:00,131.97,2012-10-19,115.0,0.3150684931506849,137.0,call,2.92,2.97,3.01,620,,0.17304,0.3564,0.02899,0.27662,-0.01907,0.1365,spy_options_2012.parquet,703006
SPY,2012-06-26,2012-06-26T16:00:00-04:00,131.97,2012-10-19,115.0,0.3150684931506849,137.0,put,8.51,8.62,8.36,6,,0.17895,-0.63607,0.02814,0.27752,-0.02379,-0.29391,spy_options_2012.parquet,703006
SPY,2012-06-26,2012-06-26T16:00:00-04:00,131.97,2012-10-19,115.0,0.3150684931506849,138.0,call,2.5,2.56,2.61,383,,0.16979,0.32414,0.02864,0.26745,-0.01863,0.12503,spy_options_2012.parquet,703007
SPY,2012-06-26,2012-06-26T16:00:00-04:00,131.97,2012-10-19,115.0,0.3150684931506849,138.0,put,9.08,9.21,9.74,50,,0.175,-0.66706,0.02773,0.26899,-0.02256,-0.30861,spy_options_2012.parquet,703007
SPY,2012-06-26,2012-06-26T16:00:00-04:00,131.97,2012-10-19,115.0,0.3150684931506849,139.0,call,2.13,2.19,2.21,11,,0.16541,0.29188,0.02798,0.25513,-0.01719,0.11295,spy_options_2012.parquet,703008
SPY,2012-06-26,2012-06-26T16:00:00-04:00,131.97,2012-10-19,115.0,0.3150684931506849,139.0,put,9.71,9.84,8.99,0,,0.17218,-0.69647,0.02712,0.25844,-0.02183,-0.32296,spy_options_2012.parquet,703008
SPY,2012-06-26,2012-06-26T16:00:00-04:00,131.97,2012-10-19,115.0,0.3150684931506849,140.0,call,1.79,1.84,1.88,210,,0.16137,0.26038,0.0271,0.24155,-0.01538,0.10184,spy_options_2012.parquet,703009
SPY,2012-06-26,2012-06-26T16:00:00-04:00,131.97,2012-10-19,115.0,0.3150684931506849,140.0,put,10.38,10.53,11.25,66,,0.16842,-0.72641,0.02636,0.24564,-0.02086,-0.33755,spy_options_2012.parquet,703009
SPY,2012-06-26,2012-06-26T16:00:00-04:00,131.97,2012-10-19,115.0,0.3150684931506849,141.0,call,1.5,1.53,1.36,2,,0.15779,0.23043,0.02585,0.22588,-0.01467,0.09066,spy_options_2012.parquet,703010
SPY,2012-06-26,2012-06-26T16:00:00-04:00,131.97,2012-10-19,115.0,0.3150684931506849,141.0,put,11.08,11.22,9.01,0,,0.16585,-0.75491,0.02524,0.23197,-0.01965,-0.35143,spy_options_2012.parquet,703010
SPY,2012-06-26,2012-06-26T16:00:00-04:00,131.97,2012-10-19,115.0,0.3150684931506849,142.0,call,1.22,1.26,1.22,22,,0.1543,0.201,0.02442,0.20931,-0.01294,0.07991,spy_options_2012.parquet,703011
SPY,2012-06-26,2012-06-26T16:00:00-04:00,131.97,2012-10-19,115.0,0.3150684931506849,142.0,put,11.83,11.95,11.75,1,,0.16343,-0.78189,0.02405,0.2169,-0.01806,-0.36549,spy_options_2012.parquet,703011
SPY,2012-06-26,2012-06-26T16:00:00-04:00,131.97,2012-10-19,115.0,0.3150684931506849,143.0,call,0.99,1.02,0.93,267,,0.15137,0.17328,0.02279,0.19051,-0.01194,0.06841,spy_options_2012.parquet,703012
SPY,2012-06-26,2012-06-26T16:00:00-04:00,131.97,2012-10-19,115.0,0.3150684931506849,143.0,put,12.6,12.73,9.78,0,,0.16086,-0.80748,0.02261,0.20115,-0.01681,-0.37841,spy_options_2012.parquet,703012
SPY,2012-06-26,2012-06-26T16:00:00-04:00,131.97,2012-10-19,115.0,0.3150684931506849,144.0,call,0.8,0.82,0.76,169,,0.14808,0.14823,0.02096,0.17293,-0.01021,0.05944,spy_options_2012.parquet,703013
SPY,2012-06-26,2012-06-26T16:00:00-04:00,131.97,2012-10-19,115.0,0.3150684931506849,144.0,put,13.41,13.56,14.47,0,,0.15951,-0.8298,0.02106,0.18554,-0.01556,-0.39045,spy_options_2012.parquet,703013
SPY,2012-06-26,2012-06-26T16:00:00-04:00,131.97,2012-10-19,115.0,0.3150684931506849,145.0,call,0.63,0.67,0.66,422,,0.14504,0.12543,0.01906,0.15391,-0.00918,0.05032,spy_options_2012.parquet,703014
SPY,2012-06-26,2012-06-26T16:00:00-04:00,131.97,2012-10-19,115.0,0.3150684931506849,145.0,put,14.25,14.39,15.03,3,,0.1579,-0.85094,0.01953,0.1699,-0.01464,-0.4016,spy_options_2012.parquet,703014
SPY,2012-06-26,2012-06-26T16:00:00-04:00,131.97,2012-10-19,115.0,0.3150684931506849,146.0,call,0.5,0.53,0.45,12,,0.14302,0.10432,0.01708,0.13578,-0.00771,0.04227,spy_options_2012.parquet,703015
SPY,2012-06-26,2012-06-26T16:00:00-04:00,131.97,2012-10-19,115.0,0.3150684931506849,146.0,put,15.12,15.26,15.81,10,,0.15673,-0.86918,0.01786,0.15531,-0.01365,-0.41273,spy_options_2012.parquet,703015
SPY,2012-06-26,2012-06-26T16:00:00-04:00,131.97,2012-10-19,115.0,0.3150684931506849,147.0,call,0.39,0.43,0.36,500,,0.14169,0.08694,0.01515,0.11925,-0.00695,0.03534,spy_options_2012.parquet,703016
SPY,2012-06-26,2012-06-26T16:00:00-04:00,131.97,2012-10-19,115.0,0.3150684931506849,147.0,put,16.01,16.17,14.95,0,,0.15686,-0.8841,0.01637,0.1414,-0.01329,-0.42187,spy_options_2012.parquet,703016
SPY,2012-06-26,2012-06-26T16:00:00-04:00,131.97,2012-10-19,115.0,0.3150684931506849,148.0,call,0.3,0.33,0.43,0,,0.13916,0.07085,0.01308,0.10137,-0.00596,0.02837,spy_options_2012.parquet,703017
SPY,2012-06-26,2012-06-26T16:00:00-04:00,131.97,2012-10-19,115.0,0.3150684931506849,148.0,put,16.91,17.12,16.53,0,,0.15792,-0.89649,0.01492,0.13077,-0.01211,-0.42973,spy_options_2012.parquet,703017
SPY,2012-06-26,2012-06-26T16:00:00-04:00,131.97,2012-10-19,115.0,0.3150684931506849,149.0,call,0.22,0.26,0.24,10,,0.13652,0.05686,0.01123,0.08617,-0.00508,0.0229,spy_options_2012.parquet,703018
SPY,2012-06-26,2012-06-26T16:00:00-04:00,131.97,2012-10-19,115.0,0.3150684931506849,149.0,put,17.83,18.06,17.52,0,,0.15936,-0.90725,0.01359,0.12047,-0.01147,-0.43764,spy_options_2012.parquet,703018
SPY,2012-06-26,2012-06-26T16:00:00-04:00,131.97,2012-10-19,115.0,0.3150684931506849,150.0,call,0.19,0.21,0.2,6,,0.13552,0.04692,0.00964,0.0736,-0.00379,0.01938,spy_options_2012.parquet,703019
SPY,2012-06-26,2012-06-26T16:00:00-04:00,131.97,2012-10-19,115.0,0.3150684931506849,150.0,put,18.78,19.0,15.18,0,,0.16092,-0.91635,0.01241,0.11078,-0.0112,-0.44433,spy_options_2012.parquet,703019
SPY,2012-06-26,2012-06-26T16:00:00-04:00,131.97,2012-10-19,115.0,0.3150684931506849,151.0,call,0.13,0.15,0.14,4,,0.13483,0.03712,0.00807,0.06084,-0.00299,0.01499,spy_options_2012.parquet,703020
SPY,2012-06-26,2012-06-26T16:00:00-04:00,131.97,2012-10-19,115.0,0.3150684931506849,151.0,put,19.75,19.97,20.1,1,,0.16446,-0.92272,0.01142,0.10434,-0.01083,-0.44951,spy_options_2012.parquet,703020
SPY,2012-06-26,2012-06-26T16:00:00-04:00,131.97,2012-10-19,115.0,0.3150684931506849,152.0,call,0.1,0.14,0.11,8,,0.13535,0.03147,0.00707,0.05346,-0.00247,0.01283,spy_options_2012.parquet,703021
SPY,2012-06-26,2012-06-26T16:00:00-04:00,131.97,2012-10-19,115.0,0.3150684931506849,152.0,put,20.73,20.92,21.1,1,,0.16588,-0.9298,0.01044,0.09665,-0.01001,-0.45557,spy_options_2012.parquet,703021
SPY,2012-06-26,2012-06-26T16:00:00-04:00,131.97,2012-10-19,115.0,0.3150684931506849,153.0,call,0.07,0.11,0.13,0,,0.13358,0.02469,0.00575,0.04305,-0.00192,0.01046,spy_options_2012.parquet,703022
SPY,2012-06-26,2012-06-26T16:00:00-04:00,131.97,2012-10-19,115.0,0.3150684931506849,153.0,put,21.68,21.91,0.0,,,0.16935,-0.93397,0.00975,0.09083,-0.01015,-0.46063,spy_options_2012.parquet,703022
SPY,2012-06-26,2012-06-26T16:00:00-04:00,131.97,2012-10-19,115.0,0.3150684931506849,154.0,call,0.05,0.1,0.08,9,,0.13467,0.02073,0.00496,0.03771,-0.00189,0.00806,spy_options_2012.parquet,703023
SPY,2012-06-26,2012-06-26T16:00:00-04:00,131.97,2012-10-19,115.0,0.3150684931506849,154.0,put,22.67,22.88,0.0,,,0.17318,-0.93853,0.00901,0.08656,-0.01002,-0.46554,spy_options_2012.parquet,703023
SPY,2012-06-26,2012-06-26T16:00:00-04:00,131.97,2012-10-19,115.0,0.3150684931506849,155.0,call,0.04,0.09,0.11,0,,0.13663,0.0185,0.00442,0.03345,-0.00195,0.00777,spy_options_2012.parquet,703024
SPY,2012-06-26,2012-06-26T16:00:00-04:00,131.97,2012-10-19,115.0,0.3150684931506849,155.0,put,23.66,23.88,0.0,,,0.17728,-0.94146,0.00849,0.08277,-0.00956,-0.46973,spy_options_2012.parquet,703024
SPY,2012-06-26,2012-06-26T16:00:00-04:00,131.97,2012-10-19,115.0,0.3150684931506849,156.0,call,0.04,0.07,0.07,0,,0.13912,0.01693,0.00393,0.03086,-0.00184,0.00722,spy_options_2012.parquet,703025
SPY,2012-06-26,2012-06-26T16:00:00-04:00,131.97,2012-10-19,115.0,0.3150684931506849,156.0,put,24.65,24.87,0.0,,,0.18073,-0.94448,0.00796,0.0792,-0.00997,-0.47499,spy_options_2012.parquet,703025
SPY,2012-06-26,2012-06-26T16:00:00-04:00,131.97,2012-10-19,115.0,0.3150684931506849,157.0,call,0.02,0.07,0.05,0,,0.1407,0.01397,0.00339,0.02733,-0.0016,0.00545,spy_options_2012.parquet,703026
SPY,2012-06-26,2012-06-26T16:00:00-04:00,131.97,2012-10-19,115.0,0.3150684931506849,157.0,put,25.65,25.87,0.0,,,0.18694,-0.94558,0.0076,0.07859,-0.00985,-0.4783,spy_options_2012.parquet,703026
SPY,2012-06-26,2012-06-26T16:00:00-04:00,131.97,2012-10-19,115.0,0.3150684931506849,158.0,call,0.02,0.06,0.04,0,,0.14095,0.01163,0.00288,0.02312,-0.00176,0.00496,spy_options_2012.parquet,703027
SPY,2012-06-26,2012-06-26T16:00:00-04:00,131.97,2012-10-19,115.0,0.3150684931506849,158.0,put,26.64,26.86,0.0,,,0.19023,-0.94755,0.00717,0.07533,-0.00979,-0.48181,spy_options_2012.parquet,703027
SPY,2012-06-26,2012-06-26T16:00:00-04:00,131.97,2012-10-19,115.0,0.3150684931506849,159.0,call,0.02,0.05,0.03,0,,0.14207,0.00981,0.00253,0.0205,-0.00079,0.00393,spy_options_2012.parquet,703028
SPY,2012-06-26,2012-06-26T16:00:00-04:00,131.97,2012-10-19,115.0,0.3150684931506849,159.0,put,27.63,27.85,25.33,0,,0.1943,-0.95019,0.0067,0.07225,-0.00974,-0.48648,spy_options_2012.parquet,703028
SPY,2012-06-26,2012-06-26T16:00:00-04:00,131.97,2012-10-19,115.0,0.3150684931506849,160.0,call,0.01,0.05,0.0,,,0.14347,0.00857,0.00219,0.01791,-0.00099,0.00328,spy_options_2012.parquet,703029
SPY,2012-06-26,2012-06-26T16:00:00-04:00,131.97,2012-10-19,115.0,0.3150684931506849,160.0,put,28.63,28.85,29.6,0,,0.19927,-0.9506,0.00644,0.07164,-0.00979,-0.48966,spy_options_2012.parquet,703029
SPY,2012-06-26,2012-06-26T16:00:00-04:00,131.97,2012-10-19,115.0,0.3150684931506849,161.0,call,0.01,0.05,0.0,,,0.14805,0.00867,0.0021,0.01729,-0.00146,0.0038,spy_options_2012.parquet,703030
SPY,2012-06-26,2012-06-26T16:00:00-04:00,131.97,2012-10-19,115.0,0.3150684931506849,161.0,put,29.62,29.84,0.0,,,0.20274,-0.95323,0.00609,0.06853,-0.00994,-0.49409,spy_options_2012.parquet,703030
SPY,2012-06-26,2012-06-26T16:00:00-04:00,131.97,2012-10-19,115.0,0.3150684931506849,162.0,call,0.0,0.04,0.02,0,,0.14461,0.00618,0.00158,0.01259,-0.00085,0.00291,spy_options_2012.parquet,703031
SPY,2012-06-26,2012-06-26T16:00:00-04:00,131.97,2012-10-19,115.0,0.3150684931506849,162.0,put,30.61,30.84,30.59,250,,0.20764,-0.95432,0.00584,0.0672,-0.00925,-0.49793,spy_options_2012.parquet,703031
SPY,2012-06-26,2012-06-26T16:00:00-04:00,131.97,2012-10-19,115.0,0.3150684931506849,163.0,call,0.0,0.04,0.02,0,,0.14825,0.00615,0.00144,0.01237,-0.00125,0.00245,spy_options_2012.parquet,703032
SPY,2012-06-26,2012-06-26T16:00:00-04:00,131.97,2012-10-19,115.0,0.3150684931506849,163.0,put,31.63,31.85,0.0,,,0.21306,-0.95442,0.00566,0.06696,-0.00986,-0.50119,spy_options_2012.parquet,703032
SPY,2012-06-26,2012-06-26T16:00:00-04:00,131.97,2012-10-19,115.0,0.3150684931506849,164.0,call,0.0,0.03,0.02,0,,0.15203,0.00605,0.00142,0.01238,-0.00101,0.00241,spy_options_2012.parquet,703033
SPY,2012-06-26,2012-06-26T16:00:00-04:00,131.97,2012-10-19,115.0,0.3150684931506849,164.0,put,32.61,32.83,0.0,,,0.21597,-0.9564,0.00531,0.06384,-0.0098,-0.50499,spy_options_2012.parquet,703033
SPY,2012-06-26,2012-06-26T16:00:00-04:00,131.97,2012-10-19,115.0,0.3150684931506849,165.0,call,0.0,0.04,0.01,3,,0.15618,0.00603,0.00141,0.01229,-0.00051,0.00242,spy_options_2012.parquet,703034
SPY,2012-06-26,2012-06-26T16:00:00-04:00,131.97,2012-10-19,115.0,0.3150684931506849,165.0,put,33.6,33.83,0.0,,,0.22149,-0.95774,0.00515,0.06332,-0.00927,-0.50859,spy_options_2012.parquet,703034
SPY,2012-06-26,2012-06-26T16:00:00-04:00,131.97,2012-10-19,115.0,0.3150684931506849,166.0,call,0.0,0.04,0.0,,,0.1598,0.00522,0.00127,0.01156,-0.00039,0.00213,spy_options_2012.parquet,703035
SPY,2012-06-26,2012-06-26T16:00:00-04:00,131.97,2012-10-19,115.0,0.3150684931506849,166.0,put,34.6,34.83,0.0,,,0.22618,-0.95801,0.00498,0.06189,-0.00948,-0.51224,spy_options_2012.parquet,703035
SPY,2012-06-26,2012-06-26T16:00:00-04:00,131.97,2012-10-19,115.0,0.3150684931506849,167.0,call,0.0,0.03,0.0,,,0.15834,0.00377,0.00102,0.0094,-0.00045,0.00125,spy_options_2012.parquet,703036
SPY,2012-06-26,2012-06-26T16:00:00-04:00,131.97,2012-10-19,115.0,0.3150684931506849,167.0,put,35.59,35.81,0.0,,,0.22918,-0.9597,0.00469,0.05942,-0.00926,-0.51605,spy_options_2012.parquet,703036
SPY,2012-06-26,2012-06-26T16:00:00-04:00,131.97,2012-10-19,115.0,0.3150684931506849,168.0,call,0.0,0.04,0.01,0,,0.16202,0.00414,0.00098,0.00901,-0.00067,0.00152,spy_options_2012.parquet,703037
SPY,2012-06-26,2012-06-26T16:00:00-04:00,131.97,2012-10-19,115.0,0.3150684931506849,168.0,put,36.6,36.82,0.0,,,0.23324,-0.96007,0.00461,0.05866,-0.00964,-0.51865,spy_options_2012.parquet,703037
SPY,2012-06-26,2012-06-26T16:00:00-04:00,131.97,2012-10-19,115.0,0.3150684931506849,169.0,call,0.0,0.03,0.0,,,0.16503,0.0042,0.00094,0.00929,-0.00044,0.00158,spy_options_2012.parquet,703038
SPY,2012-06-26,2012-06-26T16:00:00-04:00,131.97,2012-10-19,115.0,0.3150684931506849,169.0,put,37.59,37.81,0.0,,,0.23638,-0.96249,0.00431,0.05715,-0.00982,-0.52333,spy_options_2012.parquet,703038
SPY,2012-06-26,2012-06-26T16:00:00-04:00,131.97,2012-10-19,115.0,0.3150684931506849,170.0,call,0.0,0.04,0.0,,,0.16843,0.00386,0.00093,0.00918,-0.00066,0.00152,spy_options_2012.parquet,703039
SPY,2012-06-26,2012-06-26T16:00:00-04:00,131.97,2012-10-19,115.0,0.3150684931506849,170.0,put,38.6,38.81,0.0,,,0.24063,-0.96265,0.00422,0.05613,-0.00961,-0.52616,spy_options_2012.parquet,703039
SPY,2012-06-26,2012-06-26T16:00:00-04:00,131.97,2012-10-19,115.0,0.3150684931506849,171.0,call,0.0,0.03,0.01,0,,0.17258,0.00428,0.0009,0.00891,-0.00057,0.00134,spy_options_2012.parquet,703040
SPY,2012-06-26,2012-06-26T16:00:00-04:00,131.97,2012-10-19,115.0,0.3150684931506849,171.0,put,39.58,39.8,0.0,,,0.24511,-0.96259,0.00411,0.05585,-0.00998,-0.53021,spy_options_2012.parquet,703040
SPY,2012-06-26,2012-06-26T16:00:00-04:00,131.97,2012-10-19,115.0,0.3150684931506849,172.0,call,0.0,0.03,0.02,0,,0.17591,0.00346,0.00088,0.00844,-0.00051,0.00131,spy_options_2012.parquet,703041
SPY,2012-06-26,2012-06-26T16:00:00-04:00,131.97,2012-10-19,115.0,0.3150684931506849,172.0,put,40.59,40.8,0.0,,,0.25001,-0.964,0.004,0.05507,-0.00992,-0.53316,spy_options_2012.parquet,703041
SPY,2012-06-26,2012-06-26T16:00:00-04:00,131.97,2012-10-19,115.0,0.3150684931506849,173.0,call,0.0,0.03,0.01,79,,0.17887,0.00373,0.00084,0.00894,-0.00022,0.00117,spy_options_2012.parquet,703042
SPY,2012-06-26,2012-06-26T16:00:00-04:00,131.97,2012-10-19,115.0,0.3150684931506849,173.0,put,41.59,41.81,0.0,,,0.25402,-0.96364,0.00386,0.05455,-0.00928,-0.53675,spy_options_2012.parquet,703042
SPY,2012-06-26,2012-06-26T16:00:00-04:00,131.97,2012-10-19,115.0,0.3150684931506849,174.0,call,0.0,0.03,0.01,0,,0.18221,0.00416,0.00082,0.00809,-0.00035,0.0018,spy_options_2012.parquet,703043
SPY,2012-06-26,2012-06-26T16:00:00-04:00,131.97,2012-10-19,115.0,0.3150684931506849,174.0,put,42.59,42.81,0.0,,,0.25848,-0.96459,0.00374,0.05384,-0.00998,-0.54002,spy_options_2012.parquet,703043
SPY,2012-06-26,2012-06-26T16:00:00-04:00,131.97,2012-10-19,115.0,0.3150684931506849,175.0,call,0.0,0.03,0.01,0,,0.18498,0.0034,0.00077,0.00801,-0.00074,0.00131,spy_options_2012.parquet,703044
SPY,2012-06-26,2012-06-26T16:00:00-04:00,131.97,2012-10-19,115.0,0.3150684931506849,175.0,put,43.58,43.8,0.0,,,0.26043,-0.96613,0.00357,0.0518,-0.00979,-0.54346,spy_options_2012.parquet,703044
SPY,2012-06-26,2012-06-26T16:00:00-04:00,131.97,2012-10-19,115.0,0.3150684931506849,176.0,call,0.0,0.03,0.01,0,,0.18931,0.00344,0.00074,0.00787,-0.00083,0.00161,spy_options_2012.parquet,703045
SPY,2012-06-26,2012-06-26T16:00:00-04:00,131.97,2012-10-19,115.0,0.3150684931506849,176.0,put,44.57,44.8,0.0,,,0.26455,-0.96676,0.00349,0.05059,-0.00972,-0.54663,spy_options_2012.parquet,703045
SPY,2012-06-26,2012-06-26T16:00:00-04:00,131.97,2012-10-19,115.0,0.3150684931506849,177.0,call,0.0,0.02,0.01,0,,0.19237,0.00347,0.00072,0.00794,-0.00044,0.00109,spy_options_2012.parquet,703046
SPY,2012-06-26,2012-06-26T16:00:00-04:00,131.97,2012-10-19,115.0,0.3150684931506849,177.0,put,45.58,45.79,0.0,,,0.26933,-0.96721,0.00342,0.05041,-0.00949,-0.55046,spy_options_2012.parquet,703046
SPY,2012-06-26,2012-06-26T16:00:00-04:00,131.97,2012-10-19,115.0,0.3150684931506849,178.0,call,0.0,0.03,0.01,0,,0.19541,0.004,0.00076,0.00837,-0.0007,0.00167,spy_options_2012.parquet,703047
SPY,2012-06-26,2012-06-26T16:00:00-04:00,131.97,2012-10-19,115.0,0.3150684931506849,178.0,put,46.58,46.8,0.0,,,0.27323,-0.96688,0.00324,0.04935,-0.00926,-0.55403,spy_options_2012.parquet,703047
SPY,2012-06-26,2012-06-26T16:00:00-04:00,131.97,2012-10-19,115.0,0.3150684931506849,179.0,call,0.0,0.04,0.01,0,,0.19885,0.00317,0.00073,0.00779,-0.00104,0.00115,spy_options_2012.parquet,703048
SPY,2012-06-26,2012-06-26T16:00:00-04:00,131.97,2012-10-19,115.0,0.3150684931506849,179.0,put,47.58,47.8,0.0,,,0.2773,-0.96718,0.0032,0.04971,-0.00975,-0.55663,spy_options_2012.parquet,703048
SPY,2012-06-26,2012-06-26T16:00:00-04:00,131.97,2012-10-19,115.0,0.3150684931506849,180.0,call,0.0,0.03,0.02,0,,0.20137,0.00354,0.00068,0.00761,-0.00092,0.00156,spy_options_2012.parquet,703049
SPY,2012-06-26,2012-06-26T16:00:00-04:00,131.97,2012-10-19,115.0,0.3150684931506849,180.0,put,48.58,48.8,52.63,0,,0.2814,-0.96819,0.00315,0.04886,-0.01,-0.56052,spy_options_2012.parquet,703049
SPY,2012-06-26,2012-06-26T16:00:00-04:00,131.97,2012-10-19,115.0,0.3150684931506849,89.0,call,43.1,43.32,42.86,0,,0.47189,0.91801,0.00129,0.08544,-0.0161,0.05368,spy_options_2012.parquet,702958
SPY,2012-06-26,2012-06-26T16:00:00-04:00,131.97,2012-10-19,115.0,0.3150684931506849,89.0,put,0.29,0.32,0.33,0,,0.37886,-0.02626,0.00214,0.04556,-0.0077,-0.01222,spy_options_2012.parquet,702958
SPY,2012-06-26,2012-06-26T16:00:00-04:00,131.97,2012-10-19,115.0,0.3150684931506849,90.0,call,42.11,42.33,0.0,,,0.45951,0.91818,0.00143,0.08616,-0.0159,0.05744,spy_options_2012.parquet,702959
SPY,2012-06-26,2012-06-26T16:00:00-04:00,131.97,2012-10-19,115.0,0.3150684931506849,90.0,put,0.3,0.35,0.38,3,,0.37271,-0.02774,0.00228,0.04803,-0.00736,-0.01226,spy_options_2012.parquet,702959
SPY,2012-06-26,2012-06-26T16:00:00-04:00,131.97,2012-10-19,115.0,0.3150684931506849,91.0,call,41.14,41.36,40.9,0,,0.44763,0.91871,0.00162,0.08696,-0.01528,0.06149,spy_options_2012.parquet,702960
SPY,2012-06-26,2012-06-26T16:00:00-04:00,131.97,2012-10-19,115.0,0.3150684931506849,91.0,put,0.33,0.37,0.42,0,,0.36911,-0.03025,0.00253,0.05087,-0.00831,-0.01358,spy_options_2012.parquet,702960
SPY,2012-06-26,2012-06-26T16:00:00-04:00,131.97,2012-10-19,115.0,0.3150684931506849,92.0,call,40.15,40.38,0.0,,,0.43629,0.91899,0.00186,0.08683,-0.01479,0.06579,spy_options_2012.parquet,702961
SPY,2012-06-26,2012-06-26T16:00:00-04:00,131.97,2012-10-19,115.0,0.3150684931506849,92.0,put,0.35,0.39,0.44,0,,0.36402,-0.03209,0.00267,0.05386,-0.0088,-0.01486,spy_options_2012.parquet,702961
SPY,2012-06-26,2012-06-26T16:00:00-04:00,131.97,2012-10-19,115.0,0.3150684931506849,93.0,call,39.18,39.41,0.0,,,0.42567,0.9194,0.00204,0.08864,-0.0147,0.06955,spy_options_2012.parquet,702962
SPY,2012-06-26,2012-06-26T16:00:00-04:00,131.97,2012-10-19,115.0,0.3150684931506849,93.0,put,0.38,0.42,0.46,2,,0.36028,-0.03452,0.00291,0.05734,-0.00896,-0.01602,spy_options_2012.parquet,702962
SPY,2012-06-26,2012-06-26T16:00:00-04:00,131.97,2012-10-19,115.0,0.3150684931506849,94.0,call,38.21,38.4,0.0,,,0.41477,0.91935,0.00216,0.08963,-0.01475,0.07387,spy_options_2012.parquet,702963
SPY,2012-06-26,2012-06-26T16:00:00-04:00,131.97,2012-10-19,115.0,0.3150684931506849,94.0,put,0.41,0.44,0.42,0,,0.35523,-0.03741,0.00307,0.06145,-0.00915,-0.01675,spy_options_2012.parquet,702963
SPY,2012-06-26,2012-06-26T16:00:00-04:00,131.97,2012-10-19,115.0,0.3150684931506849,95.0,call,37.23,37.44,0.0,,,0.40518,0.91982,0.00239,0.0905,-0.01457,0.07949,spy_options_2012.parquet,702964
SPY,2012-06-26,2012-06-26T16:00:00-04:00,131.97,2012-10-19,115.0,0.3150684931506849,95.0,put,0.45,0.48,0.5,0,,0.35154,-0.04056,0.0033,0.06503,-0.00957,-0.01808,spy_options_2012.parquet,702964
SPY,2012-06-26,2012-06-26T16:00:00-04:00,131.97,2012-10-19,115.0,0.3150684931506849,96.0,call,36.26,36.49,0.0,,,0.39596,0.91899,0.00265,0.09224,-0.0146,0.08592,spy_options_2012.parquet,702965
SPY,2012-06-26,2012-06-26T16:00:00-04:00,131.97,2012-10-19,115.0,0.3150684931506849,96.0,put,0.47,0.51,0.52,0,,0.34644,-0.04396,0.00354,0.06876,-0.01042,-0.01943,spy_options_2012.parquet,702965
SPY,2012-06-26,2012-06-26T16:00:00-04:00,131.97,2012-10-19,115.0,0.3150684931506849,97.0,call,35.29,35.49,0.0,,,0.38581,0.91939,0.00288,0.09373,-0.01404,0.09006,spy_options_2012.parquet,702966
SPY,2012-06-26,2012-06-26T16:00:00-04:00,131.97,2012-10-19,115.0,0.3150684931506849,97.0,put,0.5,0.55,0.5,0,,0.34246,-0.04696,0.00384,0.07272,-0.01112,-0.02135,spy_options_2012.parquet,702966
SPY,2012-06-26,2012-06-26T16:00:00-04:00,131.97,2012-10-19,115.0,0.3150684931506849,98.0,call,34.33,34.53,0.0,,,0.37741,0.91841,0.00321,0.09552,-0.01452,0.09654,spy_options_2012.parquet,702967
SPY,2012-06-26,2012-06-26T16:00:00-04:00,131.97,2012-10-19,115.0,0.3150684931506849,98.0,put,0.55,0.59,0.58,0,,0.33799,-0.05006,0.00411,0.07702,-0.01156,-0.02279,spy_options_2012.parquet,702967
SPY,2012-06-26,2012-06-26T16:00:00-04:00,131.97,2012-10-19,115.0,0.3150684931506849,99.0,call,33.35,33.56,0.0,,,0.36812,0.9167,0.00353,0.09833,-0.01421,0.10341,spy_options_2012.parquet,702968
SPY,2012-06-26,2012-06-26T16:00:00-04:00,131.97,2012-10-19,115.0,0.3150684931506849,99.0,put,0.59,0.62,0.6,0,,0.33327,-0.05448,0.00444,0.08187,-0.01229,-0.02416,spy_options_2012.parquet,702968
SPY,2012-06-26,2012-06-26T16:00:00-04:00,131.97,2012-12-21,178.04,0.4877808219178082,100.0,call,32.8,33.08,34.8,0,,0.34024,0.89449,0.00536,0.15166,-0.01218,0.19874,spy_options_2012.parquet,703095
SPY,2012-06-26,2012-06-26T16:00:00-04:00,131.97,2012-12-21,178.04,0.4877808219178082,100.0,put,1.37,1.43,1.38,,,0.31831,-0.09304,0.00559,0.15308,-0.01386,-0.06638,spy_options_2012.parquet,703095
SPY,2012-06-26,2012-06-26T16:00:00-04:00,131.97,2012-12-21,178.04,0.4877808219178082,101.0,call,31.88,32.14,30.76,0,,0.3348,0.89017,0.00568,0.15781,-0.01271,0.20796,spy_options_2012.parquet,703096
SPY,2012-06-26,2012-06-26T16:00:00-04:00,131.97,2012-12-21,178.04,0.4877808219178082,101.0,put,1.47,1.5,1.65,1,,0.31491,-0.09809,0.00589,0.15976,-0.01501,-0.07089,spy_options_2012.parquet,703096
SPY,2012-06-26,2012-06-26T16:00:00-04:00,131.97,2012-12-21,178.04,0.4877808219178082,102.0,call,30.93,31.22,37.56,0,,0.32923,0.887,0.00608,0.16402,-0.0121,0.21717,spy_options_2012.parquet,703097
SPY,2012-06-26,2012-06-26T16:00:00-04:00,131.97,2012-12-21,178.04,0.4877808219178082,102.0,put,1.56,1.59,1.55,20,,0.31085,-0.1038,0.00624,0.16608,-0.01517,-0.07475,spy_options_2012.parquet,703097
SPY,2012-06-26,2012-06-26T16:00:00-04:00,131.97,2012-12-21,178.04,0.4877808219178082,103.0,call,30.02,30.28,34.64,0,,0.32442,0.88224,0.00648,0.16966,-0.0124,0.22513,spy_options_2012.parquet,703098
SPY,2012-06-26,2012-06-26T16:00:00-04:00,131.97,2012-12-21,178.04,0.4877808219178082,103.0,put,1.65,1.68,1.83,5,,0.30792,-0.10982,0.00662,0.17331,-0.01571,-0.07953,spy_options_2012.parquet,703098
SPY,2012-06-26,2012-06-26T16:00:00-04:00,131.97,2012-12-21,178.04,0.4877808219178082,104.0,call,29.09,29.36,33.7,0,,0.31953,0.87719,0.00688,0.17621,-0.01283,0.23404,spy_options_2012.parquet,703099
SPY,2012-06-26,2012-06-26T16:00:00-04:00,131.97,2012-12-21,178.04,0.4877808219178082,104.0,put,1.74,1.77,1.81,56,,0.30424,-0.11662,0.00694,0.18059,-0.01637,-0.08391,spy_options_2012.parquet,703099
SPY,2012-06-26,2012-06-26T16:00:00-04:00,131.97,2012-12-21,178.04,0.4877808219178082,105.0,call,28.22,28.45,31.85,0,,0.31529,0.87075,0.00733,0.18344,-0.01312,0.24247,spy_options_2012.parquet,703100
SPY,2012-06-26,2012-06-26T16:00:00-04:00,131.97,2012-12-21,178.04,0.4877808219178082,105.0,put,1.84,1.88,1.84,9,,0.30077,-0.12347,0.00735,0.18794,-0.01622,-0.08915,spy_options_2012.parquet,703100
SPY,2012-06-26,2012-06-26T16:00:00-04:00,131.97,2012-12-21,178.04,0.4877808219178082,106.0,call,27.31,27.54,28.06,0,,0.31074,0.86438,0.00772,0.191,-0.01363,0.25063,spy_options_2012.parquet,703101
SPY,2012-06-26,2012-06-26T16:00:00-04:00,131.97,2012-12-21,178.04,0.4877808219178082,106.0,put,1.95,1.99,1.96,11,,0.29719,-0.1304,0.0077,0.19497,-0.01653,-0.09433,spy_options_2012.parquet,703101
SPY,2012-06-26,2012-06-26T16:00:00-04:00,131.97,2012-12-21,178.04,0.4877808219178082,107.0,call,26.4,26.64,28.65,0,,0.30626,0.85826,0.0082,0.19761,-0.01357,0.25805,spy_options_2012.parquet,703102
SPY,2012-06-26,2012-06-26T16:00:00-04:00,131.97,2012-12-21,178.04,0.4877808219178082,107.0,put,2.07,2.1,2.21,10,,0.29314,-0.13752,0.00811,0.20226,-0.01773,-0.09963,spy_options_2012.parquet,703102
SPY,2012-06-26,2012-06-26T16:00:00-04:00,131.97,2012-12-21,178.04,0.4877808219178082,108.0,call,25.49,25.74,32.18,0,,0.30122,0.85116,0.0086,0.20579,-0.01393,0.26499,spy_options_2012.parquet,703103
SPY,2012-06-26,2012-06-26T16:00:00-04:00,131.97,2012-12-21,178.04,0.4877808219178082,108.0,put,2.18,2.22,2.36,43,,0.29003,-0.14533,0.00852,0.21059,-0.01798,-0.10448,spy_options_2012.parquet,703103
SPY,2012-06-26,2012-06-26T16:00:00-04:00,131.97,2012-12-21,178.04,0.4877808219178082,109.0,call,24.59,24.85,31.28,0,,0.29672,0.84377,0.00913,0.21308,-0.01417,0.2717,spy_options_2012.parquet,703104
SPY,2012-06-26,2012-06-26T16:00:00-04:00,131.97,2012-12-21,178.04,0.4877808219178082,109.0,put,2.32,2.35,2.29,,,0.28605,-0.154,0.00894,0.21847,-0.01798,-0.11126,spy_options_2012.parquet,703104
SPY,2012-06-26,2012-06-26T16:00:00-04:00,131.97,2012-12-21,178.04,0.4877808219178082,110.0,call,23.73,23.97,23.6,2,,0.29234,0.83487,0.0096,0.22126,-0.01488,0.27911,spy_options_2012.parquet,703105
SPY,2012-06-26,2012-06-26T16:00:00-04:00,131.97,2012-12-21,178.04,0.4877808219178082,110.0,put,2.44,2.47,2.56,8,,0.28223,-0.16197,0.00939,0.22626,-0.01899,-0.11707,spy_options_2012.parquet,703105
SPY,2012-06-26,2012-06-26T16:00:00-04:00,131.97,2012-12-21,178.04,0.4877808219178082,111.0,call,22.84,23.08,24.0,0,,0.288,0.82705,0.01008,0.2284,-0.01536,0.28516,spy_options_2012.parquet,703106
SPY,2012-06-26,2012-06-26T16:00:00-04:00,131.97,2012-12-21,178.04,0.4877808219178082,111.0,put,2.58,2.61,2.76,5,,0.27936,-0.17107,0.00983,0.23429,-0.0192,-0.12336,spy_options_2012.parquet,703106
SPY,2012-06-26,2012-06-26T16:00:00-04:00,131.97,2012-12-21,178.04,0.4877808219178082,112.0,call,21.96,22.2,23.46,0,,0.28389,0.81853,0.01058,0.23676,-0.01533,0.29077,spy_options_2012.parquet,703107
SPY,2012-06-26,2012-06-26T16:00:00-04:00,131.97,2012-12-21,178.04,0.4877808219178082,112.0,put,2.74,2.76,3.01,45,,0.27532,-0.18066,0.01029,0.24242,-0.01938,-0.13006,spy_options_2012.parquet,703107
SPY,2012-06-26,2012-06-26T16:00:00-04:00,131.97,2012-12-21,178.04,0.4877808219178082,113.0,call,21.11,21.35,24.6,0,,0.2797,0.8082,0.01111,0.24495,-0.01557,0.29493,spy_options_2012.parquet,703108
SPY,2012-06-26,2012-06-26T16:00:00-04:00,131.97,2012-12-21,178.04,0.4877808219178082,113.0,put,2.89,2.93,3.08,99,,0.27228,-0.1905,0.01076,0.251,-0.01994,-0.13795,spy_options_2012.parquet,703108
SPY,2012-06-26,2012-06-26T16:00:00-04:00,131.97,2012-12-21,178.04,0.4877808219178082,114.0,call,20.28,20.49,19.91,7,,0.27571,0.79776,0.0116,0.25413,-0.01625,0.30022,spy_options_2012.parquet,703109
SPY,2012-06-26,2012-06-26T16:00:00-04:00,131.97,2012-12-21,178.04,0.4877808219178082,114.0,put,3.05,3.1,3.01,,,0.26832,-0.2012,0.01127,0.25913,-0.02091,-0.14522,spy_options_2012.parquet,703109
SPY,2012-06-26,2012-06-26T16:00:00-04:00,131.97,2012-12-21,178.04,0.4877808219178082,115.0,call,19.42,19.64,19.03,6,,0.27126,0.78711,0.01221,0.2624,-0.01662,0.30435,spy_options_2012.parquet,703110
SPY,2012-06-26,2012-06-26T16:00:00-04:00,131.97,2012-12-21,178.04,0.4877808219178082,115.0,put,3.23,3.27,3.22,702,,0.2649,-0.2123,0.01183,0.26708,-0.02136,-0.15326,spy_options_2012.parquet,703110
SPY,2012-06-26,2012-06-26T16:00:00-04:00,131.97,2012-12-21,178.04,0.4877808219178082,116.0,call,18.59,18.81,18.67,0,,0.26792,0.77656,0.01275,0.27105,-0.01725,0.30743,spy_options_2012.parquet,703111
SPY,2012-06-26,2012-06-26T16:00:00-04:00,131.97,2012-12-21,178.04,0.4877808219178082,116.0,put,3.41,3.46,3.39,188,,0.26145,-0.22398,0.01232,0.27568,-0.02097,-0.16187,spy_options_2012.parquet,703111
SPY,2012-06-26,2012-06-26T16:00:00-04:00,131.97,2012-12-21,178.04,0.4877808219178082,117.0,call,17.78,17.98,19.05,0,,0.26325,0.76446,0.01323,0.27889,-0.01765,0.31011,spy_options_2012.parquet,703112
SPY,2012-06-26,2012-06-26T16:00:00-04:00,131.97,2012-12-21,178.04,0.4877808219178082,117.0,put,3.61,3.65,3.58,,,0.25784,-0.23547,0.01283,0.28394,-0.02221,-0.1704,spy_options_2012.parquet,703112
SPY,2012-06-26,2012-06-26T16:00:00-04:00,131.97,2012-12-21,178.04,0.4877808219178082,118.0,call,16.95,17.15,15.32,0,,0.25915,0.752,0.0139,0.28752,-0.0174,0.31301,spy_options_2012.parquet,703113
SPY,2012-06-26,2012-06-26T16:00:00-04:00,131.97,2012-12-21,178.04,0.4877808219178082,118.0,put,3.81,3.86,3.94,32,,0.25453,-0.24894,0.01339,0.29186,-0.02243,-0.17943,spy_options_2012.parquet,703113
SPY,2012-06-26,2012-06-26T16:00:00-04:00,131.97,2012-12-21,178.04,0.4877808219178082,119.0,call,16.16,16.36,16.94,0,,0.25566,0.73837,0.01444,0.2956,-0.018,0.31447,spy_options_2012.parquet,703114
SPY,2012-06-26,2012-06-26T16:00:00-04:00,131.97,2012-12-21,178.04,0.4877808219178082,119.0,put,4.02,4.07,3.94,89,,0.25103,-0.2614,0.01394,0.29967,-0.02254,-0.18949,spy_options_2012.parquet,703114
SPY,2012-06-26,2012-06-26T16:00:00-04:00,131.97,2012-12-21,178.04,0.4877808219178082,120.0,call,15.35,15.44,15.6,24,,0.24941,0.72675,0.01508,0.30313,-0.01808,0.31481,spy_options_2012.parquet,703115
SPY,2012-06-26,2012-06-26T16:00:00-04:00,131.97,2012-12-21,178.04,0.4877808219178082,120.0,put,4.24,4.3,4.18,220,,0.24762,-0.27529,0.01449,0.30727,-0.02287,-0.19874,spy_options_2012.parquet,703115
SPY,2012-06-26,2012-06-26T16:00:00-04:00,131.97,2012-12-21,178.04,0.4877808219178082,121.0,call,14.6,14.7,15.75,0,,0.2467,0.71078,0.01566,0.31084,-0.01783,0.31565,spy_options_2012.parquet,703116
SPY,2012-06-26,2012-06-26T16:00:00-04:00,131.97,2012-12-21,178.04,0.4877808219178082,121.0,put,4.49,4.54,4.54,170,,0.24452,-0.29032,0.01512,0.31532,-0.02352,-0.20923,spy_options_2012.parquet,703116
SPY,2012-06-26,2012-06-26T16:00:00-04:00,131.97,2012-12-21,178.04,0.4877808219178082,122.0,call,13.83,13.9,13.77,100,,0.24295,0.69594,0.01622,0.31829,-0.01864,0.31504,spy_options_2012.parquet,703117
SPY,2012-06-26,2012-06-26T16:00:00-04:00,131.97,2012-12-21,178.04,0.4877808219178082,122.0,put,4.74,4.8,4.9,58,,0.2419,-0.30485,0.0156,0.32205,-0.02367,-0.22076,spy_options_2012.parquet,703117
SPY,2012-06-26,2012-06-26T16:00:00-04:00,131.97,2012-12-21,178.04,0.4877808219178082,123.0,call,13.06,13.15,13.05,32,,0.23896,0.68085,0.0168,0.32636,-0.01835,0.31407,spy_options_2012.parquet,703118
SPY,2012-06-26,2012-06-26T16:00:00-04:00,131.97,2012-12-21,178.04,0.4877808219178082,123.0,put,5.01,5.05,5.08,164,,0.2378,-0.32083,0.01625,0.32913,-0.02361,-0.23155,spy_options_2012.parquet,703118
SPY,2012-06-26,2012-06-26T16:00:00-04:00,131.97,2012-12-21,178.04,0.4877808219178082,124.0,call,12.32,12.43,12.28,100,,0.235,0.6636,0.01739,0.33329,-0.01845,0.31163,spy_options_2012.parquet,703119
SPY,2012-06-26,2012-06-26T16:00:00-04:00,131.97,2012-12-21,178.04,0.4877808219178082,124.0,put,5.3,5.34,5.59,2,,0.23435,-0.3363,0.01673,0.33588,-0.02444,-0.2439,spy_options_2012.parquet,703119
SPY,2012-06-26,2012-06-26T16:00:00-04:00,131.97,2012-12-21,178.04,0.4877808219178082,125.0,call,11.6,11.69,11.65,8,,0.23145,0.64644,0.01798,0.34002,-0.01856,0.3088,spy_options_2012.parquet,703120
SPY,2012-06-26,2012-06-26T16:00:00-04:00,131.97,2012-12-21,178.04,0.4877808219178082,125.0,put,5.59,5.64,5.5,,,0.23157,-0.35346,0.01729,0.34183,-0.02378,-0.25576,spy_options_2012.parquet,703120
SPY,2012-06-26,2012-06-26T16:00:00-04:00,131.97,2012-12-21,178.04,0.4877808219178082,126.0,call,10.91,11.0,11.0,1,,0.22824,0.62941,0.01856,0.34567,-0.01852,0.30572,spy_options_2012.parquet,703121
SPY,2012-06-26,2012-06-26T16:00:00-04:00,131.97,2012-12-21,178.04,0.4877808219178082,126.0,put,5.9,5.95,5.8,17,,0.22746,-0.37131,0.01792,0.34695,-0.02379,-0.26877,spy_options_2012.parquet,703121
SPY,2012-06-26,2012-06-26T16:00:00-04:00,131.97,2012-12-21,178.04,0.4877808219178082,127.0,call,10.22,10.3,10.26,1,,0.22409,0.61077,0.01907,0.35124,-0.01908,0.30182,spy_options_2012.parquet,703122
SPY,2012-06-26,2012-06-26T16:00:00-04:00,131.97,2012-12-21,178.04,0.4877808219178082,127.0,put,6.23,6.28,6.31,23,,0.22499,-0.38928,0.01834,0.35237,-0.02398,-0.28276,spy_options_2012.parquet,703122
SPY,2012-06-26,2012-06-26T16:00:00-04:00,131.97,2012-12-21,178.04,0.4877808219178082,128.0,call,9.54,9.61,9.63,1,,0.22038,0.59093,0.01957,0.35562,-0.01911,0.29643,spy_options_2012.parquet,703123
SPY,2012-06-26,2012-06-26T16:00:00-04:00,131.97,2012-12-21,178.04,0.4877808219178082,128.0,put,6.58,6.61,6.43,,,0.22085,-0.40789,0.01892,0.35652,-0.02479,-0.29653,spy_options_2012.parquet,703123
SPY,2012-06-26,2012-06-26T16:00:00-04:00,131.97,2012-12-21,178.04,0.4877808219178082,129.0,call,8.88,8.94,8.97,4,,0.21629,0.57147,0.02016,0.35958,-0.01906,0.29079,spy_options_2012.parquet,703124
SPY,2012-06-26,2012-06-26T16:00:00-04:00,131.97,2012-12-21,178.04,0.4877808219178082,129.0,put,6.93,6.97,6.91,,,0.21784,-0.42711,0.0194,0.36061,-0.02467,-0.31005,spy_options_2012.parquet,703124
SPY,2012-06-26,2012-06-26T16:00:00-04:00,131.97,2012-12-21,178.04,0.4877808219178082,130.0,call,8.24,8.32,8.42,613,,0.21277,0.55111,0.02059,0.36235,-0.01857,0.28401,spy_options_2012.parquet,703125
SPY,2012-06-26,2012-06-26T16:00:00-04:00,131.97,2012-12-21,178.04,0.4877808219178082,130.0,put,7.31,7.36,7.21,,,0.2144,-0.44688,0.01987,0.36298,-0.02471,-0.32487,spy_options_2012.parquet,703125
SPY,2012-06-26,2012-06-26T16:00:00-04:00,131.97,2012-12-21,178.04,0.4877808219178082,131.0,call,7.63,7.68,7.7,109,,0.2092,0.52938,0.0211,0.3646,-0.01849,0.27699,spy_options_2012.parquet,703126
SPY,2012-06-26,2012-06-26T16:00:00-04:00,131.97,2012-12-21,178.04,0.4877808219178082,131.0,put,7.71,7.78,7.61,94,,0.21125,-0.46833,0.02027,0.36495,-0.02443,-0.34057,spy_options_2012.parquet,703126
SPY,2012-06-26,2012-06-26T16:00:00-04:00,131.97,2012-12-21,178.04,0.4877808219178082,132.0,call,7.02,7.09,7.15,366,,0.20513,0.50752,0.02147,0.36575,-0.01823,0.26909,spy_options_2012.parquet,703127
SPY,2012-06-26,2012-06-26T16:00:00-04:00,131.97,2012-12-21,178.04,0.4877808219178082,132.0,put,8.13,8.19,8.07,121,,0.20807,-0.48872,0.02059,0.36589,-0.02422,-0.3564,spy_options_2012.parquet,703127
SPY,2012-06-26,2012-06-26T16:00:00-04:00,131.97,2012-12-21,178.04,0.4877808219178082,133.0,call,6.43,6.51,6.57,634,,0.20161,0.48519,0.02175,0.36578,-0.01776,0.25995,spy_options_2012.parquet,703128
SPY,2012-06-26,2012-06-26T16:00:00-04:00,131.97,2012-12-21,178.04,0.4877808219178082,133.0,put,8.55,8.63,8.53,410,,0.2046,-0.51108,0.02099,0.36506,-0.02426,-0.37298,spy_options_2012.parquet,703128
SPY,2012-06-26,2012-06-26T16:00:00-04:00,131.97,2012-12-21,178.04,0.4877808219178082,134.0,call,5.89,5.95,5.97,169,,0.19799,0.46179,0.022,0.3648,-0.01739,0.2502,spy_options_2012.parquet,703129
SPY,2012-06-26,2012-06-26T16:00:00-04:00,131.97,2012-12-21,178.04,0.4877808219178082,134.0,put,9.0,9.09,8.98,118,,0.20074,-0.53288,0.0212,0.3645,-0.02318,-0.38864,spy_options_2012.parquet,703129
SPY,2012-06-26,2012-06-26T16:00:00-04:00,131.97,2012-12-21,178.04,0.4877808219178082,135.0,call,5.36,5.42,5.38,166,,0.19395,0.43777,0.0222,0.36239,-0.01716,0.24087,spy_options_2012.parquet,703130
SPY,2012-06-26,2012-06-26T16:00:00-04:00,131.97,2012-12-21,178.04,0.4877808219178082,135.0,put,9.46,9.58,9.49,18,,0.19691,-0.55592,0.02145,0.36185,-0.0234,-0.40603,spy_options_2012.parquet,703130
SPY,2012-06-26,2012-06-26T16:00:00-04:00,131.97,2012-12-21,178.04,0.4877808219178082,136.0,call,4.86,4.92,4.99,,,0.19089,0.41465,0.02234,0.35766,-0.01651,0.2301,spy_options_2012.parquet,703131
SPY,2012-06-26,2012-06-26T16:00:00-04:00,131.97,2012-12-21,178.04,0.4877808219178082,136.0,put,9.97,10.09,9.47,0,,0.19398,-0.57884,0.02163,0.35746,-0.02263,-0.42382,spy_options_2012.parquet,703131
SPY,2012-06-26,2012-06-26T16:00:00-04:00,131.97,2012-12-21,178.04,0.4877808219178082,137.0,call,4.36,4.44,4.5,64,,0.18707,0.38982,0.02243,0.35284,-0.01671,0.21825,spy_options_2012.parquet,703132
SPY,2012-06-26,2012-06-26T16:00:00-04:00,131.97,2012-12-21,178.04,0.4877808219178082,137.0,put,10.5,10.62,11.1,4,,0.19045,-0.60207,0.02168,0.352,-0.02273,-0.4415,spy_options_2012.parquet,703132
SPY,2012-06-26,2012-06-26T16:00:00-04:00,131.97,2012-12-21,178.04,0.4877808219178082,138.0,call,3.93,3.99,4.02,358,,0.1839,0.36513,0.02235,0.34549,-0.01552,0.20668,spy_options_2012.parquet,703133
SPY,2012-06-26,2012-06-26T16:00:00-04:00,131.97,2012-12-21,178.04,0.4877808219178082,138.0,put,11.07,11.18,11.66,10,,0.18787,-0.62529,0.02155,0.34634,-0.02152,-0.45919,spy_options_2012.parquet,703133
SPY,2012-06-26,2012-06-26T16:00:00-04:00,131.97,2012-12-21,178.04,0.4877808219178082,139.0,call,3.5,3.54,3.55,26,,0.18032,0.34045,0.02221,0.33744,-0.01466,0.19393,spy_options_2012.parquet,703134
SPY,2012-06-26,2012-06-26T16:00:00-04:00,131.97,2012-12-21,178.04,0.4877808219178082,139.0,put,11.66,11.8,12.19,5,,0.18457,-0.64873,0.02138,0.33783,-0.02083,-0.4767,spy_options_2012.parquet,703134
SPY,2012-06-26,2012-06-26T16:00:00-04:00,131.97,2012-12-21,178.04,0.4877808219178082,140.0,call,3.1,3.13,3.18,,,0.17679,0.31603,0.02194,0.32742,-0.01449,0.18132,spy_options_2012.parquet,703135
SPY,2012-06-26,2012-06-26T16:00:00-04:00,131.97,2012-12-21,178.04,0.4877808219178082,140.0,put,12.26,12.41,13.1,21,,0.18214,-0.67272,0.02114,0.32919,-0.02085,-0.49512,spy_options_2012.parquet,703135
SPY,2012-06-26,2012-06-26T16:00:00-04:00,131.97,2012-12-21,178.04,0.4877808219178082,141.0,call,2.73,2.78,2.8,62,,0.17386,0.29105,0.0215,0.31557,-0.01341,0.16902,spy_options_2012.parquet,703136
SPY,2012-06-26,2012-06-26T16:00:00-04:00,131.97,2012-12-21,178.04,0.4877808219178082,141.0,put,12.91,13.05,12.7,0,,0.17971,-0.69467,0.02079,0.3186,-0.02041,-0.51274,spy_options_2012.parquet,703136
SPY,2012-06-26,2012-06-26T16:00:00-04:00,131.97,2012-12-21,178.04,0.4877808219178082,142.0,call,2.39,2.42,2.46,111,,0.17056,0.26699,0.02101,0.30255,-0.01312,0.15576,spy_options_2012.parquet,703137
SPY,2012-06-26,2012-06-26T16:00:00-04:00,131.97,2012-12-21,178.04,0.4877808219178082,142.0,put,13.57,13.74,13.96,2,,0.17722,-0.71817,0.02035,0.30686,-0.01906,-0.53107,spy_options_2012.parquet,703137
SPY,2012-06-26,2012-06-26T16:00:00-04:00,131.97,2012-12-21,178.04,0.4877808219178082,143.0,call,2.08,2.11,2.15,11,,0.16741,0.24377,0.02034,0.28875,-0.01255,0.14316,spy_options_2012.parquet,703138
SPY,2012-06-26,2012-06-26T16:00:00-04:00,131.97,2012-12-21,178.04,0.4877808219178082,143.0,put,14.29,14.43,14.55,0,,0.1744,-0.73886,0.0197,0.2943,-0.01882,-0.5489,spy_options_2012.parquet,703138
SPY,2012-06-26,2012-06-26T16:00:00-04:00,131.97,2012-12-21,178.04,0.4877808219178082,144.0,call,1.8,1.84,1.76,17,,0.16449,0.22033,0.01954,0.27324,-0.01141,0.13089,spy_options_2012.parquet,703139
SPY,2012-06-26,2012-06-26T16:00:00-04:00,131.97,2012-12-21,178.04,0.4877808219178082,144.0,put,15.02,15.17,13.9,0,,0.17302,-0.75957,0.01911,0.2809,-0.01768,-0.56541,spy_options_2012.parquet,703139
SPY,2012-06-26,2012-06-26T16:00:00-04:00,131.97,2012-12-21,178.04,0.4877808219178082,145.0,call,1.54,1.6,1.58,330,,0.16165,0.19824,0.01876,0.25722,-0.01087,0.11859,spy_options_2012.parquet,703140
SPY,2012-06-26,2012-06-26T16:00:00-04:00,131.97,2012-12-21,178.04,0.4877808219178082,145.0,put,15.78,15.94,13.04,0,,0.17041,-0.77977,0.01836,0.26766,-0.01716,-0.58178,spy_options_2012.parquet,703140
SPY,2012-06-26,2012-06-26T16:00:00-04:00,131.97,2012-12-21,178.04,0.4877808219178082,146.0,call,1.32,1.36,1.38,156,,0.15867,0.17702,0.01773,0.24039,-0.00967,0.10649,spy_options_2012.parquet,703141
SPY,2012-06-26,2012-06-26T16:00:00-04:00,131.97,2012-12-21,178.04,0.4877808219178082,146.0,put,16.57,16.71,16.87,0,,0.16883,-0.79821,0.01752,0.25265,-0.01689,-0.59826,spy_options_2012.parquet,703141
SPY,2012-06-26,2012-06-26T16:00:00-04:00,131.97,2012-12-21,178.04,0.4877808219178082,147.0,call,1.12,1.15,1.17,270,,0.15654,0.15733,0.01669,0.22218,-0.00894,0.09492,spy_options_2012.parquet,703142
SPY,2012-06-26,2012-06-26T16:00:00-04:00,131.97,2012-12-21,178.04,0.4877808219178082,147.0,put,17.37,17.52,21.34,0,,0.16758,-0.81645,0.01659,0.23766,-0.01604,-0.61313,spy_options_2012.parquet,703142
SPY,2012-06-26,2012-06-26T16:00:00-04:00,131.97,2012-12-21,178.04,0.4877808219178082,148.0,call,0.94,0.97,1.09,0,,0.15316,0.13823,0.01562,0.20456,-0.00812,0.08414,spy_options_2012.parquet,703143
SPY,2012-06-26,2012-06-26T16:00:00-04:00,131.97,2012-12-21,178.04,0.4877808219178082,148.0,put,18.2,18.35,19.02,10,,0.16663,-0.83185,0.01574,0.22421,-0.01513,-0.62738,spy_options_2012.parquet,703143
SPY,2012-06-26,2012-06-26T16:00:00-04:00,131.97,2012-12-21,178.04,0.4877808219178082,149.0,call,0.79,0.82,0.75,3,,0.15099,0.12099,0.01446,0.18644,-0.00687,0.07411,spy_options_2012.parquet,703144
SPY,2012-06-26,2012-06-26T16:00:00-04:00,131.97,2012-12-21,178.04,0.4877808219178082,149.0,put,19.06,19.21,19.77,0,,0.16535,-0.84703,0.01483,0.20964,-0.01426,-0.64229,spy_options_2012.parquet,703144
SPY,2012-06-26,2012-06-26T16:00:00-04:00,131.97,2012-12-21,178.04,0.4877808219178082,150.0,call,0.65,0.68,0.65,17,,0.14897,0.10614,0.01325,0.16899,-0.00681,0.06459,spy_options_2012.parquet,703145
SPY,2012-06-26,2012-06-26T16:00:00-04:00,131.97,2012-12-21,178.04,0.4877808219178082,150.0,put,19.95,20.09,20.46,26,,0.1657,-0.86078,0.0139,0.1963,-0.01449,-0.65497,spy_options_2012.parquet,703145
SPY,2012-06-26,2012-06-26T16:00:00-04:00,131.97,2012-12-21,178.04,0.4877808219178082,151.0,call,0.53,0.58,0.51,1,,0.14728,0.09157,0.01206,0.15211,-0.00527,0.05612,spy_options_2012.parquet,703146
SPY,2012-06-26,2012-06-26T16:00:00-04:00,131.97,2012-12-21,178.04,0.4877808219178082,151.0,put,20.84,20.99,19.62,0,,0.16534,-0.87197,0.01301,0.18447,-0.01313,-0.66631,spy_options_2012.parquet,703146
SPY,2012-06-26,2012-06-26T16:00:00-04:00,131.97,2012-12-21,178.04,0.4877808219178082,152.0,call,0.43,0.49,0.42,402,,0.14564,0.07813,0.01092,0.13522,-0.00521,0.0479,spy_options_2012.parquet,703147
SPY,2012-06-26,2012-06-26T16:00:00-04:00,131.97,2012-12-21,178.04,0.4877808219178082,152.0,put,21.73,22.02,16.41,0,,0.16908,-0.87869,0.01235,0.17728,-0.01349,-0.67492,spy_options_2012.parquet,703147
SPY,2012-06-26,2012-06-26T16:00:00-04:00,131.97,2012-12-21,178.04,0.4877808219178082,153.0,call,0.35,0.41,0.46,0,,0.14427,0.06716,0.00978,0.12176,-0.00483,0.04176,spy_options_2012.parquet,703148
SPY,2012-06-26,2012-06-26T16:00:00-04:00,131.97,2012-12-21,178.04,0.4877808219178082,153.0,put,22.64,22.95,17.32,0,,0.16994,-0.88716,0.01158,0.16772,-0.01329,-0.68592,spy_options_2012.parquet,703148
SPY,2012-06-26,2012-06-26T16:00:00-04:00,131.97,2012-12-21,178.04,0.4877808219178082,154.0,call,0.27,0.33,0.34,0,,0.1417,0.05629,0.00863,0.10576,-0.00334,0.03488,spy_options_2012.parquet,703149
SPY,2012-06-26,2012-06-26T16:00:00-04:00,131.97,2012-12-21,178.04,0.4877808219178082,154.0,put,23.6,23.8,19.89,0,,0.16782,-0.89962,0.0107,0.1539,-0.0125,-0.698,spy_options_2012.parquet,703149
SPY,2012-06-26,2012-06-26T16:00:00-04:00,131.97,2012-12-21,178.04,0.4877808219178082,155.0,call,0.23,0.28,0.22,2,,0.14103,0.04895,0.00772,0.09458,-0.00323,0.0302,spy_options_2012.parquet,703150
SPY,2012-06-26,2012-06-26T16:00:00-04:00,131.97,2012-12-21,178.04,0.4877808219178082,155.0,put,24.54,24.81,29.0,0,,0.1715,-0.90348,0.01016,0.1484,-0.01184,-0.7051,spy_options_2012.parquet,703150
SPY,2012-06-26,2012-06-26T16:00:00-04:00,131.97,2012-12-21,178.04,0.4877808219178082,156.0,call,0.19,0.22,0.2,54,,0.13965,0.04004,0.00671,0.08003,-0.00239,0.02438,spy_options_2012.parquet,703151
SPY,2012-06-26,2012-06-26T16:00:00-04:00,131.97,2012-12-21,178.04,0.4877808219178082,156.0,put,25.49,25.77,0.0,,,0.17337,-0.90903,0.00951,0.14119,-0.01222,-0.71368,spy_options_2012.parquet,703151
SPY,2012-06-26,2012-06-26T16:00:00-04:00,131.97,2012-12-21,178.04,0.4877808219178082,157.0,call,0.14,0.18,0.14,450,,0.13859,0.03393,0.00585,0.07013,-0.00236,0.02135,spy_options_2012.parquet,703152
SPY,2012-06-26,2012-06-26T16:00:00-04:00,131.97,2012-12-21,178.04,0.4877808219178082,157.0,put,26.47,26.74,0.0,,,0.17682,-0.91308,0.00908,0.13621,-0.01209,-0.72073,spy_options_2012.parquet,703152
SPY,2012-06-26,2012-06-26T16:00:00-04:00,131.97,2012-12-21,178.04,0.4877808219178082,158.0,call,0.12,0.16,0.16,0,,0.13746,0.02903,0.00515,0.06146,-0.00192,0.01753,spy_options_2012.parquet,703153
SPY,2012-06-26,2012-06-26T16:00:00-04:00,131.97,2012-12-21,178.04,0.4877808219178082,158.0,put,27.44,27.72,0.0,,,0.17884,-0.91708,0.00853,0.13068,-0.01131,-0.72846,spy_options_2012.parquet,703153
SPY,2012-06-26,2012-06-26T16:00:00-04:00,131.97,2012-12-21,178.04,0.4877808219178082,159.0,call,0.09,0.13,0.16,0,,0.13658,0.02348,0.00442,0.05229,-0.0017,0.01444,spy_options_2012.parquet,703154
SPY,2012-06-26,2012-06-26T16:00:00-04:00,131.97,2012-12-21,178.04,0.4877808219178082,159.0,put,28.43,28.69,0.0,,,0.18209,-0.92127,0.00805,0.12573,-0.01136,-0.73528,spy_options_2012.parquet,703154
SPY,2012-06-26,2012-06-26T16:00:00-04:00,131.97,2012-12-21,178.04,0.4877808219178082,160.0,call,0.06,0.1,0.12,1,,0.13568,0.01871,0.00375,0.04426,-0.00188,0.01211,spy_options_2012.parquet,703155
SPY,2012-06-26,2012-06-26T16:00:00-04:00,131.97,2012-12-21,178.04,0.4877808219178082,160.0,put,29.4,29.68,30.19,4,,0.185,-0.92366,0.00768,0.12167,-0.01136,-0.74246,spy_options_2012.parquet,703155
SPY,2012-06-26,2012-06-26T16:00:00-04:00,131.97,2012-12-21,178.04,0.4877808219178082,161.0,call,0.05,0.11,0.14,0,,0.13755,0.01822,0.00351,0.041,-0.00147,0.01129,spy_options_2012.parquet,703156
SPY,2012-06-26,2012-06-26T16:00:00-04:00,131.97,2012-12-21,178.04,0.4877808219178082,161.0,put,30.38,30.66,0.0,,,0.18731,-0.92705,0.00734,0.1177,-0.01154,-0.7492,spy_options_2012.parquet,703156
SPY,2012-06-26,2012-06-26T16:00:00-04:00,131.97,2012-12-21,178.04,0.4877808219178082,162.0,call,0.04,0.09,0.08,0,,0.13874,0.01575,0.00311,0.03737,-0.00163,0.00983,spy_options_2012.parquet,703157
SPY,2012-06-26,2012-06-26T16:00:00-04:00,131.97,2012-12-21,178.04,0.4877808219178082,162.0,put,31.37,31.65,0.0,,,0.19049,-0.92919,0.00698,0.11409,-0.01164,-0.75517,spy_options_2012.parquet,703157
SPY,2012-06-26,2012-06-26T16:00:00-04:00,131.97,2012-12-21,178.04,0.4877808219178082,163.0,call,0.04,0.09,0.0,,,0.14059,0.01491,0.00285,0.03463,-0.00156,0.00884,spy_options_2012.parquet,703158
SPY,2012-06-26,2012-06-26T16:00:00-04:00,131.97,2012-12-21,178.04,0.4877808219178082,163.0,put,32.37,32.62,26.49,0,,0.19344,-0.93195,0.00666,0.111,-0.01115,-0.76167,spy_options_2012.parquet,703158
SPY,2012-06-26,2012-06-26T16:00:00-04:00,131.97,2012-12-21,178.04,0.4877808219178082,164.0,call,0.04,0.08,0.0,,,0.14059,0.01276,0.00252,0.03066,-0.00097,0.0083,spy_options_2012.parquet,703159
SPY,2012-06-26,2012-06-26T16:00:00-04:00,131.97,2012-12-21,178.04,0.4877808219178082,164.0,put,33.34,33.62,27.41,0,,0.197,-0.93349,0.00646,0.10804,-0.01109,-0.76765,spy_options_2012.parquet,703159
SPY,2012-06-26,2012-06-26T16:00:00-04:00,131.97,2012-12-21,178.04,0.4877808219178082,165.0,call,0.02,0.08,0.06,0,,0.1398,0.01039,0.00211,0.02584,-0.00144,0.00618,spy_options_2012.parquet,703160
SPY,2012-06-26,2012-06-26T16:00:00-04:00,131.97,2012-12-21,178.04,0.4877808219178082,165.0,put,34.34,34.62,31.62,0,,0.20058,-0.93471,0.00622,0.10622,-0.01153,-0.77335,spy_options_2012.parquet,703160
SPY,2012-06-26,2012-06-26T16:00:00-04:00,131.97,2012-12-21,178.04,0.4877808219178082,166.0,call,0.02,0.07,0.05,0,,0.14352,0.01073,0.00201,0.02562,-0.00048,0.00677,spy_options_2012.parquet,703161
SPY,2012-06-26,2012-06-26T16:00:00-04:00,131.97,2012-12-21,178.04,0.4877808219178082,166.0,put,35.33,35.61,0.0,,,0.2042,-0.93654,0.00594,0.10317,-0.01153,-0.78013,spy_options_2012.parquet,703161
SPY,2012-06-26,2012-06-26T16:00:00-04:00,131.97,2012-12-21,178.04,0.4877808219178082,167.0,call,0.01,0.07,0.15,0,,0.14228,0.00847,0.00172,0.0215,-0.00128,0.00476,spy_options_2012.parquet,703162
SPY,2012-06-26,2012-06-26T16:00:00-04:00,131.97,2012-12-21,178.04,0.4877808219178082,167.0,put,36.33,36.6,0.0,,,0.20759,-0.93843,0.00573,0.1016,-0.0115,-0.78557,spy_options_2012.parquet,703162
SPY,2012-06-26,2012-06-26T16:00:00-04:00,131.97,2012-12-21,178.04,0.4877808219178082,168.0,call,0.0,0.06,0.09,0,,0.14486,0.00829,0.00168,0.02057,-0.00083,0.00487,spy_options_2012.parquet,703163
SPY,2012-06-26,2012-06-26T16:00:00-04:00,131.97,2012-12-21,178.04,0.4877808219178082,168.0,put,37.32,37.61,35.67,0,,0.21072,-0.93894,0.00551,0.09954,-0.01077,-0.79117,spy_options_2012.parquet,703163
SPY,2012-06-26,2012-06-26T16:00:00-04:00,131.97,2012-12-21,178.04,0.4877808219178082,169.0,call,0.0,0.05,0.0,,,0.14543,0.0069,0.00149,0.01907,-0.00117,0.00493,spy_options_2012.parquet,703164
SPY,2012-06-26,2012-06-26T16:00:00-04:00,131.97,2012-12-21,178.04,0.4877808219178082,169.0,put,38.32,38.6,36.66,0,,0.21431,-0.94098,0.00531,0.09754,-0.01108,-0.79722,spy_options_2012.parquet,703164
SPY,2012-06-26,2012-06-26T16:00:00-04:00,131.97,2012-12-21,178.04,0.4877808219178082,170.0,call,0.01,0.04,0.04,50,,0.14603,0.00605,0.00128,0.01608,-0.00058,0.00419,spy_options_2012.parquet,703165
SPY,2012-06-26,2012-06-26T16:00:00-04:00,131.97,2012-12-21,178.04,0.4877808219178082,170.0,put,39.31,39.59,36.35,0,,0.21773,-0.94185,0.00513,0.09583,-0.01115,-0.80298,spy_options_2012.parquet,703165
SPY,2012-06-26,2012-06-26T16:00:00-04:00,131.97,2012-12-21,178.04,0.4877808219178082,171.0,call,0.0,0.05,0.01,0,,0.14825,0.00537,0.00116,0.01581,-0.00103,0.00406,spy_options_2012.parquet,703166
SPY,2012-06-26,2012-06-26T16:00:00-04:00,131.97,2012-12-21,178.04,0.4877808219178082,171.0,put,40.31,40.58,38.71,0,,0.22079,-0.94258,0.00503,0.09416,-0.01099,-0.80831,spy_options_2012.parquet,703166
SPY,2012-06-26,2012-06-26T16:00:00-04:00,131.97,2012-12-21,178.04,0.4877808219178082,172.0,call,0.0,0.06,0.01,0,,0.15125,0.00556,0.00114,0.01539,-0.00019,0.0039,spy_options_2012.parquet,703167
SPY,2012-06-26,2012-06-26T16:00:00-04:00,131.97,2012-12-21,178.04,0.4877808219178082,172.0,put,41.3,41.58,0.0,,,0.22399,-0.944,0.00486,0.09249,-0.01093,-0.81387,spy_options_2012.parquet,703167
SPY,2012-06-26,2012-06-26T16:00:00-04:00,131.97,2012-12-21,178.04,0.4877808219178082,173.0,call,0.0,0.05,0.0,,,0.1507,0.00435,0.00104,0.01308,-4e-05,0.0026,spy_options_2012.parquet,703168
SPY,2012-06-26,2012-06-26T16:00:00-04:00,131.97,2012-12-21,178.04,0.4877808219178082,173.0,put,42.3,42.57,0.0,,,0.22705,-0.94476,0.00466,0.09033,-0.01091,-0.81955,spy_options_2012.parquet,703168
SPY,2012-06-26,2012-06-26T16:00:00-04:00,131.97,2012-12-21,178.04,0.4877808219178082,174.0,call,0.0,0.04,0.0,,,0.15356,0.00488,0.001,0.013,-0.00068,0.00319,spy_options_2012.parquet,703169
SPY,2012-06-26,2012-06-26T16:00:00-04:00,131.97,2012-12-21,178.04,0.4877808219178082,174.0,put,43.29,43.56,0.0,,,0.23056,-0.94594,0.00452,0.0889,-0.01069,-0.82501,spy_options_2012.parquet,703169
SPY,2012-06-26,2012-06-26T16:00:00-04:00,131.97,2012-12-21,178.04,0.4877808219178082,175.0,call,0.0,0.04,0.1,0,,0.15576,0.00444,0.00096,0.01262,-0.00053,0.0024,spy_options_2012.parquet,703170
SPY,2012-06-26,2012-06-26T16:00:00-04:00,131.97,2012-12-21,178.04,0.4877808219178082,175.0,put,44.29,44.57,37.4,0,,0.23455,-0.94704,0.00441,0.08815,-0.01087,-0.83017,spy_options_2012.parquet,703170
SPY,2012-06-26,2012-06-26T16:00:00-04:00,131.97,2012-12-21,178.04,0.4877808219178082,176.0,call,0.0,0.04,0.0,,,0.15872,0.0041,0.00094,0.01305,-8e-05,0.00272,spy_options_2012.parquet,703171
SPY,2012-06-26,2012-06-26T16:00:00-04:00,131.97,2012-12-21,178.04,0.4877808219178082,176.0,put,45.28,45.56,0.0,,,0.23739,-0.9483,0.0043,0.08627,-0.01141,-0.83524,spy_options_2012.parquet,703171
SPY,2012-06-26,2012-06-26T16:00:00-04:00,131.97,2012-12-21,178.04,0.4877808219178082,177.0,call,0.0,0.04,0.0,,,0.16164,0.00454,0.00091,0.01216,-0.00069,0.0023,spy_options_2012.parquet,703172
SPY,2012-06-26,2012-06-26T16:00:00-04:00,131.97,2012-12-21,178.04,0.4877808219178082,177.0,put,46.28,46.56,0.0,,,0.24055,-0.94855,0.00416,0.08534,-0.01146,-0.84138,spy_options_2012.parquet,703172
SPY,2012-06-26,2012-06-26T16:00:00-04:00,131.97,2012-12-21,178.04,0.4877808219178082,178.0,call,0.0,0.05,0.0,,,0.1634,0.00454,0.00081,0.01244,-0.00062,0.00322,spy_options_2012.parquet,703173
SPY,2012-06-26,2012-06-26T16:00:00-04:00,131.97,2012-12-21,178.04,0.4877808219178082,178.0,put,47.29,47.55,46.07,0,,0.24271,-0.94997,0.00403,0.08381,-0.01082,-0.84623,spy_options_2012.parquet,703173
SPY,2012-06-26,2012-06-26T16:00:00-04:00,131.97,2012-12-21,178.04,0.4877808219178082,179.0,call,0.0,0.04,0.0,,,0.16634,0.00411,0.00087,0.01178,-0.00096,0.00268,spy_options_2012.parquet,703174
SPY,2012-06-26,2012-06-26T16:00:00-04:00,131.97,2012-12-21,178.04,0.4877808219178082,179.0,put,48.27,48.56,48.13,0,,0.24566,-0.95032,0.0039,0.08204,-0.01082,-0.85186,spy_options_2012.parquet,703174
SPY,2012-06-26,2012-06-26T16:00:00-04:00,131.97,2012-12-21,178.04,0.4877808219178082,180.0,call,0.0,0.02,0.01,0,,0.15832,0.00237,0.00049,0.00699,-0.00011,0.00175,spy_options_2012.parquet,703175
SPY,2012-06-26,2012-06-26T16:00:00-04:00,131.97,2012-12-21,178.04,0.4877808219178082,180.0,put,49.28,49.55,45.96,0,,0.24867,-0.95132,0.00381,0.08067,-0.01104,-0.85703,spy_options_2012.parquet,703175
SPY,2012-06-26,2012-06-26T16:00:00-04:00,131.97,2012-12-21,178.04,0.4877808219178082,181.0,call,0.0,0.03,0.0,,,0.16736,0.00388,0.00068,0.00927,-0.00084,0.00247,spy_options_2012.parquet,703176
SPY,2012-06-26,2012-06-26T16:00:00-04:00,131.97,2012-12-21,178.04,0.4877808219178082,181.0,put,50.26,50.54,0.0,,,0.25144,-0.95276,0.00373,0.07898,-0.01123,-0.86315,spy_options_2012.parquet,703176
SPY,2012-06-26,2012-06-26T16:00:00-04:00,131.97,2012-12-21,178.04,0.4877808219178082,182.0,call,0.0,0.02,0.0,,,0.16974,0.00322,0.00063,0.00963,-0.00062,0.00202,spy_options_2012.parquet,703177
SPY,2012-06-26,2012-06-26T16:00:00-04:00,131.97,2012-12-21,178.04,0.4877808219178082,182.0,put,51.27,51.53,44.15,0,,0.25524,-0.95277,0.00361,0.07839,-0.01053,-0.8678,spy_options_2012.parquet,703177
SPY,2012-06-26,2012-06-26T16:00:00-04:00,131.97,2012-12-21,178.04,0.4877808219178082,183.0,call,0.0,0.03,0.02,0,,0.17129,0.00353,0.00063,0.00925,-0.0002,0.00159,spy_options_2012.parquet,703178
SPY,2012-06-26,2012-06-26T16:00:00-04:00,131.97,2012-12-21,178.04,0.4877808219178082,183.0,put,52.25,52.53,0.0,,,0.25775,-0.954,0.00352,0.07717,-0.01127,-0.87377,spy_options_2012.parquet,703178
SPY,2012-06-26,2012-06-26T16:00:00-04:00,131.97,2012-12-21,178.04,0.4877808219178082,184.0,call,0.0,0.03,0.0,,,0.17464,0.00336,0.00064,0.0089,-0.00067,0.00166,spy_options_2012.parquet,703179
SPY,2012-06-26,2012-06-26T16:00:00-04:00,131.97,2012-12-21,178.04,0.4877808219178082,184.0,put,53.25,53.53,0.0,,,0.26066,-0.95472,0.00344,0.07605,-0.01108,-0.87923,spy_options_2012.parquet,703179
SPY,2012-06-26,2012-06-26T16:00:00-04:00,131.97,2012-12-21,178.04,0.4877808219178082,185.0,call,0.0,0.02,0.02,0,,0.17095,0.00239,0.00049,0.00703,-0.00017,0.00157,spy_options_2012.parquet,703180
SPY,2012-06-26,2012-06-26T16:00:00-04:00,131.97,2012-12-21,178.04,0.4877808219178082,185.0,put,54.25,54.53,63.26,0,,0.26347,-0.95518,0.00331,0.07547,-0.01133,-0.88451,spy_options_2012.parquet,703180
SPY,2012-06-26,2012-06-26T16:00:00-04:00,131.97,2012-12-21,178.04,0.4877808219178082,186.0,call,0.0,0.01,0.03,0,,0.17264,0.00259,0.00045,0.00621,-0.0005,0.0009,spy_options_2012.parquet,703181
SPY,2012-06-26,2012-06-26T16:00:00-04:00,131.97,2012-12-21,178.04,0.4877808219178082,186.0,put,55.25,55.51,0.0,,,0.26644,-0.95543,0.00327,0.07423,-0.01129,-0.88966,spy_options_2012.parquet,703181
SPY,2012-06-26,2012-06-26T16:00:00-04:00,131.97,2012-12-21,178.04,0.4877808219178082,187.0,call,0.0,0.02,0.0,,,0.17602,0.00199,0.00043,0.00638,-0.00059,0.00099,spy_options_2012.parquet,703182
SPY,2012-06-26,2012-06-26T16:00:00-04:00,131.97,2012-12-21,178.04,0.4877808219178082,187.0,put,56.26,56.52,0.0,,,0.26996,-0.95594,0.00319,0.07342,-0.01051,-0.89499,spy_options_2012.parquet,703182
SPY,2012-06-26,2012-06-26T16:00:00-04:00,131.97,2012-12-21,178.04,0.4877808219178082,188.0,call,0.0,0.02,0.0,,,0.17777,0.00175,0.00045,0.00617,-0.00068,0.00149,spy_options_2012.parquet,703183
SPY,2012-06-26,2012-06-26T16:00:00-04:00,131.97,2012-12-21,178.04,0.4877808219178082,188.0,put,57.24,57.52,0.0,,,0.2727,-0.9564,0.00306,0.07202,-0.01058,-0.89958,spy_options_2012.parquet,703183
SPY,2012-06-26,2012-06-26T16:00:00-04:00,131.97,2012-12-21,178.04,0.4877808219178082,189.0,call,0.0,0.02,0.0,,,0.1803,0.00255,0.00038,0.00649,-0.00017,0.00093,spy_options_2012.parquet,703184
SPY,2012-06-26,2012-06-26T16:00:00-04:00,131.97,2012-12-21,178.04,0.4877808219178082,189.0,put,58.25,58.52,0.0,,,0.27511,-0.95673,0.00305,0.07131,-0.01088,-0.90511,spy_options_2012.parquet,703184
SPY,2012-06-26,2012-06-26T16:00:00-04:00,131.97,2012-12-21,178.04,0.4877808219178082,190.0,call,0.0,0.02,0.01,0,,0.18266,0.00181,0.00041,0.00648,-0.00037,0.00162,spy_options_2012.parquet,703185
SPY,2012-06-26,2012-06-26T16:00:00-04:00,131.97,2012-12-21,178.04,0.4877808219178082,190.0,put,59.23,59.51,60.2,1,,0.27773,-0.95804,0.00299,0.07038,-0.01063,-0.91062,spy_options_2012.parquet,703185
SPY,2012-06-26,2012-06-26T16:00:00-04:00,131.97,2012-12-21,178.04,0.4877808219178082,195.0,call,0.0,0.02,0.01,0,,0.19363,0.00211,0.0004,0.00622,-6e-05,0.00121,spy_options_2012.parquet,703186
SPY,2012-06-26,2012-06-26T16:00:00-04:00,131.97,2012-12-21,178.04,0.4877808219178082,195.0,put,64.23,64.49,74.46,0,,0.2924,-0.95971,0.00271,0.0667,-0.0109,-0.93684,spy_options_2012.parquet,703186
SPY,2012-06-26,2012-06-26T16:00:00-04:00,131.97,2012-12-21,178.04,0.4877808219178082,89.0,call,43.3,43.55,0.0,,,0.41799,0.91394,0.0024,0.11327,-0.01111,0.11052,spy_options_2012.parquet,703084
SPY,2012-06-26,2012-06-26T16:00:00-04:00,131.97,2012-12-21,178.04,0.4877808219178082,89.0,put,0.73,0.77,0.75,181,,0.36152,-0.04838,0.00301,0.09359,-0.00929,-0.03548,spy_options_2012.parquet,703084
SPY,2012-06-26,2012-06-26T16:00:00-04:00,131.97,2012-12-21,178.04,0.4877808219178082,90.0,call,42.31,42.6,43.33,0,,0.4094,0.91436,0.00257,0.11552,-0.01161,0.11709,spy_options_2012.parquet,703085
SPY,2012-06-26,2012-06-26T16:00:00-04:00,131.97,2012-12-21,178.04,0.4877808219178082,90.0,put,0.81,0.83,0.8,,,0.35941,-0.05209,0.00321,0.0992,-0.01007,-0.03759,spy_options_2012.parquet,703085
SPY,2012-06-26,2012-06-26T16:00:00-04:00,131.97,2012-12-21,178.04,0.4877808219178082,91.0,call,41.37,41.62,45.45,0,,0.40072,0.91364,0.00276,0.11725,-0.01115,0.12441,spy_options_2012.parquet,703086
SPY,2012-06-26,2012-06-26T16:00:00-04:00,131.97,2012-12-21,178.04,0.4877808219178082,91.0,put,0.81,0.86,0.84,98,,0.3527,-0.05483,0.00341,0.10195,-0.01042,-0.03979,spy_options_2012.parquet,703086
SPY,2012-06-26,2012-06-26T16:00:00-04:00,131.97,2012-12-21,178.04,0.4877808219178082,92.0,call,40.39,40.66,40.05,0,,0.39226,0.91243,0.00305,0.12004,-0.01153,0.13093,spy_options_2012.parquet,703087
SPY,2012-06-26,2012-06-26T16:00:00-04:00,131.97,2012-12-21,178.04,0.4877808219178082,92.0,put,0.86,0.9,0.89,46,,0.34856,-0.05787,0.00357,0.1076,-0.01047,-0.04198,spy_options_2012.parquet,703087
SPY,2012-06-26,2012-06-26T16:00:00-04:00,131.97,2012-12-21,178.04,0.4877808219178082,93.0,call,39.45,39.71,0.0,,,0.38558,0.91187,0.00324,0.12296,-0.01147,0.13942,spy_options_2012.parquet,703088
SPY,2012-06-26,2012-06-26T16:00:00-04:00,131.97,2012-12-21,178.04,0.4877808219178082,93.0,put,0.94,0.96,0.92,0,,0.34587,-0.06229,0.00386,0.11253,-0.01078,-0.04473,spy_options_2012.parquet,703088
SPY,2012-06-26,2012-06-26T16:00:00-04:00,131.97,2012-12-21,178.04,0.4877808219178082,94.0,call,38.48,38.74,0.0,,,0.37724,0.9101,0.00354,0.12557,-0.01086,0.14739,spy_options_2012.parquet,703089
SPY,2012-06-26,2012-06-26T16:00:00-04:00,131.97,2012-12-21,178.04,0.4877808219178082,94.0,put,0.98,1.01,0.94,0,,0.34133,-0.06523,0.00398,0.11751,-0.01112,-0.04693,spy_options_2012.parquet,703089
SPY,2012-06-26,2012-06-26T16:00:00-04:00,131.97,2012-12-21,178.04,0.4877808219178082,95.0,call,37.52,37.8,38.79,0,,0.37049,0.90876,0.0038,0.12983,-0.01098,0.15499,spy_options_2012.parquet,703090
SPY,2012-06-26,2012-06-26T16:00:00-04:00,131.97,2012-12-21,178.04,0.4877808219178082,95.0,put,1.04,1.07,1.18,97,,0.33773,-0.06924,0.00426,0.12353,-0.01229,-0.04983,spy_options_2012.parquet,703090
SPY,2012-06-26,2012-06-26T16:00:00-04:00,131.97,2012-12-21,178.04,0.4877808219178082,96.0,call,36.57,36.84,42.04,0,,0.36398,0.90649,0.00408,0.13355,-0.01167,0.16357,spy_options_2012.parquet,703091
SPY,2012-06-26,2012-06-26T16:00:00-04:00,131.97,2012-12-21,178.04,0.4877808219178082,96.0,put,1.1,1.13,1.12,0,,0.33324,-0.07356,0.00452,0.12805,-0.01278,-0.05349,spy_options_2012.parquet,703091
SPY,2012-06-26,2012-06-26T16:00:00-04:00,131.97,2012-12-21,178.04,0.4877808219178082,97.0,call,35.62,35.9,41.96,0,,0.35849,0.90395,0.00438,0.13741,-0.01106,0.17291,spy_options_2012.parquet,703092
SPY,2012-06-26,2012-06-26T16:00:00-04:00,131.97,2012-12-21,178.04,0.4877808219178082,97.0,put,1.17,1.2,1.1,0,,0.32979,-0.07782,0.00477,0.13497,-0.01251,-0.05661,spy_options_2012.parquet,703092
SPY,2012-06-26,2012-06-26T16:00:00-04:00,131.97,2012-12-21,178.04,0.4877808219178082,98.0,call,34.69,34.95,40.48,0,,0.35196,0.90082,0.00472,0.14254,-0.01161,0.1814,spy_options_2012.parquet,703093
SPY,2012-06-26,2012-06-26T16:00:00-04:00,131.97,2012-12-21,178.04,0.4877808219178082,98.0,put,1.24,1.26,1.13,0,,0.32645,-0.08277,0.00506,0.14021,-0.01362,-0.05941,spy_options_2012.parquet,703093
SPY,2012-06-26,2012-06-26T16:00:00-04:00,131.97,2012-12-21,178.04,0.4877808219178082,99.0,call,33.74,34.01,39.32,0,,0.3461,0.89835,0.005,0.14733,-0.01225,0.19013,spy_options_2012.parquet,703094
SPY,2012-06-26,2012-06-26T16:00:00-04:00,131.97,2012-12-21,178.04,0.4877808219178082,99.0,put,1.29,1.35,1.62,0,,0.32296,-0.0872,0.0053,0.14704,-0.01358,-0.06283,spy_options_2012.parquet,703094
